"location","source","target","id","fuzzy","context","translator_comments","developer_comments"
"Scripts/Content/Story/Dialoge/DIA_SLD_800_Lee.d:36","Ah. Gut, daß du kommst.","아, 와줘서 다행이군.","","False","DIA_Lee_Add_04_05","",""
"Scripts/Content/Story/Dialoge/DIA_SLD_800_Lee.d:37","Was gibt's?","무슨 일이야?","","False","DIA_Lee_Add_15_06","",""
"Scripts/Content/Story/Dialoge/DIA_SLD_800_Lee.d:38","Das hier hab ich in der alten Kapelle gefunden.","이건 옛날 예배당에서 찾은 거야.","","False","DIA_Lee_Add_04_07","",""
"Scripts/Content/Story/Dialoge/DIA_SLD_800_Lee.d:40","Es ist eine magische Rune. Ich glaube, sie teleportiert dich direkt hierhin zum Hof.","마법 룬이야. 이걸 쓰면 여기 농장으로 바로 텔레포트할 수 있을 거야.","","False","DIA_Lee_Add_04_08","",""
"Scripts/Content/Story/Dialoge/DIA_SLD_800_Lee.d:41","Ich dachte, du könntest sie vielleicht gebrauchen.","네게 필요할지도 모른다고 생각했어.","","False","DIA_Lee_Add_04_09","",""
"Scripts/Content/Story/Dialoge/DIA_SLD_800_Lee.d:82","Bist du gekommen, um das Geld für Onar zu bringen?","오나르에게 줄 돈을 가지러 온 건가?","","False","DIA_Lee_PMSchulden_04_00","",""
"Scripts/Content/Story/Dialoge/DIA_SLD_800_Lee.d:86","Ich hatte dir doch gesagt, du sollst hier keine Dummheiten mehr machen.","여기서 더 이상 멍청한 짓은 하지 말라고 했을 텐데.","","False","DIA_Lee_PMSchulden_04_01","",""
"Scripts/Content/Story/Dialoge/DIA_SLD_800_Lee.d:87","Onar hat mitbekommen, dass du mittlerweile noch mehr auf dem Kerbholz hast.","오나르도 네가 그동안 사고를 더 많이 쳤다는 걸 알게 됐어.","","False","DIA_Lee_PMSchulden_04_02","",""
"Scripts/Content/Story/Dialoge/DIA_SLD_800_Lee.d:90","Dementsprechend will er jetzt mehr Geld.","그래서 그가 더 많은 돈을 원하고 있어.","","False","DIA_Lee_PMSchulden_04_03","",""
"Scripts/Content/Story/Dialoge/DIA_SLD_800_Lee.d:91","Wieviel?","얼마나?","","False","DIA_Lee_PMAdd_15_00","",""
"Scripts/Content/Story/Dialoge/DIA_SLD_800_Lee.d:105","Ich hatte dich für klüger gehalten.","네가 이보다 더 현명할 줄 알았는데.","","False","DIA_Lee_PMSchulden_04_04","",""
"Scripts/Content/Story/Dialoge/DIA_SLD_800_Lee.d:110","Dann habe ich gute Nachrichten für dich.","그럼 좋은 소식이 있네.","","False","DIA_Lee_PMSchulden_04_05","",""
"Scripts/Content/Story/Dialoge/DIA_SLD_800_Lee.d:114","Plötzlich gibt es niemanden mehr, der den Mord gesehen hat.","갑자기 네 살인을 본 사람이 아무도 없게 되었어.","","False","DIA_Lee_PMSchulden_04_06","",""
"Scripts/Content/Story/Dialoge/DIA_SLD_800_Lee.d:120","Keiner der Leute will mehr bezeugen, dich bei einem Diebstahl gesehen zu haben.","너를 도둑질하는 걸 봤다고 증언하려는 사람이 아무도 없어.","","False","DIA_Lee_PMSchulden_04_07","",""
"Scripts/Content/Story/Dialoge/DIA_SLD_800_Lee.d:126","Es ist niemand mehr da der GESEHEN hat, wie du einen der Bauern verprügelt hast.","농부 중 한 명을 두들겨 패는 걸 '본' 사람도 이제 아무도 없다고.","","False","DIA_Lee_PMSchulden_04_08","",""
"Scripts/Content/Story/Dialoge/DIA_SLD_800_Lee.d:131","Anscheinend haben sich alle Anklagen gegen dich in Wohlgefallen aufgelöst.","너에 대한 모든 고소가 감쪽같이 사라진 모양이야.","","False","DIA_Lee_PMSchulden_04_09","",""
"Scripts/Content/Story/Dialoge/DIA_SLD_800_Lee.d:134","Das ist auch 'ne Art, mit solchen Problemen umzugehen.","그런 식으로 문제를 해결하는 방법도 있군.","","False","DIA_Lee_PMSchulden_04_10","",""
"Scripts/Content/Story/Dialoge/DIA_SLD_800_Lee.d:139","Zahlen musst du jedenfalls nichts mehr.","어쨌든 더는 돈을 낼 필요는 없어.","","False","DIA_Lee_PMSchulden_04_11","",""
"Scripts/Content/Story/Dialoge/DIA_SLD_800_Lee.d:140","Pass in Zukunft besser auf.","앞으로는 조심하는 게 좋을 거야.","","False","DIA_Lee_PMSchulden_04_12","",""
"Scripts/Content/Story/Dialoge/DIA_SLD_800_Lee.d:148","Damit eins klar ist: Deine Strafe musst du trotzdem in voller Höhe bezahlen.","분명히 해두겠는데, 그래도 벌금은 전액 지불해야 해.","","False","DIA_Lee_PMSchulden_04_13","",""
"Scripts/Content/Story/Dialoge/DIA_SLD_800_Lee.d:150","Also, was ist?","그래, 어쩔 거야?","","False","DIA_Lee_PMSchulden_04_14","",""
"Scripts/Content/Story/Dialoge/DIA_SLD_800_Lee.d:159","Ich habe nicht genug Gold!","금은 충분하지 않아!","","False","DIA_Lee_PMSchulden_Info.DIA_Lee_PMSchulden.DIA_Lee_PETZMASTER_PayLater","Info_AddChoice",""
"Scripts/Content/Story/Dialoge/DIA_SLD_800_Lee.d:160","Wieviel war es nochmal?","얼마라고 했었지?","","False","DIA_Lee_PMSchulden_Info.DIA_Lee_PMSchulden.DIA_Lee_PMSchulden_HowMuchAgain","Info_AddChoice",""
"Scripts/Content/Story/Dialoge/DIA_SLD_800_Lee.d:163","Ich will die Strafe zahlen.","벌금을 내겠어.","","False","DIA_Lee_PMSchulden_Info.DIA_Lee_PMSchulden.DIA_Lee_PETZMASTER_PayNow","Info_AddChoice",""
"Scripts/Content/Story/Dialoge/DIA_SLD_800_Lee.d:170","Wie viel war es noch mal?","얼마였지?","","False","DIA_Lee_PMSchulden_HowMuchAgain_15_00","",""
"Scripts/Content/Story/Dialoge/DIA_SLD_800_Lee.d:175","Ich habe nicht genug Gold!","금은 충분하지 않아!","","False","DIA_Lee_PMSchulden_HowMuchAgain.DIA_Lee_PMSchulden.DIA_Lee_PETZMASTER_PayLater","Info_AddChoice",""
"Scripts/Content/Story/Dialoge/DIA_SLD_800_Lee.d:176","Wieviel war es nochmal?","얼마라고 했었지?","","False","DIA_Lee_PMSchulden_HowMuchAgain.DIA_Lee_PMSchulden.DIA_Lee_PMSchulden_HowMuchAgain","Info_AddChoice",""
"Scripts/Content/Story/Dialoge/DIA_SLD_800_Lee.d:179","Ich will die Strafe zahlen.","벌금을 내겠어.","","False","DIA_Lee_PMSchulden_HowMuchAgain.DIA_Lee_PMSchulden.DIA_Lee_PETZMASTER_PayNow","Info_AddChoice",""
"Scripts/Content/Story/Dialoge/DIA_SLD_800_Lee.d:219","Wer zum Teufel hat DICH denn hier rein- (überrascht) - DU bist der Neue, der hier Ärger gemacht hat?","도대체 누가 널 들여보낸... (놀라며) 네가 바로 여기서 말썽을 피웠던 그 신참인가?","","False","DIA_Lee_PETZMASTER_04_00","",""
"Scripts/Content/Story/Dialoge/DIA_SLD_800_Lee.d:220","Ich hab von Gorn gehört, dass du lebst, aber dass du hierher kommen würdest ... wie auch immer ...","곤에게 네가 살아있다는 건 들었지만, 네가 여기까지 올 줄이야... 어쨌든...","","False","DIA_Lee_PETZMASTER_04_01","",""
"Scripts/Content/Story/Dialoge/DIA_SLD_800_Lee.d:225","Gut, dass du zu mir kommst, bevor alles noch schlimmer für dich wird..","상황이 더 나빠지기 전에 내게 찾아와서 다행이군..","","False","DIA_Lee_PETZMASTER_04_02","",""
"Scripts/Content/Story/Dialoge/DIA_SLD_800_Lee.d:226","Die Söldner sind harte Jungs, und die Bauern hier sind auch nicht gerade zimperlich, aber du kannst nicht einfach Leute umbringen.","용병들은 험난한 녀석들이고 여기 농부들도 만만치 않지만, 사람을 마음대로 죽일 수는 없어.","","False","DIA_Lee_PETZMASTER_04_03","",""
"Scripts/Content/Story/Dialoge/DIA_SLD_800_Lee.d:231","Ganz zu schweigen von den anderen Sachen, die du hier abgezogen hast.","여기서 벌인 다른 짓들은 말할 것도 없고.","","False","DIA_Lee_PETZMASTER_04_04","",""
"Scripts/Content/Story/Dialoge/DIA_SLD_800_Lee.d:234","Ich kann dir helfen, aus der Sache wieder sauber rauszukommen.","이 일에서 깨끗하게 빠져나올 수 있도록 내가 도와줄 수 있어.","","False","DIA_Lee_PETZMASTER_04_05","",""
"Scripts/Content/Story/Dialoge/DIA_SLD_800_Lee.d:235","Allerdings wird das nicht billig. Onar ist ein gieriger Mann, und nur wenn ER beide Augen zudrückt, ist die Sache vergessen.","하지만 공짜는 아니야. 오나르는 욕심 많은 사람이니까, 그가 두 눈을 질끈 감아줘야 이 일이 잊혀질 거야.","","False","DIA_Lee_PETZMASTER_04_06","",""
"Scripts/Content/Story/Dialoge/DIA_SLD_800_Lee.d:240","Gut, dass du kommst! Ich hab gehört, du hättest hier was gestohlen.","와줘서 다행이군! 여기서 뭔가를 훔쳤다는 이야기를 들었거든.","","False","DIA_Lee_PETZMASTER_04_07","",""
"Scripts/Content/Story/Dialoge/DIA_SLD_800_Lee.d:243","Und dich mit den Bauern geprügelt.","게다가 농부들과 패싸움도 벌였다지.","","False","DIA_Lee_PETZMASTER_04_08","",""
"Scripts/Content/Story/Dialoge/DIA_SLD_800_Lee.d:248","UND ein paar Schafe geschlachtet.","심지어 양도 몇 마리 도살했고.","","False","DIA_Lee_PETZMASTER_04_09","",""
"Scripts/Content/Story/Dialoge/DIA_SLD_800_Lee.d:251","So was kannst du hier nicht bringen. Onar besteht in solchen Fällen darauf, dass ich die Täter zur Rechenschaft ziehe.","여기선 그런 짓을 용납할 수 없어. 이런 일이 생기면 오나르는 내가 범인을 처벌하기를 고집하거든.","","False","DIA_Lee_PETZMASTER_04_10","",""
"Scripts/Content/Story/Dialoge/DIA_SLD_800_Lee.d:252","Das bedeutet: Du zahlst, und er steckt sich die Kohle ein - aber damit hat sich die Sache dann auch.","그러니까 네가 돈을 내고, 그가 그 석탄을 챙기면 - 그걸로 일은 끝이라는 뜻이지.","","False","DIA_Lee_PETZMASTER_04_11","",""
"Scripts/Content/Story/Dialoge/DIA_SLD_800_Lee.d:259","Wenn du dich mit den Söldnern auf Duelle einlässt, ist das eine Sache ...","용병들과 결투를 벌인 거라면 또 모르지만...","","False","DIA_Lee_PETZMASTER_04_12","",""
"Scripts/Content/Story/Dialoge/DIA_SLD_800_Lee.d:260","Aber wenn du die Bauern verprügelst, rennen sie direkt zu Onar. Und der erwartet, dass ich etwas unternehme.","하지만 농부들을 두들겨 패면, 그들은 곧장 오나르에게 달려가지. 그리고 그는 내가 뭔가를 조치하기를 기대해.","","False","DIA_Lee_PETZMASTER_04_13","",""
"Scripts/Content/Story/Dialoge/DIA_SLD_800_Lee.d:263","Ganz zu schweigen davon, dass er nicht sehr erbaut ist, wenn man seine Schafe umbringt.","누군가 그의 양을 죽였을 때 그가 별로 기뻐하지 않는다는 건 말할 것도 없고.","","False","DIA_Lee_PETZMASTER_04_14","",""
"Scripts/Content/Story/Dialoge/DIA_SLD_800_Lee.d:266","Du wirst eine Strafe zahlen müssen. Onar steckt sich das Geld in der Regel selber ein - aber es ist der einzige Weg, die Sache zu bereinigen.","벌금을 지불해야 할 거야. 오나르는 보통 그 돈을 스스로 챙기지만 - 이 문제를 해결할 유일한 방법이니까.","","False","DIA_Lee_PETZMASTER_04_15","",""
"Scripts/Content/Story/Dialoge/DIA_SLD_800_Lee.d:273","Onar erwartet von mir, dass ich seinen Hof schütze. Das gilt auch für seine Schafe.","오나르는 내가 그의 농장을 지켜주기를 기대하지. 그의 양을 지키는 것도 포함해서 말이야.","","False","DIA_Lee_PETZMASTER_04_16","",""
"Scripts/Content/Story/Dialoge/DIA_SLD_800_Lee.d:274","Du wirst ihm eine Entschädigung zahlen müssen!","그에게 보상을 지불해야 할 거다!","","False","DIA_Lee_PETZMASTER_04_17","",""
"Scripts/Content/Story/Dialoge/DIA_SLD_800_Lee.d:279","Wie viel?","얼마나?","","False","DIA_Lee_PETZMASTER_15_18","",""
"Scripts/Content/Story/Dialoge/DIA_SLD_800_Lee.d:286","Ich habe nicht genug Gold!","금은 충분하지 않아!","","False","DIA_Lee_PETZMASTER_Info.DIA_Lee_PETZMASTER.DIA_Lee_PETZMASTER_PayLater","Info_AddChoice",""
"Scripts/Content/Story/Dialoge/DIA_SLD_800_Lee.d:289","Ich will die Strafe zahlen.","벌금을 내겠어.","","False","DIA_Lee_PETZMASTER_Info.DIA_Lee_PETZMASTER.DIA_Lee_PETZMASTER_PayNow","Info_AddChoice",""
"Scripts/Content/Story/Dialoge/DIA_SLD_800_Lee.d:295","Ich will die Strafe zahlen!","벌금을 내겠어!","","False","DIA_Lee_PETZMASTER_PayNow_15_00","",""
"Scripts/Content/Story/Dialoge/DIA_SLD_800_Lee.d:297","Gut! Ich werde dafür sorgen, dass Onar das Geld bekommt. Du kannst die Sache als vergessen betrachten.","좋아! 오나르가 돈을 받도록 조치하지. 이 일은 잊어버려도 좋아.","","False","DIA_Lee_PETZMASTER_PayNow_04_01","",""
"Scripts/Content/Story/Dialoge/DIA_SLD_800_Lee.d:311","Ich habe nicht genug Gold!","금은 충분하지 않아!","","False","DIA_Lee_PETZMASTER_PayLater_15_00","",""
"Scripts/Content/Story/Dialoge/DIA_SLD_800_Lee.d:312","Dann sieh zu, dass du dir es so schnell wie möglich beschaffst.","그럼 가능한 한 빨리 구해오도록 해라.","","False","DIA_Lee_PETZMASTER_PayLater_04_01","",""
"Scripts/Content/Story/Dialoge/DIA_SLD_800_Lee.d:313","Aber denk bloß nicht daran, es dir hier auf dem Hof zusammenzuklauen. Wenn du erwischt wirst, wird die Sache nur noch schlimmer für dich.","하지만 여기서 훔쳐서 마련할 생각은 꿈에도 하지 마. 들키면 너만 더 곤란해질 테니까.","","False","DIA_Lee_PETZMASTER_PayLater_04_02","",""
"Scripts/Content/Story/Dialoge/DIA_SLD_800_Lee.d:343","Wer zum Teufel hat DICH denn hier rein- (überrascht) Was machst du denn hier? Ich dachte, du wärst tot!","도대체 누가 널 들여보낸... (놀라며) 네가 여기서 뭘 하는 거야? 죽은 줄 알았는데!","","False","DIA_Lee_Hallo_04_00","",""
"Scripts/Content/Story/Dialoge/DIA_SLD_800_Lee.d:344","Wie kommst du denn darauf?","어쩌다 그런 생각을 하셨어요?","","False","DIA_Lee_Hallo_15_01","",""
"Scripts/Content/Story/Dialoge/DIA_SLD_800_Lee.d:345","Gorn hat mir erzählt, dass du es warst, der die Barriere zum Einsturz gebracht hat.","장벽을 무너뜨린 게 너였다고 곤이 말해줬어.","","False","DIA_Lee_Hallo_04_02","",""
"Scripts/Content/Story/Dialoge/DIA_SLD_800_Lee.d:346","Das war ich auch.","네, 제가 그랬죠.","","False","DIA_Lee_Hallo_15_03","",""
"Scripts/Content/Story/Dialoge/DIA_SLD_800_Lee.d:347","Ich hätte nicht gedacht, dass ein Mann so etwas überleben kann. Was treibt dich her? Du bist doch nicht ohne Grund hier ...","사람이 그런 짓을 겪고도 살아남을 줄은 몰랐는데. 여긴 무슨 일로 왔지? 그냥 온 건 아닐 텐데...","","False","DIA_Lee_Hallo_04_04","",""
"Scripts/Content/Story/Dialoge/DIA_SLD_800_Lee.d:359","Ich muss dringend mit den Paladinen in der Stadt reden,...","도시에 있는 팔라딘들과 당장 이야기해야 합니다...","","False","DIA_Lee_Paladine.description","",""
"Scripts/Content/Story/Dialoge/DIA_SLD_800_Lee.d:372","Ich muss dringend mit den Paladinen in der Stadt reden, kannst du mir helfen, zu ihnen zu kommen?","도시에 있는 팔라딘들과 당장 이야기해야 합니다. 그들을 만나는 걸 도와줄 수 있나요?","","False","DIA_Lee_Paladine_15_00","",""
"Scripts/Content/Story/Dialoge/DIA_SLD_800_Lee.d:373","(misstrauisch) Was willst du von den Paladinen?","(의심스럽게) 팔라딘들에게는 무슨 볼일이지?","","False","DIA_Lee_Paladine_04_01","",""
"Scripts/Content/Story/Dialoge/DIA_SLD_800_Lee.d:374","Das ist eine lange Geschichte ...","사연이 좀 깁니다...","","False","DIA_Lee_Paladine_15_02","",""
"Scripts/Content/Story/Dialoge/DIA_SLD_800_Lee.d:375","Ich habe Zeit.","시간은 많아.","","False","DIA_Lee_Paladine_04_03","",""
"Scripts/Content/Story/Dialoge/DIA_SLD_800_Lee.d:376","(seufzt) Xardas hat mich auf eine Mission geschickt. Er will, dass ich ein mächtiges Amulett beschaffe, das Auge Innos'.","(한숨을 쉬며) 자다스가 나를 임무에 보냈어요. 강력한 부적인 이노스의 눈을 가져오기를 원하더군요.","","False","DIA_Lee_Paladine_15_04","",""
"Scripts/Content/Story/Dialoge/DIA_SLD_800_Lee.d:377","Du bist also noch immer mit diesem Dämonenbeschwörer im Bunde. Verstehe. Und die Paladine haben dieses Amulett?","그렇다면 아직도 그 데몬 소환사와 한통속이로군. 알만해. 그래서 팔라딘들이 그 부적을 가지고 있다는 건가?","","False","DIA_Lee_Paladine_04_05","",""
"Scripts/Content/Story/Dialoge/DIA_SLD_800_Lee.d:378","So viel ich weiß, ja.","제가 알기로는 그렇습니다.","","False","DIA_Lee_Paladine_15_06","",""
"Scripts/Content/Story/Dialoge/DIA_SLD_800_Lee.d:379","Ich kann dir helfen, zu den Paladinen zu kommen. Allerdings erst, wenn du einer von uns bist.","팔라딘들을 만날 수 있게 도와줄 수는 있어. 단, 네가 우리 일원이 된 후에야.","","False","DIA_Lee_Paladine_04_07","",""
"Scripts/Content/Story/Dialoge/DIA_SLD_800_Lee.d:391","Wie kannst du mir helfen, zu den Paladinen zu kommen?","어떻게 팔라딘들을 만날 수 있게 도와주겠다는 거지?","","False","DIA_Lee_PaladineHOW.description","",""
"Scripts/Content/Story/Dialoge/DIA_SLD_800_Lee.d:405","Wie kannst du mir helfen, zu den Paladinen zu kommen?","어떻게 팔라딘들을 만날 수 있게 도와주겠다는 거죠?","","False","DIA_Lee_PaladineHOW_15_00","",""
"Scripts/Content/Story/Dialoge/DIA_SLD_800_Lee.d:406","Vertrau mir. Ich habe einen Plan. Und ich glaube, du bist genau der Richtige dafür ...","날 믿어라. 계획이 있으니까. 그리고 네가 그 일에 딱 적임자라고 생각하고...","","False","DIA_Lee_PaladineHOW_04_01","",""
"Scripts/Content/Story/Dialoge/DIA_SLD_800_Lee.d:407","Ich bringe dich zu den Paladinen und du tust mir dafür einen Gefallen. Aber zuerst schließ dich uns an!","내가 널 팔라딘들에게 데려다줄 테니, 넌 그 대가로 내 부탁을 들어주는 거야. 하지만 먼저 우리 편에 들어와라!","","False","DIA_Lee_PaladineHOW_04_02","",""
"Scripts/Content/Story/Dialoge/DIA_SLD_800_Lee.d:419","Was genau tust du hier?","여기서 정확히 무슨 일을 하고 있지?","","False","DIA_Lee_LeesPlan.description","",""
"Scripts/Content/Story/Dialoge/DIA_SLD_800_Lee.d:432","Was genau tust du hier?","여기서 정확히 뭘 하고 계십니까?","","False","DIA_Lee_LeesPlan_15_00","",""
"Scripts/Content/Story/Dialoge/DIA_SLD_800_Lee.d:433","Ganz einfach: Ich werde dafür sorgen, dass wir alle von dieser Insel wegkommen.","간단해. 우리 모두 이 섬을 빠져나갈 수 있게 할 거다.","","False","DIA_Lee_LeesPlan_04_01","",""
"Scripts/Content/Story/Dialoge/DIA_SLD_800_Lee.d:434","Onar hat uns angeheuert, damit wir seinen Hof verteidigen, und genau das tun wir auch.","오나르는 자기 농장을 방어해 달라고 우리를 고용했고, 우리는 딱 그 일을 하고 있지.","","False","DIA_Lee_LeesPlan_04_02","",""
"Scripts/Content/Story/Dialoge/DIA_SLD_800_Lee.d:435","Aber unser Lohn ist mehr als nur unser Sold. Indem wir den Bauern helfen, schneiden wir die Stadt von ihrer Versorgung ab.","하지만 우리의 보상은 단순한 급료 그 이상이야. 농부들을 도움으로써, 우리는 도시의 보급을 끊고 있어.","","False","DIA_Lee_LeesPlan_04_03","",""
"Scripts/Content/Story/Dialoge/DIA_SLD_800_Lee.d:436","Und je weniger die Paladine zu essen haben, um so eher werden sie zuhören, wenn ich ihnen schließlich ein Friedensangebot mache.","팔라딘들이 먹을 것이 없을수록, 내가 그들에게 평화 협상을 제안할 때 더 잘 귀를 기울이겠지.","","False","DIA_Lee_LeesPlan_04_04","",""
"Scripts/Content/Story/Dialoge/DIA_SLD_800_Lee.d:440","Zu dumm, dass du ausgerechnet ihrem Verein beigetreten bist.","하필 그 자들의 무리에 가닥으로 들어갔다니 안 됐군.","","False","DIA_Lee_LeesPlan_04_05","",""
"Scripts/Content/Story/Dialoge/DIA_SLD_800_Lee.d:443","Wie soll dein Angebot aussehen?","제안이라는 게 어떤 거죠?","","False","DIA_Lee_LeesPlan_15_06","",""
"Scripts/Content/Story/Dialoge/DIA_SLD_800_Lee.d:444","Im Wesentlichen geht es um unsere Begnadigung und um freie Überfahrt zum Festland. Du wirst mehr erfahren, wenn es so weit ist.","기본적으로 우리의 사면과 본토로 가는 자유로운 통행에 대한 이야기야. 때가 되면 더 자세히 알게 될 거다.","","False","DIA_Lee_LeesPlan_04_07","",""
"Scripts/Content/Story/Dialoge/DIA_SLD_800_Lee.d:456","Ich will mich euch anschließen! ","당신들과 합류하고 싶어! ","","False","DIA_Lee_WannaJoin.description","",""
"Scripts/Content/Story/Dialoge/DIA_SLD_800_Lee.d:469","Ich will mich euch anschließen!","당신들과 합류하고 싶어!","","False","DIA_Lee_WannaJoin_15_00","",""
"Scripts/Content/Story/Dialoge/DIA_SLD_800_Lee.d:470","Ich hatte gehofft, dass du das sagst! Ich kann hier jeden fähigen Mann gut gebrauchen.","그 소릴 듣길 바랐다! 지금은 쓸만한 일꾼이라면 누구든 필요하거든.","","False","DIA_Lee_WannaJoin_04_01","",""
"Scripts/Content/Story/Dialoge/DIA_SLD_800_Lee.d:471","Die letzten Söldner, die ich aufgenommen habe, machen nichts als Ärger!","내가 받아들인 마지막 용병들은 말썽만 피우고 있어!","","False","DIA_Lee_WannaJoin_04_02","",""
"Scripts/Content/Story/Dialoge/DIA_SLD_800_Lee.d:472","Du kannst im Grunde direkt anfangen. Na ja, vorher müssen noch ein, zwei Dinge geklärt werden, aber das ist halb so wild ...","기본적으로는 바로 시작해도 좋아. 음, 그전에 한두 가지 해결해야 할 게 있지만, 별일 아니야...","","False","DIA_Lee_WannaJoin_04_03","",""
"Scripts/Content/Story/Dialoge/DIA_SLD_800_Lee.d:484","Was muss ich 'klären', bevor ich bei euch mitmachen kann?","너희에 가입하려면 먼저 뭘 '해결해야' 하지?","","False","DIA_Lee_ClearWhat.description","",""
"Scripts/Content/Story/Dialoge/DIA_SLD_800_Lee.d:498","Was muss ich 'klären', bevor ich bei euch mitmachen kann?","합류하기 전에 '해결해야' 할 게 뭐죠?","","False","DIA_Lee_ClearWhat_15_00","",""
"Scripts/Content/Story/Dialoge/DIA_SLD_800_Lee.d:499","Onar, der Grundbesitzer, ist derjenige, der uns hier beschäftigt. Nur mit seinem Einverständnis kannst du auf dem Hof bleiben.","지주인 오나르가 우리를 고용한 사람이야. 그의 동의가 있어야만 농장에 머물 수 있어.","","False","DIA_Lee_ClearWhat_04_01","",""
"Scripts/Content/Story/Dialoge/DIA_SLD_800_Lee.d:500","Und dann sind da noch die Jungs. Erst wenn die Mehrheit der Söldner dafür ist, dass du mitmachst, kann ich dich aufnehmen.","그리고 녀석들도 있지. 용병들의 과반수가 찬성해야만 너를 받아들일 수 있다.","","False","DIA_Lee_ClearWhat_04_02","",""
"Scripts/Content/Story/Dialoge/DIA_SLD_800_Lee.d:501","Aber geh nicht zu Onar, bevor nicht alles klar ist. Er ist ein sehr ungeduldiger Zeitgenosse ...","하지만 모든 게 확실해지기 전에는 오나르에게 가지 마. 아주 참을성이 없는 자거든...","","False","DIA_Lee_ClearWhat_04_03","",""
"Scripts/Content/Story/Dialoge/DIA_SLD_800_Lee.d:517","Wie kann ich die Söldner von mir überzeugen?","용병들이 나를 인정하게 하려면 어떻게 해야 하지?","","False","DIA_Lee_OtherSld.description","",""
"Scripts/Content/Story/Dialoge/DIA_SLD_800_Lee.d:531","Wie kann ich die Söldner von mir überzeugen?","용병들이 나를 인정하게 하려면 어떻게 해야 하지?","","False","DIA_Lee_OtherSld_15_00","",""
"Scripts/Content/Story/Dialoge/DIA_SLD_800_Lee.d:532","Am besten, indem du das machst, was von dir als Söldner erwartet wird.","용병으로서 기대되는 일을 하는 게 가장 좋겠지.","","False","DIA_Lee_OtherSld_04_01","",""
"Scripts/Content/Story/Dialoge/DIA_SLD_800_Lee.d:533","Rede mit Torlof. Er ist meistens draußen vorm Haus. Er wird dich auf die Probe stellen.","토를로프와 얘기해 봐. 대개 집 밖 문 앞에 있을 거야. 그가 너를 시험해 볼 거다.","","False","DIA_Lee_OtherSld_04_02","",""
"Scripts/Content/Story/Dialoge/DIA_SLD_800_Lee.d:534","Wenn du dabei nicht versagst, hast du dir schon einen großen Teil des nötigen Repekts verdient.","그 시험에 실패하지 않는다면, 필요한 존경심의 상당 부분을 얻게 될 거야.","","False","DIA_Lee_OtherSld_04_03","",""
"Scripts/Content/Story/Dialoge/DIA_SLD_800_Lee.d:535","Er wird dir auch alles andere erzählen, was du wissen musst.","알아야 할 다른 모든 것도 그가 말해줄 거다.","","False","DIA_Lee_OtherSld_04_04","",""
"Scripts/Content/Story/Dialoge/DIA_SLD_800_Lee.d:549","Was weißt du über den ´Ring des Wassers´?","'링 오브 워터'에 대해 아는 게 있나?","","False","DIA_Addon_Lee_Ranger.description","",""
"Scripts/Content/Story/Dialoge/DIA_SLD_800_Lee.d:563","Was weißt du über den ´Ring des Wassers´?","'링 오브 워터'에 대해 아는 게 있나?","","False","DIA_Addon_Lee_Ranger_15_00","",""
"Scripts/Content/Story/Dialoge/DIA_SLD_800_Lee.d:564","(lacht) Das hätte ich mir ja denken können. Du musst dich natürlich wieder überall einmischen.","(웃음) 그럴 줄 알았어. 넌 역시 어디든 참견하고 다녀야 직성이 풀리는 군.","","False","DIA_Addon_Lee_Ranger_04_01","",""
"Scripts/Content/Story/Dialoge/DIA_SLD_800_Lee.d:565","Komm schon, spuck's aus.","자, 어서 말해줘.","","False","DIA_Addon_Lee_Ranger_15_02","",""
"Scripts/Content/Story/Dialoge/DIA_SLD_800_Lee.d:566","Ich habe nur am Rande damit zu tun. Ich weiß, dass es hier diese Untergrundgilde gibt und dass die Wassermagier dahinter stecken.","나도 대충은 알고 있어. 여기에 지하 길드가 있고, 그 배후에 물의 마법사들이 있다는 건 알고 있지.","","False","DIA_Addon_Lee_Ranger_04_03","",""
"Scripts/Content/Story/Dialoge/DIA_SLD_800_Lee.d:567","Seit dem Fall der Barriere bin ich nicht mehr an das Abkommen gebunden, das ich damals mit den Wassermagiern eingangen bin.","장벽이 무너진 이후로, 나는 예전에 물의 마법사들과 맺었던 협정에 더 이상 얽매이지 않아.","","False","DIA_Addon_Lee_Ranger_04_04","",""
"Scripts/Content/Story/Dialoge/DIA_SLD_800_Lee.d:568","Wenn ich helfen kann, tu ich das natürlich auch heute noch. Aber meistens habe ich meine eigenen Probleme und kaum noch Zeit für andere Dinge.","도울 수 있다면, 물론 지금도 돕겠지만. 하지만 대개는 내 문제들로 벅차서 다른 일에 신경 쓸 시간은 거의 없어.","","False","DIA_Addon_Lee_Ranger_04_05","",""
"Scripts/Content/Story/Dialoge/DIA_SLD_800_Lee.d:569","Wenn du mehr darüber erfahren willst, dann solltest du vielleicht besser mal mit Cord sprechen. Er ist einer von ihnen, soviel ich weiß.","그에 대해 더 알고 싶다면, 코르드와 얘기해 보는 게 좋을 거야. 내 알기로는 그도 그들 중 하나거든.","","False","DIA_Addon_Lee_Ranger_04_06","",""
"Scripts/Content/Story/Dialoge/DIA_SLD_800_Lee.d:588","Ich bin bereit, mich euch anzuschließen!","당신들과 합류할 준비가 됐다!","","False","DIA_Lee_JoinNOW.description","",""
"Scripts/Content/Story/Dialoge/DIA_SLD_800_Lee.d:603","Ich bin bereit, mich euch anzuschließen!","당신들과 합류할 준비가 됐다!","","False","DIA_Lee_JoinNOW_15_00","",""
"Scripts/Content/Story/Dialoge/DIA_SLD_800_Lee.d:611","Nicht, bevor du die Probe von Torlof bestanden hast.","토를로프의 시험을 통과하기 전에는 안 된다.","","False","DIA_Lee_JoinNOW_04_01","",""
"Scripts/Content/Story/Dialoge/DIA_SLD_800_Lee.d:615","Dann hast du die Probe von Torlof bestanden?","그럼 토를로프의 시험을 통과했나?","","False","DIA_Lee_JoinNOW_04_02","",""
"Scripts/Content/Story/Dialoge/DIA_SLD_800_Lee.d:616","Ja.","네.","","False","DIA_Lee_JoinNOW_15_03","",""
"Scripts/Content/Story/Dialoge/DIA_SLD_800_Lee.d:617","Das ist gut.","좋아.","","False","DIA_Lee_JoinNOW_04_04","",""
"Scripts/Content/Story/Dialoge/DIA_SLD_800_Lee.d:626","Was sagen die anderen Söldner?","다른 용병들은 뭐라고 하던가?","","False","DIA_Lee_JoinNOW_04_05","",""
"Scripts/Content/Story/Dialoge/DIA_SLD_800_Lee.d:629","Ich bin mir nicht sicher, ob genug von ihnen für mich sind.","충분히 제 편을 들어줄지 잘 모르겠습니다.","","False","DIA_Lee_JoinNOW_15_06","",""
"Scripts/Content/Story/Dialoge/DIA_SLD_800_Lee.d:630","Dann rede noch mal mit Torlof, er bekommt so ziemlich alles mit, was hier auf dem Hof erzählt wird.","그럼 토를로프와 다시 얘기해 봐. 이 농장에서 오가는 이야기는 녀석이 거의 다 알고 있으니까.","","False","DIA_Lee_JoinNOW_04_07","",""
"Scripts/Content/Story/Dialoge/DIA_SLD_800_Lee.d:634","Die meisten sind für mich.","대부분 제 편을 들어주고 있습니다.","","False","DIA_Lee_JoinNOW_15_08","",""
"Scripts/Content/Story/Dialoge/DIA_SLD_800_Lee.d:645","Gut, dann geh jetzt zu Onar. Ich hab schon mit ihm geredet.","좋아, 그럼 이제 오나르에게 가봐. 이미 그와는 얘기해 두었으니까.","","False","DIA_Lee_JoinNOW_04_09","",""
"Scripts/Content/Story/Dialoge/DIA_SLD_800_Lee.d:646","Über deinen Sold musst du selbst verhandeln.","급료에 대해서는 네가 직접 협상해야 할 거다.","","False","DIA_Lee_JoinNOW_04_10","",""
"Scripts/Content/Story/Dialoge/DIA_SLD_800_Lee.d:652","Warst du bei Onar?","오나르는 만나봤나?","","False","DIA_Lee_JoinNOW_04_11","",""
"Scripts/Content/Story/Dialoge/DIA_SLD_800_Lee.d:653","Er ist einverstanden.","동의했어요.","","False","DIA_Lee_JoinNOW_15_12","",""
"Scripts/Content/Story/Dialoge/DIA_SLD_800_Lee.d:656","Willkommen an Bord, Junge!","합류를 환영한다, 젊은 친구!","","False","DIA_Lee_JoinNOW_04_13","",""
"Scripts/Content/Story/Dialoge/DIA_SLD_800_Lee.d:657","Hier, nimm dir erstmal 'ne vernünftige Rüstung!","자, 먼저 쓸만한 방어구부터 하나 가져가라고!","","False","DIA_Lee_JoinNOW_04_14","",""
"Scripts/Content/Story/Dialoge/DIA_SLD_800_Lee.d:672","Freut mich, dass du dabei bist.","합류하게 돼서 기쁘군.","","False","DIA_Lee_JoinNOW_04_15","",""
"Scripts/Content/Story/Dialoge/DIA_SLD_800_Lee.d:673","Ich habe auch schon die erste Aufgabe für dich.","너에게 맡길 첫 번째 임무도 이미 있네.","","False","DIA_Lee_JoinNOW_04_16","",""
"Scripts/Content/Story/Dialoge/DIA_SLD_800_Lee.d:674","Es hat mit den Paladinen zu tun. Es wird Zeit, dass du zu ihnen gehst.","팔라딘들에 관한 일이야. 이제 그들을 만나러 갈 때가 되었어.","","False","DIA_Lee_JoinNOW_04_17","",""
"Scripts/Content/Story/Dialoge/DIA_SLD_800_Lee.d:675","Du wolltest ja ohnehin dorthin.","어차피 그곳에 갈 생각이기도 했잖나.","","False","DIA_Lee_JoinNOW_04_18","",""
"Scripts/Content/Story/Dialoge/DIA_SLD_800_Lee.d:706","Ich sehe, du hast dich in den Dienst der Paladine gestellt.","네가 팔라딘들을 섬기기로 맹세한 모양이군.","","False","DIA_Lee_KeinSld_04_00","",""
"Scripts/Content/Story/Dialoge/DIA_SLD_800_Lee.d:711","Du bist ins Kloster gegangen? (lacht) Ich hatte mit allem gerechnet, nur nicht damit.","수도원에 들어갔다고? (웃음) 다른 건 다 예상했어도 그럴 줄은 몰랐는데.","","False","DIA_Lee_KeinSld_04_01","",""
"Scripts/Content/Story/Dialoge/DIA_SLD_800_Lee.d:714","Tja, Söldner kannst du nun nicht mehr werden.","자, 이제 너는 더 이상 용병이 될 수 없겠군.","","False","DIA_Lee_KeinSld_04_02","",""
"Scripts/Content/Story/Dialoge/DIA_SLD_800_Lee.d:715","Aber wer weiß, vielleicht kannst du das eine oder andere Mal etwas für mich tun - oder ich für dich.","하지만 누가 아나, 언젠가 네가 나를 도와주거나 내가 너를 도와줄 일이 생길지도.","","False","DIA_Lee_KeinSld_04_03","",""
"Scripts/Content/Story/Dialoge/DIA_SLD_800_Lee.d:716","Wir werden sehen. Ich wünsch dir jedenfalls alles Gute.","어떻게 될지 지켜보자고. 아무튼 행운을 빌겠네.","","False","DIA_Lee_KeinSld_04_04","",""
"Scripts/Content/Story/Dialoge/DIA_SLD_800_Lee.d:717","Aber lass dir ja nicht einfallen, mich zu verschaukeln, klar?","하지만 나를 속일 생각은 꿈꾸지도 마, 알겠나?","","False","DIA_Lee_KeinSld_04_05","",""
"Scripts/Content/Story/Dialoge/DIA_SLD_800_Lee.d:729","Und wie komme ich jetzt zu den Paladinen?","그럼 이제 어떻게 팔라딘들을 만나러 가지?","","False","DIA_Lee_ToHagen.description","",""
"Scripts/Content/Story/Dialoge/DIA_SLD_800_Lee.d:742","Und wie komme ich jetzt zu den Paladinen?","그럼 이제 어떻게 팔라딘들을 만나러 가지?","","False","DIA_Lee_ToHagen_15_00","",""
"Scripts/Content/Story/Dialoge/DIA_SLD_800_Lee.d:743","Ganz einfach. Du wirst unser Friedensangebot zu ihnen bringen.","아주 간단하지. 우리의 평화 제안을 그들에게 전달해 주면 돼.","","False","DIA_Lee_ToHagen_04_01","",""
"Scripts/Content/Story/Dialoge/DIA_SLD_800_Lee.d:744","Ich kenne Lord Hagen, den Kommandanten der Paladine, noch von meiner Zeit in der Armee des Königs.","나는 왕국군에 있을 때부터 팔라딘들의 사령관인 헤이건 경을 잘 알고 있지.","","False","DIA_Lee_ToHagen_04_02","",""
"Scripts/Content/Story/Dialoge/DIA_SLD_800_Lee.d:745","Ich weiß, wie er denkt - er hat zu wenig Männer. Er wird auf das Angebot eingehen. Zumindest wird er dich anhören.","그가 어떤 생각을 하는지 알고 있어. 지금 병력이 턱없이 부족하거든. 그는 제안을 받아들일 거야. 적어도 네 말을 들어주긴 하겠지.","","False","DIA_Lee_ToHagen_04_03","",""
"Scripts/Content/Story/Dialoge/DIA_SLD_800_Lee.d:746","Ich habe einen Brief verfasst - hier.","내가 편지를 하나 써뒀어, 여기 있다.","","False","DIA_Lee_ToHagen_04_04","",""
"Scripts/Content/Story/Dialoge/DIA_SLD_800_Lee.d:748","Damit wird man dich auf jeden Fall beim Anführer der Paladine vorlassen.","이걸 보면 적어도 팔라딘들의 지도자를 만나게 해 줄 거야.","","False","DIA_Lee_ToHagen_04_05","",""
"Scripts/Content/Story/Dialoge/DIA_SLD_800_Lee.d:766","Ich habe Lord Hagen das Friedensangebot überbracht!","헤이건 경에게 평화 제안을 전달했습니다!","","False","DIA_Lee_AngebotSuccess.description","",""
"Scripts/Content/Story/Dialoge/DIA_SLD_800_Lee.d:779","Ich habe Lord Hagen das Friedensangebot überbracht!","헤이건 경에게 평화 제안을 전달했습니다!","","False","DIA_Lee_AngebotSuccess_15_00","",""
"Scripts/Content/Story/Dialoge/DIA_SLD_800_Lee.d:780","Was hat er gesagt?","그가 뭐라고 하던가?","","False","DIA_Lee_AngebotSuccess_04_01","",""
"Scripts/Content/Story/Dialoge/DIA_SLD_800_Lee.d:781","Er sagte, er würde dir Absolution gewähren, aber deinen Leuten nicht.","너희들에게는 사면을 내려주겠지만, 부하들에게는 줄 수 없다고 하더군요.","","False","DIA_Lee_AngebotSuccess_15_02","",""
"Scripts/Content/Story/Dialoge/DIA_SLD_800_Lee.d:782","Dieser Starrkopf! Die meisten Männer in der Armee des KÖNIGS sind größere Halsabschneider als meine Männer.","이 고집불통 영감탱이 같으니! 왕의 군대에 있는 자들 대부분이 내 부하들보다 더 악랄한 칼잡이들이라고.","","False","DIA_Lee_AngebotSuccess_04_03","",""
"Scripts/Content/Story/Dialoge/DIA_SLD_800_Lee.d:783","Was willst du jetzt machen?","이제 어떻게 하실 겁니까?","","False","DIA_Lee_AngebotSuccess_15_04","",""
"Scripts/Content/Story/Dialoge/DIA_SLD_800_Lee.d:784","Ich werde einen anderen Weg finden müssen, uns hier wegzubringen. Notfalls werden wir das Schiff kapern müssen. Ich muss darüber nachdenken.","우리들을 여기서 데 나갈 다른 방법을 찾아봐야겠군. 필요하다면 배를 나포하는 한이 있더라도 말이야. 좀 생각해 봐야겠어.","","False","DIA_Lee_AngebotSuccess_04_05","",""
"Scripts/Content/Story/Dialoge/DIA_SLD_800_Lee.d:785","Meinen eigenen Hals aus der Schlinge zu ziehen und meine Männer hier zurücklassen, kommt nicht in Frage.","내 목숨만 구하겠다고 부하들을 여기에 남겨두는 건 애초에 말도 안 되지.","","False","DIA_Lee_AngebotSuccess_04_06","",""
"Scripts/Content/Story/Dialoge/DIA_SLD_800_Lee.d:799","Warum willst du unbedingt auf's Festland?","왜 그리 본토로 가고 싶어 하시는 겁니까?","","False","DIA_Lee_Background.description","",""
"Scripts/Content/Story/Dialoge/DIA_SLD_800_Lee.d:812","Warum willst du unbedingt auf's Festland?","왜 그리 본토로 가고 싶어 하시는 겁니까?","","False","DIA_Lee_Add_15_10","",""
"Scripts/Content/Story/Dialoge/DIA_SLD_800_Lee.d:813","Wie du weißt, habe ich dem König als General gedient.","알다시피, 나는 왕을 위해 장군으로 복무했었지.","","False","DIA_Lee_Add_04_11","",""
"Scripts/Content/Story/Dialoge/DIA_SLD_800_Lee.d:814","Aber seine Hofschranzen haben mich hintergangen, weil ich etwas wußte, was ich nicht hätte wissen sollen.","하지만 그 궁정 아첨꾼들이 나를 배신했어. 내가 알아서는 안 될 걸 알았다는 이유로 말이지.","","False","DIA_Lee_Add_04_12","",""
"Scripts/Content/Story/Dialoge/DIA_SLD_800_Lee.d:815","Sie haben mich in die Minenkolonie geworfen, und der König hat es zugelassen.","그들은 나를 광산 군도로 던져버렸고, 왕은 그걸 묵인했지.","","False","DIA_Lee_Add_04_13","",""
"Scripts/Content/Story/Dialoge/DIA_SLD_800_Lee.d:816","Ich hatte 'ne Menge Zeit um nachzudenken.","생각할 시간은 아주 많았어.","","False","DIA_Lee_Add_04_14","",""
"Scripts/Content/Story/Dialoge/DIA_SLD_800_Lee.d:817","Ich werde mich rächen.","나는 복수할 것이다.","","False","DIA_Lee_Add_04_15","",""
"Scripts/Content/Story/Dialoge/DIA_SLD_800_Lee.d:818","(erstaunt) Am König?","(놀라며) 왕에게 말인가요?","","False","DIA_Lee_Add_15_16","",""
"Scripts/Content/Story/Dialoge/DIA_SLD_800_Lee.d:819","(bestimmt) Am König! Und an seinen ganzen Hofschranzen. Sie alle werden bitter bereuen, was sie mir angetan haben...","(단호하게) 왕에게! 그리고 그의 궁정 아첨꾼들 모두에게지. 그들은 나에게 저지른 짓을 뼈저리게 후회하게 될 거야...","","False","DIA_Lee_Add_04_17","",""
"Scripts/Content/Story/Dialoge/DIA_SLD_800_Lee.d:831","Ich werde ins Minental aufbrechen.","민탈로 떠나겠습니다.","","False","DIA_Lee_RescueGorn.description","",""
"Scripts/Content/Story/Dialoge/DIA_SLD_800_Lee.d:846","Ich werde ins Minental aufbrechen.","민탈로 떠나겠습니다.","","False","DIA_Lee_RescueGorn_15_00","",""
"Scripts/Content/Story/Dialoge/DIA_SLD_800_Lee.d:847","Dass es dich nicht lange auf den Höfen hält, habe ich mir gedacht.","농장에 오래 붙어있지 않을 줄 알았지.","","False","DIA_Lee_RescueGorn_04_01","",""
"Scripts/Content/Story/Dialoge/DIA_SLD_800_Lee.d:848","Wenn du in die Kolonie zurückkehrst, dann halte die Augen nach Gorn offen. Die Paladine halten ihn dort gefangen.","군도로 돌아가거든 곤을 잘 찾아보게. 팔라딘들이 그를 거기에 감금해 두고 있거든.","","False","DIA_Lee_RescueGorn_04_02","",""
"Scripts/Content/Story/Dialoge/DIA_SLD_800_Lee.d:849","Gorn ist ein guter Mann und ich kann ihn hier gut gebrauchen, also wenn du eine Chance hast, ihn zu befreien, dann nutze sie.","곤은 훌륭한 녀석이고 여기서 아주 유용하게 써먹을 수 있으니, 그를 구할 기회가 있다면 놓치지 마라.","","False","DIA_Lee_RescueGorn_04_03","",""
"Scripts/Content/Story/Dialoge/DIA_SLD_800_Lee.d:863","Ich habe Gorn befreit.","곤을 구출했습니다.","","False","DIA_Lee_Success.description","",""
"Scripts/Content/Story/Dialoge/DIA_SLD_800_Lee.d:878","Ich habe Gorn befreit.","곤을 구출했습니다.","","False","DIA_Lee_Success_15_00","",""
"Scripts/Content/Story/Dialoge/DIA_SLD_800_Lee.d:879","Ja, er hat mir schon davon berichtet. Gute Arbeit.","그래, 그 한테서 이미 들었어. 수고했군.","","False","DIA_Lee_Success_04_01","",""
"Scripts/Content/Story/Dialoge/DIA_SLD_800_Lee.d:880","Er ist mehr wert als Sylvio und seine Jungs zusammen.","그 녀석은 실비오와 부하들을 다 합친 것보다 훨씬 쓸모가 있어.","","False","DIA_Lee_Success_04_02","",""
"Scripts/Content/Story/Dialoge/DIA_SLD_800_Lee.d:894","Gorn hat von mir erzählt?? Was ist mit ihm?","곤이 저에 대해 얘기하던가요?? 그에게 무슨 일이 있었던 겁니까?","","False","DIA_Lee_AboutGorn.description","",""
"Scripts/Content/Story/Dialoge/DIA_SLD_800_Lee.d:908","Gorn hat von mir erzählt?? Was ist mit ihm?","곤이 저에 대해 얘기하던가요?? 그에게 무슨 일이 있었던 겁니까?","","False","DIA_Lee_AboutGorn_15_00","",""
"Scripts/Content/Story/Dialoge/DIA_SLD_800_Lee.d:909","Du kennst ihn doch noch, oder?","기억하지 않나?","","False","DIA_Lee_AboutGorn_04_01","",""
"Scripts/Content/Story/Dialoge/DIA_SLD_800_Lee.d:912","Mal überlegen...","글쎄...","","False","DIA_Lee_AboutGorn_Info.DIA_Lee_AboutGorn.DIA_Lee_AboutGorn_Who","Info_AddChoice",""
"Scripts/Content/Story/Dialoge/DIA_SLD_800_Lee.d:913","Klar.","물론이죠.","","False","DIA_Lee_AboutGorn_Info.DIA_Lee_AboutGorn.DIA_Lee_AboutGorn_Yes","Info_AddChoice",""
"Scripts/Content/Story/Dialoge/DIA_SLD_800_Lee.d:918","Klar.","물론이죠.","","False","DIA_Lee_AboutGorn_Yes_15_00","",""
"Scripts/Content/Story/Dialoge/DIA_SLD_800_Lee.d:919","Er hat sich von den Paladinen schnappen lassen und ist mit einem Strafkonvoi zurück ins Minental geschickt worden.","팔라딘들에게 붙잡히는 바람에 죄수 호송대와 함께 광산 계곡으로 끌려갔지.","","False","DIA_Lee_AboutGorn_Yes_04_01","",""
"Scripts/Content/Story/Dialoge/DIA_SLD_800_Lee.d:920","Wenn der Weg zum Minental nicht mit Paladinen und Orks gepflastert wäre, wäre ich schon mit ein paar Jungs losgezogen, um ihn zu befreien.","광산 계곡으로 가는 길이 팔라딘들과 오크들로 득실거리지만 않았어도, 부하들을 몇 명 데리고 직접 구하러 갔을 텐데 말이야.","","False","DIA_Lee_AboutGorn_Yes_04_02","",""
"Scripts/Content/Story/Dialoge/DIA_SLD_800_Lee.d:921","Aber so hat es keinen Sinn. Armer Teufel.","하지만 지금 상황에선 소용없어. 불쌍한 녀석.","","False","DIA_Lee_AboutGorn_Yes_04_03","",""
"Scripts/Content/Story/Dialoge/DIA_SLD_800_Lee.d:927","Mal überlegen ...","글쎄요...","","False","DIA_Lee_AboutGorn_Who_15_00","",""
"Scripts/Content/Story/Dialoge/DIA_SLD_800_Lee.d:928","Groß, schwarz, böse, mit einer riesigen Axt - er hat damals in der Kolonie mir dir zusammen unsere Erzmine zurückerobert.","거구에다, 검고, 험악하게 생겼고, 커다란 도끼를 들고 다니지. 예전에 군도에서 자네와 함께 우리 광산을 탈환했던 녀석 말이야.","","False","DIA_Lee_AboutGorn_Who_04_01","",""
"Scripts/Content/Story/Dialoge/DIA_SLD_800_Lee.d:940","Wegen Bullco hat Onar jetzt ein paar Schafe weniger...","불코 때문에 오나르의 양들이 좀 줄어들었군요...","","False","DIA_Lee_WegenBullco.description","",""
"Scripts/Content/Story/Dialoge/DIA_SLD_800_Lee.d:955","Wegen Bullco hat Onar jetzt ein paar Schafe weniger...","불코 때문에 오나르의 양들이 좀 줄어들었군요...","","False","DIA_Lee_Add_15_00","",""
"Scripts/Content/Story/Dialoge/DIA_SLD_800_Lee.d:956","Ach, lass mich doch in Ruhe mit der Scheiße! Ich hab so schon genug Ärger.","아, 빌어먹을 소리는 그만해! 지금도 골치 아픈 일이 많으니까.","","False","DIA_Lee_Add_04_01","",""
"Scripts/Content/Story/Dialoge/DIA_SLD_800_Lee.d:960","Ich auch. Bullco hat wohl ein Problem mit mir. Er will, daß ich den Hof verlasse...","저도 마찬가지입니다. 불코가 저한테 불만이 좀 있는 모양이더군요. 농장을 떠나라고 난리입니다...","","False","DIA_Lee_Add_15_02","",""
"Scripts/Content/Story/Dialoge/DIA_SLD_800_Lee.d:961","Ja und? Setz dich durch.","그래서? 네 힘으로 해결해.","","False","DIA_Lee_Add_04_03","",""
"Scripts/Content/Story/Dialoge/DIA_SLD_800_Lee.d:962","Du kannst ihm sagen, er soll sich schön zurückhalten, sonst zieh ich ihm die verlorenen Schafe vom Sold ab...","그 녀석한테 깝치지 말라고 전해. 안 그러면 잃어버린 양 값을 급료에서 깎아버릴 테니까...","","False","DIA_Lee_Add_04_04","",""
"Scripts/Content/Story/Dialoge/DIA_SLD_800_Lee.d:984","Ich komme aus dem Minental...","광산 계곡에서 왔습니다...","","False","DIA_Lee_Report.description","",""
"Scripts/Content/Story/Dialoge/DIA_SLD_800_Lee.d:998","Ich komme aus dem Minental. Die Burg dort wurde von Drachen angegriffen!","광산 계곡에서 왔습니다. 그곳의 성이 드래곤들의 공격을 받았어요!","","False","DIA_Lee_Add_15_18","",""
"Scripts/Content/Story/Dialoge/DIA_SLD_800_Lee.d:999","Also doch! Lares hat erzählt, daß in der Stadt Gerüchte über Drachen kursieren... Ich habe es nicht geglaubt...","그럼 사실이었군! 드래곤에 대한 소문이 도시를 떠돌고 있다고 라레스가 말하긴 했는데... 믿지 않았었지...","","False","DIA_Lee_Add_04_19","",""
"Scripts/Content/Story/Dialoge/DIA_SLD_800_Lee.d:1000","Was ist mit den Paladinen?","팔라딘들은 어떻게 되었습니까?","","False","DIA_Lee_Add_04_20","",""
"Scripts/Content/Story/Dialoge/DIA_SLD_800_Lee.d:1001","Sie sind ziemlich dezimiert worden.","거의 전멸당했습니다.","","False","DIA_Lee_Add_15_21","",""
"Scripts/Content/Story/Dialoge/DIA_SLD_800_Lee.d:1004","Gut! Vielleicht denkt Lord Hagen jetzt noch einmal über mein Angebot nach...","잘 됐군! 어쩌면 헤이건 경이 내 제안을 다시 생각해 볼지도 모르겠어...","","False","DIA_Lee_Add_04_22","",""
"Scripts/Content/Story/Dialoge/DIA_SLD_800_Lee.d:1005","Und wenn nicht... (hart) Dann werden wir einen anderen Weg finden hier wegzukommen...","아니라면... (단호하게) 여기서 나갈 다른 방법을 찾을 뿐이지...","","False","DIA_Lee_Add_04_23","",""
"Scripts/Content/Story/Dialoge/DIA_SLD_800_Lee.d:1009","Gut! Vielleicht wird das Lord Hagen dazu bringen, mit seinen Männern ins Minental zu ziehen...","좋아! 어쩌면 그 일 때문에 헤이건 경이 부하들을 이끌고 광산 계곡으로 이동할지도 모르겠군...","","False","DIA_Lee_Add_04_24","",""
"Scripts/Content/Story/Dialoge/DIA_SLD_800_Lee.d:1010","Je weniger Paladine sich hier aufhalten, desto besser.","여기에 팔라딘들이 적을수록 우리야 더 좋지.","","False","DIA_Lee_Add_04_25","",""
"Scripts/Content/Story/Dialoge/DIA_SLD_800_Lee.d:1027","Wie sieht's mit 'ner besseren Rüstung aus?","더 좋은 방어구는 없습니까?","","False","DIA_Lee_ArmorM.description","",""
"Scripts/Content/Story/Dialoge/DIA_SLD_800_Lee.d:1042","Wie sieht's mit 'ner besseren Rüstung aus?","더 좋은 방어구는 없습니까?","","False","DIA_Lee_ArmorM_15_00","",""
"Scripts/Content/Story/Dialoge/DIA_SLD_800_Lee.d:1047","Du hast deinen Auftrag erfüllt.","임무를 완수했군.","","False","DIA_Lee_ArmorM_04_01","",""
"Scripts/Content/Story/Dialoge/DIA_SLD_800_Lee.d:1048","Ich habe hier eine bessere Rüstung für dich. Das heißt, wenn du das nötige Kleingeld hast.","여기 더 좋은 방어구가 있지. 물론, 살 돈이 있다면 말이지만.","","False","DIA_Lee_ArmorM_04_02","",""
"Scripts/Content/Story/Dialoge/DIA_SLD_800_Lee.d:1054","Torlof hat noch einen Auftrag von Onar, der schon seit einiger Zeit erledigt werden muss.","오나르가 토를로프에게 시킨 일 중에 아직 처리하지 못한 게 하나 있어.","","False","DIA_Lee_ArmorM_04_03","",""
"Scripts/Content/Story/Dialoge/DIA_SLD_800_Lee.d:1055","Kümmere dich zuerst darum - dann reden wir über eine bessere Rüstung!","그것부터 해결해라. 그러면 더 좋은 방어구에 대해 얘기해 주지!","","False","DIA_Lee_ArmorM_04_04","",""
"Scripts/Content/Story/Dialoge/DIA_SLD_800_Lee.d:1071","Mittlere Söldnerrüstung kaufen. Schutz: Waffen 50, Pfeile 50. Kosten: 1000 Gold","중형 용병 방어구 구입. 보호력: 무기 50, 화살 50. 비용: 1000 금","","False","DIA_Lee_BuyArmorM.description","",""
"Scripts/Content/Story/Dialoge/DIA_SLD_800_Lee.d:1085","Gib mir die Rüstung.","방어구를 주십시오.","","False","DIA_Lee_BuyArmorM_15_00","",""
"Scripts/Content/Story/Dialoge/DIA_SLD_800_Lee.d:1089","Hier hast du sie. Eine gute Rüstung.","여기 있다. 훌륭한 방어구지.","","False","DIA_Lee_BuyArmorM_04_01","",""
"Scripts/Content/Story/Dialoge/DIA_SLD_800_Lee.d:1098","Aber nicht geschenkt! Zuerst will ich das Gold sehen!","공짜는 아니야! 먼저 금부터 가져오라고!","","False","DIA_Lee_BuyArmorM_04_02","",""
"Scripts/Content/Story/Dialoge/DIA_SLD_800_Lee.d:1172","Hast du eine bessere Rüstung für mich?","더 좋은 방어구 없습니까?","","False","DIA_Lee_ArmorH.description","",""
"Scripts/Content/Story/Dialoge/DIA_SLD_800_Lee.d:1186","Hast du eine bessere Rüstung für mich?","더 좋은 방어구 없습니까?","","False","DIA_Lee_ArmorH_15_00","",""
"Scripts/Content/Story/Dialoge/DIA_SLD_800_Lee.d:1187","Ich habe eine.","있고 말고.","","False","DIA_Lee_ArmorH_04_01","",""
"Scripts/Content/Story/Dialoge/DIA_SLD_800_Lee.d:1202","Schwere Söldnerrüstung kaufen. Schutz: Waffen 80, Pfeile 80. Kosten: 2500 Gold","중형 용병 방어구 구입. 보호력: 무기 80, 화살 80. 비용: 2500 금","","False","DIA_Lee_BuyArmorH.description","",""
"Scripts/Content/Story/Dialoge/DIA_SLD_800_Lee.d:1216","Gib mir die schwere Rüstung.","중형 방어구를 주십시오.","","False","DIA_Lee_BuyArmorH_15_00","",""
"Scripts/Content/Story/Dialoge/DIA_SLD_800_Lee.d:1220","Hier. Eine sehr gute Rüstung. Es ist die gleiche, die ich auch trage.","여기 있다. 아주 훌륭한 방어구지. 내가 입고 있는 것과 똑같은 거다.","","False","DIA_Lee_BuyArmorH_04_01","",""
"Scripts/Content/Story/Dialoge/DIA_SLD_800_Lee.d:1231","Du weißt, wie's läuft. Zuerst das Gold!","어떻게 해야 할지 알겠지. 먼저 금부터 내놔!","","False","DIA_Lee_BuyArmorH_04_02","",""
"Scripts/Content/Story/Dialoge/DIA_SLD_800_Lee.d:1244","Hast du nicht noch was zu tun für mich?","저한테 시킬 일은 더 없습니까?","","False","DIA_Lee_Richter.description","",""
"Scripts/Content/Story/Dialoge/DIA_SLD_800_Lee.d:1259","Hast du nicht noch was zu tun für mich?","저한테 시킬 일은 더 없습니까?","","False","DIA_Lee_Richter_15_00","",""
"Scripts/Content/Story/Dialoge/DIA_SLD_800_Lee.d:1260","Du kriegst den Hals nicht voll, was? Du hast doch so schon genug Ärger. Was willst du denn noch?","너도 참 지치지도 않는군, 그래? 지금도 곤란한 일이 산더미일 텐데. 또 뭘 원하는 거냐?","","False","DIA_Lee_Richter_04_01","",""
"Scripts/Content/Story/Dialoge/DIA_SLD_800_Lee.d:1261","Noch einen Job. Ich bin Söldner, schon vergessen?","다른 일거리요. 저는 용병입니다, 잊으셨습니까?","","False","DIA_Lee_Richter_15_02","",""
"Scripts/Content/Story/Dialoge/DIA_SLD_800_Lee.d:1262","In Ordnung. Ich hab da was. Das wäre genau das Richtige für dich.","좋아. 마침 하나 있지. 너한테 딱 맞는 일이야.","","False","DIA_Lee_Richter_04_03","",""
"Scripts/Content/Story/Dialoge/DIA_SLD_800_Lee.d:1263","Ich habe mit dem Richter der Stadt noch eine Rechnung offen. Am liebsten würde ich die Sache selbst erledigen.","도시의 판사 녀석과 끝내지 못한 일이 하나 있거든. 내 손으로 직접 처리하고 싶지만 말이야.","","False","DIA_Lee_Richter_04_04","",""
"Scripts/Content/Story/Dialoge/DIA_SLD_800_Lee.d:1264","Die Paladine würden mich aber nicht mal nahe genug an sein Haus lassen, um mit einem Stein nach ihm werfen zu können.","팔라딘들이 그의 집 근처에는 돌멩이 하나 던질 수 있을 만큼도 얼씬거리지 못하게 하니까.","","False","DIA_Lee_Richter_04_05","",""
"Scripts/Content/Story/Dialoge/DIA_SLD_800_Lee.d:1265","Die Sache muss schon ein bisschen durchdachter ablaufen. Also pass auf. Du wirst zum Richter gehen und ihm deine Dienste anbieten.","이 일은 좀 더 치밀하게 처리해야 해. 잘 들어라. 판사에게 가서 그의 부하가 되겠다고 자원해.","","False","DIA_Lee_Richter_04_06","",""
"Scripts/Content/Story/Dialoge/DIA_SLD_800_Lee.d:1266","Du wirst versuchen, sein Vertrauen zu gewinnen und irgendwelche schmierigen Aufträge für ihn erledigen, bis du etwas Belastendes gegen ihn finden kannst.","그의 신임을 얻고 지저분한 심부름들을 처리하면서 그를 옭아맬 증거를 찾아내는 거다.","","False","DIA_Lee_Richter_04_07","",""
"Scripts/Content/Story/Dialoge/DIA_SLD_800_Lee.d:1267","Der Kerl hat so viel Dreck am Stecken, dass es zum Himmel stinkt.","그 자식은 하늘을 찌를 만큼 더러운 짓을 많이 저질렀으니까.","","False","DIA_Lee_Richter_04_08","",""
"Scripts/Content/Story/Dialoge/DIA_SLD_800_Lee.d:1268","Bring mir etwas, womit ich ihn bei der Miliz anschwärzen kann, so dass er für den Rest seines Lebens im Knast verschimmelt.","민병대에 넘겨서 평생 감방에서 썩게 만들 수 있는 증거를 가져와라.","","False","DIA_Lee_Richter_04_09","",""
"Scripts/Content/Story/Dialoge/DIA_SLD_800_Lee.d:1269","Ich will aber nicht, dass du ihn umbringst. Das wäre viel zu schnell. Ich will, dass er leidet, verstehst du?","하지만 그를 죽여서는 안 돼. 그건 너무 자비롭잖아. 고통받게 만들고 싶거든, 알겠나?","","False","DIA_Lee_Richter_04_10","",""
"Scripts/Content/Story/Dialoge/DIA_SLD_800_Lee.d:1270","Meinst du, du kriegst das hin?","해낼 수 있겠나?","","False","DIA_Lee_Richter_04_11","",""
"Scripts/Content/Story/Dialoge/DIA_SLD_800_Lee.d:1279","Das mach´ ich nicht.","안 합니다.","","False","DIA_Lee_Richter_Info.DIA_Lee_Richter.DIA_Lee_Richter_nein","Info_AddChoice",""
"Scripts/Content/Story/Dialoge/DIA_SLD_800_Lee.d:1280","Kein Problem. Wieviel?","문제없습니다. 얼마죠?","","False","DIA_Lee_Richter_Info.DIA_Lee_Richter.DIA_Lee_Richter_wieviel","Info_AddChoice",""
"Scripts/Content/Story/Dialoge/DIA_SLD_800_Lee.d:1285","Kein Problem. Wie viel?","문제없습니다. 얼마죠?","","False","DIA_Lee_Richter_wieviel_15_00","",""
"Scripts/Content/Story/Dialoge/DIA_SLD_800_Lee.d:1286","Deine Belohnung hängt davon ab, was du mir bringst. Also streng dich an.","보상은 네가 뭘 가져오느냐에 달렸지. 그러니 제대로 해보라고.","","False","DIA_Lee_Richter_wieviel_04_01","",""
"Scripts/Content/Story/Dialoge/DIA_SLD_800_Lee.d:1292","Das mach ich nicht. Ich spiel doch nicht den Fußabtreter für den Dreckskerl.","안 하겠습니다. 그 더러운 자식의 발판 노릇을 할 생각은 없으니까요.","","False","DIA_Lee_Richter_nein_15_00","",""
"Scripts/Content/Story/Dialoge/DIA_SLD_800_Lee.d:1293","Stell dich nicht so an. Immerhin hat er dich damals verknackt und in die Barriere werfen lassen. Schon vergessen?","너무 엄살 피우지 마라. 어쨌든 녀석은 옛날에 너를 잡아넣고 장벽 너머로 던져버렸던 놈이야. 잊었나?","","False","DIA_Lee_Richter_nein_04_01","",""
"Scripts/Content/Story/Dialoge/DIA_SLD_800_Lee.d:1294","Mach, was du willst, aber ich denke, du wirst dich richtig entscheiden.","마음대로 해라. 하지만 현명한 결정을 내리게 될 거다.","","False","DIA_Lee_Richter_nein_04_02","",""
"Scripts/Content/Story/Dialoge/DIA_SLD_800_Lee.d:1307","Ich hab was Belastendes gegen den Richter gefunden.","판사를 옭아맬 증거를 찾았습니다.","","False","DIA_Lee_RichterBeweise.description","",""
"Scripts/Content/Story/Dialoge/DIA_SLD_800_Lee.d:1323","Ich hab was Belastendes gegen den Richter gefunden.","판사를 옭아맬 증거를 찾았습니다.","","False","DIA_Lee_RichterBeweise_15_00","",""
"Scripts/Content/Story/Dialoge/DIA_SLD_800_Lee.d:1324","Wirklich? Was ist es?","정말인가? 뭔지 말해봐.","","False","DIA_Lee_RichterBeweise_04_01","",""
"Scripts/Content/Story/Dialoge/DIA_SLD_800_Lee.d:1325","Er hat einige Typen damit beauftragt, den Statthalter von Khorinis zu überfallen.","코리니스 행정관을 습격하라고 녀석들에게 지시했더군요.","","False","DIA_Lee_RichterBeweise_15_02","",""
"Scripts/Content/Story/Dialoge/DIA_SLD_800_Lee.d:1326","Kurz danach hat er sie verhaften lassen und sich das ganze Gold eingestrichen.","그러고는 얼마 안 있어 그들을 체포하게 만들고 금을 싹 쓸어갔습니다.","","False","DIA_Lee_RichterBeweise_15_03","",""
"Scripts/Content/Story/Dialoge/DIA_SLD_800_Lee.d:1327","Ich hab dir den schriftlichen Auftrag des Richters an die Kerle als Beweis dafür mitgebracht.","증거로 쓰려고 그 녀석들에게 내린 판사의 자필 지시서도 가져왔습니다.","","False","DIA_Lee_RichterBeweise_15_04","",""
"Scripts/Content/Story/Dialoge/DIA_SLD_800_Lee.d:1328","Zeig her.","어디 보자.","","False","DIA_Lee_RichterBeweise_04_05","",""
"Scripts/Content/Story/Dialoge/DIA_SLD_800_Lee.d:1334","Na, endlich. Das wird reichen, ihn bluten zu lassen. Ich bin beeindruckt.","드디어. 피눈물을 흘리게 만들기에 충분하겠군. 감탄스러운데.","","False","DIA_Lee_RichterBeweise_04_06","",""
"Scripts/Content/Story/Dialoge/DIA_SLD_800_Lee.d:1335","Das lass ich mir einiges kosten. Hier hast du deine Belohnung.","그에 걸맞은 보상을 주지. 자, 여기 보상이다.","","False","DIA_Lee_RichterBeweise_04_07","",""
"Scripts/Content/Story/Dialoge/DIA_SLD_800_Lee.d:1340","Und zu keinem ein Wort darüber, klar?","그리고 이 일에 대해선 절대 발설하지 마라, 알겠나?","","False","DIA_Lee_RichterBeweise_04_08","",""
"Scripts/Content/Story/Dialoge/DIA_SLD_800_Lee.d:1344","Das ist toll. Aber die Geschichte hat sich schon erledigt. Der Richter ist tot.","다행이군요. 하지만 이미 끝난 일입니다. 판사는 죽었거든요.","","False","DIA_Lee_RichterBeweise_04_09","",""
"Scripts/Content/Story/Dialoge/DIA_SLD_800_Lee.d:1345","Irgendein Idiot hat ihn von dieser Welt gepustet. Na ja. Auch gut.","어떤 얼간이가 녀석을 저 세상으로 보냈더군. 뭐, 나쁠 건 없지.","","False","DIA_Lee_RichterBeweise_04_10","",""
"Scripts/Content/Story/Dialoge/DIA_SLD_800_Lee.d:1346","Hier hast du ein paar Kröten. Mehr ist mir der Lappen hier nicht mehr wert.","여기 동전 몇 푼 받아라. 이 쪼가리 쪽지도 이제 그 정도 가치밖에 안 되니까.","","False","DIA_Lee_RichterBeweise_04_11","",""
"Scripts/Content/Story/Dialoge/DIA_SLD_800_Lee.d:1363","Was ist mit Bennet?","베넷은 어떻게 됐어?","","False","DIA_Lee_TalkAboutBennet.description","",""
"Scripts/Content/Story/Dialoge/DIA_SLD_800_Lee.d:1377","Was ist mit Bennet?","베넷은 어떻게 됐어?","","False","DIA_Lee_TalkAboutBennet_15_00","",""
"Scripts/Content/Story/Dialoge/DIA_SLD_800_Lee.d:1378","Du hast es also schon mitgekriegt. Die Hunde haben ihn eingelocht, einfach so.","벌써 들었겠군. 그 개 崽子들이 영문도 모른 채 그를 처넣었어.","","False","DIA_Lee_TalkAboutBennet_04_01","",""
"Scripts/Content/Story/Dialoge/DIA_SLD_800_Lee.d:1381","Als ob ich nicht schon genug Probleme mit meinen eigenen Leuten hätte, jetzt kann ich mich auch noch um die Paladine kümmern.","내 부하들 문제만으로도 골치가 아픈데, 이제는 팔라딘들까지 신경 쓰게 생겼군.","","False","DIA_Lee_TalkAboutBennet_04_02","",""
"Scripts/Content/Story/Dialoge/DIA_SLD_800_Lee.d:1394","Was willst du wegen Bennet unternehmen?","베넷을 위해 뭘 할 생각이지?","","False","DIA_Lee_DoAboutBennet.description","",""
"Scripts/Content/Story/Dialoge/DIA_SLD_800_Lee.d:1408","Was willst du wegen Bennet unternehmen?","베넷을 위해 뭘 할 생각이지?","","False","DIA_Lee_DoAboutBennet_15_00","",""
"Scripts/Content/Story/Dialoge/DIA_SLD_800_Lee.d:1409","Ich weiß noch nicht. Ein paar von den Jungs würden am liebsten in die Stadt rennen und diesem Lord Hagen die Zähne einschlagen.","아직 잘 모르겠어. 녀석들 중 몇 년은 당장 도시로 달려가 헤이건 경의 주둥이를 날려버리고 싶어 하지.","","False","DIA_Lee_DoAboutBennet_04_01","",""
"Scripts/Content/Story/Dialoge/DIA_SLD_800_Lee.d:1410","Zum Glück sind wir nicht genug Leute für so eine Aktion, außerdem ist es nicht mein Stil.","다행히 그런 짓을 벌일 만큼 사람이 많지도 않고, 무엇보다 내 방식도 아니야.","","False","DIA_Lee_DoAboutBennet_04_02","",""
"Scripts/Content/Story/Dialoge/DIA_SLD_800_Lee.d:1411","Willst du hier bleiben und abwarten, was passiert?","여기에 남아 어떻게 되는지 지켜보기만 할 건가?","","False","DIA_Lee_DoAboutBennet_15_03","",""
"Scripts/Content/Story/Dialoge/DIA_SLD_800_Lee.d:1412","Bestimmt nicht.","그럴 리가.","","False","DIA_Lee_DoAboutBennet_04_04","",""
"Scripts/Content/Story/Dialoge/DIA_SLD_800_Lee.d:1418","Lares ist noch in der Stadt und versucht herauszufinden, wie wir Bennet da rausholen können.","라레스가 아직 도시에 남아 베넷을 빼낼 방법을 알아보고 있어.","","False","DIA_Lee_DoAboutBennet_04_05","",""
"Scripts/Content/Story/Dialoge/DIA_SLD_800_Lee.d:1419","Bis das geschehen ist, versuche ich, meine Leute zu beruhigen. Ich hoffe nur, dass Lares nicht so lange braucht.","그때까지는 내 부하들을 진정시키려 애쓰고 있지. 라레스가 너무 오래 걸리지 않기를 바랄 뿐이야.","","False","DIA_Lee_DoAboutBennet_04_06","",""
"Scripts/Content/Story/Dialoge/DIA_SLD_800_Lee.d:1425","Ach ja. Bevor ich es vergesse ... Buster will mit dir sprechen. Worum es geht, wollte er mir nicht sagen. Vielleicht gehst du mal zu ihm!","아, 그래. 잊기 전에 말하는데… 버스터가 너를 찾더군. 무슨 일인지는 말해주지 않았어. 그를 찾아가 보는 게 어때!","","False","DIA_Lee_DoAboutBennet_04_07","",""
"Scripts/Content/Story/Dialoge/DIA_SLD_800_Lee.d:1438","Kann ich dir bei der Sache mit Bennet helfen?","베넷 일에 내가 도울 수 있을까?","","False","DIA_Lee_CanHelpYou.description","",""
"Scripts/Content/Story/Dialoge/DIA_SLD_800_Lee.d:1452","Kann ich dir bei der Sache mit Bennet helfen?","베넷 일에 내가 도울 수 있을까?","","False","DIA_Lee_CanHelpYou_15_00","",""
"Scripts/Content/Story/Dialoge/DIA_SLD_800_Lee.d:1453","Klar, ein bisschen Grips und Vernunft wird der Sache sicherlich gut tun.","물론이지, 약간의 머리와 상식만 있다면 이 일에 큰 도움이 될 거야.","","False","DIA_Lee_CanHelpYou_04_01","",""
"Scripts/Content/Story/Dialoge/DIA_SLD_800_Lee.d:1454","Idioten laufen hier, weiß Innos, genug rum.","이노스도 아시겠지만, 얼간이들은 여기저기에 넘쳐나니까.","","False","DIA_Lee_CanHelpYou_04_02","",""
"Scripts/Content/Story/Dialoge/DIA_SLD_800_Lee.d:1455","Geh in die Stadt und sieh zu, dass du einen Weg findest, Bennet da rauszuholen.","도시로 가서 베넷을 꺼낼 방법을 찾아봐.","","False","DIA_Lee_CanHelpYou_04_03","",""
"Scripts/Content/Story/Dialoge/DIA_SLD_800_Lee.d:1456","Aber lass dir nicht zu viel Zeit, ich weiß nicht, wie lange ich die Männer unter Kontrolle halten kann.","하지만 너무 지체하진 마. 부하들을 언제까지 통제할 수 있을지 모르겠으니까.","","False","DIA_Lee_CanHelpYou_04_04","",""
"Scripts/Content/Story/Dialoge/DIA_SLD_800_Lee.d:1473","Gibt's was Neues wegen Bennet?","베넷에 대해 새로운 소식이라도 있나?","","False","DIA_Lee_AnyNews.description","",""
"Scripts/Content/Story/Dialoge/DIA_SLD_800_Lee.d:1488","Gibt's was Neues wegen Bennet?","베넷에 대해 새로운 소식이라도 있나?","","False","DIA_Lee_AnyNews_15_00","",""
"Scripts/Content/Story/Dialoge/DIA_SLD_800_Lee.d:1492","Er scheint im Knast zumindest keine bleibenden Schäden davongetragen zu haben.","적어도 감옥에서 영구적인 피해를 입지는 않은 모양이야.","","False","DIA_Lee_AnyNews_04_01","",""
"Scripts/Content/Story/Dialoge/DIA_SLD_800_Lee.d:1493","Gute Arbeit.","수고했어.","","False","DIA_Lee_AnyNews_04_02","",""
"Scripts/Content/Story/Dialoge/DIA_SLD_800_Lee.d:1503","Nein, wir wissen noch nicht genug.","아니, 아직 알아낸 게 부족해.","","False","DIA_Lee_AnyNews_04_03","",""
"Scripts/Content/Story/Dialoge/DIA_SLD_800_Lee.d:1516","Was ist in der Zwischenzeit passiert?","그동안 무슨 일이 있었나?","","False","DIA_Lee_SYLVIO.description","",""
"Scripts/Content/Story/Dialoge/DIA_SLD_800_Lee.d:1529","Was ist in der Zwischenzeit passiert?","그동안 무슨 일이 있었나?","","False","DIA_Lee_SYLVIO_15_00","",""
"Scripts/Content/Story/Dialoge/DIA_SLD_800_Lee.d:1530","Sylvio, der Mistkerl, hat was über die Drachen im Minental gehört und hat darauf hin alle hier auf dem Hof völlig verrückt gemacht.","그 몹쓸 녀석, 실비오가 광산 계곡의 드래곤에 대해 듣고는 농장에 있는 모두를 완전히 미치게 만들었어.","","False","DIA_Lee_SYLVIO_04_01","",""
"Scripts/Content/Story/Dialoge/DIA_SLD_800_Lee.d:1531","Er hat versucht, die Jungs zu überreden, ihm ins Minental zu folgen. Ruhm, Ehre, Gold und alles mögliche hat er ihnen versprochen.","그는 부하들을 꼬셔서 광산 계곡으로 따라오게 하려고 했지. 명예와 영광, 금 그리고 온갖 것들을 약속하면서 말이야.","","False","DIA_Lee_SYLVIO_04_02","",""
"Scripts/Content/Story/Dialoge/DIA_SLD_800_Lee.d:1532","Viele von ihnen hatten kein Interesse, sich für Sylvio töten zu lassen, aber es gab da so manchen Idioten, den konnte er doch überzeugen.","다들 실비오를 위해 죽고 싶어 하진 않았지만, 그 헛소리에 넘어간 얼간이들도 꽤 있었지.","","False","DIA_Lee_SYLVIO_04_03","",""
"Scripts/Content/Story/Dialoge/DIA_SLD_800_Lee.d:1533","Das Ende vom Lied war, dass sie sich von Bennet haben ausrüsten lassen und dann kurzerhand losgezogen sind.","결국 그들은 베넷에게 장비를 챙겨 받더니 냅다 떠나버렸어.","","False","DIA_Lee_SYLVIO_04_04","",""
"Scripts/Content/Story/Dialoge/DIA_SLD_800_Lee.d:1534","(winkt ab) Eh. Im Grunde bin ich froh, dass Sylvio endlich vom Hof ist.","(손을 내저으며) 흐음. 솔직히 실비오가 드디어 농장을 떠나서 다행이야.","","False","DIA_Lee_SYLVIO_04_05","",""
"Scripts/Content/Story/Dialoge/DIA_SLD_800_Lee.d:1581","Kannst du mich trainieren?","날 훈련해 줄 수 있나?","","False","DIA_Lee_CanTeach.description","",""
"Scripts/Content/Story/Dialoge/DIA_SLD_800_Lee.d:1595","Kannst du mich trainieren?","날 훈련해 줄 수 있나?","","False","DIA_Lee_CanTeach_15_00","",""
"Scripts/Content/Story/Dialoge/DIA_SLD_800_Lee.d:1597","Ich kann dir zeigen, wie man mit dem Zweihänder kämpft.","양손 무기로 싸우는 법을 가르쳐 줄 수는 있지.","","False","DIA_Lee_CanTeach_04_01","",""
"Scripts/Content/Story/Dialoge/DIA_SLD_800_Lee.d:1601","Allerdings habe ich nicht die Zeit, dir auch noch die Grundlagen beizubringen.","하지만 기초까지 가르쳐 줄 시간은 없어.","","False","DIA_Lee_CanTeach_04_02","",""
"Scripts/Content/Story/Dialoge/DIA_SLD_800_Lee.d:1602","Sobald du eine gewisse Fähigkeit hast, werde ich mich deiner annehmen. Vorher solltest du dir einen anderen Lehrer suchen.","어느 정도 실력이 쌓이면 그때 받아주마. 그전에는 다른 스승을 찾아보는 게 좋을 거야.","","False","DIA_Lee_CanTeach_04_03","",""
"Scripts/Content/Story/Dialoge/DIA_SLD_800_Lee.d:1606","Ich hab schon gehört, dass du ziemlich gut bist. Aber ich wette, ich kann dir noch ein paar Sachen beibringen.","네가 꽤 실력 있다는 건 들었어. 하지만 내겐 아직 몇 가지 더 배울 게 있을걸.","","False","DIA_Lee_CanTeach_04_04","",""
"Scripts/Content/Story/Dialoge/DIA_SLD_800_Lee.d:1616","Also, wenn du willst, bringe ich dir etwas bei. Das wird dich allerdings 'ne Kleinigkeit kosten.","원한다면 가르쳐 주지. 대신 대가는 좀 치러야 할 거야.","","False","DIA_Lee_CanTeach_04_05","",""
"Scripts/Content/Story/Dialoge/DIA_SLD_800_Lee.d:1617","Wie viel?","얼마나?","","False","DIA_Lee_CanTeach_15_06","",""
"Scripts/Content/Story/Dialoge/DIA_SLD_800_Lee.d:1618","1000 Goldstücke und wir sind im Geschäft.","1000 금화면 거래 성사다.","","False","DIA_Lee_CanTeach_04_07","",""
"Scripts/Content/Story/Dialoge/DIA_SLD_800_Lee.d:1621","Das ist mir zu teuer.","너무 비싸군.","","False","DIA_Lee_CanTeach_Info.DIA_Lee_CanTeach.DIA_Lee_CanTeach_No","Info_AddChoice",""
"Scripts/Content/Story/Dialoge/DIA_SLD_800_Lee.d:1625","Einverstanden. Hier ist das Geld.","좋아. 여기 돈이네.","","False","DIA_Lee_CanTeach_Info.DIA_Lee_CanTeach.DIA_Lee_CanTeach_Yes","Info_AddChoice",""
"Scripts/Content/Story/Dialoge/DIA_SLD_800_Lee.d:1633","Das ist mir zu teuer.","너무 비싸군.","","False","DIA_Lee_CanTeach_No_15_00","",""
"Scripts/Content/Story/Dialoge/DIA_SLD_800_Lee.d:1634","Überleg's dir, Lehrer in meiner Gewichtsklasse wirst du schwer finden.","잘 생각해 봐. 나와 같은 체급의 스승은 찾기 힘들 테니까.","","False","DIA_Lee_CanTeach_No_04_01","",""
"Scripts/Content/Story/Dialoge/DIA_SLD_800_Lee.d:1641","Einverstanden. Hier ist das Gold.","좋아. 여기 금화가 있네.","","False","DIA_Lee_CanTeach_Yes_15_00","",""
"Scripts/Content/Story/Dialoge/DIA_SLD_800_Lee.d:1642","Also gut, ich verspreche dir: Ich bin meinen Preis wert.","좋아, 약속하지. 그 돈만큼 값어치는 할 테니까.","","False","DIA_Lee_CanTeach_Yes_04_01","",""
"Scripts/Content/Story/Dialoge/DIA_SLD_800_Lee.d:1661","Lass uns mit dem Training beginnen.","훈련을 시작하자.","","False","DIA_Lee_Teach.description","",""
"Scripts/Content/Story/Dialoge/DIA_SLD_800_Lee.d:1674","Lass uns mit dem Training beginnen.","훈련을 시작하자.","","False","DIA_Lee_Teach_15_00","",""
"Scripts/Content/Story/Dialoge/DIA_SLD_800_Lee.d:1693","Du bist jetzt ein wahrer Meister im beidhändigen Kampf.","너는 이제 양손 무기 싸움의 진정한 달인이다.","","False","DIA_DIA_Lee_Teach_2H_1_04_00","",""
"Scripts/Content/Story/Dialoge/DIA_SLD_800_Lee.d:1694","Du brauchst keinen Lehrer mehr.","너는 더 이상 스승이 필요 없다.","","False","DIA_DIA_Lee_Teach_2H_1_04_01","",""
"Scripts/Content/Story/Dialoge/DIA_SLD_800_Lee.d:1709","Du bist jetzt ein wahrer Meister im beidhändigen Kampf.","너는 이제 양손 무기 싸움의 진정한 달인이다.","","False","DIA_Lee_Teach_2H_5_04_00","",""
"Scripts/Content/Story/Dialoge/DIA_SLD_800_Lee.d:1710","Du brauchst keinen Lehrer mehr.","너는 더 이상 스승이 필요 없다.","","False","DIA_Lee_Teach_2H_5_04_01","",""
"Scripts/Content/Story/Dialoge/DIA_SLD_800_Lee.d:1728","Die Echsenmenschen verteilen Dracheneier über's ganze Land.","도마뱀 인간들이 온 땅에 드래곤 알을 퍼뜨리고 있어.","","False","DIA_Lee_DRACHENEI.description","",""
"Scripts/Content/Story/Dialoge/DIA_SLD_800_Lee.d:1741","Die Echsenmenschen verteilen Dracheneier über's ganze Land.","도마뱀 인간들이 온 땅에 드래곤 알을 퍼뜨리고 있어.","","False","DIA_Lee_DRACHENEI_15_00","",""
"Scripts/Content/Story/Dialoge/DIA_SLD_800_Lee.d:1743","Das hätte ich mir denken können. Es wird Zeit, dass wir hier verschwinden.","그럴 줄 알았어. 이제 여기서 떠날 때가 되었군.","","False","DIA_Lee_DRACHENEI_04_01","",""
"Scripts/Content/Story/Dialoge/DIA_SLD_800_Lee.d:1747","Was soll ich jetzt damit machen?","이걸로 뭘 해야 하지?","","False","DIA_Lee_DRACHENEI_15_02","",""
"Scripts/Content/Story/Dialoge/DIA_SLD_800_Lee.d:1748","Zerschlagen. Was sonst?","부숴버려. 다른 방법이라도 있나?","","False","DIA_Lee_DRACHENEI_04_03","",""
"Scripts/Content/Story/Dialoge/DIA_SLD_800_Lee.d:1749","Vielleicht kann man die Schale für den Rüstungsbau oder ähnliches verwenden.","껍데기는 방어구 같은 걸 만드는 데 쓸 수 있을지도 몰라.","","False","DIA_Lee_DRACHENEI_04_04","",""
"Scripts/Content/Story/Dialoge/DIA_SLD_800_Lee.d:1750","Sie sieht ziemlich stabil aus. Sprich mal mit Bennet darüber.","꽤 단단해 보이는군. 베넷에게 이야기해 봐.","","False","DIA_Lee_DRACHENEI_04_05","",""
"Scripts/Content/Story/Dialoge/DIA_SLD_800_Lee.d:1765","Wie läuft's auf dem Hof? ","농장은 어떻게 돌아가고 있나? ","","False","DIA_Lee_KAP4_Perm.description","",""
"Scripts/Content/Story/Dialoge/DIA_SLD_800_Lee.d:1778","Wie läuft's auf dem Hof?","농장은 어떻게 돌아가고 있나?","","False","DIA_Lee_KAP4_Perm_15_00","",""
"Scripts/Content/Story/Dialoge/DIA_SLD_800_Lee.d:1779","Na ja, seit Sylvio weg ist, haben wir hier endlich mehr Ruhe.","글쎄, 실비오가 떠난 이후로 드디어 이곳도 조용해졌어.","","False","DIA_Lee_KAP4_Perm_04_01","",""
"Scripts/Content/Story/Dialoge/DIA_SLD_800_Lee.d:1780","Hört sich doch gut an.","잘됐네.","","False","DIA_Lee_KAP4_Perm_15_02","",""
"Scripts/Content/Story/Dialoge/DIA_SLD_800_Lee.d:1781","Leider haben wir nicht weniger Arbeit. Die Männer werden immer unzufriedener, weil sie jetzt auch noch die Aufgaben von Sylvios Männern machen müssen.","안타깝게도 일이 줄어든 건 아니야. 부하들은 실비오 부하들의 몫까지 일해야 해서 불만이 점점 쌓여가고 있어.","","False","DIA_Lee_KAP4_Perm_04_03","",""
"Scripts/Content/Story/Dialoge/DIA_SLD_800_Lee.d:1782","Aber lass das mal meine Sorge sein. Mit denen werde ich schon fertig.","하지만 그건 내가 알아서 할 테니 걱정 마. 내가 잘 다룰 테니까.","","False","DIA_Lee_KAP4_Perm_04_04","",""
"Scripts/Content/Story/Dialoge/DIA_SLD_800_Lee.d:1828","Hast du eine Ahnung, wie ich an das Schiff der Paladine komme?","팔라딘들의 배를 손에 넣을 방법이 있을까?","","False","DIA_Lee_GetShip.description","",""
"Scripts/Content/Story/Dialoge/DIA_SLD_800_Lee.d:1841","Hast du eine Ahnung, wie ich an das Schiff der Paladine komme?","팔라딘들의 배를 손에 넣을 방법이 있을까?","","False","DIA_Lee_GetShip_15_00","",""
"Scripts/Content/Story/Dialoge/DIA_SLD_800_Lee.d:1842","Meinst du, dann wäre ich noch hier? Das Ding ist besser bewacht als früher die Erztransporte des alten Lagers.","내가 방법을 알았으면 아직도 여기에 있었겠나? 그 배는 옛 영지의 광석 수송대보다 더 삼엄하게 경비되고 있어.","","False","DIA_Lee_GetShip_04_01","",""
"Scripts/Content/Story/Dialoge/DIA_SLD_800_Lee.d:1843","Es muss doch eine Möglichkeit geben, auf das Schiff zu kommen.","배에 올라탈 방법이 분명 있을 텐데.","","False","DIA_Lee_GetShip_15_02","",""
"Scripts/Content/Story/Dialoge/DIA_SLD_800_Lee.d:1844","Klar. Drauf kommen ist einfach.","물론 있지. 올라타는 건 쉬워.","","False","DIA_Lee_GetShip_04_03","",""
"Scripts/Content/Story/Dialoge/DIA_SLD_800_Lee.d:1852","Immerhin haben wir jetzt den Richter in unserer Gewalt. Du gehst am besten zu ihm und quetscht ein Ermächtigungsschreiben für das Schiff aus ihm heraus.","결국 판사를 우리 손아귀에 넣었잖아. 그를 찾아가서 배에 대한 위임장을 받아내는 게 좋을 거야.","","False","DIA_Lee_GetShip_04_04","",""
"Scripts/Content/Story/Dialoge/DIA_SLD_800_Lee.d:1858","Ich habe hier ein gefälschtes Ermächtigungsschreiben. Damit werden dich die Schiffswachen passieren lassen.","여기 위조된 위임장이 있다. 이걸 보여주면 선원들이 통과시켜 줄 거야.","","False","DIA_Lee_GetShip_04_05","",""
"Scripts/Content/Story/Dialoge/DIA_SLD_800_Lee.d:1863","Aber das ist noch nicht alles. Um das Schiff zu lenken, brauchst du einen Kapitän, 'ne Mannschaft und so weiter.","하지만 그것만이 다가 아니야. 배를 항해하려면 선장도 필요하고, 선원도 필요하고 등등….","","False","DIA_Lee_GetShip_04_06","",""
"Scripts/Content/Story/Dialoge/DIA_SLD_800_Lee.d:1864","Da hängt ein riesiger Rattenschwanz dran.","딸려오는 귀찮은 일들이 산더미지.","","False","DIA_Lee_GetShip_04_07","",""
"Scripts/Content/Story/Dialoge/DIA_SLD_800_Lee.d:1874","Wen soll ich als Mannschaft anheuern?","어떤 사람들을 선원으로 고용해야 할까?","","False","DIA_Lee_GetShip_Info.DIA_Lee_GetShip.DIA_Lee_GetShip_crew","Info_AddChoice",""
"Scripts/Content/Story/Dialoge/DIA_SLD_800_Lee.d:1878","Kennst du jemanden, der ein Schiff lenken kann?","배를 조종할 수 있는 사람을 아나?","","False","DIA_Lee_GetShip_Info.DIA_Lee_GetShip.DIA_Lee_GetShip_torlof","Info_AddChoice",""
"Scripts/Content/Story/Dialoge/DIA_SLD_800_Lee.d:1884","Kennst du jemanden, der ein Schiff lenken kann?","배를 조종할 수 있는 사람을 아나?","","False","DIA_Lee_GetShip_torlof_15_00","",""
"Scripts/Content/Story/Dialoge/DIA_SLD_800_Lee.d:1885","Soviel ich weiß, ist Torlof früher zur See gefahren. Er kennt sich aus.","내 기억으로는 토를로프가 예전에 항해를 한 적이 있어. 그는 바다를 잘 알지.","","False","DIA_Lee_GetShip_torlof_04_01","",""
"Scripts/Content/Story/Dialoge/DIA_SLD_800_Lee.d:1892","Wen soll ich als Mannschaft anheuern?","어떤 사람들을 선원으로 고용해야 할까?","","False","DIA_Lee_GetShip_crew_15_00","",""
"Scripts/Content/Story/Dialoge/DIA_SLD_800_Lee.d:1893","Das musst du selbst entscheiden. Aber ich würde nur Leute mitnehmen, denen ich vertraue. Hast du genug Leute, denen du vertraust?","그건 네가 직접 결정해야 해. 하지만 내가 믿을 수 있는 사람들만 데려가는 게 좋을 거야. 믿을 만한 사람들은 충분히 모았나?","","False","DIA_Lee_GetShip_crew_04_01","",""
"Scripts/Content/Story/Dialoge/DIA_SLD_800_Lee.d:1894","Wenn du einen Schmied in deiner Mannschaft brauchst, solltest du Bennet fragen. Er ist sicherlich der Beste, denn du je finden wirst.","선원에 대장장이가 필요하다면 베넷에게 물어봐. 네가 찾을 수 있는 최고의 대장장이일 테니까.","","False","DIA_Lee_GetShip_crew_04_02","",""
"Scripts/Content/Story/Dialoge/DIA_SLD_800_Lee.d:1913","Die Sache mit dem Ermächtigungsschreiben hat geklappt.","위임장 건은 잘 해결됐어.","","False","DIA_Lee_GotRichtersPermissionForShip.description","",""
"Scripts/Content/Story/Dialoge/DIA_SLD_800_Lee.d:1926","Die Sache mit dem Ermächtigungsschreiben hat geklappt. Das Schiff gehört mir. Der Richter war sehr kooperativ.","위임장 건은 잘 해결됐어. 배는 이제 내 거야. 판사도 아주 협조적이었지.","","False","DIA_Lee_GotRichtersPermissionForShip_15_00","",""
"Scripts/Content/Story/Dialoge/DIA_SLD_800_Lee.d:1927","Tja. Dein langer Weg der Erniedrigung bei dem Kerl hat sich zu guter Letzt doch noch bezahlt gemacht.","그래. 그 자식 밑에서 겪은 모욕의 세월이 드디어 보답을 받는군.","","False","DIA_Lee_GotRichtersPermissionForShip_04_01","",""
"Scripts/Content/Story/Dialoge/DIA_SLD_800_Lee.d:1940","Ich will das Schiff klauen.","배를 훔칠 거야.","","False","DIA_Lee_StealShip.description","",""
"Scripts/Content/Story/Dialoge/DIA_SLD_800_Lee.d:1955","Ich will das Schiff klauen.","배를 훔칠 거야.","","False","DIA_Lee_StealShip_15_00","",""
"Scripts/Content/Story/Dialoge/DIA_SLD_800_Lee.d:1956","Und wie soll das passieren?","그래서 어떻게 하겠다는 거지?","","False","DIA_Lee_StealShip_04_01","",""
"Scripts/Content/Story/Dialoge/DIA_SLD_800_Lee.d:1957","Ganz einfach, ich gehe hin, zeige deine Papiere und nehme mir das Schiff.","간단해. 가서 네 서류를 보여주고 배를 차지하는 거지.","","False","DIA_Lee_StealShip_15_02","",""
"Scripts/Content/Story/Dialoge/DIA_SLD_800_Lee.d:1958","Wie du meinst. Hier, ich hoffe, du weißt, was du tust.","마음대로 해. 자, 네가 뭘 하는지 알고 있기를 바라마.","","False","DIA_Lee_StealShip_04_03","",""
"Scripts/Content/Story/Dialoge/DIA_SLD_800_Lee.d:1976","Würdest du mit aufs Schiff kommen?","나와 함께 배에 타겠나?","","False","DIA_Lee_KnowWhereEnemy.description","",""
"Scripts/Content/Story/Dialoge/DIA_SLD_800_Lee.d:1991","Würdest du mit aufs Schiff kommen?","나와 함께 배에 타겠나?","","False","DIA_Lee_KnowWhereEnemy_15_00","",""
"Scripts/Content/Story/Dialoge/DIA_SLD_800_Lee.d:1992","Machst du Witze? Natürlich wäre ich dabei. Ich hab auf dem Festland noch ein paar alte Rechnungen zu begleichen.","농담하는 건가? 당연히 함께 가지. 본토에서 끝내야 할 빚들이 좀 있거든.","","False","DIA_Lee_KnowWhereEnemy_04_01","",""
"Scripts/Content/Story/Dialoge/DIA_SLD_800_Lee.d:1993","Außerdem könnte ich dich im Kampf mit der Ein- und der Zweihandwaffe unterweisen. Ich könnte also von großem Nutzen für dich sein.","게다가 한손 무기와 양손 무기 싸움도 가르쳐 줄 수 있어. 네게 큰 도움이 될 거다.","","False","DIA_Lee_KnowWhereEnemy_04_02","",""
"Scripts/Content/Story/Dialoge/DIA_SLD_800_Lee.d:2001","Das Schiff ist voll, aber wenn sich was ergibt, komme ich wieder.","배가 꽉 찼지만, 자리가 나면 다시 오마.","","False","DIA_Lee_KnowWhereEnemy_15_03","",""
"Scripts/Content/Story/Dialoge/DIA_SLD_800_Lee.d:2006","Wenn ich dich brauchen kann, sage ich bescheid.","필요해지면 그때 연락하지.","","False","DIA_Lee_KnowWhereEnemy_Info.DIA_Lee_KnowWhereEnemy.DIA_Lee_KnowWhereEnemy_No","Info_AddChoice",""
"Scripts/Content/Story/Dialoge/DIA_SLD_800_Lee.d:2007","Dann pack deine Sachen!","그럼 짐을 챙겨!","","False","DIA_Lee_KnowWhereEnemy_Info.DIA_Lee_KnowWhereEnemy.DIA_Lee_KnowWhereEnemy_Yes","Info_AddChoice",""
"Scripts/Content/Story/Dialoge/DIA_SLD_800_Lee.d:2013","Dann pack deine Sachen!","그럼 짐을 챙겨!","","False","DIA_Lee_KnowWhereEnemy_Yes_15_00","",""
"Scripts/Content/Story/Dialoge/DIA_SLD_800_Lee.d:2014","Was denn? Jetzt sofort?","뭐? 당장 말인가?","","False","DIA_Lee_KnowWhereEnemy_Yes_04_01","",""
"Scripts/Content/Story/Dialoge/DIA_SLD_800_Lee.d:2015","Ja, ich habe vor, hier zu verschwinden, und wenn du mitkommen willst, komm zum Hafen. Wir treffen uns am Schiff.","그래, 난 여기서 뜰 생각이야. 같이 가고 싶다면 항구로 와. 배에서 만나자고.","","False","DIA_Lee_KnowWhereEnemy_Yes_15_02","",""
"Scripts/Content/Story/Dialoge/DIA_SLD_800_Lee.d:2016","Ich habe schon so lange auf diesen Moment gewartet. Ich werde dort sein.","이 순간만을 아주 오래 기다렸다. 그리로 가지.","","False","DIA_Lee_KnowWhereEnemy_Yes_04_03","",""
"Scripts/Content/Story/Dialoge/DIA_SLD_800_Lee.d:2037","Wenn ich dich brauchen kann, sage ich Bescheid.","필요해지면 그때 연락하지.","","False","DIA_Lee_KnowWhereEnemy_No_15_00","",""
"Scripts/Content/Story/Dialoge/DIA_SLD_800_Lee.d:2038","Du musst wissen, was du willst. Aber gute Kämpfer kann man nie genug um sich herum haben.","네 마음대로 해. 하지만 좋은 전사는 많을수록 좋지.","","False","DIA_Lee_KnowWhereEnemy_No_04_01","",""
"Scripts/Content/Story/Dialoge/DIA_SLD_800_Lee.d:2039","(grinst) Es sei denn, es sind so Schwachköpfe wie Sylvio.","(씩 웃으며) 실비오 같은 얼간이들만 빼면 말이야.","","False","DIA_Lee_KnowWhereEnemy_No_04_02","",""
"Scripts/Content/Story/Dialoge/DIA_SLD_800_Lee.d:2055","Ich kann dich doch nicht gebrauchen!","생각해 보니 널 데려갈 수 없겠어!","","False","DIA_Lee_LeaveMyShip.description","",""
"Scripts/Content/Story/Dialoge/DIA_SLD_800_Lee.d:2069","Ich kann dich doch nicht gebrauchen!","생각해 보니 널 데려갈 수 없겠어!","","False","DIA_Lee_LeaveMyShip_15_00","",""
"Scripts/Content/Story/Dialoge/DIA_SLD_800_Lee.d:2070","Wie du meinst, du weißt ja, wo du mich findest!","마음대로 해, 내가 어디 있는지 알 테니까!","","False","DIA_Lee_LeaveMyShip_04_01","",""
"Scripts/Content/Story/Dialoge/DIA_SLD_800_Lee.d:2088","Ich kann dich doch gebrauchen!","생각해 보니 네가 필요해!","","False","DIA_Lee_StillNeedYou.description","",""
"Scripts/Content/Story/Dialoge/DIA_SLD_800_Lee.d:2103","Ich kann dich doch gebrauchen!","생각해 보니 네가 필요해!","","False","DIA_Lee_StillNeedYou_15_00","",""
"Scripts/Content/Story/Dialoge/DIA_SLD_800_Lee.d:2107","Ich hab doch gewusst, dass du mich brauchst. Wir sehen uns am Schiff!","내가 나를 필요로 할 줄 알았지. 배에서 보세!","","False","DIA_Lee_StillNeedYou_04_01","",""
"Scripts/Content/Story/Dialoge/DIA_SLD_800_Lee.d:2123","Weißt du was, du kannst mich mal. Erst sagst du, ich soll kommen, dann schickst du mich wieder weg.","이봐, 너무하잖아. 오라고 할 때는 언제고, 이제 와서 쫓아내는 거야?","","False","DIA_Lee_StillNeedYou_04_02","",""
"Scripts/Content/Story/Dialoge/DIA_SLD_800_Lee.d:2124","Such dir einen anderen Idioten!","다른 얼간이나 찾아보라고!","","False","DIA_Lee_StillNeedYou_04_03","",""
"Scripts/Content/Story/Dialoge/DIA_SLD_800_Lee_DI.d:33","Welche Aufgabe willst du übernehmen?","어떤 임무를 맡을 건가?","","False","DIA_Lee_DI_Hallo.description","",""
"Scripts/Content/Story/Dialoge/DIA_SLD_800_Lee_DI.d:46","Welche Aufgabe willst du übernehmen?","어떤 임무를 맡을 건가?","","False","DIA_Lee_DI_Hallo_15_00","",""
"Scripts/Content/Story/Dialoge/DIA_SLD_800_Lee_DI.d:47","Jemand muss auf das Schiff achten. Ich werde hier bleiben und dafür sorgen, dass es bei deiner Rückkehr auch noch da ist.","누군가는 배를 지켜야지. 난 여기 남아 네가 돌아왔을 때 배가 그대로 있게 지킬 거야.","","False","DIA_Lee_DI_Hallo_04_01","",""
"Scripts/Content/Story/Dialoge/DIA_SLD_800_Lee_DI.d:60","Wie geht's meinem Schiff?","내 배는 무사한가?","","False","DIA_Lee_DI_PERM6.description","",""
"Scripts/Content/Story/Dialoge/DIA_SLD_800_Lee_DI.d:74","Wie geht's meinem Schiff?","내 배는 무사한가?","","False","DIA_Lee_DI_PERM6_15_00","",""
"Scripts/Content/Story/Dialoge/DIA_SLD_800_Lee_DI.d:78","Mach dir keine Sorgen. Ich hab hier alles im Griff.","걱정 마. 내가 여기서 전부 통제하고 있으니까.","","False","DIA_Lee_DI_PERM6_04_01","",""
"Scripts/Content/Story/Dialoge/DIA_SLD_800_Lee_DI.d:82","Alles in Ordnung! Die elenden Orks sollen ruhig wieder kommen. Dann kriegen sie ihre nächste Abreibung.","다 잘 돼가고 있어! 그 비참한 오크 녀석들이 다시 기어오면 좋겠군. 아주 뼈도 못 추리게 만들어 줄 테니까.","","False","DIA_Lee_DI_PERM6_04_02","",""
"Scripts/Content/Story/Dialoge/DIA_SLD_800_Lee_DI.d:98","Ich brauche Training.","훈련이 필요하다.","","False","DIA_Lee_DI_Teach.description","",""
"Scripts/Content/Story/Dialoge/DIA_SLD_800_Lee_DI.d:111","Ich brauche Training.","훈련이 필요하다.","","False","DIA_Lee_DI_Teach_15_00","",""
"Scripts/Content/Story/Dialoge/DIA_SLD_800_Lee_DI.d:112","Was genau willst du trainieren?","어떤 걸 정확히 훈련하고 싶나?","","False","DIA_Lee_DI_Teach_04_01","",""
"Scripts/Content/Story/Dialoge/DIA_SLD_800_Lee_DI.d:126","Deine Abwehr ist noch miserabel, aber irgendwie wird es schon gehen.","방어가 여전히 형편없지만, 어떻게든 해봐야겠지.","","False","DIA_Lee_DI_Teach_1H_1_04_00","",""
"Scripts/Content/Story/Dialoge/DIA_SLD_800_Lee_DI.d:141","Dein Handgelenk ist noch viel zu steif. Du musst die Waffe locker halten.","손목이 너무 뻣뻣해. 무기는 힘을 빼고 잡아야 한다.","","False","DIA_Lee_DI_Teach_1H_5_04_00","",""
"Scripts/Content/Story/Dialoge/DIA_SLD_800_Lee_DI.d:156","Denk immer daran, der Schwung kommt aus der Hüfte, nicht aus dem Handgelenk.","항상 명심해라. 휘두르는 힘은 손목이 아니라 허리에서 나오는 거다.","","False","DIA_DIA_Lee_DI_Teach_2H_1_04_00","",""
"Scripts/Content/Story/Dialoge/DIA_SLD_800_Lee_DI.d:171","Der heftigste Schlag ist nutzlos, sobald er ins Leere geht. Also setze deine Kraft bedacht ein.","아무리 강력한 일격도 빗나가면 소용없는 법이지. 그러니 힘은 신중하게 쓰도록 해라.","","False","DIA_Lee_DI_Teach_2H_5_04_00","",""
"Scripts/Content/Story/Dialoge/DIA_SLD_800_Lee_DI.d:197","Wir können jetzt wieder aufbrechen.","이제 다시 출발할 수 있습니다.","","False","DIA_Lee_DI_UndeadDragonDead.description","",""
"Scripts/Content/Story/Dialoge/DIA_SLD_800_Lee_DI.d:211","Wir können jetzt wieder aufbrechen. Der Feind ist tot.","이제 다시 출발할 수 있습니다. 적은 쓰러졌습니다.","","False","DIA_Lee_DI_UndeadDragonDead_15_00","",""
"Scripts/Content/Story/Dialoge/DIA_SLD_800_Lee_DI.d:212","Sehr gut. Dann sag dem Kapitän, dass er ablegen soll.","아주 좋아. 그럼 선장에게 닻을 올리라고 전해라.","","False","DIA_Lee_DI_UndeadDragonDead_04_01","",""
"Scripts/Content/Story/Dialoge/DIA_SLD_800_Lee_DI.d:217","Du bringst mich doch noch zum Festland, oder?","나를 본토까지 데려다주겠지, 안 그래?","","False","DIA_Lee_DI_UndeadDragonDead_04_02","",""
"Scripts/Content/Story/Dialoge/DIA_SLD_800_Lee_DI.d:218","Ja. Khorinis wird auch ohne dich auskommen.","그래. 코리니스는 당신 없이도 잘 버텨낼 거야.","","False","DIA_Lee_DI_UndeadDragonDead_15_03","",""
"Scripts/Content/Story/Dialoge/DIA_SLD_800_Lee_DI.d:220","Dann kann ich dem König endlich meine lang ersehnte Aufwartung machen.","드디어 그토록 고대하던 국왕을 뵙고 인사를 드릴 수 있겠군.","","False","DIA_Lee_Add_04_26","",""
"Scripts/Content/Story/Dialoge/DIA_SLD_800_Lee_DI.d:221","Ich habe lange darauf gewartet...","오랫동안 기다려왔다...","","False","DIA_Lee_Add_04_27","",""
"Scripts/Content/Story/Dialoge/DIA_SLD_800_Lee_DI.d:222","Was meinst du? Sollte es sich am Ende doch noch bezahlt gemacht haben, Geduld zu bewahren?","어떻게 생각하나? 인내심을 가진 보람이 결국은 있었다고 보지 않나?","","False","DIA_Lee_DI_UndeadDragonDead_04_05","",""
"Scripts/Content/Story/Dialoge/DIA_SLD_800_Lee_DI.d:223","Geduld und die passenden Argumente.","인내심과 확실한 설득력이요.","","False","DIA_Lee_DI_UndeadDragonDead_15_06","",""
"Scripts/Content/Story/Dialoge/DIA_SLD_800_Lee_DI.d:224","(lacht) Ja. Ohne ein bisschen Waffengewalt geht es nicht. Es war mir eine Ehre, mit dir in die Schlacht gezogen zu sein.","(웃음) 그래. 약간의 무력 없이는 안 되는 법이지. 자네와 함께 전장에 나설 수 있어서 영광이었네.","","False","DIA_Lee_DI_UndeadDragonDead_04_07","",""
"Scripts/Content/Story/Dialoge/DIA_SLD_800_Lee_DI.d:228","Mögen sich unsere Wege auch nach diesem Abenteuer irgendwann einmal wieder kreuzen.","이 모험이 끝난 후에도 언젠가 우리의 길이 다시 교차하길 바라네.","","False","DIA_Lee_DI_UndeadDragonDead_04_08","",""
"Scripts/Content/Story/Dialoge/DIA_SLD_801_Torlof.d:50","(brummig) Was willst du von mir?","(툴툴거리며) 내게 무슨 볼일이지?","","False","DIA_Torlof_Hallo_01_00","",""
"Scripts/Content/Story/Dialoge/DIA_SLD_801_Torlof.d:62","Ich will mich den Söldnern anschließen!","용병단에 들어가고 싶습니다!","","False","DIA_Torlof_WannaJoin.description","",""
"Scripts/Content/Story/Dialoge/DIA_SLD_801_Torlof.d:75","Ich will mich den Söldnern anschließen!","용병단에 들어가고 싶습니다!","","False","DIA_Torlof_WannaJoin_15_00","",""
"Scripts/Content/Story/Dialoge/DIA_SLD_801_Torlof.d:76","So? Und warum glaubst du, sollte ich wohl dafür sein, dass du hier aufgenommen wirst?","그래? 그런데 내가 왜 네가 여기에 받아들여지도록 찬성해야 한다고 생각하지?","","False","DIA_Torlof_WannaJoin_01_01","",""
"Scripts/Content/Story/Dialoge/DIA_SLD_801_Torlof.d:90","Stell mich auf die Probe!","나를 시험해 보십시오!","","False","DIA_Torlof_Probe.description","",""
"Scripts/Content/Story/Dialoge/DIA_SLD_801_Torlof.d:105","Stell mich auf die Probe!","나를 시험해 보십시오!","","False","DIA_Torlof_Probe_15_00","",""
"Scripts/Content/Story/Dialoge/DIA_SLD_801_Torlof.d:106","Hat Lee dich zu mir geschickt?","리가 나를 보냈나?","","False","DIA_Torlof_Probe_01_01","",""
"Scripts/Content/Story/Dialoge/DIA_SLD_801_Torlof.d:110","Er sagte, du würdest mir weiterhelfen.","당신이 도와줄 거라고 하더군요.","","False","DIA_Torlof_Probe_15_02","",""
"Scripts/Content/Story/Dialoge/DIA_SLD_801_Torlof.d:111","(seufzt) Gut. Dann wollen wir mal: Es gibt zwei Dinge, die du tun musst, bevor du bei uns mitmachen kannst.","(한숨을 쉰다) 좋아. 그럼 시작해보지. 우리와 함께하려면 네가 먼저 해야 할 일이 두 가지 있다.","","False","DIA_Torlof_Probe_01_03","",""
"Scripts/Content/Story/Dialoge/DIA_SLD_801_Torlof.d:112","Erstens: Du musst beweisen, dass du fähig bist, die Aufgaben zu meistern, die du als Söldner zu erfüllen hast. Ich werde dich auf die Probe stellen.","첫째: 너는 용병으로서 완수해야 할 임무를 해낼 능력이 있다는 것을 증명해야 한다. 내가 너를 시험해 보겠어.","","False","DIA_Torlof_Probe_01_04","",""
"Scripts/Content/Story/Dialoge/DIA_SLD_801_Torlof.d:113","Und zweitens: Du musst dir den Respekt der anderen Söldner verdienen.","그리고 둘째: 다른 용병들의 존경을 얻어야 한다.","","False","DIA_Torlof_Probe_01_05","",""
"Scripts/Content/Story/Dialoge/DIA_SLD_801_Torlof.d:123","Nein.","아니요.","","False","DIA_Torlof_Probe_15_06","",""
"Scripts/Content/Story/Dialoge/DIA_SLD_801_Torlof.d:124","Was quatschst du mich dann voll?","그럼 넌 대체 왜 헛소리를 늘어놓고 있는 거냐?","","False","DIA_Torlof_Probe_01_07","",""
"Scripts/Content/Story/Dialoge/DIA_SLD_801_Torlof.d:138","Wie verdiene ich mir den Respekt der anderen Söldner?","다른 용병들의 존경은 어떻게 얻습니까?","","False","DIA_Torlof_Respekt.description","",""
"Scripts/Content/Story/Dialoge/DIA_SLD_801_Torlof.d:152","Wie verdiene ich mir den Respekt der anderen Söldner?","다른 용병들의 존경은 어떻게 얻습니까?","","False","DIA_Torlof_Respekt_15_00","",""
"Scripts/Content/Story/Dialoge/DIA_SLD_801_Torlof.d:153","Den meisten wird es reichen, wenn du meine Aufgabe erfüllst und deine Probe bestehst.","대부분의 녀석들에게는 내 임무를 완수하고 시험을 통과하는 것만으로도 충분할 거다.","","False","DIA_Torlof_Respekt_01_01","",""
"Scripts/Content/Story/Dialoge/DIA_SLD_801_Torlof.d:154","Aber einige unter ihnen wirst du auf andere Art überzeugen müssen.","하지만 그들 중 일부는 다른 방식으로 설득해야 할 거다.","","False","DIA_Torlof_Respekt_01_02","",""
"Scripts/Content/Story/Dialoge/DIA_SLD_801_Torlof.d:155","Manche werden versuchen, deine Situation auszunutzen, und wieder anderen passt vielleicht deine Visage nicht.","어떤 녀석들은 네 상황을 이용해 먹으려 들 테고, 또 어떤 녀석들은 네 꼴이 마음에 안 들 수도 있지.","","False","DIA_Torlof_Respekt_01_03","",""
"Scripts/Content/Story/Dialoge/DIA_SLD_801_Torlof.d:156","Du solltest versuchen, mit möglichst vielen der Jungs gut auszukommen - aber wenn nichts mehr hilft, kannst du dich immer noch auf ein Duell einlassen.","녀석들 대부분과 잘 지내려고 노력하는 게 좋을 거다. 하지만 도저히 안 되겠다면, 결투를 벌이는 수도 있어.","","False","DIA_Torlof_Respekt_01_04","",""
"Scripts/Content/Story/Dialoge/DIA_SLD_801_Torlof.d:157","Wenn du gewinnst, wird das den meisten Respekt beibringen. Aber achte darauf, dass du nicht versehentlich einen dabei umbringst. Denn dann hast du ein fettes Problem.","네가 이긴다면, 그게 가장 확실하게 존경을 얻는 방법이 될 거다. 하지만 실수로 누구를 죽이지 않도록 조심해. 그랬다가는 큰 골칫거리가 생길 테니까.","","False","DIA_Torlof_Respekt_01_05","",""
"Scripts/Content/Story/Dialoge/DIA_SLD_801_Torlof.d:173","Was sind die Duellregeln?","결투 규칙은 무엇입니까?","","False","DIA_Torlof_Duellregeln.description","",""
"Scripts/Content/Story/Dialoge/DIA_SLD_801_Torlof.d:187","Was sind die Duellregeln?","결투 규칙은 무엇입니까?","","False","DIA_Torlof_Duellregeln_15_00","",""
"Scripts/Content/Story/Dialoge/DIA_SLD_801_Torlof.d:188","Ganz einfach. Beide Gegner müssen Gelegenheit haben, ihre Waffe zu ziehen, bevor der erste Schlag geführt wird.","아주 간단해. 첫 타격이 가해지기 전에 양쪽 상대 모두 무기를 뽑을 기회가 있어야 한다.","","False","DIA_Torlof_Duellregeln_01_01","",""
"Scripts/Content/Story/Dialoge/DIA_SLD_801_Torlof.d:189","Du kannst nicht einfach hingehen und einem der Männer ohne Warnung eins überbraten.","경고도 없이 다가가서 대원 중 한 명을 냅다 후려칠 수는 없다는 소이지.","","False","DIA_Torlof_Duellregeln_01_02","",""
"Scripts/Content/Story/Dialoge/DIA_SLD_801_Torlof.d:190","Es muss eine Art Herausforderung ausgesprochen werden. Eine Beleidigung oder ein anderer Grund zu kämpfen.","일종의 도발이 있어야 해. 모욕이든, 싸워야 할 다른 이유든 말이야.","","False","DIA_Torlof_Duellregeln_01_03","",""
"Scripts/Content/Story/Dialoge/DIA_SLD_801_Torlof.d:191","Keiner der anderen Männer wird sich in so einen Kampf einmischen. Es sei denn, einer der beiden wird bei dem Duell getötet.","다른 대원들은 그런 싸움에 끼어들지 않을 거다. 결투 중에 어느 한쪽이 죽는 경우가 아니라면 말이지.","","False","DIA_Torlof_Duellregeln_01_04","",""
"Scripts/Content/Story/Dialoge/DIA_SLD_801_Torlof.d:205","Was ist mit dir? Wirst du für mich stimmen?","당신은 어떻습니까? 저를 지지해 주시겠습니까?","","False","DIA_Torlof_DeineStimme.description","",""
"Scripts/Content/Story/Dialoge/DIA_SLD_801_Torlof.d:221","Was ist mit dir? Wirst du für mich stimmen?","당신은 어떻습니까? 저를 지지해 주시겠습니까?","","False","DIA_Torlof_DeineStimme_15_00","",""
"Scripts/Content/Story/Dialoge/DIA_SLD_801_Torlof.d:222","Wenn du beweisen kannst, dass du die Aufgaben eines Söldners erfüllen kannst, ja.","용병의 임무를 수행할 수 있음을 증명한다면, 그러지.","","False","DIA_Torlof_DeineStimme_01_01","",""
"Scripts/Content/Story/Dialoge/DIA_SLD_801_Torlof.d:236","Wie ist mein Ruf bei den Söldnern?","용병들 사이에서 내 평판은 어떻습니까?","","False","DIA_Torlof_RUF.description","",""
"Scripts/Content/Story/Dialoge/DIA_SLD_801_Torlof.d:251","Wie ist mein Ruf bei den Söldnern?","용병들 사이에서 내 평판은 어떻습니까?","","False","DIA_Torlof_RUF_15_00","",""
"Scripts/Content/Story/Dialoge/DIA_SLD_801_Torlof.d:252","Mal sehen ...","어디 보자...","","False","DIA_Torlof_RUF_01_01","",""
"Scripts/Content/Story/Dialoge/DIA_SLD_801_Torlof.d:263","Wolf sagt, er hat nichts dagegen, wenn du mitmachst.","울프는 네가 합류하는 것에 반대하지 않는다고 하더군.","","False","DIA_Torlof_RUF_01_02","",""
"Scripts/Content/Story/Dialoge/DIA_SLD_801_Torlof.d:274","Jarvis meint, du stehst auf der richtigen Seite.","자비스는 네가 올바른 편에 서 있다고 생각하더군.","","False","DIA_Torlof_RUF_01_03","",""
"Scripts/Content/Story/Dialoge/DIA_SLD_801_Torlof.d:279","Jarvis ist sich noch nicht sicher, ob du auf der richtigen Seite stehst.","자비스는 아직 네가 올바른 편에 서 있는지 확신하지 못하고 있어.","","False","DIA_Torlof_RUF_01_04","",""
"Scripts/Content/Story/Dialoge/DIA_SLD_801_Torlof.d:280","Er hat keine Lust, dass noch mehr Leute nach Sylvios Pfeife tanzen. Ich übrigens auch nicht.","그는 더 많은 사람들이 실비오의 장단에 맞춰 춤추는 걸 원치 않아. 나도 마찬가지고.","","False","DIA_Torlof_RUF_01_05","",""
"Scripts/Content/Story/Dialoge/DIA_SLD_801_Torlof.d:290","Cord denkt, du wärst gut genug, um anzufangen.","코르드는 네가 시작하기에 충분히 실력이 된다고 생각하더군.","","False","DIA_Torlof_RUF_01_06","",""
"Scripts/Content/Story/Dialoge/DIA_SLD_801_Torlof.d:295","Cord ist der Meinung, du müsstest erst lernen, besser mit der Waffe umzugehen.","코르드의 생각으로는 네가 무기를 다루는 법을 먼저 더 배워야 한다고 하더군요.","","False","DIA_Torlof_RUF_01_07","",""
"Scripts/Content/Story/Dialoge/DIA_SLD_801_Torlof.d:306","Cipher sagt, für ihn wäre sonnenklar, dass du mitmachst. Irgendwas schien ihn ziemlich zu freuen.","사이퍼는 네가 합류하는 게 당연하다고 하더군. 무언가 꽤 기분 좋은 일이 있었던 모양이야.","","False","DIA_Torlof_RUF_01_08","",""
"Scripts/Content/Story/Dialoge/DIA_SLD_801_Torlof.d:311","Cipher sagt, du schuldest ihm noch einen kleinen Gefallen. Du wüsstest schon, worum es geht.","사이퍼는 네가 그에게 작은 빚을 지고 있다고 하더군. 무엇에 관한 건지 너도 잘 알겠지.","","False","DIA_Torlof_RUF_01_09","",""
"Scripts/Content/Story/Dialoge/DIA_SLD_801_Torlof.d:321","Rod will einfach nur sein Schwert wiederhaben.","로드는 그저 자기 검을 돌려받고 싶어 할 뿐이지.","","False","DIA_Torlof_RUF_01_10","",""
"Scripts/Content/Story/Dialoge/DIA_SLD_801_Torlof.d:326","Rod hast du wohl überzeugt, dass du stark genug bist.","로드는 네가 충분히 강하다는 걸 확신하게 된 모양이더군.","","False","DIA_Torlof_RUF_01_11","",""
"Scripts/Content/Story/Dialoge/DIA_SLD_801_Torlof.d:334","Rod hält dich für einen Schwächling.","로드는 너를 풋내기로 생각하고 있어.","","False","DIA_Torlof_RUF_01_12","",""
"Scripts/Content/Story/Dialoge/DIA_SLD_801_Torlof.d:344","Sentenza will für dich stimmen. Er sagte, du wärest ein sehr vernünftiger Mann.","센텐자는 너를 지지하겠다고 하더군. 네가 아주 분별력 있는 사람이라고 했어.","","False","DIA_Torlof_RUF_01_13","",""
"Scripts/Content/Story/Dialoge/DIA_SLD_801_Torlof.d:350","Sentenza will nicht für dich stimmen. Er sagt, du schuldest ihm noch 50 Goldstücke.","센텐자는 너를 지지하지 않겠다고 했다. 네가 아직 그에게 50개의 금화 빚을 지고 있다더군.","","False","DIA_Torlof_RUF_01_14","",""
"Scripts/Content/Story/Dialoge/DIA_SLD_801_Torlof.d:360","Raoul ist gegen dich, ich glaube, er kann dich nicht leiden.","라오울은 너에게 반대하고 있어. 내 생각엔 그 녀석이 널 마음에 들어 하지 않는 것 같아.","","False","DIA_Torlof_RUF_01_15","",""
"Scripts/Content/Story/Dialoge/DIA_SLD_801_Torlof.d:370","Von Sylvio und Bullco brauche ich wohl gar nicht erst zu reden. Die beiden Schwachköpfe sind gegen jeden.","실비오와 불코에 대해서는 입 아프게 말할 필요도 없겠지. 그 두 얼간이는 누구든 반대하니까.","","False","DIA_Torlof_RUF_01_16","",""
"Scripts/Content/Story/Dialoge/DIA_SLD_801_Torlof.d:380","Buster meinte, du wärest okay.","버스터는 네가 괜찮은 녀석이라고 하더군.","","False","DIA_Torlof_RUF_01_17","",""
"Scripts/Content/Story/Dialoge/DIA_SLD_801_Torlof.d:383","Obwohl du gegen ihn verloren hast.","비록 그와의 결투에서 졌지만 말이야.","","False","DIA_Torlof_RUF_01_18","",""
"Scripts/Content/Story/Dialoge/DIA_SLD_801_Torlof.d:390","Buster hat erzählt, du hättest den Schwanz eingekniffen, als er dich herausgefordert hat.","버스터가 말하길, 네가 도전을 받았을 때 꼬리를 내렸다고 하더군.","","False","DIA_Torlof_RUF_01_19","",""
"Scripts/Content/Story/Dialoge/DIA_SLD_801_Torlof.d:391","So was ist keine gute Idee. Vielleicht solltest du noch mal zum Vorposten gehen und ihn herausfordern.","그런 식은 좋은 생각이 아니야. 전초기지로 돌아가서 그에게 도전하는 게 좋을지도 몰라.","","False","DIA_Torlof_RUF_01_20","",""
"Scripts/Content/Story/Dialoge/DIA_SLD_801_Torlof.d:401","Und Dar hält dich für ein Kameradenschwein. Aber seine Stimme zählt hier sowieso nicht viel.","그리고 다르더러 너는 동료를 배신하는 녀석이라더군. 하지만 어차피 그의 한 표는 여기서 별로 중요하지 않아.","","False","DIA_Torlof_RUF_01_21","",""
"Scripts/Content/Story/Dialoge/DIA_SLD_801_Torlof.d:410","Der Rest der Söldner hat nichts gesagt.","나머지 용병들은 아무 말도 하지 않았어.","","False","DIA_Torlof_RUF_01_22","",""
"Scripts/Content/Story/Dialoge/DIA_SLD_801_Torlof.d:416","Die meisten warten einfach ab, ob du die Probe bestehst.","대부분은 네가 시험을 통과하는지 그냥 지켜보는 중이지.","","False","DIA_Torlof_RUF_01_23","",""
"Scripts/Content/Story/Dialoge/DIA_SLD_801_Torlof.d:420","Die meisten hast du wohl überzeugt, in dem du die Probe bestanden hast.","시험을 통과했으니, 대다수를 납득시킨 모양이군.","","False","DIA_Torlof_RUF_01_24","",""
"Scripts/Content/Story/Dialoge/DIA_SLD_801_Torlof.d:425","(grinst) Auch wenn Cord dabei etwas nachgeholfen hat ...","(싱긋 웃으며) 코르드가 뒤에서 살짝 손을 써줬긴 하지만 말이야...","","False","DIA_Addon_Torlof_RUF_01_00","",""
"Scripts/Content/Story/Dialoge/DIA_SLD_801_Torlof.d:432","Obwohl viele meinen, einem Bauern die Pacht abzuknöpfen, wäre für eine Probe zu leicht gewesen.","농부에게서 소작료를 뜯어내는 건 시험 치고는 너무 쉬웠다고 생각하는 녀석들이 많지만 말이지.","","False","DIA_Torlof_RUF_01_25","",""
"Scripts/Content/Story/Dialoge/DIA_SLD_801_Torlof.d:440","Meine Stimme hast du jedenfalls.","어쨌든 내 표는 너에게 주마.","","False","DIA_Torlof_RUF_01_26","",""
"Scripts/Content/Story/Dialoge/DIA_SLD_801_Torlof.d:453","Und du hast einige faire Duelle gewonnen.","그리고 너는 몇 번의 정당한 결투에서 승리했어.","","False","DIA_Torlof_RUF_01_27","",""
"Scripts/Content/Story/Dialoge/DIA_SLD_801_Torlof.d:454","Viele der Söldner respektieren das.","많은 용병들이 그걸 존중하고 있지.","","False","DIA_Torlof_RUF_01_28","",""
"Scripts/Content/Story/Dialoge/DIA_SLD_801_Torlof.d:458","Immerhin hast du schon einige faire Duelle gewonnen.","어쨌든 너는 이미 몇 번의 정당한 결투에서 승리했어.","","False","DIA_Torlof_RUF_01_29","",""
"Scripts/Content/Story/Dialoge/DIA_SLD_801_Torlof.d:468","Die meisten Söldner sind für dich - von unserer Seite aus kannst du jederzeit bei uns anfangen.","대부분의 용병들이 너를 지지하고 있어. 우리 입장에서는 언제든 우리와 함께 시작해도 좋다.","","False","DIA_Torlof_RUF_01_30","",""
"Scripts/Content/Story/Dialoge/DIA_SLD_801_Torlof.d:469","Geh zu Lee. Er wird dir alles weitere erzählen.","리에게 가봐라. 그가 그 밖의 모든 것을 알려줄 거다.","","False","DIA_Torlof_RUF_01_31","",""
"Scripts/Content/Story/Dialoge/DIA_SLD_801_Torlof.d:475","Das ist schon 'ne ganze Menge, aber es reicht noch nicht.","제법 되긴 하지만, 아직 부족해.","","False","DIA_Torlof_RUF_01_32","",""
"Scripts/Content/Story/Dialoge/DIA_SLD_801_Torlof.d:476","Du wirst dich noch 'ne Weile mit den Jungs rumschlagen müssen.","녀석들과 조금 더 부딪혀야 할 거다.","","False","DIA_Torlof_RUF_01_33","",""
"Scripts/Content/Story/Dialoge/DIA_SLD_801_Torlof.d:480","Du bist noch lange nicht so weit, Kleiner. Wenn du bei uns aufgenommen werden willst, musst du schon was dafür tun.","넌 아직 멀었어, 꼬마야. 우리 일원이 되고 싶다면, 그만큼 노력을 보여야지.","","False","DIA_Torlof_RUF_01_34","",""
"Scripts/Content/Story/Dialoge/DIA_SLD_801_Torlof.d:493","Welche Aufgaben habe ich als Söldner zu erfüllen?","용병으로서 내가 수행해야 할 임무는 무엇입니까?","","False","DIA_Torlof_Aufgaben.description","",""
"Scripts/Content/Story/Dialoge/DIA_SLD_801_Torlof.d:507","Welche Aufgaben habe ich als Söldner zu erfüllen?","용병으로서 내가 수행해야 할 임무는 무엇입니까?","","False","DIA_Torlof_Aufgaben_15_00","",""
"Scripts/Content/Story/Dialoge/DIA_SLD_801_Torlof.d:508","Onar hat uns aus zwei Gründen angeheuert: Er will, dass wir ihm die Milizen vom Hals halten und dass wir auf seinen Höfen für Ordnung sorgen.","오나르는 두 가지 이유로 우리를 고용했지. 민병대가 자기를 건드리지 못하게 하는 것과, 농장들을 잘 단속해 달라는 거였다.","","False","DIA_Torlof_Aufgaben_01_01","",""
"Scripts/Content/Story/Dialoge/DIA_SLD_801_Torlof.d:509","Dazu zählt auch, dass wir die Pacht eintreiben, wenn die kleinen Bauern mal wieder nicht zahlen.","여기에는 소농들이 또다시 돈을 내지 않을 때 소작료를 받아내는 일도 포함되지.","","False","DIA_Torlof_Aufgaben_01_02","",""
"Scripts/Content/Story/Dialoge/DIA_SLD_801_Torlof.d:510","Also, was darf's sein?","자, 어느 쪽으로 하겠나?","","False","DIA_Torlof_Aufgaben_01_03","",""
"Scripts/Content/Story/Dialoge/DIA_SLD_801_Torlof.d:513","Lass mich die Pacht eintreiben!","소작료를 받아내겠습니다!","","False","DIA_Torlof_Aufgaben_Info.DIA_Torlof_Aufgaben.DIA_Torlof_Aufgaben_Pacht","Info_AddChoice",""
"Scripts/Content/Story/Dialoge/DIA_SLD_801_Torlof.d:514","Mit den Milizen werde ich schon fertig!","민병대쯤은 내가 상대해 주죠!","","False","DIA_Torlof_Aufgaben_Info.DIA_Torlof_Aufgaben.DIA_Torlof_Aufgaben_Miliz","Info_AddChoice",""
"Scripts/Content/Story/Dialoge/DIA_SLD_801_Torlof.d:519","Gut. Hör zu. Der Bauer Sekob hat schon seit Wochen keine Pacht mehr an Onar gezahlt.","좋아. 들어봐라. 농부 세코브가 몇 주 동안이나 오나르에게 소작료를 내지 않고 있어.","","False","B_Torlof_HolPachtvonSekob_01_00","",""
"Scripts/Content/Story/Dialoge/DIA_SLD_801_Torlof.d:520","Onar will, dass er 50 Goldmünzen ausspuckt. Noch Fragen?","오나르는 그가 금 50닢을 내놓기를 바라고 있어. 질문 있나?","","False","B_Torlof_HolPachtvonSekob_01_01","",""
"Scripts/Content/Story/Dialoge/DIA_SLD_801_Torlof.d:521","Wo ist Sekobs Hof?","세코브의 농장은 어디에 있습니까?","","False","B_Torlof_HolPachtvonSekob_15_02","",""
"Scripts/Content/Story/Dialoge/DIA_SLD_801_Torlof.d:522","Im Norden des Tals. Das ist von hier aus gesehen an der großen Feldkreuzung rechts.","계곡 북쪽이다. 여기서 출발한다면 커다란 들판 사거리에서 오른쪽이야.","","False","B_Torlof_HolPachtvonSekob_01_03","",""
"Scripts/Content/Story/Dialoge/DIA_SLD_801_Torlof.d:523","Wenn du Probleme hast, werden die Bauern auf den Feldern dir helfen, dich hier in der Gegend zurechtzufinden.","문제가 생기면 들판에 있는 농부들에게 물어보면 이 동네 지리를 익히는 데 도움이 될 거다.","","False","B_Torlof_HolPachtvonSekob_01_04","",""
"Scripts/Content/Story/Dialoge/DIA_SLD_801_Torlof.d:536","Der Bauern Bengar hat sich beklagt, dass ihm in letzter Zeit die Milizen aus der Stadt immer mehr auf den Wecker gehen.","농부 벵가르가 최근 들어 도시에서 온 민병대 때문에 아주 골치가 아프다고 불평을 늘어놓더군.","","False","B_Torlof_BengarMilizKlatschen_01_00","",""
"Scripts/Content/Story/Dialoge/DIA_SLD_801_Torlof.d:537","Sie setzen den Bauern unter Druck - wollen wohl erreichen, dass er sich von Onar lossagt.","그들이 농부를 압박하고 있어. 아마 오나르와 갈라서게 만들려는 셈이겠지.","","False","B_Torlof_BengarMilizKlatschen_01_01","",""
"Scripts/Content/Story/Dialoge/DIA_SLD_801_Torlof.d:538","Ich will, dass du zu seinem Hof gehst und den Milizen klarmachst, dass sie dort nichts verloren haben! Fragen?","네가 그의 농장으로 가서 민병대에게 거기는 너희들이 얼쩡거릴 곳이 아니라고 똑똑히 일러줬으면 좋겠군! 질문 있나?","","False","B_Torlof_BengarMilizKlatschen_01_02","",""
"Scripts/Content/Story/Dialoge/DIA_SLD_801_Torlof.d:539","Wo finde ich Bengars Hof?","벵가르의 농장은 어디서 찾을 수 있습니까?","","False","B_Torlof_BengarMilizKlatschen_15_03","",""
"Scripts/Content/Story/Dialoge/DIA_SLD_801_Torlof.d:540","Im Südwesten des Tals ist eine große Treppe, die zu einer Hochebene führt. Dort liegt Bengars Hof.","계곡 남서쪽에 고원 지대로 통하는 큰 계단이 있다. 벵가르의 농장은 그곳에 있지.","","False","B_Torlof_BengarMilizKlatschen_01_04","",""
"Scripts/Content/Story/Dialoge/DIA_SLD_801_Torlof.d:541","Wenn du dich verlaufen solltest, frag die Bauern auf den Feldern, wie du dich in der Gegend hier zurechtfindest.","길을 잃거든 들판에 있는 농부들에게 이 동네 길 찾는 법을 물어보도록 해.","","False","B_Torlof_BengarMilizKlatschen_01_05","",""
"Scripts/Content/Story/Dialoge/DIA_SLD_801_Torlof.d:556","Lass mich die Pacht eintreiben!","소작료를 받아내겠습니다!","","False","DIA_Torlof_Aufgaben_Pacht_15_00","",""
"Scripts/Content/Story/Dialoge/DIA_SLD_801_Torlof.d:564","Mit den Milizen werde ich schon fertig!","민병대쯤은 내가 상대해 주죠!","","False","DIA_Torlof_Aufgaben_Miliz_15_00","",""
"Scripts/Content/Story/Dialoge/DIA_SLD_801_Torlof.d:579","Dafür hast du dir aber auch ganz schön Zeit gelassen. Onar wird nicht sehr erfreut sein.","하지만 일 처리하는 데 꽤 오랜 시간이 걸렸군. 오나르가 그리 기뻐하지는 않을 거다.","","False","B_Torlof_TheOtherMissionDay_01_00","",""
"Scripts/Content/Story/Dialoge/DIA_SLD_801_Torlof.d:584","Und ihm ist es egal, ob die Paladine im Minental von Drachen gefressen werden oder nicht...","그리고 광산 계곡의 팔라딘들이 드래곤에게 잡아먹히든 말든 그 자는 관심조차 없지...","","False","DIA_Torlof_Add_01_00","",""
"Scripts/Content/Story/Dialoge/DIA_SLD_801_Torlof.d:589","Gut gemacht! Wenn ich was Neues habe, sag ich dir Bescheid.","잘했다! 새로운 소식이 생기면 알려주마.","","False","B_Torlof_TheOtherMissionDay_01_01","",""
"Scripts/Content/Story/Dialoge/DIA_SLD_801_Torlof.d:601","Ich habe die Pacht von Sekob eingetrieben.","세코브에게서 소작료를 받아냈습니다.","","False","DIA_Torlof_SekobSuccess.description","",""
"Scripts/Content/Story/Dialoge/DIA_SLD_801_Torlof.d:618","Ich habe die Pacht von Sekob eingetrieben.","세코브에게서 소작료를 받아냈습니다.","","False","DIA_Torlof_SekobSuccess_15_00","",""
"Scripts/Content/Story/Dialoge/DIA_SLD_801_Torlof.d:621","Und? Hat er freiwillig gezahlt?","그래? 자발적으로 내던가?","","False","DIA_Torlof_SekobSuccess_01_01","",""
"Scripts/Content/Story/Dialoge/DIA_SLD_801_Torlof.d:624","Nun, er hatte einen tödlichen Unfall.","글쎄요, 치명적인 사고를 당해서...","","False","DIA_Torlof_SekobTot_15_00","",""
"Scripts/Content/Story/Dialoge/DIA_SLD_801_Torlof.d:628","Ich musste ihn erst überzeugen.","제가 먼저 설득해야 했습니다.","","False","DIA_Torlof_SekobSuccess_15_02","",""
"Scripts/Content/Story/Dialoge/DIA_SLD_801_Torlof.d:633","Gut gemacht! Du hast deine Probe bestanden. Das wird viele der Söldner überzeugen, dass du zu was zu gebrauchen bist.","잘했어! 시험을 통과했군. 그 덕분에 많은 용병들이 네가 쓸만한 녀석이라는 걸 인정하게 될 거다.","","False","DIA_Torlof_SekobSuccess_01_03","",""
"Scripts/Content/Story/Dialoge/DIA_SLD_801_Torlof.d:647","Und? Hast du sie versoffen? Bring mir das Geld! Aber 'n bisschen schnell!","그래? 술 퍼마시는 데 다 쓴 건 아니겠지? 돈 이리 내! 어서 빨리 말이야!","","False","DIA_Torlof_SekobSuccess_01_04","",""
"Scripts/Content/Story/Dialoge/DIA_SLD_801_Torlof.d:660","Ich hab mich um Bengars Milizproblem gekümmert.","벵가르의 민병대 문제를 해결했습니다.","","False","DIA_Torlof_BengarSuccess.description","",""
"Scripts/Content/Story/Dialoge/DIA_SLD_801_Torlof.d:675","Ich hab mich um Bengars Milizproblem gekümmert.","벵가르의 민병대 문제를 해결했습니다.","","False","DIA_Torlof_BengarSuccess_15_00","",""
"Scripts/Content/Story/Dialoge/DIA_SLD_801_Torlof.d:676","Hast du auch dafür gesorgt, dass sie morgen nicht wieder bei ihm auf der Matte stehen?","내일 다시 그 자의 문간에 얼쩡거리지 못하도록 확실히 손을 써둔 거겠지?","","False","DIA_Torlof_BengarSuccess_01_01","",""
"Scripts/Content/Story/Dialoge/DIA_SLD_801_Torlof.d:677","Das dürfte ihnen sehr schwer fallen.","앞으로는 그러기 아주 힘들 겁니다...","","False","DIA_Torlof_BengarSuccess_15_02","",""
"Scripts/Content/Story/Dialoge/DIA_SLD_801_Torlof.d:678","Gut gemacht!","잘했다!","","False","DIA_Torlof_BengarSuccess_01_03","",""
"Scripts/Content/Story/Dialoge/DIA_SLD_801_Torlof.d:682","Du hast deine Probe bestanden. Wenn du mit den Milizen fertig wirst, werden dich die meisten hier respektieren.","시험을 통과했군. 민병대를 상대할 수 있다면, 여기 있는 대부분이 너를 존중하게 될 거다.","","False","DIA_Torlof_BengarSuccess_01_04","",""
"Scripts/Content/Story/Dialoge/DIA_SLD_801_Torlof.d:718","Willkommen bei den Söldnern, Kleiner!","용병단에 들어온 걸 환영한다, 꼬마야!","","False","DIA_Torlof_Welcome_01_00","",""
"Scripts/Content/Story/Dialoge/DIA_SLD_801_Torlof.d:719","Danke!","고맙습니다!","","False","DIA_Torlof_Welcome_15_01","",""
"Scripts/Content/Story/Dialoge/DIA_SLD_801_Torlof.d:720","Sobald ich etwas für dich zu tun habe, lasse ich es dich wissen.","너에게 맡길 일이 생기는 대로 알려주마.","","False","DIA_Torlof_Welcome_01_02","",""
"Scripts/Content/Story/Dialoge/DIA_SLD_801_Torlof.d:731","Wo hast du dich 'rumgetrieben?","그동안 어디서 빈닥거렸나?","","False","DIA_Torlof_Add_01_01","",""
"Scripts/Content/Story/Dialoge/DIA_SLD_801_Torlof.d:732","Ich war im Minental! Dort gibt es Drachen! Sie haben den Paladinen ganz schön zugesetzt!","광산 계곡에 있었어! 거기엔 드래곤들이 있어! 팔라딘들을 꽤나 고생시키고 있더군!","","False","DIA_Torlof_Add_15_02","",""
"Scripts/Content/Story/Dialoge/DIA_SLD_801_Torlof.d:733","So? Dann ist an den Geschichten also tatsächlich was dran!","그래? 그럼 그 소문들이 정말 사실이란 말이군!","","False","DIA_Torlof_Add_01_03","",""
"Scripts/Content/Story/Dialoge/DIA_SLD_801_Torlof.d:734","Das wird Lee interessieren...","리도 흥미로워하겠는걸...","","False","DIA_Torlof_Add_01_04","",""
"Scripts/Content/Story/Dialoge/DIA_SLD_801_Torlof.d:763","Gut, dass du hier bist. Ich hab was zu tun für dich ...","여기 와주니 다행이군. 자네에게 시킬 일이 좀 있는데...","","False","DIA_Torlof_TheOtherMission_01_00","",""
"Scripts/Content/Story/Dialoge/DIA_SLD_801_Torlof.d:764","Worum geht's?","무슨 일이지?","","False","DIA_Torlof_TheOtherMission_15_01","",""
"Scripts/Content/Story/Dialoge/DIA_SLD_801_Torlof.d:775","Und sieh zu, dass du die Sache bis morgen über die Bühne bringst!","그리고 내일 전까지 확실하게 처리해 두도록 해!","","False","DIA_Torlof_TheOtherMission_01_02","",""
"Scripts/Content/Story/Dialoge/DIA_SLD_801_Torlof.d:816","Kannst du mir helfen, meine Fähigkeiten zu verbessern?","내 능력을 키우는 걸 도와줄 수 있나?","","False","DIA_Torlof_WhatCanYouTeach.description","",""
"Scripts/Content/Story/Dialoge/DIA_SLD_801_Torlof.d:826","Kannst du mir helfen, meine Fähigkeiten zu verbessern?","내 능력을 키우는 걸 도와줄 수 있나?","","False","DIA_Torlof_WhatCanYouTeach_15_00","",""
"Scripts/Content/Story/Dialoge/DIA_SLD_801_Torlof.d:827","Ich könnte dir zeigen, wie du deine Stärke besser im Nahkampf einsetzen kannst.","근접 전투에서 힘을 더 잘 활용하는 법을 가르쳐 줄 수는 있지.","","False","DIA_Torlof_WhatCanYouTeach_01_01","",""
"Scripts/Content/Story/Dialoge/DIA_SLD_801_Torlof.d:828","Viele Kämpfer sind sehr schwach, weil sie die Technik nicht beherrschen, ihre Stärke richtig einzusetzen.","많은 전사들이 힘을 제대로 사용하는 기술을 몰라서 아주 약하거든.","","False","DIA_Torlof_WhatCanYouTeach_01_02","",""
"Scripts/Content/Story/Dialoge/DIA_SLD_801_Torlof.d:829","Dasselbe gilt für Geschicklichkeit und Fernwaffen.","민첩성과 원거리 무기도 마찬가지야.","","False","DIA_Torlof_WhatCanYouTeach_01_03","",""
"Scripts/Content/Story/Dialoge/DIA_SLD_801_Torlof.d:849","Ich will meine Fähigkeiten verbessern!","내 능력을 향상시키고 싶어!","","False","DIA_Torlof_Teach.description","",""
"Scripts/Content/Story/Dialoge/DIA_SLD_801_Torlof.d:862","Ich will meine Fähigkeiten verbessern!","내 능력을 향상시키고 싶어!","","False","DIA_Torlof_Teach_15_00","",""
"Scripts/Content/Story/Dialoge/DIA_SLD_801_Torlof.d:879","Ich sagte, ich KÖNNTE dir helfen, nicht ich WERDE.","내가 도와줄 '수'도 있다고 했지, 도와주겠다고 한 건 아니야.","","False","DIA_Torlof_Teach_01_01","",""
"Scripts/Content/Story/Dialoge/DIA_SLD_801_Torlof.d:880","Solange du keiner von uns bist, kannst du dir einen anderen suchen, der dich unterrichtet!","우리 동료가 되기 전까지는, 가르쳐줄 다른 사람을 찾아보는 게 좋을 거야!","","False","DIA_Torlof_Teach_01_02","",""
"Scripts/Content/Story/Dialoge/DIA_SLD_801_Torlof.d:889","Gut! Jetzt kannst du deine Fähigkeiten noch besser einsetzen!","좋아! 이제 네 능력을 훨씬 더 잘 활용할 수 있을 거다!","","False","DIA_Torlof_Teach_Back_01_00","",""
"Scripts/Content/Story/Dialoge/DIA_SLD_801_Torlof.d:986","Hast du was zu tun für mich?","나한테 시킬 일이라도 있나?","","False","DIA_Torlof_DEMENTOREN.description","",""
"Scripts/Content/Story/Dialoge/DIA_SLD_801_Torlof.d:999","Hast du was zu tun für mich?","나한테 시킬 일이라도 있나?","","False","DIA_Torlof_DEMENTOREN_15_00","",""
"Scripts/Content/Story/Dialoge/DIA_SLD_801_Torlof.d:1000","Hast du diese schwarzen Kapuzentypen hier vorbei schleichen sehen? Mir sind die Typen nicht ganz geheuer, sag ich dir.","검은 후드를 쓴 작자들이 이 근처를 슬금슬금 기어 다니는 걸 본 적 있나? 녀석들은 뭔가 께름칙해, 정말이야.","","False","DIA_Torlof_DEMENTOREN_01_01","",""
"Scripts/Content/Story/Dialoge/DIA_SLD_801_Torlof.d:1001","Als ich damals noch zur See gefahren bin, habe ich ja schon einige seltsame Dinge gesehen, aber diese Kerle machen mir Angst.","예전에 바다를 항해할 때는 온갖 기괴한 것들을 다 봤지만, 이 자식들은 공포스러울 지경이야.","","False","DIA_Torlof_DEMENTOREN_01_02","",""
"Scripts/Content/Story/Dialoge/DIA_SLD_801_Torlof.d:1002","Sie sind in Richtung des Banditenlagers in den Bergen am südlichen Ende des Tals gezogen.","녀석들은 계곡 남쪽 끝에 있는 산속의 산적 캠프 쪽으로 갔어.","","False","DIA_Torlof_DEMENTOREN_01_03","",""
"Scripts/Content/Story/Dialoge/DIA_SLD_801_Torlof.d:1003","Das Beste wird sein, du gehst da mal nach dem Rechten sehen und legst die Kerle um!","거기 가서 어떻게 된 일인지 알아보고 녀석들을 해치우는 게 좋겠어!","","False","DIA_Torlof_DEMENTOREN_01_04","",""
"Scripts/Content/Story/Dialoge/DIA_SLD_801_Torlof.d:1023","Die schwarzen Männer in den Bergen sind von uns gegangen.","산속에 있던 검은 사제들은 이제 세상에 없다.","","False","DIA_Torlof_DmtSuccess.description","",""
"Scripts/Content/Story/Dialoge/DIA_SLD_801_Torlof.d:1037","Die schwarzen Männer in den Bergen sind von uns gegangen.","산속에 있던 검은 사제들은 이제 세상에 없어.","","False","DIA_Torlof_DmtSuccess_15_00","",""
"Scripts/Content/Story/Dialoge/DIA_SLD_801_Torlof.d:1038","Du konntest es mit ihnen aufnehmen? Guter Mann!","그 자들과 맞서 싸워 이겼다고? 훌륭하군!","","False","DIA_Torlof_DmtSuccess_01_01","",""
"Scripts/Content/Story/Dialoge/DIA_SLD_801_Torlof.d:1039","Die Kerle waren mir nicht geheuer. Hätten bestimmt noch 'ne Menge Ärger gemacht ...","녀석들은 정말 미심쩍었어. 놔뒀으면 분명 엄청난 말썽을 피웠을 거다...","","False","DIA_Torlof_DmtSuccess_01_02","",""
"Scripts/Content/Story/Dialoge/DIA_SLD_801_Torlof.d:1088","Einige der Söldner sind weg?","용병들 중 일부가 떠났다고?","","False","DIA_Torlof_WOISTSYLVIO.description","",""
"Scripts/Content/Story/Dialoge/DIA_SLD_801_Torlof.d:1101","Einige der Söldner sind weg?","용병들 중 일부가 떠났다고?","","False","DIA_Torlof_WOISTSYLVIO_15_00","",""
"Scripts/Content/Story/Dialoge/DIA_SLD_801_Torlof.d:1102","Sylvio hat sich ein paar von den Jungs mitgenommen und ist über den Pass verschwunden.","실비오가 부하들 몇 명을 데리고 고개를 넘어 사라졌어.","","False","DIA_Torlof_WOISTSYLVIO_01_01","",""
"Scripts/Content/Story/Dialoge/DIA_SLD_801_Torlof.d:1103","Es wird gemunkelt, dass es dort Drachen geben soll. Als er das gehört hat, war er nicht mehr zu bremsen.","거기에 드래곤들이 있다는 소문이 돌고 있거든. 그 소리를 듣자마자 눈이 뒤집혀서 말릴 수가 없었지.","","False","DIA_Torlof_WOISTSYLVIO_01_02","",""
"Scripts/Content/Story/Dialoge/DIA_SLD_801_Torlof.d:1104","Wer weiß? So eine Drachentrophäe bringt auf dem freien Markt sicher eine Menge Gold.","누가 알아? 그런 드래곤 전리품이라면 시장에서 금을 꽤 많이 챙길 수 있을 테니.","","False","DIA_Torlof_WOISTSYLVIO_01_03","",""
"Scripts/Content/Story/Dialoge/DIA_SLD_801_Torlof.d:1105","Für mich ist das nichts. Ich bin Seemann. Ich gehöre aufs Meer und nicht in einen stickigen Drachenbau.","하지만 나한테는 관심 없는 일이야. 난 선원이니까. 내가 있을 곳은 답답한 드래곤 굴이 아니라 바다야.","","False","DIA_Torlof_WOISTSYLVIO_01_04","",""
"Scripts/Content/Story/Dialoge/DIA_SLD_801_Torlof.d:1151","Du bist Seemann?","자네가 선원이라고?","","False","DIA_Torlof_BEMYCAPTAIN.description","",""
"Scripts/Content/Story/Dialoge/DIA_SLD_801_Torlof.d:1165","Du bist Seemann?","자네가 선원이라고?","","False","DIA_Torlof_BEMYCAPTAIN_15_00","",""
"Scripts/Content/Story/Dialoge/DIA_SLD_801_Torlof.d:1166","Hast du das auch endlich geschnallt? Ja, verdammt noch mal, ich bin Seemann. Warum fragst du?","이제야 그걸 눈치챈 건가? 그래, 젠장, 난 선원이야. 왜 묻는 거지?","","False","DIA_Torlof_BEMYCAPTAIN_01_01","",""
"Scripts/Content/Story/Dialoge/DIA_SLD_801_Torlof.d:1167","Ich könnte deine Fähigkeiten gebrauchen. Ich muss zu einer Insel.","자네 능력이 필요해. 어느 섬으로 가야 하거든.","","False","DIA_Torlof_BEMYCAPTAIN_15_02","",""
"Scripts/Content/Story/Dialoge/DIA_SLD_801_Torlof.d:1168","(lacht) Zu einer Insel? Du hast doch noch nicht einmal ein Schiff, geschweige denn eine Mannschaft, um es zu führen.","(웃음) 어떤 섬이라고? 넌 배도 없고, 그걸 부릴 선원은 말할 것도 없잖아.","","False","DIA_Torlof_BEMYCAPTAIN_01_03","",""
"Scripts/Content/Story/Dialoge/DIA_SLD_801_Torlof.d:1169","Nee, mein Junge. Wenn du meine Dienste als Kapitän und Stärkelehrer in Anspruch nehmen willst, dann musst du mir erst einmal beweisen, dass du weißt, wovon du da redest.","안 돼, 젊은 친구. 내게 선장으로서의 서비스와 힘 교습을 받고 싶다면, 네가 무슨 말을 하는지 잘 알고 있다는 걸 먼저 증명해 보여야 할 거야.","","False","DIA_Torlof_BEMYCAPTAIN_01_04","",""
"Scripts/Content/Story/Dialoge/DIA_SLD_801_Torlof.d:1170","Außerdem habe ich gerade ganz andere Sorgen. Die Paladine ziehen nicht wie erwartet aus der Stadt ab.","게다가 난 지금 다른 걱정거리가 있거든. 팔라딘들이 예상과는 다르게 도시에서 철수하지 않고 있어.","","False","DIA_Torlof_BEMYCAPTAIN_01_05","",""
"Scripts/Content/Story/Dialoge/DIA_SLD_801_Torlof.d:1171","Es müsste schon etwas Gravierendes passieren, das sie veranlasst, das Feld zu räumen.","그들이 진지를 떠나게 만들려면 뭔가 엄청난 일이 일어나야 할 거다.","","False","DIA_Torlof_BEMYCAPTAIN_01_06","",""
"Scripts/Content/Story/Dialoge/DIA_SLD_801_Torlof.d:1172","Geh in die Burg im Minental. Klaue der Torwache den Schlüssel für das Haupttor und öffne es. Den Rest werden die Orks besorgen!","광산 계곡의 성으로 가라. 성문 경비병에게서 정문 열쇠를 훔쳐서 문을 열어. 나머지는 오크들이 알아서 할 거다!","","False","DIA_Torlof_BEMYCAPTAIN_01_07","",""
"Scripts/Content/Story/Dialoge/DIA_SLD_801_Torlof.d:1188","Das Tor zur Burg im Minental ist geöffnet...","광산 계곡 성의 문이 열렸어...","","False","DIA_Torlof_BEMYCAPTAIN2.description","",""
"Scripts/Content/Story/Dialoge/DIA_SLD_801_Torlof.d:1202","Das Tor zur Burg im Minental ist geöffnet und hat sich verklemmt. Die Orks konnten ungehindert die Burg stürmen.","광산 계곡 성의 문이 열렸고 꽉 끼어버렸지. 이제 오크들이 성을 급습하는 걸 막을 수 있는 건 아무것도 없어.","","False","DIA_Torlof_BEMYCAPTAIN2_15_00","",""
"Scripts/Content/Story/Dialoge/DIA_SLD_801_Torlof.d:1203","Die Paladine in der Burg haben schwere Verluste gegen die Orks erlitten.","성 안에 있던 팔라딘들은 오크들과의 전투에서 막대한 피해를 입었다.","","False","DIA_Torlof_BEMYCAPTAIN2_15_01","",""
"Scripts/Content/Story/Dialoge/DIA_SLD_801_Torlof.d:1204","Es dauert nicht mehr lange, schätze ich, bis die Paladine aus der Stadt ins Minental vorrücken, um die Jungs aus der Burg zu holen.","내 생각엔 도시의 팔라딘들이 성에 있는 부하들을 구하기 위해 광산 계곡으로 진격하는 것도 그리 오래 걸리지 않을 거야.","","False","DIA_Torlof_BEMYCAPTAIN2_15_02","",""
"Scripts/Content/Story/Dialoge/DIA_SLD_801_Torlof.d:1205","Das ist eine erfreuliche Nachricht. Dann steht ja einer Flucht aus diesem verfluchten Landstrich nichts mehr im Wege.","반가운 메시지군. 그렇다면 이 저주받은 땅을 탈출하는 데 더 이상 방해되는 것은 없겠어.","","False","DIA_Torlof_BEMYCAPTAIN2_01_03","",""
"Scripts/Content/Story/Dialoge/DIA_SLD_801_Torlof.d:1219","Wirst du mir jetzt helfen zur Insel zu kommen? ","이제 그 섬에 가는 걸 도와줄 건가? ","","False","DIA_Torlof_BEMYCAPTAIN3.description","",""
"Scripts/Content/Story/Dialoge/DIA_SLD_801_Torlof.d:1235","Wirst du mir jetzt helfen zur Insel zu kommen?","이제 그 섬에 가는 걸 도와줄 건가?","","False","DIA_Torlof_BEMYCAPTAIN3_15_00","",""
"Scripts/Content/Story/Dialoge/DIA_SLD_801_Torlof.d:1236","Ach ja. Du wolltest ja zu einer Insel. Mmh. Ich mach dir einen Vorschlag.","아, 그래. 섬에 가고 싶다고 했었지. 음. 제안을 하나 하지.","","False","DIA_Torlof_BEMYCAPTAIN3_01_01","",""
"Scripts/Content/Story/Dialoge/DIA_SLD_801_Torlof.d:1237","Du zahlst mir 2500 Goldmünzen und ich führe dein Schiff.","내게 2500 골드를 지불하면 네 배의 선장이 되어주지.","","False","DIA_Torlof_BEMYCAPTAIN3_01_02","",""
"Scripts/Content/Story/Dialoge/DIA_SLD_801_Torlof.d:1238","Dafür werde ich dich dort auch in Stärke und Geschick unterrichten, wohin du auch immer segeln willst.","그 대가로 네가 항해하는 곳 어디든 힘과 민첩성을 가르쳐 주마.","","False","DIA_Torlof_BEMYCAPTAIN3_01_03","",""
"Scripts/Content/Story/Dialoge/DIA_SLD_801_Torlof.d:1241","Das ist eine verdammte Menge Geld.","엄청난 금액이군.","","False","DIA_Torlof_BEMYCAPTAIN3_Info.DIA_Torlof_BEMYCAPTAIN3.DIA_Torlof_BEMYCAPTAIN3_zuViel","Info_AddChoice",""
"Scripts/Content/Story/Dialoge/DIA_SLD_801_Torlof.d:1242","In Ordnung. Hier hast du das Geld.","좋아. 여기 돈이네.","","False","DIA_Torlof_BEMYCAPTAIN3_Info.DIA_Torlof_BEMYCAPTAIN3.DIA_Torlof_BEMYCAPTAIN3_ok","Info_AddChoice",""
"Scripts/Content/Story/Dialoge/DIA_SLD_801_Torlof.d:1247","Das ist eine verdammte Menge Gold.","엄청난 양의 금이군.","","False","DIA_Torlof_BEMYCAPTAIN3_zuViel_15_00","",""
"Scripts/Content/Story/Dialoge/DIA_SLD_801_Torlof.d:1248","Tja. Guter Dienst ist eben teuer. Du hast gar keine andere Wahl. Du wirst in dieser Gegend keinen anderen finden, der ein Schiff führen kann.","글쎄. 훌륭한 인력은 비싼 법이지. 다른 방법은 없잖아. 이 근처에서 네 배를 몰아줄 선장은 나 말고는 찾지 못할 테니까.","","False","DIA_Torlof_BEMYCAPTAIN3_zuViel_01_01","",""
"Scripts/Content/Story/Dialoge/DIA_SLD_801_Torlof.d:1249","Also zahl das Gold und mach hier keine Zicken.","그러니 금을 지불하고 툴툴거리지 마.","","False","DIA_Torlof_BEMYCAPTAIN3_zuViel_01_02","",""
"Scripts/Content/Story/Dialoge/DIA_SLD_801_Torlof.d:1256","In Ordnung. Hier hast du das Gold.","좋아. 여기 금이네.","","False","DIA_Torlof_BEMYCAPTAIN3_ok_15_00","",""
"Scripts/Content/Story/Dialoge/DIA_SLD_801_Torlof.d:1259","Wunderbar. Jetzt musst du mir nur noch genau sagen, was ich machen soll.","좋아. 이제 내가 무엇을 해야 하는지 정확히 말해주기만 하면 돼.","","False","DIA_Torlof_BEMYCAPTAIN3_ok_01_01","",""
"Scripts/Content/Story/Dialoge/DIA_SLD_801_Torlof.d:1265","Mit den paar Kröten willst du mich abspeisen? Besorg dir erst mal das Gold. Dann sehen wir weiter.","그 푼돈으로 나를 떨쳐내려는 건가? 금을 먼저 구해와. 그런 다음에 이야기하자고.","","False","DIA_Torlof_BEMYCAPTAIN3_ok_01_02","",""
"Scripts/Content/Story/Dialoge/DIA_SLD_801_Torlof.d:1281","Sei mein Kapitän.","내 선장이 되어줘.","","False","DIA_Torlof_BEMYCAPTAIN4.description","",""
"Scripts/Content/Story/Dialoge/DIA_SLD_801_Torlof.d:1295","Sei mein Kapitän.","내 선장이 되어줘.","","False","DIA_Torlof_BEMYCAPTAIN4_15_00","",""
"Scripts/Content/Story/Dialoge/DIA_SLD_801_Torlof.d:1296","In Ordnung. Besorg mir ein Schiff und eine ausreichend starke Mannschaft und ich bring dich zu der verdammten Insel.","좋아. 배와 충분히 강력한 선원들을 구해와, 그럼 그 저주받은 섬으로 데려다줄 테니.","","False","DIA_Torlof_BEMYCAPTAIN4_01_01","",""
"Scripts/Content/Story/Dialoge/DIA_SLD_801_Torlof.d:1297","Hast du eine Seekarte? Ohne so ein Ding werden wir nicht weit kommen.","항해도는 가지고 있나? 그런 물건이 없으면 멀리 가지 못할걸.","","False","DIA_Torlof_BEMYCAPTAIN4_01_02","",""
"Scripts/Content/Story/Dialoge/DIA_SLD_801_Torlof.d:1298","Lass das meine Sorge sein. Wir sehen uns am Hafen.","그건 내가 알아서 할 일이야. 항에서 보세.","","False","DIA_Torlof_BEMYCAPTAIN4_15_03","",""
"Scripts/Content/Story/Dialoge/DIA_SLD_801_Torlof.d:1299","Da bin ich ja mal gespannt.","어떻게 해내는지 어디 한번 보겠어.","","False","DIA_Torlof_BEMYCAPTAIN4_01_04","",""
"Scripts/Content/Story/Dialoge/DIA_SLD_801_Torlof.d:1320","Lass uns zur Insel aufbrechen.","섬으로 출발하자.","","False","DIA_Torlof_LOSFAHREN.description","",""
"Scripts/Content/Story/Dialoge/DIA_SLD_801_Torlof.d:1334","Lass uns zur Insel aufbrechen.","섬으로 출발하자.","","False","DIA_Torlof_LOSFAHREN_15_00","",""
"Scripts/Content/Story/Dialoge/DIA_SLD_801_Torlof.d:1338","Alles klar. Her mir der Karte und dann geht's los.","좋아. 항해도를 넘겨라, 그럼 바로 출발할 테니.","","False","DIA_Torlof_LOSFAHREN_01_01","",""
"Scripts/Content/Story/Dialoge/DIA_SLD_801_Torlof.d:1339","(ruft) Alle an Bord.","(외침) 모두 승선하라.","","False","DIA_Torlof_LOSFAHREN_01_02","",""
"Scripts/Content/Story/Dialoge/DIA_SLD_801_Torlof.d:1340","Denk daran, dass du auch wirklich alles dabei hast, was du brauchen könntest. Es gibt keinen Weg zurück.","필요한 것들은 빠짐없이 잘 챙겼는지 확실히 해둬. 돌아올 길은 없으니까.","","False","DIA_Torlof_LOSFAHREN_01_03","",""
"Scripts/Content/Story/Dialoge/DIA_SLD_801_Torlof.d:1341","Wenn du dir sicher bist, hau dich erst mal in der Kapitänskajüte aufs Ohr. Die Reise wird einige Zeit dauern.","확실하다면, 먼저 선장실로 가서 눈을 좀 붙여. 항해에는 꽤 시간이 걸릴 테니.","","False","DIA_Torlof_LOSFAHREN_01_04","",""
"Scripts/Content/Story/Dialoge/DIA_SLD_801_Torlof.d:1347","Ohne Schiff, Mannschaft und Seekarte keine Reise, mein Freund.","배와 선원, 항해도 없이는 항해할 수 없어, 친구.","","False","DIA_Torlof_LOSFAHREN_01_05","",""
"Scripts/Content/Story/Dialoge/DIA_SLD_801_Torlof.d:1348","Ich will hier mindestens 5 Männer sehen, die willens und fähig sind, ein Schiff zu führen.","난 여기에 배를 항해할 의사와 능력이 있는 사람이 적어도 5명은 있어야겠어.","","False","DIA_Torlof_LOSFAHREN_01_06","",""
"Scripts/Content/Story/Dialoge/DIA_SLD_801_Torlof.d:1363","Ich habe mich für einen anderen Kapitän entschieden.","다른 선장으로 정했어.","","False","DIA_Torlof_PERM5_NOTCAPTAIN.description","",""
"Scripts/Content/Story/Dialoge/DIA_SLD_801_Torlof.d:1378","Ich habe mich für einen anderen Kapitän entschieden. Du kannst mir mein Gold wiedergeben.","다른 선장으로 정했어. 내 금을 돌려주지 그래.","","False","DIA_Torlof_PERM5_NOTCAPTAIN_15_00","",""
"Scripts/Content/Story/Dialoge/DIA_SLD_801_Torlof.d:1379","Das könnte dir so passen. Nix da. Wenn du mich bezahlst und dann meine Dienste nicht in Anspruch nimmst, ist das dein Problem, mein Freund.","참 잘도 그러겠다. 택도 없는 소리. 나한테 돈을 지불해 놓고 내 서비스를 이용하지 않겠다면, 그건 네 문제지, 친구.","","False","DIA_Torlof_PERM5_NOTCAPTAIN_01_01","",""
"Scripts/Content/Story/Dialoge/DIA_SLD_801_Torlof_DI.d:34","Alles ruhig?","별일 없나?","","False","DIA_Torlof_DI_Hallo.description","",""
"Scripts/Content/Story/Dialoge/DIA_SLD_801_Torlof_DI.d:47","Alles ruhig?","별일 없나?","","False","DIA_Torlof_DI_Hallo_15_00","",""
"Scripts/Content/Story/Dialoge/DIA_SLD_801_Torlof_DI.d:51","Bisher noch. Aber das kann sich hier schlagartig ändern. Pass auf deinen Rücken auf.","지금까지는 말이지. 하지만 여기서 그건 순식간에 바뀔 수 있어. 뒤를 조심해.","","False","DIA_Torlof_DI_Hallo_01_01","",""
"Scripts/Content/Story/Dialoge/DIA_SLD_801_Torlof_DI.d:55","Wenn diese elenden Orks bloß bleiben, wo sie sind, sehe ich kein Problem.","그 지독한 오크 녀석들이 제법에만 가만히 있어 준다면야, 문제없을 거다.","","False","DIA_Torlof_DI_Hallo_01_02","",""
"Scripts/Content/Story/Dialoge/DIA_SLD_801_Torlof_DI.d:72","Ich will meine Fähigkeiten verbessern!","내 능력을 향상시키고 싶어!","","False","DIA_Torlof_DI_Teach.description","",""
"Scripts/Content/Story/Dialoge/DIA_SLD_801_Torlof_DI.d:85","Ich will meine Fähigkeiten verbessern!","내 능력을 향상시키고 싶어!","","False","DIA_Torlof_DI_Teach_15_00","",""
"Scripts/Content/Story/Dialoge/DIA_SLD_801_Torlof_DI.d:154","Ich habe den Feind eliminiert.","적을 처치했다.","","False","DIA_Torlof_DI_UndeadDragonDead.description","",""
"Scripts/Content/Story/Dialoge/DIA_SLD_801_Torlof_DI.d:167","Ich habe den Feind eliminiert.","적을 처치했어.","","False","DIA_Torlof_DI_UndeadDragonDead_15_00","",""
"Scripts/Content/Story/Dialoge/DIA_SLD_801_Torlof_DI.d:168","Ich habe auch nichts anderes erwartet. Wie sieht's aus? Können wir jetzt endlich abhauen?","그럴 줄 알았지. 상황은 어때? 이제 드디어 여기서 뜰 수 있는 건가?","","False","DIA_Torlof_DI_UndeadDragonDead_01_01","",""
"Scripts/Content/Story/Dialoge/DIA_SLD_801_Torlof_DI.d:171","Ich brauche noch einen Moment.","잠시만 시간을 더오오.","","False","DIA_Torlof_DI_UndeadDragonDead_Info.DIA_Torlof_DI_UndeadDragonDead.DIA_Torlof_DI_UndeadDragonDead_moment","Info_AddChoice",""
"Scripts/Content/Story/Dialoge/DIA_SLD_801_Torlof_DI.d:172","Ja. Es ist vorbei. Lass uns verschwinden.","그래. 끝났어. 썩 꺼지자고.","","False","DIA_Torlof_DI_UndeadDragonDead_Info.DIA_Torlof_DI_UndeadDragonDead.DIA_Torlof_DI_UndeadDragonDead_over","Info_AddChoice",""
"Scripts/Content/Story/Dialoge/DIA_SLD_801_Torlof_DI.d:177","Ich brauche noch einen Moment.","잠시만 시간을 더오오.","","False","DIA_Torlof_DI_UndeadDragonDead_moment_15_00","",""
"Scripts/Content/Story/Dialoge/DIA_SLD_801_Torlof_DI.d:178","Mach schnell!","서둘러!","","False","DIA_Torlof_DI_UndeadDragonDead_moment_01_01","",""
"Scripts/Content/Story/Dialoge/DIA_SLD_802_Buster.d:50","Wen haben wir denn da? Kenn ich dich nicht irgendwo her?","이게 누구신가? 어디서 본 얼굴인데?","","False","DIA_Buster_Hello_13_00","",""
"Scripts/Content/Story/Dialoge/DIA_SLD_802_Buster.d:54","Schon möglich. Ich bin auf dem Weg zum Großbauern.","그럴지도 모르지. 난 대농장으로 가는 길이야.","","False","DIA_Buster_Hello_Info.DIA_Buster_Hello.DIA_Buster_Hello_GoingToFarm","Info_AddChoice",""
"Scripts/Content/Story/Dialoge/DIA_SLD_802_Buster.d:55","Wer will das wissen?","알아서 뭐하게?","","False","DIA_Buster_Hello_Info.DIA_Buster_Hello.DIA_Buster_Hello_WhoAreYou","Info_AddChoice",""
"Scripts/Content/Story/Dialoge/DIA_SLD_802_Buster.d:60","Wer will das wissen?","알아서 뭐하게?","","False","DIA_Buster_Hello_WhoAreYou_15_00","",""
"Scripts/Content/Story/Dialoge/DIA_SLD_802_Buster.d:61","Ich bin Buster, einer von Lees Söldnern!","난 버스터다, 리의 용병 중 한 명이지!","","False","DIA_Buster_Hello_WhoAreYou_13_01","",""
"Scripts/Content/Story/Dialoge/DIA_SLD_802_Buster.d:62","Und DU solltest lieber ein bisschen netter zu mir sein, oder ich zieh dir das Fell über die Ohren!","그리고 너는 나한테 좀 더 친절하게 대하는 게 좋을 거다. 안 그러면 가죽을 벗겨버릴 테니까!","","False","DIA_Buster_Hello_WhoAreYou_13_02","",""
"Scripts/Content/Story/Dialoge/DIA_SLD_802_Buster.d:63","Also, was willst du hier?","그래서, 여기서 뭘 하려는 거지?","","False","DIA_Buster_Hello_WhoAreYou_13_03","",""
"Scripts/Content/Story/Dialoge/DIA_SLD_802_Buster.d:67","Das geht dich nichts an.","네가 알 바 아니야.","","False","DIA_Buster_Hello_WhoAreYou.DIA_Buster_Hello.DIA_Buster_Hello_NotYourBusiness","Info_AddChoice",""
"Scripts/Content/Story/Dialoge/DIA_SLD_802_Buster.d:68","Ich kenne Lee!","난 리를 알아!","","False","DIA_Buster_Hello_WhoAreYou.DIA_Buster_Hello.DIA_Buster_Hello_IKnowLee","Info_AddChoice",""
"Scripts/Content/Story/Dialoge/DIA_SLD_802_Buster.d:69","Ich bin nur ein Reisender auf dem Weg zum Großbauern.","대농장으로 가는 길목의 여행자일 뿐이야.","","False","DIA_Buster_Hello_WhoAreYou.DIA_Buster_Hello.DIA_Buster_Hello_GoingToFarm","Info_AddChoice",""
"Scripts/Content/Story/Dialoge/DIA_SLD_802_Buster.d:74","Ich kenne Lee!","난 리를 알아!","","False","DIA_Buster_Hello_IKnowLee_15_00","",""
"Scripts/Content/Story/Dialoge/DIA_SLD_802_Buster.d:75","Jeder kennt Lee! Das heißt gar nichts, klar! Im Moment redest du mit MIR!","리 모르는 사람이 어디 있나! 그건 아무 의미도 없어, 친구! 지금 너는 나와 얘기하고 있다고!","","False","DIA_Buster_Hello_IKnowLee_13_01","",""
"Scripts/Content/Story/Dialoge/DIA_SLD_802_Buster.d:76","Also, wohin willst du?","자, 그래서 어디로 가는 거지?","","False","DIA_Buster_Hello_IKnowLee_13_02","",""
"Scripts/Content/Story/Dialoge/DIA_SLD_802_Buster.d:80","Das geht dich nichts an.","네가 알 바 아니야.","","False","DIA_Buster_Hello_IKnowLee.DIA_Buster_Hello.DIA_Buster_Hello_NotYourBusiness","Info_AddChoice",""
"Scripts/Content/Story/Dialoge/DIA_SLD_802_Buster.d:81","Ich bin nur ein Reisender auf dem Weg zum Großbauern.","대농장으로 가는 길목의 여행자일 뿐이야.","","False","DIA_Buster_Hello_IKnowLee.DIA_Buster_Hello.DIA_Buster_Hello_GoingToFarm","Info_AddChoice",""
"Scripts/Content/Story/Dialoge/DIA_SLD_802_Buster.d:86","Das geht dich nichts an.","네가 알 바 아니야.","","False","DIA_Buster_Hello_NotYourBusiness_15_00","",""
"Scripts/Content/Story/Dialoge/DIA_SLD_802_Buster.d:87","So redet niemand mit mir, du Wurm! Ich glaube, es wird mal Zeit für'n bisschen Prügel!","감히 내게 그런 식으로 말하다니, 이 버러지 같은 녀석! 뼈도 못 추리게 두들겨 맞을 때가 된 것 같군!","","False","DIA_Buster_Hello_NotYourBusiness_13_01","",""
"Scripts/Content/Story/Dialoge/DIA_SLD_802_Buster.d:95","Schon möglich. Ich bin auf dem Weg zum Großbauern.","그럴지도 모르지. 난 대농장으로 가는 길이야.","","False","DIA_Buster_Hello_GoingToFarm_15_00","",""
"Scripts/Content/Story/Dialoge/DIA_SLD_802_Buster.d:96","So, so ... Hm - gefährlich siehst du mir ja nicht gerade aus.","그렇군... 흠 - 위험해 보이지는 않는데 말이지.","","False","DIA_Buster_Hello_GoingToFarm_13_01","",""
"Scripts/Content/Story/Dialoge/DIA_SLD_802_Buster.d:100","Willst du's mal testen?","시험해 볼래?","","False","DIA_Buster_Hello_GoingToFarm.DIA_Buster_Hello.DIA_Buster_Hello_WannaTestIt","Info_AddChoice",""
"Scripts/Content/Story/Dialoge/DIA_SLD_802_Buster.d:101","Das eine oder andere Biest habe ich schon erledigt.","괴물 녀석들 몇 마리쯤은 해치워 봤지.","","False","DIA_Buster_Hello_GoingToFarm.DIA_Buster_Hello.DIA_Buster_Hello_SlewBeasts","Info_AddChoice",""
"Scripts/Content/Story/Dialoge/DIA_SLD_802_Buster.d:102","Bin ich auch nicht.","위험하지도 않고.","","False","DIA_Buster_Hello_GoingToFarm.DIA_Buster_Hello.DIA_Buster_Hello_ImNoDanger","Info_AddChoice",""
"Scripts/Content/Story/Dialoge/DIA_SLD_802_Buster.d:107","Bin ich auch nicht.","위험하지도 않고.","","False","DIA_Buster_Hello_ImNoDanger_15_00","",""
"Scripts/Content/Story/Dialoge/DIA_SLD_802_Buster.d:108","(selbstgefällig) Tja, mit den Jahren bekommt man einen Blick für so was, Kleiner.","(거들먹거리며) 그래, 세월이 흐르면 이런 걸 알아보는 눈이 생기지, 꼬마야.","","False","DIA_Buster_Hello_ImNoDanger_13_01","",""
"Scripts/Content/Story/Dialoge/DIA_SLD_802_Buster.d:109","Wir legen uns hier regelmäßig mit Orks an. Oder mit den Wachen aus der Stadt. Die können ziemlich hartnäckig sein (lacht).","우린 여기서 정기적으로 오크들과 싸운다. 아니면 마을에서 온 경비병들이랑 말이지. 녀석들은 꽤 끈질기단 말이야 (웃음).","","False","DIA_Buster_Hello_ImNoDanger_13_02","",""
"Scripts/Content/Story/Dialoge/DIA_SLD_802_Buster.d:113","Du meinst ECHTE Orks? Die großen?","진짜 오크를 말하는 거야? 그 커다란 녀석들?","","False","DIA_Buster_Hello_ImNoDanger.DIA_Buster_Hello.DIA_Buster_Hello_RealOrcs","Info_AddChoice",""
"Scripts/Content/Story/Dialoge/DIA_SLD_802_Buster.d:114","Na und?","어쩌라고?","","False","DIA_Buster_Hello_ImNoDanger.DIA_Buster_Hello.DIA_Buster_Hello_SoWhat","Info_AddChoice",""
"Scripts/Content/Story/Dialoge/DIA_SLD_802_Buster.d:115","Beeindruckend.","인상적이군.","","False","DIA_Buster_Hello_ImNoDanger.DIA_Buster_Hello.DIA_Buster_Hello_Impressive","Info_AddChoice",""
"Scripts/Content/Story/Dialoge/DIA_SLD_802_Buster.d:120","Das eine oder andere Biest habe ich schon erledigt.","괴물 녀석들 몇 마리쯤은 해치워 봤지.","","False","DIA_Buster_Hello_SlewBeasts_15_00","",""
"Scripts/Content/Story/Dialoge/DIA_SLD_802_Buster.d:121","Ha! (lacht) Du hast wahrscheinlich die Käfer auf den Feldern geplättet und ein paar Ratten aus ihren Löchern gejagt.","하! (웃음) 들판에서 벌레나 짓밟고 굴에서 쥐 몇 마리나 쫓아냈겠지.","","False","DIA_Buster_Hello_SlewBeasts_13_01","",""
"Scripts/Content/Story/Dialoge/DIA_SLD_802_Buster.d:122","Wir haben es hier mit Orks zu tun! Na ja, und mit den dreckigen Stadtwachen. (lacht abfällig)","우린 여기서 오크를 상대한다고! 뭐, 그리고 더러운 도시 경비병들도 말이지. (코웃음을 친다)","","False","DIA_Buster_Hello_SlewBeasts_13_02","",""
"Scripts/Content/Story/Dialoge/DIA_SLD_802_Buster.d:126","Du meinst ECHTE Orks? Die großen?","진짜 오크를 말하는 거야? 덩치 큰 녀석들?","","False","DIA_Buster_Hello_SlewBeasts.DIA_Buster_Hello.DIA_Buster_Hello_RealOrcs","Info_AddChoice",""
"Scripts/Content/Story/Dialoge/DIA_SLD_802_Buster.d:127","Na und?","그래서?","","False","DIA_Buster_Hello_SlewBeasts.DIA_Buster_Hello.DIA_Buster_Hello_SoWhat","Info_AddChoice",""
"Scripts/Content/Story/Dialoge/DIA_SLD_802_Buster.d:128","Beeindruckend.","인상적이군.","","False","DIA_Buster_Hello_SlewBeasts.DIA_Buster_Hello.DIA_Buster_Hello_Impressive","Info_AddChoice",""
"Scripts/Content/Story/Dialoge/DIA_SLD_802_Buster.d:133","Willst du's mal testen?","시험해 볼래?","","False","DIA_Buster_Hello_WannaTestIt_15_00","",""
"Scripts/Content/Story/Dialoge/DIA_SLD_802_Buster.d:134","Oha! Da bin ich wohl an den Falschen geraten, was?","오호! 내가 잘못 건드렸나 본데, 안 그래?","","False","DIA_Buster_Hello_WannaTestIt_13_01","",""
"Scripts/Content/Story/Dialoge/DIA_SLD_802_Buster.d:135","Stimmt genau.","맞어.","","False","DIA_Buster_Hello_WannaTestIt_15_02","",""
"Scripts/Content/Story/Dialoge/DIA_SLD_802_Buster.d:136","Dann zeig mal, was du drauf hast!","그럼 네 실력을 보여다오!","","False","DIA_Buster_Hello_WannaTestIt_13_03","",""
"Scripts/Content/Story/Dialoge/DIA_SLD_802_Buster.d:144","Beeindruckend.","인상적이군.","","False","DIA_Buster_Hello_Impressive_15_00","",""
"Scripts/Content/Story/Dialoge/DIA_SLD_802_Buster.d:145","(lacht) Das ist unser Geschäft, Junge! Wir stellen sogar selber unsere Waffen und Rüstungen her!","(웃음) 그게 우리 일이야, 애송아! 우린 무기하고 방어구도 직접 만든다고!","","False","DIA_Buster_Hello_Impressive_13_01","",""
"Scripts/Content/Story/Dialoge/DIA_SLD_802_Buster.d:146","Jeden Tag lachen wir dem Tod ins Gesicht! Aber davon versteht ein Landei wie du ja nichts!","우린 매일 죽음과 맞서지! 하지만 너 같은 촌놈이 그걸 뭘 알겠어!","","False","DIA_Buster_Hello_Impressive_13_02","",""
"Scripts/Content/Story/Dialoge/DIA_SLD_802_Buster.d:150","Ich muss dir wohl mal zeigen, wieviel ich davon verstehe!","내가 그걸 얼마나 잘 아는지 네놈에게 보여줘야겠군!","","False","DIA_Buster_Hello_Impressive.DIA_Buster_Hello.DIA_Buster_Hello_LetMeShowYou","Info_AddChoice",""
"Scripts/Content/Story/Dialoge/DIA_SLD_802_Buster.d:151","Wird schon so sein.","그렇겠지.","","False","DIA_Buster_Hello_Impressive.DIA_Buster_Hello.DIA_Buster_Hello_IfYouSaySo","Info_AddChoice",""
"Scripts/Content/Story/Dialoge/DIA_SLD_802_Buster.d:156","Wird schon so sein.","그렇겠지.","","False","DIA_Buster_Hello_IfYouSaySo_15_00","",""
"Scripts/Content/Story/Dialoge/DIA_SLD_802_Buster.d:157","(schnaubt gelangweilt) Mach, dass du weiterkommst, du Waschlappen!","(지루한 듯 코를 킁킁거리며) 꺼져라, 풋내기 자식!","","False","DIA_Buster_Hello_IfYouSaySo_13_01","",""
"Scripts/Content/Story/Dialoge/DIA_SLD_802_Buster.d:164","Ich muss dir wohl mal zeigen, wie viel ich davon verstehe!","내가 그걸 얼마나 잘 아는지 네놈에게 보여줘야겠군!","","False","DIA_Buster_Hello_LetMeShowYou_15_00","",""
"Scripts/Content/Story/Dialoge/DIA_SLD_802_Buster.d:165","Du willst wohl den Bauernaufstand ganz alleine antreten, was?","혼자서 농민 봉기라도 일으키겠다는 건가?","","False","DIA_Buster_Hello_LetMeShowYou_13_01","",""
"Scripts/Content/Story/Dialoge/DIA_SLD_802_Buster.d:166","Na, dann zeig mal, was du drauf hast!","자, 그럼 실력을 보여봐!","","False","DIA_Buster_Hello_LetMeShowYou_13_02","",""
"Scripts/Content/Story/Dialoge/DIA_SLD_802_Buster.d:174","Na und?","그래서?","","False","DIA_Buster_Hello_SoWhat_15_00","",""
"Scripts/Content/Story/Dialoge/DIA_SLD_802_Buster.d:175","(schnaubt) Als ob du wüsstest, wovon ich rede. Hältst dich wohl für verdammt stark, was?","(코웃음을 친다) 내가 무슨 말을 하는지 알기나 하겠냐. 제법 강하다고 생각하나 보지?","","False","DIA_Buster_Hello_SoWhat_13_01","",""
"Scripts/Content/Story/Dialoge/DIA_SLD_802_Buster.d:176","(böse) Vielleicht ist es an der Zeit, dass dir mal jemand 'ne Lektion erteilt!","(화난 목소리로) 누군가 네놈 버릇을 고쳐줄 때가 된 것 같군!","","False","DIA_Buster_Hello_SoWhat_13_02","",""
"Scripts/Content/Story/Dialoge/DIA_SLD_802_Buster.d:180","Jederzeit!","언제든지!","","False","DIA_Buster_Hello_SoWhat.DIA_Buster_Hello.DIA_Buster_Hello_Whenever","Info_AddChoice",""
"Scripts/Content/Story/Dialoge/DIA_SLD_802_Buster.d:181","War nur'n Scherz...","그냥 농담이야...","","False","DIA_Buster_Hello_SoWhat.DIA_Buster_Hello.DIA_Buster_Hello_JustJoking","Info_AddChoice",""
"Scripts/Content/Story/Dialoge/DIA_SLD_802_Buster.d:186","Meinst du ECHTE Orks? Die großen?","진짜 오크를 말하는 거야? 덩치 큰 녀석들?","","False","DIA_Buster_Hello_RealOrcs_15_00","",""
"Scripts/Content/Story/Dialoge/DIA_SLD_802_Buster.d:187","(seufzt) Ich meine ... Moment mal! Willst du mich verarschen?!","(한숨을 쉰다) 내 말은... 잠깐만! 지금 나랑 장난해?!","","False","DIA_Buster_Hello_RealOrcs_13_01","",""
"Scripts/Content/Story/Dialoge/DIA_SLD_802_Buster.d:188","(schmunzelt) Nichts liegt mir ferner.","(씩 웃으며) 그럴 리가.","","False","DIA_Buster_Hello_RealOrcs_15_02","",""
"Scripts/Content/Story/Dialoge/DIA_SLD_802_Buster.d:189","Du Wurm! (dumm-agressiv) Du willst es wohl wissen, he?","이 벌레 같은 녀석! (바보처럼 공격적으로) 아주 혼이 나야 정신을 차리겠지, 어?","","False","DIA_Buster_Hello_RealOrcs_13_03","",""
"Scripts/Content/Story/Dialoge/DIA_SLD_802_Buster.d:190","Dann zeig mir doch mal, was du drauf hast, du Held!","그럼 어디 네 실력을 보여봐라, 영웅 양반!","","False","DIA_Buster_Hello_RealOrcs_13_04","",""
"Scripts/Content/Story/Dialoge/DIA_SLD_802_Buster.d:194","Jederzeit!","언제든지!","","False","DIA_Buster_Hello_RealOrcs.DIA_Buster_Hello.DIA_Buster_Hello_Whenever","Info_AddChoice",""
"Scripts/Content/Story/Dialoge/DIA_SLD_802_Buster.d:195","War nur'n Scherz...","그냥 농담이야...","","False","DIA_Buster_Hello_RealOrcs.DIA_Buster_Hello.DIA_Buster_Hello_JustJoking","Info_AddChoice",""
"Scripts/Content/Story/Dialoge/DIA_SLD_802_Buster.d:200","Jederzeit!","언제든지!","","False","DIA_Buster_Hello_Whenever_15_00","",""
"Scripts/Content/Story/Dialoge/DIA_SLD_802_Buster.d:201","Na, dann komm mal her, Bürschchen!","자, 그럼 이리 와라, 꼬마야!","","False","DIA_Buster_Hello_Whenever_13_01","",""
"Scripts/Content/Story/Dialoge/DIA_SLD_802_Buster.d:209","War nur'n Scherz ...","그냥 농담이야...","","False","DIA_Buster_Hello_JustJoking_15_00","",""
"Scripts/Content/Story/Dialoge/DIA_SLD_802_Buster.d:210","Jaja, kneif ruhig den Schwanz ein! Mach, dass du wegkommst!","그래, 꼬리를 바짝 내리는군! 당장 꺼져!","","False","DIA_Buster_Hello_JustJoking_13_01","",""
"Scripts/Content/Story/Dialoge/DIA_SLD_802_Buster.d:239","Was willst du, du Weichei?","뭘 원하냐, 찌질이?","","False","DIA_Buster_FightNone_13_00","",""
"Scripts/Content/Story/Dialoge/DIA_SLD_802_Buster.d:252","Ich fordere dich zum Duell!","네놈에게 결투를 신청한다!","","False","DIA_Buster_Duell.description","",""
"Scripts/Content/Story/Dialoge/DIA_SLD_802_Buster.d:265","Ich fordere dich zum Duell!","네놈에게 결투를 신청한다!","","False","DIA_Buster_Duell_15_00","",""
"Scripts/Content/Story/Dialoge/DIA_SLD_802_Buster.d:268","Aha! Du willst es nicht auf dir sitzen lassen, was? Na gut - komm her!","아하! 이 수모를 그냥 넘기지 않겠다 이거지? 좋아, 이리 와라!","","False","DIA_Buster_Duell_13_01","",""
"Scripts/Content/Story/Dialoge/DIA_SLD_802_Buster.d:272","Du willst es noch mal versuchen? Du bist ganz schön hartnäckig - na gut, komm her!","또 해보겠다고? 제법 끈질기단 말이야... 좋아, 이리 와!","","False","DIA_Buster_Duell_13_02","",""
"Scripts/Content/Story/Dialoge/DIA_SLD_802_Buster.d:275","Aber nicht wieder wegrennen!","이번엔 도망치지 마라!","","False","DIA_Buster_Duell_13_03","",""
"Scripts/Content/Story/Dialoge/DIA_SLD_802_Buster.d:293","Ich will mich den Söldnern anschließen!","용병단에 들어가고 싶다!","","False","DIA_Buster_WannaJoin.description","",""
"Scripts/Content/Story/Dialoge/DIA_SLD_802_Buster.d:307","Ich will mich den Söldnern anschließen!","용병단에 들어가고 싶다!","","False","DIA_Buster_WannaJoin_15_00","",""
"Scripts/Content/Story/Dialoge/DIA_SLD_802_Buster.d:313","Wer so feste draufhauen kann wie du, sollte es hier nicht allzu schwer haben.","너처럼 묵직하게 후려칠 수 있다면 여기서 살아남는 건 어렵지 않을 거다.","","False","DIA_Buster_WannaJoin_13_01","",""
"Scripts/Content/Story/Dialoge/DIA_SLD_802_Buster.d:317","Du bist zwar nicht der beste Kämpfer, aber feige bist du nicht.","최고의 전사는 아니지만, 비겁한 녀석은 아니지.","","False","DIA_Buster_WannaJoin_13_02","",""
"Scripts/Content/Story/Dialoge/DIA_SLD_802_Buster.d:320","Meine Stimme zählt zwar nicht viel, weil ich noch nicht lange dabei bin, aber wenn Lee mich fragt, werde ich für dich stimmen.","내가 여기 들어온 지 얼마 안 돼서 내 표는 별로 힘이 없지만, 리가 묻는다면 널 지지해 주지.","","False","DIA_Buster_WannaJoin_13_03","",""
"Scripts/Content/Story/Dialoge/DIA_SLD_802_Buster.d:328","Du? Ich kann mich nicht erinnern, dass jemals ein Feigling bei den Söldnern aufgenommen wurde ...","너? 비겁한 녀석이 용병단에 받아들여진 기억은 없는데...","","False","DIA_Buster_WannaJoin_13_04","",""
"Scripts/Content/Story/Dialoge/DIA_SLD_802_Buster.d:331","In einem Duell davon zu rennen - so kommst du hier nicht weit!","결투 중에 도망치다니 — 그런 식으로는 여기서 오래 못 간다!","","False","DIA_Buster_WannaJoin_13_05","",""
"Scripts/Content/Story/Dialoge/DIA_SLD_802_Buster.d:346","Ich will mehr über die Söldner und die Gegend hier herausfinden.","용병들과 이 지역에 대해 더 알아보고 싶다.","","False","DIA_Buster_OtherSld.description","",""
"Scripts/Content/Story/Dialoge/DIA_SLD_802_Buster.d:359","Ich will mehr über die Söldner und die Gegend hier herausfinden.","용병들과 이 지역에 대해 더 알아보고 싶다.","","False","DIA_Buster_OtherSld_15_00","",""
"Scripts/Content/Story/Dialoge/DIA_SLD_802_Buster.d:360","Über die Gegend kann ich dir nicht viel erzählen. Da fragst du am Besten die Bauern.","이 지역에 대해서는 해줄 말이 별로 없다. 농부들에게 물어보는 게 좋을 거야.","","False","DIA_Buster_OtherSld_13_01","",""
"Scripts/Content/Story/Dialoge/DIA_SLD_802_Buster.d:361","Und was uns Söldner betrifft - wir haben eine ganz einfache Regel: Wer sich durchsetzen kann, der ist dabei.","우리 용병들에 대해 말하자면 간단한 규칙이 있지. 실력을 증명하면 끝이야.","","False","DIA_Buster_OtherSld_13_02","",""
"Scripts/Content/Story/Dialoge/DIA_SLD_802_Buster.d:364","Ich glaube, du hättest das Zeug dazu, einer von uns zu werden.","너라면 우리 동료가 될 자격이 있는 것 같군.","","False","DIA_Buster_OtherSld_13_03","",""
"Scripts/Content/Story/Dialoge/DIA_SLD_802_Buster.d:365","Aber nur, weil du in unserem letzten Kampf Glück hattest, solltest du nicht übermütig werden.","하지만 저번 싸움에서 운이 좀 따랐다고 해서 너무 우쭐대지는 마라.","","False","DIA_Buster_OtherSld_13_04","",""
"Scripts/Content/Story/Dialoge/DIA_SLD_802_Buster.d:366","Es gibt 'ne Menge Jungs auf dem Hof, die noch 'ne ganze Ecke besser sind als ich ...","농장에는 나보다 훨씬 뛰어난 녀석들이 널렸으니까...","","False","DIA_Buster_OtherSld_13_05","",""
"Scripts/Content/Story/Dialoge/DIA_SLD_802_Buster.d:367","Sentenza zum Beispiel. Er bewacht den Zugang zur Farm. Leg dich bloß nicht mit ihm an.","예를 들면 센텐자 같은 녀석 말이야. 그는 농장 입구를 지키고 있어. 절대 그와 시비 붙지 않는 게 좋을걸.","","False","DIA_Buster_OtherSld_13_06","",""
"Scripts/Content/Story/Dialoge/DIA_SLD_802_Buster.d:376","Aber was erzähl ich DIR das, du Waschlappen!","하지만 이런 얘기를 너 같은 찌질이한테 해봐야 무슨 소용이겠어!","","False","DIA_Buster_OtherSld_13_07","",""
"Scripts/Content/Story/Dialoge/DIA_SLD_802_Buster.d:392","Was ist mit diesem Sentenza?","그 센텐자라는 녀석은 어때?","","False","DIA_Buster_AboutSentenza.description","",""
"Scripts/Content/Story/Dialoge/DIA_SLD_802_Buster.d:405","Was ist mit diesem Sentenza?","그 센텐자라는 녀석은 어때?","","False","DIA_Buster_AboutSentenza_15_00","",""
"Scripts/Content/Story/Dialoge/DIA_SLD_802_Buster.d:406","Er wird dir Gold abknöpfen wollen, wenn du zur Farm gehst - das macht er bei jedem Neuen.","농장에 들어올 때 네게서 금을 뜯어내려 들 거다. 새로 온 사람한테는 늘 그러거든.","","False","DIA_Buster_AboutSentenza_13_01","",""
"Scripts/Content/Story/Dialoge/DIA_SLD_802_Buster.d:407","Und wenn ich du wäre, dann würde ich bezahlen. Das hab ich damals auch getan. Und das Gute daran war, dass er danach für mich gestimmt hat.","내 말 듣는 게 좋을 걸, 그냥 돈을 주는 게 나을 거다. 나도 옛날에 그랬으니까. 다행히 그 자식이 나를 위해 투표해 주더군.","","False","DIA_Buster_AboutSentenza_13_02","",""
"Scripts/Content/Story/Dialoge/DIA_SLD_802_Buster.d:408","Eine Hand wäscht die andere, hat er gemeint. Ich bin zwar all mein Gold losgeworden. Aber es war sowieso nicht viel. Und am Ende war ich froh darüber.","가는 말이 고와야 오는 말이 곱다고 하더군. 가진 금을 다 날리긴 했지만, 어차피 얼마 되지도 않았어. 결국엔 그게 더 잘된 일이었지.","","False","DIA_Buster_AboutSentenza_13_03","",""
"Scripts/Content/Story/Dialoge/DIA_SLD_802_Buster.d:409","Ich hab mal gesehen, wie er einen Kerl verprügelt hat, der NICHT bezahlen wollte.","돈을 내지 않겠다고 버티던 녀석을 그가 아주 흠씬 두들겨 패는 걸 본 적이 있지.","","False","DIA_Buster_AboutSentenza_13_04","",""
"Scripts/Content/Story/Dialoge/DIA_SLD_802_Buster.d:410","Danke für den Tipp.","조언 고마워.","","False","DIA_Buster_AboutSentenza_15_05","",""
"Scripts/Content/Story/Dialoge/DIA_SLD_802_Buster.d:411","Nicht wahr? Denkst du, er ist dir was wert?","그렇지? 그 조언이 그 정도 가치는 있다고 생각하나?","","False","DIA_Buster_AboutSentenza_13_06","",""
"Scripts/Content/Story/Dialoge/DIA_SLD_802_Buster.d:414","Nein.","아니.","","False","DIA_Buster_AboutSentenza_Info.DIA_Buster_AboutSentenza.DIA_Buster_AboutSentenza_No","Info_AddChoice",""
"Scripts/Content/Story/Dialoge/DIA_SLD_802_Buster.d:415","Hier - nimm 5 Goldstücke.","자, 여기 5개의 금화야.","","False","DIA_Buster_AboutSentenza_Info.DIA_Buster_AboutSentenza.DIA_Buster_AboutSentenza_Give","Info_AddChoice",""
"Scripts/Content/Story/Dialoge/DIA_SLD_802_Buster.d:420","Hier - nimm 5 Goldstücke.","자, 여기 5개의 금화야.","","False","DIA_Buster_AboutSentenza_Give_15_00","",""
"Scripts/Content/Story/Dialoge/DIA_SLD_802_Buster.d:421","Danke, Mann. Jetzt kann ich mir heute Abend doch wieder einen brennen. Ich werd's dir nicht vergessen.","고마워, 친구. 덕분에 오늘 밤도 술 한잔 거하게 걸칠 수 있겠군. 이 은혜는 잊지 않으마.","","False","DIA_Buster_AboutSentenza_Give_13_01","",""
"Scripts/Content/Story/Dialoge/DIA_SLD_802_Buster.d:429","Nein.","아니.","","False","DIA_Buster_AboutSentenza_No_15_00","",""
"Scripts/Content/Story/Dialoge/DIA_SLD_802_Buster.d:430","Dacht ich mir.","그럴 줄 알았다.","","False","DIA_Buster_AboutSentenza_No_13_01","",""
"Scripts/Content/Story/Dialoge/DIA_SLD_802_Buster.d:443","Lee ist der Anführer der Söldner, oder etwa nicht?","리가 용병들의 우두머리인가, 아니야?","","False","DIA_Buster_LeeLeader.description","",""
"Scripts/Content/Story/Dialoge/DIA_SLD_802_Buster.d:456","Lee ist der Anführer der Söldner, oder etwa nicht?","리가 용병들의 우두머리인가, 아니야?","","False","DIA_Buster_LeeLeader_15_00","",""
"Scripts/Content/Story/Dialoge/DIA_SLD_802_Buster.d:457","Stimmt - hey, jetzt weiß ich auch, woher ich dich kenne! Du bist auch in der Kolonie gewesen.","맞아 — 이봐, 이제 보니 네가 어디서 봤던 녀석인지 기억나는군! 너도 영지에 있었잖아.","","False","DIA_Buster_LeeLeader_13_01","",""
"Scripts/Content/Story/Dialoge/DIA_SLD_802_Buster.d:458","(seufzt) Ja, das war ich.","(한숨을 쉰다) 그래, 있었지.","","False","DIA_Buster_LeeLeader_15_02","",""
"Scripts/Content/Story/Dialoge/DIA_SLD_802_Buster.d:459","Hab dich nicht mehr gesehen, als der große Knall passierte. Auch 'ne ganze Weile vorher nicht.","그 큰 난리가 났을 땐 안 보이더군. 그 한참 전부터도 안 보였고.","","False","DIA_Buster_LeeLeader_13_03","",""
"Scripts/Content/Story/Dialoge/DIA_SLD_802_Buster.d:460","Ich hatte andere Probleme.","다른 일이 좀 바빴거든.","","False","DIA_Buster_LeeLeader_15_04","",""
"Scripts/Content/Story/Dialoge/DIA_SLD_802_Buster.d:461","Da hast du 'ne Menge verpasst - seit wir zusammen im Knast saßen, hat sich Einiges verändert.","그럼 많은 걸 놓친 셈이군. 우리가 함께 감옥에 처박혀 있던 때부터 많은 게 변했으니까.","","False","DIA_Buster_LeeLeader_13_05","",""
"Scripts/Content/Story/Dialoge/DIA_SLD_802_Buster.d:473","Was ist aus den Söldnern der Kolonie geworden? ","영지의 용병들은 어떻게 되었나? ","","False","DIA_Buster_WhatHappened.description","",""
"Scripts/Content/Story/Dialoge/DIA_SLD_802_Buster.d:487","Was ist aus den Söldnern der Kolonie geworden?","영지의 용병들은 어떻게 되었나?","","False","DIA_Buster_WhatHappened_15_00","",""
"Scripts/Content/Story/Dialoge/DIA_SLD_802_Buster.d:488","Nachdem die Barriere weg war, hat uns Lee aus der Kolonie geführt. Er sagte, wenn wir alle zusammenhalten, kann uns nichts passieren. Und er hatte recht.","장벽이 사라진 후에 리가 우리를 영지 밖으로 이끌었어. 우리가 다 함께 뭉치면 아무도 우리를 건드릴 수 없다고 했지. 그의 말이 맞았어.","","False","DIA_Buster_WhatHappened_13_01","",""
"Scripts/Content/Story/Dialoge/DIA_SLD_802_Buster.d:489","Es hat nicht lange gedauert, bis wir hier ein gemütliches Plätzchen gefunden haben. Der Großbauer bezahlt uns, damit wir die Milizen aus der Stadt verprügeln.","그리 오래 지나지 않아 우린 여기 아늑한 자리를 잡았지. 대농장 주인이 도시에서 온 민병대들을 두들겨 패는 대가로 우리에게 돈을 주거든.","","False","DIA_Buster_WhatHappened_13_02","",""
"Scripts/Content/Story/Dialoge/DIA_SLD_802_Buster.d:490","Und das hätten die Meisten von uns sogar ohne Bezahlung gemacht.","그리고 우리 중 대부분은 돈을 받지 않았어도 기꺼이 그 짓을 했을 거다.","","False","DIA_Buster_WhatHappened_13_03","",""
"Scripts/Content/Story/Dialoge/DIA_SLD_802_Buster.d:491","Aber Onar füttert uns alle durch und wir können hier in Ruhe auf eine gute Gelegenheit warten, von dieser verdammten Insel runterzukommen.","하지만 오나르가 우리를 먹여 살려주고 있고, 우린 이 저주받은 섬을 뜰 좋은 기회를 느긋하게 기다릴 수 있지.","","False","DIA_Buster_WhatHappened_13_04","",""
"Scripts/Content/Story/Dialoge/DIA_SLD_802_Buster.d:504","Kannst du mir beibringen, besser zu kämpfen?","싸우는 법을 좀 더 가르쳐 줄 수 있나?","","False","DIA_Buster_Teach.description","",""
"Scripts/Content/Story/Dialoge/DIA_SLD_802_Buster.d:517","Kannst du mir beibringen, besser zu kämpfen?","싸우는 법을 좀 더 가르쳐 줄 수 있나?","","False","DIA_Buster_Teach_15_00","",""
"Scripts/Content/Story/Dialoge/DIA_SLD_802_Buster.d:520","Kann schon sein, dass ich dir den einen oder anderen Tipp geben kann ...","내가 팁 몇 가지쯤은 줄 수 있을지도 모르지...","","False","DIA_Buster_Teach_13_01","",""
"Scripts/Content/Story/Dialoge/DIA_SLD_802_Buster.d:524","Du bist ja gar nicht so dumm, wie du aussiehst. Na gut, ich werd dir beibringen, was ich weiß. Dann hast du vielleicht sogar 'ne faire Chance gegen mich ...","생각보다 머리가 나쁘진 않군. 좋아, 내가 아는 걸 가르쳐 주지. 그러면 나랑 맞서 싸울 공평한 기회라도 생길 테니까...","","False","DIA_Buster_Teach_13_02","",""
"Scripts/Content/Story/Dialoge/DIA_SLD_802_Buster.d:627","Hey, du, Kollege!","이봐, 친구!","","False","DIA_Buster_SHADOWBEASTS_13_00","",""
"Scripts/Content/Story/Dialoge/DIA_SLD_802_Buster.d:628","Was willst du?","왜 그러지?","","False","DIA_Buster_SHADOWBEASTS_15_01","",""
"Scripts/Content/Story/Dialoge/DIA_SLD_802_Buster.d:629","Ich habe die letzten Tage darüber nachgedacht, wie man hier in diesem Kaff an Geld kommen kann.","이 깡촌에서 어떻게 돈을 벌 수 있을지 지난 며칠 동안 곰곰이 생각해 봤지.","","False","DIA_Buster_SHADOWBEASTS_13_02","",""
"Scripts/Content/Story/Dialoge/DIA_SLD_802_Buster.d:630","Und?","그래서?","","False","DIA_Buster_SHADOWBEASTS_15_03","",""
"Scripts/Content/Story/Dialoge/DIA_SLD_802_Buster.d:631","Ich glaube, ich habe da eine Möglichkeit aufgetan, wie wir schnelles Geld machen können.","쉽게 돈을 벌 수 있는 방법을 알아낸 것 같아.","","False","DIA_Buster_SHADOWBEASTS_13_04","",""
"Scripts/Content/Story/Dialoge/DIA_SLD_802_Buster.d:632","Ein Händler aus der Stadt würde für eine bestimmte Sache eine Menge Kohle springen lassen.","도시의 한 상인이 특정 물건을 위해 엄청난 석탄을 풀겠다고 하더군.","","False","DIA_Buster_SHADOWBEASTS_13_05","",""
"Scripts/Content/Story/Dialoge/DIA_SLD_802_Buster.d:635","Von welchem Händler sprichst du da?","어떤 상인 말이지?","","False","DIA_Buster_SHADOWBEASTS_Info.DIA_Buster_SHADOWBEASTS.DIA_Buster_SHADOWBEASTS_wer","Info_AddChoice",""
"Scripts/Content/Story/Dialoge/DIA_SLD_802_Buster.d:636","Um was geht es?","무슨 일이지?","","False","DIA_Buster_SHADOWBEASTS_Info.DIA_Buster_SHADOWBEASTS.DIA_Buster_SHADOWBEASTS_was","Info_AddChoice",""
"Scripts/Content/Story/Dialoge/DIA_SLD_802_Buster.d:637","Warum erzählst du mir das?","왜 이런 얘기를 나한테 하는 거지?","","False","DIA_Buster_SHADOWBEASTS_Info.DIA_Buster_SHADOWBEASTS.DIA_Buster_SHADOWBEASTS_ich","Info_AddChoice",""
"Scripts/Content/Story/Dialoge/DIA_SLD_802_Buster.d:642","Warum erzählst du mir das?","왜 이런 얘기를 나한테 하는 거지?","","False","DIA_Buster_SHADOWBEASTS_ich_15_00","",""
"Scripts/Content/Story/Dialoge/DIA_SLD_802_Buster.d:643","Ich kann es nicht machen. Ich muss hier bleiben und auf die dämlichen Schafe aufpassen.","내가 직접 갈 순 없으니까. 난 여기 남아 멍청한 양들을 지켜봐야 하거든.","","False","DIA_Buster_SHADOWBEASTS_ich_13_01","",""
"Scripts/Content/Story/Dialoge/DIA_SLD_802_Buster.d:644","Du meinst die Bauern.","농부들을 말하는 거겠지.","","False","DIA_Buster_SHADOWBEASTS_ich_15_02","",""
"Scripts/Content/Story/Dialoge/DIA_SLD_802_Buster.d:645","Sag ich doch.","그게 그 소이지.","","False","DIA_Buster_SHADOWBEASTS_ich_13_03","",""
"Scripts/Content/Story/Dialoge/DIA_SLD_802_Buster.d:650","Um was geht es?","무슨 일이지?","","False","DIA_Buster_SHADOWBEASTS_was_15_00","",""
"Scripts/Content/Story/Dialoge/DIA_SLD_802_Buster.d:651","Der Händler meint, dass er Schattenläuferhörner sehr gewinnbringend vermarkten kann.","상인의 말에 따르면 쉐도우 비스트의 뿔을 팔면 꽤 짭짤한 이익을 남길 수 있다고 하더군.","","False","DIA_Buster_SHADOWBEASTS_was_13_01","",""
"Scripts/Content/Story/Dialoge/DIA_SLD_802_Buster.d:652","Jemand müsste in den Wald gehen und diese Biester ausschlachten. Und da habe ich an dich gedacht.","누군가 숲에 들어가 그 녀석들을 해치워야 해. 그래서 네가 떠올랐지.","","False","DIA_Buster_SHADOWBEASTS_was_13_02","",""
"Scripts/Content/Story/Dialoge/DIA_SLD_802_Buster.d:654","Wieviel ist denn da zu holen?","얼마나 건질 수 있지?","","False","DIA_Buster_SHADOWBEASTS_was.DIA_Buster_SHADOWBEASTS.DIA_Buster_SHADOWBEASTS_was_wieviel","Info_AddChoice",""
"Scripts/Content/Story/Dialoge/DIA_SLD_802_Buster.d:659","Wie viel ist denn da zu holen?","얼마나 건질 수 있지?","","False","DIA_Buster_SHADOWBEASTS_was_wieviel_15_00","",""
"Scripts/Content/Story/Dialoge/DIA_SLD_802_Buster.d:660","Eine Menge Geld sag ich dir. Auf jeden Fall wird es sich für uns beide lohnen.","돈이 꽤 될 거야. 확실히 우리 둘 다에게 이득이 될 거다.","","False","DIA_Buster_SHADOWBEASTS_was_wieviel_13_01","",""
"Scripts/Content/Story/Dialoge/DIA_SLD_802_Buster.d:663","Und weil du mir damals das Gold gegeben hast, mach ich dir 'nen Sonderpreis.","그리고 네가 옛날에 내게 금을 지급했으니 특별히 쳐주마.","","False","DIA_Buster_SHADOWBEASTS_was_wieviel_13_02","",""
"Scripts/Content/Story/Dialoge/DIA_SLD_802_Buster.d:666","Klingt gut! Du hörst von mir, wenn ich an Hörner rankomme.","좋은 생각이군! 뿔을 손에 넣으면 너한테 알려주마.","","False","DIA_Buster_SHADOWBEASTS_was_wieviel_15_03","",""
"Scripts/Content/Story/Dialoge/DIA_SLD_802_Buster.d:678","Von welchem Händler sprichst du da?","어떤 상인 말이지?","","False","DIA_Buster_SHADOWBEASTS_wer_15_00","",""
"Scripts/Content/Story/Dialoge/DIA_SLD_802_Buster.d:679","Ne, Kollege. Ich bin doch nicht dämlich und verrate meine Quelle. Da bist du an den Falschen geraten, mein Lieber.","안 돼, 친구. 내가 멍청이도 아니고 출처를 불쑥 불어버릴 순 없지. 사람을 잘못 짚었어, 내 친구.","","False","DIA_Buster_SHADOWBEASTS_wer_13_01","",""
"Scripts/Content/Story/Dialoge/DIA_SLD_802_Buster.d:680","Entweder du machst den Deal mit MIR oder gar nicht, klar?","나랑 거래를 트든가, 아니면 아예 하질 말든가, 알겠어?","","False","DIA_Buster_SHADOWBEASTS_wer_13_02","",""
"Scripts/Content/Story/Dialoge/DIA_SLD_802_Buster.d:693","Wegen den Hörnern der Schattenläufer...","쉐도우 비스트의 뿔에 대해서 말인데...","","False","DIA_Buster_BringTrophyShadowbeast.description","",""
"Scripts/Content/Story/Dialoge/DIA_SLD_802_Buster.d:712","Mein Stadthändler hat sich verabschiedet.","도시의 상인이 세상을 떠났어.","","False","DIA_Buster_BringTrophyShadowbeast_13_00","",""
"Scripts/Content/Story/Dialoge/DIA_SLD_802_Buster.d:713","Was heißt das?","그게 무슨 소리지?","","False","DIA_Buster_BringTrophyShadowbeast_15_01","",""
"Scripts/Content/Story/Dialoge/DIA_SLD_802_Buster.d:714","Er ist tot. Du kannst die Hörner behalten. Ich kann damit jetzt auch nichts mehr anfangen.","죽었다고. 뿔은 그냥 네가 가져. 이제 나도 그걸로 뭘 어쩔 도리가 없으니까.","","False","DIA_Buster_BringTrophyShadowbeast_13_02","",""
"Scripts/Content/Story/Dialoge/DIA_SLD_802_Buster.d:720","Wie weidet man die Schattenläufer aus?","쉐도우 비스트는 어떻게 해체하는가?","","False","DIA_Buster_ANIMALTROPHYSHADOWBEAST_15_03","",""
"Scripts/Content/Story/Dialoge/DIA_SLD_802_Buster.d:721","Das weißt du nicht? Oh Mann, ich hätte mehr von dir erwartet.","그것도 몰라? 이럴수가, 너한테는 좀 더 기대를 했는데.","","False","DIA_Buster_ANIMALTROPHYSHADOWBEAST_13_04","",""
"Scripts/Content/Story/Dialoge/DIA_SLD_802_Buster.d:724","Ich komm noch darauf zurück.","나중에 다시 얘기하지.","","False","DIA_Buster_BringTrophyShadowbeast_Info.DIA_Buster_BringTrophyShadowbeast.DIA_Buster_BringTrophyShadowbeast_back","Info_AddChoice",""
"Scripts/Content/Story/Dialoge/DIA_SLD_802_Buster.d:741","Ich habe ein Schattenläuferhorn für dich.","네게 줄 쉐도우 비스트의 뿔이 있다.","","False","DIA_Buster_BringTrophyShadowbeast_15_05","",""
"Scripts/Content/Story/Dialoge/DIA_SLD_802_Buster.d:748","Ich hab hier noch Schattenläuferhörner für deinen Händler.","상인한테 줄 쉐도우 비스트 뿔을 좀 더 가져왔어.","","False","DIA_Buster_BringTrophyShadowbeast_15_06","",""
"Scripts/Content/Story/Dialoge/DIA_SLD_802_Buster.d:758","Gut. Her damit. Besorge mir mehr. Wer weiß, wie lange der Stadthändler die Dinger noch haben will.","좋아. 이리 줘. 더 구해와. 저 도시 상인이 언제까지 그걸 찾을지 누가 알아.","","False","DIA_Buster_BringTrophyShadowbeast_13_07","",""
"Scripts/Content/Story/Dialoge/DIA_SLD_802_Buster.d:759","Hier hast du deinen Anteil.","여기 자네 몫이네.","","False","DIA_Buster_BringTrophyShadowbeast_13_08","",""
"Scripts/Content/Story/Dialoge/DIA_SLD_802_Buster.d:770","Bring es mir bei.","나를 가르쳐 줘.","","False","DIA_Buster_BringTrophyShadowbeast_teach_15_00","",""
"Scripts/Content/Story/Dialoge/DIA_SLD_802_Buster.d:774","Also pass auf. Du erlegst den Schattenläufer und hältst sein Horn mit der rechten Hand so fest wie du kannst.","잘 들어. 쉐도우 비스트를 사냥한 다음, 오른손으로 뿔을 할 수 있는 한 단단히 붙잡는 거야.","","False","DIA_Buster_BringTrophyShadowbeast_teach_13_01","",""
"Scripts/Content/Story/Dialoge/DIA_SLD_802_Buster.d:775","Dann stichst du mit deinem Messer in die Stirn und schneidest eine Furche in das Fleisch um das Horn herum.","그러고 나서 이마에 칼을 찌르고 뿔 주변의 살을 도려내는 거지.","","False","DIA_Buster_BringTrophyShadowbeast_teach_13_02","",""
"Scripts/Content/Story/Dialoge/DIA_SLD_802_Buster.d:776","Zu guter Letzt hebelst du mit dem Messer das Horn aus seinem Schädel und steckst es dir in die Tasche.","마지막으로 칼을 이용해 두개골에서 뿔을 들어 올려 주머니에 넣으면 돼.","","False","DIA_Buster_BringTrophyShadowbeast_teach_13_03","",""
"Scripts/Content/Story/Dialoge/DIA_SLD_802_Buster.d:777","Tja. Und dann bringst es mir. Das wirst du doch wohl noch hinkriegen.","그래. 그리고 나서 나한테 가져오는 거야. 그 정도는 할 수 있겠지.","","False","DIA_Buster_BringTrophyShadowbeast_teach_13_04","",""
"Scripts/Content/Story/Dialoge/DIA_SLD_802_Buster.d:785","Ich komm noch darauf zurück.","나중에 다시 애기하지.","","False","DIA_Buster_BringTrophyShadowbeast_back_15_00","",""
"Scripts/Content/Story/Dialoge/DIA_SLD_802_Buster.d:786","Na hoffentlich.","그러길 바라지.","","False","DIA_Buster_BringTrophyShadowbeast_back_13_01","",""
"Scripts/Content/Story/Dialoge/DIA_SLD_802_Buster.d:834","Was hältst du von der Sache mit den Drachenjägern?","드래곤 헌터들에 대해 어떻게 생각해?","","False","DIA_Buster_Perm4.description","",""
"Scripts/Content/Story/Dialoge/DIA_SLD_802_Buster.d:847","Was hältst du von der Sache mit den Drachenjägern?","드래곤 헌터들에 대해 어떻게 생각해?","","False","DIA_Buster_Perm4_15_00","",""
"Scripts/Content/Story/Dialoge/DIA_SLD_802_Buster.d:848","Die Jungs können 'ne Menge Gold absahnen - wenn sie nicht dabei draufgehen.","녀석들은 금을 엄청나게 챙길 수 있어... 그러다 죽어버리지만 않는다면 말이지.","","False","DIA_Buster_Perm4_13_01","",""
"Scripts/Content/Story/Dialoge/DIA_SLD_802_Buster.d:849","Ich selber halte mich lieber an Lee.","난 리 곁에 남는 게 더 좋겠어.","","False","DIA_Buster_Perm4_13_02","",""
"Scripts/Content/Story/Dialoge/DIA_SLD_803_Cipher.d:33","Wie sieht's aus?","어떻게 지내나?","","False","DIA_Cipher_Hello.description","",""
"Scripts/Content/Story/Dialoge/DIA_SLD_803_Cipher.d:43","Wie sieht's aus?","어떻게 지내나?","","False","DIA_Cipher_Hello_15_00","",""
"Scripts/Content/Story/Dialoge/DIA_SLD_803_Cipher.d:44","Hey, kenne ich dich nicht irgendwoher?","이봐, 어디서 본 적 있는 얼굴인데?","","False","DIA_Cipher_Hello_07_01","",""
"Scripts/Content/Story/Dialoge/DIA_SLD_803_Cipher.d:45","Kann schon sein ...","그럴지도 모르지...","","False","DIA_Cipher_Hello_15_02","",""
"Scripts/Content/Story/Dialoge/DIA_SLD_803_Cipher.d:46","Ich habe damals in der Kolonie mit Sumpfkraut gehandelt, weißt du noch?","나중에 감옥 광산에서 늪초 거래를 했었잖아, 기억 안 나?","","False","DIA_Cipher_Hello_07_03","",""
"Scripts/Content/Story/Dialoge/DIA_SLD_803_Cipher.d:58","Und womit handelst du jetzt?","그럼 지금은 무슨 거래를 하고 있나?","","False","DIA_Cipher_TradeWhat.description","",""
"Scripts/Content/Story/Dialoge/DIA_SLD_803_Cipher.d:71","Und womit handelst du jetzt?","그럼 지금은 무슨 거래를 하고 있나?","","False","DIA_Cipher_TradeWhat_15_00","",""
"Scripts/Content/Story/Dialoge/DIA_SLD_803_Cipher.d:72","Ach, frag nicht.","아, 묻지 마.","","False","DIA_Cipher_TradeWhat_07_01","",""
"Scripts/Content/Story/Dialoge/DIA_SLD_803_Cipher.d:73","Ich hatte ein ganzes Paket Sumpfkraut aus der Minenkolonie mitgebracht.","광산 콜로니에서 가져온 늪초가 한 상자 통째로 있었거든.","","False","DIA_Cipher_TradeWhat_07_02","",""
"Scripts/Content/Story/Dialoge/DIA_SLD_803_Cipher.d:74","Viele von den Söldnern rauchen gerne mal einen. Ich hab 'ne hübsche Stange Geld nebenbei verdient.","용병들 중에는 가끔 담배 피우듯 피우는 이들이 꽤 있어. 부수입으로 꽤 짭짤하게 벌었지.","","False","DIA_Cipher_TradeWhat_07_03","",""
"Scripts/Content/Story/Dialoge/DIA_SLD_803_Cipher.d:75","Aber irgendein Mistkerl hat mir das ganze Kraut aus meiner Truhe gestohlen!","그런데 어떤 개자식이 내 상장에서 늪초를 몽땅 훔쳐 갔어!","","False","DIA_Cipher_TradeWhat_07_04","",""
"Scripts/Content/Story/Dialoge/DIA_SLD_803_Cipher.d:83","Bin mir ziemlich sicher, dass es dieser Bodo war, er hat sein Bett im selben Raum wie ich und er grinst mich immer so dämlich an ...","내 생각엔 그 보도라는 녀석이 틀림없어. 나랑 같은 방을 쓰는데, 맨날 나를 멍청하게 쳐다보며 실실 웃는단 말이야...","","False","DIA_Cipher_TradeWhat_07_05","",""
"Scripts/Content/Story/Dialoge/DIA_SLD_803_Cipher.d:99","Was willst du jetzt mit dem Dieb machen?","그 도둑놈한테 어떻게 할 생각인가?","","False","DIA_Cipher_DoWithThief.description","",""
"Scripts/Content/Story/Dialoge/DIA_SLD_803_Cipher.d:112","Was willst du jetzt mit dem Dieb machen?","그 도둑놈한테 어떻게 할 생각인가?","","False","DIA_Cipher_DoWithThief_15_00","",""
"Scripts/Content/Story/Dialoge/DIA_SLD_803_Cipher.d:113","Irgendwann werd ich ihn dabei erwischen, wie er mein Kraut wegraucht.","언젠가는 내 늪초를 피우고 있는 놈을 잡아내고야 말겠어.","","False","DIA_Cipher_DoWithThief_07_01","",""
"Scripts/Content/Story/Dialoge/DIA_SLD_803_Cipher.d:114","Und dann werd ich mir ein ruhiges Örtchen suchen und ihn mir mal zur Brust nehmen.","그리고 나서 조용한 곳으로 끌고 가 따끔하게 혼내줄 거야.","","False","DIA_Cipher_DoWithThief_07_02","",""
"Scripts/Content/Story/Dialoge/DIA_SLD_803_Cipher.d:115","Wenn ich ihn hier mitten auf dem Platz umhaue, kriegen's die anderen Bauern mit und ich kann mich dumm und dämlich bezahlen.","여기 광장 한가운데서 녀석을 두들겨 패면 다른 농부들이 보고 내게 엄청난 벌금을 물릴 테니까.","","False","DIA_Cipher_DoWithThief_07_03","",""
"Scripts/Content/Story/Dialoge/DIA_SLD_803_Cipher.d:116","Warum das?","왜 그렇지?","","False","DIA_Cipher_DoWithThief_15_04","",""
"Scripts/Content/Story/Dialoge/DIA_SLD_803_Cipher.d:117","Ganz einfach. Wir dürfen uns nicht an den Bauern vergreifen, sonst knöpft uns Lee ein fettes Strafgeld ab. Onar will das so.","간단해. 우리는 농부들을 건드리면 안 돼. 리가 엄청난 벌금을 물게 하거든. 오나르가 그렇게 원하니까.","","False","DIA_Cipher_DoWithThief_07_05","",""
"Scripts/Content/Story/Dialoge/DIA_SLD_803_Cipher.d:118","Und je mehr Zeugen es gibt, desto mehr Wind wird gemacht. Das macht die Sache teurer.","목격자가 많을수록 소란도 커지는 법이지. 그럼 일이 더 복잡해져.","","False","DIA_Cipher_DoWithThief_07_06","",""
"Scripts/Content/Story/Dialoge/DIA_SLD_803_Cipher.d:119","Also werd ich die Sache schön unauffällig abziehen ...","그러니 조용히 처리할 생각이야...","","False","DIA_Cipher_DoWithThief_07_07","",""
"Scripts/Content/Story/Dialoge/DIA_SLD_803_Cipher.d:131","Ich will mich Lees Leuten anschließen!","리의 사람들에 합류하고 싶습니다!","","False","DIA_Cipher_WannaJoin.description","",""
"Scripts/Content/Story/Dialoge/DIA_SLD_803_Cipher.d:145","Ich will mich Lees Leuten anschließen!","리의 사람들에 합류하고 싶습니다!","","False","DIA_Cipher_WannaJoin_15_00","",""
"Scripts/Content/Story/Dialoge/DIA_SLD_803_Cipher.d:146","LEES Leute?! Wenn Lee so weitermacht, sind das bald nicht mehr seine Leute!","리의 사람들?! 리가 지금처럼 나온다면, 조만간 그 사람들도 다 떠나버릴걸!","","False","DIA_Cipher_WannaJoin_07_01","",""
"Scripts/Content/Story/Dialoge/DIA_SLD_803_Cipher.d:147","Wieso?","어째서요?","","False","DIA_Cipher_WannaJoin_15_02","",""
"Scripts/Content/Story/Dialoge/DIA_SLD_803_Cipher.d:148","Lee war immer schon ein ruhiger Vertreter. Das war schon damals in der Kolonie so.","리는 원래부터 과묵한 사람이었어. 콜로니 시절부터 그랬지.","","False","DIA_Cipher_WannaJoin_07_03","",""
"Scripts/Content/Story/Dialoge/DIA_SLD_803_Cipher.d:149","Aber in letzter Zeit übertreibt er es. Er will, dass wir hier sitzen und einfach abwarten, bis die Paladine ausgehungert sind.","하지만 요즘은 지나쳐. 팔라딘들이 굶주려 죽을 때까지 여기 앉아서 그냥 기다리기만 하라잖아.","","False","DIA_Cipher_WannaJoin_07_04","",""
"Scripts/Content/Story/Dialoge/DIA_SLD_803_Cipher.d:150","Sylvio ist der Meinung, wir sollten mal ein bisschen auf den kleinen Höfen und vor der Stadt aufräumen.","실비오는 작은 농장들이랑 도시 근처를 좀 쓸어버려야 한다고 생각하고 있어.","","False","DIA_Cipher_WannaJoin_07_05","",""
"Scripts/Content/Story/Dialoge/DIA_SLD_803_Cipher.d:151","Ich glaube, das wäre mal 'ne gelungene Abwechslung.","그게 훨씬 좋은 변화가 될 거라고 봐.","","False","DIA_Cipher_WannaJoin_07_06","",""
"Scripts/Content/Story/Dialoge/DIA_SLD_803_Cipher.d:152","Zurzeit drehen die meisten von uns hier nur Däumchen - willst du dich uns trotzdem anschließen?","지금 우리 중 대부분은 여기서 빈둥거리고만 있지. 그래도 우리에 합류하고 싶나?","","False","DIA_Cipher_WannaJoin_07_07","",""
"Scripts/Content/Story/Dialoge/DIA_SLD_803_Cipher.d:164","Ich will auf jeden Fall bei euch mitmachen!","어떻게든 여러분과 함께하고 싶습니다!","","False","DIA_Cipher_YesJoin.description","",""
"Scripts/Content/Story/Dialoge/DIA_SLD_803_Cipher.d:178","Ich will auf jeden Fall bei euch mitmachen!","어떻게든 여러분과 함께하고 싶습니다!","","False","DIA_Cipher_YesJoin_15_00","",""
"Scripts/Content/Story/Dialoge/DIA_SLD_803_Cipher.d:179","Du weißt bestimmt schon, dass über jeden Neuen abgestimmt wird?","신입들에 대해서는 투표로 결정한다는 거 알고 있겠지?","","False","DIA_Cipher_YesJoin_07_01","",""
"Scripts/Content/Story/Dialoge/DIA_SLD_803_Cipher.d:180","Worauf willst du hinaus?","무슨 말을 하려는 건가요?","","False","DIA_Cipher_YesJoin_15_02","",""
"Scripts/Content/Story/Dialoge/DIA_SLD_803_Cipher.d:181","Na ja, ich hatte lange nichts mehr zu rauchen. Bring mir ein paar Stängel Sumpfkraut und meine Stimme gehört dir.","글쎄, 피울 게 없어진 지 꽤 됐거든. 늪초 몇 개비를 가져다주면 내 표를 주지.","","False","DIA_Cipher_YesJoin_07_03","",""
"Scripts/Content/Story/Dialoge/DIA_SLD_803_Cipher.d:182","Du kannst bestimmt irgendwo was auftreiben.","어디서든 어떻게든 구할 수 있을걸.","","False","DIA_Cipher_YesJoin_07_04","",""
"Scripts/Content/Story/Dialoge/DIA_SLD_803_Cipher.d:201","Wegen des Sumpfkrauts ...","늪초에 관해서 말인데...","","False","DIA_Cipher_Joints.description","",""
"Scripts/Content/Story/Dialoge/DIA_SLD_803_Cipher.d:214","Wegen des Sumpfkrauts ...","늪초에 관해서 말인데...","","False","DIA_Cipher_Joints_15_00","",""
"Scripts/Content/Story/Dialoge/DIA_SLD_803_Cipher.d:218","Du hast mir mein Paket zurückgebracht! Jetzt wird alles wieder gut.","내 꾸러미를 돌려줬구나! 이제 다 잘될 거야.","","False","DIA_Cipher_Joints_07_01","",""
"Scripts/Content/Story/Dialoge/DIA_SLD_803_Cipher.d:221","Dass ich für dich stimme ist ja wohl klar ...","내가 너를 지지할 거라는 건 두말하면 잔소리지...","","False","DIA_Cipher_Joints_07_02","",""
"Scripts/Content/Story/Dialoge/DIA_SLD_803_Cipher.d:231","Ich werd sehen, was ich machen kann...","할 수 있는 데까지 해보겠어...","","False","DIA_Cipher_Joints_Info.DIA_Cipher_Joints.DIA_Cipher_Joints_Running","Info_AddChoice",""
"Scripts/Content/Story/Dialoge/DIA_SLD_803_Cipher.d:234","Hier hast du ein paar Stengel...","여기 몇 개비 있네...","","False","DIA_Cipher_Joints_Info.DIA_Cipher_Joints.DIA_Cipher_Joints_Success","Info_AddChoice",""
"Scripts/Content/Story/Dialoge/DIA_SLD_803_Cipher.d:241","Ich werd sehen, was ich machen kann ...","할 수 있는 데까지 해보겠어...","","False","DIA_Cipher_Joints_Running_15_00","",""
"Scripts/Content/Story/Dialoge/DIA_SLD_803_Cipher.d:247","Hier hast du ein paar Stängel ...","여기 몇 개비 있네...","","False","DIA_Cipher_Joints_Success_15_00","",""
"Scripts/Content/Story/Dialoge/DIA_SLD_803_Cipher.d:251","Ah! Du bist mein Mann!","아! 바로 이 사람이야!","","False","DIA_Cipher_Joints_Success_07_01","",""
"Scripts/Content/Story/Dialoge/DIA_SLD_803_Cipher.d:254","Meine Stimme gehört dir.","내 표는 네 거야.","","False","DIA_Cipher_Joints_Success_07_02","",""
"Scripts/Content/Story/Dialoge/DIA_SLD_803_Cipher.d:263","So wenig? Das hab ich doch in einem Mal weggeraucht!","이게 다야? 난 이거 단숨에 다 피워버릴 수 있다고!","","False","DIA_Cipher_Joints_Success_07_03","",""
"Scripts/Content/Story/Dialoge/DIA_SLD_803_Cipher.d:264","Also 10 Stängel müssen's schon sein.","적어도 10 개비는 되어야지.","","False","DIA_Cipher_Joints_Success_07_04","",""
"Scripts/Content/Story/Dialoge/DIA_SLD_803_Cipher.d:267","Immerhin geb ich dir meine Stimme für die Aufnahme bei uns.","아무튼 우리 가입에 찬성표는 던져줄게.","","False","DIA_Cipher_Joints_Success_07_05","",""
"Scripts/Content/Story/Dialoge/DIA_SLD_803_Cipher.d:285","Zeig' mir deine Ware. ","물건을 좀 보여주게. ","","False","DIA_Cipher_TRADE.description","",""
"Scripts/Content/Story/Dialoge/DIA_SLD_803_Cipher.d:298","Zeig' mir deine Ware.","물건을 좀 보여주게.","","False","DIA_Cipher_TRADE_15_00","",""
"Scripts/Content/Story/Dialoge/DIA_SLD_803_Cipher.d:301","Klar. Bedien dich.","좋아. 마음대로 골라.","","False","DIA_Cipher_TRADE_07_01","",""
"Scripts/Content/Story/Dialoge/DIA_SLD_803_Cipher.d:305","Ich hab zurzeit kein Sumpfkraut. Willst du was anderes?","지금은 늪초가 없어. 다른 걸 원하나?","","False","DIA_Cipher_TRADE_07_02","",""
"Scripts/Content/Story/Dialoge/DIA_SLD_803_Cipher.d:318","Ich weiß, wer dein Kraut gestohlen hat.","네 늪초를 훔친 놈이 누군지 알고 있어.","","False","DIA_Cipher_DarDieb.description","",""
"Scripts/Content/Story/Dialoge/DIA_SLD_803_Cipher.d:332","Ich weiß, wer dein Kraut gestohlen hat.","네 늪초를 훔친 놈이 누군지 알고 있어.","","False","DIA_Cipher_DarDieb_15_00","",""
"Scripts/Content/Story/Dialoge/DIA_SLD_803_Cipher.d:333","Wer? War es dieser Bodo?","누구지? 보도 그 녀석인가?","","False","DIA_Cipher_DarDieb_07_01","",""
"Scripts/Content/Story/Dialoge/DIA_SLD_803_Cipher.d:334","Nein - es war einer von den Söldnern - Dar.","아니, 용병 중 한 명이야. 다르.","","False","DIA_Cipher_DarDieb_15_02","",""
"Scripts/Content/Story/Dialoge/DIA_SLD_803_Cipher.d:335","Dieser Dreckskerl - wo ist er?","이런 개자식이—그 녀석 어디 있나?","","False","DIA_Cipher_DarDieb_07_03","",""
"Scripts/Content/Story/Dialoge/DIA_SLD_803_Cipher.d:336","Du kannst dir den Weg sparen, er hat das Paket nicht mehr. Er hat es in Khorinis verkauft.","찾아갈 필요 없어, 녀석한테는 그 꾸러미가 없거든. 코리니스에서 팔아버렸어.","","False","DIA_Cipher_DarDieb_15_04","",""
"Scripts/Content/Story/Dialoge/DIA_SLD_803_Cipher.d:337","WO IST ER!?!","당장 어디 있는지 불어라!!","","False","DIA_Cipher_DarDieb_07_05","",""
"Scripts/Content/Story/Dialoge/DIA_SLD_803_Cipher.d:338","Hinterm Küchenhaus, an der Ecke ...","부엌 건물 뒤편 모퉁이에 있어...","","False","DIA_Cipher_DarDieb_15_06","",""
"Scripts/Content/Story/Dialoge/DIA_SLD_803_Cipher.d:339","ICH MACH IHN PLATT!","가만두지 않겠다!","","False","DIA_Cipher_DarDieb_07_07","",""
"Scripts/Content/Story/Dialoge/DIA_SLD_803_Cipher.d:355","Du hast es Dar wohl ziemlich gezeigt ... Fühlst du dich jetzt besser?","다르를 아주 톡톡히 혼내줬더군... 이제 좀 후련한가?","","False","DIA_Cipher_DarLOST.description","",""
"Scripts/Content/Story/Dialoge/DIA_SLD_803_Cipher.d:368","Du hast es Dar wohl ziemlich gezeigt ... Fühlst du dich jetzt besser?","다르를 아주 톡톡히 혼내줬더군... 이제 좀 후련한가?","","False","DIA_Cipher_DarLOST_15_00","",""
"Scripts/Content/Story/Dialoge/DIA_SLD_803_Cipher.d:369","(seufzt) Ja, das tat gut.","(한숨을 쉬며) 그래, 속이 다 시원하네.","","False","DIA_Cipher_DarLOST_07_01","",""
"Scripts/Content/Story/Dialoge/DIA_SLD_803_Cipher.d:370","Ich schätze, IHM nicht so ...","녀석은 아니겠지만 말이야...","","False","DIA_Cipher_DarLOST_15_02","",""
"Scripts/Content/Story/Dialoge/DIA_SLD_803_Cipher.d:371","Was geht der kleine Penner auch an meine Truhe!","그 건방진 자식이 감히 내 상장을 뒤지다니 말이야!","","False","DIA_Cipher_DarLOST_07_03","",""
"Scripts/Content/Story/Dialoge/DIA_SLD_803_Cipher.d:385","Kann es sein, dass dieses Paket Sumpfkraut dir gehört?","이 늪초 꾸러미 혹시 네 것인가?","","False","DIA_Cipher_KrautPaket.description","",""
"Scripts/Content/Story/Dialoge/DIA_SLD_803_Cipher.d:399","Kann es sein, dass dieses Paket Sumpfkraut dir gehört?","이 늪초 꾸러미 혹시 네 것인가?","","False","DIA_Cipher_KrautPaket_15_00","",""
"Scripts/Content/Story/Dialoge/DIA_SLD_803_Cipher.d:401","Ich werd verrückt! Wo hast du es her?","맙소사! 이걸 어디서 난 거야?","","False","DIA_Cipher_KrautPaket_07_01","",""
"Scripts/Content/Story/Dialoge/DIA_SLD_803_Cipher.d:402","Ist 'ne lange Geschichte ...","말하자면 길어...","","False","DIA_Cipher_KrautPaket_15_02","",""
"Scripts/Content/Story/Dialoge/DIA_SLD_803_Cipher.d:404","Ist ja auch egal, du bist echt 'n anständiger Kerl.","뭐 됐어, 너 정말 괜찮은 녀석이네.","","False","DIA_Cipher_KrautPaket_07_03","",""
"Scripts/Content/Story/Dialoge/DIA_SLD_803_Cipher.d:405","Hier, das sollst du als Belohnung haben. Viel Spaß damit!","자, 이걸 보답으로 받도록 해. 재밌게 즐기라고!","","False","DIA_Cipher_KrautPaket_07_04","",""
"Scripts/Content/Story/Dialoge/DIA_SLD_803_Cipher.d:410","Ich werd erstmal ein paar drehen ...","일단 몇 개비 좀 말고...","","False","DIA_Cipher_KrautPaket_07_05","",""
"Scripts/Content/Story/Dialoge/DIA_SLD_804_Rod.d:34","Alles klar?","잘 지내나?","","False","DIA_Rod_Hello.description","",""
"Scripts/Content/Story/Dialoge/DIA_SLD_804_Rod.d:44","Alles klar?","잘 지내나?","","False","DIA_Rod_Hello_15_00","",""
"Scripts/Content/Story/Dialoge/DIA_SLD_804_Rod.d:47","(geringschätzig) Was willst DU Wurst denn von mir?","(경멸하듯) 이 애송이가 나한테 뭘 원하지?","","False","DIA_Rod_Hello_06_01","",""
"Scripts/Content/Story/Dialoge/DIA_SLD_804_Rod.d:51","Im Kloster kein Platz mehr für dich?","수도원에서는 너를 받아줄 방이 없더냐?","","False","DIA_Rod_Hello_06_02","",""
"Scripts/Content/Story/Dialoge/DIA_SLD_804_Rod.d:67","Kannst du mir beibringen, wie man mit Zweihandwaffen umgeht?","양손 무기를 다루는 법을 가르쳐 줄 수 있나?","","False","DIA_Rod_WannaLearn.description","",""
"Scripts/Content/Story/Dialoge/DIA_SLD_804_Rod.d:80","Kannst du mir beibringen, wie man mit Zweihandwaffen umgeht?","양손 무기를 다루는 법을 가르쳐 줄 수 있나?","","False","DIA_Rod_WannaLearn_15_00","",""
"Scripts/Content/Story/Dialoge/DIA_SLD_804_Rod.d:85","Ich bin zwar kein schlechter Kämpfer, aber ein guter Lehrer bin ich deswegen auch noch nicht.","내가 싸움을 못 하는 건 아니지만, 그렇다고 좋은 선생이라는 뜻은 아니거든.","","False","DIA_Rod_WannaLearn_06_01","",""
"Scripts/Content/Story/Dialoge/DIA_SLD_804_Rod.d:86","Aber ich denke, ich kann dir die Grundlagen des Zweihandkampfes beibringen.","그래도 양손 무기 전투의 기초 정도는 가르쳐 줄 수 있을 것 같군.","","False","DIA_Rod_WannaLearn_06_02","",""
"Scripts/Content/Story/Dialoge/DIA_SLD_804_Rod.d:90","Das heißt, wenn du mir mein Schwert wiedergibst.","내 검을 돌려준다면 말이지.","","False","DIA_Rod_WannaLearn_06_03","",""
"Scripts/Content/Story/Dialoge/DIA_SLD_804_Rod.d:99","Hör zu Junge. Man braucht viel Kraft, um eine Zweihandwaffe zu führen.","잘 들어라, 꼬마야. 양손 무기를 휘두르려면 상당한 힘이 필요하거든.","","False","DIA_Rod_WannaLearn_06_04","",""
"Scripts/Content/Story/Dialoge/DIA_SLD_804_Rod.d:100","Warum gehst du nicht lieber auf die Weide und spielst 'ne Runde mit den Schafen?","목초지로 가서 양들이랑 숨바꼭질이라도 하고 오는 게 어때?","","False","DIA_Rod_WannaLearn_06_05","",""
"Scripts/Content/Story/Dialoge/DIA_SLD_804_Rod.d:117","Ich will mich im Kampf mit Zweihändern verbessern!","양손 무기 전투 능력을 키우고 싶다!","","False","DIA_Rod_Teach.description","",""
"Scripts/Content/Story/Dialoge/DIA_SLD_804_Rod.d:130","Ich will mich im Kampf mit Zweihändern verbessern!","양손 무기 전투 능력을 키우고 싶다!","","False","DIA_Rod_Teach_15_00","",""
"Scripts/Content/Story/Dialoge/DIA_SLD_804_Rod.d:144","Du bist schon besser geworden.","실력이 제법 늘었군.","","False","DIA_Rod_Teach_BACK_06_00","",""
"Scripts/Content/Story/Dialoge/DIA_SLD_804_Rod.d:180","Ich will mich den Söldnern anschließen!","용병들에 합류하고 싶다!","","False","DIA_Rod_WannaJoin.description","",""
"Scripts/Content/Story/Dialoge/DIA_SLD_804_Rod.d:193","Ich will mich den Söldnern anschließen!","용병들에 합류하고 싶다!","","False","DIA_Rod_WannaJoin_15_00","",""
"Scripts/Content/Story/Dialoge/DIA_SLD_804_Rod.d:197","Was hältst du davon, mir erst mein Schwert zurückzugeben, hm?","먼저 내 검부터 돌려주는 게 어때, 응?","","False","DIA_Rod_WannaJoin_06_01","",""
"Scripts/Content/Story/Dialoge/DIA_SLD_804_Rod.d:204","Okay. Ich bin nicht nachtragend.","좋아. 난 뒤끝 없는 사람이니까.","","False","DIA_Rod_WannaJoin_06_02","",""
"Scripts/Content/Story/Dialoge/DIA_SLD_804_Rod.d:205","Du kannst kämpfen, das ist es, was zählt.","넌 싸울 줄 알아, 그게 중요한 거지.","","False","DIA_Rod_WannaJoin_06_03","",""
"Scripts/Content/Story/Dialoge/DIA_SLD_804_Rod.d:206","Die meisten Jungs hier nehmen eine kleine Prügelei unter Freuden nicht ernst. Wirst du noch merken.","여기 있는 녀석들 대부분은 친구끼리 가볍게 주먹다짐하는 것쯤은 대수롭지 않게 생각해. 곧 알게 될 거야.","","False","DIA_Rod_WannaJoin_06_04","",""
"Scripts/Content/Story/Dialoge/DIA_SLD_804_Rod.d:210","Na ja, du kannst ein ordentliches Schwert führen. Den Rest wirst du noch lernen.","뭐, 번듯한 검을 다룰 줄은 아네. 나머지는 배우면 돼.","","False","DIA_Rod_WannaJoin_06_05","",""
"Scripts/Content/Story/Dialoge/DIA_SLD_804_Rod.d:213","Meinetwegen kannst du mitmachen.","난 네가 들어오는 거 찬성이다.","","False","DIA_Rod_WannaJoin_06_06","",""
"Scripts/Content/Story/Dialoge/DIA_SLD_804_Rod.d:218","Schwächlinge können wir hier nicht gebrauchen!","여긴 약골이 들어올 자리가 없다고!","","False","DIA_Rod_WannaJoin_06_07","",""
"Scripts/Content/Story/Dialoge/DIA_SLD_804_Rod.d:233","Ich werde dir wohl mal Manieren beibringen müssen, oder?","네 버릇을 아주 고쳐놔야겠군, 안 그래?","","False","DIA_Rod_Duell.description","",""
"Scripts/Content/Story/Dialoge/DIA_SLD_804_Rod.d:255","Ich werde dir wohl mal Manieren beibringen müssen, oder?","네 버릇을 아주 고쳐놔야겠군, 안 그래?","","False","DIA_Rod_Duell_15_00","",""
"Scripts/Content/Story/Dialoge/DIA_SLD_804_Rod.d:258","Versuch's doch mal!","어디 한번 해보시지!","","False","DIA_Rod_Duell_06_01","",""
"Scripts/Content/Story/Dialoge/DIA_SLD_804_Rod.d:262","Du lernst es einfach nicht!","정말 구제불능이군!","","False","DIA_Rod_Duell_06_02","",""
"Scripts/Content/Story/Dialoge/DIA_SLD_804_Rod.d:278","Ich bin stark genug!","나는 충분히 강하다고!","","False","DIA_Rod_StarkGenug.description","",""
"Scripts/Content/Story/Dialoge/DIA_SLD_804_Rod.d:293","Ich bin stark genug!","나는 충분히 강하다고!","","False","DIA_Rod_StarkGenug_15_00","",""
"Scripts/Content/Story/Dialoge/DIA_SLD_804_Rod.d:294","Unsinn! Du könntest ein ordentliches Schwert wie meins nicht mal HOCHHALTEN!","헛소리! 내 것 같은 번듯한 검은 들지도 못할 걸!","","False","DIA_Rod_StarkGenug_06_01","",""
"Scripts/Content/Story/Dialoge/DIA_SLD_804_Rod.d:310","Ich sagte, ich BIN stark genug!","내가 충분히 강하다고 했잖아!","","False","DIA_Rod_BINStarkGenug.description","",""
"Scripts/Content/Story/Dialoge/DIA_SLD_804_Rod.d:325","Ich sagte, ich BIN stark genug!","내가 충분히 강하다고 했잖아!","","False","DIA_Rod_BINStarkGenug_15_00","",""
"Scripts/Content/Story/Dialoge/DIA_SLD_804_Rod.d:326","Ich lach mich tot. Willst du's auf 'ne Wette ankommen lassen?","배꼽이 빠지겠군. 내기라도 해볼 테냐?","","False","DIA_Rod_BINStarkGenug_06_01","",""
"Scripts/Content/Story/Dialoge/DIA_SLD_804_Rod.d:342","Ich wette, ich kann mit deinem Schwert umgehen!","내 쪽이 네 검을 다룰 수 있다고 장담하지!","","False","DIA_Rod_Wette.description","",""
"Scripts/Content/Story/Dialoge/DIA_SLD_804_Rod.d:359","Ich wette, ich kann mit deinem Schwert umgehen!","내 쪽이 네 검을 다룰 수 있다고 장담하지!","","False","DIA_Rod_Wette_15_00","",""
"Scripts/Content/Story/Dialoge/DIA_SLD_804_Rod.d:360","So? Hm... (überlegt) Wie viel soll ich dir abknöpfen?","그래? 흠... (곰곰이 생각하며) 얼마나 걸어볼까?","","False","DIA_Rod_Wette_06_01","",""
"Scripts/Content/Story/Dialoge/DIA_SLD_804_Rod.d:361","Ach, du siehst aus wie 'ne arme Wurst. Sagen wir 30 Goldstücke! Hast du überhaupt soviel?","어허, 불쌍한 녀석처럼 생겼군. 30 골드로 하지! 그 정도는 있나?","","False","DIA_Rod_Wette_06_02","",""
"Scripts/Content/Story/Dialoge/DIA_SLD_804_Rod.d:364","Nein.","아니.","","False","DIA_Rod_Wette_Info.DIA_Rod_Wette.DIA_Rod_Wette_No","Info_AddChoice",""
"Scripts/Content/Story/Dialoge/DIA_SLD_804_Rod.d:365","Klar.","좋아.","","False","DIA_Rod_Wette_Info.DIA_Rod_Wette.DIA_Rod_Wette_Yes","Info_AddChoice",""
"Scripts/Content/Story/Dialoge/DIA_SLD_804_Rod.d:372","Nein.","아니.","","False","DIA_Rod_Wette_No_15_00","",""
"Scripts/Content/Story/Dialoge/DIA_SLD_804_Rod.d:373","Ach, mach, dass du wegkommst.","그럼 꺼져.","","False","DIA_Rod_Wette_No_06_01","",""
"Scripts/Content/Story/Dialoge/DIA_SLD_804_Rod.d:380","Klar.","좋아.","","False","DIA_Rod_Wette_Yes_15_00","",""
"Scripts/Content/Story/Dialoge/DIA_SLD_804_Rod.d:381","Dann lass mal sehen ...","그럼 어디 보자...","","False","DIA_Rod_Wette_Yes_06_01","",""
"Scripts/Content/Story/Dialoge/DIA_SLD_804_Rod.d:387","Hier!","여기!","","False","DIA_Rod_Wette_Yes_15_02","",""
"Scripts/Content/Story/Dialoge/DIA_SLD_804_Rod.d:388","(hämisch) Dann wollen wir mal sehen, wie stark du bist ...","(비웃으며) 네가 얼마나 센지 어디 보자...","","False","DIA_Rod_Wette_Yes_06_03","",""
"Scripts/Content/Story/Dialoge/DIA_SLD_804_Rod.d:398","Etwa so?","이 정도면 되나?","","False","DIA_Rod_Wette_Yes_15_04","",""
"Scripts/Content/Story/Dialoge/DIA_SLD_804_Rod.d:399","(verblüfft) Da hast du mich wohl drangekriegt.","(당황하며) 완전히 한 방 먹었군.","","False","DIA_Rod_Wette_Yes_06_05","",""
"Scripts/Content/Story/Dialoge/DIA_SLD_804_Rod.d:400","Hätte ich nicht gedacht. Sieht man dir gar nicht an, dass du soviel Kraft hast.","이런 상상도 못 했는걸. 그렇게 힘이 세 보이지는 않았는데 말이야.","","False","DIA_Rod_Wette_Yes_06_06","",""
"Scripts/Content/Story/Dialoge/DIA_SLD_804_Rod.d:401","Tja, dann bin ich wohl um 30 Goldstücke ärmer - hier.","쳇, 30 골드를 잃게 생겼군. 여기 있다.","","False","DIA_Rod_Wette_Yes_06_07","",""
"Scripts/Content/Story/Dialoge/DIA_SLD_804_Rod.d:408","Ich kann die Waffe nicht anlegen.","이 무기를 장착할 수 없어.","","False","DIA_Rod_Wette_Yes_15_08","",""
"Scripts/Content/Story/Dialoge/DIA_SLD_804_Rod.d:409","(lacht) Sag ich doch!","(웃으며) 내 말이 그 말이야!","","False","DIA_Rod_Wette_Yes_06_09","",""
"Scripts/Content/Story/Dialoge/DIA_SLD_804_Rod.d:412","Und jetzt gib mir meine Waffe wieder.","이제 내 무기를 돌려주지.","","False","DIA_Rod_Wette_Yes_06_10","",""
"Scripts/Content/Story/Dialoge/DIA_SLD_804_Rod.d:419","Ich denke nicht...","사양하겠어...","","False","DIA_Rod_Wette_Yes.DIA_Rod_Wette.DIA_Rod_Wette_KeepIt","Info_AddChoice",""
"Scripts/Content/Story/Dialoge/DIA_SLD_804_Rod.d:420","Hier hast du sie.","여기 있다.","","False","DIA_Rod_Wette_Yes.DIA_Rod_Wette.DIA_Rod_Wette_GiveBack","Info_AddChoice",""
"Scripts/Content/Story/Dialoge/DIA_SLD_804_Rod.d:424","Wo hab ich's denn ...","어디 뒀더라...","","False","DIA_Rod_Wette_Yes_15_11","",""
"Scripts/Content/Story/Dialoge/DIA_SLD_804_Rod.d:425","War ja klar. Komm wieder, wenn du auch Gold zum Wetten hast.","그럴 줄 알았다. 내기할 금이 생기면 다시 오라고.","","False","DIA_Rod_Wette_Yes_06_12","",""
"Scripts/Content/Story/Dialoge/DIA_SLD_804_Rod.d:434","Hier hast du sie.","여기 있다.","","False","DIA_Rod_Wette_GiveBack_15_00","",""
"Scripts/Content/Story/Dialoge/DIA_SLD_804_Rod.d:436","(Gib ihm die Waffe)","(무기를 건넨다)","","False","DIA_Rod_Wette_GiveBack.DIA_Rod_Wette.DIA_Rod_Wette_GiveBack2","Info_AddChoice",""
"Scripts/Content/Story/Dialoge/DIA_SLD_804_Rod.d:444","Du bist eben doch nur ein Schwächling!","너 역시 풋내기에 불과했어!","","False","DIA_Rod_Wette_GiveBack_06_01","",""
"Scripts/Content/Story/Dialoge/DIA_SLD_804_Rod.d:452","Ich denke nicht ...","사양하겠어...","","False","DIA_Rod_Wette_KeepIt_15_00","",""
"Scripts/Content/Story/Dialoge/DIA_SLD_804_Rod.d:453","(droht) Was war das?","(협박조로) 방금 뭐라고 했나?","","False","DIA_Rod_Wette_KeepIt_06_01","",""
"Scripts/Content/Story/Dialoge/DIA_SLD_804_Rod.d:454","Ich glaube, ich werde sie noch ein bisschen behalten.","당분간 좀 가지고 있어야겠어.","","False","DIA_Rod_Wette_KeepIt_15_02","",""
"Scripts/Content/Story/Dialoge/DIA_SLD_804_Rod.d:455","Na warte, du Mistkerl!","이 자식, 가만두지 않겠다!","","False","DIA_Rod_Wette_KeepIt_06_03","",""
"Scripts/Content/Story/Dialoge/DIA_SLD_804_Rod.d:473","Hier hast du dein Schwert zurück!","네 검을 돌려주마!","","False","DIA_Rod_GiveItBack.description","",""
"Scripts/Content/Story/Dialoge/DIA_SLD_804_Rod.d:488","Hier hast du dein Schwert zurück!","네 검을 돌려주마!","","False","DIA_Rod_GiveItBack_15_00","",""
"Scripts/Content/Story/Dialoge/DIA_SLD_804_Rod.d:489","Wurde auch Zeit!","제대로 찾아왔군!","","False","DIA_Rod_GiveItBack_06_01","",""
"Scripts/Content/Story/Dialoge/DIA_SLD_804_Rod.d:508","Wie sieht's aus?","요즘 어때?","","False","DIA_Rod_PERM.description","",""
"Scripts/Content/Story/Dialoge/DIA_SLD_804_Rod.d:521","Wie sieht's aus?","요즘 어때?","","False","DIA_Rod_PERM_15_00","",""
"Scripts/Content/Story/Dialoge/DIA_SLD_804_Rod.d:530","Das geht dich nichts an, Schwächling.","상관마라, 얼간이.","","False","DIA_Rod_PERM_06_01","",""
"Scripts/Content/Story/Dialoge/DIA_SLD_804_Rod.d:535","Bin schon mal gespannt, ob du aufgenommen wirst.","네가 받아들여질지 어디 한번 보겠어.","","False","DIA_Rod_PERM_06_02","",""
"Scripts/Content/Story/Dialoge/DIA_SLD_804_Rod.d:541","Du bist jetzt einer von uns, Kleiner. Wir machen das schon.","너도 이제 우리 일원이야, 꼬마야. 잘 헤쳐나가 보자고.","","False","DIA_Rod_PERM_06_03","",""
"Scripts/Content/Story/Dialoge/DIA_SLD_804_Rod.d:545","Du gehörst nicht hierher, du solltest besser woanders rumhängen!","너는 여기에 어울리지 않아, 다른 곳에 가서 놀지 그래!","","False","DIA_Rod_PERM_06_04","",""
"Scripts/Content/Story/Dialoge/DIA_SLD_804_Rod.d:551","Wenn an den Geschichten über die Drachen was dran ist, sollte man sich mit ein paar Leuten zusammentun und die Biester platt machen!","드래곤에 대한 소문이 사실이라면, 몇몇 사람들을 모아서 저 괴물들을 쓸어버려야 해!","","False","DIA_Rod_PERM_06_05","",""
"Scripts/Content/Story/Dialoge/DIA_SLD_805_Cord.d:51","Willkommen im ´Ring des Wassers´, Bruder.","'링 오브 워터'에 온 것을 환영한다, 형제여.","","False","DIA_Addon_Cord_MeetingIsRunning_14_00","",""
"Scripts/Content/Story/Dialoge/DIA_SLD_805_Cord.d:56","Du solltest jetzt zu Vatras gehen ...","이제 바트라스에게 가봐라...","","False","DIA_Addon_Cord_MeetingIsRunning_14_01","",""
"Scripts/Content/Story/Dialoge/DIA_SLD_805_Cord.d:87","Wenn du ein Problem mit den Wölfen oder Feldräubern hast, dann frag einen der jüngeren Söldner.","늑대나 필드 레이더 때문에 문제가 생겼다면 젊은 용병들 중 한 명에게 물어봐라.","","False","DIA_Cord_Hallo_14_00","",""
"Scripts/Content/Story/Dialoge/DIA_SLD_805_Cord.d:88","Zu mir kannst du kommen, wenn hier die Paladine anrücken.","팔라딘들이 이곳으로 쳐들어오면 날 찾아와도 좋다.","","False","DIA_Cord_Hallo_14_01","",""
"Scripts/Content/Story/Dialoge/DIA_SLD_805_Cord.d:92","Was?","뭐라고?","","False","DIA_Cord_Hallo_15_02","",""
"Scripts/Content/Story/Dialoge/DIA_SLD_805_Cord.d:93","Jedes Mal, wenn einer von euch Bauern zu mir kommt, geht's darum, harmlose Tiere abzumetzeln.","너희 농부들 중 누군가 내게 찾아올 때는 늘 무해한 짐승들을 도살하는 일 때문이었지.","","False","DIA_Cord_Hallo_14_03","",""
"Scripts/Content/Story/Dialoge/DIA_SLD_805_Cord.d:94","Ich bin keiner der Bauern.","난 농부가 아니야.","","False","DIA_Cord_Hallo_15_04","",""
"Scripts/Content/Story/Dialoge/DIA_SLD_805_Cord.d:95","Ach? Was willst du dann?","그래? 그럼 뭘 원하지?","","False","DIA_Cord_Hallo_14_05","",""
"Scripts/Content/Story/Dialoge/DIA_SLD_805_Cord.d:111","Ich will Söldner werden!","용병이 되고 싶다!","","False","DIA_Cord_WannaJoin.description","",""
"Scripts/Content/Story/Dialoge/DIA_SLD_805_Cord.d:125","Solange du nicht vernünftig mit einer Waffe umgehen kannst, bist du hier falsch!","제대로 무기를 다룰 줄 모르는 상태라면, 여기서는 쓸모가 없다!","","False","DIA_Cord_WannaJoin_14_14","",""
"Scripts/Content/Story/Dialoge/DIA_SLD_805_Cord.d:130","Ich will Söldner werden!","용병이 되고 싶다!","","False","DIA_Cord_WannaJoin_15_00","",""
"Scripts/Content/Story/Dialoge/DIA_SLD_805_Cord.d:133","Du siehst mir eher wie ein Kandidat für die Feldarbeit aus, Junge.","내 눈에는 들판에서 일할 일꾼으로밖에 안 보이는걸, 얘야.","","False","DIA_Cord_WannaJoin_14_01","",""
"Scripts/Content/Story/Dialoge/DIA_SLD_805_Cord.d:134","Kannst du denn mit einer Waffe umgehen?","무기는 좀 다룰 줄 아나?","","False","DIA_Cord_WannaJoin_14_02","",""
"Scripts/Content/Story/Dialoge/DIA_SLD_805_Cord.d:139","Bist du mittlerweile besser geworden?","실력이 좀 늘었나?","","False","DIA_Cord_WannaJoin_14_03","",""
"Scripts/Content/Story/Dialoge/DIA_SLD_805_Cord.d:142","Wie sieht's mit Einhandwaffen aus?","한손 무기는 어쩌고?","","False","DIA_Cord_WannaJoin_14_04","",""
"Scripts/Content/Story/Dialoge/DIA_SLD_805_Cord.d:145","Damit bin ich schon ganz gut.","그럭저럭 다룹니다.","","False","DIA_Cord_WannaJoin_15_05","",""
"Scripts/Content/Story/Dialoge/DIA_SLD_805_Cord.d:149","Na ja ...","글쎄...","","False","DIA_Cord_WannaJoin_15_06","",""
"Scripts/Content/Story/Dialoge/DIA_SLD_805_Cord.d:152","Und wie steht's mit Zweihändern?","두손 무기는 어떤가?","","False","DIA_Cord_WannaJoin_14_07","",""
"Scripts/Content/Story/Dialoge/DIA_SLD_805_Cord.d:155","Damit kann ich umgehen.","그건 다룰 수 있습니다.","","False","DIA_Cord_WannaJoin_15_08","",""
"Scripts/Content/Story/Dialoge/DIA_SLD_805_Cord.d:159","Ich werde bestimmt besser!","더 나아질 겁니다!","","False","DIA_Cord_WannaJoin_15_09","",""
"Scripts/Content/Story/Dialoge/DIA_SLD_805_Cord.d:165","Du bist jedenfalls kein blutiger Anfänger mehr. Gut. Ich werde für dich stimmen.","적어도 풋내기 신세는 면했군. 좋아. 너를 지지하겠다.","","False","DIA_Cord_WannaJoin_14_10","",""
"Scripts/Content/Story/Dialoge/DIA_SLD_805_Cord.d:166","Was dir noch an Wissen fehlt, kannst du von mir lernen.","부족한 지식이 있다면 나에게서 배우도록 해라.","","False","DIA_Cord_WannaJoin_14_11","",""
"Scripts/Content/Story/Dialoge/DIA_SLD_805_Cord.d:175","Das heißt mit anderen Worten: Du bist ein blutiger Anfänger!","다시 말해, 너는 풋내기라는 뜻이다!","","False","DIA_Cord_WannaJoin_14_12","",""
"Scripts/Content/Story/Dialoge/DIA_SLD_805_Cord.d:176","Jeder Söldner muss sich auf seine Kameraden verlassen können. Unser aller Leben hängt davon ab.","모든 용병은 동료를 믿을 수 있어야 한다. 우리 모두의 목숨이 거기에 달렸어.","","False","DIA_Cord_WannaJoin_14_13","",""
"Scripts/Content/Story/Dialoge/DIA_SLD_805_Cord.d:194","Ich habe gehört, dass du dem ´Ring des Wassers´ angehörst.","네가 '링 오브 워터'의 일원이라고 들었다.","","False","DIA_Addon_Cord_YouAreRanger.description","",""
"Scripts/Content/Story/Dialoge/DIA_SLD_805_Cord.d:208","Ich habe gehört, dass du dem ´Ring des Wassers´ angehörst.","네가 '링 오브 워터'의 일원이라고 들었다.","","False","DIA_Addon_Cord_YouAreRanger_15_00","",""
"Scripts/Content/Story/Dialoge/DIA_SLD_805_Cord.d:212","Welcher Dreckskerl konnte denn da schon wieder seine Schnauze nicht halten?","어떤 녀석이 또 입방정을 떨었지?","","False","DIA_Addon_Cord_YouAreRanger_14_01","",""
"Scripts/Content/Story/Dialoge/DIA_SLD_805_Cord.d:216","Lee erzählte mir davon.","리에게서 들었다.","","False","DIA_Addon_Cord_YouAreRanger_15_02","",""
"Scripts/Content/Story/Dialoge/DIA_SLD_805_Cord.d:221","Lares sagte mir, du könntest mir helfen, wenn ich dir sage, dass ich `unter seinem Flügel wohne`.","라레스가 말하길, 내가 '그의 날개 아래 거주한다'고 전하면 네가 도와줄 거라고 하더군.","","False","DIA_Addon_Cord_YouAreRanger_15_03","",""
"Scripts/Content/Story/Dialoge/DIA_SLD_805_Cord.d:225","(seufz) Sieht so aus, als ob ich mich jetzt mit dir herumschlagen müsste, was?","(한숨) 이제 너를 상대해 줘야 한다는 소리군, 그래?","","False","DIA_Addon_Cord_YouAreRanger_14_04","",""
"Scripts/Content/Story/Dialoge/DIA_SLD_805_Cord.d:227","Also gut, was brauchst du?","좋아, 무엇이 필요하지?","","False","DIA_Addon_Cord_Add_14_01","",""
"Scripts/Content/Story/Dialoge/DIA_SLD_805_Cord.d:228","Und pass bloß auf, was du jetzt sagst. Wenn mir nicht gefällt, was ich von dir zu hören kriege, dann zieh ich dir das Fell über die Ohren.","그리고 지금 하는 말에 조심하는 게 좋을 거야. 네 말이 마음에 들지 않으면 가죽을 벗겨버릴 테니까.","","False","DIA_Addon_Cord_YouAreRanger_14_06","",""
"Scripts/Content/Story/Dialoge/DIA_SLD_805_Cord.d:231","Ich brauche eigentlich gar nichts. Ich komme schon alleine klar.","사실 아무것도 필요 없어. 혼자서도 잘하니까.","","False","DIA_Addon_Cord_YouAreRanger_Info.DIA_Addon_Cord_YouAreRanger.DIA_Addon_Cord_YouAreRanger_nix","Info_AddChoice",""
"Scripts/Content/Story/Dialoge/DIA_SLD_805_Cord.d:232","Ich will deine Rüstung.","네 방어구가 필요하다.","","False","DIA_Addon_Cord_YouAreRanger_Info.DIA_Addon_Cord_YouAreRanger.DIA_Addon_Cord_YouAreRanger_ruestung","Info_AddChoice",""
"Scripts/Content/Story/Dialoge/DIA_SLD_805_Cord.d:233","Ich will deine Waffe!","네 무기가 필요하다!","","False","DIA_Addon_Cord_YouAreRanger_Info.DIA_Addon_Cord_YouAreRanger.DIA_Addon_Cord_YouAreRanger_waffe","Info_AddChoice",""
"Scripts/Content/Story/Dialoge/DIA_SLD_805_Cord.d:236","Bring mir bei, wie man kämpft.","싸우는 법을 가르쳐다오.","","False","DIA_Addon_Cord_YouAreRanger_Info.DIA_Addon_Cord_YouAreRanger.DIA_Addon_Cord_YouAreRanger_kampf","Info_AddChoice",""
"Scripts/Content/Story/Dialoge/DIA_SLD_805_Cord.d:246","Du könntest mir helfen bei den Söldnern aufgenommen zu werden.","내가 용병으로 들어갈 수 있게 도와줄 수도 있겠지.","","False","DIA_Addon_Cord_YouAreRanger_Info.DIA_Addon_Cord_YouAreRanger.DIA_Addon_Cord_YouAreRanger_SLDAufnahme","Info_AddChoice",""
"Scripts/Content/Story/Dialoge/DIA_SLD_805_Cord.d:255","(droht) Und wehe dir, wenn mir zu Ohren kommt, dass du die Klappe nicht halten kannst. Und das sage ich nur einmal, klar?","(위협하며) 입을 다물지 못한다는 소문이 들리기만 해봐라. 이런 소리는 한 번만 한다, 알겠나?","","False","DIA_Addon_Cord_YouAreRanger_WARN_14_00","",""
"Scripts/Content/Story/Dialoge/DIA_SLD_805_Cord.d:260","(böse) Das war´s. Jetzt hast du den Bogen überspannt. Ich werde mit dir den Hof fegen.","(험악하게) 그만해라. 선을 넘었어. 마당을 쓸어버리기 전에.","","False","DIA_Addon_Cord_YouAreRanger_FRESSE_14_00","",""
"Scripts/Content/Story/Dialoge/DIA_SLD_805_Cord.d:270","Ich will deine Rüstung.","네 방어구가 필요하다.","","False","DIA_Addon_Cord_YouAreRanger_ruestung_15_00","",""
"Scripts/Content/Story/Dialoge/DIA_SLD_805_Cord.d:274","Noch so ein Spruch und du kannst deine Zähne vom Boden aufsammeln.","한 번만 더 그런 소릴 지껄여봐라, 바닥에 떨어진 이빨을 주워 담게 될 테니까.","","False","DIA_Addon_Cord_YouAreRanger_ruestung_14_01","",""
"Scripts/Content/Story/Dialoge/DIA_SLD_805_Cord.d:285","Ich will deine Waffe!","네 무기가 필요하다!","","False","DIA_Addon_Cord_YouAreRanger_Add_15_00","",""
"Scripts/Content/Story/Dialoge/DIA_SLD_805_Cord.d:289","(gefährlich) Ach ja?","(위협적으로) 그래?","","False","DIA_Addon_Cord_Add_14_03","",""
"Scripts/Content/Story/Dialoge/DIA_SLD_805_Cord.d:290","(grimmig) Das könnte dir so passen!","(쌀쌀맞게) 어디 한번 가져가 보시지!","","False","DIA_Addon_Cord_Add_14_02","",""
"Scripts/Content/Story/Dialoge/DIA_SLD_805_Cord.d:301","Verschwinde hier. Ich will deinen Platz auf dem Hof einnehmen.","꺼져라. 농장에서 네 자리를 차지하고 싶으니까.","","False","DIA_Addon_Cord_YouAreRanger_weg_15_00","",""
"Scripts/Content/Story/Dialoge/DIA_SLD_805_Cord.d:305","Werd mal hier nicht ulkig, Kleiner, sonst brech´ ich dir sämtliche Knochen.","너무 까불지 마라, 꼬마야. 온몸의 뼈를 박살 내버릴 테니까.","","False","DIA_Addon_Cord_YouAreRanger_weg_14_01","",""
"Scripts/Content/Story/Dialoge/DIA_SLD_805_Cord.d:318","Bring mir bei, wie man kämpft.","싸우는 법을 가르쳐다오.","","False","DIA_Addon_Cord_YouAreRanger_kampf_15_00","",""
"Scripts/Content/Story/Dialoge/DIA_SLD_805_Cord.d:319","Na gut. Was noch?","좋아. 그 다음은?","","False","DIA_Addon_Cord_YouAreRanger_kampf_14_01","",""
"Scripts/Content/Story/Dialoge/DIA_SLD_805_Cord.d:324","Das reicht mir.","됐어, 그 정도면 충분해.","","False","DIA_Addon_Cord_YouAreRanger_kampf.DIA_Addon_Cord_YouAreRanger.DIA_Addon_Cord_YouAreRanger_reicht","Info_AddChoice",""
"Scripts/Content/Story/Dialoge/DIA_SLD_805_Cord.d:331","Du könntest mir helfen, bei den Söldnern aufgenommen zu werden.","내가 용병들에 합류할 수 있게 도와줄 수 있겠지.","","False","DIA_Addon_Cord_YouAreRanger_SLDAufnahme_15_00","",""
"Scripts/Content/Story/Dialoge/DIA_SLD_805_Cord.d:332","(lacht) Das kann ja heiter werden. Gut. Werd´s versuchen. Was noch?","(웃음) 재미있게 됐군. 좋아. 시도해 보마. 그 다음은?","","False","DIA_Addon_Cord_YouAreRanger_SLDAufnahme_14_01","",""
"Scripts/Content/Story/Dialoge/DIA_SLD_805_Cord.d:338","Das reicht mir.","됐어, 그 정도면 충분해.","","False","DIA_Addon_Cord_YouAreRanger_SLDAufnahme.DIA_Addon_Cord_YouAreRanger.DIA_Addon_Cord_YouAreRanger_reicht","Info_AddChoice",""
"Scripts/Content/Story/Dialoge/DIA_SLD_805_Cord.d:345","Bezahl mich für mein Schweigen.","내 침묵의 대가로 돈을 지불해라.","","False","DIA_Addon_Cord_YouAreRanger_Gold_15_00","",""
"Scripts/Content/Story/Dialoge/DIA_SLD_805_Cord.d:348","Das könnte dir so passen. Da hast du aber leider Pech. Ich lasse mich nicht erpressen, du Mistkerl.","참나, 꿈도 야무지군. 하지만 유감스럽게도 안 됐어. 협박엔 안 넘어가니까, 이 자식아.","","False","DIA_Addon_Cord_YouAreRanger_Gold_14_01","",""
"Scripts/Content/Story/Dialoge/DIA_SLD_805_Cord.d:359","Ich brauche eigentlich gar nichts. Ich komme schon alleine klar.","사실 아무것도 필요 없어. 혼자서도 잘하니까.","","False","DIA_Addon_Cord_YouAreRanger_nix_15_00","",""
"Scripts/Content/Story/Dialoge/DIA_SLD_805_Cord.d:360","Na gut. Wie du willst. Du hattest deine Chance.","좋아, 네 뜻대로 해라. 기회는 줬다.","","False","DIA_Addon_Cord_YouAreRanger_nix_14_01","",""
"Scripts/Content/Story/Dialoge/DIA_SLD_805_Cord.d:367","Das reicht mir.","됐어, 그 정도면 충분해.","","False","DIA_Addon_Cord_YouAreRanger_reicht_15_00","",""
"Scripts/Content/Story/Dialoge/DIA_SLD_805_Cord.d:368","Wenn´s mehr nicht ist.","그게 다라면 어렵지 않겠군.","","False","DIA_Addon_Cord_YouAreRanger_reicht_14_01","",""
"Scripts/Content/Story/Dialoge/DIA_SLD_805_Cord.d:383","Hilf mir Söldner zu werden.","내가 용병이 되는 걸 도와줘.","","False","DIA_Addon_Cord_RangerHelp2GetSLD.description","",""
"Scripts/Content/Story/Dialoge/DIA_SLD_805_Cord.d:399","Hat sich schon erledigt.","이미 끝난 일이야.","","False","DIA_Addon_Cord_RangerHelpObsolete_15_00","",""
"Scripts/Content/Story/Dialoge/DIA_SLD_805_Cord.d:400","Oh. Dann wird´s schwierig mit der Hilfe.","오. 그럼 내가 도와주기 곤란한데.","","False","DIA_Addon_Cord_RangerHelpObsolete_14_01","",""
"Scripts/Content/Story/Dialoge/DIA_SLD_805_Cord.d:401","Was soll das heißen?","무슨 소리지?","","False","DIA_Addon_Cord_RangerHelpObsolete_15_02","",""
"Scripts/Content/Story/Dialoge/DIA_SLD_805_Cord.d:402","Tja. Das bedeutet, dass ich dir nicht helfen kann.","그래. 내가 너를 도와줄 수 없다는 뜻이다.","","False","DIA_Addon_Cord_RangerHelpObsolete_14_03","",""
"Scripts/Content/Story/Dialoge/DIA_SLD_805_Cord.d:403","Oder willst du, dass ich mich mit jedem einzelnen Söldner anlege, damit du hier aufgenommen wirst?","아니면 네가 여기에 가입할 수 있도록 내가 용병 하나하나와 맞서 싸우기라도 바라는 건가?","","False","DIA_Addon_Cord_RangerHelpObsolete_14_04","",""
"Scripts/Content/Story/Dialoge/DIA_SLD_805_Cord.d:404","Das musst du schon selber machen.","그건 네가 직접 해야지.","","False","DIA_Addon_Cord_RangerHelpObsolete_14_05","",""
"Scripts/Content/Story/Dialoge/DIA_SLD_805_Cord.d:411","Dann mach das erst mal und komm später wieder her.","그러니 먼저 해결하고 나중에 다시 오도록 해라.","","False","DIA_Addon_Cord_ComeLaterWhenDone_14_00","",""
"Scripts/Content/Story/Dialoge/DIA_SLD_805_Cord.d:417","Ahja. Das ist einfach. Pass auf. Komm morgen wieder, dann habe ich die Sache für dich erledigt.","그렇군. 간단한 일이네. 잘 들어라. 내일 다시 와라, 그때까지 내가 처리해 두마.","","False","DIA_Addon_Cord_IDoItForYou_14_00","",""
"Scripts/Content/Story/Dialoge/DIA_SLD_805_Cord.d:418","Allerdings musst du dafür auch etwas für mich tun.","물론 그 전에 너도 내 부탁을 하나 들어줘야겠어.","","False","DIA_Addon_Cord_IDoItForYou_14_01","",""
"Scripts/Content/Story/Dialoge/DIA_SLD_805_Cord.d:419","Und das wäre?","그게 뭔데?","","False","DIA_Addon_Cord_IDoItForYou_15_02","",""
"Scripts/Content/Story/Dialoge/DIA_SLD_805_Cord.d:420","Nicht weit von hier im Südosten gibt es in den Bergen ein kleines Lager der Banditen.","여기서 멀지 않은 남동쪽 산속에 작은 도둑 캠프가 하나 있다.","","False","DIA_Addon_Cord_IDoItForYou_14_03","",""
"Scripts/Content/Story/Dialoge/DIA_SLD_805_Cord.d:421","Wenn du von hier aus nach Südosten gehst kannstdu schon den Turm sehen, der dort steht.","여기서 남동쪽으로 가면 저 멀리 탑이 보일 것이다.","","False","DIA_Addon_Cord_IDoItForYou_14_04","",""
"Scripts/Content/Story/Dialoge/DIA_SLD_805_Cord.d:422","Einer meiner Leute, sein Name ist Patrick, ist vor einigen Tagen dorthin aufgebrochen, um mit den Dreckskerlen zu handeln.","내 부하 중 패트릭이라는 자가 며칠 전에 그 쓰레기들과 거래를 하려고 그곳으로 떠났지.","","False","DIA_Addon_Cord_IDoItForYou_14_05","",""
"Scripts/Content/Story/Dialoge/DIA_SLD_805_Cord.d:423","Tja. Ich hab ihm gesagt, dass es eine Schnapsidee ist. Aber der Idiot wollte nicht auf mich hören.","그래. 말도 안 되는 짓이라고 말렸지만, 그 멍청이가 내 말을 들으려고 해야지.","","False","DIA_Addon_Cord_IDoItForYou_14_06","",""
"Scripts/Content/Story/Dialoge/DIA_SLD_805_Cord.d:424","Ich nehme an, dass sie aus ihm Kleinholz gemacht haben. Sicher weiß ich das allerdings nicht.","이미 그놈들이 패트릭을 박살 냈을 거라고 생각하지만, 확실히는 모르겠군.","","False","DIA_Addon_Cord_IDoItForYou_14_07","",""
"Scripts/Content/Story/Dialoge/DIA_SLD_805_Cord.d:425","Du wirst es für mich heraus finden.","네가 그걸 알아내 주겠어.","","False","DIA_Addon_Cord_IDoItForYou_14_08","",""
"Scripts/Content/Story/Dialoge/DIA_SLD_805_Cord.d:430","Vergiss es. Die Aufgabe ist viel schwieriger als die von Torlof.","됐어. 토를로프가 낸 과제보다 훨씬 어렵잖아.","","False","B_Cord_IDoItForYou.DIA_Addon_Cord_RangerHelp2GetSLD.B_Cord_IDoItForYou_mist","Info_AddChoice",""
"Scripts/Content/Story/Dialoge/DIA_SLD_805_Cord.d:431","Was sagt mir, dass sie nicht auch aus MIR Kleinholz machen?","그 녀석들이 나까지 박살 내지 않으리란 보장이 어디 있지?","","False","B_Cord_IDoItForYou.DIA_Addon_Cord_RangerHelp2GetSLD.B_Cord_IDoItForYou_Dexter","Info_AddChoice",""
"Scripts/Content/Story/Dialoge/DIA_SLD_805_Cord.d:438","Vergiss es. Die Aufgabe ist viel schwieriger als die von Torlof.","됐어. 토를로프가 낸 과제보다 훨씬 어렵잖아.","","False","Dia_Addon_Cord_IDoItForYou_mist_15_00","",""
"Scripts/Content/Story/Dialoge/DIA_SLD_805_Cord.d:439","Das muss es ja nicht. So ein kleines schmieriges Kerlchen wie du ist unscheinbar und wird sie nicht weiter interessieren.","꼭 그렇진 않아. 너처럼 볼품없고 기름기 낀 녀석은 눈에 띄지도 않아서 그들도 별로 신경 쓰지 않을걸.","","False","Dia_Addon_Cord_IDoItForYou_mist_14_01","",""
"Scripts/Content/Story/Dialoge/DIA_SLD_805_Cord.d:440","Außerdem kann ich es nicht tun. Wenn die Jungs einen Söldner sehen, dann fängt ihnen gleich der Buckel an zu brennen.","게다가 나도 그럴 수 없어. 녀석들은 용병을 보기만 해도 눈에 불을 켜니까 말이야.","","False","Dia_Addon_Cord_IDoItForYou_mist_14_02","",""
"Scripts/Content/Story/Dialoge/DIA_SLD_805_Cord.d:445","Was sagt mir, dass sie nicht auch aus MIR Kleinholz machen?","나라고 녀석들한테 다져진 고기가 되지 않으리란 법이 있나?","","False","Dia_Addon_Cord_IDoItForYou_Dexter_15_00","",""
"Scripts/Content/Story/Dialoge/DIA_SLD_805_Cord.d:446","Weil ich den Namen ihres Anführers kenne. Er heißt Dexter. Du wirst einfach behaupten, dass du den Kerl kennst.","내가 그 우머머리의 이름을 알거든. 덱스터야. 네가 그 녀석을 안다고 둘러대기만 하면 돼.","","False","Dia_Addon_Cord_IDoItForYou_Dexter_14_01","",""
"Scripts/Content/Story/Dialoge/DIA_SLD_805_Cord.d:447","Dann werden sich seine Jungs zweimal überlegen, ob sie dir einfach so auf Verdacht das Fell über die Ohren ziehen.","그러면 녀석들의 부하도 네가 의심스럽다고 해서 다짜고짜 목을 비틀지 한 번쯤은 더 생각할 거다.","","False","Dia_Addon_Cord_IDoItForYou_Dexter_14_02","",""
"Scripts/Content/Story/Dialoge/DIA_SLD_805_Cord.d:448","Es kann natürlich trotzdem gefährlich werden.","물론 그래도 여전히 위험할 수는 있어.","","False","Dia_Addon_Cord_IDoItForYou_Dexter_14_03","",""
"Scripts/Content/Story/Dialoge/DIA_SLD_805_Cord.d:449","Aber du machst das schon.","하지만 넌 잘 해낼 거야.","","False","Dia_Addon_Cord_IDoItForYou_Dexter_14_04","",""
"Scripts/Content/Story/Dialoge/DIA_SLD_805_Cord.d:464","Hilf mir, Söldner zu werden.","내가 용병이 되는 걸 도와줘.","","False","DIA_Addon_Cord_RangerHelp2GetSLD_15_00","",""
"Scripts/Content/Story/Dialoge/DIA_SLD_805_Cord.d:465","Lass mal überlegen. Mmh. An Torlof wirst du wohl vorbei müssen, wenn du hier was werden willst.","어디 보자. 흠. 여기서 뭘 좀 해보고 싶다면 토를로프를 통과해야 할 거다.","","False","DIA_Addon_Cord_RangerHelp2GetSLD_14_01","",""
"Scripts/Content/Story/Dialoge/DIA_SLD_805_Cord.d:466","Warst du schon bei Torlof deswegen?","이 일로 토를로프를 만나본 적 있나?","","False","DIA_Addon_Cord_RangerHelp2GetSLD_14_02","",""
"Scripts/Content/Story/Dialoge/DIA_SLD_805_Cord.d:470","Nicht wirklich.","별로.","","False","DIA_Addon_Cord_RangerHelp2GetSLD_15_03","",""
"Scripts/Content/Story/Dialoge/DIA_SLD_805_Cord.d:475","Ja. Das ist die Geschichte mit der Probe.","응. 시험이라는 게 있더군.","","False","DIA_Addon_Cord_RangerHelp2GetSLD_15_04","",""
"Scripts/Content/Story/Dialoge/DIA_SLD_805_Cord.d:476","Aha. Und wie sieht die aus?","아하. 그 시험이란 게 어떤 거지?","","False","DIA_Addon_Cord_RangerHelp2GetSLD_14_05","",""
"Scripts/Content/Story/Dialoge/DIA_SLD_805_Cord.d:486","Bisher habe ich sie noch nicht angenommen.","아직 수락하진 않았어.","","False","DIA_Addon_Cord_RangerHelp2GetSLD_15_06","",""
"Scripts/Content/Story/Dialoge/DIA_SLD_805_Cord.d:491","Ich soll auf Sekobs Hof die Pacht eintreiben.","세코브의 농장에서 소작료를 받아오라더군.","","False","DIA_Addon_Cord_RangerHelp2GetSLD_15_07","",""
"Scripts/Content/Story/Dialoge/DIA_SLD_805_Cord.d:496","Ich soll die Miliz von Bengars Hof vertreiben.","벵가르의 농장에서 민병대를 쫓아내야 해.","","False","DIA_Addon_Cord_RangerHelp2GetSLD_15_08","",""
"Scripts/Content/Story/Dialoge/DIA_SLD_805_Cord.d:515","Ich war bei Dexter.","덱스터를 만나고 왔다.","","False","DIA_Addon_Cord_TalkedToDexter.description","",""
"Scripts/Content/Story/Dialoge/DIA_SLD_805_Cord.d:530","Ich war bei Dexter.","덱스터를 만나고 왔어.","","False","DIA_Addon_Cord_TalkedToDexter_15_00","",""
"Scripts/Content/Story/Dialoge/DIA_SLD_805_Cord.d:531","Und?","그래서?","","False","DIA_Addon_Cord_TalkedToDexter_14_01","",""
"Scripts/Content/Story/Dialoge/DIA_SLD_805_Cord.d:535","Dexter ist tot.","덱스터는 죽었어.","","False","DIA_Addon_Cord_TalkedToDexter_15_02","",""
"Scripts/Content/Story/Dialoge/DIA_SLD_805_Cord.d:538","Von deinem Kollegen Patrick gab´s da oben keine Spur.","저 위에서 네 동료 패트릭의 흔적은 전혀 찾을 수 없었어.","","False","DIA_Addon_Cord_TalkedToDexter_15_03","",""
"Scripts/Content/Story/Dialoge/DIA_SLD_805_Cord.d:542","Dexter konnte sich zwar an ihn erinnern, aber er sagte, Patrick sei schon länger nicht mehr da gewesen.","덱스터가 그를 기억하긴 했지만, 패트릭이 떠난 지 꽤 오래되었다고 하더군.","","False","DIA_Addon_Cord_TalkedToDexter_15_04","",""
"Scripts/Content/Story/Dialoge/DIA_SLD_805_Cord.d:543","Und du bist dir sicher, dass Dexter dich nicht belogen hat?","그리고 덱스터가 너한테 거짓말을 하지 않았다는 건 확실하고?","","False","DIA_Addon_Cord_TalkedToDexter_14_05","",""
"Scripts/Content/Story/Dialoge/DIA_SLD_805_Cord.d:544","Nein. Das bin ich nicht. Aber mehr kann ich dir auch nicht sagen.","아니. 확신할 순 없어. 하지만 내가 아는 건 이게 전부야.","","False","DIA_Addon_Cord_TalkedToDexter_15_06","",""
"Scripts/Content/Story/Dialoge/DIA_SLD_805_Cord.d:547","Ich versteh´ das nicht. Der Kerl ist wie vom Erdboden verschluckt.","이해할 수가 없군. 녀석이 아주 흔적도 없이 사라져 버렸어.","","False","DIA_Addon_Cord_TalkedToDexter_14_07","",""
"Scripts/Content/Story/Dialoge/DIA_SLD_805_Cord.d:548","Tja, du hast dich an deinen Teil der Abmachung gehalten ...","글쎄, 너는 약속한 바를 지켰으니...","","False","DIA_Addon_Cord_TalkedToDexter_14_08","",""
"Scripts/Content/Story/Dialoge/DIA_SLD_805_Cord.d:554","Was ist jetzt mit Torlofs Probe?","토를로프의 시험은 어떻게 되는 거지?","","False","DIA_Addon_Cord_TalkedToDexter_15_09","",""
"Scripts/Content/Story/Dialoge/DIA_SLD_805_Cord.d:555","Du kannst ruhig zurück zu Torlof gehen. Betrachte den Auftrag und damit die Probe als erledigt. Ich hab' dir doch gesagt, ich kümmere mich darum.","마음 놓고 토를로프에게 돌아가도 좋아. 임무는 완수되었고, 시험도 통과한 거니까. 내가 알아서 한다고 했잖아.","","False","DIA_Addon_Cord_TalkedToDexter_14_10","",""
"Scripts/Content/Story/Dialoge/DIA_SLD_805_Cord.d:578","Patrick ist wieder da.","패트릭이 돌아왔다.","","False","DIA_Cord_ReturnPatrick.description","",""
"Scripts/Content/Story/Dialoge/DIA_SLD_805_Cord.d:592","Patrick ist wieder da.","패트릭이 돌아왔어.","","False","DIA_Addon_Cord_ReturnPatrick_15_00","",""
"Scripts/Content/Story/Dialoge/DIA_SLD_805_Cord.d:593","Ja, Mann. Daran habe ich schon nicht mehr geglaubt. Du ...","그래, 친구. 난 이제 기대도 안 하고 있었는데. 넌...","","False","DIA_Addon_Cord_ReturnPatrick_14_01","",""
"Scripts/Content/Story/Dialoge/DIA_SLD_805_Cord.d:594","Hey, tu mir einen Gefallen.","이봐, 내 부탁 하나만 들어줘.","","False","DIA_Addon_Cord_ReturnPatrick_15_02","",""
"Scripts/Content/Story/Dialoge/DIA_SLD_805_Cord.d:595","Ja?","그래?","","False","DIA_Addon_Cord_ReturnPatrick_14_03","",""
"Scripts/Content/Story/Dialoge/DIA_SLD_805_Cord.d:596","Spar dir deine Dankesrede.","감사 연설은 집어치워.","","False","DIA_Addon_Cord_ReturnPatrick_15_04","",""
"Scripts/Content/Story/Dialoge/DIA_SLD_805_Cord.d:597","Ich wollte mich gar nicht bedanken.","애초에 고마워할 생각도 없었어.","","False","DIA_Addon_Cord_ReturnPatrick_14_05","",""
"Scripts/Content/Story/Dialoge/DIA_SLD_805_Cord.d:598","Sondern ... ?","그럼...?","","False","DIA_Addon_Cord_ReturnPatrick_15_06","",""
"Scripts/Content/Story/Dialoge/DIA_SLD_805_Cord.d:599","(grinst) … dir nur sagen, dass du ein verfluchter Teufelskerl bist.","(씩 웃으며) …네가 빌어먹게 대단한 녀석이라는 걸 말해주려던 참이지.","","False","DIA_Addon_Cord_ReturnPatrick_14_07","",""
"Scripts/Content/Story/Dialoge/DIA_SLD_805_Cord.d:600","(grinst) Bleib sauber!","(씩 웃으며) 몸 조심하라고!","","False","DIA_Addon_Cord_ReturnPatrick_14_09","",""
"Scripts/Content/Story/Dialoge/DIA_SLD_805_Cord.d:615","Was soll ich eher lernen, einhändigen oder zweihändigen Kampf?","한손 전투와 양손 전투 중 어느 쪽을 먼저 배워야 할까요?","","False","DIA_Cord_ExplainSkills.description","",""
"Scripts/Content/Story/Dialoge/DIA_SLD_805_Cord.d:628","Was soll ich eher lernen, einhändigen oder zweihändigen Kampf?","한손 전투와 양손 전투 중 어느 쪽을 먼저 배워야 할까요?","","False","DIA_Cord_ExplainSkills_15_00","",""
"Scripts/Content/Story/Dialoge/DIA_SLD_805_Cord.d:629","Die beiden Waffengattungen sind recht ähnlich.","두 무기 계열은 꽤 비슷해.","","False","DIA_Cord_ExplainSkills_14_01","",""
"Scripts/Content/Story/Dialoge/DIA_SLD_805_Cord.d:630","Sobald du die nächste Stufe bei einer Waffengattung erreicht hast, lernst du automatisch die andere mit.","한 무기 계열에서 다음 단계에 도달하자마자, 너는 자동으로 다른 쪽도 함께 배우게 되지.","","False","DIA_Cord_ExplainSkills_14_02","",""
"Scripts/Content/Story/Dialoge/DIA_SLD_805_Cord.d:631","Wenn du zum Beispiel ein guter Kämpfer mit der Einhandwaffe bist, aber noch ein Anfänger mit der Zweihandwaffe ...","예를 들어, 한손 무기로는 잘 싸우지만 양손 무기는 아직 초보자라면...","","False","DIA_Cord_ExplainSkills_14_03","",""
"Scripts/Content/Story/Dialoge/DIA_SLD_805_Cord.d:632","... wirst du bei allem, was du an Training in Einhandwaffen investierst, auch mit Zweihandwaffen besser werden.","...한손 무기 훈련에 투자하는 모든 만큼 양손 무기 실력도 함께 좋아질 거야.","","False","DIA_Cord_ExplainSkills_14_04","",""
"Scripts/Content/Story/Dialoge/DIA_SLD_805_Cord.d:633","Wenn du immer nur eine Waffengattung trainierst, wird das Training für dich anstrengender.","만약 한 가지 무기 계열만 계속 훈련한다면, 훈련이 더 고되질 거다.","","False","DIA_Cord_ExplainSkills_14_05","",""
"Scripts/Content/Story/Dialoge/DIA_SLD_805_Cord.d:634","Trainierst du immer beide, kommst du mit weniger Einsatz genauso weit.","항상 둘 다 훈련한다면, 더 적은 노력으로 똑같이 도달할 수 있어.","","False","DIA_Cord_ExplainSkills_14_06","",""
"Scripts/Content/Story/Dialoge/DIA_SLD_805_Cord.d:635","Im Endeffekt kommt es aufs selbe raus - es ist deine Wahl.","결국 결과는 매너가지야. 네 선택에 달렸지.","","False","DIA_Cord_ExplainSkills_14_07","",""
"Scripts/Content/Story/Dialoge/DIA_SLD_805_Cord.d:647","Wo liegt der Vorteil von Einhand- oder Zweihandwaffen?","한손 무기와 양손 무기의 장점은 각각 무엇인가요?","","False","DIA_Cord_ExplainWeapons.description","",""
"Scripts/Content/Story/Dialoge/DIA_SLD_805_Cord.d:660","Wo liegt der Vorteil von Einhand- oder Zweihandwaffen?","한손 무기와 양손 무기의 장점은 각각 무엇인가요?","","False","DIA_Cord_ExplainWeapons_15_00","",""
"Scripts/Content/Story/Dialoge/DIA_SLD_805_Cord.d:661","Eine gute Frage. Ich sehe, du hast dich schon mit dem Thema auseinandergesetzt.","좋은 질문이군. 이 주제에 대해 벌써 고민해 봤 모양이네.","","False","DIA_Cord_ExplainWeapons_14_01","",""
"Scripts/Content/Story/Dialoge/DIA_SLD_805_Cord.d:662","Einhänder sind schneller, aber etwas schwächer.","한손 무기는 더 빠르지만 위력이 약간 약하지.","","False","DIA_Cord_ExplainWeapons_14_02","",""
"Scripts/Content/Story/Dialoge/DIA_SLD_805_Cord.d:663","Zweihänder richten mehr Schaden an, aber du kannst nicht so schnell zuschlagen.","양손 무기는 더 큰 피해를 주지만, 그렇게 빨리 내리칠 수는 없어.","","False","DIA_Cord_ExplainWeapons_14_03","",""
"Scripts/Content/Story/Dialoge/DIA_SLD_805_Cord.d:664","Außerdem ist mehr Stärke erforderlich, um einen Zweihänder zu führen. Das bedeutet zusätzliches Training.","게다가 양손 무기를 휘두르려면 더 많은 힘이 필요해. 그 말인즉슨 추가 훈련이 필요하다는 거지.","","False","DIA_Cord_ExplainWeapons_14_04","",""
"Scripts/Content/Story/Dialoge/DIA_SLD_805_Cord.d:665","Nur, wenn du bereit bist, viel zu investieren, hast du eine Chance, richtig gut zu werden.","많은 노력을 쏟아부을 각이 되어 있을 때만 정말로 잘해질 기회가 생기는 법이야.","","False","DIA_Cord_ExplainWeapons_14_05","",""
"Scripts/Content/Story/Dialoge/DIA_SLD_805_Cord.d:682","Bring mir bei, wie man kämpft!","싸우는 법을 가르쳐 줘!","","False","DIA_Cord_Teach.description","",""
"Scripts/Content/Story/Dialoge/DIA_SLD_805_Cord.d:692","Ich verschwende meine Zeit nicht mit Anfängern.","난 초보자한테 시간을 낭비하지 않아.","","False","DIA_Cord_Teach_14_03","",""
"Scripts/Content/Story/Dialoge/DIA_SLD_805_Cord.d:697","Bring mir bei, wie man kämpft!","싸우는 법을 가르쳐 줘!","","False","DIA_Cord_Teach_15_00","",""
"Scripts/Content/Story/Dialoge/DIA_SLD_805_Cord.d:706","Ich kann dich an jeder Waffe ausbilden - womit wollen wir anfangen.","어떤 무기든 다 가르쳐 줄 수 있어. 뭘로 시작할까?","","False","DIA_Cord_Teach_14_01","",""
"Scripts/Content/Story/Dialoge/DIA_SLD_805_Cord.d:711","Ich kann dich im Umgang mit Einhandwaffen trainieren. Aber für Zweihänder bist du noch zu schlecht.","한손 무기 다루는 법은 가르쳐 줄 수 있다. 하지만 양손 무기를 쓰기엔 아직 실력이 너무 부족해.","","False","DIA_Cord_Teach_14_02","",""
"Scripts/Content/Story/Dialoge/DIA_SLD_805_Cord.d:717","Also mit Einhandwaffen bist du noch ein blutiger Anfänger! Aber du kannst schon ganz passabel mit einem Zweihänder umgehen.","한손 무기에 관해서라면 넌 아직 풋내기 초보자에 불과해! 하지만 양손 무기는 제법 그럴듯하게 다루는군.","","False","DIA_Cord_Teach_14_04","",""
"Scripts/Content/Story/Dialoge/DIA_SLD_805_Cord.d:718","Wenn du Erfahrung mit Einhandwaffen brauchst, such dir einen anderen Lehrer.","한손 무기 경험이 더 필요하다면 다른 스승을 찾아보라고.","","False","DIA_Cord_Teach_14_05","",""
"Scripts/Content/Story/Dialoge/DIA_SLD_805_Cord.d:752","Ich trainiere nur Söldner oder würdige Anwärter!","난 용병이나 자격이 되는 지원자만 훈련한다!","","False","DIA_Cord_Teach_14_06","",""
"Scripts/Content/Story/Dialoge/DIA_SLD_805_Cord.d:761","Du bist schon besser geworden - weiter so!","벌써 실력이 많이 늘었군. 계속 이대로 해나가라고!","","False","DIA_Cord_Teach_BACK_14_00","",""
"Scripts/Content/Story/Dialoge/DIA_SLD_806_Sylvio.d:34","Wie sieht's aus?","어떻게 지내나?","","False","DIA_Sylvio_Hallo.description","",""
"Scripts/Content/Story/Dialoge/DIA_SLD_806_Sylvio.d:44","Wie sieht's aus?","어떻게 지내나?","","False","DIA_Sylvio_Hallo_15_00","",""
"Scripts/Content/Story/Dialoge/DIA_SLD_806_Sylvio.d:45","Habe ich dir erlaubt, mich anzusprechen?","내가 너한테 나한테 말을 걸어도 좋다고 허락했던가?","","False","DIA_Sylvio_Hallo_09_01","",""
"Scripts/Content/Story/Dialoge/DIA_SLD_806_Sylvio.d:60","Thekla hat ein Problem mit dir.","테클라가 너한테 불만이 많던데.","","False","DIA_Sylvio_Thekla.description","",""
"Scripts/Content/Story/Dialoge/DIA_SLD_806_Sylvio.d:73","Thekla hat ein Problem mit dir.","테클라가 너한테 불만이 많던데.","","False","DIA_Sylvio_Thekla_15_00","",""
"Scripts/Content/Story/Dialoge/DIA_SLD_806_Sylvio.d:74","So? Was hat die gute Frau denn? Und warum kommt sie nicht selbst?","그래? 그 좋은 양반이 뭐가 불만이지? 그리고 왜 직접 오지 않는 거야?","","False","DIA_Sylvio_Thekla_09_01","",""
"Scripts/Content/Story/Dialoge/DIA_SLD_806_Sylvio.d:75","Das weißt du verdammt gut.","네가 제일 잘 알 텐데...","","False","DIA_Sylvio_Thekla_15_02","",""
"Scripts/Content/Story/Dialoge/DIA_SLD_806_Sylvio.d:76","(zynisch freundlich) Warum unterhältst du dich nicht ein bisschen mit meinem Freund Bullco darüber?","(비꼬듯 다정하게) 내 친구 불코와 그 일에 대해 잠시 얘기를 나눠보는 건 어때?","","False","DIA_Sylvio_Thekla_09_03","",""
"Scripts/Content/Story/Dialoge/DIA_SLD_806_Sylvio.d:91","Ziemlich viele Leute reden über dich ...","꽤 많은 사람들이 너에 대해 떠들고 다니던데...","","False","DIA_Sylvio_Gossip.description","",""
"Scripts/Content/Story/Dialoge/DIA_SLD_806_Sylvio.d:101","Ziemlich viele Leute reden über dich ...","꽤 많은 사람들이 너에 대해 떠들고 다니던데...","","False","DIA_Sylvio_Gossip_15_00","",""
"Scripts/Content/Story/Dialoge/DIA_SLD_806_Sylvio.d:102","Ziemlich viele Leute reden zuviel.","꽤 많은 사람들이 쓸데없는 소리를 너무 많이 하지.","","False","DIA_Sylvio_Gossip_09_01","",""
"Scripts/Content/Story/Dialoge/DIA_SLD_806_Sylvio.d:117","Was denkst du über Lee?","리는 어떻게 생각하나?","","False","DIA_Sylvio_AboutLee.description","",""
"Scripts/Content/Story/Dialoge/DIA_SLD_806_Sylvio.d:127","Was denkst du über Lee?","리는 어떻게 생각하나?","","False","DIA_Sylvio_AboutLee_15_00","",""
"Scripts/Content/Story/Dialoge/DIA_SLD_806_Sylvio.d:128","(leicht ironisch) Oh, er ist ein guter Kämpfer. Ich würde mich nie mit ihm anlegen wollen.","(약간 비꼬며) 오, 그는 뛰어난 전사야. 난 절대 그와 싸우고 싶지 않군.","","False","DIA_Sylvio_AboutLee_09_01","",""
"Scripts/Content/Story/Dialoge/DIA_SLD_806_Sylvio.d:129","(kalt) Außer natürlich, es lässt sich nicht vermeiden.","(차가운 목소리로) 물론 피할 수 없는 경우가 아니라면 말이지.","","False","DIA_Sylvio_AboutLee_09_02","",""
"Scripts/Content/Story/Dialoge/DIA_SLD_806_Sylvio.d:165","Mir ist zu Ohren gekommen, du hast es auf meine Jungs abgesehen!","네가 내 부하들을 노리고 있다는 소문이 들리더군!","","False","DIA_Sylvio_MenDefeated_09_00","",""
"Scripts/Content/Story/Dialoge/DIA_SLD_806_Sylvio.d:166","Und soweit ich weiß, bist du einer von Lees Schützlingen.","그리고 내가 알기로 넌 리의 수하 중 하나지.","","False","DIA_Sylvio_MenDefeated_09_01","",""
"Scripts/Content/Story/Dialoge/DIA_SLD_806_Sylvio.d:167","Ich warne dich! Bald werden sich hier einige Dinge ändern, und dann werden wir uns noch mal über die Sache unterhalten!","경고하겠어! 곧 이 주변의 몇 가지가 바뀔 테니까, 그때 이 일로 다시 얘기해 보자고!","","False","DIA_Sylvio_MenDefeated_09_02","",""
"Scripts/Content/Story/Dialoge/DIA_SLD_806_Sylvio.d:183","Hey, Arschloch ...","이봐, 멍청아...","","False","DIA_Sylvio_Asshole.description","",""
"Scripts/Content/Story/Dialoge/DIA_SLD_806_Sylvio.d:196","Hey, Arschloch ...","이봐, 멍청아...","","False","DIA_Sylvio_Asshole_15_00","",""
"Scripts/Content/Story/Dialoge/DIA_SLD_806_Sylvio.d:197","Du glaubst doch nicht etwa, dass ich mich mit dir auf ein Duell einlasse?","설마 내가 너랑 결투라도 해줄 거라고 생각하는 건 아니겠지?","","False","DIA_Sylvio_Asshole_09_01","",""
"Scripts/Content/Story/Dialoge/DIA_SLD_806_Sylvio.d:198","Kriech wieder unter deinen Stein.","당장 네 돌덩이 밑으로 기어 들어가기나 해라.","","False","DIA_Sylvio_Asshole_09_02","",""
"Scripts/Content/Story/Dialoge/DIA_SLD_807_Bullco.d:34","Wir beide sollten uns mal unterhalten ...","우리 둘이서 얘기 좀 나눠야겠어...","","False","DIA_Bullco_Hallo.description","",""
"Scripts/Content/Story/Dialoge/DIA_SLD_807_Bullco.d:44","Wir beide sollten uns mal unterhalten ...","우리 둘이서 얘기 좀 나눠야겠어...","","False","DIA_Bullco_HALLO_15_00","",""
"Scripts/Content/Story/Dialoge/DIA_SLD_807_Bullco.d:47","Hör zu, du hast gewonnen! Jetzt lass mich in Ruhe!","들어봐, 네가 이겼어! 이제 날 내버려둬!","","False","DIA_Bullco_HALLO_06_01","",""
"Scripts/Content/Story/Dialoge/DIA_SLD_807_Bullco.d:51","Ich wüsste nicht, worüber!","뭘 두고 그러는지 모르겠는데.","","False","DIA_Bullco_HALLO_06_02","",""
"Scripts/Content/Story/Dialoge/DIA_SLD_807_Bullco.d:80","Sylvio mag es nicht, wenn man ihn anspricht. Hast du das immer noch nicht kapiert?","실비오는 자기가 험담의 대상이 되는 걸 싫어해. 아직도 그걸 모르는 모양이군?","","False","DIA_Bullco_Quatscher_06_00","",""
"Scripts/Content/Story/Dialoge/DIA_SLD_807_Bullco.d:116","Wir beide müssen uns mal unterhalten.","우리 둘이 할 말이 좀 있는데.","","False","DIA_Bullco_PleaseLeave_06_00","",""
"Scripts/Content/Story/Dialoge/DIA_SLD_807_Bullco.d:117","Was willst du?","원하는 게 뭐지?","","False","DIA_Bullco_PleaseLeave_15_01","",""
"Scripts/Content/Story/Dialoge/DIA_SLD_807_Bullco.d:118","Ich denke, es wird das Beste sein, wenn du dich auf dem Hof nicht mehr blicken lässt.","네가 이 농장에서 두 번 다시 얼굴을 비치지 않는 게 가장 좋을 거다.","","False","DIA_Bullco_PleaseLeave_06_02","",""
"Scripts/Content/Story/Dialoge/DIA_SLD_807_Bullco.d:119","Sieh zu, dass du hier bis morgen verschwunden bist. Wir haben uns verstanden?","내일까진 여기서 꺼져 주는 게 좋을 거야. 내 말 알아들었나?","","False","DIA_Bullco_PleaseLeave_06_03","",""
"Scripts/Content/Story/Dialoge/DIA_SLD_807_Bullco.d:155","Du bist ja immer noch hier ...","아직도 여기에 있네...","","False","DIA_Bullco_DailyCheck_06_00","",""
"Scripts/Content/Story/Dialoge/DIA_SLD_807_Bullco.d:156","Ich dachte, wir hätten uns darauf geeinigt, dass ich dich in Frieden ziehen lasse.","네가 곱게 떠나도록 해주는 걸로 합의를 봤다고 생각했는데 말이지.","","False","DIA_Bullco_DailyCheck_06_01","",""
"Scripts/Content/Story/Dialoge/DIA_SLD_807_Bullco.d:157","Du hättest besser auf mich hören sollen.","내 말에 귀를 기울이는 게 좋을 뻔했어.","","False","DIA_Bullco_DailyCheck_06_02","",""
"Scripts/Content/Story/Dialoge/DIA_SLD_807_Bullco.d:161","Ich glaub's ja nicht! Der Kerl ist immer noch hier!","믿을 수가 없군! 이 자식이 아직도 여기 있잖아!","","False","DIA_Bullco_DailyCheck_06_03","",""
"Scripts/Content/Story/Dialoge/DIA_SLD_807_Bullco.d:180","Ich werde NICHT von hier weggehen!","난 여기서 떠나지 않을 거다!","","False","DIA_Bullco_WontLeave.description","",""
"Scripts/Content/Story/Dialoge/DIA_SLD_807_Bullco.d:193","Ich werde NICHT von hier weggehen!","난 여기서 떠나지 않을 거다!","","False","DIA_Bullco_WontLeave_15_00","",""
"Scripts/Content/Story/Dialoge/DIA_SLD_807_Bullco.d:197","(seufzt) Na dann müssen wir noch mal darüber reden!","(한숨을 쉬며) 그럼 이 일로 다시 얘기해 봐야겠군!","","False","DIA_Bullco_WontLeave_06_01","",""
"Scripts/Content/Story/Dialoge/DIA_SLD_807_Bullco.d:203","(brummig) Ja, ja, erzähl das jemandem, den es interessiert ...","(투덜거리며) 그래, 그래, 관심 있는 사람한테 가서 지껄여라...","","False","DIA_Bullco_WontLeave_06_02","",""
"Scripts/Content/Story/Dialoge/DIA_SLD_807_Bullco.d:218","Sagt dir der Name Pepe etwas?","페페라는 이름 들어본 적 있나?","","False","DIA_Bullco_PepesSchafe.description","",""
"Scripts/Content/Story/Dialoge/DIA_SLD_807_Bullco.d:233","Sagt dir der Name Pepe etwas?","페페라는 이름 들어본 적 있나?","","False","DIA_Bullco_PepesSchafe_15_00","",""
"Scripts/Content/Story/Dialoge/DIA_SLD_807_Bullco.d:234","Ich kapier zwar kein Wort von dem, was du da faselst, aber dein Ton gefällt mir nicht!","네가 짓거리는 소리는 무슨 뜻인지 하나도 모르겠지만, 말투는 아주 마음에 안 드는군!","","False","DIA_Bullco_PepesSchafe_06_01","",""
"Scripts/Content/Story/Dialoge/DIA_SLD_807_Bullco.d:235","Du hättest auf seine Schafe aufpassen sollen.","그의 양들을 돌봐야 했을 텐데.","","False","DIA_Bullco_PepesSchafe_15_02","",""
"Scripts/Content/Story/Dialoge/DIA_SLD_807_Bullco.d:236","Was interessieren mich seine Schafe?","그 양 따위가 나한테 무슨 상관이지?","","False","DIA_Bullco_PepesSchafe_06_03","",""
"Scripts/Content/Story/Dialoge/DIA_SLD_807_Bullco.d:237","Lee interessieren sie.","리에게는 상관이 있지.","","False","DIA_Bullco_PepesSchafe_15_04","",""
"Scripts/Content/Story/Dialoge/DIA_SLD_807_Bullco.d:238","Worauf willst du hinaus?","그래서 하고 싶은 말이 뭔가?","","False","DIA_Bullco_PepesSchafe_06_05","",""
"Scripts/Content/Story/Dialoge/DIA_SLD_807_Bullco.d:239","Wenn du mir weiter auf den Keks gehst, werde ich dafür sorgen, dass du die Schafe bezahlen musst.","계속 내 신경을 긁는다면, 양 값을 네 사비로 치르게 만들어 주겠어.","","False","DIA_Bullco_PepesSchafe_15_06","",""
"Scripts/Content/Story/Dialoge/DIA_SLD_807_Bullco.d:240","Wenn du also auf deinen Sold Wert legst, lass mich in Zukunft zufrieden!","네 품삯에 조금이라도 미련이 있다면, 앞으로는 날 귀찮게 하지 마라!","","False","DIA_Bullco_PepesSchafe_15_07","",""
"Scripts/Content/Story/Dialoge/DIA_SLD_807_Bullco.d:241","(zornig) Du, du ...","(화가 나서) 너, 이 자식...","","False","DIA_Bullco_PepesSchafe_06_08","",""
"Scripts/Content/Story/Dialoge/DIA_SLD_807_Bullco.d:242","(ruhig) Ja?","(차분하게) 왜?","","False","DIA_Bullco_PepesSchafe_15_09","",""
"Scripts/Content/Story/Dialoge/DIA_SLD_807_Bullco.d:243","(zu sich selbst) Mieser kleiner Penner ...","(혼잣말로) 재수 없는 꼬마 새끼...","","False","DIA_Bullco_PepesSchafe_06_10","",""
"Scripts/Content/Story/Dialoge/DIA_SLD_808_Jarvis.d:47","Hey! Dein Gesicht kommt mir irgendwie bekannt vor.","어이! 네 얼굴이 왠지 낯이 익단 말이지.","","False","DIA_Jarvis_Hello_04_00","",""
"Scripts/Content/Story/Dialoge/DIA_SLD_808_Jarvis.d:48","Kann schon sein. Ich war auch in der Kolonie.","그럴지도 모르지. 나도 영지에 있었으니까.","","False","DIA_Jarvis_Hello_15_01","",""
"Scripts/Content/Story/Dialoge/DIA_SLD_808_Jarvis.d:49","Richtig ... was willst du?","그렇군... 원하는 게 뭐지?","","False","DIA_Jarvis_Hello_04_02","",""
"Scripts/Content/Story/Dialoge/DIA_SLD_808_Jarvis.d:61","Wie ist die Lage?","요즘 상황은 어때?","","False","DIA_Jarvis_DieLage.description","",""
"Scripts/Content/Story/Dialoge/DIA_SLD_808_Jarvis.d:71","Wie ist die Lage?","요즘 상황은 어때?","","False","DIA_Jarvis_DieLage_15_00","",""
"Scripts/Content/Story/Dialoge/DIA_SLD_808_Jarvis.d:72","Wir haben zurzeit ziemlichen Ärger. Es bilden sich gerade zwei Fronten unter uns Söldnern.","요즘 아주 골치 아픈 일이 생겼어. 용병들 사이에 두 개의 세력이 갈라져서 대립하고 있거든.","","False","DIA_Jarvis_DieLage_04_01","",""
"Scripts/Content/Story/Dialoge/DIA_SLD_808_Jarvis.d:73","Sylvio und seine Leute zweifeln daran, dass Lee den richtigen Plan verfolgt.","실비오와 그 부하들은 리가 올바른 계획을 따르고 있는지 의심하고 있어.","","False","DIA_Jarvis_DieLage_04_02","",""
"Scripts/Content/Story/Dialoge/DIA_SLD_808_Jarvis.d:85","Wie kam es zu den zwei Fronten?","어쩌다가 두 파벌로 나뉘게 된 거지?","","False","DIA_Jarvis_TwoFronts.description","",""
"Scripts/Content/Story/Dialoge/DIA_SLD_808_Jarvis.d:98","Wie kam es zu den zwei Fronten?","어쩌다가 두 파벌로 나뉘게 된 거지?","","False","DIA_Jarvis_TwoFronts_15_00","",""
"Scripts/Content/Story/Dialoge/DIA_SLD_808_Jarvis.d:99","Der größte Teil von uns ist mit Lee damals aus der Kolonie gekommen.","우리 대부분은 예전에 리와 함께 식민지에서 나왔어.","","False","DIA_Jarvis_TwoFronts_04_01","",""
"Scripts/Content/Story/Dialoge/DIA_SLD_808_Jarvis.d:100","Aber einige der Söldner sind auch später zu uns gestoßen.","하지만 용병들 중 일부는 나중에 합류했지.","","False","DIA_Jarvis_TwoFronts_04_02","",""
"Scripts/Content/Story/Dialoge/DIA_SLD_808_Jarvis.d:101","Sie kamen nicht aus der Kolonie, sondern haben weiter südlich gegen die Orks gekämpft.","그들은 식민지 출신이 아니라, 남쪽에서 오크들과 싸우던 자들이야.","","False","DIA_Jarvis_TwoFronts_04_03","",""
"Scripts/Content/Story/Dialoge/DIA_SLD_808_Jarvis.d:102","Sie haben irgendwie davon Wind gekriegt, dass hier Leute gebraucht werden. Ihr Anführer war Sylvio.","어떻게 알았는지 이곳에 사람이 필요하다는 소문을 들었지. 그들의 우두머리는 실비오였어.","","False","DIA_Jarvis_TwoFronts_04_04","",""
"Scripts/Content/Story/Dialoge/DIA_SLD_808_Jarvis.d:103","Er hat sich zwar damit einverstanden erklärt, dass Lee hier das Kommando hat, aber jetzt versucht er, die Söldner gegen ihn und seinen Plan aufzuwiegeln.","그는 리가 이곳의 지휘관이라는 걸 동의하긴 했지만, 지금은 용병들을 선동해 리와 그의 계획에 반대하게 만들고 있어.","","False","DIA_Jarvis_TwoFronts_04_05","",""
"Scripts/Content/Story/Dialoge/DIA_SLD_808_Jarvis.d:104","Viele von Lees Leuten glauben nicht, dass das ein großes Problem ist. Aber ich kenne die Typen wie Sylvio.","리의 사람들은 그게 큰 문제가 아니라고 생각하지만, 난 실비오 같은 녀석들을 잘 알지.","","False","DIA_Jarvis_TwoFronts_04_06","",""
"Scripts/Content/Story/Dialoge/DIA_SLD_808_Jarvis.d:105","Er wird bis zum Äußersten gehen, um seine Vorstellungen umzusetzen.","그는 자신의 생각을 실현하기 위해서라면 무슨 짓이든 할 거야.","","False","DIA_Jarvis_TwoFronts_04_07","",""
"Scripts/Content/Story/Dialoge/DIA_SLD_808_Jarvis.d:117","Weißt du, was Lees Plan ist?","리의 계획이 뭔지 아나?","","False","DIA_Jarvis_LeesPlan.description","",""
"Scripts/Content/Story/Dialoge/DIA_SLD_808_Jarvis.d:130","Weißt du, was Lees Plan ist?","리의 계획이 뭔지 아나?","","False","DIA_Jarvis_LeesPlan_15_00","",""
"Scripts/Content/Story/Dialoge/DIA_SLD_808_Jarvis.d:133","Lee will, dass wir abwarten, und die Paladine in der Stadt aushungern.","리는 우리가 기다리면서 도시의 팔라딘들을 굶겨 죽이기를 원해.","","False","DIA_Jarvis_LeesPlan_04_01","",""
"Scripts/Content/Story/Dialoge/DIA_SLD_808_Jarvis.d:136","Er hat den Plan, uns alle von der Insel wegzubringen. Und Innos weiß, dass ich nichts dagegen hätte, von hier zu verschwinden.","그는 우리 모두를 이 섬에서 데리고 나갈 계획이야. 그리고 이노스 맙소사, 나도 여기서 떠나는 것에는 반대하지 않아.","","False","DIA_Jarvis_LeesPlan_04_02","",""
"Scripts/Content/Story/Dialoge/DIA_SLD_808_Jarvis.d:137","Ich weiß zwar nicht genau, wie er das anstellen will, aber ich vertraue ihm. Er hat uns bis jetzt gut geführt.","그가 정확히 어떻게 그럴 생각인지는 모르겠지만, 난 그를 믿어. 그는 지금까지 우리를 잘 이끌어왔으니까.","","False","DIA_Jarvis_LeesPlan_04_03","",""
"Scripts/Content/Story/Dialoge/DIA_SLD_808_Jarvis.d:149","Weißt du, was Sylvio vorhat?","실비오가 무슨 꿍꿍인지 아나?","","False","DIA_Jarvis_SylviosPlan.description","",""
"Scripts/Content/Story/Dialoge/DIA_SLD_808_Jarvis.d:162","Weißt du, was Sylvio vorhat?","실비오가 무슨 꿍꿍인지 아나?","","False","DIA_Jarvis_SylviosPlan_15_00","",""
"Scripts/Content/Story/Dialoge/DIA_SLD_808_Jarvis.d:163","Sylvio hat mitbekommen, dass ein Teil der Paladine in die alte Kolonie aufgebrochen ist.","실비오는 팔라딘들의 일부가 옛 식민지로 떠났다는 걸 알게 되었어.","","False","DIA_Jarvis_SylviosPlan_04_01","",""
"Scripts/Content/Story/Dialoge/DIA_SLD_808_Jarvis.d:164","Er meint, die restlichen Paladine würden es nicht wagen, uns hier anzugreifen, und will die Situation ausnutzen.","남은 팔라딘들은 감히 우리를 공격하지 못할 거라고 하면서 그 상황을 이용하려 들고 있지.","","False","DIA_Jarvis_SylviosPlan_04_02","",""
"Scripts/Content/Story/Dialoge/DIA_SLD_808_Jarvis.d:165","Die kleinen Höfe plündern, den Milizpatrouillen vor der Stadt auflauern, Reisende überfallen, solche Sachen eben.","작은 농장을 약탈하고, 성 밖의 민병대 순찰대를 노리며, 여행자들을 습격하는 그런 짓 말이야.","","False","DIA_Jarvis_SylviosPlan_04_03","",""
"Scripts/Content/Story/Dialoge/DIA_SLD_808_Jarvis.d:166","Aber Lee denkt, das wäre das Schlechteste, was wir in unserer Situation machen könnten.","하지만 리는 그게 우리의 상황에서 할 수 있는 가장 최악의 짓이라고 생각해.","","False","DIA_Jarvis_SylviosPlan_04_04","",""
"Scripts/Content/Story/Dialoge/DIA_SLD_808_Jarvis.d:178","Ich will Söldner werden!","용병이 되고 싶다!","","False","DIA_Jarvis_WannaJoin.description","",""
"Scripts/Content/Story/Dialoge/DIA_SLD_808_Jarvis.d:191","Ich will Söldner werden!","난 용병이 되고 싶어!","","False","DIA_Jarvis_WannaJoin_15_00","",""
"Scripts/Content/Story/Dialoge/DIA_SLD_808_Jarvis.d:192","Ich bin mir nicht sicher, ob das 'ne gute Idee ist ...","이게 좋은 생각인지 잘 모르겠군...","","False","DIA_Jarvis_WannaJoin_04_01","",""
"Scripts/Content/Story/Dialoge/DIA_SLD_808_Jarvis.d:193","Wo ist das Problem?","무슨 문제라도 있어?","","False","DIA_Jarvis_WannaJoin_15_02","",""
"Scripts/Content/Story/Dialoge/DIA_SLD_808_Jarvis.d:194","Na, ich muss entweder für oder gegen dich stimmen.","글쎄, 난 네 편을 들든가 반대편을 들든가 해야 하거든.","","False","DIA_Jarvis_WannaJoin_04_03","",""
"Scripts/Content/Story/Dialoge/DIA_SLD_808_Jarvis.d:195","Und bei der Lage, in der wir zurzeit stecken, werde ich dir meine Stimme nur geben, wenn ich sicher sein kann, dass du auf Lees Seite stehst!","그리고 우리가 처한 이 상황에서는, 네가 리의 편이라는 확신이 서야만 너에게 표를 줄 수 있어!","","False","DIA_Jarvis_WannaJoin_04_04","",""
"Scripts/Content/Story/Dialoge/DIA_SLD_808_Jarvis.d:207","Was soll ich machen?","내가 뭘 해야 하지?","","False","DIA_Jarvis_MissionKO.description","",""
"Scripts/Content/Story/Dialoge/DIA_SLD_808_Jarvis.d:221","Was soll ich machen?","내가 뭘 해야 하지?","","False","DIA_Jarvis_MissionKO_15_00","",""
"Scripts/Content/Story/Dialoge/DIA_SLD_808_Jarvis.d:222","Ganz einfach. Hau ein paar von Sylvios Jungs um! Damit machst du beiden Seiten klar, zu wem du stehst.","간단해. 실비오의 부하 몇 명을 쓰러뜨려! 그걸로 양쪽 모두에게 네가 어느 편인지 확실히 보여주는 거야.","","False","DIA_Jarvis_MissionKO_04_01","",""
"Scripts/Content/Story/Dialoge/DIA_SLD_808_Jarvis.d:223","Und wenn du dich an die Duellregeln hältst, bringt dir das sogar noch den Respekt der anderen ein.","그리고 결투 규칙을 지킨다면, 다른 이들의 존경까지 얻을 수 있을 거야.","","False","DIA_Jarvis_MissionKO_04_02","",""
"Scripts/Content/Story/Dialoge/DIA_SLD_808_Jarvis.d:241","Was sind die Duellregeln?","결투 규칙이 뭔지 말해 주겠나?","","False","DIA_Jarvis_DuellRegeln.description","",""
"Scripts/Content/Story/Dialoge/DIA_SLD_808_Jarvis.d:254","Was sind die Duellregeln?","결투 규칙이 뭔지 말해 주겠나?","","False","DIA_Jarvis_DuellRegeln_15_00","",""
"Scripts/Content/Story/Dialoge/DIA_SLD_808_Jarvis.d:255","Geh zu Torlof und lass dir das von ihm erklären, wenn es dich interessiert.","관심이 있다면 토를로프에게 가서 설명해 달라고 해.","","False","DIA_Jarvis_DuellRegeln_04_01","",""
"Scripts/Content/Story/Dialoge/DIA_SLD_808_Jarvis.d:256","Damit wir uns richtig verstehen: Mir ist egal, ob du dich an die Regeln hältst oder nicht. Hauptsache, die Knaben landen bewusstlos im Dreck!","확실히 해두자면, 네가 규칙을 지키든 말든 내 알 바 아니야. 중요한 건 그 녀석들이 진흙투성이가 되어 의식을 잃는 것뿐이야!","","False","DIA_Jarvis_DuellRegeln_04_02","",""
"Scripts/Content/Story/Dialoge/DIA_SLD_808_Jarvis.d:270","Welche der Söldner gehören zu Sylvio?","용병들 중 누가 실비오의 부하인가?","","False","DIA_Jarvis_SylviosMen.description","",""
"Scripts/Content/Story/Dialoge/DIA_SLD_808_Jarvis.d:283","Welche der Söldner gehören zu Sylvio?","용병들 중 누가 실비오의 부하인가?","","False","DIA_Jarvis_SylviosMen_15_00","",""
"Scripts/Content/Story/Dialoge/DIA_SLD_808_Jarvis.d:284","Es sind sechs Männer. Zum einen Sylvio selbst und seine rechte Hand, Bullco.","모두 여섯 명이야. 우선 실비오 자신과 그의 오른팔인 불코.","","False","DIA_Jarvis_SylviosMen_04_01","",""
"Scripts/Content/Story/Dialoge/DIA_SLD_808_Jarvis.d:285","Dann sind da Rod, Sentenza, Fester und Raoul.","그리고 로드, 센텐자, 페스터, 라오울이 있지.","","False","DIA_Jarvis_SylviosMen_04_02","",""
"Scripts/Content/Story/Dialoge/DIA_SLD_808_Jarvis.d:286","Der Rest der Leute ist entweder neutral oder auf Lees Seite.","나머지 사람들은 중립이거나 리의 편이야.","","False","DIA_Jarvis_SylviosMen_04_03","",""
"Scripts/Content/Story/Dialoge/DIA_SLD_808_Jarvis.d:300","Wie viele von Sylvios Männern soll ich denn besiegen?","실비오의 부하들 중 몇 명이나 쓰러뜨려야 하지?","","False","DIA_Jarvis_HowMany.description","",""
"Scripts/Content/Story/Dialoge/DIA_SLD_808_Jarvis.d:313","Wie viele von Sylvios Männern soll ich denn besiegen?","실비오의 부하들 중 몇 명이나 쓰러뜨려야 하지?","","False","DIA_Jarvis_HowMany_15_00","",""
"Scripts/Content/Story/Dialoge/DIA_SLD_808_Jarvis.d:314","Wenn du drei von ihnen zu Boden schickst, hast du unter Beweis gestellt, auf welcher Seite du stehst.","그들 중 셋을 땅에 눕힌다면, 네가 어느 편인지 증명한 셈이 되지.","","False","DIA_Jarvis_HowMany_04_01","",""
"Scripts/Content/Story/Dialoge/DIA_SLD_808_Jarvis.d:315","Wen du dir aussuchst, ist deine Sache.","누구를 고를지는 네 마음대로 해.","","False","DIA_Jarvis_HowMany_04_02","",""
"Scripts/Content/Story/Dialoge/DIA_SLD_808_Jarvis.d:316","Nur ein kleiner Tipp: Es geht nicht darum, deinen Mut zu beweisen. Leg dich nicht mit Sylvio selbst an - der macht Hundefutter aus dir.","작은 조언을 하자면, 이건 네 용기를 증명하는 게 아니야. 실비오 본인에게 덤비지 마—그는 널 개밥으로 만들어 버릴 테니까.","","False","DIA_Jarvis_HowMany_04_03","",""
"Scripts/Content/Story/Dialoge/DIA_SLD_808_Jarvis.d:331","Wie viele von Sylvios Männern stehen noch auf meiner Liste?","실비오의 부하들 중 내 목록에 남은 사람은 몇 명인가?","","False","DIA_Jarvis_HowManyLeft.description","",""
"Scripts/Content/Story/Dialoge/DIA_SLD_808_Jarvis.d:345","Wie viele von Sylvios Männern stehen noch auf meiner Liste?","실비오의 부하들 중 내 목록에 남은 사람은 몇 명인가?","","False","DIA_Jarvis_HowManyLeft_15_00","",""
"Scripts/Content/Story/Dialoge/DIA_SLD_808_Jarvis.d:353","Ich habe Bullco besiegt.","불코를 쓰러뜨렸다.","","False","DIA_Jarvis_HowManyLeft_15_01","",""
"Scripts/Content/Story/Dialoge/DIA_SLD_808_Jarvis.d:354","Hab ich mitgekriegt. Reife Leistung.","얘기 들었어. 제법이군.","","False","DIA_Jarvis_HowManyLeft_04_02","",""
"Scripts/Content/Story/Dialoge/DIA_SLD_808_Jarvis.d:361","Rod sieht nicht mehr ganz so gut aus.","로드의 꼴이 말이 아니더군.","","False","DIA_Jarvis_HowManyLeft_15_03","",""
"Scripts/Content/Story/Dialoge/DIA_SLD_808_Jarvis.d:370","Sentenza wollte mir Gold abknöpfen - das war keine gute Idee von ihm.","센텐자가 내게서 금을 뜯어내려 했는데, 아주 현명하지 못한 짓이었지.","","False","DIA_Jarvis_HowManyLeft_15_04","",""
"Scripts/Content/Story/Dialoge/DIA_SLD_808_Jarvis.d:374","Sentenza hab ich zu Boden geschickt.","센텐자를 쓰러뜨렸어.","","False","DIA_Jarvis_HowManyLeft_15_05","",""
"Scripts/Content/Story/Dialoge/DIA_SLD_808_Jarvis.d:385","Fester hat versucht, mich zu verarschen - das war sein Fehler.","페스터가 나를 속이려 들었어—그게 그 녀석의 실수였지.","","False","DIA_Jarvis_HowManyLeft_15_06","",""
"Scripts/Content/Story/Dialoge/DIA_SLD_808_Jarvis.d:389","Fester ist erledigt.","페스터는 끝장났다.","","False","DIA_Jarvis_HowManyLeft_15_07","",""
"Scripts/Content/Story/Dialoge/DIA_SLD_808_Jarvis.d:400","Und was Raoul betrifft ...","그리고 라오울에 대해서 말인데...","","False","DIA_Jarvis_HowManyLeft_15_08","",""
"Scripts/Content/Story/Dialoge/DIA_SLD_808_Jarvis.d:404","Ich war bei Raoul ...","라오울을 찾아갔었지...","","False","DIA_Jarvis_HowManyLeft_15_09","",""
"Scripts/Content/Story/Dialoge/DIA_SLD_808_Jarvis.d:407","Und?","그래서?","","False","DIA_Jarvis_HowManyLeft_04_10","",""
"Scripts/Content/Story/Dialoge/DIA_SLD_808_Jarvis.d:408","Er hatte die Schläge dringend nötig.","그 녀석은 좀 맞아야 정신을 차릴 놈이었어.","","False","DIA_Jarvis_HowManyLeft_15_11","",""
"Scripts/Content/Story/Dialoge/DIA_SLD_808_Jarvis.d:417","Du hast bis jetzt noch keinen von Sylvios Männern zu Boden geschickt.","너는 아직 실비오의 부하 중 아무도 쓰러뜨리지 않았어.","","False","DIA_Jarvis_HowManyLeft_04_12","",""
"Scripts/Content/Story/Dialoge/DIA_SLD_808_Jarvis.d:421","Gut - weiter so.","좋아—계속해.","","False","DIA_Jarvis_HowManyLeft_04_13","",""
"Scripts/Content/Story/Dialoge/DIA_SLD_808_Jarvis.d:424","Ich erwarte, dass du es mindestens drei von ihnen ordentlich zeigst.","최소한 그들 중 셋에게는 본때를 보여주길 바란다.","","False","DIA_Jarvis_HowManyLeft_04_14","",""
"Scripts/Content/Story/Dialoge/DIA_SLD_808_Jarvis.d:428","Das reicht, das reicht.","그 정도면 됐어, 충분해.","","False","DIA_Jarvis_HowManyLeft_04_15","",""
"Scripts/Content/Story/Dialoge/DIA_SLD_808_Jarvis.d:431","Du hast dir tatsächlich alle vorgeknöpft, was?","정말로 그 녀석들을 전부 손봐준 거야?","","False","DIA_Jarvis_HowManyLeft_04_16","",""
"Scripts/Content/Story/Dialoge/DIA_SLD_808_Jarvis.d:434","Ich bin beeindruckt - wenn Lee mich fragt, kann ich bedenkenlos für dich stimmen.","감동이야—리가 물어보면, 망설이지 않고 너를 지지하겠다고 하지.","","False","DIA_Jarvis_HowManyLeft_04_17","",""
"Scripts/Content/Story/Dialoge/DIA_SLD_808_Jarvis.d:462","Irgendwelche Neuigkeiten?","새로운 소식이라도 있나?","","False","DIA_Jarvis_PERM.description","",""
"Scripts/Content/Story/Dialoge/DIA_SLD_808_Jarvis.d:475","Irgendwelche Neuigkeiten?","새로운 소식이라도 있나?","","False","DIA_Jarvis_PERM_15_00","",""
"Scripts/Content/Story/Dialoge/DIA_SLD_808_Jarvis.d:484","Du bist jetzt einer von uns. Das ist gut.","너는 이제 우리 동료야. 아주 좋아.","","False","DIA_Jarvis_PERM_04_01","",""
"Scripts/Content/Story/Dialoge/DIA_SLD_808_Jarvis.d:488","Du hast die falsche Wahl getroffen, du hättest zu uns gehören können","너는 잘못된 선택을 했어, 우리와 함께할 수도 있었는데 말이야.","","False","DIA_Jarvis_PERM_04_02","",""
"Scripts/Content/Story/Dialoge/DIA_SLD_808_Jarvis.d:495","Sylvios Leute haben sich in letzter Zeit ziemlich zurückgehalten. (lacht dreckig)","요즘 실비오의 부하들이 꽤나 잠잠해졌단 말이지. (더러운 웃음)","","False","DIA_Jarvis_PERM_04_03","",""
"Scripts/Content/Story/Dialoge/DIA_SLD_808_Jarvis.d:503","Sylvio ist endlich abgezogen. Nachdem er von den Drachen gehört hat, ist er mit 'nem Teil seiner Jungs in die Minenkolonie aufgebrochen.","실비오가 드디어 떠났어. 용에 대한 소문을 듣고는 부하들 일부를 이끌고 광산 광야로 향했지.","","False","DIA_Jarvis_PERM_04_04","",""
"Scripts/Content/Story/Dialoge/DIA_SLD_808_Jarvis.d:504","Er war wohl der Meinung, da wäre mehr zu holen","거기에 먹을 게 더 많다고 생각한 모양이야.","","False","DIA_Jarvis_PERM_04_05","",""
"Scripts/Content/Story/Dialoge/DIA_SLD_808_Jarvis.d:509","Nichts, soweit alles ruhig. Bin gespannt, wie das alles hier ausgeht.","없어, 잠잠해. 이 모든 게 어떻게 끝날지 기대되는걸.","","False","DIA_Jarvis_PERM_04_06","",""
"Scripts/Content/Story/Dialoge/DIA_SLD_809_Bennet.d:50","Ich verkaufe keine Waffen. Das macht Khaled. Er ist bei Onar im Haus.","난 무기를 팔지 않아. 그건 칼레드가 하지. 그는 오나르의 저택에 있어.","","False","DIA_Bennet_HALLO_06_00","",""
"Scripts/Content/Story/Dialoge/DIA_SLD_809_Bennet.d:67","Wie sieht's mit dem Zubehör zum Schmieden aus?","대장장이 도구는 어떤가?","","False","DIA_Bennet_TRADE.description","",""
"Scripts/Content/Story/Dialoge/DIA_SLD_809_Bennet.d:80","Wie sieht's mit dem Zubehör zum Schmieden aus?","대장장이 도구는 어떤가?","","False","DIA_Bennet_TRADE_15_00","",""
"Scripts/Content/Story/Dialoge/DIA_SLD_809_Bennet.d:96","Was brauchst du?","무엇이 필요한가?","","False","DIA_Bennet_TRADE_06_01","",""
"Scripts/Content/Story/Dialoge/DIA_SLD_809_Bennet.d:115","Was für Waffen stellst du her?","어떤 무기들을 만드나?","","False","DIA_Bennet_WhichWeapons.description","",""
"Scripts/Content/Story/Dialoge/DIA_SLD_809_Bennet.d:129","Was für Waffen stellst du her?","어떤 무기들을 만드나?","","False","DIA_Bennet_WhichWeapons_15_00","",""
"Scripts/Content/Story/Dialoge/DIA_SLD_809_Bennet.d:130","Zurzeit größtenteils einfache Schwerter.","요즘은 대개 평범한 검을 만들지.","","False","DIA_Bennet_WhichWeapons_06_01","",""
"Scripts/Content/Story/Dialoge/DIA_SLD_809_Bennet.d:131","Aber wenn ich magisches Erz hätte, könnte ich Waffen schmieden, die besser sind, als alle vergleichbaren Waffen aus normalem Stahl.","하지만 마법 광석이 있다면, 일반 강철로 만든 어떤 무기보다도 뛰어난 무기를 만들어낼 수 있을 텐데.","","False","DIA_Bennet_WhichWeapons_06_02","",""
"Scripts/Content/Story/Dialoge/DIA_SLD_809_Bennet.d:132","Du weißt nicht zufällig, wo man hier in der Gegend welches findet? (lacht) Außer im Minental, meine ich.","혹시 이 근처에서 그런 걸 어디서 구할 수 있는지 아나? (웃음) 물론 광산 광야 말고 말이야.","","False","DIA_Bennet_WhichWeapons_06_03","",""
"Scripts/Content/Story/Dialoge/DIA_SLD_809_Bennet.d:133","Nein.","아니.","","False","DIA_Bennet_WhichWeapons_15_04","",""
"Scripts/Content/Story/Dialoge/DIA_SLD_809_Bennet.d:134","Natürlich nicht.","당연히 모르겠지.","","False","DIA_Bennet_WhichWeapons_06_05","",""
"Scripts/Content/Story/Dialoge/DIA_SLD_809_Bennet.d:146","Gehörst du zu den Bauern oder zu den Söldnern?","농부 소속인가, 아니면 용병 소속인가?","","False","DIA_Bennet_BauOrSld.description","",""
"Scripts/Content/Story/Dialoge/DIA_SLD_809_Bennet.d:156","Gehörst du zu den Bauern oder zu den Söldnern?","농부 소속인가, 아니면 용병 소속인가?","","False","DIA_Bennet_BauOrSld_15_00","",""
"Scripts/Content/Story/Dialoge/DIA_SLD_809_Bennet.d:157","Du willst mich doch verarschen, oder nicht?","나를 놀리는 거 아니겠지?","","False","DIA_Bennet_BauOrSld_06_01","",""
"Scripts/Content/Story/Dialoge/DIA_SLD_809_Bennet.d:158","Ich war nur neugierig.","그냥 호기심에서 물어본 거야.","","False","DIA_Bennet_BauOrSld_15_02","",""
"Scripts/Content/Story/Dialoge/DIA_SLD_809_Bennet.d:159","Schon mal 'nen Bauern gesehen, der Waffenschmied ist?","무기 대장장이인 농부 본 적 있어?","","False","DIA_Bennet_BauOrSld_06_03","",""
"Scripts/Content/Story/Dialoge/DIA_SLD_809_Bennet.d:160","Nein.","아니.","","False","DIA_Bennet_BauOrSld_15_04","",""
"Scripts/Content/Story/Dialoge/DIA_SLD_809_Bennet.d:161","Was fragst du dann so dämlich?","그럼 왜 그딴 멍청한 질문을 하는 거야?","","False","DIA_Bennet_BauOrSld_06_05","",""
"Scripts/Content/Story/Dialoge/DIA_SLD_809_Bennet.d:174","Ich will mich den Söldnern anschließen!","용병들에 합류하고 싶다!","","False","DIA_Bennet_WannaJoin.description","",""
"Scripts/Content/Story/Dialoge/DIA_SLD_809_Bennet.d:188","Ich will mich den Söldnern anschließen!","난 용병들에 합류하고 싶어!","","False","DIA_Bennet_WannaJoin_15_00","",""
"Scripts/Content/Story/Dialoge/DIA_SLD_809_Bennet.d:189","Dann quatsch nicht, sondern geh zu Torlof und lass dich auf die Probe stellen.","그럼 헛소리 말고 토를로프에게 가서 시험을 치르도록 해.","","False","DIA_Bennet_WannaJoin_06_01","",""
"Scripts/Content/Story/Dialoge/DIA_SLD_809_Bennet.d:193","Ich habe die Probe bestanden.","시험을 통과했다.","","False","DIA_Bennet_WannaJoin_15_02","",""
"Scripts/Content/Story/Dialoge/DIA_SLD_809_Bennet.d:194","Gut, dann werde ich für dich stimmen.","좋아, 그럼 너를 지지해 주지.","","False","DIA_Bennet_WannaJoin_06_03","",""
"Scripts/Content/Story/Dialoge/DIA_SLD_809_Bennet.d:208","Kannst du mir beibringen, ein Schwert zu schmieden?","검 만드는 법을 가르쳐 줄 수 있나?","","False","DIA_Bennet_WannaSmith.description","",""
"Scripts/Content/Story/Dialoge/DIA_SLD_809_Bennet.d:223","Kannst du mir beibringen, ein Schwert zu schmieden?","검 만드는 법을 가르쳐 줄 수 있나?","","False","DIA_Bennet_WannaSmith_15_00","",""
"Scripts/Content/Story/Dialoge/DIA_SLD_809_Bennet.d:224","Klar.","물론이지.","","False","DIA_Bennet_WannaSmith_06_01","",""
"Scripts/Content/Story/Dialoge/DIA_SLD_809_Bennet.d:225","Das kostet aber 'ne Kleinigkeit. Sagen wir 30 Goldstücke.","하지만 비용이 좀 든다. 30 골드라고 해두지.","","False","DIA_Bennet_WannaSmith_06_02","",""
"Scripts/Content/Story/Dialoge/DIA_SLD_809_Bennet.d:228","Später vielleicht.","나중에 하지.","","False","DIA_Bennet_WannaSmith_Info.DIA_Bennet_WannaSmith.DIA_Bennet_WannaSmith_Later","Info_AddChoice",""
"Scripts/Content/Story/Dialoge/DIA_SLD_809_Bennet.d:229","Gut - hier hast du 30.","좋아—여기 30가 있다.","","False","DIA_Bennet_WannaSmith_Info.DIA_Bennet_WannaSmith.DIA_Bennet_WannaSmith_Pay","Info_AddChoice",""
"Scripts/Content/Story/Dialoge/DIA_SLD_809_Bennet.d:234","Gut - hier hast du 30.","좋아—여기 30가 있다.","","False","DIA_Bennet_WannaSmith_Pay_15_00","",""
"Scripts/Content/Story/Dialoge/DIA_SLD_809_Bennet.d:238","Und das war noch verdammt günstig! Wir können anfangen, sobald du so weit bist.","그리고 이건 엄청 싸게 해준 거라고! 준비가 되는 대로 시작하지.","","False","DIA_Bennet_WannaSmith_Pay_06_01","",""
"Scripts/Content/Story/Dialoge/DIA_SLD_809_Bennet.d:246","Verarsch mich nicht. 30 und keine Münze weniger.","나를 호구로 보지 마. 30이며 동전 하나도 깎아줄 수 없어.","","False","DIA_Bennet_WannaSmith_Pay_06_02","",""
"Scripts/Content/Story/Dialoge/DIA_SLD_809_Bennet.d:254","Später vielleicht.","나중에 하지.","","False","DIA_Bennet_WannaSmith_Later_15_00","",""
"Scripts/Content/Story/Dialoge/DIA_SLD_809_Bennet.d:283","Bring mir bei, wie man ein Schwert schmiedet!","검을 단련하는 법을 가르쳐 줘!","","False","DIA_Bennet_TeachCOMMON_15_00","",""
"Scripts/Content/Story/Dialoge/DIA_SLD_809_Bennet.d:287","Ganz einfach: Besorge dir ein Stück Rohstahl, halte es ins Feuer, bis es glüht.","아주 간단해. 철 조각을 구해서 불에 달궈, 빨갛게 달아오를 때까지 말이야.","","False","DIA_Bennet_TeachCOMMON_06_01","",""
"Scripts/Content/Story/Dialoge/DIA_SLD_809_Bennet.d:288","Dann schlägst du am Amboss die Klinge zurecht.","그런 다음 모루 위에서 망치로 쳐서 칼날의 모양을 잡는 거야.","","False","DIA_Bennet_TeachCOMMON_06_02","",""
"Scripts/Content/Story/Dialoge/DIA_SLD_809_Bennet.d:289","Achte vor allem darauf, dass die Klinge nicht zu kalt wird. Du hast immer nur wenige Minuten Zeit, an deiner Waffe zu arbeiten ...","무엇보다 칼날이 너무 식지 않도록 주의해야 해. 무기를 손볼 수 있는 시간은 항상 몇 분밖에 없거든...","","False","DIA_Bennet_TeachCOMMON_06_03","",""
"Scripts/Content/Story/Dialoge/DIA_SLD_809_Bennet.d:290","Den Rest findest du schon raus - reine Übungssache.","나머지는 스스로 알아내도록 해—완전히 연습에 달렸으니까.","","False","DIA_Bennet_TeachCOMMON_06_04","",""
"Scripts/Content/Story/Dialoge/DIA_SLD_809_Bennet.d:304","Bring mir bei, wie man magische Erzwaffen schmiedet!","마법 광석 무기를 만드는 법을 가르쳐 줘!","","False","DIA_Bennet_WannaSmithORE.description","",""
"Scripts/Content/Story/Dialoge/DIA_SLD_809_Bennet.d:318","Bring mir bei, wie man magische Erzwaffen schmiedet!","마법 광석 무기를 만드는 법을 가르쳐 줘!","","False","DIA_Bennet_WannaSmithORE_15_00","",""
"Scripts/Content/Story/Dialoge/DIA_SLD_809_Bennet.d:322","Du kennst dich doch nicht mal mit den Grundlagen aus.","너는 아직 기본기도 갖추지 않았잖아.","","False","DIA_Bennet_WannaSmithORE_06_01","",""
"Scripts/Content/Story/Dialoge/DIA_SLD_809_Bennet.d:323","Lerne erstmal, ein ordentliches Schwert zu schmieden. Dann sehen wir weiter.","먼저 제대로 된 검을 만드는 법부터 배워. 그러고 나서 생각해보자고.","","False","DIA_Bennet_WannaSmithORE_06_02","",""
"Scripts/Content/Story/Dialoge/DIA_SLD_809_Bennet.d:328","Solange du keiner von uns bist, werd ich den Teufel tun, dir das Geheimnis der Erzwaffen zu verraten.","네가 우리 동료가 되기 전까지는, 내 목이 날아간대도 광석 무기의 비밀을 누설하지 않을 거야.","","False","DIA_Bennet_WannaSmithORE_06_03","",""
"Scripts/Content/Story/Dialoge/DIA_SLD_809_Bennet.d:329","Es gibt nur sehr wenige Schmiede, die es kennen, und ich glaube, nicht mal die Schmiede in der Stadt kennen es.","그 비밀을 아는 대장장이는 아주 드물고, 도시의 대장장조차도 모를 거라고 생각하거든.","","False","DIA_Bennet_WannaSmithORE_06_04","",""
"Scripts/Content/Story/Dialoge/DIA_SLD_809_Bennet.d:330","Und das ist auch gut so. Sonst rennen demnächst die versoffenen Stadtwachen alle mit Erzschwertern rum.","그리고 그게 당연하지. 안 그랬으면 술고래 도시 경비병 녀석들이 당장이라도 광석 검을 휘두르며 돌아다녔을 테니까.","","False","DIA_Bennet_WannaSmithORE_06_05","",""
"Scripts/Content/Story/Dialoge/DIA_SLD_809_Bennet.d:333","Ging nicht gegen dich. (grinst) Du scheinst okay zu sein.","악의는 없어. (씩 웃음) 너도 꽤 괜찮은 녀석 같으니 말이야.","","False","DIA_Bennet_WannaSmithORE_06_06","",""
"Scripts/Content/Story/Dialoge/DIA_SLD_809_Bennet.d:338","Wenn ich magisches Erz hätte, würde ich das vielleicht sogar tun.","내게 마법 광석이 있다면, 정말 그렇게 해줄지도 모르지.","","False","DIA_Bennet_WannaSmithORE_06_07","",""
"Scripts/Content/Story/Dialoge/DIA_SLD_809_Bennet.d:339","Ach komm - ich gehöre zu den Söldnern und ich kann schmieden - was denn noch?","이봐—난 용병이고 대장질도 할 수 있는데, 더 뭐가 필요하다는 거야?","","False","DIA_Bennet_WannaSmithORE_15_08","",""
"Scripts/Content/Story/Dialoge/DIA_SLD_809_Bennet.d:340","Kannst du mir mal verraten, wie du eine magische Erzwaffe ohne magisches Erz schmieden willst?","마법 광석도 없이 어떻게 마법 광석 무기를 만들겠다는 건지 어디 한번 말해볼래?","","False","DIA_Bennet_WannaSmithORE_06_09","",""
"Scripts/Content/Story/Dialoge/DIA_SLD_809_Bennet.d:341","Tja ...","그래...","","False","DIA_Bennet_WannaSmithORE_15_10","",""
"Scripts/Content/Story/Dialoge/DIA_SLD_809_Bennet.d:342","Dachte ich mir. Ich brauche mindestens 5 Brocken Erz - sonst kannst du's vergessen.","그럴 줄 알았어. 최소 5개의 광석 덩어리가 필요해. 그게 안 된다면 오블리비언이야.","","False","DIA_Bennet_WannaSmithORE_06_11","",""
"Scripts/Content/Story/Dialoge/DIA_SLD_809_Bennet.d:350","Gut, du hast mir das Erz gebracht und ein ordentliches Schwert schmieden kannst du auch.","좋아, 내게 광석을 가져다주었으니 제대로 된 검을 제련할 수도 있겠지.","","False","DIA_Bennet_WannaSmithORE_06_12","",""
"Scripts/Content/Story/Dialoge/DIA_SLD_809_Bennet.d:351","Na dann leg mal los ...","자, 그럼 시작해 볼까...","","False","DIA_Bennet_WannaSmithORE_15_13","",""
"Scripts/Content/Story/Dialoge/DIA_SLD_809_Bennet.d:352","Also, das Wichtigste ist: Es ist völlig egal, ob deine Waffe aus reinem Erz ist oder ob du eine einfache Stahlklinge mit einer Schicht aus Erz überziehst. Es kommt nur auf die Oberfläche an.","자, 가장 중요한 건 이거야. 무기가 통째로 순수한 마법 광석으로 만들어졌든, 아니면 단순한 강철 칼날에 마법 광석 층을 입혔든 상관없다는 거지. 중요한 건 오직 표면뿐이야.","","False","DIA_Bennet_WannaSmithORE_06_14","",""
"Scripts/Content/Story/Dialoge/DIA_SLD_809_Bennet.d:353","Und weil das verdammte Zeug so teuer ist, nimmst du dir einen Stahlrohling und ein paar Brocken Erz.","그 저주받을 물건이 워낙 비싸니까, 강철 주괴 하나와 마법 광석 덩어리 몇 개를 잡으면 돼.","","False","DIA_Bennet_WannaSmithORE_06_15","",""
"Scripts/Content/Story/Dialoge/DIA_SLD_809_Bennet.d:354","Es reicht natürlich nicht, einfach ein fertiges Schwert mit Erz zu überziehen. Du musst die Waffe schon selber schmieden.","물론 완성된 검에 마법 광석을 대충 덧씌우는 것만으로는 부족해. 네가 직접 무기를 제련해야 하거든.","","False","DIA_Bennet_WannaSmithORE_06_16","",""
"Scripts/Content/Story/Dialoge/DIA_SLD_809_Bennet.d:355","Alles weitere hängt von der Waffe ab, die du herstellen willst.","나머지는 네가 만들고 싶은 무기에 따라 달라지지.","","False","DIA_Bennet_WannaSmithORE_06_17","",""
"Scripts/Content/Story/Dialoge/DIA_SLD_809_Bennet.d:369","Wo bekomme ich magisches Erz her?","마법 광석은 어디서 구해야 하지?","","False","DIA_Bennet_WhereOre.description","",""
"Scripts/Content/Story/Dialoge/DIA_SLD_809_Bennet.d:383","Wo bekomme ich magisches Erz her?","마법 광석은 어디서 구해야 하지?","","False","DIA_Bennet_WhereOre_15_00","",""
"Scripts/Content/Story/Dialoge/DIA_SLD_809_Bennet.d:384","Tja, wenn ich das wüsste. Es gibt sicher was in der Minenkolonie.","글쎄, 내가 알면 좋겠군. 마인 광산 영지 안에는 분명히 좀 있을 거야.","","False","DIA_Bennet_WhereOre_06_01","",""
"Scripts/Content/Story/Dialoge/DIA_SLD_809_Bennet.d:385","Aber vielleicht hast du Glück und es gibt hier noch irgendwo ein paar Brocken, die du zusammenkratzen kannst.","하지만 운이 좋다면, 여기저기 긁어모을 수 있는 광석 덩어리가 어딘가에 남아있을지도 모르지.","","False","DIA_Bennet_WhereOre_06_02","",""
"Scripts/Content/Story/Dialoge/DIA_SLD_809_Bennet.d:386","Ich glaube, in den Bergen südlich von hier gibt es Minenstollen. Vielleicht hast du da Glück.","여기 남쪽 산속에 광산 갱도가 있는 것 같아. 거기서 행운을 시험해 보라고.","","False","DIA_Bennet_WhereOre_06_03","",""
"Scripts/Content/Story/Dialoge/DIA_SLD_809_Bennet.d:387","Aber pass auf, ich hab gehört, da oben wimmelt es von Banditen.","하지만 조심해, 저 위에는 산적들이 들끓는다고 하니까.","","False","DIA_Bennet_WhereOre_06_04","",""
"Scripts/Content/Story/Dialoge/DIA_SLD_809_Bennet.d:399","Hier sind die 5 Erzbrocken.","5개의 마법 광석 덩어리를 가져왔어.","","False","DIA_Bennet_BringOre.description","",""
"Scripts/Content/Story/Dialoge/DIA_SLD_809_Bennet.d:413","Hier sind die 5 Erzbrocken.","5개의 마법 광석 덩어리를 가져왔어.","","False","DIA_Bennet_BringOre_15_00","",""
"Scripts/Content/Story/Dialoge/DIA_SLD_809_Bennet.d:414","(lacht) Zeig her!","(웃음) 어디 보자!","","False","DIA_Bennet_BringOre_06_01","",""
"Scripts/Content/Story/Dialoge/DIA_SLD_809_Bennet.d:416","Tatsächlich! Ich werd verrückt!","정말이잖아! 미치겠군!","","False","DIA_Bennet_BringOre_06_02","",""
"Scripts/Content/Story/Dialoge/DIA_SLD_809_Bennet.d:417","Zwei von den Dingern kannst du behalten. Du wirst sie brauchen, wenn du dir deine eigene Waffe schmieden willst.","이것들 중 두 개는 네가 가져도 좋아. 네 무기를 직접 제련하려면 그것들이 필요할 테니까.","","False","DIA_Bennet_BringOre_06_03","",""
"Scripts/Content/Story/Dialoge/DIA_SLD_809_Bennet.d:433","Nein, noch nicht. Komm später wieder.","아니, 아직 안 됐어. 나중에 다시 와.","","False","DIA_Bennet_GetInnosEye_06_04","",""
"Scripts/Content/Story/Dialoge/DIA_SLD_809_Bennet.d:442","Ich will mehr über das Schmieden von magischen Erzwaffen wissen.","마법 무기 제련에 대해 더 알고 싶어.","","False","DIA_Bennet_TeachSmith.description","",""
"Scripts/Content/Story/Dialoge/DIA_SLD_809_Bennet.d:456","Ich will mehr über das Schmieden von magischen Erzwaffen wissen.","마법 무기 제련에 대해 더 알고 싶어.","","False","DIA_Bennet_TeachSmith_15_00","",""
"Scripts/Content/Story/Dialoge/DIA_SLD_809_Bennet.d:465","Ich kann dir beibringen, wie man Erzschwerter oder sogar Zweihänder schmiedet.","광석 검이나 양손 무기를 제련하는 법을 가르쳐 줄 수 있어.","","False","DIA_Bennet_TeachSmith_06_01","",""
"Scripts/Content/Story/Dialoge/DIA_SLD_809_Bennet.d:472","Ich habe meine Technik verbessert. Ich kann dir jetzt beibringen, wie du Bastardschwerter oder schwere Zweihänder mit Erz herstellst.","내 기술이 더 발전했어. 이제 광석으로 바스타드 소드나 무거운 양손 무기를 만드는 법을 가르쳐 줄 수 있지.","","False","DIA_Bennet_TeachSmith_06_02","",""
"Scripts/Content/Story/Dialoge/DIA_SLD_809_Bennet.d:479","Ich glaube, jetzt habe ich mich selbst übertroffen. Ich habe zwei Schlachtklingen entworfen. Das ist das Beste, was ich bisher gesehen habe.","이번에는 나 자신을 뛰어넘은 것 같아. 전투용 칼날 두 개를 설계했거든. 내가 본 것 중 최고야.","","False","DIA_Bennet_TeachSmith_06_03","",""
"Scripts/Content/Story/Dialoge/DIA_SLD_809_Bennet.d:485","Hör zu. Ich glaube ich hatte gerade eine geniale Idee. Erzwaffen mit Drachenblut überzogen. Ich weiß auch schon genau, wie ich's mache!","들어봐. 방금 기막힌 아이디어가 떠올랐어. 드래곤의 피를 입힌 마법 무기 말이야. 어떻게 해야 할지도 정확히 알고 있어!","","False","DIA_Bennet_TeachSmith_06_04","",""
"Scripts/Content/Story/Dialoge/DIA_SLD_809_Bennet.d:486","(grinst) Willst du's wissen?","(씩 웃음) 알고 싶나?","","False","DIA_Bennet_TeachSmith_06_05","",""
"Scripts/Content/Story/Dialoge/DIA_SLD_809_Bennet.d:491","Welche Waffe willst du herstellen?","어떤 무기를 만들고 싶나?","","False","DIA_Bennet_TeachSmith_06_06","",""
"Scripts/Content/Story/Dialoge/DIA_SLD_809_Bennet.d:637","Was machst du hier im Knast?","여기 감방에는 어쩐 일로 갇힌 거지?","","False","DIA_Bennet_WhyPrison.description","",""
"Scripts/Content/Story/Dialoge/DIA_SLD_809_Bennet.d:651","Was machst du hier im Knast?","여기 감방에는 어쩐 일로 갇힌 거지?","","False","DIA_Bennet_WhyPrison_15_00","",""
"Scripts/Content/Story/Dialoge/DIA_SLD_809_Bennet.d:652","Die Schweine haben mich eingelocht. Ich soll einen Paladin ermordet haben.","그 인간들이 날 여기에 처넣었어. 팔라딘을 살해했다는 거야.","","False","DIA_Bennet_WhyPrison_06_01","",""
"Scripts/Content/Story/Dialoge/DIA_SLD_809_Bennet.d:653","Aber ich war es nicht, die wollen mir das in die Schuhe schieben.","하지만 난 죽이지 않았어. 그 자들이 나한테 누명을 씌우려는 거라고.","","False","DIA_Bennet_WhyPrison_06_02","",""
"Scripts/Content/Story/Dialoge/DIA_SLD_809_Bennet.d:654","Wieso sollten sie das tun?","그들이 왜 그런 짓을 하지?","","False","DIA_Bennet_WhyPrison_15_03","",""
"Scripts/Content/Story/Dialoge/DIA_SLD_809_Bennet.d:655","Das weiß ich doch nicht. Du musst mich hier raus holen.","내가 그걸 어떻게 알겠어. 여기서 당장 날 꺼내줘.","","False","DIA_Bennet_WhyPrison_06_04","",""
"Scripts/Content/Story/Dialoge/DIA_SLD_809_Bennet.d:656","Rede mit Lord Hagen, reiß die Wand ein, egal, mach irgendwas.","헤이건 경과 얘기하든, 벽을 부수든 상관없어. 뭐든 하라고.","","False","DIA_Bennet_WhyPrison_06_05","",""
"Scripts/Content/Story/Dialoge/DIA_SLD_809_Bennet.d:673","Was ist passiert?","무슨 일이지?","","False","DIA_Bennet_WhatHappened.description","",""
"Scripts/Content/Story/Dialoge/DIA_SLD_809_Bennet.d:687","Was ist passiert?","무슨 일이지?","","False","DIA_Bennet_WhatHappened_15_00","",""
"Scripts/Content/Story/Dialoge/DIA_SLD_809_Bennet.d:688","Ich war mit Hodges zusammen in der Stadt, um Vorräte für unsere Jungs einzukaufen.","우리 동료들을 위해 보급품을 사러 호지스와 함께 시내에 갔었어.","","False","DIA_Bennet_WhatHappened_06_01","",""
"Scripts/Content/Story/Dialoge/DIA_SLD_809_Bennet.d:689","Plötzlich hören wir einen lauten Schrei und Fußgetrappel.","갑자기 큰 비명 소리와 함께 발소리가 들리더군.","","False","DIA_Bennet_WhatHappened_06_02","",""
"Scripts/Content/Story/Dialoge/DIA_SLD_809_Bennet.d:690","Komm zum Punkt.","본론만 말해.","","False","DIA_Bennet_WhatHappened_15_03","",""
"Scripts/Content/Story/Dialoge/DIA_SLD_809_Bennet.d:691","Jaja, also wir wussten sofort, da ist was passiert und wenn die uns hier sehen, werden wir sofort eingelocht.","그래그래, 그러니까 우리는 무언가 심상치 않은 일이 벌어졌고, 그들이 우리를 발견하면 당장 감방에 처넣을 거라는 걸 직감했지.","","False","DIA_Bennet_WhatHappened_06_04","",""
"Scripts/Content/Story/Dialoge/DIA_SLD_809_Bennet.d:692","Wir sind gerannt wie die Teufel. Und kurz vor dem Stadttor bin ich umgeknickt und habe mir den Knöchel verstaucht.","우린 미친 듯이 달렸어. 그러다 성문 바로 앞에서 발을 헛디뎌서 발목을 삐고 말았지.","","False","DIA_Bennet_WhatHappened_06_05","",""
"Scripts/Content/Story/Dialoge/DIA_SLD_809_Bennet.d:693","Der Rest ist schnell erzählt. Die Miliz war sofort da und hat mich direkt in dieses Loch gesteckt.","나머지 이야기는 뻔해. 민병대가 곧바로 들이닥치더니 날 이 구덩이에 처넣어 버렸어.","","False","DIA_Bennet_WhatHappened_06_06","",""
"Scripts/Content/Story/Dialoge/DIA_SLD_809_Bennet.d:705","Wer ist ermordet worden?","살해당한 사람이 누구지?","","False","DIA_Bennet_Victim.description","",""
"Scripts/Content/Story/Dialoge/DIA_SLD_809_Bennet.d:719","Wer ist ermordet worden?","살해당한 사람이 누구지?","","False","DIA_Bennet_Victim_15_00","",""
"Scripts/Content/Story/Dialoge/DIA_SLD_809_Bennet.d:720","Was weiß ich, einer der Paladine, ich kenne die nicht.","내가 알 게 뭐야. 팔라딘 중 한 명이겠지, 난 그들을 몰라.","","False","DIA_Bennet_Victim_06_01","",""
"Scripts/Content/Story/Dialoge/DIA_SLD_809_Bennet.d:721","Hast du einen Namen?","이름이라도 아나?","","False","DIA_Bennet_Victim_15_02","",""
"Scripts/Content/Story/Dialoge/DIA_SLD_809_Bennet.d:722","Lothar, oder so. Keine Ahnung, ich bin mir aber auch nicht sicher.","로타르인가 뭐라나. 모르겠어, 확실하지도 않아.","","False","DIA_Bennet_Victim_06_03","",""
"Scripts/Content/Story/Dialoge/DIA_SLD_809_Bennet.d:723","Frag am besten Lord Hagen, der kennt alle Einzelheiten.","헤이건 경에게 물어보는 게 좋을 거야. 그가 모든 세세한 사항을 알고 있으니까.","","False","DIA_Bennet_Victim_06_04","",""
"Scripts/Content/Story/Dialoge/DIA_SLD_809_Bennet.d:737","Haben sie Beweise gegen dich?","그들이 너에 대한 증거를 가지고 있나?","","False","DIA_Bennet_Evidence.description","",""
"Scripts/Content/Story/Dialoge/DIA_SLD_809_Bennet.d:751","Haben sie Beweise gegen dich?","그들이 너에 대한 증거를 가지고 있나?","","False","DIA_Bennet_Evidence_15_00","",""
"Scripts/Content/Story/Dialoge/DIA_SLD_809_Bennet.d:752","Sie sagen, sie haben einen Zeugen, der mich erkannt hat.","나를 알아본 목격자가 있다고 하더군.","","False","DIA_Bennet_Evidence_06_01","",""
"Scripts/Content/Story/Dialoge/DIA_SLD_809_Bennet.d:753","Weißt du, wer der Zeuge ist?","그 목격자가 누군지 아나?","","False","DIA_Bennet_Evidence_15_02","",""
"Scripts/Content/Story/Dialoge/DIA_SLD_809_Bennet.d:754","Nein. Ich weiß nur, dass er lügt.","아니. 내가 아는 건 그 자가 거짓말을 하고 있다는 것뿐이야.","","False","DIA_Bennet_Evidence_06_03","",""
"Scripts/Content/Story/Dialoge/DIA_SLD_809_Bennet.d:770","Wer führt die Untersuchungen durch?","조사는 누가 지휘하고 있지?","","False","DIA_Bennet_Investigation.description","",""
"Scripts/Content/Story/Dialoge/DIA_SLD_809_Bennet.d:784","Wer führt die Untersuchungen durch?","조사는 누가 지휘하고 있지?","","False","DIA_Bennet_Investigation_15_00","",""
"Scripts/Content/Story/Dialoge/DIA_SLD_809_Bennet.d:785","Lord Hagen selbst. Da der Ermordete ein Paladin ist, fällt der Fall unter das Kriegsrecht.","헤이건 경 본인이야. 살해당한 사람이 팔라딘이라 이 사건은 계엄령이 적용되거든.","","False","DIA_Bennet_Investigation_06_01","",""
"Scripts/Content/Story/Dialoge/DIA_SLD_809_Bennet.d:786","Was heißt das?","그게 무슨 뜻이지?","","False","DIA_Bennet_Investigation_15_02","",""
"Scripts/Content/Story/Dialoge/DIA_SLD_809_Bennet.d:787","Ganz einfach, wenn ich nicht rauskomme, werden die mich ohne viel Federlesens aufknüpfen.","간단히 말해서, 내가 여기서 빠져나가지 못하면 그 자들은 묻지도 따지지도 않고 날 매달아 버릴 거라는 소리지.","","False","DIA_Bennet_Investigation_06_03","",""
"Scripts/Content/Story/Dialoge/DIA_SLD_809_Bennet.d:788","Du musst mir helfen, sonst wird es einen Krieg geben. Lee wird das nicht auf sich beruhen lassen.","내게 도움을 줘야 해, 그렇지 않으면 전쟁이 일어날 거야. 리는 이 일을 그냥 넘기지 않을 거라고.","","False","DIA_Bennet_Investigation_06_04","",""
"Scripts/Content/Story/Dialoge/DIA_SLD_809_Bennet.d:789","Was das heißt, kannst du dir ja denken.","그게 무슨 뜻인지 너도 짐작할 수 있을 거야.","","False","DIA_Bennet_Investigation_06_05","",""
"Scripts/Content/Story/Dialoge/DIA_SLD_809_Bennet.d:820","Mann, ich hatte echt schon geglaubt, dass die mich hängen!","이거 원, 이러다 정말 목이 매달릴 줄 알았다니까!","","False","DIA_Bennet_ThankYou_06_00","",""
"Scripts/Content/Story/Dialoge/DIA_SLD_809_Bennet.d:821","Ist ja noch mal gut gegangen.","결국 잘 해결되었잖아.","","False","DIA_Bennet_ThankYou_15_01","",""
"Scripts/Content/Story/Dialoge/DIA_SLD_809_Bennet.d:822","Das kannste wissen. Du hättest mal das Gesicht von dem Soldaten sehen soll, als der mich rausgelassen hat.","말도 마. 나를 풀어줄 때 그 병사 표정을 봤어야 했는데.","","False","DIA_Bennet_ThankYou_06_02","",""
"Scripts/Content/Story/Dialoge/DIA_SLD_809_Bennet.d:823","(lacht) Der hatte sich vor Angst fast in die Hose gemacht.","(웃음) 공포에 질려 바지에 지리기 직전이더군.","","False","DIA_Bennet_ThankYou_06_03","",""
"Scripts/Content/Story/Dialoge/DIA_SLD_809_Bennet.d:824","Da fällt mir ein, ich hab was für dich!","그러고 보니, 너한테 줄 게 있어!","","False","DIA_Bennet_ThankYou_06_04","",""
"Scripts/Content/Story/Dialoge/DIA_SLD_809_Bennet.d:825","Was meinst du?","무슨 소리야?","","False","DIA_Bennet_ThankYou_15_05","",""
"Scripts/Content/Story/Dialoge/DIA_SLD_809_Bennet.d:826","(grinst) Ein Geschenk.","(씩 웃음) 선물이야.","","False","DIA_Bennet_ThankYou_06_06","",""
"Scripts/Content/Story/Dialoge/DIA_SLD_809_Bennet.d:838","Was für ein Geschenk?","어떤 선물이지?","","False","DIA_Bennet_Present.description","",""
"Scripts/Content/Story/Dialoge/DIA_SLD_809_Bennet.d:851","Was für ein Geschenk?","어떤 선물이지?","","False","DIA_Bennet_Present_15_00","",""
"Scripts/Content/Story/Dialoge/DIA_SLD_809_Bennet.d:853","Wir haben von den Drachen gehört, die im Tal sein sollen.","골짜기에 드래곤들이 나타났다는 소문을 들었어.","","False","DIA_Bennet_Present_06_01","",""
"Scripts/Content/Story/Dialoge/DIA_SLD_809_Bennet.d:854","Sie sind da!","정말로 거기에 있단 말이야!","","False","DIA_Bennet_Present_15_02","",""
"Scripts/Content/Story/Dialoge/DIA_SLD_809_Bennet.d:855","Schon gut, ich glaub dir ja.","알았어, 네 말마따나 믿을게.","","False","DIA_Bennet_Present_06_03","",""
"Scripts/Content/Story/Dialoge/DIA_SLD_809_Bennet.d:859","Jedenfalls haben ein paar von den Jungs beschlossen, auch ins Tal zu gehen.","아무튼 동료들 중 몇 명이 골짜기로 들어가기로 마음먹었어.","","False","DIA_Bennet_Present_06_04","",""
"Scripts/Content/Story/Dialoge/DIA_SLD_809_Bennet.d:860","(grinst) Die wollen da mal so richtig aufräumen.","(씩 웃음) 거기를 아주 싹 쓸어버리겠단 거지.","","False","DIA_Bennet_Present_06_05","",""
"Scripts/Content/Story/Dialoge/DIA_SLD_809_Bennet.d:861","Was hat das mit mir zu tun?","그게 나와 무슨 상관이지?","","False","DIA_Bennet_Present_15_06","",""
"Scripts/Content/Story/Dialoge/DIA_SLD_809_Bennet.d:862","(stolz) Ich habe eine neue Rüstung entwickelt. Eine Drachenjägerrüstung!","(자랑스럽게) 새로운 방어구를 개발했거든. 바로 드래곤 헌터 방어구야!","","False","DIA_Bennet_Present_06_07","",""
"Scripts/Content/Story/Dialoge/DIA_SLD_809_Bennet.d:863","Sie ist stabiler und leichter als herkömmliche Rüstungen.","기존 방어구보다 더 튼튼하고 가벼워.","","False","DIA_Bennet_Present_06_08","",""
"Scripts/Content/Story/Dialoge/DIA_SLD_809_Bennet.d:864","Da du mich gerettet hast, sollst du das erste Exemplar haben. Ich schenke sie dir!","네가 날 구해줬으니 첫 번째 시제품은 네가 가져야지. 공짜로 줄게!","","False","DIA_Bennet_Present_06_09","",""
"Scripts/Content/Story/Dialoge/DIA_SLD_809_Bennet.d:869","Ich hab mir gedacht, du willst dir den Spaß nicht entgehen lassen. Du solltest angemessen gerüstet sein, wenn du ins Tal gehst.","이 재미있는 일에 빠지고 싶지 않을 거라고 생각했지. 골짜기로 갈 거라면 제대로 된 장비를 갖춰야 할 테니까.","","False","DIA_Bennet_Present_06_10","",""
"Scripts/Content/Story/Dialoge/DIA_SLD_809_Bennet.d:870","Des weiteren bin ich Drachenschuppen interessiert. Echte Drachenschuppen. Ich werde dir einen guten Preis dafür machen.","게다가 나는 드래곤 비늘에 관심이 있어. 진짜 드래곤 비늘 말이야. 가져오면 좋은 값에 쳐주마.","","False","DIA_Bennet_Present_06_11","",""
"Scripts/Content/Story/Dialoge/DIA_SLD_809_Bennet.d:871","Wie viel bekomme ich pro Schuppe?","비늘당 얼마를 주지?","","False","DIA_Bennet_Present_15_12","",""
"Scripts/Content/Story/Dialoge/DIA_SLD_809_Bennet.d:876","Jedenfalls hab ich mir gedacht, dass du dich sicherlich bei der anstehenden Drachenjagd beteiligst.","어쨌든, 다가오는 드래곤 사냥에 네가 분명 참가할 거라고 생각했어.","","False","DIA_Bennet_Present_06_13","",""
"Scripts/Content/Story/Dialoge/DIA_SLD_809_Bennet.d:877","Und?","그래서?","","False","DIA_Bennet_Present_15_14","",""
"Scripts/Content/Story/Dialoge/DIA_SLD_809_Bennet.d:878","Ich hab hier ein Amulett, ich denke, du hast dafür eine bessere Verwendung als ich.","여기 부적이 하나 있어. 내게 있는 것보다 네가 더 유용하게 쓸 수 있을 거야.","","False","DIA_Bennet_Present_06_15","",""
"Scripts/Content/Story/Dialoge/DIA_SLD_809_Bennet.d:900","Ich habe ein paar Drachenschuppen für dich.","드래곤 비늘을 몇 개 가져왔어.","","False","DIA_Bennet_DragonScale.description","",""
"Scripts/Content/Story/Dialoge/DIA_SLD_809_Bennet.d:914","Ich habe ein paar Drachenschuppen für dich.","드래곤 비늘을 몇 개 가져왔어.","","False","DIA_Bennet_DragonScale_15_00","",""
"Scripts/Content/Story/Dialoge/DIA_SLD_809_Bennet.d:915","Echte Drachenschuppen!","진짜 드래곤 비늘이잖아!","","False","DIA_Bennet_DragonScale_06_01","",""
"Scripts/Content/Story/Dialoge/DIA_SLD_809_Bennet.d:916","Hier ist dein Gold!","여기 금이야!","","False","DIA_Bennet_DragonScale_06_02","",""
"Scripts/Content/Story/Dialoge/DIA_SLD_809_Bennet.d:926","So, das dürfte jetzt ausreichend sein. Wenn du willst, kann ich dir eine neue, verbesserte Rüstung verkaufen.","좋아, 이 정도면 충분할 거야. 원한다면 새롭고 향상된 방어구를 팔아줄 수도 있어.","","False","DIA_Bennet_DragonScale_06_03","",""
"Scripts/Content/Story/Dialoge/DIA_SLD_809_Bennet.d:946","Mittlere Drachenjägerrüstung: Schutz: Waffen 120, Pfeile 120. (12000 Gold)","중형 드래곤 헌터 방어구: 보호력: 무기 120, 화살 120. (12000 금)","","False","DIA_Bennet_DJG_ARMOR_M.description","",""
"Scripts/Content/Story/Dialoge/DIA_SLD_809_Bennet.d:961","Ich will die Rüstung kaufen.","그 방어구를 사고 싶어.","","False","DIA_Bennet_DJG_ARMOR_M_15_00","",""
"Scripts/Content/Story/Dialoge/DIA_SLD_809_Bennet.d:965","Sehr gut. Du wirst an ihr deine helle Freude haben.","아주 좋아. 마음에 쏙 들 거야.","","False","DIA_Bennet_DJG_ARMOR_M_06_01","",""
"Scripts/Content/Story/Dialoge/DIA_SLD_809_Bennet.d:966","Kann man bei dem Preis wohl auch erwarten.","이 정도 가격이면 당연히 그래야지.","","False","DIA_Bennet_DJG_ARMOR_M_15_02","",""
"Scripts/Content/Story/Dialoge/DIA_SLD_809_Bennet.d:967","Du wirst merken, sie ist jedes einzelne Goldstück wert.","그 돈이 아깝지 않을 만큼 제값을 할 거야.","","False","DIA_Bennet_DJG_ARMOR_M_06_03","",""
"Scripts/Content/Story/Dialoge/DIA_SLD_809_Bennet.d:977","Du hast nicht genug Gold.","금이 부족해.","","False","DIA_Bennet_DJG_ARMOR_M_06_04","",""
"Scripts/Content/Story/Dialoge/DIA_SLD_809_Bennet.d:990","Ich weiß, wie man die Rüstung noch verbessern kann. ","이 방어구를 더 개량하는 방법을 알고 있어. ","","False","DIA_Bennet_BetterArmor.description","",""
"Scripts/Content/Story/Dialoge/DIA_SLD_809_Bennet.d:1004","Ich weiß, wie man die Rüstung noch verbessern kann.","이 방어구를 더 개량하는 방법을 알고 있어.","","False","DIA_Bennet_BetterArmor_15_00","",""
"Scripts/Content/Story/Dialoge/DIA_SLD_809_Bennet.d:1005","(schmunzelt) Dann erzähl mal.","(혼자 미소 지으며) 그래, 말해봐.","","False","DIA_Bennet_BetterArmor_06_01","",""
"Scripts/Content/Story/Dialoge/DIA_SLD_809_Bennet.d:1006","Du kannst die Drachenschuppen mit magischem Erz überziehen.","드래곤 비늘에 마법 광석을 입히는 거야.","","False","DIA_Bennet_BetterArmor_15_02","",""
"Scripts/Content/Story/Dialoge/DIA_SLD_809_Bennet.d:1007","(lacht) Da bin ich selber auch schon drauf gekommen. Und du hast Recht.","(웃음) 그 생각은 나도 이미 해봤지. 네 말이 맞어.","","False","DIA_Bennet_BetterArmor_06_03","",""
"Scripts/Content/Story/Dialoge/DIA_SLD_809_Bennet.d:1008","Meine neuste Rüstung übertrifft alles bisher da gewesene. Sie ist leicht und stabil.","내 최신 방어구는 지금까지 존재했던 그 어떤 것보다 뛰어날걸. 가벼우면서도 튼튼하지.","","False","DIA_Bennet_BetterArmor_06_04","",""
"Scripts/Content/Story/Dialoge/DIA_SLD_809_Bennet.d:1009","Sie ist PERFEKT.","완벽 그 자체야.","","False","DIA_Bennet_BetterArmor_06_05","",""
"Scripts/Content/Story/Dialoge/DIA_SLD_809_Bennet.d:1010","Wenn du willst, kannst du sie kaufen. Das Angebot mache ich nicht jedem, und der Preis deckt auch nur die Herstellungskosten.","원한다면 살 수 있어. 아무한테나 하는 제안이 아니며, 가격도 딱 제작 비용만 받는 거라고.","","False","DIA_Bennet_BetterArmor_06_06","",""
"Scripts/Content/Story/Dialoge/DIA_SLD_809_Bennet.d:1027","Schwere Drachenjägerrüstung: Schutz: Waffen 150, Pfeile 150. (20000 Gold)","중장갑 드래곤 헌터 방어구: 보호력: 무기 150, 화살 150. (20000 금)","","False","DIA_Bennet_DJG_ARMOR_H.description","",""
"Scripts/Content/Story/Dialoge/DIA_SLD_809_Bennet.d:1042","Gib mir die Rüstung","그 방어구를 줘.","","False","DIA_Bennet_DJG_ARMOR_H_15_00","",""
"Scripts/Content/Story/Dialoge/DIA_SLD_809_Bennet.d:1046","Das ist die beste Rüstung, die ich je gemacht habe.","이건 내가 만든 방어구 중 최고야.","","False","DIA_Bennet_DJG_ARMOR_H_06_01","",""
"Scripts/Content/Story/Dialoge/DIA_SLD_809_Bennet.d:1047","Ein wahres Meisterstück.","진정한 걸작이지.","","False","DIA_Bennet_DJG_ARMOR_H_06_02","",""
"Scripts/Content/Story/Dialoge/DIA_SLD_809_Bennet.d:1057","Du hast nicht genug Gold.","금이 부족해.","","False","DIA_Bennet_DJG_ARMOR_H_06_03","",""
"Scripts/Content/Story/Dialoge/DIA_SLD_809_Bennet.d:1070","Kannst du Schmuckstücke reparieren?","보석을 수리할 수 있나?","","False","DIA_Bennet_RepairNecklace.description","",""
"Scripts/Content/Story/Dialoge/DIA_SLD_809_Bennet.d:1085","Kannst du Schmuckstücke reparieren?","보석을 수리할 수 있나?","","False","DIA_Bennet_RepairNecklace_15_00","",""
"Scripts/Content/Story/Dialoge/DIA_SLD_809_Bennet.d:1086","Kommt drauf an, ich müsste das Schmuckstück zunächst mal sehen.","경우에 따라 다르지, 일단 그 보석을 먼저 봐야겠어.","","False","DIA_Bennet_RepairNecklace_06_01","",""
"Scripts/Content/Story/Dialoge/DIA_SLD_809_Bennet.d:1090","Außerdem muss ich erstmal hier raus.","게다가 난 먼저 여기서 나가야 해.","","False","DIA_Bennet_RepairNecklace_06_02","",""
"Scripts/Content/Story/Dialoge/DIA_SLD_809_Bennet.d:1091","Bevor das nicht der Fall ist, kann ich überhaupt nichts machen.","그게 안 되면 아무것도 할 수 없다고.","","False","DIA_Bennet_RepairNecklace_06_03","",""
"Scripts/Content/Story/Dialoge/DIA_SLD_809_Bennet.d:1110","Kannst du dir dieses Amulett mal angucken?","이 부적 좀 살펴봐 줄 수 있어?","","False","DIA_Bennet_ShowInnosEye.description","",""
"Scripts/Content/Story/Dialoge/DIA_SLD_809_Bennet.d:1124","Kannst du dir dieses Amulett mal angucken?","이 부적 좀 살펴봐 줄 수 있어?","","False","DIA_Bennet_ShowInnosEye_15_00","",""
"Scripts/Content/Story/Dialoge/DIA_SLD_809_Bennet.d:1125","Klar, lass mal sehen.","좋아, 이리 줘봐.","","False","DIA_Bennet_ShowInnosEye_06_01","",""
"Scripts/Content/Story/Dialoge/DIA_SLD_809_Bennet.d:1126","Hmm, das ist eine sehr schöne Arbeit, die Fassung ist hinüber. Ich glaube, ich kann es wieder hinkriegen.","흠, 아주 훌륭한 솜씨인데, 테두리가 망가졌어. 고칠 수 있을 것 같군.","","False","DIA_Bennet_ShowInnosEye_06_02","",""
"Scripts/Content/Story/Dialoge/DIA_SLD_809_Bennet.d:1127","Wie lange brauchst du dafür?","얼마나 걸리지?","","False","DIA_Bennet_ShowInnosEye_15_03","",""
"Scripts/Content/Story/Dialoge/DIA_SLD_809_Bennet.d:1130","Zunächst einmal sitze ich hier fest. Oder siehst du hier 'ne Schmiede?","일단 난 여기에 갇혀 있잖아. 아니면 여기에 대장간이라도 있어 보여?","","False","DIA_Bennet_ShowInnosEye_06_04","",""
"Scripts/Content/Story/Dialoge/DIA_SLD_809_Bennet.d:1131","Wenn ich in meiner Schmiede bin, könnte ich das Ganze an einem Tag schaffen. Aber dafür muss ich erstmal hier raus.","내 대장간에 있다면 하루 만에 다 끝낼 수 있을 텐데. 물론 그러려면 먼저 여기서 나가야겠지만.","","False","DIA_Bennet_ShowInnosEye_06_05","",""
"Scripts/Content/Story/Dialoge/DIA_SLD_809_Bennet.d:1135","Wenn du es hierlässt und morgen wiederkommst, wird es fertig sein.","여기에 두고 내일 다시 오면 다 되어 있을 거야.","","False","DIA_Bennet_ShowInnosEye_06_06","",""
"Scripts/Content/Story/Dialoge/DIA_SLD_809_Bennet.d:1136","Ich werde dir noch nicht mal was dafür abknöpfen. Schließlich hast du mich aus dem Bau geholt.","비용은 받지 않을게. 네가 날 감옥에서 꺼내줬잖아.","","False","DIA_Bennet_ShowInnosEye_06_07","",""
"Scripts/Content/Story/Dialoge/DIA_SLD_809_Bennet.d:1153","Hier ist das Amulett, reparier es für mich.","부적이 여기 있어, 이걸 수리해 줘.","","False","DIA_Bennet_GiveInnosEye.description","",""
"Scripts/Content/Story/Dialoge/DIA_SLD_809_Bennet.d:1169","Hier ist das Amulett, reparier es für mich.","부적이 여기 있어, 이걸 수리해 줘.","","False","DIA_Bennet_GiveInnosEye_15_00","",""
"Scripts/Content/Story/Dialoge/DIA_SLD_809_Bennet.d:1170","Alles klar. Bis morgen werde ich die neue Fassung angepasst haben.","좋아. 내일까지 새 테두리를 맞추어 놓을게.","","False","DIA_Bennet_GiveInnosEye_06_01","",""
"Scripts/Content/Story/Dialoge/DIA_SLD_809_Bennet.d:1171","Du kannst es dir dann bei mir abholen.","나중에 찾아가면 돼.","","False","DIA_Bennet_GiveInnosEye_06_02","",""
"Scripts/Content/Story/Dialoge/DIA_SLD_809_Bennet.d:1189","Ist das Amulett fertig?","부적은 다 됐나?","","False","DIA_Bennet_GetInnosEye.description","",""
"Scripts/Content/Story/Dialoge/DIA_SLD_809_Bennet.d:1203","Ist das Amulett fertig?","부적은 다 됐나?","","False","DIA_Bennet_GetInnosEye_15_00","",""
"Scripts/Content/Story/Dialoge/DIA_SLD_809_Bennet.d:1207","Ja hier.","그래, 여기.","","False","DIA_Bennet_GetInnosEye_06_01","",""
"Scripts/Content/Story/Dialoge/DIA_SLD_809_Bennet.d:1213","Ich musste eine neue Fassung für den Stein fertigen.","돌을 넣을 새로운 테두리를 만들어야 했어.","","False","DIA_Bennet_GetInnosEye_06_02","",""
"Scripts/Content/Story/Dialoge/DIA_SLD_809_Bennet.d:1214","Ich hab die ganze Nacht daran gearbeitet und es ist wie neu.","밤새도록 작업해서 새것처럼 완벽해.","","False","DIA_Bennet_GetInnosEye_06_03","",""
"Scripts/Content/Story/Dialoge/DIA_SLD_809_Bennet.d:1226","Wenn du mich noch weiter von der Arbeit abhältst, wird es noch länger dauern.","계속 이렇게 작업에 방해하면 더 오래 걸릴 거야.","","False","DIA_Bennet_GetInnosEye_06_05","",""
"Scripts/Content/Story/Dialoge/DIA_SLD_809_Bennet.d:1276","Kannst du mit Dracheneiern etwas anfangen?","드래곤 알로 무얼 좀 만들 수 있나?","","False","DIA_Bennet_DRACHENEIER.description","",""
"Scripts/Content/Story/Dialoge/DIA_SLD_809_Bennet.d:1294","Kannst du mit Dracheneiern etwas anfangen?","드래곤 알로 무얼 좀 만들 수 있나?","","False","DIA_Bennet_DRACHENEIER_15_00","",""
"Scripts/Content/Story/Dialoge/DIA_SLD_809_Bennet.d:1297","Dracheneier? Wie zum Kuckuck bist du denn da dran gekommen?","드래곤 알이라고? 대체 그걸 어떻게 손에 넣은 거야?","","False","DIA_Bennet_DRACHENEIER_06_01","",""
"Scripts/Content/Story/Dialoge/DIA_SLD_809_Bennet.d:1298","Ich hab sie einigen Echsenmenschen abgenommen.","도마뱀 인간들에게서 빼앗았어.","","False","DIA_Bennet_DRACHENEIER_15_02","",""
"Scripts/Content/Story/Dialoge/DIA_SLD_809_Bennet.d:1299","Lass mal sehen.","어디 보자.","","False","DIA_Bennet_DRACHENEIER_06_03","",""
"Scripts/Content/Story/Dialoge/DIA_SLD_809_Bennet.d:1307","Mmh. Sehr robustes Material. Ideal zur Verarbeitung von Rüstungen. Das heißt, wenn man die Dinger aufkriegt.","음. 아주 튼튼한 재질이군. 방어구를 가공하는 데 이상적이겠어. 물론 그것들을 열 수만 있다면 말이지만.","","False","DIA_Bennet_DRACHENEIER_06_04","",""
"Scripts/Content/Story/Dialoge/DIA_SLD_809_Bennet.d:1308","Was ist nun? Willst du es haben?","어때? 살 테가?","","False","DIA_Bennet_DRACHENEIER_15_05","",""
"Scripts/Content/Story/Dialoge/DIA_SLD_809_Bennet.d:1309","Klar! Her damit.","물론이지! 이리 내.","","False","DIA_Bennet_DRACHENEIER_06_06","",""
"Scripts/Content/Story/Dialoge/DIA_SLD_809_Bennet.d:1313","Wie oft willst du mir das blöde Ding denn noch in die Hand drücken. Soll ich es jetzt kaufen oder nicht?","그 멍청한 물건을 내게 내미는 짓거리를 몇 번이나 더 할 셈이냐? 내가 사겠다는 거냐, 말겠다는 거냐?","","False","DIA_Bennet_DRACHENEIER_06_07","",""
"Scripts/Content/Story/Dialoge/DIA_SLD_809_Bennet.d:1316","Ich zahl dir dafür, mmh, sagen wir, 300 Goldmünzen, für jedes Ei, das du mir bringen kannst.","네가 가져오는 알마다 개당 300 금화씩 쳐주지.","","False","DIA_Bennet_DRACHENEIER_06_08","",""
"Scripts/Content/Story/Dialoge/DIA_SLD_809_Bennet.d:1319","Spar dir dein Geld. Ich denke, ich werd´s behalten.","금은 넣어둬. 그냥 내가 갖고 있을 테니까.","","False","DIA_Bennet_DRACHENEIER_Info.DIA_Bennet_DRACHENEIER.DIA_Bennet_DRACHENEIER_nein","Info_AddChoice",""
"Scripts/Content/Story/Dialoge/DIA_SLD_809_Bennet.d:1320","Das sind Dracheneier und nicht jämmeliche Hühnereier.","이건 시시한 닭알이 아니라 드래곤의 알이라고.","","False","DIA_Bennet_DRACHENEIER_Info.DIA_Bennet_DRACHENEIER.DIA_Bennet_DRACHENEIER_mehr","Info_AddChoice",""
"Scripts/Content/Story/Dialoge/DIA_SLD_809_Bennet.d:1321","Abgemacht.","좋았어, 거래다.","","False","DIA_Bennet_DRACHENEIER_Info.DIA_Bennet_DRACHENEIER.DIA_Bennet_DRACHENEIER_ok","Info_AddChoice",""
"Scripts/Content/Story/Dialoge/DIA_SLD_809_Bennet.d:1333","Abgemacht.","좋았어, 거래다.","","False","DIA_Bennet_DRACHENEIER_ok_15_00","",""
"Scripts/Content/Story/Dialoge/DIA_SLD_809_Bennet.d:1334","Alles klar.","좋아.","","False","DIA_Bennet_DRACHENEIER_ok_06_01","",""
"Scripts/Content/Story/Dialoge/DIA_SLD_809_Bennet.d:1335","Dann mal immer her mit den Dingern, wenn du welche hast.","보이는 대로 계속 가져오라고.","","False","DIA_Bennet_DRACHENEIER_ok_06_02","",""
"Scripts/Content/Story/Dialoge/DIA_SLD_809_Bennet.d:1345","Ähm. Du hast es Echsenmenschen abgenommen, sagst du?","음. 도마뱀 인간에게서 빼앗았다고 했지?","","False","DIA_Bennet_DRACHENEIER_ok_06_03","",""
"Scripts/Content/Story/Dialoge/DIA_SLD_809_Bennet.d:1346","Genau.","그래.","","False","DIA_Bennet_DRACHENEIER_ok_15_04","",""
"Scripts/Content/Story/Dialoge/DIA_SLD_809_Bennet.d:1347","Echsenmenschen hausen vornehmlich in Höhlen, soviel ich weiß.","내가 알기로 도마뱀 인간들은 주로 동굴에 서식해.","","False","DIA_Bennet_DRACHENEIER_ok_06_05","",""
"Scripts/Content/Story/Dialoge/DIA_SLD_809_Bennet.d:1348","Würde mich nicht wundern, wenn du in den Höhlen der Umgebung hier noch mehr von den Dingern findest.","이 근처 동굴들을 뒤져보면 그런 것들이 더 나와도 놀랍지 않을 거다.","","False","DIA_Bennet_DRACHENEIER_ok_06_06","",""
"Scripts/Content/Story/Dialoge/DIA_SLD_809_Bennet.d:1351","Hier. Ich gebe dir noch 'ne Karte mit. Damit du die Höhlen besser finden kannst.","여기, 지도를 하나 주마. 동굴을 찾는 데 도움이 될 거야.","","False","DIA_Bennet_DRACHENEIER_ok_06_07","",""
"Scripts/Content/Story/Dialoge/DIA_SLD_809_Bennet.d:1358","Besorg dir aber vorher noch eine Höhlenkarte von einem Kartenzeichner in der Stadt. Wäre doch schade, wenn du eine übersiehst.","하지만 그전에 마을의 지도 제작자에게서 동굴 지도를 구해두는 게 좋을 거다. 놓치는 곳이 있으면 아깝잖아.","","False","DIA_Bennet_DRACHENEIER_ok_06_08","",""
"Scripts/Content/Story/Dialoge/DIA_SLD_809_Bennet.d:1367","Das sind Dracheneier und nicht jämmerliche Hühnereier.","이건 시시한 닭알이 아니라 드래곤의 알이라고.","","False","DIA_Bennet_DRACHENEIER_mehr_15_00","",""
"Scripts/Content/Story/Dialoge/DIA_SLD_809_Bennet.d:1368","(genervt) Na schön. Dann eben 350. Aber mehr kann ich dir nicht geben. Dann lohnt es sich für mich nicht mehr.","(짜증 내며) 알았어. 그럼 350로 하지. 하지만 그 이상은 줄 수 없어. 그랬다간 나도 남는 게 없으니까.","","False","DIA_Bennet_DRACHENEIER_mehr_06_01","",""
"Scripts/Content/Story/Dialoge/DIA_SLD_809_Bennet.d:1374","Spar dir dein Gold. Ich denke, ich werd's behalten.","금은 넣어둬. 그냥 내가 갖고 있을 테니까.","","False","DIA_Bennet_DRACHENEIER_nein_15_00","",""
"Scripts/Content/Story/Dialoge/DIA_SLD_809_Bennet.d:1375","Kannst es dir ja noch mal überlegen.","마음이 바뀌면 나한테 알려줘.","","False","DIA_Bennet_DRACHENEIER_nein_06_01","",""
"Scripts/Content/Story/Dialoge/DIA_SLD_809_Bennet.d:1394","Interesse an weiteren Dracheneiern?","드래곤 알에 더 관심이 있나?","","False","DIA_Bennet_EierBringen.description","",""
"Scripts/Content/Story/Dialoge/DIA_SLD_809_Bennet.d:1412","Interesse an weiteren Dracheneiern?","드래곤 알에 더 관심이 있나?","","False","DIA_Bennet_EierBringen_15_00","",""
"Scripts/Content/Story/Dialoge/DIA_SLD_809_Bennet.d:1413","Klar!","물론이지!","","False","DIA_Bennet_EierBringen_06_01","",""
"Scripts/Content/Story/Dialoge/DIA_SLD_809_Bennet.d:1424","Hier. Ich hab noch eins.","여기. 하나 더 가져왔어.","","False","DIA_Bennet_EierBringen_15_02","",""
"Scripts/Content/Story/Dialoge/DIA_SLD_809_Bennet.d:1432","Ich hab hier noch welche.","여기 몇 개 더 있어.","","False","DIA_Bennet_EierBringen_15_03","",""
"Scripts/Content/Story/Dialoge/DIA_SLD_809_Bennet.d:1446","Klasse. Her damit. Hast du denn schon überall nachgesehen? Sicher sind da noch mehr.","대단한데. 이리 내. 정말 구석구석 다 뒤져본 거야? 분명 더 있을 텐데.","","False","DIA_Bennet_EierBringen_06_04","",""
"Scripts/Content/Story/Dialoge/DIA_SLD_809_Bennet.d:1450","Wo gräbst du die Dinger bloß aus? Viele dürften es nicht mehr sein.","대체 어디서 그런 것들을 캐내는 거야? 이제 남은 것도 별로 없을 텐데.","","False","DIA_Bennet_EierBringen_06_05","",""
"Scripts/Content/Story/Dialoge/DIA_SLD_809_Bennet.d:1454","Ich denke, du wirst jetzt nicht mehr viele finden. Ich weiß ja auch schon bald gar nicht mehr, wohin mit den Dingern.","이제 더 찾기 힘들 걸. 나도 이 물건들을 어떻게 처리해야 할지 모르겠다고.","","False","DIA_Bennet_EierBringen_06_06","",""
"Scripts/Content/Story/Dialoge/DIA_SLD_809_Bennet.d:1458","Ach ja. Hier, dein Geld.","아 맞다. 여기, 네 몫의 돈이야.","","False","DIA_Bennet_EierBringen_06_07","",""
"Scripts/Content/Story/Dialoge/DIA_SLD_809_Bennet.d:1510","Ich muss zu einer Insel. Ich könnte einen Schmied gebrauchen.","어떤 섬으로 가야 하는데. 대장장이가 한 명 필요해.","","False","DIA_Bennet_KnowWhereEnemy.description","",""
"Scripts/Content/Story/Dialoge/DIA_SLD_809_Bennet.d:1524","Ich muss zu einer Insel. Ich könnte einen Schmied gebrauchen.","어떤 섬으로 가야 하는데. 대장장이가 한 명 필요해.","","False","DIA_Bennet_KnowWhereEnemy_15_00","",""
"Scripts/Content/Story/Dialoge/DIA_SLD_809_Bennet.d:1525","Und da hast du an mich gedacht?","그래서 내가 생각났단 말이지?","","False","DIA_Bennet_KnowWhereEnemy_06_01","",""
"Scripts/Content/Story/Dialoge/DIA_SLD_809_Bennet.d:1526","Ja. Was sagst du? Dann wärst du auf jeden Fall weg von hier.","그래. 어때? 이 기회에 여기서 확실하게 벗어나는 거잖아.","","False","DIA_Bennet_KnowWhereEnemy_15_02","",""
"Scripts/Content/Story/Dialoge/DIA_SLD_809_Bennet.d:1527","Besser als der Onars Hof. Junge, selbst die Hölle kann nicht so schlimm sein. Ich bin dabei.","오나르의 농장보다는 낫겠지. 이봐, 지옥이라도 이보다 나쁘진 않을걸. 같이 가지.","","False","DIA_Bennet_KnowWhereEnemy_06_03","",""
"Scripts/Content/Story/Dialoge/DIA_SLD_809_Bennet.d:1535","Im Moment habe ich meine Crew schon komplett.","지금은 선원이 이미 다 찼어.","","False","DIA_Bennet_KnowWhereEnemy_15_04","",""
"Scripts/Content/Story/Dialoge/DIA_SLD_809_Bennet.d:1536","Dann sieh zu, dass du wieder einen von ihnen weg schickst.","그럼 그들 중 한 명을 내보내든지.","","False","DIA_Bennet_KnowWhereEnemy_06_05","",""
"Scripts/Content/Story/Dialoge/DIA_SLD_809_Bennet.d:1541","Ich werde dich benachrichtigen, wenn ich dich brauche.","필요해지면 알려줄게.","","False","DIA_Bennet_KnowWhereEnemy_Info.DIA_Bennet_KnowWhereEnemy.DIA_Bennet_KnowWhereEnemy_No","Info_AddChoice",""
"Scripts/Content/Story/Dialoge/DIA_SLD_809_Bennet.d:1542","Sei mein Schmied. Wir sehen uns am Hafen.","내 대장장이가 되어줘. 항구에서 보증을 서지.","","False","DIA_Bennet_KnowWhereEnemy_Info.DIA_Bennet_KnowWhereEnemy.DIA_Bennet_KnowWhereEnemy_Yes","Info_AddChoice",""
"Scripts/Content/Story/Dialoge/DIA_SLD_809_Bennet.d:1548","Sei mein Schmied. Wir sehen uns am Hafen.","내 대장장이가 되어줘. 항구에서 보증을 서지.","","False","DIA_Bennet_KnowWhereEnemy_Yes_15_00","",""
"Scripts/Content/Story/Dialoge/DIA_SLD_809_Bennet.d:1549","Alles klar. Bis nachher.","알았어. 이따 보자고.","","False","DIA_Bennet_KnowWhereEnemy_Yes_06_01","",""
"Scripts/Content/Story/Dialoge/DIA_SLD_809_Bennet.d:1571","Ich werde dich benachrichtigen, wenn ich dich brauche.","필요해지면 알려줄게.","","False","DIA_Bennet_KnowWhereEnemy_No_15_00","",""
"Scripts/Content/Story/Dialoge/DIA_SLD_809_Bennet.d:1572","Gut. Ich bin hier.","좋아. 난 여기 있을 테니까.","","False","DIA_Bennet_KnowWhereEnemy_No_06_01","",""
"Scripts/Content/Story/Dialoge/DIA_SLD_809_Bennet.d:1588","Ich werde mich nach einem anderen Schmied umsehen.","다른 대장장이나 찾아봐야겠어.","","False","DIA_Bennet_LeaveMyShip.description","",""
"Scripts/Content/Story/Dialoge/DIA_SLD_809_Bennet.d:1602","Ich werde mich nach einem anderen Schmied umsehen.","다른 대장장이나 찾아봐야겠어.","","False","DIA_Bennet_LeaveMyShip_15_00","",""
"Scripts/Content/Story/Dialoge/DIA_SLD_809_Bennet.d:1603","Rein in die heißen Kohlen, raus aus den heißen Kohlen. Was denn nun? Sag Bescheid, wenn du weißt, was du willst.","들었다 놨다 장난하는 것도 아니고, 대체 뭐야? 뭘 원하는지 확실히 정해지면 그때 말해.","","False","DIA_Bennet_LeaveMyShip_06_01","",""
"Scripts/Content/Story/Dialoge/DIA_SLD_809_Bennet.d:1621","Komm zurück. Ich finde keinen anderen Schmied.","돌아와 줘. 다른 대장장이가 없단 말이야.","","False","DIA_Bennet_StillNeedYou.description","",""
"Scripts/Content/Story/Dialoge/DIA_SLD_809_Bennet.d:1636","Komm zurück. Ich finde keinen anderen Schmied.","돌아와 줘. 다른 대장장이가 없단 말이야.","","False","DIA_Bennet_StillNeedYou_15_00","",""
"Scripts/Content/Story/Dialoge/DIA_SLD_809_Bennet.d:1637","(verärgert) Tja! Mit mir kannst du's ja machen. Bis später am Hafen.","(짜증 내며) 그래! 나밖에 없으니 만만하겠지. 부두에서 나중에 보자고.","","False","DIA_Bennet_StillNeedYou_06_01","",""
"Scripts/Content/Story/Dialoge/DIA_SLD_809_Bennet_DI.d:34","Kommst du zurecht?","잘 지내고 있나?","","False","DIA_Bennet_DI_Hello.description","",""
"Scripts/Content/Story/Dialoge/DIA_SLD_809_Bennet_DI.d:47","Kommst du zurecht?","잘 지내고 있나?","","False","DIA_Bennet_DI_Hello_15_00","",""
"Scripts/Content/Story/Dialoge/DIA_SLD_809_Bennet_DI.d:51","Die Schmiede auf dem Schiff ist schon ein bisschen eingerostet. Kommt vom Meersalz. Wird etwas schwieriger sein, hier etwas Gescheites hinzukriegen. Aber sonst ...","배에 있는 대장간이 좀 녹슬었어. 바닷소금 때문이지. 여기서 뭔가 쓸만한 걸 만들어내기가 좀 까다롭겠어. 그래도 뭐...","","False","DIA_Bennet_DI_Hello_06_01","",""
"Scripts/Content/Story/Dialoge/DIA_SLD_809_Bennet_DI.d:55","Wenn die Orks nicht wieder kommen, schon.","오크들이 다시 쳐들어오지만 않는다면야.","","False","DIA_Bennet_DI_Hello_06_02","",""
"Scripts/Content/Story/Dialoge/DIA_SLD_809_Bennet_DI.d:70","Welche Waffen kannst du mir verkaufen?","어떤 무기들을 팔 수 있나?","","False","DIA_Bennet_DI_TRADE.description","",""
"Scripts/Content/Story/Dialoge/DIA_SLD_809_Bennet_DI.d:83","Welche Waffen kannst du mir verkaufen?","어떤 무기들을 팔 수 있나?","","False","DIA_Bennet_DI_TRADE_15_00","",""
"Scripts/Content/Story/Dialoge/DIA_SLD_809_Bennet_DI.d:85","Nur die besten. Das weißt du doch.","최고의 것들뿐이지. 너도 알잖아.","","False","DIA_Bennet_DI_TRADE_06_01","",""
"Scripts/Content/Story/Dialoge/DIA_SLD_809_Bennet_DI.d:98","Kannst du mir deine Schmiedekunst beibringen?","대장 기술을 가르쳐 줄 수 있나?","","False","DIA_Bennet_DI_Smith.description","",""
"Scripts/Content/Story/Dialoge/DIA_SLD_809_Bennet_DI.d:112","Kannst du mir deine Schmiedekunst beibringen?","대장 기술을 가르쳐 줄 수 있나?","","False","DIA_Bennet_DI_Smith_15_00","",""
"Scripts/Content/Story/Dialoge/DIA_SLD_809_Bennet_DI.d:113","Kommt drauf an, was du machen willst.","무엇을 만들고 싶으냐에 따라 다르지.","","False","DIA_Bennet_DI_Smith_06_01","",""
"Scripts/Content/Story/Dialoge/DIA_SLD_809_Bennet_DI.d:228","Ich will stärker werden.","강해지고 싶어.","","False","DIA_Bennet_TeachSTR.description","",""
"Scripts/Content/Story/Dialoge/DIA_SLD_809_Bennet_DI.d:241","Ich will stärker werden.","강해지고 싶어.","","False","DIA_Bennet_TeachSTR_15_00","",""
"Scripts/Content/Story/Dialoge/DIA_SLD_809_Bennet_DI.d:242","Ein starker Arm wird in Zeiten wie diesen gebraucht.","요즘 같은 때에는 튼튼한 팔이 필요하지.","","False","DIA_Bennet_TeachSTR_06_01","",""
"Scripts/Content/Story/Dialoge/DIA_SLD_809_Bennet_DI.d:276","Ich habe hier ein Drachenei.","여기 드래곤 알이 있어.","","False","DIA_Bennet_DI_DragonEgg.description","",""
"Scripts/Content/Story/Dialoge/DIA_SLD_809_Bennet_DI.d:289","Ich habe hier ein Drachenei.","여기 드래곤 알이 있어.","","False","DIA_Bennet_DI_DragonEgg_15_00","",""
"Scripts/Content/Story/Dialoge/DIA_SLD_809_Bennet_DI.d:290","Und?","그래서?","","False","DIA_Bennet_DI_DragonEgg_06_01","",""
"Scripts/Content/Story/Dialoge/DIA_SLD_809_Bennet_DI.d:291","Nun. Ich dachte ...","글쎄. 내 생각엔...","","False","DIA_Bennet_DI_DragonEgg_15_02","",""
"Scripts/Content/Story/Dialoge/DIA_SLD_809_Bennet_DI.d:292","Ich weiß, was du denkst. Vergiss es, behalte das Ding. Ich will es nicht.","네가 무슨 생각 하는지 알아. 잊어버려, 그 물건은 네가 가져. 난 필요 없으니까.","","False","DIA_Bennet_DI_DragonEgg_06_03","",""
"Scripts/Content/Story/Dialoge/DIA_SLD_809_Bennet_DI.d:306","Wir haben hier alles erledigt.","여기서 할 일은 다 끝났어.","","False","DIA_Bennet_DI_UndeadDragonDead.description","",""
"Scripts/Content/Story/Dialoge/DIA_SLD_809_Bennet_DI.d:319","Wir haben hier alles erledigt.","여기서 할 일은 다 끝났어.","","False","DIA_Bennet_DI_UndeadDragonDead_15_00","",""
"Scripts/Content/Story/Dialoge/DIA_SLD_809_Bennet_DI.d:320","Freut mich zu hören. Ich kann diese olle Schmiede nicht mehr sehen. Ich brauche wieder festen Boden unter den Füßen.","다행이군. 이 낡아빠진 대장간도 이제 진절머리가 나. 얼른 단단한 땅을 밟고 싶어.","","False","DIA_Bennet_DI_UndeadDragonDead_06_01","",""
"Scripts/Content/Story/Dialoge/DIA_SLD_810_Dar.d:36","Was rauchst du da?","뭘 피우고 있는 거야?","","False","DIA_Dar_Hallo.description","",""
"Scripts/Content/Story/Dialoge/DIA_SLD_810_Dar.d:46","Was rauchst du da?","뭘 피우고 있는 거야?","","False","DIA_Dar_Hallo_15_00","",""
"Scripts/Content/Story/Dialoge/DIA_SLD_810_Dar.d:47","Willst du mal ziehen?","한모금 할래?","","False","DIA_Dar_Hallo_03_01","",""
"Scripts/Content/Story/Dialoge/DIA_SLD_810_Dar.d:50","Nein.","아니.","","False","DIA_Dar_Hallo_Info.DIA_Dar_Hallo.DIA_Dar_Hallo_Nein","Info_AddChoice",""
"Scripts/Content/Story/Dialoge/DIA_SLD_810_Dar.d:51","Klar.","좋아.","","False","DIA_Dar_Hallo_Info.DIA_Dar_Hallo.DIA_Dar_Hallo_Ja","Info_AddChoice",""
"Scripts/Content/Story/Dialoge/DIA_SLD_810_Dar.d:56","Klar.","물론이지.","","False","DIA_Dar_Hallo_Ja_15_00","",""
"Scripts/Content/Story/Dialoge/DIA_SLD_810_Dar.d:59","Nicht schlecht, was?","끝내주지, 그렇지?","","False","DIA_Dar_Hallo_Ja_03_01","",""
"Scripts/Content/Story/Dialoge/DIA_SLD_810_Dar.d:60","Wo hast du das Zeug her?","그 물건은 어디서 난 거야?","","False","DIA_Dar_Hallo_Ja_15_02","",""
"Scripts/Content/Story/Dialoge/DIA_SLD_810_Dar.d:63","(grinst) Ich hab so meine Quellen.","(씩 웃으며) 나만의 출처가 있지.","","False","DIA_Dar_Hallo_Ja_03_03","",""
"Scripts/Content/Story/Dialoge/DIA_SLD_810_Dar.d:69","Nein.","아니.","","False","DIA_Dar_Hallo_Nein_15_00","",""
"Scripts/Content/Story/Dialoge/DIA_SLD_810_Dar.d:84","Machst du noch was anderes, außer zu rauchen?","담배 피우는 것 말고 다른 일은 안 해?","","False","DIA_Dar_PERM.description","",""
"Scripts/Content/Story/Dialoge/DIA_SLD_810_Dar.d:97","Machst du noch was anderes, außer zu rauchen?","담배 피우는 것 말고 다른 일은 안 해?","","False","DIA_Dar_PERM_15_00","",""
"Scripts/Content/Story/Dialoge/DIA_SLD_810_Dar.d:102","(sarkastisch) Manchmal lasse ich mich auch von rachsüchtigen Sumpfkraut-Junkies zusammenschlagen.","(비꼬듯) 복수심에 찬 늪초 약쟁이들에게 두들겨 맞기도 하지.","","False","DIA_Dar_PERM_03_01","",""
"Scripts/Content/Story/Dialoge/DIA_SLD_810_Dar.d:107","Zurzeit nicht.","지금은 없어.","","False","DIA_Dar_PERM_03_02","",""
"Scripts/Content/Story/Dialoge/DIA_SLD_810_Dar.d:120","Ich will mich den Söldnern anschließen. Hast du was dagegen?","용병으로 들어가고 싶은데. 불만이라도 있나?","","False","DIA_Dar_WannaJoin.description","",""
"Scripts/Content/Story/Dialoge/DIA_SLD_810_Dar.d:135","Ich will mich den Söldnern anschließen. Hast du was dagegen?","용병으로 들어가고 싶은데. 불만이라도 있나?","","False","DIA_Dar_WannaJoin_15_00","",""
"Scripts/Content/Story/Dialoge/DIA_SLD_810_Dar.d:136","Mir egal.","상관없어.","","False","DIA_Dar_WannaJoin_03_01","",""
"Scripts/Content/Story/Dialoge/DIA_SLD_810_Dar.d:148","Cipher hat mir erzählt, ihm wäre ein Paket Sumpfkraut gestohlen worden ...","사이퍼가 말하기를, 누군가 자기 늪초 상자를 훔쳐 갔다고 하더군...","","False","DIA_Dar_DuDieb.description","",""
"Scripts/Content/Story/Dialoge/DIA_SLD_810_Dar.d:162","Cipher hat mir erzählt, ihm wäre ein Paket Sumpfkraut gestohlen worden ...","사이퍼가 말하기를, 누군가 자기 늪초 상자를 훔쳐 갔다고 하더군...","","False","DIA_Dar_DuDieb_15_00","",""
"Scripts/Content/Story/Dialoge/DIA_SLD_810_Dar.d:163","(lacht verhalten und debil)","(나지막하게 멍청한 웃음을 흘린다)","","False","DIA_Dar_DuDieb_03_01","",""
"Scripts/Content/Story/Dialoge/DIA_SLD_810_Dar.d:164","Hast du was damit zu tun?","네가 한 짓인가?","","False","DIA_Dar_DuDieb_15_02","",""
"Scripts/Content/Story/Dialoge/DIA_SLD_810_Dar.d:165","(superkurz) Nein.","(매우 짧게) 아니.","","False","DIA_Dar_DuDieb_03_03","",""
"Scripts/Content/Story/Dialoge/DIA_SLD_810_Dar.d:180","Wo ist das Paket!?","상자는 어디 있나!?","","False","DIA_Dar_WoPaket.description","",""
"Scripts/Content/Story/Dialoge/DIA_SLD_810_Dar.d:195","(droht) Wo ist das Paket!?","(위협하며) 상자는 어디 있나!?","","False","DIA_Dar_WoPaket_15_00","",""
"Scripts/Content/Story/Dialoge/DIA_SLD_810_Dar.d:199","Okay, okay, okay! Ich hab's an irgendeinen Penner in der Stadt verhökert.","알았어, 알았어, 알았다고! 도시의 어떤 거지한테 팔아넘겼어.","","False","DIA_Dar_WoPaket_03_01","",""
"Scripts/Content/Story/Dialoge/DIA_SLD_810_Dar.d:200","Es war am Hafen. Ich weiß nicht mehr, wie er aussah.","항구였어. 그 자가 어떻게 생겼는지는 기억도 안 나.","","False","DIA_Dar_WoPaket_03_02","",""
"Scripts/Content/Story/Dialoge/DIA_SLD_810_Dar.d:201","Du brauchst doch wohl nicht noch mal Schläge?","한 번 더 두들겨 맞아야 정신을 차리겠나?","","False","DIA_Dar_WoPaket_15_03","",""
"Scripts/Content/Story/Dialoge/DIA_SLD_810_Dar.d:202","Ehrlich, Mann, ich war total dicht. Hab keine Ahnung mehr, wie der Kerl aussah.","맹세코, 형사님, 난 완전히 취해 있었다고. 그 녀석이 어떻게 생겼는지 조금도 기억 안 나.","","False","DIA_Dar_WoPaket_03_04","",""
"Scripts/Content/Story/Dialoge/DIA_SLD_810_Dar.d:203","Es war am Hafen in der Nähe des Bootsbauers. An mehr kann ich mich nicht erinnern.","조선소 근처 항구였어. 그게 내가 기억하는 전부야.","","False","DIA_Dar_WoPaket_03_05","",""
"Scripts/Content/Story/Dialoge/DIA_SLD_810_Dar.d:210","Was weiß ich?","내가 뭘 알겠어?","","False","DIA_Dar_WoPaket_03_06","",""
"Scripts/Content/Story/Dialoge/DIA_SLD_810_Dar.d:223","Ich prügel es aus dir raus!","두들겨 패서라도 불게 만들어 주마!","","False","DIA_Dar_AufsMaul.description","",""
"Scripts/Content/Story/Dialoge/DIA_SLD_810_Dar.d:238","Ich prügel es aus dir raus!","두들겨 패서라도 불게 만들어 주마!","","False","DIA_Dar_AufsMaul_15_00","",""
"Scripts/Content/Story/Dialoge/DIA_SLD_810_Dar.d:239","Entspann dich. Ich bin viel zu dicht, um mich mit dir zu prügeln!","진정해. 너랑 싸우기엔 난 약에 너무 쩔었거든!","","False","DIA_Dar_AufsMaul_03_01","",""
"Scripts/Content/Story/Dialoge/DIA_SLD_810_Dar.d:241","Hier, nimm erstmal 'nen tiefen Zug.","자, 이걸로 한 모금 크게 빨아봐.","","False","DIA_Dar_AufsMaul_03_02","",""
"Scripts/Content/Story/Dialoge/DIA_SLD_810_Dar.d:267","Kameradenschwein! Du hast Cipher erzählt, dass ich sein Kraut genommen habe!","이 배신자 자식! 내가 사이퍼의 약초를 가져갔다고 그치한테 일러바쳤지!","","False","DIA_Dar_Kameradenschwein_03_00","",""
"Scripts/Content/Story/Dialoge/DIA_SLD_810_Dar.d:271","Ich werde den Teufel tun, für dich zu stimmen.","절대로 너한테 한 표 안 줄 거야.","","False","DIA_Dar_Kameradenschwein_03_01","",""
"Scripts/Content/Story/Dialoge/DIA_SLD_810_Dar.d:284","Hast du schon mal Pilztabak probiert?","버섯 담배를 피워본 적이 있나?","","False","DIA_Dar_Pilztabak.description","",""
"Scripts/Content/Story/Dialoge/DIA_SLD_810_Dar.d:297","Hast du schon mal Pilztabak probiert?","버섯 담배를 피워본 적이 있나?","","False","DIA_Dar_Pilztabak_15_00","",""
"Scripts/Content/Story/Dialoge/DIA_SLD_810_Dar.d:298","Klingt interessant. Immer her damit.","흥미롭군. 이리 가져와.","","False","DIA_Dar_Pilztabak_03_01","",""
"Scripts/Content/Story/Dialoge/DIA_SLD_810_Dar.d:300","Dann wollen wir mal ...","그럼 어디 시작해볼까...","","False","DIA_Dar_Pilztabak_03_02","",""
"Scripts/Content/Story/Dialoge/DIA_SLD_810_Dar.d:303","Hast du das Zeug schon SELBER geraucht?","그 물건을 직접 피워보기는 했어?","","False","DIA_Dar_Pilztabak_03_03","",""
"Scripts/Content/Story/Dialoge/DIA_SLD_810_Dar.d:304","Nun ...","글쎄...","","False","DIA_Dar_Pilztabak_15_04","",""
"Scripts/Content/Story/Dialoge/DIA_SLD_810_Dar.d:307","Hast du oder hast du nicht?","피워봤다는 거야 안 피워봤다는 거야?","","False","DIA_Dar_Pilztabak_03_05","",""
"Scripts/Content/Story/Dialoge/DIA_SLD_810_Dar.d:308","Ich hatte viel zu tun ...","좀 바빴거든...","","False","DIA_Dar_Pilztabak_15_06","",""
"Scripts/Content/Story/Dialoge/DIA_SLD_810_Dar.d:309","Ach du Scheiße!","이런 젠장!","","False","DIA_Dar_Pilztabak_03_07","",""
"Scripts/Content/Story/Dialoge/DIA_SLD_810_Dar.d:311","Heiliger Rhobar!","맙소사!","","False","DIA_Dar_Pilztabak_03_08","",""
"Scripts/Content/Story/Dialoge/DIA_SLD_810_Dar.d:313","Das Zeug ist echt zu krass! Probier das bloß nicht!","이 약초는 진짜 너무 독해! 절대 피우지 마!","","False","DIA_Dar_Pilztabak_03_09","",""
"Scripts/Content/Story/Dialoge/DIA_SLD_810_Dar.d:394","Ich habe den Eindruck, hier fehlen einige Söldner.","여기에 몇몇 용병이 빠진 것 같군.","","False","DIA_Dar_ORCRING.description","",""
"Scripts/Content/Story/Dialoge/DIA_SLD_810_Dar.d:407","Ich habe den Eindruck, hier fehlen einige Söldner.","여기에 몇몇 용병이 빠진 것 같군.","","False","DIA_Dar_ORCRING_15_00","",""
"Scripts/Content/Story/Dialoge/DIA_SLD_810_Dar.d:408","Klar. Das ist auch so. Sylvio ist über alle Berge und hat die halbe Mannschaft mitgenommen.","맞아. 실비오가 멀리 떠나면서 부하 절반을 데려갔거든.","","False","DIA_Dar_ORCRING_03_01","",""
"Scripts/Content/Story/Dialoge/DIA_SLD_810_Dar.d:409","Mir egal. So hab ich eine größere Chance, bei Lees Jungs was zu werden. Mir fehlt nur noch der Knaller.","난 상관없어. 덕분에 리의 부하들 사이에서 인정받을 기회가 더 늘어났으니까. 나한테 필요한 건 결정타 한 방뿐이야.","","False","DIA_Dar_ORCRING_03_02","",""
"Scripts/Content/Story/Dialoge/DIA_SLD_810_Dar.d:410","Wenn ich einen Beweis erbringen könnte, dass ich ein richtig harter Kerl bin, könnte ich vielleicht sogar zu Lees Leibgarde aufsteigen.","내가 정말 억센 녀석이라는 증거를 보여줄 수 있다면, 리의 최정예 경호병이 될 수도 있을걸.","","False","DIA_Dar_ORCRING_03_03","",""
"Scripts/Content/Story/Dialoge/DIA_SLD_810_Dar.d:413","Interessiert mich nicht.","관심 없어.","","False","DIA_Dar_ORCRING_Info.DIA_Dar_ORCRING.DIA_Dar_ORCRING_no","Info_AddChoice",""
"Scripts/Content/Story/Dialoge/DIA_SLD_810_Dar.d:414","Harter Kerl? Du?","억센 녀석? 네가?","","False","DIA_Dar_ORCRING_Info.DIA_Dar_ORCRING.DIA_Dar_ORCRING_necken","Info_AddChoice",""
"Scripts/Content/Story/Dialoge/DIA_SLD_810_Dar.d:418","Wie soll das aussehen?","어떻게 하면 되는데?","","False","DIA_Dar_ORCRING_Info.DIA_Dar_ORCRING.DIA_Dar_ORCRING_wie","Info_AddChoice",""
"Scripts/Content/Story/Dialoge/DIA_SLD_810_Dar.d:424","Harter Kerl? Du?","억센 녀석? 네가?","","False","DIA_Dar_ORCRING_necken_15_00","",""
"Scripts/Content/Story/Dialoge/DIA_SLD_810_Dar.d:425","(verärgert) Ach, komm, halt die Schnauze. Wer bist du denn schon?","(화내며) 아, 됐고 닥쳐. 네가 뭔데 그래?","","False","DIA_Dar_ORCRING_necken_03_01","",""
"Scripts/Content/Story/Dialoge/DIA_SLD_810_Dar.d:429","So'n aufgeblasener Pinsel aus der Stadt. Ihr Blechkameraden habt doch nichts drauf.","도시에서 온 거만한 얼뜨기 주제에. 너희 깡통 기사들은 실속이 하나도 없단 말이지.","","False","DIA_Dar_ORCRING_necken_03_02","",""
"Scripts/Content/Story/Dialoge/DIA_SLD_810_Dar.d:434","Gerade mal ein paar Tage bei uns und schon haste 'ne große Fresse.","우리랑 함께 지낸 지 며칠이나 됐다고 벌써 거들먹거리네.","","False","DIA_Dar_ORCRING_necken_03_03","",""
"Scripts/Content/Story/Dialoge/DIA_SLD_810_Dar.d:439","Wem willst du denn mit deinem dämlichen magischen Firlefanz Angst machen? Mir jedenfalls nicht.","그 멍청한 마법 따위로 누구한테 공포를 심어주려는 거야? 적어도 난 아니거든.","","False","DIA_Dar_ORCRING_necken_03_04","",""
"Scripts/Content/Story/Dialoge/DIA_SLD_810_Dar.d:444","Wenn ich es mir recht überlege, dir den Schädel zu spalten, wäre genau das, was mir 'ne Menge Respekt bei Lees Jungs verschaffen würde.","생각해보니까, 네 두개골을 쪼개버리는 게 리의 부하들에게 확실한 존경을 받는 방법이겠어.","","False","DIA_Dar_ORCRING_necken_03_05","",""
"Scripts/Content/Story/Dialoge/DIA_SLD_810_Dar.d:447","Ich hab´ keine Zeit für so einen Blödsinn.","이런 쓸데없는 소리나 들을 시간 없어.","","False","DIA_Dar_ORCRING_necken.DIA_Dar_ORCRING.DIA_Dar_ORCRING_necken_no","Info_AddChoice",""
"Scripts/Content/Story/Dialoge/DIA_SLD_810_Dar.d:448","Ok. Versuch´s.","좋아. 어디 해봐.","","False","DIA_Dar_ORCRING_necken.DIA_Dar_ORCRING.DIA_Dar_ORCRING_necken_schlagen","Info_AddChoice",""
"Scripts/Content/Story/Dialoge/DIA_SLD_810_Dar.d:452","Wart's mal ab. Ich werde schon noch das passende finden, um Lee zu beeindrucken.","어디 두고 보자. 리를 감동시킬 만한 걸 반드시 찾아내고 말 테니까.","","False","DIA_Dar_ORCRING_necken_03_06","",""
"Scripts/Content/Story/Dialoge/DIA_SLD_810_Dar.d:460","Ok. Versuch's.","좋아. 어디 해봐.","","False","DIA_Dar_ORCRING_necken_schlagen_15_00","",""
"Scripts/Content/Story/Dialoge/DIA_SLD_810_Dar.d:461","Da bin ja mal gespannt.","기대되는걸.","","False","DIA_Dar_ORCRING_necken_schlagen_03_01","",""
"Scripts/Content/Story/Dialoge/DIA_SLD_810_Dar.d:468","Ich hab keine Zeit für so einen Blödsinn.","이런 쓸데없는 소리나 들을 시간 없다고.","","False","DIA_Dar_ORCRING_necken_no_15_00","",""
"Scripts/Content/Story/Dialoge/DIA_SLD_810_Dar.d:469","Ach ja. Der strahlende Ritter der Gerechtigkeit, ich vergaß. Schade. Ich dachte, du hättest mehr Mumm in den Knochen.","아 그렇지. 정의의 빛나는 기사님이었지, 깜빡했네. 유감이군. 네 녀석이 그보다 담이 더 클 줄 알았는데.","","False","DIA_Dar_ORCRING_necken_no_03_01","",""
"Scripts/Content/Story/Dialoge/DIA_SLD_810_Dar.d:475","Wie soll das aussehen?","어떻게 하면 되는데?","","False","DIA_Dar_ORCRING_wie_15_00","",""
"Scripts/Content/Story/Dialoge/DIA_SLD_810_Dar.d:476","Ich weiß nicht genau. Irgendeine Orktrophäe wäre nicht so schlecht.","잘은 모르겠어. 오크의 전리품 같은 거면 나쁘지 않을 텐데.","","False","DIA_Dar_ORCRING_wie_03_01","",""
"Scripts/Content/Story/Dialoge/DIA_SLD_810_Dar.d:477","So was wie ein Zeichen der Orkischen Anführer oder so. Eine Standarte, ein Armreif oder Ring oder ähnliches.","오크 지휘관들의 상징 같은 거 말이야. 군기라든가, 팔찌나 반지 같은 것 말이지.","","False","DIA_Dar_ORCRING_wie_03_02","",""
"Scripts/Content/Story/Dialoge/DIA_SLD_810_Dar.d:478","Mit sehr viel weniger kann ich hier keinen Eindruck schinden. So viel ist schon mal klar.","그것보다 초라한 거라면 여기서 인상을 남길 수 없어. 그건 확실하거든.","","False","DIA_Dar_ORCRING_wie_03_03","",""
"Scripts/Content/Story/Dialoge/DIA_SLD_810_Dar.d:490","Interessiert mich nicht.","관심 없다.","","False","DIA_Dar_ORCRING_no_15_00","",""
"Scripts/Content/Story/Dialoge/DIA_SLD_810_Dar.d:491","(verärgert) Natürlich nicht. Hätte mich auch gewundert.","(화내며) 당연하겠지. 그렇지 않았다면 오히려 놀랐을 걸.","","False","DIA_Dar_ORCRING_no_03_01","",""
"Scripts/Content/Story/Dialoge/DIA_SLD_810_Dar.d:518","Schon gut. Ich weiß, dass Lee nicht gerade erbaut ist, wenn ich mich weiter mit dir anlege.","됐어. 내가 너랑 다시 시비를 붙으면 리가 달가워하지 않을 거라는 걸 나도 잘 아니까.","","False","DIA_Dar_FIGHTAGAINSTPALOVER_03_00","",""
"Scripts/Content/Story/Dialoge/DIA_SLD_810_Dar.d:519","Ich will mir hier schließlich keine Feinde machen. Also lassen wir den Unsinn, ok?","여기에 적을 만들고 싶진 않거든. 그러니 헛소문은 이만 접어두자고, 어때?","","False","DIA_Dar_FIGHTAGAINSTPALOVER_03_01","",""
"Scripts/Content/Story/Dialoge/DIA_SLD_810_Dar.d:533","Ich habe die Orktrophäe, die du suchst.","네가 찾던 오크 전리품을 가지고 있어.","","False","DIA_Dar_BRINGORCELITERING.description","",""
"Scripts/Content/Story/Dialoge/DIA_SLD_810_Dar.d:548","Ich habe die Orktrophäe, die du suchst.","네가 찾던 오크 전리품을 가지고 있어.","","False","DIA_Dar_BRINGORCELITERING_15_00","",""
"Scripts/Content/Story/Dialoge/DIA_SLD_810_Dar.d:549","Was schleppst du mir denn da an?","무슨 물건을 가져온 거야?","","False","DIA_Dar_BRINGORCELITERING_03_01","",""
"Scripts/Content/Story/Dialoge/DIA_SLD_810_Dar.d:550","Den Ring eines Orkischen Kriegsherrn.","오크 군주의 반지다.","","False","DIA_Dar_BRINGORCELITERING_15_02","",""
"Scripts/Content/Story/Dialoge/DIA_SLD_810_Dar.d:551","Das ist allerdings ... Was willst du dafür haben?","오, 그렇다면 말인데... 대가로 뭘 원하지?","","False","DIA_Dar_BRINGORCELITERING_03_03","",""
"Scripts/Content/Story/Dialoge/DIA_SLD_810_Dar.d:556","Was kannst du mir anbieten?","무엇을 줄 수 있지?","","False","DIA_Dar_BRINGORCELITERING_Info.DIA_Dar_BRINGORCELITERING.DIA_Dar_BRINGORCELITERING_was","Info_AddChoice",""
"Scripts/Content/Story/Dialoge/DIA_SLD_810_Dar.d:560","Gib mir Geld.","돈을 다오.","","False","DIA_Dar_BRINGORCELITERING_Info.DIA_Dar_BRINGORCELITERING.DIA_Dar_BRINGORCELITERING_geld","Info_AddChoice",""
"Scripts/Content/Story/Dialoge/DIA_SLD_810_Dar.d:566","Gib mir Gold.","돈을 다오.","","False","DIA_Dar_BRINGORCELITERING_geld_15_00","",""
"Scripts/Content/Story/Dialoge/DIA_SLD_810_Dar.d:570","Mmh. 600 Goldmünzen?","음. 600개의 금화면 되나?","","False","DIA_Dar_BRINGORCELITERING_geld_03_01","",""
"Scripts/Content/Story/Dialoge/DIA_SLD_810_Dar.d:571","Was hast du gesagt?","방금 뭐라고 했지?","","False","DIA_Dar_BRINGORCELITERING_geld_15_02","",""
"Scripts/Content/Story/Dialoge/DIA_SLD_810_Dar.d:574","Ok. Ich geb dir 1200 Goldmünzen dafür.","좋아. 그 대가로 금화 1200개를 주지.","","False","DIA_Dar_BRINGORCELITERING_geld_03_03","",""
"Scripts/Content/Story/Dialoge/DIA_SLD_810_Dar.d:578","Friss es oder behalt den Ring.","받든지 말든지 반지는 네가 가져.","","False","DIA_Dar_BRINGORCELITERING_geld_03_04","",""
"Scripts/Content/Story/Dialoge/DIA_SLD_810_Dar.d:582","Das ist mir zu wenig.","너무 적군.","","False","DIA_Dar_BRINGORCELITERING_geld.DIA_Dar_BRINGORCELITERING.DIA_Dar_BRINGORCELITERING_geld_no","Info_AddChoice",""
"Scripts/Content/Story/Dialoge/DIA_SLD_810_Dar.d:583","Abgemacht.","좋아, 거래하자.","","False","DIA_Dar_BRINGORCELITERING_geld.DIA_Dar_BRINGORCELITERING.DIA_Dar_BRINGORCELITERING_geld_ok","Info_AddChoice",""
"Scripts/Content/Story/Dialoge/DIA_SLD_810_Dar.d:588","Abgemacht. Hier hast du den Ring.","좋아, 거래하자. 여기 반지가 있어.","","False","DIA_Dar_BRINGORCELITERING_geld_ok_15_00","",""
"Scripts/Content/Story/Dialoge/DIA_SLD_810_Dar.d:590","Danke. Bin schon gespannt, was die anderen dazu sagen werden.","고마워. 다른 녀석들이 이걸 보고 뭐라고 할지 벌써 기대되는걸.","","False","DIA_Dar_BRINGORCELITERING_geld_ok_03_01","",""
"Scripts/Content/Story/Dialoge/DIA_SLD_810_Dar.d:601","Das ist mir zu wenig.","너무 적군.","","False","DIA_Dar_BRINGORCELITERING_geld_no_15_00","",""
"Scripts/Content/Story/Dialoge/DIA_SLD_810_Dar.d:602","Und mir schon zu viel. Das Geschäft ist mir zu windig. Nix für ungut.","내 쪽이야말로 너무 많은데. 이 거래는 너무 수상해서 안 되겠어. 악의는 없다고.","","False","DIA_Dar_BRINGORCELITERING_geld_no_03_01","",""
"Scripts/Content/Story/Dialoge/DIA_SLD_810_Dar.d:608","Was kannst du mir anbieten?","무엇을 줄 수 있나?","","False","DIA_Dar_BRINGORCELITERING_was_15_00","",""
"Scripts/Content/Story/Dialoge/DIA_SLD_810_Dar.d:609","Entweder du nimmst Geld oder dieses Amulett, das ich ... nun, sagen wir, vor einiger Zeit erworben habe.","돈을 받거나, 아니면 내가... 뭐, 언젠가 손에 넣었던 이 부적을 가져가든가 해.","","False","DIA_Dar_BRINGORCELITERING_was_03_01","",""
"Scripts/Content/Story/Dialoge/DIA_SLD_810_Dar.d:610","Es verbessert deine Geschicklichkeit. Hab's selbst schon ausprobiert.","재주를 높여주는 물건이야. 나도 직접 써봤거든.","","False","DIA_Dar_BRINGORCELITERING_was_03_02","",""
"Scripts/Content/Story/Dialoge/DIA_SLD_810_Dar.d:613","Gib mir Geld.","돈을 다오.","","False","DIA_Dar_BRINGORCELITERING_was.DIA_Dar_BRINGORCELITERING.DIA_Dar_BRINGORCELITERING_geld","Info_AddChoice",""
"Scripts/Content/Story/Dialoge/DIA_SLD_810_Dar.d:614","Gib mir das Ammulett.","부적을 다오.","","False","DIA_Dar_BRINGORCELITERING_was.DIA_Dar_BRINGORCELITERING.DIA_Dar_BRINGORCELITERING_was_am","Info_AddChoice",""
"Scripts/Content/Story/Dialoge/DIA_SLD_810_Dar.d:619","Gib mir das Amulett.","부적을 다오.","","False","DIA_Dar_BRINGORCELITERING_was_am_15_00","",""
"Scripts/Content/Story/Dialoge/DIA_SLD_810_Dar.d:620","Alles klar. Viel Spaß damit. Und jetzt her mit dem Ring.","좋아. 유용하게 쓰라고. 자, 이제 이 반지를 넘겨주실까.","","False","DIA_Dar_BRINGORCELITERING_was_am_03_01","",""
"Scripts/Content/Story/Dialoge/DIA_SLD_810_Dar.d:627","War mir ein Vergnügen.","기분 좋은 거래였어.","","False","DIA_Dar_BRINGORCELITERING_was_am_03_02","",""
"Scripts/Content/Story/Dialoge/DIA_SLD_811_Wolf.d:36","Alles klar?","잘 지내나?","","False","DIA_Wolf_Hallo.description","",""
"Scripts/Content/Story/Dialoge/DIA_SLD_811_Wolf.d:46","Alles klar?","잘 지내나?","","False","DIA_Wolf_Hallo_15_00","",""
"Scripts/Content/Story/Dialoge/DIA_SLD_811_Wolf.d:47","Hey! Ich kenne dich! Aus der Kolonie.","어이! 너 눈에 익은데! 영지 시절에 봤잖아.","","False","DIA_Wolf_Hallo_08_01","",""
"Scripts/Content/Story/Dialoge/DIA_SLD_811_Wolf.d:48","Was willst du hier?","여기엔 무슨 일이지?","","False","DIA_Wolf_Hallo_08_02","",""
"Scripts/Content/Story/Dialoge/DIA_SLD_811_Wolf.d:60","Ich bin gekommen, um mich euch anzuschließen.","너희들과 합류하려고 왔다.","","False","DIA_Wolf_WannaJoin.description","",""
"Scripts/Content/Story/Dialoge/DIA_SLD_811_Wolf.d:74","Ich bin gekommen, um mich euch anzuschließen.","너희들과 합류하려고 왔다.","","False","DIA_Wolf_WannaJoin_15_00","",""
"Scripts/Content/Story/Dialoge/DIA_SLD_811_Wolf.d:75","Warum nicht. Hab nichts dagegen. Hast immerhin damals unsere Mine von den Gardisten befreit.","나야 좋지. 반대 안 해. 덕분에 예전에 경비병들한테서 우리 광산을 되찾을 수 있었으니까.","","False","DIA_Wolf_WannaJoin_08_01","",""
"Scripts/Content/Story/Dialoge/DIA_SLD_811_Wolf.d:76","Aber rechne bloß nicht damit, dass du bei den meisten anderen hier so einfach landen kannst.","하지만 여기에 있는 다른 녀석들이 너를 그렇게 쉽게 받아줄 거라고는 기대하지 마.","","False","DIA_Wolf_WannaJoin_08_02","",""
"Scripts/Content/Story/Dialoge/DIA_SLD_811_Wolf.d:77","Es sind viele Neue dazu gekommen seit damals. Und einige der alten Söldner werden sich nicht an dich erinnern.","그때 이후로 새로 들어온 녀석들이 많거든. 옛날 용병들 중 몇몇은 너를 기억하지도 못할걸.","","False","DIA_Wolf_WannaJoin_08_03","",""
"Scripts/Content/Story/Dialoge/DIA_SLD_811_Wolf.d:78","Hätte dich auch fast nicht erkannt, siehst ziemlich abgemagert aus.","하마터면 못 알아보겠는걸, 꽤 홀쭉해졌어.","","False","DIA_Wolf_WannaJoin_08_04","",""
"Scripts/Content/Story/Dialoge/DIA_SLD_811_Wolf.d:79","Als die Barriere eingestürzt ist, hätte es mich fast erwischt.","장벽이 무너졌을 때, 하마터면 죽을뻔했거든.","","False","DIA_Wolf_WannaJoin_15_05","",""
"Scripts/Content/Story/Dialoge/DIA_SLD_811_Wolf.d:80","Da hast du ja noch mal Glück gehabt.","운이 아주 좋았구만.","","False","DIA_Wolf_WannaJoin_08_06","",""
"Scripts/Content/Story/Dialoge/DIA_SLD_811_Wolf.d:94","Hast du was zu verkaufen?","뭐 팔 만한 것 좀 있나?","","False","DIA_Wolf_WannaBuy.description","",""
"Scripts/Content/Story/Dialoge/DIA_SLD_811_Wolf.d:107","Hast du was zu verkaufen?","뭐 팔 만한 것 좀 있나?","","False","DIA_Wolf_WannaBuy_15_00","",""
"Scripts/Content/Story/Dialoge/DIA_SLD_811_Wolf.d:108","Ach, frag nicht.","아, 묻지 마.","","False","DIA_Wolf_WannaBuy_08_01","",""
"Scripts/Content/Story/Dialoge/DIA_SLD_811_Wolf.d:109","Bennet, einer von den Neuen, kümmert sich jetzt um die Waffen und Rüstungen.","새로 들어온 녀석 중 하나인 베넷이 지금은 무기와 방어구를 맡고 있거든.","","False","DIA_Wolf_WannaBuy_08_02","",""
"Scripts/Content/Story/Dialoge/DIA_SLD_811_Wolf.d:110","In der Kolonie war ich noch verantwortlich für Lees gesamtes Waffenlager und dann kommt so ein gelernter Schmied daher und 'zack', bin ich meinen Job los.","영지 시절엔 리의 무기고 전체를 내가 담당했는데, 전문 대장장이가 굴러들어 오더니 한순간에 일자리를 잃어버렸지 뭐야.","","False","DIA_Wolf_WannaBuy_08_03","",""
"Scripts/Content/Story/Dialoge/DIA_SLD_811_Wolf.d:111","Ich brauche unbedingt eine neue Aufgabe, und wenn ich bloß auf die Bauernhöfe draußen aufpassen müsste.","난 새로운 일이 절실해. 저 밖에 있는 농장을 지키는 일이라도 좋으니까.","","False","DIA_Wolf_WannaBuy_08_04","",""
"Scripts/Content/Story/Dialoge/DIA_SLD_811_Wolf.d:112","Ist mir egal, Hauptsache, ich sitze hier nicht mehr rum.","상관없어, 더 이상 여기서 빈둥거리지만 않으면 돼.","","False","DIA_Wolf_WannaBuy_08_05","",""
"Scripts/Content/Story/Dialoge/DIA_SLD_811_Wolf.d:124","Kannst du mir was beibringen?","가르쳐줄 만한 게 있나?","","False","DIA_Wolf_WannaLearn.description","",""
"Scripts/Content/Story/Dialoge/DIA_SLD_811_Wolf.d:137","Kannst du mir was beibringen?","가르쳐줄 만한 게 있나?","","False","DIA_Wolf_WannaLearn_15_00","",""
"Scripts/Content/Story/Dialoge/DIA_SLD_811_Wolf.d:138","Ich kann dir ein paar Tricks im Umgang mit dem Bogen zeigen, wenn du willst. Hab sowieso zurzeit nichts Besseres vor.","원한다면 활을 다루는 몇 가지 기술을 가르쳐줄 수 있어. 어차피 지금은 마땅히 할 일도 없거든.","","False","DIA_Wolf_WannaLearn_08_01","",""
"Scripts/Content/Story/Dialoge/DIA_SLD_811_Wolf.d:157","Ich will mehr übers Bogenschießen lernen.","활쏘기에 대해 더 배우고 싶다.","","False","DIA_Wolf_TEACH.description","",""
"Scripts/Content/Story/Dialoge/DIA_SLD_811_Wolf.d:170","Ich will mehr übers Bogenschießen lernen.","활쏘기에 대해 더 배우고 싶다.","","False","DIA_Wolf_TEACH_15_00","",""
"Scripts/Content/Story/Dialoge/DIA_SLD_811_Wolf.d:171","Was soll ich dir beibringen?","뭘 가르쳐주면 되겠나?","","False","DIA_Wolf_TEACH_08_01","",""
"Scripts/Content/Story/Dialoge/DIA_SLD_811_Wolf.d:185","Na bitte. Du bist schon treffsicherer geworden.","거 봐. 솜씨가 훨씬 더 정확해졌어.","","False","DIA_Wolf_Teach_BACK_08_00","",""
"Scripts/Content/Story/Dialoge/DIA_SLD_811_Wolf.d:221","Und? Schon 'ne neue Aufgabe gefunden?","그래서? 새로운 일은 찾았나?","","False","DIA_Wolf_PERM.description","",""
"Scripts/Content/Story/Dialoge/DIA_SLD_811_Wolf.d:236","Und? Schon 'ne neue Aufgabe gefunden?","그래서? 새로운 일은 찾았나?","","False","DIA_Wolf_PERM_15_00","",""
"Scripts/Content/Story/Dialoge/DIA_SLD_811_Wolf.d:237","Bis jetzt noch nicht. Sag mir Bescheid, wenn du einen Job für mich hast.","아직까진 없어. 나한테 알맞은 일자리가 생기면 귀띔해 달라고.","","False","DIA_Wolf_PERM_08_01","",""
"Scripts/Content/Story/Dialoge/DIA_SLD_811_Wolf.d:249","Schon mal in der Stadt versucht, eine Arbeit zu finden?","도시에서 일자리를 구해볼 생각은 안 해봤어?","","False","DIA_Wolf_Stadt.description","",""
"Scripts/Content/Story/Dialoge/DIA_SLD_811_Wolf.d:264","Schon mal in der Stadt versucht, eine Arbeit zu finden?","도시에서 일자리를 구해볼 생각은 안 해봤어?","","False","DIA_Wolf_Stadt_15_00","",""
"Scripts/Content/Story/Dialoge/DIA_SLD_811_Wolf.d:265","In der Stadt? (lacht) Keine tausend Pferde bringen mich da hin.","도시라고? (웃음) 말 백 마리를 끌고 와도 난 거긴 안 가.","","False","DIA_Wolf_Stadt_08_01","",""
"Scripts/Content/Story/Dialoge/DIA_SLD_811_Wolf.d:266","Oder glaubst du etwa, ich würde dort als Milizsoldat arbeiten wollen? Ich stell mich mir gerade in dieser Hofschranzenuniform vor.","설마 내가 거기서 민병대 병사로 일하고 싶어 할 거라고 생각한 건 아니겠지? 그 알랑거리는 제복을 입은 내 모습은 상상도 하기 싫다고.","","False","DIA_Wolf_Stadt_08_02","",""
"Scripts/Content/Story/Dialoge/DIA_SLD_811_Wolf.d:267","Und dann dieser Gehorsamswahn. Ne, lass mal - hier auf dem Hof hab ich zwar gerade nichts zu tun, aber ich kann wenigstens machen, was ich will.","게다가 그 놈의 복종 타령이라니. 됐어 - 비록 농장에선 지금 하는 일이 없지만, 적어도 내 마음대로 행동할 수는 있으니까.","","False","DIA_Wolf_Stadt_08_03","",""
"Scripts/Content/Story/Dialoge/DIA_SLD_811_Wolf.d:291","Ich habe gehört, du kannst Rüstungen aus Crawlerplatten herstellen?","크롤러 껍질로 방어구를 만들 수 있다는 게 사실이야?","","False","DIA_Wolf_AboutCrawler.description","",""
"Scripts/Content/Story/Dialoge/DIA_SLD_811_Wolf.d:305","Ich habe gehört, du kannst Rüstungen aus Crawlerplatten herstellen?","크롤러 껍질로 방어구를 만들 수 있다는 게 사실이야?","","False","DIA_Wolf_AboutCrawler_15_00","",""
"Scripts/Content/Story/Dialoge/DIA_SLD_811_Wolf.d:306","Stimmt. Von wem hast du das gehört?","맞아. 그 소릴 누구한테 들었지?","","False","DIA_Wolf_AboutCrawler_08_01","",""
"Scripts/Content/Story/Dialoge/DIA_SLD_811_Wolf.d:307","Ein Jäger namens Gestath hat mir davon erzählt.","게스타트라는 사냥꾼한테 들었어.","","False","DIA_Wolf_AboutCrawler_15_02","",""
"Scripts/Content/Story/Dialoge/DIA_SLD_811_Wolf.d:308","Kannst du mir so eine Rüstung herstellen?","나한테도 그런 방어구를 만들어 줄 수 있나?","","False","DIA_Wolf_AboutCrawler_15_03","",""
"Scripts/Content/Story/Dialoge/DIA_SLD_811_Wolf.d:309","Klar. Bring mir 10 Crawlerplatten, dann mach ich dir eine.","물론이지. 크롤러 껍질 10개를 가져오면 하나 만들어 주지.","","False","DIA_Wolf_AboutCrawler_08_04","",""
"Scripts/Content/Story/Dialoge/DIA_SLD_811_Wolf.d:310","Wie viel willst du dafür haben?","대가로 얼마를 주면 되지?","","False","DIA_Wolf_AboutCrawler_15_05","",""
"Scripts/Content/Story/Dialoge/DIA_SLD_811_Wolf.d:311","Lass gut sein. Ich mach sie dir umsonst. Um der alten Zeiten willen.","됐어. 공짜로 만들어 줄 테니까. 예전 정을 생각해서 말이야.","","False","DIA_Wolf_AboutCrawler_08_06","",""
"Scripts/Content/Story/Dialoge/DIA_SLD_811_Wolf.d:344","Bring mir bei, wie man Crawlern die Platten abnimmt!","크롤러에게서 껍질을 벗겨내는 법을 가르쳐다오!","","False","DIA_Wolf_TeachCrawlerPlates_15_00","",""
"Scripts/Content/Story/Dialoge/DIA_SLD_811_Wolf.d:348","Ganz einfach: Die Rückenplatten sind nur an den Rändern mit dem Körper verwachsen. Nimm einfach eine scharfe Klinge und schneide sie heraus.","간단해. 등껍질은 가장자리만 몸에 붙어 있거든. 날카로운 칼날로 그 부분을 도려내기만 하면 돼.","","False","DIA_Wolf_TeachCrawlerPlates_08_01","",""
"Scripts/Content/Story/Dialoge/DIA_SLD_811_Wolf.d:349","Kapiert?","알겠나?","","False","DIA_Wolf_TeachCrawlerPlates_08_02","",""
"Scripts/Content/Story/Dialoge/DIA_SLD_811_Wolf.d:350","Klingt einfach.","간단하네.","","False","DIA_Wolf_TeachCrawlerPlates_15_03","",""
"Scripts/Content/Story/Dialoge/DIA_SLD_811_Wolf.d:351","Sag' ich ja.","내 말이 그 말이야.","","False","DIA_Wolf_TeachCrawlerPlates_08_04","",""
"Scripts/Content/Story/Dialoge/DIA_SLD_811_Wolf.d:365","Ich habe die Crawlerplatten für die Rüstung.","방어구에 쓸 크롤러 껍질을 가져왔어.","","False","DIA_Wolf_BringPlates.description","",""
"Scripts/Content/Story/Dialoge/DIA_SLD_811_Wolf.d:379","Ich habe die Crawlerplatten für die Rüstung.","방어구에 쓸 크롤러 껍질을 가져왔어.","","False","DIA_Wolf_BringPlates_15_00","",""
"Scripts/Content/Story/Dialoge/DIA_SLD_811_Wolf.d:381","Gut! Immer her damit.","좋아! 이리 넘겨.","","False","DIA_Wolf_BringPlates_08_01","",""
"Scripts/Content/Story/Dialoge/DIA_SLD_811_Wolf.d:398","Ok, wo ist die Rüstung?","좋아, 방어구는 어디 있지?","","False","DIA_Wolf_ArmorReady.description","",""
"Scripts/Content/Story/Dialoge/DIA_SLD_811_Wolf.d:412","Ok, wo ist die Rüstung?","좋아, 방어구는 어디 있지?","","False","DIA_Wolf_ArmorReady_15_00","",""
"Scripts/Content/Story/Dialoge/DIA_SLD_811_Wolf.d:425","Ich werd' sie dir zusammenbauen. Komm morgen wieder.","네가 입을 방어구를 만들어 줄게. 내일 다시 와.","","False","DIA_Wolf_ArmorReady_08_01","",""
"Scripts/Content/Story/Dialoge/DIA_SLD_811_Wolf.d:431","Ich hab sie fertig. Hier ist sie.","다 만들었어. 여기 있어.","","False","DIA_Wolf_ArmorReady_08_02","",""
"Scripts/Content/Story/Dialoge/DIA_SLD_811_Wolf.d:433","Ist ziemlich gut geworden, finde ich ...","꽤 잘 나온 것 같아...","","False","DIA_Wolf_ArmorReady_08_03","",""
"Scripts/Content/Story/Dialoge/DIA_SLD_811_Wolf.d:434","Danke!","고마워!","","False","DIA_Wolf_ArmorReady_15_04","",""
"Scripts/Content/Story/Dialoge/DIA_SLD_811_Wolf.d:435","Nicht der Rede wert ...","별것도 아닌걸...","","False","DIA_Wolf_ArmorReady_08_05","",""
"Scripts/Content/Story/Dialoge/DIA_SLD_811_Wolf.d:441","Scherzkeks. Ich brauche zuerst die Crawlerplatten ...","농담은. 먼저 크롤러 껍질이 필요하다고...","","False","DIA_Wolf_ArmorReady_08_06","",""
"Scripts/Content/Story/Dialoge/DIA_SLD_811_Wolf.d:491","Ich hab vielleicht einen Job für dich auf Bengars Hof.","벵가르의 농장에서 일할 자리를 찾은 것 같아.","","False","DIA_Wolf_BENGAR.description","",""
"Scripts/Content/Story/Dialoge/DIA_SLD_811_Wolf.d:510","Ich hab vielleicht einen Job für dich auf Bengars Hof.","벵가르의 농장에서 일할 자리를 찾은 것 같아.","","False","DIA_Wolf_BENGAR_15_00","",""
"Scripts/Content/Story/Dialoge/DIA_SLD_811_Wolf.d:514","Lass hören.","어디 들어보지.","","False","DIA_Wolf_BENGAR_08_01","",""
"Scripts/Content/Story/Dialoge/DIA_SLD_811_Wolf.d:515","Der Pass zum Minental mündet genau in Bengars Bauernhof. Er hat Probleme mit den ganzen Biestern, die sich durch den Pass zwängen.","광산의 계곡으로 통하는 통행증이 벵가르의 농장으로 바로 이어져. 그는 그 통로로 쏟아져 나오는 온갖 야수들 때문에 골머리를 앓고 있지.","","False","DIA_Wolf_BENGAR_15_02","",""
"Scripts/Content/Story/Dialoge/DIA_SLD_811_Wolf.d:516","Jemand müsste Bengars Hof verteidigen.","누군가 벵가르의 농장을 방어해야 해.","","False","DIA_Wolf_BENGAR_15_03","",""
"Scripts/Content/Story/Dialoge/DIA_SLD_811_Wolf.d:517","Das wäre was. Dann wäre ich wenigstens weg vom Hof hier und muss nicht mehr auf die Schmiede starren.","괜찮겠는걸. 적어도 여기 농장을 떠나서 종일 대장간만 쳐다보고 있지 않아도 될 테니까.","","False","DIA_Wolf_BENGAR_08_04","",""
"Scripts/Content/Story/Dialoge/DIA_SLD_811_Wolf.d:523","Abgemacht. Und weil du einer von uns bist, mache ich dir auch einen fairen Preis. Gib mir 300 Goldmünzen, und ich bin schon weg.","좋아. 그리고 넌 우리 동료 중 하나니까 공정한 가격으로 해 주지. 내게 300개의 금화를 주면, 바로 떠날게.","","False","DIA_Wolf_BENGAR_08_05","",""
"Scripts/Content/Story/Dialoge/DIA_SLD_811_Wolf.d:528","Gut. Das macht 800 Goldmünzen.","좋아. 그럼 800개의 금화야.","","False","DIA_Wolf_BENGAR_08_06","",""
"Scripts/Content/Story/Dialoge/DIA_SLD_811_Wolf.d:529","Stolzer Preis.","만만찮은 가격이군.","","False","DIA_Wolf_BENGAR_15_07","",""
"Scripts/Content/Story/Dialoge/DIA_SLD_811_Wolf.d:530","Tja. Für einen von uns würde ich es fast umsonst machen. Aber für dich ...","뭐. 우리 동료 중 한 명이라면 거의 공짜로 해줬겠지만. 하지만 너라면...","","False","DIA_Wolf_BENGAR_08_08","",""
"Scripts/Content/Story/Dialoge/DIA_SLD_811_Wolf.d:535","Ich denk´ darüber nach","생각해 볼게.","","False","DIA_Wolf_BENGAR_Info.DIA_Wolf_BENGAR.DIA_Wolf_BENGAR_nochnicht","Info_AddChoice",""
"Scripts/Content/Story/Dialoge/DIA_SLD_811_Wolf.d:536","Hier, dein Geld.","여기 네 돈이야.","","False","DIA_Wolf_BENGAR_Info.DIA_Wolf_BENGAR.DIA_Wolf_BENGAR_geld","Info_AddChoice",""
"Scripts/Content/Story/Dialoge/DIA_SLD_811_Wolf.d:541","Hier ist dein Gold.","여기 네 금이야.","","False","DIA_Wolf_BENGAR_geld_15_00","",""
"Scripts/Content/Story/Dialoge/DIA_SLD_811_Wolf.d:545","Gut. Dann wollen wir mal den Biestern auf die Pelle rücken. Mal sehen, wen ich hier auf dem Hof noch anwerben kann.","좋아. 그럼 이제 그 야수들을 처리하러 가볼까. 이 농장에서 다른 동료들을 더 모을 수 있는지 봐야겠어.","","False","DIA_Wolf_BENGAR_geld_08_01","",""
"Scripts/Content/Story/Dialoge/DIA_SLD_811_Wolf.d:546","Wir sehen uns.","나중에 보라고.","","False","DIA_Wolf_BENGAR_geld_08_02","",""
"Scripts/Content/Story/Dialoge/DIA_SLD_811_Wolf.d:558","Tja, wenn du das Geld hättest, wäre ich schon unterwegs.","글쎄, 네가 돈만 가졌다면 난 이미 출발했을 텐데.","","False","DIA_Wolf_BENGAR_geld_08_03","",""
"Scripts/Content/Story/Dialoge/DIA_SLD_811_Wolf.d:566","Ich denke darüber nach.","생각해 볼게.","","False","DIA_Wolf_BENGAR_nochnicht_15_00","",""
"Scripts/Content/Story/Dialoge/DIA_SLD_811_Wolf.d:567","Okay, aber lass mich nicht hängen.","알았어, 하지만 날 실망시키지 마.","","False","DIA_Wolf_BENGAR_nochnicht_08_01","",""
"Scripts/Content/Story/Dialoge/DIA_SLD_811_Wolf.d:581","Alles in Ordnung?","모두 별일 없나?","","False","DIA_Wolf_PERMKAP3.description","",""
"Scripts/Content/Story/Dialoge/DIA_SLD_811_Wolf.d:598","Alles in Ordnung?","모두 별일 없나?","","False","DIA_Wolf_PERMKAP3_15_00","",""
"Scripts/Content/Story/Dialoge/DIA_SLD_811_Wolf.d:602","Mein Geldgeber ist tot. Auch gut. Ich wollte immer schon mal einen Bauernhof besitzen.","나를 고용한 자가 죽었어. 뭐 나쁘지 않지. 난 늘 내 농장을 갖고 싶었거든.","","False","DIA_Wolf_PERMKAP3_08_01","",""
"Scripts/Content/Story/Dialoge/DIA_SLD_811_Wolf.d:609","Klar! Alles ruhig.","물론이지! 조용하다고.","","False","DIA_Wolf_PERMKAP3_08_02","",""
"Scripts/Content/Story/Dialoge/DIA_SLD_811_Wolf.d:693","Hättest du Lust, mit einem Schiff hier zu verschwinden?","배를 타고 여기서 떠나볼 생각 없나?","","False","DIA_Wolf_SHIP.description","",""
"Scripts/Content/Story/Dialoge/DIA_SLD_811_Wolf.d:707","Hättest du Lust, mit einem Schiff hier zu verschwinden?","배를 타고 여기서 떠나볼 생각 없나?","","False","DIA_Wolf_SHIP_15_00","",""
"Scripts/Content/Story/Dialoge/DIA_SLD_811_Wolf.d:712","Nein. Jetzt nicht mehr. Ich hab schon meine Aufgabe gefunden. Vielleicht ein andermal.","아니. 이제는 안 돼. 난 내 임무를 찾았거든. 다음에 기회가 되면 몰라도.","","False","DIA_Wolf_SHIP_08_01","",""
"Scripts/Content/Story/Dialoge/DIA_SLD_811_Wolf.d:717","Na klar. Nix wie weg hier. Ich könnte dir eine große Hilfe sein, dein Schiff zu verteidigen. Wo soll's hingehen?","물론이지. 여기서 당장 나가자고. 네 배를 방어하는 데 큰 도움이 될 수 있을 거야. 어디로 가는 거지?","","False","DIA_Wolf_SHIP_08_02","",""
"Scripts/Content/Story/Dialoge/DIA_SLD_811_Wolf.d:736","Ich muss zu einer Insel nicht weit von dieser hier. ","여기서 멀지 않은 섬으로 가야 해. ","","False","DIA_Wolf_KnowWhereEnemy.description","",""
"Scripts/Content/Story/Dialoge/DIA_SLD_811_Wolf.d:752","Ich muss zu einer Insel nicht weit von dieser hier.","여기서 멀지 않은 섬으로 가야 해.","","False","DIA_Wolf_KnowWhereEnemy_15_00","",""
"Scripts/Content/Story/Dialoge/DIA_SLD_811_Wolf.d:753","Ja, worauf warten wir noch? Ich könnte dir auf See Bogen- und Armbrustschießen beibringen.","그래, 뭘 망설이고 있나? 항해하는 동안 활과 석궁 다루는 법을 가르쳐 줄 수 있다고.","","False","DIA_Wolf_KnowWhereEnemy_08_01","",""
"Scripts/Content/Story/Dialoge/DIA_SLD_811_Wolf.d:757","Mir fällt gerade ein, dass ich eigentlich schon genug Leute beisammen habe.","생각해 보니 사람들은 이미 충분히 모은 것 같군.","","False","DIA_Wolf_KnowWhereEnemy_15_02","",""
"Scripts/Content/Story/Dialoge/DIA_SLD_811_Wolf.d:758","(verärgert) SO ist das also. Erst winkst du mit dem roten Tuch und dann wird nix draus, was?","(화내며) 그러시겠지. 먼저 미끼를 던져놓고는 아무 일도 없었던 것처럼 굴겠다는 거야?","","False","DIA_Wolf_KnowWhereEnemy_08_03","",""
"Scripts/Content/Story/Dialoge/DIA_SLD_811_Wolf.d:759","Du kannst mich mal. Hoffentlich säuft dein Kahn ab.","엿이나 먹어라. 네 배가 가라앉기나 바랄 테니까.","","False","DIA_Wolf_KnowWhereEnemy_08_04","",""
"Scripts/Content/Story/Dialoge/DIA_SLD_811_Wolf.d:765","Ich werd´ mir das nochmal überlegen.","다시 한번 생각해 볼게.","","False","DIA_Wolf_KnowWhereEnemy_Info.DIA_Wolf_KnowWhereEnemy.DIA_Wolf_KnowWhereEnemy_No","Info_AddChoice",""
"Scripts/Content/Story/Dialoge/DIA_SLD_811_Wolf.d:766","Willkommen an Bord","승선을 환영해.","","False","DIA_Wolf_KnowWhereEnemy_Info.DIA_Wolf_KnowWhereEnemy.DIA_Wolf_KnowWhereEnemy_Yes","Info_AddChoice",""
"Scripts/Content/Story/Dialoge/DIA_SLD_811_Wolf.d:772","Willkommen an Bord!","승선을 환영해!","","False","DIA_Wolf_KnowWhereEnemy_Yes_15_00","",""
"Scripts/Content/Story/Dialoge/DIA_SLD_811_Wolf.d:773","Komm zum Hafen. Bald geht's los.","항구로 오라고. 곧 출발할 테니.","","False","DIA_Wolf_KnowWhereEnemy_Yes_15_01","",""
"Scripts/Content/Story/Dialoge/DIA_SLD_811_Wolf.d:774","Bin schon unterwegs.","가는 중이야.","","False","DIA_Wolf_KnowWhereEnemy_Yes_08_02","",""
"Scripts/Content/Story/Dialoge/DIA_SLD_811_Wolf.d:796","Ich werd mir das noch mal überlegen.","다시 한번 생각해 볼게.","","False","DIA_Wolf_KnowWhereEnemy_No_15_00","",""
"Scripts/Content/Story/Dialoge/DIA_SLD_811_Wolf.d:797","Ach, weißt du was, ich glaube, du bist nur ein Aufschneider. Ich glaube dir kein Wort. Scher dich weg.","아, 알다시피 넌 그냥 허풍쟁이일 뿐이야. 네 말은 한마디도 안 믿어. 꺼져 버려.","","False","DIA_Wolf_KnowWhereEnemy_No_08_01","",""
"Scripts/Content/Story/Dialoge/DIA_SLD_811_Wolf.d:813","Ich kann dich doch nicht mehr gebrauchen.","너를 더 이상 데려갈 수 없겠어.","","False","DIA_Wolf_LeaveMyShip.description","",""
"Scripts/Content/Story/Dialoge/DIA_SLD_811_Wolf.d:827","Ich kann dich doch nicht mehr gebrauchen.","너를 더 이상 데려갈 수 없겠어.","","False","DIA_Wolf_LeaveMyShip_15_00","",""
"Scripts/Content/Story/Dialoge/DIA_SLD_811_Wolf.d:828","Erst machst du mir Hoffnungen und dann so eine Abfuhr. Du Dreckskerl, du wirst mich noch kennen lernen.","처음엔 기대하게 만들더니 이딴 식으로 나오다니. 더러운 녀석, 가만두지 않겠어.","","False","DIA_Wolf_LeaveMyShip_08_01","",""
"Scripts/Content/Story/Dialoge/DIA_SLD_811_Wolf.d:847","Hör mal.","이봐.","","False","DIA_Wolf_SHIPOFF.description","",""
"Scripts/Content/Story/Dialoge/DIA_SLD_811_Wolf.d:860","Hör mal.","이봐.","","False","DIA_Wolf_SHIPOFF_15_00","",""
"Scripts/Content/Story/Dialoge/DIA_SLD_811_Wolf.d:861","Verpfeif dich, du Dreckskerl.","꺼져라, 더러운 녀석.","","False","DIA_Wolf_SHIPOFF_08_01","",""
"Scripts/Content/Story/Dialoge/DIA_SLD_811_Wolf_DI.d:34","Wie steht's?","어떻게 지내나?","","False","DIA_Wolf_DI_HALLO.description","",""
"Scripts/Content/Story/Dialoge/DIA_SLD_811_Wolf_DI.d:48","Wie steht's?","어떻게 지내나?","","False","DIA_Wolf_DI_HALLO_15_00","",""
"Scripts/Content/Story/Dialoge/DIA_SLD_811_Wolf_DI.d:53","Musstest du unbedingt Bennet mitnehmen, Mann?","꼭 베넷을 데려와야만 했나, 이 친구야?","","False","DIA_Wolf_DI_HALLO_08_01","",""
"Scripts/Content/Story/Dialoge/DIA_SLD_811_Wolf_DI.d:54","Wo ist das Problem?","무슨 문제라도 있어?","","False","DIA_Wolf_DI_HALLO_15_02","",""
"Scripts/Content/Story/Dialoge/DIA_SLD_811_Wolf_DI.d:55","Ach, gar nichts. Ist schon gut. Erledige deine Aufgaben und dann schnell weg hier, ok?","아, 아무것도 아니야. 됐어. 네 일이나 끝내고 여기서 빨리 떠나자고, 알았지?","","False","DIA_Wolf_DI_HALLO_08_03","",""
"Scripts/Content/Story/Dialoge/DIA_SLD_811_Wolf_DI.d:61","Die Schmiede ist zwar nicht die beste, aber ich denke, ich probier sie mal aus.","대장간이 아주 좋은 건 아니지만, 그래도 한번 써봐야겠어.","","False","DIA_Wolf_DI_HALLO_08_04","",""
"Scripts/Content/Story/Dialoge/DIA_SLD_811_Wolf_DI.d:69","Kannst du mir eine Rüstung bauen?","나한테 방어구를 만들어 줄 수 있나?","","False","DIA_Wolf_DI_HALLO_15_05","",""
"Scripts/Content/Story/Dialoge/DIA_SLD_811_Wolf_DI.d:70","Ne, Mann. Nicht mit diesen Mitteln. Damit müssen wir schon noch warten, bis wir auf dem Festland sind.","안 돼, 친구. 이 장비로는 무리야. 본토에 도착할 때까지 기다려야 할걸.","","False","DIA_Wolf_DI_HALLO_08_06","",""
"Scripts/Content/Story/Dialoge/DIA_SLD_811_Wolf_DI.d:85","Trainiere mich im Fernkampf.","원거리 전투를 가르쳐 줘.","","False","DIA_Wolf_DI_Training.description","",""
"Scripts/Content/Story/Dialoge/DIA_SLD_811_Wolf_DI.d:98","Trainiere mich im Fernkampf.","원거리 전투를 가르쳐 줘.","","False","DIA_Wolf_DI_Training_15_00","",""
"Scripts/Content/Story/Dialoge/DIA_SLD_811_Wolf_DI.d:99","In welcher Kategorie?","어떤 쪽으로?","","False","DIA_Wolf_DI_Training_08_01","",""
"Scripts/Content/Story/Dialoge/DIA_SLD_811_Wolf_DI.d:117","Im Gegensatz zur Armbrust ist der Bogen sehr sperrig und braucht viel Platz. Sorge immer dafür, dass du im Kampf auch genug davon hast.","석궁과 달리 활은 부피가 아주 크고 공간을 많이 차지하지. 전투 중에도 활을 쏠 충분한 공간이 있는지 항상 확인하도록 해라.","","False","DIA_Wolf_DI_Training_BOW_1_08_00","",""
"Scripts/Content/Story/Dialoge/DIA_SLD_811_Wolf_DI.d:133","Lass die Sehne durch deine Finger gleiten, wenn du schießt. Ein verkrampfter Finger verfälscht die Flugbahn des Pfeils.","쏠 때는 손가락을 따라 현이 부드럽게 미끄러지게 해라. 손가락에 힘이 들어가면 화살의 탄도가 빗나가게 된다.","","False","DIA_Wolf_DI_Training_BOW_5_08_00","",""
"Scripts/Content/Story/Dialoge/DIA_SLD_811_Wolf_DI.d:153","Versuche, beim Schuss die Armbrust nicht zu verwackeln. Deswegen betätige den Abzug immer sehr vorsichtig.","석궁을 쏠 때 흔들리지 않도록 해라. 그렇기 때문에 방아쇠는 항상 아주 조심스럽게 당겨야 하는 거야.","","False","DIA_Wolf_DI_Training_CROSSBOW_1_08_00","",""
"Scripts/Content/Story/Dialoge/DIA_SLD_811_Wolf_DI.d:169","Ein cleverer Schütze bedient sich der Tragkraft des Windes und versucht, nicht gegen ihn zu schießen.","영리한 명사수는 바람의 부양력을 이용하며, 결코 맞바람을 향해 쏘지 않는다.","","False","DIA_Wolf_DI_Training_CROSSBOW_5_08_00","",""
"Scripts/Content/Story/Dialoge/DIA_SLD_811_Wolf_DI.d:196","Alles gut überstanden?","모두 무사히 끝났나?","","False","DIA_Wolf_DI_UndeadDragonDead.description","",""
"Scripts/Content/Story/Dialoge/DIA_SLD_811_Wolf_DI.d:210","Alles gut überstanden?","모두 무사히 끝났나?","","False","DIA_Wolf_DI_UndeadDragonDead_15_00","",""
"Scripts/Content/Story/Dialoge/DIA_SLD_811_Wolf_DI.d:211","Sicher. Und du? War ein dicker Brocken, was?","물론이지. 너는? 꽤 벅찬 상대였지, 그렇지 않나?","","False","DIA_Wolf_DI_UndeadDragonDead_08_01","",""
"Scripts/Content/Story/Dialoge/DIA_SLD_811_Wolf_DI.d:215","Wo willst du jetzt hingehen?","이제 어디로 갈 생각이지?","","False","DIA_Wolf_DI_UndeadDragonDead_15_02","",""
"Scripts/Content/Story/Dialoge/DIA_SLD_811_Wolf_DI.d:216","Bloß nicht wieder zurück. Von Khorinis habe ich endgültig die Schnauze voll.","돌아가지만 않는다면 어디든 좋아. 코리니스라면 진더더기 진저리가 나니까.","","False","DIA_Wolf_DI_UndeadDragonDead_08_03","",""
"Scripts/Content/Story/Dialoge/DIA_SLD_811_Wolf_DI.d:217","Ist mir völlig egal, wohin wir segeln. Hauptsache weg hier.","어디로 항해하든 상관없어. 여기서 벗어날 수만 있다면.","","False","DIA_Wolf_DI_UndeadDragonDead_08_04","",""
"Scripts/Content/Story/Dialoge/DIA_SLD_814_Sentenza.d:49","Wo willst du hin?!","거기 어디로 가는 거냐?!","","False","DIA_Sentenza_Hello_09_00","",""
"Scripts/Content/Story/Dialoge/DIA_SLD_814_Sentenza.d:55","Ich wüßte nicht, was dich das angeht.","내 알 바는 아닐 텐데.","","False","DIA_Sentenza_Hello_Info.DIA_Sentenza_Hello.DIA_Sentenza_Hello_NotYourBusiness","Info_AddChoice",""
"Scripts/Content/Story/Dialoge/DIA_SLD_814_Sentenza.d:56","Ich wollte mal nachsehen, was es hier so gibt.","그냥 여기 뭐가 있나 보려고 했어.","","False","DIA_Sentenza_Hello_Info.DIA_Sentenza_Hello.DIA_Sentenza_Hello_JustLooking","Info_AddChoice",""
"Scripts/Content/Story/Dialoge/DIA_SLD_814_Sentenza.d:61","Ich wollte mal nachsehen, was es hier so gibt.","그냥 여기 뭐가 있나 보려고 했어.","","False","DIA_Sentenza_Hello_JustLooking_15_00","",""
"Scripts/Content/Story/Dialoge/DIA_SLD_814_Sentenza.d:62","(lacht) Hier gibt's jede Menge Ärger für Männer wie dich! Du erzählst mir, du willst mal sehen, was es hier gibt?","(웃음) 너 같은 녀석들에겐 여기서 엄청난 골칫거리가 생길걸! 그냥 여기 뭐가 있나 보려던 참이라고?","","False","DIA_Sentenza_Hello_JustLooking_09_01","",""
"Scripts/Content/Story/Dialoge/DIA_SLD_814_Sentenza.d:63","Ha! Du willst zum Hof! Wieso bist du sonst den ganzen Weg hierher gelatscht, hm?","하! 농장으로 가려는 거겠지! 그렇지 않다면 왜 여기까지 땀을 흘리며 기어왔겠어, 응?","","False","DIA_Sentenza_Hello_JustLooking_09_02","",""
"Scripts/Content/Story/Dialoge/DIA_SLD_814_Sentenza.d:64","Also erzähl mir keinen Mist und lass dich kurz von mir durchsuchen, dann kannst du weiter.","그러니 헛소리 집어치우고 잠깐 내 수색이나 받아라. 그러면 지나가게 해 줄 테니까.","","False","DIA_Sentenza_Hello_JustLooking_09_03","",""
"Scripts/Content/Story/Dialoge/DIA_SLD_814_Sentenza.d:67","Behalt bloß deine Finger bei dir!","당장 손 치우지 그래!","","False","DIA_Sentenza_Hello_JustLooking.DIA_Sentenza_Hello.DIA_Sentenza_Hello_HandsOff","Info_AddChoice",""
"Scripts/Content/Story/Dialoge/DIA_SLD_814_Sentenza.d:68","Wie du willst. Durchsuch mich ruhig!","마음대로 해. 마음껏 수색해 보시지!","","False","DIA_Sentenza_Hello_JustLooking.DIA_Sentenza_Hello.DIA_Sentenza_Hello_SearchMe","Info_AddChoice",""
"Scripts/Content/Story/Dialoge/DIA_SLD_814_Sentenza.d:73","Ich wüsste nicht, was dich das angeht.","내 알 바는 아닐 텐데.","","False","DIA_Sentenza_Hello_NotYourBusiness_15_00","",""
"Scripts/Content/Story/Dialoge/DIA_SLD_814_Sentenza.d:74","(seufzt) Dann muss ich dir das wohl mal in Ruhe erklären.","(한숨) 그럼 차분히 설명해 줘야겠군.","","False","DIA_Sentenza_Hello_NotYourBusiness_09_01","",""
"Scripts/Content/Story/Dialoge/DIA_SLD_814_Sentenza.d:85","Wie du willst. Durchsuch mich ruhig!","마음대로 해. 마음껏 수색해 보시지!","","False","DIA_Sentenza_Hello_SearchMe_15_00","",""
"Scripts/Content/Story/Dialoge/DIA_SLD_814_Sentenza.d:86","Na dann wollen wir mal sehen, was wir da haben ...","어디 보자, 뭘 가지고 있는지...","","False","DIA_Sentenza_Hello_SearchMe_09_01","",""
"Scripts/Content/Story/Dialoge/DIA_SLD_814_Sentenza.d:90","Ah! Gold! Es kann ziemlich gefährlich sein, so viel Gold mit sich rumzutragen.","아! 금이군! 그렇게 많은 금을 들고 다니는 건 꽤 위험할 텐데.","","False","DIA_Sentenza_Hello_SearchMe_09_02","",""
"Scripts/Content/Story/Dialoge/DIA_SLD_814_Sentenza.d:91","Viele unter den Söldnern sind echte Halsabschneider. Keine ehrlichen Kerle, so wie ich.","용병들 중에는 진짜 칼잡이들이 많거든. 나처럼 정직한 녀석들이 아니지.","","False","DIA_Sentenza_Hello_SearchMe_09_03","",""
"Scripts/Content/Story/Dialoge/DIA_SLD_814_Sentenza.d:97","Na, das ist ja nicht viel, was du da hast.","음, 가진 게 별로 없잖아.","","False","DIA_Sentenza_Hello_SearchMe_09_04","",""
"Scripts/Content/Story/Dialoge/DIA_SLD_814_Sentenza.d:98","Ich komme später noch mal auf dich zurück.","나중에 다시 찾아오지.","","False","DIA_Sentenza_Hello_SearchMe_09_05","",""
"Scripts/Content/Story/Dialoge/DIA_SLD_814_Sentenza.d:102","Du bist hier also ganz ohne Gold unterwegs?","금 한 푼 없이 여기까지 온 거야?","","False","DIA_Sentenza_Hello_SearchMe_09_06","",""
"Scripts/Content/Story/Dialoge/DIA_SLD_814_Sentenza.d:103","Du siehst mir aber gar nicht so verhungert aus. Hast den Zaster bestimmt irgendwo versteckt, richtig?","그렇다고 쫄딱 굶은 꼴은 아닌데 말이지. 어디딘가 돈을 숨겨둔 게 분명해, 그렇지?","","False","DIA_Sentenza_Hello_SearchMe_09_07","",""
"Scripts/Content/Story/Dialoge/DIA_SLD_814_Sentenza.d:104","Bist jedenfalls nicht dumm. Wir sehen uns bestimmt noch mal. Pass bis dahin gut auf dich auf.","뭐 바보는 아니군. 우리 분명히 다시 보게 될 거야. 그때까지 몸조심하라고.","","False","DIA_Sentenza_Hello_SearchMe_09_08","",""
"Scripts/Content/Story/Dialoge/DIA_SLD_814_Sentenza.d:105","Bist wahrscheinlich der Einzige, der weiß, wo dein ganzes Gold ist!","네 금이 다 어디에 있는지 아는 건 아마 너뿐이겠지!","","False","DIA_Sentenza_Hello_SearchMe_09_09","",""
"Scripts/Content/Story/Dialoge/DIA_SLD_814_Sentenza.d:110","Ich will nur 50 Goldstücke von dir - das ist der Wegzoll hier. Du brauchst auch nur einmal zu bezahlen. Ist doch fair, oder?","네게서 50개의 금화만 받겠어. 여길 지나가는 통행료지. 한 번만 내면 되니까. 공평하잖아, 그렇지?","","False","DIA_Sentenza_Hello_SearchMe_09_10","",""
"Scripts/Content/Story/Dialoge/DIA_SLD_814_Sentenza.d:121","Behalt bloß deine Finger bei dir!","당장 손 치우지 그래!","","False","DIA_Sentenza_Hello_HandsOff_15_00","",""
"Scripts/Content/Story/Dialoge/DIA_SLD_814_Sentenza.d:122","(drohend) Oder was?","(위협적으로) 어쩔 건데?","","False","DIA_Sentenza_Hello_HandsOff_09_01","",""
"Scripts/Content/Story/Dialoge/DIA_SLD_814_Sentenza.d:125","Oder gar nichts. Durchsuch mich ruhig!","아무것도 아니야. 마음껏 수색해 보시지!","","False","DIA_Sentenza_Hello_HandsOff.DIA_Sentenza_Hello.DIA_Sentenza_Hello_SearchMe","Info_AddChoice",""
"Scripts/Content/Story/Dialoge/DIA_SLD_814_Sentenza.d:126","Oder du wirst so schnell niemanden mehr durchsuchen können!","아니면 더 이상 누구도 수색할 수 없게 만들어 주지!","","False","DIA_Sentenza_Hello_HandsOff.DIA_Sentenza_Hello.DIA_Sentenza_Hello_OrElse","Info_AddChoice",""
"Scripts/Content/Story/Dialoge/DIA_SLD_814_Sentenza.d:131","Oder du wirst so schnell niemanden mehr durchsuchen können!","아니면 더 이상 누구도 수색할 수 없게 만들어 주지!","","False","DIA_Sentenza_Hello_OrElse_15_00","",""
"Scripts/Content/Story/Dialoge/DIA_SLD_814_Sentenza.d:132","Das wollen wir doch mal sehen!","어디 한번 해보시지!","","False","DIA_Sentenza_Hello_OrElse_09_01","",""
"Scripts/Content/Story/Dialoge/DIA_SLD_814_Sentenza.d:162","Da bist du ja wieder! Dann wollen wir mal sehen, was du diesmal bei dir hast!","거기 또 왔군! 이번엔 뭘 가지고 있는지 볼까!","","False","DIA_Sentenza_Vzwei_09_00","",""
"Scripts/Content/Story/Dialoge/DIA_SLD_814_Sentenza.d:168","Nimm deine dreckigen Pfoten von mir!","그 더러운 손 당장 치워!","","False","DIA_Sentenza_Vzwei_Info.DIA_Sentenza_Vzwei.DIA_Sentenza_Vzwei_HandsOff","Info_AddChoice",""
"Scripts/Content/Story/Dialoge/DIA_SLD_814_Sentenza.d:170","Wie du willst. Durchsuch mich ruhig!","마음대로 해. 마음껏 수색해 보시지!","","False","DIA_Sentenza_Vzwei_Info.DIA_Sentenza_Vzwei.DIA_Sentenza_Vzwei_SearchMe","Info_AddChoice",""
"Scripts/Content/Story/Dialoge/DIA_SLD_814_Sentenza.d:182","Nimm deine dreckigen Pfoten weg!","그 더러운 손 치워!","","False","DIA_Sentenza_Vzwei_HandsOff_15_00","",""
"Scripts/Content/Story/Dialoge/DIA_SLD_814_Sentenza.d:183","(bedrohlich) So? Scheinbar ist diesmal bei dir ein bisschen mehr zu holen!","(위협적으로) 그래? 이번에는 뭔가 좀 더 우려낼 게 있는 모양이군!","","False","DIA_Sentenza_Vzwei_HandsOff_09_01","",""
"Scripts/Content/Story/Dialoge/DIA_SLD_814_Sentenza.d:198","Ich bin gekommen, um mich euch anzuschließen!","너희와 합류하려고 찾아왔다!","","False","DIA_Sentenza_WannaJoin.description","",""
"Scripts/Content/Story/Dialoge/DIA_SLD_814_Sentenza.d:211","Ich bin gekommen, um mich euch anzuschließen!","너희와 합류하려고 찾아왔다!","","False","DIA_Sentenza_WannaJoin_15_00","",""
"Scripts/Content/Story/Dialoge/DIA_SLD_814_Sentenza.d:212","Schön für dich.","잘 됐군.","","False","DIA_Sentenza_WannaJoin_09_01","",""
"Scripts/Content/Story/Dialoge/DIA_SLD_814_Sentenza.d:213","(beiläufig) Dir ist klar, dass die Söldner abstimmen werden, ob du mitmachen darfst oder nicht?","(덤덤하게) 네가 용병으로 들어올 수 있을지 없을지는 용병들이 투표로 결정한다는 거 알고 있겠지?","","False","DIA_Sentenza_WannaJoin_09_02","",""
"Scripts/Content/Story/Dialoge/DIA_SLD_814_Sentenza.d:226","Wirst du mir deine Stimme geben?","내게 투표해 주겠나?","","False","DIA_Sentenza_Vote.description","",""
"Scripts/Content/Story/Dialoge/DIA_SLD_814_Sentenza.d:240","Wirst du mir deine Stimme geben?","내게 투표해 주겠나?","","False","DIA_Sentenza_Vote_15_00","",""
"Scripts/Content/Story/Dialoge/DIA_SLD_814_Sentenza.d:244","Nur weil du mich besiegt hast? (lacht) Nein.","단지 나를 쓰러뜨렸다고 해서? (웃음) 아니.","","False","DIA_Sentenza_Vote_09_01","",""
"Scripts/Content/Story/Dialoge/DIA_SLD_814_Sentenza.d:249","Aber warum denn nicht? 50 Goldstücke sind doch ein fairer Preis für eine Stimme, denkst du nicht?","하지만 어째서 안 되겠나? 50개의 금화라면 투표 한 표 값으로는 꽤 공정한 가격 같은데, 안 그래?","","False","DIA_Sentenza_Vote_09_02","",""
"Scripts/Content/Story/Dialoge/DIA_SLD_814_Sentenza.d:257","Nachdem du mir mein Gold wieder abgenommen hast? Ich denke nicht, mein Junge.","내 금을 다시 빼앗아 간 뒤에? 사양하겠어, 얘야.","","False","DIA_Sentenza_Vote_09_03","",""
"Scripts/Content/Story/Dialoge/DIA_SLD_814_Sentenza.d:261","So läuft das nicht, Junge! Wenn ich dir meine Stimme geben soll, musst du schon mit etwas Gold rüberkommen.","세상이 그렇게 만만하지는 않지, 얘야! 내 표를 받고 싶다면 금을 좀 내놔야 할 거야.","","False","DIA_Sentenza_Vote_09_04","",""
"Scripts/Content/Story/Dialoge/DIA_SLD_814_Sentenza.d:262","Wie viel?","얼마나?","","False","DIA_Sentenza_Vote_15_05","",""
"Scripts/Content/Story/Dialoge/DIA_SLD_814_Sentenza.d:263","50 Goldstücke. Das ist der Wegzoll, den du sowieso bezahlt hättest.","50개의 금화. 네가 어차피 냈어야 할 통행료 말이다.","","False","DIA_Sentenza_Vote_09_06","",""
"Scripts/Content/Story/Dialoge/DIA_SLD_814_Sentenza.d:280","Hier hast du deine 50 Goldstücke.","여기 네 50개의 금화가 있다.","","False","DIA_Sentenza_Pay50.description","",""
"Scripts/Content/Story/Dialoge/DIA_SLD_814_Sentenza.d:295","Hier hast du deine 50 Goldstücke.","자, 여기 네 금화 50닢이다.","","False","DIA_Sentenza_Pay50_15_00","",""
"Scripts/Content/Story/Dialoge/DIA_SLD_814_Sentenza.d:298","Na bitte, es geht doch.","거 봐, 할 수 있으면서.","","False","DIA_Sentenza_Pay50_09_01","",""
"Scripts/Content/Story/Dialoge/DIA_SLD_814_Sentenza.d:303","Verarsch mich nicht. 50 und kein Stück weniger, klar?","장난치지 마. 50닢이고 단 한 닢도 부족해서는 안 돼, 알겠어?","","False","DIA_Sentenza_Pay50_09_02","",""
"Scripts/Content/Story/Dialoge/DIA_SLD_814_Sentenza.d:319","Rück mein Gold wieder raus!","내 금을 돌려줘!","","False","DIA_Sentenza_GoldBack.description","",""
"Scripts/Content/Story/Dialoge/DIA_SLD_814_Sentenza.d:336","Rück mein Gold wieder raus!","내 금을 돌려줘!","","False","DIA_Sentenza_GoldBack_15_00","",""
"Scripts/Content/Story/Dialoge/DIA_SLD_814_Sentenza.d:341","Jetzt, wo ich dir meine Stimme gegeben habe?","내가 너한테 표를 준 지금에 와서 말이야?","","False","DIA_Sentenza_GoldBack_09_01","",""
"Scripts/Content/Story/Dialoge/DIA_SLD_814_Sentenza.d:342","Du mieser kleiner Penner!","이 꼬락서니 하고는!","","False","DIA_Sentenza_GoldBack_09_02","",""
"Scripts/Content/Story/Dialoge/DIA_SLD_814_Sentenza.d:350","Entspann dich! Ich passe doch nur ein bisschen darauf auf ...","진정해! 그냥 조금 맡아주려던 것뿐이라고...","","False","DIA_Sentenza_GoldBack_09_03","",""
"Scripts/Content/Story/Dialoge/DIA_SLD_814_Sentenza.d:363","Sag mal, ist das ein Gesicht oder ein Hintern da vorne an deinem Kopf?","이봐, 머리통 앞에 달린 게 얼굴이야 엉덩이야?","","False","DIA_Sentenza_AufsMaul.description","",""
"Scripts/Content/Story/Dialoge/DIA_SLD_814_Sentenza.d:377","Sag mal, ist das ein Gesicht oder ein Hintern da vorne an deinem Kopf?","이봐, 머리통 앞에 달린 게 얼굴이야 엉덩이야?","","False","DIA_Sentenza_AufsMaul_15_00","",""
"Scripts/Content/Story/Dialoge/DIA_SLD_814_Sentenza.d:378","(lacht zornig) Okay, du hast es so gewollt ...","(화난 듯 웃으며) 좋아, 네가 자초한 일이다...","","False","DIA_Sentenza_AufsMaul_09_01","",""
"Scripts/Content/Story/Dialoge/DIA_SLD_814_Sentenza.d:394","Es ist mal wieder Zeit für Schläge!","다시 한 번 매를 맞을 시간이군!","","False","DIA_Sentenza_AufsMaulAgain.description","",""
"Scripts/Content/Story/Dialoge/DIA_SLD_814_Sentenza.d:411","Es ist mal wieder Zeit für Schläge!","다시 한 번 매를 맞을 시간이군!","","False","DIA_Sentenza_AufsMaulAgain_15_00","",""
"Scripts/Content/Story/Dialoge/DIA_SLD_814_Sentenza.d:412","Wenn du es sagst ...","그렇게 나온다면야...","","False","DIA_Sentenza_AufsMaulAgain_09_01","",""
"Scripts/Content/Story/Dialoge/DIA_SLD_814_Sentenza.d:427","Und, wie läuft's?","그래, 요즘 어때?","","False","DIA_Sentenza_PERM.description","",""
"Scripts/Content/Story/Dialoge/DIA_SLD_814_Sentenza.d:437","Und, wie läuft's?","그래, 요즘 어때?","","False","DIA_Sentenza_PERM_15_00","",""
"Scripts/Content/Story/Dialoge/DIA_SLD_814_Sentenza.d:439","Hier kommen selten Leute vorbei, aber bisher hat noch jeder bei mir seinen Wegzoll gezahlt.","이쪽으로 오는 사람은 드물지만, 지금까지 통행세를 안 낸 녀석은 없었지.","","False","DIA_Sentenza_PERM_09_01","",""
"Scripts/Content/Story/Dialoge/DIA_SLD_814_Sentenza.d:442","Außer dir. (grinst)","너만 빼고 말이야. (씩 웃음)","","False","DIA_Sentenza_PERM_09_02","",""
"Scripts/Content/Story/Dialoge/DIA_SLD_816_Fester.d:33","Was machst du hier?","여기서 뭐 하는 거야?","","False","DIA_Fester_Hello.description","",""
"Scripts/Content/Story/Dialoge/DIA_SLD_816_Fester.d:43","Was machst du hier?","여기서 뭐 하는 거야?","","False","DIA_Fester_Hello_15_00","",""
"Scripts/Content/Story/Dialoge/DIA_SLD_816_Fester.d:44","Ich bereite mich auf den Kampf vor ...","전투를 준비하고 있지...","","False","DIA_Fester_Hello_08_01","",""
"Scripts/Content/Story/Dialoge/DIA_SLD_816_Fester.d:56","Wieso?","왜?","","False","DIA_Fester_Auftrag.description","",""
"Scripts/Content/Story/Dialoge/DIA_SLD_816_Fester.d:69","Wieso?","왜?","","False","DIA_Fester_Auftrag_15_00","",""
"Scripts/Content/Story/Dialoge/DIA_SLD_816_Fester.d:70","In letzter Zeit haben die Bauern immer mehr Probleme mit den Feldräubern.","요즘 농부들이 필드 레이더 때문에 골머리를 앓고 있거든.","","False","DIA_Fester_Auftrag_08_01","",""
"Scripts/Content/Story/Dialoge/DIA_SLD_816_Fester.d:71","Ein paar von ihnen haben sich sogar fressen lassen.","녀석들에게 잡아먹힌 녀석들도 몇 명 있어.","","False","DIA_Fester_Auftrag_08_02","",""
"Scripts/Content/Story/Dialoge/DIA_SLD_816_Fester.d:72","Das fand der dicke Onar nicht gerade lustig. Wir haben alle eine Woche lang keinen Sold bekommen.","뚱뚱한 오나르가 그 꼴을 보고 가만히 있지 않았지. 우리 모두 일주일 동안 급료를 받지 못했다고.","","False","DIA_Fester_Auftrag_08_03","",""
"Scripts/Content/Story/Dialoge/DIA_SLD_816_Fester.d:73","Und es war mehr oder weniger meine Schuld. Jetzt will Lee, dass ich das Nest der Viecher alleine platt mache.","그리고 그건 다 내 탓이나 다름없었어. 그래서 리가 내게 혼자서 녀석들의 둥지를 소탕하라고 하더군.","","False","DIA_Fester_Auftrag_08_04","",""
"Scripts/Content/Story/Dialoge/DIA_SLD_816_Fester.d:74","Und die anderen Jungs haben schon Wetten abgeschlossen, ob ich's überlebe ...","다른 녀석들은 내가 살아남을 수 있을지 내기까지 걸었지...","","False","DIA_Fester_Auftrag_08_05","",""
"Scripts/Content/Story/Dialoge/DIA_SLD_816_Fester.d:86","Verstehst du was vom Kämpfen?","싸움에는 좀 자신이 있나?","","False","DIA_Fester_YouFight.description","",""
"Scripts/Content/Story/Dialoge/DIA_SLD_816_Fester.d:101","Verstehst du was vom Kämpfen?","싸움에는 좀 자신이 있나?","","False","DIA_Fester_YouFight_15_00","",""
"Scripts/Content/Story/Dialoge/DIA_SLD_816_Fester.d:102","Mit dem Schwert bin ich ganz okay, aber mit dem Bogen bin ich richtig gut! Warum fragst du?","검은 그럭저럭 다루지만 활은 정말 잘 쏘지! 왜 묻는 거지?","","False","DIA_Fester_YouFight_08_01","",""
"Scripts/Content/Story/Dialoge/DIA_SLD_816_Fester.d:114","Wo ist das Nest?","둥지가 어디 있지?","","False","DIA_Fester_WoNest.description","",""
"Scripts/Content/Story/Dialoge/DIA_SLD_816_Fester.d:128","Wo ist das Nest?","둥지가 어디 있지?","","False","DIA_Fester_WoNest_15_00","",""
"Scripts/Content/Story/Dialoge/DIA_SLD_816_Fester.d:129","Mitten auf dem Feld hier, in dem großen Felsen.","이 들판 한가운데, 저 커다란 바위 속에 있어.","","False","DIA_Fester_WoNest_08_01","",""
"Scripts/Content/Story/Dialoge/DIA_SLD_816_Fester.d:145","Wir könnten das Nest gemeinsam angreifen ...","함께 둥지를 치러 가지 않겠나...","","False","DIA_Fester_Together.description","",""
"Scripts/Content/Story/Dialoge/DIA_SLD_816_Fester.d:159","Wir könnten das Nest gemeinsam angreifen ...","함께 둥지를 치러 가지 않겠나...","","False","DIA_Fester_Together_15_00","",""
"Scripts/Content/Story/Dialoge/DIA_SLD_816_Fester.d:160","Du willst mir helfen? Warum?","네가 나를 돕겠다고? 왜?","","False","DIA_Fester_Together_08_01","",""
"Scripts/Content/Story/Dialoge/DIA_SLD_816_Fester.d:163","Ich will Gold sehen!","금을 좀 만져보고 싶거든!","","False","DIA_Fester_Together_Info.DIA_Fester_Together.DIA_Fester_Together_Gold","Info_AddChoice",""
"Scripts/Content/Story/Dialoge/DIA_SLD_816_Fester.d:166","Ich will bei euch mitmachen!","너희 용병단에 들어가고 싶어!","","False","DIA_Fester_Together_Info.DIA_Fester_Together.DIA_Fester_Together_Join","Info_AddChoice",""
"Scripts/Content/Story/Dialoge/DIA_SLD_816_Fester.d:172","Ich will bei euch mitmachen!","너희 용병단에 들어가고 싶어!","","False","DIA_Fester_Together_Join_15_00","",""
"Scripts/Content/Story/Dialoge/DIA_SLD_816_Fester.d:173","Ach, so sieht die Sache aus. Du willst beweisen, was du drauf hast ...","아, 그런 속셈이었나. 네 실력을 증명하고 싶단 거지...","","False","DIA_Fester_Together_Join_08_01","",""
"Scripts/Content/Story/Dialoge/DIA_SLD_816_Fester.d:174","(verschmitzt) Na gut, lass uns die Viecher gemeinsam angreifen.","(능글맞게) 좋아, 같이 저 괴물들을 쓸어버리자고.","","False","DIA_Fester_Together_Join_08_02","",""
"Scripts/Content/Story/Dialoge/DIA_SLD_816_Fester.d:181","Ich will Gold sehen!","금을 좀 만져보고 싶거든!","","False","DIA_Fester_Together_Gold_15_00","",""
"Scripts/Content/Story/Dialoge/DIA_SLD_816_Fester.d:182","(lacht) Du Drecksack! Du willst meine Lage ausnutzen, was?","(웃음) 이 나쁜 녀석! 내 처지를 이용해 먹겠다는 거냐?","","False","DIA_Fester_Together_Gold_08_01","",""
"Scripts/Content/Story/Dialoge/DIA_SLD_816_Fester.d:183","Entweder ich bezahle dich, oder ich geh wahrscheinlich bei der Sache drauf.","날 고용하든가, 아니면 여기서 개죽음을 당하든가 둘 중 하나겠지.","","False","DIA_Fester_Together_Gold_08_02","",""
"Scripts/Content/Story/Dialoge/DIA_SLD_816_Fester.d:184","Na gut. Ich kann dir 50 Goldstücke zahlen - mehr hab ich nicht.","알았어. 금화 50닢을 주마. 가진 건 그게 다야.","","False","DIA_Fester_Together_Gold_08_03","",""
"Scripts/Content/Story/Dialoge/DIA_SLD_816_Fester.d:201","Lass uns das Nest angreifen!","당장 둥지를 치러 가자!","","False","DIA_Fester_TogetherNOW.description","",""
"Scripts/Content/Story/Dialoge/DIA_SLD_816_Fester.d:216","Lass uns das Nest angreifen!","당장 둥지를 치러 가자!","","False","DIA_Fester_TogetherNOW_15_00","",""
"Scripts/Content/Story/Dialoge/DIA_SLD_816_Fester.d:220","Im Dunkeln? Nee, nee, das machen wir besser bei Tageslicht.","이 어두컴컴할 때? 아니, 아니, 대낮에 가는 게 훨씬 나아.","","False","DIA_Fester_TogetherNOW_08_01","",""
"Scripts/Content/Story/Dialoge/DIA_SLD_816_Fester.d:224","Jetzt gleich? Oder musst du dich vorher noch ausrüsten?","당장이라도? 아니면 장비를 더 정비해야 하나?","","False","DIA_Fester_TogetherNOW_08_02","",""
"Scripts/Content/Story/Dialoge/DIA_SLD_816_Fester.d:225","Du könntest noch mal zum Hof gehen ...","농장으로 다시 가보는 것도 좋을 텐데...","","False","DIA_Fester_TogetherNOW_08_03","",""
"Scripts/Content/Story/Dialoge/DIA_SLD_816_Fester.d:228","Gut, warten wir noch etwas...","좋아, 좀 더 기다리자...","","False","DIA_Fester_TogetherNOW_Info.DIA_Fester_TogetherNOW.DIA_Fester_TogetherNOW_Later","Info_AddChoice",""
"Scripts/Content/Story/Dialoge/DIA_SLD_816_Fester.d:229","Jetzt ist genausogut wie später.","지금이 나중에 할 때보다 훨씬 좋지.","","False","DIA_Fester_TogetherNOW_Info.DIA_Fester_TogetherNOW.DIA_Fester_TogetherNOW_NOW","Info_AddChoice",""
"Scripts/Content/Story/Dialoge/DIA_SLD_816_Fester.d:235","Jetzt ist genau so gut wie später.","지금이 나중에 할 때보다 훨씬 좋지.","","False","DIA_Fester_TogetherNOW_Now_15_00","",""
"Scripts/Content/Story/Dialoge/DIA_SLD_816_Fester.d:236","Gut, dann lass mal sehen, was du drauf hast.","좋아, 네 실력이 어느 정도인지 어디 한번 보자고.","","False","DIA_Fester_TogetherNOW_Now_08_01","",""
"Scripts/Content/Story/Dialoge/DIA_SLD_816_Fester.d:254","Gut, warten wir noch etwas ...","좋아, 좀 더 기다리자...","","False","DIA_Fester_TogetherNOW_Later_15_00","",""
"Scripts/Content/Story/Dialoge/DIA_SLD_816_Fester.d:255","Du weißt ja, wo du mich findest ...","내가 어디 있는지 알겠지...","","False","DIA_Fester_TogetherNOW_Later_08_01","",""
"Scripts/Content/Story/Dialoge/DIA_SLD_816_Fester.d:286","Wo, zum Teufel, hast du dich denn rumgetrieben?","도대체 어디를 쏘다니다 이제 오는 거야?","","False","DIA_Fester_InCave_08_00","",""
"Scripts/Content/Story/Dialoge/DIA_SLD_816_Fester.d:290","Hier haben sie also die toten Bauern hingeschleppt. Widerlich.","죽은 농부들을 끌고 온 곳이 바로 여기였군. 끔찍하기도 하지.","","False","DIA_Fester_InCave_08_01","",""
"Scripts/Content/Story/Dialoge/DIA_SLD_816_Fester.d:293","Die Drecksviecher dürften wohl alle platt sein.","그 더러운 녀석들도 이제 다 끝장났겠지.","","False","DIA_Fester_InCave_08_02","",""
"Scripts/Content/Story/Dialoge/DIA_SLD_816_Fester.d:294","Lass uns wieder zurückgehen!","다시 돌아가자고!","","False","DIA_Fester_InCave_08_03","",""
"Scripts/Content/Story/Dialoge/DIA_SLD_816_Fester.d:310","Was ist mit unserer Abmachung?","우리 약속은 어떻게 된 거지?","","False","DIA_Fester_WasMitAbmachung.description","",""
"Scripts/Content/Story/Dialoge/DIA_SLD_816_Fester.d:323","Was ist mit unserer Abmachung?","우리 약속은 어떻게 된 거지?","","False","DIA_Fester_WasMitAbmachung_15_00","",""
"Scripts/Content/Story/Dialoge/DIA_SLD_816_Fester.d:326","Willst du mich verarschen? Du hast nichts dafür getan.","장난해? 네가 한 게 뭐가 있다고.","","False","DIA_Fester_WasMitAbmachung_08_01","",""
"Scripts/Content/Story/Dialoge/DIA_SLD_816_Fester.d:330","Tja, ich könnte dir schon helfen, bei uns aufgenommen zu werden, aber ich werde es nicht tun.","글쎄, 네가 우리 일원으로 받아들여지도록 도와줄 수도 있겠지만, 그럴 생각은 없어.","","False","DIA_Fester_WasMitAbmachung_08_02","",""
"Scripts/Content/Story/Dialoge/DIA_SLD_816_Fester.d:331","Und warum nicht?","왜 안 되지?","","False","DIA_Fester_WasMitAbmachung_15_03","",""
"Scripts/Content/Story/Dialoge/DIA_SLD_816_Fester.d:332","Wenn ich allen erzähle, dass du mir geholfen hast, brummen sie mir 'ne neue Aufgabe auf.","네가 나를 도왔다고 다들 소문내면, 녀석들이 또 새로운 임무를 떠맡길 게 뻔하잖아.","","False","DIA_Fester_WasMitAbmachung_08_04","",""
"Scripts/Content/Story/Dialoge/DIA_SLD_816_Fester.d:333","Du verstehst doch, dass ich darauf keine Lust habe, oder?","내 말 뜻이 뭔지 이해하지?","","False","DIA_Fester_WasMitAbmachung_08_05","",""
"Scripts/Content/Story/Dialoge/DIA_SLD_816_Fester.d:334","Tja, Pech gehabt, Junge. Du findest bestimmt einen anderen, der dir hilft.","뭐, 역청 같은 소리 마라, 애송이. 널 도와줄 다른 녀석을 찾아보는 게 좋을걸.","","False","DIA_Fester_WasMitAbmachung_08_06","",""
"Scripts/Content/Story/Dialoge/DIA_SLD_816_Fester.d:338","Hey - du wolltest meine Lage ausnutzen. Jetzt hab ich dich ein bisschen ausgenutzt.","이봐, 넌 내 처지를 이용하려고 했잖아. 나도 네 처지를 좀 이용해 먹은 것뿐이야.","","False","DIA_Fester_WasMitAbmachung_08_07","",""
"Scripts/Content/Story/Dialoge/DIA_SLD_816_Fester.d:339","Aber sieh's mal positiv: Du hast dazugelernt. Das ist doch auch was, oder?","하지만 긍정적으로 생각해. 좋은 교훈을 얻었잖아. 그만하면 됐지, 안 그래?","","False","DIA_Fester_WasMitAbmachung_08_08","",""
"Scripts/Content/Story/Dialoge/DIA_SLD_816_Fester.d:366","Ich denke, du bist mal wieder reif für eine Tracht Prügel.","네 녀석, 또 한 번 실컷 두들겨 맞아야 정신을 차리겠군.","","False","DIA_Fester_PERMPruegel.description","",""
"Scripts/Content/Story/Dialoge/DIA_SLD_816_Fester.d:381","Ich denke, du bist mal wieder reif für eine Tracht Prügel.","네 녀석, 또 한 번 실컷 두들겨 맞아야 정신을 차리겠군.","","False","DIA_Fester_PERMPruegel_15_00","",""
"Scripts/Content/Story/Dialoge/DIA_SLD_816_Fester.d:396","Ich lasse mich nicht gerne verarschen!","내가 그렇게 만만해 보이나 봐?","","False","DIA_Fester_PERMPruegel_15_01","",""
"Scripts/Content/Story/Dialoge/DIA_SLD_816_Fester.d:397","Mir kommen die Tränen.","아주 눈물이 앞을 가리는군.","","False","DIA_Fester_PERMPruegel_08_02","",""
"Scripts/Content/Story/Dialoge/DIA_SLD_816_Fester.d:402","Es war keine gute Idee von dir, dich mit Sylvio einzulassen.","실비오와 어울리는 건 좋은 생각이 아니었을 텐데.","","False","DIA_Fester_PERMPruegel_15_03","",""
"Scripts/Content/Story/Dialoge/DIA_SLD_816_Fester.d:403","Du bist wohl einer von Lees Speichelleckern, was? Da bist du an den Falschen geraten!","네놈도 리의 하수인 중 하나인가 보지? 잘못 찾아왔다!","","False","DIA_Fester_PERMPruegel_08_04","",""
"Scripts/Content/Story/Dialoge/DIA_SLD_816_Fester.d:410","Was zum Teufel willst du schon wieder von mir?","도대체 뭘 또 원하는 거냐?","","False","DIA_Fester_PERMPruegel_08_05","",""
"Scripts/Content/Story/Dialoge/DIA_SLD_816_Fester.d:411","Ich wollte dich einfach mal wieder im Dreck liegen sehen!","네가 또 진흙탕에 나뒹구는 꼴을 보고 싶어서!","","False","DIA_Fester_PERMPruegel_15_06","",""
"Scripts/Content/Story/Dialoge/DIA_SLD_816_Fester.d:415","Du kapierst es einfach nicht, was?","정말 구제불능이군, 그래?","","False","DIA_Fester_PERMPruegel_08_07","",""
"Scripts/Content/Story/Dialoge/DIA_SLD_820_Soeldner.d:47","Wo willst du denn hin?","어디로 가시나?","","False","DIA_Sld_820_Halt_07_00","",""
"Scripts/Content/Story/Dialoge/DIA_SLD_820_Soeldner.d:48","Na, ins Haus.","뭐, 저 집으로.","","False","DIA_Sld_820_Halt_15_01","",""
"Scripts/Content/Story/Dialoge/DIA_SLD_820_Soeldner.d:49","Onar bezahlt uns, damit wir Typen wie dich hier nicht reinlassen!","오나르는 너 같은 녀석들이 여기에 들어오지 못하게 우리를 고용했다고!","","False","DIA_Sld_820_Halt_07_02","",""
"Scripts/Content/Story/Dialoge/DIA_SLD_820_Soeldner.d:53","Das ihr mir hier keine Milizen reinlasst! - Das waren seine Worte.","민병대는 절대 들여보내지 마라! 그게 그 사람의 엄명이었어.","","False","DIA_Sld_820_Halt_07_03","",""
"Scripts/Content/Story/Dialoge/DIA_SLD_820_Soeldner.d:56","Ich will mit Lee reden!","리를 만나러 왔다!","","False","DIA_Sld_820_Halt_15_04","",""
"Scripts/Content/Story/Dialoge/DIA_SLD_820_Soeldner.d:57","Was willst du von ihm?","그에게 볼일이라도?","","False","DIA_Sld_820_Halt_07_05","",""
"Scripts/Content/Story/Dialoge/DIA_SLD_820_Soeldner.d:60","Ich kenne ihn von früher...","예전에 안면이 있는 사이라서...","","False","DIA_Sld_820_Halt_Info.DIA_Sld_820_Halt.DIA_Sld_820_Halt_KenneLee","Info_AddChoice",""
"Scripts/Content/Story/Dialoge/DIA_SLD_820_Soeldner.d:63","Ich will mich den Söldnern anschliessen!","용병단에 들어가고 싶다!","","False","DIA_Sld_820_Halt_Info.DIA_Sld_820_Halt.DIA_Sld_820_Halt_WannaJoin","Info_AddChoice",""
"Scripts/Content/Story/Dialoge/DIA_SLD_820_Soeldner.d:69","Lee ist im rechten Flügel. Lass dir ja nicht einfallen, dich woanders rumzutreiben!","리는 오른쪽 날개 건물에 있다. 딴 데 얼쩡거릴 생각은 아예 하지 마라!","","False","B_Sld_820_LeeIsRight_07_00","",""
"Scripts/Content/Story/Dialoge/DIA_SLD_820_Soeldner.d:74","Ich will mich den Söldnern anschließen!","용병단에 들어가고 싶어!","","False","DIA_Sld_820_Halt_WannaJoin_15_00","",""
"Scripts/Content/Story/Dialoge/DIA_SLD_820_Soeldner.d:75","Ah, frisches Kanonenfutter! Dann geh mal rein.","아, 싱싱한 고기 방패군! 그럼 들어가라고.","","False","DIA_Sld_820_Halt_WannaJoin_07_01","",""
"Scripts/Content/Story/Dialoge/DIA_SLD_820_Soeldner.d:77","Aber vor allem lass Onar in Ruhe! Er steht nicht drauf, wenn man ihn unaufgefordert anquatscht. Schon gar nicht bei Typen wie dir.","하지만 무엇보다 오나르를 귀찮게 하지 마라! 그 양반은 시키지도 않았는데 말을 거는 걸 아주 질색하거든. 너 같은 녀석들은 더더욱 말이지.","","False","DIA_Sld_820_Halt_WannaJoin_07_02","",""
"Scripts/Content/Story/Dialoge/DIA_SLD_820_Soeldner.d:83","Ich kenne ihn von früher ...","예전에 안면이 있는 사이라서...","","False","DIA_Sld_820_Halt_KenneLee_15_00","",""
"Scripts/Content/Story/Dialoge/DIA_SLD_820_Soeldner.d:84","DU bist ein Kumpel von Lee? Ich glaub dir kein Wort! Aber geh ruhig, wenn er sich nicht an dich erinnern kann, wirst du's schon merken ... (lacht)","네가 리의 친구라고? 믿을 수 없군! 하지만 들어가 보라고. 그가 널 기억하지 못하면 아주 꼴 볼만할걸... (웃음)","","False","DIA_Sld_820_Halt_KenneLee_07_01","",""
"Scripts/Content/Story/Dialoge/DIA_SLD_820_Soeldner.d:99","Wie sieht's aus?","요즘 어때?","","False","DIA_Sld_820_PERM.description","",""
"Scripts/Content/Story/Dialoge/DIA_SLD_820_Soeldner.d:109","Wie sieht's aus?","요즘 어때?","","False","DIA_Sld_820_PERM_15_00","",""
"Scripts/Content/Story/Dialoge/DIA_SLD_820_Soeldner.d:110","Geh rein, wenn du willst, aber quatsch mich nicht voll.","원한다면 들어가든가, 하지만 내게 쓸데없는 소리는 하지 마.","","False","DIA_Sld_820_PERM_07_01","",""
"Scripts/Content/Story/Dialoge/DIA_SLD_822_Raoul.d:50","Warte doch mal, Freundchen!","거기 잠깐 기다려, 친구!","","False","DIA_Raoul_NoSentenza_01_00","",""
"Scripts/Content/Story/Dialoge/DIA_SLD_822_Raoul.d:51","Ich hab gar nicht gesehen, dass Sentenza dich durchsucht hat.","센텐자가 널 수색하는 걸 못 봤는데.","","False","DIA_Raoul_NoSentenza_01_01","",""
"Scripts/Content/Story/Dialoge/DIA_SLD_822_Raoul.d:56","SENTENZA! Komm doch mal her!","센텐자! 이리 좀 와 봐!","","False","DIA_Raoul_NoSentenza_01_02","",""
"Scripts/Content/Story/Dialoge/DIA_SLD_822_Raoul.d:57","(gespielt höflich) Einen Moment, er ist sofort hier!","(능청스럽게) 잠깐만, 금방 올 거야!","","False","DIA_Raoul_NoSentenza_01_03","",""
"Scripts/Content/Story/Dialoge/DIA_SLD_822_Raoul.d:58","Dann wirst du dein blaues Wunder erleben!","그럼 아주 쓴맛을 보게 될 거다!","","False","DIA_Raoul_NoSentenza_01_04","",""
"Scripts/Content/Story/Dialoge/DIA_SLD_822_Raoul.d:64","Wo ist er überhaupt? Na ja, egal, da hast du ja noch mal Glück gehabt ...","그는 대체 어디 있는 거지? 뭐, 상관없어. 이번엔 운이 좋았나 보군...","","False","DIA_Raoul_NoSentenza_01_05","",""
"Scripts/Content/Story/Dialoge/DIA_SLD_822_Raoul.d:96","(gelangweilt) Was willst du?","(지루한 듯) 무슨 볼일이지?","","False","DIA_Raoul_Hello_01_00","",""
"Scripts/Content/Story/Dialoge/DIA_SLD_822_Raoul.d:100","(genervt) Was willst du schon wieder?","(짜증 내며) 또 뭘 원하는 거냐?","","False","DIA_Raoul_Hello_01_01","",""
"Scripts/Content/Story/Dialoge/DIA_SLD_822_Raoul.d:117","Ich will mich auf dem Hof umsehen!","농장을 좀 둘러보고 싶어!","","False","DIA_Raoul_PERMNone.description","",""
"Scripts/Content/Story/Dialoge/DIA_SLD_822_Raoul.d:130","Ich will mich auf dem Hof umsehen!","농장을 좀 둘러보고 싶어!","","False","DIA_Raoul_PERMNone_15_00","",""
"Scripts/Content/Story/Dialoge/DIA_SLD_822_Raoul.d:134","Geh nicht in das linke Haus. Da drin sitzt Sylvio. Er ist zurzeit nicht besonders gut gelaunt.","왼쪽에 있는 집에는 가지 마. 실비오가 그 안에 있거든. 요즘 기분이 별로 좋지 않단 말이지.","","False","DIA_Raoul_PERMNone_01_01","",""
"Scripts/Content/Story/Dialoge/DIA_SLD_822_Raoul.d:135","Wenn er einen Schwächling sieht, der nicht zum Hof gehört, könnte er auf die Idee kommen, seine schlechte Laune an ihm auszulassen.","농장 사람도 아닌 얼빠진 녀석을 보면, 그 불똥이 엉뚱하게 튈지도 몰라.","","False","DIA_Raoul_PERMNone_01_02","",""
"Scripts/Content/Story/Dialoge/DIA_SLD_822_Raoul.d:140","Viel Spaß!","행운을 빌지!","","False","DIA_Raoul_PERMNone_01_03","",""
"Scripts/Content/Story/Dialoge/DIA_SLD_822_Raoul.d:154","Ich will mich Lee anschließen! ","리에 합류하고 싶다! ","","False","DIA_Raoul_WannaJoin.description","",""
"Scripts/Content/Story/Dialoge/DIA_SLD_822_Raoul.d:167","Ich will mich Lee anschließen!","리에 합류하고 싶다!","","False","DIA_Raoul_WannaJoin_15_00","",""
"Scripts/Content/Story/Dialoge/DIA_SLD_822_Raoul.d:168","Lee hat hier bald nichts mehr zu sagen, wenn er so weiter macht!","이런 식으로 나가다간 리도 여기서 발언권을 잃고 말걸!","","False","DIA_Raoul_WannaJoin_01_01","",""
"Scripts/Content/Story/Dialoge/DIA_SLD_822_Raoul.d:169","Was soll das heißen?","그게 무슨 소리지?","","False","DIA_Raoul_WannaJoin_15_02","",""
"Scripts/Content/Story/Dialoge/DIA_SLD_822_Raoul.d:170","Er will, dass wir hier alle sitzen und Däumchen drehen. Ab uns zu mal ein paar Bauern einschüchtern und das war's.","우리가 여기 앉아서 콧김이나 뿜어대기를 바라잖아. 가끔 애꿎은 농부들이나 겁주고 끝이지.","","False","DIA_Raoul_WannaJoin_01_03","",""
"Scripts/Content/Story/Dialoge/DIA_SLD_822_Raoul.d:171","Sylvio sagt immer, Angriff ist die beste Verteidigung, und da hat er verdammt Recht.","실비오가 항상 공격이 최선의 방어라고 했고, 그 말에 백번 동감하는 바야.","","False","DIA_Raoul_WannaJoin_01_04","",""
"Scripts/Content/Story/Dialoge/DIA_SLD_822_Raoul.d:183","Wer ist Sylvio?","실비오가 누구지?","","False","DIA_Raoul_AboutSylvio.description","",""
"Scripts/Content/Story/Dialoge/DIA_SLD_822_Raoul.d:197","Wer ist Sylvio?","실비오가 누구지?","","False","DIA_Raoul_AboutSylvio_15_00","",""
"Scripts/Content/Story/Dialoge/DIA_SLD_822_Raoul.d:198","Wenn du mich fragst, unser nächster Anführer. Wenn du vorhast, ihn zu fragen, ob du bei uns mitmachen kannst - vergiss es!","내 생각엔 우리의 다음 지도자지. 그 사람한테 우리랑 합류할 수 있냐고 물어볼 생각이라면 - 꿈도 꾸지 마!","","False","DIA_Raoul_AboutSylvio_01_01","",""
"Scripts/Content/Story/Dialoge/DIA_SLD_822_Raoul.d:199","Du siehst so aus, als ob du gerade mal zum Schafehüten taugst.","너는 딱 봐도 양이나 몰면 딱이겠는데.","","False","DIA_Raoul_AboutSylvio_01_02","",""
"Scripts/Content/Story/Dialoge/DIA_SLD_822_Raoul.d:211","Hast du was dagegen, wenn ich hier als Söldner anfange?","여기서 용병으로 시작하는 거에 대해 불만 있어?","","False","DIA_Raoul_Stimme.description","",""
"Scripts/Content/Story/Dialoge/DIA_SLD_822_Raoul.d:224","Hast du was dagegen, wenn ich hier als Söldner anfange?","여기서 용병으로 시작하는 거에 대해 불만 있어?","","False","DIA_Raoul_Stimme_15_00","",""
"Scripts/Content/Story/Dialoge/DIA_SLD_822_Raoul.d:225","Ach, mach doch, was du willst ...","아, 네 마음대로 해...","","False","DIA_Raoul_Stimme_01_01","",""
"Scripts/Content/Story/Dialoge/DIA_SLD_822_Raoul.d:242","Ich glaube ich hau dir mal ein bisschen aufs Maul...","너 좀 맞아야겠어...","","False","DIA_Raoul_Duell.description","",""
"Scripts/Content/Story/Dialoge/DIA_SLD_822_Raoul.d:257","Ich glaube, ich hau dir mal ein bisschen aufs Maul ...","너 좀 맞아야겠어...","","False","DIA_Raoul_Duell_15_00","",""
"Scripts/Content/Story/Dialoge/DIA_SLD_822_Raoul.d:258","Was?","뭐?","","False","DIA_Raoul_Duell_01_01","",""
"Scripts/Content/Story/Dialoge/DIA_SLD_822_Raoul.d:259","Das ist genau das, was du jetzt brauchst ...","지금 네게 딱 필요한 거지...","","False","DIA_Raoul_Duell_15_02","",""
"Scripts/Content/Story/Dialoge/DIA_SLD_822_Raoul.d:260","Ich bin wohl bisher zu nett zu dir gewesen, was?","내가 그동안 너한테 너무 잘해줬지, 안 그래?","","False","DIA_Raoul_Duell_01_03","",""
"Scripts/Content/Story/Dialoge/DIA_SLD_822_Raoul.d:282","Sonst alles im Griff?","그 밖에 별일은 없고?","","False","DIA_Raoul_PERM.description","",""
"Scripts/Content/Story/Dialoge/DIA_SLD_822_Raoul.d:295","Sonst alles im Griff?","그 밖에 별일은 없고?","","False","DIA_Raoul_PERM_15_00","",""
"Scripts/Content/Story/Dialoge/DIA_SLD_822_Raoul.d:299","Quatsch hier keine Arien! Geh und besorg mir das schwarze Trollfell.","쓸데없는 소리 하지 마! 가서 저 블랙 트롤 가죽이나 구해와.","","False","DIA_Raoul_PERM_01_01","",""
"Scripts/Content/Story/Dialoge/DIA_SLD_822_Raoul.d:303","Willst du dich jetzt bei mir anbiedern, oder was soll das werden? Hau ab!","이제 와서 나한테 아부라도 떨려는 거야, 뭐야? 꺼져!","","False","DIA_Raoul_PERM_01_02","",""
"Scripts/Content/Story/Dialoge/DIA_SLD_822_Raoul.d:307","Ich hab noch nicht vergessen, was du mit mir gemacht hast.","네가 나한테 한 짓 아직 안 잊었어.","","False","DIA_Raoul_PERM_01_03","",""
"Scripts/Content/Story/Dialoge/DIA_SLD_822_Raoul.d:334","(zynisch) Sieh mal einer an!","(냉소적으로) 이거 봐라!","","False","DIA_Raoul_TROLL_01_00","",""
"Scripts/Content/Story/Dialoge/DIA_SLD_822_Raoul.d:335","Was willst du?","뭐 원하는 거라도 있어?","","False","DIA_Raoul_TROLL_15_01","",""
"Scripts/Content/Story/Dialoge/DIA_SLD_822_Raoul.d:339","Hast dich den Stadtpennern angeschlossen, wie ich sehe?","도시 거지들이랑 한통속이 됐나 보네?","","False","DIA_Raoul_TROLL_01_02","",""
"Scripts/Content/Story/Dialoge/DIA_SLD_822_Raoul.d:344","Glaub bloß nicht, dass ich dich jetzt respektiere, nur weil du einer von uns bist.","우리 동료가 됐다고 해서 네가 존중받을 거라 착각하지 마.","","False","DIA_Raoul_TROLL_01_03","",""
"Scripts/Content/Story/Dialoge/DIA_SLD_822_Raoul.d:349","Machst hier einen auf feinen Magier, was?","고상한 마법사라도 된 척하는 거야?","","False","DIA_Raoul_TROLL_01_04","",""
"Scripts/Content/Story/Dialoge/DIA_SLD_822_Raoul.d:352","Ich sag dir was. Egal, welche Klamotten du dir auch anziehst, ich durchschaue dich.","말해두는데, 무슨 옷을 입든 간에 난 네 속이 훤히 다 보여.","","False","DIA_Raoul_TROLL_01_05","",""
"Scripts/Content/Story/Dialoge/DIA_SLD_822_Raoul.d:353","Für mich bist du nur ein kleiner schmieriger Tagedieb, nichts weiter.","내 눈에 넌 그저 뺀질거리는 빈대일 뿐이야, 그 이상도 아니고.","","False","DIA_Raoul_TROLL_01_06","",""
"Scripts/Content/Story/Dialoge/DIA_SLD_822_Raoul.d:356","Ich muß gehen.","난 가봐야겠어.","","False","DIA_Raoul_TROLL_Info.DIA_Raoul_TROLL.DIA_Raoul_TROLL_weg","Info_AddChoice",""
"Scripts/Content/Story/Dialoge/DIA_SLD_822_Raoul.d:357","Was ist dein Problem?","무슨 문제라도 있어?","","False","DIA_Raoul_TROLL_Info.DIA_Raoul_TROLL.DIA_Raoul_TROLL_rechnung","Info_AddChoice",""
"Scripts/Content/Story/Dialoge/DIA_SLD_822_Raoul.d:362","Ich muss gehen.","난 가봐야겠어.","","False","DIA_Raoul_TROLL_weg_15_00","",""
"Scripts/Content/Story/Dialoge/DIA_SLD_822_Raoul.d:363","Ja. Verschwinde.","그래, 꺼져.","","False","DIA_Raoul_TROLL_weg_01_01","",""
"Scripts/Content/Story/Dialoge/DIA_SLD_822_Raoul.d:369","Was ist dein Problem?","무슨 문제라도 있어?","","False","DIA_Raoul_TROLL_rechnung_15_00","",""
"Scripts/Content/Story/Dialoge/DIA_SLD_822_Raoul.d:370","Leute von deiner Sorte kenne ich. Große Schnauze, nichts dahinter.","너 같은 녀석들은 잘 알지. 입만 살아가지고 실속은 하나도 없는.","","False","DIA_Raoul_TROLL_rechnung_01_01","",""
"Scripts/Content/Story/Dialoge/DIA_SLD_822_Raoul.d:371","Jemand, der sich groß rausputzt und von seinen Heldentaten prahlt, ist mir zuwider.","폼이나 잔뜩 잡으면서 자기 무용담이나 늘어놓는 녀석들은 질색이야.","","False","DIA_Raoul_TROLL_rechnung_01_02","",""
"Scripts/Content/Story/Dialoge/DIA_SLD_822_Raoul.d:372","Erst gestern noch hab ich einem der Jungs hier die Fresse poliert, weil er behauptet hat, dass er einen schwarzen Troll mit einer Hand auf dem Rücken zur Strecke bringen kann.","바로 어제도 여기 녀석들 중 하나가 한 손을 뒤로 묶은 채로 트롤을 때려잡을 수 있다고 큰소리를 치길래 면상을 아주 뭉개버렸지.","","False","DIA_Raoul_TROLL_rechnung_01_03","",""
"Scripts/Content/Story/Dialoge/DIA_SLD_822_Raoul.d:373","Ja und?","그래서?","","False","DIA_Raoul_TROLL_rechnung_15_04","",""
"Scripts/Content/Story/Dialoge/DIA_SLD_822_Raoul.d:374","(sauer) Was soll das heißen, ja und?","(화내며) 그래라니, 그게 무슨 소리야?","","False","DIA_Raoul_TROLL_rechnung_01_05","",""
"Scripts/Content/Story/Dialoge/DIA_SLD_822_Raoul.d:375","Hast du überhaupt schon mal einen schwarzen Troll gesehen, du Großmaul? Weißt du eigentlich, wie groß diese Ungeheuer sind, Mann?","너 트롤이란 걸 본 적이나 있어, 이 허풍선아? 이 괴물들이 얼마나 거대한지 알고는 있나, 이 친구야?","","False","DIA_Raoul_TROLL_rechnung_01_06","",""
"Scripts/Content/Story/Dialoge/DIA_SLD_822_Raoul.d:376","Wenn du ihnen nur einen Schritt zu nahe kommst, reißen sie dich glatt in Stücke.","거기서 조금만 더 다가가기만 해도 단번에 갈라져 버릴걸.","","False","DIA_Raoul_TROLL_rechnung_01_07","",""
"Scripts/Content/Story/Dialoge/DIA_SLD_822_Raoul.d:379","Interessiert mich nicht.","관심 없어.","","False","DIA_Raoul_TROLL_rechnung.DIA_Raoul_TROLL.DIA_Raoul_TROLL_rechnung_hastrecht","Info_AddChoice",""
"Scripts/Content/Story/Dialoge/DIA_SLD_822_Raoul.d:383","Ich hab´ schon einen schwarzen Troll getötet.","트롤은 벌써 잡아봤는데.","","False","DIA_Raoul_TROLL_rechnung.DIA_Raoul_TROLL.DIA_Raoul_TROLL_rechnung_ich","Info_AddChoice",""
"Scripts/Content/Story/Dialoge/DIA_SLD_822_Raoul.d:387","Schwarzer Troll? Kein Problem für mich.","트롤 따위? 나한테는 문제없지.","","False","DIA_Raoul_TROLL_rechnung.DIA_Raoul_TROLL.DIA_Raoul_TROLL_rechnung_noProb","Info_AddChoice",""
"Scripts/Content/Story/Dialoge/DIA_SLD_822_Raoul.d:393","Dir juckt wohl das Fell, was? Ich sollte dir den Kopf abreißen. Aber ich habe eine bessere Idee.","제대로 긁어 부스름을 만드네, 어? 네 머리통을 뽑아버려야겠어. 하지만 더 좋은 생각이 떠올랐지.","","False","DIA_Raoul_TROLL_rechnung_B_Raoul_Blame_01_00","",""
"Scripts/Content/Story/Dialoge/DIA_SLD_822_Raoul.d:394","Wenn du so ein toller Kämpfer bist, dann beweise es.","그렇게 대단한 전사라면 네 실력을 증명해 봐.","","False","DIA_Raoul_TROLL_rechnung_B_Raoul_Blame_01_01","",""
"Scripts/Content/Story/Dialoge/DIA_SLD_822_Raoul.d:395","Was habe ich davon?","내게 떨어지는 게 뭔데?","","False","DIA_Raoul_TROLL_rechnung_B_Raoul_Blame_15_02","",""
"Scripts/Content/Story/Dialoge/DIA_SLD_822_Raoul.d:396","Blöde Frage. Deine Ehre und einen heilen Unterkiefer?","멍청한 질문이네. 네 명예와 멀쩡한 턱주거리가 아니겠어?","","False","DIA_Raoul_TROLL_rechnung_B_Raoul_Blame_01_03","",""
"Scripts/Content/Story/Dialoge/DIA_SLD_822_Raoul.d:397","Ein bisschen dünn, findest du nicht?","너무 약한데, 그렇지 않나?","","False","DIA_Raoul_TROLL_rechnung_B_Raoul_Blame_15_04","",""
"Scripts/Content/Story/Dialoge/DIA_SLD_822_Raoul.d:398","Mmh. Sagen wir, ich würde dir eine Menge Geld bezahlen, wenn du mir das Fell eines schwarzen Trolls bringen kannst. Wie hört sich das an?","음, 트롤 가죽을 가져다준다면 엄청난 돈을 지불하겠다고 하면 어때? 그거 괜찮은 제안이지?","","False","DIA_Raoul_TROLL_rechnung_B_Raoul_Blame_01_05","",""
"Scripts/Content/Story/Dialoge/DIA_SLD_822_Raoul.d:399","Besser.","낫네.","","False","DIA_Raoul_TROLL_rechnung_B_Raoul_Blame_15_06","",""
"Scripts/Content/Story/Dialoge/DIA_SLD_822_Raoul.d:400","Worauf wartest du dann noch?","그럼 뭘 망설이고 있지?","","False","DIA_Raoul_TROLL_rechnung_B_Raoul_Blame_01_07","",""
"Scripts/Content/Story/Dialoge/DIA_SLD_822_Raoul.d:413","Interessiert mich nicht.","관심 없어.","","False","DIA_Raoul_TROLL_rechnung_hastrecht_15_00","",""
"Scripts/Content/Story/Dialoge/DIA_SLD_822_Raoul.d:414","Ist auch besser für dich.","그게 너한테도 신상에 이로울 걸.","","False","DIA_Raoul_TROLL_rechnung_hastrecht_01_01","",""
"Scripts/Content/Story/Dialoge/DIA_SLD_822_Raoul.d:420","Ich hab schon einen schwarzen Troll getötet.","트롤은 벌써 잡아봤어.","","False","DIA_Raoul_TROLL_rechnung_ich_15_00","",""
"Scripts/Content/Story/Dialoge/DIA_SLD_822_Raoul.d:426","Schwarzer Troll? Kein Problem.","트롤 따위? 문제없어.","","False","DIA_Raoul_TROLL_rechnung_noProb_15_00","",""
"Scripts/Content/Story/Dialoge/DIA_SLD_822_Raoul.d:440","Erzähl mir erst, wie ich dem Troll das Fell abziehe.","트롤한테서 가죽 벗기기부터 먼저 알려줘.","","False","DIA_Raoul_TrophyFur.description","",""
"Scripts/Content/Story/Dialoge/DIA_SLD_822_Raoul.d:454","Erzähl mir erst, wie ich dem Troll das Fell abziehe.","트롤한테서 가죽 벗기기부터 먼저 알려줘.","","False","DIA_Raoul_TrophyFur_15_00","",""
"Scripts/Content/Story/Dialoge/DIA_SLD_822_Raoul.d:458","Dann mach mal deine Lauscher auf. Dieser Tipp ist jetzt ganz umsonst.","그럼 귀담아들어. 이번 팁은 공짜로 알려주는 거니까.","","False","DIA_Raoul_TrophyFur_01_01","",""
"Scripts/Content/Story/Dialoge/DIA_SLD_822_Raoul.d:459","Du greifst dir das Vieh und schneidest ihm jeweils eine Kerbe in die Läufe.","그 짐승을 붙잡고 다리에 각각 칼집을 내는 거야.","","False","DIA_Raoul_TrophyFur_01_02","",""
"Scripts/Content/Story/Dialoge/DIA_SLD_822_Raoul.d:460","Dann ziehst du dem Ding das Fell über die Ohren. Ist das etwa schwierig oder was?","그런 다음 녀석의 가죽을 귀까지 끌어당겨 벗겨내면 되지. 이게 그렇게 어렵나?","","False","DIA_Raoul_TrophyFur_01_03","",""
"Scripts/Content/Story/Dialoge/DIA_SLD_822_Raoul.d:473","Ich habe das Fell eines schwarzen Trolls.","트롤 가죽을 가지고 있어.","","False","DIA_Raoul_TROLLFELL.description","",""
"Scripts/Content/Story/Dialoge/DIA_SLD_822_Raoul.d:487","Ich habe das Fell eines schwarzen Trolls.","트롤 가죽을 가지고 있어.","","False","DIA_Raoul_TROLLFELL_15_00","",""
"Scripts/Content/Story/Dialoge/DIA_SLD_822_Raoul.d:488","Nicht möglich. Zeig her.","말도 안 돼. 이리 가져와 봐.","","False","DIA_Raoul_TROLLFELL_01_01","",""
"Scripts/Content/Story/Dialoge/DIA_SLD_822_Raoul.d:490","Wahnsinn. Was willst du dafür haben?","대단하군. 대가로 뭘 원하지?","","False","DIA_Raoul_TROLLFELL_01_02","",""
"Scripts/Content/Story/Dialoge/DIA_SLD_822_Raoul.d:491","Gib mir, was du hast.","네가 가진 거 전부 줘.","","False","DIA_Raoul_TROLLFELL_15_03","",""
"Scripts/Content/Story/Dialoge/DIA_SLD_822_Raoul.d:492","Okay. Ich gebe dir 500 Goldmünzen dafür und lege noch drei starke Heiltränke oben drauf, was meinst du?","좋아. 500 금화에다가 강력한 치유 포션 세 개를 얹어주지, 어때?","","False","DIA_Raoul_TROLLFELL_01_04","",""
"Scripts/Content/Story/Dialoge/DIA_SLD_822_Raoul.d:495","Das ist mir zu wenig.","너무 적은데.","","False","DIA_Raoul_TROLLFELL_Info.DIA_Raoul_TROLLFELL.DIA_Raoul_TROLLFELL_nein","Info_AddChoice",""
"Scripts/Content/Story/Dialoge/DIA_SLD_822_Raoul.d:496","Gekauft.","좋아, 콜.","","False","DIA_Raoul_TROLLFELL_Info.DIA_Raoul_TROLLFELL.DIA_Raoul_TROLLFELL_ja","Info_AddChoice",""
"Scripts/Content/Story/Dialoge/DIA_SLD_822_Raoul.d:504","Gekauft.","좋아, 콜.","","False","DIA_Raoul_TROLLFELL_ja_15_00","",""
"Scripts/Content/Story/Dialoge/DIA_SLD_822_Raoul.d:505","War mir ein Vergnügen.","즐거웠다구.","","False","DIA_Raoul_TROLLFELL_ja_01_01","",""
"Scripts/Content/Story/Dialoge/DIA_SLD_822_Raoul.d:515","Das ist mir zu wenig.","너무 적은데.","","False","DIA_Raoul_TROLLFELL_nein_15_00","",""
"Scripts/Content/Story/Dialoge/DIA_SLD_822_Raoul.d:516","Dann eben nicht. Das Fell werde ich trotzdem behalten.","그럼 말던가. 가죽은 내가 그냥 가질 테니까.","","False","DIA_Raoul_TROLLFELL_nein_01_01","",""
"Scripts/Content/Story/Dialoge/DIA_SLD_822_Raoul.d:517","Diese Chance werde ich mir nicht durch die Lappen gehen lassen.","이번 기회를 놓치지는 않을 거라고.","","False","DIA_Raoul_TROLLFELL_nein_01_02","",""
"Scripts/Content/Story/Dialoge/DIA_SLD_822_Raoul.d:532","Gib mir mein Trollfell zurück.","내 트롤 가죽 돌려줘.","","False","DIA_Raoul_FELLZURUECK.description","",""
"Scripts/Content/Story/Dialoge/DIA_SLD_822_Raoul.d:546","Gib mir mein Trollfell zurück.","내 트롤 가죽 돌려줘.","","False","DIA_Raoul_FELLZURUECK_15_00","",""
"Scripts/Content/Story/Dialoge/DIA_SLD_822_Raoul.d:547","Nein.","싫어.","","False","DIA_Raoul_FELLZURUECK_01_01","",""
"Scripts/Content/Story/Dialoge/DIA_SLD_822_Raoul.d:560","Komm nie wieder auf die Idee, mich zu verarschen, klar?","다시는 나를 속일 생각 하지 마, 알겠어?","","False","DIA_Raoul_GotTrollFurBack.description","",""
"Scripts/Content/Story/Dialoge/DIA_SLD_822_Raoul.d:575","Komm nie wieder auf die Idee, mich zu verarschen, klar?","다시는 나를 속일 생각 하지 마, 알겠어?","","False","DIA_Raoul_GotTrollFurBack_15_00","",""
"Scripts/Content/Story/Dialoge/DIA_SLD_822_Raoul.d:576","Schon gut. Du weißt doch, wie die Sache hier läuft, oder? Also reg dich wieder ab.","알았어. 여기서 일돌아가는 꼴을 잘 알면서 그러잖아? 그러니까 진정해.","","False","DIA_Raoul_GotTrollFurBack_01_01","",""
"Scripts/Content/Story/Dialoge/DIA_SLD_822_Raoul.d:692","Wie wär's mit 'ner Schiffsreise hier raus?","여기서 빠져나가는 배 여행 어때?","","False","DIA_Raoul_Ship.description","",""
"Scripts/Content/Story/Dialoge/DIA_SLD_822_Raoul.d:706","Wie wär's mit 'ner Schiffsreise hier raus?","여기서 벗어나는 항해에 관심 있나?","","False","DIA_Raoul_Ship_15_00","",""
"Scripts/Content/Story/Dialoge/DIA_SLD_822_Raoul.d:707","Was hast du vor? Willst du das Schiff der Paladine kapern? (lacht)","무슨 꿍꿍이야? 팔라딘들의 배라도 탈취하겠다는 거야? (웃음)","","False","DIA_Raoul_Ship_01_01","",""
"Scripts/Content/Story/Dialoge/DIA_SLD_822_Raoul.d:708","Und wenn es so wäre?","그렇다면 어쩔 건데?","","False","DIA_Raoul_Ship_15_02","",""
"Scripts/Content/Story/Dialoge/DIA_SLD_822_Raoul.d:709","(ernst) Du bist doch komplett verrückt. Nein, danke. Nichts für mich.","(진지하게) 너 완전히 돌았구나. 됐어. 사양하겠어.","","False","DIA_Raoul_Ship_01_03","",""
"Scripts/Content/Story/Dialoge/DIA_SLD_822_Raoul.d:710","Ich sehe keinen Grund, Khorinis zu verlassen. Ob ich nun hier meine Kohle verdiene oder auf dem Festland, das ist mir gleich.","코리니스를 떠날 이유는 없어. 여기서 돈을 벌든 본토에서 벌든 내겐 다 똑같거든.","","False","DIA_Raoul_Ship_01_04","",""
"Scripts/Content/Story/Dialoge/DIA_SLD_822_Raoul.d:711","Such dir einen anderen.","다른 사람이나 찾아보라고.","","False","DIA_Raoul_Ship_01_05","",""
"Scripts/Content/Story/Dialoge/DIA_SLD_822_Raoul.d:715","Frag doch mal Torlof. Der ist damals zur See gefahren, soviel ich weiß.","토를로프에게 물어봐. 내 기억에 그는 예전에 바다를 누비던 사람이었으니까.","","False","DIA_Raoul_Ship_01_06","",""
"Scripts/Content/Story/Dialoge/DIA_SLD_823_Khaled.d:35","Alles klar bei dir?","요즘 어때?","","False","DIA_Khaled_Hallo.description","",""
"Scripts/Content/Story/Dialoge/DIA_SLD_823_Khaled.d:48","Alles klar bei dir?","별일 없지?","","False","DIA_Khaled_Hallo_15_00","",""
"Scripts/Content/Story/Dialoge/DIA_SLD_823_Khaled.d:51","So - du willst also bei uns mitmachen? Hast du überhaupt schon eine vernünftige Waffe?","그래, 우리랑 합류하고 싶다고? 제대로 된 무기는 가지고 있나?","","False","DIA_Khaled_Hallo_11_01","",""
"Scripts/Content/Story/Dialoge/DIA_SLD_823_Khaled.d:58","Wenn es was Wichtiges ist, rede mit Lee. Ansonsten lass mich in Ruhe.","중요한 용건이라면 리와 얘기해. 그게 아니면 내버려 두고.","","False","DIA_Khaled_Hallo_11_02","",""
"Scripts/Content/Story/Dialoge/DIA_SLD_823_Khaled.d:74","Welche Waffen hast du anzubieten?","어떤 무기들을 팔고 있지?","","False","DIA_Khaled_TRADE.description","",""
"Scripts/Content/Story/Dialoge/DIA_SLD_823_Khaled.d:87","Welche Waffen hast du anzubieten?","어떤 무기들을 팔고 있지?","","False","DIA_Khaled_TRADE_15_00","",""
"Scripts/Content/Story/Dialoge/DIA_SLD_823_Khaled.d:89","Nur die besten. Sieh sie dir doch einfach an.","최고의 물건들뿐이지. 직접 와서 보라고.","","False","DIA_Khaled_TRADE_11_01","",""
"Scripts/Content/Story/Dialoge/DIA_SLD_823_Khaled.d:102","Hast du was dagegen, wenn ich bei euch mitmache?","내가 자네들과 합류하는 거에 대해 어떻게 생각해?","","False","DIA_Khaled_WannaJoin.description","",""
"Scripts/Content/Story/Dialoge/DIA_SLD_823_Khaled.d:116","Hast du was dagegen, wenn ich bei euch mitmache?","내가 자네들과 합류하는 거에 대해 어떻게 생각해?","","False","DIA_Khaled_WannaJoin_15_00","",""
"Scripts/Content/Story/Dialoge/DIA_SLD_823_Khaled.d:117","Wenn du die Probe bestanden hast, werde ich für dich stimmen.","시험을 통과한다면, 내 표를 주겠네.","","False","DIA_Khaled_WannaJoin_11_01","",""
"Scripts/Content/Story/Dialoge/DIA_SLD_823_Khaled.d:121","Das habe ich.","이미 끝냈어.","","False","DIA_Khaled_WannaJoin_15_02","",""
"Scripts/Content/Story/Dialoge/DIA_SLD_823_Khaled.d:122","Na, dann ist ja alles klar.","그럼 된 거지.","","False","DIA_Khaled_WannaJoin_11_03","",""
"Scripts/Content/Story/Dialoge/DIA_SLD_823_Khaled.d:135","Wie bist du zu den Söldnern gekommen?","어쩌다 용병이 된 거야?","","False","DIA_Khaled_Woher.description","",""
"Scripts/Content/Story/Dialoge/DIA_SLD_823_Khaled.d:148","Wie bist du zu den Söldnern gekommen?","어쩌다 용병이 된 거야?","","False","DIA_Khaled_Woher_15_00","",""
"Scripts/Content/Story/Dialoge/DIA_SLD_823_Khaled.d:149","Ich bin mit Sylvio aus dem Süden gekommen. Wir waren in einer Söldnerarmee, die gegen die Orks gekämpft hat.","실비오와 함께 남쪽에서 왔어. 오크들과 싸우던 용병대에 있었지.","","False","DIA_Khaled_Woher_11_01","",""
"Scripts/Content/Story/Dialoge/DIA_SLD_823_Khaled.d:161","Was denkst du über Sylvio?","실비오에 대해서는 어떻게 생각해?","","False","DIA_Khaled_AboutSylvio.description","",""
"Scripts/Content/Story/Dialoge/DIA_SLD_823_Khaled.d:174","Was denkst du über Sylvio?","실비오에 대해서는 어떻게 생각해?","","False","DIA_Khaled_AboutSylvio_15_00","",""
"Scripts/Content/Story/Dialoge/DIA_SLD_823_Khaled.d:175","Der Typ ist gefährlich! Und viele der Söldner, die mit ihm hierher gekommen sind, hören auf ihn. Leg dich besser nicht mit ihm an.","그 자는 위험해! 그와 함께 여기까지 온 용병들 중 상당수가 그의 말을 따르고 있지. 웬만하면 그와 엮이지 않는 게 좋을 거야.","","False","DIA_Khaled_AboutSylvio_11_01","",""
"Scripts/Content/Story/Dialoge/DIA_SLD_823_Khaled.d:187","Was denkst du über Lee?","리에 대해서는 어떻게 생각해?","","False","DIA_Khaled_AboutLee.description","",""
"Scripts/Content/Story/Dialoge/DIA_SLD_823_Khaled.d:200","Was denkst du über Lee?","리에 대해서는 어떻게 생각해?","","False","DIA_Khaled_AboutLee_15_00","",""
"Scripts/Content/Story/Dialoge/DIA_SLD_823_Khaled.d:201","Ich glaube, das einzige, was Lee wirklich interessiert, ist, von dieser Insel runterzukommen.","리가 진정으로 관심 있는 건 이 섬을 떠나는 것뿐이라고 생각해.","","False","DIA_Khaled_AboutLee_11_01","",""
"Scripts/Content/Story/Dialoge/DIA_SLD_823_Khaled.d:202","Er will aufs Festland. Hat da wohl noch 'ne Rechnung offen ...","본토로 돌아가고 싶어 하거든. 거기서 끝내지 못한 일이 있는 모양이야...","","False","DIA_Khaled_AboutLee_11_02","",""
"Scripts/Content/Story/Dialoge/DIA_SLD_823_Khaled.d:203","Jedenfalls versteht er sein Handwerk um Längen besser, als Sylvio das jemals könnte.","어쨌든 그는 실비오가 평생 가도 못 따라갈 만큼 훌륭하게 일을 처리해.","","False","DIA_Khaled_AboutLee_11_03","",""
"Scripts/Content/Story/Dialoge/DIA_SLD_823_Khaled.d:204","Außerdem ist er ein guter Anführer. Die meiste Zeit kann man hier machen, was man will.","게다가 훌륭한 지도자이기도 하지. 여기선 대부분 자기 마음대로 행동할 수 있으니까.","","False","DIA_Khaled_AboutLee_11_04","",""
"Scripts/Content/Story/Dialoge/DIA_SLD_840_Alvares.d:47","Was dich auch immer hergeführt hat - ist besser, du vergisst es und verschwindest.","무슨 일로 여기까지 왔든 간에 잊어버리고 꺼지는 게 좋을 거다.","","False","DIA_Alvares_HAUAB_11_00","",""
"Scripts/Content/Story/Dialoge/DIA_SLD_840_Alvares.d:77","Du bist ja immer noch hier. Also du hast jetzt die Wahl Fremder, verpiss dich oder stirb.","이거 아직도 여기 있었네. 이방인, 선택권을 주지. 썩 꺼지든가, 아니면 죽든가.","","False","DIA_Alvares_ATTACK_11_00","",""
"Scripts/Content/Story/Dialoge/DIA_SLD_840_Alvares.d:80","Wer seid ihr Kerle -  Spaßvögel? ","너희들은 누구지? 개그맨들이라도 되나? ","","False","DIA_Alvares_ATTACK_Info.DIA_Alvares_ATTACK.DIA_Alvares_ATTACK_Kerle","Info_AddChoice",""
"Scripts/Content/Story/Dialoge/DIA_SLD_840_Alvares.d:81","Ich will mich euch Söldnern anschliessen.","너희 용병들에게 합류하고 싶다.","","False","DIA_Alvares_ATTACK_Info.DIA_Alvares_ATTACK.DIA_Alvares_ATTACK_Soeldner","Info_AddChoice",""
"Scripts/Content/Story/Dialoge/DIA_SLD_840_Alvares.d:82","Ihr Typen verschwindet jetzt hier... ","너희들 지금 당장 여기서 꺼져... ","","False","DIA_Alvares_ATTACK_Info.DIA_Alvares_ATTACK.DIA_Alvares_ATTACK_Witz","Info_AddChoice",""
"Scripts/Content/Story/Dialoge/DIA_SLD_840_Alvares.d:83","Ich will keinen Ärger.","시비 걸고 싶지 않아.","","False","DIA_Alvares_ATTACK_Info.DIA_Alvares_ATTACK.DIA_Alvares_ATTACK_Aerger","Info_AddChoice",""
"Scripts/Content/Story/Dialoge/DIA_SLD_840_Alvares.d:87","Ich will nur was abholen.","물건 좀 가지러 왔을 뿐이야.","","False","DIA_Alvares_ATTACK_Info.DIA_Alvares_ATTACK.DIA_Alvares_ATTACK_Lieferung","Info_AddChoice",""
"Scripts/Content/Story/Dialoge/DIA_SLD_840_Alvares.d:93","Ihr Typen verschwindet jetzt hier, kapiert?","너희 녀석들 당장 여기서 꺼지는 게 좋을 거다, 알아들었나?","","False","DIA_Alvares_ATTACK_Witz_15_00","",""
"Scripts/Content/Story/Dialoge/DIA_SLD_840_Alvares.d:94","Sieh an, wir haben hier einen Helden - einen sehr dummen Helden.","이거 봐라, 영웅 행세를 하려는 녀석이 있네. 아주 구제 불능인 영웅이야.","","False","DIA_Alvares_ATTACK_Witz_11_01","",""
"Scripts/Content/Story/Dialoge/DIA_SLD_840_Alvares.d:95","Weißt du, was ich denke?","내가 무슨 생각 하는지 알아?","","False","DIA_Alvares_ATTACK_Witz_11_02","",""
"Scripts/Content/Story/Dialoge/DIA_SLD_840_Alvares.d:96","Wen interessiert schon, was du denkst?","네가 무슨 생각을 하든 누가 신경이나 쓴대?","","False","DIA_Alvares_ATTACK_Witz_15_03","",""
"Scripts/Content/Story/Dialoge/DIA_SLD_840_Alvares.d:97","Ich denke, nur ein toter Held ist ein guter Held. Also tu mir den Gefallen und stirb schnell!","오직 죽은 영웅만이 진짜 영웅이지. 그러니 내 부탁 하나 들어주지 그래, 빨리 뒈져버려!","","False","DIA_Alvares_ATTACK_Witz_11_04","",""
"Scripts/Content/Story/Dialoge/DIA_SLD_840_Alvares.d:105","Wer seid ihr Kerle - Spaßvögel?","너희들은 누구지 - 개그맨들이라도 되나?","","False","DIA_Alvares_ATTACK_Kerle_15_00","",""
"Scripts/Content/Story/Dialoge/DIA_SLD_840_Alvares.d:106","Du hast es erfasst. Ich werde noch lachen, wenn du mit dem Gesicht in deinem eigenen Blut liegst.","그래, 아주 잘 짚었어. 네가 네 피 범벅이 된 채 바닥에 뒹굴 때 나도 실컷 웃어줄 테니까.","","False","DIA_Alvares_ATTACK_Kerle_11_01","",""
"Scripts/Content/Story/Dialoge/DIA_SLD_840_Alvares.d:107","(ruft) Engardo, es geht los! Du schnappst dir den Bauer - ich kümmere mich um diesen Witzbold!","(소리치며) 엔가르도, 시작하자고! 저 농부는 네가 맡아 - 이 까불이는 내가 처리할 테니까!","","False","DIA_Alvares_ATTACK_Kerle_11_02","",""
"Scripts/Content/Story/Dialoge/DIA_SLD_840_Alvares.d:115","Ich will keinen Ärger.","시비 걸고 싶지 않아.","","False","DIA_Alvares_ATTACK_Aerger_15_00","",""
"Scripts/Content/Story/Dialoge/DIA_SLD_840_Alvares.d:116","Aber wir wollen Ärger. Wir sind einen weiten Weg gegangen, nur um Ärger zu machen.","하지만 우린 시비를 걸고 싶거든. 이 난장판을 벌이려고 멀리서부터 찾아왔다고.","","False","DIA_Alvares_ATTACK_Aerger_11_01","",""
"Scripts/Content/Story/Dialoge/DIA_SLD_840_Alvares.d:117","Ja, wir werden eine Menge Ärger machen. Und ich werde mit dir anfangen, wenn du nicht sofort verschwindest.","그래, 우린 한바탕 소란을 피울 거다. 그리고 네가 당장 꺼지지 않으면 너부터 시작해주지.","","False","DIA_Alvares_ATTACK_Aerger_11_02","",""
"Scripts/Content/Story/Dialoge/DIA_SLD_840_Alvares.d:124","Ich will nur was abholen.","난 그저 물건을 가지러 왔을 뿐이다.","","False","DIA_Alvares_ATTACK_Lieferung_15_00","",""
"Scripts/Content/Story/Dialoge/DIA_SLD_840_Alvares.d:125","Wir auch. Wir waren zuerst hier. Also verpiss dich, sonst muss ich dir wehtun.","우리도 마찬가지야. 우리가 먼저 왔다고. 그러니까 꺼져, 안 그러면 너를 다치게 할 테니까.","","False","DIA_Alvares_ATTACK_Lieferung_11_01","",""
"Scripts/Content/Story/Dialoge/DIA_SLD_840_Alvares.d:132","Ich will mich euch Söldnern anschließen.","용병들에 합류하고 싶다.","","False","DIA_Alvares_ATTACK_Soeldner_15_00","",""
"Scripts/Content/Story/Dialoge/DIA_SLD_840_Alvares.d:133","Ach ja? Dann verpiss dich - sonst wirst du dich niemandem mehr anschließen.","그래? 그럼 꺼져라. 안 그러면 두 다시는 누구에게도 합류하지 못할 테니.","","False","DIA_Alvares_ATTACK_Soeldner_11_01","",""
"Scripts/Content/Story/Dialoge/DIA_SLD_840_Alvares.d:161","Ich habe dir eine Chance gegeben. Aber du willst es anscheinend nicht kapieren.","기회를 지급했다. 하지만 넌 끝내 알아먹질 못하는 모양이군.","","False","DIA_Alvares_Schluss_11_00","",""
"Scripts/Content/Story/Dialoge/DIA_SLD_840_Alvares.d:162","Okay - dann werde ich dich jetzt umbringen. (ruft) Engardo, machen wir sie fertig!","좋아 — 그럼 지금 당장 죽여주마. (소리친다) 엔가르도, 녀석을 해치우자!","","False","DIA_Alvares_Schluss_11_01","",""
"Scripts/Content/Story/Dialoge/DIA_SLD_841_Engardo.d:53","Hey Kleiner, hast du dich verlaufen? Geh zurück aufs Feld und pflück ein paar Rüben.","이봐 꼬마야, 길이라도 잃었나? 어서 농장으로 돌아가서 순무나 몇 개 더 뽑지 그래.","","False","DIA_Engardo_HALLO_13_00","",""
"Scripts/Content/Story/Dialoge/DIA_SLD_841_Engardo.d:59","Du bist zur falschen Zeit am falschen Ort...","넌 번지수를 잘못 찾아왔어...","","False","DIA_Engardo_HALLO_13_01","",""
"Scripts/Content/Story/Dialoge/DIA_SLD_841_Engardo.d:60","... also ich würde sagen, wenn du leben willst, dann verschwindest du jetzt, kapiert?","...그러니까 살고 싶다면 당장 꺼지는 게 좋을 거다. 알겠나?","","False","DIA_Engardo_HALLO_13_02","",""
"Scripts/Content/Story/Dialoge/DIA_SLD_841_Engardo.d:66","Hast du was mit den Ohren oder willst du unbedingt sterben? (gleichgültig) Na - jetzt ist es zu spät.","귀가 먹기라도 한 거냐, 아니면 정말로 죽고 싶어 안달이 났나? (무관심하게) 글쎄 — 이제 와선 이미 늦었지만 말이야.","","False","DIA_Engardo_HALLO_13_03","",""
