"location","source","target","id","fuzzy","context","translator_comments","developer_comments"
"Scripts/Content/Story/Dialoge/DIA_Addon_MIL_350_Martin.d:87","Du bist also der Neue, mh? Willkommen in unserer Mitte, Bruder des 'Rings'.","그렇다면 네가 새로 온 친구군, 그래? '반지'의 형제여, 우리 가운데 온 것을 환영하네.","","False","DIA_Addon_Cord_MeetingIsRunning_07_00","",""
"Scripts/Content/Story/Dialoge/DIA_Addon_MIL_350_Martin.d:92","Geh erst zu Vatras, dann hab ich vielleicht wieder Zeit für dich.","먼저 바트라스에게 가보게. 그러면 너와 이야기할 시간이 생길지도 모르니까.","","False","DIA_Addon_Cord_MeetingIsRunning_07_01","",""
"Scripts/Content/Story/Dialoge/DIA_Addon_MIL_350_Martin.d:125","Hey du. Du hast hier oben nichts zu suchen. Hier haben nur Paladine und wir von der Miliz Zutritt.","이봐, 자네. 여긴 볼일 없잖아. 이 위에는 팔라딘과 우리 민병대만 출입할 수 있어.","","False","DIA_Addon_Martin_Hallo_07_00","",""
"Scripts/Content/Story/Dialoge/DIA_Addon_MIL_350_Martin.d:137","Was gibt es denn hier oben?","여기는 뭐 하는 곳이지?","","False","DIA_Addon_Martin_WasMachstDu.description","",""
"Scripts/Content/Story/Dialoge/DIA_Addon_MIL_350_Martin.d:150","Was gibt es denn hier oben?","여기는 뭐 하는 곳이지?","","False","DIA_Addon_Martin_WasMachstDu_15_00","",""
"Scripts/Content/Story/Dialoge/DIA_Addon_MIL_350_Martin.d:151","Du stehst hier im Proviantlager der königlichen Garde der Paladine.","여기는 팔라딘 왕실 근위대의 보급창이야.","","False","DIA_Addon_Martin_WasMachstDu_07_01","",""
"Scripts/Content/Story/Dialoge/DIA_Addon_MIL_350_Martin.d:156","Ich bin hier der Proviantmeister und verantwortlich für den Paladinkrempel, dass hier nichts abhanden kommt und du bist hier nicht erwünscht.","나는 이곳의 보급관으로서 팔라딘들의 물건에 손끝 하나 못 대게 지킬 책임이 있어. 그리고 자넨 여기서 환영받지 못해.","","False","DIA_Addon_Martin_WasMachstDu_07_02","",""
"Scripts/Content/Story/Dialoge/DIA_Addon_MIL_350_Martin.d:157","Also behalte deine Finger bei dir, sonst hack ich sie dir ab.","그러니 손가락 조심하는 게 좋을 거야. 아니면 잘라버릴 테니까.","","False","DIA_Addon_Martin_WasMachstDu_07_03","",""
"Scripts/Content/Story/Dialoge/DIA_Addon_MIL_350_Martin.d:170","Kannst du mir etwas von dem Paladinkrempel verkaufen?","팔라딘들의 물건을 좀 살 수 있을까?","","False","DIA_Addon_Martin_PreTrade.description","",""
"Scripts/Content/Story/Dialoge/DIA_Addon_MIL_350_Martin.d:183","Kannst du mir etwas von dem Paladinkrempel verkaufen?","팔라딘들의 물건을 좀 살 수 있을까?","","False","DIA_Addon_Martin_PreTrade_15_00","",""
"Scripts/Content/Story/Dialoge/DIA_Addon_MIL_350_Martin.d:184","Du willst was kaufen? Mh. Sagen wir mal so, wenn du mich für den Ärger entschädigen kannst, dass den Paladinen mal wieder was abhanden gekommen ist, kommen wir vielleicht ins Geschäft.","살고 싶다고? 흐음. 이렇게 하자고. 팔라딘들의 물건이 또 사라진 것 때문에 내가 겪을 골치 아픈 일들을 보상해 준다면, 거래를 트게 될지도 모르지.","","False","DIA_Addon_Martin_PreTrade_07_01","",""
"Scripts/Content/Story/Dialoge/DIA_Addon_MIL_350_Martin.d:185","Passiert das öfter, dass etwas abhanden kommt?","물건이 사라지는 일이 자주 있나?","","False","DIA_Addon_Martin_PreTrade_15_02","",""
"Scripts/Content/Story/Dialoge/DIA_Addon_MIL_350_Martin.d:186","Solange der Proviantmeister sagt, dass es alles seine Richtigkeit hat, nicht.","보급관이 모든 게 아무 문제 없다고 말하는 동안에는 아니지.","","False","DIA_Addon_Martin_PreTrade_07_03","",""
"Scripts/Content/Story/Dialoge/DIA_Addon_MIL_350_Martin.d:187","Verstehe.","알겠어.","","False","DIA_Addon_Martin_PreTrade_15_04","",""
"Scripts/Content/Story/Dialoge/DIA_Addon_MIL_350_Martin.d:199","Der Fischer Farim hat Probleme mit der Miliz.","어부 파림이 민병대 때문에 골치를 썩고 있어.","","False","DIA_Addon_Martin_Farim.description","",""
"Scripts/Content/Story/Dialoge/DIA_Addon_MIL_350_Martin.d:213","Der Fischer Farim hat Probleme mit der Miliz. Die Jungs bestehlen ihn ständig.","어부 파림이 민병대 때문에 골치를 썩고 있어. 녀석들이 자꾸 그의 물건을 훔쳐 가거든.","","False","DIA_Addon_Martin_Farim_15_00","",""
"Scripts/Content/Story/Dialoge/DIA_Addon_MIL_350_Martin.d:214","Und was habe ich damit zu tun?","그게 나와 무슨 상관이지?","","False","DIA_Addon_Martin_Farim_07_01","",""
"Scripts/Content/Story/Dialoge/DIA_Addon_MIL_350_Martin.d:215","Du hast einen gewissen Einfluss hier oben bei den Paladinen.","자네는 이 위에서 팔라딘들을 상대로 어느 정도 영향력이 있잖아.","","False","DIA_Addon_Martin_Farim_15_02","",""
"Scripts/Content/Story/Dialoge/DIA_Addon_MIL_350_Martin.d:216","Farim benötigt deinen Schutz. Er will dafür auch einen Teil von seinem Fang an dich abgeben.","파림에게는 자네의 보호가 필요해. 그 대가로 잡은 물고기의 일부를 자네에게 주겠다고 하더군.","","False","DIA_Addon_Martin_Farim_15_03","",""
"Scripts/Content/Story/Dialoge/DIA_Addon_MIL_350_Martin.d:217","Verstehe, was du meinst.","무슨 말인지 알겠군.","","False","DIA_Addon_Martin_Farim_07_04","",""
"Scripts/Content/Story/Dialoge/DIA_Addon_MIL_350_Martin.d:218","(abfällig) Fische! Als ob ich nicht schon genug Mist verwalten muss.","(경멸하듯) 물고기라니! 처리해야 할 골칫거리가 이미 산더미 같은데 말이야.","","False","DIA_Addon_Martin_Farim_07_05","",""
"Scripts/Content/Story/Dialoge/DIA_Addon_MIL_350_Martin.d:219","Sag deinem Kumpel, er soll zu mir kommen und erzählen, wie das genau war mit der Miliz.","자네 친구한테 나를 찾아오라고 해. 민병대와 정확히 어떤 일이 있었는지 말해달라고 말이야.","","False","DIA_Addon_Martin_Farim_07_06","",""
"Scripts/Content/Story/Dialoge/DIA_Addon_MIL_350_Martin.d:220","Ich werde mich darum kümmern.","내가 알아서 하지.","","False","DIA_Addon_Martin_Farim_07_07","",""
"Scripts/Content/Story/Dialoge/DIA_Addon_MIL_350_Martin.d:239","Was hast du anzubieten?","무엇을 팔고 있나?","","False","DIA_Addon_Martin_Trade.description","",""
"Scripts/Content/Story/Dialoge/DIA_Addon_MIL_350_Martin.d:260","Was hast du anzubieten?","무엇을 팔고 있나?","","False","DIA_Addon_Martin_Trade_15_00","",""
"Scripts/Content/Story/Dialoge/DIA_Addon_MIL_350_Martin.d:262","Dann pass mal auf.","그럼 잘 보라고.","","False","DIA_Addon_Martin_Trade_07_01","",""
"Scripts/Content/Story/Dialoge/DIA_Addon_MIL_350_Martin.d:274","Lares schickt mich.","라레스가 보냈어.","","False","DIA_Addon_Martin_Rangerhelp.description","",""
"Scripts/Content/Story/Dialoge/DIA_Addon_MIL_350_Martin.d:289","Lares schickt mich. Er sagt, du könntest mir helfen.","라레스가 보냈어. 자기가 도와줄 수 있을 거라고 하더군.","","False","DIA_Addon_Martin_Rangerhelp_15_00","",""
"Scripts/Content/Story/Dialoge/DIA_Addon_MIL_350_Martin.d:290","So? Hat er das? Dann schieß mal los. Was willst du denn von mir?","그래? 정말 그랬나? 그럼 말해봐. 내게 원하는 게 뭐지?","","False","DIA_Addon_Martin_Rangerhelp_07_01","",""
"Scripts/Content/Story/Dialoge/DIA_Addon_MIL_350_Martin.d:291","Ich will mich der Miliz anschließen.","민병대에 들어가고 싶어.","","False","DIA_Addon_Martin_Rangerhelp_15_02","",""
"Scripts/Content/Story/Dialoge/DIA_Addon_MIL_350_Martin.d:292","(lacht) Das hast du dir wohl so gedacht, was? So lumpige Kerle wie dich nehmen wir aber nicht einfach so ohne Grund.","(웃음) 그렇게 생각했나? 하지만 자네 같은 풋내기들을 아무 이유 없이 그냥 받아주지는 않아.","","False","DIA_Addon_Martin_Rangerhelp_07_03","",""
"Scripts/Content/Story/Dialoge/DIA_Addon_MIL_350_Martin.d:293","Da müsstest du schon ...","그러려면 자네는...","","False","DIA_Addon_Martin_Rangerhelp_07_04","",""
"Scripts/Content/Story/Dialoge/DIA_Addon_MIL_350_Martin.d:294","Erspar mir das Gefasel. Sag mir, was ich tun muss, damit du mich bei euch unterbringst.","잔소리는 집어치워. 나를 너희 조직에 들여보내려면 뭘 해야 하는지 말해.","","False","DIA_Addon_Martin_Rangerhelp_15_05","",""
"Scripts/Content/Story/Dialoge/DIA_Addon_MIL_350_Martin.d:295","(überrascht) Ok. Dann spitz mal die Ohren.","(놀람) 좋아. 그럼 귀를 기울여 보라고.","","False","DIA_Addon_Martin_Rangerhelp_07_06","",""
"Scripts/Content/Story/Dialoge/DIA_Addon_MIL_350_Martin.d:296","Die Arbeit des Proviantmeisters ist die Hölle sag ich dir. Das Verwalten der ganzen Kisten und Säcke hier auf dem Platz ist schon schlimm genug.","보급관 일은 지옥 같다고 해두지. 이 광장에 있는 온갖 상자와 자루들을 관리하는 것만으로도 충분히 끔찍하거든.","","False","DIA_Addon_Martin_Rangerhelp_07_07","",""
"Scripts/Content/Story/Dialoge/DIA_Addon_MIL_350_Martin.d:297","Doch jedesmal, wenn ich abends in Kardifs Kneipe gehe, dann macht sich irgendjemand hier an den Kisten zu schaffen und wenn ich am nächsten Tag wieder hier bin, fehlt was.","하지만 내가 저녁마다 카르디프의 선술집에 갈 때마다, 누군가가 이 상자들을 건드리고 다음 날 여기에 와보면 뭔가 사라져 있어.","","False","DIA_Addon_Martin_Rangerhelp_07_08","",""
"Scripts/Content/Story/Dialoge/DIA_Addon_MIL_350_Martin.d:298","(sauer) Die Paladine haben komischerweise nie was gesehen.","(화내며) 신기하게도 팔라딘들은 아무것도 본 적이 없다고 하더군.","","False","DIA_Addon_Martin_Rangerhelp_07_09","",""
"Scripts/Content/Story/Dialoge/DIA_Addon_MIL_350_Martin.d:299","(verärgert) Ich könnte noch bekloppt werden. Ich kann doch nicht die ganze Nacht hier rumstehen wie so ein Idiot.","(짜증 내며) 미쳐버릴 지경이야. 바보처럼 밤새워 여기서 서 있을 수도 없는 노릇이고.","","False","DIA_Addon_Martin_Rangerhelp_07_10","",""
"Scripts/Content/Story/Dialoge/DIA_Addon_MIL_350_Martin.d:300","Du allerdings ...","하지만 자네라면...","","False","DIA_Addon_Martin_Rangerhelp_07_11","",""
"Scripts/Content/Story/Dialoge/DIA_Addon_MIL_350_Martin.d:301","Schon klar. Ich soll nachts hier Wache schieben, während du in der Kneipe rumhängst.","알았어. 네가 선술집에서 빈둥거리는 동안 내가 여기서 밤경비를 서라는 거지.","","False","DIA_Addon_Martin_Rangerhelp_15_12","",""
"Scripts/Content/Story/Dialoge/DIA_Addon_MIL_350_Martin.d:302","Tu es oder lass es.","마음에 들면 하고 아니면 말아.","","False","DIA_Addon_Martin_Rangerhelp_07_13","",""
"Scripts/Content/Story/Dialoge/DIA_Addon_MIL_350_Martin.d:316","Ich werde heute Nacht auf deine Proviantkisten aufpassen.","오늘 밤에는 네 보급 상자들을 지켜볼게.","","False","DIA_Addon_Martin_Auftrag.description","",""
"Scripts/Content/Story/Dialoge/DIA_Addon_MIL_350_Martin.d:333","Ich werde heute Nacht auf deine Proviantkisten aufpassen.","오늘 밤에는 네 보급 상자들을 지켜볼게.","","False","DIA_Addon_Martin_Auftrag_15_00","",""
"Scripts/Content/Story/Dialoge/DIA_Addon_MIL_350_Martin.d:334","(zufrieden) Schön.","(만족하며) 좋아.","","False","DIA_Addon_Martin_Auftrag_07_01","",""
"Scripts/Content/Story/Dialoge/DIA_Addon_MIL_350_Martin.d:338","Dann werde mal in Kardifs Pinte verschwinden. Und wehe, es fehlt was, wenn ich wieder komme.","그럼 카르디프의 선술집으로 가볼까. 돌아왔을 때 무언가 사라져 있기만 해봐라.","","False","DIA_Addon_Martin_Auftrag_07_02","",""
"Scripts/Content/Story/Dialoge/DIA_Addon_MIL_350_Martin.d:342","Gut, dann komm heute nacht nochmal wieder und pass auf die Klamotten hier auf. Ich bin in der Zeit dann in Kardifs Kneipe.","좋아, 그럼 오늘 밤에 다시 와서 여기 물건들을 지켜줘. 그동안 나는 카르디프의 선술집에 있을 테니까.","","False","DIA_Addon_Martin_Auftrag_07_03","",""
"Scripts/Content/Story/Dialoge/DIA_Addon_MIL_350_Martin.d:348","(weiter)","(계속)","","False","DIA_Addon_Martin_Auftrag_Info.DIA_Addon_Martin_Auftrag.DIA_Addon_Martin_Auftrag_weiter","Info_AddChoice",""
"Scripts/Content/Story/Dialoge/DIA_Addon_MIL_350_Martin.d:372","Du suchst den Mann, der an die Banditen Waffen verkauft?","산적들에게 무기를 파는 사람을 찾고 있다고?","","False","DIA_Addon_Martin_FromVatras.description","",""
"Scripts/Content/Story/Dialoge/DIA_Addon_MIL_350_Martin.d:385","Du suchst den Mann, der an die Banditen Waffen verkauft?","산적들에게 무기를 파는 사람을 찾고 있다고?","","False","DIA_Addon_Martin_FromVatras_15_00","",""
"Scripts/Content/Story/Dialoge/DIA_Addon_MIL_350_Martin.d:386","Sagt wer?","누가 그래?","","False","DIA_Addon_Martin_FromVatras_07_01","",""
"Scripts/Content/Story/Dialoge/DIA_Addon_MIL_350_Martin.d:387","Sagt Vatras.","바트라스가.","","False","DIA_Addon_Martin_FromVatras_15_02","",""
"Scripts/Content/Story/Dialoge/DIA_Addon_MIL_350_Martin.d:388","Oh. Was weißt du denn darüber?","오. 그럼 그에 대해 뭘 알고 있지?","","False","DIA_Addon_Martin_FromVatras_07_03","",""
"Scripts/Content/Story/Dialoge/DIA_Addon_MIL_350_Martin.d:389","Nicht viel, aber ich könnte mehr herausfinden.","많지는 않지만, 더 알아낼 수는 있어.","","False","DIA_Addon_Martin_FromVatras_15_04","",""
"Scripts/Content/Story/Dialoge/DIA_Addon_MIL_350_Martin.d:390","(erkennt) Ach so ist das ...","(깨달으며) 아, 그런 거였군...","","False","DIA_Addon_Martin_FromVatras_07_05","",""
"Scripts/Content/Story/Dialoge/DIA_Addon_MIL_350_Martin.d:402","Sagst du mir, was du über den Waffenhändler weißt?","무기상에 대해 아는 것을 말해줄 수 있나?","","False","DIA_Addon_Martin_TellAll.description","",""
"Scripts/Content/Story/Dialoge/DIA_Addon_MIL_350_Martin.d:415","Sagst du mir, was du über den Waffenhändler weißt?","무기상에 대해 아는 것을 말해줄 수 있나?","","False","DIA_Addon_Martin_TellAll_15_00","",""
"Scripts/Content/Story/Dialoge/DIA_Addon_MIL_350_Martin.d:416","Pass auf. Wir wissen, dass ein einflußreicher Bürger des oberen Viertels dahinter stecken muss.","잘 들어. 상층 구역의 영향력 있는 시민이 배후에 틀림없다는 걸 우리는 알고 있어.","","False","DIA_Addon_Martin_TellAll_07_01","",""
"Scripts/Content/Story/Dialoge/DIA_Addon_MIL_350_Martin.d:417","Und einige der Waffen sollen sogar aus den Beständen der Miliz gekommen sein.","게다가 무기 중 일부는 민병대 보급품에서 나온 것이라는 소문도 있지.","","False","DIA_Addon_Martin_TellAll_07_02","",""
"Scripts/Content/Story/Dialoge/DIA_Addon_MIL_350_Martin.d:418","Aber wer genau dahinter steckt, wissen wir noch nicht.","하지만 정확히 누가 배후에 있는지는 아직 몰라.","","False","DIA_Addon_Martin_TellAll_07_03","",""
"Scripts/Content/Story/Dialoge/DIA_Addon_MIL_350_Martin.d:419","Wenn du genug Mumm in den Knochen hast, eine Gruppe von mindestens fünf Banditen aus dem Weg zu räumen, kannst du's vielleicht rausfinden ...","최소 다섯 명의 산적 무리를 처치할 만큼 뱃심이 두둑하다면, 알아낼 수 있을지도 모르지...","","False","DIA_Addon_Martin_TellAll_07_04","",""
"Scripts/Content/Story/Dialoge/DIA_Addon_MIL_350_Martin.d:432","Was IST mit den Banditen?","산적들은 어떻게 된 거지?","","False","DIA_Addon_Martin_AboutBandits.description","",""
"Scripts/Content/Story/Dialoge/DIA_Addon_MIL_350_Martin.d:445","Was IST mit den Banditen?","산적들은 어떻게 된 거지?","","False","DIA_Addon_Martin_AboutBandits_15_00","",""
"Scripts/Content/Story/Dialoge/DIA_Addon_MIL_350_Martin.d:446","Wir wissen, dass die Banditen zur Zeit die Verbindungstraßen zwischen den Bauern und der Stadt belagern.","현재 산적들이 농민들과 도시를 잇는 연결 도로를 봉쇄하고 있다는 걸 우리는 알고 있어.","","False","DIA_Addon_Martin_AboutBandits_07_01","",""
"Scripts/Content/Story/Dialoge/DIA_Addon_MIL_350_Martin.d:447","Außerdem weiß ich, dass es eine Waffenlieferung in den letzten Tagen gegeben haben muss.","게다가 최근 며칠 동안 무기 배송이 있었다는 사실도 알고 있지.","","False","DIA_Addon_Martin_AboutBandits_07_02","",""
"Scripts/Content/Story/Dialoge/DIA_Addon_MIL_350_Martin.d:448","Vielleicht sind dort bei den Banditen Hinweise zu finden, die den Waffenhändler entlarven können.","어쩌면 산적들 쪽에 무기상의 정체를 폭로할 단서가 있을지도 몰라.","","False","DIA_Addon_Martin_AboutBandits_07_03","",""
"Scripts/Content/Story/Dialoge/DIA_Addon_MIL_350_Martin.d:465","Wegen des Waffenhändlers...","무기상에 관해서 말인데...","","False","DIA_Addon_Martin_Fernando.description","",""
"Scripts/Content/Story/Dialoge/DIA_Addon_MIL_350_Martin.d:480","Äh, wegen des Waffenhändlers ...","어, 무기상에 관해서 말인데...","","False","DIA_Addon_Martin_Fernando_15_00","",""
"Scripts/Content/Story/Dialoge/DIA_Addon_MIL_350_Martin.d:487","Dann zeig mal her, was du hast.","그럼 가진 걸 보여주게.","","False","DIA_Addon_Martin_Fernando_07_01","",""
"Scripts/Content/Story/Dialoge/DIA_Addon_MIL_350_Martin.d:500","Diesen Degen habe bei den Banditen gefunden. Der Buchstabe 'F' ist in den Knauf geritzt.","이 레이피어는 산적들에게서 찾은 겁니다. 손잡이에 'F'라는 글자가 새겨져 있어요.","","False","DIA_Addon_Martin_Fernando_15_02","",""
"Scripts/Content/Story/Dialoge/DIA_Addon_MIL_350_Martin.d:506","Den Ring hier, hatte ein Bandit bei sich. Er deutet auf einen Überseehändler hin.","이 반지는 산적이 가지고 있던 겁니다. 해외 상인을 가리키고 있어요.","","False","DIA_Addon_Martin_Fernando_15_03","",""
"Scripts/Content/Story/Dialoge/DIA_Addon_MIL_350_Martin.d:512","Diese Liste, der Lieferung von Waffen und anderen Dingen an die Banditen hier, trägt die Unterschrift von einem gewissen Fernando.","여기 산적들에게 무기와 여러 물품을 보낸 내역이 담긴 목록에는 페르난도라는 자의 서명이 있습니다.","","False","DIA_Addon_Martin_Fernando_15_04","",""
"Scripts/Content/Story/Dialoge/DIA_Addon_MIL_350_Martin.d:518","Außerdem hat Fernando, der alte Händler aus dem oberen Viertel, zugegeben, mit den Banditen Geschäfte gemacht zu haben.","게다가 상층 구역의 늙은 상인인 페르난도 자신이 산적들과 거래를 했다고 시인했습니다.","","False","DIA_Addon_Martin_Fernando_15_05","",""
"Scripts/Content/Story/Dialoge/DIA_Addon_MIL_350_Martin.d:524","Fernando hat zugegeben, die Banditen mit Waffen versorgt zu haben.","페르난도가 산적들에게 무기를 공급했다고 인정했습니다.","","False","DIA_Addon_Martin_Fernando_15_06","",""
"Scripts/Content/Story/Dialoge/DIA_Addon_MIL_350_Martin.d:529","Ich denke, das reicht. Fernando also. Na, der kann was erleben.","이 정도면 충분하겠군. 페르난도라니. 허, 큰코다치게 만들어 주지.","","False","DIA_Addon_Martin_Fernando_07_07","",""
"Scripts/Content/Story/Dialoge/DIA_Addon_MIL_350_Martin.d:530","Und dabei tut er immer so, als könne er kein Wässerchen trüben.","게다가 그는 언제나 결백한 체하더니 말이야.","","False","DIA_Addon_Martin_Fernando_07_08","",""
"Scripts/Content/Story/Dialoge/DIA_Addon_MIL_350_Martin.d:531","Ich werde dafür sorgen, dass er seine Strafe absitzt, bis er schwarz ist.","제대로 콩밥을 먹여주겠어.","","False","DIA_Addon_Martin_Fernando_07_09","",""
"Scripts/Content/Story/Dialoge/DIA_Addon_MIL_350_Martin.d:532","Reife Leistung. Das muss ich schon sagen.","훌륭한 솜씨군. 인정하지 않을 수 없겠어.","","False","DIA_Addon_Martin_Fernando_07_10","",""
"Scripts/Content/Story/Dialoge/DIA_Addon_MIL_350_Martin.d:533","Vatras wird sich freuen über diese guten Nachrichten.","바트라스도 이 좋은 소식을 들으면 기뻐할 거야.","","False","DIA_Addon_Martin_Fernando_07_11","",""
"Scripts/Content/Story/Dialoge/DIA_Addon_MIL_350_Martin.d:543","Und? Was noch?","그래서? 또 있나?","","False","DIA_Addon_Martin_Fernando_07_12","",""
"Scripts/Content/Story/Dialoge/DIA_Addon_MIL_350_Martin.d:544","Das ist alles.","그게 전부입니다.","","False","DIA_Addon_Martin_Fernando_15_13","",""
"Scripts/Content/Story/Dialoge/DIA_Addon_MIL_350_Martin.d:548","Ist ja schön, dass er das zugibt, aber ohne handfeste Beweise kann ich da leider nichts machen.","본인이 시인했다니 다행이긴 하지만, 확실한 증거가 없으면 유감스럽게도 내가 할 수 있는 게 없어.","","False","DIA_Addon_Martin_Fernando_07_14","",""
"Scripts/Content/Story/Dialoge/DIA_Addon_MIL_350_Martin.d:549","Ich werd mich doch nicht bei Lord Hagen lächerlich machen. Da musst du mir schon mehr liefern.","헤이건 경 앞에서 웃음거리가 될 수는 없잖아. 나한테 증거를 더 가져와야 해.","","False","DIA_Addon_Martin_Fernando_07_15","",""
"Scripts/Content/Story/Dialoge/DIA_Addon_MIL_350_Martin.d:553","Das reicht noch nicht. Das könnte fast jeder im oberen Viertel sein.","아직 부족해. 상층 구역에 있는 사람이면 거의 누구든지 해당될 수 있거든.","","False","DIA_Addon_Martin_Fernando_07_16","",""
"Scripts/Content/Story/Dialoge/DIA_Addon_MIL_350_Martin.d:554","Sieht so aus, als müsstest du der Spur der Banditen und den gelieferten Waffen noch weiter folgen, bis wir wissen, wer dahinter steckt.","배후가 누군지 밝혀낼 때까지 산적들의 흔적과 무기 전달 경로를 더 추적해 봐야겠는걸.","","False","DIA_Addon_Martin_Fernando_07_17","",""
"Scripts/Content/Story/Dialoge/DIA_Addon_MIL_350_Martin.d:557","Vieleicht solltest du nochmal mit Vatras sprechen ...","바트라스와 다시 한번 이야기해 보는 게 좋을지도 모르겠군...","","False","DIA_Addon_Martin_Fernando_07_18","",""
"Scripts/Content/Story/Dialoge/DIA_Addon_MIL_350_Martin.d:565","Wie war das nochmal genau?","어떻게 된 거였더라?","","False","DIA_Addon_Martin_Fernando_15_19","",""
"Scripts/Content/Story/Dialoge/DIA_Addon_MIL_350_Martin.d:566","Also. Du sollst herausfinden, wer hinter den Waffenlieferungen an die Banditen steckt und mir die Beweise bringen.","좋아. 산적들에게 무기를 공급한 배후가 누군지 알아내서 내게 증거를 가져오는 거야.","","False","DIA_Addon_Martin_Fernando_07_20","",""
"Scripts/Content/Story/Dialoge/DIA_Addon_MIL_350_Martin.d:567","Aber es müssen schon wirklich belastende Beweise sein. Sonst kann ich den Kerl nicht dingfest machen.","하지만 정말 확실하게 혐의를 입증할 수 있는 증거여야 해. 그렇지 않으면 그 녀석을 쇠고랑을 채울 수 없거든.","","False","DIA_Addon_Martin_Fernando_07_21","",""
"Scripts/Content/Story/Dialoge/DIA_Addon_MIL_350_Martin.d:581","Alle Kisten noch da?","상자들은 다 그대로 있나?","","False","DIA_Addon_Martin_Perm.description","",""
"Scripts/Content/Story/Dialoge/DIA_Addon_MIL_350_Martin.d:594","Alle Kisten noch da?","상자들은 다 그대로 있나?","","False","DIA_Addon_Martin_Perm_15_00","",""
"Scripts/Content/Story/Dialoge/DIA_Addon_MIL_350_Martin.d:599","(verärgert )Du Mistkerl solltest doch auf meine Kisten aufpassen. Jetzt fehlt schon wieder was.","(화내며) 이 자식아, 내 상자들을 지키기로 했잖아. 또 뭐가 사라졌잖아.","","False","DIA_Addon_Martin_Perm_07_01","",""
"Scripts/Content/Story/Dialoge/DIA_Addon_MIL_350_Martin.d:603","(laut) Geh sofort zum Proviantlager am Hafen und schnapp den Dreckskerl, der mich beklaut, klar?","(큰소리로) 당장 부두의 보급창으로 가서 나를 도둑질한 그 더러운 자식을 잡아와, 알았어?","","False","DIA_Addon_Martin_Perm_07_02","",""
"Scripts/Content/Story/Dialoge/DIA_Addon_MIL_350_Martin.d:607","Heute Nacht passt du aber besser auf, wenn ich weg bin, verstanden?","오늘 밤에는 내가 없을 때 좀 더 잘 지켜보라고, 알겠나?","","False","DIA_Addon_Martin_Perm_07_03","",""
"Scripts/Content/Story/Dialoge/DIA_Addon_MIL_350_Martin.d:612","Mach dich ruhig über mich lustig. Steh du mal den ganzen Tag auf der Pier und versuche, das ganze Chaos zu überblicken.","실컷 비웃어라. 하루 종일 부두에 서서 이 모든 혼란을 어떻게 수습해야 할지 고민해 보시지.","","False","DIA_Addon_Martin_Perm_07_04","",""
"Scripts/Content/Story/Dialoge/DIA_Addon_MIL_350_Martin.d:613","Die Paladine haben ein Gerümpel angeschleppt, das ist nicht mehr feierlich.","팔라딘들이 가져온 쓰레기 때문에 아주 장난이 아니라고.","","False","DIA_Addon_Martin_Perm_07_05","",""
"Scripts/Content/Story/Dialoge/DIA_Addon_MIL_350_Martin.d:617","Fass hier nichts an, sonst ruf ich die Wachen, klar?","여기 아무것도 만지지 마. 아니면 경비병들을 부를 테니까, 알았어?","","False","DIA_Addon_Martin_Perm_07_06","",""
"Scripts/Content/Story/Dialoge/DIA_Addon_MIL_350_Martin.d:630","Ich habe den Dieb erwischt.","도둑을 잡았어.","","False","DIA_Addon_Martin_GotRangar.description","",""
"Scripts/Content/Story/Dialoge/DIA_Addon_MIL_350_Martin.d:644","Ich habe den Dieb erwischt.","도둑을 잡았어.","","False","DIA_Addon_Martin_GotRangar_15_00","",""
"Scripts/Content/Story/Dialoge/DIA_Addon_MIL_350_Martin.d:645","Es ist Rangar, der sich an deinen Lagerbeständen zu schaffen macht.","당신의 재고품을 건드리고 있던 건 바로 랑가르야.","","False","DIA_Addon_Martin_GotRangar_15_01","",""
"Scripts/Content/Story/Dialoge/DIA_Addon_MIL_350_Martin.d:646","Na endlich. Jetzt weiß ich wenigstens, auf wen ich achten muss. Der Mistkerl. Das gibt eine saftige Abreibung, wenn ich ihn dabei erwische.","드디어 찾았군. 이제 경계를 누구를 대상으로 세워야 할지 알겠어. 그 자식. 현장에서 잡기만 해봐 아주 뼈도 못 추리게 혼내줄 테니까.","","False","DIA_Addon_Martin_GotRangar_07_02","",""
"Scripts/Content/Story/Dialoge/DIA_Addon_MIL_350_Martin.d:647","Ich hab mich schon gewundert, wieso keiner von den Paladinen was gesehen haben will.","팔라딘 중 아무도 본 사람이 없다고 주장하는 이유가 뭔지 내내 궁금했었는데 말이야.","","False","DIA_Addon_Martin_GotRangar_07_03","",""
"Scripts/Content/Story/Dialoge/DIA_Addon_MIL_350_Martin.d:648","Und? Wieso?","그래? 왜 그렇지?","","False","DIA_Addon_Martin_GotRangar_15_04","",""
"Scripts/Content/Story/Dialoge/DIA_Addon_MIL_350_Martin.d:649","Ist doch klar. Die Idioten können uns von der Miliz doch gar nicht auseinander halten. Für die sehen wir doch alle gleich aus.","뻔하잖아. 그 바보들은 우리 민병대원들을 서로 구분하지 못하거든. 우리를 다 똑같이 보니까.","","False","DIA_Addon_Martin_GotRangar_07_05","",""
"Scripts/Content/Story/Dialoge/DIA_Addon_MIL_350_Martin.d:650","Das war gute Arbeit, Kollege.","일 잘했어, 동료.","","False","DIA_Addon_Martin_GotRangar_07_06","",""
"Scripts/Content/Story/Dialoge/DIA_Addon_MIL_350_Martin.d:651","Wenn ich irgendetwas für dich tun kann, dann musst du es nur sagen.","내가 너를 위해 해 줄 수 있는 게 있다면, 그냥 말만 해.","","False","DIA_Addon_Martin_GotRangar_07_07","",""
"Scripts/Content/Story/Dialoge/DIA_Addon_MIL_350_Martin.d:666","Du weißt, was ich von dir will.","내가 너한테 뭘 원하는지 알잖아.","","False","DIA_Addon_Martin_GetMiliz.description","",""
"Scripts/Content/Story/Dialoge/DIA_Addon_MIL_350_Martin.d:679","Du weißt, was ich von dir will.","내가 너한테 뭘 원하는지 알잖아.","","False","DIA_Addon_Martin_GetMiliz_15_00","",""
"Scripts/Content/Story/Dialoge/DIA_Addon_MIL_350_Martin.d:680","Ach ja. Du wolltest zur Miliz, richtig?","아, 그래. 민병대에 들어가고 싶다고 했었지?","","False","DIA_Addon_Martin_GetMiliz_07_01","",""
"Scripts/Content/Story/Dialoge/DIA_Addon_MIL_350_Martin.d:681","Deine Fähigkeiten hast du mir ja schon unter Beweis gestellt.","자네 실력은 이미 내게 증명해 보였고 말이야.","","False","DIA_Addon_Martin_GetMiliz_07_02","",""
"Scripts/Content/Story/Dialoge/DIA_Addon_MIL_350_Martin.d:682","Naja. Lass es mich mal so ausdrücken. Ich habe es lieber, dich auf unserer Seite zu wissen als auf irgendeiner anderen.","음. 이렇게 말하지. 다른 누구의 편보다는 우리 편에 서 있는 게 더 낫겠어.","","False","DIA_Addon_Martin_GetMiliz_07_03","",""
"Scripts/Content/Story/Dialoge/DIA_Addon_MIL_350_Martin.d:683","Deshalb werde ich dir helfen. Nimm dieses Empfehlungsschreiben von mir und zeige es Andre, unserem kommandierenden Paladin.","그래서 내가 도와주겠네. 이 추천장을 가지고 우리의 지휘관인 팔라딘 안드레에게 보여주게.","","False","DIA_Addon_Martin_GetMiliz_07_04","",""
"Scripts/Content/Story/Dialoge/DIA_Addon_MIL_350_Martin.d:686","Du findest ihn in der Kaserne. Ich bin mir sicher, dass er dich gebrauchen kann.","병영에 가면 그를 찾을 수 있을 거야. 그가 자네를 유용하게 써먹을 수 있을 거라고 확신하네.","","False","DIA_Addon_Martin_GetMiliz_07_05","",""
"Scripts/Content/Story/Dialoge/DIA_MIL_304_Torwache.d:34","Wie geht's denn so?","요즘 어때?","","False","DIA_Mil_304_Torwache_WASMACHSTDU.description","",""
"Scripts/Content/Story/Dialoge/DIA_MIL_304_Torwache.d:47","Wie geht's denn so?","요즘 어때?","","False","DIA_Mil_304_Torwache_WASMACHSTDU_15_00","",""
"Scripts/Content/Story/Dialoge/DIA_MIL_304_Torwache.d:51","Ich kann nicht klagen. Ich verrichte meine Pflicht, so wie Innos es von mir verlangt.","불만은 없어. 이노스께서 요구하시는 대로 의무를 다하고 있지.","","False","DIA_Mil_304_Torwache_WASMACHSTDU_08_01","",""
"Scripts/Content/Story/Dialoge/DIA_MIL_304_Torwache.d:55","Hey, versuch hier nicht die 'Hey, wie geht's'-Nummer abzuziehen. Geh mir einfach aus den Augen, okay?","이봐, 여기서 '요즘 어때' 같은 소리 하려고 들지 마. 그냥 내 눈앞에서 꺼져, 알았어?","","False","DIA_Mil_304_Torwache_WASMACHSTDU_08_02","",""
"Scripts/Content/Story/Dialoge/DIA_MIL_305_Torwache.d:75","HALT!","멈춰라!","","False","DIA_Mil_305_Torwache_FirstWarn_03_00","",""
"Scripts/Content/Story/Dialoge/DIA_MIL_305_Torwache.d:82","Du wirst in der Stadt als Mörder gesucht! Bis die Sache geklärt ist, kann ich dich nicht ins obere Viertel lassen.","너는 도시에서 살인죄로 지명수배 중이다! 그 문제가 해결될 때까지는 상층 구역으로 들여보낼 수 없다.","","False","DIA_Mil_305_Torwache_FirstWarn_03_01","",""
"Scripts/Content/Story/Dialoge/DIA_MIL_305_Torwache.d:87","Solange du des Diebstahls angeklagt bist, kannst du nicht in obere Viertel!","절도죄로 기소되어 있는 동안에는 상층 구역에 들어갈 수 없다!","","False","DIA_Mil_305_Torwache_FirstWarn_03_02","",""
"Scripts/Content/Story/Dialoge/DIA_MIL_305_Torwache.d:92","Einen Unruhestifter wie dich kann ich nicht ins obere Viertel lassen.","너 같은 말썽꾼은 상층 구역에 들여보낼 수 없다.","","False","DIA_Mil_305_Torwache_FirstWarn_03_03","",""
"Scripts/Content/Story/Dialoge/DIA_MIL_305_Torwache.d:95","Geh zu Lord Andre und regele die Sache!","안드레 경에게 가서 이 일을 해결해!","","False","DIA_Mil_305_Torwache_FirstWarn_03_04","",""
"Scripts/Content/Story/Dialoge/DIA_MIL_305_Torwache.d:101","Nur Bürger der Stadt und Truppen des Königs kommen ins obere Viertel!","도시의 시민들과 국왕의 군대만이 상층 구역으로 들어갈 수 있다!","","False","DIA_Mil_305_Torwache_FirstWarn_03_05","",""
"Scripts/Content/Story/Dialoge/DIA_MIL_305_Torwache.d:134","Ich sag's dir zum letzten Mal. Einen Schritt weiter und du begibst dich in die Welt des Schmerzes!","마지막으로 경고하겠어. 한 걸음만 더 내딛으면 쓴맛을 보게 될 거다!","","False","DIA_Mil_305_Torwache_SecondWarn_03_00","",""
"Scripts/Content/Story/Dialoge/DIA_MIL_305_Torwache.d:171","Du hast es so gewollt ...","자초한 일이다...","","False","DIA_Mil_305_Torwache_Attack_03_00","",""
"Scripts/Content/Story/Dialoge/DIA_MIL_305_Torwache.d:185","Ich habe eine wichtige Nachricht für Lord Hagen.","헤이건 경에게 전할 중요한 메시지가 있다.","","False","DIA_Mil_305_Torwache_MESSAGE.description","",""
"Scripts/Content/Story/Dialoge/DIA_MIL_305_Torwache.d:199","Ich habe eine wichtige Nachricht für Lord Hagen.","나는 헤이건 경에게 전할 중요한 메시지가 있다.","","False","DIA_Mil_305_Torwache_MESSAGE_15_00","",""
"Scripts/Content/Story/Dialoge/DIA_MIL_305_Torwache.d:200","Die halbe Stadt will Lord Hagen in wichtigen Angelegenheiten sprechen.","도시의 절반이 중요한 일로 헤이건 경을 만나고 싶어 하지.","","False","DIA_Mil_305_Torwache_MESSAGE_03_01","",""
"Scripts/Content/Story/Dialoge/DIA_MIL_305_Torwache.d:201","Wenn wir alle Bittsteller zu ihm ließen, hätte er nichts anderes mehr zu tun, als sich mit den minderen Problemen der Stadtbewohner auseinander zu setzen.","청원하는 사람들을 전부 들여보내 준다면, 그는 도시 주민들의 사소한 문제들을 처리하느라 다른 일은 아무것도 못 할 거다.","","False","DIA_Mil_305_Torwache_MESSAGE_03_02","",""
"Scripts/Content/Story/Dialoge/DIA_MIL_305_Torwache.d:214","Können wir nicht mal eine Ausnahme machen?","예외로 해 줄 수는 없나?","","False","DIA_Mil_305_Torwache_Ausnahme.description","",""
"Scripts/Content/Story/Dialoge/DIA_MIL_305_Torwache.d:227","Können wir nicht mal eine Ausnahme machen?","예외로 해 줄 수는 없나?","","False","DIA_Mil_305_Torwache_Ausnahme_15_00","",""
"Scripts/Content/Story/Dialoge/DIA_MIL_305_Torwache.d:228","(poltert) Was?! Es gibt Regeln in dieser Stadt! Regeln, die für ausnahmslos alle gelten!","(버럭 화를 내며) 뭐라고?! 이 도시에는 규칙이 있다! 예외 없이 모두에게 적용되는 규칙 말이야!","","False","DIA_Mil_305_Torwache_Ausnahme_03_01","",""
"Scripts/Content/Story/Dialoge/DIA_MIL_305_Torwache.d:229","Wenn wir diese Regeln brechen, handeln wir ungerecht gegen alle, die sie einhalten.","우리가 그 규칙을 어긴다면, 규칙을 지키는 모든 이들에게 불공평한 일이 되겠지.","","False","DIA_Mil_305_Torwache_Ausnahme_03_02","",""
"Scripts/Content/Story/Dialoge/DIA_MIL_305_Torwache.d:242","Ich bin ein angesehener Bürger von Khorinis! Lass mich durch!","나는 코리니스의 존경받는 시민이다! 들여보내 다오!","","False","DIA_Mil_305_Torwache_PassAsCitizen.description","",""
"Scripts/Content/Story/Dialoge/DIA_MIL_305_Torwache.d:256","Ich bin ein angesehener Bürger von Khorinis! Lass mich durch!","나는 코리니스의 존경받는 시민이다! 들여보내 다오!","","False","DIA_Mil_305_Torwache_PassAsCitizen_15_00","",""
"Scripts/Content/Story/Dialoge/DIA_MIL_305_Torwache.d:260","Was immer die Meister von Khorinis bewogen hat, dich als Lehrling aufzunehmen - ich will es gar nicht wissen.","코리니스의 장인들이 너를 도제(견습공)로 받아들이기로 한 이유가 뭔지는 몰라도—알고 싶지도 않군.","","False","DIA_Mil_305_Torwache_PassAsCitizen_03_01","",""
"Scripts/Content/Story/Dialoge/DIA_MIL_305_Torwache.d:261","Du kannst reingehen! Aber benimm dich bloß! Sonst bekommst du den Ärger deines Lebens!","들어가도 좋다! 하지만 처신 똑바로 해라! 안 그러면 인생 최대의 곤경을 겪게 될 테니까!","","False","DIA_Mil_305_Torwache_PassAsCitizen_03_02","",""
"Scripts/Content/Story/Dialoge/DIA_MIL_305_Torwache.d:273","Du hast dich vielleicht bisher mit einigen der Meister aus der Unterstadt gut gestellt, aber wenn du Bürger dieser Stadt wärst, wüsste ich davon!","하층 구역의 장인 몇 명과 친하게 지냈는지는 모르겠지만, 네가 이 도시의 시민이었다면 내가 몰랐을 리가 없다!","","False","DIA_Mil_305_Torwache_PassAsCitizen_03_03","",""
"Scripts/Content/Story/Dialoge/DIA_MIL_305_Torwache.d:274","Versuch nicht, mich hinters Licht zu führen! Ich warne dich!","날 속이려 들지 마라! 경고했어!","","False","DIA_Mil_305_Torwache_PassAsCitizen_03_04","",""
"Scripts/Content/Story/Dialoge/DIA_MIL_305_Torwache.d:279","Du bist Dreck unter meinem Fingernagel! Mach, dass du wegkommst!","너는 내 손톱 밑의 때만큼도 못하다! 당장 꺼져라!","","False","DIA_Mil_305_Torwache_PassAsCitizen_03_05","",""
"Scripts/Content/Story/Dialoge/DIA_MIL_305_Torwache.d:294","Ich gehöre zur Miliz - lass mich rein!","나는 민병대 소속이다. 들여보내 다오!","","False","DIA_Mil_305_Torwache_PassAsMil.description","",""
"Scripts/Content/Story/Dialoge/DIA_MIL_305_Torwache.d:309","Ich gehöre zur Miliz - lass mich rein!","나는 민병대 소속이다. 들여보내 다오!","","False","DIA_Mil_305_Torwache_PassAsMil_15_00","",""
"Scripts/Content/Story/Dialoge/DIA_MIL_305_Torwache.d:310","Andre hat dich also aufgenommen? Dann kannst du ja nicht so'n schlechter Kerl sein!","안드레가 너를 받아들였다고? 그렇다면 아주 나쁜 녀석은 아니겠군!","","False","DIA_Mil_305_Torwache_PassAsMil_03_01","",""
"Scripts/Content/Story/Dialoge/DIA_MIL_305_Torwache.d:311","Du gehörst ab jetzt zu den Beschützern der Stadt! Also sei schön freundlich zu den Bürgern!","너는 이제 도시의 수호자 중 한 명이다! 그러니 시민들에게 친절하게 대하도록 해라!","","False","DIA_Mil_305_Torwache_PassAsMil_03_02","",""
"Scripts/Content/Story/Dialoge/DIA_MIL_305_Torwache.d:329","Du wagst es, dich einem Vertreter Innos' in den Weg zu stellen?!","감히 이노스의 대변인을 가로막는 거냐?!","","False","DIA_Mil_305_Torwache_PassAsMage.description","",""
"Scripts/Content/Story/Dialoge/DIA_MIL_305_Torwache.d:344","Du wagst es, dich einem Vertreter Innos' in den Weg zu stellen?!","감히 이노스의 대변인을 가로막는 거냐?!","","False","DIA_Mil_305_Torwache_PassAsMage_15_00","",""
"Scripts/Content/Story/Dialoge/DIA_MIL_305_Torwache.d:345","Ähm ... nein! Natürlich nicht! Der Zugang steht den Erwählten Innos' frei!","으흠... 아니오! 물론 아닙니다! 이노스의 선택받은 자들에게는 출입이 허용되어 있습니다!","","False","DIA_Mil_305_Torwache_PassAsMage_03_01","",""
"Scripts/Content/Story/Dialoge/DIA_MIL_305_Torwache.d:346","Bete zu Innos für diesen Frevel!","이 신성 모독에 대해 이노스께 기도나 드려라!","","False","DIA_Mil_305_Torwache_PassAsMage_15_02","",""
"Scripts/Content/Story/Dialoge/DIA_MIL_305_Torwache.d:347","Ja, Erwählter!","예, 선택받은 자여!","","False","DIA_Mil_305_Torwache_PassAsMage_03_03","",""
"Scripts/Content/Story/Dialoge/DIA_MIL_305_Torwache.d:365","Ich habe eine wichtige Nachricht für Lord Hagen!","헤이건 경님께 전할 중요한 메시지가 있다!","","False","DIA_Mil_305_Torwache_PassAsSld.description","",""
"Scripts/Content/Story/Dialoge/DIA_MIL_305_Torwache.d:380","Ich habe eine wichtige Nachricht für Lord Hagen!","헤이건 경님께 전할 중요한 메시지가 있다!","","False","DIA_Mil_305_Torwache_PassAsSld_15_00","",""
"Scripts/Content/Story/Dialoge/DIA_MIL_305_Torwache.d:381","Du bist doch einer von diesem Söldnerpack! Was kannst du schon von Lord Hagen wollen!","너희 용병 녀석들 중 하나로군! 네가 헤이건 경에게 바랄 게 뭐가 있겠나!","","False","DIA_Mil_305_Torwache_PassAsSld_03_01","",""
"Scripts/Content/Story/Dialoge/DIA_MIL_305_Torwache.d:382","Ich bringe ein Friedensangebot.","평화 협정을 가져왔다.","","False","DIA_Mil_305_Torwache_PassAsSld_15_02","",""
"Scripts/Content/Story/Dialoge/DIA_MIL_305_Torwache.d:383","Ah! Seid ihr Lumpen endlich vernünftig geworden. Dann geh mal zu Lord Hagen, aber sei schön höflich, sonst tritt er dir in deinen dicken dummen Hintern!","아! 너희 건달들도 드디어 정신을 차렸나 보군. 그럼 헤이건 경에게 가라. 하지만 예의를 갖추는 게 좋을 거다. 안 그러면 그 뚱하고 멍청한 엉덩이를 걷어차 버릴 테니까!","","False","DIA_Mil_305_Torwache_PassAsSld_03_03","",""
"Scripts/Content/Story/Dialoge/DIA_MIL_305_Torwache.d:401","Wie steht's?","어떻게 지내나?","","False","DIA_Mil_305_Torwache_PERM.description","",""
"Scripts/Content/Story/Dialoge/DIA_MIL_305_Torwache.d:415","Wie steht's?","어떻게 지내나?","","False","DIA_Mil_305_Torwache_PERM_15_00","",""
"Scripts/Content/Story/Dialoge/DIA_MIL_305_Torwache.d:420","Alles in Ordnung, Kamerad!","모두 이상 없다, 동지여!","","False","DIA_Mil_305_Torwache_PERM_03_01","",""
"Scripts/Content/Story/Dialoge/DIA_MIL_305_Torwache.d:424","Wir erfüllen hier nur unsere Pflicht. Danke, dass du mich beachtet hast, Erwählter!","우린 여기서 임무를 다하고 있을 뿐입니다. 저를 알아봐 주셔서 감사합니다, 선택받은 자여!","","False","DIA_Mil_305_Torwache_PERM_03_02","",""
"Scripts/Content/Story/Dialoge/DIA_MIL_305_Torwache.d:429","Ich muss dich reinlassen, aber reden muss ich mit dir nicht!","들여보내 주긴 해야 하지만, 너랑 말 섞을 필요는 없다!","","False","DIA_Mil_305_Torwache_PERM_03_03","",""
"Scripts/Content/Story/Dialoge/DIA_MIL_305_Torwache.d:433","Was willst du?","무슨 짓이냐?","","False","DIA_Mil_305_Torwache_PERM_03_04","",""
"Scripts/Content/Story/Dialoge/DIA_MIL_309_Stadtwache.d:34","Wie sieht's aus?","별일 없나?","","False","DIA_Mil_309_Stadtwache_Hallo.description","",""
"Scripts/Content/Story/Dialoge/DIA_MIL_309_Stadtwache.d:44","Wie sieht's aus?","별일 없나?","","False","DIA_Mil_309_Stadtwache_Hallo_15_00","",""
"Scripts/Content/Story/Dialoge/DIA_MIL_309_Stadtwache.d:49","Alles ruhig. Wir halten weiter die Augen offen.","모두 조용하다. 계속 주시하고 있지.","","False","DIA_Mil_309_Stadtwache_Hallo_06_01","",""
"Scripts/Content/Story/Dialoge/DIA_MIL_309_Stadtwache.d:54","Pass mal auf - du kommst nicht in die Stadt.","잘 들어—너는 도시에 들어갈 수 없다.","","False","DIA_Mil_309_Stadtwache_Hallo_06_02","",""
"Scripts/Content/Story/Dialoge/DIA_MIL_309_Stadtwache.d:55","Aber ich will dir mal 'nen Tipp geben, der ist auch ganz umsonst.","하지만 공짜로 충고 하나 해주마.","","False","DIA_Mil_309_Stadtwache_Hallo_06_03","",""
"Scripts/Content/Story/Dialoge/DIA_MIL_309_Stadtwache.d:56","Halt dich von dem Wald hier vorne fern - da streunen gefährliche Monster rum.","앞에 있는 저 숲은 얼씬도 하지 마라. 위험한 괴물들이 돌아다니니까.","","False","DIA_Mil_309_Stadtwache_Hallo_06_04","",""
"Scripts/Content/Story/Dialoge/DIA_MIL_309_Stadtwache.d:63","Kriech zurück unter deinen Stein, Penner!","네가 기어 나온 바위 밑으로 꺼져라, 거지 새끼!","","False","DIA_Mil_309_Stadtwache_Hallo_06_05","",""
"Scripts/Content/Story/Dialoge/DIA_MIL_309_Stadtwache.d:69","Hör Mal - du hast jetzt Zugang zur Stadt. Aber das heißt nicht, dass du hier machen kannst, was du willst.","들어봐—이제 도시에 들어갈 수 있게 됐다. 하지만 그렇다고 여기서 네 멋대로 행동해도 된다는 뜻은 아니야.","","False","DIA_Mil_309_Stadtwache_Hallo_06_06","",""
"Scripts/Content/Story/Dialoge/DIA_MIL_309_Stadtwache.d:70","Wenn du dich nicht an die Regeln hältst, verlierst du hier alle Rechte!","규칙을 따르지 않으면, 여기서 모든 권리를 잃게 될 거다!","","False","DIA_Mil_309_Stadtwache_Hallo_06_07","",""
"Scripts/Content/Story/Dialoge/DIA_MIL_309_Stadtwache.d:77","Weitergehen - na mach schon!","지나가라—어서 가!","","False","DIA_Mil_309_Stadtwache_Hallo_06_08","",""
"Scripts/Content/Story/Dialoge/DIA_MIL_310_Stadtwache.d:76","HALT!","멈춰라!","","False","DIA_Mil_310_Stadtwache_FirstWarn_07_00","",""
"Scripts/Content/Story/Dialoge/DIA_MIL_310_Stadtwache.d:81","(seufzt) Was denn?","(한숨을 쉬며) 또 왜 그러지?","","False","DIA_Mil_310_Stadtwache_FirstWarn_15_01","",""
"Scripts/Content/Story/Dialoge/DIA_MIL_310_Stadtwache.d:82","Das weißt du ganz genau!","네가 제일 잘 알 텐데!","","False","DIA_Mil_310_Stadtwache_FirstWarn_07_02","",""
"Scripts/Content/Story/Dialoge/DIA_MIL_310_Stadtwache.d:86","Du wirst in der Stadt als Mörder gesucht!","너는 살인죄로 도시에서 지명수배 중이다!","","False","DIA_Mil_310_Stadtwache_FirstWarn_07_03","",""
"Scripts/Content/Story/Dialoge/DIA_MIL_310_Stadtwache.d:91","Dreckige Diebe brauchen wir hier nicht!","더러운 도둑놈들은 우리 도시에서 사절이다!","","False","DIA_Mil_310_Stadtwache_FirstWarn_07_04","",""
"Scripts/Content/Story/Dialoge/DIA_MIL_310_Stadtwache.d:96","Unruhestifter können wir in unserer Stadt nicht gebrauchen!","우리 도시에 소란을 피우는 자들은 필요 없다!","","False","DIA_Mil_310_Stadtwache_FirstWarn_07_05","",""
"Scripts/Content/Story/Dialoge/DIA_MIL_310_Stadtwache.d:99","Warum, glaubst du, sollten wir dich reinlassen?","우리가 너를 들여보내 줘야 하는 이유가 뭐라고 생각하나?","","False","DIA_Mil_310_Stadtwache_FirstWarn_07_06","",""
"Scripts/Content/Story/Dialoge/DIA_MIL_310_Stadtwache.d:109","Was denn?","왜 그러지?","","False","DIA_Mil_310_Stadtwache_FirstWarn_15_07","",""
"Scripts/Content/Story/Dialoge/DIA_MIL_310_Stadtwache.d:110","DU kommst hier nicht rein, mein Junge!","넌 여기 못 들어간다, 얘야!","","False","DIA_Mil_310_Stadtwache_FirstWarn_07_08","",""
"Scripts/Content/Story/Dialoge/DIA_MIL_310_Stadtwache.d:111","Warum nicht?","왜지?","","False","DIA_Mil_310_Stadtwache_FirstWarn_15_09","",""
"Scripts/Content/Story/Dialoge/DIA_MIL_310_Stadtwache.d:112","So abgerissen, wie du aussiehst, machst du hier bestimmt nur Ärger!","그렇게 누더기를 걸치고 다니다간 여기서 사고나 치기 딱 알맞으니까!","","False","DIA_Mil_310_Stadtwache_FirstWarn_07_10","",""
"Scripts/Content/Story/Dialoge/DIA_MIL_310_Stadtwache.d:113","Wir haben schon genug Gesindel in der Stadt. Leute ohne Geld können wir nicht gebrauchen.","도시에도 건달들은 이미 차고 넘친다. 돈 없는 사람들은 쓸모가 없어.","","False","DIA_Mil_310_Stadtwache_FirstWarn_07_11","",""
"Scripts/Content/Story/Dialoge/DIA_MIL_310_Stadtwache.d:126","Was willst du schon wieder?","또 무슨 볼일이냐?","","False","DIA_Mil_310_Stadtwache_FirstWarn_07_12","",""
"Scripts/Content/Story/Dialoge/DIA_MIL_310_Stadtwache.d:127","Der Bauer schickt mich.","농부의 보냄을 받고 왔다.","","False","DIA_Mil_310_Stadtwache_FirstWarn_15_13","",""
"Scripts/Content/Story/Dialoge/DIA_MIL_310_Stadtwache.d:128","So? Hast du diesmal wenigstens 'nen guten Grund herzukommen?","그래? 이번에는 여기에 올 만한 제대로 된 이유라도 있나?","","False","DIA_Mil_310_Stadtwache_FirstWarn_07_14","",""
"Scripts/Content/Story/Dialoge/DIA_MIL_310_Stadtwache.d:132","Bist du einer der Knechte von Lobarts Hof? Ich hab dich hier noch nie gesehen!","로바트 농장의 일꾼인가? 여기서 본 적이 없는 얼굴인데!","","False","DIA_Mil_310_Stadtwache_FirstWarn_07_15","",""
"Scripts/Content/Story/Dialoge/DIA_MIL_310_Stadtwache.d:133","Ich bin noch nicht lange bei Lobart.","로바트 밑에 들어간 지 얼마 안 됐다.","","False","DIA_Mil_310_Stadtwache_FirstWarn_15_16","",""
"Scripts/Content/Story/Dialoge/DIA_MIL_310_Stadtwache.d:134","Was willst du in der Stadt?","도시에 볼일은 뭔가?","","False","DIA_Mil_310_Stadtwache_FirstWarn_07_17","",""
"Scripts/Content/Story/Dialoge/DIA_MIL_310_Stadtwache.d:141","(ruhig) Was?","(차분하게) 뭐라고?","","False","DIA_Mil_310_Stadtwache_FirstWarn_15_18","",""
"Scripts/Content/Story/Dialoge/DIA_MIL_310_Stadtwache.d:145","Verzeihung, aber so sind nun mal die Vorschriften.","미안하지만 규정이란 게 원래 그런 거다.","","False","DIA_Mil_310_Stadtwache_FirstWarn_07_19","",""
"Scripts/Content/Story/Dialoge/DIA_MIL_310_Stadtwache.d:146","Willst du mich aufhalten?","나를 막으려는 거냐?","","False","DIA_Mil_310_Stadtwache_FirstWarn_15_20","",""
"Scripts/Content/Story/Dialoge/DIA_MIL_310_Stadtwache.d:147","Natürlich nicht. Alle Angehörigen der Kirche Innos' sind uns selbstverständlich willkommen.","물론 아니지. 이노스 교단의 모든 신도들은 언제든 환영이다.","","False","DIA_Mil_310_Stadtwache_FirstWarn_07_21","",""
"Scripts/Content/Story/Dialoge/DIA_MIL_310_Stadtwache.d:151","Wollte dich nur mal ansehen. Siehst aus, als ob du Geld hättest. Kannst reingehen.","그냥 한번 살펴본 거다. 돈은 좀 있어 보이는군. 들어가도 좋다.","","False","DIA_Mil_310_Stadtwache_FirstWarn_07_22","",""
"Scripts/Content/Story/Dialoge/DIA_MIL_310_Stadtwache.d:193","Jetzt werd mal nicht ulkig. Noch einen Schritt und ich hack dich in Stücke!","농담 따먹을 때가 아니다. 한 걸음만 더 내디디면 토막을 내주마!","","False","DIA_Mil_310_Stadtwache_SecondWarn_07_00","",""
"Scripts/Content/Story/Dialoge/DIA_MIL_310_Stadtwache.d:230","Du hast es so gewollt ...","자초한 일이다...","","False","DIA_Mil_310_Stadtwache_Attack_07_00","",""
"Scripts/Content/Story/Dialoge/DIA_MIL_310_Stadtwache.d:246","Hier sind 100 Goldstücke. Lass mich rein!","여기 100개의 금화가 있다. 들여보내 다오!","","False","DIA_Mil_310_Stadtwache_Bribe.description","",""
"Scripts/Content/Story/Dialoge/DIA_MIL_310_Stadtwache.d:259","Hier sind 100 Goldstücke. Lass mich rein!","여기 100개의 금화가 있다. 들여보내 다오!","","False","DIA_Mil_310_Stadtwache_Bribe_15_00","",""
"Scripts/Content/Story/Dialoge/DIA_MIL_310_Stadtwache.d:263","(gierig) 100 Goldstücke klingen gut. Dann mal immer rein mit dir.","(욕심을 내며) 100개의 금화라, 나쁘지 않군. 그럼 얼른 들어가라.","","False","DIA_Mil_310_Stadtwache_Bribe_07_01","",""
"Scripts/Content/Story/Dialoge/DIA_MIL_310_Stadtwache.d:267","Und geh direkt zu Lord Andre! Sonst knöpf ich dir beim nächsten Mal wieder 100 Goldstücke ab!","그리고 곧바로 안드레 경에게 가라! 안 그러면 다음에는 또 100개의 금화를 뜯어낼 테니까!","","False","DIA_Mil_310_Stadtwache_Bribe_07_02","",""
"Scripts/Content/Story/Dialoge/DIA_MIL_310_Stadtwache.d:280","Was?! Wo?! Ich sehe keine 100 Goldmünzen. Hau ab!","뭐야?! 어디?! 금화 100개 같은 건 안 보이는데. 꺼져라!","","False","DIA_Mil_310_Stadtwache_Bribe_07_03","",""
"Scripts/Content/Story/Dialoge/DIA_MIL_310_Stadtwache.d:295","Ich habe einen Passierschein!","나에게는 통행증이 있다!","","False","DIA_Mil_310_Stadtwache_Passierschein.description","",""
"Scripts/Content/Story/Dialoge/DIA_MIL_310_Stadtwache.d:310","Ich habe einen Passierschein!","나에게는 통행증이 있다!","","False","DIA_Mil_310_Stadtwache_Passierschein_15_00","",""
"Scripts/Content/Story/Dialoge/DIA_MIL_310_Stadtwache.d:314","Tatsächlich? Und wen hast du dafür umgelegt, du Halsabschneider?","그래? 그러기 위해 누굴 쳐 죽인 거냐, 이 칼잡이야?","","False","DIA_Mil_310_Stadtwache_Passierschein_07_01","",""
"Scripts/Content/Story/Dialoge/DIA_MIL_310_Stadtwache.d:315","Wollt ihr mich jetzt reinlassen oder nicht?","들여보내 줄 건가, 말 건가?","","False","DIA_Mil_310_Stadtwache_Passierschein_15_02","",""
"Scripts/Content/Story/Dialoge/DIA_MIL_310_Stadtwache.d:316","Na geh schon rein, bevor ich's mir anders überlege!","마음이 바뀌기 전에 얼른 들어가라!","","False","DIA_Mil_310_Stadtwache_Passierschein_07_03","",""
"Scripts/Content/Story/Dialoge/DIA_MIL_310_Stadtwache.d:320","Scheint in Ordnung zu sein. Weiter gehen.","이상 없는 것 같군. 지나가라.","","False","DIA_Mil_310_Stadtwache_Passierschein_07_04","",""
"Scripts/Content/Story/Dialoge/DIA_MIL_310_Stadtwache.d:340","Ich will zum Schmied. Werkzeuge reparieren lassen.","대장간에 가야 한다. 도구를 수리해야 하거든.","","False","DIA_Mil_310_Stadtwache_ZumSchmied.description","",""
"Scripts/Content/Story/Dialoge/DIA_MIL_310_Stadtwache.d:357","Ich will zum Schmied. Werkzeuge reparieren lassen.","대장간에 가야 한다. 도구를 수리해야 하거든.","","False","DIA_Mil_310_Stadtwache_ZumSchmied_15_00","",""
"Scripts/Content/Story/Dialoge/DIA_MIL_310_Stadtwache.d:361","(böse) Ach? Und warum sagst du das nicht gleich?","(기분 나쁘다는 듯) 아 그래? 그럼 진작 그렇게 말할 것이지?","","False","DIA_Mil_310_Stadtwache_ZumSchmied_07_01","",""
"Scripts/Content/Story/Dialoge/DIA_MIL_310_Stadtwache.d:362","Ich wollte mal sehen, wie du reagierst.","네가 어떻게 반응하는지 보고 싶었을 뿐이다.","","False","DIA_Mil_310_Stadtwache_ZumSchmied_15_02","",""
"Scripts/Content/Story/Dialoge/DIA_MIL_310_Stadtwache.d:363","Was?! Mach so was noch mal mit mir und ich werd dir zeigen, wie ich auf so was reagiere, du dummer Bauernlümmel!","뭐야?! 나를 상대로 그런 짓을 또 했다가는 내가 어떻게 반응하는지 똑똑히 보여주마, 이 멍청한 촌놈 새끼!","","False","DIA_Mil_310_Stadtwache_ZumSchmied_07_03","",""
"Scripts/Content/Story/Dialoge/DIA_MIL_310_Stadtwache.d:367","Na schön, dann mach mal, dass du reinkommst.","좋아, 그럼 얼른 들어가기나 해라.","","False","DIA_Mil_310_Stadtwache_ZumSchmied_07_04","",""
"Scripts/Content/Story/Dialoge/DIA_MIL_310_Stadtwache.d:370","Und wenn du Lobart siehst, kannst du ihm sagen, er soll die Schafe gut füttern, wir kommen demnächst wieder zu ihm! (lacht dreckig)","그리고 로바트를 만나거든 양들에게 먹이 좀 잘 주라고 전해라. 곧 다시 찾아갈 테니까! (더럽게 웃는다)","","False","DIA_Mil_310_Stadtwache_ZumSchmied_07_05","",""
"Scripts/Content/Story/Dialoge/DIA_MIL_310_Stadtwache.d:391","Ich habe hier Kräuter für Constantino dem Alchemisten.","연금술사 콘스탄티노에게 줄 약초를 가지고 있다.","","False","DIA_Addon_Mil_310_Stadtwache_Constantino.description","",""
"Scripts/Content/Story/Dialoge/DIA_MIL_310_Stadtwache.d:405","Ich habe hier Kräuter für Constantino den Alchemisten.","연금술사 콘스탄티노님께 드릴 약초를 가져왔습니다.","","False","DIA_Addon_Mil_310_Stadtwache_Constantino_15_00","",""
"Scripts/Content/Story/Dialoge/DIA_MIL_310_Stadtwache.d:420","(lauernd) Aha? Wenn das so ist, dann zeig mal, was du da mitgebracht hast.","(의심스럽다는 듯) 그래? 그렇다면 뭘 가져왔는지 어디 좀 보자고.","","False","DIA_Addon_Mil_310_Stadtwache_Constantino_07_01","",""
"Scripts/Content/Story/Dialoge/DIA_MIL_310_Stadtwache.d:434","(zustimmend) Mmh. Siehst gut aus. Na schön. Dann geh mal rein. Aber mach keinen Ärger, klar?","(끄덕이며) 음. 좋아 보이는군. 알았다. 그럼 들어가 봐라. 하지만 말썽 피우지 마라, 알겠나?","","False","DIA_Addon_Mil_310_Stadtwache_Constantino_07_02","",""
"Scripts/Content/Story/Dialoge/DIA_MIL_310_Stadtwache.d:446","Was denn? Was soll das sein?","뭐야? 이게 대체 뭐야?","","False","DIA_Addon_Mil_310_Stadtwache_Constantino_07_03","",""
"Scripts/Content/Story/Dialoge/DIA_MIL_310_Stadtwache.d:450","Was soll ein Alchemist mit diesen klobigen Rüben da anfangen? Willst du mich verarschen? Verzieh dich.","연금술사가 이런 뭉툭한 순무 따위를 가지고 뭘 하겠다는 거지? 나를 놀리는 거냐? 꺼져라.","","False","DIA_Addon_Mil_310_Stadtwache_Constantino_07_04","",""
"Scripts/Content/Story/Dialoge/DIA_MIL_310_Stadtwache.d:454","Ich kenne mich zwar nicht mit Alchemie aus, aber dieses bunt zusammengeschnürte Bündel Gemüse kann doch keiner gebrauchen. Verschwinde.","연금술에 대해서는 잘 모르지만, 이렇게 아무렇게나 묶어 놓은 채소 뭉치를 쓸 데가 어디 있겠나. 사라져라.","","False","DIA_Addon_Mil_310_Stadtwache_Constantino_07_05","",""
"Scripts/Content/Story/Dialoge/DIA_MIL_310_Stadtwache.d:460","Was für Kräuter? Du hast keine Kräuter. Verschwinde!","어떤 약초 말이다? 가진 약초 따윈 없잖아. 꺼져라!","","False","DIA_Addon_Mil_310_Stadtwache_Constantino_07_06","",""
"Scripts/Content/Story/Dialoge/DIA_MIL_310_Stadtwache.d:475","Ich bin gekommen, um mich der Miliz anzuschließen!","민병대에 지원하려고 왔다!","","False","DIA_Mil_310_Stadtwache_MilizWerden.description","",""
"Scripts/Content/Story/Dialoge/DIA_MIL_310_Stadtwache.d:488","Ich bin gekommen, um mich der Miliz anzuschließen!","민병대에 지원하려고 왔다!","","False","DIA_Mil_310_Stadtwache_MilizWerden_15_00","",""
"Scripts/Content/Story/Dialoge/DIA_MIL_310_Stadtwache.d:489","Der ist gut! Versuch's damit mal beim anderen Stadttor - vielleicht kaufen DIE dir das ab.","기가 막히는군! 저쪽 다른 성문에서 한번 해보지 그래—거기선 그 수작이 먹힐지도 모르니까.","","False","DIA_Mil_310_Stadtwache_MilizWerden_07_01","",""
"Scripts/Content/Story/Dialoge/DIA_MIL_310_Stadtwache.d:503","Ich muss zum Anführer der Paladine! ...","팔라딘들의 지휘관을 만나야 한다! ...","","False","DIA_Mil_310_Stadtwache_Paladine.description","",""
"Scripts/Content/Story/Dialoge/DIA_MIL_310_Stadtwache.d:516","Ich muss zum Anführer der Paladine! Ich habe eine wichtige Nachricht für ihn!","팔라딘들의 지휘관을 만나야 한다! 그에게 전할 중요한 메시지가 있다!","","False","DIA_Mil_310_Stadtwache_Paladine_15_00","",""
"Scripts/Content/Story/Dialoge/DIA_MIL_310_Stadtwache.d:517","Ach? Und was könnte das wohl für eine wichtige Nachricht sein?","그래? 그 중요한 메시지라는 게 대체 뭘까?","","False","DIA_Mil_310_Stadtwache_Paladine_07_01","",""
"Scripts/Content/Story/Dialoge/DIA_MIL_310_Stadtwache.d:522","Die Stadt wird bald angegriffen!","도시가 곧 공격당할 것이다!","","False","DIA_Mil_310_Stadtwache_Paladine_Info.DIA_Mil_310_Stadtwache_Paladine.DIA_Mil_310_Stadtwache_Paladine_AttackSoon","Info_AddChoice",""
"Scripts/Content/Story/Dialoge/DIA_MIL_310_Stadtwache.d:523","Die Armee des Bösen lagert im Tal von Khorinis!","악의 군대가 코리니스 계곡에 진을 치고 있다!","","False","DIA_Mil_310_Stadtwache_Paladine_Info.DIA_Mil_310_Stadtwache_Paladine.DIA_Mil_310_Stadtwache_Paladine_EvilArmy","Info_AddChoice",""
"Scripts/Content/Story/Dialoge/DIA_MIL_310_Stadtwache.d:524","Ich bin gekommen um das Auge Innos zu holen!","이노스의 눈을 가지러 왔다!","","False","DIA_Mil_310_Stadtwache_Paladine_Info.DIA_Mil_310_Stadtwache_Paladine.DIA_Mil_310_Stadtwache_Paladine_EyeInnos","Info_AddChoice",""
"Scripts/Content/Story/Dialoge/DIA_MIL_310_Stadtwache.d:529","Ich bin gekommen, um das Auge Innos' zu holen!","이노스의 눈을 가지러 왔다!","","False","DIA_Mil_310_Stadtwache_Paladine_EyeInnos_15_00","",""
"Scripts/Content/Story/Dialoge/DIA_MIL_310_Stadtwache.d:530","Was? Nie gehört - was soll das sein?","뭐라고? 들어본 적도 없는데—그게 뭔데 그러지?","","False","DIA_Mil_310_Stadtwache_Paladine_EyeInnos_07_01","",""
"Scripts/Content/Story/Dialoge/DIA_MIL_310_Stadtwache.d:531","Es ist ein wichtiges Artefakt.","중요한 유물이다.","","False","DIA_Mil_310_Stadtwache_Paladine_EyeInnos_15_02","",""
"Scripts/Content/Story/Dialoge/DIA_MIL_310_Stadtwache.d:532","Du siehst aber nicht wie ein wichtiger Bote aus. Hast du etwas, womit du dich ausweisen kannst?","하지만 중요한 사절처럼 생기진 않았는걸. 신분을 증명할 만한 것이라도 있나?","","False","DIA_Mil_310_Stadtwache_Paladine_EyeInnos_07_03","",""
"Scripts/Content/Story/Dialoge/DIA_MIL_310_Stadtwache.d:535","Habe ich nicht!","없다!","","False","DIA_Mil_310_Stadtwache_Paladine_EyeInnos_15_04","",""
"Scripts/Content/Story/Dialoge/DIA_MIL_310_Stadtwache.d:536","Dann verschwende nicht meine Zeit!","그럼 내 시간 낭비하게 하지 마라!","","False","DIA_Mil_310_Stadtwache_Paladine_EyeInnos_07_05","",""
"Scripts/Content/Story/Dialoge/DIA_MIL_310_Stadtwache.d:544","Die Armee des Bösen lagert im Tal von Khorinis!","악의 군대가 코리니스 계곡에 진을 치고 있다!","","False","DIA_Mil_310_Stadtwache_Paladine_EvilArmy_15_00","",""
"Scripts/Content/Story/Dialoge/DIA_MIL_310_Stadtwache.d:545","Im Minental? Kommst du von dort? Hast du die Armee gesehen?","광산 계곡에? 네가 거기서 온 건가? 그 군대를 직접 봤기라도 했나?","","False","DIA_Mil_310_Stadtwache_Paladine_EvilArmy_07_01","",""
"Scripts/Content/Story/Dialoge/DIA_MIL_310_Stadtwache.d:548","Nein - aber ich wurde von jemandem geschickt, der sie gesehen hat.","아니—하지만 그들을 본 사람의 전갈을 받고 왔다.","","False","DIA_Mil_310_Stadtwache_Paladine_EvilArmy.DIA_Mil_310_Stadtwache_Paladine.DIA_Mil_310_Stadtwache_Paladine_NoSomeone","Info_AddChoice",""
"Scripts/Content/Story/Dialoge/DIA_MIL_310_Stadtwache.d:549","Nein. Aber ich weiß, daß sie von Drachen angeführt wird!","아니오. 하지만 그 군대를 이끄는 것이 드래곤들이라는 것은 알고 있다!","","False","DIA_Mil_310_Stadtwache_Paladine_EvilArmy.DIA_Mil_310_Stadtwache_Paladine.DIA_Mil_310_Stadtwache_Paladine_NoDragons","Info_AddChoice",""
"Scripts/Content/Story/Dialoge/DIA_MIL_310_Stadtwache.d:550","Ja. Ich war im Tal von Khorinis. Ich habe riesige Drachen gesehen!","그렇다. 나는 코리니스 계곡에 있었다. 거대하고 무시무시한 드래곤들을 보았다!","","False","DIA_Mil_310_Stadtwache_Paladine_EvilArmy.DIA_Mil_310_Stadtwache_Paladine.DIA_Mil_310_Stadtwache_Paladine_YesDragons","Info_AddChoice",""
"Scripts/Content/Story/Dialoge/DIA_MIL_310_Stadtwache.d:555","Die Stadt wird bald angegriffen!","도시가 곧 공격받을 겁니다!","","False","DIA_Mil_310_Stadtwache_Paladine_AttackSoon_15_00","",""
"Scripts/Content/Story/Dialoge/DIA_MIL_310_Stadtwache.d:556","Was? Von wem? Von den Orks? Hast du ihre Armee gesehen?","뭐? 누구한테? 오크들한테? 그들의 군대를 봤나?","","False","DIA_Mil_310_Stadtwache_Paladine_AttackSoon_07_01","",""
"Scripts/Content/Story/Dialoge/DIA_MIL_310_Stadtwache.d:559","Nein - aber ich wurde von jemandem geschickt, der sie gesehen hat.","아니오 - 하지만 그들을 본 사람에게 파견된 겁니다.","","False","DIA_Mil_310_Stadtwache_Paladine_AttackSoon.DIA_Mil_310_Stadtwache_Paladine.DIA_Mil_310_Stadtwache_Paladine_NoSomeone","Info_AddChoice",""
"Scripts/Content/Story/Dialoge/DIA_MIL_310_Stadtwache.d:560","Nein. Aber ich weiß, daß sie von Drachen angeführt wird!","아니오. 하지만 그들이 드래곤들의 지휘를 받고 있다는 건 압니다!","","False","DIA_Mil_310_Stadtwache_Paladine_AttackSoon.DIA_Mil_310_Stadtwache_Paladine.DIA_Mil_310_Stadtwache_Paladine_NoDragons","Info_AddChoice",""
"Scripts/Content/Story/Dialoge/DIA_MIL_310_Stadtwache.d:561","Ja. Ich war im Tal von Khorinis. Ich habe riesige Drachen gesehen!","그렇소. 나는 코리니스 계곡에 있었소. 거대한 드래곤들을 보았단 말이다!","","False","DIA_Mil_310_Stadtwache_Paladine_AttackSoon.DIA_Mil_310_Stadtwache_Paladine.DIA_Mil_310_Stadtwache_Paladine_YesDragons","Info_AddChoice",""
"Scripts/Content/Story/Dialoge/DIA_MIL_310_Stadtwache.d:567","Nein. Aber ich weiß, dass sie von Drachen geführt wird!","아니오. 하지만 그들이 드래곤의 지휘를 받고 있다는 건 압니다!","","False","DIA_Mil_310_Stadtwache_Paladine_NoDragons_15_00","",""
"Scripts/Content/Story/Dialoge/DIA_MIL_310_Stadtwache.d:568","Sicher! Und meine Großmutter berät die Generäle der Orks.","물론이지! 그리고 우리 할머니가 오크 장군들의 조언자이기도 하지.","","False","DIA_Mil_310_Stadtwache_Paladine_NoDragons_07_01","",""
"Scripts/Content/Story/Dialoge/DIA_MIL_310_Stadtwache.d:569","Du glaubst doch nicht, dass wir dich mit so einem Ammenmärchen zu Lord Hagen lassen!","그런 터무니없는 소리로 우리가 널 헤이건 경께 들여보내 줄 거라고 생각하는 건 아니겠지!","","False","DIA_Mil_310_Stadtwache_Paladine_NoDragons_07_02","",""
"Scripts/Content/Story/Dialoge/DIA_MIL_310_Stadtwache.d:570","Verschwinde!","꺼져라!","","False","DIA_Mil_310_Stadtwache_Paladine_NoDragons_07_03","",""
"Scripts/Content/Story/Dialoge/DIA_MIL_310_Stadtwache.d:578","Nein - aber ich wurde von jemandem geschickt, der sie gesehen hat.","아니오 - 하지만 그들을 본 사람에게 파견된 겁니다.","","False","DIA_Mil_310_Stadtwache_Paladine_NoSomeone_15_00","",""
"Scripts/Content/Story/Dialoge/DIA_MIL_310_Stadtwache.d:579","(misstrauisch) WER schickt dich?","(의심스럽게) 누가 널 보냈지?","","False","DIA_Mil_310_Stadtwache_Paladine_NoSomeone_07_01","",""
"Scripts/Content/Story/Dialoge/DIA_MIL_310_Stadtwache.d:582","Es ist mir nicht erlaubt, dir das zu sagen.","그건 말해 줄 수 없습니다.","","False","DIA_Mil_310_Stadtwache_Paladine_NoSomeone.DIA_Mil_310_Stadtwache_Paladine.DIA_Mil_310_Stadtwache_Paladine_CantTellYou","Info_AddChoice",""
"Scripts/Content/Story/Dialoge/DIA_MIL_310_Stadtwache.d:583","Ein Paladin.","팔라딘입니다.","","False","DIA_Mil_310_Stadtwache_Paladine_NoSomeone.DIA_Mil_310_Stadtwache_Paladine.DIA_Mil_310_Stadtwache_Paladine_APaladin","Info_AddChoice",""
"Scripts/Content/Story/Dialoge/DIA_MIL_310_Stadtwache.d:584","Ein Magier.","마법사입니다.","","False","DIA_Mil_310_Stadtwache_Paladine_NoSomeone.DIA_Mil_310_Stadtwache_Paladine.DIA_Mil_310_Stadtwache_Paladine_AMage","Info_AddChoice",""
"Scripts/Content/Story/Dialoge/DIA_MIL_310_Stadtwache.d:589","Ja. Ich war im Tal von Khorinis. Ich habe riesige Drachen gesehen!","그렇소. 나는 코리니스 계곡에 있었소. 거대한 드래곤들을 보았단 말이다!","","False","DIA_Mil_310_Stadtwache_Paladine_YesDragons_15_00","",""
"Scripts/Content/Story/Dialoge/DIA_MIL_310_Stadtwache.d:590","Du lügst doch! Der Pass zum Tal wird von beiden Seiten gehalten. Niemand kommt da durch!","거짓말 마라! 계곡으로 가는 통행로는 양쪽에서 지키고 있다. 거길 통과한 자는 아무도 없어!","","False","DIA_Mil_310_Stadtwache_Paladine_YesDragons_07_01","",""
"Scripts/Content/Story/Dialoge/DIA_MIL_310_Stadtwache.d:591","Mach, dass du wegkommst!","당장 꺼져!","","False","DIA_Mil_310_Stadtwache_Paladine_YesDragons_07_02","",""
"Scripts/Content/Story/Dialoge/DIA_MIL_310_Stadtwache.d:599","Ein Magier.","마법사입니다.","","False","DIA_Mil_310_Stadtwache_Paladine_AMage_15_00","",""
"Scripts/Content/Story/Dialoge/DIA_MIL_310_Stadtwache.d:600","Du hast Nachricht von den Magiern? Dann hast du sicherlich ein Siegel als Beweis!","마법사들에게서 온 메시지라고? 그렇다면 증거로 인장을 가지고 있겠군!","","False","DIA_Mil_310_Stadtwache_Paladine_AMage_07_01","",""
"Scripts/Content/Story/Dialoge/DIA_MIL_310_Stadtwache.d:601","Nein.","아니오.","","False","DIA_Mil_310_Stadtwache_Paladine_AMage_15_02","",""
"Scripts/Content/Story/Dialoge/DIA_MIL_310_Stadtwache.d:602","Was? Die Magier geben ihren Boten IMMER ein Siegel.","뭐? 마법사들은 심부름꾼에게 언제나 인장을 준다.","","False","DIA_Mil_310_Stadtwache_Paladine_AMage_07_03","",""
"Scripts/Content/Story/Dialoge/DIA_MIL_310_Stadtwache.d:603","Dieser Magier nicht.","이 마법사는 아니었습니다.","","False","DIA_Mil_310_Stadtwache_Paladine_AMage_15_04","",""
"Scripts/Content/Story/Dialoge/DIA_MIL_310_Stadtwache.d:604","Ich glaube dir nicht. Wenn du wirklich ein Bote bist, dann spuck jetzt deine Nachricht aus oder zieh Leine!","네 말을 믿을 수 없다. 네가 정말 심부름꾼이라면, 당장 메시지를 털어놓든가 아니면 꺼져라!","","False","DIA_Mil_310_Stadtwache_Paladine_AMage_07_05","",""
"Scripts/Content/Story/Dialoge/DIA_MIL_310_Stadtwache.d:607","Ich gebe die Nachricht nur den Paladinen!","이 메시지는 팔라딘에게만 전할 겁니다!","","False","DIA_Mil_310_Stadtwache_Paladine_AMage.DIA_Mil_310_Stadtwache_Paladine.DIA_Mil_310_Stadtwache_Paladine_OnlyPaladins","Info_AddChoice",""
"Scripts/Content/Story/Dialoge/DIA_MIL_310_Stadtwache.d:608","Die Armee des Bösen wird von Drachen angeführt!","사악한 자들의 군대가 드래곤들의 지휘를 받고 있습니다!","","False","DIA_Mil_310_Stadtwache_Paladine_AMage.DIA_Mil_310_Stadtwache_Paladine.DIA_Mil_310_Stadtwache_Paladine_DepecheDragons","Info_AddChoice",""
"Scripts/Content/Story/Dialoge/DIA_MIL_310_Stadtwache.d:613","Ein Paladin.","팔라딘입니다.","","False","DIA_Mil_310_Stadtwache_Paladine_APaladin_15_00","",""
"Scripts/Content/Story/Dialoge/DIA_MIL_310_Stadtwache.d:614","Hm, das kann schon sein - die Paladine halten den Pass zum Minental.","흠, 그럴 수도 있겠지. 팔라딘들이 광산 계곡으로 가는 통행로를 지키고 있으니까.","","False","DIA_Mil_310_Stadtwache_Paladine_APaladin_07_01","",""
"Scripts/Content/Story/Dialoge/DIA_MIL_310_Stadtwache.d:615","Gib mir deine Nachricht und ich werde dich melden.","네 메시지를 넘겨라. 그럼 보고해 주마.","","False","DIA_Mil_310_Stadtwache_Paladine_APaladin_07_02","",""
"Scripts/Content/Story/Dialoge/DIA_MIL_310_Stadtwache.d:618","Ich gebe die Nachricht nur den Paladinen!","이 메시지는 팔라딘에게만 전할 겁니다!","","False","DIA_Mil_310_Stadtwache_Paladine_APaladin.DIA_Mil_310_Stadtwache_Paladine.DIA_Mil_310_Stadtwache_Paladine_OnlyPaladins","Info_AddChoice",""
"Scripts/Content/Story/Dialoge/DIA_MIL_310_Stadtwache.d:619","Die Armee des Bösen wird von Drachen angeführt!","사악한 자들의 군대가 드래곤들의 지휘를 받고 있습니다!","","False","DIA_Mil_310_Stadtwache_Paladine_APaladin.DIA_Mil_310_Stadtwache_Paladine.DIA_Mil_310_Stadtwache_Paladine_DepecheDragons","Info_AddChoice",""
"Scripts/Content/Story/Dialoge/DIA_MIL_310_Stadtwache.d:624","Es ist mir nicht erlaubt, dir das zu sagen.","그건 말해 줄 수 없습니다.","","False","DIA_Mil_310_Stadtwache_Paladine_CantTellYou_15_00","",""
"Scripts/Content/Story/Dialoge/DIA_MIL_310_Stadtwache.d:625","Jetzt komm mir nicht so, Junge! Ich bin Angehöriger der Stadtwache.","이 애송아, 나한테 그런 식로 나오지 마라! 난 도시 경비병이다.","","False","DIA_Mil_310_Stadtwache_Paladine_CantTellYou_07_01","",""
"Scripts/Content/Story/Dialoge/DIA_MIL_310_Stadtwache.d:626","Du kannst mir ALLES sagen. Also - wer schickt dich?","내게는 모든 걸 말할 수 있지. 자, 누가 널 보냈나?","","False","DIA_Mil_310_Stadtwache_Paladine_CantTellYou_07_02","",""
"Scripts/Content/Story/Dialoge/DIA_MIL_310_Stadtwache.d:632","Die Armee des Bösen wird von Drachen geführt!","사악한 자들의 군대가 드래곤의 지휘를 받고 있습니다!","","False","DIA_Mil_310_Stadtwache_Paladine_DepecheDragons_15_00","",""
"Scripts/Content/Story/Dialoge/DIA_MIL_310_Stadtwache.d:633","Was? Das darf doch nicht wahr sein. Um ein Haar hätte ich dich reingelassen.","뭐? 말도 안 돼. 하마터면 네놈을 들여보낼 뻔했잖아.","","False","DIA_Mil_310_Stadtwache_Paladine_DepecheDragons_07_01","",""
"Scripts/Content/Story/Dialoge/DIA_MIL_310_Stadtwache.d:634","Wenn du DIE Geschichte Lord Hagen aufgetischt hättest, hätte ich mich warm anziehen können.","그런 이야기를 헤이건 경께 늘어놓았다간, 내 목이 달아났을 거라고.","","False","DIA_Mil_310_Stadtwache_Paladine_DepecheDragons_07_02","",""
"Scripts/Content/Story/Dialoge/DIA_MIL_310_Stadtwache.d:635","Verschwinde!","꺼져라!","","False","DIA_Mil_310_Stadtwache_Paladine_DepecheDragons_07_03","",""
"Scripts/Content/Story/Dialoge/DIA_MIL_310_Stadtwache.d:643","Ich gebe die Nachricht nur den Paladinen!","이 메시지는 팔라딘에게만 전할 겁니다!","","False","DIA_Mil_310_Stadtwache_Paladine_OnlyPaladins_15_00","",""
"Scripts/Content/Story/Dialoge/DIA_MIL_310_Stadtwache.d:644","So läuft das nicht, Junge!","그런 식으로는 안 되지, 애송아!","","False","DIA_Mil_310_Stadtwache_Paladine_OnlyPaladins_07_01","",""
"Scripts/Content/Story/Dialoge/DIA_MIL_310_Stadtwache.d:645","Ich werd den Teufel tun, dich zu Lord Hagen zu lassen, wenn ich nicht sicher bin, dass du ihm nicht seine kostbare Zeit stiehlst.","네가 그의 소중한 시간을 낭비하지 않을 거란 확신이 서기 전에는, 널 헤이건 경께 들여보낼 생각은 추호도 없다.","","False","DIA_Mil_310_Stadtwache_Paladine_OnlyPaladins_07_02","",""
"Scripts/Content/Story/Dialoge/DIA_MIL_310_Stadtwache.d:649","Nein. Die Nachricht ist NUR für die Paladine bestimmt.","아니오. 이 메시지는 오직 팔라딘만을 위한 것입니다.","","False","DIA_Mil_310_Stadtwache_Paladine_OnlyPaladins.DIA_Mil_310_Stadtwache_Paladine.DIA_Mil_310_Stadtwache_Paladine_Only2","Info_AddChoice",""
"Scripts/Content/Story/Dialoge/DIA_MIL_310_Stadtwache.d:650","Die Armee des Bösen wird von Drachen angeführt!","사악한 자들의 군대가 드래곤들의 지휘를 받고 있습니다!","","False","DIA_Mil_310_Stadtwache_Paladine_OnlyPaladins.DIA_Mil_310_Stadtwache_Paladine.DIA_Mil_310_Stadtwache_Paladine_DepecheDragons","Info_AddChoice",""
"Scripts/Content/Story/Dialoge/DIA_MIL_310_Stadtwache.d:655","Nein. Die Nachricht ist NUR für die Paladine bestimmt.","아니오. 이 메시지는 오직 팔라딘만을 위한 것입니다.","","False","DIA_Mil_310_Stadtwache_Paladine_Only2_15_00","",""
"Scripts/Content/Story/Dialoge/DIA_MIL_310_Stadtwache.d:656","Dann endet deine Reise hier, Fremder.","그렇다면 이방인, 네 여정은 여기서 끝이다.","","False","DIA_Mil_310_Stadtwache_Paladine_Only2_07_01","",""
"Scripts/Content/Story/Dialoge/DIA_MIL_310_Stadtwache.d:685","Weitergehen!","지나쳐라!","","False","DIA_Mil_310_Stadtwache_PERM_07_00","",""
"Scripts/Content/Story/Dialoge/DIA_MIL_311_Andre.d:62","Ich habe von einem meiner Männer gehört, es wären Steckbriefe von dir in Umlauf.","내 부하 중 하나가 네 얼굴이 그려진 수배지가 돌고 있다고 하더군.","","False","DIA_Andre_Add_08_00","",""
"Scripts/Content/Story/Dialoge/DIA_MIL_311_Andre.d:63","Er sagt auch, du hättest die Sache zuerst abgestritten.","처음에는 네가 부인했다고도 하더군.","","False","DIA_Andre_Add_08_01","",""
"Scripts/Content/Story/Dialoge/DIA_MIL_311_Andre.d:64","Was ist an der Sache dran?","어떻게 된 영문이지?","","False","DIA_Andre_Add_08_02","",""
"Scripts/Content/Story/Dialoge/DIA_MIL_311_Andre.d:65","Ich weiß nicht, warum die Kerle mich suchen...","그 자들이 왜 절 찾는지 모르겠습니다...","","False","DIA_Andre_Add_15_03","",""
"Scripts/Content/Story/Dialoge/DIA_MIL_311_Andre.d:66","Ich hoffe für dich, daß das stimmt.","네 말이 사실이길 바라마.","","False","DIA_Andre_Add_08_04","",""
"Scripts/Content/Story/Dialoge/DIA_MIL_311_Andre.d:67","Ich kann niemanden bei der Miliz gebrauchen, der Dreck am Stecken hat.","민병대에는 구린 구석이 있는 자를 들일 수 없다.","","False","DIA_Andre_Add_08_05","",""
"Scripts/Content/Story/Dialoge/DIA_MIL_311_Andre.d:68","Die Banditen sind fast alle ehemalige Gefangene aus der Minenkolonie.","이 도둑놈들은 거의 다 광산 계곡의 전직 죄수들이지.","","False","DIA_Andre_Add_08_06","",""
"Scripts/Content/Story/Dialoge/DIA_MIL_311_Andre.d:69","Ich will nicht hoffen, daß du dich auf irgendeine Weise mit den Halsabschneidern eingelassen hast!","네가 그 잔인한 자들과 어울린 적이 없기를 바란다!","","False","DIA_Andre_Add_08_07","",""
"Scripts/Content/Story/Dialoge/DIA_MIL_311_Andre.d:81","Der Händler Canthar war hier. Er hat erzählt, dass du ein entflohener Sträfling aus der Minenkolonie bist.","상인 캔타르가 여기에 왔었다. 네가 광산 계곡에서 탈옥한 죄수라고 하더군.","","False","B_Andre_CantharFalle_08_00","",""
"Scripts/Content/Story/Dialoge/DIA_MIL_311_Andre.d:82","Ich weiß nicht, was da dran ist, und ich werde dich auch besser nicht fragen, aber du solltest das klären.","그게 사실인지는 모르겠고 굳이 묻지도 않겠지만, 네가 직접 해결하는 게 좋을 거다.","","False","B_Andre_CantharFalle_08_01","",""
"Scripts/Content/Story/Dialoge/DIA_MIL_311_Andre.d:175","Bist du gekommen, um deine Strafe zu zahlen?","벌을 치르러 온 건가?","","False","DIA_Andre_PMSchulden_08_00","",""
"Scripts/Content/Story/Dialoge/DIA_MIL_311_Andre.d:195","Ich hatte mich schon gefragt, ob du es überhaupt noch wagst, hierher zu kommen!","감히 이곳에 발을 들일 생각이라도 할 줄은 몰랐는데!","","False","DIA_Andre_PMSchulden_08_01","",""
"Scripts/Content/Story/Dialoge/DIA_MIL_311_Andre.d:196","Anscheinend ist es nicht bei den letzten Anschuldigungen geblieben!","마지막으로 고발당한 것들 외에도 늘어난 모양이더군!","","False","DIA_Andre_PMSchulden_08_02","",""
"Scripts/Content/Story/Dialoge/DIA_MIL_311_Andre.d:199","Ich hatte dich gewarnt! Die Strafe, die du jetzt zahlen musst, ist höher!","내가 경고했을 텐데! 이제 네가 치러야 할 벌은 더 크다!","","False","DIA_Andre_PMSchulden_08_03","",""
"Scripts/Content/Story/Dialoge/DIA_MIL_311_Andre.d:200","Wieviel?","얼마나 내야 합니까?","","False","DIA_Andre_PMAdd_15_00","",""
"Scripts/Content/Story/Dialoge/DIA_MIL_311_Andre.d:214","Du hast mich schwer enttäuscht!","날 아주 크게 실망시키는구나!","","False","DIA_Andre_PMSchulden_08_04","",""
"Scripts/Content/Story/Dialoge/DIA_MIL_311_Andre.d:219","Es haben sich einige neue Dinge ergeben.","새로운 사실들이 밝혀졌거든.","","False","DIA_Andre_PMSchulden_08_05","",""
"Scripts/Content/Story/Dialoge/DIA_MIL_311_Andre.d:223","Plötzlich gibt es niemanden mehr, der dich des Mordes bezichtigt.","갑자기 널 살인죄로 고발하는 사람이 아무도 없더란 말이지.","","False","DIA_Andre_PMSchulden_08_06","",""
"Scripts/Content/Story/Dialoge/DIA_MIL_311_Andre.d:229","Niemand erinnert sich mehr, dich bei einem Diebstahl gesehen zu haben.","네가 물건을 훔치는 걸 봤다는 사람도 이제는 아무도 없더군.","","False","DIA_Andre_PMSchulden_08_07","",""
"Scripts/Content/Story/Dialoge/DIA_MIL_311_Andre.d:235","Es gibt keine Zeugen mehr dafür, dass du jemals in eine Schlägerei verwickelt warst.","네가 싸움에 휘말린 걸 봤다는 목격자도 더 이상 없어.","","False","DIA_Andre_PMSchulden_08_08","",""
"Scripts/Content/Story/Dialoge/DIA_MIL_311_Andre.d:240","Anscheinend haben sich alle Anklagen gegen dich in Wohlgefallen aufgelöst.","너를 향한 모든 혐의가 감쪽같이 사라진 모양이야.","","False","DIA_Andre_PMSchulden_08_09","",""
"Scripts/Content/Story/Dialoge/DIA_MIL_311_Andre.d:243","Ich weiß nicht, was da gelaufen ist, aber ich warne dich: Spiel keine Spielchen mit mir.","어떻게 된 영문인지는 몰라도 경고해 두지. 나를 상대로 장난칠 생각은 마라.","","False","DIA_Andre_PMSchulden_08_10","",""
"Scripts/Content/Story/Dialoge/DIA_MIL_311_Andre.d:248","Ich habe mich jedenfalls entschieden, dir deine Schulden zu erlassen.","어쨌든 난 네 빚을 탕감해 주기로 했다.","","False","DIA_Andre_PMSchulden_08_11","",""
"Scripts/Content/Story/Dialoge/DIA_MIL_311_Andre.d:249","Sieh zu, dass du nicht wieder in Schwierigkeiten kommst.","다시는 말썽을 피우지 않도록 해라.","","False","DIA_Andre_PMSchulden_08_12","",""
"Scripts/Content/Story/Dialoge/DIA_MIL_311_Andre.d:257","Damit eins klar ist: Deine Strafe musst du trotzdem in voller Höhe zahlen.","이것 하나만 분명히 해두지. 네 벌은 전액 그대로 치러야 한다.","","False","DIA_Andre_PMSchulden_08_13","",""
"Scripts/Content/Story/Dialoge/DIA_MIL_311_Andre.d:259","Also, was ist?","자, 어쩔 테냐?","","False","DIA_Andre_PMSchulden_08_14","",""
"Scripts/Content/Story/Dialoge/DIA_MIL_311_Andre.d:268","Ich habe nicht genug Gold!","금이 충분하지 않습니다!","","False","DIA_Andre_PMSchulden_Info.DIA_Andre_PMSchulden.DIA_Andre_PETZMASTER_PayLater","Info_AddChoice",""
"Scripts/Content/Story/Dialoge/DIA_MIL_311_Andre.d:269","Wieviel war es nochmal?","얼마라고 했었지?","","False","DIA_Andre_PMSchulden_Info.DIA_Andre_PMSchulden.DIA_Andre_PMSchulden_HowMuchAgain","Info_AddChoice",""
"Scripts/Content/Story/Dialoge/DIA_MIL_311_Andre.d:272","Ich will die Strafe zahlen.","벌금을 내겠습니다.","","False","DIA_Andre_PMSchulden_Info.DIA_Andre_PMSchulden.DIA_Andre_PETZMASTER_PayNow","Info_AddChoice",""
"Scripts/Content/Story/Dialoge/DIA_MIL_311_Andre.d:279","Wie viel war es noch mal?","얼마라고 했었지?","","False","DIA_Andre_PMSchulden_HowMuchAgain_15_00","",""
"Scripts/Content/Story/Dialoge/DIA_MIL_311_Andre.d:284","Ich habe nicht genug Gold!","금이 충분하지 않습니다!","","False","DIA_Andre_PMSchulden_HowMuchAgain.DIA_Andre_PMSchulden.DIA_Andre_PETZMASTER_PayLater","Info_AddChoice",""
"Scripts/Content/Story/Dialoge/DIA_MIL_311_Andre.d:285","Wieviel war es nochmal?","얼마라고 했었지?","","False","DIA_Andre_PMSchulden_HowMuchAgain.DIA_Andre_PMSchulden.DIA_Andre_PMSchulden_HowMuchAgain","Info_AddChoice",""
"Scripts/Content/Story/Dialoge/DIA_MIL_311_Andre.d:288","Ich will die Strafe zahlen.","벌금을 내겠습니다.","","False","DIA_Andre_PMSchulden_HowMuchAgain.DIA_Andre_PMSchulden.DIA_Andre_PETZMASTER_PayNow","Info_AddChoice",""
"Scripts/Content/Story/Dialoge/DIA_MIL_311_Andre.d:322","Du musst der Neue sein, der hier in der Stadt Ärger gemacht hat.","네가 바로 이 도시에서 말썽을 피웠다는 그 새로 온 녀석이군.","","False","DIA_Andre_PETZMASTER_08_00","",""
"Scripts/Content/Story/Dialoge/DIA_MIL_311_Andre.d:343","Gut, dass du zu mir kommst, bevor alles noch schlimmer für dich wird.","상황이 더 나빠지기 전에 내게 찾아와서 다행이군.","","False","DIA_Andre_PETZMASTER_08_01","",""
"Scripts/Content/Story/Dialoge/DIA_MIL_311_Andre.d:344","Mord ist ein schweres Vergehen!","살인은 중대 범죄다!","","False","DIA_Andre_PETZMASTER_08_02","",""
"Scripts/Content/Story/Dialoge/DIA_MIL_311_Andre.d:349","Ganz zu schweigen von den anderen Sachen, die du angerichtet hast.","네가 저지른 다른 일들은 말할 것도 없고.","","False","DIA_Andre_PETZMASTER_08_03","",""
"Scripts/Content/Story/Dialoge/DIA_MIL_311_Andre.d:352","Die Wachen haben Befehl, jeden Mörder auf der Stelle zu richten.","경비병들에게는 살인마를 즉시 처형하라는 명령이 내려져 있다.","","False","DIA_Andre_PETZMASTER_08_04","",""
"Scripts/Content/Story/Dialoge/DIA_MIL_311_Andre.d:353","Und auch die meisten Bürger werden einen Mörder in der Stadt nicht dulden!","대부분의 시민도 도시에 살인마가 돌아다니는 건 용납하지 않을 거다!","","False","DIA_Andre_PETZMASTER_08_05","",""
"Scripts/Content/Story/Dialoge/DIA_MIL_311_Andre.d:354","Ich habe kein Interesse daran, dich an den Galgen zu bringen. Wir sind im Krieg und wir brauchen jeden Mann.","그렇다고 널 교수대에 매달고 싶지는 않다. 우리는 지금 전쟁 중이고 한 사람이라도 아쉬우니까.","","False","DIA_Andre_PETZMASTER_08_06","",""
"Scripts/Content/Story/Dialoge/DIA_MIL_311_Andre.d:355","Aber es wird nicht leicht sein, die Leute wieder gnädig zu stimmen.","하지만 사람들의 노여움을 풀기는 쉽지 않을 거다.","","False","DIA_Andre_PETZMASTER_08_07","",""
"Scripts/Content/Story/Dialoge/DIA_MIL_311_Andre.d:356","Du könntest deine Reue zeigen, indem du eine Strafe zahlst - natürlich muss die Strafe angemessen hoch sein.","벌금을 내서 뉘우치는 모습을 보여라. 물론 벌금은 꽤 묵직해야 할 거다.","","False","DIA_Andre_PETZMASTER_08_08","",""
"Scripts/Content/Story/Dialoge/DIA_MIL_311_Andre.d:361","Gut, dass du kommst! Du wirst des Diebstahls bezichtigt! Es gibt Zeugen!","잘 찾아왔다! 네가 절도죄로 고발당했어! 목격자도 있다!","","False","DIA_Andre_PETZMASTER_08_09","",""
"Scripts/Content/Story/Dialoge/DIA_MIL_311_Andre.d:364","Von den anderen Dingen, die mir zu Ohren gekommen sind, will ich gar nicht erst reden.","내 귀에 들어온 다른 짓거리들은 언급조차 하지 않으마.","","False","DIA_Andre_PETZMASTER_08_10","",""
"Scripts/Content/Story/Dialoge/DIA_MIL_311_Andre.d:367","Ich werde so ein Verhalten in der Stadt nicht dulden!","도시에서 그런 작태는 용납하지 않겠다!","","False","DIA_Andre_PETZMASTER_08_11","",""
"Scripts/Content/Story/Dialoge/DIA_MIL_311_Andre.d:368","Du wirst eine Strafe zahlen müssen, um dein Verbrechen wieder gutzumachen!","네 범죄를 씻으려면 벌금을 내야 할 것이다!","","False","DIA_Andre_PETZMASTER_08_12","",""
"Scripts/Content/Story/Dialoge/DIA_MIL_311_Andre.d:375","Wenn du dich mit dem Gesindel im Hafen herumprügelst, ist das eine Sache ...","항구의 오합지졸들과 주먹다짐을 벌인 정도라면야...","","False","DIA_Andre_PETZMASTER_08_13","",""
"Scripts/Content/Story/Dialoge/DIA_MIL_311_Andre.d:376","Aber wenn du Bürger oder Soldaten des Königs angreifst, muss ich dich zur Rechenschaft ziehen.","하지만 시민이나 국왕의 군인을 공격한다면 나도 너를 처벌할 수밖에 없다.","","False","DIA_Andre_PETZMASTER_08_14","",""
"Scripts/Content/Story/Dialoge/DIA_MIL_311_Andre.d:379","Und die Sache mit den Schafen musste wohl auch nicht sein.","그리고 양을 건드렸던 일도 안 벌이는 편이 좋았을 거다.","","False","DIA_Andre_PETZMASTER_08_15","",""
"Scripts/Content/Story/Dialoge/DIA_MIL_311_Andre.d:382","Wenn ich dir das durchgehen lasse, macht hier bald jeder, was er will.","이걸 그냥 눈감아주면, 곧 이 도시의 모두가 제멋대로 행동하게 될 테니까.","","False","DIA_Andre_PETZMASTER_08_16","",""
"Scripts/Content/Story/Dialoge/DIA_MIL_311_Andre.d:383","Also wirst du eine angemessene Strafe zahlen - und die Sache ist vergessen.","그러니 적절한 벌금을 내라. 그러면 이 일은 잊어주마.","","False","DIA_Andre_PETZMASTER_08_17","",""
"Scripts/Content/Story/Dialoge/DIA_MIL_311_Andre.d:391","Mir ist zu Ohren gekommen, du hättest dich an unseren Schafen vergriffen.","네가 우리의 양에 손을 댔다는 소문이 들리더군.","","False","DIA_Andre_PETZMASTER_08_18","",""
"Scripts/Content/Story/Dialoge/DIA_MIL_311_Andre.d:392","Dir ist klar, dass ich das nicht durchgehen lassen kann.","이 일을 그냥 넘어갈 수 없다는 건 너도 알겠지.","","False","DIA_Andre_PETZMASTER_08_19","",""
"Scripts/Content/Story/Dialoge/DIA_MIL_311_Andre.d:393","Du wirst eine Entschädigung zahlen müssen!","배상금을 지불해야 할 것이다!","","False","DIA_Andre_PETZMASTER_08_20","",""
"Scripts/Content/Story/Dialoge/DIA_MIL_311_Andre.d:398","Wie viel?","얼마나 내야 합니까?","","False","DIA_Andre_PETZMASTER_15_21","",""
"Scripts/Content/Story/Dialoge/DIA_MIL_311_Andre.d:405","Ich habe nicht genug Gold!","금이 충분하지 않습니다!","","False","DIA_Andre_PETZMASTER_Info.DIA_Andre_PETZMASTER.DIA_Andre_PETZMASTER_PayLater","Info_AddChoice",""
"Scripts/Content/Story/Dialoge/DIA_MIL_311_Andre.d:408","Ich will die Strafe zahlen.","벌금을 내겠습니다.","","False","DIA_Andre_PETZMASTER_Info.DIA_Andre_PETZMASTER.DIA_Andre_PETZMASTER_PayNow","Info_AddChoice",""
"Scripts/Content/Story/Dialoge/DIA_MIL_311_Andre.d:414","Ich will die Strafe zahlen!","벌금을 내겠습니다!","","False","DIA_Andre_PETZMASTER_PayNow_15_00","",""
"Scripts/Content/Story/Dialoge/DIA_MIL_311_Andre.d:416","Gut! Ich werde dafür sorgen, dass es jeder in der Stadt erfährt - damit wäre dein Ruf einigermaßen wiederhergestellt.","좋다! 도시의 모든 사람이 알 수 있게 조치하마. 그러면 네 평판도 어느 정도 회복되겠지.","","False","DIA_Andre_PETZMASTER_PayNow_08_01","",""
"Scripts/Content/Story/Dialoge/DIA_MIL_311_Andre.d:430","Ich habe nicht genug Gold!","금이 충분하지 않습니다!","","False","DIA_Andre_PETZMASTER_PayLater_15_00","",""
"Scripts/Content/Story/Dialoge/DIA_MIL_311_Andre.d:431","Dann sieh zu, dass du das Gold so schnell wie möglich beschaffst.","그렇다면 최대한 빨리금을 마련하도록 해라.","","False","DIA_Andre_PETZMASTER_PayLater_08_01","",""
"Scripts/Content/Story/Dialoge/DIA_MIL_311_Andre.d:432","Und ich warne dich: Wenn du dir noch was zu schulden kommen lässt, wird die Sache noch schlimmer für dich!","경고해 두지. 또다시 문제를 일으킨다면 네 처지는 훨씬 더 나빠질 것이다!","","False","DIA_Andre_PETZMASTER_PayLater_08_02","",""
"Scripts/Content/Story/Dialoge/DIA_MIL_311_Andre.d:463","Innos sei mit dir, Fremder! Was führt dich zu mir?","이노스께서 함께하시기를, 이방인여! 무슨 일로 찾아왔나?","","False","DIA_Andre_Hallo_08_00","",""
"Scripts/Content/Story/Dialoge/DIA_MIL_311_Andre.d:475","Ich habe eine wichtige Nachricht für Lord Hagen.","헤이건 경께 전할 중요한 메시지가 있습니다.","","False","DIA_Andre_Message.description","",""
"Scripts/Content/Story/Dialoge/DIA_MIL_311_Andre.d:490","Ich habe eine wichtige Nachricht für Lord Hagen.","헤이건 경께 전할 중요한 메시지가 있습니다.","","False","DIA_Andre_Message_15_00","",""
"Scripts/Content/Story/Dialoge/DIA_MIL_311_Andre.d:491","Nun, du stehst vor einem seiner Männer. Worum geht es?","음, 그의 부하 앞에 서 있는 거다. 무슨 일이지?","","False","DIA_Andre_Message_08_01","",""
"Scripts/Content/Story/Dialoge/DIA_MIL_311_Andre.d:494","Das muß ich Lord Hagen selbst sagen.","헤이건 경께 직접 말씀드려야 합니다.","","False","DIA_Andre_Message_Info.DIA_Andre_Message.DIA_Andre_Message_Personal","Info_AddChoice",""
"Scripts/Content/Story/Dialoge/DIA_MIL_311_Andre.d:495","Die Armeen der Orks werden von DRACHEN angeführt!","오크 군대의 수장은 드래곤들이다!","","False","DIA_Andre_Message_Info.DIA_Andre_Message.DIA_Andre_Message_Dragons","Info_AddChoice",""
"Scripts/Content/Story/Dialoge/DIA_MIL_311_Andre.d:496","Es geht um ein heiliges Artefakt - das Auge Innos.","성스러운 유물, 이노스의 눈에 관한 일입니다.","","False","DIA_Andre_Message_Info.DIA_Andre_Message.DIA_Andre_Message_EyeInnos","Info_AddChoice",""
"Scripts/Content/Story/Dialoge/DIA_MIL_311_Andre.d:501","Lord Hagen empfängt nur Paladine oder diejenigen, die im Dienst der Paladine stehen.","헤이건 경께서는 팔라딘이나 팔라딘의 시종들만 접견하신다.","","False","B_Andre_LordHagenNichtZuSprechen_08_00","",""
"Scripts/Content/Story/Dialoge/DIA_MIL_311_Andre.d:502","Es ist unter seiner Würde, sich mit Vertretern des gemeinen Volkes abzugeben.","천한 백성의 대표들과 어울려 시간을 낭비하는 건 그의 체면이 허락지 않지.","","False","B_Andre_LordHagenNichtZuSprechen_08_01","",""
"Scripts/Content/Story/Dialoge/DIA_MIL_311_Andre.d:507","Es geht um ein heiliges Artefakt - das Auge Innos'.","이노스의 눈 - 성스러운 유물에 관한 일입니다.","","False","DIA_Andre_Message_EyeInnos_15_00","",""
"Scripts/Content/Story/Dialoge/DIA_MIL_311_Andre.d:508","Das Auge Innos' - ich habe noch nie davon gehört. Aber das muss nichts heißen.","이노스의 눈이라... 들어본 적이 없군. 하지만 그렇다고 꼭 없는 건 아니겠지.","","False","DIA_Andre_Message_EyeInnos_08_01","",""
"Scripts/Content/Story/Dialoge/DIA_MIL_311_Andre.d:509","Wenn es wirklich ein Artefakt gibt, das diesen Namen trägt, wissen sowieso nur die höchsten Mitglieder unseres Ordens etwas darüber.","그런 이름을 가진 유물이 정말로 존재한다면, 우리 교단의 최고위급 인사들만이 그에 대해 알고 있을 거다.","","False","DIA_Andre_Message_EyeInnos_08_02","",""
"Scripts/Content/Story/Dialoge/DIA_MIL_311_Andre.d:510","Eben darum muss ich ja mit Lord Hagen selbst reden.","그렇기 때문에 내가 헤이건 경을 직접 만나야 하는 겁니다.","","False","DIA_Andre_Message_EyeInnos_15_03","",""
"Scripts/Content/Story/Dialoge/DIA_MIL_311_Andre.d:521","Die Armeen der Orks werden von DRA-","오크 군대들은 DRA-","","False","DIA_Andre_Message_Dragons_15_00","",""
"Scripts/Content/Story/Dialoge/DIA_MIL_311_Andre.d:522","(fällt ins Wort) Ich WEISS, dass die Armeen der Orks immer stärker werden.","(말을 끊으며) 오크 군대가 점점 더 강해지고 있다는 건 나도 알고 있다오.","","False","DIA_Andre_Message_Dragons_08_01","",""
"Scripts/Content/Story/Dialoge/DIA_MIL_311_Andre.d:523","Du willst mir doch wohl nicht erzählen, dass es DAS ist, was du Lord Hagen zu berichten hast.","설마 그게 네가 헤이건 경에게 전하겠다는 보고 내용은 아니겠지.","","False","DIA_Andre_Message_Dragons_08_02","",""
"Scripts/Content/Story/Dialoge/DIA_MIL_311_Andre.d:524","Er würde dir den Kopf abreißen, wenn du seine Zeit mit solchen Geschichten verschwendest.","그런 이야기로 그의 시간을 낭비하게 했다간 네 목이 달아날 거다.","","False","DIA_Andre_Message_Dragons_08_03","",""
"Scripts/Content/Story/Dialoge/DIA_MIL_311_Andre.d:525","Und ich bin mir sicher, du bist schlau genug, um das selbst zu wissen.","너도 그 정도는 알 만큼 영리하겠지.","","False","DIA_Andre_Message_Dragons_08_04","",""
"Scripts/Content/Story/Dialoge/DIA_MIL_311_Andre.d:526","Also, worum geht es wirklich?","자, 정말로 하려는 이야기가 뭔가?","","False","DIA_Andre_Message_Dragons_08_05","",""
"Scripts/Content/Story/Dialoge/DIA_MIL_311_Andre.d:531","Das muss ich Lord Hagen selbst sagen.","그건 헤이건 경께 직접 말씀드려야겠소.","","False","DIA_Andre_Message_Personal_15_00","",""
"Scripts/Content/Story/Dialoge/DIA_MIL_311_Andre.d:532","Wie du meinst. Aber du solltest eins wissen:","마음대로 해라. 하지만 이것 하나만 명심해 두는 게 좋을 거다:","","False","DIA_Andre_Message_Personal_08_01","",""
"Scripts/Content/Story/Dialoge/DIA_MIL_311_Andre.d:547","Warum seid ihr Paladine in der Stadt?","어째서 팔라딘들이 이 도시에 있는 거지?","","False","DIA_Andre_Paladine.description","",""
"Scripts/Content/Story/Dialoge/DIA_MIL_311_Andre.d:561","Warum seid ihr Paladine in der Stadt?","어째서 팔라딘들이 이 도시에 있는 거지?","","False","DIA_Andre_Paladine_15_00","",""
"Scripts/Content/Story/Dialoge/DIA_MIL_311_Andre.d:562","Die Ziele unserer Mission unterliegen der Geheimhaltung.","우리 임무의 목적은 기밀에 부쳐져 있다.","","False","DIA_Andre_Paladine_08_01","",""
"Scripts/Content/Story/Dialoge/DIA_MIL_311_Andre.d:563","Ich kann dir nur soviel sagen, dass keine Gefahr für die Bürger der Stadt besteht.","도시의 시민들에게는 아무런 위험도 없다는 것만 말해두지.","","False","DIA_Andre_Paladine_08_02","",""
"Scripts/Content/Story/Dialoge/DIA_MIL_311_Andre.d:564","Du brauchst dir keine Sorgen zu machen.","걱정할 필요 없다.","","False","DIA_Andre_Paladine_08_03","",""
"Scripts/Content/Story/Dialoge/DIA_MIL_311_Andre.d:576","Warum seid ihr Paladine in der Stadt?","어째서 팔라딘들이 이 도시에 있는 거지?","","False","DIA_Andre_PaladineAgain.description","",""
"Scripts/Content/Story/Dialoge/DIA_MIL_311_Andre.d:592","Erzählst du mir jetzt, warum ihr Paladine nach Khorinis gekommen seid?","이제 팔라딘들이 어째서 코리니스에 왔는지 말해주겠나?","","False","DIA_Andre_PaladineAgain_15_00","",""
"Scripts/Content/Story/Dialoge/DIA_MIL_311_Andre.d:596","Warum seid ihr Paladine in der Stadt?","어째서 팔라딘들이 이 도시에 있는 거지?","","False","DIA_Andre_PaladineAgain_15_01","",""
"Scripts/Content/Story/Dialoge/DIA_MIL_311_Andre.d:599","Du gehörst jetzt zur Stadtwache, also bist auch du den Paladinen unterstellt.","너는 이제 도시 경비병에 속하니, 팔라딘들의 지휘를 받게 된다.","","False","DIA_Andre_PaladineAgain_08_02","",""
"Scripts/Content/Story/Dialoge/DIA_MIL_311_Andre.d:600","Jetzt kann ich dich ins Vertrauen ziehen.","이제 너를 믿어도 되겠군.","","False","DIA_Andre_PaladineAgain_08_03","",""
"Scripts/Content/Story/Dialoge/DIA_MIL_311_Andre.d:601","Wir kommen im Auftrag von König Rhobar. Durch den Fall der Barriere sind die Erzlieferungen ausgeblieben.","우리는 로바 왕의 명을 받고 왔다. 장벽이 무너지면서 광석 보급이 끊겼지.","","False","DIA_Andre_PaladineAgain_08_04","",""
"Scripts/Content/Story/Dialoge/DIA_MIL_311_Andre.d:602","Deshalb holen wir uns das Erz und bringen es zum Festland. Mit dem Erz werden wir neue Waffen schmieden und die Orks zurückschlagen.","그래서 우리는 광석을 확보해 본토로 가져가려는 것이다. 그 광석으로 새로운 무기를 제련하고 오크들을 물리칠 것이다.","","False","DIA_Andre_PaladineAgain_08_05","",""
"Scripts/Content/Story/Dialoge/DIA_MIL_311_Andre.d:616","Ich will mich in den Dienst der Paladine stellen!","팔라딘들을 위해 복무하고 싶습니다!","","False","DIA_Andre_AskToJoin.description","",""
"Scripts/Content/Story/Dialoge/DIA_MIL_311_Andre.d:629","Ich will mich in den Dienst der Paladine stellen!","팔라딘들을 위해 복무하고 싶습니다!","","False","DIA_Andre_AskToJoin_15_00","",""
"Scripts/Content/Story/Dialoge/DIA_MIL_311_Andre.d:633","Gut. Ich kann jeden tauglichen Mann hier gut gebrauchen. Egal, aus welchen Gründen er uns beitritt.","좋아. 난 여기 쓸만한 인재라면 누구든 환영하네. 우리에게 합류하려는 이유가 무엇이든 말이지.","","False","DIA_Andre_AskToJoin_08_01","",""
"Scripts/Content/Story/Dialoge/DIA_MIL_311_Andre.d:634","Wenn du dich in den Dienst der Paladine stellst, werde ich dir zu einer Audienz bei Lord Hagen verhelfen.","네가 팔라딘들을 위해 복무하겠다면, 헤이건 경과의 알코올을 주선해 주마.","","False","DIA_Andre_AskToJoin_08_02","",""
"Scripts/Content/Story/Dialoge/DIA_MIL_311_Andre.d:638","Ein ehrenwertes Anliegen.","고결한 뜻이군.","","False","DIA_Andre_AskToJoin_08_03","",""
"Scripts/Content/Story/Dialoge/DIA_MIL_311_Andre.d:641","Ich habe jedoch meine Befehle, nur Bürger der Stadt bei der Miliz aufzunehmen.","하지만 내 명령서에 따르면 오직 도시의 시민들만 민병대로 받아들일 수 있게 되어 있다.","","False","DIA_Andre_AskToJoin_08_04","",""
"Scripts/Content/Story/Dialoge/DIA_MIL_311_Andre.d:642","Mein Kommandant befürchtet, dass sich Spione oder Saboteure bei uns einschleichen könnten.","내 상관께서는 첩자나 파괴 공작원이 우리 사이로어 잠입할까 염려하고 계시지.","","False","DIA_Andre_AskToJoin_08_05","",""
"Scripts/Content/Story/Dialoge/DIA_MIL_311_Andre.d:643","Auf diese Weise will er das Risiko begrenzen.","그렇게 함으로써 위험을 줄이려는 거다.","","False","DIA_Andre_AskToJoin_08_06","",""
"Scripts/Content/Story/Dialoge/DIA_MIL_311_Andre.d:644","Du musst also zuerst Bürger der Stadt werden - über den Sinn dieser Regel lässt sich sicherlich streiten, aber Befehl ist Befehl.","그러니 먼저 도시의 시민이 되어야 한다—이 규칙이 타당한지에 대해서는 논란의 여지가 있겠지만, 명령은 명령이니까.","","False","DIA_Andre_AskToJoin_08_07","",""
"Scripts/Content/Story/Dialoge/DIA_MIL_311_Andre.d:660","Was erwartet mich bei der Miliz?","민병대가 되면 어떤 일을 하게 되나?","","False","DIA_Andre_AboutMiliz.description","",""
"Scripts/Content/Story/Dialoge/DIA_MIL_311_Andre.d:674","Was erwartet mich bei der Miliz?","민병대가 되면 어떤 일을 하게 되나?","","False","DIA_Andre_AboutMiliz_15_00","",""
"Scripts/Content/Story/Dialoge/DIA_MIL_311_Andre.d:675","Um das gleich klarzustellen. Soldat der Miliz zu sein, bedeutet weit mehr, als nur mit einer Uniform durch die Stadt zu spazieren.","분명히 해두겠는데, 민병대 병사가 되는 건 제복을 입고 거리를 돌아다니는 것보다 훨씬 더 많은 것을 뜻한다.","","False","DIA_Andre_AboutMiliz_08_01","",""
"Scripts/Content/Story/Dialoge/DIA_MIL_311_Andre.d:676","Das ist ein dreckiger und auch blutiger Job. Wenn du einmal dabei bist, wartet ein Haufen Arbeit auf dich.","험하고 피비린내 나는 일이지. 일단 합류하고 나면 엄청난 일이 널 기다리게 될 거다.","","False","DIA_Andre_AboutMiliz_08_02","",""
"Scripts/Content/Story/Dialoge/DIA_MIL_311_Andre.d:677","Aber es lohnt sich. Neben dem Sold bekommst du vielleicht irgendwann einmal die Chance, ein heiliger Streiter Innos' zu werden.","하지만 그럴 가치가 있지. 급료 외에도 언젠가 이노스의 거룩한 투사가 될 기회를 얻을 수도 있을 테니까.","","False","DIA_Andre_AboutMiliz_08_03","",""
"Scripts/Content/Story/Dialoge/DIA_MIL_311_Andre.d:689","Ich habe hier ein Empfehlungsschreiben von eurem Proviantmeister.","보급관에게 추천서를 받아왔습니다.","","False","DIA_Addon_Andre_MartinEmpfehlung.description","",""
"Scripts/Content/Story/Dialoge/DIA_MIL_311_Andre.d:703","Ich habe hier ein Empfehlungsschreiben von eurem Proviantmeister.","보급관에게 추천서를 받아왔습니다.","","False","DIA_Addon_Andre_MartinEmpfehlung_15_00","",""
"Scripts/Content/Story/Dialoge/DIA_MIL_311_Andre.d:704","(ungläubig) Was? Zeig mal her.","(믿을 수 없다는 듯) 뭐라고? 이리 내봐라.","","False","DIA_Addon_Andre_MartinEmpfehlung_08_01","",""
"Scripts/Content/Story/Dialoge/DIA_MIL_311_Andre.d:707","(beeindruckt) Donnerwetter! Da hast du dich wohl schwer ins Zeug gelegt, was? Martin ist mit sowas eigentlich nicht so freizügig.","(감명받은 듯) 세상에! 꽤나 애를 썼나 보군, 그래? 마틴은 원래 그런 걸 쉽게 써주는 사람이 아닌데 말이야.","","False","DIA_Addon_Andre_MartinEmpfehlung_08_02","",""
"Scripts/Content/Story/Dialoge/DIA_MIL_311_Andre.d:708","Na gut. Das überzeugt mich. Wenn Martin für dich bürgt, dann werde ich dich auch aufnehmen. Sag mir, wenn du bereit bist.","좋다. 납득했어. 마틴이 너를 보증한다면 나도 받아들이겠다. 준비가 되면 말해라.","","False","DIA_Addon_Andre_MartinEmpfehlung_08_03","",""
"Scripts/Content/Story/Dialoge/DIA_MIL_311_Andre.d:721","Gibt es keinen schnelleren Weg, mich euch anzuschließen?","당신들에게 더 빨리 합류할 방법은 없습니까?","","False","DIA_Andre_Alternative.description","",""
"Scripts/Content/Story/Dialoge/DIA_MIL_311_Andre.d:735","Gibt es keinen schnelleren Weg, mich euch anzuschließen?","당신들에게 더 빨리 합류할 방법은 없습니까?","","False","DIA_Andre_Alternative_15_00","",""
"Scripts/Content/Story/Dialoge/DIA_MIL_311_Andre.d:736","Mmh (stutzt) - es ist dir wirklich ernst, oder?","음 (움찔하며) — 정말 진심이군요, 그렇지 않나?","","False","DIA_Andre_Alternative_08_01","",""
"Scripts/Content/Story/Dialoge/DIA_MIL_311_Andre.d:737","Gut, hör zu. Ich habe ein Problem. Wenn du es für mich löst, werde ich dafür sorgen, dass du bei der Miliz aufgenommen wirst.","좋아, 들어라. 나에게 골칫거리가 하나 있다. 네가 그것을 해결해 준다면, 민병대에 받아들여지도록 손을 써주마.","","False","DIA_Andre_Alternative_08_02","",""
"Scripts/Content/Story/Dialoge/DIA_MIL_311_Andre.d:738","Aber das Wichtigste ist: Du darfst mit niemandem darüber reden!","하지만 가장 중요한 것은, 이 일에 대해 절대 아무에게도 발설해서는 안 된다는 거다!","","False","DIA_Andre_Alternative_08_03","",""
"Scripts/Content/Story/Dialoge/DIA_MIL_311_Andre.d:750","Was ist dein Problem?","무슨 문제가 있습니까?","","False","DIA_Andre_GuildOfThieves.description","",""
"Scripts/Content/Story/Dialoge/DIA_MIL_311_Andre.d:763","Was ist dein Problem?","무슨 문제가 있습니까?","","False","DIA_Andre_GuildOfThieves_15_00","",""
"Scripts/Content/Story/Dialoge/DIA_MIL_311_Andre.d:764","In letzter Zeit häufen sich die Diebstähle in der Stadt. Wir konnten bisher niemanden fassen, die Diebe gehen einfach zu geschickt vor.","요즘 들어 도시에 도둑질이 빈번해지고 있어. 아직 범인을 한 명도 잡지 못했지. 도둑들이 너무 교묘하게 움직이고 있거든.","","False","DIA_Andre_GuildOfThieves_08_01","",""
"Scripts/Content/Story/Dialoge/DIA_MIL_311_Andre.d:765","Die Mistkerle verstehen ihr Handwerk. Ich bin mir sicher, dass es sich um eine organisierte Bande handelt.","이 녀석들도 솜씨가 대단해. 조직적인 범죄단인 게 분명하다.","","False","DIA_Andre_GuildOfThieves_08_02","",""
"Scripts/Content/Story/Dialoge/DIA_MIL_311_Andre.d:766","Es würde mich nicht wundern, wenn es in Khorinis eine Diebesgilde gäbe. Finde die Drahtzieher der Bande und bring sie zur Strecke.","코리니스에 도둑 길드가 있다고 해도 놀랍지 않을 거다. 그 범죄단의 배후를 찾아내서 소탕해라.","","False","DIA_Andre_GuildOfThieves_08_03","",""
"Scripts/Content/Story/Dialoge/DIA_MIL_311_Andre.d:769","Dann werde ich dafür sorgen, dass du bei der Miliz aufgenommen wirst - egal, ob du Bürger bist oder nicht.","그러면 네가 시민이든 아니든 상관없이 민병대에 들어갈 수 있도록 조치해주마.","","False","DIA_Andre_GuildOfThieves_08_04","",""
"Scripts/Content/Story/Dialoge/DIA_MIL_311_Andre.d:770","Aber du musst über unsere Abmachung schweigen!","하지만 우리의 거래에 대해선 입 다물어야 한다!","","False","DIA_Andre_GuildOfThieves_08_05","",""
"Scripts/Content/Story/Dialoge/DIA_MIL_311_Andre.d:786","Wo fange ich an, nach den Dieben zu suchen?","도둑들은 어디서부터 찾아야 합니까?","","False","DIA_Andre_WhereThieves.description","",""
"Scripts/Content/Story/Dialoge/DIA_MIL_311_Andre.d:800","Wo fange ich an, nach den Dieben zu suchen?","도둑들은 어디서부터 찾아야 합니까?","","False","DIA_Andre_WhereThieves_15_00","",""
"Scripts/Content/Story/Dialoge/DIA_MIL_311_Andre.d:801","Wenn ich das wüsste, würde ich selber dort hingehen!","내가 그걸 알았다면 직접 갔을 거다!","","False","DIA_Andre_WhereThieves_08_01","",""
"Scripts/Content/Story/Dialoge/DIA_MIL_311_Andre.d:802","Ich kann dir nur soviel sagen: Wir haben vor kurzem das gesamte Hafenviertel auf den Kopf gestellt und nichts, aber auch gar nichts gefunden.","이것만은 말해두지. 우리는 최근에 항구 지역을 샅샅이 뒤졌지만 아무것도, 정말 아무것도 찾지 못했다.","","False","DIA_Andre_WhereThieves_08_02","",""
"Scripts/Content/Story/Dialoge/DIA_MIL_311_Andre.d:803","Die Leute dort sind auch nicht sehr gesprächig, vor allem nicht, wenn man die Rüstung eines Paladins trägt.","그곳 사람들도 입이 무겁지, 특히 팔라딘의 방어구를 입고 가면 더더욱 그렇다.","","False","DIA_Andre_WhereThieves_08_03","",""
"Scripts/Content/Story/Dialoge/DIA_MIL_311_Andre.d:804","Aber du bist von außerhalb, dir werden sie nicht so schnell misstrauen.","하지만 너는 외부인이니, 그들도 그리 쉽게 경계하진 않을 거다.","","False","DIA_Andre_WhereThieves_08_04","",""
"Scripts/Content/Story/Dialoge/DIA_MIL_311_Andre.d:805","Du könntest dich zuerst am Hafen umhören. Aber sei vorsichtig. Wenn die Leute dort mitbekommen, dass du für die Paladine arbeitest, erfährst du NICHTS!","먼저 항구에서 탐문해 볼 수 있을 거다. 하지만 조심해라. 네가 팔라딘들을 위해 일하고 있다는 걸 그곳 사람들이 알게 된다면, 아무것도 알아내지 못할 테니까!","","False","DIA_Andre_WhereThieves_08_05","",""
"Scripts/Content/Story/Dialoge/DIA_MIL_311_Andre.d:819","Was mache ich, wenn ich einen der Diebe gefunden habe?","도둑 중 한 명을 찾으면 어떻게 해야 합니까?","","False","DIA_Andre_WhatToDo.description","",""
"Scripts/Content/Story/Dialoge/DIA_MIL_311_Andre.d:833","Was mache ich, wenn ich einen der Diebe gefunden habe?","도둑 중 한 명을 찾으면 어떻게 해야 합니까?","","False","DIA_Andre_WhatToDo_15_00","",""
"Scripts/Content/Story/Dialoge/DIA_MIL_311_Andre.d:834","Wenn es sich um einen Handlanger handelt, einen Hehler oder einen kleinen Fisch, solltest du dich am Besten auf keinen Kampf einlassen.","그게 단순한 심부름꾼이나 장물아비, 아니면 피라미라면, 싸움은 가급적 피하는 게 좋다.","","False","DIA_Andre_WhatToDo_08_01","",""
"Scripts/Content/Story/Dialoge/DIA_MIL_311_Andre.d:835","Komm lieber zu mir und erstatte mir Bericht. Ich werde mich dann darum kümmern, dass der Kerl hinter Gitter kommt.","차라리 내게 와서 보고해라. 그 녀석이 철창신세를 지도록 내가 조치할 테니.","","False","DIA_Andre_WhatToDo_08_02","",""
"Scripts/Content/Story/Dialoge/DIA_MIL_311_Andre.d:836","Bei einem offenen Kampf könnten die Stadtwachen einschreiten und du wirst keine Gelegenheit haben, ihnen zu erklären, was Sache ist.","공개적인 싸움이 벌어지면 도시 경비병들이 개입할 테고, 너는 그들에게 자초지종을 설명할 기회조차 얻지 못할 거다.","","False","DIA_Andre_WhatToDo_08_03","",""
"Scripts/Content/Story/Dialoge/DIA_MIL_311_Andre.d:837","Außerdem gibt es für jeden schrägen Vogel, den du hinter Gitter bringst, ein Kopfgeld.","게다가 네가 감옥에 집어넣는 수상한 녀석들마다 현상금이 걸려 있지.","","False","DIA_Andre_WhatToDo_08_04","",""
"Scripts/Content/Story/Dialoge/DIA_MIL_311_Andre.d:838","Wenn du allerdings das Versteck der Drahtzieher findest - nun - dann wirst du vermutlich nicht um einen Kampf herumkommen.","하지만 그 배후들의 은신처를 찾아낸다면... 음... 아마 싸움을 피하긴 어려울 거다.","","False","DIA_Andre_WhatToDo_08_05","",""
"Scripts/Content/Story/Dialoge/DIA_MIL_311_Andre.d:853","Ich will das Kopfgeld für einen Verbrecher kassieren.","범인을 넘기고 현상금을 받으러 왔습니다.","","False","DIA_Andre_Auslieferung.description","",""
"Scripts/Content/Story/Dialoge/DIA_MIL_311_Andre.d:869","Ich will das Kopfgeld für einen Verbrecher kassieren.","범인을 넘기고 현상금을 받으러 왔습니다.","","False","DIA_Andre_Auslieferung_15_00","",""
"Scripts/Content/Story/Dialoge/DIA_MIL_311_Andre.d:873","Ich komme später wieder (ZURÜCK)","나중에 다시 오겠다 (뒤로)","","False","DIA_Andre_Auslieferung_Info.DIA_Andre_Auslieferung.DIA_Andre_Auslieferung_Back","Info_AddChoice",""
"Scripts/Content/Story/Dialoge/DIA_MIL_311_Andre.d:879","Rengaru hat den Händler Jora bestohlen.","렝가루가 상인 요라의 물건을 훔쳤습니다.","","False","DIA_Andre_Auslieferung_Info.DIA_Andre_Auslieferung.DIA_Andre_Auslieferung_Rengaru","Info_AddChoice",""
"Scripts/Content/Story/Dialoge/DIA_MIL_311_Andre.d:886","Halvor handelt mit gestohlenen Waren.","할보르가 장물 거래를 하고 있습니다.","","False","DIA_Andre_Auslieferung_Info.DIA_Andre_Auslieferung.DIA_Andre_Auslieferung_Halvor","Info_AddChoice",""
"Scripts/Content/Story/Dialoge/DIA_MIL_311_Andre.d:893","Nagur hat Baltram's Boten getötet.","나구르가 발트람의 전령을 죽였습니다.","","False","DIA_Andre_Auslieferung_Info.DIA_Andre_Auslieferung.DIA_Andre_Auslieferung_Nagur","Info_AddChoice",""
"Scripts/Content/Story/Dialoge/DIA_MIL_311_Andre.d:900","Canthar will Sarah aus dem Weg räumen.","캔타르가 사라를 없애려 합니다.","","False","DIA_Andre_Auslieferung_Info.DIA_Andre_Auslieferung.DIA_Andre_Auslieferung_Canthar","Info_AddChoice",""
"Scripts/Content/Story/Dialoge/DIA_MIL_311_Andre.d:907","Sarah verkauft Waffen an Onar.","사라가 오나르에게 무기를 팔고 있습니다.","","False","DIA_Andre_Auslieferung_Info.DIA_Andre_Auslieferung.DIA_Andre_Auslieferung_Sarah","Info_AddChoice",""
"Scripts/Content/Story/Dialoge/DIA_MIL_311_Andre.d:921","Rengaru hat den Händler Jora bestohlen. Er wollte abhauen, aber ich habe ihn erwischt.","렝가루가 상인 요라의 물건을 훔쳤습니다. 도망치려 하기에 제가 붙잡았죠.","","False","DIA_Andre_Auslieferung_Rengaru_15_00","",""
"Scripts/Content/Story/Dialoge/DIA_MIL_311_Andre.d:922","Gut, meine Männer haben ihn schon aufgegriffen. Er wird die nächste Zeit niemanden mehr bestehlen!","좋다, 내 부하들이 이미 그를 잡아들였다. 당분간은 아무도 훔치지 못할 거다!","","False","DIA_Andre_Auslieferung_Rengaru_08_01","",""
"Scripts/Content/Story/Dialoge/DIA_MIL_311_Andre.d:923","Hier hast du dein Geld.","여기 네 몫의 돈이다.","","False","DIA_Andre_Auslieferung_Rengaru_08_02","",""
"Scripts/Content/Story/Dialoge/DIA_MIL_311_Andre.d:939","Halvor ist ein Hehler. Er verkauft die Waren, die den Händlern von den Banditen gestohlen werden.","할보르는 장물아비입니다. 도둑들이 상인들에게서 훔친 물건들을 팔아넘기고 있죠.","","False","DIA_Andre_Auslieferung_Halvor_15_00","",""
"Scripts/Content/Story/Dialoge/DIA_MIL_311_Andre.d:940","Er steckt also dahinter. Meine Männer werden ihn sofort einsperren.","그럼 배후가 그놈이었군. 내 부하들이 당장 그를 가둘 것이다.","","False","DIA_Andre_Auslieferung_Halvor_08_01","",""
"Scripts/Content/Story/Dialoge/DIA_MIL_311_Andre.d:941","Ich denke, er wird nicht viele Schwierigkeiten machen. Ich werde dir das Kopfgeld schon jetzt geben.","그자가 큰 말썽을 피우진 않을 거라 본다. 현상금은 지금 바로 주마.","","False","DIA_Andre_Auslieferung_Halvor_08_02","",""
"Scripts/Content/Story/Dialoge/DIA_MIL_311_Andre.d:956","Nagur hat Baltrams Boten getötet. Er wollte mich als neuen Boten benutzen, um sich die Lieferung von Akil abzugreifen.","나구르가 발트람의 전령을 죽였습니다. 아킬의 배송품을 가로채려고 저를 새 전령으로 쓰려 했죠.","","False","DIA_Andre_Auslieferung_Nagur_15_00","",""
"Scripts/Content/Story/Dialoge/DIA_MIL_311_Andre.d:957","Dieser Kerl wird seine gerechte Strafe bekommen. Ich werde ihn sofort einsperren lassen.","그 자식은 마땅한 처벌을 받게 될 것이다. 당장 감옥에 처넣어 주마.","","False","DIA_Andre_Auslieferung_Nagur_08_01","",""
"Scripts/Content/Story/Dialoge/DIA_MIL_311_Andre.d:958","Hier, nimm das Kopfgeld, das dir zusteht.","자, 네게 돌아갈 현상금이다 받거라.","","False","DIA_Andre_Auslieferung_Nagur_08_02","",""
"Scripts/Content/Story/Dialoge/DIA_MIL_311_Andre.d:973","Der Händler Canthar will Sarah aus dem Weg räumen!","상인 캔타르가 사라를 없애려 합니다!","","False","DIA_Andre_Auslieferung_Canthar_15_00","",""
"Scripts/Content/Story/Dialoge/DIA_MIL_311_Andre.d:974","Sarah? Die Waffenhändlerin am Marktplatz?","사라라고? 광장의 무기 상인 말인가?","","False","DIA_Andre_Auslieferung_Canthar_08_01","",""
"Scripts/Content/Story/Dialoge/DIA_MIL_311_Andre.d:975","Ich sollte Sarah einen Brief unterschieben, der sie belasten sollte, Onar mit Waffen zu beliefern.","사라가 오나르에게 무기를 공급하고 있다는 누명을 씌울 편지를 그녀에게 몰래 넣으려고 했습니다.","","False","DIA_Andre_Auslieferung_Canthar_15_02","",""
"Scripts/Content/Story/Dialoge/DIA_MIL_311_Andre.d:976","Verstehe. Das Kopfgeld für diesen Mistkerl zahle ich gerne. Er sitzt schon so gut wie hinter Gittern.","그렇군. 그 자식에 대한 현상금이라면 기꺼이 주지. 이미 감옥에 처박힌 거나 다름없으니까.","","False","DIA_Andre_Auslieferung_Canthar_08_03","",""
"Scripts/Content/Story/Dialoge/DIA_MIL_311_Andre.d:997","Sarah verkauft Waffen an Onar.","사라가 오나르에게 무기를 팔고 있습니다.","","False","DIA_Andre_Auslieferung_Sarah_15_00","",""
"Scripts/Content/Story/Dialoge/DIA_MIL_311_Andre.d:998","Sarah? Die Waffenhändlerin am Marktplatz? Hast du dafür Beweise?","사라라고? 광장의 무기 상인 말인가? 증거는 있나?","","False","DIA_Andre_Auslieferung_Sarah_08_01","",""
"Scripts/Content/Story/Dialoge/DIA_MIL_311_Andre.d:999","Sie hat einen Brief über Waffenlieferungen an ihn in der Tasche.","그녀의 주머니에 그 자에게 무기를 배송한다는 내용의 편지가 들어 있습니다.","","False","DIA_Andre_Auslieferung_Sarah_15_02","",""
"Scripts/Content/Story/Dialoge/DIA_MIL_311_Andre.d:1000","Damit wird sie nicht durchkommen. Ich werde sie verhaften lassen.","그녀도 무사하지는 못할 거다. 당장 체포하겠다.","","False","DIA_Andre_Auslieferung_Sarah_08_03","",""
"Scripts/Content/Story/Dialoge/DIA_MIL_311_Andre.d:1026","Wegen der Diebesgilde...","도둑 길드에 관해서 말인데...","","False","DIA_Andre_DGRunning.description","",""
"Scripts/Content/Story/Dialoge/DIA_MIL_311_Andre.d:1039","Wegen der Diebesgilde...","도둑 길드에 관해서 말인데...","","False","DIA_Andre_DGRunning_15_00","",""
"Scripts/Content/Story/Dialoge/DIA_MIL_311_Andre.d:1043","Du kannst die Sache vergessen. Ich habe ein paar Männer runter in die Kanalisation geschickt.","그 일은 잊어도 좋다. 부하 몇 명을 하수구로 보냈거든.","","False","DIA_Andre_DGRunning_08_01","",""
"Scripts/Content/Story/Dialoge/DIA_MIL_311_Andre.d:1044","Die Diebesgilde ist jetzt nur noch ein trauriges Kapitel in der Geschichte dieser Stadt.","이제 도둑 길드는 이 도시 역사 속의 슬픈 한 페이지일 뿐이다.","","False","DIA_Andre_DGRunning_08_02","",""
"Scripts/Content/Story/Dialoge/DIA_MIL_311_Andre.d:1060","Ja?","그래?","","False","DIA_Andre_DGRunning_08_03","",""
"Scripts/Content/Story/Dialoge/DIA_MIL_311_Andre.d:1063","Ich bin an der Sache dran...","조사하는 중입니다...","","False","DIA_Andre_DGRunning_Info.DIA_Andre_DGRunning.DIA_Andre_DGRunning_BACK","Info_AddChoice",""
"Scripts/Content/Story/Dialoge/DIA_MIL_311_Andre.d:1069","Ich habe sie alle zur Strecke gebracht!","녀석들을 모두 소탕했습니다!","","False","DIA_Andre_DGRunning_Info.DIA_Andre_DGRunning.DIA_Andre_DGRunning_Success","Info_AddChoice",""
"Scripts/Content/Story/Dialoge/DIA_MIL_311_Andre.d:1075","Ich habe das Versteck der Diebesgilde gefunden!","도둑 길드의 은신처를 찾아냈습니다!","","False","DIA_Andre_DGRunning_Info.DIA_Andre_DGRunning.DIA_Andre_DGRunning_Verrat","Info_AddChoice",""
"Scripts/Content/Story/Dialoge/DIA_MIL_311_Andre.d:1081","Ich bin an der Sache dran ...","조사하는 중입니다...","","False","DIA_Andre_DGRunning_BACK_15_00","",""
"Scripts/Content/Story/Dialoge/DIA_MIL_311_Andre.d:1084","Gut. Ich werde dir noch etwas Zeit geben, deine Mission zu erfüllen.","좋다. 임무를 완수할 시간을 조금 더 주마.","","False","DIA_Andre_DGRunning_BACK_08_01","",""
"Scripts/Content/Story/Dialoge/DIA_MIL_311_Andre.d:1088","Gut! Halte mich auf dem Laufenden.","좋아! 계속 상황을 보고해라.","","False","DIA_Andre_DGRunning_BACK_08_02","",""
"Scripts/Content/Story/Dialoge/DIA_MIL_311_Andre.d:1096","Ich habe das Versteck der Diebesgilde gefunden!","도둑 길드의 은신처를 찾아냈습니다!","","False","DIA_Andre_DGRunning_Verrat_15_00","",""
"Scripts/Content/Story/Dialoge/DIA_MIL_311_Andre.d:1097","Wo?","어디지?","","False","DIA_Andre_DGRunning_Verrat_08_01","",""
"Scripts/Content/Story/Dialoge/DIA_MIL_311_Andre.d:1098","In der Kanalisation unter der Stadt.","도시 아래의 하수구에요.","","False","DIA_Andre_DGRunning_Verrat_15_02","",""
"Scripts/Content/Story/Dialoge/DIA_MIL_311_Andre.d:1099","Was? Wir hatten die Kanalisation abgesperrt ...","뭐라고? 하수구는 폐쇄해 두었을 터인데...","","False","DIA_Andre_DGRunning_Verrat_08_03","",""
"Scripts/Content/Story/Dialoge/DIA_MIL_311_Andre.d:1100","So wie's aussieht, hat sie das nicht davon abgehalten, sich da unten auszubreiten.","그렇지만 그들이 아래쪽에서 활개 치는 걸 막지는 못한 모양이군요.","","False","DIA_Andre_DGRunning_Verrat_15_04","",""
"Scripts/Content/Story/Dialoge/DIA_MIL_311_Andre.d:1101","Hast du die Verbrecher zur Strecke gebracht?","범죄자들을 소탕했나?","","False","DIA_Andre_DGRunning_Verrat_08_05","",""
"Scripts/Content/Story/Dialoge/DIA_MIL_311_Andre.d:1108","Ich habe sie alle zur Strecke gebracht!","녀석들을 모두 소탕했습니다!","","False","DIA_Andre_DGRunning_Success_15_00","",""
"Scripts/Content/Story/Dialoge/DIA_MIL_311_Andre.d:1109","Damit hast du der Stadt einen großen Dienst erwiesen.","이로써 도시에 커다란 공을 세웠구나.","","False","DIA_Andre_DGRunning_Success_08_01","",""
"Scripts/Content/Story/Dialoge/DIA_MIL_311_Andre.d:1121","Wenn du noch Interesse an einem Posten bei der Miliz haben solltest, lass es mich wissen.","여전히 민병대 자리에 관심이 있다면 내게 말해라.","","False","DIA_Andre_DGRunning_Success_08_02","",""
"Scripts/Content/Story/Dialoge/DIA_MIL_311_Andre.d:1125","Du hast deine Pflicht erfüllt, wie es sich für einen Diener Innos' und einen Soldaten des Königs gehört.","너는 이노스의 종이자 왕의 군인으로서 마땅히 해야 할 임무를 완수했다.","","False","DIA_Andre_DGRunning_Success_08_03","",""
"Scripts/Content/Story/Dialoge/DIA_MIL_311_Andre.d:1128","Dir steht ein Kopfgeld für die Banditen zu. Hier, nimm es.","반란군에 대한 현상금이 네 몫이다. 여기 받아라.","","False","DIA_Andre_DGRunning_Success_08_04","",""
"Scripts/Content/Story/Dialoge/DIA_MIL_311_Andre.d:1144","Ich bin bereit, mich der Miliz anzuschließen!","민병대에 가입할 준비가 되었습니다!","","False","DIA_Andre_JOIN.description","",""
"Scripts/Content/Story/Dialoge/DIA_MIL_311_Andre.d:1158","Ich bin bereit, mich der Miliz anzuschließen!","민병대에 가입할 준비가 되었습니다!","","False","DIA_Andre_JOIN_15_00","",""
"Scripts/Content/Story/Dialoge/DIA_MIL_311_Andre.d:1163","Martin, der Proviantmeister, bürgt für dich und hat dich sogar empfohlen. Das alleine genügt mir schon.","보급관 마틴이 너를 보증하며 추천까지 했더군. 그것만으로도 내겐 충분하다.","","False","DIA_Addon_Andre_JOIN_08_00","",""
"Scripts/Content/Story/Dialoge/DIA_MIL_311_Andre.d:1169","Ich werde mich an meinen Teil der Abmachung halten, und dich in die Miliz aufnehmen, auch ohne dass du Bürger der Stadt bist.","나도 약속을 지켜 네가 도시의 시민이 아니더라도 민병대로 받아들이겠다.","","False","DIA_Andre_JOIN_08_01","",""
"Scripts/Content/Story/Dialoge/DIA_MIL_311_Andre.d:1170","Aber häng die Sache nicht an die große Glocke! Je weniger Leute von dieser Ausnahme erfahren, um so weniger muss ich mich hinterher dafür rechtfertigen.","하지만 이 일을 너무 떠벌리지는 마라! 이 예외에 대해 아는 사람이 적을수록 내가 뒤처리를 변명해야 할 일도 줄어들 테니까.","","False","DIA_Andre_JOIN_08_02","",""
"Scripts/Content/Story/Dialoge/DIA_MIL_311_Andre.d:1174","Dann bist du also Bürger von Khorinis?","그럼 코리니스의 시민이 된 건가?","","False","DIA_Andre_JOIN_08_03","",""
"Scripts/Content/Story/Dialoge/DIA_MIL_311_Andre.d:1178","Der Schmied hat mich als Lehrling aufgenommen.","대장장이가 저를 수습생으로 받아주었습니다.","","False","DIA_Andre_JOIN_15_04","",""
"Scripts/Content/Story/Dialoge/DIA_MIL_311_Andre.d:1179","Harad? Ich kenne ihn. Er arbeitet für uns. Er ist ein guter Mann.","하라드 말인가? 잘 알지. 그는 우리를 위해 일하고 있어. 좋은 사람이네.","","False","DIA_Andre_JOIN_08_05","",""
"Scripts/Content/Story/Dialoge/DIA_MIL_311_Andre.d:1184","Ich bin der Lehrling des Alchemisten!","나는 연금술사의 도제야!","","False","DIA_Andre_JOIN_15_06","",""
"Scripts/Content/Story/Dialoge/DIA_MIL_311_Andre.d:1185","Wir haben nicht gerade viele Gelehrte in der Miliz. Vielleicht können deine Fähigkeiten uns ja noch einmal von großem Nutzen sein.","우린 민병대에 학자가 그리 많지 않아. 자네의 재능이 우리에게 큰 도움이 될지도 모르겠군.","","False","DIA_Andre_JOIN_08_07","",""
"Scripts/Content/Story/Dialoge/DIA_MIL_311_Andre.d:1186","Ich weiß nicht viel über den Alchemisten. Aber die Leute erzählen, er sei ein ehrenwerter Mann.","연금술사에 대해서는 잘 모르지만, 사람들이 명망 있는 사람이라고 하더군.","","False","DIA_Andre_JOIN_08_08","",""
"Scripts/Content/Story/Dialoge/DIA_MIL_311_Andre.d:1191","Bosper der Bogner hat mich als seinen Lehrling aufgenommen.","활 제작자 바스퍼가 날 도제로 받아들였어.","","False","DIA_Andre_JOIN_15_09","",""
"Scripts/Content/Story/Dialoge/DIA_MIL_311_Andre.d:1192","Dann versteht du also was vom Wildnisleben? Das ist gut, denn es gibt bei der Miliz nicht nur Aufgaben innerhalb der Stadtmauern.","그럼 야생에서 살아가는 법을 좀 아는가? 잘됐군. 민병대의 임무가 성벽 안에만 있는 것은 아니니까.","","False","DIA_Andre_JOIN_08_10","",""
"Scripts/Content/Story/Dialoge/DIA_MIL_311_Andre.d:1193","Wir können auch Leute, die sich in der Wildnis auskennen, gut gebrauchen.","야생에 밝은 사람이라면 언제든 환영이지.","","False","DIA_Andre_JOIN_08_11","",""
"Scripts/Content/Story/Dialoge/DIA_MIL_311_Andre.d:1194","Und der Bogner ist ein angesehener Mann in der Stadt.","게다가 그 활 제작자는 이 도시에서 존경받는 인물이야.","","False","DIA_Andre_JOIN_08_12","",""
"Scripts/Content/Story/Dialoge/DIA_MIL_311_Andre.d:1197","Wenn er sich für dich verbürgt, steht deiner Aufnahme bei der Miliz nichts mehr im Wege.","그가 자네를 보증한다면, 민병대에 가입하는 데 아무런 문제도 없겠지.","","False","DIA_Andre_JOIN_08_13","",""
"Scripts/Content/Story/Dialoge/DIA_MIL_311_Andre.d:1202","Außerdem hast du uns die Diebesgilde vom Hals geschafft. Alleine deswegen hätte ich dich schon genommen.","게다가 자네는 도둑 길드를 소탕해 줬지. 그것만으로도 자넬 받아들일 이유는 충분해.","","False","DIA_Andre_JOIN_08_14","",""
"Scripts/Content/Story/Dialoge/DIA_MIL_311_Andre.d:1207","Mag sein - aber du bist noch kein Bürger dieser Stadt und ich habe meine Befehle.","그럴 수도 있겠지만, 자네는 아직 이 도시의 시민이 아니고 내게는 따를 명령서가 있어.","","False","DIA_Andre_JOIN_08_15","",""
"Scripts/Content/Story/Dialoge/DIA_MIL_311_Andre.d:1211","Du kannst dich uns anschließen, wenn du willst. Aber deine Entscheidung wird endgültig sein.","원한다면 우리에게 합류해도 좋아. 하지만 자네의 결정은 최종적이어야 해.","","False","DIA_Andre_JOIN_08_16","",""
"Scripts/Content/Story/Dialoge/DIA_MIL_311_Andre.d:1212","Wenn du einmal die Rüstung der Miliz trägst, kannst du sie nicht einfach ausziehen und gehörst nicht mehr dazu.","일단 민병대의 방어구를 입으면, 그냥 벗어던지고 우리를 떠날 수는 없어.","","False","DIA_Andre_JOIN_08_17","",""
"Scripts/Content/Story/Dialoge/DIA_MIL_311_Andre.d:1213","Bist du bereit, mit uns gemeinsam für Innos und den König zu kämpfen?","이노스와 왕을 위해 우리와 함께 싸울 준비가 되었나?","","False","DIA_Andre_JOIN_08_18","",""
"Scripts/Content/Story/Dialoge/DIA_MIL_311_Andre.d:1216","Ich bin mir noch nicht sicher...","아직 잘 모르겠어...","","False","DIA_Andre_JOIN_Info.DIA_Andre_JOIN.DIA_Andre_JOIN_No","Info_AddChoice",""
"Scripts/Content/Story/Dialoge/DIA_MIL_311_Andre.d:1217","Ich bin bereit!","준비됐어!","","False","DIA_Andre_JOIN_Info.DIA_Andre_JOIN.DIA_Andre_JOIN_Yes","Info_AddChoice",""
"Scripts/Content/Story/Dialoge/DIA_MIL_311_Andre.d:1222","Ich bin bereit!","준비됐어!","","False","DIA_Andre_JOIN_Yes_15_00","",""
"Scripts/Content/Story/Dialoge/DIA_MIL_311_Andre.d:1223","Dann soll es so sein. Willkommen bei der Miliz.","그럼 그렇게 알지. 민병대에 온 것을 환영하네.","","False","DIA_Andre_JOIN_Yes_08_01","",""
"Scripts/Content/Story/Dialoge/DIA_MIL_311_Andre.d:1231","Hier hast du deine Rüstung.","여기 방어구네.","","False","DIA_Andre_JOIN_Yes_08_02","",""
"Scripts/Content/Story/Dialoge/DIA_MIL_311_Andre.d:1233","Trage sie mit Stolz und Würde.","자부심과 긍지를 가지고 입도록 하게.","","False","DIA_Andre_JOIN_Yes_08_03","",""
"Scripts/Content/Story/Dialoge/DIA_MIL_311_Andre.d:1245","Ich bin mir noch nicht sicher ...","아직 잘 모르겠어...","","False","DIA_Andre_JOIN_No_15_00","",""
"Scripts/Content/Story/Dialoge/DIA_MIL_311_Andre.d:1246","Solange deine Zweifel deiner Entscheidung im Wege stehen, kann ich dich nicht bei der Miliz aufnehmen.","결정에 의구심이 남아 있는 동안은 자네를 민병대로 받아들일 수 없네.","","False","DIA_Andre_JOIN_No_08_01","",""
"Scripts/Content/Story/Dialoge/DIA_MIL_311_Andre.d:1260","Kann ich jetzt endlich zu Lord Hagen?","이제 드디어 헤이건 경을 뵐 수 있나요?","","False","DIA_Andre_LORDHAGEN.description","",""
"Scripts/Content/Story/Dialoge/DIA_MIL_311_Andre.d:1274","Kann ich jetzt endlich zu Lord Hagen?","이제 드디어 헤이건 경을 뵐 수 있나요?","","False","DIA_Andre_LORDHAGEN_15_00","",""
"Scripts/Content/Story/Dialoge/DIA_MIL_311_Andre.d:1275","Du stehst jetzt im Dienst der Paladine. Sie werden dich vorlassen. Aber du solltest ihm besser etwas sehr Wichtiges zu sagen haben.","자네는 이제 팔라딘의 섬기게 되었으니 들여보내 줄 것이다. 하지만 아주 중요한 할 말이 있는 게 좋을 거야.","","False","DIA_Andre_LORDHAGEN_08_01","",""
"Scripts/Content/Story/Dialoge/DIA_MIL_311_Andre.d:1276","Keine Angst, das habe ich ...","공포는 없어, 당연히 있지...","","False","DIA_Andre_LORDHAGEN_15_02","",""
"Scripts/Content/Story/Dialoge/DIA_MIL_311_Andre.d:1277","Denk daran, dass du vor den obersten Paladin trittst. Benimm dich entsprechend. Du vertrittst jetzt nicht nur dich, sondern die gesamte Miliz.","최고위 팔라딘을 만나러 간다는 것을 명심해라. 그에 걸맞게 행동해라. 자네는 이제 자신뿐만 아니라 민병대 전체를 대표하는 것이다.","","False","DIA_Andre_LORDHAGEN_08_03","",""
"Scripts/Content/Story/Dialoge/DIA_MIL_311_Andre.d:1289","Bekomme ich auch eine Waffe?","무기도 받을 수 있나요?","","False","DIA_Andre_Waffe.description","",""
"Scripts/Content/Story/Dialoge/DIA_MIL_311_Andre.d:1303","Bekomme ich auch eine Waffe?","무기도 받을 수 있나요?","","False","DIA_Andre_Waffe_15_00","",""
"Scripts/Content/Story/Dialoge/DIA_MIL_311_Andre.d:1304","Natürlich. Peck kümmert sich für gewöhnlich darum. Dabei fällt mir ein, ich habe ihn schon lange nicht mehr gesehen.","물론이지. 보통은 펙이 그것을 맡아 하지. 그러고 보니 그를 본 지가 꽤 오래되었군.","","False","DIA_Andre_Waffe_08_01","",""
"Scripts/Content/Story/Dialoge/DIA_MIL_311_Andre.d:1305","Finde heraus, wo er steckt und bringe ihn her. Dann soll er dir eine Waffe geben.","그가 어디에 있는지 알아내서 데려오게. 그러면 무기를 줄 것이다.","","False","DIA_Andre_Waffe_08_02","",""
"Scripts/Content/Story/Dialoge/DIA_MIL_311_Andre.d:1306","Und wenn du schlafen willst, dann kannst du dich in eins der freien Betten in der Schlafbaracke legen.","그리고 잠을 자고 싶다면, 숙소에 있는 빈 침대 중 하나를 쓰게.","","False","DIA_Andre_Waffe_08_03","",""
"Scripts/Content/Story/Dialoge/DIA_MIL_311_Andre.d:1326","Ich habe Peck ausfindig gemacht","펙을 찾아냈어.","","False","DIA_Andre_FOUND_PECK.description","",""
"Scripts/Content/Story/Dialoge/DIA_MIL_311_Andre.d:1341","Ich habe Peck ausfindig gemacht.","펙을 찾아냈어.","","False","DIA_Andre_FOUND_PECK_15_00","",""
"Scripts/Content/Story/Dialoge/DIA_MIL_311_Andre.d:1342","Ja, er ist schon wieder an seinem Posten und geht seiner Pflicht nach. Wo hast du ihn getroffen?","그래, 벌써 제자리에 돌아와서 임무를 수행 중이더군. 어디서 그를 만났나?","","False","DIA_Andre_FOUND_PECK_08_01","",""
"Scripts/Content/Story/Dialoge/DIA_MIL_311_Andre.d:1345","Er ist mir über'n Weg gelaufen ...","우연히 마주쳤지...","","False","DIA_Andre_FOUND_PECK_Info.DIA_Andre_FOUND_PECK.DIA_Andre_FOUND_PECK_SOMEWHERE","Info_AddChoice",""
"Scripts/Content/Story/Dialoge/DIA_MIL_311_Andre.d:1346","In der 'roten Laterne'...","'레드 랜턴'에서...","","False","DIA_Andre_FOUND_PECK_Info.DIA_Andre_FOUND_PECK.DIA_Andre_FOUND_PECK_REDLIGHT","Info_AddChoice",""
"Scripts/Content/Story/Dialoge/DIA_MIL_311_Andre.d:1351","Er ist mir in der Stadt über'n Weg gelaufen.","도시에서 우연히 마주쳤어.","","False","DIA_Andre_FOUND_PECK_SOMEWHERE_15_00","",""
"Scripts/Content/Story/Dialoge/DIA_MIL_311_Andre.d:1352","Okay, dann geh zu ihm und lass dir eine Waffe geben.","좋아, 그럼 그에게 가서 무기를 받도록 해.","","False","DIA_Andre_FOUND_PECK_SOMEWHERE_08_01","",""
"Scripts/Content/Story/Dialoge/DIA_MIL_311_Andre.d:1361","Er war in der 'Roten Laterne'.","그는 '레드 랜턴'에 있었어.","","False","DIA_Andre_FOUND_PECK_REDLIGHT_15_00","",""
"Scripts/Content/Story/Dialoge/DIA_MIL_311_Andre.d:1362","So, er treibt sich also bei den Mädels rum, statt seiner Pflicht nachzugehen.","그래, 임무는 내팽개치고 여자들과 놀아나고 있었단 말이지.","","False","DIA_Andre_FOUND_PECK_REDLIGHT_08_01","",""
"Scripts/Content/Story/Dialoge/DIA_MIL_311_Andre.d:1363","Ich glaube, ich werde noch einmal ein paar Worte mit ihm wechseln.","그 녀석과 다시 한번 이야기를 나눠야겠군.","","False","DIA_Andre_FOUND_PECK_REDLIGHT_08_02","",""
"Scripts/Content/Story/Dialoge/DIA_MIL_311_Andre.d:1378","Hier ist dein Sold.","여기 자네의 급료네.","","False","DIA_Andre_Sold_08_00","",""
"Scripts/Content/Story/Dialoge/DIA_MIL_311_Andre.d:1391","Hast du eine Aufgabe für mich?","내게 줄 임무가 있나?","","False","DIA_Andre_FIRSTMISSION.description","",""
"Scripts/Content/Story/Dialoge/DIA_MIL_311_Andre.d:1404","Hast du eine Aufgabe für mich?","내게 줄 임무가 있나?","","False","DIA_Andre_FIRSTMISSION_15_00","",""
"Scripts/Content/Story/Dialoge/DIA_MIL_311_Andre.d:1405","In letzter Zeit nimmt der Verkauf von Sumpfkraut in der Stadt zu.","요즘 도시에서 늪초의 거래가 늘고 있어.","","False","DIA_Andre_FIRSTMISSION_08_01","",""
"Scripts/Content/Story/Dialoge/DIA_MIL_311_Andre.d:1406","Wir können es uns nicht leisten, dass sich das Zeug verbreitet.","그 물건이 퍼지도록 내버 둘 수는 없다.","","False","DIA_Andre_FIRSTMISSION_08_02","",""
"Scripts/Content/Story/Dialoge/DIA_MIL_311_Andre.d:1407","Sonst fangen hier alle noch an zu rauchen und sind nicht mehr in der Lage zu arbeiten, geschweige denn, eine Waffe zu halten.","그러다간 다들 약초나 피워대며 일도 못 하게 될 걸, 무기를 쥐기는커녕 말이야.","","False","DIA_Andre_FIRSTMISSION_08_03","",""
"Scripts/Content/Story/Dialoge/DIA_MIL_311_Andre.d:1408","Vor allem jetzt, da die Gefahr durch einen möglichen Angriff der Orks oder Söldner besteht.","특히 오크나 용병들의 공격 위협이 도사리고 있는 지금 같은 때에는 더더욱 안 되지.","","False","DIA_Andre_FIRSTMISSION_08_04","",""
"Scripts/Content/Story/Dialoge/DIA_MIL_311_Andre.d:1409","Ich vermute, dass die Söldner dahinter stecken. Ich wette, sie bringen das Zeug in die Stadt.","내 생각엔 용병들이 배후에 있는 것 같아. 그 물건을 도시로 들여오는 게 분명해.","","False","DIA_Andre_FIRSTMISSION_08_05","",""
"Scripts/Content/Story/Dialoge/DIA_MIL_311_Andre.d:1410","Was ist zu tun?","내가 뭘 해야 하지?","","False","DIA_Andre_FIRSTMISSION_15_06","",""
"Scripts/Content/Story/Dialoge/DIA_MIL_311_Andre.d:1411","Mortis, einer unserer Männer, hat in der Hafenkneipe aufgeschnappt, dass irgendwo am Hafen ein Paket mit Sumpfkraut angekommen ist.","우리 부원 중 하나인 모르티스가 항구 선술집에서 항구 어딘가에 늪초 상자가 도착했다는 소문을 들었어.","","False","DIA_Andre_FIRSTMISSION_08_07","",""
"Scripts/Content/Story/Dialoge/DIA_MIL_311_Andre.d:1412","Sieh dich dort mal um und bringe mir das Paket.","거기에 가서 그 상자를 가져오게.","","False","DIA_Andre_FIRSTMISSION_08_08","",""
"Scripts/Content/Story/Dialoge/DIA_MIL_311_Andre.d:1431","Wegen des Pakets...","상자에 대해 말인데...","","False","DIA_Andre_FOUND_STUFF.description","",""
"Scripts/Content/Story/Dialoge/DIA_MIL_311_Andre.d:1444","Wegen des Pakets...","상자에 대해 말인데...","","False","DIA_Andre_FOUND_STUFF_15_00","",""
"Scripts/Content/Story/Dialoge/DIA_MIL_311_Andre.d:1445","Hast du es gefunden?","찾았나?","","False","DIA_Andre_FOUND_STUFF_08_01","",""
"Scripts/Content/Story/Dialoge/DIA_MIL_311_Andre.d:1454","Ja, hier ist es.","네, 여기 있어요.","","False","DIA_Andre_FOUND_STUFF_Info.DIA_Andre_FOUND_STUFF.DIA_Andre_FOUND_STUFF_Ja","Info_AddChoice",""
"Scripts/Content/Story/Dialoge/DIA_MIL_311_Andre.d:1457","Ich habe es in's Hafenbecken geschmissen.","항구 수영장에 던져버렸어.","","False","DIA_Andre_FOUND_STUFF_Info.DIA_Andre_FOUND_STUFF.DIA_Andre_FOUND_STUFF_Becken","Info_AddChoice",""
"Scripts/Content/Story/Dialoge/DIA_MIL_311_Andre.d:1461","Bisher noch nicht.","아직요.","","False","DIA_Andre_FOUND_STUFF_15_02","",""
"Scripts/Content/Story/Dialoge/DIA_MIL_311_Andre.d:1467","Ja, hier ist es.","네, 여기 있어요.","","False","DIA_Andre_FOUND_STUFF_Ja_15_00","",""
"Scripts/Content/Story/Dialoge/DIA_MIL_311_Andre.d:1469","Gute Arbeit. Das Kraut werden wir sicher verwahren.","잘했네. 그 약초는 안전하게 보관하마.","","False","DIA_Andre_FOUND_STUFF_Ja_08_01","",""
"Scripts/Content/Story/Dialoge/DIA_MIL_311_Andre.d:1480","Ich habe es ins Hafenbecken geschmissen.","항구 수영장에 던져버렸어.","","False","DIA_Andre_FOUND_STUFF_Becken_15_00","",""
"Scripts/Content/Story/Dialoge/DIA_MIL_311_Andre.d:1481","So? Nun gut, Hauptsache, es kann nicht mehr in falsche Hände geraten.","그래? 뭐, 더는 엉뚱한 자들의 손에 들어가지 않게 되었다면 그만이지.","","False","DIA_Andre_FOUND_STUFF_Becken_08_01","",""
"Scripts/Content/Story/Dialoge/DIA_MIL_311_Andre.d:1498","Hast du noch einen Job für mich?","다른 임무는 없나?","","False","DIA_Andre_FIND_DEALER.description","",""
"Scripts/Content/Story/Dialoge/DIA_MIL_311_Andre.d:1512","Hast du noch einen Job für mich?","다른 임무는 없나?","","False","DIA_Andre_FIND_DEALER_15_00","",""
"Scripts/Content/Story/Dialoge/DIA_MIL_311_Andre.d:1513","Du hast das Paket mit dem Sumpfkraut aus dem Verkehr gezogen - gut.","늪초 상자를 압수하긴 했지. 잘했어.","","False","DIA_Andre_FIND_DEALER_08_01","",""
"Scripts/Content/Story/Dialoge/DIA_MIL_311_Andre.d:1514","Aber ich will wissen, wer das Zeug unter die Leute bringt.","하지만 그 물건을 사람들에게 유통하는 자가 누군지 알아내야겠어.","","False","DIA_Andre_FIND_DEALER_08_02","",""
"Scripts/Content/Story/Dialoge/DIA_MIL_311_Andre.d:1515","Es muss irgendjemand im Hafenviertel sein.","항구 구역에 있는 누군가임이 틀림없어.","","False","DIA_Andre_FIND_DEALER_08_03","",""
"Scripts/Content/Story/Dialoge/DIA_MIL_311_Andre.d:1516","Würde jemand von außerhalb regelmäßig in die Stadt kommen, wäre er längst aufgefallen.","외부인이 정기적으로 도시에 드나들었다면 벌써 눈에 띄었을 테니까.","","False","DIA_Andre_FIND_DEALER_08_04","",""
"Scripts/Content/Story/Dialoge/DIA_MIL_311_Andre.d:1517","Was genau soll ich tun?","정확히 뭘 해야 하죠?","","False","DIA_Andre_FIND_DEALER_15_05","",""
"Scripts/Content/Story/Dialoge/DIA_MIL_311_Andre.d:1518","Finde den Verkäufer und bringe ihn dazu, dir Kraut zu verkaufen. Das wird nicht einfach, aber sonst können wir ihn nicht festnehmen.","판매상을 찾아내서 그에게서 약초를 사도록 해. 쉽지 않겠지만, 그러지 않고는 그를 체포할 방법이 없어.","","False","DIA_Andre_FIND_DEALER_08_06","",""
"Scripts/Content/Story/Dialoge/DIA_MIL_311_Andre.d:1519","Sprich mit Mortis, er kennt sich im Hafenviertel aus. Vielleicht kann er dir helfen.","모르티스와 얘기해 보게. 그는 항구 구역을 잘 아니까. 도움이 될지도 몰라.","","False","DIA_Andre_FIND_DEALER_08_07","",""
"Scripts/Content/Story/Dialoge/DIA_MIL_311_Andre.d:1539","Wegen des Krauts ...","약초에 대해 말인데...","","False","DIA_Andre_REDLIGHT_SUCCESS.description","",""
"Scripts/Content/Story/Dialoge/DIA_MIL_311_Andre.d:1552","Wegen des Krauts...","약초에 대해 말인데...","","False","DIA_Andre_REDLIGHT_SUCCESS_15_00","",""
"Scripts/Content/Story/Dialoge/DIA_MIL_311_Andre.d:1557","Ich glaube nicht, dass wir jetzt noch irgendwas im Hafenviertel erfahren werden.","이제 항구 구역에서 더 알아낼 수 있는 정보는 없을 것 같군.","","False","DIA_Andre_REDLIGHT_SUCCESS_08_01","",""
"Scripts/Content/Story/Dialoge/DIA_MIL_311_Andre.d:1561","Nicht nach dem Tod dieses Türstehers.","그 문지기가 죽은 이상 더더욱 말이지.","","False","DIA_Andre_REDLIGHT_SUCCESS_08_02","",""
"Scripts/Content/Story/Dialoge/DIA_MIL_311_Andre.d:1566","Dieses Mädchen aus der roten Laterne, Nadja, sie ist tot. War wohl ein schrecklicher Unfall.","레드 랜턴의 그 여자아이, 나자가 죽었어. 끔직한 사고였던 모양이야.","","False","DIA_Andre_REDLIGHT_SUCCESS_08_03","",""
"Scripts/Content/Story/Dialoge/DIA_MIL_311_Andre.d:1572","Du warst nicht unauffällig genug.","자네가 충분히 신중하지 못했던 모양이군.","","False","DIA_Andre_REDLIGHT_SUCCESS_08_04","",""
"Scripts/Content/Story/Dialoge/DIA_MIL_311_Andre.d:1580","Ich weiß, wer das Kraut in der Stadt verkauft. Borka, der Türsteher der Roten Laterne.","도시에서 약초를 파는 사람이 누군지 알아요. 레드 랜턴의 문지기인 보르카예요.","","False","DIA_Andre_REDLIGHT_SUCCESS_15_05","",""
"Scripts/Content/Story/Dialoge/DIA_MIL_311_Andre.d:1581","Tatsächlich? Haben wir dafür Beweise?","정말인가? 증거는 있나?","","False","DIA_Andre_REDLIGHT_SUCCESS_08_06","",""
"Scripts/Content/Story/Dialoge/DIA_MIL_311_Andre.d:1582","Er hat mir Sumpfkraut verkauft.","그가 내게 늪초를 팔았어요.","","False","DIA_Andre_REDLIGHT_SUCCESS_15_07","",""
"Scripts/Content/Story/Dialoge/DIA_MIL_311_Andre.d:1583","Gut, das genügt uns. Ich werde ihn sofort verhaften lassen.","좋아, 그것으로 충분해. 당장 그를 체포하겠네.","","False","DIA_Andre_REDLIGHT_SUCCESS_08_08","",""
"Scripts/Content/Story/Dialoge/DIA_MIL_311_Andre.d:1592","... ich bin noch dran.","...아직 조사 중이에요.","","False","DIA_Andre_REDLIGHT_SUCCESS_15_09","",""
"Scripts/Content/Story/Dialoge/DIA_MIL_311_Andre.d:1593","Gut, denk daran, du musst den Kerl dazu bringen, dass er mit dir ein Geschäft macht.","좋아, 명심해. 그 녀석과 거래를 트도록 만들어야 해.","","False","DIA_Andre_REDLIGHT_SUCCESS_08_10","",""
"Scripts/Content/Story/Dialoge/DIA_MIL_311_Andre.d:1606","Hast du eine andere Aufgabe für mich?","다른 임무는 없나?","","False","DIA_Andre_HILFBAUERLOBART.description","",""
"Scripts/Content/Story/Dialoge/DIA_MIL_311_Andre.d:1619","Hast du eine andere Aufgabe für mich?","다른 임무는 없나?","","False","DIA_Andre_HILFBAUERLOBART_15_00","",""
"Scripts/Content/Story/Dialoge/DIA_MIL_311_Andre.d:1620","Lobart, der Rübenbauer, hat Probleme auf seinen Feldern.","순무 농부 로바트의 농장에 문제가 생겼어.","","False","DIA_Andre_HILFBAUERLOBART_08_01","",""
"Scripts/Content/Story/Dialoge/DIA_MIL_311_Andre.d:1621","Wenn wir ihm helfen, wird das sein Verhältnis zur Stadt festigen. Also geh zu ihm und schau, was da los ist.","우리가 그를 도와주면 도시와의 관계도 돈독해질 거야. 그러니 그곳에 가서 무슨 일인지 알아봐 줘.","","False","DIA_Andre_HILFBAUERLOBART_08_02","",""
"Scripts/Content/Story/Dialoge/DIA_MIL_311_Andre.d:1656","Ich habe Lobart geholfen.","로바트를 도와줬어.","","False","DIA_Andre_LOBART_SUCCESS.description","",""
"Scripts/Content/Story/Dialoge/DIA_MIL_311_Andre.d:1669","Ich habe Lobart geholfen.","로바트를 도와줬어.","","False","DIA_Andre_LOBART_SUCCESS_15_00","",""
"Scripts/Content/Story/Dialoge/DIA_MIL_311_Andre.d:1670","Ausgezeichnet. Wenn Lobart zufrieden ist, dann wird er seine Rüben auch weiterhin an die Stadt verkaufen.","훌륭하군. 로바트가 만족한다면 앞으로도 도시에 계속 순무를 팔겠지.","","False","DIA_Andre_LOBART_SUCCESS_08_01","",""
"Scripts/Content/Story/Dialoge/DIA_MIL_311_Andre.d:1684","Was ist mit den vermissten Leuten?","실종된 사람들은 어떻게 되었나요?","","False","DIA_Addon_Andre_MissingPeople.description","",""
"Scripts/Content/Story/Dialoge/DIA_MIL_311_Andre.d:1698","Was ist mit den vermissten Leuten?","실종된 사람들은 어떻게 되었나요?","","False","DIA_Addon_Andre_MissingPeople_15_00","",""
"Scripts/Content/Story/Dialoge/DIA_MIL_311_Andre.d:1699","Was soll damit sein?","그게 뭔 소리인가?","","False","DIA_Addon_Andre_MissingPeople_08_01","",""
"Scripts/Content/Story/Dialoge/DIA_MIL_311_Andre.d:1700","Wollen wir nicht versuchen, sie zu finden?","그들을 찾아 나서지 않으실 건가요?","","False","DIA_Addon_Andre_MissingPeople_15_02","",""
"Scripts/Content/Story/Dialoge/DIA_MIL_311_Andre.d:1701","Ich habe von Lord Hagen den Befehl erhalten, die Stadt und die umliegenden Höfe zu schützen.","나는 헤이건 경으로부터 도시와 주변 농들을 보호하라는 명령을 받았네.","","False","DIA_Addon_Andre_MissingPeople_08_03","",""
"Scripts/Content/Story/Dialoge/DIA_MIL_311_Andre.d:1702","Das bedeutet, wir werden uns um die Leute kümmern, die noch HIER sind.","즉, 우리는 여전히 여기에 있는 사람들을 돌볼 것이란 뜻이지.","","False","DIA_Addon_Andre_MissingPeople_08_04","",""
"Scripts/Content/Story/Dialoge/DIA_MIL_311_Andre.d:1703","Die Miliz patrouilliert nachts auf den Straßen. Mehr kann ich nicht tun.","밤마다 민병대가 거리를 순찰하고 있어. 내가 할 수 있는 건 그게 다야.","","False","DIA_Addon_Andre_MissingPeople_08_05","",""
"Scripts/Content/Story/Dialoge/DIA_MIL_311_Andre.d:1704","Und DU wirst dich um die Aufgaben kümmern, die ich dir gebe, verstanden?","그리고 자네는 내가 내린 임무나 처리하게, 알겠나?","","False","DIA_Addon_Andre_MissingPeople_08_06","",""
"Scripts/Content/Story/Dialoge/DIA_MIL_311_Andre.d:1718","Wegen der vermißten Leute...","실종된 사람들에 대해...","","False","DIA_Addon_Andre_MissingPeople2.description","",""
"Scripts/Content/Story/Dialoge/DIA_MIL_311_Andre.d:1733","Wegen der vermissten Leute ...","실종된 사람들에 대해...","","False","DIA_Addon_Andre_MissingPeople2_15_00","",""
"Scripts/Content/Story/Dialoge/DIA_MIL_311_Andre.d:1734","Hör bloß auf mit DER Geschichte. Ich habe andere Sorgen.","그 소리라면 이제 그만하게. 내겐 다른 골칫거리들이 많으니까.","","False","DIA_Addon_Andre_MissingPeople2_08_01","",""
"Scripts/Content/Story/Dialoge/DIA_MIL_311_Andre.d:1747","Ich habe einige der verschwundenen Leute retten können.","사라진 사람들 중 몇 명을 구할 수 있었어.","","False","DIA_Addon_Andre_ReturnedMissingPeople.description","",""
"Scripts/Content/Story/Dialoge/DIA_MIL_311_Andre.d:1761","Ich habe einige der verschwundenen Leute retten können.","사라진 사람들 중 몇 명을 구할 수 있었어.","","False","DIA_Addon_Andre_ReturnedMissingPeople_15_00","",""
"Scripts/Content/Story/Dialoge/DIA_MIL_311_Andre.d:1764","Ich hatte mich schon gefragt, wo du dich die ganze Zeit rumgetrieben hast!","안 그래도 그동안 대체 어디서 딴짓을 하고 돌아다녔나 궁금해하던 차였다네!","","False","DIA_Addon_Andre_ReturnedMissingPeople_08_01","",""
"Scripts/Content/Story/Dialoge/DIA_MIL_311_Andre.d:1765","Du bist Angehöriger der Miliz! Du hattest keinen Befehl zu so einer Aktion!","자네는 민병대 소속이야! 그런 짓을 하라는 명령을 받은 적은 없을 텐데!","","False","DIA_Addon_Andre_ReturnedMissingPeople_08_02","",""
"Scripts/Content/Story/Dialoge/DIA_MIL_311_Andre.d:1766","Aber ...","하지만...","","False","DIA_Addon_Andre_ReturnedMissingPeople_15_03","",""
"Scripts/Content/Story/Dialoge/DIA_MIL_311_Andre.d:1769","Wie viele Leute hast du gefunden?","몇 명이나 찾았나?","","False","DIA_Addon_Andre_ReturnedMissingPeople_08_04","",""
"Scripts/Content/Story/Dialoge/DIA_MIL_311_Andre.d:1770","Alle, die noch am Leben waren ...","살아있던 사람들은 전부 다요...","","False","DIA_Addon_Andre_ReturnedMissingPeople_15_05","",""
"Scripts/Content/Story/Dialoge/DIA_MIL_311_Andre.d:1771","Alle?! Ich ... Äh ...","전부 다?! 나 원 참... 어...","","False","DIA_Addon_Andre_ReturnedMissingPeople_08_06","",""
"Scripts/Content/Story/Dialoge/DIA_MIL_311_Andre.d:1774","Ich bin stolz auf dich! Ich bin froh, dich bei uns aufgenommen zu haben.","자네가 자랑스럽네! 자네를 우리 일원으로 받아들인 게 정말 기쁘군.","","False","DIA_Addon_Andre_ReturnedMissingPeople_08_07","",""
"Scripts/Content/Story/Dialoge/DIA_MIL_311_Andre.d:1778","Das war eine große Tat.","정말 대단한 일을 해냈어.","","False","DIA_Addon_Andre_ReturnedMissingPeople_08_08","",""
"Scripts/Content/Story/Dialoge/DIA_MIL_311_Andre.d:1792","Geh am besten direkt zu ihm.","직접 그에게 가는 게 좋겠군.","","False","DIA_Andre_Add_08_11","",""
"Scripts/Content/Story/Dialoge/DIA_MIL_311_Andre.d:1804","Ich war im Minental und habe Drachen gesehen!","광산 계곡에 다녀왔는데, 드래곤을 봤어요!","","False","DIA_Andre_BerichtDrachen.description","",""
"Scripts/Content/Story/Dialoge/DIA_MIL_311_Andre.d:1820","Ich war im Minental und habe Drachen gesehen!","광산 계곡에 다녀왔는데, 드래곤을 봤어요!","","False","DIA_Andre_Add_15_13","",""
"Scripts/Content/Story/Dialoge/DIA_MIL_311_Andre.d:1823","Ich habe einen Brief von Kommandant Garond, der alles bestätigt, was ich gesagt habe.","제가 한 모든 말을 확인해 주는 가론드 사령관의 편지가 있습니다.","","False","DIA_Andre_Add_15_14","",""
"Scripts/Content/Story/Dialoge/DIA_MIL_311_Andre.d:1826","Das wird Lord Hagen interessieren!","헤이건 경이 아주 흥미로워하겠군!","","False","DIA_Andre_Add_08_10","",""
"Scripts/Content/Story/Dialoge/DIA_MIL_311_Andre.d:1840","Was ist mit Bennet, dem Schmied?","대장장이 베넷은 어떻게 되었나요?","","False","DIA_Andre_BennetInPrison.description","",""
"Scripts/Content/Story/Dialoge/DIA_MIL_311_Andre.d:1853","Was ist mit Bennet, dem Schmied?","대장장이 베넷은 어떻게 되었나요?","","False","DIA_Andre_BennetInPrison_15_00","",""
"Scripts/Content/Story/Dialoge/DIA_MIL_311_Andre.d:1854","Du meinst den Söldner? Der sitzt im Knast, wo er hingehört.","그 용병 말인가? 있어야 할 감방에 쳐박혀 있지.","","False","DIA_Andre_BennetInPrison_08_01","",""
"Scripts/Content/Story/Dialoge/DIA_MIL_311_Andre.d:1855","Kann ich mit ihm sprechen?","그를 만날 수 있을까요?","","False","DIA_Andre_BennetInPrison_Talk_15_00","",""
"Scripts/Content/Story/Dialoge/DIA_MIL_311_Andre.d:1856","Klar, geh einfach rein. Aber wenn du versuchst, ihm zur Flucht zu verhelfen, bist du dran.","좋아, 그냥 들어가. 하지만 그를 탈출시키려고 한다면, 가만두지 않겠어.","","False","DIA_Andre_BennetInPrison_Talk_08_01","",""
"Scripts/Content/Story/Dialoge/DIA_MIL_311_Andre.d:1869","Ich glaube, Cornelius lügt.","코르넬리우스가 거짓말을 하고 있는 것 같습니다.","","False","DIA_Andre_Cornelius_Liar.description","",""
"Scripts/Content/Story/Dialoge/DIA_MIL_311_Andre.d:1883","Ich glaube, Cornelius lügt.","코르넬리우스가 거짓말을 하고 있는 것 같습니다.","","False","DIA_Andre_Cornelius_Liar_15_00","",""
"Scripts/Content/Story/Dialoge/DIA_MIL_311_Andre.d:1884","Bist du sicher?","확실한가?","","False","DIA_Andre_Cornelius_Liar_08_01","",""
"Scripts/Content/Story/Dialoge/DIA_MIL_311_Andre.d:1887","Nein","아니요","","False","DIA_Andre_Cornelius_Liar_Info.DIA_Andre_Cornelius_Liar.DIA_Andre_Cornelius_Liar_No","Info_AddChoice",""
"Scripts/Content/Story/Dialoge/DIA_MIL_311_Andre.d:1888","Ja","예","","False","DIA_Andre_Cornelius_Liar_Info.DIA_Andre_Cornelius_Liar.DIA_Andre_Cornelius_Liar_Yes","Info_AddChoice",""
"Scripts/Content/Story/Dialoge/DIA_MIL_311_Andre.d:1893","Nein.","아니요.","","False","DIA_Andre_Cornelius_Liar_No_15_00","",""
"Scripts/Content/Story/Dialoge/DIA_MIL_311_Andre.d:1894","Dann solltest du deinen Verdacht nicht so laut aussprechen.","그렇다면 그런 의심을 함부로 입 밖에 내지 않는 게 좋을 것이다.","","False","DIA_Andre_Cornelius_Liar_No_08_01","",""
"Scripts/Content/Story/Dialoge/DIA_MIL_311_Andre.d:1895","Cornelius ist ein einflussreicher Mann. Wenn er will, kann er dir dein Leben zur Hölle machen.","코르넬리우스는 영향력 있는 사람이네. 그가 마음만 먹는다면, 자네 인생을 지옥으로 만들 수도 있어.","","False","DIA_Andre_Cornelius_Liar_No_08_02","",""
"Scripts/Content/Story/Dialoge/DIA_MIL_311_Andre.d:1896","Solange du keine Beweise hast, kann ich dir nicht helfen.","증거가 없는 한, 나는 자네를 도와줄 수 없네.","","False","DIA_Andre_Cornelius_Liar_No_08_03","",""
"Scripts/Content/Story/Dialoge/DIA_MIL_311_Andre.d:1903","Ja.","예.","","False","DIA_Andre_Cornelius_Liar_Yes_15_00","",""
"Scripts/Content/Story/Dialoge/DIA_MIL_311_Andre.d:1904","Was für Beweise hast du?","어떤 증거를 가지고 있나?","","False","DIA_Andre_Cornelius_Liar_Yes_08_01","",""
"Scripts/Content/Story/Dialoge/DIA_MIL_311_Andre.d:1908","Ich habe sein Tagebuch gelesen! Er wurde geschmiert, es war alles gelogen.","그의 일기를 읽었습니다! 그는 매수되었고, 모든 것이 거짓말이었어요.","","False","DIA_Andre_Cornelius_Liar_Yes_15_02","",""
"Scripts/Content/Story/Dialoge/DIA_MIL_311_Andre.d:1909","Wenn das wirklich stimmt, musst du sofort zu Lord Hagen gehen.","그게 정말 사실이라면, 당장 헤이건 경에게 가야 하네.","","False","DIA_Andre_Cornelius_Liar_Yes_08_03","",""
"Scripts/Content/Story/Dialoge/DIA_MIL_311_Andre.d:1910","Zeige ihm das Tagebuch. Er wird sich dann um alles kümmern.","그에게 일기를 보여주게. 그러면 그가 알아서 처리할 걸네.","","False","DIA_Andre_Cornelius_Liar_Yes_08_04","",""
"Scripts/Content/Story/Dialoge/DIA_MIL_311_Andre.d:1914","Ähhm, nun, ich glaube ...","어흠, 그러니까, 제 생각에는...","","False","DIA_Andre_Cornelius_Liar_Yes_15_05","",""
"Scripts/Content/Story/Dialoge/DIA_MIL_311_Andre.d:1915","Ich brauche Beweise, keine Vermutungen. Besorge die Beweise, dann kann ich auch etwas für dich tun.","내게 필요한 건 추측이 아니라 증거야. 증거를 가져오게, 그러면 나도 자네를 위해 뭔가를 해줄 수 있을 테니.","","False","DIA_Andre_Cornelius_Liar_Yes_08_06","",""
"Scripts/Content/Story/Dialoge/DIA_MIL_311_Andre.d:1916","Bis dahin solltest du dir ganz genau überlegen, was du sagst.","그때까지는 자신이 무슨 말을 하는지 신중히 생각하는 게 좋을 거야.","","False","DIA_Andre_Cornelius_Liar_Yes_08_07","",""
"Scripts/Content/Story/Dialoge/DIA_MIL_311_Andre.d:1943","Du bist jetzt also ein Paladin! Gratuliere!","이제 팔라딘이 되었군! 축하하네!","","False","DIA_Andre_Paladin_08_00","",""
"Scripts/Content/Story/Dialoge/DIA_MIL_311_Andre.d:1944","Ich hab mir von vorneherein gedacht, dass du nicht lange bei der Miliz bleiben würdest.","자네가 민병대에 오래 남지 않을 거라는 건 처음부터 알고 있었지.","","False","DIA_Andre_Paladin_08_01","",""
"Scripts/Content/Story/Dialoge/DIA_MIL_311_Andre.d:1957","Wie ist die Lage in der Stadt?","도시 상황은 어떻습니까?","","False","DIA_Andre_PERM.description","",""
"Scripts/Content/Story/Dialoge/DIA_MIL_311_Andre.d:1970","Wie ist die Lage in der Stadt?","도시 상황은 어떻습니까?","","False","DIA_Andre_PERM_15_00","",""
"Scripts/Content/Story/Dialoge/DIA_MIL_311_Andre.d:1972","Alles unter Kontrolle.","모든 게 통제되고 있네.","","False","DIA_Andre_PERM_08_01","",""
"Scripts/Content/Story/Dialoge/DIA_MIL_311_Andre.d:1975","Erfülle deine Aufträge.","임무나 완수하게.","","False","DIA_Andre_PERM_08_02","",""
"Scripts/Content/Story/Dialoge/DIA_MIL_311_Andre.d:1980","Du unterstehst ab jetzt direkt Lord Hagen. Wende dich an ihn.","지금부터 자네는 헤이건 경의 직접적인 지휘를 받게 될 것이네. 그에게 가보게.","","False","DIA_Andre_PERM_08_03","",""
"Scripts/Content/Story/Dialoge/DIA_MIL_311_Andre.d:1997","Ich habe alle Drachen im Minental getötet!","광산 계곡의 드래곤들을 모두 처치했습니다!","","False","DIA_Andre_BerichtDrachenTot.description","",""
"Scripts/Content/Story/Dialoge/DIA_MIL_311_Andre.d:2010","Ich habe alle Drachen im Minental getötet!","광산 계곡의 드래곤들을 모두 처치했습니다!","","False","DIA_Andre_Add_15_15","",""
"Scripts/Content/Story/Dialoge/DIA_MIL_311_Andre.d:2011","Wenn das wahr ist, mußt du Lord Hagen davon berichten.","그게 사실이라면, 헤이건 경에게 보고해야 하네.","","False","DIA_Andre_Add_08_08","",""
"Scripts/Content/Story/Dialoge/DIA_MIL_311_Andre.d:2024","Die Burg im Minental wurde von den Orks gestürmt!","광산 계곡의 성이 오크들에게 습격당했습니다!","","False","DIA_Andre_BerichtTorAuf.description","",""
"Scripts/Content/Story/Dialoge/DIA_MIL_311_Andre.d:2039","Die Burg im Minental wurde von den Orks gestürmt!","광산 계곡의 성이 오크들에게 습격당했습니다!","","False","DIA_Andre_Add_15_16","",""
"Scripts/Content/Story/Dialoge/DIA_MIL_311_Andre.d:2040","Nein! Lord Hagen muß davon erfahren.","안 돼! 이 사실을 헤이건 경께 알려야 해.","","False","DIA_Andre_Add_08_09","",""
"Scripts/Content/Story/Dialoge/DIA_MIL_312_Wulfgar.d:33","Was macht die Pflicht?","근무는 어떠십니까?","","False","DIA_Wulfgar_Hallo.description","",""
"Scripts/Content/Story/Dialoge/DIA_MIL_312_Wulfgar.d:43","Was macht die Pflicht?","근무는 어떠십니까?","","False","DIA_Wulfgar_Hallo_15_00","",""
"Scripts/Content/Story/Dialoge/DIA_MIL_312_Wulfgar.d:44","(verächtlich) Diese Burschen schwingen ihre Schwerter wie Bauern.","(경멸하듯) 이 녀석들은 농부들처럼 검을 휘두른단 말이지.","","False","DIA_Wulfgar_Hallo_04_01","",""
"Scripts/Content/Story/Dialoge/DIA_MIL_312_Wulfgar.d:45","(überzeugt) Aber wenn ich mit ihnen fertig bin, wird jeder einzelne von ihnen ein zäher, harter Hund sein.","(확신에 차서) 하지만 내 손을 거치고 나면, 녀석들 한 명 한 명이 끈질기고 단단한 녀석들로 변해 있을 거다.","","False","DIA_Wulfgar_Hallo_04_02","",""
"Scripts/Content/Story/Dialoge/DIA_MIL_312_Wulfgar.d:57","Ich will mich der Miliz anschließen!","민병대에 들어가고 싶습니다!","","False","DIA_Wulfgar_WannaJoin.description","",""
"Scripts/Content/Story/Dialoge/DIA_MIL_312_Wulfgar.d:71","Ich will mich der Miliz anschließen!","민병대에 들어가고 싶습니다!","","False","DIA_Wulfgar_WannaJoin_15_00","",""
"Scripts/Content/Story/Dialoge/DIA_MIL_312_Wulfgar.d:72","So? Bist du denn Bürger der Stadt?","그래? 자네는 이 도시의 시민인가?","","False","DIA_Wulfgar_WannaJoin_04_01","",""
"Scripts/Content/Story/Dialoge/DIA_MIL_312_Wulfgar.d:75","Nein.","아니요.","","False","DIA_Wulfgar_WannaJoin_15_02","",""
"Scripts/Content/Story/Dialoge/DIA_MIL_312_Wulfgar.d:76","Dann wird Lord Andre dich nicht nehmen.","그렇다면 안드레 경은 자네를 받아주지 않을 거네.","","False","DIA_Wulfgar_WannaJoin_04_03","",""
"Scripts/Content/Story/Dialoge/DIA_MIL_312_Wulfgar.d:77","Du kannst ja mal mit ihm reden - aber ich denke nicht, daß er für dich eine Ausnahme macht.","그와 직접 이야기해 볼 수는 있겠지만 — 그가 자네만을 위해 예외를 둘 것 같지는 않군.","","False","DIA_Wulfgar_WannaJoin_04_04","",""
"Scripts/Content/Story/Dialoge/DIA_MIL_312_Wulfgar.d:81","Ja.","예.","","False","DIA_Wulfgar_WannaJoin_15_05","",""
"Scripts/Content/Story/Dialoge/DIA_MIL_312_Wulfgar.d:82","Dann rede mit Lord Andre. Er entscheidet, wer hier aufgenommen wird.","그럼 안드레 경과 이야기해 보게. 누가 이곳에 받아들여질지는 그분이 결정하니까.","","False","DIA_Wulfgar_WannaJoin_04_06","",""
"Scripts/Content/Story/Dialoge/DIA_MIL_312_Wulfgar.d:95","Wie ist es bei der Miliz?","민병대 생활은 어떻습니까?","","False","DIA_Wulfgar_AboutMiliz.description","",""
"Scripts/Content/Story/Dialoge/DIA_MIL_312_Wulfgar.d:109","Wie ist es bei der Miliz?","민병대 생활은 어떻습니까?","","False","DIA_Wulfgar_AboutMiliz_15_00","",""
"Scripts/Content/Story/Dialoge/DIA_MIL_312_Wulfgar.d:110","Lord Andre ist jetzt unser Kommandant.","안드레 경이 우리의 지휘관이네.","","False","DIA_Wulfgar_AboutMiliz_04_01","",""
"Scripts/Content/Story/Dialoge/DIA_MIL_312_Wulfgar.d:111","Vorher unterstand die Miliz dem Statthalter. (lacht) Der hatte keine Ahnung von dem, was wir hier tun.","예전에는 민병대가 총독의 지휘를 받았었지. (웃음) 그는 우리가 여기서 무엇을 하는지 전혀 몰랐었어.","","False","DIA_Wulfgar_AboutMiliz_04_02","",""
"Scripts/Content/Story/Dialoge/DIA_MIL_312_Wulfgar.d:112","Aber Lord Andre weiß, was er tut. Er sorgt gut für die Männer.","하지만 안드레 경은 자신이 무엇을 해야 할지 잘 알고 있어. 그는 부하들을 아주 잘 보살펴 주지.","","False","DIA_Wulfgar_AboutMiliz_04_03","",""
"Scripts/Content/Story/Dialoge/DIA_MIL_312_Wulfgar.d:113","Jeder der hier anfängt kriegt 'ne venünftige Rüstung und 'ne gute Waffe.","여기서 시작하는 사람은 누구나 쓸만한 방어구와 좋은 무기를 받게 돼.","","False","DIA_Wulfgar_AboutMiliz_04_04","",""
"Scripts/Content/Story/Dialoge/DIA_MIL_312_Wulfgar.d:114","Und es gibt Prämien, wenn man seien Arbeit gut macht. Für jeden gefaßten Verbrecher zahlt er ein Kopfgeld aus.","그리고 일을 잘하면 포상도 주어지지. 체포한 범죄자마다 현상금을 지불해 주거든.","","False","DIA_Wulfgar_AboutMiliz_04_05","",""
"Scripts/Content/Story/Dialoge/DIA_MIL_312_Wulfgar.d:126","Kannst du mich auch im Schwertkampf trainieren?","검술을 가르쳐 주실 수 있습니까?","","False","DIA_Wulfgar_CanYouTrain.description","",""
"Scripts/Content/Story/Dialoge/DIA_MIL_312_Wulfgar.d:140","Kannst du mich auch im Schwertkampf trainieren?","검술을 가르쳐 주실 수 있습니까?","","False","DIA_Wulfgar_CanYouTrain_15_00","",""
"Scripts/Content/Story/Dialoge/DIA_MIL_312_Wulfgar.d:141","Lord Andre hat angeordnet, daß wir hier jeden trainieren, der in der Lage ist, die Stadt zu verteidigen.","도시를 방어할 능력이 있는 사람이라면 누구든 훈련시키라는 것이 안드레 경의 명령이네.","","False","DIA_Wulfgar_CanYouTrain_04_01","",""
"Scripts/Content/Story/Dialoge/DIA_MIL_312_Wulfgar.d:145","Das gilt allerdings nicht für Söldner. Verschwinde.","물론 그건 용병들에게는 해당되지 않지만 말이야. 꺼지게.","","False","DIA_Wulfgar_CanYouTrain_04_02","",""
"Scripts/Content/Story/Dialoge/DIA_MIL_312_Wulfgar.d:149","Das gilt allerdings nur für die Kampfausbildung. Alle anderern Arten von Training sind der Miliz vorbehalten.","하지만 그건 전투 훈련에만 해당하는 얘기네. 그 외의 다른 모든 종류의 훈련은 오직 민병대만을 위한 것이지.","","False","DIA_Wulfgar_CanYouTrain_04_03","",""
"Scripts/Content/Story/Dialoge/DIA_MIL_312_Wulfgar.d:150","Kannst du wenigstens halbwegs mit einer Waffe umgehen?","무기를 어느 정도는 다룰 줄 아나?","","False","DIA_Wulfgar_CanYouTrain_04_04","",""
"Scripts/Content/Story/Dialoge/DIA_MIL_312_Wulfgar.d:151","Ich denke schon...","그럴 것 같습니다만...","","False","DIA_Wulfgar_CanYouTrain_15_05","",""
"Scripts/Content/Story/Dialoge/DIA_MIL_312_Wulfgar.d:152","(seufzt) Na gut - du kannt anfangen, wenn du bereit bist.","(한숨) 좋아 — 준비가 되었다면 시작해도 좋다.","","False","DIA_Wulfgar_CanYouTrain_04_06","",""
"Scripts/Content/Story/Dialoge/DIA_MIL_312_Wulfgar.d:168","Wo liegt der Vorteil von Einhand- oder Zweihandwaffen?","한손 무기와 양손 무기는 각각 어떤 장점이 있습니까?","","False","DIA_Wulfgar_Advantage.description","",""
"Scripts/Content/Story/Dialoge/DIA_MIL_312_Wulfgar.d:182","Wo liegt der Vorteil von Einhand- oder Zweihandwaffen?","한손 무기와 양손 무기는 각각 어떤 장점이 있습니까?","","False","DIA_Wulfgar_Advantage_15_00","",""
"Scripts/Content/Story/Dialoge/DIA_MIL_312_Wulfgar.d:183","Ganz einfach. Mit einer Einhandwaffe bist du schneller. Das kann ein erheblicher Vorteil im Kampf sein.","아주 간단하지. 한손 무기를 쓰면 더 빠르다. 전투에서 그것은 엄청난 이점이 될 수 있지.","","False","DIA_Wulfgar_Advantage_04_01","",""
"Scripts/Content/Story/Dialoge/DIA_MIL_312_Wulfgar.d:184","Zweihandwaffen sind behäbiger. Du mußt vorausschauender kämpfen - richtest aber bei einem Treffer mehr Schaden an.","양손 무기는 좀 더 느리다. 더 멀리 내다보고 싸워야 하지 — 하지만 한 번 맞췄을 때 더 큰 피해를 줄 수 있다.","","False","DIA_Wulfgar_Advantage_04_02","",""
"Scripts/Content/Story/Dialoge/DIA_MIL_312_Wulfgar.d:196","Womit sollte ich beginnen? Mit Einhand- oder mit Zweihandwaffen?","어느 쪽부터 시작해야 할까요? 한손 무기인가요, 아니면 양손 무기인가요?","","False","DIA_Wulfgar_HowToBegin.description","",""
"Scripts/Content/Story/Dialoge/DIA_MIL_312_Wulfgar.d:210","Womit sollte ich beginnen? Mit Einhand- oder mit Zweihandwaffen?","어느 쪽부터 시작해야 할까요? 한손 무기인가요, 아니면 양손 무기인가요?","","False","DIA_Wulfgar_HowToBegin_15_00","",""
"Scripts/Content/Story/Dialoge/DIA_MIL_312_Wulfgar.d:211","Das kannst du halten, wie du willst.","그건 자네가 원하는 대로 하면 되네.","","False","DIA_Wulfgar_HowToBegin_04_01","",""
"Scripts/Content/Story/Dialoge/DIA_MIL_312_Wulfgar.d:212","Wenn du dich nur auf eine Waffengattung spezialisiert, lernst du die andere automatisch mit.","한 무기 계열에만 집중하더라도, 다른 쪽도 자동으로 함께 배우게 되거든.","","False","DIA_Wulfgar_HowToBegin_04_02","",""
"Scripts/Content/Story/Dialoge/DIA_MIL_312_Wulfgar.d:213","Wenn du zum Beispiel ein guter Kämpfer mit der Einhandwaffe bist, aber noch ein Anfänger mit der Zweihandwaffe, ...","예를 들어, 한손 무기 전투에는 능숙하지만 양손 무기는 아직 초보자라면, ...","","False","DIA_Wulfgar_HowToBegin_04_03","",""
"Scripts/Content/Story/Dialoge/DIA_MIL_312_Wulfgar.d:214","...wirst du bei allem, was du an Training mit Einhandwaffen investierst auch mit Zweihandwaffen besser werden.","...한손 무기 훈련에 투자하는 만큼 양손 무기 실력도 함께 오르게 될 걸네.","","False","DIA_Wulfgar_HowToBegin_04_04","",""
"Scripts/Content/Story/Dialoge/DIA_MIL_312_Wulfgar.d:215","In diesem Fall ist das Training für dich anstrengender, als wenn du die beiden Waffenarten abwechselnd trainierst.","이 경우의 훈련은 두 무기 종류를 번갈아 가며 훈련할 때보다 더 힘들 것이다.","","False","DIA_Wulfgar_HowToBegin_04_05","",""
"Scripts/Content/Story/Dialoge/DIA_MIL_312_Wulfgar.d:216","Fang einfach an, dann wirst du schnell begreifen, wovon ich rede.","일단 시작해 보게나, 그러면 내가 무슨 말을 하는지 금방 이해하게 될 테니.","","False","DIA_Wulfgar_HowToBegin_04_06","",""
"Scripts/Content/Story/Dialoge/DIA_MIL_312_Wulfgar.d:229","Lass uns mit dem Training beginnen!","훈련을 시작하겠습니다!","","False","DIA_Wulfgar_Teach.description","",""
"Scripts/Content/Story/Dialoge/DIA_MIL_312_Wulfgar.d:243","Lass uns mit dem Training beginnen!","훈련을 시작하겠습니다!","","False","DIA_Wulfgar_Teach_15_00","",""
"Scripts/Content/Story/Dialoge/DIA_MIL_312_Wulfgar.d:248","Ich trainiere keine Söldner!","나는 용병을 훈련시키지 않는다!","","False","DIA_Wulfgar_Add_04_00","",""
"Scripts/Content/Story/Dialoge/DIA_MIL_312_Wulfgar.d:254","Natürlich, Ehrwürdiger.","물론이요, 성직자님.","","False","DIA_Wulfgar_Add_04_01","",""
"Scripts/Content/Story/Dialoge/DIA_MIL_312_Wulfgar.d:345","Lord Andre hat dich also aufgenommen!","드디어 안드레 경이 자네를 받아들였군요!","","False","DIA_Wulfgar_AlsMil_04_00","",""
"Scripts/Content/Story/Dialoge/DIA_MIL_312_Wulfgar.d:346","Ich erwarte von dir, daß du regelmäßig herkommst und trainierst.","앞으로 빠지지 말고 와서 꾸준히 훈련받도록 해라.","","False","DIA_Wulfgar_AlsMil_04_01","",""
"Scripts/Content/Story/Dialoge/DIA_MIL_312_Wulfgar.d:347","Ruga wird dich an der Armbrust ausbilden und Mortis wird dir helfen, deine Stärke zu steigern.","루가가 석궁 다루는 법을 가르쳐 줄 거고 모르티스가 네 힘을 기르는 걸 도와줄 거다.","","False","DIA_Wulfgar_AlsMil_04_02","",""
"Scripts/Content/Story/Dialoge/DIA_MIL_312_Wulfgar.d:348","Aber das wichtigste ist, daß du lernst, vernünftig mit einem Schwert umzugehen.","하지만 가장 중요한 건 검을 제대로 다루는 법을 배우는 것이다.","","False","DIA_Wulfgar_AlsMil_04_03","",""
"Scripts/Content/Story/Dialoge/DIA_MIL_312_Wulfgar.d:349","Ich werde schon noch einen guten Kämpfer aus dir machen!","내가 널 훌륭한 전사로 만들어 주마!","","False","DIA_Wulfgar_AlsMil_04_04","",""
"Scripts/Content/Story/Dialoge/DIA_MIL_312_Wulfgar.d:375","So früh schon unterwegs? Für gewöhnlich bin ich um diese Zeit immer alleine. Aber da du schon mal hier bist, kannst du direkt was lernen.","벌써부터 돌아다니는 건가? 이 시간쯤이면 난 항상 혼자였는데 말이야. 하지만 기왕 온 김에, 뭐라도 하나 배워 가도록 해라.","","False","DIA_Wulfgar_Bonus_04_00","",""
"Scripts/Content/Story/Dialoge/DIA_MIL_312_Wulfgar.d:376","Also pass auf. Manche Gegner kannst du austricksen, wenn du ihren Schlägen ausweichst und im richtigen Moment attackierst.","잘 들어라. 적의 공격을 피한 뒤 알맞은 타이밍에 반격하면 일부 적들은 속여 넘길 수 있다.","","False","DIA_Wulfgar_Bonus_04_01","",""
"Scripts/Content/Story/Dialoge/DIA_MIL_312_Wulfgar.d:377","Merk dir das für deinen nächsten Kampf!","다음 싸움에서 꼭 써먹도록 해라!","","False","DIA_Wulfgar_Bonus_04_02","",""
"Scripts/Content/Story/Dialoge/DIA_MIL_313_Boltan.d:11","Ich wollte gerade wieder gehen. (ENDE)","그냥 가려던 참이었다. (종료)","","False","DIA_Boltan_EXIT.description","",""
"Scripts/Content/Story/Dialoge/DIA_MIL_313_Boltan.d:44","Was willst du hier?","여기서 뭐 하는 거냐?","","False","DIA_Boltan_Add_05_00","",""
"Scripts/Content/Story/Dialoge/DIA_MIL_313_Boltan.d:57","Ich will zu den Gefangenen...","죄수들을 좀 보러 왔습니다만...","","False","DIA_Boltan_ToConvicts.description","",""
"Scripts/Content/Story/Dialoge/DIA_MIL_313_Boltan.d:67","Ich will zu den Gefangenen...","죄수들을 좀 보러 왔습니다만...","","False","DIA_Boltan_Add_15_01","",""
"Scripts/Content/Story/Dialoge/DIA_MIL_313_Boltan.d:74","Ja, geh nur, und verabschiede dich von deinem Kumpel.","그래, 들어가서 네 친구랑 작별 인사이 나 해라.","","False","DIA_Boltan_Add_05_07","",""
"Scripts/Content/Story/Dialoge/DIA_MIL_313_Boltan.d:78","Wir haben das Schwein eingelocht, das den Mord am Paladin Lothar begangen hat.","우리는 팔라딘 로타르를 살해한 그 돼지 새끼를 감옥에 처넣었다.","","False","DIA_Boltan_Add_05_06","",""
"Scripts/Content/Story/Dialoge/DIA_MIL_313_Boltan.d:86","Zur Zeit sind alle Zellen leer.","지금은 모든 감옥이 텅 비어 있다.","","False","DIA_Boltan_Add_05_02","",""
"Scripts/Content/Story/Dialoge/DIA_MIL_313_Boltan.d:92","Alles klar, Kollege.","알겠네, 동생.","","False","DIA_Boltan_Add_05_04","",""
"Scripts/Content/Story/Dialoge/DIA_MIL_313_Boltan.d:96","Selbstverständlich.","물론이지.","","False","DIA_Boltan_Add_05_05","",""
"Scripts/Content/Story/Dialoge/DIA_MIL_313_Boltan.d:100","Geh nur, aber bleib nicht zu lange, klar?","들어가라, 하지만 너무 오래 있지는 마라, 알겠나?","","False","DIA_Boltan_Add_05_03","",""
"Scripts/Content/Story/Dialoge/DIA_MIL_313_Boltan.d:129","Du bist doch nicht etwas gekommen, um deinen Kumpel hier rauszuholen, oder?","네 친구를 여기서 빼내려고 온 건 아니겠지, 응?","","False","DIA_Boltan_Add_05_08","",""
"Scripts/Content/Story/Dialoge/DIA_MIL_313_Boltan.d:130","Das kannst du vergessen! Sobald ich Alarm schlage, sind die Jungs hier!","꿈도 꾸지 마라! 내가 경보를 울리는 순간, 녀석들이 곧바로 들이닥칠 테니까!","","False","DIA_Boltan_Add_05_09","",""
"Scripts/Content/Story/Dialoge/DIA_MIL_313_Boltan.d:131","Und dann gibt's Söldner-Hack! (lacht dreckig)","그러고 나면 네놈은 용병 고깃거리가 되는 거야! (저급하게 웃음)","","False","DIA_Boltan_Add_05_10","",""
"Scripts/Content/Story/Dialoge/DIA_MIL_313_Boltan.d:158","Du bist doch der Kerl, der Canthar den Händler angezeigt hat.","네가 바로 상인 캔타르를 고발했던 그 녀석이군.","","False","DIA_Boltan_Add_05_11","",""
"Scripts/Content/Story/Dialoge/DIA_MIL_313_Boltan.d:159","Es waren jede Menge Leute hier, die sich für ihn verbürgt haben. Angesehene Leute.","그를 위해 보증을 서 준 사람들이 잔뜩 찾아왔었어. 아주 평판이 좋은 사람들 말이지.","","False","DIA_Boltan_Add_05_12","",""
"Scripts/Content/Story/Dialoge/DIA_MIL_313_Boltan.d:160","Die Sache war wohl ein Mißverständnis. Sowas kommt vor.","그 일은 단순한 오해였던 모양이야. 그런 일도 종종 있는 법이지.","","False","DIA_Boltan_Add_05_13","",""
"Scripts/Content/Story/Dialoge/DIA_MIL_313_Boltan.d:161","Pass in Zukunft besser auf, wen du in den Knast bringst.","앞으로는 누구를 감옥에 처넣을지 좀 더 주의하도록 해.","","False","DIA_Boltan_Add_05_14","",""
"Scripts/Content/Story/Dialoge/DIA_MIL_314_Mortis.d:48","Was willst du? Peck ist nicht da. Also kannst du hier auch nichts bekommen. Komm später wieder.","무슨 볼일이지? 펙은 여기에 없다. 그러니 여기서 얻을 수 있는 건 없어. 나중에 다시 와라.","","False","DIA_Mortis_Hallo_13_00","",""
"Scripts/Content/Story/Dialoge/DIA_MIL_314_Mortis.d:60","Wo ist Peck?","펙은 어디 있습니까?","","False","DIA_Mortis_Waffe.description","",""
"Scripts/Content/Story/Dialoge/DIA_MIL_314_Mortis.d:75","Wo ist Peck?","펙은 어디 있지?","","False","DIA_Mortis_Waffe_15_00","",""
"Scripts/Content/Story/Dialoge/DIA_MIL_314_Mortis.d:76","Du hast gerade bei uns angefangen, was? Na dann, willkommen bei der Mannschaft.","우리에겐 최근에 합류했지, 안 그래? 그럼, 우리 팀에 온 것을 환영하네.","","False","DIA_Mortis_Waffe_13_01","",""
"Scripts/Content/Story/Dialoge/DIA_MIL_314_Mortis.d:77","Peck ist schon ziemlich lange in der Stadt unterwegs. Ich wette, er treibt sich bei der süßen Vanja in der 'Roten Laterne' rum.","펙은 도시 안을 돌아다닌 지 꽤 오래되었어. '레드 랜턴'에 있는 귀염둥이 바냐랑 어울리고 있겠지 뭐.","","False","DIA_Mortis_Waffe_13_02","",""
"Scripts/Content/Story/Dialoge/DIA_MIL_314_Mortis.d:89","Was weißt du über das Paket mit dem Kraut?","초가 든 상자에 대해 아는 것이 있습니까?","","False","DIA_Mortis_Paket.description","",""
"Scripts/Content/Story/Dialoge/DIA_MIL_314_Mortis.d:102","Was weißt du über das Paket mit dem Kraut?","초가 든 상자에 대해 아는 것이 있습니까?","","False","DIA_Mortis_Paket_15_00","",""
"Scripts/Content/Story/Dialoge/DIA_MIL_314_Mortis.d:103","Hm ... als ich letztens in der Hafenkneipe war, habe ich mitgekriegt, wie sich Kardif und noch so ein Kerl darüber unterhalten haben.","글쎄... 저번에 항구 선술집에 갔을 때 카르디프랑 다른 녀석이 그에 대해 이야기하는 걸 들었어.","","False","DIA_Mortis_Paket_13_01","",""
"Scripts/Content/Story/Dialoge/DIA_MIL_314_Mortis.d:104","Wer war der andere?","다른 녀석은 누구였습니까?","","False","DIA_Mortis_Paket_15_02","",""
"Scripts/Content/Story/Dialoge/DIA_MIL_314_Mortis.d:105","Keine Ahnung. Aber er meinte, er hätte den besten Lagerplatz für sein Kraut gefunden - dann haben die beiden gelacht wie zwei besoffene Orks.","몰라. 하지만 그 녀석이 자기 초를 보관하기에 가장 좋은 장소를 찾았다고 하더군 — 그러고는 술에 취한 오크들처럼 낄낄거리며 웃어댔지.","","False","DIA_Mortis_Paket_13_03","",""
"Scripts/Content/Story/Dialoge/DIA_MIL_314_Mortis.d:119","Was weißt du über das Hafenviertel?","항구 구역에 대해 아는 것이 있습니까?","","False","DIA_Mortis_Redlight.description","",""
"Scripts/Content/Story/Dialoge/DIA_MIL_314_Mortis.d:132","Was weißt du über das Hafenviertel? Ich will denjenigen finden, der das Sumpfkraut verkauft.","항구 구역에 대해 아는 것이 있습니까? 늪초를 팔고 있는 자를 찾고 싶습니다.","","False","DIA_Mortis_Redlight_15_00","",""
"Scripts/Content/Story/Dialoge/DIA_MIL_314_Mortis.d:133","Tjaaa, die Kerle da unten sind ziemlich verschwiegen, und einem von der Stadtwache werden sie garantiert nichts erzählen.","글쎄에, 아래 동네 녀석들은 입이 아주 무거워. 게다가 도시 경비병인 자네에게는 절대로 아무 말도 안 해줄걸.","","False","DIA_Mortis_Redlight_13_01","",""
"Scripts/Content/Story/Dialoge/DIA_MIL_314_Mortis.d:134","Wenn du da unten was erfahren willst, dann solltest, nein dann MUSST du deine Rüstung ablegen.","아래 동네에서 뭔가 알아내고 싶다면, 아니 알아내려면 반드시 방어구를 벗어야 해.","","False","DIA_Mortis_Redlight_13_02","",""
"Scripts/Content/Story/Dialoge/DIA_MIL_314_Mortis.d:135","Okay und dann?","알겠습니다, 그리고요?","","False","DIA_Mortis_Redlight_15_03","",""
"Scripts/Content/Story/Dialoge/DIA_MIL_314_Mortis.d:136","Die Kneipe und das Bordell sind wohl die besten Anlaufstellen für dich. Wenn du was erfährst, dann erfährst du es da.","선술집과 사창가가 자네에게는 가장 적합한 장소일 거야. 뭔가 알아낼 게 있다면, 거기서 알아내게 될 테니.","","False","DIA_Mortis_Redlight_13_04","",""
"Scripts/Content/Story/Dialoge/DIA_MIL_314_Mortis.d:151","Ich will stärker werden.","강해지고 싶습니다.","","False","DIA_Mortis_CanTeach.description","",""
"Scripts/Content/Story/Dialoge/DIA_MIL_314_Mortis.d:164","Ich will stärker werden.","강해지고 싶습니다.","","False","DIA_Mortis_CanTeach_15_00","",""
"Scripts/Content/Story/Dialoge/DIA_MIL_314_Mortis.d:169","Alles klar. Wenn du genügend Erfahrung mitbringst, helfe ich dir beim Training.","좋아. 충분한 경험을 쌓아온다면 훈련을 도와주지.","","False","DIA_Mortis_CanTeach_13_01","",""
"Scripts/Content/Story/Dialoge/DIA_MIL_314_Mortis.d:174","Natürlich willst du das. Aber solange du nicht zu uns oder den Paladinen gehörst, werde ich dir nicht helfen.","물론 그렇겠지. 하지만 자네가 우리 편이나 팔라딘 소속이 아닌 이상, 나는 도와주지 않을 걸네.","","False","DIA_Mortis_CanTeach_13_02","",""
"Scripts/Content/Story/Dialoge/DIA_MIL_314_Mortis.d:191","Ich will stärker werden.","강해지고 싶습니다.","","False","DIA_Mortis_Teach.description","",""
"Scripts/Content/Story/Dialoge/DIA_MIL_314_Mortis.d:204","Ich will stärker werden.","강해지고 싶어.","","False","DIA_Mortis_Teach_15_00","",""
"Scripts/Content/Story/Dialoge/DIA_MIL_314_Mortis.d:216","Du bist stark genug. Wenn du weiter trainieren willst, geh woanders hin.","넌 충분히 강해. 계속 훈련하고 싶다면, 다른 데 가서 알아봐.","","False","DIA_Mortis_Teach_13_00","",""
"Scripts/Content/Story/Dialoge/DIA_MIL_316_Wambo.d:34","(Es wäre gewagt seinen Schlüssel zu stehlen)","(그의 열쇠를 훔치는 건 무모한 짓이다)","","False","DIA_Wambo_PICKPOCKET.description","",""
"Scripts/Content/Story/Dialoge/DIA_MIL_316_Wambo.d:86","Was machst du hier?","여기서 뭐 하는 거야?","","False","DIA_Wambo_Job.description","",""
"Scripts/Content/Story/Dialoge/DIA_MIL_316_Wambo.d:96","Was machst du hier?","여기서 뭐 하는 거야?","","False","DIA_Wambo_Job_15_00","",""
"Scripts/Content/Story/Dialoge/DIA_MIL_316_Wambo.d:97","Ich achte darauf, dass niemand die Häuser betritt.","아무도 집에 들어오지 못하게 감시하고 있다.","","False","DIA_Wambo_Job_03_01","",""
"Scripts/Content/Story/Dialoge/DIA_MIL_316_Wambo.d:98","Ausdrücklicher Befehl von Lord Hagen. Und lass dir bloß nicht einfallen, gegen diesen Befehl zu verstoßen!","헤이건 경의 엄명이다. 감히 이 명령을 어길 생각은 꿈에도 하지 마라!","","False","DIA_Wambo_Job_03_02","",""
"Scripts/Content/Story/Dialoge/DIA_MIL_316_Wambo.d:111","Wie ist die Lage?","요즘 어때?","","False","DIA_Wambo_Situation.description","",""
"Scripts/Content/Story/Dialoge/DIA_MIL_316_Wambo.d:124","Wie ist die Lage?","요즘 어때?","","False","DIA_Wambo_Situation_15_00","",""
"Scripts/Content/Story/Dialoge/DIA_MIL_316_Wambo.d:125","Zurzeit ist alles ruhig.","지금은 아주 조용해.","","False","DIA_Wambo_Situation_03_01","",""
"Scripts/Content/Story/Dialoge/DIA_MIL_316_Wambo.d:137","Ich komme von unserem gemeinsamen Freund Ramirez.","우리의 공동 친구인 라미레즈의 소식을 들고 왔어.","","False","DIA_Wambo_Ramirez.description","",""
"Scripts/Content/Story/Dialoge/DIA_MIL_316_Wambo.d:150","Ich komme von unserem gemeinsamen Freund Ramirez.","우리의 공동 친구인 라미레즈의 소식을 들고 왔어.","","False","DIA_Wambo_Ramirez_15_00","",""
"Scripts/Content/Story/Dialoge/DIA_MIL_316_Wambo.d:151","Ach? Dieser Ramirez ist eine kleine Ratte. Und er ist kein Freund von mir. Egal. Hast du mir was mitgebracht?","그래? 그 라미레즈란 녀석은 좀스러운 쥐새끼야. 그리고 내 친구도 아니고. 됐어. 뭐 가져온 거라도 있나?","","False","DIA_Wambo_Ramirez_03_01","",""
"Scripts/Content/Story/Dialoge/DIA_MIL_316_Wambo.d:152","Kommt drauf an, was du haben willst.","네가 뭘 원하느냐에 달렸지.","","False","DIA_Wambo_Ramirez_15_02","",""
"Scripts/Content/Story/Dialoge/DIA_MIL_316_Wambo.d:154","(leise) Okay, ich sage dir wie es läuft. Du bezahlst 250 Goldstücke. Dann werde ich Nachts nicht hier sein.","(조용히) 좋아, 어떻게 돌아가는지 말해 주지. 금화 250개를 내는 거야. 그럼 난 밤에 여기에 없을 거다.","","False","DIA_Wambo_Ramirez_03_03","",""
"Scripts/Content/Story/Dialoge/DIA_MIL_316_Wambo.d:155","Falls du trotzdem auffällig wirst und ich in der Nähe bin, ist der Deal geplatzt.","그래도 네가 눈에 띄는 짓을 하고 내가 근처에 있다면, 이 거래는 끝이다.","","False","DIA_Wambo_Ramirez_03_04","",""
"Scripts/Content/Story/Dialoge/DIA_MIL_316_Wambo.d:168","(250 Gold zahlen)","(금화 250개 지불하기)","","False","DIA_Wambo_Deal.description","",""
"Scripts/Content/Story/Dialoge/DIA_MIL_316_Wambo.d:185","Ich habe dein Gold ...","네 금을 가져왔어...","","False","DIA_Wambo_Deal_15_00","",""
"Scripts/Content/Story/Dialoge/DIA_MIL_316_Wambo.d:189","Alles klar, dann werde ich ab jetzt Abends verschwinden.","좋아, 그럼 오늘부터 저녁에는 자취를 감추겠어.","","False","DIA_Wambo_Deal_03_01","",""
"Scripts/Content/Story/Dialoge/DIA_MIL_316_Wambo.d:190","Und denk dran - wenn du in meiner Nähe Ärger machst, kenne ich dich nicht.","그리고 명심해. 내 근처에서 소란을 피우면, 난 너 모른 체할 거다.","","False","DIA_Wambo_Deal_03_02","",""
"Scripts/Content/Story/Dialoge/DIA_MIL_316_Wambo.d:198","... leider nicht dabei.","...유감스럽게도 지금은 없어.","","False","DIA_Wambo_Deal_15_03","",""
"Scripts/Content/Story/Dialoge/DIA_MIL_316_Wambo.d:199","Ich kann's nicht leiden, wenn man mich verarschen will. Also besorg das Gold.","나를 놀려 먹으려 드는 건 질색이야. 그러니까 금을 가져와.","","False","DIA_Wambo_Deal_03_04","",""
"Scripts/Content/Story/Dialoge/DIA_MIL_317_Ruga.d:34","(Es wäre einfach seinen Schlüssel zu stehlen)","(그의 열쇠를 훔치는 건 누워서 떡 먹기다)","","False","DIA_Ruga_PICKPOCKET.description","",""
"Scripts/Content/Story/Dialoge/DIA_MIL_317_Ruga.d:99","Was machst du hier?","여기서 뭐 하는 거지?","","False","DIA_Ruga_Hallo_15_00","",""
"Scripts/Content/Story/Dialoge/DIA_MIL_317_Ruga.d:100","Ich trainiere die Jungs im Umgang mit der Armbrust und sorge dafür, dass sie ein bisschen beweglicher werden.","나는 녀석들에게 석궁 다루는 법을 훈련시키고, 좀 더 날렵해지도록 가르치고 있다.","","False","DIA_Ruga_Hallo_11_01","",""
"Scripts/Content/Story/Dialoge/DIA_MIL_317_Ruga.d:116","Kannst du mich trainieren?","날 훈련시켜 줄 수 있나?","","False","DIA_Ruga_Train.description","",""
"Scripts/Content/Story/Dialoge/DIA_MIL_317_Ruga.d:129","Kannst du mich trainieren?","날 훈련시켜 줄 수 있나?","","False","DIA_Ruga_Train_15_00","",""
"Scripts/Content/Story/Dialoge/DIA_MIL_317_Ruga.d:135","Natürlich. Wenn du genügend Erfahrung mitbringst, kann ich dir helfen.","물론이지. 충분한 경험을 쌓아 왔다면, 도와줄 수 있다.","","False","DIA_Ruga_Train_11_01","",""
"Scripts/Content/Story/Dialoge/DIA_MIL_317_Ruga.d:136","Und vergiss nicht, Geschicklichkeit und Fernkampf gehören zusammen wie Armbrust und Bolzen. Das eine ...","그리고 잊지 마라. 민첩성과 원거리 전투는 석궁과 볼트처럼 뗄 수 없는 관계야. 어느 한쪽은...","","False","DIA_Ruga_Train_11_02","",""
"Scripts/Content/Story/Dialoge/DIA_MIL_317_Ruga.d:137","... ist ohne das andere nicht viel wert. Verstehe.","...다른 한쪽이 없으면 별가치가 없지. 알겠어.","","False","DIA_Ruga_Train_15_03","",""
"Scripts/Content/Story/Dialoge/DIA_MIL_317_Ruga.d:145","Mach, dass du wegkommst, (verächtlich) Söldner.","썩 꺼져라, (경멸하듯) 용병.","","False","DIA_Ruga_Train_11_04","",""
"Scripts/Content/Story/Dialoge/DIA_MIL_317_Ruga.d:150","Nein, ich trainiere nur die Männer, die im Dienste des Königs stehen. Niemand sonst.","아니, 난 왕을 위해 복무하는 남자들만 훈련시킨다. 그 외엔 안 돼.","","False","DIA_Ruga_Train_11_05","",""
"Scripts/Content/Story/Dialoge/DIA_MIL_317_Ruga.d:151","Aber gute Leute können wir immer gebrauchen. Also, wenn du der Miliz beitreten willst, sprich mit Lord Andre.","하지만 우린 언제나 실력 있는 인재가 필요하지. 그러니 민병대에 가입하고 싶다면, 안드레 경과 대화해라.","","False","DIA_Ruga_Train_11_06","",""
"Scripts/Content/Story/Dialoge/DIA_MIL_317_Ruga.d:165","Zeig mir den Umgang mit der Armbrust.","석궁 다루는 법을 보여줘.","","False","DIA_Ruga_Teach.description","",""
"Scripts/Content/Story/Dialoge/DIA_MIL_317_Ruga.d:182","Zeig mir den Umgang mit der Armbrust.","석궁 다루는 법을 보여줘.","","False","DIA_Ruga_Teach_15_00","",""
"Scripts/Content/Story/Dialoge/DIA_MIL_317_Ruga.d:194","Ich kann dir nichts mehr beibringen. Es ist an der Zeit, dass du einen anderen Lehrer aufsuchst.","네게 더 이상 가르쳐 줄 것은 없다. 다른 스승을 찾아갈 때가 되었군.","","False","DIA_Ruga_Teach_11_00","",""
"Scripts/Content/Story/Dialoge/DIA_MIL_317_Ruga.d:231","Ich will geschickter werden.","더 날렵해지고 싶어.","","False","DIA_Ruga_TEACHDEX.description","",""
"Scripts/Content/Story/Dialoge/DIA_MIL_317_Ruga.d:248","Ich will geschickter werden.","더 날렵해지고 싶어.","","False","DIA_Ruga_TEACHDEX_15_00","",""
"Scripts/Content/Story/Dialoge/DIA_MIL_317_Ruga.d:260","Mehr kann ich dir nicht beibringen. Wenn du geschickter werden willst, dann such dir einen anderen Lehrer.","이 이상은 가르쳐 줄 수 없다. 더 날렵해지고 싶다면 다른 스승을 찾아보도록 해.","","False","DIA_Ruga_TEACHDEX_11_00","",""
"Scripts/Content/Story/Dialoge/DIA_MIL_319_Pablo.d:34","(Es wäre ein Kinderspiel seinen Schlüssel zu stehlen)","(그의 열쇠를 훔치는 건 식은 죽 먹기다)","","False","DIA_Pablo_PICKPOCKET.description","",""
"Scripts/Content/Story/Dialoge/DIA_MIL_319_Pablo.d:103","Hey du, warte mal - du kommst mir bekannt vor.","이봐, 잠깐 기다려―너 낯이 익단 말이지.","","False","DIA_Pablo_WANTED_12_00","",""
"Scripts/Content/Story/Dialoge/DIA_MIL_319_Pablo.d:104","Was willst du ?","뭐라는 거야?","","False","DIA_Pablo_WANTED_15_01","",""
"Scripts/Content/Story/Dialoge/DIA_MIL_319_Pablo.d:105","Irgendwo habe ich dein Gesicht schon einmal gesehen ... ah - richtig!","어디선가 본 얼굴인데... 아―맞다!","","False","DIA_Pablo_WANTED_12_02","",""
"Scripts/Content/Story/Dialoge/DIA_MIL_319_Pablo.d:107","Hier - dieses Bild haben wir bei ein paar Banditen gefunden, die wir vor ein paar Tagen aufgegriffen haben - das sieht dir ziemlich ähnlich.","여기―며칠 전에 체포했던 산적들에게서 이 초상화를 찾았거든. 너랑 꽤 닮았단 말이지.","","False","DIA_Pablo_WANTED_12_03","",""
"Scripts/Content/Story/Dialoge/DIA_MIL_319_Pablo.d:109","Anscheinend haben die Kerle dich gesucht.","보아하니 그 녀석들이 널 찾고 있었던 모양이야.","","False","DIA_Pablo_WANTED_12_04","",""
"Scripts/Content/Story/Dialoge/DIA_MIL_319_Pablo.d:113","Nein, das muss eine Verwechslung sein... ","아니, 뭔가 착오가 있는 게 틀림없어... ","","False","DIA_Pablo_WANTED_Info.DIA_Pablo_WANTED.DIA_Pablo_WANTED_NOTHING","Info_AddChoice",""
"Scripts/Content/Story/Dialoge/DIA_MIL_319_Pablo.d:114","Da wäre ich ja jetzt gar nicht von alleine drauf gekommen","내 혼자 힘으로는 절대 생각지도 못했을 일이네 그려.","","False","DIA_Pablo_WANTED_Info.DIA_Pablo_WANTED.DIA_Pablo_WANTED_IRONY","Info_AddChoice",""
"Scripts/Content/Story/Dialoge/DIA_MIL_319_Pablo.d:119","Nein, das muss eine Verwechslung sein. Bei mir ist alles in Ordnung ...","아니, 뭔가 착오가 있는 거야. 난 아무 문제 없다고...","","False","DIA_Pablo_WANTED_NOTHING_15_00","",""
"Scripts/Content/Story/Dialoge/DIA_MIL_319_Pablo.d:120","Ganz wie du willst, Fremder.","네가 그렇다면야, 이방인.","","False","DIA_Pablo_WANTED_NOTHING_12_01","",""
"Scripts/Content/Story/Dialoge/DIA_MIL_319_Pablo.d:122","Aber falls das DOCH deine Visage ist - und falls du Probleme hast - dann lass sie außerhalb der Stadt. Wir haben hier schon genug Schwierigkeiten.","하지만 정말로 그게 네 얼굴이고―문제가 있다면―도시 밖에서 해결해라. 우리도 이미 여기서 충분히 골치가 아프니까.","","False","DIA_Pablo_Add_12_00","",""
"Scripts/Content/Story/Dialoge/DIA_MIL_319_Pablo.d:123","Und Fremde, die Ärger in die Stadt bringen, bleiben nicht lange in der Stadt - ich hoffe, das war deutlich.","그리고 도시에 말썽을 끌고 오는 이방인은 오래 머물지 못하지―내 말이 무슨 뜻인지 알아들었길 바란다.","","False","DIA_Pablo_WANTED_NOTHING_12_03","",""
"Scripts/Content/Story/Dialoge/DIA_MIL_319_Pablo.d:131","Da wäre ich jetzt gar nicht von alleine drauf gekommen.","내 혼자 힘으로는 절대 생각지도 못했을 일이네 그려.","","False","DIA_Pablo_WANTED_IRONY_15_00","",""
"Scripts/Content/Story/Dialoge/DIA_MIL_319_Pablo.d:132","Sehr witzig ... was wollten diese Kerle von dir?","참 우습기도 하지... 그 녀석들이 너한테 뭘 원하던 거냐?","","False","DIA_Pablo_WANTED_IRONY_12_01","",""
"Scripts/Content/Story/Dialoge/DIA_MIL_319_Pablo.d:134","Frag' sie doch selbst. Ihr habt sie doch sicher eingelocht, oder?","직접 물어보지 그래. 너희들이 다 감원에 처넣어 뒀잖아, 안 그래?","","False","DIA_Pablo_Add_15_01","",""
"Scripts/Content/Story/Dialoge/DIA_MIL_319_Pablo.d:135","Nein - die sind tot.","아니―그 녀석들은 죽었어.","","False","DIA_Pablo_WANTED_IRONY_12_03","",""
"Scripts/Content/Story/Dialoge/DIA_MIL_319_Pablo.d:136","Dann werden wir es wohl nie erfahren.","그렇다면 영원히 알 수 없겠군.","","False","DIA_Pablo_WANTED_IRONY_15_04","",""
"Scripts/Content/Story/Dialoge/DIA_MIL_319_Pablo.d:138","Falls du in Schwierigkeiten stecken sollest - sprich mal mit Lord Andre. Vielleicht kann er dir helfen. Du findest ihn in der Kaserne.","곤란한 일에 휘말렸다면―안드레 경과 대화해 봐. 어쩌면 그가 도와줄지도 몰라. 병영에 가면 찾을 수 있을 거다.","","False","DIA_Pablo_Add_12_02","",""
"Scripts/Content/Story/Dialoge/DIA_MIL_319_Pablo.d:152","Was weißt du über die Banditen?","산적들에 대해 아는 게 있나?","","False","DIA_Pablo_Banditen.description","",""
"Scripts/Content/Story/Dialoge/DIA_MIL_319_Pablo.d:162","Was weißt du über die Banditen?","산적들에 대해 아는 게 있나?","","False","DIA_Pablo_Add_15_03","",""
"Scripts/Content/Story/Dialoge/DIA_MIL_319_Pablo.d:164","Sie kommen alle aus der verdammten Minenkolonie. Aber es gibt etliche Splittergruppen.","모두 저주받은 광산 채굴지에서 기어 나왔지. 하지만 몇몇 소규모 무리로 흩어져 있어.","","False","DIA_Pablo_Add_12_04","",""
"Scripts/Content/Story/Dialoge/DIA_MIL_319_Pablo.d:165","Einige haben sich in die Berge verkrochen und wieder andere haben sich dem Grossbauern Onar angeschlossen.","어떤 자들은 산속에 숨어들었고, 또 어떤 자들은 대지주 오나르에게 붙기도 했지.","","False","DIA_Pablo_Add_12_05","",""
"Scripts/Content/Story/Dialoge/DIA_MIL_319_Pablo.d:166","Aber am meisten Probleme machen die Banditen, die sich in der Nähe der Stadt herumtreiben.","하지만 가장 골치를 썩이는 건 도시 주변을 어슬렁거리는 산적들이야.","","False","DIA_Pablo_Add_12_06","",""
"Scripts/Content/Story/Dialoge/DIA_MIL_319_Pablo.d:167","Sie sind der Grund dafür, daß sich keiner der Händler mehr vor die Stadttore traut.","그 녀석들 때문에 상인들 중 누구도 감히 도시 문밖으로 나서지 못하는 거라고.","","False","DIA_Pablo_Add_12_07","",""
"Scripts/Content/Story/Dialoge/DIA_MIL_319_Pablo.d:179","Was weißt du über die Banditen, die den Händler Hakon überfallen haben?","상인 하콘을 습격한 산적들에 대해 뭘 알고 있나?","","False","DIA_Pablo_HakonBandits.description","",""
"Scripts/Content/Story/Dialoge/DIA_MIL_319_Pablo.d:193","Was weißt du über die Banditen, die den Händler Hakon überfallen haben?","상인 하콘을 습격한 산적들에 대해 뭘 알고 있나?","","False","DIA_Pablo_Add_15_20","",""
"Scripts/Content/Story/Dialoge/DIA_MIL_319_Pablo.d:194","Ach, DIE Sache. Hör bloß auf...","아, 그 사건 말인가. 그만해...","","False","DIA_Pablo_Add_12_21","",""
"Scripts/Content/Story/Dialoge/DIA_MIL_319_Pablo.d:195","Soviel wir wissen, gehen eine ganze Menge der Händlerüberfälle auf ihr Konto.","우리가 아는 바로는, 상인들을 향한 수많은 습격이 그들의 소행이야.","","False","DIA_Pablo_Add_12_22","",""
"Scripts/Content/Story/Dialoge/DIA_MIL_319_Pablo.d:197","Diese Ratten haben sich in ihrem Loch verkrochen und trauen sich nicht mehr raus.","그 쥐새끼들은 자기들 은신처에 처박혀서는 감히 기어 나올 생각을 안 해.","","False","DIA_Pablo_Banditen_12_01","",""
"Scripts/Content/Story/Dialoge/DIA_MIL_319_Pablo.d:198","Einmal konnten wir sie aufspüren und verfolgen. Aber im Wald vor der Stadt haben wir die Verfolgung abgebrochen.","한 번은 녀석들을 추적해서 뒤를 밟은 적이 있지. 하지만 도시 앞 숲에서 추격을 포기해야 했어.","","False","DIA_Pablo_Banditen_12_02","",""
"Scripts/Content/Story/Dialoge/DIA_MIL_319_Pablo.d:199","Da treiben sich zuviele Viecher rum, das ist viel zu gefährlich.","거긴 짐승들이 너무 많이 돌아다녀서 너무 위험하거든.","","False","DIA_Pablo_Banditen_12_03","",""
"Scripts/Content/Story/Dialoge/DIA_MIL_319_Pablo.d:205","Aber da ist noch eine Sache...","하지만 한 가지 더 있어...","","False","DIA_Pablo_Add_12_23","",""
"Scripts/Content/Story/Dialoge/DIA_MIL_319_Pablo.d:206","Ein paar der gestohlenen Waren sind in Khorinis aufgetaucht.","도난당한 물건 중 일부가 코리니스에서 나타났어.","","False","DIA_Pablo_Banditen_12_04","",""
"Scripts/Content/Story/Dialoge/DIA_MIL_319_Pablo.d:207","Das heißt, sie wissen, wie sie die Ware in die Stadt bringen und sie verkaufen können ...","다시 말해, 그 물건들을 도시 안으로 들여와 팔아넘길 방법을 알고 있다는 뜻이지...","","False","DIA_Pablo_Banditen_15_05","",""
"Scripts/Content/Story/Dialoge/DIA_MIL_319_Pablo.d:208","Ja, wir vermuten, dass sie einen Hehler in der Stadt sitzen haben. Aber bisher ist es uns nicht gelungen, den Kerl zu erwischen.","그래, 도시 안에 장물아비가 도사리고 있을 거라고 의심하고 있지. 하지만 아직 그 녀석을 잡아내지는 못했어.","","False","DIA_Pablo_Banditen_12_06","",""
"Scripts/Content/Story/Dialoge/DIA_MIL_319_Pablo.d:209","Falls du in der Sache was rauskriegen solltest, bei Lord Andre gibt's ein schönes Kopfgeld für den Hehler.","혹시라도 그 일에 대해 알아내는 게 있다면, 안드레 경이 그 장물아비에게 꽤 두둑한 현상금을 걸어두었다는 걸 기억해 둬.","","False","DIA_Pablo_Banditen_12_07","",""
"Scripts/Content/Story/Dialoge/DIA_MIL_319_Pablo.d:224","Woher kamen die Banditen, die meinen Steckbrief dabei hatten?","내 수배 전단을 가지고 있던 산적들은 어디 출신이지?","","False","DIA_Pablo_MyBandits.description","",""
"Scripts/Content/Story/Dialoge/DIA_MIL_319_Pablo.d:238","Woher kamen die Banditen, die meinen Steckbrief dabei hatten?","내 수배 전단을 가지고 있던 산적들은 어디 출신이지?","","False","DIA_Pablo_Add_15_08","",""
"Scripts/Content/Story/Dialoge/DIA_MIL_319_Pablo.d:241","AHA! Es ist also DOCH deine Visage. Warum hast du das nicht gleich zugegeben, he?","아하! 그러니까 정말 네 얼굴이 맞았군. 왜 진작 인정하지 않았던 거냐, 어?","","False","DIA_Pablo_Add_12_09","",""
"Scripts/Content/Story/Dialoge/DIA_MIL_319_Pablo.d:242","(fordernd) Weswegen wirst du gesucht?","(추궁하듯) 대체 무슨 짓으로 수배된 거냐?","","False","DIA_Pablo_Add_12_10","",""
"Scripts/Content/Story/Dialoge/DIA_MIL_319_Pablo.d:243","Ich weiß es nicht - ehrlich!","몰라요―진짜라니까요!","","False","DIA_Pablo_Add_15_11","",""
"Scripts/Content/Story/Dialoge/DIA_MIL_319_Pablo.d:244","Ja, ja. Schon klar. Ich sag dir was. Wenn ich glauben würde, daß du mit diesen Banditen unter einer Decke steckst, hätte ich dich schon längst eingelocht, klar?","그래, 그래. 알겠어. 한마디 하지. 만약 네가 그 산적들과 한통속이라고 믿었다면, 난 진작에 널 감원에 처넣었을걸, 알겠나?","","False","DIA_Pablo_Add_12_12","",""
"Scripts/Content/Story/Dialoge/DIA_MIL_319_Pablo.d:245","Trotzdem werde ich mal besser bei Lord Andre über diesen Vorfall Meldung machen...","그렇긴 해도 이 사건을 안드레 경에게 보고해 두는 편이 좋겠군...","","False","DIA_Pablo_Add_12_13","",""
"Scripts/Content/Story/Dialoge/DIA_MIL_319_Pablo.d:247","Aber - um deine Frage zu beantworten...","하지만―네 질문에 답하자면...","","False","DIA_Pablo_Add_12_14","",""
"Scripts/Content/Story/Dialoge/DIA_MIL_319_Pablo.d:250","Wir haben sie in der Nähe des Grossbauern aufgegriffen.","대지주의 저택 근처에서 녀석들을 체포했지.","","False","DIA_Pablo_Add_12_15","",""
"Scripts/Content/Story/Dialoge/DIA_MIL_319_Pablo.d:251","Aber sie sahen nicht aus wie Onars Leute.","하지만 오나르의 사람처럼 보이지는 않았어.","","False","DIA_Pablo_Add_12_16","",""
"Scripts/Content/Story/Dialoge/DIA_MIL_319_Pablo.d:252","Ich denke sie gehören zu einer kleineren Gruppe, die sich irgendwo in der Nähe von Onars Hof in den Bergen verkrochen hat.","내 생각엔 오나르의 농장 근처 산속 어딘가에 숨어든 소규모 무리에 속한 것 같아.","","False","DIA_Pablo_Add_12_17","",""
"Scripts/Content/Story/Dialoge/DIA_MIL_319_Pablo.d:253","Aber wenn du vorhast, da hin zu gehen, muss ich dich warnen. Die Halsabschneider machen mit jedem kurzen Prozeß!","하지만 거기로 갈 생각이라면 경고해 두지. 그 칼잡이들은 누구든 가차 없이 해치우거든!","","False","DIA_Pablo_Add_12_18","",""
"Scripts/Content/Story/Dialoge/DIA_MIL_319_Pablo.d:254","Ich werd's mir merken.","명심하지.","","False","DIA_Pablo_Add_15_19","",""
"Scripts/Content/Story/Dialoge/DIA_MIL_319_Pablo.d:267","Wie ist die Lage?","요즘 어때?","","False","DIA_Pablo_Perm.description","",""
"Scripts/Content/Story/Dialoge/DIA_MIL_319_Pablo.d:277","Wie ist die Lage?","상황은 어때?","","False","DIA_Pablo_Perm_15_00","",""
"Scripts/Content/Story/Dialoge/DIA_MIL_319_Pablo.d:286","Ich hab immer gesagt, dass man diesen Söldnern nicht trauen kann.","내전 저 용병들은 믿을 수 없다고 늘 말해 왔잖아.","","False","DIA_Pablo_Perm_12_01","",""
"Scripts/Content/Story/Dialoge/DIA_MIL_319_Pablo.d:287","Es wird Zeit, dass wir diesem Abschaum mal eine Lektion erteilen. Das hat sich dieser Bennet doch nicht alleine ausgedacht.","이제 그 쓰레기들에게 본때를 보여줄 때가 됐어. 베넷이 혼자서 이런 짓을 꾸몄을 리가 없다고.","","False","DIA_Pablo_Perm_12_02","",""
"Scripts/Content/Story/Dialoge/DIA_MIL_319_Pablo.d:291","Ich bin tief erschüttert über den Mord am ehrenwerten Paladin Lothar.","명예로운 팔라딘 로타르의 살해 소식에 심심한 애도를 표한다.","","False","DIA_Pablo_Perm_12_03","",""
"Scripts/Content/Story/Dialoge/DIA_MIL_319_Pablo.d:292","Aber ich weiß, dass die Kirche eine gerechte Strafe für den Frevler finden wird.","하지만 교회에서 그 죄인에게 마땅한 벌을 내릴 거라 믿어 의심치 않아.","","False","DIA_Pablo_Perm_12_04","",""
"Scripts/Content/Story/Dialoge/DIA_MIL_319_Pablo.d:296","Was streunerst du hier eigentlich rum? Wenn du versuchst, deinen Söldnerfreund zu befreien, das kannst du gleich vergessen.","여기서 대체 뭘 어슬렁거리고 있는 거냐? 네 용병 친구를 구출하려는 수작이라면, 당장 집어치우는 게 좋을걸.","","False","DIA_Pablo_Perm_12_05","",""
"Scripts/Content/Story/Dialoge/DIA_MIL_319_Pablo.d:301","Es ist erbärmlich. Jetzt hetzt man uns schon gegeneinander auf.","비참한 일이야. 이제는 우리끼리 서로 이간질까지 시키고 있으니 말이야.","","False","DIA_Pablo_Perm_12_06","",""
"Scripts/Content/Story/Dialoge/DIA_MIL_319_Pablo.d:302","Wenn du es nicht geschafft hättest, den wahren Schuldigen für den Mord zu finden, hätten die Orks keinen Handschlag tun müssen.","네가 살인 사건의 진짜 범인을 찾아내지 못했더라면, 오크들이 손가락 하나 까딱할 필요도 없었을 거다.","","False","DIA_Pablo_Perm_12_07","",""
"Scripts/Content/Story/Dialoge/DIA_MIL_319_Pablo.d:307","Ich mach mir Sorgen, was passiert, wenn jetzt die Paladine abziehen.","이제 팔라딘들이 떠나면 어떻게 될지 걱정이야.","","False","DIA_Pablo_Perm_12_08","",""
"Scripts/Content/Story/Dialoge/DIA_MIL_319_Pablo.d:311","Ihr könnt euch auf uns verlassen, wir werden mit allen uns zur Verfügung stehenden Mitteln dafür sorgen, dass diese Stadt nicht zum Sündenpfuhl verkommt.","우리만 믿으라고, 이 도시가 타락의 온바로 전락하지 않도록 우리에게 가능한 모든 수단을 동원해 막을 테니까.","","False","DIA_Pablo_Perm_12_09","",""
"Scripts/Content/Story/Dialoge/DIA_MIL_319_Pablo.d:316","Pass bloß auf, was du hier machst. So Galgenvögel wie dich beobachten wir hier ganz genau.","여기서 행동 조심하는 게 좋을 거다. 너 같은 교수대 단골들은 아주 예의 주시하고 있으니까.","","False","DIA_Pablo_Perm_12_10","",""
"Scripts/Content/Story/Dialoge/DIA_MIL_319_Pablo.d:320","Zurzeit ist es ruhig. Nur die Banditen vor der Stadt machen uns Probleme.","지금은 조용해. 도시 밖의 산적들만 말썽을 부리고 있지.","","False","DIA_Pablo_Perm_12_11","",""
"Scripts/Content/Story/Dialoge/DIA_MIL_321_Rangar.d:34","(Es wäre einfach seinen Schlüssel zu stehlen)","(그의 열쇠를 훔치는 건 식은 죽 먹기다)","","False","DIA_Rangar_PICKPOCKET.description","",""
"Scripts/Content/Story/Dialoge/DIA_MIL_321_Rangar.d:86","Hey, wie sieht's aus?","이봐, 어떻게 지내나?","","False","DIA_Rangar_Hallo.description","",""
"Scripts/Content/Story/Dialoge/DIA_MIL_321_Rangar.d:100","Hey, wie sieht's aus?","이봐, 어떻게 지내나?","","False","DIA_Rangar_Hallo_15_00","",""
"Scripts/Content/Story/Dialoge/DIA_MIL_321_Rangar.d:101","Solange die Paladine keine neue Aufgabe für mich haben, kann ich mir hier ein paar Biere genehmigen. Was will man mehr? (grinst)","팔라딘들이 내게 새로운 임무를 주지 않는 한, 난 여기서 맥주나 몇 잔 걸치면 그만이야. 이보다 더 좋을 수 있겠어? (씩 웃는다)","","False","DIA_Rangar_Hallo_07_01","",""
"Scripts/Content/Story/Dialoge/DIA_MIL_321_Rangar.d:102","Du arbeitest für die Paladine?","팔라딘 밑에서 일하는 거야?","","False","DIA_Rangar_Hallo_15_02","",""
"Scripts/Content/Story/Dialoge/DIA_MIL_321_Rangar.d:103","Ja, ich mache ihnen Meldung über die Situation in der Stadt. Zurzeit ist alles ruhig.","그래, 도시 상황을 그들에게 보고하고 있지. 현재는 아주 잠잠해.","","False","DIA_Rangar_Hallo_07_03","",""
"Scripts/Content/Story/Dialoge/DIA_MIL_321_Rangar.d:115","Wie ist die Situation mit den Orks?","오크들과의 상황은 좀 어때?","","False","DIA_Rangar_Ork.description","",""
"Scripts/Content/Story/Dialoge/DIA_MIL_321_Rangar.d:130","Wie ist die Situation mit den Orks?","오크들과의 상황은 좀 어때?","","False","DIA_Rangar_Ork_15_00","",""
"Scripts/Content/Story/Dialoge/DIA_MIL_321_Rangar.d:131","Kein Grund zur Besorgnis - wir von der Stadtwache und die Paladine haben alles im Griff.","걱정할 필요 없어―도시 경비대와 팔라딘들이 모든 걸 통제하고 있으니까.","","False","DIA_Rangar_Ork_07_01","",""
"Scripts/Content/Story/Dialoge/DIA_MIL_321_Rangar.d:132","Geh nach Hause und lass uns unsere Arbeit machen. Wir passen schon auf die Stadt und ihre Bürger auf. - HICK-","집에 가서 우리 일이나 하게 내버려 두라고. 우린 이미 도시와 시민들을 지켜보고 있으니까. ―꺼억―","","False","DIA_Rangar_Ork_07_02","",""
"Scripts/Content/Story/Dialoge/DIA_MIL_321_Rangar.d:145","Willst du noch ein Bier?","맥주 한 잔 더 할래?","","False","DIA_Rangar_Bier.description","",""
"Scripts/Content/Story/Dialoge/DIA_MIL_321_Rangar.d:160","Willst du noch ein Bier?","맥주 한 잔 더 할래?","","False","DIA_Rangar_Bier_15_00","",""
"Scripts/Content/Story/Dialoge/DIA_MIL_321_Rangar.d:166","Ah - es geht doch nichts über ein kühles Pils.","아―시원한 에일만 한 것도 없지.","","False","DIA_Rangar_Bier_07_01","",""
"Scripts/Content/Story/Dialoge/DIA_MIL_321_Rangar.d:169","Du wolltest gerade was über die Orks erzählen ...","오크들에 대해 얘기하려던 참이었잖아...","","False","DIA_Rangar_Bier_15_02","",""
"Scripts/Content/Story/Dialoge/DIA_MIL_321_Rangar.d:170","Ach ja, richtig. Die Orks sind überhaupt keine Bedrohung für die Stadt.","아 맞다, 그렇지. 오크들은 도시에 전혀 위협이 안 돼.","","False","DIA_Rangar_Bier_07_03","",""
"Scripts/Content/Story/Dialoge/DIA_MIL_321_Rangar.d:171","Die sitzen im Minental fest. Und der Pass wird von den Paladinen gehalten.","광산 계곡에 틀어박혀 있으니까. 그리고 통로는 팔라딘들이 지키고 있고.","","False","DIA_Rangar_Bier_07_04","",""
"Scripts/Content/Story/Dialoge/DIA_MIL_321_Rangar.d:172","Da kommt nicht mal eine Fleischwanze durch.","미트버그 한 마리조차 거기로는 지나가지 못해.","","False","DIA_Rangar_Bier_07_05","",""
"Scripts/Content/Story/Dialoge/DIA_MIL_321_Rangar.d:180","Einen guten Schluck kann ich wohl vertragen.","시원한 한 모금이라면 사절하지 않겠어.","","False","DIA_Rangar_Bier_07_06","",""
"Scripts/Content/Story/Dialoge/DIA_MIL_321_Rangar.d:183","Es wurde ja schon ein Ork vor der Stadt gesehen.","이미 도시 밖에서 오크가 목격되기도 했잖아.","","False","DIA_Rangar_Bier_15_07","",""
"Scripts/Content/Story/Dialoge/DIA_MIL_321_Rangar.d:184","Jaja, der gefährliche Ork vor der Stadt. Ein wahres Monster von Ork. Er wird die Stadt bestimmt bald angreifen.","그래, 그래, 성 밖의 위험한 오크 말이지. 아주 거대한 오크 괴물이야. 곧 성을 공격하기라도 할 것처럼 말이야.","","False","DIA_Rangar_Bier_07_08","",""
"Scripts/Content/Story/Dialoge/DIA_MIL_321_Rangar.d:185","Hör zu, wir werden diesen dicken Ork in seinen dicken Hintern treten, wenn er der Stadt zu nahe kommt. Alles klar?","들어봐, 그 뚱뚱한 오크 녀석이 성에 너무 가까이 오면 우리가 그 녀석의 뚱뚱한 엉덩이를 아주 걷어차 줄 테니까. 알겠어?","","False","DIA_Rangar_Bier_07_09","",""
"Scripts/Content/Story/Dialoge/DIA_MIL_321_Rangar.d:186","Verstehe.","알겠어.","","False","DIA_Rangar_Bier_15_10","",""
"Scripts/Content/Story/Dialoge/DIA_MIL_321_Rangar.d:192","Ein leckeres, herbes Pils ist doch das Beste.","역시 시원하고 쌉싸름한 맥주가 최고란 말이야.","","False","DIA_Rangar_Bier_07_11","",""
"Scripts/Content/Story/Dialoge/DIA_MIL_321_Rangar.d:195","Weißt du, man trifft nicht oft jemanden, der einem ein Bier ausgibt. Du bist in Ordnung.","알다시피, 맥주를 공짜로 사는 사람을 만나는 건 쉽지 않거든. 너 마음에 드는군.","","False","DIA_Rangar_Bier_07_12","",""
"Scripts/Content/Story/Dialoge/DIA_MIL_321_Rangar.d:201","Klar will ich noch ein Bier. Besorg mir eins.","당연히 맥주 한 잔 더 마시고 싶지. 하나 가져다줘.","","False","DIA_Rangar_Bier_07_13","",""
"Scripts/Content/Story/Dialoge/DIA_MIL_321_Rangar.d:215","Was machst du da?","거기서 뭐 하는 거야?","","False","DIA_Addon_Rangar_Erwischt.description","",""
"Scripts/Content/Story/Dialoge/DIA_MIL_321_Rangar.d:232","Was machst du da?","거기서 뭐 하는 거야?","","False","DIA_Addon_Rangar_Erwischt_15_00","",""
"Scripts/Content/Story/Dialoge/DIA_MIL_321_Rangar.d:233","(fühlst sich erwischt) Äähm. Ich ... äh ... Das geht dich gar nichts an. Verschwinde.","(들켰다는 걸 느끼며) 어흠. 난... 그... 너랑은 상관없는 일이야. 꺼져.","","False","DIA_Addon_Rangar_Erwischt_07_01","",""
"Scripts/Content/Story/Dialoge/DIA_MIL_321_Rangar.d:234","Martin wird sich freuen, wenn ich ihm erzähle, wer hier in seinen Sachen rumkramt, während er nicht da ist.","마틴이 자리를 비운 사이에 그의 물건을 뒤지고 있던 게 누군지 알면 아주 기뻐하겠는걸.","","False","DIA_Addon_Rangar_Erwischt_15_02","",""
"Scripts/Content/Story/Dialoge/DIA_MIL_321_Rangar.d:235","(verhöhnend) Von mir aus mach doch was du willst. Ich geh dann mal wieder, kleiner Mann.","(조롱하며) 마음대로 해. 그럼 난 이만 가볼게, 꼬마 친구.","","False","DIA_Addon_Rangar_Erwischt_07_03","",""
"Scripts/Content/Story/Dialoge/DIA_MIL_321_Rangar.d:252","Meinst du etwa, du kommst jetzt ungeschoren davon?","그냥 이대로 무사히 넘어갈 수 있을 거라고 생각하나?","","False","DIA_Addon_Rangar_nachhaken.description","",""
"Scripts/Content/Story/Dialoge/DIA_MIL_321_Rangar.d:266","Meinst du etwa, du kommst jetzt ungeschoren davon?","그냥 이대로 무사히 넘어갈 수 있을 거라고 생각하나?","","False","DIA_Addon_Rangar_nachhaken_15_00","",""
"Scripts/Content/Story/Dialoge/DIA_MIL_321_Rangar.d:267","(gleichgültig) Mach doch wegen dem bisschen Proviant nicht so einen Wind.","(무심하게) 식량 좀 가졌다고 그렇게 유난 떨지 마.","","False","DIA_Addon_Rangar_nachhaken_07_01","",""
"Scripts/Content/Story/Dialoge/DIA_MIL_324_Peck.d:34","(Es wäre gewagt seinen Schlüssel zu stehlen)","(그의 열쇠를 훔치는 것은 위험할 것이다)","","False","DIA_Peck_PICKPOCKET.description","",""
"Scripts/Content/Story/Dialoge/DIA_MIL_324_Peck.d:87","Hey, was liegt an?","이봐, 무슨 일이야?","","False","DIA_Peck_HEY.description","",""
"Scripts/Content/Story/Dialoge/DIA_MIL_324_Peck.d:101","Hey, was liegt an?","이봐, 무슨 일이야?","","False","DIA_Peck_HEY_15_00","",""
"Scripts/Content/Story/Dialoge/DIA_MIL_324_Peck.d:102","Mann, ich bin beschäftigt. Lass mich in Ruhe.","이봐, 나 바쁘다. 귀찮게 하지 마.","","False","DIA_Peck_HEY_12_01","",""
"Scripts/Content/Story/Dialoge/DIA_MIL_324_Peck.d:116","Hey, es wird Zeit abzuhauen.","이봐, 이제 그만 돌아갈 시간이야.","","False","DIA_Peck_FOUND_PECK.description","",""
"Scripts/Content/Story/Dialoge/DIA_MIL_324_Peck.d:130","Hey, es wird Zeit abzuhauen.","이봐, 이제 그만 돌아갈 시간이야.","","False","DIA_Peck_FOUND_PECK_15_00","",""
"Scripts/Content/Story/Dialoge/DIA_MIL_324_Peck.d:131","Was willst du? Siehst du nicht, dass ich beschäftigt bin?","뭐라는 거야? 내가 바쁜 거 안 보여?","","False","DIA_Peck_FOUND_PECK_12_01","",""
"Scripts/Content/Story/Dialoge/DIA_MIL_324_Peck.d:132","Ich brauche eine Waffe, also komm zur Kaserne zurück.","난 무기가 필요하니까, 병영으로 돌아가자.","","False","DIA_Peck_FOUND_PECK_15_02","",""
"Scripts/Content/Story/Dialoge/DIA_MIL_324_Peck.d:133","Verdammt, deine Waffe kann warten.","젠장, 네 무기 따위는 기다릴 수 있어.","","False","DIA_Peck_FOUND_PECK_12_03","",""
"Scripts/Content/Story/Dialoge/DIA_MIL_324_Peck.d:134","Los, Andre vermisst dich auch schon.","어서 와, 안드레도 벌써 널 찾고 있다고.","","False","DIA_Peck_FOUND_PECK_15_04","",""
"Scripts/Content/Story/Dialoge/DIA_MIL_324_Peck.d:135","Hmpf ... verdammt. Okay, ich komme ja schon - aber wenn du deine Rückmeldung bei Andre machst, sagst du ihm nicht, dass ich hier war.","험... 젠장. 좋아, 가겠어. 하지만 안드레에게 보고할 때 내가 여기 있었다는 말은 하지 마.","","False","DIA_Peck_FOUND_PECK_12_05","",""
"Scripts/Content/Story/Dialoge/DIA_MIL_324_Peck.d:152","Ich wollte mir eine Waffe abholen","무기를 받으러 왔습니다.","","False","DIA_Peck_WEAPON.description","",""
"Scripts/Content/Story/Dialoge/DIA_MIL_324_Peck.d:171","Ich wollte mir eine Waffe abholen.","무기를 받으러 왔습니다.","","False","DIA_Peck_WEAPON_15_00","",""
"Scripts/Content/Story/Dialoge/DIA_MIL_324_Peck.d:175","Geh erst zu Andre und erstatte ihm Rückmeldung.","먼저 안드레에게 가서 보고부터 해.","","False","DIA_Peck_WEAPON_12_01","",""
"Scripts/Content/Story/Dialoge/DIA_MIL_324_Peck.d:181","Nun sieh mal, wer da ist. Unser neuer Kamerad. Und er will ein Schwert haben.","이거 보라고, 누굴까. 우리의 새로운 동료잖아. 그리고 검을 원한다고?","","False","DIA_Peck_WEAPON_12_02","",""
"Scripts/Content/Story/Dialoge/DIA_MIL_324_Peck.d:182","Du hast Andre nicht erzählt, dass ich in der Roten Laterne war. Du scheinst ganz in Ordnung zu sein. Hier, nimm dein Schwert.","내가 레드 랜턴에 있었단 걸 안드레에게 말하지 않았더군. 너 꽤 괜찮은 녀석인 것 같아. 자, 네 검을 가져가.","","False","DIA_Peck_WEAPON_12_03","",""
"Scripts/Content/Story/Dialoge/DIA_MIL_324_Peck.d:183","Es ist das Beste, was ich da habe.","내가 가진 것 중에 제일 좋은 거야.","","False","DIA_Peck_Add_12_00","",""
"Scripts/Content/Story/Dialoge/DIA_MIL_324_Peck.d:188","Ich hab dich nicht vergessen. Wer hat Andre wohl gesteckt, dass ich in der Roten Laterne war?","난 널 잊지 않았어. 도대체 누가 안드레에게 내가 레드 랜턴에 있었다고 고자질한 거지?","","False","DIA_Peck_WEAPON_12_04","",""
"Scripts/Content/Story/Dialoge/DIA_MIL_324_Peck.d:189","Und jetzt willst du eine Klinge von mir haben ... na schön, du kriegst eine Klinge. Hier. Und jetzt machst du 'n Abgang.","그래놓고 이제 내게 칼날을 달라고 하겠다... 좋아, 칼날을 주지. 자. 그리고 이제 그만 꺼져.","","False","DIA_Peck_WEAPON_12_05","",""
"Scripts/Content/Story/Dialoge/DIA_MIL_324_Peck.d:195","Wenn du bessere Waffen haben willst, dann geh zu den Händlern am Markt.","더 좋은 무기를 원한다면 시장에 있는 상인들에게 가봐.","","False","DIA_Peck_WEAPON_12_06","",""
"Scripts/Content/Story/Dialoge/DIA_MIL_324_Peck.d:207","Leck mich!","엿이나 먹어라!","","False","DIA_Peck_Add_12_07","",""
"Scripts/Content/Story/Dialoge/DIA_MIL_324_Peck.d:220","Hast du eine bessere Waffe für mich?","내게 더 좋은 무기를 줄 수 있나?","","False","DIA_Peck_WEAPON2.description","",""
"Scripts/Content/Story/Dialoge/DIA_MIL_324_Peck.d:240","Hast du eine bessere Waffe für mich?","내게 더 좋은 무기를 줄 수 있나?","","False","DIA_Peck_Add_15_01","",""
"Scripts/Content/Story/Dialoge/DIA_MIL_324_Peck.d:243","Ich hab nicht vergessen, daß du mich bei Lord Andre verpfiffen hast.","네가 나를 로드 안드레에게 밀고했다는 걸 잊지 않았어.","","False","DIA_Peck_Add_12_06","",""
"Scripts/Content/Story/Dialoge/DIA_MIL_324_Peck.d:248","Zur Zeit nicht...","지금은 없어...","","False","DIA_Peck_Add_12_02","",""
"Scripts/Content/Story/Dialoge/DIA_MIL_324_Peck.d:252","Gut, das du fragst. Wir haben ein paar ziemlich gute Klingen von Onars Söldnern bekommen.","마침 잘 물어봤어. 오나르의 용병들한테서 꽤 쓸만한 칼날들을 좀 노획했거든.","","False","DIA_Peck_Add_12_03","",""
"Scripts/Content/Story/Dialoge/DIA_MIL_324_Peck.d:253","Sie brauchten sie nicht mehr (lacht dreckig).","이제 그 녀석들한테는 필요 없는 것들이지 (더럽게 웃는다).","","False","DIA_Peck_Add_12_04","",""
"Scripts/Content/Story/Dialoge/DIA_MIL_324_Peck.d:254","Hier, nimm.","자, 받아.","","False","DIA_Peck_Add_12_05","",""
"Scripts/Content/Story/Dialoge/DIA_MIL_324_Peck.d:271","Alles klar bei dir?","요즘 어때?","","False","DIA_Peck_PERM.description","",""
"Scripts/Content/Story/Dialoge/DIA_MIL_324_Peck.d:286","Alles klar bei dir?","요즘 어때?","","False","DIA_Peck_PERM_15_00","",""
"Scripts/Content/Story/Dialoge/DIA_MIL_324_Peck.d:294","Ja, und bei dir?","그래, 너는 어때?","","False","DIA_Peck_PERM_12_01","",""
"Scripts/Content/Story/Dialoge/DIA_MIL_324_Peck.d:303","Eigentlich nicht. Ich mache mir Sorgen wegen der Söldner, ich meine, die werden jetzt doch versuchen, ihren Kameraden aus dem Knast zu holen.","별로 좋지 않아. 용병들 때문에 걱정이거든. 내 말은, 그 녀석들이 감옥에서 동료를 빼내려고 할 게 뻔하니까.","","False","DIA_Peck_PERM_12_02","",""
"Scripts/Content/Story/Dialoge/DIA_MIL_324_Peck.d:304","Ich hab keine Lust, mich mit einem Haufen erfahrener Kämpfer anzulegen.","경험 많은 전사들과 얽히고 싶지 않다고.","","False","DIA_Peck_PERM_12_03","",""
"Scripts/Content/Story/Dialoge/DIA_MIL_324_Peck.d:308","Ja natürlich! Wir halten alle die Augen offen. Die Magier können ganz beruhigt sein, der Gefangene hat keine Chance zu entkommen.","물론이지! 우리 모두 눈을 크게 뜨고 있어. 마법사들도 안심해도 좋아, 죄수가 탈출할 가능성은 없으니까.","","False","DIA_Peck_PERM_12_04","",""
"Scripts/Content/Story/Dialoge/DIA_MIL_324_Peck.d:312","Ich weiß, was du vorhast, aber es wird dir nicht gelingen, mit dem Gefangenen zu fliehen.","네가 무슨 꿍꿍인지 알지만, 죄수와 함께 도망치는 건 성공하지 못할 거다.","","False","DIA_Peck_PERM_12_05","",""
"Scripts/Content/Story/Dialoge/DIA_MIL_324_Peck.d:317","Ich bin heilfroh, dass sich die Sache mit dem Mord aufgeklärt hat.","살인 사건이 잘 해결되어서 정말 다행이야.","","False","DIA_Peck_PERM_12_06","",""
"Scripts/Content/Story/Dialoge/DIA_MIL_324_Peck.d:318","Wieso?","왜?","","False","DIA_Peck_PERM_15_07","",""
"Scripts/Content/Story/Dialoge/DIA_MIL_324_Peck.d:319","Kampflos hätten die Söldner doch nie zugeschaut, wie wir einen von ihnen an den Galgen bringen.","용병들이 우리가 그들 중 한 명을 교수대에 매달기 바라는 걸 가만히 지켜보고만 있지는 않았을 테니까.","","False","DIA_Peck_PERM_12_08","",""
"Scripts/Content/Story/Dialoge/DIA_MIL_324_Peck.d:320","Schlimmstenfalls hätten sie uns einfach angegriffen. Ich will mir gar nicht ausmalen, was dann passiert wäre.","최악의 경우엔 우리를 공격해 왔겠지. 그때 무슨 일이 벌어졌을지 상상도 하기 싫어.","","False","DIA_Peck_PERM_12_09","",""
"Scripts/Content/Story/Dialoge/DIA_MIL_325_Stadtwache.d:60","HALT!","멈춰라!","","False","DIA_Mil_325_Miliz_FirstWarn_12_00","",""
"Scripts/Content/Story/Dialoge/DIA_MIL_325_Stadtwache.d:61","Das Warenlager darf nicht betreten werden.","창고 안으로는 들어갈 수 없다.","","False","DIA_Mil_325_Miliz_FirstWarn_12_01","",""
"Scripts/Content/Story/Dialoge/DIA_MIL_325_Stadtwache.d:93","Hörst du schlecht? Einen Schritt weiter und ich hack dich in Stücke!","귀가 먹었나? 한 걸음만 더 내디디면 조각조각 썰어버릴 테다!","","False","DIA_Mil_325_Miliz_SecondWarn_12_00","",""
"Scripts/Content/Story/Dialoge/DIA_MIL_325_Stadtwache.d:130","Das war ein Fehler!","실수였군!","","False","DIA_Mil_325_Miliz_Attack_12_00","",""
"Scripts/Content/Story/Dialoge/DIA_MIL_325_Stadtwache.d:145","Ich gehöre zur Armee des Königs. Ich will mich ausrüsten!","나는 국왕 군대의 일원이다. 무장을 갖추러 왔다!","","False","DIA_Mil_325_Miliz_Pass.description","",""
"Scripts/Content/Story/Dialoge/DIA_MIL_325_Stadtwache.d:159","Ich gehöre zur Armee des Königs. Ich will mich ausrüsten!","나는 국왕 군대의 일원이다. 무장을 갖추러 왔다!","","False","DIA_Mil_325_Miliz_Pass_15_00","",""
"Scripts/Content/Story/Dialoge/DIA_MIL_325_Stadtwache.d:160","Hast du den Befehl dazu?","명령서는 있나?","","False","DIA_Mil_325_Miliz_Pass_12_01","",""
"Scripts/Content/Story/Dialoge/DIA_MIL_325_Stadtwache.d:163","Nein.","아니오.","","False","DIA_Mil_325_Miliz_Pass_Info.DIA_Mil_325_Miliz_Pass.DIA_Mil_325_Miliz_Pass_No","Info_AddChoice",""
"Scripts/Content/Story/Dialoge/DIA_MIL_325_Stadtwache.d:164","Klar.","물론이지.","","False","DIA_Mil_325_Miliz_Pass_Info.DIA_Mil_325_Miliz_Pass.DIA_Mil_325_Miliz_Pass_Yes","Info_AddChoice",""
"Scripts/Content/Story/Dialoge/DIA_MIL_325_Stadtwache.d:169","Klar.","물론이지.","","False","DIA_Mil_325_Miliz_Pass_Yes_15_00","",""
"Scripts/Content/Story/Dialoge/DIA_MIL_325_Stadtwache.d:170","Gut, kannst reingehen!","좋아, 들어가도 좋다!","","False","DIA_Mil_325_Miliz_Pass_Yes_12_01","",""
"Scripts/Content/Story/Dialoge/DIA_MIL_325_Stadtwache.d:178","Nein.","아니오.","","False","DIA_Mil_325_Miliz_Pass_No_15_00","",""
"Scripts/Content/Story/Dialoge/DIA_MIL_325_Stadtwache.d:179","Dann mach, dass du wegkommst.","그럼 꺼져라.","","False","DIA_Mil_325_Miliz_Pass_No_12_01","",""
"Scripts/Content/Story/Dialoge/DIA_MIL_325_Stadtwache.d:194","Warum darf das Lager nicht betreten werden?","왜 창고에 들어갈 수 없는 거지?","","False","DIA_Mil_325_Miliz_PERM.description","",""
"Scripts/Content/Story/Dialoge/DIA_MIL_325_Stadtwache.d:204","Warum darf das Lager nicht betreten werden?","왜 창고에 들어갈 수 없는 거지?","","False","DIA_Mil_325_Miliz_PERM_15_00","",""
"Scripts/Content/Story/Dialoge/DIA_MIL_325_Stadtwache.d:205","Der ehrenwerte Lord Hagen hat die Ware für die Armee des Königs beschlagnahmt.","고귀하신 헤이건 경께서 국왕 군대를 위해 물품들을 압수하셨다.","","False","DIA_Mil_325_Miliz_PERM_12_01","",""
"Scripts/Content/Story/Dialoge/DIA_MIL_328_Miliz.d:43","Hey, du hast hier nichts zu suchen, klar?","이봐, 넌 여기서 할 일 없을 텐데, 알겠어?","","False","DIA_328_Miliz_Hi_08_00","",""
"Scripts/Content/Story/Dialoge/DIA_MIL_328_Miliz.d:44","Wer bist du?","너는 누구지?","","False","DIA_328_Miliz_Hi_15_01","",""
"Scripts/Content/Story/Dialoge/DIA_MIL_328_Miliz.d:45","Das geht dich nichts an? Ich bin hier der Chef, okay?","그건 알 바 아니잖아? 내가 여기서 대장이야, 알겠어?","","False","DIA_328_Miliz_Hi_08_02","",""
"Scripts/Content/Story/Dialoge/DIA_MIL_328_Miliz.d:46","Der Chef? Von was? Von den Kisten?","대장이라고? 뭘 말이지? 이 상자들 말인가?","","False","DIA_328_Miliz_Hi_15_03","",""
"Scripts/Content/Story/Dialoge/DIA_MIL_328_Miliz.d:47","Hey, das Lagerhaus untersteht meiner Aufsicht, klar? Also verpiss dich, sonst schlage ich dir den Schädel ein.","이봐, 이 창고는 내가 관리하고 있어, 알겠어? 그러니 꺼져, 안 그러면 두개골을 박살 내버릴 테니까.","","False","DIA_328_Miliz_Hi_08_04","",""
"Scripts/Content/Story/Dialoge/DIA_MIL_328_Miliz.d:77","Hey, du bist ja immer noch hier. Hatte ich nicht gesagt, du sollst dich verpissen?","이봐, 넌 아직도 여기 있네. 내가 꺼지라고 말하지 않았나?","","False","DIA_328_Miliz_Kill_08_00","",""
"Scripts/Content/Story/Dialoge/DIA_MIL_328_Miliz.d:78","Jetzt zeige ich dir, wer hier der Chef ist!","이제 누가 진짜 대장인지 보여주지!","","False","DIA_328_Miliz_Kill_08_01","",""
"Scripts/Content/Story/Dialoge/DIA_MIL_332_Stadtwache.d:34","Wie steht's?","어떻게 지내나?","","False","DIA_Mil_332_Stadtwache_PERM.description","",""
"Scripts/Content/Story/Dialoge/DIA_MIL_332_Stadtwache.d:44","Wie steht's?","어떻게 지내나?","","False","DIA_Mil_332_Stadtwache_PERM_15_00","",""
"Scripts/Content/Story/Dialoge/DIA_MIL_332_Stadtwache.d:45","Geh weiter! Ich bin im Dienst!","지나가라! 나는 임무 수행 중이다!","","False","DIA_Mil_332_Stadtwache_PERM_04_01","",""
"Scripts/Content/Story/Dialoge/DIA_MIL_333_Stadtwache.d:76","HALT!","멈춰라!","","False","DIA_Mil_333_Stadtwache_FirstWarn_06_00","",""
"Scripts/Content/Story/Dialoge/DIA_MIL_333_Stadtwache.d:81","(seufzt) Was denn?","(한숨을 쉬며) 왜 그러지?","","False","DIA_Mil_333_Stadtwache_FirstWarn_15_01","",""
"Scripts/Content/Story/Dialoge/DIA_MIL_333_Stadtwache.d:82","Das weißt du ganz genau!","네가 제일 잘 알 텐데!","","False","DIA_Mil_333_Stadtwache_FirstWarn_06_02","",""
"Scripts/Content/Story/Dialoge/DIA_MIL_333_Stadtwache.d:86","Du wirst in der Stadt als Mörder gesucht!","너는 이 도시에서 살인죄로 수배 중이다!","","False","DIA_Mil_333_Stadtwache_FirstWarn_06_03","",""
"Scripts/Content/Story/Dialoge/DIA_MIL_333_Stadtwache.d:91","Dreckige Diebe brauchen wir hier nicht!","우린 이 도시에 더러운 도둑들이 필요 없다!","","False","DIA_Mil_333_Stadtwache_FirstWarn_06_04","",""
"Scripts/Content/Story/Dialoge/DIA_MIL_333_Stadtwache.d:96","Unruhestifter können wir in unserer Stadt nicht gebrauchen!","우리 도시에는 소란을 피우는 자들이 있을 곳이 없다!","","False","DIA_Mil_333_Stadtwache_FirstWarn_06_05","",""
"Scripts/Content/Story/Dialoge/DIA_MIL_333_Stadtwache.d:99","Warum, glaubst du, sollten wir dich reinlassen?","우리가 왜 널 들여보내야 한다고 생각하지?","","False","DIA_Mil_333_Stadtwache_FirstWarn_06_06","",""
"Scripts/Content/Story/Dialoge/DIA_MIL_333_Stadtwache.d:110","Ja?","그래?","","False","DIA_Mil_333_Stadtwache_FirstWarn_15_07","",""
"Scripts/Content/Story/Dialoge/DIA_MIL_333_Stadtwache.d:111","Du siehst aus wie ein armer Wicht. Leute ohne Geld können wir in der Stadt nicht gebrauchen.","불쌍한 거지 꼴을 하고 있군. 이 도시에는 돈 없는 사람들을 위한 자리는 없어.","","False","DIA_Mil_333_Stadtwache_FirstWarn_06_08","",""
"Scripts/Content/Story/Dialoge/DIA_MIL_333_Stadtwache.d:115","Aber ich habe einen Passierschein!","하지만 내겐 통행증이 있다고!","","False","DIA_Mil_333_Stadtwache_FirstWarn_15_09","",""
"Scripts/Content/Story/Dialoge/DIA_MIL_333_Stadtwache.d:116","Der gilt für das andere Tor!","그건 다른 문에만 통하는 거다!","","False","DIA_Mil_333_Stadtwache_FirstWarn_06_10","",""
"Scripts/Content/Story/Dialoge/DIA_MIL_333_Stadtwache.d:121","Aber ich habe vor, mich der Stadtwache anzuschließen!","하지만 나는 도시 경비병에 합류할 계획이다!","","False","DIA_Mil_333_Stadtwache_FirstWarn_15_11","",""
"Scripts/Content/Story/Dialoge/DIA_MIL_333_Stadtwache.d:122","Ha! Dass ich nicht lache! Geh zum anderen Tor und versuch, das DENEN zu verkaufen.","하! 웃기지도 않는군! 다른 문으로 가서 그 소리를 그들에게 해보시지.","","False","DIA_Mil_333_Stadtwache_FirstWarn_06_12","",""
"Scripts/Content/Story/Dialoge/DIA_MIL_333_Stadtwache.d:123","Da war ich schon - sie haben mich zu euch geschickt.","이미 다녀왔다 - 그들이 나를 너희에게 보냈어.","","False","DIA_Mil_333_Stadtwache_FirstWarn_15_13","",""
"Scripts/Content/Story/Dialoge/DIA_MIL_333_Stadtwache.d:124","(lacht dreckig) Oh Mann! Die schicken uns auch immer die Besten ...","(더럽게 웃으며) 오 세상에! 그 자식들도 늘 우리에게 최고들만 보낸단 말이지...","","False","DIA_Mil_333_Stadtwache_FirstWarn_06_14","",""
"Scripts/Content/Story/Dialoge/DIA_MIL_333_Stadtwache.d:130","(ruhig) Was?","(차분하게) 뭐라고?","","False","DIA_Mil_333_Stadtwache_FirstWarn_15_15","",""
"Scripts/Content/Story/Dialoge/DIA_MIL_333_Stadtwache.d:131","Wollte dich nur mal ansehen. Na ja, sieht aus, als ob du Geld hättest. Kannst reingehen.","그냥 네 얼굴 좀 보려고 했다. 음, 돈은 좀 있어 보이는군. 들어가라.","","False","DIA_Mil_333_Stadtwache_FirstWarn_06_16","",""
"Scripts/Content/Story/Dialoge/DIA_MIL_333_Stadtwache.d:171","Hörst du schlecht?! Noch einen Schritt weiter und du kriegst meine Klinge zu spüren!","귀가 먹기라도 했나?! 한 걸음만 더 내디디면 내 칼날 맛을 보게 될 것이다!","","False","DIA_Mil_333_Stadtwache_SecondWarn_06_00","",""
"Scripts/Content/Story/Dialoge/DIA_MIL_333_Stadtwache.d:208","Du hast es so gewollt ...","네가 자초한 일이다...","","False","DIA_Mil_333_Stadtwache_Attack_06_00","",""
"Scripts/Content/Story/Dialoge/DIA_MIL_333_Stadtwache.d:224","Hier sind 100 Goldstücke. Lass mich rein!","여기 100개의 금화가 있다. 들여보내 다오!","","False","DIA_Mil_333_Stadtwache_Bribe.description","",""
"Scripts/Content/Story/Dialoge/DIA_MIL_333_Stadtwache.d:237","Hier sind 100 Goldstücke. Lass mich rein!","여기 100개의 금화가 있다. 들여보내 다오!","","False","DIA_Mil_333_Stadtwache_Bribe_15_00","",""
"Scripts/Content/Story/Dialoge/DIA_MIL_333_Stadtwache.d:241","(gierig) 100 Goldstücke klingen gut. Dann mal immer rein mit dir.","(탐욕스럽게) 100개의 금화라면 솔깃하지. 그럼 어서 들어가라고.","","False","DIA_Mil_333_Stadtwache_Bribe_06_01","",""
"Scripts/Content/Story/Dialoge/DIA_MIL_333_Stadtwache.d:245","Und geh direkt zu Andre! Sonst knöpf ich dir beim nächsten Mal wieder 100 Goldstücke ab!","그리고 곧장 안드레에게 가라! 안 그러면 다음에는 너한테서 100개의 금화를 또 뜯어낼 테니까!","","False","DIA_Mil_333_Stadtwache_Bribe_06_02","",""
"Scripts/Content/Story/Dialoge/DIA_MIL_333_Stadtwache.d:258","Was?! Wo?! Ich sehe keine 100 Goldmünzen. Hau ab!","뭐?! 어디?! 100개의 금화 따위는 안 보여. 꺼져!","","False","DIA_Mil_333_Stadtwache_Bribe_06_03","",""
"Scripts/Content/Story/Dialoge/DIA_MIL_333_Stadtwache.d:288","Weitergehen!","계속 가라!","","False","DIA_Mil_333_Stadtwache_PERM_06_00","",""
"Scripts/Content/Story/Dialoge/DIA_MIL_335_Rumbold.d:34","Was macht ihr hier?","여기서 뭐 하는 거지?","","False","DIA_Rumbold_PrePerm.description","",""
"Scripts/Content/Story/Dialoge/DIA_MIL_335_Rumbold.d:47","Was macht ihr hier?","여기서 뭐 하는 거지?","","False","DIA_Rumbold_PrePerm_15_00","",""
"Scripts/Content/Story/Dialoge/DIA_MIL_335_Rumbold.d:48","Verschwinde! Hast du verstanden?","꺼져라! 내 말 들었나?","","False","DIA_Rumbold_PrePerm_10_01","",""
"Scripts/Content/Story/Dialoge/DIA_MIL_335_Rumbold.d:75","Sieh mal einer an. Noch so eine Witzfigur. Was hast du hier zu suchen, he?","이거 봐라. 또 얼간이 하나가 기어 나왔네. 여기서 뭘 하려는 거냐, 응?","","False","DIA_Rumbold_Hallo_10_00","",""
"Scripts/Content/Story/Dialoge/DIA_MIL_335_Rumbold.d:78","Wer zur Hölle bist du?","너 도대체 누구냐?","","False","DIA_Rumbold_Hallo_10_01","",""
"Scripts/Content/Story/Dialoge/DIA_MIL_335_Rumbold.d:82","Du bist doch einer von diesen dreckigen Söldnern!","너희들 저 더러운 용병 놈들 중 하나로구나!","","False","DIA_Rumbold_Hallo_10_02","",""
"Scripts/Content/Story/Dialoge/DIA_MIL_335_Rumbold.d:87","Ich bin niemand.","난 아무도 아니다.","","False","DIA_Rumbold_Hallo_Info.DIA_Rumbold_HALLO.DIA_Rumbold_HALLO_schwanzeinziehen","Info_AddChoice",""
"Scripts/Content/Story/Dialoge/DIA_MIL_335_Rumbold.d:88","Ich will, daß ihr hier verschwindet.","너희들이 당장 여기서 꺼졌으면 좋겠는데.","","False","DIA_Rumbold_Hallo_Info.DIA_Rumbold_HALLO.DIA_Rumbold_HALLO_verschwindet","Info_AddChoice",""
"Scripts/Content/Story/Dialoge/DIA_MIL_335_Rumbold.d:89","Ich bin euer schlimmster Albtraum!","내가 너희들의 최악의 악몽이다!","","False","DIA_Rumbold_Hallo_Info.DIA_Rumbold_HALLO.DIA_Rumbold_HALLO_Attack","Info_AddChoice",""
"Scripts/Content/Story/Dialoge/DIA_MIL_335_Rumbold.d:94","Ich bin euer schlimmster Albtraum.","내가 너희들의 최악의 악몽이다.","","False","DIA_Rumbold_HALLO_Attack_15_00","",""
"Scripts/Content/Story/Dialoge/DIA_MIL_335_Rumbold.d:95","Du bist ein toter Mann!","너는 오늘 제 무덤을 파는 거다!","","False","DIA_Rumbold_HALLO_Attack_10_01","",""
"Scripts/Content/Story/Dialoge/DIA_MIL_335_Rumbold.d:103","Ich will, dass ihr hier verschwindet.","너희들이 당장 여기서 꺼졌으면 좋겠는데.","","False","DIA_Rumbold_HALLO_verschwindet_15_00","",""
"Scripts/Content/Story/Dialoge/DIA_MIL_335_Rumbold.d:104","So, so. Du willst also, dass wir verschwinden.","그래, 그래. 우리가 꺼졌으면 좋겠단 말씀이지.","","False","DIA_Rumbold_HALLO_verschwindet_10_01","",""
"Scripts/Content/Story/Dialoge/DIA_MIL_335_Rumbold.d:105","(droht) Was passiert denn, wenn wir nicht gehen, hä?","(위협하며) 우리가 안 꺼지면 어떻게 되는데, 헤?","","False","DIA_Rumbold_HALLO_verschwindet_10_02","",""
"Scripts/Content/Story/Dialoge/DIA_MIL_335_Rumbold.d:109","Was muss ich dir zahlen, damit du wieder verschwindest?","너희들이 꺼지게 하려면 얼마나 줘야 하지?","","False","DIA_Rumbold_HALLO_verschwindet.DIA_Rumbold_HALLO.DIA_Rumbold_HALLO_geld","Info_AddChoice",""
"Scripts/Content/Story/Dialoge/DIA_MIL_335_Rumbold.d:110","Dann habt ihr zum letzten Mal den Bauern belästigt.","그렇다면 너희들이 농부를 괴롭히는 것도 오늘이 마지막일 거다.","","False","DIA_Rumbold_HALLO_verschwindet.DIA_Rumbold_HALLO.DIA_Rumbold_HALLO_AufsMaul","Info_AddChoice",""
"Scripts/Content/Story/Dialoge/DIA_MIL_335_Rumbold.d:115","Dann habt ihr zum letzten Mal den Bauern belästigt.","그렇다면 농부를 괴롭히는 것도 오늘이 마지막일 거다.","","False","DIA_Rumbold_HALLO_AufsMaul_15_00","",""
"Scripts/Content/Story/Dialoge/DIA_MIL_335_Rumbold.d:116","Du nimmst dein Maul ganz schön voll, Schwachkopf!","입만 살았구나, 멍청이 자식!","","False","DIA_Rumbold_HALLO_AufsMaul_10_01","",""
"Scripts/Content/Story/Dialoge/DIA_MIL_335_Rumbold.d:124","Was muss ich dir zahlen, damit du wieder verschwindest?","네가 여기서 꺼지려면 얼마를 줘야 하지?","","False","DIA_Rumbold_HALLO_geld_15_00","",""
"Scripts/Content/Story/Dialoge/DIA_MIL_335_Rumbold.d:125","Du willst für Bengar zahlen? Das ist etwas anderes.","벵가르를 대신해서 지불하겠다고? 그건 이야기가 다르지.","","False","DIA_Rumbold_HALLO_geld_10_01","",""
"Scripts/Content/Story/Dialoge/DIA_MIL_335_Rumbold.d:126","Lass mich mal überlegen. Mit allen noch ausstehenden Unkosten schuldet Bengar uns noch 65 Goldmünzen.","어디 보자. 밀린 비용을 전부 합하면 벵가르가 우리에게 65 골드의 빚을 지고 있지.","","False","DIA_Rumbold_HALLO_geld_10_02","",""
"Scripts/Content/Story/Dialoge/DIA_MIL_335_Rumbold.d:127","Entweder du zahlst die Kohle oder du stellst dich ganz leise in die Ecke.","석탄을 내놓든가, 아니면 조용히 구석에 찌그러져 있으라고.","","False","DIA_Rumbold_HALLO_geld_10_03","",""
"Scripts/Content/Story/Dialoge/DIA_MIL_335_Rumbold.d:128","Also. Bist du jetzt Bengars Schatzmeister, oder was?","그래서, 네가 지금 벵가르의 자금 관리인이라도 된다는 건가?","","False","DIA_Rumbold_HALLO_geld_10_04","",""
"Scripts/Content/Story/Dialoge/DIA_MIL_335_Rumbold.d:131","Bist du verrückt? Das ist viel zu viel!","제정신이야? 너무 터무니없는 금액이야!","","False","DIA_Rumbold_HALLO_geld.DIA_Rumbold_HALLO.DIA_Rumbold_HALLO_Geld_TooMuch","Info_AddChoice",""
"Scripts/Content/Story/Dialoge/DIA_MIL_335_Rumbold.d:134","Hier hast das Geld und jetzt verschwinde.","여기 돈이다, 그러니 이제 꺼져.","","False","DIA_Rumbold_HALLO_geld.DIA_Rumbold_HALLO.DIA_Rumbold_HALLO_geld_ok","Info_AddChoice",""
"Scripts/Content/Story/Dialoge/DIA_MIL_335_Rumbold.d:140","Hier hast du das Geld und jetzt verschwinde.","여기 네 돈이야, 그러니 이제 꺼져.","","False","DIA_Rumbold_HALLO_geld_ok_15_00","",""
"Scripts/Content/Story/Dialoge/DIA_MIL_335_Rumbold.d:142","Mir soll's egal sein, wer für Bengar zahlt. Schönen Tag noch. (zu sich selbst) Schwachkopf!","벵가르 대신 누가 내든 난 상관없어. 좋은 하루 보내라고. (혼잣말로) 멍청이 같으니!","","False","DIA_Rumbold_HALLO_geld_ok_10_01","",""
"Scripts/Content/Story/Dialoge/DIA_MIL_335_Rumbold.d:167","Bist du verrückt? Das ist viel zu viel!","제정신이야? 너무 터무니없는 금액이야!","","False","DIA_Rumbold_HALLO_geld_TooMuch_15_00","",""
"Scripts/Content/Story/Dialoge/DIA_MIL_335_Rumbold.d:168","Dann husch leise in deine Ecke!","그럼 네 구석으로 조용히 꺼져!","","False","DIA_Rumbold_HALLO_geld_TooMuch_10_01","",""
"Scripts/Content/Story/Dialoge/DIA_MIL_335_Rumbold.d:174","Ich bin niemand.","난 아무도 아니다.","","False","DIA_Rumbold_HALLO_schwanzeinziehen_15_00","",""
"Scripts/Content/Story/Dialoge/DIA_MIL_335_Rumbold.d:175","Dann geh mir aus dem Weg!","그럼 길에서 비켜!","","False","DIA_Rumbold_HALLO_schwanzeinziehen_10_01","",""
"Scripts/Content/Story/Dialoge/DIA_MIL_335_Rumbold.d:202","Lasst den Bauern in Ruhe!","농부를 내버려둬라!","","False","DIA_Rumbold_FightNow.description","",""
"Scripts/Content/Story/Dialoge/DIA_MIL_335_Rumbold.d:216","Lasst den Bauern in Ruhe!","농부를 내버려둬라!","","False","DIA_Rumbold_FightNow_15_00","",""
"Scripts/Content/Story/Dialoge/DIA_MIL_335_Rumbold.d:217","Du hast wohl was mit den Ohren, Bursche!","이 녀석이 귀가 어떻게 된 모양이네!","","False","DIA_Rumbold_FightNow_10_01","",""
"Scripts/Content/Story/Dialoge/DIA_MIL_335_Rumbold.d:245","Ihr seid ja immer noch da!","너희들, 아직도 여기에 있잖아!","","False","DIA_Rumbold_StillThere.description","",""
"Scripts/Content/Story/Dialoge/DIA_MIL_335_Rumbold.d:259","Ihr seid ja immer noch da!","너희들, 아직도 여기에 있잖아!","","False","DIA_Rumbold_StillThere_15_00","",""
"Scripts/Content/Story/Dialoge/DIA_MIL_335_Rumbold.d:260","So langsam reicht's mir aber mit dir!","너한테 아주 진저리가 나는군!","","False","DIA_Rumbold_StillThere_10_01","",""
"Scripts/Content/Story/Dialoge/DIA_MIL_336_Rick.d:34","Wie sieht's aus?","어떻게 지내나?","","False","DIA_Rick_HALLO.description","",""
"Scripts/Content/Story/Dialoge/DIA_MIL_336_Rick.d:44","Wie sieht's aus?","어떻게 지내나?","","False","DIA_Rick_HALLO_15_00","",""
"Scripts/Content/Story/Dialoge/DIA_MIL_336_Rick.d:45","Wenn du reden willst, rede mit Rumbold. Ich bin nur hier, falls jemand Ärger macht.","할 말이 있으면 룸볼트한테 해. 난 누군가 말썽을 피울 때를 대비해서 여기 있는 거니까.","","False","DIA_Rick_HALLO_10_01","",""
"Scripts/Content/Story/Dialoge/DIA_MIL_337_Mika.d:77","Hey, hey. Nicht so schnell. Alleine hier draußen herum zu spazieren ist gefährlich. Wo kommst du denn her?","이봐, 이봐. 그렇게 서두르지 마. 혼자서 이 바깥을 돌아다니는 건 위험하다고. 대체 어디서 온 거야?","","False","DIA_Mika_WOHIN_12_00","",""
"Scripts/Content/Story/Dialoge/DIA_MIL_337_Mika.d:81","Das geht dich nichts an.","네가 알 바 아니야.","","False","DIA_Mika_WOHIN_Info.DIA_Mika_WOHIN.DIA_Mika_WOHIN_weg","Info_AddChoice",""
"Scripts/Content/Story/Dialoge/DIA_MIL_337_Mika.d:82","Von einem der Bauernhöfe.","농장 중 한 곳에서.","","False","DIA_Mika_WOHIN_Info.DIA_Mika_WOHIN.DIA_Mika_WOHIN_Bauern","Info_AddChoice",""
"Scripts/Content/Story/Dialoge/DIA_MIL_337_Mika.d:83","Aus der Stadt.","도시에서.","","False","DIA_Mika_WOHIN_Info.DIA_Mika_WOHIN.DIA_Mika_WOHIN_stadt","Info_AddChoice",""
"Scripts/Content/Story/Dialoge/DIA_MIL_337_Mika.d:88","Aus der Stadt!","도시에서!","","False","DIA_Mika_WOHIN_stadt_15_00","",""
"Scripts/Content/Story/Dialoge/DIA_MIL_337_Mika.d:89","So so. Was streifst du dann hier draußen so weit vor der schützenden Stadtmauer herum?","그렇군. 그런데 왜 안전한 성벽에서 멀리 떨어진 이런 바깥을 돌아다니고 있는 거지?","","False","DIA_Mika_WOHIN_stadt_12_01","",""
"Scripts/Content/Story/Dialoge/DIA_MIL_337_Mika.d:96","Von einem der Bauernhöfe.","농장 중 한 곳에서.","","False","DIA_Mika_WOHIN_Bauern_15_00","",""
"Scripts/Content/Story/Dialoge/DIA_MIL_337_Mika.d:97","Ein Bauer also. Hmm. Dann solltest du besser nicht alleine über die gefährlichen Feldwege spazieren. Wer weiß, wer dir hier auflauern könnte.","농부라는 소리군. 흠. 그렇다면 혼자서 위험한 오솔길을 돌아다니지 않는 게 좋을걸. 누가 숨어서 너를 노리고 있을지 모르니까.","","False","DIA_Mika_WOHIN_Bauern_12_01","",""
"Scripts/Content/Story/Dialoge/DIA_MIL_337_Mika.d:104","Geht dich nichts an.","네가 상관할 바 아니야.","","False","DIA_Mika_WOHIN_weg_15_00","",""
"Scripts/Content/Story/Dialoge/DIA_MIL_337_Mika.d:105","Wie du meinst. Aber jammere nachher nicht, wenn sie dir die Haut abziehen. Schönen Tag noch.","마음대로 해. 하지만 나중에 가죽이 벗겨져도 징징대지 마시지. 좋은 하루 보내라고.","","False","DIA_Mika_WOHIN_weg_12_01","",""
"Scripts/Content/Story/Dialoge/DIA_MIL_337_Mika.d:119","Was ist hier draußen so gefährlich?","여기 밖이 왜 그렇게 위험하지?","","False","DIA_Mika_WASGEFAEHRLICH.description","",""
"Scripts/Content/Story/Dialoge/DIA_MIL_337_Mika.d:129","Was ist hier draußen so gefährlich?","여기 밖이 왜 그렇게 위험하지?","","False","DIA_Mika_WASGEFAEHRLICH_15_00","",""
"Scripts/Content/Story/Dialoge/DIA_MIL_337_Mika.d:130","Vieles.","많지.","","False","DIA_Mika_WASGEFAEHRLICH_12_01","",""
"Scripts/Content/Story/Dialoge/DIA_MIL_337_Mika.d:133","Da wären zum einen die Banditen. So eine lausige Figur wie dich verputzen die zum Frühstück.","일단 첫째로는 산적들이 있어. 너 같은 시시한 녀석들은 아침 식사거리로도 안성맞춤이지.","","False","DIA_Mika_WASGEFAEHRLICH_12_02","",""
"Scripts/Content/Story/Dialoge/DIA_MIL_337_Mika.d:134","Wenn dich die Banditen nicht erwischen, dann besorgen das die wilden Tiere im Wald oder die herumstreunenden Söldner.","산적들이 네 눈에 띄지 않는다면, 숲속의 야수들이나 이곳을 돌아다니는 용병들이 널 처리해 줄 거야.","","False","DIA_Mika_WASGEFAEHRLICH_12_03","",""
"Scripts/Content/Story/Dialoge/DIA_MIL_337_Mika.d:135","Also, besorg dir erstmal eine vernünftige Rüstung, bevor du raus gehst.","그러니 밖으로 나가기 전에 쓸만한 방어구부터 하나 마련하라고.","","False","DIA_Mika_WASGEFAEHRLICH_12_04","",""
"Scripts/Content/Story/Dialoge/DIA_MIL_337_Mika.d:138","Ich wette, dass du nach der nächsten Wegbiegung schon nach meiner Hilfe schreist.","장담하건대, 다음 모퉁이만 돌면 내 도움을 애타게 찾게 될걸.","","False","DIA_Mika_WASGEFAEHRLICH_12_05","",""
"Scripts/Content/Story/Dialoge/DIA_MIL_337_Mika.d:150","Mal angenommen, ich würde deine Hilfe in Anspruch nehmen.","만약 네 도움을 받는다고 가정해 보자.","","False","DIA_Mika_WASKOSTETHILFE.description","",""
"Scripts/Content/Story/Dialoge/DIA_MIL_337_Mika.d:163","Mal angenommen, ich würde deine Hilfe in Anspruch nehmen. Was würde mich das kosten?","만약 네 도움을 받는다고 가정해 보자. 비용은 얼마나 들지?","","False","DIA_Mika_WASKOSTETHILFE_15_00","",""
"Scripts/Content/Story/Dialoge/DIA_MIL_337_Mika.d:164","Ich bin nur ein bescheidener Diener des Königs und würde nur sehr ungern einen kleinen hilflosen Bürger des Reiches schröpfen.","난 단지 국왕의 겸손한 하인일 뿐이고, 제국의 힘없는 시민을 쥐어짜고 싶지는 않거든.","","False","DIA_Mika_WASKOSTETHILFE_12_01","",""
"Scripts/Content/Story/Dialoge/DIA_MIL_337_Mika.d:165","Aber weißt du, wenn du mich so fragst, hätte ich nichts gegen eine kleine Starthilfe für unsere zukünftigen Geschäftsbeziehungen einzuwenden.","하지만 네가 그렇게 물어본다면야, 우리의 향후 비즈니스 관계를 위한 작은 마중물 정도는 마다하지 않겠어.","","False","DIA_Mika_WASKOSTETHILFE_12_02","",""
"Scripts/Content/Story/Dialoge/DIA_MIL_337_Mika.d:166","10 Goldmünzen sollten für den Anfang reichen. Was meinst du?","10 골드면 시작하기에 충분할 거야. 어떻게 생각하지?","","False","DIA_Mika_WASKOSTETHILFE_12_03","",""
"Scripts/Content/Story/Dialoge/DIA_MIL_337_Mika.d:170","Ich denke darüber nach.","생각해 보겠어.","","False","DIA_Mika_WASKOSTETHILFE_Info.DIA_Mika_WASKOSTETHILFE.DIA_Mika_WASKOSTETHILFE_nochnicht","Info_AddChoice",""
"Scripts/Content/Story/Dialoge/DIA_MIL_337_Mika.d:171","Warum nicht? Hier hast du die 10 Münzen.","왜 안 되겠어? 여기 10 골드가 있어.","","False","DIA_Mika_WASKOSTETHILFE_Info.DIA_Mika_WASKOSTETHILFE.DIA_Mika_WASKOSTETHILFE_ja","Info_AddChoice",""
"Scripts/Content/Story/Dialoge/DIA_MIL_337_Mika.d:176","Warum nicht? Hier hast du die 10 Münzen.","왜 안 되겠어? 여기 10 골드가 있어.","","False","DIA_Mika_WASKOSTETHILFE_ja_15_00","",""
"Scripts/Content/Story/Dialoge/DIA_MIL_337_Mika.d:180","Großartig. Wenn du meine Hilfe brauchst, weißt du ja, wo du mich findest.","아주 좋아. 내 도움이 필요하면 내가 어디에 있는지 알겠지.","","False","DIA_Mika_WASKOSTETHILFE_ja_12_01","",""
"Scripts/Content/Story/Dialoge/DIA_MIL_337_Mika.d:181","Aber tu mir bitte einen Gefallen, komm mir nicht mit irgendwelchen Lappalien. Das kann ich nicht leiden, hörst du??","하지만 부탁 하나만 하지, 시시콜콜한 일로 나를 귀찮게 하지 마. 그런 건 딱 질색이거든, 알겠나??","","False","DIA_Mika_WASKOSTETHILFE_ja_12_02","",""
"Scripts/Content/Story/Dialoge/DIA_MIL_337_Mika.d:187","Du hast das Geld überhaupt nicht. Ich glaube, du denkst besser noch mal darüber nach, ob du meine Hilfe wirklich willst.","돈이 전혀 없잖아. 내 도움이 정말로 필요한지 다시 한번 생각해 보는 게 좋을걸.","","False","DIA_Mika_WASKOSTETHILFE_ja_12_03","",""
"Scripts/Content/Story/Dialoge/DIA_MIL_337_Mika.d:195","Ich denke darüber nach.","생각해 보겠어.","","False","DIA_Mika_WASKOSTETHILFE_nochnicht_15_00","",""
"Scripts/Content/Story/Dialoge/DIA_MIL_337_Mika.d:196","Wie du willst. Ich wünsche dir einen schönen Tod.","마음대로 해. 고통 없는 죽음을 맞이하길 바라지.","","False","DIA_Mika_WASKOSTETHILFE_nochnicht_12_01","",""
"Scripts/Content/Story/Dialoge/DIA_MIL_337_Mika.d:211","Ich hab´s mir überlegt. Ich zahle dir die 10 Goldmünzen.","생각해 봤어. 10 골드를 지불할게.","","False","DIA_Mika_UEBERLEGT.description","",""
"Scripts/Content/Story/Dialoge/DIA_MIL_337_Mika.d:225","Ich hab's mir überlegt. Ich zahle dir die 10 Goldmünzen.","생각해 봤어. 10 골드를 지불할게.","","False","DIA_Mika_UEBERLEGT_15_00","",""
"Scripts/Content/Story/Dialoge/DIA_MIL_337_Mika.d:229","Wunderbar. Lieber spät als nie. Und nun?","훌륭해. 안 하는 것보다는 낫지. 그래서?","","False","DIA_Mika_UEBERLEGT_12_01","",""
"Scripts/Content/Story/Dialoge/DIA_MIL_337_Mika.d:235","(verärgert) Komm wieder, wenn du das Geld hast.","(짜증 내며) 돈이 생기면 다시 오라고.","","False","DIA_Mika_UEBERLEGT_12_02","",""
"Scripts/Content/Story/Dialoge/DIA_MIL_337_Mika.d:250","Ich brauche deine Hilfe.","너의 도움이 필요해.","","False","DIA_Mika_HILFE.description","",""
"Scripts/Content/Story/Dialoge/DIA_MIL_337_Mika.d:263","Ich brauche deine Hilfe.","너의 도움이 필요해.","","False","DIA_Mika_HILFE_15_00","",""
"Scripts/Content/Story/Dialoge/DIA_MIL_337_Mika.d:264","Wenn's unbedingt sein muss. Was ist los?","정 그렇다면야. 무슨 일이지?","","False","DIA_Mika_HILFE_12_01","",""
"Scripts/Content/Story/Dialoge/DIA_MIL_337_Mika.d:268","Ich werde von Banditen verfolgt.","산적들이 나를 쫓고 있어.","","False","DIA_Mika_HILFE_Info.DIA_Mika_HILFE.DIA_Mika_HILFE_schongut","Info_AddChoice",""
"Scripts/Content/Story/Dialoge/DIA_MIL_337_Mika.d:269","Ich werde von Monstern angegriffen.","괴물들이 나를 공격하고 있어.","","False","DIA_Mika_HILFE_Info.DIA_Mika_HILFE.DIA_Mika_HILFE_monster","Info_AddChoice",""
"Scripts/Content/Story/Dialoge/DIA_MIL_337_Mika.d:275","Der Bauer Akil wird von Söldnern angegriffen.","아킬 농부가 용병들에게 공격을 받고 있어.","","False","DIA_Mika_HILFE_Info.DIA_Mika_HILFE.DIA_Mika_HILFE_Akil","Info_AddChoice",""
"Scripts/Content/Story/Dialoge/DIA_MIL_337_Mika.d:281","Der Bauer Akil wird von Söldnern angegriffen.","아킬 농부가 용병들에게 공격을 받고 있어.","","False","DIA_Mika_HILFE_Akil_15_00","",""
"Scripts/Content/Story/Dialoge/DIA_MIL_337_Mika.d:282","(aufgeregt) Was? Das Lumpenpack treibt sich auf Akils Hof herum? Dann lass uns keine Zeit verlieren. Folge mir.","(흥분하며) 뭐라고? 그 쓰레기들이 아킬의 농장을 활개 치고 다닌단 말이야? 그럼 낭비할 시간이 없어. 날 따라와.","","False","DIA_Mika_HILFE_Akil_12_01","",""
"Scripts/Content/Story/Dialoge/DIA_MIL_337_Mika.d:294","Ich werde von Monstern angegriffen.","괴물들이 나를 공격하고 있어.","","False","DIA_Mika_HILFE_monster_15_00","",""
"Scripts/Content/Story/Dialoge/DIA_MIL_337_Mika.d:295","Im Moment sehe ich aber gar keine Monster. Das bildest du dir sicher bloß ein.","하지만 지금 내 눈에는 괴물 같은 건 전혀 보이지 않는데. 네가 그냥 상상한 거겠지.","","False","DIA_Mika_HILFE_monster_12_01","",""
"Scripts/Content/Story/Dialoge/DIA_MIL_337_Mika.d:302","Ich werde von Banditen verfolgt.","산적들이 나를 쫓고 있어.","","False","DIA_Mika_HILFE_schongut_15_00","",""
"Scripts/Content/Story/Dialoge/DIA_MIL_337_Mika.d:303","Tatsächlich? Wo sind sie denn? Wenn du verfolgt wirst, müsste ich doch wenigstens einen von ihnen sehen, oder?","정말? 그들은 어디 있지? 네가 쫓기고 있다면 적어도 그중 한 명은 보여야 하는 거 아니야?","","False","DIA_Mika_HILFE_schongut_12_01","",""
"Scripts/Content/Story/Dialoge/DIA_MIL_337_Mika.d:331","Jetzt pass mal auf, wie das geht.","자, 어떻게 하는지 잘 보라고.","","False","DIA_Mika_Zack_12_00","",""
"Scripts/Content/Story/Dialoge/DIA_MIL_337_Mika.d:374","So. Die Geschichte hat sich wohl erledigt. Ich geh dann mal.","좋아. 이 일은 이만하면 된 것 같군. 난 가보겠어.","","False","DIA_Mika_WIEDERNACHHAUSE_12_00","",""
"Scripts/Content/Story/Dialoge/DIA_MIL_337_Mika.d:428","Alles ruhig?","모두 별일 없나?","","False","DIA_Mika_Kap3u4u5_PERM.description","",""
"Scripts/Content/Story/Dialoge/DIA_MIL_337_Mika.d:444","Alles ruhig?","모두 별일 없나?","","False","DIA_Mika_Kap3u4u5_PERM_15_00","",""
"Scripts/Content/Story/Dialoge/DIA_MIL_337_Mika.d:445","Du lebst ja immer noch. Alle Achtung.","아직도 살아서 돌아다니고 있네. 감탄스러워.","","False","DIA_Mika_Kap3u4u5_PERM_12_01","",""
