"location","source","target","id","fuzzy","context","translator_comments","developer_comments"
"Scripts/Content/Story/B_AssignAmbientInfos/B_Addon_GivePotion.d:12","(Heiltrank geben)","(치유 포션 주기)","","False","DIA_Addon_GivePotion.description","",""
"Scripts/Content/Story/B_AssignAmbientInfos/B_Addon_GivePotion.d:35","(Elixier der Heilung geben)","(치유의 영약 주기)","","False","DIA_Addon_GivePotion_Info.DIA_Addon_GivePotion.DIA_Addon_GivePotion_ItPo_Health_03","Info_AddChoice",""
"Scripts/Content/Story/B_AssignAmbientInfos/B_Addon_GivePotion.d:40","(Extrakt der Heilung geben)","(치유의 추출물 주기)","","False","DIA_Addon_GivePotion_Info.DIA_Addon_GivePotion.DIA_Addon_GivePotion_ItPo_Health_02","Info_AddChoice",""
"Scripts/Content/Story/B_AssignAmbientInfos/B_Addon_GivePotion.d:45","(Essenz der Heilung geben)","(치유의 정수 주기)","","False","DIA_Addon_GivePotion_Info.DIA_Addon_GivePotion.DIA_Addon_GivePotion_ItPo_Health_01","Info_AddChoice",""
"Scripts/Content/Story/B_AssignAmbientInfos/B_Addon_GivePotion.d:52","Hier, nimm den Heiltrank.","자, 치유 포션 받아.","","False","DIA_Addon_Brandon_GivePotion_15_00","",""
"Scripts/Content/Story/B_AssignAmbientInfos/B_Addon_Myxir_TeachRequest.d:6","Lehre mich die fremde Sprache.","고대의 언어를 가르쳐 주십시오.","","False","DIA_Addon_Myxir_TeachRequest_15_00","",""
"Scripts/Content/Story/B_AssignAmbientInfos/B_Addon_Myxir_TeachRequest.d:11","Fangen wir erst einmal einfach an. Ich kann dich zu Anfang die Sprache der Bauern lehren.","그럼 가장 쉬운 것부터 시작하지. 우선 농민의 언어를 가르쳐 줄 수 있네.","","False","DIA_Addon_Myxir_TeachL1_12_00","",""
"Scripts/Content/Story/B_AssignAmbientInfos/B_Addon_Myxir_TeachRequest.d:12","Texte, die in der Sprache der Bauern geschrieben sind, handeln in der Regel von weltlichen Belangen, wie Arbeit, Liebe oder die Beschaffung von Lebensmitteln.","일반적으로 농민의 언어로 쓰인 문헌은 노동, 사랑, 또는 음식 구하기 같은 세속적인 일들을 다루고 있지.","","False","DIA_Addon_Myxir_TeachL1_12_01","",""
"Scripts/Content/Story/B_AssignAmbientInfos/B_Addon_Myxir_TeachRequest.d:13","Es war die gemeine Sprache der Stadt. Die meisten Texte, die man hier findet, wirst du damit verstehen können.","그것은 도시의 공용어였다. 여기서 발견되는 대부분의 문서는 그것을 통해 이해할 수 있을 것이다.","","False","DIA_Addon_Myxir_TeachL1_12_02","",""
"Scripts/Content/Story/B_AssignAmbientInfos/B_Addon_Myxir_TeachRequest.d:18","Die Sprache der Bauern kennst du ja bereits. Die Sprache der Krieger ist schon etwas schwieriger.","농부들의 문서는 이미 알고 있겠지. 전사들의 문서는 조금 더 어렵다.","","False","DIA_Addon_Myxir_TeachL2_12_00","",""
"Scripts/Content/Story/B_AssignAmbientInfos/B_Addon_Myxir_TeachRequest.d:19","Texte, die in der Sprache der Krieger geschrieben wurden, handeln meistens von Waffen und dem Krieg. Du wirst einige für dich nützliche Dinge dort erfahren.","전사들의 언어로 쓰인 문서는 대개 무기와 전쟁을 다루고 있다. 그곳에서 너에게 유용한 몇 가지 사실을 알게 될 것이다.","","False","DIA_Addon_Myxir_TeachL2_12_01","",""
"Scripts/Content/Story/B_AssignAmbientInfos/B_Addon_Myxir_TeachRequest.d:24","Die hohe Sprache der Priester ist wahrhaftig sehr schwer zu verstehen. Aber ich kann sie dir gerne zeigen.","사제들의 고등 언어는 참으로 이해하기 매우 어렵다. 하지만 기꺼이 가르쳐 주마.","","False","DIA_Addon_Myxir_TeachL3_12_00","",""
"Scripts/Content/Story/B_AssignAmbientInfos/B_Addon_Myxir_TeachRequest.d:25","In der Sprache der Priester sind vor allem heilige Schriften verfasst, die die Geschichte und Magie der Erbauer erklären.","사제들의 언어로는 무엇보다 창조자들의 역사와 마법을 설명하는 신성한 문서들이 기록되어 있다.","","False","DIA_Addon_Myxir_TeachL3_12_01","",""
"Scripts/Content/Story/B_AssignAmbientInfos/B_Addon_Myxir_TeachRequest.d:26","Jeder dieser Texte ist eine wahre Kostbarkeit, wenn man ihren Sinn versteht.","그 의미를 이해한다면 이 문서들 하나하나가 진정한 보물이다.","","False","DIA_Addon_Myxir_TeachL3_12_02","",""
"Scripts/Content/Story/B_AssignAmbientInfos/B_Addon_Myxir_TeachRequest.d:31","Es gibt nichts mehr, was ich dir noch zeigen könnte. Du beherrschst jetzt die Sprache der Erbauer.","내가 너에게 더 가르쳐 줄 것은 없다. 너는 이제 창조자들의 언어를 통달했다.","","False","DIA_Addon_Myxir_TeachNoMore_12_00","",""
"Scripts/Content/Story/B_AssignAmbientInfos/B_Addon_Myxir_TeachRequest.d:36","Geh hin und erprobe dein neues Wissen. Du wirst sehen, dass die Schriften der Erbauer nicht länger ein unlösbares Rätsel für dich sind.","가서 네 새로운 지식을 시험해 보아라. 창조자들의 문서가 더 이상 너에게 풀리지 않는 수수께끼가 아니라는 것을 알게 될 것이다.","","False","DIA_Addon_Myxir_Teach_LANGUAGE_X_12_00","",""
"Scripts/Content/Story/B_AssignAmbientInfos/B_Addon_Riordian_TeachWisp.d:6","Zeig mir, wie ich mein Irrlicht unterrichte.","내 도깨비불을 가르치는 법을 보여 다오.","","False","DIA_Addon_Riordian_Teach_15_00","",""
"Scripts/Content/Story/B_AssignAmbientInfos/B_Addon_Riordian_TeachWisp.d:11","Nun kann dein Irrlicht schon einige Dinge mehr finden, die dir nützen.","이제 네 도깨비불은 너에게 유용한 물건들을 몇 가지 더 찾을 수 있다.","","False","DIA_Addon_Riordian_Teach_WISPSKILL_X_10_00","",""
"Scripts/Content/Story/B_AssignAmbientInfos/B_Addon_Riordian_TeachWisp.d:16","Dein Irrlicht sucht nun nach allen Gegenständen, die sich zu finden lohnen. Ich kann dir nichts mehr zeigen.","이제 네 도깨비불은 찾을 가치가 있는 모든 물건을 찾을 것이다. 내가 더 가르쳐 줄 것은 없다.","","False","DIA_Addon_Riordian_Teach1_10_00","",""
"Scripts/Content/Story/B_AssignAmbientInfos/B_Addon_Riordian_TeachWisp.d:21","Wonach soll dein Irrlicht denn suchen?","도깨비불이 무엇을 찾기를 바라느냐?","","False","DIA_Addon_Riordian_Teach2_10_00","",""
"Scripts/Content/Story/B_AssignAmbientInfos/B_AkilsSchaf_KommMit.d:10","Komm mit!","나와 함께 가자!","","False","DIA_AkilsSchaf_KommMit.description","",""
"Scripts/Content/Story/B_AssignAmbientInfos/B_Announce_Herold.d:20","Hört, ihr Bewohner von Khorinis! Auf ausdrückliche Anordnung des ehrenwerten Lord Hagens ergeht folgender Erlass.","코리니스의 주민들이여 들으라! 존경받는 헤이건 경의 엄명에 따라 다음과 같은 칙령을 선포한다.","","False","DIA_Herold_Announce_04_00","",""
"Scripts/Content/Story/B_AssignAmbientInfos/B_Announce_Herold.d:27","Aufgrund der allgemeinen Lage zu eurem eigenen Schutz sind die Wälder und Wildnis in der Umgebung der Stadt zu meiden!","전반적인 상황으로 보아, 여러분 자신의 안전을 위해 도시 주변의 숲과 황야는 피해야 한다!","","False","DIA_Herold_Announce_04_01","",""
"Scripts/Content/Story/B_AssignAmbientInfos/B_Announce_Herold.d:28","Des weiteren ist jeglicher Kontakt zu den aufständischen Bauernschaften in den umliegenden Gebieten strengstens untersagt.","뿐만 아니라 주변 지역의 반란을 일으킨 농민들과의 모든 접촉은 엄격히 금지된다.","","False","DIA_Herold_Announce_04_02","",""
"Scripts/Content/Story/B_AssignAmbientInfos/B_Announce_Herold.d:32","Ab sofort wird Lord Andre den Oberbefehl für unsere Miliz übernehmen.","지금 이 순간부터 안드레 경이 우리 민병대의 최고 지휘권을 인수할 것이다.","","False","DIA_Herold_Announce_04_03","",""
"Scripts/Content/Story/B_AssignAmbientInfos/B_Announce_Herold.d:33","Alle Bürger dieser Stadt, die über kämpferische Fähigkeiten verfügen, werden hiermit angehalten, der königlichen Miliz beizutreten.","전투 능력을 갖춘 이 도시의 모든 시민은 왕실 민병대에 입대할 것을 엄중히 촉구하는 바이다.","","False","DIA_Herold_Announce_04_04","",""
"Scripts/Content/Story/B_AssignAmbientInfos/B_Announce_Herold.d:37","Die Sicherheitsmaßnahmen zum Schutz des oberen Viertels werden noch weiter verstärkt.","상층 구역 보호를 위한 보안 조치는 더욱 강화될 것이다.","","False","DIA_Herold_Announce_04_05","",""
"Scripts/Content/Story/B_AssignAmbientInfos/B_Announce_Herold.d:38","Die Torwachen sind angewiesen, das Gesetz in aller Strenge auszulegen, um unerlaubtes Eindringen zu verhindern.","문지기들은 무단 침입을 막기 위해 법을 가장 엄격하게 적용하도록 지시받았다.","","False","DIA_Herold_Announce_04_06","",""
"Scripts/Content/Story/B_AssignAmbientInfos/B_Announce_Herold.d:42","In allen Städten und Landstrichen des Reiches ist ab sofort das Kriegsrecht ausgerufen.","제국의 모든 도시와 지역에 즉시 계엄령이 선포된다.","","False","DIA_Herold_Announce_04_07","",""
"Scripts/Content/Story/B_AssignAmbientInfos/B_Announce_Herold.d:43","Alle bürgerlichen Richter haben mit sofortiger Wirkung ihre Aufgaben an die königlichen Paladine zu übertragen.","모든 민간 판사들은 즉시 왕립 팔라딘들에게 업무를 인계해야 한다.","","False","DIA_Herold_Announce_04_08","",""
"Scripts/Content/Story/B_AssignAmbientInfos/B_Announce_Herold.d:44","Der ehrenwerte Lord Andre ist angewiesen worden, jegliches Vergehen oder Widerstand gegen die Garde des Königs aufs Schwerste zu bestrafen.","존경하는 안드레 경은 왕의 근위대에 대한 모든 범죄나 저항을 가장 엄중하게 처벌하도록 지시받았다.","","False","DIA_Herold_Announce_04_09","",""
"Scripts/Content/Story/B_AssignAmbientInfos/B_Announce_Herold.d:45","Jeder Bewohner von Khorinis, der sich eines Verbrechens schuldig macht, hat sich umgehend bei Lord Andre zu melden.","범죄를 저지른 코리니스의 모든 주민은 즉시 안드레 경에게 보고해야 한다.","","False","DIA_Herold_Announce_04_10","",""
"Scripts/Content/Story/B_AssignAmbientInfos/B_Announce_Herold.d:49","Jeder Bewohner der Stadt hat sich auf Grund der drohenden Gefahr eines Orkangriffs entsprechend vorzubereiten.","오크의 습격 위험이 임박함에 따라 도시의 모든 주민은 그에 상응하는 대비를 해야 한다.","","False","DIA_Herold_Announce_04_11","",""
"Scripts/Content/Story/B_AssignAmbientInfos/B_Announce_Herold.d:50","Jeder hat sich ab sofort in den Fertigkeiten des Kampfes zu üben und sich angemessen zu bewaffnen.","모든 이들은 지금 당장 전투 기술을 연마하고 적절히 무장해야 한다.","","False","DIA_Herold_Announce_04_12","",""
"Scripts/Content/Story/B_AssignAmbientInfos/B_Announce_Herold.d:57","Der Söldnerschmied Bennet, der den Paladin Lothar heimtückisch ermordet hat, ist im Namen Innos' verurteilt worden.","팔라딘 로타르를 비겁하게 살해한 용병 대장장이 베넷이 이노스의 이름으로 선고를 받았다.","","False","DIA_Herold_Announce_04_13","",""
"Scripts/Content/Story/B_AssignAmbientInfos/B_Announce_Herold.d:58","Das Urteil lautet Tod durch den Strick. Die Vollstreckung erfolgt in wenigen Tagen.","형량은 교수형이다. 집행은 며칠 내로 이루어질 것이다.","","False","DIA_Herold_Announce_04_14","",""
"Scripts/Content/Story/B_AssignAmbientInfos/B_Announce_Herold.d:62","Der Schmied Bennet wird freigesprochen, da seine Unschuld von einem klugen Berater Lord Hagens bewiesen wurde.","대장장이 베넷은 헤이건 경의 현명한 참모에 의해 무죄가 입증되었으므로 석방된다.","","False","DIA_Herold_Announce_04_15","",""
"Scripts/Content/Story/B_AssignAmbientInfos/B_Announce_Herold.d:67","Den aufkommenden Gerüchten über das Erscheinen von Drachen im Minental von Khorinis ist kein Glaube zu schenken.","코리니스의 광산 계곡에 드래곤이 나타났다는 소문은 믿을 수 없다.","","False","DIA_Herold_Announce_04_16","",""
"Scripts/Content/Story/B_AssignAmbientInfos/B_Announce_Herold.d:68","Die Gerüchte sind vom Feind gestreut worden, um das tapfere Volk von Myrtana in Angst und Schrecken zu versetzen.","그 소문은 용감한 미르타나 백성들에게 공포와 두려움을 심어주기 위해 적들이 퍼뜨린 것이다.","","False","DIA_Herold_Announce_04_17","",""
"Scripts/Content/Story/B_AssignAmbientInfos/B_Announce_Herold.d:69","Um die lächerlichen Behauptungen zu widerlegen, ist ein Trupp tapferer Paladine unter dem Befehl eines Ortskundigen ins Minental aufgebrochen.","터에 밝은 이의 지휘 아래 용감한 팔라딘 부대가 그 터무니없는 주장을 반박하기 위해 광산 계곡으로 출발했다.","","False","DIA_Herold_Announce_04_18","",""
"Scripts/Content/Story/B_AssignAmbientInfos/B_Announce_Herold.d:76","Die Drachen, die das Land bedrohten, wurden von tapferen Männern unter dem Befehl von Lord Hagen besiegt.","랜드를 위협하던 드래곤들은 헤이건 경의 지휘 아래 용감한 사나이들에 의해 토벌되었다.","","False","DIA_Herold_Announce_04_19","",""
"Scripts/Content/Story/B_AssignAmbientInfos/B_Announce_Herold.d:77","Bald wird auch König Rohbar das Land von den Orks befreit haben und das Königreich wird in neuem Glanz aufblühen!","곧 국왕 로바르도 랜드에서 오크들을 몰아낼 것이며 왕국은 새로운 영광 속에서 번영할 것이다!","","False","DIA_Herold_Announce_04_20","",""
"Scripts/Content/Story/B_AssignAmbientInfos/B_Announce_Herold.d:81","Lord Andre erhält mit sofortiger Wirkung den Oberbefehl über die Stadt Khorinis.","안드레 경이 즉시 코리니스 시의 최고 지휘권을 인수한다.","","False","DIA_Herold_Announce_04_21","",""
"Scripts/Content/Story/B_AssignAmbientInfos/B_Announce_Herold.d:82","Lord Hagen hat verkündet, nun selbst ins Minental zu ziehen, um dafür zu sorgen, dass sein Schiff mit dem magischen Erz beladen werden kann.","헤이건 경은 마법 광석을 배에 실을 수 있도록 직접 광산 계곡으로 가겠다고 선언했다.","","False","DIA_Herold_Announce_04_22","",""
"Scripts/Content/Story/B_AssignAmbientInfos/B_AssignAmbientInfos_Addon_BL_BDT_1.d:32","Wer hat hier das Sagen?","여기서 대장 누구야?","","False","DIA_Addon_BL_BDT_1_Chef.description","",""
"Scripts/Content/Story/B_AssignAmbientInfos/B_AssignAmbientInfos_Addon_BL_BDT_1.d:42","Wer hat hier das Sagen?","여기서 대장 누구야?","","False","DIA_Addon_BL_BDT_1_Chef_15_00","",""
"Scripts/Content/Story/B_AssignAmbientInfos/B_AssignAmbientInfos_Addon_BL_BDT_1.d:48","Soviele Anführer kommen und gehen ... da verliert man schon mal den Überblick.","너무 많은 리더들이 오가니... 누가 누구인지 헷갈릴 지경이지.","","False","DIA_Addon_BL_BDT_1_Chef_01_01","",""
"Scripts/Content/Story/B_AssignAmbientInfos/B_AssignAmbientInfos_Addon_BL_BDT_1.d:52","Ich glaube, Thorus ist jetzt unser Chef ...","내 생각엔 토러스가 우리 대장인 것 같아...","","False","DIA_Addon_BL_BDT_1_Chef_01_02","",""
"Scripts/Content/Story/B_AssignAmbientInfos/B_AssignAmbientInfos_Addon_BL_BDT_1.d:57","Raven ist unser Anführer. Er hat uns hergeführt und das Lager aufgebaut.","레이븐이 우리의 지도자야. 그가 우리를 이곳으로 데려와 캠프를 세웠지.","","False","DIA_Addon_BL_BDT_1_Chef_01_03","",""
"Scripts/Content/Story/B_AssignAmbientInfos/B_AssignAmbientInfos_Addon_BL_BDT_1.d:58","Er kontrolliert die Mine, denn sonst hätten sich die Hunde längst wegen dem Gold umgebracht.","그가 광산을 통제하고 있어. 그렇지 않았다면 이 개자식들은 진작에 금 때문에 서로를 죽였을걸.","","False","DIA_Addon_BL_BDT_1_Chef_01_04","",""
"Scripts/Content/Story/B_AssignAmbientInfos/B_AssignAmbientInfos_Addon_BL_BDT_1.d:70","Was weißt du über das Lager?","캠프에 대해 아는 게 있나?","","False","DIA_Addon_BL_BDT_1_Lager.description","",""
"Scripts/Content/Story/B_AssignAmbientInfos/B_AssignAmbientInfos_Addon_BL_BDT_1.d:84","Was weißt du über das Lager?","캠프에 대해 아는 게 있나?","","False","DIA_Addon_BL_BDT_1_Lager_15_00","",""
"Scripts/Content/Story/B_AssignAmbientInfos/B_AssignAmbientInfos_Addon_BL_BDT_1.d:85","Nachdem klar war, dass es hier eine Goldmine gibt, haben sich die Penner wohl ganz schön auf's Maul gehauen.","여기에 금광이 있다는 게 밝혀진 후로 이 쓰레기들은 꽤나 피터지게 싸워댔지.","","False","DIA_Addon_BL_BDT_1_Lager_01_01","",""
"Scripts/Content/Story/B_AssignAmbientInfos/B_AssignAmbientInfos_Addon_BL_BDT_1.d:86","Raven hat dann die Schlimmsten von ihnen umgebracht und den Rest aus der Mine geworfen.","레이븐이 그중 최악인 녀석들을 죽이고 나머지는 광산에서 쫓아냈어.","","False","DIA_Addon_BL_BDT_1_Lager_01_02","",""
"Scripts/Content/Story/B_AssignAmbientInfos/B_AssignAmbientInfos_Addon_BL_BDT_1.d:87","Seitdem darf niemand mehr in den oberen Bereich. Er hat sogar Gefangene anschleppen lassen, die in der Mine schürfen.","그후로는 아무도 상층 구역에 들어갈 수 없어. 그는 광산에서 일할 죄수들까지 끌고 오게 만들었지.","","False","DIA_Addon_BL_BDT_1_Lager_01_03","",""
"Scripts/Content/Story/B_AssignAmbientInfos/B_AssignAmbientInfos_Addon_BL_BDT_1.d:107","Kannst du mir mehr über das Lager erzählen?","캠프에 대해 더 자세히 말해 줄 수 있나?","","False","DIA_Addon_BL_BDT_1_Lager2.description","",""
"Scripts/Content/Story/B_AssignAmbientInfos/B_AssignAmbientInfos_Addon_BL_BDT_1.d:120","Was weißt du über das Lager?","캠프에 대해 아는 게 있나?","","False","DIA_Addon_BL_BDT_1_Lager2_15_00","",""
"Scripts/Content/Story/B_AssignAmbientInfos/B_AssignAmbientInfos_Addon_BL_BDT_1.d:121","Wenn du jemanden angreifst, werden sich ALLE auf dich stürzen.","누군가를 공격하면, 모두가 너에게 달려들 거야.","","False","DIA_Addon_BL_BDT_1_Lager2_01_01","",""
"Scripts/Content/Story/B_AssignAmbientInfos/B_AssignAmbientInfos_Addon_BL_BDT_1.d:122","Es sei denn, du hast einen Grund, dich mit jemandem anzulegen. Dann wird sich keiner einmischen.","누군가와 시비를 붙을 정당한 이유가 있다면 말이지. 그럴 땐 아무도 참견하지 않을 거야.","","False","DIA_Addon_BL_BDT_1_Lager2_01_02","",""
"Scripts/Content/Story/B_AssignAmbientInfos/B_AssignAmbientInfos_Addon_BL_BDT_1.d:134","Gibt's was Neues? ","새로운 소식이라도 있나? ","","False","DIA_Addon_BL_BDT_1_News.description","",""
"Scripts/Content/Story/B_AssignAmbientInfos/B_AssignAmbientInfos_Addon_BL_BDT_1.d:144","Gibt's was Neues?","새로운 소식이라도 있나?","","False","DIA_Addon_BL_BDT_1_News_15_00","",""
"Scripts/Content/Story/B_AssignAmbientInfos/B_AssignAmbientInfos_Addon_BL_BDT_1.d:148","Raven ist tot. Was sollen wir denn jetzt machen?","레이븐이 죽었어. 이제 우리는 어떻게 해야 하지?","","False","DIA_Addon_BL_BDT_1_News_01_01","",""
"Scripts/Content/Story/B_AssignAmbientInfos/B_AssignAmbientInfos_Addon_BL_BDT_1.d:151","Die Piraten wollen uns nicht mehr zum Festland bringen, weil sie für ihre letzten Transporte nicht bezahlt wurden.","해적들은 지난 운송에 대한 대금을 받지 못했다며 우리를 더 이상 본토로 데려다주려 하지 않아.","","False","DIA_Addon_BL_BDT_1_News_01_02","",""
"Scripts/Content/Story/B_AssignAmbientInfos/B_AssignAmbientInfos_Addon_BL_BDT_1.d:152","Wir sollten ein oder zwei von ihnen aufspießen, dann werden die anderen uns garantiert wieder übersetzen.","그들 중 한두 놈을 꼬챙이에 꿰어버려야 해. 그러면 나머지가 틀림없이 다시 우리를 태워다 줄 걸.","","False","DIA_Addon_BL_BDT_1_News_01_03","",""
"Scripts/Content/Story/B_AssignAmbientInfos/B_AssignAmbientInfos_Addon_BL_BDT_1.d:164","Was weißt du über die Gefangenen?","죄수들에 대해 아는 게 있나?","","False","DIA_Addon_BL_BDT_1_Sklaven.description","",""
"Scripts/Content/Story/B_AssignAmbientInfos/B_AssignAmbientInfos_Addon_BL_BDT_1.d:179","Was weißt du über die Gefangenen?","죄수들에 대해 아는 게 있나?","","False","DIA_Addon_BL_BDT_1_Sklaven_15_00","",""
"Scripts/Content/Story/B_AssignAmbientInfos/B_AssignAmbientInfos_Addon_BL_BDT_1.d:180","Raven will irgendwas ausgebuddeln. Erst hat er die Banditen das machen lassen, aber dabei sind zuviele draufgegangen.","레이븐이 뭔가 파내려고 하거든. 처음엔 부하들에게 시켰지만 너무 많은 녀석들이 죽어 나갔어.","","False","DIA_Addon_BL_BDT_1_Sklaven_01_01","",""
"Scripts/Content/Story/B_AssignAmbientInfos/B_AssignAmbientInfos_Addon_BL_BDT_1.d:181","Deshalb hat er die Gefangenen geholt - wenn die krepieren, spielt das keine Rolle.","그래서 그가 죄수들을 데려온 거야. 그들이 뒈져도 상관없으니까.","","False","DIA_Addon_BL_BDT_1_Sklaven_01_02","",""
"Scripts/Content/Story/B_AssignAmbientInfos/B_AssignAmbientInfos_Addon_BL_BDT_1.d:185","Was will Raven ausbuddeln?","레이븐이 뭘 파내려는 거지?","","False","DIA_Addon_BL_BDT_1_Sklaven_15_03","",""
"Scripts/Content/Story/B_AssignAmbientInfos/B_AssignAmbientInfos_Addon_BL_BDT_1.d:186","Keine Ahnung, aber ihm geht's wohl um mehr als das Gold.","모르겠어. 하지만 금 이상의 뭔가가 확실해.","","False","DIA_Addon_BL_BDT_1_Sklaven_01_04","",""
"Scripts/Content/Story/B_AssignAmbientInfos/B_AssignAmbientInfos_Addon_BL_BDT_13.d:34","Wer hat hier das Sagen?","여기서 대장 누구야?","","False","DIA_Addon_BL_BDT_13_Chef.description","",""
"Scripts/Content/Story/B_AssignAmbientInfos/B_AssignAmbientInfos_Addon_BL_BDT_13.d:44","Wer hat hier das Sagen?","여기서 대장 누구야?","","False","DIA_Addon_BL_BDT_13_Chef_15_00","",""
"Scripts/Content/Story/B_AssignAmbientInfos/B_AssignAmbientInfos_Addon_BL_BDT_13.d:50","(jubelt) Unser glorreicher Anführer Thorus. Er wird uns alle reich machen!","(환호하며) 우리의 영광스러운 지도자 토러스. 그가 우리 모두를 부자로 만들어 줄 거야!","","False","DIA_Addon_BL_BDT_13_Chef_13_01","",""
"Scripts/Content/Story/B_AssignAmbientInfos/B_AssignAmbientInfos_Addon_BL_BDT_13.d:54","Unser glorreicher Anführer ... Äh ... keine Ahnung ...","우리의 영광스러운 지도자... 어... 모르겠는데...","","False","DIA_Addon_BL_BDT_13_Chef_13_02","",""
"Scripts/Content/Story/B_AssignAmbientInfos/B_AssignAmbientInfos_Addon_BL_BDT_13.d:59","(jubelt) Unser glorreicher Anführer Raven. Er wird uns alle reich machen!","(환호하며) 우리의 영광스러운 지도자 레이븐. 그가 우리 모두를 부자로 만들어 줄 거야!","","False","DIA_Addon_BL_BDT_13_Chef_13_03","",""
"Scripts/Content/Story/B_AssignAmbientInfos/B_AssignAmbientInfos_Addon_BL_BDT_13.d:72","Was weißt du über das Lager?","캠프에 대해 아는 게 있나?","","False","DIA_Addon_BL_BDT_13_Lager.description","",""
"Scripts/Content/Story/B_AssignAmbientInfos/B_AssignAmbientInfos_Addon_BL_BDT_13.d:82","Was weißt du über das Lager?","캠프에 대해 아는 게 있나?","","False","DIA_Addon_BL_BDT_13_Lager_15_00","",""
"Scripts/Content/Story/B_AssignAmbientInfos/B_AssignAmbientInfos_Addon_BL_BDT_13.d:83","Sprich mit Snaf, wenn du was wissen willst. Der dicke Koch weiß echt 'ne Menge.","뭘 좀 알고 싶다면 스나프에게 가봐. 그 뚱뚱한 요리사가 아는 게 정말 많거든.","","False","DIA_Addon_BL_BDT_13_Lager_13_01","",""
"Scripts/Content/Story/B_AssignAmbientInfos/B_AssignAmbientInfos_Addon_BL_BDT_13.d:84","Wenn du was kaufen willst, geh zu Fisk. Er treibt alles Mögliche auf ...","뭔가를 사고 싶다면 피스크에게 가봐. 그는 온갖 물건을 구해오니까...","","False","DIA_Addon_BL_BDT_13_Lager_13_02","",""
"Scripts/Content/Story/B_AssignAmbientInfos/B_AssignAmbientInfos_Addon_BL_BDT_13.d:96","Was gibt's Neues?","새로운 소식 있나?","","False","DIA_Addon_BL_BDT_13_News.description","",""
"Scripts/Content/Story/B_AssignAmbientInfos/B_AssignAmbientInfos_Addon_BL_BDT_13.d:106","Was gibt's Neues?","새로운 소식 있나?","","False","DIA_Addon_BL_BDT_13_News_15_00","",""
"Scripts/Content/Story/B_AssignAmbientInfos/B_AssignAmbientInfos_Addon_BL_BDT_13.d:110","Raven ist tot. Jetzt werden wir NIEMALS von dieser Insel runterkommen.","레이븐이 죽었어. 이제 우리는 절대 이 섬에서 빠져나가지 못할 거야.","","False","DIA_Addon_BL_BDT_13_News_13_01","",""
"Scripts/Content/Story/B_AssignAmbientInfos/B_AssignAmbientInfos_Addon_BL_BDT_13.d:114","Die Piraten haben Segel gesetzt und sind auf und davon.","해적들이 돛을 올리고 줄행랑을 쳤어.","","False","DIA_Addon_BL_BDT_13_News_13_02","",""
"Scripts/Content/Story/B_AssignAmbientInfos/B_AssignAmbientInfos_Addon_BL_BDT_13.d:115","Jetzt hocken da nur noch ein paar Idioten am Strand und die haben kein anständiges Schiff.","이제 해변에는 얼간이 몇 명밖에 안 남았는데, 그들에게는 제대로 된 배도 없지.","","False","DIA_Addon_BL_BDT_13_News_13_03","",""
"Scripts/Content/Story/B_AssignAmbientInfos/B_AssignAmbientInfos_Addon_BL_BDT_13.d:116","Nicht mal Beliar weiß, wie wir von dieser Insel runterkommen sollen.","벨리알도 우리가 이 섬에서 어떻게 빠져나가야 할지 모를 걸.","","False","DIA_Addon_BL_BDT_13_News_13_04","",""
"Scripts/Content/Story/B_AssignAmbientInfos/B_AssignAmbientInfos_Addon_BL_BDT_13.d:129","Wie komme ich schnell an viel Gold?","어떻게 하면 금을 빨리 많이 모을 수 있지?","","False","DIA_Addon_BL_BDT_13_Gold.description","",""
"Scripts/Content/Story/B_AssignAmbientInfos/B_AssignAmbientInfos_Addon_BL_BDT_13.d:145","Wie komme ich schnell an viel Gold?","어떻게 하면 금을 빨리 많이 모을 수 있지?","","False","DIA_Addon_BL_BDT_13_Gold_15_00","",""
"Scripts/Content/Story/B_AssignAmbientInfos/B_AssignAmbientInfos_Addon_BL_BDT_13.d:149","Gute Frage. Sind wir nicht alle deshalb hier?","좋은 질문이네. 우리 모두 그 때문에 여기 있는 거 아니겠어?","","False","DIA_Addon_BL_BDT_13_Gold_13_01","",""
"Scripts/Content/Story/B_AssignAmbientInfos/B_AssignAmbientInfos_Addon_BL_BDT_13.d:150","Sieh einfach zu, dass du einen roten Stein von Thorus bekommst, dann kannst du in die Mine.","토러스에게서 빨간 돌을 얻어내기만 해봐, 그럼 광산으로 들어갈 수 있을 거야.","","False","DIA_Addon_BL_BDT_13_Gold_13_02","",""
"Scripts/Content/Story/B_AssignAmbientInfos/B_AssignAmbientInfos_Addon_BL_BDT_13.d:156","Sag mal, willst du mich veraschen? Verpiss dich!","이봐, 지금 나 가지고 노는 거야? 꺼져!","","False","DIA_Addon_BL_BDT_13_Gold_13_03","",""
"Scripts/Content/Story/B_AssignAmbientInfos/B_AssignAmbientInfos_Addon_BL_BDT_13.d:162","So, jetzt ist Schluss mit lustig!","좋다, 장난은 여기까지다!","","False","DIA_Addon_BL_BDT_13_Gold_13_04","",""
"Scripts/Content/Story/B_AssignAmbientInfos/B_AssignAmbientInfos_Addon_Sklaven_3.d:50","(ängstlich) Was willst du von mir? Geh weg!","(겁에 질려) 내게 원하는 게 뭐지? 저리 가!","","False","DIA_Addon_Sklaven_3_STANDARD_03_00","",""
"Scripts/Content/Story/B_AssignAmbientInfos/B_AssignAmbientInfos_Addon_Sklaven_3.d:55","(nervös) Ich habe nichts getan! Lass mich in Ruhe.","(초조하게) 난 아무것도 안 했어! 내버려 둬.","","False","DIA_Addon_Sklaven_3_STANDARD_03_01","",""
"Scripts/Content/Story/B_AssignAmbientInfos/B_AssignAmbientInfos_Addon_Sklaven_3.d:60","(ängstlich) Bitte schlag mich nicht!","(겁에 질려) 제발 때리지 마!","","False","DIA_Addon_Sklaven_3_STANDARD_03_02","",""
"Scripts/Content/Story/B_AssignAmbientInfos/B_AssignAmbientInfos_Addon_TAL_BDT_1.d:32","Wie sieht's aus?","어떻게 지내나?","","False","DIA_Addon_TAL_BDT_1_Hi.description","",""
"Scripts/Content/Story/B_AssignAmbientInfos/B_AssignAmbientInfos_Addon_TAL_BDT_1.d:42","Wie sieht's aus?","어떻게 지내나?","","False","DIA_Addon_TAL_BDT_1_Hi_15_00","",""
"Scripts/Content/Story/B_AssignAmbientInfos/B_AssignAmbientInfos_Addon_TAL_BDT_1.d:43","Ich warte, bis sie einen Neuen anfordern und ich an die Reihe komme.","새로운 사람을 요구하고 내 차례가 오기를 기다리는 중이지.","","False","DIA_Addon_TAL_BDT_1_Hi_01_01","",""
"Scripts/Content/Story/B_AssignAmbientInfos/B_AssignAmbientInfos_Addon_TAL_BDT_1.d:46","Von allen Leuten, die hier draußen sind, kommt nur Franco rein.","여기 밖에 있는 사람들 중에서 프랑코만 안으로 들어갈 수 있어.","","False","DIA_Addon_TAL_BDT_1_Hi_01_02","",""
"Scripts/Content/Story/B_AssignAmbientInfos/B_AssignAmbientInfos_Addon_TAL_BDT_1.d:50","Jetzt, da Franco tot ist, habe ich hoffentlich bessere Chancen.","이제 프랑코가 죽었으니, 내게도 더 나은 기회가 생겼으면 좋겠군.","","False","DIA_Addon_TAL_BDT_1_Hi_01_03","",""
"Scripts/Content/Story/B_AssignAmbientInfos/B_AssignAmbientInfos_Addon_TAL_BDT_1.d:63","Was kannst du mir über das Lager erzählen?","캠프에 대해 무슨 말을 해줄 수 있나?","","False","DIA_Addon_TAL_BDT_1_Lager.description","",""
"Scripts/Content/Story/B_AssignAmbientInfos/B_AssignAmbientInfos_Addon_TAL_BDT_1.d:73","Was kannst du mir über das Lager erzählen?","캠프에 대해 무슨 말을 해줄 수 있나?","","False","DIA_Addon_TAL_BDT_1_Lager_15_00","",""
"Scripts/Content/Story/B_AssignAmbientInfos/B_AssignAmbientInfos_Addon_TAL_BDT_1.d:74","Pass bloß auf, mit wem du dich anlegst! Wenn du grundlos einen Kampf anfängst, hast du schnell alle gegen dich!","시비를 걸 상대를 잘 골라야 할 거야! 이유 없이 싸움을 걸었다가는 금방 모두의 적이 될 테니까!","","False","DIA_Addon_TAL_BDT_1_Lager_01_01","",""
"Scripts/Content/Story/B_AssignAmbientInfos/B_AssignAmbientInfos_Addon_TAL_BDT_1.d:75","Die meisten haben Angst um ihr Gold und einige der Jungs beschützen sich untereinander.","대부분은 금을 빼앗길까 봐 공포에 떨고 있고, 녀석들 중 일부는 서로를 경계하고 있지.","","False","DIA_Addon_TAL_BDT_1_Lager_01_02","",""
"Scripts/Content/Story/B_AssignAmbientInfos/B_AssignAmbientInfos_Addon_TAL_BDT_1.d:87","Was weißt du über Raven?","레이븐에 대해 아는 게 있나?","","False","DIA_Addon_TAL_BDT_1_Raven.description","",""
"Scripts/Content/Story/B_AssignAmbientInfos/B_AssignAmbientInfos_Addon_TAL_BDT_1.d:97","Was weißt du über Raven?","레이븐에 대해 아는 게 있나?","","False","DIA_Addon_TAL_BDT_1_Raven_15_00","",""
"Scripts/Content/Story/B_AssignAmbientInfos/B_AssignAmbientInfos_Addon_TAL_BDT_1.d:98","Er ist der Typ, der hier mit seinen Jungs als erster aufgetaucht ist.","그는 부하들을 이끌고 이곳에 맨 처음 나타난 작자야.","","False","DIA_Addon_TAL_BDT_1_Raven_01_01","",""
"Scripts/Content/Story/B_AssignAmbientInfos/B_AssignAmbientInfos_Addon_TAL_BDT_1.d:99","Er der Anführer des Lagers. Mit ihm ist nicht gut Kirschen essen, glaube ich.","그는 캠프의 지도자야. 상대하기 까다로운 녀석이지, 내 말 믿으라고.","","False","DIA_Addon_TAL_BDT_1_Raven_01_02","",""
"Scripts/Content/Story/B_AssignAmbientInfos/B_AssignAmbientInfos_Addon_TAL_BDT_1.d:100","Einmal haben sie fünf neue Leute angefordert, weil er seine Wut an seinen eigenen Leuten ausgelassen hat.","언젠가 그는 자기 부하들에게 화를 참지 못하고 화풀이를 하다가 새로운 인원 다섯 명을 요구한 적도 있어.","","False","DIA_Addon_TAL_BDT_1_Raven_01_03","",""
"Scripts/Content/Story/B_AssignAmbientInfos/B_AssignAmbientInfos_Addon_TAL_BDT_13.d:32","Wie sieht's aus?","어떻게 지내나?","","False","DIA_Addon_TAL_BDT_13_Hi.description","",""
"Scripts/Content/Story/B_AssignAmbientInfos/B_AssignAmbientInfos_Addon_TAL_BDT_13.d:42","Wie sieht's aus?","어떻게 지내나?","","False","DIA_Addon_TAL_BDT_13_Hi_15_00","",""
"Scripts/Content/Story/B_AssignAmbientInfos/B_AssignAmbientInfos_Addon_TAL_BDT_13.d:43","Entweder du wirst von 'nem Vieh gefressen oder du wirst von 'nem Vieh gefressen.","괴물에게 잡아먹히거나, 아니면 또 괴물에게 잡아먹히거나 둘 중 하나지.","","False","DIA_Addon_TAL_BDT_13_Hi_13_01","",""
"Scripts/Content/Story/B_AssignAmbientInfos/B_AssignAmbientInfos_Addon_TAL_BDT_13.d:44","Dieser Sumpf wird noch unser Grab ...","이 늪은 우리의 무덤이 될 거야...","","False","DIA_Addon_TAL_BDT_13_Hi_13_02","",""
"Scripts/Content/Story/B_AssignAmbientInfos/B_AssignAmbientInfos_Addon_TAL_BDT_13.d:56","Was weißt du über dieses Tal?","이 계곡에 대해 아는 게 있나?","","False","DIA_Addon_TAL_BDT_13_Tal.description","",""
"Scripts/Content/Story/B_AssignAmbientInfos/B_AssignAmbientInfos_Addon_TAL_BDT_13.d:66","Was weißt du über dieses Tal?","이 계곡에 대해 아는 게 있나?","","False","DIA_Addon_TAL_BDT_13_Tal_15_00","",""
"Scripts/Content/Story/B_AssignAmbientInfos/B_AssignAmbientInfos_Addon_TAL_BDT_13.d:67","Hier gibt's haufenweise altes Zeug. Raven hat uns den Auftrag gegeben, alles einzusammeln.","여기엔 오래된 물건들이 널려 있어. 레이븐이 우리에게 전부 싹 다 긁어모으라고 명령했거든.","","False","DIA_Addon_TAL_BDT_13_Tal_13_01","",""
"Scripts/Content/Story/B_AssignAmbientInfos/B_AssignAmbientInfos_Addon_TAL_BDT_13.d:68","Keine Ahnung, was er damit will, aber niemand, der bei Verstand ist, wird seinen Hals für ein paar alte Steine riskieren ...","그가 그것들로 무얼 하려는지 모르겠지만, 제정박힌 놈이라면 돌 쪼가리 몇 개 때문에 목숨을 걸진 않을걸...","","False","DIA_Addon_TAL_BDT_13_Tal_13_02","",""
"Scripts/Content/Story/B_AssignAmbientInfos/B_AssignAmbientInfos_Addon_TAL_BDT_13.d:80","Gibt's was Neues?","새로운 소식 있나?","","False","DIA_Addon_TAL_BDT_13_News.description","",""
"Scripts/Content/Story/B_AssignAmbientInfos/B_AssignAmbientInfos_Addon_TAL_BDT_13.d:90","Gibt's was Neues?","새로운 소식 있나?","","False","DIA_Addon_TAL_BDT_13_News_15_00","",""
"Scripts/Content/Story/B_AssignAmbientInfos/B_AssignAmbientInfos_Addon_TAL_BDT_13.d:91","Diese Piraten haben wir ganz schön über's Ohr gehauen.","우리가 저 해적들을 아주 멋지게 골려주었지.","","False","DIA_Addon_TAL_BDT_13_News_13_01","",""
"Scripts/Content/Story/B_AssignAmbientInfos/B_AssignAmbientInfos_Addon_TAL_BDT_13.d:92","Sie haben uns Gefangene besorgt, aber nicht eine Münze dafür gesehen. Kein Wunder, dass die sauer sind.","그들은 우리에게 죄수들을 구해다 주었지만 대가로 동전 한 푼 구경도 못 했어. 그들이 화를 내는 것도 당연하지.","","False","DIA_Addon_TAL_BDT_13_News_13_02","",""
"Scripts/Content/Story/B_AssignAmbientInfos/B_AssignAmbientInfos_Addon_TAL_BDT_13.d:96","Aber was wollen sie machen? Das Lager angreifen? (lacht) HAHAHA.","하지만 그들이 어쩌겠어? 이 캠프를 공격이라도 하겠어? (웃음) 하하하.","","False","DIA_Addon_TAL_BDT_13_News_13_03","",""
"Scripts/Content/Story/B_AssignAmbientInfos/B_AssignAmbientInfos_BAU_1.d:32","Ich will mehr über die Söldner wissen.","용병들에 대해 더 알고 싶다.","","False","DIA_BAU_1_JOIN.description","",""
"Scripts/Content/Story/B_AssignAmbientInfos/B_AssignAmbientInfos_BAU_1.d:45","Ich will mehr über die Söldner wissen.","용병들에 대해 더 알고 싶다.","","False","DIA_BAU_1_JOIN_15_00","",""
"Scripts/Content/Story/B_AssignAmbientInfos/B_AssignAmbientInfos_BAU_1.d:46","Ich kann dir nur raten, einen Bogen um die zu machen.","조언하자면, 저 녀석들은 활을... 아니, 저 녀석들은 멀리하는 게 좋을 거다.","","False","DIA_BAU_1_JOIN_01_01","",""
"Scripts/Content/Story/B_AssignAmbientInfos/B_AssignAmbientInfos_BAU_1.d:47","Wenn einem von ihnen dein Gesicht nicht gefällt, kann es sein, dass er dir mal eben eins auf die Nase gibt.","그들 중 누군가의 마음에 네 얼굴이 들지 않으면, 녀석은 당장 네 코를 주먹으로 날려버릴지도 몰라.","","False","DIA_BAU_1_JOIN_01_02","",""
"Scripts/Content/Story/B_AssignAmbientInfos/B_AssignAmbientInfos_BAU_1.d:48","Du kannst dich zwar hinterher bei Lee beschweren, aber davon wird deine Nase auch nicht wieder gerade.","나중에 리에게 불평할 수는 있겠지만, 그렇다고 깨진 네 코가 다시 곧아지진 않을걸.","","False","DIA_BAU_1_JOIN_01_03","",""
"Scripts/Content/Story/B_AssignAmbientInfos/B_AssignAmbientInfos_BAU_1.d:60","Wer hat hier das Sagen?","여기서 대장 누구야?","","False","DIA_BAU_1_PEOPLE.description","",""
"Scripts/Content/Story/B_AssignAmbientInfos/B_AssignAmbientInfos_BAU_1.d:70","Wer hat hier das Sagen?","여기서 대장 누구야?","","False","DIA_BAU_1_PEOPLE_15_00","",""
"Scripts/Content/Story/B_AssignAmbientInfos/B_AssignAmbientInfos_BAU_1.d:71","Das hier ist Onars Hof. Er bestimmt über alles, was hier passiert.","이곳은 오나르의 농장이다. 여기서 일어나는 모든 일은 그가 결정하지.","","False","DIA_BAU_1_PEOPLE_01_01","",""
"Scripts/Content/Story/B_AssignAmbientInfos/B_AssignAmbientInfos_BAU_1.d:72","Wenn ich dir einen Tipp geben darf: leg dich nicht mit seinen Söldnern an. Mit den Jungs ist nicht zu spaßen.","조언 하나 하자면, 그의 용병들과는 시비 붙지 않는 게 좋을 거다. 그 녀석들은 장난이 아니거든.","","False","DIA_BAU_1_PEOPLE_01_02","",""
"Scripts/Content/Story/B_AssignAmbientInfos/B_AssignAmbientInfos_BAU_1.d:73","Vor allem Sylvio ist ein hinterhältiger Lump. Aber ihr Anführer Lee ist in Ordnung.","특히 실비오는 음흉한 녀석이야. 하지만 그들의 지도자 리는 괜찮은 사람이지만 말이야.","","False","DIA_BAU_1_PEOPLE_01_03","",""
"Scripts/Content/Story/B_AssignAmbientInfos/B_AssignAmbientInfos_BAU_1.d:85","Was gibt es so alles es hier in der Gegend?","이 근처에는 어떤 곳들이 있나?","","False","DIA_BAU_1_LOCATION.description","",""
"Scripts/Content/Story/B_AssignAmbientInfos/B_AssignAmbientInfos_BAU_1.d:95","Was gibt es so alles es hier in der Gegend?","이 근처에는 어떤 곳들이 있나?","","False","DIA_BAU_1_LOCATION_15_00","",""
"Scripts/Content/Story/B_AssignAmbientInfos/B_AssignAmbientInfos_BAU_1.d:96","Nur Felder und Höfe. Und jede Menge Söldner. Aber die sind fast alle im Osten auf Onars Hof eben.","들판과 농장뿐이지. 그리고 용병들도 잔뜩 있고. 하지만 그들 대부분은 동쪽에 있는 오나르의 농장에 있단 말이지.","","False","DIA_BAU_1_LOCATION_01_01","",""
"Scripts/Content/Story/B_AssignAmbientInfos/B_AssignAmbientInfos_BAU_1.d:97","Im Norden ist Sekobs Hof, aber da gehen sie nur hin, um Pacht einzutreiben.","북쪽에는 세코브의 농장이 있지만, 거긴 소작료를 받으러 갈 때나 가곤 해.","","False","DIA_BAU_1_LOCATION_01_02","",""
"Scripts/Content/Story/B_AssignAmbientInfos/B_AssignAmbientInfos_BAU_1.d:98","Und im Südwesten ist der Aufgang zu Bengars Hof.","그리고 남서쪽에는 벵가르의 농장으로 올라가는 길이 있어.","","False","DIA_BAU_1_LOCATION_01_03","",""
"Scripts/Content/Story/B_AssignAmbientInfos/B_AssignAmbientInfos_BAU_1.d:110","Was gibt's Neues?","새로운 소식이라도 있나?","","False","DIA_BAU_1_STANDARD.description","",""
"Scripts/Content/Story/B_AssignAmbientInfos/B_AssignAmbientInfos_BAU_1.d:120","Was gibt's Neues?","새로운 소식이라도 있나?","","False","DIA_BAU_1_STANDARD_15_00","",""
"Scripts/Content/Story/B_AssignAmbientInfos/B_AssignAmbientInfos_BAU_1.d:124","Onar hat Söldner angeheuert, damit sie ihm die Milizen aus der Stadt vom Hals halten. Die würden uns sonst auch noch das letzte Schaf wegholen!","오나르가 도시에서 온 민병대들이 농장을 넘보지 못하게 하려고 용병들을 고용했어. 안 그랬으면 그자들이 우리 마지막 양까지 싹 쓸어갔을 거라고!","","False","DIA_BAU_1_STANDARD_01_01","",""
"Scripts/Content/Story/B_AssignAmbientInfos/B_AssignAmbientInfos_BAU_1.d:129","Nicht viel. Immer noch dieselben Probleme. Milizen, Orks und Feldräuber.","별거 없어. 늘 똑같은 문제들이지. 민병대, 오크, 그리고 필드 레이더 말이야.","","False","DIA_BAU_1_STANDARD_01_02","",""
"Scripts/Content/Story/B_AssignAmbientInfos/B_AssignAmbientInfos_BAU_1.d:134","Es geschehen seltsame Dinge hier. Vor einigen Nächten habe ich eine schwarze Gestalt beobachtet. Das war kein Mensch.","요즘 여기서 이상한 일들이 벌어지고 있어. 몇 날 밤 전에는 검은 형체를 목격했지. 인간이 아니었어.","","False","DIA_BAU_1_STANDARD_01_03","",""
"Scripts/Content/Story/B_AssignAmbientInfos/B_AssignAmbientInfos_BAU_1.d:139","Man sieht die Orks immer häufiger. Manchmal glaube ich, dass für jeden toten Ork zwei neue auftauchen.","오크들이 점점 더 자주 눈에 띈단 말이야. 죽은 오크 한 마리당 새로운 오크가 두 마리씩 나타나는 것 같을 때가 있다니까.","","False","DIA_BAU_1_STANDARD_01_04","",""
"Scripts/Content/Story/B_AssignAmbientInfos/B_AssignAmbientInfos_BAU_1.d:144","Die Paladine gehen ins Minental. Was soll das eigentlich? Dann wird sich die Miliz gar nicht mehr zurückhalten.","팔라딘들이 광산 계곡으로 향하고 있어. 도대체 무슨 꿍꿍이지? 그렇게 되면 민병대들이 아주 기고만장해질 거라고.","","False","DIA_BAU_1_STANDARD_01_05","",""
"Scripts/Content/Story/B_AssignAmbientInfos/B_AssignAmbientInfos_BAU_13.d:32","Ich will mehr über die Söldner wissen!","용병들에 대해 더 자세히 알고 싶어!","","False","DIA_BAU_13_JOIN.description","",""
"Scripts/Content/Story/B_AssignAmbientInfos/B_AssignAmbientInfos_BAU_13.d:45","Ich will mehr über die Söldner wissen!","용병들에 대해 더 자세히 알고 싶어!","","False","DIA_BAU_13_JOIN_15_00","",""
"Scripts/Content/Story/B_AssignAmbientInfos/B_AssignAmbientInfos_BAU_13.d:46","Wenn du mal Ärger mit ihnen hast, geh zu Lee. Das machen wir Bauern auch so. Er ist sehr hart zu seinen Leuten.","그들과 문제가 생기면 리를 찾아가도록 해. 우리 농부들도 그렇게 하니까. 그는 부하들에게 아주 엄격하거든.","","False","DIA_BAU_13_JOIN_13_01","",""
"Scripts/Content/Story/B_AssignAmbientInfos/B_AssignAmbientInfos_BAU_13.d:47","Wenn sich einer von ihnen nicht benimmt, nimmt er ihn sich zur Brust.","부하들 중 하나가 딴짓을 하면, 단단히 혼내주지.","","False","DIA_BAU_13_JOIN_13_02","",""
"Scripts/Content/Story/B_AssignAmbientInfos/B_AssignAmbientInfos_BAU_13.d:59","Wer hat hier das Sagen?","누가 대장이지?","","False","DIA_BAU_13_PEOPLE.description","",""
"Scripts/Content/Story/B_AssignAmbientInfos/B_AssignAmbientInfos_BAU_13.d:69","Wer hat hier das Sagen?","누가 대장이지?","","False","DIA_BAU_13_PEOPLE_15_00","",""
"Scripts/Content/Story/B_AssignAmbientInfos/B_AssignAmbientInfos_BAU_13.d:70","Wenn du mich fragst, sind das die Söldner. Onar bezahlt sie zwar, aber Innos weiß, wie lange sie sich von ihm rumkommandieren lassen.","내 생각엔 용병들인 것 같아. 오나르가 돈을 주긴 하지만, 그들이 언제까지 오나르의 지시를 들을지는 이노스만 아시겠지.","","False","DIA_BAU_13_PEOPLE_13_01","",""
"Scripts/Content/Story/B_AssignAmbientInfos/B_AssignAmbientInfos_BAU_13.d:71","Wenn die Söldner irgendwann mal der Meinung sind, er wäre hier überflüssig, möchte ich nicht in seiner Haut stecken.","언젠가 용병들이 오나르가 쓸모없다고 생각하게 된다면, 난 그 자리에 있고 싶지 않군.","","False","DIA_BAU_13_PEOPLE_13_02","",""
"Scripts/Content/Story/B_AssignAmbientInfos/B_AssignAmbientInfos_BAU_13.d:83","Was kannst du mir über die Gegend hier erzählen?","이 주변 지역에 대해 뭘 좀 말해줄 수 있나?","","False","DIA_BAU_13_LOCATION.description","",""
"Scripts/Content/Story/B_AssignAmbientInfos/B_AssignAmbientInfos_BAU_13.d:93","Was kannst du mir über die Gegend hier erzählen?","이 주변 지역에 대해 뭘 좀 말해줄 수 있나?","","False","DIA_BAU_13_LOCATION_15_00","",""
"Scripts/Content/Story/B_AssignAmbientInfos/B_AssignAmbientInfos_BAU_13.d:94","Es gibt drei Höfe hier. Onars im Osten und Sekobs im Norden das Tals.","여기에 농장이 세 개 있어. 동쪽에 있는 오나르의 농장과 계곡 북쪽에 있는 세코브의 농장이지.","","False","DIA_BAU_13_LOCATION_13_01","",""
"Scripts/Content/Story/B_AssignAmbientInfos/B_AssignAmbientInfos_BAU_13.d:95","Im Südwesten gibt es einen Aufgang zur Hochebene. Dort liegt Bengars Hof.","남서쪽에는 고원 지대로 올라가는 길이 있어. 그곳에 벵가르의 농장이 있지.","","False","DIA_BAU_13_LOCATION_13_02","",""
"Scripts/Content/Story/B_AssignAmbientInfos/B_AssignAmbientInfos_BAU_13.d:107","Was gibt's Neues?","새로운 소식이라도 있나?","","False","DIA_BAU_13_STANDARD.description","",""
"Scripts/Content/Story/B_AssignAmbientInfos/B_AssignAmbientInfos_BAU_13.d:117","Was gibt's Neues?","새로운 소식이라도 있나?","","False","DIA_BAU_13_STANDARD_15_00","",""
"Scripts/Content/Story/B_AssignAmbientInfos/B_AssignAmbientInfos_BAU_13.d:121","Die Truppen aus der Stadt holen uns nicht mehr Vieh und Ernte weg! Die spielen das Spiel nicht mehr mit, wir können uns jetzt selbst verteidigen!","도시에서 온 군인들이 더는 우리 가축과 수확물을 빼앗아 가지 못해! 이제 우리도 스스로를 방어할 수 있으니 더 이상 그 장단에 놀아주지 않을 거라고!","","False","DIA_BAU_13_STANDARD_13_01","",""
"Scripts/Content/Story/B_AssignAmbientInfos/B_AssignAmbientInfos_BAU_13.d:126","Die Paladine in der Stadt kümmern sich nicht um uns Bauern. Wenn die Orks angreifen, sind wir auf uns allein gestellt.","도시에 있는 팔라딘들은 우리 농부들에게 관심이 없어. 오크들이 공격해 오면, 우리는 스스로 살아남아야 해.","","False","DIA_BAU_13_STANDARD_13_02","",""
"Scripts/Content/Story/B_AssignAmbientInfos/B_AssignAmbientInfos_BAU_13.d:131","Drachen! Im Minental soll es Drachen geben. Sie kommen bestimmt bald über den Pass!","드래곤이라니! 광산 계곡에 드래곤이 있다고 하더군. 곧 고개를 넘어 들이닥칠 게 분명해!","","False","DIA_BAU_13_STANDARD_13_03","",""
"Scripts/Content/Story/B_AssignAmbientInfos/B_AssignAmbientInfos_BAU_13.d:136","Es sollen sogar einige Banditen aus den Bergen ins Minental aufgebrochen sein. Also, mir wäre das zu gefährlich.","산에서 온 일부 산적들도 광산 계곡으로 향했다고 하더군. 글쎄, 나였으면 너무 위험해서 안 갔을 거야.","","False","DIA_BAU_13_STANDARD_13_04","",""
"Scripts/Content/Story/B_AssignAmbientInfos/B_AssignAmbientInfos_BAU_13.d:141","Wenn die Steuern wieder runtergehen und man uns für unsere Arbeit angemessen bezahlt, werden wir auch wieder mit der Stadt handeln.","세금이 다시 내려가고 우리 일에 합당한 대가가 주어진다면, 우리도 도시와 다시 거래할 거야.","","False","DIA_BAU_13_STANDARD_13_05","",""
"Scripts/Content/Story/B_AssignAmbientInfos/B_AssignAmbientInfos_BAU_16.d:32","Ich will mehr über die Söldner wissen!","용병들에 대해 더 자세히 알고 싶어!","","False","DIA_BAU_16_JOIN.description","",""
"Scripts/Content/Story/B_AssignAmbientInfos/B_AssignAmbientInfos_BAU_16.d:45","Ich will mehr über die Söldner wissen!","용병들에 대해 더 자세히 알고 싶어!","","False","DIA_BAU_16_JOIN_15_00","",""
"Scripts/Content/Story/B_AssignAmbientInfos/B_AssignAmbientInfos_BAU_16.d:46","Sie lungern den ganzen Tag auf dem Hof rum, prügeln sich hin und wieder mal und finden das auch noch lustig.","그들은 온종일 농장 주변을 빈둥거리며 때때로 패싸움이나 벌이고, 그게 또 재미있나 보더라고.","","False","DIA_BAU_16_JOIN_16_01","",""
"Scripts/Content/Story/B_AssignAmbientInfos/B_AssignAmbientInfos_BAU_16.d:58","Wer hat hier das Sagen?","누가 대장이지?","","False","DIA_BAU_16_PEOPLE.description","",""
"Scripts/Content/Story/B_AssignAmbientInfos/B_AssignAmbientInfos_BAU_16.d:68","Wer hat hier das Sagen?","누가 대장이지?","","False","DIA_BAU_16_PEOPLE_15_00","",""
"Scripts/Content/Story/B_AssignAmbientInfos/B_AssignAmbientInfos_BAU_16.d:69","Wenn du mich fragst, sind das die Söldner.","내 생각엔 용병들인 것 같아.","","False","DIA_BAU_16_PEOPLE_16_01","",""
"Scripts/Content/Story/B_AssignAmbientInfos/B_AssignAmbientInfos_BAU_16.d:70","Onar bezahlt sie, aber die meisten von ihnen machen, was sie wollen.","오나르가 그들에게 돈을 주지만, 대부분은 제멋대로 행동하지.","","False","DIA_BAU_16_PEOPLE_16_02","",""
"Scripts/Content/Story/B_AssignAmbientInfos/B_AssignAmbientInfos_BAU_16.d:82","Was kannst du mir über die Gegend hier erzählen?","이 주변 지역에 대해 뭘 좀 말해줄 수 있나?","","False","DIA_BAU_16_LOCATION.description","",""
"Scripts/Content/Story/B_AssignAmbientInfos/B_AssignAmbientInfos_BAU_16.d:92","Was kannst du mir über die Gegend hier erzählen?","이 주변 지역에 대해 뭘 좀 말해줄 수 있나?","","False","DIA_BAU_16_LOCATION_15_00","",""
"Scripts/Content/Story/B_AssignAmbientInfos/B_AssignAmbientInfos_BAU_16.d:93","Es gibt drei Höfe hier. Onars im Osten und Sekobs im Norden das Tals.","여기에 농장이 세 개 있어. 동쪽에 있는 오나르의 농장과 계곡 북쪽에 있는 세코브의 농장이지.","","False","DIA_BAU_16_LOCATION_16_01","",""
"Scripts/Content/Story/B_AssignAmbientInfos/B_AssignAmbientInfos_BAU_16.d:94","Im Südwesten gibt es einen Aufgang zur Hochebene. Dort liegt Bengars Hof.","남서쪽에는 고원 지대로 올라가는 길이 있어. 그곳에 벵가르의 농장이 있지.","","False","DIA_BAU_16_LOCATION_16_02","",""
"Scripts/Content/Story/B_AssignAmbientInfos/B_AssignAmbientInfos_BAU_16.d:106","Was gibt's Neues?","새로운 소식이라도 있나?","","False","DIA_BAU_16_STANDARD.description","",""
"Scripts/Content/Story/B_AssignAmbientInfos/B_AssignAmbientInfos_BAU_16.d:116","Was gibt's Neues?","새로운 소식이라도 있나?","","False","DIA_BAU_16_STANDARD_15_00","",""
"Scripts/Content/Story/B_AssignAmbientInfos/B_AssignAmbientInfos_BAU_16.d:120","Die Truppen aus der Stadt holen uns nicht mehr Vieh und Ernte weg! Wir spielen das Spiel nicht mehr mit, wir können uns jetzt selbst verteidigen!","도시에서 온 군인들이 더는 우리 가축과 수확물을 빼앗아 가지 못해! 이제 우리도 스스로를 방어할 수 있으니 더 이상 그 장단에 놀아주지 않을 거야!","","False","DIA_BAU_16_STANDARD_16_01","",""
"Scripts/Content/Story/B_AssignAmbientInfos/B_AssignAmbientInfos_BAU_16.d:125","Es heißt, es würde sich eine Armee im Minental sammeln. Bald werden sie hier sein.","광산 계곡에서 군대가 결집하고 있다는 소문이 있어. 곧 이곳에 들이닥칠 거야.","","False","DIA_BAU_16_STANDARD_16_02","",""
"Scripts/Content/Story/B_AssignAmbientInfos/B_AssignAmbientInfos_BAU_16.d:130","Ich habe gehört, dass es im Minental Drachen geben soll. Kaum zu glauben.","광산 계곡에 드래곤이 있다는 이야기를 들었어. 믿기지가 않는군.","","False","DIA_BAU_16_STANDARD_16_03","",""
"Scripts/Content/Story/B_AssignAmbientInfos/B_AssignAmbientInfos_BAU_16.d:135","Einige der Söldner sind abgezogen. Ich weiß nicht, ob das gut oder schlecht ist.","용병들 중 일부가 떠났어. 이게 좋은 일인지 나쁜 일인지는 모르겠군.","","False","DIA_BAU_16_STANDARD_16_04","",""
"Scripts/Content/Story/B_AssignAmbientInfos/B_AssignAmbientInfos_BAU_16.d:140","Die Paladine ins Minental. Was soll das eigentlich?","팔라딘들이 광산 계곡으로 간다니. 도대체 무슨 꿍꿍이지?","","False","DIA_BAU_16_STANDARD_16_05","",""
"Scripts/Content/Story/B_AssignAmbientInfos/B_AssignAmbientInfos_BAU_7.d:32","Was weißt du über die Söldner?","용병들에 대해 아는 게 있나?","","False","DIA_BAU_7_JOIN.description","",""
"Scripts/Content/Story/B_AssignAmbientInfos/B_AssignAmbientInfos_BAU_7.d:45","Was weißt du über die Söldner?","용병들에 대해 아는 게 있나?","","False","DIA_BAU_7_JOIN_15_00","",""
"Scripts/Content/Story/B_AssignAmbientInfos/B_AssignAmbientInfos_BAU_7.d:46","Onar hat sie angeheuert, damit sie seinen Hof verteidigen.","오나르가 자신의 농장을 지키기 위해 그들을 고용한 거야.","","False","DIA_BAU_7_JOIN_07_01","",""
"Scripts/Content/Story/B_AssignAmbientInfos/B_AssignAmbientInfos_BAU_7.d:47","Die meisten benehmen sich, als ob ihnen der Hof gehören würde. Aber immerhin beschützen sie uns.","대부분은 마치 이 농장이 자기들 것인 마냥 행동하지만, 그래도 적어도 우리를 지켜주긴 하니까.","","False","DIA_BAU_7_JOIN_07_02","",""
"Scripts/Content/Story/B_AssignAmbientInfos/B_AssignAmbientInfos_BAU_7.d:59","Wer hat hier das Sagen?","누가 대장이지?","","False","DIA_BAU_7_PEOPLE.description","",""
"Scripts/Content/Story/B_AssignAmbientInfos/B_AssignAmbientInfos_BAU_7.d:69","Wer hat hier das Sagen?","누가 대장이지?","","False","DIA_BAU_7_PEOPLE_15_00","",""
"Scripts/Content/Story/B_AssignAmbientInfos/B_AssignAmbientInfos_BAU_7.d:70","Der große Hof gehört Onar. Die kleinen Höfe hier in der Nähe auch. Aber die hat er verpachtet.","큰 농장은 오나르의 소유야. 이 근처의 작은 농장들도 그렇고. 하지만 그건 임대를 준 거지.","","False","DIA_BAU_7_PEOPLE_07_01","",""
"Scripts/Content/Story/B_AssignAmbientInfos/B_AssignAmbientInfos_BAU_7.d:82","Erzähl mir mehr über die Gegend.","이 지역에 대해 더 말해줘.","","False","DIA_BAU_7_LOCATION.description","",""
"Scripts/Content/Story/B_AssignAmbientInfos/B_AssignAmbientInfos_BAU_7.d:92","Erzähl mir mehr über die Gegend.","이 지역에 대해 더 말해줘.","","False","DIA_BAU_7_LOCATION_15_00","",""
"Scripts/Content/Story/B_AssignAmbientInfos/B_AssignAmbientInfos_BAU_7.d:93","Der große Hof hier im Osten des Tals ist der von Onar, der Hof von Sekob liegt im Norden.","계곡 동쪽에 있는 이 큰 농장이 오나르의 농장이고, 세코브의 농장은 북쪽에 있어.","","False","DIA_BAU_7_LOCATION_07_01","",""
"Scripts/Content/Story/B_AssignAmbientInfos/B_AssignAmbientInfos_BAU_7.d:94","Und Bengars Hof liegt auf der Hochebene im Südwesten. Du kannst sie vom Tal aus erreichen - es gibt eine große Steintreppe dorthin.","그리고 벵가르의 농장은 남서쪽 고원 지대에 있지. 계곡에서 갈 수 있어. 그리로 통하는 커다란 돌계단이 있거든.","","False","DIA_BAU_7_LOCATION_07_02","",""
"Scripts/Content/Story/B_AssignAmbientInfos/B_AssignAmbientInfos_BAU_7.d:106","Was gibt's Neues?","새로운 소식이라도 있나?","","False","DIA_BAU_7_STANDARD.description","",""
"Scripts/Content/Story/B_AssignAmbientInfos/B_AssignAmbientInfos_BAU_7.d:116","Was gibt's Neues?","새로운 소식이라도 있나?","","False","DIA_BAU_7_STANDARD_15_00","",""
"Scripts/Content/Story/B_AssignAmbientInfos/B_AssignAmbientInfos_BAU_7.d:120","Wir haben unsere Unabhängigkeit erklärt - wir machen keine Abgaben mehr an die Stadt. Der König hat nichts für uns getan - jetzt reicht es uns!","우리는 독립을 선언했다. 더는 도시에 세금을 내지 않을 거야. 국왕은 우리를 위해 해준 게 없으니, 이제 우리도 진저리가 난다고!","","False","DIA_BAU_7_STANDARD_07_01","",""
"Scripts/Content/Story/B_AssignAmbientInfos/B_AssignAmbientInfos_BAU_7.d:125","Zurzeit ist hier nicht viel los.","요즘 여기는 별일 없어.","","False","DIA_BAU_7_STANDARD_07_02","",""
"Scripts/Content/Story/B_AssignAmbientInfos/B_AssignAmbientInfos_BAU_7.d:130","Man hört jetzt Geschichten von Drachen! Dem König fällt auch immer was Neues ein, um noch mehr Geld aus dem Volk zu pressen.","이제 드래곤에 대한 이야기가 들려오고 있어! 국왕은 백성들에게서 돈을 더 쥐어짜 내려고 늘 새로운 꿍꿍이만 꾸민단 말이지.","","False","DIA_BAU_7_STANDARD_07_03","",""
"Scripts/Content/Story/B_AssignAmbientInfos/B_AssignAmbientInfos_BAU_7.d:135","Pass auf dich auf, durch den Pass kommen jede Menge finstere Gestalten und wilde Tiere.","조심하는 게 좋을 거야. 통로를 통해 수많은 음산한 작자들과 야생 동물들이 쏟아져 나오고 있으니.","","False","DIA_BAU_7_STANDARD_07_04","",""
"Scripts/Content/Story/B_AssignAmbientInfos/B_AssignAmbientInfos_BAU_7.d:140","Jetzt, wo die Drachen tot sind, bequemen sich auch die Herren Paladine aus der Stadt. Wird Zeit, dass hier wieder Ordnung herrscht.","드래곤들이 쓰러진 지금, 팔라딘 나리들도 도시에서 행차하실 모양이군. 이제 다시 이곳에 질서가 잡힐 때도 됐지.","","False","DIA_BAU_7_STANDARD_07_05","",""
"Scripts/Content/Story/B_AssignAmbientInfos/B_AssignAmbientInfos_BDT_1.d:50","Geh mir aus den Augen!","내 눈앞에서 꺼져라!","","False","DIA_BDT_1_STANDARD_01_00","",""
"Scripts/Content/Story/B_AssignAmbientInfos/B_AssignAmbientInfos_BDT_1.d:55","Suchst du Ärger?","시비라도 걸고 싶나?","","False","DIA_BDT_1_STANDARD_01_01","",""
"Scripts/Content/Story/B_AssignAmbientInfos/B_AssignAmbientInfos_BDT_1.d:60","Geh, solange du noch kannst!","늦기 전에 꺼져!","","False","DIA_BDT_1_STANDARD_01_02","",""
"Scripts/Content/Story/B_AssignAmbientInfos/B_AssignAmbientInfos_BDT_13.d:45","Verschwinde!","꺼져!","","False","DIA_BDT_13_STANDARD_13_01","",""
"Scripts/Content/Story/B_AssignAmbientInfos/B_AssignAmbientInfos_BDT_13.d:55","Was glotzt du denn so dämlich!","뭘 그렇게 멍하니 쳐다보는 거야!","","False","DIA_BDT_13_STANDARD_13_00","",""
"Scripts/Content/Story/B_AssignAmbientInfos/B_AssignAmbientInfos_BDT_13.d:65","Mach mich bloß nicht an, du Penner!","작작 좀 깝쳐라, 이 거지 새끼야!","","False","DIA_BDT_13_STANDARD_13_02","",""
"Scripts/Content/Story/B_AssignAmbientInfos/B_AssignAmbientInfos_MIL_6.d:32","Was muß ich tun, um mich der Miliz anzuschließen?","민병대에 들어가려면 어떻게 해야 하지?","","False","DIA_MIL_6_JOIN.description","",""
"Scripts/Content/Story/B_AssignAmbientInfos/B_AssignAmbientInfos_MIL_6.d:45","Was muss ich tun, um mich der Miliz anzuschließen?","민병대에 들어가려면 어떻게 해야 하지?","","False","DIA_MIL_6_JOIN_15_00","",""
"Scripts/Content/Story/B_AssignAmbientInfos/B_AssignAmbientInfos_MIL_6.d:46","Geh zu Lord Andre und rede mit ihm. Seit die Paladine in der Stadt sind, hat er das Kommando über die ganze Miliz.","안드레 경을 찾아가서 그와 대화해 봐. 팔라딘들이 도시로 온 이후로 그가 민병대 전체를 지휘하고 있거든.","","False","DIA_MIL_6_JOIN_06_01","",""
"Scripts/Content/Story/B_AssignAmbientInfos/B_AssignAmbientInfos_MIL_6.d:49","Du findest ihn in der Kaserne. Dort ist er eigentlich immer anzutreffen.","병영에 가면 찾을 수 있을 거야. 거기가 그가 보통 있는 곳이니까.","","False","DIA_MIL_6_JOIN_06_02","",""
"Scripts/Content/Story/B_AssignAmbientInfos/B_AssignAmbientInfos_MIL_6.d:62","Ich hab' gehört, es sind einige Bürger verschunden.","시민 몇 명이 실종되었다는 얘기를 들었어.","","False","DIA_Addon_MIL_6_MissingPeople.description","",""
"Scripts/Content/Story/B_AssignAmbientInfos/B_AssignAmbientInfos_MIL_6.d:76","Ich hab' gehört, es sind einige Bürger verschwunden.","시민 몇 명이 실종되었다는 얘기를 들었어.","","False","DIA_Addon_MIL_6_MissingPeople_15_00","",""
"Scripts/Content/Story/B_AssignAmbientInfos/B_AssignAmbientInfos_MIL_6.d:77","In der Tat häufen sich die Berichte über Vermisste in den letzten Tagen.","실제로 최근 며칠 동안 실종자에 대한 보고가 늘고 있네.","","False","DIA_Addon_MIL_6_MissingPeople_06_01","",""
"Scripts/Content/Story/B_AssignAmbientInfos/B_AssignAmbientInfos_MIL_6.d:78","Ich kann mir das beim besten Willen nicht erklären.","내 상식으로는 도저히 이해할 수가 없단 말이지.","","False","DIA_Addon_MIL_6_MissingPeople_06_02","",""
"Scripts/Content/Story/B_AssignAmbientInfos/B_AssignAmbientInfos_MIL_6.d:79","Aber mehr als die Augen offen halten und Wache schieben können wir auch nicht machen.","하지만 우리도 눈을 크게 뜨고 경비병을 서는 것 외에는 달리 할 수 있는 게 없어.","","False","DIA_Addon_MIL_6_MissingPeople_06_03","",""
"Scripts/Content/Story/B_AssignAmbientInfos/B_AssignAmbientInfos_MIL_6.d:91","Erzähl mir etwas über die Paladine.","팔라딘들에 대해 얘기해 줘.","","False","DIA_MIL_6_PEOPLE.description","",""
"Scripts/Content/Story/B_AssignAmbientInfos/B_AssignAmbientInfos_MIL_6.d:104","Erzähl mir etwas über die Paladine.","팔라딘들에 대해 얘기해 줘.","","False","DIA_MIL_6_PEOPLE_15_00","",""
"Scripts/Content/Story/B_AssignAmbientInfos/B_AssignAmbientInfos_MIL_6.d:105","Seit die Paladine in Khorinis angekommen sind, haben sie sich ins obere Viertel zurückgezogen.","팔라딘들이 코리니스에 도착한 이래로, 그들은 상층 구역으로 물러나 있었다.","","False","DIA_MIL_6_PEOPLE_06_01","",""
"Scripts/Content/Story/B_AssignAmbientInfos/B_AssignAmbientInfos_MIL_6.d:106","Sie lassen niemanden mehr da rein. Außer die Bürger der Stadt und die Miliz natürlich.","그들은 이제 거기로는 아무도 들여보내지 않아. 도시의 시민들과 민병대를 빼고는 말이지.","","False","DIA_MIL_6_PEOPLE_06_02","",""
"Scripts/Content/Story/B_AssignAmbientInfos/B_AssignAmbientInfos_MIL_6.d:107","Es gibt auch noch einige Paladine am Hafen, die das Schiff bewachen. Aber die sind alles andere als gesprächig.","항구에도 배를 경비하는 팔라딘들이 몇 명 있어. 하지만 그들은 말을 섞기가 아주 까다롭지.","","False","DIA_MIL_6_PEOPLE_06_03","",""
"Scripts/Content/Story/B_AssignAmbientInfos/B_AssignAmbientInfos_MIL_6.d:119","Was gibt es über diese Stadt zu wissen?","이 도시에 대해 알아야 할 게 있나?","","False","DIA_MIL_6_LOCATION.description","",""
"Scripts/Content/Story/B_AssignAmbientInfos/B_AssignAmbientInfos_MIL_6.d:129","Was gibt es über diese Stadt zu wissen?","이 도시에 대해 알아야 할 게 있나?","","False","DIA_MIL_6_LOCATION_15_00","",""
"Scripts/Content/Story/B_AssignAmbientInfos/B_AssignAmbientInfos_MIL_6.d:130","Die Paladine haben jetzt die Kontrolle über die ganze Stadt. Die gesamte Miliz untersteht ihnen.","팔라딘들이 이제 도시 전체를 통제하고 있어. 모든 민병대가 그들의 지휘를 받지.","","False","DIA_MIL_6_LOCATION_06_01","",""
"Scripts/Content/Story/B_AssignAmbientInfos/B_AssignAmbientInfos_MIL_6.d:131","Der Kommandant der Miliz ist Lord Andre, er übt auch gleichzeitig das Amt des Richters aus.","민병대의 사령관은 안드레 경인데, 그는 판사의 직무도 겸임하고 있지.","","False","DIA_MIL_6_LOCATION_06_02","",""
"Scripts/Content/Story/B_AssignAmbientInfos/B_AssignAmbientInfos_MIL_6.d:132","Wenn du jemals mit dem Gesetz in Konflikt geraten solltest, wirst du dich vor ihm rechtfertigen müssen.","만약 법을 어기는 일이 생긴다면, 그에게 직접 해명해야 할 거다.","","False","DIA_MIL_6_LOCATION_06_03","",""
"Scripts/Content/Story/B_AssignAmbientInfos/B_AssignAmbientInfos_MIL_6.d:133","Aber er ist recht gnädig, nach allem, was man hört. Die meisten Fälle lässt er mit einer Geldstrafe davonkommen.","하지만 소문에 따르면 그는 꽤 관대하다고 하더군. 대부분은 벌금형으로 넘어가게 해 준다는군.","","False","DIA_MIL_6_LOCATION_06_04","",""
"Scripts/Content/Story/B_AssignAmbientInfos/B_AssignAmbientInfos_MIL_6.d:145","Was gibt's Neues?","새로운 소식이라도 있나?","","False","DIA_MIL_6_STANDARD.description","",""
"Scripts/Content/Story/B_AssignAmbientInfos/B_AssignAmbientInfos_MIL_6.d:155","Was gibt's Neues?","새로운 소식이라도 있나?","","False","DIA_MIL_6_STANDARD_15_00","",""
"Scripts/Content/Story/B_AssignAmbientInfos/B_AssignAmbientInfos_MIL_6.d:159","In letzter Zeit kommt immer mehr Gesindel in die Stadt.","요즘 들어 도시로 온갖 몹쓸 작자들이 점점 더 몰려들고 있어.","","False","DIA_MIL_6_STANDARD_06_01","",""
"Scripts/Content/Story/B_AssignAmbientInfos/B_AssignAmbientInfos_MIL_6.d:160","Die Diebstähle häufen sich und Lord Andre vermutet, dass eine Bande dahinter steckt.","도절이 기승을 부리고 있어서 안드레 경은 그 배후에 어떤 무리가 있을 거라고 의심하고 있지.","","False","DIA_MIL_6_STANDARD_06_02","",""
"Scripts/Content/Story/B_AssignAmbientInfos/B_AssignAmbientInfos_MIL_6.d:161","Wir haben vor kurzem das gesamte Hafenviertel auf den Kopf gestellt, aber gefunden haben wir noch nichts.","얼마 전에 항구 구역을 샅샅이 뒤져보았지만, 아직 단서조차 찾지 못했어.","","False","DIA_MIL_6_STANDARD_06_03","",""
"Scripts/Content/Story/B_AssignAmbientInfos/B_AssignAmbientInfos_MIL_6.d:166","Das Problem mit den Banditen bekommen wir langsam in den Griff, so wie's aussieht. Die Überfälle sind in letzter Zeit stark zurückgegangen.","보기에는 산적 문제가 이제 좀 통제되는 것 같군. 최근 들어 습격이 뚝 끊겼어.","","False","DIA_MIL_6_STANDARD_06_04","",""
"Scripts/Content/Story/B_AssignAmbientInfos/B_AssignAmbientInfos_MIL_6.d:171","Es wird immer schlimmer mit dem Gesindel, das in die Stadt kommt. Letzte Nacht habe ich einen Mann in schwarzer Robe durch das obere Viertel verfolgt.","도시로 기어 들어오는 불한당들 때문에 점점 더 엉망이 되어가고 있어. 지난밤에는 검은 로브를 걸친 남자가 상층 구역을 돌아다니는 걸 쫓았지.","","False","DIA_MIL_6_STANDARD_06_05","",""
"Scripts/Content/Story/B_AssignAmbientInfos/B_AssignAmbientInfos_MIL_6.d:172","Ich bin mir sicher, der führte was im Schilde. Aber als ich ihm um das Haus des Statthalters folgte, war er einfach verschwunden. Merkwürdige Gestalt ...","뭔가 수상한 짓을 꾸미고 있던 게 분명해. 하지만 총독의 집 뒤로 그를 쫓아갔을 때, 그는 온데간데없이 사라져 버렸어. 수상한 녀석이야...","","False","DIA_MIL_6_STANDARD_06_06","",""
"Scripts/Content/Story/B_AssignAmbientInfos/B_AssignAmbientInfos_MIL_6.d:177","Es heißt, Lord Hagen hat Söldner angeheuert, um gegen die Drachen zu kämpfen. Mir soll's recht sein, ich hätte keine Lust, gegen einen Drachen anzutreten.","헤이건 경이 드래곤과 싸우기 위해 용병들을 고용했다고 하더군. 나야 좋지, 내 손으로 직접 드래곤과 맞서고 싶진 않으니까.","","False","DIA_MIL_6_STANDARD_06_07","",""
"Scripts/Content/Story/B_AssignAmbientInfos/B_AssignAmbientInfos_MIL_6.d:182","Es heißt, die Drachen sind besiegt worden! Lord Hagen sammelt seine Männer, um auch die restlichen Kreaturen aus dem Minental zu vertreiben.","드래곤들이 처치되었다고 하더군! 헤이건 경은 광산 계곡에서 남은 괴물들까지 모조리 소탕하기 위해 부하들을 집결시키고 있어.","","False","DIA_MIL_6_STANDARD_06_08","",""
"Scripts/Content/Story/B_AssignAmbientInfos/B_AssignAmbientInfos_MIL_7.d:32","Ich will der Miliz beitreten!","민병대에 들어가고 싶다!","","False","DIA_MIL_7_JOIN.description","",""
"Scripts/Content/Story/B_AssignAmbientInfos/B_AssignAmbientInfos_MIL_7.d:45","Ich will der Miliz beitreten!","민병대에 들어가고 싶다!","","False","DIA_MIL_7_JOIN_15_00","",""
"Scripts/Content/Story/B_AssignAmbientInfos/B_AssignAmbientInfos_MIL_7.d:48","Du bist ja noch nicht mal Bürger von Khorinis! Warum, denkst du, sollte dich Lord Andre aufnehmen?","넌 아직 코리니스의 시민조차 아니잖아! 안드레 경이 왜 너를 받아들여야 한다고 생각하지?","","False","DIA_MIL_7_JOIN_07_01","",""
"Scripts/Content/Story/B_AssignAmbientInfos/B_AssignAmbientInfos_MIL_7.d:49","Da könnte ja jeder kommen - sich mal eben schnell 'ne Waffe und 'ne Rüstung geben lassen und dann damit verschwinden!","아무나 와서 슬쩍 무기랑 방어구만 받아낸 다음에 그대로 튀어버릴 수도 있는 노릇 아니겠어!","","False","DIA_MIL_7_JOIN_07_02","",""
"Scripts/Content/Story/B_AssignAmbientInfos/B_AssignAmbientInfos_MIL_7.d:53","Aber ich mein's ernst!","하지만 난 진심이라고!","","False","DIA_MIL_7_JOIN_15_03","",""
"Scripts/Content/Story/B_AssignAmbientInfos/B_AssignAmbientInfos_MIL_7.d:54","Dann erklär das nicht mir, sondern Lord Andre. Du findest ihn in der Kaserne.","그럼 나한테 설명하지 말고 안드레 경에게 직접 해보시지. 병영에 가면 그를 찾을 수 있을 거다.","","False","DIA_MIL_7_JOIN_07_04","",""
"Scripts/Content/Story/B_AssignAmbientInfos/B_AssignAmbientInfos_MIL_7.d:72","Was weißt du über die Paladine?","팔라딘들에 대해 아는 게 있나?","","False","DIA_MIL_7_PEOPLE.description","",""
"Scripts/Content/Story/B_AssignAmbientInfos/B_AssignAmbientInfos_MIL_7.d:85","Was weißt du über die Paladine?","팔라딘들에 대해 아는 게 있나?","","False","DIA_MIL_7_PEOPLE_15_00","",""
"Scripts/Content/Story/B_AssignAmbientInfos/B_AssignAmbientInfos_MIL_7.d:86","Nicht viel. Keiner weiß so genau, warum sie hier sind. Auch wir von der Stadtwache nicht.","별로 아는 건 없어. 그들이 왜 여기 있는지 아는 사람은 아무도 없지. 우리 도시 경비병들조차 말이야.","","False","DIA_MIL_7_PEOPLE_07_01","",""
"Scripts/Content/Story/B_AssignAmbientInfos/B_AssignAmbientInfos_MIL_7.d:87","Sie haben die Kontrolle über die Stadt übernommen, den Stadthalter aus seinem Ratssaal verjagt und den Richter seines Amtes enthoben.","그들은 도시를 장악하고, 총독을 집무실에서 내쫓았으며, 판사도 해임했어.","","False","DIA_MIL_7_PEOPLE_07_02","",""
"Scripts/Content/Story/B_AssignAmbientInfos/B_AssignAmbientInfos_MIL_7.d:88","Wenn du mich fragst, ist das 'ne gute Sache. Diese aufgeblasenen Wichtigtuer hatten eine Lektion in Demut mal bitter nötig.","내 생각엔 잘된 일이야. 그 거만하고 잘난 체하는 녀석들은 겸손을 좀 배울 필요가 있었거든.","","False","DIA_MIL_7_PEOPLE_07_03","",""
"Scripts/Content/Story/B_AssignAmbientInfos/B_AssignAmbientInfos_MIL_7.d:100","Was habe ich hier in der Stadt für Möglichkeiten?","이 도시에서 내가 할 수 있는 일에는 뭐가 있지?","","False","DIA_MIL_7_LOCATION.description","",""
"Scripts/Content/Story/B_AssignAmbientInfos/B_AssignAmbientInfos_MIL_7.d:110","Was habe ich hier in der Stadt für Möglichkeiten?","이 도시에서 내가 할 수 있는 일에는 뭐가 있지?","","False","DIA_MIL_7_LOCATION_15_00","",""
"Scripts/Content/Story/B_AssignAmbientInfos/B_AssignAmbientInfos_MIL_7.d:111","Wenn du nicht im Hafenviertel in der Gosse enden willst, such dir 'ne ordentliche Arbeit. Frag in der Unterstadt herum - vielleicht hast du Glück.","항구 구역의 시궁창에서 끝내고 싶지 않다면, 제대로 된 일자리를 찾아봐. 하층 구역에서 물어보면 운이 좋을지도 모르지.","","False","DIA_MIL_7_LOCATION_07_01","",""
"Scripts/Content/Story/B_AssignAmbientInfos/B_AssignAmbientInfos_MIL_7.d:112","Wenn du vorhast, länger hier in der Stadt zu bleiben, solltest du der Miliz beitreten oder dich zumindest im Kampf ausbilden lassen.","이 도시에 더 오래 머물 계획이라면, 민병대에 들어가거나 적어도 전투 훈련을 받는 게 좋을 거야.","","False","DIA_MIL_7_LOCATION_07_02","",""
"Scripts/Content/Story/B_AssignAmbientInfos/B_AssignAmbientInfos_MIL_7.d:113","Die Kampfausbilder in der Kaserne trainieren auch normale Bürger.","병영의 전투 교관들은 일반 시민들도 훈련시켜 주거든.","","False","DIA_MIL_7_LOCATION_07_03","",""
"Scripts/Content/Story/B_AssignAmbientInfos/B_AssignAmbientInfos_MIL_7.d:114","Bald werden die Orks kommen und dann wirst du dich über jede Stunde freuen, die du auf dem Kasernenplatz zugebracht hast.","곧 오크들이 쳐들어올 테니, 병영 광장에서 보낸 시간 하나하나에 감사하게 될 날이 올 거다.","","False","DIA_MIL_7_LOCATION_07_04","",""
"Scripts/Content/Story/B_AssignAmbientInfos/B_AssignAmbientInfos_MIL_7.d:126","Was gibt's Neues?","새로운 소식 있나?","","False","DIA_MIL_7_STANDARD.description","",""
"Scripts/Content/Story/B_AssignAmbientInfos/B_AssignAmbientInfos_MIL_7.d:136","Was gibt's Neues?","새로운 소식 있나?","","False","DIA_MIL_7_STANDARD_15_00","",""
"Scripts/Content/Story/B_AssignAmbientInfos/B_AssignAmbientInfos_MIL_7.d:144","Nach und nach verschwinden hier die Bürger. Bisher haben wir aber noch nicht herausgefunden, was mit ihnen geschehen ist. Ob die Orks dahinter stecken?","시민들이 하나둘씩 사라지고 있어. 하지만 아직 그들에게 무슨 일이 일어난 건지 알아내지 못했지. 오크들이 배후에 있는 걸까?","","False","DIA_Addon_MIL_7_STANDARD_07_00","",""
"Scripts/Content/Story/B_AssignAmbientInfos/B_AssignAmbientInfos_MIL_7.d:157","Es heißt, die Bauern lehnen sich auf. Jetzt, wo wir im Krieg mit den Orks sind, können wir so einen Mist nicht gebrauchen!","농부들이 반란을 일으켰다고 하더군. 오크들과 전쟁 중인 마판에 이딴 짓거리를 봐줄 여유는 없어!","","False","DIA_MIL_7_STANDARD_07_01","",""
"Scripts/Content/Story/B_AssignAmbientInfos/B_AssignAmbientInfos_MIL_7.d:163","Es wird Zeit, dass die Paladine den Bauernaufstand endlich beenden. Wer das Gesetzt bricht, muss bestraft werden. Gerade jetzt, wo wir im Krieg sind.","팔라딘들이 당장 저 농부들의 반란을 끝내야 할 때야. 법을 어기는 자는 처벌받아야 마땅하지. 특히 지금처럼 전쟁 중일 때는 말이야.","","False","DIA_MIL_7_STANDARD_07_02","",""
"Scripts/Content/Story/B_AssignAmbientInfos/B_AssignAmbientInfos_MIL_7.d:170","Der Söldner, der Lothar ermordet haben soll, ist angeblich unschuldig. Man hat Beweise gefunden, dass man ihm den Mord nur anhängen wollte.","로타르를 살해했다고 알려진 용병은 무죄라고 해. 그에게 살인 누명을 씌우려 했다는 증거가 발견됐어.","","False","DIA_MIL_7_STANDARD_07_03","",""
"Scripts/Content/Story/B_AssignAmbientInfos/B_AssignAmbientInfos_MIL_7.d:174","Einer von Onars Söldnern hat den ehrenwerten Paladin Lothar ermordet. Aber der Mistkerl wurde gefasst und ins Gefängnis geworfen.","오나르의 용병 중 하나가 명예로운 팔라딘 로타르를 살해했어. 하지만 그 자식은 붙잡혀 감옥에 갇혔어.","","False","DIA_MIL_7_STANDARD_07_04","",""
"Scripts/Content/Story/B_AssignAmbientInfos/B_AssignAmbientInfos_MIL_7.d:180","Einige der Söldner haben Onars Hof schon verlassen. Manche Probleme erledigen sich von selbst.","용병들 중 일부는 이미 오나르의 농장을 떠났어. 어떤 문제들은 저절로 해결되기도 하니까.","","False","DIA_MIL_7_STANDARD_07_05","",""
"Scripts/Content/Story/B_AssignAmbientInfos/B_AssignAmbientInfos_MIL_7.d:185","Die Drachen sind geschafft, aber es ist noch nicht vorbei. Als nächstes sind die Orks dran. Wir werden hier mal ordentlich aufräumen!","드래곤들은 해치웠지만, 아직 끝난 건 아니야. 다음은 오크들 차례지. 여기서 아주 싹 쓸어버릴 거다!","","False","DIA_MIL_7_STANDARD_07_06","",""
"Scripts/Content/Story/B_AssignAmbientInfos/B_AssignAmbientInfos_NOV_3.d:32","Ich brauche Hilfe beim Fegen der Novizenkammern.","견습생들의 방을 청소하는 데 도움이 필요해.","","False","DIA_NOV_3_Fegen.description","",""
"Scripts/Content/Story/B_AssignAmbientInfos/B_AssignAmbientInfos_NOV_3.d:51","Ich brauche Hilfe beim Fegen der Novizenkammern.","견습생들의 방을 청소하는 데 도움이 필요해.","","False","DIA_NOV_3_Fegen_15_00","",""
"Scripts/Content/Story/B_AssignAmbientInfos/B_AssignAmbientInfos_NOV_3.d:59","Bisher hilft dir niemand, was? Ich helfe dir nur, wenn du mindestens einen weiteren gefunden hast, der mitmacht.","아직 아무도 널 돕지 않겠다고 했나? 함께할 사람을 최소한 한 명이라도 더 찾아오면 도와주지.","","False","DIA_NOV_3_Fegen_03_01","",""
"Scripts/Content/Story/B_AssignAmbientInfos/B_AssignAmbientInfos_NOV_3.d:66","Bin ich der einzige, der dir hilft?","널 돕는 사람이 나뿐이야?","","False","DIA_NOV_3_Fegen_03_02","",""
"Scripts/Content/Story/B_AssignAmbientInfos/B_AssignAmbientInfos_NOV_3.d:67","Nein, ich habe bereits Hilfe bekommen.","아니, 이미 도움을 얻었어.","","False","DIA_NOV_3_Fegen_15_03","",""
"Scripts/Content/Story/B_AssignAmbientInfos/B_AssignAmbientInfos_NOV_3.d:68","Dann bin ich dabei.","그럼 나도 끼지.","","False","DIA_NOV_3_Fegen_03_04","",""
"Scripts/Content/Story/B_AssignAmbientInfos/B_AssignAmbientInfos_NOV_3.d:79","Hey, Bruder - ich helfe dir schon. Du musst mich nicht mehr überreden.","이봐, 형제여―내가 도와줄게. 더는 나를 설득할 필요 없어.","","False","DIA_NOV_3_Fegen_03_05","",""
"Scripts/Content/Story/B_AssignAmbientInfos/B_AssignAmbientInfos_NOV_3.d:89","Klar helfe ich dir. Wir Novizen müssen doch zusammenhalten. Eine Hand wäscht die andere.","물론 도와주지. 우리 견습생들은 서로 돕고 살아야 하니까. 십시일반이라는 말도 있잖아.","","False","DIA_NOV_3_Fegen_03_08","",""
"Scripts/Content/Story/B_AssignAmbientInfos/B_AssignAmbientInfos_NOV_3.d:90","Ich brauche nur 50 Goldstücke, weil ich noch Parlan bezahlen muss.","파를란에게 지불해야 하니까 50개의 금화만 있으면 돼.","","False","DIA_NOV_3_Fegen_03_09","",""
"Scripts/Content/Story/B_AssignAmbientInfos/B_AssignAmbientInfos_NOV_3.d:95","Vielleicht später...","나중에 하지...","","False","DIA_NOV_3_Fegen_Info.DIA_NOV_3_Fegen.DIA_NOV_3_Fegen_Nein","Info_AddChoice",""
"Scripts/Content/Story/B_AssignAmbientInfos/B_AssignAmbientInfos_NOV_3.d:99","Okay, ich bezahle.","좋아, 지불하지.","","False","DIA_NOV_3_Fegen_Info.DIA_NOV_3_Fegen.DIA_NOV_3_Fegen_Ja","Info_AddChoice",""
"Scripts/Content/Story/B_AssignAmbientInfos/B_AssignAmbientInfos_NOV_3.d:104","Ich hab doch schon zugesagt. Du hast mir geholfen und ich helfe dir.","하지만 난 이미 약속했어. 네가 날 도와줬으니 나도 널 도와야지.","","False","DIA_NOV_3_Fegen_03_06","",""
"Scripts/Content/Story/B_AssignAmbientInfos/B_AssignAmbientInfos_NOV_3.d:113","Vergiss es - dafür habe ich keine Zeit. Such dir einen anderen, der dir hilft.","됐어―그럴 시간 없어. 널 도와줄 다른 사람이나 찾아봐.","","False","DIA_NOV_3_Fegen_03_07","",""
"Scripts/Content/Story/B_AssignAmbientInfos/B_AssignAmbientInfos_NOV_3.d:119","Vielleicht später, momentan kann ich mir das nicht leisten.","나중에 하지, 지금은 여유가 없네.","","False","DIA_NOV_3_Fegen_Nein_15_00","",""
"Scripts/Content/Story/B_AssignAmbientInfos/B_AssignAmbientInfos_NOV_3.d:125","Okay, ich bezahle.","좋아, 지불하지.","","False","DIA_NOV_3_Fegen_Ja_15_00","",""
"Scripts/Content/Story/B_AssignAmbientInfos/B_AssignAmbientInfos_NOV_3.d:126","Gut, dann werde ich mal loslegen.","좋아, 그럼 어디 한번 시작해볼까.","","False","DIA_NOV_3_Fegen_Ja_03_01","",""
"Scripts/Content/Story/B_AssignAmbientInfos/B_AssignAmbientInfos_NOV_3.d:148","Willst du 'ne Wurst?","소시지 좀 먹을래?","","False","DIA_NOV_3_Wurst.description","",""
"Scripts/Content/Story/B_AssignAmbientInfos/B_AssignAmbientInfos_NOV_3.d:164","Willst du 'ne Wurst?","소시지 좀 먹을래?","","False","DIA_NOV_3_Wurst_15_00","",""
"Scripts/Content/Story/B_AssignAmbientInfos/B_AssignAmbientInfos_NOV_3.d:165","Klar, immer her damit. So 'ne Wurst ist nicht zu verachten.","물론이지, 이리 내. 이런 소시지는 마다할 이유가 없지.","","False","DIA_NOV_3_Wurst_03_01","",""
"Scripts/Content/Story/B_AssignAmbientInfos/B_AssignAmbientInfos_NOV_3.d:189","Ich will ein Magier werden!","나는 마법사가 되고 싶다!","","False","DIA_NOV_3_JOIN.description","",""
"Scripts/Content/Story/B_AssignAmbientInfos/B_AssignAmbientInfos_NOV_3.d:202","Ich will ein Magier werden!","나는 마법사가 되고 싶다!","","False","DIA_NOV_3_JOIN_15_00","",""
"Scripts/Content/Story/B_AssignAmbientInfos/B_AssignAmbientInfos_NOV_3.d:203","Das wollen viele der Novizen. Aber nur den wenigsten ist es bestimmt, als Erwählte die Chance zu bekommen, in den Kreis des Feuers aufgenommen zu werden.","견습생들 중 대다수가 그걸 원하지. 하지만 선택받은 자로서 불의 서클에 받아들여질 기회를 얻는 이는 극히 소수에 불과해.","","False","DIA_NOV_3_JOIN_03_01","",""
"Scripts/Content/Story/B_AssignAmbientInfos/B_AssignAmbientInfos_NOV_3.d:204","Ein Magier vom Kreis des Feuers zu sein, ist die höchste Ehre, die dir in unserem Orden zuteil werden kann.","불의 서클의 마법사가 되는 것은 우리 교단에서 받을 수 있는 가장 높은 명예라네.","","False","DIA_NOV_3_JOIN_03_02","",""
"Scripts/Content/Story/B_AssignAmbientInfos/B_AssignAmbientInfos_NOV_3.d:205","Du wirst hart dafür arbeiten müssen, um deine Chance zu bekommen.","기회를 얻으려면 넌 피나는 노력을 해야 할 거야.","","False","DIA_NOV_3_JOIN_03_03","",""
"Scripts/Content/Story/B_AssignAmbientInfos/B_AssignAmbientInfos_NOV_3.d:217","Wer führt dieses Kloster?","이 수도원을 이끄는 자는 누구인가?","","False","DIA_NOV_3_PEOPLE.description","",""
"Scripts/Content/Story/B_AssignAmbientInfos/B_AssignAmbientInfos_NOV_3.d:227","Wer führt dieses Kloster?","이 수도원을 이끄는 자는 누구인가?","","False","DIA_NOV_3_PEOPLE_15_00","",""
"Scripts/Content/Story/B_AssignAmbientInfos/B_AssignAmbientInfos_NOV_3.d:228","Wir Novizen dienen den Magiern vom Kreis des Feuers. Diese wiederum werden angeführt vom hohen Rat, der aus den drei mächtigsten Magiern besteht.","우리 견습생들은 불의 서클의 마법사들을 섬기고 있지. 그리고 그 마법사들은 가장 강력한 세 명의 마법사로 구성된 최고 평의회의 지도를 받는다네.","","False","DIA_NOV_3_PEOPLE_03_01","",""
"Scripts/Content/Story/B_AssignAmbientInfos/B_AssignAmbientInfos_NOV_3.d:229","Aber für alle Belange der Novizen ist Parlan zuständig. Er ist immer im Hof und überwacht die Arbeit der Novizen.","하지만 견습생들의 모든 업무는 파를란이 담당하고 있어. 그는 항상 안마당에 있으면서 견습생들의 일을 감독하거든.","","False","DIA_NOV_3_PEOPLE_03_02","",""
"Scripts/Content/Story/B_AssignAmbientInfos/B_AssignAmbientInfos_NOV_3.d:241","Was kannst du mir über dieses Kloster erzählen?","이 수도원에 대해 말해주겠나?","","False","DIA_NOV_3_LOCATION.description","",""
"Scripts/Content/Story/B_AssignAmbientInfos/B_AssignAmbientInfos_NOV_3.d:251","Was kannst du mir über dieses Kloster erzählen?","이 수도원에 대해 말해주겠나?","","False","DIA_NOV_3_LOCATION_15_00","",""
"Scripts/Content/Story/B_AssignAmbientInfos/B_AssignAmbientInfos_NOV_3.d:252","Wir bauen uns hier unsere bescheidene Verpflegung selbst an. Wir züchten Schafe und keltern Wein.","우리는 여기서 소박한 식량을 직접 재배하고 있어. 양을 기르고 포도주도 담그지.","","False","DIA_NOV_3_LOCATION_03_01","",""
"Scripts/Content/Story/B_AssignAmbientInfos/B_AssignAmbientInfos_NOV_3.d:253","Es gibt eine Bibliothek, aber deren Nutzung ist den Magiern und den ausgesuchten Novizen vorbehalten.","도서관이 있긴 하지만, 그곳은 마법사들과 선택받은 견습생들만 이용할 수 있다네.","","False","DIA_NOV_3_LOCATION_03_02","",""
"Scripts/Content/Story/B_AssignAmbientInfos/B_AssignAmbientInfos_NOV_3.d:254","Wir anderen Novizen kümmern uns in erster Linie darum, dass es den Magiern vom Kreis des Feuers an nichts fehlt.","우리 같은 다른 견습생들은 주로 불의 서클의 마법사들이 부족함 없이 지내도록 돌보는 일을 하지.","","False","DIA_NOV_3_LOCATION_03_03","",""
"Scripts/Content/Story/B_AssignAmbientInfos/B_AssignAmbientInfos_NOV_3.d:266","Was gibt's Neues?","새로운 소식 있나?","","False","DIA_NOV_3_STANDARD.description","",""
"Scripts/Content/Story/B_AssignAmbientInfos/B_AssignAmbientInfos_NOV_3.d:276","Was gibt's Neues?","새로운 소식 있나?","","False","DIA_NOV_3_STANDARD_15_00","",""
"Scripts/Content/Story/B_AssignAmbientInfos/B_AssignAmbientInfos_NOV_3.d:282","Das fragt der Richtige! Alle Gespräche unter den Novizen drehen sich nur um dich.","물어볼 걸 물어봐야지! 견습생들의 대화 주제는 온통 너뿐이라고.","","False","DIA_NOV_3_STANDARD_03_01","",""
"Scripts/Content/Story/B_AssignAmbientInfos/B_AssignAmbientInfos_NOV_3.d:283","Es kommt nur sehr selten vor, dass ein Neuer wie du in den Kreis des Feuers erwählt wird.","너처럼 새로 온 자가 불의 서클에 선택받는 일은 아주 드문 일이라네.","","False","DIA_NOV_3_STANDARD_03_02","",""
"Scripts/Content/Story/B_AssignAmbientInfos/B_AssignAmbientInfos_NOV_3.d:287","Es ist wieder soweit. Einer der Novizen wird bald in den Kreis des Feuers aufgenommen.","때가 다시 찾아왔어. 견습생 중 한 명이 곧 불의 서클에 받아들여질 거야.","","False","DIA_NOV_3_STANDARD_03_03","",""
"Scripts/Content/Story/B_AssignAmbientInfos/B_AssignAmbientInfos_NOV_3.d:288","Die Prüfungen werden bald beginnen.","시험이 곧 시작될 것이다.","","False","DIA_NOV_3_STANDARD_03_04","",""
"Scripts/Content/Story/B_AssignAmbientInfos/B_AssignAmbientInfos_NOV_3.d:298","Unser Orden wurde von Beliar berührt! Das Böse ist sehr stark, wenn es ihm gelingt, selbst hier Verbündete zu finden.","우리 교단이 벨리알에게 더럽혀졌어! 이곳에서조차 동맹을 찾아낼 수 있다면 악의 세력은 정말로 강력한 거야.","","False","DIA_NOV_3_STANDARD_03_05","",""
"Scripts/Content/Story/B_AssignAmbientInfos/B_AssignAmbientInfos_NOV_3.d:299","Pedro war schon seit Jahren hier im Kloster. Ich glaube, die viele Zeit außerhalb dieser Mauern hat seinen Glauben geschwächt und ihn so anfällig für die Verlockungen Beliars gemacht.","페드로는 수년 동안 이 수도원에 있었어. 내 생각엔 이 성벽 밖에서 보낸 오랜 시간이 그의 신앙을 약화시키고, 벨리알의 유혹에 쉽게 넘어가도록 만든 것 같아.","","False","DIA_NOV_3_STANDARD_03_06","",""
"Scripts/Content/Story/B_AssignAmbientInfos/B_AssignAmbientInfos_NOV_3.d:303","Du bist zur rechten Zeit gekommen. Innos selbst hätte den Zeitpunkt deines Erscheinens nicht besser wählen können.","자네는 알맞은 때에 찾아왔어. 이노스 그분조차도 자네가 나타날 시기를 이보다 더 잘 고를 수는 없었을 거다.","","False","DIA_NOV_3_STANDARD_03_07","",""
"Scripts/Content/Story/B_AssignAmbientInfos/B_AssignAmbientInfos_NOV_3.d:304","Du wirst als Retter des Auges in die Geschichte unseres Klosters eingehen.","자네는 이노스의 눈을 구한 구원자로 우리 수도원의 역사에 남게 될 거야.","","False","DIA_NOV_3_STANDARD_03_08","",""
"Scripts/Content/Story/B_AssignAmbientInfos/B_AssignAmbientInfos_NOV_3.d:310","Die Nachrichten aus dem Minental sind erschreckend. Ich glaube, dass Innos uns eine schwere Prüfung auferlegt hat.","광산 계곡에서 들려온 소식은 끔찍하군. 이노스께서 우리에게 혹독한 시련을 내리신 것 같아.","","False","DIA_NOV_3_STANDARD_03_09","",""
"Scripts/Content/Story/B_AssignAmbientInfos/B_AssignAmbientInfos_NOV_3.d:314","Es heißt, es gibt keine Nachricht von den Paladinen, die ins Minental ausgezogen sind. Der Hohe Rat wird am Besten wissen, was zu tun ist.","광산 골짜기로 떠난 팔라딘들한테서는 아무 소식도 없다고 하더군. 고위 평의회에서 알아서 잘 판단하겠지.","","False","DIA_NOV_3_STANDARD_03_10","",""
"Scripts/Content/Story/B_AssignAmbientInfos/B_AssignAmbientInfos_NOV_3.d:321","Es heißt, wir werden mit der Hilfe unseres Herrn die Drachen vernichten. Der Zorn Innos' wird die Kreaturen Beliars treffen.","우리의 주님의 도움으로 드래곤들을 섬멸할 수 있을 것이라 하네. 이노스의 분노가 벨리알의 피조물들을 덮칠 거야.","","False","DIA_NOV_3_STANDARD_03_11","",""
"Scripts/Content/Story/B_AssignAmbientInfos/B_AssignAmbientInfos_NOV_3.d:326","Innos sei Dank, es gibt keine neue Krise. Wir müssen den Weg unseres Herrn weiter gehen, denn nur mit seiner Hilfe werden wir gegen das Böse bestehen können.","이노스께 감사하게도 새로운 위기는 없어. 우리는 주님의 길을 계속 걸어야 해. 그분의 도움이 있어야만 악에 맞설 수 있으니까.","","False","DIA_NOV_3_STANDARD_03_12","",""
"Scripts/Content/Story/B_AssignAmbientInfos/B_AssignAmbientInfos_NOV_8.d:32","Ich brauche Hilfe beim Fegen der Novizenkammern.","견습생들의 방을 청소하는 데 도움이 필요해.","","False","DIA_NOV_8_Fegen.description","",""
"Scripts/Content/Story/B_AssignAmbientInfos/B_AssignAmbientInfos_NOV_8.d:50","Ich brauche Hilfe beim Fegen der Novizenkammern.","견습생들의 방을 청소하는 데 도움이 필요해.","","False","DIA_NOV_8_Fegen_15_00","",""
"Scripts/Content/Story/B_AssignAmbientInfos/B_AssignAmbientInfos_NOV_8.d:56","Oh Mann. Du bist gerade mal hier und lässt dir direkt die Fegerei aufs Auge drücken?","세상에. 이제 막 이곳에 왔는데 벌써 청소 당번을 떠맡게 된 거야?","","False","DIA_NOV_8_Fegen_08_01","",""
"Scripts/Content/Story/B_AssignAmbientInfos/B_AssignAmbientInfos_NOV_8.d:57","Tröste dich, mir ist es genauso gegangen, als ich hier neu war. Und deswegen helfe ich dir. Wäre doch gelacht, wenn wir das nicht hinkriegen.","위로하진 않겠지만, 내가 여기 처음 왔을 때도 똑같았어. 그래서 널 도와주려는 거야. 우리가 못 해낼 리가 없잖아.","","False","DIA_NOV_8_Fegen_08_02","",""
"Scripts/Content/Story/B_AssignAmbientInfos/B_AssignAmbientInfos_NOV_8.d:69","Bruder, ich weiß, in welcher Situation du steckst. Und ich hab dir schon gesagt, dass ich dir helfe. Und das mach ich.","형제여, 네가 처한 상황은 잘 알아. 그리고 너를 돕겠다고 이미 말했잖아. 그래서 도와주는 거고.","","False","DIA_NOV_8_Fegen_08_03","",""
"Scripts/Content/Story/B_AssignAmbientInfos/B_AssignAmbientInfos_NOV_8.d:77","Hey, ich würd's ja tun, aber ich bin schwer beschäftigt.","이봐, 나도 그러고 싶지만 지금 눈코 뜰 새 없이 바쁘거든.","","False","DIA_NOV_8_Fegen_08_04","",""
"Scripts/Content/Story/B_AssignAmbientInfos/B_AssignAmbientInfos_NOV_8.d:90","Wie wär's mit 'ner leckeren Schafswurst?","맛있는 양고기 소시지 좀 줄까?","","False","DIA_NOV_8_Wurst.description","",""
"Scripts/Content/Story/B_AssignAmbientInfos/B_AssignAmbientInfos_NOV_8.d:106","Wie wär's mit 'ner leckeren Schafswurst?","맛있는 양고기 소시지 좀 줄까?","","False","DIA_NOV_8_Wurst_15_00","",""
"Scripts/Content/Story/B_AssignAmbientInfos/B_AssignAmbientInfos_NOV_8.d:107","Da sage ich nicht nein. Danke Mann - das ist jetzt genau das Richtige.","마땅히 사양 안 하지. 고마워, 친구―지금 딱 필요했던 거야.","","False","DIA_NOV_8_Wurst_08_01","",""
"Scripts/Content/Story/B_AssignAmbientInfos/B_AssignAmbientInfos_NOV_8.d:131","Was muß ich tun, um Magier zu werden?","마법사가 되려면 어떻게 해야 하지?","","False","DIA_NOV_8_JOIN.description","",""
"Scripts/Content/Story/B_AssignAmbientInfos/B_AssignAmbientInfos_NOV_8.d:144","Was muß ich tun, um Magier zu werden?","마법사가 되려면 어떻게 해야 하지?","","False","DIA_NOV_8_JOIN_15_00","",""
"Scripts/Content/Story/B_AssignAmbientInfos/B_AssignAmbientInfos_NOV_8.d:145","Ein Erwählter Innos' wirst du erst, wenn die Hohen Magier des Feuers es zulassen.","높은 불의 마법사들께서 허락해야 비로소 이노스의 선택받은 자가 될 수 있다네.","","False","DIA_NOV_8_JOIN_08_01","",""
"Scripts/Content/Story/B_AssignAmbientInfos/B_AssignAmbientInfos_NOV_8.d:146","Als Novizen ist es uns untersagt, uns mit der Runenmagie zu befassen - und nur mit der Erlaubnis der Magier dürfen wir die alten Schriften lesen.","견습생인 우리는 룬 마법을 연구하는 것이 금지되어 있어. 그리고 마법사들의 허락이 있어야만 고대의 문서를 읽을 수 있지.","","False","DIA_NOV_8_JOIN_08_02","",""
"Scripts/Content/Story/B_AssignAmbientInfos/B_AssignAmbientInfos_NOV_8.d:158","Wer leitet das Kloster?","수도원을 지휘하는 자는 누구인가?","","False","DIA_NOV_8_PEOPLE.description","",""
"Scripts/Content/Story/B_AssignAmbientInfos/B_AssignAmbientInfos_NOV_8.d:168","Wer leitet das Kloster?","수도원을 지휘하는 자는 누구인가?","","False","DIA_NOV_8_PEOPLE_15_00","",""
"Scripts/Content/Story/B_AssignAmbientInfos/B_AssignAmbientInfos_NOV_8.d:169","Der hohe Rat. Er wird gebildet von den drei mächtigsten Magiern unseres Ordens. Sie beraten sich täglich in der Kirche.","최고 평의회라네. 우리 교단에서 가장 강력한 세 명의 마법사로 구성되어 있지. 그들은 매일 교회에서 회의를 연다네.","","False","DIA_NOV_8_PEOPLE_08_01","",""
"Scripts/Content/Story/B_AssignAmbientInfos/B_AssignAmbientInfos_NOV_8.d:170","Die Erwählten Innos' sind allesamt Magier. Innos hat sie mit dieser Gabe ausgestattet, damit sie seinen Willen auf Erden durchsetzen können.","이노스의 선택받은 자들은 모두 마법사라네. 이노스께서 그들이 지상에서 자신의 뜻을 이룰 수 있도록 이 선물을 주신 거지.","","False","DIA_NOV_8_PEOPLE_08_02","",""
"Scripts/Content/Story/B_AssignAmbientInfos/B_AssignAmbientInfos_NOV_8.d:182","Erzähl mir etwas über dieses Kloster.","이 수도원에 대해 이야기해 주게.","","False","DIA_NOV_8_LOCATION.description","",""
"Scripts/Content/Story/B_AssignAmbientInfos/B_AssignAmbientInfos_NOV_8.d:192","Erzähl mir etwas über dieses Kloster.","이 수도원에 대해 이야기해 주게.","","False","DIA_NOV_8_LOCATION_15_00","",""
"Scripts/Content/Story/B_AssignAmbientInfos/B_AssignAmbientInfos_NOV_8.d:193","Es ist uralt. Es stammt noch aus der Zeit vor Rhobar, dem Ersten.","아주 오래된 곳이지. 최초의 로바르 시대보다도 더 오래전부터 존재했어.","","False","DIA_NOV_8_LOCATION_08_01","",""
"Scripts/Content/Story/B_AssignAmbientInfos/B_AssignAmbientInfos_NOV_8.d:194","Unter dem Kloster sind die Katakomben. Sie erstrecken sich bis tief in den Berg hinein.","수도원 아래에는 지하 묘지가 있다네. 산속 깊은 곳까지 뻗어 있지.","","False","DIA_NOV_8_LOCATION_08_02","",""
"Scripts/Content/Story/B_AssignAmbientInfos/B_AssignAmbientInfos_NOV_8.d:207","Gibt's irgendwelche Neuigkeiten?","새로운 소식이라도 있나?","","False","DIA_NOV_8_STANDARD.description","",""
"Scripts/Content/Story/B_AssignAmbientInfos/B_AssignAmbientInfos_NOV_8.d:217","Gibt's irgendwelche Neuigkeiten?","새로운 소식이라도 있나?","","False","DIA_NOV_8_STANDARD_15_00","",""
"Scripts/Content/Story/B_AssignAmbientInfos/B_AssignAmbientInfos_NOV_8.d:223","Das kann man wohl sagen. Es ist bestimmt schon seit über hundert Jahren nicht mehr vorgekommen, dass ein Novize in so kurzer Zeit in den Kreis des Feuers aufgenommen wurde!","그렇게 말할 수 있지. 견습생이 이렇게 짧은 시간 안에 불의 서클에 받아들여진 것은 백 년이 넘도록 없었던 일일 거야!","","False","DIA_NOV_8_STANDARD_08_01","",""
"Scripts/Content/Story/B_AssignAmbientInfos/B_AssignAmbientInfos_NOV_8.d:224","Ich hoffe, dass auch mir eines Tages diese Ehre zuteil wird. Ich werde hart dafür arbeiten.","나에게도 언젠가 그런 영광이 찾아오기를 바라네. 그러기 위해 열심히 노력할 거야.","","False","DIA_NOV_8_STANDARD_08_02","",""
"Scripts/Content/Story/B_AssignAmbientInfos/B_AssignAmbientInfos_NOV_8.d:228","Vor Kurzem sind die Paladine in Khorinis eingetroffen. Einer von ihnen ist hier im Kloster, um zu beten.","얼마 전에 팔라딘들이 코리니스에 도착했어. 그들 중 한 명은 기도하기 위해 이 수도원에 와 있지.","","False","DIA_NOV_8_STANDARD_08_03","",""
"Scripts/Content/Story/B_AssignAmbientInfos/B_AssignAmbientInfos_NOV_8.d:238","Ich kann es noch gar nicht glauben. Einer von uns hat das Kloster verraten und das Auge Innos' gestohlen.","아직도 믿을 수가 없어. 우리 중 한 명이 수도원을 배신하고 이노스의 눈을 훔쳐갔어.","","False","DIA_NOV_3_STANDARD_08_04","",""
"Scripts/Content/Story/B_AssignAmbientInfos/B_AssignAmbientInfos_NOV_8.d:239","Es war unsere Aufgabe, eine Gemeinschaft zu bilden, doch wir waren zu schwach, nur so konnte es Beliar gelingen, einen der Unsrigen auf seine Seite zu ziehen.","우리의 임무는 공동체를 이루는 것이었지만, 우리는 너무 약했어. 벨리알이 우리 중 한 명을 자기 편으로 끌어들일 수 있었던 건 오직 그 이유 때문이야.","","False","DIA_NOV_3_STANDARD_08_05","",""
"Scripts/Content/Story/B_AssignAmbientInfos/B_AssignAmbientInfos_NOV_8.d:243","Innos sei gepriesen, wir konnten dem Feind das Auge Innos' wieder abnehmen.","이노스께 찬미를, 적의 손에서 이노스의 눈을 다시 찾아올 수 있었어.","","False","DIA_NOV_3_STANDARD_08_06","",""
"Scripts/Content/Story/B_AssignAmbientInfos/B_AssignAmbientInfos_NOV_8.d:244","Dein Mut kann für viele verzweifelte Seelen ein Vorbild sein und ihnen helfen, diese dunklen Zeiten zu überstehen.","자네의 용기는 절망에 빠진 많은 영혼들에게 모범이 되어 이 어두운 시기를 견뎌낼 수 있도록 도울 거야.","","False","DIA_NOV_3_STANDARD_08_07","",""
"Scripts/Content/Story/B_AssignAmbientInfos/B_AssignAmbientInfos_NOV_8.d:250","Ich habe von Drachen gehört und von einer Armee des Bösen. Innos steh uns bei!","드래곤들과 악의 군대에 대해 들었어. 이노스여, 우리를 도우소서!","","False","DIA_NOV_8_STANDARD_08_08","",""
"Scripts/Content/Story/B_AssignAmbientInfos/B_AssignAmbientInfos_NOV_8.d:254","Der hohe Rat ist sehr besorgt über die Situation, in der sich unsere Paladine befinden. Es gibt seit einiger Zeit schon keine Nachricht aus dem Minental.","고위 평의회는 우리 팔라딘들이 처한 상황을 아주 걱정하고 있어. 광산 계곡에서는 한동안 아무 소식도 없었어.","","False","DIA_NOV_8_STANDARD_08_09","",""
"Scripts/Content/Story/B_AssignAmbientInfos/B_AssignAmbientInfos_NOV_8.d:261","Nein. Und ich danke unserem Herrn dafür. Mit dem Auge Innos' wird es uns gelingen, die Drachen zu besiegen!","아니. 그리고 우리 주님께 감사드리고 있지. 이노스의 눈과 함께라면 우리는 드래곤들을 물리칠 수 있을 거야!","","False","DIA_NOV_8_STANDARD_08_10","",""
"Scripts/Content/Story/B_AssignAmbientInfos/B_AssignAmbientInfos_NOV_8.d:266","Ja. Wir haben den Sieg über die Drachen errungen! Innos hat uns gezeigt, dass wir die Hoffnung niemals aufgeben dürfen.","그래. 우리는 드래곤들을 상대로 승리를 거두었어! 이노스께서는 우리가 결코 희망을 포기해서는 안 된다는 것을 보여주셨지.","","False","DIA_NOV_8_STANDARD_08_11","",""
"Scripts/Content/Story/B_AssignAmbientInfos/B_AssignAmbientInfos_NOV_8.d:267","Doch es gibt viele Schatten und wir werden viele Feuer entzünden müssen, um sie zu vertreiben.","하지만 어둠이 여전히 많으니, 그것들을 몰아내려면 많은 불을 피워야 할 거야.","","False","DIA_NOV_8_STANDARD_08_12","",""
"Scripts/Content/Story/B_AssignAmbientInfos/B_AssignAmbientInfos_OUT_1.d:50","Seit die Barriere um die Strafkolonie weg ist, haben wir ständig Ärger mit Banditen.","형벌 식민지를 둘러싼 장벽이 사라진 이후로, 우리는 끊임없이 산적들 때문에 골치를 썩이고 있어.","","False","DIA_OUT_1_STANDARD_01_00","",""
"Scripts/Content/Story/B_AssignAmbientInfos/B_AssignAmbientInfos_OUT_1.d:55","Auf die Miliz ist kein Verlass. Wir müssen uns selbst verteidigen.","민병대는 믿을 게 못 돼. 우리 스스로를 지켜야 한다고.","","False","DIA_OUT_1_STANDARD_01_01","",""
"Scripts/Content/Story/B_AssignAmbientInfos/B_AssignAmbientInfos_OUT_1.d:60","Ich lass mich für niemanden einspannen. Weder vom König, noch von dem fetten Onar. Ich kämpfe nur für mich selbst.","난 누구에게도 이용당하지 않아. 왕도, 그 뚱뚱한 오나르도 안 돼. 난 오직 나 자신을 위해서만 싸운다.","","False","DIA_OUT_1_STANDARD_01_02","",""
"Scripts/Content/Story/B_AssignAmbientInfos/B_AssignAmbientInfos_OUT_13.d:50","Bisher konnten wir uns die Orks immer vom Hals halten. Aber in letzter Zeit werden es immer mehr.","지금까지는 오크들이 우리를 건드리지 못하게 막아낼 수 있었다. 하지만 최근 들어 그들이 점점 더 많아지고 있어.","","False","DIA_OUT_1_STANDARD_13_00","",""
"Scripts/Content/Story/B_AssignAmbientInfos/B_AssignAmbientInfos_OUT_13.d:55","Die Miliz kommt uns auch nicht zu Hilfe. Sie kommt nur aus der Stadt, um uns unsere Ernte und unser Vieh wegzunehmen.","민병대가 우리를 도와주러 오는 것도 아니야. 그들은 도시에서 나와서 우리의 수확물과 가축을 빼앗아 가기만 할 뿐이지.","","False","DIA_OUT_1_STANDARD_13_01","",""
"Scripts/Content/Story/B_AssignAmbientInfos/B_AssignAmbientInfos_OUT_13.d:60","Onar ist verrückt, sich mit der Stadt anzulegen, gerade jetzt, wo die Paladine da sind.","오나르는 정신이 나갔어, 특히 팔라딘들이 와 있는 마판에 도시와 싸우려 들다니.","","False","DIA_OUT_1_STANDARD_13_02","",""
"Scripts/Content/Story/B_AssignAmbientInfos/B_AssignAmbientInfos_OUT_7.d:50","Hier draußen ist es in letzte Zeit immer gefährlicher geworden. Und die Feldräuber werden zu einer echten Plage.","요즘 이 바깥은 점점 더 위험해지고 있어. 게다가 필드 레이더들이 아주 골칫거리가 되었지.","","False","DIA_OUT_7_STANDARD_07_00","",""
"Scripts/Content/Story/B_AssignAmbientInfos/B_AssignAmbientInfos_OUT_7.d:55","Wir müssen unseren Teil an die Stadt abgeben. Tun wir's nicht, bekommen wir am Ende noch Ärger mit den Paladinen.","우리는 수확물의 일부를 도시에 바쳐야 해. 그러지 않으면 결국 팔라딘들과 곤란한 일이 생길 거야.","","False","DIA_OUT_7_STANDARD_07_01","",""
"Scripts/Content/Story/B_AssignAmbientInfos/B_AssignAmbientInfos_OUT_7.d:60","Der Aufstand von Onar wird noch schwere Folgen haben. Ich halt mich lieber aus der Sache raus.","오나르의 반란은 심각한 결과를 초래할 거야. 난 이 일에서 빠져나와 있는 게 좋겠어.","","False","DIA_OUT_7_STANDARD_07_02","",""
"Scripts/Content/Story/B_AssignAmbientInfos/B_AssignAmbientInfos_OcPAL_4.d:32","Wer hat hier das Kommando?","여기 지휘관은 누구인가요?","","False","DIA_OCPAL_4_PEOPLE.description","",""
"Scripts/Content/Story/B_AssignAmbientInfos/B_AssignAmbientInfos_OcPAL_4.d:42","Wer hat hier das Kommando?","여기 지휘관은 누구인가요?","","False","DIA_OCPAL_4_PEOPLE_15_00","",""
"Scripts/Content/Story/B_AssignAmbientInfos/B_AssignAmbientInfos_OcPAL_4.d:43","Kommandant Garond. Er befindet sich im größten Haus hier in der Burg.","가론드 사령관님이시다. 성 안에 있는 가장 큰 건물에 계시지.","","False","DIA_OCPAL_4_PEOPLE_04_01","",""
"Scripts/Content/Story/B_AssignAmbientInfos/B_AssignAmbientInfos_OcPAL_4.d:55","Was kannst du mir über das Minental erzählen?","광산 계곡에 대해 무엇을 말해줄 수 있나?","","False","DIA_OCPAL_4_LOCATION.description","",""
"Scripts/Content/Story/B_AssignAmbientInfos/B_AssignAmbientInfos_OcPAL_4.d:65","Was kannst du mir über das Minental erzählen?","광산 계곡에 대해 무엇을 말해줄 수 있나?","","False","DIA_OCPAL_4_LOCATION_15_00","",""
"Scripts/Content/Story/B_AssignAmbientInfos/B_AssignAmbientInfos_OcPAL_4.d:66","Soviel ich weiß, gibt es mehrere Minen da draußen - wenn die nicht schon alle von den Orks überrannt wurden.","내 알기로 저 바깥에는 여러 개의 광산이 있어―이미 오크들에게 전부 짓밟히지 않았다면 말이지.","","False","DIA_OCPAL_4_LOCATION_04_01","",""
"Scripts/Content/Story/B_AssignAmbientInfos/B_AssignAmbientInfos_OcPAL_4.d:67","Die Trupps bestehen zum größten Teil aus Gefangenen, aber es sind auch einige Paladine unter ihnen.","부대의 대부분은 죄수들로 이루어져 있지만, 그들 중에는 팔라딘들도 몇 명 포함되어 있다.","","False","DIA_OCPAL_4_LOCATION_04_02","",""
"Scripts/Content/Story/B_AssignAmbientInfos/B_AssignAmbientInfos_OcPAL_4.d:79","Wie ist die Lage?","상황은 어때?","","False","DIA_OCPAL_4_STANDARD.description","",""
"Scripts/Content/Story/B_AssignAmbientInfos/B_AssignAmbientInfos_OcPAL_4.d:93","Die Orks haben uns umzingelt! Aber wir werden uns bis zum letzten Mann verteidigen! Und Innos wird uns gegen die Drachen beistehen!","오크들이 우리를 포위했다! 하지만 우리는 최후의 한 사람까지 맞서 싸울 것이다! 그리고 이노스께서 드래곤들에 맞서는 우리를 도우실 것이다!","","False","DIA_OCPAL_4_STANDARD_04_01","",""
"Scripts/Content/Story/B_AssignAmbientInfos/B_AssignAmbientInfos_OcPAL_4.d:100","Es wird nicht mehr lange dauern, bis die Orks angreifen. Wo bleibt die verdammte Verstärkung?","오크들이 공격해 오는 건 시간문제야. 저주받을 증원군은 대체 언제 오는 거야?","","False","DIA_OCPAL_4_STANDARD_04_02","",""
"Scripts/Content/Story/B_AssignAmbientInfos/B_AssignAmbientInfos_OcPAL_4.d:103","Du glaubst doch nicht im Ernst, dass ihr Drachenjäger wirklich eine Chance gegen ALLE Drachen habt?","설마 너희 드래곤 헌터들이 모든 드래곤을 상대로 정말 승산이 있다고 진심으로 믿는 건 아니겠지?","","False","DIA_OCPAL_4_STANDARD_04_03","",""
"Scripts/Content/Story/B_AssignAmbientInfos/B_AssignAmbientInfos_OcPAL_4.d:107","Diese sogenannten Drachenjäger werden nicht viel ausrichten können!","그 소위 드래곤 헌터라는 자들은 별 도움이 안 될 거다!","","False","DIA_OCPAL_4_STANDARD_04_04","",""
"Scripts/Content/Story/B_AssignAmbientInfos/B_AssignAmbientInfos_OcPAL_4.d:112","Innos sei Dank! Diese verdammten Bestien sind besiegt worden!","이노스께 감사! 저주받은 짐승들이 쓰러졌다!","","False","DIA_OCPAL_4_STANDARD_04_05","",""
"Scripts/Content/Story/B_AssignAmbientInfos/B_AssignAmbientInfos_OcPAL_4.d:120","Der Tod der Drachen scheint die Orks nicht sonderlich zu beeindrucken. Warum in Innos' Namen ziehen sie nicht ab? Irgendeine Teufelei ist hier im Gange.","드래곤들이 죽었는데도 오크들은 별로 동요하는 것 같지 않군. 이노스의 이름으로 어째서 물러나지 않는 거지? 뭔가 흉계가 꾸며지고 있어.","","False","DIA_OCPAL_4_STANDARD_04_06","",""
"Scripts/Content/Story/B_AssignAmbientInfos/B_AssignAmbientInfos_OcPAL_4.d:124","Das verdammte Tor ist verklemmt. Die Orks kommen ungehindert in die Burg.","망할 성문이 끼어버렸어. 오크들이 거침없이 성 안으로 들이닥치고 있다고.","","False","DIA_OCPAL_4_STANDARD_04_07","",""
"Scripts/Content/Story/B_AssignAmbientInfos/B_AssignAmbientInfos_OcPAL_4.d:125","Jemand muss Lord Hagen informieren. Wir brauchen ihn jetzt HIER.","누군가 헤이건 경께 알려야 해. 지금 당장 그분이 여기에 필요하다고.","","False","DIA_OCPAL_4_STANDARD_04_08","",""
"Scripts/Content/Story/B_AssignAmbientInfos/B_AssignAmbientInfos_OcPAL_9.d:89","Wie ist die Lage?","상황은 어때?","","False","DIA_OCPAL_4_STANDARD_15_00","",""
"Scripts/Content/Story/B_AssignAmbientInfos/B_AssignAmbientInfos_OcPAL_9.d:32","Wer hat hier das Kommando?","여기의 지휘관은 누구인가?","","False","DIA_OCPAL_9_PEOPLE.description","",""
"Scripts/Content/Story/B_AssignAmbientInfos/B_AssignAmbientInfos_OcPAL_9.d:42","Wer hat hier das Kommando?","여기의 지휘관은 누구인가?","","False","DIA_OCPAL_9_PEOPLE_15_00","",""
"Scripts/Content/Story/B_AssignAmbientInfos/B_AssignAmbientInfos_OcPAL_9.d:43","Garond ist der Kommandant der Burg. Er ist nicht gerade um seine Aufgabe zu beneiden.","가론드가 성의 지휘관이야. 그의 임무는 결코 부러워할 만한 게 아니지.","","False","DIA_OCPAL_9_PEOPLE_09_01","",""
"Scripts/Content/Story/B_AssignAmbientInfos/B_AssignAmbientInfos_OcPAL_9.d:55","Was weißt du über dieses Tal?","이 계곡에 대해 아는 것이 있나?","","False","DIA_OCPAL_9_LOCATION.description","",""
"Scripts/Content/Story/B_AssignAmbientInfos/B_AssignAmbientInfos_OcPAL_9.d:65","Was weißt du über dieses Tal?","이 계곡에 대해 아는 것이 있나?","","False","DIA_OCPAL_9_LOCATION_15_00","",""
"Scripts/Content/Story/B_AssignAmbientInfos/B_AssignAmbientInfos_OcPAL_9.d:66","Im Osten haben die Orks einen großen Schutzwall errichtet. Ich vermute, um ihren Nachschub zu sichern. Hinter dem Wall gibt es eine Stelle, an der Schiffe anlegen können.","동쪽에 오크들이 커다란 방어벽을 세웠어. 보급품을 보호하려는 목적이겠지. 방어벽 뒤쪽에는 배가 정박할 수 있는 곳이 있어.","","False","DIA_OCPAL_9_LOCATION_09_01","",""
"Scripts/Content/Story/B_AssignAmbientInfos/B_AssignAmbientInfos_OcPAL_9.d:67","Ich hoffe, dass die Orks so schnell keinen Nachschub bekommen. Mir reicht schon, womit wir es JETZT zu tun haben.","오크들이 그렇게 빨리 보급품을 받지 못하기를 바란다. 지금 당장 상대해야 하는 것만으로도 벅차거든.","","False","DIA_OCPAL_9_LOCATION_09_02","",""
"Scripts/Content/Story/B_AssignAmbientInfos/B_AssignAmbientInfos_OcPAL_9.d:79","Wie ist die Lage?","요즘 상황은 어때?","","False","DIA_OCPAL_9_STANDARD.description","",""
"Scripts/Content/Story/B_AssignAmbientInfos/B_AssignAmbientInfos_OcPAL_9.d:93","Die Drachen haben schon wieder angegriffen! Aber Innos wird uns im Kampf schützen. Die Kreaturen Beliars werden einen hohen Blutzoll zahlen!","드래곤들이 또다시 공격해 왔어! 하지만 이노스님께서 전투에서 우리를 지켜주실 것이다. 벨리알의 피조물들은 엄청난 피의 대가를 치르게 될 거야!","","False","DIA_OCPAL_4_STANDARD_09_01","",""
"Scripts/Content/Story/B_AssignAmbientInfos/B_AssignAmbientInfos_OcPAL_9.d:100","Drachenjäger! Sie hätten uns lieber Paladine schicken sollen!","드래곤 헌터라니! 차라리 팔라딘을 보냈어야지!","","False","DIA_OCPAL_4_STANDARD_09_02","",""
"Scripts/Content/Story/B_AssignAmbientInfos/B_AssignAmbientInfos_OcPAL_9.d:104","Die Drachen wären wir los - jetzt können wir uns um die Orks kümmern!","드래곤들을 해치웠으니, 이제 오크들을 상대할 수 있겠군!","","False","DIA_OCPAL_4_STANDARD_09_03","",""
"Scripts/Content/Story/B_AssignAmbientInfos/B_AssignAmbientInfos_OcPAL_9.d:112","Wir müssen das Erz aufs Schiff schaffen und dann nichts wie weg aus diesem verfluchten Land.","광석을 배에 싣고 이 저주받은 땅에서 당장 튀어야 해.","","False","DIA_OCPAL_4_STANDARD_09_04","",""
"Scripts/Content/Story/B_AssignAmbientInfos/B_AssignAmbientInfos_OcPAL_9.d:116","Verrat! Das Tor hätte niemals geöffnet werden dürfen. Tod allen Verrätern!","배신이다! 문이 열려서는 안 됐어. 모든 배신자들에게 죽음을!","","False","DIA_OCPAL_4_STANDARD_09_05","",""
"Scripts/Content/Story/B_AssignAmbientInfos/B_AssignAmbientInfos_OcVLK_1.d:32","Wer hat hier das Kommando?","여기의 지휘관은 누구인가?","","False","DIA_OCVLK_1_PEOPLE.description","",""
"Scripts/Content/Story/B_AssignAmbientInfos/B_AssignAmbientInfos_OcVLK_1.d:46","Wer hat hier das Kommando?","여기의 지휘관은 누구인가?","","False","DIA_OCVLK_1_PEOPLE_15_00","",""
"Scripts/Content/Story/B_AssignAmbientInfos/B_AssignAmbientInfos_OcVLK_1.d:47","Kommandant Garond. Aber seit sich die Lage hier zugespitzt hat, hat er sich nicht mehr außerhalb seines Thronsaals blicken lassen. Ich fürchte, das nimmt kein gutes Ende.","사령관 가론드지. 하지만 이곳 상황이 악화된 이후로 그는 왕좌실 밖으로 모습을 드러내지 않았어. 이것 참 좋은 종료으로 끝나지 않을 것 같군.","","False","DIA_OCVLK_1_PEOPLE_01_01","",""
"Scripts/Content/Story/B_AssignAmbientInfos/B_AssignAmbientInfos_OcVLK_1.d:59","Was weißt du über das Minental?","광산의 계곡에 대해 아는 게 있나?","","False","DIA_OCVLK_1_LOCATION.description","",""
"Scripts/Content/Story/B_AssignAmbientInfos/B_AssignAmbientInfos_OcVLK_1.d:73","Was weißt du über das Minental?","광산의 계곡에 대해 아는 게 있나?","","False","DIA_OCVLK_1_LOCATION_15_00","",""
"Scripts/Content/Story/B_AssignAmbientInfos/B_AssignAmbientInfos_OcVLK_1.d:74","Ein paar von unseren Jungs sind bei den Minen und schürfen noch, soviel ich weiß.","우리 동료 중 몇 명은 광산에 남아 여전히 채굴을 하고 있는 것으로 알고 있어.","","False","DIA_OCVLK_1_LOCATION_01_01","",""
"Scripts/Content/Story/B_AssignAmbientInfos/B_AssignAmbientInfos_OcVLK_1.d:75","Ich möchte nicht mit denen tauschen. Im ganzen Tal wimmelt es nur so von Orks. Ganz zu schweigen von den Drachen.","그들과 자리를 바꾸고 싶진 않아. 온 계곡이 오크들로 바글거리거든. 드래곤들은 말할 것도 없고.","","False","DIA_OCVLK_1_LOCATION_01_02","",""
"Scripts/Content/Story/B_AssignAmbientInfos/B_AssignAmbientInfos_OcVLK_1.d:87","Wie ist die Lage?","요즘 상황은 어때?","","False","DIA_OCVLK_1_STANDARD.description","",""
"Scripts/Content/Story/B_AssignAmbientInfos/B_AssignAmbientInfos_OcVLK_1.d:97","Wie ist die Lage?","요즘 상황은 어때?","","False","DIA_OCVLK_1_STANDARD_15_00","",""
"Scripts/Content/Story/B_AssignAmbientInfos/B_AssignAmbientInfos_OcVLK_1.d:101","Die Orks haben uns in der Zange! Ohne Unterstützung wird das hier keiner von uns überleben! Mich wundert, dass die Drachen uns nicht direkt den Rest geben!","오크들이 우리를 완전히 턱뼈에 몰아넣었어! 지원군이 없으면 우리 중 누구도 살아남지 못할 거야! 드래곤들이 우리를 당장 끝장내지 않는 게 신기할 지경이라니까!","","False","DIA_OCVLK_1_STANDARD_01_01","",""
"Scripts/Content/Story/B_AssignAmbientInfos/B_AssignAmbientInfos_OcVLK_1.d:108","Endlich bekommen wir zumindest ein bisschen Verstärkung hier.","마침내 이곳에 약간의 증원이라도 오게 되는군.","","False","DIA_OCVLK_1_STANDARD_01_02","",""
"Scripts/Content/Story/B_AssignAmbientInfos/B_AssignAmbientInfos_OcVLK_1.d:112","Ich habe gehört, alle Drachen sind getötet worden? Innos sei Dank!","드래곤들이 전부 사살되었다는 게 사실인가? 이노스님 감사합니다!","","False","DIA_OCVLK_1_STANDARD_01_03","",""
"Scripts/Content/Story/B_AssignAmbientInfos/B_AssignAmbientInfos_OcVLK_1.d:120","Dieses verfluchte Erz. Wir sollten den ganzen Erzvorrat von den Zinnen werfen. Vielleicht lassen uns die Orks dann in Ruhe.","이 저주받은 광석 같으니. 광석 비축분 전부를 성벽 아래로 던져버려야 해. 그러면 오크들이 우리를 내버려 둘지도 모르지.","","False","DIA_OCVLK_1_STANDARD_01_04","",""
"Scripts/Content/Story/B_AssignAmbientInfos/B_AssignAmbientInfos_OcVLK_1.d:124","Diese lächerlichen Kisten, die sie notdürftig vor den Eingang gestapelt haben, werden die Orks auch nicht aufhalten!","입구 앞에 대충 쌓아둔 이 터무니없는 상자들로는 오크들을 막아내지 못할 거야!","","False","DIA_OCVLK_1_STANDARD_01_05","",""
"Scripts/Content/Story/B_AssignAmbientInfos/B_AssignAmbientInfos_OcVLK_6.d:32","Wer hat hier das Sagen?","여기서 대장 역할을 하는 자는 누구인가?","","False","DIA_OCVLK_6_PEOPLE.description","",""
"Scripts/Content/Story/B_AssignAmbientInfos/B_AssignAmbientInfos_OcVLK_6.d:42","Wer hat hier das Sagen?","여기서 대장 역할을 하는 자는 누구인가?","","False","DIA_OCVLK_6_PEOPLE_15_00","",""
"Scripts/Content/Story/B_AssignAmbientInfos/B_AssignAmbientInfos_OcVLK_6.d:43","Garond hat das Kommando über die gesamte Festung - oder was noch davon übrig ist.","가론드가 요새 전체를 지휘하고 있어─남은 게 있다면 말이지만.","","False","DIA_OCVLK_6_PEOPLE_06_01","",""
"Scripts/Content/Story/B_AssignAmbientInfos/B_AssignAmbientInfos_OcVLK_6.d:44","Aber er kümmert sich selber um so gut wie gar nichts - außer es macht jemand von seinen Leuten Dummheiten.","하지만 부하 중 누군가가 말썽을 피우는 경우가 아니면, 그는 거의 아무것도 직접 신경 쓰지 않아.","","False","DIA_OCVLK_6_PEOPLE_06_02","",""
"Scripts/Content/Story/B_AssignAmbientInfos/B_AssignAmbientInfos_OcVLK_6.d:47","Wenn du auf der Suche nach Ausrüstung bist, gehst du am besten zu Engor, du findest ihn im Haus gegenüber von Garond.","장비가 필요하다면 엔고르를 찾아가는 게 좋을 거야. 가론드의 집 맞은편 건물에 있거든.","","False","DIA_OCVLK_6_PEOPLE_06_03","",""
"Scripts/Content/Story/B_AssignAmbientInfos/B_AssignAmbientInfos_OcVLK_6.d:60","Was kannst du mir über die Lage im Minental sagen?","광산의 계곡 상황에 대해 무슨 말을 해줄 수 있나?","","False","DIA_OCVLK_6_LOCATION.description","",""
"Scripts/Content/Story/B_AssignAmbientInfos/B_AssignAmbientInfos_OcVLK_6.d:74","Was kannst du mir über die Lage im Minental sagen?","광산의 계곡 상황에 대해 무슨 말을 해줄 수 있나?","","False","DIA_OCVLK_6_LOCATION_15_00","",""
"Scripts/Content/Story/B_AssignAmbientInfos/B_AssignAmbientInfos_OcVLK_6.d:75","Ich mache mir Sorgen um den Schutzwall der Orks. Ich will nicht wissen, was die Orks noch alles hinter ihrem Wall haben.","오크들의 방어벽이 걱정이야. 그들이 장벽 뒤에 또 무엇을 숨겨두었는지 알고 싶지 않아.","","False","DIA_OCVLK_6_LOCATION_06_01","",""
"Scripts/Content/Story/B_AssignAmbientInfos/B_AssignAmbientInfos_OcVLK_6.d:76","Zuerst waren's nur ein paar von ihnen. Sie haben denWall errichtet. Dann, eines Nachts, haben sie die Belagerungsmaschinen herausgeschafft.","처음에는 몇 마리밖에 없었지. 그들이 방어벽을 세웠어. 그러더니 어느 날 밤, 공성 병기들을 끌어냈지.","","False","DIA_OCVLK_6_LOCATION_06_02","",""
"Scripts/Content/Story/B_AssignAmbientInfos/B_AssignAmbientInfos_OcVLK_6.d:77","Wir hatten Glück, dass wir den Angriff zurückschlagen konnten.","우리가 공격을 물리칠 수 있었던 건 운이 좋아서였어.","","False","DIA_OCVLK_6_LOCATION_06_03","",""
"Scripts/Content/Story/B_AssignAmbientInfos/B_AssignAmbientInfos_OcVLK_6.d:78","Hinter dem Wall liegt das Meer. Wenn noch mehr Schiffe mit Orks ankommen, haben wir keine Chance mehr.","벽 너머에는 바다가 있어. 오크들을 태운 배가 더 도착한다면, 우리에게는 기회가 없을 거야.","","False","DIA_OCVLK_6_LOCATION_06_04","",""
"Scripts/Content/Story/B_AssignAmbientInfos/B_AssignAmbientInfos_OcVLK_6.d:90","Wie steht's?","어떻게 지내나?","","False","DIA_OCVLK_6_STANDARD.description","",""
"Scripts/Content/Story/B_AssignAmbientInfos/B_AssignAmbientInfos_OcVLK_6.d:100","Wie steht's?","어떻게 지내나?","","False","DIA_OCVLK_6_STANDARD_15_00","",""
"Scripts/Content/Story/B_AssignAmbientInfos/B_AssignAmbientInfos_OcVLK_6.d:104","Melde dich zur Armee und du kannst ein gutes Leben führen. Und was ist?","군대에 입대하면 안락한 삶을 살 수 있을 거라고 했지. 그런데 꼴을 봐.","","False","DIA_OCVLK_6_STANDARD_06_01","",""
"Scripts/Content/Story/B_AssignAmbientInfos/B_AssignAmbientInfos_OcVLK_6.d:105","Es ist unter Androhung der Todesstrafe verboten worden, sich in der Nähe der Nahrungsvorräte aufzuhalten. Garond hat scheinbar Angst, dass wir die Vorräte plündern und uns aus dem Staub machen. (lacht bitter)","음식 비축분 근처에 접근하는 자는 사형에 처한다는 엄포가 내려졌어. 가론드는 우리가 식량을 약탈하고 도망칠까 봐 공포에 질린 모양이야. (씁쓸하게 웃는다)","","False","DIA_OCVLK_6_STANDARD_06_02","",""
"Scripts/Content/Story/B_AssignAmbientInfos/B_AssignAmbientInfos_OcVLK_6.d:106","Wenn uns die verdammten Drachen nicht kalt machen, verhungern wir hier!","저 저주받은 드래곤들이 우리를 죽이지 않는다면, 여기서 굶어 죽게 생겼어!","","False","DIA_OCVLK_6_STANDARD_06_03","",""
"Scripts/Content/Story/B_AssignAmbientInfos/B_AssignAmbientInfos_OcVLK_6.d:113","Drachenjäger. Dass ich nicht lache! Die werden auch nichts ändern.","드래곤 헌터라니. 웃기고 있네! 그들도 아무것도 바꾸지 못할 거야.","","False","DIA_OCVLK_6_STANDARD_06_04","",""
"Scripts/Content/Story/B_AssignAmbientInfos/B_AssignAmbientInfos_OcVLK_6.d:117","Es heißt, die Drachen sind alle getötet worden! Jetzt haben wir eine Chance!","드래곤들이 전부 살해당했다고 하더군! 이제 우리에게도 기회가 생겼어!","","False","DIA_OCVLK_6_STANDARD_06_05","",""
"Scripts/Content/Story/B_AssignAmbientInfos/B_AssignAmbientInfos_OcVLK_6.d:125","Dieses verfluchte Erz. Wir sollten den ganzen Erzvorrat von den Zinnen werfen. Vielleicht lassen uns die Orks dann in Ruhe.","이 저주받은 광석 같으니. 광석 비축분 전부를 성벽 아래로 던져버려야 해. 그러면 오크들이 우리를 내버려 둘지도 모르지.","","False","DIA_OCVLK_6_STANDARD_06_06","",""
"Scripts/Content/Story/B_AssignAmbientInfos/B_AssignAmbientInfos_OcVLK_6.d:129","Diese lächerlichen Kisten, die sie notdürftig vor den Eingang gestapelt haben, werden die Orks auch nicht aufhalten!","입구 앞에 대충 쌓아둔 이 터무니없는 상자들로는 오크들을 막아내지 못할 거야!","","False","DIA_OCVLK_6_STANDARD_06_07","",""
"Scripts/Content/Story/B_AssignAmbientInfos/B_AssignAmbientInfos_OwPAL_4.d:50","Innos ist meine Ehre und meine Ehre ist mein Leben.","이노스는 나의 명예이며, 나의 명예는 나의 생명이다.","","False","DIA_OWPAL_4_STANDARD_04_00","",""
"Scripts/Content/Story/B_AssignAmbientInfos/B_AssignAmbientInfos_OwPAL_4.d:55","Wir werden hier so lange ausharren, wie Innos sein Licht über uns hält.","이노스께서 우리를 비추는 빛을 거두지 않으시는 한, 우리는 이곳을 굳건히 지킬 것이다.","","False","DIA_OWPAL_4_STANDARD_04_01","",""
"Scripts/Content/Story/B_AssignAmbientInfos/B_AssignAmbientInfos_OwPAL_4.d:60","Mit Innos' Hilfe werden wir die bösen Kreaturen von hier fernhalten.","이노스의 가호 아래 사악한 피조물들이 이곳에 접근하지 못하도록 막아내겠다.","","False","DIA_OWPAL_4_STANDARD_04_02","",""
"Scripts/Content/Story/B_AssignAmbientInfos/B_AssignAmbientInfos_PAL_12.d:32","Ich will ein Paladin werden!","팔라딘이 되고 싶습니다!","","False","DIA_PAL_12_JOIN.description","",""
"Scripts/Content/Story/B_AssignAmbientInfos/B_AssignAmbientInfos_PAL_12.d:45","Ich will ein Paladin werden!","팔라딘이 되고 싶습니다!","","False","DIA_PAL_12_JOIN_15_00","",""
"Scripts/Content/Story/B_AssignAmbientInfos/B_AssignAmbientInfos_PAL_12.d:46","Du? Dass ich nicht lache! Du gehörst ja noch nicht einmal der Stadtwache an.","네가? 웃기는 소리 하지 마라! 넌 아직 도시 경비병조차 아니잖아.","","False","DIA_PAL_12_JOIN_12_01","",""
"Scripts/Content/Story/B_AssignAmbientInfos/B_AssignAmbientInfos_PAL_12.d:47","Wenn ich nicht sehen würde, was für ein dummer Bursche du bist, würde ich annehmen, dass du mich beleidigen willst.","네가 얼마나 멍청한 녀석인지 내 눈으로 직접 보지 않았다면, 네가 나를 모욕하려는 거라고 수락했을 거다.","","False","DIA_PAL_12_JOIN_12_02","",""
"Scripts/Content/Story/B_AssignAmbientInfos/B_AssignAmbientInfos_PAL_12.d:48","Als Paladine werden nur die Besten der Besten unter den Getreuen des Königs und unseres Herrn Innos aufgenommen.","국왕과 우리 주님이신 이노스의 신실한 추종자들 중에서도 최고베스트 오브 베스트만이 팔라딘으로 받아들여진다.","","False","DIA_PAL_12_JOIN_12_03","",""
"Scripts/Content/Story/B_AssignAmbientInfos/B_AssignAmbientInfos_PAL_12.d:60","Wer hat hier das Kommando?","여기의 지휘관은 누구인가?","","False","DIA_PAL_12_PEOPLE.description","",""
"Scripts/Content/Story/B_AssignAmbientInfos/B_AssignAmbientInfos_PAL_12.d:73","Wer hat hier das Kommando?","여기의 지휘관은 누구인가?","","False","DIA_PAL_12_PEOPLE_15_00","",""
"Scripts/Content/Story/B_AssignAmbientInfos/B_AssignAmbientInfos_PAL_12.d:74","Das ist der ehrenwerte Lord Hagen. Aber für alle Belange des einfachen Volkes ist Lord Andre zuständig.","고결하신 헤이건 경이시다. 하지만 평민들과 관련된 모든 업무는 안드레 경이 담당하고 있지.","","False","DIA_PAL_12_PEOPLE_12_01","",""
"Scripts/Content/Story/B_AssignAmbientInfos/B_AssignAmbientInfos_PAL_12.d:75","Du findest ihn in der Kaserne. Vielleicht hast du Glück und er widmet dir ein paar Minuten seiner kostbaren Zeit.","병영으로 가면 그를 찾을 수 있다. 운이 좋다면 그가 소중한 시간 중 몇 분을 너에게 할애해 주겠지.","","False","DIA_PAL_12_PEOPLE_12_02","",""
"Scripts/Content/Story/B_AssignAmbientInfos/B_AssignAmbientInfos_PAL_12.d:87","Was macht ihr Paladine hier in Khorinis?","당신들 팔라딘은 코리니스에서 무엇을 하고 있는가?","","False","DIA_PAL_12_LOCATION.description","",""
"Scripts/Content/Story/B_AssignAmbientInfos/B_AssignAmbientInfos_PAL_12.d:100","Was macht ihr Paladine hier in Khorinis?","당신들 팔라딘은 코리니스에서 무엇을 하고 있는가?","","False","DIA_PAL_12_LOCATION_15_00","",""
"Scripts/Content/Story/B_AssignAmbientInfos/B_AssignAmbientInfos_PAL_12.d:101","Wer solche Fragen stellt, endet ziemlich schnell am Galgen.","그런 질문을 하는 자는 금방 교수대에 오르게 될 것이다.","","False","DIA_PAL_12_LOCATION_12_01","",""
"Scripts/Content/Story/B_AssignAmbientInfos/B_AssignAmbientInfos_PAL_12.d:102","Wenn Lord Hagen sich EINE Sache nicht leisten kann, dann ist dies, das Wissen über unsere Mission in die Hände von Spionen fallen zu lassen.","헤이건 경이 절대로 용납할 수 없는 단 한 가지가 있다면, 그것은 우리의 임무에 대한 정보가 첩자들의 손에 들어가는 것이다.","","False","DIA_PAL_12_LOCATION_12_02","",""
"Scripts/Content/Story/B_AssignAmbientInfos/B_AssignAmbientInfos_PAL_12.d:103","Also pass besser auf, wonach du fragst.","그러니 무엇을 물어야 할지 조심하는 게 좋을 거다.","","False","DIA_PAL_12_LOCATION_12_03","",""
"Scripts/Content/Story/B_AssignAmbientInfos/B_AssignAmbientInfos_PAL_12.d:115","Wie ist die Lage?","요즘 상황은 어때?","","False","DIA_PAL_12_STANDARD.description","",""
"Scripts/Content/Story/B_AssignAmbientInfos/B_AssignAmbientInfos_PAL_12.d:125","Wie ist die Lage?","요즘 상황은 어때?","","False","DIA_PAL_12_STANDARD_15_00","",""
"Scripts/Content/Story/B_AssignAmbientInfos/B_AssignAmbientInfos_PAL_12.d:134","Jetzt, da wir wissen, dass wir es mit Drachen zu tun haben, wird unser Kommandant sicherlich bald etwas unternehmen.","우리가 상대하는 게 드래곤들이라는 사실을 알았으니, 우리 지휘관도 조만간 무언가 조치를 취할 것이다.","","False","DIA_PAL_12_STANDARD_12_01","",""
"Scripts/Content/Story/B_AssignAmbientInfos/B_AssignAmbientInfos_PAL_12.d:138","Wir haben noch immer keine Nachricht von unserem Trupp im Minental. Das ist sehr beunruhigend.","우리는 아직도 광산 지대의 부대에서 보낸 메시지를 받지 못했어. 아주 불안한 일이지.","","False","DIA_PAL_12_STANDARD_12_02","",""
"Scripts/Content/Story/B_AssignAmbientInfos/B_AssignAmbientInfos_PAL_12.d:144","Innos sei Dank! Die Bedrohung der Drachen ist abgewendet. Jetzt müssen wir uns nur noch um die Orks kümmern, um an das Erz zu kommen.","이노스 감사합니다! 드래곤의 위협은 사라졌어. 이제 광석을 손에 넣으려면 오크들만 상대하면 된다.","","False","DIA_PAL_12_STANDARD_12_03","",""
"Scripts/Content/Story/B_AssignAmbientInfos/B_AssignAmbientInfos_PAL_12.d:149","Du erwartest doch nicht im Ernst von mir eine Antwort auf diese Frage, Bursche!","설마 내가 그 질문에 대답해 줄 거라고 진심으로 기대하는 건 아니겠지, 애송이!","","False","DIA_PAL_12_STANDARD_12_04","",""
"Scripts/Content/Story/B_AssignAmbientInfos/B_AssignAmbientInfos_PAL_4.d:32","Wie werde ich Paladin?","어떻게 하면 팔라딘이 될 수 있나?","","False","DIA_PAL_4_JOIN.description","",""
"Scripts/Content/Story/B_AssignAmbientInfos/B_AssignAmbientInfos_PAL_4.d:45","Wie werde ich Paladin?","어떻게 하면 팔라딘이 될 수 있나?","","False","DIA_PAL_4_JOIN_15_00","",""
"Scripts/Content/Story/B_AssignAmbientInfos/B_AssignAmbientInfos_PAL_4.d:46","Wenn es dir wirklich ernst ist, solltest du dich in den Dienst der Paladine stellen.","정말로 진심이라면, 팔라딘들을 섬기는 자리에 들어가야 한다.","","False","DIA_PAL_4_JOIN_04_01","",""
"Scripts/Content/Story/B_AssignAmbientInfos/B_AssignAmbientInfos_PAL_4.d:47","Geh zur Kaserne und rede mit Lord Andre. Lass dich in die Miliz aufnehmen.","병영으로 가서 안드레 경과 대화해라. 민병대에 입대하도록 해.","","False","DIA_PAL_4_JOIN_04_02","",""
"Scripts/Content/Story/B_AssignAmbientInfos/B_AssignAmbientInfos_PAL_4.d:48","Vielleicht bekommst du dann eine Chance, dich als würdig zu erweisen.","그러면 네가 자격이 있음을 증명할 기회를 얻게 될지도 모른다.","","False","DIA_PAL_4_JOIN_04_03","",""
"Scripts/Content/Story/B_AssignAmbientInfos/B_AssignAmbientInfos_PAL_4.d:60","Wer hat hier das Kommando?","여기의 지휘관은 누구인가?","","False","DIA_PAL_4_PEOPLE.description","",""
"Scripts/Content/Story/B_AssignAmbientInfos/B_AssignAmbientInfos_PAL_4.d:73","Wer hat hier das Kommando?","여기의 지휘관은 누구인가?","","False","DIA_PAL_4_PEOPLE_15_00","",""
"Scripts/Content/Story/B_AssignAmbientInfos/B_AssignAmbientInfos_PAL_4.d:74","Lord Hagen ist der Oberbefehlshaber über alle Truppen auf der Insel. Er hat auch - solange wir hier sind - das Amt des Statthalters inne.","헤이건 경은 이 섬의 모든 병력을 통솔하는 최고 사령관이시다. 우리가 여기에 있는 동안에는 총독의 직무도 겸하고 계시지.","","False","DIA_PAL_4_PEOPLE_04_01","",""
"Scripts/Content/Story/B_AssignAmbientInfos/B_AssignAmbientInfos_PAL_4.d:75","Aber er ist sehr beschäftigt. Wenn du etwas zu klären hast, geh zur Kaserne und rede mit Lord Andre.","하지만 그는 매우 바쁘시다. 해결해야 할 일이 있다면 병영으로 가서 안드레 경과 대화해라.","","False","DIA_PAL_4_PEOPLE_04_02","",""
"Scripts/Content/Story/B_AssignAmbientInfos/B_AssignAmbientInfos_PAL_4.d:87","Was macht ihr Paladine hier in Khorinis?","당신들 팔라딘은 코리니스에서 무슨 일을 하고 있는가?","","False","DIA_PAL_4_LOCATION.description","",""
"Scripts/Content/Story/B_AssignAmbientInfos/B_AssignAmbientInfos_PAL_4.d:100","Was macht ihr Paladine hier in Khorinis?","당신들 팔라딘은 코리니스에서 무슨 일을 하고 있는가?","","False","DIA_PAL_4_LOCATION_15_00","",""
"Scripts/Content/Story/B_AssignAmbientInfos/B_AssignAmbientInfos_PAL_4.d:101","Ich bin nicht befugt, dir das zu sagen.","너에게 그것을 말해줄 권한은 없다.","","False","DIA_PAL_4_LOCATION_04_01","",""
"Scripts/Content/Story/B_AssignAmbientInfos/B_AssignAmbientInfos_PAL_4.d:113","Was gibt's Neues?","새로운 소식이라도 있나?","","False","DIA_PAL_4_STANDARD.description","",""
"Scripts/Content/Story/B_AssignAmbientInfos/B_AssignAmbientInfos_PAL_4.d:123","Was gibt's Neues?","새로운 소식이라도 있나?","","False","DIA_PAL_4_STANDARD_15_00","",""
"Scripts/Content/Story/B_AssignAmbientInfos/B_AssignAmbientInfos_PAL_4.d:132","Jetzt, da wir wissen, dass wir es mit Drachen zu tun haben, wird unser Kommandant sicherlich bald etwas unternehmen.","우리가 상대하는 게 드래곤들이라는 사실을 알았으니, 우리 지휘관도 조만간 무언가 조치를 취할 것이다.","","False","DIA_PAL_4_STANDARD_04_01","",""
"Scripts/Content/Story/B_AssignAmbientInfos/B_AssignAmbientInfos_PAL_4.d:136","Wir haben noch immer keine Nachricht von unserem Trupp im Minental. Das ist sehr beunruhigend.","우리는 아직도 광산 지대의 부대에서 보낸 메시지를 받지 못했어. 아주 불안한 일이지.","","False","DIA_PAL_4_STANDARD_04_02","",""
"Scripts/Content/Story/B_AssignAmbientInfos/B_AssignAmbientInfos_PAL_4.d:142","Innos sei Dank! Die Bedrohung der Drachen ist abgewendet. Jetzt müssen wir uns nur noch um die Orks kümmern, um an das Erz zu kommen.","이노스 감사합니다! 드래곤의 위협은 사라졌어. 이제 광석을 손에 넣으려면 오크들만 상대하면 된다.","","False","DIA_PAL_4_STANDARD_04_03","",""
"Scripts/Content/Story/B_AssignAmbientInfos/B_AssignAmbientInfos_PAL_4.d:147","Ich habe keine Zeit, mich mit den Gerüchten, die hier in der Stadt erzählt werden, zu befassen.","이 도시에서 떠도는 소문들에 신경 쓸 정도로 시간은 많지 않다.","","False","DIA_PAL_4_STANDARD_04_04","",""
"Scripts/Content/Story/B_AssignAmbientInfos/B_AssignAmbientInfos_PAL_9.d:32","Wie kann ich Paladin werden?","어떻게 하면 팔라딘이 될 수 있습니까?","","False","DIA_PAL_9_JOIN.description","",""
"Scripts/Content/Story/B_AssignAmbientInfos/B_AssignAmbientInfos_PAL_9.d:45","Wie kann ich Paladin werden?","어떻게 하면 팔라딘이 될 수 있습니까?","","False","DIA_PAL_9_JOIN_15_00","",""
"Scripts/Content/Story/B_AssignAmbientInfos/B_AssignAmbientInfos_PAL_9.d:46","Diejenigen, die sich im Dienste Innos' oder des Königs würdig erweisen, werden erwählt!","이노스나 국왕의 섬김 속에서 자격이 있음을 증명하는 자들이 선택받을 것이다!","","False","DIA_PAL_9_JOIN_09_01","",""
"Scripts/Content/Story/B_AssignAmbientInfos/B_AssignAmbientInfos_PAL_9.d:47","Das heißt im Klartext: Nur die Besten werden genommen. Aber davon bist DU noch sehr weit entfernt, mein Junge!","직설적으로 말하자면, 오직 최고들만이 선발된다. 하지만 넌 거기서 아직 한참 멀었어, 꼬마야!","","False","DIA_PAL_9_JOIN_09_02","",""
"Scripts/Content/Story/B_AssignAmbientInfos/B_AssignAmbientInfos_PAL_9.d:59","Wer hat hier das Kommando?","여기의 지휘관은 누구인가?","","False","DIA_PAL_9_PEOPLE.description","",""
"Scripts/Content/Story/B_AssignAmbientInfos/B_AssignAmbientInfos_PAL_9.d:72","Wer hat hier das Kommando?","여기의 지휘관은 누구인가?","","False","DIA_PAL_9_PEOPLE_15_00","",""
"Scripts/Content/Story/B_AssignAmbientInfos/B_AssignAmbientInfos_PAL_9.d:73","Lord Hagen.","헤이건 경이시다.","","False","DIA_PAL_9_PEOPLE_09_01","",""
"Scripts/Content/Story/B_AssignAmbientInfos/B_AssignAmbientInfos_PAL_9.d:74","Und?","그리고?","","False","DIA_PAL_9_PEOPLE_15_02","",""
"Scripts/Content/Story/B_AssignAmbientInfos/B_AssignAmbientInfos_PAL_9.d:75","Und sonst niemand. Lord Hagen ist der Oberbefehlshaber über die ganze Insel.","그게 전부다. 헤이건 경은 온 섬을 통솔하는 최고 사령관이시다.","","False","DIA_PAL_9_PEOPLE_09_03","",""
"Scripts/Content/Story/B_AssignAmbientInfos/B_AssignAmbientInfos_PAL_9.d:87","Warum seid ihr Paladine nach Khorinis gekommen?","당신들 팔라딘은 어째서 코리니스에 온 것인가?","","False","DIA_PAL_9_LOCATION.description","",""
"Scripts/Content/Story/B_AssignAmbientInfos/B_AssignAmbientInfos_PAL_9.d:100","Warum seid ihr Paladine nach Khorinis gekommen?","당신들 팔라딘은 어째서 코리니스에 온 것인가?","","False","DIA_PAL_9_LOCATION_15_00","",""
"Scripts/Content/Story/B_AssignAmbientInfos/B_AssignAmbientInfos_PAL_9.d:101","Das geht dich nichts an, Bursche! Für dich muss es reichen zu wissen, dass wir im Dienste Innos' und des Königs handeln!","네가 알 바 아니다, 애송이! 우리가 이노스와 국왕을 섬기고 있다는 사실을 아는 것만으로도 충분할 터이다!","","False","DIA_PAL_9_LOCATION_09_01","",""
"Scripts/Content/Story/B_AssignAmbientInfos/B_AssignAmbientInfos_PAL_9.d:113","Wie sieht's aus?","어떻게 지내나?","","False","DIA_PAL_9_STANDARD.description","",""
"Scripts/Content/Story/B_AssignAmbientInfos/B_AssignAmbientInfos_PAL_9.d:123","Wie sieht's aus?","어떻게 지내나?","","False","DIA_PAL_9_STANDARD_15_00","",""
"Scripts/Content/Story/B_AssignAmbientInfos/B_AssignAmbientInfos_PAL_9.d:132","Jetzt, da wir wissen, dass wir es mit Drachen zu tun haben, wird unser Kommandant sicherlich bald etwas unternehmen.","우리가 상대하는 게 드래곤들이라는 사실을 알았으니, 우리 지휘관도 조만간 무언가 조치를 취할 것이다.","","False","DIA_PAL_9_STANDARD_09_01","",""
"Scripts/Content/Story/B_AssignAmbientInfos/B_AssignAmbientInfos_PAL_9.d:136","Wir haben noch immer keine Nachricht von unserem Trupp im Minental. Das ist sehr beunruhigend.","우리는 아직도 광산 지대의 부대에서 보낸 메시지를 받지 못했어. 아주 불안한 일이지.","","False","DIA_PAL_9_STANDARD_09_02","",""
"Scripts/Content/Story/B_AssignAmbientInfos/B_AssignAmbientInfos_PAL_9.d:142","Innos sei Dank! Die Bedrohung der Drachen ist abgewendet. Jetzt müssen wir uns nur noch um die Orks kümmern, um an das Erz zu kommen.","이노스 감사합니다! 드래곤의 위협은 사라졌어. 이제 광석을 손에 넣으려면 오크들만 상대하면 된다.","","False","DIA_PAL_9_STANDARD_09_03","",""
"Scripts/Content/Story/B_AssignAmbientInfos/B_AssignAmbientInfos_PAL_9.d:147","Wenn du nichts Wichtigeres vorzubringen hast, verschwinde, Bursche!","더 중요한 용건이 없다면 꺼져라, 애송이!","","False","DIA_PAL_9_STANDARD_09_04","",""
"Scripts/Content/Story/B_AssignAmbientInfos/B_AssignAmbientInfos_SLD_6.d:32","Ich will mich euch anschließen!","너희와 합류하고 싶다!","","False","DIA_SLD_6_JOIN.description","",""
"Scripts/Content/Story/B_AssignAmbientInfos/B_AssignAmbientInfos_SLD_6.d:45","Ich will mich euch anschließen!","너희와 합류하고 싶다!","","False","DIA_SLD_6_JOIN_15_00","",""
"Scripts/Content/Story/B_AssignAmbientInfos/B_AssignAmbientInfos_SLD_6.d:49","Ich hab von der Sache mit den Milizen gehört. Torlof sagt, du hast die Probe bestanden. Meine Stimme hast du.","민병대에 대한 일은 들었어. 토를로프가 네가 시험을 통과했다고 하더군. 난 찬성이다.","","False","DIA_SLD_6_JOIN_06_01","",""
"Scripts/Content/Story/B_AssignAmbientInfos/B_AssignAmbientInfos_SLD_6.d:53","Die Bauern auszunehmen ist was anderes, als sich mit Milizen anzulegen - aber wenn Onar dich brauchen kann - mir soll's Recht sein.","농부들의 고혈을 짜내는 건 민병대와 엮이는 것과는 다르지—하지만 오나르가 너를 쓸모있게 여긴다면야, 난 상관없어.","","False","DIA_SLD_6_JOIN_06_02","",""
"Scripts/Content/Story/B_AssignAmbientInfos/B_AssignAmbientInfos_SLD_6.d:57","Rede mit Torlof. Er wird dir schon zeigen, wo's langgeht (lacht)","토를로프와 대화해라. 그가 어떻게 해야 할지 알려줄 거다. (웃음)","","False","DIA_SLD_6_JOIN_06_03","",""
"Scripts/Content/Story/B_AssignAmbientInfos/B_AssignAmbientInfos_SLD_6.d:70","Wer hat hier das Sagen?","여기서 대장 역할을 하는 자는 누구인가?","","False","DIA_SLD_6_PEOPLE.description","",""
"Scripts/Content/Story/B_AssignAmbientInfos/B_AssignAmbientInfos_SLD_6.d:84","Wer hat hier das Sagen?","여기서 대장 역할을 하는 자는 누구인가?","","False","DIA_SLD_6_PEOPLE_15_00","",""
"Scripts/Content/Story/B_AssignAmbientInfos/B_AssignAmbientInfos_SLD_6.d:85","Der Hof gehört Onar, wenn du das meinst. Aber unser Anführer ist Lee.","네가 생각하는 그 농장이라면 오나르의 소유지야. 하지만 우리의 지도자는 리야.","","False","DIA_SLD_6_PEOPLE_06_01","",""
"Scripts/Content/Story/B_AssignAmbientInfos/B_AssignAmbientInfos_SLD_6.d:86","Er war mal General in der Armee des Königs. Aber jetzt ist er nicht mehr ganz so gut auf den König zu sprechen (lacht).","그는 한때 국왕 군대의 장군이었지. 하지만 지금은 국왕과 그렇게 사이가 좋지 않아. (웃음)","","False","DIA_SLD_6_PEOPLE_06_02","",""
"Scripts/Content/Story/B_AssignAmbientInfos/B_AssignAmbientInfos_SLD_6.d:87","Merk dir seinen Namen. Wenn du hier Mist baust, ist er vermutlich der einzige, der die Sache für dich regeln kann. Alle anderen ziehen dir einfach das Fell über die Ohren.","그의 이름을 기억해 두라고. 여기서 헛짓거리를 하면, 그 상황을 규칙해 줄 수 있는 사람은 아마 그뿐일 테니까. 다른 녀석들은 그냥 너를 껍데기까지 벗겨 먹을걸.","","False","DIA_SLD_6_PEOPLE_06_03","",""
"Scripts/Content/Story/B_AssignAmbientInfos/B_AssignAmbientInfos_SLD_6.d:99","Bewacht ihr die Bauern?","농부들을 경비하고 있는 건가?","","False","DIA_SLD_6_LOCATION.description","",""
"Scripts/Content/Story/B_AssignAmbientInfos/B_AssignAmbientInfos_SLD_6.d:113","Bewacht ihr die Bauern?","농부들을 경비하고 있는 건가?","","False","DIA_SLD_6_LOCATION_15_00","",""
"Scripts/Content/Story/B_AssignAmbientInfos/B_AssignAmbientInfos_SLD_6.d:114","Wir bewachen nicht nur Onars Hof, sondern das ganze Tal hier.","우리는 오나르의 농장뿐만 아니라 이 계곡 전체를 경비하고 있어.","","False","DIA_SLD_6_LOCATION_06_01","",""
"Scripts/Content/Story/B_AssignAmbientInfos/B_AssignAmbientInfos_SLD_6.d:115","Onar will, dass wir jeden, der hier Mist baut, hart rannehmen. Also benimm dich.","오나르는 여기서 문제를 일으키는 자는 누구든 가만두지 않기를 원해. 그러니 처신 잘하라고.","","False","DIA_SLD_6_LOCATION_06_02","",""
"Scripts/Content/Story/B_AssignAmbientInfos/B_AssignAmbientInfos_SLD_6.d:127","Wie sieht's aus?","어떻게 지내나?","","False","DIA_SLD_6_STANDARD.description","",""
"Scripts/Content/Story/B_AssignAmbientInfos/B_AssignAmbientInfos_SLD_6.d:137","Wie sieht's aus?","어떻게 지내나?","","False","DIA_SLD_6_STANDARD_15_00","",""
"Scripts/Content/Story/B_AssignAmbientInfos/B_AssignAmbientInfos_SLD_6.d:145","Du bist jetzt einer von uns, Kleiner!","이제 넌 우리 동료야, 애송이!","","False","DIA_SLD_6_STANDARD_06_01","",""
"Scripts/Content/Story/B_AssignAmbientInfos/B_AssignAmbientInfos_SLD_6.d:149","Was willst du?","원하는 게 뭔가?","","False","DIA_SLD_6_STANDARD_06_02","",""
"Scripts/Content/Story/B_AssignAmbientInfos/B_AssignAmbientInfos_SLD_6.d:156","Als ich das mit den Drachen gehört habe, wollte ich es erst gar nicht glauben.","드래곤에 대한 이야기를 들었을 때, 처음엔 믿을 수가 없었어.","","False","DIA_SLD_6_STANDARD_06_03","",""
"Scripts/Content/Story/B_AssignAmbientInfos/B_AssignAmbientInfos_SLD_6.d:157","Ein Drache, das wäre ein Kampf. Keine Schafe oder Miliztrottel mehr, sondern ein echter Gegner.","드래곤이라, 그야말로 진정한 싸움이지. 양이나 얼빠진 민병대 따위가 아니라, 진짜 상대를 만난 거야.","","False","DIA_SLD_6_STANDARD_06_04","",""
"Scripts/Content/Story/B_AssignAmbientInfos/B_AssignAmbientInfos_SLD_6.d:161","Na, hat sich euer Lord Hagen aus Angst vor den Drachen schon in die Hose geschissen?","그래, 자네들의 헤이건 경은 용들의 공포에 질려 벌써 바지에 지리기라도 했나?","","False","DIA_SLD_6_STANDARD_06_05","",""
"Scripts/Content/Story/B_AssignAmbientInfos/B_AssignAmbientInfos_SLD_6.d:162","Schätze, jetzt wird er seinen feinen Hintern wohl doch noch aus der Stadt bewegen müssen.","이제 그 높은으신 양반도 엉덩이를 움직여 도시 밖으로 나와야 할 모양이군.","","False","DIA_SLD_6_STANDARD_06_06","",""
"Scripts/Content/Story/B_AssignAmbientInfos/B_AssignAmbientInfos_SLD_6.d:171","Da kann Lord Hagen von Glück reden. Ein paar Tage länger und wir hätten Bennet selbst rausgeholt.","헤이건 경은 운이 좋은 줄 알아야 해. 며칠만 더 있었어도 우리가 직접 베넷을 빼내 왔을 테니까.","","False","DIA_SLD_6_STANDARD_06_07","",""
"Scripts/Content/Story/B_AssignAmbientInfos/B_AssignAmbientInfos_SLD_6.d:175","Wenn Bennet nicht bald aus dem Knast gelassen wird, werden wir ihn holen.","베넷을 감옥에서 곧 풀어주지 않으면, 우리가 직접 구하러 갈 거다.","","False","DIA_SLD_6_STANDARD_06_08","",""
"Scripts/Content/Story/B_AssignAmbientInfos/B_AssignAmbientInfos_SLD_6.d:183","Was machst du noch hier? Wolltest du nicht mit den anderen ins Tal.","여기서 뭐 하는 거지? 다른 사람들과 함께 계곡으로 가려던 거 아니었나.","","False","DIA_SLD_6_STANDARD_06_09","",""
"Scripts/Content/Story/B_AssignAmbientInfos/B_AssignAmbientInfos_SLD_6.d:184","Von mir aus braucht keiner von euch zurückkommen.","내 알 바 아니지만, 너희 중 누구도 돌아올 필요는 없어.","","False","DIA_SLD_6_STANDARD_06_10","",""
"Scripts/Content/Story/B_AssignAmbientInfos/B_AssignAmbientInfos_SLD_6.d:188","Du solltest mal ins Minental gehen. Nach dem, was ich weiß, können die armen Schweine jede Hilfe gebrauchen.","광산 계곡으로 가보는 게 좋을 거야. 내 생각에 그 불쌍한 녀석들은 누구의 도움이라도 절실하니까.","","False","DIA_SLD_6_STANDARD_06_11","",""
"Scripts/Content/Story/B_AssignAmbientInfos/B_AssignAmbientInfos_SLD_6.d:196","Als du hier aufgetaucht bist, hab ich gleich gewusst, dass du den Laden hier kräftig aufmischen wirst.","네가 이곳에 나타났을 때, 이 동네를 아주 뒤집어 놓을 거란 걸 바로 알았지.","","False","DIA_SLD_6_STANDARD_06_12","",""
"Scripts/Content/Story/B_AssignAmbientInfos/B_AssignAmbientInfos_SLD_6.d:197","Aber Drachen? Respekt, mit dir wird sich so schnell niemand mehr anlegen.","하지만 드래곤이라고? 대단하군, 이제 감히 너에게 덤벼들 자는 없을 거다.","","False","DIA_SLD_6_STANDARD_06_13","",""
"Scripts/Content/Story/B_AssignAmbientInfos/B_AssignAmbientInfos_SLD_6.d:201","Respekt. Du gehörst zwar zur falschen Seite, aber Drachen töten, das kann nicht jeder.","존경스럽군. 비록 적대 진영에 있긴 하지만, 드래곤을 죽인다는 건 아무나 할 수 있는 일이 아니니까.","","False","DIA_SLD_6_STANDARD_06_14","",""
"Scripts/Content/Story/B_AssignAmbientInfos/B_AssignAmbientInfos_SLD_7.d:32","Ich will mich euch anschließen!","당신들에게 합류하고 싶소!","","False","DIA_SLD_7_JOIN.description","",""
"Scripts/Content/Story/B_AssignAmbientInfos/B_AssignAmbientInfos_SLD_7.d:45","Ich will mich euch anschließen!","당신들에게 합류하고 싶소!","","False","DIA_SLD_7_JOIN_15_00","",""
"Scripts/Content/Story/B_AssignAmbientInfos/B_AssignAmbientInfos_SLD_7.d:48","Ich hab gehört, du hast es den Milizen kräftig gegeben? Einen wie dich können wir hier gebrauchen!","민병대를 아주 톡톡히 골려주었다고 들었다네. 우리에게는 자네 같은 사람이 필요해!","","False","DIA_SLD_7_JOIN_07_01","",""
"Scripts/Content/Story/B_AssignAmbientInfos/B_AssignAmbientInfos_SLD_7.d:52","Die Pacht von ein paar Bauern einzutreiben, stell ich mir zwar nicht besonders schwierig vor, aber wenn Onar dich bezahlt, soll's mir Recht sein.","농부 몇 명에게서 소작료를 거두는 게 그렇게 어려울 거라고는 생각 안 하지만, 오나르가 그 대가를 지불하겠다면 나야 상관없지.","","False","DIA_SLD_7_JOIN_07_02","",""
"Scripts/Content/Story/B_AssignAmbientInfos/B_AssignAmbientInfos_SLD_7.d:56","Du? Wenn Torlof dich auf die Probe stellt, kannst du einpacken, du Wurst!","자네? 토를로프가 시험을 내리면, 자네는 짐을 싸서 쫓겨날 걸, 이 녀석아!","","False","DIA_SLD_7_JOIN_07_03","",""
"Scripts/Content/Story/B_AssignAmbientInfos/B_AssignAmbientInfos_SLD_7.d:69","Wer hat hier das Sagen?","여기 대장은 누구인가?","","False","DIA_SLD_7_PEOPLE.description","",""
"Scripts/Content/Story/B_AssignAmbientInfos/B_AssignAmbientInfos_SLD_7.d:79","Wer hat hier das Sagen?","여기 대장은 누구인가?","","False","DIA_SLD_7_PEOPLE_15_00","",""
"Scripts/Content/Story/B_AssignAmbientInfos/B_AssignAmbientInfos_SLD_7.d:80","Lee ist unser Anführer. Torlof ist seine rechte Hand. Die meisten Männer folgen ihm, denn er hat sie schon damals in der Kolonie angeführt.","리가 우리의 지도자야. 토를로프는 그의 오른팔이고. 대부분의 부하는 과거 식민지 시절부터 그를 따랐지.","","False","DIA_SLD_7_PEOPLE_07_01","",""
"Scripts/Content/Story/B_AssignAmbientInfos/B_AssignAmbientInfos_SLD_7.d:81","Und dann ist da noch Sylvio. Er ist mit seinen Männern aus den Bergen gekommen, nachdem Lee hier ankam.","그리고 실비오가 있지. 그는 리가 도착한 후에 부하들을 이끌고 산에서 내려왔어.","","False","DIA_SLD_7_PEOPLE_07_02","",""
"Scripts/Content/Story/B_AssignAmbientInfos/B_AssignAmbientInfos_SLD_7.d:82","Er und seine Leute sind nur ein kleiner Teil der Söldner - aber sie machen oft Ärger. Die Typen kochen ihr eigenes Süppchen.","그와 그의 부하들은 용병들 중 일부에 불과하지만, 종종 말썽을 일으키곤 해. 그 자들은 자기들 멋대로 행동하거든.","","False","DIA_SLD_7_PEOPLE_07_03","",""
"Scripts/Content/Story/B_AssignAmbientInfos/B_AssignAmbientInfos_SLD_7.d:83","Und Sylvio ist 'ne linke Sau - also sei schön vorsichtig, wenn du ihn triffst.","그리고 실비오는 음흉한 녀석이니까, 그를 만나게 되면 조심하는 게 좋을 거야.","","False","DIA_SLD_7_PEOPLE_07_04","",""
"Scripts/Content/Story/B_AssignAmbientInfos/B_AssignAmbientInfos_SLD_7.d:95","Erzähl mir was über den Hof.","이 농장에 대해 말해 다오.","","False","DIA_SLD_7_LOCATION.description","",""
"Scripts/Content/Story/B_AssignAmbientInfos/B_AssignAmbientInfos_SLD_7.d:105","Erzähl mir was über den Hof.","이 농장에 대해 말해 다오.","","False","DIA_SLD_7_LOCATION_15_00","",""
"Scripts/Content/Story/B_AssignAmbientInfos/B_AssignAmbientInfos_SLD_7.d:106","Onar hat uns angeheuert, damit wir sein Hab und Gut bewachen.","오나르는 자신의 재산을 보호하기 위해 우리를 고용했다.","","False","DIA_SLD_7_LOCATION_07_01","",""
"Scripts/Content/Story/B_AssignAmbientInfos/B_AssignAmbientInfos_SLD_7.d:110","Also lass dir nicht einfallen, was zu stehlen oder die Bauern zu verprügeln, sonst bekommst du Ärger mit uns, klar?","그러니 뭘 훔치거나 농부들을 두들겨 패려는 생각은 아예 하지 마라. 그렇지 않으면 우리와 곤란한 겪게 될 테니까, 알겠나?","","False","DIA_SLD_7_LOCATION_07_02","",""
"Scripts/Content/Story/B_AssignAmbientInfos/B_AssignAmbientInfos_SLD_7.d:123","Was gibt's Neues?","무슨 새로운 소식이라도 있나?","","False","DIA_SLD_7_STANDARD.description","",""
"Scripts/Content/Story/B_AssignAmbientInfos/B_AssignAmbientInfos_SLD_7.d:133","Was gibt's Neues?","무슨 새로운 소식이라도 있나?","","False","DIA_SLD_7_STANDARD_15_00","",""
"Scripts/Content/Story/B_AssignAmbientInfos/B_AssignAmbientInfos_SLD_7.d:141","Seit du bei uns angefangen hast, ist auf dem Hof alles ruhig - keine Milizen.","네가 우리와 함께한 이후로 농장은 조용했어. 민병대도 얼씬거리지 않고.","","False","DIA_SLD_7_STANDARD_07_01","",""
"Scripts/Content/Story/B_AssignAmbientInfos/B_AssignAmbientInfos_SLD_7.d:145","Hier bei uns nicht viel. Aber frag mal in der Stadt nach, ich glaube, die haben bald nichts mehr zu fressen. (lacht)","우리 쪽엔 별것 없어. 하지만 도시에 가서 물어봐, 거긴 곧 먹을 게 바닥날걸. (웃음)","","False","DIA_SLD_7_STANDARD_07_02","",""
"Scripts/Content/Story/B_AssignAmbientInfos/B_AssignAmbientInfos_SLD_7.d:152","Drachen im Minental! In der Haut der Paladine möchte ich jetzt nicht stecken.","광산 계곡에 드래곤이라니! 팔라딘 녀석들도 지금쯤 아주 골치 아프겠어.","","False","DIA_SLD_7_STANDARD_07_03","",""
"Scripts/Content/Story/B_AssignAmbientInfos/B_AssignAmbientInfos_SLD_7.d:153","Schätze, der König wird Lord Hagen einen kräftigen Arschtritt verpassen, wenn er wegen der Drachen mit leeren Händen zurückkommt.","드래곤 때문에 빈손으로 돌아오면, 왕이 헤이건 경의 엉덩이를 아주 걷어차 줄 거다.","","False","DIA_SLD_7_STANDARD_07_04","",""
"Scripts/Content/Story/B_AssignAmbientInfos/B_AssignAmbientInfos_SLD_7.d:157","Kommen eure Paladine mit den Drachen nicht zurecht? Kann ich mir vorstellen, kämpfen ist halt doch was für echte Männer.","너희 팔라딘들은 드래곤도 제대로 상대하지 못하나? 내 그럴 줄 알았지, 싸움이란 건 원래 진짜 사나이들의 일이니까.","","False","DIA_SLD_7_STANDARD_07_05","",""
"Scripts/Content/Story/B_AssignAmbientInfos/B_AssignAmbientInfos_SLD_7.d:169","Das mit Bennet war echt in Ordnung von dir. Sylvio kocht vor Wut. Er wäre am liebsten in die Stadt gestürmt und hätte alles kurz und klein geschlagen.","베넷 일은 네가 정말 잘 처리해 준 거야. 실비오가 분노로 펄펄 뛰고 있거든. 당장라도 도시에 쳐들어와서 다 부수고 싶어 하더군.","","False","DIA_SLD_7_STANDARD_07_06","",""
"Scripts/Content/Story/B_AssignAmbientInfos/B_AssignAmbientInfos_SLD_7.d:170","Er versucht ständig, Lee in die Defensive zu drängen und Bennet war ein guter Anlass.","그는 항상 리를 수세에 몰아넣으려고 하는데, 베넷 일은 아주 좋은 핑곗거리가 된 거지.","","False","DIA_SLD_7_STANDARD_07_07","",""
"Scripts/Content/Story/B_AssignAmbientInfos/B_AssignAmbientInfos_SLD_7.d:174","Ich weiß ja nicht, warum du Bennet geholfen hast, aber glaub mir, es war besser für die Stadt.","네가 왜 베넷을 도왔는지는 모르겠지만, 믿어라. 그게 도시를 위해서도 더 나은 일이었어.","","False","DIA_SLD_7_STANDARD_07_08","",""
"Scripts/Content/Story/B_AssignAmbientInfos/B_AssignAmbientInfos_SLD_7.d:182","Das mit Bennet ist 'ne echt üble Sache. Vielleicht sollten wir doch auf Sylvio hören und die Stadt angreifen.","베넷 일은 정말 엉망진창이야. 차라리 실비오 말대로 도시에 쳐들어갔어야 했어.","","False","DIA_SLD_7_STANDARD_07_09","",""
"Scripts/Content/Story/B_AssignAmbientInfos/B_AssignAmbientInfos_SLD_7.d:186","Was habt ihr mit Bennet vor. Ach, ich will es gar nicht wissen, ihr werdet schon sehen, wohin das führt.","베넷을 어떻게 할 생각이지? 뭐, 알 바 아니지만, 그 끝이 어떻게 될지 곧 보게 될 거야.","","False","DIA_SLD_7_STANDARD_07_10","",""
"Scripts/Content/Story/B_AssignAmbientInfos/B_AssignAmbientInfos_SLD_7.d:195","Ich dachte, du wolltest auch ins Tal. Zusammen mit Sylvio.","너도 계곡으로 갈 줄 알았는데. 실비오와 함께 말이야.","","False","DIA_SLD_7_STANDARD_07_11","",""
"Scripts/Content/Story/B_AssignAmbientInfos/B_AssignAmbientInfos_SLD_7.d:196","Wir alle hätten nichts dagegen, wenn Sylvio im Tal bliebe. FÜR IMMER!","실비오가 계곡에 영원히 처박혀 있는다면, 우리 중 누구도 불만 없을걸. 영원히 말이야!","","False","DIA_SLD_7_STANDARD_07_12","",""
"Scripts/Content/Story/B_AssignAmbientInfos/B_AssignAmbientInfos_SLD_7.d:200","Ganz schön mutig von dir, hier aufzutauchen, so ganz allein.","이렇게 뻔뻔하게 혼자서 나타나다니, 제법이군.","","False","DIA_SLD_7_STANDARD_07_13","",""
"Scripts/Content/Story/B_AssignAmbientInfos/B_AssignAmbientInfos_SLD_7.d:201","Aber mir soll's egal sein, solange du keine Steuern eintreiben willst.","하지만 네가 세금을 거두러 온 것만 아니라면, 나야 상관없어.","","False","DIA_SLD_7_STANDARD_07_14","",""
"Scripts/Content/Story/B_AssignAmbientInfos/B_AssignAmbientInfos_SLD_7.d:207","Junge, ich halte das hier nicht mehr aus. Schafe, Wiesen und Bäume. Ich will hier endlich verschwinden.","이봐, 난 더 이상 여기 못 있겠어. 양들과 초원, 나무들뿐이잖아. 당장 여기서 꺼져버리고 싶다고.","","False","DIA_SLD_7_STANDARD_07_15","",""
"Scripts/Content/Story/B_AssignAmbientInfos/B_AssignAmbientInfos_STRF_1.d:50","Wenn ich mich damals rechtzeitig abgesetzt hätte, dann müsste ich jetzt nicht wieder für die Schweine schuften!","그때 제때 도망쳤더라면, 이 돼지들을 위해 다시 부려 먹힐 일도 없었을 텐데!","","False","DIA_STRF_1_STANDARD_01_00","",""
"Scripts/Content/Story/B_AssignAmbientInfos/B_AssignAmbientInfos_STRF_1.d:55","Es dreht sich alles nur ums Erz. Immer wieder das gleiche. Sie wollen alle nur dieses verdammte Erz.","온통 광석 이야기뿐이야. 맨날 똑같지. 놈들은 모두 그 저주받은 광석만을 원해.","","False","DIA_STRF_1_STANDARD_01_01","",""
"Scripts/Content/Story/B_AssignAmbientInfos/B_AssignAmbientInfos_STRF_1.d:60","Wenn du das essen müsstest, was sie uns zum Fraß vorwerfen, würdest du auch anfangen über eine Revolte nachzudenken!","그들이 우리한테 내던져 주는 개밥 같은 걸 먹어야 한다면, 너라도 반란을 꿈꾸게 될 걸!","","False","DIA_STRF_1_STANDARD_01_02","",""
"Scripts/Content/Story/B_AssignAmbientInfos/B_AssignAmbientInfos_STRF_13.d:50","Lass mich in Frieden, Mann!","귀찮게 하지 마, 이 사람아!","","False","DIA_STRF_13_STANDARD_13_00","",""
"Scripts/Content/Story/B_AssignAmbientInfos/B_AssignAmbientInfos_STRF_13.d:55","Was willst du von mir? Lass mich in Ruhe!","나한테 원하는 게 뭐지? 내버려 두라고!","","False","DIA_STRF_13_STANDARD_13_01","",""
"Scripts/Content/Story/B_AssignAmbientInfos/B_AssignAmbientInfos_STRF_13.d:60","Wir werden hier alle sterben!","우린 여기서 다 죽을 거야!","","False","DIA_STRF_13_STANDARD_13_02","",""
"Scripts/Content/Story/B_AssignAmbientInfos/B_AssignAmbientInfos_VLK_1.d:32","Wie kann ich Bürger dieser Stadt werden?","이 도시의 시민이 되려면 어떻게 해야 합니까?","","False","DIA_VLK_1_JOIN.description","",""
"Scripts/Content/Story/B_AssignAmbientInfos/B_AssignAmbientInfos_VLK_1.d:46","Wie kann ich Bürger dieser Stadt werden?","이 도시의 시민이 되려면 어떻게 해야 합니까?","","False","DIA_VLK_1_JOIN_15_00","",""
"Scripts/Content/Story/B_AssignAmbientInfos/B_AssignAmbientInfos_VLK_1.d:47","Such dir 'ne ordentliche Arbeit! Jeder, der hier in Khorinis einer festen Beschäftigung nachgeht, zählt zu den Bürgern der Stadt.","제대로 된 일자리를 찾아보라고! 코리니스에서 안정된 직업을 가진 사람이라면 누구나 도시의 시민으로 인정받으니까.","","False","DIA_VLK_1_JOIN_01_01","",""
"Scripts/Content/Story/B_AssignAmbientInfos/B_AssignAmbientInfos_VLK_1.d:59","Wer sind hier die wichtigen Persönlichkeiten?","여기서 중요한 인물들은 누구인가요?","","False","DIA_VLK_1_PEOPLE.description","",""
"Scripts/Content/Story/B_AssignAmbientInfos/B_AssignAmbientInfos_VLK_1.d:69","Wer sind hier die wichtigen Persönlichkeiten?","여기서 중요한 인물들은 누구인가요?","","False","DIA_VLK_1_PEOPLE_15_00","",""
"Scripts/Content/Story/B_AssignAmbientInfos/B_AssignAmbientInfos_VLK_1.d:70","(lacht) Bis vor kurzem waren das noch der Statthalter und der Richter. Aber dann kamen die Paladine, und die haben die Stadt übernommen.","(웃음) 얼마 전까지만 해도 총독과 판사였지. 하지만 팔라딘들이 나타나 도시를 장악해 버렸어.","","False","DIA_VLK_1_PEOPLE_01_01","",""
"Scripts/Content/Story/B_AssignAmbientInfos/B_AssignAmbientInfos_VLK_1.d:71","Lord Hagen ist ihr Anführer. Er ist jetzt gewissermaßen der neue Statthalter.","헤이건 경이 그들의 지도자야. 이제 사실상 새로운 총독인 셈이지.","","False","DIA_VLK_1_PEOPLE_01_02","",""
"Scripts/Content/Story/B_AssignAmbientInfos/B_AssignAmbientInfos_VLK_1.d:72","Lord Andre ist seine rechte Hand. Er leitet die Stadtwache und ist auch gleichzeitig Richter.","안드레 경은 그의 오른팔이야. 도시 경비병을 지휘하면서 판사 역할도 겸하고 있지.","","False","DIA_VLK_1_PEOPLE_01_03","",""
"Scripts/Content/Story/B_AssignAmbientInfos/B_AssignAmbientInfos_VLK_1.d:73","Jeder, der sich hier in der Stadt etwas zu schulden kommen lässt, muss sich vor ihm verantworten.","이 도시에서 죄를 지은 자는 누구든 그 앞에서 심판을 받아야 해.","","False","DIA_VLK_1_PEOPLE_01_04","",""
"Scripts/Content/Story/B_AssignAmbientInfos/B_AssignAmbientInfos_VLK_1.d:85","Was gibt es interessantes in dieser Stadt?","이 도시에서 볼만한 흥미로운 것은 무엇이 있나요?","","False","DIA_VLK_1_LOCATION.description","",""
"Scripts/Content/Story/B_AssignAmbientInfos/B_AssignAmbientInfos_VLK_1.d:95","Was gibt es Interessantes in dieser Stadt?","이 도시에서 볼만한 흥미로운 것은 무엇이 있나요?","","False","DIA_VLK_1_LOCATION_15_00","",""
"Scripts/Content/Story/B_AssignAmbientInfos/B_AssignAmbientInfos_VLK_1.d:96","Hier kannst du fast alles kaufen, was du dir vorstellen kannst. Entweder bei den Händlern am Marktplatz oder in der Unterstadt.","여기선 상상할 수 있는 거의 모든 것을 살 수 있지. 시장 광장의 상인들이나 하층 구역에서 말이야.","","False","DIA_VLK_1_LOCATION_01_01","",""
"Scripts/Content/Story/B_AssignAmbientInfos/B_AssignAmbientInfos_VLK_1.d:97","Aber fast alles, was du hier kaufen kannst, kostet auch ne Kleinigkeit.","하지만 여기서 살 수 있는 대부분의 물건은 꽤 비싼 편이지.","","False","DIA_VLK_1_LOCATION_01_02","",""
"Scripts/Content/Story/B_AssignAmbientInfos/B_AssignAmbientInfos_VLK_1.d:98","Wenn du nicht viel Geld hast, kann dir vielleicht Lehmar, der Geldverleiher, weiterhelfen. Sein Haus ist am Anfang des Hafenviertels, wenn du von der Unterstadt kommst.","돈이 별로 없다면 대부업자 레마르가 도움이 될지도 몰라. 하층 구역에서 항구 구역으로 들어서는 초입에 그의 집이 있거든.","","False","DIA_VLK_1_LOCATION_01_03","",""
"Scripts/Content/Story/B_AssignAmbientInfos/B_AssignAmbientInfos_VLK_1.d:110","Was gibt's Neues?","무슨 새로운 소식이라도 있나?","","False","DIA_VLK_1_STANDARD.description","",""
"Scripts/Content/Story/B_AssignAmbientInfos/B_AssignAmbientInfos_VLK_1.d:120","Was gibt's Neues?","무슨 새로운 소식이라도 있나?","","False","DIA_VLK_1_STANDARD_15_00","",""
"Scripts/Content/Story/B_AssignAmbientInfos/B_AssignAmbientInfos_VLK_1.d:124","Der offene Handel mit dem Großbauern ist seit dem Fall der Barriere abrupt abgebrochen. Wer weiß, was der im Schilde führt. Ich traue dem Braten nicht.","장벽이 무너진 이후로 대농장과의 자유로운 거래가 뚝 끊겼어. 녀석이 무슨 꿍꿍이를 꾸미는지 원. 미심쩍단 말이야.","","False","DIA_VLK_1_STANDARD_01_01","",""
"Scripts/Content/Story/B_AssignAmbientInfos/B_AssignAmbientInfos_VLK_1.d:129","Onar treibt es zu weit! Er beliefert die Stadt immer noch nicht. Wenn die Miliz nicht bald eingreift, machen auch die anderen Höfe bald, was sie wollen.","오나르가 선을 넘고 있어! 여전히 도시에 물자를 공급하지 않고 있잖아. 민병대가 개입하지 않는다면 다른 농장들도 조만간 자기들 마음대로 행동하게 될 거야.","","False","DIA_VLK_1_STANDARD_01_02","",""
"Scripts/Content/Story/B_AssignAmbientInfos/B_AssignAmbientInfos_VLK_1.d:134","Ich habe gehört, die Banditen sollen sich mit Magiern zusammengetan haben. Mächtige Schwarzmagier in schwarzen Kutten. Ich könnte schwören, dass ich letzte Nacht einen von ihnen in der Stadt gesehen habe.","들었는데, 그 범죄자들이 마법사들과 손을 잡았다고 하더군. 검은 로브를 걸친 강력한 흑마법사 말이야. 어젯밤에 도시에서 그들 중 한 명을 본 것 같다고 장담할 수 있어.","","False","DIA_VLK_1_STANDARD_01_03","",""
"Scripts/Content/Story/B_AssignAmbientInfos/B_AssignAmbientInfos_VLK_1.d:139","Ich hab gehört, dass einige von Onars Söldnern losgezogen sind, um die Drachen zu töten. Jetzt machen die endlich mal was Nützliches!","오나르의 용병 중 일부가 드래곤을 죽이러 떠났다는 소문을 들었어. 드디어 녀석들도 쓸모 있는 일을 하는군!","","False","DIA_VLK_1_STANDARD_01_04","",""
"Scripts/Content/Story/B_AssignAmbientInfos/B_AssignAmbientInfos_VLK_1.d:144","Es heißt, die Drachen sind besiegt worden! Lord Hagen sammelt seine Männer, um auch die restlichen Kreaturen aus dem Minental zu vertreiben.","드래곤들이 쓰러졌다는 소문이야! 헤이건 경은 광산 계곡의 남은 괴물들까지 소탕하기 위해 부하들을 소집하고 있어.","","False","DIA_VLK_1_STANDARD_01_05","",""
"Scripts/Content/Story/B_AssignAmbientInfos/B_AssignAmbientInfos_VLK_16.d:32","Ich will Bürger dieser Stadt werden!","이 도시의 시민이 되고 싶다!","","False","DIA_VLK_16_JOIN.description","",""
"Scripts/Content/Story/B_AssignAmbientInfos/B_AssignAmbientInfos_VLK_16.d:46","Ich will Bürger dieser Stadt werden!","이 도시의 시민이 되고 싶다!","","False","DIA_VLK_16_JOIN_15_00","",""
"Scripts/Content/Story/B_AssignAmbientInfos/B_AssignAmbientInfos_VLK_16.d:47","Willst du uns helfen, die Stadt gegen die Orks zu verteidigen?","오크들로부터 도시를 방어하는 걸 도와주겠나?","","False","DIA_VLK_16_JOIN_16_01","",""
"Scripts/Content/Story/B_AssignAmbientInfos/B_AssignAmbientInfos_VLK_16.d:48","Wenn du Bürger von Khorinis bist, kannst du der Miliz beitreten - du solltest mit einer der Stadtwachen reden.","네가 코리니스 시민이라면 민병대에 가입할 수 있어. 도시 경비병 중 한 명과 이야기해 보는 게 좋을 거다.","","False","DIA_VLK_16_JOIN_16_02","",""
"Scripts/Content/Story/B_AssignAmbientInfos/B_AssignAmbientInfos_VLK_16.d:60","Wer sind die wichtigen Persönlichkeiten dieser Stadt?","이 도시의 중요 인사들은 누구인가?","","False","DIA_VLK_16_PEOPLE.description","",""
"Scripts/Content/Story/B_AssignAmbientInfos/B_AssignAmbientInfos_VLK_16.d:70","Wer sind die wichtigen Persönlichkeiten dieser Stadt?","이 도시의 중요 인사들은 누구인가?","","False","DIA_VLK_16_PEOPLE_15_00","",""
"Scripts/Content/Story/B_AssignAmbientInfos/B_AssignAmbientInfos_VLK_16.d:71","Die Paladine haben das obere Viertel besetzt.","팔라딘들이 상층 구역을 점거하고 있어.","","False","DIA_VLK_16_PEOPLE_16_01","",""
"Scripts/Content/Story/B_AssignAmbientInfos/B_AssignAmbientInfos_VLK_16.d:83","Was gibt hier Interessantes zu sehen?","여기 볼만한 흥미로운 것이 있나?","","False","DIA_VLK_16_LOCATION.description","",""
"Scripts/Content/Story/B_AssignAmbientInfos/B_AssignAmbientInfos_VLK_16.d:93","Was gibt es hier Interessantes zu sehen?","여기 볼만한 흥미로운 것이 있나?","","False","DIA_VLK_16_LOCATION_15_00","",""
"Scripts/Content/Story/B_AssignAmbientInfos/B_AssignAmbientInfos_VLK_16.d:94","Auf dem Marktplatz kannst du alle möglichen Waren ansehen.","시장 광장에서는 온갖 종류의 상품들을 구경할 수 있지.","","False","DIA_VLK_16_LOCATION_16_01","",""
"Scripts/Content/Story/B_AssignAmbientInfos/B_AssignAmbientInfos_VLK_16.d:106","Was gibt's Neues?","무슨 새로운 소식이라도 있나?","","False","DIA_VLK_16_STANDARD.description","",""
"Scripts/Content/Story/B_AssignAmbientInfos/B_AssignAmbientInfos_VLK_16.d:116","Was gibt's Neues?","무슨 새로운 소식이라도 있나?","","False","DIA_VLK_16_STANDARD_15_00","",""
"Scripts/Content/Story/B_AssignAmbientInfos/B_AssignAmbientInfos_VLK_16.d:120","Ich hoffe, dass die Miliz endlich herausfindet, warum die Bevölkerung von Khorinis immer kleiner wird.","코리니스의 인구가 왜 점점 줄어드는지 민병대가 드디어 알아냈으면 좋겠군.","","False","DIA_Addon_VLK_16_STANDARD_16_00","",""
"Scripts/Content/Story/B_AssignAmbientInfos/B_AssignAmbientInfos_VLK_16.d:121","Man muss ja Angst um sein Leben haben, wenn man so hört, dass schon so viele vermisst werden.","이렇게 많은 사람들이 실종되었다는 소리를 들으면 목숨에 대한 공포를 느낄 수밖에 없지.","","False","DIA_Addon_VLK_16_STANDARD_16_01","",""
"Scripts/Content/Story/B_AssignAmbientInfos/B_AssignAmbientInfos_VLK_16.d:134","Hast du es schon gehört? Die Orks sind vor der Stadt gesehen worden. Hoffentlich haben die Paladine genügend Leute.","못 들었나? 도시 근처에서 오크들이 목격되었다고 해. 팔라딘들에게 병력이 충분히 있어야 할 텐데.","","False","DIA_VLK_16_STANDARD_16_01","",""
"Scripts/Content/Story/B_AssignAmbientInfos/B_AssignAmbientInfos_VLK_16.d:135","Ich frage mich, ob das der Grund ist, dass keine Bauern mehr zum Markt kommen.","농부들이 더 이상 시장에 오지 않는 이유가 혹시 그 때문인지 궁금하군.","","False","DIA_VLK_16_STANDARD_16_02","",""
"Scripts/Content/Story/B_AssignAmbientInfos/B_AssignAmbientInfos_VLK_16.d:142","Der Söldner, der Lothar ermordet haben soll, ist unschuldig. Man hat Beweise gefunden, dass man ihm den Mord nur anhängen wollte. Ich hab's auf dem Markt gehört.","로타르를 살해했다고 알려진 용병은 무죄야. 그에게 살인 누명을 씌우려 했다는 증거가 발견되었거든. 시장에서 그렇게 들었어.","","False","DIA_VLK_16_STANDARD_16_03","",""
"Scripts/Content/Story/B_AssignAmbientInfos/B_AssignAmbientInfos_VLK_16.d:146","Es ist ungeheuerlich. Die Söldner des Großbauern haben den ehrenwerten Lothar auf offener Straße ermordet.","정말 끔찍한 일이야. 대농장의 용병들이 대낮에 한복판에서 명예로운 로타르를 살해하다니 말이야.","","False","DIA_VLK_16_STANDARD_16_04","",""
"Scripts/Content/Story/B_AssignAmbientInfos/B_AssignAmbientInfos_VLK_16.d:147","Aber Innos selbst wird sie für ihre Sünden bestrafen. Niemand darf Hand an einen Streiter unseres Herrn legen.","하지만 이노스께서 직접 그들의 죄를 벌하실 것이다. 감히 우리 주님의 투사에게 손을 대는 자는 용서받지 못할 테니까.","","False","DIA_VLK_16_STANDARD_16_05","",""
"Scripts/Content/Story/B_AssignAmbientInfos/B_AssignAmbientInfos_VLK_16.d:153","Ich habe gehört, die Verbrecher flüchten von Onars Hof. Aus Angst vor Lord Hagens Männern sollen sie wieder zurück ins Minental gegangen sein.","범죄자들이 오나르의 농장에서 도망치고 있다는 소릴 들었어. 헤이건 경의 부하들이 두려워 공포에 질린 나머지, 광산 계곡으로 다시 돌아갔다더군.","","False","DIA_VLK_16_STANDARD_16_06","",""
"Scripts/Content/Story/B_AssignAmbientInfos/B_AssignAmbientInfos_VLK_16.d:158","Ich habe gehört, einem Trupp der Paladine ist es gelungen, die fürchterlichen Drachen im Minental zu besiegen.","팔라딘 부대 중 하나가 광산 계곡의 끔찍한 드래곤들을 무찌르는 데 성공했다고 하더군.","","False","DIA_VLK_16_STANDARD_16_07","",""
"Scripts/Content/Story/B_AssignAmbientInfos/B_AssignAmbientInfos_VLK_17.d:32","Was muss ich tun, um Bürger dieser Stadt zu werden?","이 도시의 시민이 되려면 어떻게 해야 하나요?","","False","DIA_VLK_17_JOIN.description","",""
"Scripts/Content/Story/B_AssignAmbientInfos/B_AssignAmbientInfos_VLK_17.d:46","Was muss ich tun, um Bürger dieser Stadt zu werden?","이 도시의 시민이 되려면 어떻게 해야 하나요?","","False","DIA_VLK_17_JOIN_15_00","",""
"Scripts/Content/Story/B_AssignAmbientInfos/B_AssignAmbientInfos_VLK_17.d:47","Die Handwerksmeister in der Unterstadt haben großen Einfluss hier in Khorinis. Du solltest mit einem von ihnen reden.","하층 구역의 장인 장로들은 코리니스에서 엄청난 영향력을 가지고 있지. 그들 중 한 명과 얘기해 보는 게 좋을 거야.","","False","DIA_VLK_17_JOIN_17_01","",""
"Scripts/Content/Story/B_AssignAmbientInfos/B_AssignAmbientInfos_VLK_17.d:59","Wer sind die wichtigsten Persönlichkeiten dieser Stadt?","이 도시의 중요 인사들은 누구인가요?","","False","DIA_VLK_17_PEOPLE.description","",""
"Scripts/Content/Story/B_AssignAmbientInfos/B_AssignAmbientInfos_VLK_17.d:69","Wer sind die wichtigsten Persönlichkeiten dieser Stadt?","이 도시의 중요 인사들은 누구인가요?","","False","DIA_VLK_17_PEOPLE_15_00","",""
"Scripts/Content/Story/B_AssignAmbientInfos/B_AssignAmbientInfos_VLK_17.d:70","Seit die Paladine hier sind, haben sie die Kontrolle über die ganze Stadt übernommen.","팔라딘들이 이곳에 온 이후로 도시 전체의 통제권을 장악했지.","","False","DIA_VLK_17_PEOPLE_17_01","",""
"Scripts/Content/Story/B_AssignAmbientInfos/B_AssignAmbientInfos_VLK_17.d:71","Lord Andre vertritt das Gesetz. Du findest ihn in der Kaserne.","안드레 경이 법을 집행하고 있어. 병영에 가면 찾을 수 있을 거야.","","False","DIA_VLK_17_PEOPLE_17_02","",""
"Scripts/Content/Story/B_AssignAmbientInfos/B_AssignAmbientInfos_VLK_17.d:72","Aber solange du nicht gegen das Gesetz verstoßen hast, oder dich der Miliz anschließen willst, brauchst du nicht zu ihm zu gehen.","하지만 법을 어기거나 민병대에 가입하려는 게 아니라면, 굳이 그를 찾아갈 필요는 없어.","","False","DIA_VLK_17_PEOPLE_17_03","",""
"Scripts/Content/Story/B_AssignAmbientInfos/B_AssignAmbientInfos_VLK_17.d:84","Was sind die interessantesten Orte hier in Khorinis?","코리니스에서 가장 흥미로운 장소는 어디인가요?","","False","DIA_VLK_17_LOCATION.description","",""
"Scripts/Content/Story/B_AssignAmbientInfos/B_AssignAmbientInfos_VLK_17.d:94","Was sind die interessantesten Orte hier in Khorinis?","코리니스에서 가장 흥미로운 장소는 어디인가요?","","False","DIA_VLK_17_LOCATION_15_00","",""
"Scripts/Content/Story/B_AssignAmbientInfos/B_AssignAmbientInfos_VLK_17.d:95","(lacht) Vielleicht solltest du das besser einen Mann fragen. Wenn dir nach Unterhaltung ist, solltest du dich am Hafen umsehen.","(웃음) 그건 남자에게 묻는 게 더 나을지도 모르겠네. 오락거리를 찾는다면 항구 쪽을 둘러보는 게 좋을 거야.","","False","DIA_VLK_17_LOCATION_17_01","",""
"Scripts/Content/Story/B_AssignAmbientInfos/B_AssignAmbientInfos_VLK_17.d:96","Aber wenn es dir darum geht, etwas zu kaufen, geh zum Marktplatz am Osttor oder in die Unterstadt.","하지만 무언가를 사고 싶다면, 동문 쪽의 시장 광장이나 하층 구역으로 가보도록 해.","","False","DIA_VLK_17_LOCATION_17_02","",""
"Scripts/Content/Story/B_AssignAmbientInfos/B_AssignAmbientInfos_VLK_17.d:108","Was gibt's Neues?","무슨 새로운 소식이라도 있나?","","False","DIA_VLK_17_STANDARD.description","",""
"Scripts/Content/Story/B_AssignAmbientInfos/B_AssignAmbientInfos_VLK_17.d:118","Was gibt's Neues?","무슨 새로운 소식이라도 있나?","","False","DIA_VLK_17_STANDARD_15_00","",""
"Scripts/Content/Story/B_AssignAmbientInfos/B_AssignAmbientInfos_VLK_17.d:123","Ich frage mich, was die Paladine eigentlich hier wollen. Sie haben das Rathaus, die Kaserne und den Hafen besetzt, aber bis jetzt noch nichts unternommen.","팔라딘들이 대체 여기에 왜 왔는지 모르겠어. 시청이랑 병영, 항구를 점거하긴 했는데 지금까지 아무것도 안 하고 있잖아.","","False","DIA_VLK_17_STANDARD_17_01","",""
"Scripts/Content/Story/B_AssignAmbientInfos/B_AssignAmbientInfos_VLK_17.d:124","Wenn sie wegen der Orks oder der Banditen hier wären, hätten sie schon längst was unternommen. Es muss einen anderen Grund geben ...","오크들이나 범죄자들 때문에 온 거라면 진작에 뭔차 조치를 취했겠지. 분명 다른 이유가 있을 거야...","","False","DIA_VLK_17_STANDARD_17_02","",""
"Scripts/Content/Story/B_AssignAmbientInfos/B_AssignAmbientInfos_VLK_17.d:129","Gerade ist mir klar geworden, warum die Paladine hier sind. Es geht ihnen nur ums Erz. Die Kerle sollten lieber unsere Stadt verteidigen.","팔라딘들이 왜 여기에 와 있는지 방금 깨달았어. 녀석들은 오로지 광석에만 관심이 있는 거야. 차라리 우리 도시를 방어하는 게 나을 텐데 말이지.","","False","DIA_VLK_17_STANDARD_17_03","",""
"Scripts/Content/Story/B_AssignAmbientInfos/B_AssignAmbientInfos_VLK_17.d:134","Ich hoffe, dass an den Geschichten über die Drachen etwas dran ist. Dann wird Lord Hagen gezwungen sein, etwas zu unternehmen. Er kann uns hier nicht einfach den Drachen ausliefern.","드래곤에 대한 이야기가 사실이었으면 좋겠어. 그래야 헤이건 경도 마지못해 뭔가를 하려 들 테니까. 우리를 그냥 드래곤들의 먹이로 던져줄 순 없을 거 아냐.","","False","DIA_VLK_17_STANDARD_17_04","",""
"Scripts/Content/Story/B_AssignAmbientInfos/B_AssignAmbientInfos_VLK_17.d:139","Jetzt, wo die Drachen tot sind, werden die Paladine mit dem restlichen Gesindel kurzen Prozess machen.","이제 드래곤들이 죽었으니, 팔라딘들이 남은 쓰레기 녀석들도 싹 치워버리겠지.","","False","DIA_VLK_17_STANDARD_17_05","",""
"Scripts/Content/Story/B_AssignAmbientInfos/B_AssignAmbientInfos_VLK_6.d:32","Wie werde ich Bürger dieser Stadt?","어떻게 이 도시의 시민이 될 수 있지?","","False","DIA_VLK_6_JOIN.description","",""
"Scripts/Content/Story/B_AssignAmbientInfos/B_AssignAmbientInfos_VLK_6.d:46","Wie werde ich Bürger dieser Stadt?","어떻게 이 도시의 시민이 될 수 있지?","","False","DIA_VLK_6_JOIN_15_00","",""
"Scripts/Content/Story/B_AssignAmbientInfos/B_AssignAmbientInfos_VLK_6.d:47","Du willst dich hier niederlassen? Jetzt? Wo hier alle Anzeichen auf Weltuntergang stehen?","여기서 정착하고 싶다고? 지금? 온 세상이 끝장이라도 날 것처럼 굴러가는 마당에?","","False","DIA_VLK_6_JOIN_06_01","",""
"Scripts/Content/Story/B_AssignAmbientInfos/B_AssignAmbientInfos_VLK_6.d:48","Ich hatte nicht vor, ewig zu bleiben.","영원히 머물 생각은 아니었어.","","False","DIA_VLK_6_JOIN_15_02","",""
"Scripts/Content/Story/B_AssignAmbientInfos/B_AssignAmbientInfos_VLK_6.d:49","Also, ich würde dir raten, dich hier zu verkrümeln, solange du noch kannst, aber wenn du's darauf anlegst, solltest du mit einem der einflussreichen Bürger hier reden.","내 충고를 듣자면, 아직 늦기 전에 여기서 꽁지 빠지게 도망치는 게 좋을 걸. 하지만 꼭 그러겠다면, 여기 영향력 있는 시민 중 한 명과 얘기해 보는 게 좋을 거야.","","False","DIA_VLK_6_JOIN_06_03","",""
"Scripts/Content/Story/B_AssignAmbientInfos/B_AssignAmbientInfos_VLK_6.d:61","Wer sind die einflussreichen Bürger von Khorinis?","코리니스에서 영향력 있는 시민들은 누구인가?","","False","DIA_VLK_6_PEOPLE.description","",""
"Scripts/Content/Story/B_AssignAmbientInfos/B_AssignAmbientInfos_VLK_6.d:71","Wer sind die einflussreichen Bürger von Khorinis?","코리니스에서 영향력 있는 시민들은 누구인가?","","False","DIA_VLK_6_PEOPLE_15_00","",""
"Scripts/Content/Story/B_AssignAmbientInfos/B_AssignAmbientInfos_VLK_6.d:72","Probier's mal beim Schmied oder beim Tischler in der Unterstadt. Es gibt dort auch noch ein paar andere angesehene Meister.","하부 시가지의 대장장이와 목수에게 가 보게. 그곳에는 명망 있는 다른 장인들도 몇 명 더 있어.","","False","DIA_VLK_6_PEOPLE_06_01","",""
"Scripts/Content/Story/B_AssignAmbientInfos/B_AssignAmbientInfos_VLK_6.d:73","Wenn hier jemand abgesehen von der Stadtwache und den Paladinen was zu sagen hat, dann diese Männer.","도시 경비병과 팔라딘들을 제외하고 이 도시에서 발언권이 있는 사람이 있다면, 바로 이 사람들이야.","","False","DIA_VLK_6_PEOPLE_06_02","",""
"Scripts/Content/Story/B_AssignAmbientInfos/B_AssignAmbientInfos_VLK_6.d:85","Woran kann ich mich hier in der Stadt am besten orientieren?","이 도시에서 길을 찾으려면 어떻게 해야 할까?","","False","DIA_VLK_6_LOCATION.description","",""
"Scripts/Content/Story/B_AssignAmbientInfos/B_AssignAmbientInfos_VLK_6.d:95","Woran kann ich mich hier in der Stadt am besten orientieren?","이 도시에서 길을 찾으려면 어떻게 해야 할까?","","False","DIA_VLK_6_LOCATION_15_00","",""
"Scripts/Content/Story/B_AssignAmbientInfos/B_AssignAmbientInfos_VLK_6.d:96","Ist gar nicht so leicht, sich hier zurechtzufinden, was? Da helfen selbst die Wegweiser nicht immer.","여기서 길을 찾는 게 그렇게 쉽지는 않지? 이정표조차 항상 도움이 되는 건 아니니까.","","False","DIA_VLK_6_LOCATION_06_01","",""
"Scripts/Content/Story/B_AssignAmbientInfos/B_AssignAmbientInfos_VLK_6.d:97","Wenn du einen schlechten Orientierungssinn hast, wird es das Beste sein, du gehst zum Hafen - den wirst du ja wohl noch finden - und suchst das Haus des Kartenzeichners.","방향 감각이 좋지 않다면, 항구로 가는 게 가장 좋을 거야. 항구쯤은 찾아갈 수 있겠지—거기서 지도 제작자의 집을 찾아봐.","","False","DIA_VLK_6_LOCATION_06_02","",""
"Scripts/Content/Story/B_AssignAmbientInfos/B_AssignAmbientInfos_VLK_6.d:98","Es ist direkt neben der Kneipe, an der Hafenmauer. Brahim hat bestimmt einen Plan von der Stadt für dich.","항구 성벽의 선술집 바로 옆에 있어. 브라힘이 분명 도시 지도를 가지고 있을 거야.","","False","DIA_VLK_6_LOCATION_06_03","",""
"Scripts/Content/Story/B_AssignAmbientInfos/B_AssignAmbientInfos_VLK_6.d:110","Was gibt's Neues?","새로운 소식이라도 있나?","","False","DIA_VLK_6_STANDARD.description","",""
"Scripts/Content/Story/B_AssignAmbientInfos/B_AssignAmbientInfos_VLK_6.d:120","Was gibt's Neues?","새로운 소식이라도 있나?","","False","DIA_VLK_6_STANDARD_15_00","",""
"Scripts/Content/Story/B_AssignAmbientInfos/B_AssignAmbientInfos_VLK_6.d:124","Seitdem die Barriere weg ist, wimmelt es in der Gegend um die Stadt nur so von Banditen. Aber die Paladine unternehmen nichts. Warum zum Teufel sind die Kerle dann hier?","장벽이 사라진 이후로 도시 주변 지역은 아주 강도떼로 들끓고 있어. 하지만 팔라딘들은 아무것도 하지 않지. 도대체 이 작자들이 왜 여기에 있는 거지?","","False","DIA_VLK_6_STANDARD_06_01","",""
"Scripts/Content/Story/B_AssignAmbientInfos/B_AssignAmbientInfos_VLK_6.d:129","In letzter Zeit ist es schon besser geworden mit den Banditen. Es sieht so aus, als ob endlich mal jemand etwas unternehmen würde.","요즘은 강도 문제도 훨씬 나아졌어. 마침내 누군가가 조치를 취하기 시작한 모양이야.","","False","DIA_VLK_6_STANDARD_06_02","",""
"Scripts/Content/Story/B_AssignAmbientInfos/B_AssignAmbientInfos_VLK_6.d:136","Sie haben den dreckigen Söldner, der den Paladin ermordet hat, laufen lassen. Ihn zu hängen wäre sicherlich auch kein Fehler gewesen.","그들은 팔라딘을 살해한 더러운 용병을 풀어줬어. 그 녀석을 교수형에 처했어도 틀림없이 잘못되진 않았을 텐데 말이야.","","False","DIA_VLK_6_STANDARD_06_03","",""
"Scripts/Content/Story/B_AssignAmbientInfos/B_AssignAmbientInfos_VLK_6.d:140","Es heißt, einer von Onars Söldnern hat einen der Paladine umgebracht. Sie haben den Kerl geschnappt und eingelocht. Bald wird er hängen.","오나르의 용병 중 한 명이 팔라딘을 죽였다고 하더군. 그들은 그 녀석을 붙잡아 감옥에 가뒀어. 곧 교수형에 처해질 거야.","","False","DIA_VLK_6_STANDARD_06_04","",""
"Scripts/Content/Story/B_AssignAmbientInfos/B_AssignAmbientInfos_VLK_6.d:146","Ich frage mich, on an den Geschichten über die Drachen was dran ist ...","드래곤에 관한 소문들에 진실이 조금이라도 있는지 궁금하군...","","False","DIA_VLK_6_STANDARD_06_05","",""
"Scripts/Content/Story/B_AssignAmbientInfos/B_AssignAmbientInfos_VLK_6.d:151","Es heißt, Lord Hagen sammelt seine Männer, um das Minental befreien. Endlich geht es los!","헤이건 경이 광산 계곡을 해방하기 위해 부하들을 모으고 있다고 하더군. 드디어 시작이야!","","False","DIA_VLK_6_STANDARD_06_06","",""
"Scripts/Content/Story/B_AssignAmbientInfos/B_AssignAmbientInfos_VLK_8.d:32","Ich will Bürger dieser Stadt werden!","이 도시의 시민이 되고 싶다!","","False","DIA_VLK_8_JOIN.description","",""
"Scripts/Content/Story/B_AssignAmbientInfos/B_AssignAmbientInfos_VLK_8.d:46","Ich will Bürger dieser Stadt werden!","이 도시의 시민이 되고 싶다!","","False","DIA_VLK_8_JOIN_15_00","",""
"Scripts/Content/Story/B_AssignAmbientInfos/B_AssignAmbientInfos_VLK_8.d:47","Und warum erzählst du mir das? Geh zu einem der Handwerksmeister in der Unterstadt. Vielleicht hast du Glück und sie suchen noch einen Lehrling.","그런데 그 소릴 내게 왜 하는가? 하부 시가지에 있는 장인들 중 한 명에게 가 보게. 운이 좋으면 아직 견습생을 찾고 있는 사람이 있을지도 모르지.","","False","DIA_VLK_8_JOIN_08_01","",""
"Scripts/Content/Story/B_AssignAmbientInfos/B_AssignAmbientInfos_VLK_8.d:48","Ansonsten müsstest du zum Statthalter gehen und dich als Bürger eintragen lassen.","그렇지 않다면 총독에게 가서 시민으로 등록해야 할 거야.","","False","DIA_VLK_8_JOIN_08_02","",""
"Scripts/Content/Story/B_AssignAmbientInfos/B_AssignAmbientInfos_VLK_8.d:49","Aber das kannst du zurzeit vergessen. Der Statthalter hat nichts mehr zu sagen, seit die Paladine da sind.","하지만 지금은 그런 생각은 잊는 게 좋을 거야. 팔라딘들이 온 이후로 총독은 아무런 실권도 없으니까.","","False","DIA_VLK_8_JOIN_08_03","",""
"Scripts/Content/Story/B_AssignAmbientInfos/B_AssignAmbientInfos_VLK_8.d:50","Und ihr Anführer, Lord Hagen, nimmt sich für solche Dinge garantiert keine Zeit.","그리고 그들의 지도자인 헤이건 경이 그런 일에 시간을 낼 리는 절대 없지.","","False","DIA_VLK_8_JOIN_08_04","",""
"Scripts/Content/Story/B_AssignAmbientInfos/B_AssignAmbientInfos_VLK_8.d:62","Wer sind die wichtigsten Bürger dieser Stadt?","이 도시에서 가장 중요한 시민들은 누구인가?","","False","DIA_VLK_8_PEOPLE.description","",""
"Scripts/Content/Story/B_AssignAmbientInfos/B_AssignAmbientInfos_VLK_8.d:72","Wer sind die wichtigsten Bürger dieser Stadt?","이 도시에서 가장 중요한 시민들은 누구인가?","","False","DIA_VLK_8_PEOPLE_15_00","",""
"Scripts/Content/Story/B_AssignAmbientInfos/B_AssignAmbientInfos_VLK_8.d:73","Wenn man mal von den Paladinen absieht ... die Handwerksmeister aus der Unterstadt. Sie sind alle sehr hoch angesehen.","팔라딘들을 제외한다면... 하부 시가지의 장인들이지. 그들은 모두 매우 높은 존경을 받고 있어.","","False","DIA_VLK_8_PEOPLE_08_01","",""
"Scripts/Content/Story/B_AssignAmbientInfos/B_AssignAmbientInfos_VLK_8.d:85","Was gibt es hier interessantes zu sehen?","여기에 볼 만한 흥미로운 것이 있는가?","","False","DIA_VLK_8_LOCATION.description","",""
"Scripts/Content/Story/B_AssignAmbientInfos/B_AssignAmbientInfos_VLK_8.d:95","Was gibt es hier Interessantes zu sehen?","여기에 볼 만한 흥미로운 것이 있는가?","","False","DIA_VLK_8_LOCATION_15_00","",""
"Scripts/Content/Story/B_AssignAmbientInfos/B_AssignAmbientInfos_VLK_8.d:96","Das große Schiff, mit dem die Paladine gekommen sind, liegt am Hafen. Es ist ein Riesenkahn! Den musst du dir mal ansehen.","팔라딘들이 타고 온 커다란 배가 항구에 정박해 있어. 엄청나게 거대한 배야! 꼭 한번 가서 보라고.","","False","DIA_VLK_8_LOCATION_08_01","",""
"Scripts/Content/Story/B_AssignAmbientInfos/B_AssignAmbientInfos_VLK_8.d:97","Allerdings kann ich mir nicht vorstellen, dass sie dich da drauf lassen. Die Paladine hüten das Schiff wie ihren Augapfel.","하지만 그들이 자네를 태워줄 리는 없다고 보네. 팔라딘들은 그 배를 애지중지 지키고 있으니까.","","False","DIA_VLK_8_LOCATION_08_02","",""
"Scripts/Content/Story/B_AssignAmbientInfos/B_AssignAmbientInfos_VLK_8.d:98","Kein Wunder. Ist ja auch der einzige seetüchtige Kahn, der hier weit und breit vor Anker liegt.","당연하지. 사방을 둘러봐도 항해 가능한 배는 그 거대한 배가 유일하니까 말이야.","","False","DIA_VLK_8_LOCATION_08_03","",""
"Scripts/Content/Story/B_AssignAmbientInfos/B_AssignAmbientInfos_VLK_8.d:110","Was gibt's Neues?","새로운 소식이라도 있나?","","False","DIA_VLK_8_STANDARD.description","",""
"Scripts/Content/Story/B_AssignAmbientInfos/B_AssignAmbientInfos_VLK_8.d:120","Was gibt's Neues?","새로운 소식이라도 있나?","","False","DIA_VLK_8_STANDARD_15_00","",""
"Scripts/Content/Story/B_AssignAmbientInfos/B_AssignAmbientInfos_VLK_8.d:124","Alle sind in letzter Zeit sehr beunruhigt.","요즘 다들 아주 불안해하고 있어.","","False","DIA_Addon_VLK_8_STANDARD_08_00","",""
"Scripts/Content/Story/B_AssignAmbientInfos/B_AssignAmbientInfos_VLK_8.d:125","Nicht genug, dass die Paladine sich hier breit gemacht haben, jetzt verschwindet auch noch ständig irgendjemand auf merkwürdige Art und Weise.","팔라딘들이 여기에 진을 친 것만으로도 모자라, 이제는 누군가 알 수 없는 방식으로 계속 사라지고 있다고.","","False","DIA_Addon_VLK_8_STANDARD_08_01","",""
"Scripts/Content/Story/B_AssignAmbientInfos/B_AssignAmbientInfos_VLK_8.d:126","Es wird langsam Zeit, dass die Miliz endlich etwas dagegen unternimmt.","민병대가 마침내 이 일에 대해 조치를 취해야 할 때가 되었다오.","","False","DIA_Addon_VLK_8_STANDARD_08_02","",""
"Scripts/Content/Story/B_AssignAmbientInfos/B_AssignAmbientInfos_VLK_8.d:139","Jeder wartet darauf, dass die Paladine verkünden, warum sie eigentlich hier sind. Ich vermute, es ist wegen der Orks. Sie greifen bestimmt bald an!","모두들 팔라딘들이 여기에 온 진짜 이유를 발표하기만 기다리고 있어. 내 생각엔 오크들 때문인 것 같아. 분명 곧 쳐들어올 거야!","","False","DIA_VLK_8_STANDARD_08_01","",""
"Scripts/Content/Story/B_AssignAmbientInfos/B_AssignAmbientInfos_VLK_8.d:140","Die Paladine mögen zwar den Segen Innos' haben, aber wenn hier die Orkhorden auflaufen, sind wir geliefert.","팔라딘들이 이노스의 가정을 받았을지는 몰라도, 오크 무리가 이곳으로 몰려오면 우리도 끝장이야.","","False","DIA_VLK_8_STANDARD_08_02","",""
"Scripts/Content/Story/B_AssignAmbientInfos/B_AssignAmbientInfos_VLK_8.d:145","Es heißt, die Paladine sind nur hier, um alles Erz von dieser Insel zu holen. Für den Krieg auf dem Festland, heißt es.","팔라딘들은 이 섬의 모든 광석을 가져가기 위해서만 여기에 온 거라고 하더군. 본토에서의 전쟁을 위해서라나.","","False","DIA_VLK_8_STANDARD_08_03","",""
"Scripts/Content/Story/B_AssignAmbientInfos/B_AssignAmbientInfos_VLK_8.d:146","Weißt du, was das heißt? Es ist dem König egal, ob wir hier alle verrecken, wenn die Orks angreifen.","그게 무슨 뜻인지 아나? 오크들이 공격할 때 우리가 여기서 다 죽어 나가든 국왕은 관심도 없다는 뜻이야.","","False","DIA_VLK_8_STANDARD_08_04","",""
"Scripts/Content/Story/B_AssignAmbientInfos/B_AssignAmbientInfos_VLK_8.d:147","Ich werde zusehen, dass ich mit aufs Schiff komme, wenn die Paladine ablegen.","팔라딘들이 닻을 올릴 때 나도 어떻게든 그 배에 탈 수 있도록 해야겠어.","","False","DIA_VLK_8_STANDARD_08_05","",""
"Scripts/Content/Story/B_AssignAmbientInfos/B_AssignAmbientInfos_VLK_8.d:152","Es heißt, die Orks reiten auf Drachen hierher, die so groß sind wie die halbe Stadt! Wir haben keine Chance!","오크들이 도시 절반만 한 드래곤을 타고 이곳으로 오고 있다고 하더군! 우리에겐 승산이 없어!","","False","DIA_VLK_8_STANDARD_08_06","",""
"Scripts/Content/Story/B_AssignAmbientInfos/B_AssignAmbientInfos_VLK_8.d:157","Die Leute erzählen sich, die Drachen wären besiegt worden. Ob das stimmt?","드래곤들이 물리쳐졌다는 이야기가 돌고 있어. 정말일까?","","False","DIA_VLK_8_STANDARD_08_07","",""
"Scripts/Content/Story/B_AssignAmbientInfos/B_AssignCityGuide.d:11","In die Unterstadt.","하부 시가지로.","","False","B_AddCityGuideChoices.DIA_CITYGUIDE.DIA_CITYGUIDE_UNTERSTADT","Info_AddChoice",""
"Scripts/Content/Story/B_AssignAmbientInfos/B_AssignCityGuide.d:16","Ins obere Viertel.","상부 구역으로.","","False","B_AddCityGuideChoices.DIA_CITYGUIDE.DIA_CITYGUIDE_OBERSTADT","Info_AddChoice",""
"Scripts/Content/Story/B_AssignAmbientInfos/B_AssignCityGuide.d:21","Zum Adanos-Tempel","아다노스 신전으로","","False","B_AddCityGuideChoices.DIA_CITYGUIDE.DIA_CITYGUIDE_TEMPEL","Info_AddChoice",""
"Scripts/Content/Story/B_AssignAmbientInfos/B_AssignCityGuide.d:26","Zum Marktplatz.","시장으로.","","False","B_AddCityGuideChoices.DIA_CITYGUIDE.DIA_CITYGUIDE_MARKT","Info_AddChoice",""
"Scripts/Content/Story/B_AssignAmbientInfos/B_AssignCityGuide.d:31","Zum Galgenplatz","교수대로","","False","B_AddCityGuideChoices.DIA_CITYGUIDE.DIA_CITYGUIDE_GALGEN","Info_AddChoice",""
"Scripts/Content/Story/B_AssignAmbientInfos/B_AssignCityGuide.d:36","Zur Kaserne.","병영으로.","","False","B_AddCityGuideChoices.DIA_CITYGUIDE.DIA_CITYGUIDE_KASERNE","Info_AddChoice",""
"Scripts/Content/Story/B_AssignAmbientInfos/B_AssignCityGuide.d:41","Ins Hafenviertel.","항구 구역으로.","","False","B_AddCityGuideChoices.DIA_CITYGUIDE.DIA_CITYGUIDE_HAFEN","Info_AddChoice",""
"Scripts/Content/Story/B_AssignAmbientInfos/B_AssignCityGuide.d:44","Danke - das war alles, was ich wissen wollte!","고마워—내가 알고 싶었던 건 그게 전부야!","","False","B_AddCityGuideChoices.DIA_CITYGUIDE.DIA_CITYGUIDE_BACK","Info_AddChoice",""
"Scripts/Content/Story/B_AssignAmbientInfos/B_AssignCityGuide.d:52","Kannst du mir helfen, mich hier zurechtzufinden?","여기서 길을 찾는 걸 도와줄 수 있나?","","False","DIA_CITYGUIDE.description","",""
"Scripts/Content/Story/B_AssignAmbientInfos/B_AssignCityGuide.d:62","Kannst du mir helfen, mich hier zurechtzufinden?","여기서 길을 찾는 걸 도와줄 수 있나?","","False","DIA_CITYGUIDE_15_00","",""
"Scripts/Content/Story/B_AssignAmbientInfos/B_AssignCityGuide.d:101","Danke - das war alles, was ich wissen wollte!","고마워—내가 알고 싶었던 건 그게 전부야!","","False","DIA_CITYGUIDE_BACK_15_00","",""
"Scripts/Content/Story/B_AssignAmbientInfos/B_AssignCityGuide.d:107","Wie komme ich in die Unterstadt?","하부 시가지에는 어떻게 가지?","","False","DIA_CITYGUIDE_UNTERSTADT_15_00","",""
"Scripts/Content/Story/B_AssignAmbientInfos/B_AssignCityGuide.d:143","Wie komme ich ins obere Viertel?","상부 구역에는 어떻게 가나?","","False","DIA_CITYGUIDE_OBERSTADT_15_00","",""
"Scripts/Content/Story/B_AssignAmbientInfos/B_AssignCityGuide.d:184","Ich suche den Tempel.","신전을 찾고 있다.","","False","DIA_CITYGUIDE_TEMPEL_15_00","",""
"Scripts/Content/Story/B_AssignAmbientInfos/B_AssignCityGuide.d:219","Wo ist der Marktplatz?","시장이 어디 있지?","","False","DIA_CITYGUIDE_MARKT_15_00","",""
"Scripts/Content/Story/B_AssignAmbientInfos/B_AssignCityGuide.d:256","Wie komme ich zum Galgenplatz?","교수대로는 어떻게 가지?","","False","DIA_CITYGUIDE_GALGEN_15_00","",""
"Scripts/Content/Story/B_AssignAmbientInfos/B_AssignCityGuide.d:293","Wo ist die Kaserne?","병영이 어디 있지?","","False","DIA_CITYGUIDE_KASERNE_15_00","",""
"Scripts/Content/Story/B_AssignAmbientInfos/B_AssignCityGuide.d:334","Wo ist das Hafenviertel?","항구 구역이 어디 있지?","","False","DIA_CITYGUIDE_HAFEN_15_00","",""
"Scripts/Content/Story/B_AssignAmbientInfos/B_AssignDementorTalk.d:76","Bist du gekommen unser Ritual zu stören? Seine Seele gehört uns. Du kannst ihn nicht mehr retten, Magier.","우리의 의식을 방해하러 왔느냐? 그의 영혼은 우리의 것이다. 너는 이제 그를 구할 수 없다, 마법사여.","","False","DIA_VinoDementor_19_00","",""
"Scripts/Content/Story/B_AssignAmbientInfos/B_AssignDementorTalk.d:82","(lacht) Du bist gekommen, um mich und mein Werk herauszufordern? Du wirst versagen.","(웃음) 나와 나의 과업에 도전하려고 온 것이냐? 너는 실패할 것이다.","","False","DIA_AmbientDementor_19_01","",""
"Scripts/Content/Story/B_AssignAmbientInfos/B_AssignDementorTalk.d:83","Es ist noch niemandem gelungen, meine Krypta zu überwinden. Kehr um, denn auch du wirst die heiligen Hallen von Irdorath niemals erreichen.","내 지하 묘지를 뚫고 지나간 자는아직 아무도 없다. 돌아가라, 너 역시 이르도라트의 신성한 홀에는 결코 도달하지 못할 테니.","","False","DIA_AmbientDementor_19_02","",""
"Scripts/Content/Story/B_AssignAmbientInfos/B_AssignDementorTalk.d:89","Du bist schon viel zu weit gekommen, du Wurm. In unser innerstes Heiligtum wird du nicht gelangen.","너무 멀리까지 왔구나, 벌레 같은 놈. 우리의 가장 깊은 성소에는 절대 이르지 못할 것이다.","","False","DIA_AmbientDementor_19_03","",""
"Scripts/Content/Story/B_AssignAmbientInfos/B_AssignDementorTalk.d:94","Bleib stehen. Keinen Schritt weiter.","거기 서라. 한 걸음도 더 나아가지 마라.","","False","DIA_AmbientDementor_19_04","",""
"Scripts/Content/Story/B_AssignAmbientInfos/B_AssignDementorTalk.d:99","Bis hierher hast du es geschafft, doch an mir kommst du nicht vorbei.","여기까지 해냈겠지만, 날 지나쳐 갈 순 없다.","","False","DIA_AmbientDementor_19_05","",""
"Scripts/Content/Story/B_AssignAmbientInfos/B_AssignDementorTalk.d:104","Du bist gekommen, den Meister herauszufordern, aber dazu musst du erst an mir vorbei.","주인님께 도전하러 왔겠지만, 그러려면 먼저 나를 쓰러뜨려야 할 것이다.","","False","DIA_AmbientDementor_19_06","",""
"Scripts/Content/Story/B_AssignAmbientInfos/B_AssignDementorTalk.d:112","Du kleiner schwacher Magier wirst es nicht mit der Macht des Meisters aufnehmen können.","고작 너 따위 약해 빠진 마법사가 주인님의 힘을 감당할 수 있을 리가 없다.","","False","DIA_AmbientDementor_19_07","",""
"Scripts/Content/Story/B_AssignAmbientInfos/B_AssignDementorTalk.d:117","Du hast den Weg der Magie gewählt, um uns zu bezwingen. Ein cleverer Schachzug. Aber auch das wird dir nichts nützen.","우리 를 무찌르려고 마법의 길을 택했군. 영리한 수법이다. 하지만 그조차도 너에게 아무런 도움이 되지 않을 것이다.","","False","DIA_AmbientDementor_19_08","",""
"Scripts/Content/Story/B_AssignAmbientInfos/B_AssignDementorTalk.d:122","Auch als Magier wirst du uns nicht aufhalten können.","마법사라 한들 우리를 막을 수는 없을 것이다.","","False","DIA_AmbientDementor_19_09","",""
"Scripts/Content/Story/B_AssignAmbientInfos/B_AssignDementorTalk.d:127","Mein Meister wird dich vernichten. Deine lächerlichen magischen Kunststückchen werden dich nicht retten.","내 주인님께서 너를 박살 내실 것이다. 네까짓 우스꽝스러운 마법 장난으로는 너를 구할 수 없다.","","False","DIA_AmbientDementor_19_10","",""
"Scripts/Content/Story/B_AssignAmbientInfos/B_AssignDementorTalk.d:134","Gib auf, solange du noch kannst. Es gibt kein Entkommen für dich.","할 수 있을 때 항복해라. 너에게 도망칠 곳은 없다.","","False","DIA_AmbientDementor_19_11","",""
"Scripts/Content/Story/B_AssignAmbientInfos/B_AssignDementorTalk.d:139","Nun wirst du die Macht unseres Meisters spüren. Du kannst ihr nicht entrinnen.","이제 우리 주인님의 힘을 맛보게 되리라. 너는 그 힘에서 벗어날 수 없다.","","False","DIA_AmbientDementor_19_12","",""
"Scripts/Content/Story/B_AssignAmbientInfos/B_AssignDementorTalk.d:144","Der Meister will deinen Kopf. Niemand wird dich jetzt noch retten können.","주인님께서 네 목을 원하신다. 이제 그 누구도 너를 구할 수 없다.","","False","DIA_AmbientDementor_19_13","",""
"Scripts/Content/Story/B_AssignAmbientInfos/B_AssignDementorTalk.d:149","Du bist uns in die Falle gegangen und jetzt werden wir dich vernichten.","너는 우리의 덫에 걸려들었으며, 이제 우리는 너를 없애버릴 것이다.","","False","DIA_AmbientDementor_19_14","",""
"Scripts/Content/Story/B_AssignAmbientInfos/B_AssignDementorTalk_Ritual.d:13","Du kommst zu spät.","너무 늦게 왔다.","","False","DIA_RitualDementor_19_00","",""
"Scripts/Content/Story/B_AssignAmbientInfos/B_AssignDementorTalk_Ritual.d:14","Wir haben das Auge Innos' zerstört, auf dass es seine Macht niemals zurückerlangen wird.","우리는 이노스의 눈을 파괴하여 그것이 결코 힘을 되찾지 못하도록 했다.","","False","DIA_RitualDementor_19_01","",""
"Scripts/Content/Story/B_AssignAmbientInfos/B_AssignDementorTalk_Ritual.d:15","Wir werden dir jetzt zeigen, was für sinnloses Unterfangen es doch war, den Meister herauszufordern.","주인님께 감히 도전한 것이 얼마나 쓸데없는 짓이었는지 이제 보여주마.","","False","DIA_RitualDementor_19_02","",""
"Scripts/Content/Story/B_AssignAmbientInfos/B_AssignDementorTalk_Ritual.d:29","Jetzt wirst du unsere Macht spüren.","이제 우리의 힘을 느껴봐라.","","False","DIA_RitualDementor_19_03","",""
"Scripts/Content/Story/B_AssignAmbientInfos/B_AssignDementorTalk_Ritual.d:34","Für den Meister.","주인님을 위하여.","","False","DIA_RitualDementor_19_04","",""
"Scripts/Content/Story/B_AssignAmbientInfos/B_AssignDementorTalk_Ritual.d:39","Du kannst dich nicht verstecken.","숨을 곳은 없다.","","False","DIA_RitualDementor_19_05","",""
"Scripts/Content/Story/B_AssignAmbientInfos/B_AssignDementorTalk_Ritual.d:44","Wir werden dich töten.","너를 죽여주마.","","False","DIA_RitualDementor_19_06","",""
"Scripts/Content/Story/B_AssignAmbientInfos/B_AssignDragonTalk_Fire.d:26","Das Auge hat seine Kraft verloren und du wirst den nächsten Tag nicht mehr erleben.","눈은 힘을 잃었으며, 너는 내일을 보지 못할 것이다.","","False","DIA_Dragon_Fire_Exit_20_00","",""
"Scripts/Content/Story/B_AssignAmbientInfos/B_AssignDragonTalk_Fire.d:60","Ich kann es einfach nicht glauben, dass es wirklich noch Menschen gibt, die ihr Leben verwirken, nur um einen leibhaftigen Drachen zu sehen.","단지 살아있는 드래곤을 보겠다는 이유로 목숨을 내던지는 인간이 정말로 아직도 존재한다는 사실이 믿기지가 않는군.","","False","DIA_Dragon_Fire_Hello_20_00","",""
"Scripts/Content/Story/B_AssignAmbientInfos/B_AssignDragonTalk_Fire.d:63","Für so ein klobiges Ungetüm sprichst du aber noch recht deutlich.","그렇게 덩치 큰 괴물치고는 꽤 똑바로 말하는군.","","False","DIA_Dragon_Fire_Hello_15_01","",""
"Scripts/Content/Story/B_AssignAmbientInfos/B_AssignDragonTalk_Fire.d:66","Ich bin nicht nur gekommen, um dich zu sehen. Ich fürchte, ich hatte etwas Radikaleres im Sinn.","당신을 구경하러 온 것만은 아니오. 유감스럽지만 난 좀 더 과격한 걸 생각하고 있었거든.","","False","DIA_Dragon_Fire_Hello_15_02","",""
"Scripts/Content/Story/B_AssignAmbientInfos/B_AssignDragonTalk_Fire.d:67","Sag jetzt bloß nicht, dass du mich herausfordern willst?","설마 나에게 도전하겠다는 건 아니겠지?","","False","DIA_Dragon_Fire_Hello_20_03","",""
"Scripts/Content/Story/B_AssignAmbientInfos/B_AssignDragonTalk_Fire.d:68","Ha Ha Ha. Ich werde dir deinen schmalen Hals brechen.","하하하. 네 가느다란 목을 부러뜨려 주마.","","False","DIA_Dragon_Fire_Hello_20_04","",""
"Scripts/Content/Story/B_AssignAmbientInfos/B_AssignDragonTalk_Fire.d:69","Nicht so schnell, mein Freund. Ich trage das Auge Innos' bei mir. Du kannst dich meinem Willen nicht entziehen. Beantworte meine Fragen, oder die Qualen werden für dich unerträglich sein.","그렇게 서두르지 마시지, 친구. 난 이노스의 눈을 지니고 있다. 내 의지를 거스를 순 없을 것이다. 내 질문에 대답해라. 그렇지 않으면 끔찍한 고통을 겪게 될 테니.","","False","DIA_Dragon_Fire_Hello_15_05","",""
"Scripts/Content/Story/B_AssignAmbientInfos/B_AssignDragonTalk_Fire.d:70","(Brüllt) Arrh. Dann stell deine lächerlichen Fragen, solange du noch kannst. Deine Macht wird nicht von Dauer sein.","(포효한다) 크윽. 그렇다면 할 수 있을 때 그 우스꽝스러운 질문들이나 늘어놓아라. 네 권능도 오래가지 못할 테니.","","False","DIA_Dragon_Fire_Hello_20_06","",""
"Scripts/Content/Story/B_AssignAmbientInfos/B_AssignDragonTalk_Fire.d:81","Wer bist du?","너는 누구인가?","","False","DIA_Dragon_Fire_WerBistDu.description","",""
"Scripts/Content/Story/B_AssignAmbientInfos/B_AssignDragonTalk_Fire.d:94","Wer bist du?","너는 누구인가?","","False","DIA_Dragon_Fire_WerBistDu_15_00","",""
"Scripts/Content/Story/B_AssignAmbientInfos/B_AssignDragonTalk_Fire.d:95","Mein Name ist Feomathar und das ist auch schon alles, was du über mich erfahren wirst.","내 이름은 페오마타르이며, 그것이 네가 나에 대해 알게 될 전부다.","","False","DIA_Dragon_Fire_WerBistDu_20_01","",""
"Scripts/Content/Story/B_AssignAmbientInfos/B_AssignDragonTalk_Fire.d:96","Wenn ich aus dem Bann des Auges entfliehen kann, wirst du in Flammen aufgehen.","내가 눈의 주박에서 벗어나기만 하면, 너는 불길에 휩싸여 타 죽을 것이다.","","False","DIA_Dragon_Fire_WerBistDu_20_02","",""
"Scripts/Content/Story/B_AssignAmbientInfos/B_AssignDragonTalk_Fire.d:107","Wo ist dein Hort?","너의 보물 은닉처는 어디에 있나?","","False","DIA_Dragon_Fire_HORT.description","",""
"Scripts/Content/Story/B_AssignAmbientInfos/B_AssignDragonTalk_Fire.d:120","Jeder Drache hat doch einen Hort, wo er seinen gesammelten Reichtum lagert. Wo ist dein Hort?","드래곤이라면 누구나 모아둔 재물을 보관하는 은닉처가 있기 마련이지. 너의 은닉처는 어디에 있나?","","False","DIA_Dragon_Fire_HORT_15_00","",""
"Scripts/Content/Story/B_AssignAmbientInfos/B_AssignDragonTalk_Fire.d:121","An einem Ort, der unerreichbar sein wird für dich, wenn ich die Fesseln des Auges erst einmal los bin.","내가 눈의 속박에서 벗어나게 될 때쯤이면, 너로서는 결코 닿을 수 없는 곳에 있지.","","False","DIA_Dragon_Fire_HORT_20_01","",""
"Scripts/Content/Story/B_AssignAmbientInfos/B_AssignDragonTalk_Fire.d:122","Meinen Besitz habe ich hoch oben auf dem heißen Felsen, den ein Mensch ohne Flügel wie du nur schwer erreichen sollte.","내 보물들은 뜨거운 절벽 꼭대기에 보관되어 있다. 너처럼 날개 없는 인간 따위는 감히 엄두도 못 낼 장소지.","","False","DIA_Dragon_Fire_HORT_20_02","",""
"Scripts/Content/Story/B_AssignAmbientInfos/B_AssignDragonTalk_Ice.d:26","Die Kraft des Auges ist erloschen und deine Zeit ist nun abgelaufen.","눈의 힘은 소멸했고, 네 시간도 이제 다 끝났다.","","False","DIA_Dragon_Ice_Exit_20_00","",""
"Scripts/Content/Story/B_AssignAmbientInfos/B_AssignDragonTalk_Ice.d:67","Warum störst du meine Ruhe? Muss ich mich noch weiter eingraben, damit ich endlich Ruhe vor euch lästigen Winzlingen habe?","왜 나의 휴식을 방해하느냐? 너희 같은 성가신 벌레들한테서 드디어 벗어나려면 내가 더 깊이 파고들어야만 하겠느냐?","","False","DIA_Dragon_Ice_Hello_20_00","",""
"Scripts/Content/Story/B_AssignAmbientInfos/B_AssignDragonTalk_Ice.d:70","Ein sprechender Drache. Dem Auge Innos' sei Dank.","말하는 드래곤이라니. 이노스의 눈이시여, 감사합니다.","","False","DIA_Dragon_Ice_Hello_15_01","",""
"Scripts/Content/Story/B_AssignAmbientInfos/B_AssignDragonTalk_Ice.d:73","Ihr Menschen seid ein so seltsames Volk. Hinweggefegt durch den Odem des Todes, findet sich doch immer noch jemand, der sich aus der Asche erhebt und sich zum Helden berufen fühlt.","너희 인간들은 참으로 기묘한 종족이로군. 죽음의 숨결에 쓸려나가면서도, 언제나 잿더미 속에서 일어나 자신이 영웅이라 자처하는 자가 늘 나타나니 말이다.","","False","DIA_Dragon_Ice_Hello_20_02","",""
"Scripts/Content/Story/B_AssignAmbientInfos/B_AssignDragonTalk_Ice.d:74","Aber das wird bald ein Ende haben. Ich werde persönlich dafür sorgen, dass so bald keiner von euch mehr aufsteht.","하지만 그것도 곧 끝이다. 너희 중 누구도 다시는 일어설 수 없도록 내가 직접 손봐주마.","","False","DIA_Dragon_Ice_Hello_20_03","",""
"Scripts/Content/Story/B_AssignAmbientInfos/B_AssignDragonTalk_Ice.d:75","Sei still. Mit der mir verliehenen Macht des heiligen Auges befehle ich dir, meine Fragen zu beantworten.","입 다물어라. 나에게 부여된 신성한 눈의 힘으로 내 질문에 대답할 것을 명한다.","","False","DIA_Dragon_Ice_Hello_15_04","",""
"Scripts/Content/Story/B_AssignAmbientInfos/B_AssignDragonTalk_Ice.d:76","Ha, ha, ha. Frag du nur. Dein Wissen wird dir nichts nützen.","하, 하, 하. 물어보거라. 네 지식은 아무 쓸모가 없을 테니.","","False","DIA_Dragon_Ice_Hello_20_05","",""
"Scripts/Content/Story/B_AssignAmbientInfos/B_AssignDragonTalk_Ice.d:87","Wer bist du?","너는 누구인가?","","False","DIA_Dragon_Ice_WERBISTDU.description","",""
"Scripts/Content/Story/B_AssignAmbientInfos/B_AssignDragonTalk_Ice.d:100","Wer bist du?","너는 누구인가?","","False","DIA_Dragon_Ice_WERBISTDU_15_00","",""
"Scripts/Content/Story/B_AssignAmbientInfos/B_AssignDragonTalk_Ice.d:101","Ich bin Finkregh. Herr über Schnee und Eis, Hüter der Zusammenkunft und zu guter Letzt dein Tod.","나는 핀크레그다. 눈과 얼음의 군주이자, 회합의 수호자이며, 마지막으로는 너의 죽음이지.","","False","DIA_Dragon_Ice_WERBISTDU_20_01","",""
"Scripts/Content/Story/B_AssignAmbientInfos/B_AssignDragonTalk_Ice.d:112","Welchem Gott dient ihr?","너희는 어떤 신을 섬기는가?","","False","DIA_Dragon_Ice_BELIAR.description","",""
"Scripts/Content/Story/B_AssignAmbientInfos/B_AssignDragonTalk_Ice.d:125","Welchem Gott dient ihr?","너희는 어떤 신을 섬기는가?","","False","DIA_Dragon_Ice_BELIAR_15_00","",""
"Scripts/Content/Story/B_AssignAmbientInfos/B_AssignDragonTalk_Ice.d:126","Welcher verfluchte Gott konnte es überhaupt zulassen, dass ihr verachtenswerten Kreaturen auf dieser Erde wandelt.","도대체 어떤 저주받은 신이 너희 같은 경멸스러운 피조물들이 이 대지를 활보하는 것을 허락한단 말인가.","","False","DIA_Dragon_Ice_BELIAR_15_01","",""
"Scripts/Content/Story/B_AssignAmbientInfos/B_AssignDragonTalk_Ice.d:127","Mach dir keine Mühe, den Sinn unserer Zusammenkunft zu verstehen, kleiner Held.","우리 회합의 의미를 이해하려고 애쓰지 마라, 꼬마 영웅이여.","","False","DIA_Dragon_Ice_BELIAR_20_02","",""
"Scripts/Content/Story/B_AssignAmbientInfos/B_AssignDragonTalk_Ice.d:128","Beliar hat es nicht nur zugelassen, dass wir jetzt hier sind, er hat es uns sogar befohlen.","벨리알께서는 우리가 여기에 있는 것을 허락하셨을 뿐만 아니라, 친히 우리에게 명하셨다.","","False","DIA_Dragon_Ice_BELIAR_20_03","",""
"Scripts/Content/Story/B_AssignAmbientInfos/B_AssignDragonTalk_Ice.d:129","Beflügelt von seinen heiligen Worten werden wir nicht eher ruhen, als dass wir seinen Willen in die Tat umgesetzt haben.","그분의 신성한 말씀에 고취되어, 우리는 그분의 뜻을 현실로 이뤄내기 전까지는 결코 쉬지 않을 것이다.","","False","DIA_Dragon_Ice_BELIAR_20_04","",""
"Scripts/Content/Story/B_AssignAmbientInfos/B_AssignDragonTalk_Main.d:9","Warum bist du hier erschienen?","어째서 여기에 나타난 것이냐?","","False","DIA_DragonTalk_Main_1.description","",""
"Scripts/Content/Story/B_AssignAmbientInfos/B_AssignDragonTalk_Main.d:22","Diener des Bösen. Warum bist du hier erschienen? Bist du nur gekommen, um Angst und Schrecken zu verbreiten?","사악한 자의 하수인들이여. 어째서 여기에 나타난 것이냐? 공포와 패배감을 퍼뜨리기 위해 온 것뿐인가?","","False","DIA_DragonTalk_Main_1_15_00","",""
"Scripts/Content/Story/B_AssignAmbientInfos/B_AssignDragonTalk_Main.d:23","Der höhere Sinn unserer Zusammenkunft in dieser Welt, kleiner Mensch, wird dir verborgen bleiben.","이 세상에서 우리가 가지는 더 높은 의미는, 하찮은 인간인 너에게는 영원히 감춰져 있을 것이다.","","False","DIA_DragonTalk_Main_1_20_01","",""
"Scripts/Content/Story/B_AssignAmbientInfos/B_AssignDragonTalk_Main.d:25","Wie bekomme ich die anderen Drachen zum Reden?","다른 드래곤들과 대화하려면 어떻게 해야 하지?","","False","DIA_DragonTalk_Main_1_Info.DIA_DragonTalk_Main_1.DIA_DragonTalk_Main_1_reden","Info_AddChoice",""
"Scripts/Content/Story/B_AssignAmbientInfos/B_AssignDragonTalk_Main.d:26","Was muss ich tun um euch wieder zu verbannen?","너희를 다시 추방하려면 내가 뭘 해야 하지?","","False","DIA_DragonTalk_Main_1_Info.DIA_DragonTalk_Main_1.DIA_DragonTalk_Main_1_verbannen","Info_AddChoice",""
"Scripts/Content/Story/B_AssignAmbientInfos/B_AssignDragonTalk_Main.d:33","Was in Innos' Namen muss ich tun, um euch wieder aus der Welt der Menschen zu verbannen?","이노스의 이름으로, 너희를 인간들의 세계에서 다시 추방하려면 내가 뭘 해야 하지?","","False","DIA_DragonTalk_MAIN_1_verbannen_15_00","",""
"Scripts/Content/Story/B_AssignAmbientInfos/B_AssignDragonTalk_Main.d:34","(lacht) Bevor du handeln kannst, musst du erst den Sinn unserer Zusammenkunft verstehen.","(웃음) 행동하기 전에 먼저 우리의 만남이 지닌 의미부터 이해해야 할 것이다.","","False","DIA_DragonTalk_MAIN_1_verbannen_20_01","",""
"Scripts/Content/Story/B_AssignAmbientInfos/B_AssignDragonTalk_Main.d:35","Doch wird dir niemand aus freien Stücken davon berichten.","하지만 자발적으로 그 사실을 말해 줄 이는 아무도 없다.","","False","DIA_DragonTalk_MAIN_1_verbannen_20_02","",""
"Scripts/Content/Story/B_AssignAmbientInfos/B_AssignDragonTalk_Main.d:36","Allein das Auge könnte unsere Zungen lösen und dir unsere wahren Ziele offenbaren.","오직 눈만이 우리의 혀를 풀고 우리의 진정한 목적을 네게 드러내 줄 수 있지.","","False","DIA_DragonTalk_MAIN_1_verbannen_20_03","",""
"Scripts/Content/Story/B_AssignAmbientInfos/B_AssignDragonTalk_Main.d:37","Allerdings wird dir das nichts nützen, wenn du tot bist.","하지만 네가 죽은 뒤라면 그 또한 아무 소용 없을 것이다.","","False","DIA_DragonTalk_MAIN_1_verbannen_20_04","",""
"Scripts/Content/Story/B_AssignAmbientInfos/B_AssignDragonTalk_Main.d:41","Man hat uns schon davon unterrichtet, dass du den Weg des Drachenjägers gewählt hast.","네가 드래곤 헌터의 길을 택했다는 것은 이미 우리도 전해 들었다.","","False","DIA_DragonTalk_MAIN_1_verbannen_20_05","",""
"Scripts/Content/Story/B_AssignAmbientInfos/B_AssignDragonTalk_Main.d:42","Also haben wir unsere Nachkommenschaft in eure Welt entsandt, um den Bestand unserer Ahnenreihe zu sichern.","그래서 우리는 선조들의 혈통과 재고를 지키고자 자손들을 너희 세계로 보냈다.","","False","DIA_DragonTalk_MAIN_1_verbannen_20_06","",""
"Scripts/Content/Story/B_AssignAmbientInfos/B_AssignDragonTalk_Main.d:43","Du hast schon verloren, kleiner Mensch.","너는 이미 졌다, 어리석은 인간이여.","","False","DIA_DragonTalk_MAIN_1_verbannen_20_07","",""
"Scripts/Content/Story/B_AssignAmbientInfos/B_AssignDragonTalk_Main.d:51","Das Auge hat dir den Zugang gewährt. Doch ob du meiner würdig bist, wird allein der Zweikampf entscheiden.","눈이 너에게 접근을 허락했구나. 하지만 네가 나에게 어울리는지는 오직 결투만이 결정할 것이다.","","False","DIA_DragonTalk_MAIN_1_verbannen_20_08","",""
"Scripts/Content/Story/B_AssignAmbientInfos/B_AssignDragonTalk_Main.d:57","Wie bringe ich die anderen Drachen zum Reden?","다른 드래곤들이 말을 하게 하려면 어떻게 해야 하지?","","False","DIA_DragonTalk_MAIN_1_reden_15_00","",""
"Scripts/Content/Story/B_AssignAmbientInfos/B_AssignDragonTalk_Main.d:58","Allein mein Herz könnte dir helfen, die Macht des Auges zu erneuern.","오직 내 심장만이 눈의 힘을 되새기는 데 도움을 줄 수 있을 것이다.","","False","DIA_DragonTalk_MAIN_1_reden_20_01","",""
"Scripts/Content/Story/B_AssignAmbientInfos/B_AssignDragonTalk_Main.d:59","Aber es wird dir nicht gelingen, mir das Herz zu entreißen.","하지만 내 심장을 빼앗는 것은 성공하지 못할 것이다.","","False","DIA_DragonTalk_MAIN_1_reden_20_02","",""
"Scripts/Content/Story/B_AssignAmbientInfos/B_AssignDragonTalk_Main.d:70","Wer hat euch hierher entsandt?","누가 너희를 이곳으로 보냈나?","","False","DIA_DragonTalk_Main_2.description","",""
"Scripts/Content/Story/B_AssignAmbientInfos/B_AssignDragonTalk_Main.d:83","In welchem Auftrag handelt ihr? Wer hat euch hierher entsandt?","누구의 명령을 받고 움직이는 거냐? 누가 너희를 이곳으로 보냈지?","","False","DIA_DragonTalk_Main_2_15_00","",""
"Scripts/Content/Story/B_AssignAmbientInfos/B_AssignDragonTalk_Main.d:84","Über unser aller Heil und Wohl steht der Meister mit seinem Wort der Macht. Bald wird sich ihm niemand mehr entziehen können.","우리 모두의 안위와 구원보다 힘의 말씀을 지닌 지배자가 우선이다. 곧 그 누구도 그를 거역할 수 없을 것이다.","","False","DIA_DragonTalk_Main_2_20_01","",""
"Scripts/Content/Story/B_AssignAmbientInfos/B_AssignDragonTalk_Main.d:85","Aus dem Reich der Toten langt sein Arm schon sehr weit. Die Geister der Nacht versammeln sich in freudiger Erwartung seiner Ankunft.","그의 손길은 이미 죽음의 왕국에서 아주 멀리까지 닿고 있다. 밤의 정령들이 그의 도래를 기쁘게 고대하며 모여들고 있다.","","False","DIA_DragonTalk_Main_2_20_02","",""
"Scripts/Content/Story/B_AssignAmbientInfos/B_AssignDragonTalk_Main.d:86","Er wird über euch Menschen kommen und die Welt beherrschen.","그는 너희 인간들을 굴복시키고 세상을 지배할 것이다.","","False","DIA_DragonTalk_Main_2_20_03","",""
"Scripts/Content/Story/B_AssignAmbientInfos/B_AssignDragonTalk_Main.d:87","In seinem Schatten sind wir nicht mehr als Beiwerk seiner schöpferischen Kraft.","그의 그늘 아래서 우리는 그의 창조적 힘을 보조하는 부속물에 불과하다.","","False","DIA_DragonTalk_Main_2_20_04","",""
"Scripts/Content/Story/B_AssignAmbientInfos/B_AssignDragonTalk_Main.d:88","Der Meister wird kommen, eure geplagten Leiber wieder aus der Asche zu erheben, um mit ihnen das Geschick der Erde neu zu richten.","지배자께서 오셔서 고통받는 너희 육신을 재더미 속에서 다시 일으켜 세우고, 그것으로 대지의 운명을 새로이 다스리실 것이다.","","False","DIA_DragonTalk_Main_2_20_05","",""
"Scripts/Content/Story/B_AssignAmbientInfos/B_AssignDragonTalk_Main.d:103","Wie kann ich euren Meister bezwingen?","너희 지배자를 무찌르려면 어떻게 해야 하지?","","False","DIA_DragonTalk_Main_3.description","",""
"Scripts/Content/Story/B_AssignAmbientInfos/B_AssignDragonTalk_Main.d:116","Wie kann ich euren Meister bezwingen?","너희 지배자를 무찌르려면 어떻게 해야 하지?","","False","DIA_DragonTalk_Main_3_15_00","",""
"Scripts/Content/Story/B_AssignAmbientInfos/B_AssignDragonTalk_Main.d:117","Er ist allmächtig und nahezu unbesiegbar. Solltest du so töricht sein, ihm trotzdem zu begegnen, wirst du einen langsamen und qualvollen Tod sterben.","그분은 전능하시며 거의 무적에 가깝다. 감히 그분을 마주할 정도로 어리석다면, 너는 느리고 고통스러운 죽음을 맞이하게 될 것이다.","","False","DIA_DragonTalk_Main_3_20_01","",""
"Scripts/Content/Story/B_AssignAmbientInfos/B_AssignDragonTalk_Main.d:118","So etwas höre ich nicht zum ersten Mal. Nahezu unbesiegbar heißt nicht, dass ich ihn nicht töten kann.","그런 소리는 이번이 처음이 아니야. 거의 무적이라는 게 그를 죽일 수 없다는 뜻은 아니지.","","False","DIA_DragonTalk_Main_3_15_02","",""
"Scripts/Content/Story/B_AssignAmbientInfos/B_AssignDragonTalk_Main.d:119","Also, raus mit der Sprache: Was muss ich tun?","그러니 본론으로 들어가자. 내가 뭘 해야 하지?","","False","DIA_DragonTalk_Main_3_15_03","",""
"Scripts/Content/Story/B_AssignAmbientInfos/B_AssignDragonTalk_Main.d:120","Um meinem Meister die Stirn bieten zu können, benötigst du die Dinge, die er niemals im Stande wäre zu erlangen.","나의 지배자에게 맞서려면, 그분이 결코 얻을 수 없는 것들이 필요하다.","","False","DIA_DragonTalk_Main_3_20_04","",""
"Scripts/Content/Story/B_AssignAmbientInfos/B_AssignDragonTalk_Main.d:121","Und was ist das?","그게 뭔데?","","False","DIA_DragonTalk_Main_3_15_05","",""
"Scripts/Content/Story/B_AssignAmbientInfos/B_AssignDragonTalk_Main.d:122","Du musst die höchste Rüstung deiner irdischen Gemeinschaft erlangen und sie auf deiner Haut tragen.","너희 지상 공동체에서 가장 뛰어난 방어구를 구해 피부에 걸쳐야 한다.","","False","DIA_DragonTalk_Main_3_20_06","",""
"Scripts/Content/Story/B_AssignAmbientInfos/B_AssignDragonTalk_Main.d:126","Du brauchst ein Schwert, welches von deinem Gott gesegnet wurde.","너희 신에게 축복받은 검이 필요하다.","","False","DIA_Dragons_Add_20_01","",""
"Scripts/Content/Story/B_AssignAmbientInfos/B_AssignDragonTalk_Main.d:130","Du brauchst eine Rune, die nur für dich angefertigt wurde.","오직 너만을 위해 만들어진 룬이 필요하다.","","False","DIA_Dragons_Add_20_02","",""
"Scripts/Content/Story/B_AssignAmbientInfos/B_AssignDragonTalk_Main.d:134","Du brauchst eine Waffe, die nur für dich angefertigt wurde.","오직 너만을 위해 만들어진 무기가 필요하다.","","False","DIA_Dragons_Add_20_00","",""
"Scripts/Content/Story/B_AssignAmbientInfos/B_AssignDragonTalk_Main.d:137","Aber die wohl schwierigste aller Bedingungen ist, dass du fünf Gefährten für dich gewinnen musst, die dir in den Tod folgen würden.","하지만 가장 어려운 조건은, 너와 함께 죽음까지 불사할 다섯 동료를 얻어야 한다는 것이다.","","False","DIA_DragonTalk_Main_3_20_08","",""
"Scripts/Content/Story/B_AssignAmbientInfos/B_AssignDragonTalk_Main.d:138","Erst dann und nur dann kannst du es wagen, dem Meister zu begegnen.","그때에야 비로소, 오직 그때에만 지배자를 마주할 용기를 낼 수 있을 것이다.","","False","DIA_DragonTalk_Main_3_20_09","",""
"Scripts/Content/Story/B_AssignAmbientInfos/B_AssignDragonTalk_Main.d:151","Wie kann ich euren Meister finden?","너희 지배자를 찾으려면 어떻게 해야 하지?","","False","DIA_DragonTalk_Main_4.description","",""
"Scripts/Content/Story/B_AssignAmbientInfos/B_AssignDragonTalk_Main.d:164","Wie kann ich euren Meister finden?","너희 지배자를 찾으려면 어떻게 해야 하지?","","False","DIA_DragonTalk_Main_4_15_00","",""
"Scripts/Content/Story/B_AssignAmbientInfos/B_AssignDragonTalk_Main.d:165","Er hat seinen Hort im festem Fels der heiligen Hallen von Irdorath errichtet und wartet dort auf die Erfüllung seines Schicksals.","그분은 신성한 이르도라스의 전당의 단단한 바위 속에 은신처를 마련하고 그곳에서 운명이 이루어지기를 기다리고 계신다.","","False","DIA_DragonTalk_Main_4_20_01","",""
"Scripts/Content/Story/B_AssignAmbientInfos/B_AssignDragonTalk_Main.d:166","Auf dass er dieser Welt die Ordnung zurückgebe, die sie verdient, verweilt er dort in tiefer Meditation und ...","이 세상에 마땅한 질서를 되돌려주기 위해, 그분은 그곳에서 깊은 명상에 잠겨...","","False","DIA_DragonTalk_Main_4_20_02","",""
"Scripts/Content/Story/B_AssignAmbientInfos/B_AssignDragonTalk_Main.d:167","Verschone mich mit den Einzelheiten. Sag mir lieber, wo ich diese heiligen Hallen von Irdorath finde.","자세한 소리는 집어치워. 그 신성한 이르도라스의 전당이 어디에 있는지 말해라.","","False","DIA_DragonTalk_Main_4_15_03","",""
"Scripts/Content/Story/B_AssignAmbientInfos/B_AssignDragonTalk_Main.d:168","Ha, ha, ha. Du enttäuschst mich, kleiner Mann. Hast du doch allen Gefahren getrotzt, fast alle von uns bezwungen und scheiterst nun an deinem Unvermögen, das obere Wissen anzuwenden.","하, 하, 하. 실망이군, 작은 인간이여. 모든 위험을 물리치고 우리 중 거의 전부를 쓰러뜨렸으면서, 고차원의 지식을 활용할 능력이 없어 여기서 좌절하다니.","","False","DIA_DragonTalk_Main_4_20_04","",""
"Scripts/Content/Story/B_AssignAmbientInfos/B_AssignDragonTalk_Main.d:169","Wenn dir Irdorath kein Begriff ist, dann solltest du besser zu deinen Magiern gehen und sie bitten, dich um ihre weltlichen Belange kümmern zu dürfen.","이르도라스가 뭔지도 모른다면, 차라리 마법사들에게 돌아가 그들의 세속적인 잡일이나 도맡아 달라고 부탁하는 게 좋을 것이다.","","False","DIA_DragonTalk_Main_4_20_05","",""
"Scripts/Content/Story/B_AssignAmbientInfos/B_AssignDragonTalk_Main.d:170","Denn ganz offensichtlich bist du noch nicht bereit für die hohe Bürde ihres oberen Wissens.","너는 아직 그들의 고차원적인 지식이 주는 무거운 짐을 감당할 준비가 되어 있지 않으니 말이다.","","False","DIA_DragonTalk_Main_4_20_06","",""
"Scripts/Content/Story/B_AssignAmbientInfos/B_AssignDragonTalk_Rock.d:26","Genug der Worte. Deine kurzweilige Macht ist dahin. Das Auge ist kraftlos. Jetzt wirst du sterben.","말은 그만해라. 네 장난감 같은 힘도 끝이다. 눈도 힘을 잃었어. 이제 너는 죽는다.","","False","DIA_Dragon_Rock_Exit_20_00","",""
"Scripts/Content/Story/B_AssignAmbientInfos/B_AssignDragonTalk_Rock.d:54","Noch so ein vermessener Wicht, der sich auf meinen Felsen traut. Ihr kleinen Menschen. So mutig, doch so zerbrechlich.","내 바위 위로 기어오르다니, 또 건방진 녀석이군. 너희 가엾은 인간들이란. 용감하긴 하지만 너무도 연약하단 말이야.","","False","DIA_Dragon_Rock_Hello_20_00","",""
"Scripts/Content/Story/B_AssignAmbientInfos/B_AssignDragonTalk_Rock.d:57","Du kannst tatsächlich sprechen.","네놈, 정말로 말할 수 있잖아.","","False","DIA_Dragon_Rock_Hello_15_01","",""
"Scripts/Content/Story/B_AssignAmbientInfos/B_AssignDragonTalk_Rock.d:60","Ich werde dir die Eingeweide herausreißen und dich an die Ratten verfüttern.","네 놈의 창자를 뜯어내서 쥐밥으로 만들어 주마.","","False","DIA_Dragon_Rock_Hello_20_02","",""
"Scripts/Content/Story/B_AssignAmbientInfos/B_AssignDragonTalk_Rock.d:61","Nicht so schnell. Ich trage das Auge Innos bei mir. Du wirst mir gehorchen und mir meine Fragen beantworten.","어림도 없다. 나는 이노스의 눈을 가지고 있다. 넌 내게 복종하고 내 질문에 대답해야 할 것이다.","","False","DIA_Dragon_Rock_Add_15_00","",""
"Scripts/Content/Story/B_AssignAmbientInfos/B_AssignDragonTalk_Rock.d:62","(Brüllt) Arrh. Stell deine Fragen.","(포효하며) 크으. 질문해라.","","False","DIA_Dragon_Rock_Hello_20_04","",""
"Scripts/Content/Story/B_AssignAmbientInfos/B_AssignDragonTalk_Rock.d:73","Wer bist du?","넌 누구냐?","","False","DIA_Dragon_Rock_WERBISTDU.description","",""
"Scripts/Content/Story/B_AssignAmbientInfos/B_AssignDragonTalk_Rock.d:86","Wer bist du?","넌 누구냐?","","False","DIA_Dragon_Rock_WERBISTDU_15_00","",""
"Scripts/Content/Story/B_AssignAmbientInfos/B_AssignDragonTalk_Rock.d:87","Ich heiße Pedrakhan und ich werde dir ganz langsam das Fell abziehen, wenn ich dich zu fassen kriege.","내 이름은 페드라칸이다. 널 붙잡기만 하면 산 채로 가죽 벗기기를 해 주마.","","False","DIA_Dragon_Rock_WERBISTDU_20_01","",""
"Scripts/Content/Story/B_AssignAmbientInfos/B_AssignDragonTalk_Rock.d:98","Wer von euch Drachen ist der Stärkste?","너희 드래곤들 중에 누가 가장 강하냐?","","False","DIA_Dragon_Rock_HIERARCHIE.description","",""
"Scripts/Content/Story/B_AssignAmbientInfos/B_AssignDragonTalk_Rock.d:111","Wer von euch Drachen ist der Stärkste?","너희 드래곤들 중에 누가 가장 강하냐?","","False","DIA_Dragon_Rock_HIERARCHIE_15_00","",""
"Scripts/Content/Story/B_AssignAmbientInfos/B_AssignDragonTalk_Rock.d:112","Unsere Macht beziehen wir aus den Elementen dieser Welt. Ihre Hierarchie ist klar und einfach.","우리는 이 세상의 원소들로부터 힘을 얻는다. 그들의 위계질서는 명확하고 단순하지.","","False","DIA_Dragon_Rock_HIERARCHIE_20_01","",""
"Scripts/Content/Story/B_AssignAmbientInfos/B_AssignDragonTalk_Rock.d:113","Aus weicher Erde geformtes Land spendet Leben für alle Kreaturen unter der Sonne. Doch verschlingt es dich mit Haut und Haaren, wenn man ihm zu nahe kommt.","부드러운 대지로 이루어진 땅은 태양 아래 모든 피조물에게 생명을 베푼다. 하지만 너무 가까이 다가가면 발밑부터 통째로 삼켜버리지.","","False","DIA_Dragon_Rock_HIERARCHIE_20_02","",""
"Scripts/Content/Story/B_AssignAmbientInfos/B_AssignDragonTalk_Rock.d:114","Mit Stolz erhebt sich der Fels, der lieber bricht, als jemals nachzugeben, und begräbt so die Unachtsamen unter sich. Und doch bietet er den besten Schutz vor den Gezeiten.","굴복하기보다 차라리 부서질지언정 바위는 긍지 높게 솟아올라 방심한 자들을 그 밑에 파묻어버린다. 그럼에도 바위는 조류로부터 가장 훌륭한 방패가 되어 주지.","","False","DIA_Dragon_Rock_HIERARCHIE_20_03","",""
"Scripts/Content/Story/B_AssignAmbientInfos/B_AssignDragonTalk_Rock.d:115","Der Funke des Lebens lebt in den tiefen Feuern dieser Erde. Und doch verbrennt das Feuer alles in einem Atemzug und hinterlässt nicht mehr als Asche.","생명의 불꽃은 이 대지의 깊은 불속에 살아 숨 쉰다. 그러나 불은 순식간에 모든 것을 태워버리고 재만 남길 뿐이다.","","False","DIA_Dragon_Rock_HIERARCHIE_20_04","",""
"Scripts/Content/Story/B_AssignAmbientInfos/B_AssignDragonTalk_Rock.d:116","Alle unsere Elemente erhalten und zerstören. Nur im zu hartem Guss erstarrten Wasser wird alles zur ewig verweilenden Salzsäule, wo kaum Leben möglich ist.","우리의 모든 원소는 보존하고 파괴한다. 하지만 단단하게 얼어붙은 물속에서만은 모든 것이 영원히 멈춰 선 소금기둥이 되어 생명이 깃들기 어렵지.","","False","DIA_Dragon_Rock_HIERARCHIE_20_05","",""
"Scripts/Content/Story/B_AssignAmbientInfos/B_AssignDragonTalk_Swamp.d:26","Die Macht des Auges ist verbraucht. Dein Leben endet hier, Mensch.","눈의 힘도 다 떨어졌다. 네 목숨은 여기서 끝이다, 인간.","","False","DIA_Dragon_Swamp_Exit_20_00","",""
"Scripts/Content/Story/B_AssignAmbientInfos/B_AssignDragonTalk_Swamp.d:74","Wehe dir, wenn du noch einen Schritt näher kommst!","감히 한 걸음만 더 다가오기만 해 봐라!","","False","DIA_Dragon_Swamp_Hello_20_00","",""
"Scripts/Content/Story/B_AssignAmbientInfos/B_AssignDragonTalk_Swamp.d:78","Ah. Das Auge Innos' scheint zu funktionieren.","아. 이노스의 눈이 제대로 작동하는 모양이군.","","False","DIA_Dragon_Swamp_Hello_15_01","",""
"Scripts/Content/Story/B_AssignAmbientInfos/B_AssignDragonTalk_Swamp.d:81","Es kamen schon viele deiner Art. Ich habe sie alle hinweg gefegt.","너 같은 녀석들은 전에도 많이 왔었다. 내가 모조리 쓸어버렸지.","","False","DIA_Dragon_Swamp_Hello_20_02","",""
"Scripts/Content/Story/B_AssignAmbientInfos/B_AssignDragonTalk_Swamp.d:82","Spar dir die Mühe. Du machst mir keine Angst mit deinen Sprüchen, du stinkende Ausgeburt der Hölle.","그만두지. 그런 협박 따위로 난 공포를 느끼지 않는다, 이 지옥에서 튀어나온 더러운 괴물아.","","False","DIA_Dragon_Swamp_Hello_15_03","",""
"Scripts/Content/Story/B_AssignAmbientInfos/B_AssignDragonTalk_Swamp.d:83","Sag mir, was ich wissen will oder ich werde dich in deinem Blut ertrinken lassen.","내가 알고 싶은 걸 말해라. 아니면 네 피에 溺(익)사하게 만들어 주마.","","False","DIA_Dragon_Swamp_Hello_15_04","",""
"Scripts/Content/Story/B_AssignAmbientInfos/B_AssignDragonTalk_Swamp.d:84","Ha, ha, ha. Du kleiner Wurm wagst es, mir zu drohen? Nenn mir nur einen Grund, warum ich dich nicht gleich in tausend Stücke zerfetze.","하, 하, 하. 감히 하찮은 벌레 따위가 나를 위협해? 당장 너를 갈기갈기 찢어놓지 않을 이유를 대 보거라.","","False","DIA_Dragon_Swamp_Hello_20_05","",""
"Scripts/Content/Story/B_AssignAmbientInfos/B_AssignDragonTalk_Swamp.d:85","Ich bin ein Gesandter Innos' und trage das geweihte Auge bei mir. Du hast keine Wahl. Du wirst dich meinem Willen beugen oder ich werde dich vernichten.","나는 이노스의 사도이며 신성한 눈을 지니고 있다. 넌 선택의 여지가 없다. 내 의지에 굴복하라, 그렇지 않으면 파멸시킬 테니.","","False","DIA_Dragon_Swamp_Hello_15_06","",""
"Scripts/Content/Story/B_AssignAmbientInfos/B_AssignDragonTalk_Swamp.d:86","(Brüllt) Arrh. Sag, was du von mir willst.","(포효하며) 크으. 원하는 게 뭐냐.","","False","DIA_Dragon_Swamp_Hello_20_07","",""
"Scripts/Content/Story/B_AssignAmbientInfos/B_AssignDragonTalk_Swamp.d:97","Wer bist du?","넌 누구냐?","","False","DIA_Dragon_Swamp_WERBISTDU.description","",""
"Scripts/Content/Story/B_AssignAmbientInfos/B_AssignDragonTalk_Swamp.d:110","Wer bist du?","넌 누구냐?","","False","DIA_Dragon_Swamp_WERBISTDU_15_00","",""
"Scripts/Content/Story/B_AssignAmbientInfos/B_AssignDragonTalk_Swamp.d:111","Mein Name ist Pandrodor. Und du wärest gut beraten, wenn du wieder unter den Stein kriechst, unter dem du hervorgekrochen bist.","내 이름은 판드로도르다. 기어 나왔던 그 돌덩이 밑으로 다시 기어들어가는 게 좋을 것이다.","","False","DIA_Dragon_Swamp_WERBISTDU_20_01","",""
"Scripts/Content/Story/B_AssignAmbientInfos/B_AssignDragonTalk_Swamp.d:122","Wo finde ich den Rest von euch widerlichen Kreaturen?","너희 역겨운 괴물들의 나머지 녀석들은 어디에 있지?","","False","DIA_Dragon_Swamp_WOSINDDIEANDEREN.description","",""
"Scripts/Content/Story/B_AssignAmbientInfos/B_AssignDragonTalk_Swamp.d:135","Wo finde ich den Rest von euch widerlichen Kreaturen?","너희 역겨운 괴물들의 나머지 녀석들은 어디에 있지?","","False","DIA_Dragon_Swamp_WOSINDDIEANDEREN_15_00","",""
"Scripts/Content/Story/B_AssignAmbientInfos/B_AssignDragonTalk_Swamp.d:136","Die Elemente, aus denen alles gemacht ist, halten diese Welt zusammen.","모든 것이 만들어진 원소들이 이 세상을 지탱하고 있다.","","False","DIA_Dragon_Swamp_WOSINDDIEANDEREN_20_01","",""
"Scripts/Content/Story/B_AssignAmbientInfos/B_AssignDragonTalk_Swamp.d:137","Jedes einzelne steht für die Fähigkeit, einen Teil der Welt zu kontrollieren.","각각의 원소는 세상의 일부분을 통제하는 힘을 상징하지.","","False","DIA_Dragon_Swamp_WOSINDDIEANDEREN_20_02","",""
"Scripts/Content/Story/B_AssignAmbientInfos/B_AssignDragonTalk_Swamp.d:138","Suche nach den Elementen und du wirst die anderen finden.","원소들을 찾아라, 그러면 나머지도 찾게 될 것이다.","","False","DIA_Dragon_Swamp_WOSINDDIEANDEREN_20_03","",""
"Scripts/Content/Story/B_AssignAmbientInfos/B_AssignOrc_AntiPaladinTalk.d:10","KHROKGNAR! Meister sagen, du jetzt Paladin. Meister hatte Recht. Meister hatte immer Recht.","크록그나르! 주인이 네가 이제 팔라딘이라고 했다. 주인의 말이 맞았다. 주인의 말은 언제나 맞다.","","False","DIA_ORC_AntiPaladin_18_01","",""
"Scripts/Content/Story/B_AssignAmbientInfos/B_AssignOrc_AntiPaladinTalk.d:11","Wir Anführer der stolzen Orkarmee nun selbst kommen, um großen Paladin zu töten.","자랑스러운 오크 군단의 지도자인 우리들이 직접 위대한 팔라딘을 죽이러 왔다.","","False","DIA_ORC_AntiPaladin_18_02","",""
"Scripts/Content/Story/B_AssignAmbientInfos/B_AssignOrc_AntiPaladinTalk.d:12","Hagen werden untergehen mit seinen Mannen. Auch du nicht ihnen helfen können.","헤이건과 그의 부하들은 파멸할 것이다. 네가 와도 그들을 도울 수 없다.","","False","DIA_ORC_AntiPaladin_18_03","",""
"Scripts/Content/Story/B_AssignAmbientInfos/B_AssignOrc_AntiPaladinTalk.d:17","Meister sagen Orkanführer, bringen Kopf von großen Paladin. Du jetzt sterben durch meine Hand. KHROKGNAR!","주인이 오크 지도자들에게 위대한 팔라딘의 머리를 가져오라고 했다. 넌 이제 내 손에 죽는다. 크록그나르!","","False","DIA_ORC_AntiPaladin_18_04","",""
"Scripts/Content/Story/B_AssignAmbientInfos/B_AssignOrc_AntiPaladinTalk.d:21","Wir Ork-Anführer jetzt selbst gekommen, dich zu töten, Paladin.","오크의 지도자인 우리들이 직접 너를 죽이러 왔다, 팔라딘.","","False","DIA_ORC_AntiPaladin_18_05","",""
"Scripts/Content/Story/B_AssignAmbientInfos/B_AssignOrc_AntiPaladinTalk.d:25","KHROKGNAR! Wir dich töten, Paladin.","크록그나르! 우리가 너를 죽이겠다, 팔라딘.","","False","DIA_ORC_AntiPaladin_18_06","",""
"Scripts/Content/Story/B_AssignAmbientInfos/B_AssignSchiffswachenTalk.d:11","Wir beobachten dich. Denk daran.","우리가 지켜보고 있다. 명심해라.","","False","DIA_Pal_Schiffswache_Ambient_04_00","",""
"Scripts/Content/Story/B_AssignAmbientInfos/B_AssignSchiffswachenTalk.d:16","Mach keinen Mist, solange du hier bist.","여기 있는 동안 헛짓거리 하지 마라.","","False","DIA_Pal_Schiffswache_Ambient_09_01","",""
"Scripts/Content/Story/B_AssignAmbientInfos/B_AssignSchiffswachenTalk.d:21","Lass dir nicht einfallen, hier was zu klauen, klar?","여기서 뭔가 훔칠 생각은 아예 하지 않는 게 좋을걸, 알겠나?","","False","DIA_Pal_Schiffswache_Ambient_12_02","",""
"Scripts/Content/Story/B_AssignAmbientInfos/B_AssignSchiffswachenTalk.d:60","Die verdammten Orks haben Garonds Burg gestürmt. Wir müssen sofort handeln.","저 저주받은 오크들이 가론드의 성을 습격했다. 당장 행동에 나서야 해.","","False","DIA_Pal_Schiffswache_AmbientKap5_04_00","",""
"Scripts/Content/Story/B_AssignAmbientInfos/B_AssignSchiffswachenTalk.d:65","Wenn wir den Verräter zu fassen kriegen, der das Haupttor der Burg geöffnet hat, machen wir kurzen Prozess mit ihm.","성의 정문을 연 그 배신자 녀석을 붙잡기만 해 봐라, 가만두지 않을 테니까.","","False","DIA_Pal_Schiffswache_AmbientKap5_09_01","",""
"Scripts/Content/Story/B_AssignAmbientInfos/B_AssignSchiffswachenTalk.d:70","Wir können nicht mehr lange warten. Unsere Jungs im Minental brauchen unsere Hilfe, bevor der nächste Orksturm kommt.","더 이상 기다릴 수 없다. 다음 오크의 습격이 오기 전에 광산 계곡에 있는 우리 동료들을 도와야 해.","","False","DIA_Pal_Schiffswache_AmbientKap5_12_02","",""
"Scripts/Content/Story/B_AssignAmbientInfos/B_AssignSchiffswachenTalk.d:77","Garond hat zur allgemeinen Mobilmachung aufgerufen. Bald brechen wir auf ins Minental.","가론드께서 총동원령을 내리셨다. 곧 광산 계곡으로 출발한다.","","False","DIA_Pal_Schiffswache_AmbientKap5_04_03","",""
"Scripts/Content/Story/B_AssignAmbientInfos/B_AssignSchiffswachenTalk.d:82","Jetzt treten wir den Orks in den Arsch!","이제 오크 녀석들의 콧대를 꺾어주마!","","False","DIA_Pal_Schiffswache_AmbientKap5_09_04","",""
"Scripts/Content/Story/B_AssignAmbientInfos/B_AssignSchiffswachenTalk.d:87","Ich kann's kaum erwarten, den Orks die Stirn zu bieten. Bald geht es los.","오크 녀석들에게 본때를 보여줄 생각에 아주 견딜 수가 없군. 곧 출발이다.","","False","DIA_Pal_Schiffswache_AmbientKap5_12_05","",""
"Scripts/Content/Story/B_AssignAmbientInfos/B_AssignToughGuyNews.d:45","... ich will aber nicht mit dir reden ...","...하지만 너랑은 얘기하고 싶지 않은데...","","False","DIA_Addon_Skinner_ToughguyNews_08_00","",""
"Scripts/Content/Story/B_AssignAmbientInfos/B_BDT_10xx_Fluechtling.d:7","Vergiss es. Ich geh nicht mehr in den Knast.","꿈도 꾸지 마. 감옥에는 다시 안 돌아갈 테니까.","","False","DIA_B_DIA_BDT_10XX_Fluechtling_07_00","",""
"Scripts/Content/Story/B_AssignAmbientInfos/B_BDT_10xx_Fluechtling.d:12","Du bist doch nicht etwa gekommen, um uns zurück ins Gefängnis zu bringen, oder?","우리더러 감옥으로 돌아가라고 온 건 아니겠지?","","False","DIA_B_DIA_BDT_10XX_Fluechtling_06_00","",""
"Scripts/Content/Story/B_AssignAmbientInfos/B_BDT_10xx_Fluechtling.d:60","Wenn du nicht im Knast landen willst, solltest du dich besser von mir fern halten.","감옥에 쳐박히고 싶지 않다면 내게서 떨어져 있는 게 좋을걸.","","False","DIA_BDT_1031_Fluechtling_Tip1_07_00","",""
"Scripts/Content/Story/B_AssignAmbientInfos/B_BDT_10xx_Fluechtling.d:66","Ich habe nicht vor, dich zu verpfeifen.","널 밀고할 생각은 없어.","","False","DIA_BDT_1031_Fluechtling_Tip1_Info.DIA_BDT_1031_Fluechtling_Tip1.DIA_BDT_1031_Fluechtling_Tip1_frei","Info_AddChoice",""
"Scripts/Content/Story/B_AssignAmbientInfos/B_BDT_10xx_Fluechtling.d:67","Ich bin hier um dich zu verhaften.","너를 체포하러 왔다.","","False","DIA_BDT_1031_Fluechtling_Tip1_Info.DIA_BDT_1031_Fluechtling_Tip1.DIA_BDT_1031_Fluechtling_Tip1_Knast","Info_AddChoice",""
"Scripts/Content/Story/B_AssignAmbientInfos/B_BDT_10xx_Fluechtling.d:68","Wo ist euer Anführer Morgahard?","너희 우두머리 모르가하드는 어디 있나?","","False","DIA_BDT_1031_Fluechtling_Tip1_Info.DIA_BDT_1031_Fluechtling_Tip1.DIA_BDT_1031_Fluechtling_Tip1_Morgahard","Info_AddChoice",""
"Scripts/Content/Story/B_AssignAmbientInfos/B_BDT_10xx_Fluechtling.d:74","Wo ist euer Anführer Morgahard?","너희 우두머리 모르가하드는 어디 있나?","","False","DIA_BDT_1031_Fluechtling_Tip1_Morgahard_15_00","",""
"Scripts/Content/Story/B_AssignAmbientInfos/B_BDT_10xx_Fluechtling.d:75","Wir haben uns getrennt, um nicht so schnell erwischt zu werden. Keine Ahnung, wo die anderen sind.","쉽게 잡히지 않으려고 흩어졌어. 다른 녀석들이 어디 있는지는 나도 몰라.","","False","DIA_BDT_1031_Fluechtling_Tip1_Morgahard_07_01","",""
"Scripts/Content/Story/B_AssignAmbientInfos/B_BDT_10xx_Fluechtling.d:77","Schade. Dann werde ich wohl den Richter holen müssen.","유감이네. 그럼 판사를 불러와야겠는걸.","","False","DIA_BDT_1031_Fluechtling_Tip1_Morgahard.DIA_BDT_1031_Fluechtling_Tip1.DIA_BDT_1031_Fluechtling_Tip1_Morgahard_drohen","Info_AddChoice",""
"Scripts/Content/Story/B_AssignAmbientInfos/B_BDT_10xx_Fluechtling.d:82","Schade. Dann werde ich wohl den Richter holen müssen.","유감이네. 그럼 판사를 불러와야겠는걸.","","False","DIA_BDT_1031_Fluechtling_Tip1_Morgahard_drohen_15_00","",""
"Scripts/Content/Story/B_AssignAmbientInfos/B_BDT_10xx_Fluechtling.d:83","Ok, ok. Ich vermute, dass sich einige von uns in der Taverne abgesetzt haben. Aber das hast du nicht von mir gehört, ok?","알았어, 알았어. 우리 중 몇 명은 선술집으로 빠져나갔을 거야. 하지만 내게서 들은 건 아니다, 알겠지?","","False","DIA_BDT_1031_Fluechtling_Tip1_Morgahard_drohen_07_01","",""
"Scripts/Content/Story/B_AssignAmbientInfos/B_BDT_10xx_Fluechtling.d:89","Ich bin hier, um dich zu verhaften.","너를 체포하러 왔다.","","False","DIA_BDT_1031_Fluechtling_Tip1_Knast_15_00","",""
"Scripts/Content/Story/B_AssignAmbientInfos/B_BDT_10xx_Fluechtling.d:90","Nur über meine Leiche.","내 시체를 밟고 가라.","","False","DIA_BDT_1031_Fluechtling_Tip1_Knast_07_01","",""
"Scripts/Content/Story/B_AssignAmbientInfos/B_BDT_10xx_Fluechtling.d:97","Ich habe nicht vor, dich zu verpfeifen.","널 밀고할 생각은 없어.","","False","DIA_BDT_1031_Fluechtling_Tip1_frei_15_00","",""
"Scripts/Content/Story/B_AssignAmbientInfos/B_BDT_10xx_Fluechtling.d:98","Wenn dich der Richter geschickt hat, dann kannst du ihm von uns bestellen, dass er uns mal gerne haben kann.","판사가 보낸 거라면, 그 영감탱이한테 엿이나 먹으라고 전해라.","","False","DIA_BDT_1031_Fluechtling_Tip1_frei_07_01","",""
"Scripts/Content/Story/B_AssignAmbientInfos/B_BDT_10xx_Fluechtling.d:100","Was habt ihr denn verbrochen?","무슨 짓을 저지른 거냐?","","False","DIA_BDT_1031_Fluechtling_Tip1_frei.DIA_BDT_1031_Fluechtling_Tip1.DIA_BDT_1031_Fluechtling_Tip1_frei_verbrechen","Info_AddChoice",""
"Scripts/Content/Story/B_AssignAmbientInfos/B_BDT_10xx_Fluechtling.d:105","Was habt ihr denn verbrochen?","무슨 짓을 저지른 거냐?","","False","DIA_BDT_1031_Fluechtling_Tip1_frei_verbrechen_15_00","",""
"Scripts/Content/Story/B_AssignAmbientInfos/B_BDT_10xx_Fluechtling.d:106","Das geht dich nichts an.","네가 상관할 바 아니야.","","False","DIA_BDT_1031_Fluechtling_Tip1_frei_verbrechen_07_01","",""
"Scripts/Content/Story/B_AssignAmbientInfos/B_BDT_10xx_Fluechtling.d:231","(ängstlich) Was willst du von mir?","(겁에 질려) 네가 원하는 게 뭐지?","","False","DIA_BDT_1033_Fluechtling_Tip2_07_00","",""
"Scripts/Content/Story/B_AssignAmbientInfos/B_BDT_10xx_Fluechtling.d:237","Bleib locker. Ich will nur reden.","진정해. 그냥 이야기나 좀 하려는 거야.","","False","DIA_BDT_1033_Fluechtling_Tip2_Info.DIA_BDT_1033_Fluechtling_Tip2.DIA_BDT_1033_Fluechtling_Tip2_frei","Info_AddChoice",""
"Scripts/Content/Story/B_AssignAmbientInfos/B_BDT_10xx_Fluechtling.d:238","Der Richter hat mich geschickt um dich zurück zu bringen.","판사님이 널 데려오라고 나를 보냈어.","","False","DIA_BDT_1033_Fluechtling_Tip2_Info.DIA_BDT_1033_Fluechtling_Tip2.DIA_BDT_1033_Fluechtling_Tip2_Knast","Info_AddChoice",""
"Scripts/Content/Story/B_AssignAmbientInfos/B_BDT_10xx_Fluechtling.d:239","Wo ist euer Anführer Morgahard?","너희 우두머리 모르가하드는 어디 있나?","","False","DIA_BDT_1033_Fluechtling_Tip2_Info.DIA_BDT_1033_Fluechtling_Tip2.DIA_BDT_1033_Fluechtling_Tip2_Morgahard","Info_AddChoice",""
"Scripts/Content/Story/B_AssignAmbientInfos/B_BDT_10xx_Fluechtling.d:245","Wo ist euer Anführer Morgahard?","너희 우두머리 모르가하드는 어디 있나?","","False","DIA_BDT_1033_Fluechtling_Tip2_Morgahard_15_00","",""
"Scripts/Content/Story/B_AssignAmbientInfos/B_BDT_10xx_Fluechtling.d:246","(ängstlich) Ich will keinen Ärger. Geh zum Großbauern. Er wollte sich bei den Söldnern verstecken. Und jetzt lass mich in Ruhe.","(겁에 질려) 난 말썽 일으키기 싫어. 대농장으로 가 봐. 용병들 틈에 숨으려고 했거든. 이제 날 내버려 둬.","","False","DIA_BDT_1033_Fluechtling_Tip2_Morgahard_07_01","",""
"Scripts/Content/Story/B_AssignAmbientInfos/B_BDT_10xx_Fluechtling.d:252","Der Richter hat mich geschickt, um dich zurück zu bringen.","판사님이 널 데려오라고 나를 보냈어.","","False","DIA_BDT_1033_Fluechtling_Tip2_Knast_15_00","",""
"Scripts/Content/Story/B_AssignAmbientInfos/B_BDT_10xx_Fluechtling.d:253","(schreit) NEIN.","(비명 지르며) 안 돼.","","False","DIA_BDT_1033_Fluechtling_Tip2_Knast_07_01","",""
"Scripts/Content/Story/B_AssignAmbientInfos/B_BDT_10xx_Fluechtling.d:260","Bleib locker. Ich will nur reden.","진정해. 그냥 이야기나 좀 하려는 거야.","","False","DIA_BDT_1033_Fluechtling_Tip2_frei_15_00","",""
"Scripts/Content/Story/B_AssignAmbientInfos/B_BDT_10xx_Fluechtling.d:261","Ich will aber nicht mir dir reden. Hau ab. Mann.","난 너랑 얘기하기 싫어. 꺼져, 이 사람아.","","False","DIA_BDT_1033_Fluechtling_Tip2_frei_07_01","",""
"Scripts/Content/Story/B_AssignAmbientInfos/B_BDT_10xx_Fluechtling.d:263","Du hast du Hosen ganz schön voll, was?","지레 겁을 단단히 먹었나 보네, 그래?","","False","DIA_BDT_1033_Fluechtling_Tip2_frei.DIA_BDT_1033_Fluechtling_Tip2.DIA_BDT_1033_Fluechtling_Tip2_frei_verbrechen","Info_AddChoice",""
"Scripts/Content/Story/B_AssignAmbientInfos/B_BDT_10xx_Fluechtling.d:268","Du hast die Hosen ganz schön voll, was?","지레 겁을 단단히 먹었나 보네, 그래?","","False","DIA_BDT_1033_Fluechtling_Tip2_frei_verbrechen_15_00","",""
"Scripts/Content/Story/B_AssignAmbientInfos/B_BDT_10xx_Fluechtling.d:269","Du hast gut reden. Auf dich wartet ja auch nicht der Galgen, wenn sie dich erwischen.","너야 남 말 할 때지. 잡히면 교수대에 매달리게 되는 건 네가 아니니까.","","False","DIA_BDT_1033_Fluechtling_Tip2_frei_verbrechen_07_01","",""
"Scripts/Content/Story/B_AssignAmbientInfos/B_Bartok_ShitAnOrc.d:3","(zu sich) Ein Ork direkt vor der Stadt - verdammte Scheiße...","(혼잣말) 도시 코앞에 오크라니, 빌어먹을...","","False","DIA_Bartok_Angekommen_04_02","",""
"Scripts/Content/Story/B_AssignAmbientInfos/B_Dragon_Fire_Island.d:51","Bleib stehen, Mensch. Alle meine Sinne sagen mir, dass der Mörder meines eigenen Fleisch und Blutes vor mir steht.","멈춰라, 인간이여. 나의 모든 감각이 내 피와 살을 나눈 자의 살해자가 내 앞에 서 있다고 말하고 있다.","","False","DIA_Dragon_Fire_Island_Hello_20_00","",""
"Scripts/Content/Story/B_AssignAmbientInfos/B_Dragon_Fire_Island.d:52","So? Wen nennst du hier Mörder, du Ausgeburt der Hölle?","그래? 방금 누구를 살해자라고 불렀냐, 이 지옥의 괴물아?","","False","DIA_Dragon_Fire_Island_Hello_15_01","",""
"Scripts/Content/Story/B_AssignAmbientInfos/B_Dragon_Fire_Island.d:57","Dass du fast unsere gesamte Nachkommenschaft vernichtet hast, war dir wohl nicht genug.","네가 우리의 후손 거의 전부를 말살한 것만으로는 성에 차지 않았던 모양이군.","","False","DIA_Dragon_Fire_Island_Hello_20_02","",""
"Scripts/Content/Story/B_AssignAmbientInfos/B_Dragon_Fire_Island.d:60","Du hast meinen Bruder Feomathar auf dem Gewissen und dafür wirst du bezahlen.","너는 내 형제 페오마타르를 죽였다. 그 대가를 치르게 될 것이다.","","False","DIA_Dragon_Fire_Island_Hello_20_03","",""
"Scripts/Content/Story/B_AssignAmbientInfos/B_Dragon_Fire_Island.d:65","Den Rest eurer widerlichen Brut werde ich mir auch noch vornehmen.","너희 역겨운 핏줄 찌꺼기들도 마저 쓸어버려 주마.","","False","DIA_Dragon_Fire_Island_Hello_15_04","",""
"Scripts/Content/Story/B_AssignAmbientInfos/B_Dragon_Fire_Island.d:66","Arrh. Es wird mir ein Vergnügen sein, dich bei lebendigem Leibe zu verbrennen.","크으. 산 채로 태워주마, 기꺼이.","","False","DIA_Dragon_Fire_Island_Hello_20_05","",""
"Scripts/Content/Story/B_AssignAmbientInfos/B_Dragon_Fire_Island.d:69","Mach nicht so einen Wind. Lass uns zur Sache kommen.","엄살 떨지 마라. 본론으로 들어가자고.","","False","DIA_Dragon_Fire_Island_Hello_15_06","",""
"Scripts/Content/Story/B_AssignAmbientInfos/B_Dragon_Fire_Island.d:70","Du hast es weit gebracht, kleiner Mensch, aber diese Hallen wirst du nicht mehr lebend verlassen.","멀리도 찾아왔구나, 건방진 인간아. 하지만 이 홀을 살아나갈 수는 없을 것이다.","","False","DIA_Dragon_Fire_Island_Hello_20_07","",""
"Scripts/Content/Story/B_AssignAmbientInfos/B_Dragon_Undead.d:6","Na, mein Kleiner? Hast du denn auch eine Originalversion?","그래, 애송아? 너 혹시 오리지널 버전이라도 갖고 있냐?","","False","DIA_Addon_UndeadDragon_Add_20_00","",""
"Scripts/Content/Story/B_AssignAmbientInfos/B_Dragon_Undead.d:59","Nun hast du es also geschafft, mich zu finden. Allzu lange warte ich nun schon auf deine Ankunft.","드디어 나를 찾아냈구나. 네가 오기를 아주 오래도록 기다렸다.","","False","DIA_Dragon_Undead_Hello_20_00","",""
"Scripts/Content/Story/B_AssignAmbientInfos/B_Dragon_Undead.d:60","Komm schon. Tu doch nicht so, als hättest du das geplant.","이봐. 애초에 계획했던 것처럼 굴지 마시지.","","False","DIA_Dragon_Undead_Hello_15_01","",""
"Scripts/Content/Story/B_AssignAmbientInfos/B_Dragon_Undead.d:61","(Lacht laut) Was weißt du denn schon von meinen Absichten?","(크게 웃는다) 네가 내 의도에 대해 뭘 알겠느냐?","","False","DIA_Dragon_Undead_Hello_20_02","",""
"Scripts/Content/Story/B_AssignAmbientInfos/B_Dragon_Undead.d:62","Habe ich dir nicht die Suchenden geschickt, um dich auf meine Fährte zu locken?","내가 너를 내 흔적으로 유인하려고 시커들을 보낸 것이 아니겠느냐?","","False","DIA_Dragon_Undead_Hello_20_03","",""
"Scripts/Content/Story/B_AssignAmbientInfos/B_Dragon_Undead.d:63","Habe ich nicht die Zeichen meiner Existenz so sichtbar hinterlassen, dass du mich gar nicht verfehlen konntest?","내가 존재의 흔적을 아주 뚜렷하게 남겨서 네가 나를 놓칠 수 없게 만든 것이 아니겠느냐?","","False","DIA_Dragon_Undead_Hello_20_04","",""
"Scripts/Content/Story/B_AssignAmbientInfos/B_Dragon_Undead.d:68","Haben die Dracheneier etwa nicht dazu beigetragen, dich zu rüsten, um zu mir zu gelangen?","드래곤의 알들이 네 방어구를 갖추고 나에게 오는 데 일조하지 않았느냐?","","False","DIA_Dragon_Undead_Hello_20_05","",""
"Scripts/Content/Story/B_AssignAmbientInfos/B_Dragon_Undead.d:73","Waren die bekehrten Paladine nicht genug Grund für dich, nach der treibenden Macht im Verborgenen zu suchen?","타락한 팔라딘들이, 숨겨진 곳에서 움직이는 힘을 찾아야 할 충분한 이유가 되지 않았느냐?","","False","DIA_Dragon_Undead_Hello_20_06","",""
"Scripts/Content/Story/B_AssignAmbientInfos/B_Dragon_Undead.d:78","Waren die Besessenen deiner Art denn etwa nicht Grund genug für dich, nach der treibenden Macht im Verborgenen zu suchen?","너희 동족 중 홀린 자들이 숨겨진 곳에서 움직이는 힘을 찾아야 할 충분한 이유가 되지 않았느냐?","","False","DIA_Dragon_Undead_Hello_20_07","",""
"Scripts/Content/Story/B_AssignAmbientInfos/B_Dragon_Undead.d:81","So sehr du dich auch abwenden und winden magst, du wirst das alles nicht leugnen können.","네가 아무리 발버둥을 치고 회피하려 해도, 이 모든 사실을 부정할 수는 없을 것이다.","","False","DIA_Dragon_Undead_Hello_20_08","",""
"Scripts/Content/Story/B_AssignAmbientInfos/B_Dragon_Undead.d:84","Es gibt nur EINE Sache, die nicht vorherbestimmt war!","미리 정해지지 않은 단 하나의 일이 있다!","","False","DIA_Addon_UndeadDragon_Add_20_01","",""
"Scripts/Content/Story/B_AssignAmbientInfos/B_Dragon_Undead.d:85","Du hast einen meiner Diener vernichtet! Er war dazu auserwählt, die Klaue zu tragen.","너는 내 하인 중 하나를 없앴다! 그는 발톱을 지닐 자격으로 선택된 자였다.","","False","DIA_Addon_UndeadDragon_Add_20_02","",""
"Scripts/Content/Story/B_AssignAmbientInfos/B_Dragon_Undead.d:86","Wie ich sehe trägst du sie jetzt. Für diesen Frevel wirst du sterben!","보아하니 지금 네가 그것을 지니고 있구나. 이 불경에 대한 대가로 너는 죽을 것이다!","","False","DIA_Addon_UndeadDragon_Add_20_03","",""
"Scripts/Content/Story/B_AssignAmbientInfos/B_Dragon_Undead.d:88","Genug der Worte.","말은 이쯤 하자.","","False","DIA_Dragon_Undead_Hello_Info.DIA_Dragon_Undead_Hello.DIA_Dragon_Undead_Hello_attack","Info_AddChoice",""
"Scripts/Content/Story/B_AssignAmbientInfos/B_Dragon_Undead.d:89","In welchem Auftrag führst du deine Schergen in den Krieg gegen die Menschen?","너는 누구의 명을 받아 부하들을 이끌고 인간과의 전쟁을 벌이는 것이냐?","","False","DIA_Dragon_Undead_Hello_Info.DIA_Dragon_Undead_Hello.DIA_Dragon_Undead_Hello_Auftraggeber","Info_AddChoice",""
"Scripts/Content/Story/B_AssignAmbientInfos/B_Dragon_Undead.d:90","Warum bist du hier?","여기는 어쩐 일로 왔지?","","False","DIA_Dragon_Undead_Hello_Info.DIA_Dragon_Undead_Hello.DIA_Dragon_Undead_Hello_warum","Info_AddChoice",""
"Scripts/Content/Story/B_AssignAmbientInfos/B_Dragon_Undead.d:91","Wer bist du?","넌 누구냐?","","False","DIA_Dragon_Undead_Hello_Info.DIA_Dragon_Undead_Hello.DIA_Dragon_Undead_Hello_wer","Info_AddChoice",""
"Scripts/Content/Story/B_AssignAmbientInfos/B_Dragon_Undead.d:98","Wer bist du?","넌 누구냐?","","False","DIA_Dragon_Undead_Hello_wer_15_00","",""
"Scripts/Content/Story/B_AssignAmbientInfos/B_Dragon_Undead.d:99","(lacht) Das fragst du noch? Kehre in dich, du Narr. Du weißt, wer ich bin.","(웃음) 그걸 질문이라고 하느냐? 자신을 돌아보거라, 바보 같은 자여. 내가 누구인지 알 터인데.","","False","DIA_Dragon_Undead_Hello_wer_20_01","",""
"Scripts/Content/Story/B_AssignAmbientInfos/B_Dragon_Undead.d:100","Ich trage keinen Namen. So wie du keinen Namen trägst.","나는 이름이 없다. 네가 이름이 없는 것처럼.","","False","DIA_Dragon_Undead_Hello_wer_20_02","",""
"Scripts/Content/Story/B_AssignAmbientInfos/B_Dragon_Undead.d:101","Ich erhalte die göttliche Kraft von meinem Schöpfer. So wie du die Kraft deines Gottes in dir trägst.","나는 창조주로부터 신성한 힘을 받는다. 네가 네 안에 너의 신의 힘을 품고 있는 것처럼.","","False","DIA_Dragon_Undead_Hello_wer_20_03","",""
"Scripts/Content/Story/B_AssignAmbientInfos/B_Dragon_Undead.d:103","Mein Schicksal ist die Zerstörung der Welt.","나의 운명은 이 세계를 파괴하는 것이다.","","False","DIA_Dragon_Undead_Hello_wer_20_04","",""
"Scripts/Content/Story/B_AssignAmbientInfos/B_Dragon_Undead.d:107","So wie dein Schicksal von der Rechtschaffenheit und den Tugenden eines Paladins bestimmt wird.","치밀함과 팔라딘의 미덕이 너의 운명을 결정하는 것처럼.","","False","DIA_Dragon_Undead_Hello_wer_20_05","",""
"Scripts/Content/Story/B_AssignAmbientInfos/B_Dragon_Undead.d:112","So wie auch deine Hand den sicheren Tod bringt, Drachenjäger.","네 손이 확실한 죽음을 불러오는 것처럼, 드래곤 헌터여.","","False","DIA_Dragon_Undead_Hello_wer_20_06","",""
"Scripts/Content/Story/B_AssignAmbientInfos/B_Dragon_Undead.d:117","So wie die Verkündung des Glaubens an Innos deine Bestimmung ist, Magier des Feuers.","이노스의 신앙을 전파하는 것이 너의 운명인 것처럼, 불의 마법사여.","","False","DIA_Dragon_Undead_Hello_wer_20_07","",""
"Scripts/Content/Story/B_AssignAmbientInfos/B_Dragon_Undead.d:120","Spürst du nicht das Band, das uns verbindet? Ja. Du weißt, wer ich bin.","우리를 묶고 있는 유대가 느껴지지 않느냐? 그래. 너는 내가 누구인지 알고 있다.","","False","DIA_Dragon_Undead_Hello_wer_20_08","",""
"Scripts/Content/Story/B_AssignAmbientInfos/B_Dragon_Undead.d:121","(irritiert) Nein. Das kann nicht sein. Xardas hat immer gesagt ...","(당황하며) 아니. 그럴 리가 없어. 자다스는 늘 말했다...","","False","DIA_Dragon_Undead_Hello_wer_15_09","",""
"Scripts/Content/Story/B_AssignAmbientInfos/B_Dragon_Undead.d:122","Xardas ist schwach und keine Bedrohung für mich. Nur du allein bist würdig, mir entgegenzutreten.","자다스는 약하고 나에게 위협이 되지 않는다. 오직 너만이 나설 자격이 있다.","","False","DIA_Dragon_Undead_Hello_wer_20_10","",""
"Scripts/Content/Story/B_AssignAmbientInfos/B_Dragon_Undead.d:123","So steht es geschrieben. Die Zeit ist gekommen, dein Schicksal zu akzeptieren.","그렇게 쓰여 있다. 네 운명을 받아들일 때가 왔다.","","False","DIA_Dragon_Undead_Hello_wer_20_11","",""
"Scripts/Content/Story/B_AssignAmbientInfos/B_Dragon_Undead.d:128","Warum bist du hier?","여기는 어쩐 일로 왔지?","","False","DIA_Dragon_Undead_Hello_warum_15_00","",""
"Scripts/Content/Story/B_AssignAmbientInfos/B_Dragon_Undead.d:129","Die mir verliehene Göttlichkeit wird mich beflügeln, die Welt im Strom der Gewalt zu ertränken.","내게 부여된 신성함이 이 세계를 폭력의 홍수에 빠뜨리도록 나를 고취할 것이다.","","False","DIA_Dragon_Undead_Hello_warum_20_01","",""
"Scripts/Content/Story/B_AssignAmbientInfos/B_Dragon_Undead.d:130","Erst wenn die letzte Festung der Rechtschaffenen gefallen ist, werde ich ruhen.","정의로운 자들의 마지막 요새가 무너질 때 비로소 나는 안식에 들 것이다.","","False","DIA_Dragon_Undead_Hello_warum_20_02","",""
"Scripts/Content/Story/B_AssignAmbientInfos/B_Dragon_Undead.d:135","In wessen Auftrag führst du deine Schergen in den Krieg gegen die Menschen?","너는 누구의 명을 받아 부하들을 이끌고 인간과의 전쟁을 벌이는 것이냐?","","False","DIA_Dragon_Undead_Hello_Auftraggeber_15_00","",""
"Scripts/Content/Story/B_AssignAmbientInfos/B_Dragon_Undead.d:136","Mein Gebieter ist der Herr der Nacht. Du kennst ihn. Du kannst seinen Ruf hören.","내 주는 밤의 군주이시다. 너도 그를 알고 있지. 그의 부름을 들을 수 있을 것이다.","","False","DIA_Dragon_Undead_Hello_Auftraggeber_20_01","",""
"Scripts/Content/Story/B_AssignAmbientInfos/B_Dragon_Undead.d:137","In seinem Namen werden meine Heerscharen sich aus der Erde erheben und die Welt in Dunkelheit hüllen.","그의 이름으로 내 군세가 땅에서 일어나 이 세계를 어둠으로 덮을 것이다.","","False","DIA_Dragon_Undead_Hello_Auftraggeber_20_03","",""
"Scripts/Content/Story/B_AssignAmbientInfos/B_Dragon_Undead.d:142","Genug der Worte. Ich werde dich dorthin zurück jagen, wo du Ungetüm entkrochen bist.","말은 이 정도면 충분하다. 이 괴물아, 네가 기어나온 곳으로 뒤로 쫓아내 주마.","","False","DIA_Dragon_Undead_Hello_attack_15_00","",""
"Scripts/Content/Story/B_AssignAmbientInfos/B_Dragon_Undead.d:143","(lacht) Du bist noch nicht bereit, mich zu besiegen. Nur noch ein kurzer Moment und ich habe mein Ziel erreicht.","(웃음) 넌 아직 나를 쓰러뜨릴 준비가 되지 않았다. 아주 잠깐만 지나면 내 목표를 이룰 것이다.","","False","DIA_Dragon_Undead_Hello_attack_20_01","",""
"Scripts/Content/Story/B_AssignAmbientInfos/B_Dragon_Undead.d:149","Glaubst du tatsächlich, du könntest mich mit der Klaue verletzen? (lacht)","그 발톱으로 나를 다치게 할 수 있다고 진심으로 믿는 거냐? (웃음)","","False","DIA_Addon_UndeadDragon_Add_20_04","",""
"Scripts/Content/Story/B_AssignAmbientInfos/B_Dragon_Undead.d:153","Deine Gebeine werden mir dienen, um der Welt den Atem des Todes zu bringen.","네 뼈는 이 세계에 죽음의 숨결을 불어넣는 도구로 쓰이게 될 것이다.","","False","DIA_Dragon_Undead_Hello_attack_20_02","",""
"Scripts/Content/Story/B_AssignAmbientInfos/B_Koch_Hackebeil.d:3","Hackebeil...","식칼...","","False","Hackebeil_01_00","",""
"Scripts/Content/Story/B_AssignAmbientInfos/B_LastWarningVatras.d:7","Was hast du getan, Elender?","무슨 짓을 한 거냐, 이 비열한 자야?","","False","DIA_Addon_Vatras_LastWarning_ADD_05_00","",""
"Scripts/Content/Story/B_AssignAmbientInfos/B_LastWarningVatras.d:8","Wir vom Orden des Wassers haben dich mehrmals davor gewarnt, dem Bösen zu verfallen.","우리 물의 교단은 악에 물들지 말라고 여러 번 경고했다.","","False","DIA_Addon_Vatras_LastWarning_ADD_05_01","",""
"Scripts/Content/Story/B_AssignAmbientInfos/B_LastWarningVatras.d:9","Doch mir ist Ohren gekommen, dass du den Pfad des alles erhaltenen Gleichgewichts verlassen hast.","하지만 네가 모든 것을 유지하는 균형의 길을 저버렸다는 소문이 들려왔다.","","False","DIA_Addon_Vatras_LastWarning_ADD_05_02","",""
"Scripts/Content/Story/B_AssignAmbientInfos/B_LastWarningVatras.d:10","Du bist mordend und plünderns durch die Lande gezogen und hast dich schwerer Verbrechen schuldig gemacht.","너는 살인과 약탈을 일삼으며 이 땅을 헤메고 다녔고, 중죄를 저질렀다.","","False","DIA_Addon_Vatras_LastWarning_ADD_05_03","",""
"Scripts/Content/Story/B_AssignAmbientInfos/B_LastWarningVatras.d:11","Zahlreiche unschuldige Menschen sind durch DEINE Hand dahingerafft worden.","수많은 무고한 이들이 바로 너의 손에 목숨을 잃었다.","","False","DIA_Addon_Vatras_LastWarning_ADD_05_04","",""
"Scripts/Content/Story/B_AssignAmbientInfos/B_LastWarningVatras.d:12","Du stehst nun mit den Mächten der Finsternis im Bunde.","너는 이제 어둠의 세력과 손을 잡았다.","","False","DIA_Addon_Vatras_LastWarning_ADD_05_05","",""
"Scripts/Content/Story/B_AssignAmbientInfos/B_LastWarningVatras.d:17","Von nun an kannst du nicht mehr mit meiner Unterstützung zu rechnen.","이제부터 너는 우리의 지원을 기대할 수 없다.","","False","DIA_Addon_Vatras_PissedOffPerm_Add_05_00","",""
"Scripts/Content/Story/B_AssignAmbientInfos/B_LastWarningVatras.d:18","Geh weg. Du bist jetzt ein Ausgestoßener für mich.","꺼져라. 너는 이제 내게 추방자일 뿐이다.","","False","DIA_Addon_Vatras_PissedOffPerm_Add_05_01","",""
"Scripts/Content/Story/B_AssignAmbientInfos/B_Liesel.d:33","Hallo!","안녕!","","False","DIA_Liesel_Hallo.description","",""
"Scripts/Content/Story/B_AssignAmbientInfos/B_Liesel.d:43","Hallo ... (räuspert sich) ... Schaf.","안녕... (목을 가꾼다) ...양아.","","False","DIA_Liesel_Hallo_15_00","",""
"Scripts/Content/Story/B_AssignAmbientInfos/B_Liesel.d:57","Komm mit!","따라와!","","False","DIA_Liesel_KommMit.description","",""
"Scripts/Content/Story/B_AssignAmbientInfos/B_Liesel.d:72","Komm mit!","따라와!","","False","DIA_Liesel_KommMit_15_00","",""
"Scripts/Content/Story/B_AssignAmbientInfos/B_Liesel.d:90","Warte hier!","여기서 기다려!","","False","DIA_Liesel_WarteHier.description","",""
"Scripts/Content/Story/B_AssignAmbientInfos/B_Liesel.d:105","Warte hier!","여기서 기다려!","","False","DIA_Liesel_WarteHier_15_00","",""
"Scripts/Content/Story/B_AssignAmbientInfos/B_NpcObsessedByDMT.d:25","Wir sehen dich, du Wurm. Du kannst uns nicht entkommen.","우리가 보고 있다, 버러지 같은 녀석. 우리에게서 도망칠 순 없다.","","False","DIA_NoName_ObsessedByDMT_19_00","",""
"Scripts/Content/Story/B_AssignAmbientInfos/B_NpcObsessedByDMT.d:93","Das Tor zu öffnen, war ein großer Dienst für unseren Meister, kleiner Mensch. Ihm zu Ehren werden wir einen Schrein auf deinem Grab errichten.","문을 연 것은 우리 주인을 위한 큰 공헌이었다오, 하찮은 인간이여. 그의 명예를 기리며 당신의 무덤 위에 성전을 세워주겠소.","","False","DIA_Brutus_ObsessedByDMT_19_00","",""
"Scripts/Content/Story/B_AssignAmbientInfos/B_NpcObsessedByDMT.d:108","Kehre um. Bevor es für dich zu spät ist.","돌아거라. 너무 늦기 전에.","","False","DIA_Engrom_ObsessedByDMT_19_00","",""
"Scripts/Content/Story/B_AssignAmbientInfos/B_NpcObsessedByDMT.d:117","Bald schon werden wir sie alle beherrschen. Du und deine kläglichen magischen Fähigkeiten sind keine Gefahr für uns.","곧 우리는 그들 모두를 지배하게 될 것이다. 너와 네 초라한 마법 능력은 우리에게 위협이 되지 않는다.","","False","DIA_Vino_ObsessedByDMT_19_00","",""
"Scripts/Content/Story/B_AssignAmbientInfos/B_NpcObsessedByDMT.d:126","Auch diese Seele wirst du nicht mehr retten können, Magier. Er wird nie mehr zu den seinen zurückkehren.","이 영혼도 더 이상 구하지 못할 것이다, 마법사여. 그는 두 번 다시 동족에게 돌아가지 못하리라.","","False","DIA_Malak_ObsessedByDMT_19_00","",""
"Scripts/Content/Story/B_AssignAmbientInfos/B_NpcObsessedByDMT.d:135","Gib auf, Magier. Du kannst nicht gewinnen.","포기해라, 마법사여. 넌 이길 수 없다.","","False","DIA_Sekob_ObsessedByDMT_19_00","",""
"Scripts/Content/Story/B_AssignAmbientInfos/B_NpcObsessedByDMT.d:144","Kümmere dich nicht um die Schwachen. Sie werden alle von uns geknechtet werden.","약한 자들은 신경 쓰지 마라. 그들은 모두 우리에게 예속될 터이니.","","False","DIA_Randolph_ObsessedByDMT_19_00","",""
"Scripts/Content/Story/B_AssignAmbientInfos/B_Preach_Vatras.d:9","Aber das Licht war eine Qual für Beliar. Und alles, was Innos erschuf, wurde von Beliar zerstört.","그러나 빛은 벨리알에게 고통이었다. 그리고 이노스가 창조한 모든 것은 벨리알에 의해 파괴되었다.","","False","DIA_Vatras_PREACH_05_00","",""
"Scripts/Content/Story/B_AssignAmbientInfos/B_Preach_Vatras.d:14","Adanos aber sah, dass so nichts sein konnte. Kein Licht und keine Dunkelheit.","아다노스는 그러나 이대로는 아무것도 존재할 수 없음을 보았다. 빛도 어둠도 없음을.","","False","DIA_Vatras_PREACH_05_01","",""
"Scripts/Content/Story/B_AssignAmbientInfos/B_Preach_Vatras.d:19","Und so stellte er sich zwischen seine Brüder, um ihren Streit zu schlichten. Und es gelang ihm nicht.","그리하여 그는 형제들 사이에 서서 그들의 다툼을 중재하려 했다. 그러나 성공하지 못했다.","","False","DIA_Vatras_PREACH_05_02","",""
"Scripts/Content/Story/B_AssignAmbientInfos/B_Preach_Vatras.d:24","Aber dort, wo Adanos stand, ward ein Ort, an dem Innos und Beliar keine Macht hatten.","하지만 아다노스가 서 있던 곳에는 이노스와 벨리알이 힘을 쓰지 못하는 장소가 생겨났다.","","False","DIA_Vatras_PREACH_05_03","",""
"Scripts/Content/Story/B_AssignAmbientInfos/B_Preach_Vatras.d:29","Und an diesem Ort waren Ordnung und Chaos zugleich. Und so ward das Meer erschaffen.","그리고 그곳에는 질서와 혼돈이 공존했다. 그리하여 바다가 창조되었다.","","False","DIA_Vatras_PREACH_05_04","",""
"Scripts/Content/Story/B_AssignAmbientInfos/B_Preach_Vatras.d:34","Und das Meer gab das Land frei. Und es entstanden alle Wesen. Bäume wie Tiere. Wölfe wie Schafe. Und zuletzt entstand der Mensch.","그리고 바다는 땅을 내어주었다. 그러자 모든 피조물이 생겨났다. 나무와 동물들. 늑대와 양들. 그리고 마침내 인간이 생겨났다.","","False","DIA_Vatras_PREACH_05_05","",""
"Scripts/Content/Story/B_AssignAmbientInfos/B_Preach_Vatras.d:39","Und Adanos gefiel, was entstanden war. Und er erfreute sich an allen Wesen gleichermaßen.","아다노스는 창조된 것들을 마음에 들어 했다. 그리고 모든 피조물을 똑같이 아꼈다.","","False","DIA_Vatras_PREACH_05_06","",""
"Scripts/Content/Story/B_AssignAmbientInfos/B_Preach_Vatras.d:44","Aber so groß war der Zorn Beliars, dass er über das Land kam und das Tier erwählte. Und Beliar sprach zu ihm. Und das Tier ward ihm Untertan.","그러나 벨리알의 분노는 너무나 커서 그는 땅으로 내려와 야수를 택했다. 그리고 벨리알이 그에게 말했다. 그러자 야수는 그의 신하가 되었다.","","False","DIA_Vatras_PREACH_05_07","",""
"Scripts/Content/Story/B_AssignAmbientInfos/B_Preach_Vatras.d:49","Und Beliar verlieh ihm einen Teil seiner göttlichen Macht, auf dass es das Land zerstöre.","벨리알은 그에게 신성한 힘의 일부를 부여하여 대지를 파괴하게 했다.","","False","DIA_Vatras_PREACH_05_08","",""
"Scripts/Content/Story/B_AssignAmbientInfos/B_Preach_Vatras.d:54","Aber Innos sah, was geschehen war. Und auch er betrat das Land und er erwählte den Menschen. Und Innos sprach zu ihm. Und der Mensch ward ihm Untertan.","그러나 이노스는 일어난 일을 보았다. 그 역시 대지로 발걸음을 옮겨 인간을 택했다. 그리고 이노스가 그에게 말했다. 그러자 인간은 그의 신하가 되었다.","","False","DIA_Vatras_PREACH_05_09","",""
"Scripts/Content/Story/B_AssignAmbientInfos/B_Preach_Vatras.d:59","Und Innos verlieh ihm einen Teil seiner göttlichen Macht, auf dass er dem Wirken Beliars Einhalt gebiete.","이노스는 그에게 신성한 힘의 일부를 부여하여 벨리알의 행보를 저지하게 했다.","","False","DIA_Vatras_PREACH_05_10","",""
"Scripts/Content/Story/B_AssignAmbientInfos/B_Preach_Vatras.d:64","Und Beliar sprach zu einem weiteren Wesen. Aber Adanos ließ die Flut kommen, und das Wesen wurde fortgespült von der Erde.","벨리알은 또 다른 피조물에게 말을 건넸다. 그러나 아다노스는 홍수를 일으켰고, 그 피조물은 대지에서 씻겨 나갔다.","","False","DIA_Vatras_PREACH_05_11","",""
"Scripts/Content/Story/B_AssignAmbientInfos/B_Preach_Vatras.d:69","Aber mit ihm fortgespült wurden Bäume und Tiere. Und Adanos überkam eine tiefe Trauer.","하지만 그와 함께 나무와 동물들도 휩쓸려 나갔다. 아다노스는 깊은 슬픔에 잠겼다.","","False","DIA_Vatras_PREACH_05_12","",""
"Scripts/Content/Story/B_AssignAmbientInfos/B_Preach_Vatras.d:74","Und so sprach Adanos zu seinen Brüdern: Nie mehr sollt ihr mein Land betreten. Denn es ist heilig. Und so soll es sein.","그리하여 아다노스가 형제들에게 말했다. 다시는 내 땅에 발을 들이지 말라. 이곳은 신성하니. 그러할지니라.","","False","DIA_Vatras_PREACH_05_13","",""
"Scripts/Content/Story/B_AssignAmbientInfos/B_Preach_Vatras.d:79","Aber der Mensch und das Tier führten Krieg auf dem Land Adanos'. Und der Zorn der Götter war mit ihnen.","그러나 인간과 야수는 아다노스의 땅에서 전쟁을 벌였다. 신들의 분노가 그들과 함께했다.","","False","DIA_Vatras_PREACH_05_14","",""
"Scripts/Content/Story/B_AssignAmbientInfos/B_Preach_Vatras.d:84","Und der Mensch erschlug das Tier und es ging ein in Beliars Reich.","인간은 야수를 죽였고 야수는 벨리알의 영역으로 들어갔다.","","False","DIA_Vatras_PREACH_05_15","",""
"Scripts/Content/Story/B_AssignAmbientInfos/B_Preach_Vatras.d:89","Adanos aber sah, dass nun Ordnung und Chaos ungleich waren und er bat Innos, dem Menschen seine göttliche Macht zu nehmen.","아다노스는 이제 질서와 혼돈의 균형이 깨진 것을 보고 이노스에게 인간에게서 신성한 힘을 거두어 달라고 청했다.","","False","DIA_Vatras_PREACH_05_16","",""
"Scripts/Content/Story/B_AssignAmbientInfos/B_Preach_Vatras.d:94","Und Innos, in seiner Weisheit, tat es.","그리고 이노스는 그의 지혜로 그렇게 했다.","","False","DIA_Vatras_PREACH_05_17","",""
"Scripts/Content/Story/B_AssignAmbientInfos/B_Preach_Vatras.d:99","Aber Adanos fürchtete sich vor dem Tag, an dem das Tier auf das Land zurückkehren würde.","그러나 아다노스는 야수가 대지로 돌아올 날을 두려워했다.","","False","DIA_Vatras_PREACH_05_18","",""
"Scripts/Content/Story/B_AssignAmbientInfos/B_Preach_Vatras.d:104","Und so bat er Innos, jenen Teil seiner Macht in seinem Reiche zu belassen, auf dass er sie dem Menschen wiedergebe, falls das Tier zurückkehren sollte.","그리하여 그는 이노스에게 자신의 영역에 그 힘의 일부를 남겨달라고 청하여, 야수가 돌아올 경우 인간에게 그것을 돌려주려 했다.","","False","DIA_Vatras_PREACH_05_19","",""
"Scripts/Content/Story/B_AssignAmbientInfos/B_Preach_Vatras.d:109","Und Innos, in seiner Weisheit, tat es.","그리고 이노스는 그의 지혜로 그렇게 했다.","","False","DIA_Vatras_PREACH_05_20","",""
"Scripts/Content/Story/B_AssignAmbientInfos/B_Urshak.d:48","(agressiv) KHROTOK JABARTH!!!","(적대적으로) 크로토크 자바르!!!","","False","DIA_Urshak_HALLO_18_00","",""
"Scripts/Content/Story/B_AssignAmbientInfos/B_Urshak.d:49","Warte! Ich dich wieder erkennen. Du Freund Mensch mit weicher Stimme.","기다려! 나 너 알아보겠다. 부드러운 목소리의 인간 친구.","","False","DIA_Urshak_HALLO_18_01","",""
"Scripts/Content/Story/B_AssignAmbientInfos/B_Urshak.d:50","Freund töten bösen Dämon KRUSHAK.","친구 사악한 악마 크루샤크 죽였다.","","False","DIA_Urshak_HALLO_18_02","",""
"Scripts/Content/Story/B_AssignAmbientInfos/B_Urshak.d:59","Was machst du hier?","여기서 뭐 하는 거지?","","False","DIA_Urshak_HALLO_Info.DIA_Urshak_HALLO.DIA_Urshak_HALLO_freund","Info_AddChoice",""
"Scripts/Content/Story/B_AssignAmbientInfos/B_Urshak.d:60","Ein sprechender Ork?","말하는 오크라고?","","False","DIA_Urshak_HALLO_Info.DIA_Urshak_HALLO.DIA_Urshak_HALLO_wer","Info_AddChoice",""
"Scripts/Content/Story/B_AssignAmbientInfos/B_Urshak.d:65","Ein sprechender Ork?","말하는 오크라고?","","False","DIA_Urshak_HALLO_wer_15_00","",""
"Scripts/Content/Story/B_AssignAmbientInfos/B_Urshak.d:66","Du vergessen Ur-Shak? Machen traurig mich.","우르-샤크 오블리비언? 나 슬프다.","","False","DIA_Urshak_HALLO_wer_18_01","",""
"Scripts/Content/Story/B_AssignAmbientInfos/B_Urshak.d:67","Ur-Shak helfen Freund viele Tage vorher zu bekommen ULU-MULU für Gehen in mein Dorf. So Orks respektieren Freund und Freund nicht sterben durch Hand von Orks.","우르-샤크 옛날에 친구가 내 마을 가기 위한 울루-물루 구하도록 도와줬다. 그래서 오크들 친구 존중하고 친구가 오크 손에 안 죽었다.","","False","DIA_Urshak_HALLO_wer_18_02","",""
"Scripts/Content/Story/B_AssignAmbientInfos/B_Urshak.d:68","Freund dann gehen in tiefen Orktempel und verbannen bösen Dämon. Viele Tage vorher. Du nicht mehr wissen?","그때 친구 깊은 오크 사원 들어가서 사악한 악마 추방했다. 옛날 일이다. 기억 안 나나?","","False","DIA_Urshak_HALLO_wer_18_03","",""
"Scripts/Content/Story/B_AssignAmbientInfos/B_Urshak.d:73","Du hast dir einen merkwürdigen Zeitpunkt ausgesucht, mir über den Weg zu laufen. Fast hätte ich dich getötet. Was machst du hier?","내 길을 가로막기에 아주 기가 막힌 때를 골랐군. 하마터면 널 죽일 뻔했어. 여기서 뭐 하는 거냐?","","False","DIA_Urshak_HALLO_freund_15_00","",""
"Scripts/Content/Story/B_AssignAmbientInfos/B_Urshak.d:74","Ur-Shak schauen über Land und sehen, was aus Land und mein Volk geworden.","우르-샤크 대지 둘러보고 이 땅이랑 내 동족이 어찌 되었는지 보려고 왔다.","","False","DIA_Urshak_HALLO_freund_18_01","",""
"Scripts/Content/Story/B_AssignAmbientInfos/B_Urshak.d:87","Warum greifen die Orks die Menschen an?","어째서 오크들이 인간들을 공격하는 거지?","","False","DIA_Urshak_WASMACHENORKS.description","",""
"Scripts/Content/Story/B_AssignAmbientInfos/B_Urshak.d:101","Warum greifen die Orks die Menschen an?","어째서 오크들이 인간들을 공격하는 거지?","","False","DIA_Urshak_WASMACHENORKS_15_00","",""
"Scripts/Content/Story/B_AssignAmbientInfos/B_Urshak.d:102","Ur-Shak immer sagen zu Volk der Orks, dass Menschen nicht böse und geben viele gute Freunde dort.","우르-샤크 언제나 오크 동족들에게 인간들 나쁘지 않고 좋은 친구 많다고 말해줬다.","","False","DIA_Urshak_WASMACHENORKS_18_01","",""
"Scripts/Content/Story/B_AssignAmbientInfos/B_Urshak.d:103","Aber Schamane nicht hören auf Ur-Shak. Ur-Shak immer noch in Ungnade bei meinem Volk.","하지만 주술사 내 말 안 들었다. 우르-샤크 아직도 우리 종족한테 눈 밖에 났다.","","False","DIA_Urshak_WASMACHENORKS_18_02","",""
"Scripts/Content/Story/B_AssignAmbientInfos/B_Urshak.d:104","So Ur-Shak auch nicht genau wissen, was ist großer Plan von Krieg gegen Menschen.","그래서 우르-샤크도 인간과의 전쟁이라는 큰 계획이 뭔지 정확히는 모른다.","","False","DIA_Urshak_WASMACHENORKS_18_03","",""
"Scripts/Content/Story/B_AssignAmbientInfos/B_Urshak.d:117","Warum seid ihr auf einmal so viele?","어째서 너희는 갑자기 이렇게 수가 많아진 거지?","","False","DIA_Urshak_SOVIELE.description","",""
"Scripts/Content/Story/B_AssignAmbientInfos/B_Urshak.d:131","Warum seid ihr auf einmal so viele?","어째서 너희는 갑자기 이렇게 수가 많아진 거지?","","False","DIA_Urshak_SOVIELE_15_00","",""
"Scripts/Content/Story/B_AssignAmbientInfos/B_Urshak.d:132","Orks kommen aus den Bergen. Andere aber kamen mit Schiff und machten großen Zaun.","오크들 산에서 왔다. 다른 자들은 배 타고 와서 큰 울타리 만들었다.","","False","DIA_Urshak_SOVIELE_18_01","",""
"Scripts/Content/Story/B_AssignAmbientInfos/B_Urshak.d:144","Was verbirgt sich hinter dem langen Orkzaun im Osten?","동쪽에 있는 길쭉한 오크 울타리 뒤에는 뭐가 있지?","","False","DIA_Urshak_ZAUN.description","",""
"Scripts/Content/Story/B_AssignAmbientInfos/B_Urshak.d:158","Was verbirgt sich hinter dem langen Orkzaun im Osten?","동쪽에 있는 길쭉한 오크 울타리 뒤에는 뭐가 있지?","","False","DIA_Urshak_ZAUN_15_00","",""
"Scripts/Content/Story/B_AssignAmbientInfos/B_Urshak.d:159","Orks immer errichten großen Zaun und Heimatlager für Krieg.","오크들 언제나 전쟁용 큰 울타리랑 고향 캠프 세운다.","","False","DIA_Urshak_ZAUN_18_01","",""
"Scripts/Content/Story/B_AssignAmbientInfos/B_Urshak.d:160","Zaun gut für Krieg. Verbergen Stärke von Orkarmee und dienen als Schutz.","울타리 전쟁에 좋다. 오크 군대 힘 숨기고 보호해 준다.","","False","DIA_Urshak_ZAUN_18_02","",""
"Scripts/Content/Story/B_AssignAmbientInfos/B_Urshak.d:172","Was hast du jetzt vor?","이제 어쩔 셈이지?","","False","DIA_Urshak_WASHASTDUVOR.description","",""
"Scripts/Content/Story/B_AssignAmbientInfos/B_Urshak.d:186","Was hast du jetzt vor?","이제 어쩔 셈이지?","","False","DIA_Urshak_WASHASTDUVOR_15_00","",""
"Scripts/Content/Story/B_AssignAmbientInfos/B_Urshak.d:187","Ur-Shak warten auf Orkspähtrupp, zu bringen Ur-Shak zu Hosh-Pak.","우르-샤크 오크 정찰병 기다린다. 오크 정찰병이 우르-샤크를 호쉬-팍에게 데려다줄 거다.","","False","DIA_Urshak_WASHASTDUVOR_18_01","",""
"Scripts/Content/Story/B_AssignAmbientInfos/B_Urshak.d:188","Wer ist Hosh-Pak?","호쉬-팍이 누구지?","","False","DIA_Urshak_WASHASTDUVOR_15_02","",""
"Scripts/Content/Story/B_AssignAmbientInfos/B_Urshak.d:189","Seien sehr große Schamane. Haben großen Einfuss auf Krieger und machen große Pläne für Orks.","아주 위대한 주술사다. 전사들에게 영향력 엄청나고 오크들 위해 큰 계획 세운다.","","False","DIA_Urshak_WASHASTDUVOR_18_03","",""
"Scripts/Content/Story/B_AssignAmbientInfos/B_Urshak.d:196","Wo finde ich diesen Hosh-Pak?","그 호쉬-팍은 어디서 찾을 수 있지?","","False","DIA_Urshak_WASHASTDUVOR_Info.DIA_Urshak_WASHASTDUVOR.DIA_Urshak_WASHASTDUVOR_","Info_AddChoice",""
"Scripts/Content/Story/B_AssignAmbientInfos/B_Urshak.d:197","Warum gehst du nicht zu Ihm?","그럼 왜 그에게 직접 가지 않는 거지?","","False","DIA_Urshak_WASHASTDUVOR_Info.DIA_Urshak_WASHASTDUVOR.DIA_Urshak_WASHASTDUVOR_hoshpak","Info_AddChoice",""
"Scripts/Content/Story/B_AssignAmbientInfos/B_Urshak.d:202","Warum gehst du nicht zu ihm??","왜 그에게 직접 가지 않는 거냐?","","False","DIA_Urshak_WASHASTDUVOR_hoshpak_15_00","",""
"Scripts/Content/Story/B_AssignAmbientInfos/B_Urshak.d:203","Ur-Shak immer wieder versuchen zu bekommen wieder Würde und alten Platz im Rat der Schamane.","우르-샤크는 명예와 주술사 평의회에서의 옛 지위를 되찾으려고 계속 노력하고 있다.","","False","DIA_Urshak_WASHASTDUVOR_hoshpak_18_01","",""
"Scripts/Content/Story/B_AssignAmbientInfos/B_Urshak.d:204","Aber bis heute Hosh-Pak nicht erhören Ur-Shak. Orks töten Ur-Shak, wenn sehen ohne Spähtrupp. Ur-Shak müssen sprechen mit Hosh-Pak.","하지만 지금까지 호쉬-팍은 우르-샤크의 말을 들어주지 않는다. 정찰병 없이 보이면 오크들이 우르-샤크를 죽일 것이다. 우르-샤크는 호쉬-팍과 이야기해야만 한다.","","False","DIA_Urshak_WASHASTDUVOR_hoshpak_18_02","",""
"Scripts/Content/Story/B_AssignAmbientInfos/B_Urshak.d:205","Vielleicht haben Glück heute.","오늘은 운이 좋을지도 모른다.","","False","DIA_Urshak_WASHASTDUVOR_hoshpak_18_03","",""
"Scripts/Content/Story/B_AssignAmbientInfos/B_Urshak.d:210","Wo finde ich diesen Hosh-Pak?","그 호쉬-팍이라는 자는 어디서 찾을 수 있지?","","False","DIA_Urshak_WASHASTDUVOR_Urshak_15_00","",""
"Scripts/Content/Story/B_AssignAmbientInfos/B_Urshak.d:211","Haben Aussichtsplatz über Burg bei großen Vulkan. So Hosh-Pak kann kontrollieren Orkkrieger.","커다란 화산 옆의 요새 위에 오크 전사들을 감시할 수 있는 전망대가 있다. 호쉬-팍은 거기에 있다.","","False","DIA_Urshak_WASHASTDUVOR_Urshak_18_01","",""
"Scripts/Content/Story/B_AssignAmbientInfos/B_Urshak.d:228","Hosh-Pak ist tot.","호쉬-팍이 죽었다.","","False","DIA_Urshak_HOSHPAKDEAD.description","",""
"Scripts/Content/Story/B_AssignAmbientInfos/B_Urshak.d:243","Hosh-Pak ist tot.","호쉬-팍이 죽었다.","","False","DIA_Urshak_HOSHPAKDEAD_15_00","",""
"Scripts/Content/Story/B_AssignAmbientInfos/B_Urshak.d:244","Hosh-Pak tot? RUSHTASOK!","호쉬-팍이 죽다니? 루쉬타속!","","False","DIA_Urshak_HOSHPAKDEAD_18_01","",""
"Scripts/Content/Story/B_AssignAmbientInfos/B_Urshak.d:245","Mein Herz tragen schwere Last. Ur-Shak niemals vergessen großer Ork gegeben Ur-Shak Würde von Schamane.","내 마음이 무거운 짐을 짊어지고 있구나. 우르-샤크에게 주술사의 명예를 준 위대한 오크를 우르-샤크는 결코 잊지 않겠다.","","False","DIA_Urshak_HOSHPAKDEAD_18_02","",""
"Scripts/Content/Story/B_AssignAmbientInfos/B_Urshak.d:246","Ich verstehe. Hosh-Pak war dein Mentor.","알겠어. 호쉬-팍은 네 스승이었군.","","False","DIA_Urshak_HOSHPAKDEAD_15_03","",""
"Scripts/Content/Story/B_AssignAmbientInfos/B_Urshak.d:247","Ur-Shak muss nun tragen Bürde der Trauer und bringen Hosh-Pak letzte Ehre. Ur-Shak müssen gehen.","우르-샤크는 이제 슬픔의 짐을 지고 호쉬-팍에게 마지막 예식을 치러주어야 한다. 우르-샤크는 가봐야겠다.","","False","DIA_Urshak_HOSHPAKDEAD_18_04","",""
"Scripts/Content/Story/B_AssignAmbientInfos/B_Urshak.d:248","Freund besser gehen über Pass. Hier zu gefährlich.","친구는 패스를 넘어가는 게 좋겠다. 여긴 너무 위험하다.","","False","DIA_Urshak_HOSHPAKDEAD_18_05","",""
"Scripts/Content/Story/B_AssignAmbientInfos/B_Urshak.d:249","Ur-Shak traurig, wenn Freundmensch auch sterben.","인간 친구마저 죽는다면 우르-샤크는 슬플 것이다.","","False","DIA_Urshak_HOSHPAKDEAD_18_06","",""
"Scripts/Content/Story/B_AssignAmbientInfos/B_Urshak.d:285","Freund besser gehen jetzt über Pass.","친구는 이제 패스를 넘어가는 게 좋겠다.","","False","DIA_Urshak_GEH_18_00","",""
"Scripts/Content/Story/B_AssignAmbientInfos/B_Urshak.d:313","(agressiv) KHROTOK! Ich erfahren du dabei als Hosh-Pak getötet. Du begehen großer Fehler, Fremder.","(공격적으로) 크로토크! 호쉬-팍이 죽을 때 네가 함께 있었다는 걸 들었다. 넌 큰 실수를 저지른 것이다, 이방인.","","False","DIA_Urshak_HOSHPAKRACHE_18_00","",""
"Scripts/Content/Story/B_AssignAmbientInfos/B_Urshak.d:314","Ich sehe, du hast hier seinen Platz eingenommen. Du hast mir nur was vorgemacht.","네가 여기서 그의 자리를 차지한 거로군. 날 속였던 거야.","","False","DIA_Urshak_HOSHPAKRACHE_15_01","",""
"Scripts/Content/Story/B_AssignAmbientInfos/B_Urshak.d:315","Deine Stellung bei deinem Volk ist höher als du zugeben wolltest. Du bist jetzt auch nichts anderes mehr als ein Werkzeug des Bösen.","동족 내에서의 네 지위는 네가 인정하려던 것보다 훨씬 높았어. 넌 이제 악의 도구에 불과해.","","False","DIA_Urshak_HOSHPAKRACHE_15_02","",""
"Scripts/Content/Story/B_AssignAmbientInfos/B_Urshak.d:316","Fremder haben Recht. Ur-Shak nur noch erfüllt von Hass und Rache.","이방인 말이 맞다. 우르-샤크는 이제 증오와 복수심으로만 가득 차 있다.","","False","DIA_Urshak_HOSHPAKRACHE_18_03","",""
"Scripts/Content/Story/B_AssignAmbientInfos/B_Urshak.d:317","Ur-Shak erkennen großen Fehler zu vertrauen bösen Menschen. Zu nennen Freund und helfen nicht zu werden getötet Ur-Shak zutiefst bedauern.","사악한 인간을 믿은 것이 우르-샤크의 큰 실수였다. 인간을 친구라 부르고 죽지 않게 도와준 것을 우르-샤크는 뼈저리게 후회한다.","","False","DIA_Urshak_HOSHPAKRACHE_18_04","",""
"Scripts/Content/Story/B_AssignAmbientInfos/B_Urshak.d:318","Fremder endlich verlassen Tal und gehen über Pass. Urshak Fremder nicht können töten jetzt. Ehre der Schamanen Ur-Shak befehlen so zu handeln.","이방인은 이제 계곡을 떠나 패스를 넘어가라. 우르-샤크는 지금 당장 이방인을 죽일 수는 없다. 주술사의 명예가 그렇게 행동하라고 명한다.","","False","DIA_Urshak_HOSHPAKRACHE_18_05","",""
"Scripts/Content/Story/B_AssignAmbientInfos/B_Urshak.d:319","Bei nächster Begegnung wir Feinde sein werden. Du besser jetzt gehen.","다음에 만날 때 우리는 적이 될 것이다. 지금 떠나는 게 좋을 거다.","","False","DIA_Urshak_HOSHPAKRACHE_18_06","",""
"Scripts/Content/Story/B_AssignAmbientInfos/B_Urshak.d:349","Du gehen. Ich nicht mehr mit Fremder reden.","가라. 난 이방인과 더 할 말 없다.","","False","DIA_Urshak_KEINEWAHL_18_00","",""
"Scripts/Content/Story/B_AssignAmbientInfos/B_Video.d:8","Ein einzelner Gefangener hatte das Schicksal von hunderten geändert.","단 한 명의 죄수가 수백 명의 운명을 바꾸어 놓았다.","","False","INTRO_Xardas_Speech_14_00","",""
"Scripts/Content/Story/B_AssignAmbientInfos/B_Video.d:9","Aber er zahlte dafür einen hohen Preis...","하지만 그는 그 대가로 너무나 큰 값을 치러야 했다...","","False","INTRO_Xardas_Speech_14_01","",""
"Scripts/Content/Story/B_AssignAmbientInfos/B_Video.d:10","Er hatte den Schläfer besiegt, die Barriere zerstört...","그는 슬레이퍼를 쓰러뜨렸고, 장벽을 파괴했다...","","False","INTRO_Xardas_Speech_14_02","",""
"Scripts/Content/Story/B_AssignAmbientInfos/B_Video.d:11","...doch während alle anderen Gefangenen entkamen, blieb er in den Trümmern zurück...","...하지만 다른 모든 죄수들이 탈출하는 동안, 그는 폐허 속에 남겨졌다...","","False","INTRO_Xardas_Speech_14_03","",""
"Scripts/Content/Story/B_AssignAmbientInfos/B_Video.d:12","Ich war es, der ihn gegen den Schläfer endsandte.","그를 슬레이퍼와 맞서게 보낸 것은 바로 나였다.","","False","INTRO_Xardas_Speech_14_04","",""
"Scripts/Content/Story/B_AssignAmbientInfos/B_Video.d:13","Ich bin es, der ihn jetzt von dort zurückholt.","그리고 그를 그곳에서 다시 데려오는 것도 바로 나다.","","False","INTRO_Xardas_Speech_14_05","",""
"Scripts/Content/Story/B_AssignAmbientInfos/B_Video.d:14","Er ist schwach, und er hat vieles vergessen.","그는 약하고, 많은 것을 잊었다.","","False","INTRO_Xardas_Speech_14_06","",""
"Scripts/Content/Story/B_AssignAmbientInfos/B_Video.d:15","Aber er ist am leben...","하지만 그는 살아 있다...","","False","INTRO_Xardas_Speech_14_07","",""
"Scripts/Content/Story/B_AssignAmbientInfos/B_Video.d:16","Er ist - zurück!","그가 - 돌아왔다!","","False","INTRO_Xardas_Speech_14_08","",""
"Scripts/Content/Story/B_AssignAmbientInfos/B_Video.d:19","Natürlich ist er noch am Leben. Was glaubst du denn?","(모닥불가에서) 당연히 살아 있지. 뭘 그렇게 놀라나?","","False","INTRO_DiegoGorn_12_00","",""
"Scripts/Content/Story/B_AssignAmbientInfos/B_Video.d:20","Wollen wir es hoffen...","그러길 바래야지...","","False","INTRO_DiegoGorn_11_01","",""
"Scripts/Content/Story/B_AssignAmbientInfos/B_Video.d:21","Spürst du das?","(지진이 일어남) 이거 느껴져?","","False","INTRO_DiegoGorn_12_02","",""
"Scripts/Content/Story/B_AssignAmbientInfos/B_Video.d:22","Was?","뭐가?","","False","INTRO_DiegoGorn_11_03","",""
"Scripts/Content/Story/B_AssignAmbientInfos/B_Video.d:23","Der Boden...","땅이...","","False","INTRO_DiegoGorn_12_04","",""
"Scripts/Content/Story/B_AssignAmbientInfos/B_Video.d:26","(verwundert) Xardas! Was ...","(놀라며) 자다스! 무슨...","","False","Extro_Tempel_15_01","",""
"Scripts/Content/Story/B_AssignAmbientInfos/B_Video.d:27","(murrt) Jetzt nicht...","(툴툴거리며) 지금은 안 된다...","","False","Extro_Tempel_14_02","",""
"Scripts/Content/Story/B_AssignAmbientInfos/B_Video.d:28","(schreit fanatisch) Ich bin bereit... erwähle mich! Jaaa...","(광적으로 외치며) 난 준비되었다... 나를 선택해라! 그래...","","False","Extro_Tempel_14_03","",""
"Scripts/Content/Story/B_AssignAmbientInfos/B_Video.d:29","(zu sich selbst) Wo ist er hin?","(혼잣말로) 어디로 간 거지?","","False","Extro_Tempel_15_04","",""
"Scripts/Content/Story/B_AssignAmbientInfos/B_Video.d:32","(zitiert) Und der Mensch erschlug das Tier und es ging ein in Beliars Reich...","(인용하며) 그리고 인간이 짐승을 도륙하니, 그 짐승은 벨리알의 영토로 들어갔도다...","","False","OUTRO_Xardas_14_00","",""
"Scripts/Content/Story/B_AssignAmbientInfos/B_Video.d:33","Xardas! Was genau ist im Tempel von Irdorath passiert?","자다스! 이도라트의 신전에서는 정확히 무슨 일이 있었던 거지?","","False","OUTRO_Xardas_15_01","",""
"Scripts/Content/Story/B_AssignAmbientInfos/B_Video.d:34","Du hast mit Innos Hilfe den Avatar des Bösen besiegt.","너는 이노스의 가호를 받아 악의 화신을 물리쳤다.","","False","OUTRO_Xardas_14_02","",""
"Scripts/Content/Story/B_AssignAmbientInfos/B_Video.d:35","Und ich habe seine Macht in mir aufgenommen...","그리고 나는 그 힘을 내 안으로 받아들였지...","","False","OUTRO_Xardas_14_03","",""
"Scripts/Content/Story/B_AssignAmbientInfos/B_Video.d:36","Seit ich den Kreis des Feuers verlassen habe, hatte ich nur dieses eine Ziel.","불의 서클을 떠난 이래로, 내게는 오직 이 하나의 목표뿐이었다.","","False","OUTRO_Xardas_14_04","",""
"Scripts/Content/Story/B_AssignAmbientInfos/B_Video.d:37","Um es zu erreichen habe ich dir geholfen, deine Bestimmung zu erfüllen.","그것을 이루기 위해 나는 네가 네 운명을 성취하도록 도왔던 것이다.","","False","OUTRO_Xardas_14_05","",""
"Scripts/Content/Story/B_AssignAmbientInfos/B_Video.d:38","Was mir im Tempel des Schläfers verwehrt blieb, ist nun endlich geschehen.","슬레이퍼의 신전에서는 내게 허락되지 않았던 일이 이제야 마침내 이루어졌다.","","False","OUTRO_Xardas_14_06","",""
"Scripts/Content/Story/B_AssignAmbientInfos/B_Video.d:39","Beliar hat mich erwählt.","벨리알께서 나를 택하셨다.","","False","OUTRO_Xardas_14_07","",""
"Scripts/Content/Story/B_AssignAmbientInfos/B_Video.d:40","Dann gehorchst du jetzt dem Gott der Finsternis?","그럼 이제 어둠의 신을 따르겠다는 건가?","","False","OUTRO_Xardas_15_08","",""
"Scripts/Content/Story/B_AssignAmbientInfos/B_Video.d:41","Nein. Ich gehorche genauso wenig Beliar, wie du Innos gehorchst!","아니다. 내가 벨리알을 따르는 것은 네가 이노스를 따르는 것만큼이나 없었던 일이다!","","False","OUTRO_Xardas_14_09","",""
"Scripts/Content/Story/B_AssignAmbientInfos/B_Video.d:42","Nicht einmal die Götter wissen, was das Schicksal für uns bereit hält...","신들조차도 운명이 우리에게 무엇을 준비해 두었는지 알지 못한다...","","False","OUTRO_Xardas_14_10","",""
"Scripts/Content/Story/B_AssignAmbientInfos/B_Video.d:43","Und ich beginne gerade erst zu begreifen, welche Möglichkeiten sich mir eröffnen...","그리고 나는 이제야 비로소 내게 어떤 가능성이 열리고 있는지 깨닫기 시작했을 뿐이다...","","False","OUTRO_Xardas_14_11","",""
"Scripts/Content/Story/B_AssignAmbientInfos/B_Video.d:44","Aber eins steht fest. Wir WERDEN uns wiedersehen...","하지만 한 가지는 확실하다. 우리는 다시 만나게 될 것이다...","","False","OUTRO_Xardas_14_12","",""
"Scripts/Content/Story/B_AssignAmbientInfos/B_Video.d:47","(ruft) Wir legen ab!","(소리치며) 닻을 올려라!","","False","OUTRO_Xardas_04_00","",""
"Scripts/Content/Story/B_AssignAmbientInfos/B_Video.d:50","(Späht in die Ferne, sieht was) hmmm?","(멀리 살피며 무언가를 보고) 흠?","","False","Cutscene_Drachen_04_00","",""
"Scripts/Content/Story/B_AssignAmbientInfos/B_Video.d:51","(murmelt) Oh, Scheiße!","(중얼거리며) 오, 젠장!","","False","Cutscene_Drachen_04_01","",""
"Scripts/Content/Story/B_AssignAmbientInfos/B_Video.d:52","(gequältes Husten, Würgen) - (diverse)","(고통스러운 기침, 컥컥거림) - (다양함)","","False","Cutscene_Drachen_04_02","",""
"Scripts/Content/Story/B_AssignAmbientInfos/B_Video.d:53","Aaaargh! (diverse)","크아아악! (다양함)","","False","Cutscene_Drachen_04_03","",""
"Scripts/Content/Story/B_AssignAmbientInfos/B_Video.d:54","(Langezogener Todesschrei, 4 Sekunden)","(길게 늘어지는 죽음의 비명, 4초)","","False","Cutscene_Drachen_04_04","",""
"Scripts/Content/Story/B_AssignAmbientInfos/B_Video.d:57","Schließt das Tor!!! (diverse)","문을 닫아라!!! (다양함)","","False","Cutscene_OrcSturm_04_00","",""
"Scripts/Content/Story/B_AssignAmbientInfos/B_Video.d:58","Haltet sie auf!!! (diverse)","막아라!!! (다양함)","","False","Cutscene_OrcSturm_04_01","",""
"Scripts/Content/Story/B_AssignAmbientInfos/B_Video.d:59","Aaaargh! (diverse)","크아아악! (다양함)","","False","Cutscene_OrcSturm_04_02","",""
"Scripts/Content/Story/B_AssignAmbientInfos/B_Video.d:62","Wir sind überladen. Wir müssen was von dem Gold über Bord werfen.","배가 과적되었어. 금 중 일부를 바다에 내다 버려야 해.","","False","OUTRO_Schiff_12_00","",""
"Scripts/Content/Story/B_AssignAmbientInfos/B_Video.d:63","Finger weg von dem Gold!","그 금에 손대지 마!","","False","OUTRO_Schiff_15_01","",""
"Scripts/Content/Story/B_AssignAmbientInfos/B_Video.d:64","Hör zu, es wäre wirklich besser, wenn wir...","들어봐, 이대로라면 정말...","","False","OUTRO_Schiff_12_02","",""
"Scripts/Content/Story/B_AssignAmbientInfos/B_Video.d:65","Ich will nichts mehr davon hören...","더 이상 그 소리는 듣고 싶지 않아...","","False","OUTRO_Schiff_15_03","",""
"Scripts/Content/Story/B_AssignAmbientInfos/B_Video.d:66","Ich habe gehört, der Krieg mit den Orks steht schlecht...","오크들과의 전쟁이 좋지 않게 흘러가고 있다는 소식을 들었어...","","False","OUTRO_Schiff_11_04","",""
"Scripts/Content/Story/B_AssignAmbientInfos/B_Video.d:67","Und?","그래서?","","False","OUTRO_Schiff_15_05","",""
"Scripts/Content/Story/B_AssignAmbientInfos/B_Video.d:68","Wir werden das ganze Gold vermutlich nirgendwo ausgeben können...","우리가 가진 금을 어디에서도 쓸 수 없게 될지도 몰라...","","False","OUTRO_Schiff_11_06","",""
"Scripts/Content/Story/B_AssignAmbientInfos/B_Video.d:69","Das Gold bleibt an Bord!","금은 배에 둔다!","","False","OUTRO_Schiff_15_07","",""
"Scripts/Content/Story/B_AssignAmbientInfos/B_Video.d:70","Was nützt uns das Gold, wenn wir beim kleinsten Sturm kentern?","조금만 폭풍이 쳐도 배가 뒤집힐 텐데 금이 다 무슨 소용이야?","","False","OUTRO_Schiff_12_08","",""
"Scripts/Content/Story/B_AssignAmbientInfos/B_Video.d:71","Ich sehe aber keinen Sturm...","하지만 폭풍 같은 건 안 보이는데...","","False","OUTRO_Schiff_15_09","",""
"Scripts/Content/Story/B_AssignAmbientInfos/B_Video.d:72","NOCH nicht...","아직은... 말이지.","","False","OUTRO_Schiff_12_10","",""
"Scripts/Content/Story/B_AssignAmbientInfos/B_Video.d:73","Entspann dich! Alles wird gut!","진정해! 다 잘될 거야!","","False","OUTRO_Schiff_15_11","",""
"Scripts/Content/Story/B_AssignAmbientInfos/B_Video.d:76","(erstaunt) ... Menschen?","(놀라며) ...인간들이라고?","","False","DIA_Addon_AddonIntro_15_00","",""
"Scripts/Content/Story/B_AssignAmbientInfos/B_Video.d:77","(abfällig) Menschen sind schwach.","(경멸하듯) 인간은 약하다.","","False","DIA_Addon_AddonIntro_14_01","",""
"Scripts/Content/Story/B_AssignAmbientInfos/B_Video.d:78","(abfällig) Nur allzu leicht erliegen sie den Verlockungen des Bösen.","(경멸하듯) 그들은 악의 유혹에 너무나도 쉽게 굴복하지.","","False","DIA_Addon_AddonIntro_14_02","",""
"Scripts/Content/Story/B_AssignAmbientInfos/B_Video.d:79","Dabei lassen sie sich mit Mächten ein, die sie nicht verstehen, geschweige denn kontrollieren können.","그러면서 자신들이 이해조차 하지 못하고, 통제할 수도 없는 힘에 손을 대고 있어.","","False","DIA_Addon_AddonIntro_14_03","",""
"Scripts/Content/Story/B_AssignAmbientInfos/B_Video.d:80","Jene, die standhaft im Glauben sind, haben den Kampf gegen den Feind bereits begonnen.","신념이 확고한 자들은 이미 적과의 싸움을 시작했다.","","False","DIA_Addon_AddonIntro_14_04","",""
"Scripts/Content/Story/B_AssignAmbientInfos/B_Video.d:83","Nach dem Fall der Barriere und der Verbannung des Schläfers ist Beliars Zorn noch größer geworden!","장벽의 붕괴와 슬레이퍼의 추방 이후, 벨리알의 분노는 더욱 커졌다!","","False","DIA_Addon_Xardas_AddonIntro_Add_14_00","",""
"Scripts/Content/Story/B_AssignAmbientInfos/B_Video.d:84","Ein mächtiges Artefakt, so steht es in den alten Schriften, wird wieder auf diese Welt zurückgeholt werden.","오래된 문서에 따르면, 강력한 유물이 이 세상으로 다시 불려올 것이라 한다.","","False","DIA_Addon_Xardas_AddonIntro_Add_14_01","",""
"Scripts/Content/Story/B_AssignAmbientInfos/B_Video.d:85","(zitiert) 'Wenn der Gott der Finsternis seine Schergen auf die Suche schickt'","(인용하며) '어둠의 신이 그의 수하들을 보내 찾아 헤맬 때'","","False","DIA_Addon_Xardas_AddonIntro_Add_14_02","",""
"Scripts/Content/Story/B_AssignAmbientInfos/B_Video.d:86","Und genau das ist geschehen.","그리고 정확히 그 일이 일어났다.","","False","DIA_Addon_Xardas_AddonIntro_Add_14_03","",""
"Scripts/Content/Story/B_AssignAmbientInfos/B_Video.d:87","Diese Suche - hat längst begonnen!","그 탐색은 - 이미 오래전에 시작되었다!","","False","DIA_Addon_Xardas_AddonIntro_Add_14_04","",""
"Scripts/Content/Story/B_AssignAmbientInfos/B_Video.d:88","Beliars Schergen entweihen bei ihrer Suche die ältesten Heiligtümer der Götter.","벨리알의 수하들은 그 유물을 찾는 과정에서 신들의 가장 오래된 성소들을 더럽히고 있다.","","False","DIA_Addon_Xardas_AddonIntro_Add_14_05","",""
"Scripts/Content/Story/B_AssignAmbientInfos/B_Video.d:89","Beliars Schergen entweihen die ältesten Heiligtümer der Götter.","벨리알의 수하들은 신들의 가장 오래된 성소들을 더럽히고 있다.","","False","DIA_Addon_Xardas_AddonIntro_Add_14_06","",""
"Scripts/Content/Story/B_AssignAmbientInfos/B_Video.d:90","Die Wächter dieser heiligen Orte sind erwacht. Und ihr Zorn - läßt die Erde erbeben!","이 신성한 장소들의 수호자들이 깨어났다. 그리고 그들의 분노는 - 대지를 뒤흔들고 있다!","","False","DIA_Addon_Xardas_AddonIntro_Add_14_07","",""
"Scripts/Content/Story/B_AssignAmbientInfos/B_Video.d:91","Alle mächtigen Magier auf dieser Insel spüren diesen Zorn.","이 섬의 모든 강력한 마법사들은 이 분노를 느끼고 있다.","","False","DIA_Addon_Xardas_AddonIntro_Add_14_08","",""
"Scripts/Content/Story/B_AssignAmbientInfos/B_Video.d:92","Und einige von ihnen sind mit Sicherheit schon dabei, der Bedrohung entgegenzutreten.","그리고 그들 중 일부는 틀림없이 이 위협에 맞서기 시작했을 것이다.","","False","DIA_Addon_Xardas_AddonIntro_Add_14_09","",""
"Scripts/Content/Story/B_Content/B_IrrlichtBeep.d:3","(summ)","(콧노래)","","False","DIA_Wisp_15_00","",""
"Scripts/Content/Story/B_Content/B_LieselMaeh.d:3","Määäh!","메에에!","","False","DIA_Liesel_15_00","",""
"Scripts/Content/Story/Dialoge/DIA_Addon_WispDetector.d:3","Folge mir einfach.","그냥 날 따라와.","","False","DIA_Addon_WispDetector_FollowMe_Wisp_15_00","",""
"Scripts/Content/Story/Dialoge/DIA_Addon_WispDetector.d:40","Such' mir etwas!","뭘 좀 찾아봐!","","False","DIA_Addon_WispDetector_DetectItems.description","",""
"Scripts/Content/Story/Dialoge/DIA_Addon_WispDetector.d:50","Such mir etwas!","내게 뭔가를 찾아줘!","","False","DIA_Addon_WispDetector_DetectItems_15_00","",""
"Scripts/Content/Story/Dialoge/DIA_Addon_WispDetector.d:54","Folge mir einfach.","그냥 날 따라와.","","False","DIA_Addon_WispDetector_DetectItems_Info.DIA_Addon_WispDetector_DetectItems.DIA_Addon_WispDetector_DetectItems_Follow","Info_AddChoice",""
"Scripts/Content/Story/Dialoge/DIA_Addon_WispDetector.d:58","Ich brauche Runen und Schriftrollen.","룬과 주문서가 필요해.","","False","DIA_Addon_WispDetector_DetectItems_Info.DIA_Addon_WispDetector_DetectItems.DIA_Addon_WispDetector_DetectItems_RUNE","Info_AddChoice",""
"Scripts/Content/Story/Dialoge/DIA_Addon_WispDetector.d:63","Ich brauche Gold, Schlüssel und Gebrauchsgegenstände","금, 열쇠, 그리고 도구들이 필요해.","","False","DIA_Addon_WispDetector_DetectItems_Info.DIA_Addon_WispDetector_DetectItems.DIA_Addon_WispDetector_DetectItems_NONE","Info_AddChoice",""
"Scripts/Content/Story/Dialoge/DIA_Addon_WispDetector.d:68","Ich brauche Fernkampfwaffen und Munition.","원거리 무기와 탄약이 필요해.","","False","DIA_Addon_WispDetector_DetectItems_Info.DIA_Addon_WispDetector_DetectItems.DIA_Addon_WispDetector_DetectItems_FF","Info_AddChoice",""
"Scripts/Content/Story/Dialoge/DIA_Addon_WispDetector.d:73","Ich brauche Nahkampfwaffen.","근접 무기가 필요해.","","False","DIA_Addon_WispDetector_DetectItems_Info.DIA_Addon_WispDetector_DetectItems.DIA_Addon_WispDetector_DetectItems_NF","Info_AddChoice",""
"Scripts/Content/Story/Dialoge/DIA_Addon_WispDetector.d:78","Ich brauche Nahrung und Planzen.","음식과 식물이 필요해.","","False","DIA_Addon_WispDetector_DetectItems_Info.DIA_Addon_WispDetector_DetectItems.DIA_Addon_WispDetector_DetectItems_FOOD","Info_AddChoice",""
"Scripts/Content/Story/Dialoge/DIA_Addon_WispDetector.d:83","Ich brauche Ringe und Amulette.","반지와 부적이 필요해.","","False","DIA_Addon_WispDetector_DetectItems_Info.DIA_Addon_WispDetector_DetectItems.DIA_Addon_WispDetector_DetectItems_MAGIC","Info_AddChoice",""
"Scripts/Content/Story/Dialoge/DIA_Addon_WispDetector.d:88","Ich brauche Tränke aller Art.","온갖 포션이 필요해.","","False","DIA_Addon_WispDetector_DetectItems_Info.DIA_Addon_WispDetector_DetectItems.DIA_Addon_WispDetector_DetectItems_POTIONS","Info_AddChoice",""
"Scripts/Content/Story/Dialoge/DIA_Addon_WispDetector.d:91","Such' einfach alles, was du finden kannst.","그냥 찾을 수 있는 건 다 찾아봐.","","False","DIA_Addon_WispDetector_DetectItems_Info.DIA_Addon_WispDetector_DetectItems.DIA_Addon_WispDetector_DetectItems_ALL","Info_AddChoice",""
"Scripts/Content/Story/Dialoge/DIA_Addon_WispDetector.d:104","Such mir alles, was du finden kannst.","네가 찾을 수 있는 건 뭐든 다 찾아줘.","","False","DIA_Addon_WispDetector_DetectItems_ALL_15_00","",""
"Scripts/Content/Story/Dialoge/DIA_Addon_WispDetector.d:112","Ich brauche Tränke aller Art.","온갖 포션이 필요해.","","False","DIA_Addon_WispDetector_DetectItems_POTIONS_15_00","",""
"Scripts/Content/Story/Dialoge/DIA_Addon_WispDetector.d:120","Ich brauche Ringe und Amulette.","반지와 부적이 필요해.","","False","DIA_Addon_WispDetector_DetectItems_MAGIC_15_00","",""
"Scripts/Content/Story/Dialoge/DIA_Addon_WispDetector.d:128","Ich brauche Nahrung und Planzen.","음식과 식물이 필요해.","","False","DIA_Addon_WispDetector_DetectItems_FOOD_15_00","",""
"Scripts/Content/Story/Dialoge/DIA_Addon_WispDetector.d:136","Ich brauche Nahkampfwaffen.","근접 무기가 필요해.","","False","DIA_Addon_WispDetector_DetectItems_NF_15_00","",""
"Scripts/Content/Story/Dialoge/DIA_Addon_WispDetector.d:144","Ich brauche Fernkampfwaffen und Munition.","원거리 무기와 탄약이 필요해.","","False","DIA_Addon_WispDetector_DetectItems_FF_15_00","",""
"Scripts/Content/Story/Dialoge/DIA_Addon_WispDetector.d:152","Ich brauche Gold, Schlüssel und Gebrauchsgegenstände","금, 열쇠, 그리고 도구들이 필요해.","","False","DIA_Addon_WispDetector_DetectItems_NONE_15_00","",""
"Scripts/Content/Story/Dialoge/DIA_Addon_WispDetector.d:160","Ich brauche Runen und Schriftrollen.","룬과 주문서가 필요해.","","False","DIA_Addon_WispDetector_DetectItems_RUNE_15_00","",""
"Scripts/Content/Story/Dialoge/DIA_Addon_WispDetector.d:176","Folge mir einfach.","그냥 날 따라와.","","False","DIA_Addon_WispDetector_Follow.description","",""
