"location","source","target","id","fuzzy","context","translator_comments","developer_comments"
"Scripts/Content/Story/Dialoge/DIA_NOV_600_Pedro.d:43","Willkommen beim Kloster Innos', Fremder.","이노스의 수도원에 오신 것을 환영합니다, 이방인여.","","False","DIA_Pedro_WELCOME_09_00","",""
"Scripts/Content/Story/Dialoge/DIA_NOV_600_Pedro.d:44","Ich bin Bruder Pedro, ein demütiger Diener Innos' und Wächter der Pforte des heiligen Klosters.","저는 이노스의 겸손한 종이자 성스러운 수도원의 문을 지키는 수호자, 페드로 형제입니다.","","False","DIA_Pedro_WELCOME_09_01","",""
"Scripts/Content/Story/Dialoge/DIA_NOV_600_Pedro.d:45","Was ist dein Begehr?","어떤 일로 오셨습니까?","","False","DIA_Pedro_WELCOME_09_02","",""
"Scripts/Content/Story/Dialoge/DIA_NOV_600_Pedro.d:57","Iß mal 'ne Wurst, Bruder!","소시지나 좀 드시게, 형제여!","","False","DIA_Pedro_Wurst.description","",""
"Scripts/Content/Story/Dialoge/DIA_NOV_600_Pedro.d:73","Iß mal 'ne Wurst, Bruder!","소시지나 좀 드시게, 형제여!","","False","DIA_Pedro_Wurst_15_00","",""
"Scripts/Content/Story/Dialoge/DIA_NOV_600_Pedro.d:74","Gut, dass du an mich gedacht hast. Meistens werde ich vergessen.","나를 생각해 주다니 고맙군요. 대개는 날 잊어버리곤 하거든요.","","False","DIA_Pedro_Wurst_09_01","",""
"Scripts/Content/Story/Dialoge/DIA_NOV_600_Pedro.d:75","Du kannst mir direkt mal noch eine Wurst hier lassen.","소시지를 하나 더 주겠나?","","False","DIA_Pedro_Wurst_09_02","",""
"Scripts/Content/Story/Dialoge/DIA_NOV_600_Pedro.d:76","Vergiss es, dann habe ich nicht mehr genug.","됐네, 그럼 내가 먹을 게 부족해지니까.","","False","DIA_Pedro_Wurst_15_03","",""
"Scripts/Content/Story/Dialoge/DIA_NOV_600_Pedro.d:77","Hey, eine Wurst - das merkt kein Schwein. Du kriegst auch was dafür - ich weiß, wo ein paar Feuernesseln wachsen.","이봐요, 소시지 하나쯤이야 아무도 모를 겁니다. 그만한 보답을 해드릴게요. 파이어 네틀이 자라는 곳을 알고 있거든요.","","False","DIA_Pedro_Wurst_09_04","",""
"Scripts/Content/Story/Dialoge/DIA_NOV_600_Pedro.d:78","Wenn du die Neoras bringst, kriegst du bestimmt den Schlüssel zur Bibliothek. Wie sieht's aus?","그걸 니오라스에게 갖다주면 도서관 열쇠를 분명 줄 겁니다. 어때요?","","False","DIA_Pedro_Wurst_09_05","",""
"Scripts/Content/Story/Dialoge/DIA_NOV_600_Pedro.d:93","Okay, nimm noch eine Wurst.","좋아, 소시지 하나 더 받으시지.","","False","DIA_Pedro_Wurst_Info.DIA_Pedro_Wurst.DIA_Pedro_Wurst_JA","Info_AddChoice",""
"Scripts/Content/Story/Dialoge/DIA_NOV_600_Pedro.d:94","Nein, vergiss es.","아니, 됐네.","","False","DIA_Pedro_Wurst_Info.DIA_Pedro_Wurst.DIA_Pedro_Wurst_NEIN","Info_AddChoice",""
"Scripts/Content/Story/Dialoge/DIA_NOV_600_Pedro.d:99","Okay, nimm noch eine Wurst.","좋아, 소시지 하나 더 받으시지.","","False","DIA_Pedro_Wurst_JA_15_00","",""
"Scripts/Content/Story/Dialoge/DIA_NOV_600_Pedro.d:100","Gut, auf der anderen Seite der Brücke wachsen links und rechts einige Feuernesseln.","좋습니다. 다리 건너편 좌우편에 파이어 네틀이 몇 개 자라고 있습니다.","","False","DIA_Pedro_Wurst_JA_09_01","",""
"Scripts/Content/Story/Dialoge/DIA_NOV_600_Pedro.d:107","Nein, vergiss es.","아니, 됐네.","","False","DIA_Pedro_Wurst_NEIN_15_00","",""
"Scripts/Content/Story/Dialoge/DIA_NOV_600_Pedro.d:108","Du willst dich wohl bei Gorax beliebt machen, was? Immer das gleiche mit den neuen Novizen ...","고락스에게 잘 보여 보겠다는 건가요? 새로 온 견습생들은 늘 이렇다니까...","","False","DIA_Pedro_Wurst_NEIN_09_01","",""
"Scripts/Content/Story/Dialoge/DIA_NOV_600_Pedro.d:122","Ich will ins Kloster","수도원에 들어가고 싶소.","","False","DIA_Pedro_EINLASS.description","",""
"Scripts/Content/Story/Dialoge/DIA_NOV_600_Pedro.d:135","Ich will ins Kloster.","수도원에 들어가고 싶소.","","False","DIA_Pedro_EINLASS_15_00","",""
"Scripts/Content/Story/Dialoge/DIA_NOV_600_Pedro.d:136","Es ist nur den Dienern Innos' gestattet, das Kloster zu betreten.","수도원에는 이노스의 종들만 들어갈 수 있습니다.","","False","DIA_Pedro_EINLASS_09_01","",""
"Scripts/Content/Story/Dialoge/DIA_NOV_600_Pedro.d:137","Wenn du zu Innos beten willst, dann suche einen der Wegschreine auf. Dort wirst du Stille zum Gebet finden.","이노스께 기도하고 싶다면 길가에 있는 성소들을 찾아가십시오. 그곳에서 조용히 기도할 수 있을 것입니다.","","False","DIA_Pedro_EINLASS_09_02","",""
"Scripts/Content/Story/Dialoge/DIA_NOV_600_Pedro.d:149","Was muss ich tun, um im Kloster aufgenommen zu werden?","수도원에 들어가려면 어떻게 해야 하오?","","False","DIA_Pedro_TEMPEL.description","",""
"Scripts/Content/Story/Dialoge/DIA_NOV_600_Pedro.d:166","Was muss ich tun, um im Kloster aufgenommen zu werden?","수도원에 들어가려면 어떻게 해야 하오?","","False","DIA_Pedro_TEMPEL_15_00","",""
"Scripts/Content/Story/Dialoge/DIA_NOV_600_Pedro.d:170","Die Aufnahme ins Kloster bleibt dir verwehrt - du hast dich bereits für einen Weg entschieden.","수도원 입회는 허용되지 않습니다. 당신은 이미 다른 길을 선택했으니까요.","","False","DIA_Pedro_TEMPEL_09_01","",""
"Scripts/Content/Story/Dialoge/DIA_NOV_600_Pedro.d:174","Wenn du in die Gemeinschaft Innos' aufgenommen werden willst, musst du die Regeln des Klosters kennen und befolgen.","이노스의 공동체에 받아들여지고 싶다면, 수도원의 규칙을 알고 따르셔야 합니다.","","False","DIA_Pedro_TEMPEL_09_02","",""
"Scripts/Content/Story/Dialoge/DIA_NOV_600_Pedro.d:177","Außerdem verlangen wir von jedem neuen Novizen die Gaben an Innos.","또한, 우리는 모든 새로운 견습생에게 이노스께 바칠 예물을 요구합니다.","","False","DIA_ADDON_Pedro_TEMPEL_09_03","",""
"Scripts/Content/Story/Dialoge/DIA_NOV_600_Pedro.d:178","Ein Schaf und 1000 Goldstücke.","양 한 마리와 1000개의 금화요.","","False","DIA_ADDON_Pedro_TEMPEL_09_04","",""
"Scripts/Content/Story/Dialoge/DIA_NOV_600_Pedro.d:179","Das ist verdammt viel Gold.","엄청난 금액의 금이군.","","False","DIA_Pedro_TEMPEL_15_04","",""
"Scripts/Content/Story/Dialoge/DIA_NOV_600_Pedro.d:180","Es ist ein Zeichen dafür, dass du ein neues Leben als Diener Innos' beginnst. Bei deiner Aufnahme werden dir alle deine bisherigen Verfehlungen vergeben.","그것은 이노스의 종으로서 새로운 삶을 시작한다는 증표입니다. 받아들여질 때 그대의 지난 모든 허물은 용서받을 것입니다.","","False","DIA_Pedro_TEMPEL_09_05","",""
"Scripts/Content/Story/Dialoge/DIA_NOV_600_Pedro.d:181","Und bedenke - die Entscheidung, ein Diener Innos' zu sein, kannst du nicht mehr rückgängig machen.","그리고 명심하십시오. 이노스의 종이 되기로 한 결정은 되돌릴 수 없습니다.","","False","DIA_Pedro_TEMPEL_09_06","",""
"Scripts/Content/Story/Dialoge/DIA_NOV_600_Pedro.d:198","Ich habe hier diese Statuette...","이 조각상을 가지고 있소만...","","False","DIA_Addon_Pedro_Statuette.description","",""
"Scripts/Content/Story/Dialoge/DIA_NOV_600_Pedro.d:214","Ich hab hier diese Statuette. Ich glaube, sie wird im Kloster vermisst.","이 조각상을 가지고 있소. 수도원에서 찾고 있던 물건인 것 같더군요.","","False","DIA_Addon_Pedro_Statuette_15_00","",""
"Scripts/Content/Story/Dialoge/DIA_NOV_600_Pedro.d:215","Kann ich jetzt rein?","이제 안으로 들어가도 되겠소?","","False","DIA_Addon_Pedro_Statuette_15_01","",""
"Scripts/Content/Story/Dialoge/DIA_NOV_600_Pedro.d:218","Nun, unter diesen wahrlich besonderen Umständen steht es dir frei, Novize zu werden.","음, 정말로 특별한 상황인 만큼, 그대는 자유롭게 견습생이 될 수 있습니다.","","False","DIA_Addon_Pedro_Statuette_09_02","",""
"Scripts/Content/Story/Dialoge/DIA_NOV_600_Pedro.d:226","Ich fürchte, auch mit diesem kostbaren Kleinod kann ich dich nicht einlassen.","유감스럽지만, 이 소중한 보물을 가져왔다 해도 들여보낼 수는 없습니다.","","False","DIA_Addon_Pedro_Statuette_09_03","",""
"Scripts/Content/Story/Dialoge/DIA_NOV_600_Pedro.d:227","Du hast dich bereits für einen anderen Weg entschieden. Der Weg ins Kloster bleibt dir verwehrt.","당신은 이미 다른 길을 선택하셨습니다. 수도원으로 들어가는 길은 닫혀 있습니다.","","False","DIA_Addon_Pedro_Statuette_09_04","",""
"Scripts/Content/Story/Dialoge/DIA_NOV_600_Pedro.d:236","Kann ich die Statuette bei dir abgeben?","이 조각상을 당신에게 맡기면 되겠소?","","False","DIA_Addon_Pedro_Statuette_Abgeben.description","",""
"Scripts/Content/Story/Dialoge/DIA_NOV_600_Pedro.d:253","Kann ich die Statuette bei dir abgeben?","이 조각상을 당신에게 맡기면 되겠소?","","False","DIA_Addon_Pedro_Statuette_Abgeben_15_00","",""
"Scripts/Content/Story/Dialoge/DIA_NOV_600_Pedro.d:254","Natürlich, ich werde mich darum kümmern. Hab Dank für deine selbstlose Tat.","물론입니다, 제가 처리하도록 하지요. 이타적인 행동에 감사드립니다.","","False","DIA_Addon_Pedro_Statuette_Abgeben_09_01","",""
"Scripts/Content/Story/Dialoge/DIA_NOV_600_Pedro.d:268","Welche Regeln habt ihr euch auferlegt?","어떤 규칙들을 따르고 있소?","","False","DIA_Pedro_Rules.description","",""
"Scripts/Content/Story/Dialoge/DIA_NOV_600_Pedro.d:281","Welche Regeln habt ihr euch auferlegt?","어떤 규칙들을 따르고 있소?","","False","DIA_Pedro_Rules_15_00","",""
"Scripts/Content/Story/Dialoge/DIA_NOV_600_Pedro.d:282","Innos ist der Gott der Wahrheit und des Gesetzes, daher dürfen wir NIEMALS lügen oder ein Verbrechen begehen.","이노스는 진실과 법의 신이시며, 따라서 우리는 결코 거짓말을 하거나 죄를 지어서는 안 됩니다.","","False","DIA_Pedro_Rules_09_01","",""
"Scripts/Content/Story/Dialoge/DIA_NOV_600_Pedro.d:283","Solltest du dich an einem Bruder der Gemeinschaft oder an unserem Eigentum vergehen, so wirst du eine Strafe dafür bezahlen.","공동체의 형제에게 죄를 짓거나 우리의 재산을 훔친다면, 그에 상응하는 벌을 받게 될 것입니다.","","False","DIA_Pedro_Rules_09_02","",""
"Scripts/Content/Story/Dialoge/DIA_NOV_600_Pedro.d:284","Innos ist ebenso der Gott der Herrschaft und des Feuers.","이노스는 또한 지배와 불의 신이십니다.","","False","DIA_Pedro_Rules_09_03","",""
"Scripts/Content/Story/Dialoge/DIA_NOV_600_Pedro.d:285","Als Novize hast du allen Magiern des Feuers GEHORSAM und RESPEKT entgegenzubringen.","견습생으로서 그대는 모든 불의 마법사에게 복종과 존경을 표해야 합니다.","","False","DIA_Pedro_Rules_09_04","",""
"Scripts/Content/Story/Dialoge/DIA_NOV_600_Pedro.d:286","Aha.","그렇군요.","","False","DIA_Pedro_Rules_15_05","",""
"Scripts/Content/Story/Dialoge/DIA_NOV_600_Pedro.d:287","Ferner ist es die PFLICHT der Novizen, alle Arbeiten im Kloster zum Wohle der Gemeinschaft zu erledigen.","게다가 공동체의 안녕을 위해 수도원의 모든 허드렛일을 도맡는 것이 견습생의 의무입니다.","","False","DIA_Pedro_Rules_09_06","",""
"Scripts/Content/Story/Dialoge/DIA_NOV_600_Pedro.d:290","Wenn du bereit bist, diese Regeln zu befolgen und die Gaben an Innos hast, sind wir gewillt, dich als Novizen in unser Kloster aufzunehmen.","이 규칙들을 기꺼이 따르고 이노스께 바칠 예물을 가지고 있다면, 우리는 그대를 수도원의 견습생으로 받아들일 의향이 있습니다.","","False","DIA_Pedro_Rules_09_07","",""
"Scripts/Content/Story/Dialoge/DIA_NOV_600_Pedro.d:304","Ich möchte Novize werden","견습생이 되고 싶소.","","False","DIA_Pedro_AUFNAHME.description","",""
"Scripts/Content/Story/Dialoge/DIA_NOV_600_Pedro.d:320","Ich denke nochmal darüber nach","다시 생각해 보겠소.","","False","B_DIA_Pedro_AUFNAHME_Choice.DIA_Pedro_AUFNAHME.DIA_Pedro_AUFNAHME_NO","Info_AddChoice",""
"Scripts/Content/Story/Dialoge/DIA_NOV_600_Pedro.d:321","Ja, ich will mein Leben in den Dienst Innos stellen","네, 내 삶을 이노스를 섬기는 데 바치겠소.","","False","B_DIA_Pedro_AUFNAHME_Choice.DIA_Pedro_AUFNAHME.DIA_Pedro_AUFNAHME_YES","Info_AddChoice",""
"Scripts/Content/Story/Dialoge/DIA_NOV_600_Pedro.d:326","Ich möchte Novize werden.","견습생이 되고 싶소.","","False","DIA_Pedro_AUFNAHME_15_00","",""
"Scripts/Content/Story/Dialoge/DIA_NOV_600_Pedro.d:332","Du hast dich bereits für deinen Weg entschieden. Der Weg der Magie bleibt dir verschlossen.","당신은 이미 당신의 길을 선택하셨습니다. 마법의 길은 당신에게 닫혀 있습니다.","","False","DIA_Pedro_AUFNAHME_09_01","",""
"Scripts/Content/Story/Dialoge/DIA_NOV_600_Pedro.d:338","Ist das tatsächlich dein Wunsch? Denn wisse, dass es dann keinen Weg zurück mehr für dich gibt.","그것이 진정으로 바라는 바입니까? 그렇다면 이제 되돌릴 길은 없다는 것을 알아두십시오.","","False","DIA_Addon_Pedro_AUFNAHME_09_02","",""
"Scripts/Content/Story/Dialoge/DIA_NOV_600_Pedro.d:347","Ich sehe, du bringst die nötigen Gaben mit. Wenn du wirklich willst, steht es dir nun frei, Novize zu werden.","필요한 예물을 가져왔군요. 진정으로 원한다면, 이제 자유롭게 견습생이 될 수 있습니다.","","False","DIA_Pedro_AUFNAHME_09_03","",""
"Scripts/Content/Story/Dialoge/DIA_NOV_600_Pedro.d:348","Doch wenn du diese Entscheidung triffst, gibt es kein Zurück mehr - überlege dir gut, ob dies dein Weg ist!","하지만 일단 이 결정을 내리면 되돌릴 수는 없습니다. 이것이 진정 당신의 길인지 심사숙고하십시오!","","False","DIA_Pedro_AUFNAHME_09_04","",""
"Scripts/Content/Story/Dialoge/DIA_NOV_600_Pedro.d:354","Du hast nicht die nötigen Gaben dabei.","필요한 예물을 가져오지 않았습니다.","","False","DIA_Pedro_AUFNAHME_09_02","",""
"Scripts/Content/Story/Dialoge/DIA_NOV_600_Pedro.d:360","Ja, ich will mein Leben in den Dienst Innos' stellen.","네, 내 삶을 이노스를 섬기는 데 바치겠소.","","False","DIA_Pedro_AUFNAHME_YES_15_00","",""
"Scripts/Content/Story/Dialoge/DIA_NOV_600_Pedro.d:361","Dann sei willkommen, Bruder. Ich übergebe dir nun den Schlüssel zur Pforte des Klosters.","그렇다면 환영합니다, 형제여. 이제 수도원의 문 열쇠를 넘겨드리겠습니다.","","False","DIA_Pedro_AUFNAHME_YES_09_01","",""
"Scripts/Content/Story/Dialoge/DIA_NOV_600_Pedro.d:362","Als Zeichen deiner freien Entscheidung ist es an dir, die Pforte zu öffnen und hindurchzutreten.","자발적인 결정의 증표로서, 문을 열고 안으로 들어서는 것은 그대의 몫입니다.","","False","DIA_Pedro_AUFNAHME_YES_09_02","",""
"Scripts/Content/Story/Dialoge/DIA_NOV_600_Pedro.d:363","Du bist jetzt Novize. Trage diese Robe als Zeichen, dass du nun zur Gemeinschaft des Klosters gehörst.","당신은 이제 견습생입니다. 이 로브를 입고 수도원 공동체의 일원이 되었음을 증명하십시오.","","False","DIA_Pedro_AUFNAHME_YES_09_03","",""
"Scripts/Content/Story/Dialoge/DIA_NOV_600_Pedro.d:364","Wenn du im Kloster bist, wende dich an Parlan. Er wird sich von nun an um deine Belange kümmern.","수도원에 들어가거든 파를란을 찾아가십시오. 앞으로 그가 그대의 일을 보살펴 줄 것입니다.","","False","DIA_Pedro_AUFNAHME_YES_09_04","",""
"Scripts/Content/Story/Dialoge/DIA_NOV_600_Pedro.d:365","Werden mir jetzt meine Verfehlungen vergeben?","이제 내 과오들을 용서받을 수 있는 겁니까?","","False","DIA_Pedro_AUFNAHME_YES_15_05","",""
"Scripts/Content/Story/Dialoge/DIA_NOV_600_Pedro.d:366","Noch nicht. Sprich mit Meister Parlan. Er wird dich segnen und dich von deinen Sünden reinwaschen.","아직 아닙니다. 파를란 스승님께 가십시오. 그분이 당신을 축복하고 죄를 씻어주실 겁니다.","","False","DIA_Pedro_AUFNAHME_YES_09_06","",""
"Scripts/Content/Story/Dialoge/DIA_NOV_600_Pedro.d:397","Ich denke noch mal darüber nach.","다시 생각해 보겠소.","","False","DIA_Pedro_AUFNAHME_NO_15_00","",""
"Scripts/Content/Story/Dialoge/DIA_NOV_600_Pedro.d:398","Komm wieder, wenn du bereit bist.","준비가 되면 다시 오십시오.","","False","DIA_Pedro_AUFNAHME_NO_09_01","",""
"Scripts/Content/Story/Dialoge/DIA_NOV_600_Pedro.d:413","Erzähl mir vom Leben im Kloster.","수도원에서의 삶에 대해 말해 주시오.","","False","DIA_Pedro_Monastery.description","",""
"Scripts/Content/Story/Dialoge/DIA_NOV_600_Pedro.d:423","Erzähl mir vom Leben im Kloster.","수도원에서의 삶에 대해 말해 주시오.","","False","DIA_Pedro_Monastery_15_00","",""
"Scripts/Content/Story/Dialoge/DIA_NOV_600_Pedro.d:424","Wir leben im Kloster, um Innos zu dienen. Wir Novizen verrichten die Arbeiten und wenn wir die Gelegenheit bekommen, studieren wir die Schriften.","우리는 이노스를 섬기기 위해 수도원에서 살고 있습니다. 견습생들은 허드렛일을 하고, 기회가 될 때마다 문서를 공부하지요.","","False","DIA_Pedro_Monastery_09_01","",""
"Scripts/Content/Story/Dialoge/DIA_NOV_600_Pedro.d:425","Die Magier wachen über uns und sie erforschen die Künste der Magie.","마법사들은 우리를 보살피며 마법의 기술을 연구합니다.","","False","DIA_Pedro_Monastery_09_02","",""
"Scripts/Content/Story/Dialoge/DIA_NOV_600_Pedro_DI.d:33","Verräter!","배신자!","","False","DIA_Pedro_DI_YOU.description","",""
"Scripts/Content/Story/Dialoge/DIA_NOV_600_Pedro_DI.d:43","Verräter! Endlich habe ich dich gefunden.","배신자! 드디어 찾아냈구나.","","False","DIA_Pedro_DI_YOU_15_00","",""
"Scripts/Content/Story/Dialoge/DIA_NOV_600_Pedro_DI.d:47","Glaub ja nicht, nur weil ich dem Corps der Paladine angehöre, lass ich bei dir Gnade walten.","내가 팔라딘 중 한 명이라고 해서 자비를 베풀 거라 생각하지 마라.","","False","DIA_Pedro_DI_YOU_15_01","",""
"Scripts/Content/Story/Dialoge/DIA_NOV_600_Pedro_DI.d:52","Bei uns Söldnern haben viele ihre Seele an Beliar verkauft und trotzdem verspürte ich oft Skrupel, sie einfach abzuschlachten, aber du Drecksau bist eine Ausnahme.","우리 용병들 중에도 벨리알에게 영혼을 판 자들이 많지만, 그렇다고 그들을 무작정 도살하는 건 왠지 찜찜했었지. 하지만 이 더러운 돼지 새끼야, 너는 예외다.","","False","DIA_Pedro_DI_YOU_15_02","",""
"Scripts/Content/Story/Dialoge/DIA_NOV_600_Pedro_DI.d:57","Von allen seelenlosen Dreckskerlen, denen ich je begegnet bin, bist du mit Abstand der Schlimmste. Du bist eine Schande für unseren Orden.","내가 만난 영혼 없는 쓰레기들 중에서 네놈이 단연 최악이야. 넌 우리 기사단의 수치다.","","False","DIA_Pedro_DI_YOU_15_03","",""
"Scripts/Content/Story/Dialoge/DIA_NOV_600_Pedro_DI.d:60","Ich sollte dich gleich hier töten.","당장 여기서 끝장내주마.","","False","DIA_Pedro_DI_YOU_15_04","",""
"Scripts/Content/Story/Dialoge/DIA_NOV_600_Pedro_DI.d:61","Halte ein. Ich bitte dich. Sie haben mich verhext. Ich hätte doch niemals aus freiem Willen das Kloster Innos' verraten.","잠깐만요. 제발요. 저는 최면에 걸렸던 겁니다. 절대로 제 의지로 이노스의 수도원을 배신했을 리가 없어요.","","False","DIA_Pedro_DI_YOU_09_05","",""
"Scripts/Content/Story/Dialoge/DIA_NOV_600_Pedro_DI.d:62","Du weißt ja gar nicht, was ich die letzten Tage durchgestanden habe. Sie haben mir diese Stimme in den Kopf gepflanzt. Ich konnte mich nicht dagegen wehren.","지난 며칠 동안 내가 무슨 꼴을 당했는지 당신은 모를 겁니다. 그들이 내 머릿속에 이 목소리를 심어놓았어요. 저항할 수가 없었습니다.","","False","DIA_Pedro_DI_YOU_09_06","",""
"Scripts/Content/Story/Dialoge/DIA_NOV_600_Pedro_DI.d:63","Der Orkische Oberst hat mich tagelang verhört. Er hat mich ständig geschlagen. Verschone mich. Mich trifft keine Schuld. Du musst mir glauben.","오크 대령이 나를 며칠 동안이나 심문했소. 끊임없이 구타당했단 말입니다. 살려주세요. 내 잘못이 아닙니다. 날 믿어야 해요.","","False","DIA_Pedro_DI_YOU_09_07","",""
"Scripts/Content/Story/Dialoge/DIA_NOV_600_Pedro_DI.d:66","Erzähl´ mir, was du weißt.","아는 걸 말해 봐라.","","False","DIA_Pedro_DI_YOU_Info.DIA_Pedro_DI_YOU.DIA_Pedro_DI_YOU_verschon","Info_AddChoice",""
"Scripts/Content/Story/Dialoge/DIA_NOV_600_Pedro_DI.d:67","Gar nichts muß ich. Ich werde dich jetzt töten.","아무것도 필요 없다. 당장 죽여주마.","","False","DIA_Pedro_DI_YOU_Info.DIA_Pedro_DI_YOU.DIA_Pedro_DI_YOU_tot","Info_AddChoice",""
"Scripts/Content/Story/Dialoge/DIA_NOV_600_Pedro_DI.d:68","Nenn mir nur einen Grund, warum ich dir das glauben sollte?","네 말을 믿어야 할 이유를 하나만 대 보시지?","","False","DIA_Pedro_DI_YOU_Info.DIA_Pedro_DI_YOU.DIA_Pedro_DI_YOU_grund","Info_AddChoice",""
"Scripts/Content/Story/Dialoge/DIA_NOV_600_Pedro_DI.d:71","Serpentes gab mir den Auftag, dich zu töten","세르펜테스가 너를 죽이라고 명령했어요.","","False","DIA_Pedro_DI_YOU_Info.DIA_Pedro_DI_YOU.DIA_Pedro_DI_YOU_Serpentes","Info_AddChoice",""
"Scripts/Content/Story/Dialoge/DIA_NOV_600_Pedro_DI.d:77","Nenn mir nur einen Grund, warum ich dir glauben sollte.","네 말을 믿어야 할 이유를 하나만 대 보라.","","False","DIA_Pedro_DI_YOU_grund_15_00","",""
"Scripts/Content/Story/Dialoge/DIA_NOV_600_Pedro_DI.d:78","(flehend) Lass mich leben. Ich kann dir auch Informationen geben, die dir helfen werden, hier wieder herauszukommen. Du musst mich anhören.","(애원하며) 제발 살려주세요. 여기서 빠져나가는 데 도움이 될 만한 정보도 줄 수 있습니다. 내 말을 들어봐요.","","False","DIA_Pedro_DI_YOU_grund_09_01","",""
"Scripts/Content/Story/Dialoge/DIA_NOV_600_Pedro_DI.d:84","Gar nichts muss ich. Ich werde dich jetzt töten.","아무것도 필요 없다. 당장 죽여주마.","","False","DIA_Pedro_DI_YOU_tot_15_00","",""
"Scripts/Content/Story/Dialoge/DIA_NOV_600_Pedro_DI.d:85","Bei allen Göttern ...","모든 신이시여...","","False","DIA_Pedro_DI_YOU_tot_09_01","",""
"Scripts/Content/Story/Dialoge/DIA_NOV_600_Pedro_DI.d:96","Serpentes gab mir den Auftrag, dich zu töten, und ich pflege in der Regel meine Aufträge zu erledigen.","세르펜테스가 나한테 널 죽이랬고, 난 원칙적으로 시키는 일은 다 하거든.","","False","DIA_Pedro_DI_YOU_Serpentes_15_00","",""
"Scripts/Content/Story/Dialoge/DIA_NOV_600_Pedro_DI.d:97","(flehend) Bitte, nein. Das kannst du nicht machen. Ich kann noch von großem Nutzen für dich sein. Das musst du doch erkennen.","(애원하며) 제발, 안 돼요. 이럴 수는 없습니다. 난 아직 당신한테 쓸모가 많을 거란 말입니다. 그 정도는 알 수 있잖아.","","False","DIA_Pedro_DI_YOU_Serpentes_09_01","",""
"Scripts/Content/Story/Dialoge/DIA_NOV_600_Pedro_DI.d:105","Erzähl mir, was du weißt.","아는 걸 말해 봐라.","","False","DIA_Pedro_DI_YOU_verschon_15_00","",""
"Scripts/Content/Story/Dialoge/DIA_NOV_600_Pedro_DI.d:106","(erleichtert) Ja, natürlich. Ich sag dir alles, was du willst. Unter einer Bedingung. Du musst mich von dieser verfluchten Insel herunterschaffen, hörst du?","(안도하며) 네, 물론이죠. 원하는 건 다 말해줄게요. 한 가지 조건만 빼고요. 이 저주받은 섬에서 나를 빼내 줘야 해요, 들었죠?","","False","DIA_Pedro_DI_YOU_verschon_09_01","",""
"Scripts/Content/Story/Dialoge/DIA_NOV_600_Pedro_DI.d:109","Gar nichts muß ich. Ich werde dich jetzt töten.","아무것도 필요 없다. 당장 죽여주마.","","False","DIA_Pedro_DI_YOU_verschon.DIA_Pedro_DI_YOU.DIA_Pedro_DI_YOU_tot","Info_AddChoice",""
"Scripts/Content/Story/Dialoge/DIA_NOV_600_Pedro_DI.d:110","In Ordnung. Folge mir, ich bringe dich zu meinem Schiff.","좋다. 따라와라, 내 배로 데려다주마.","","False","DIA_Pedro_DI_YOU_verschon.DIA_Pedro_DI_YOU.DIA_Pedro_DI_YOU_FollowShip","Info_AddChoice",""
"Scripts/Content/Story/Dialoge/DIA_NOV_600_Pedro_DI.d:116","In Ordnung. Folge mir, ich bringe dich zum Schiff.","좋다. 따라와라, 배로 데려다주마.","","False","DIA_Pedro_DI_YOU_FollowShip_15_00","",""
"Scripts/Content/Story/Dialoge/DIA_NOV_600_Pedro_DI.d:117","Ich danke dir. Du wirst es nicht bereuen.","고맙습니다. 후회하지 않으실 겁니다.","","False","DIA_Pedro_DI_YOU_FollowShip_09_01","",""
"Scripts/Content/Story/Dialoge/DIA_NOV_600_Pedro_DI.d:134","Da sind wir!","도착했다!","","False","DIA_Pedro_DI_ArrivedAtShip.description","",""
"Scripts/Content/Story/Dialoge/DIA_NOV_600_Pedro_DI.d:148","Da sind wir!","도착했다!","","False","DIA_Pedro_DI_ArrivedAtShip_15_00","",""
"Scripts/Content/Story/Dialoge/DIA_NOV_600_Pedro_DI.d:149","Ein stattliches Schiff hast du da. Du bist wahrlich ein großer Feldherr.","근사한 배를 가졌군요. 당신은 참으로 위대한 장군이십니다.","","False","DIA_Pedro_DI_ArrivedAtShip_09_01","",""
"Scripts/Content/Story/Dialoge/DIA_NOV_600_Pedro_DI.d:150","Hör auf zu schwafeln. Erzähl mir, was ich hören will.","헛소리 집어치워. 듣고 싶은 얘기나 해라.","","False","DIA_Pedro_DI_ArrivedAtShip_15_02","",""
"Scripts/Content/Story/Dialoge/DIA_NOV_600_Pedro_DI.d:151","Äh, natürlich. Womit soll ich beginnen?","어, 물론이죠. 어디서부터 시작할까요?","","False","DIA_Pedro_DI_ArrivedAtShip_09_03","",""
"Scripts/Content/Story/Dialoge/DIA_NOV_600_Pedro_DI.d:154","Ich habe genug gehört.","이만하면 충분하다.","","False","DIA_Pedro_DI_ArrivedAtShip_Info.DIA_Pedro_DI_ArrivedAtShip.DIA_Pedro_DI_ArrivedAtShip_Back","Info_AddChoice",""
"Scripts/Content/Story/Dialoge/DIA_NOV_600_Pedro_DI.d:155","Wie komme ich ins Innere der Insel?","섬 안쪽으로 어떻게 들어가야 하지?","","False","DIA_Pedro_DI_ArrivedAtShip_Info.DIA_Pedro_DI_ArrivedAtShip.DIA_Pedro_DI_ArrivedAtShip_Innere","Info_AddChoice",""
"Scripts/Content/Story/Dialoge/DIA_NOV_600_Pedro_DI.d:156","Welche Unholde treiben sich noch auf dieser Insel herum?","이 섬에는 또 어떤 괴물들이 서식하고 있나?","","False","DIA_Pedro_DI_ArrivedAtShip_Info.DIA_Pedro_DI_ArrivedAtShip.DIA_Pedro_DI_ArrivedAtShip_Monster","Info_AddChoice",""
"Scripts/Content/Story/Dialoge/DIA_NOV_600_Pedro_DI.d:157","Wie war das mit dem Orkischen Oberst?","오크 대령에 대해서는 어떻게 된 건가?","","False","DIA_Pedro_DI_ArrivedAtShip_Info.DIA_Pedro_DI_ArrivedAtShip.DIA_Pedro_DI_ArrivedAtShip_OrkOberst","Info_AddChoice",""
"Scripts/Content/Story/Dialoge/DIA_NOV_600_Pedro_DI.d:162","Wie war das mit dem Orkischen Oberst?","오크 대령에 대해서는 어떻게 된 건가?","","False","DIA_Pedro_DI_ArrivedAtShip_OrkOberst_15_00","",""
"Scripts/Content/Story/Dialoge/DIA_NOV_600_Pedro_DI.d:163","Er hat mir den letzten Funken Hoffnung genommen, jemals meine Heimat wiederzusehen.","그 자가 고향을 다시 볼 수 있으리란 마지막 실낱같은 희망마저 짓밟아 버렸어요.","","False","DIA_Pedro_DI_ArrivedAtShip_OrkOberst_09_01","",""
"Scripts/Content/Story/Dialoge/DIA_NOV_600_Pedro_DI.d:164","Seit ich hierher gekommen bin, fragt er mich aus über die strategischen Stellungen der Paladine in Khorinis.","여기에 끌려온 이후로, 그는 코리니스에 있는 팔라딘의 전략적 배치에 대해 내게 캐물었습니다.","","False","DIA_Pedro_DI_ArrivedAtShip_OrkOberst_09_02","",""
"Scripts/Content/Story/Dialoge/DIA_NOV_600_Pedro_DI.d:165","Natürlich konnte ich ihm nicht viel dazu sagen. Wie auch, verdammt? Ich bin ein Novize des Feuers.","물론 난 그에 대해 아는 바가 별로 없었죠. 어떻게 알겠습니까? 난 불의 견습생인 걸요.","","False","DIA_Pedro_DI_ArrivedAtShip_OrkOberst_09_03","",""
"Scripts/Content/Story/Dialoge/DIA_NOV_600_Pedro_DI.d:169","Der Orkische Oberst ist tot.","오크 대령은 죽었다.","","False","DIA_Pedro_DI_ArrivedAtShip_OrkOberst.DIA_Pedro_DI_ArrivedAtShip.DIA_Pedro_DI_ArrivedAtShip_OberstTot","Info_AddChoice",""
"Scripts/Content/Story/Dialoge/DIA_NOV_600_Pedro_DI.d:175","Welche Unholde treiben sich noch auf dieser Insel herum?","이 섬에는 또 어떤 괴물들이 서식하고 있나?","","False","DIA_Pedro_DI_ArrivedAtShip_Monster_15_00","",""
"Scripts/Content/Story/Dialoge/DIA_NOV_600_Pedro_DI.d:176","Tagsüber sieht man oft Echsenmenschen zur Küste laufen. Sie tragen meistens sehr große Eier mit sich herum.","낮이면 도마뱀 인간들이 해안가로 걸어가는 모습을 자주 볼 수 있습니다. 대개 아주 커다란 알들을 들고 다니지요.","","False","DIA_Pedro_DI_ArrivedAtShip_Monster_09_01","",""
"Scripts/Content/Story/Dialoge/DIA_NOV_600_Pedro_DI.d:177","Ich bekam nicht sehr viel mit in meiner Zelle, aber ich glaube, sie machen sich bereit, die Insel zu verlassen.","감옥에 갇혀 있어서 자세히는 못 봤지만, 섬을 떠날 준비를 하고 있는 것 같았습니다.","","False","DIA_Pedro_DI_ArrivedAtShip_Monster_09_02","",""
"Scripts/Content/Story/Dialoge/DIA_NOV_600_Pedro_DI.d:182","Wie komme ich ins Innere der Insel?","섬 안쪽으로 어떻게 들어가야 하지?","","False","DIA_Pedro_DI_ArrivedAtShip_Innere_15_00","",""
"Scripts/Content/Story/Dialoge/DIA_NOV_600_Pedro_DI.d:183","Es gibt einen geheimen Gang im Thronsaal des Orkischen Obersts.","오크 대령의 옥좌실에 비밀 통로가 있습니다.","","False","DIA_Pedro_DI_ArrivedAtShip_Innere_09_01","",""
"Scripts/Content/Story/Dialoge/DIA_NOV_600_Pedro_DI.d:184","Ich bin jedes Mal dorthin geschleppt worden, wenn er mich verhören wollte. Da habe ich es gesehen.","그자가 심문하려고 할 때마다 거기로 끌려갔거든요. 그래서 봤습니다.","","False","DIA_Pedro_DI_ArrivedAtShip_Innere_09_02","",""
"Scripts/Content/Story/Dialoge/DIA_NOV_600_Pedro_DI.d:185","Einer der Schamanen hat einen Mechanismus in Gang gesetzt, indem er an den Fackeln, die in dem Saal an den Wänden hängen, gezogen hat.","주술사 중 한 명이 홀 벽에 걸린 횃불을 당겨서 장치를 작동시켰어요.","","False","DIA_Pedro_DI_ArrivedAtShip_Innere_09_03","",""
"Scripts/Content/Story/Dialoge/DIA_NOV_600_Pedro_DI.d:186","Mmh. Ich glaube, er hat erst die linke und dann die rechte Fackel gezogen, aber genau weiß ich das nicht mehr.","음. 먼저 왼쪽 횃불을 당기고 나서 오른쪽 횃불을 당겼던 것 같은데, 정확히는 잘 기억이 안 나네요.","","False","DIA_Pedro_DI_ArrivedAtShip_Innere_09_04","",""
"Scripts/Content/Story/Dialoge/DIA_NOV_600_Pedro_DI.d:187","Im hinteren Bereich öffnete sich plötzlich ein geheimer Gang, der bis tief in den Berg hineinführt.","안쪽 구역에서 산 깊숙한 곳까지 이어지는 비밀 통로가 갑자기 열렸습니다.","","False","DIA_Pedro_DI_ArrivedAtShip_Innere_09_05","",""
"Scripts/Content/Story/Dialoge/DIA_NOV_600_Pedro_DI.d:188","Wo dieser Gang endet, weiß ich nicht.","그 통로가 어디로 끝나는지는 모릅니다.","","False","DIA_Pedro_DI_ArrivedAtShip_Innere_09_06","",""
"Scripts/Content/Story/Dialoge/DIA_NOV_600_Pedro_DI.d:193","Der Orkische Oberst ist tot.","오크 대령은 죽었다.","","False","DIA_Pedro_DI_ArrivedAtShip_OberstTot_15_00","",""
"Scripts/Content/Story/Dialoge/DIA_NOV_600_Pedro_DI.d:194","Tot? Gepriesen sei Innos. Ich werde seine hässliche Fratze niemals mehr vergessen.","죽었다고요? 이노스 찬양하세. 그 흉측한 낯짝은 평생 잊지 못할 겁니다.","","False","DIA_Pedro_DI_ArrivedAtShip_OberstTot_09_01","",""
"Scripts/Content/Story/Dialoge/DIA_NOV_600_Pedro_DI.d:199","Ich habe genug gehört. Such dir einen Platz auf meinem Schiff. Ich habe noch einen Job zu erledigen.","할 말은 다 끝났다. 내 배에 탈 자리나 하나 찾아보라고. 난 아직 끝내야 할 일이 있으니까.","","False","DIA_Pedro_DI_ArrivedAtShip_Back_15_00","",""
"Scripts/Content/Story/Dialoge/DIA_NOV_600_Pedro_DI.d:200","Möge die Macht Innos' dich begleiten. Ich werde für dich beten.","이노스의 가호가 함께하기를. 네를 위해 기도하겠다.","","False","DIA_Pedro_DI_ArrivedAtShip_Back_09_01","",""
"Scripts/Content/Story/Dialoge/DIA_NOV_600_Pedro_DI.d:217","Müde?","피곤한가?","","False","DIA_Pedro_DI_PERM.description","",""
"Scripts/Content/Story/Dialoge/DIA_NOV_600_Pedro_DI.d:232","Müde?","피곤한가?","","False","DIA_Pedro_DI_PERM_15_00","",""
"Scripts/Content/Story/Dialoge/DIA_NOV_600_Pedro_DI.d:238","Soll ich dir vielleicht noch ein Kissen bringen?","내가 베개라도 가져다줄까?","","False","DIA_Pedro_DI_PERM_15_01","",""
"Scripts/Content/Story/Dialoge/DIA_NOV_600_Pedro_DI.d:239","Verschone mich, bitte. Ich werde auch ganz still hier sitzen und keinen Mucks machen.","제발 그만해 줘. 난 여기서 아주 조용히 찌그러져서 꼼짝도 안 할 테니까.","","False","DIA_Pedro_DI_PERM_09_02","",""
"Scripts/Content/Story/Dialoge/DIA_NOV_600_Pedro_DI.d:240","Mmh.","으흠.","","False","DIA_Pedro_DI_PERM_15_03","",""
"Scripts/Content/Story/Dialoge/DIA_NOV_600_Pedro_DI.d:246","Ich bin völlig fertig.","지칠 대로 지쳤어.","","False","DIA_Pedro_DI_PERM_09_04","",""
"Scripts/Content/Story/Dialoge/DIA_NOV_600_Pedro_DI.d:247","Leg dich in die Koje. Wir sind bald wieder auf See.","침상에 가서 누워. 곧 다시 항해를 시작할 거다.","","False","DIA_Pedro_DI_PERM_15_05","",""
"Scripts/Content/Story/Dialoge/DIA_NOV_600_Pedro_DI.d:248","Danke, Mann. Ich dachte schon, ich kippe hier noch von der Bank. Gute Nacht.","고마워, 친구. 이 벤치에서 그대로 고꾸라지는 줄 알았어. 잘 자.","","False","DIA_Pedro_DI_PERM_09_06","",""
"Scripts/Content/Story/Dialoge/DIA_NOV_600_Pedro_DI.d:256","Es geht schon. Danke.","괜찮아. 고마워.","","False","DIA_Pedro_DI_PERM_09_07","",""
"Scripts/Content/Story/Dialoge/DIA_NOV_600_Pedro_DI.d:262","Bitte. Lass mich leben!","제발. 살려줘!","","False","DIA_Pedro_DI_PERM_09_08","",""
"Scripts/Content/Story/Dialoge/DIA_NOV_601_Igaraz.d:57","Was kann ich für dich tun, Bruder?","형제여, 내가 뭘 도와주면 되겠나?","","False","DIA_Igaranz_Hello_13_00","",""
"Scripts/Content/Story/Dialoge/DIA_NOV_601_Igaraz.d:61","Was kann ich für dich tun?","내가 뭘 도와줄까?","","False","DIA_Igaranz_Hello_13_01","",""
"Scripts/Content/Story/Dialoge/DIA_NOV_601_Igaraz.d:74","Ich verteile gerade Würste.","소시지를 나눠주는 중이다.","","False","DIA_Igaraz_Wurst.description","",""
"Scripts/Content/Story/Dialoge/DIA_NOV_601_Igaraz.d:90","Ich verteile gerade Würste.","소시지를 나눠주는 중이다.","","False","DIA_Igaraz_Wurst_15_00","",""
"Scripts/Content/Story/Dialoge/DIA_NOV_601_Igaraz.d:91","So, dann arbeitest du für Gorax, was? Nun, dann gib mal her die Wurst.","그럼 고락스를 위해 일하고 있다는 거군? 자, 소시지를 이리 내놔.","","False","DIA_Igaraz_Wurst_13_01","",""
"Scripts/Content/Story/Dialoge/DIA_NOV_601_Igaraz.d:115","Wieso arbeitest Du nicht?","왜 일하고 있지 않은 거지?","","False","DIA_Igaranz_NotWork.description","",""
"Scripts/Content/Story/Dialoge/DIA_NOV_601_Igaraz.d:130","Wieso arbeitest du nicht?","왜 일하고 있지 않은 거지?","","False","DIA_Igaranz_NotWork_15_00","",""
"Scripts/Content/Story/Dialoge/DIA_NOV_601_Igaraz.d:131","Es ist mir gestattet, die Lehren Innos' zu studieren. Ich suche die Weisheit in seinen Worten.","난 이노스의 가르침을 공부하는 것을 허락받았다. 그의 말씀 속에서 지혜를 구하고 있지.","","False","DIA_Igaranz_NotWork_13_01","",""
"Scripts/Content/Story/Dialoge/DIA_NOV_601_Igaraz.d:132","Eines Tages wird er mich erwählen - und dann werde ich die Prüfung der Magie bestehen und in den Kreis des Feuers eintreten.","언젠가는 그분께서 나를 선택하실 것이다. 그러면 나는 마법의 시험을 통과해 불의 서클에 들어가게 될 거야.","","False","DIA_Igaranz_NotWork_13_02","",""
"Scripts/Content/Story/Dialoge/DIA_NOV_601_Igaraz.d:145","Wer sind die Erwählten?","선택받은 자들이란 누구인가?","","False","DIA_Igaranz_Choosen.description","",""
"Scripts/Content/Story/Dialoge/DIA_NOV_601_Igaraz.d:161","Wer sind die Erwählten?","선택받은 자들이란 누구인가?","","False","DIA_Igaranz_Choosen_15_00","",""
"Scripts/Content/Story/Dialoge/DIA_NOV_601_Igaraz.d:162","Die Novizen, die Innos dazu bestimmt hat, die Prüfung der Magie abzulegen.","이노스께서 마법의 시험을 치르도록 명하신 견습생들이다.","","False","DIA_Igaranz_Choosen_13_01","",""
"Scripts/Content/Story/Dialoge/DIA_NOV_601_Igaraz.d:163","Derjenige, der sie besteht, wird in die Reihen der Feuermagier aufgenommen.","그 시험을 통과한 자는 불의 마법사 대열에 합류하게 된다.","","False","DIA_Igaranz_Choosen_13_02","",""
"Scripts/Content/Story/Dialoge/DIA_NOV_601_Igaraz.d:167","Was ist die Prüfung der Magie?","마법의 시험이란 무엇인가?","","False","DIA_Igaraz_Choosen_Info.DIA_Igaranz_Choosen.DIA_Igaranz_Choosen_TestOfMagic","Info_AddChoice",""
"Scripts/Content/Story/Dialoge/DIA_NOV_601_Igaraz.d:168","Wie werde ich erwählt?","어떻게 하면 선택받을 수 있지?","","False","DIA_Igaraz_Choosen_Info.DIA_Igaranz_Choosen.DIA_Igaranz_Choosen_HowChoosen","Info_AddChoice",""
"Scripts/Content/Story/Dialoge/DIA_NOV_601_Igaraz.d:178","Was ist die Prüfung der Magie?","마법의 시험이란 무엇인가?","","False","DIA_Igaranz_Choosen_TestOfMagic_15_00","",""
"Scripts/Content/Story/Dialoge/DIA_NOV_601_Igaraz.d:179","Eine Prüfung, die allen erwählten Novizen vom hohen Rat verkündet wird.","고위 평의회가 선택받은 모든 견습생에게 공표하는 시험이지.","","False","DIA_Igaranz_Choosen_TestOfMagic_13_01","",""
"Scripts/Content/Story/Dialoge/DIA_NOV_601_Igaraz.d:180","Es ist eine Aufgabe, bei der Glaube und Klugheit auf die Probe gestellt werden.","믿음과 지혜를 시험하는 과제라네.","","False","DIA_Igaranz_Choosen_TestOfMagic_13_02","",""
"Scripts/Content/Story/Dialoge/DIA_NOV_601_Igaraz.d:181","Alle erwählten Novizen nehmen daran teil - aber nur einem ist es möglich, sie erfolgreich abzulegen.","선택받은 견습생들은 모두 참여하지만, 성공적으로 끝마칠 수 있는 자는 오직 한 명뿐이야.","","False","DIA_Igaranz_Choosen_TestOfMagic_13_03","",""
"Scripts/Content/Story/Dialoge/DIA_NOV_601_Igaraz.d:186","Wie werde ich erwählt?","어떻게 하면 선택받을 수 있지?","","False","DIA_Igaranz_Choosen_HowChoosen_15_00","",""
"Scripts/Content/Story/Dialoge/DIA_NOV_601_Igaraz.d:187","Darauf hast du keinen Einfluss. Innos alleine wählt seine Novizen, und der hohe Rat verkündet seinen Willen.","그건 네가 좌우할 수 있는 게 아니다. 오직 이노스만이 자신의 견습생을 선택하고, 고위 평의회가 그의 뜻을 공표할 뿐이지.","","False","DIA_Igaranz_Choosen_HowChoosen_13_01","",""
"Scripts/Content/Story/Dialoge/DIA_NOV_601_Igaraz.d:199","Wie kann ich die Schriften studieren?","문서를 공부하려면 어떻게 해야 하지?","","False","DIA_Igaranz_StudyInnos.description","",""
"Scripts/Content/Story/Dialoge/DIA_NOV_601_Igaraz.d:215","Wie kann ich die Schriften studieren?","문서를 공부하려면 어떻게 해야 하지?","","False","DIA_Igaranz_StudyInnos_15_00","",""
"Scripts/Content/Story/Dialoge/DIA_NOV_601_Igaraz.d:216","Du musst Zugang zur Bibliothek bekommen.","도서관에 들어갈 수 있어야 해.","","False","DIA_Igaranz_StudyInnos_13_01","",""
"Scripts/Content/Story/Dialoge/DIA_NOV_601_Igaraz.d:217","Doch Meister Parlan wird dir nur den Schlüssel geben, wenn du vorher deine Pflichten erledigt hast.","하지만 파를란 마스터는 네가 임무를 먼저 완수했을 때만 열쇠를 주실 거다.","","False","DIA_Igaranz_StudyInnos_13_02","",""
"Scripts/Content/Story/Dialoge/DIA_NOV_601_Igaraz.d:247","(stolz) Es ist geschehen. Innos hat mich erwählt und ich nehme teil an der Prüfung der Magie.","(자랑스럽게) 해냈어. 이노스께서 나를 선택하셨고 난 마법의 시험에 참가할 것이다.","","False","DIA_Igaraz_IMTHEMAN_13_00","",""
"Scripts/Content/Story/Dialoge/DIA_NOV_601_Igaraz.d:259","Ich bin mit von der Partie...","나도 참가하게 됐어...","","False","DIA_Igaraz_METOO.description","",""
"Scripts/Content/Story/Dialoge/DIA_NOV_601_Igaraz.d:276","Ich bin mit von der Partie - ich habe die Prüfung des Feuers gefordert.","나도 참가하게 됐어. 불의 시험을 요구했거든.","","False","DIA_Igaraz_METOO_15_00","",""
"Scripts/Content/Story/Dialoge/DIA_NOV_601_Igaraz.d:277","Du hast WAS getan? Also entweder bist du ein Liebling von Innos oder völlig verrückt.","네가 뭘 했다고? 이노스의 총애를 받는 자이거나 완전히 미친 게 분명하군.","","False","DIA_Igaraz_METOO_13_01","",""
"Scripts/Content/Story/Dialoge/DIA_NOV_601_Igaraz.d:278","Ich habe schon 'ne Menge verrückter Sachen gemacht, dann werde ich das wohl auch schaffen ...","미친 짓은 전에도 많이 해봤으니 이번에도 해낼 수 있을 거야...","","False","DIA_Igaraz_METOO_15_02","",""
"Scripts/Content/Story/Dialoge/DIA_NOV_601_Igaraz.d:279","Innos hält seine Hand über mich - deshalb werde ich diese Prüfung bestehen.","이노스께서 나를 보살피고 계신다. 그러니 이 시험을 통과할 수 있을 거야.","","False","DIA_Igaraz_METOO_13_03","",""
"Scripts/Content/Story/Dialoge/DIA_NOV_601_Igaraz.d:283","Vielleicht können wir zusammenarbeiten... ","우리 서로 협력하는 게 어떨까... ","","False","DIA_Igaraz_METOO_Info.DIA_Igaraz_METOO.DIA_Igaraz_METOO_HELP","Info_AddChoice",""
"Scripts/Content/Story/Dialoge/DIA_NOV_601_Igaraz.d:284","Und, schon was rausgefunden?","그래서, 뭐 알아낸 거라도 있나?","","False","DIA_Igaraz_METOO_Info.DIA_Igaraz_METOO.DIA_Igaraz_METOO_TELL","Info_AddChoice",""
"Scripts/Content/Story/Dialoge/DIA_NOV_601_Igaraz.d:285","Hast du Agon oder Ulf gesehen?","아곤이나 울프를 봤나?","","False","DIA_Igaraz_METOO_Info.DIA_Igaraz_METOO.DIA_Igaraz_METOO_AGON","Info_AddChoice",""
"Scripts/Content/Story/Dialoge/DIA_NOV_601_Igaraz.d:295","Und, schon was herausgefunden?","그래서, 뭐 알아낸 거라도 있나?","","False","DIA_Igaraz_METOO_TELL_15_00","",""
"Scripts/Content/Story/Dialoge/DIA_NOV_601_Igaraz.d:296","Da du es sowieso nicht schaffen wirst, kann ich es dir auch sagen:","어차피 너는 성공하지 못할 테니 말해 주지:","","False","DIA_Igaraz_METOO_TELL_13_01","",""
"Scripts/Content/Story/Dialoge/DIA_NOV_601_Igaraz.d:297","Spare dir deine Suche bei den Bauernhöfen - dort gibt es nichts, was dich weiterbringt.","농장 근처는 찾아보지도 마. 네게 도움이 될 만한 건 거기 없으니까.","","False","DIA_Igaraz_METOO_TELL_13_02","",""
"Scripts/Content/Story/Dialoge/DIA_NOV_601_Igaraz.d:302","Vielleicht können wir zusammenarbeiten ...","우리 서로 협력하는 게 어떨까...","","False","DIA_Igaraz_METOO_HELP_15_00","",""
"Scripts/Content/Story/Dialoge/DIA_NOV_601_Igaraz.d:303","Vergiss es. Diese Mission werde ich alleine schaffen. Du wärst mir nur ein Klotz am Bein.","됐어. 이 임무는 혼자서 해낼 거다. 너는 짐만 될 뿐이야.","","False","DIA_Igaraz_METOO_HELP_13_01","",""
"Scripts/Content/Story/Dialoge/DIA_NOV_601_Igaraz.d:308","Hast du Agon oder Ulf gesehen?","아곤이나 울프를 봤나?","","False","DIA_Igaraz_METOO_AGON_15_00","",""
"Scripts/Content/Story/Dialoge/DIA_NOV_601_Igaraz.d:309","Wir haben uns an der Herberge getrennt. Ich bin zu den Bauernhöfen gegangen und die beiden sind zusammen losgezogen - aber wohin, weiß ich nicht.","여관에서 헤어졌지. 나는 농장 쪽으로 갔고, 그 둘은 같이 떠났어. 하지만 어디로 갔는지는 몰라.","","False","DIA_Igaraz_METOO_AGON_13_01","",""
"Scripts/Content/Story/Dialoge/DIA_NOV_601_Igaraz.d:321","Weißt du etwas von einem 'lebenden Fels'?","'살아있는 바위'에 대해 뭔가 아는가?","","False","DIA_Igaraz_ADD.description","",""
"Scripts/Content/Story/Dialoge/DIA_NOV_601_Igaraz.d:338","Weißt du etwas von einem 'lebenden Fels'?","'살아있는 바위'에 대해 뭔가 아는가?","","False","DIA_Igaraz_Add_15_00","",""
"Scripts/Content/Story/Dialoge/DIA_NOV_601_Igaraz.d:339","(lacht hämisch) Nein! Hat dir Serpentes diese Prüfung gegeben?","(비웃으며) 아니! 세르펜테스가 이 시험을 내주던가?","","False","DIA_Igaraz_Add_13_01","",""
"Scripts/Content/Story/Dialoge/DIA_NOV_601_Igaraz.d:340","Ja, warum?","그래, 왜?","","False","DIA_Igaraz_Add_15_02","",""
"Scripts/Content/Story/Dialoge/DIA_NOV_601_Igaraz.d:341","Ich könnte mir vorstellen, was er meint...","그가 뭘 뜻하는지 짐작은 가는데...","","False","DIA_Igaraz_Add_13_03","",""
"Scripts/Content/Story/Dialoge/DIA_NOV_601_Igaraz.d:342","Du wärst nicht der erste, der an dieser Prüfung gescheitert ist...","이 시험에서 실패한 사람이 네가 처음은 아닐 걸...","","False","DIA_Igaraz_Add_13_04","",""
"Scripts/Content/Story/Dialoge/DIA_NOV_601_Igaraz.d:343","Wo genau finde ich diesen lebenden Fels?","그 살아있는 바위는 정확히 어디에 있지?","","False","DIA_Igaraz_Add_15_05","",""
"Scripts/Content/Story/Dialoge/DIA_NOV_601_Igaraz.d:344","Folge einfach immer diesem Weg. Es ist ein ganzes Stück, dann kommst du an einem Fluß vorbei.","이 길을 따라 계속 가. 꽤 가다 보면 강이 하나 나올 거야.","","False","DIA_Igaraz_Add_13_06","",""
"Scripts/Content/Story/Dialoge/DIA_NOV_601_Igaraz.d:345","Geh einfach den Weg weiter den Berg hoch. Da oben muß es irgendwo sein.","그냥 길을 따라 산 위로 올라가. 저기 어딘가에 있을 거야.","","False","DIA_Igaraz_Add_13_07","",""
"Scripts/Content/Story/Dialoge/DIA_NOV_601_Igaraz.d:346","Wenn du über eine Brücke kommst, bist du zu weit.","다리가 나오면 너무 멀리 간 거다.","","False","DIA_Igaraz_Add_13_08","",""
"Scripts/Content/Story/Dialoge/DIA_NOV_601_Igaraz.d:347","(lacht) WENN Du überhaupt soweit kommst...","(웃으며) 거기까지 갈 수 있다면 말이지...","","False","DIA_Igaraz_Add_13_09","",""
"Scripts/Content/Story/Dialoge/DIA_NOV_601_Igaraz.d:348","Mehr werde ich dir nicht verraten... (ironisch) schließlich ist es deine Prüfung...","더는 안 가르쳐 주겠어... (비꼬듯) 결국 네 시험이니까 말이야...","","False","DIA_Igaraz_Add_13_10","",""
"Scripts/Content/Story/Dialoge/DIA_NOV_601_Igaraz.d:360","Hast du was Neues rausgefunden?","새로 알아낸 거라도 있나?","","False","DIA_Igaraz_Pruefung.description","",""
"Scripts/Content/Story/Dialoge/DIA_NOV_601_Igaraz.d:375","Hast du was Neues rausgefunden?","새로 알아낸 거라도 있나?","","False","DIA_Igaraz_Pruefung_15_00","",""
"Scripts/Content/Story/Dialoge/DIA_NOV_601_Igaraz.d:376","Bisher noch nicht, aber ich suche weiter.","아직은 없지만, 계속 찾는 중이다.","","False","DIA_Igaraz_Pruefung_13_01","",""
"Scripts/Content/Story/Dialoge/DIA_NOV_601_Igaraz.d:412","Hey, warte mal. Wir müssen reden ...","이봐, 잠깐만. 할 얘기가 있어...","","False","DIA_Igaraz_Seufz_13_00","",""
"Scripts/Content/Story/Dialoge/DIA_NOV_601_Igaraz.d:413","Das glaube ich jetzt nicht ...","믿을 수가 없군...","","False","DIA_Igaraz_Seufz_15_01","",""
"Scripts/Content/Story/Dialoge/DIA_NOV_601_Igaraz.d:414","Ich habe jahrelang auf diese Prüfung gewartet. Innos ist bei mir und ich MUSS diese Prüfung bestehen.","난 몇 년 동안이나 이 시험을 기다려왔어. 이노스께서 나와 함께 계시니 난 반드시 이 시험을 통과해야만 해.","","False","DIA_Igaraz_Seufz_13_02","",""
"Scripts/Content/Story/Dialoge/DIA_NOV_601_Igaraz.d:418","Das kommt mir bekannt vor.","어디서 많이 듣던 소리군.","","False","DIA_Igaraz_Seufz_15_03","",""
"Scripts/Content/Story/Dialoge/DIA_NOV_601_Igaraz.d:422","Da bist du nicht der Einzige.","그렇게 말하는 건 너만이 아니야.","","False","DIA_Igaraz_Seufz_15_04","",""
"Scripts/Content/Story/Dialoge/DIA_NOV_601_Igaraz.d:425","Genug gequatscht. Ich brauche das, was du gefunden hast. Also, Zeit für dich, zu sterben!","수다는 그만 떨지. 네가 찾은 게 필요하거든. 자, 죽을 시간이다!","","False","DIA_Igaraz_Seufz_13_05","",""
"Scripts/Content/Story/Dialoge/DIA_NOV_601_Igaraz.d:504","Wir müssen uns mal über Babo unterhalten.","바보에 대해 얘기를 좀 해야겠어.","","False","DIA_Igaranz_TalkAboutBabo.description","",""
"Scripts/Content/Story/Dialoge/DIA_NOV_601_Igaraz.d:517","Wir müssen uns mal über Babo unterhalten.","바보에 대해 얘기를 좀 해야겠어.","","False","DIA_Igaranz_TalkAboutBabo_15_00","",""
"Scripts/Content/Story/Dialoge/DIA_NOV_601_Igaraz.d:518","(reserviert) Ja, was ist denn los?","(쌀쌀맞게) 그래, 무슨 일인데?","","False","DIA_Igaranz_TalkAboutBabo_13_01","",""
"Scripts/Content/Story/Dialoge/DIA_NOV_601_Igaraz.d:530","Du hast etwas, was Babo gehört.","바보의 물건을 가지고 있더군.","","False","DIA_Igaranz_BabosBelongings.description","",""
"Scripts/Content/Story/Dialoge/DIA_NOV_601_Igaraz.d:543","Du hast etwas, was Babo gehört.","바보의 물건을 가지고 있더군.","","False","DIA_Igaranz_BabosBelongings_15_00","",""
"Scripts/Content/Story/Dialoge/DIA_NOV_601_Igaraz.d:544","Was soll das sein?","그게 뭔데?","","False","DIA_Igaranz_BabosBelongings_13_01","",""
"Scripts/Content/Story/Dialoge/DIA_NOV_601_Igaraz.d:545","Ein paar Papiere und Babo hätte sie gerne zurück.","서류 몇 장인데, 바보가 돌려받고 싶어 하더군.","","False","DIA_Igaranz_BabosBelongings_15_02","",""
"Scripts/Content/Story/Dialoge/DIA_NOV_601_Igaraz.d:546","(spöttisch) So, hätte er das. Das kann ich mir denken. Leider würde ich sie gerne behalten, was uns irgendwie in eine Zwickmühle bringt.","(조롱하듯) 그래, 그러시겠지. 짐작은 가네. 안타깝게도 난 그 서류들을 가지고 있고 싶어서 말이지. 곤란하게 됐군.","","False","DIA_Igaranz_BabosBelongings_13_03","",""
"Scripts/Content/Story/Dialoge/DIA_NOV_601_Igaraz.d:558","Wo hast du die Papiere?","서류는 어디에 있지?","","False","DIA_Igaranz_WhereDocs.description","",""
"Scripts/Content/Story/Dialoge/DIA_NOV_601_Igaraz.d:571","Wo hast du die Papiere?","서류는 어디에 있지?","","False","DIA_Igaranz_WhereDocs_15_00","",""
"Scripts/Content/Story/Dialoge/DIA_NOV_601_Igaraz.d:572","(selbstgefällig) Nun, ich habe sie natürlich nicht bei mir. Ich fürchte, ich kann dir da nicht weiterhelfen.","(거들먹거리며) 글쎄, 당연히 가지고 다니진 않지. 유감이지만 더 도와줄 수는 없겠는걸.","","False","DIA_Igaranz_WhereDocs_13_01","",""
"Scripts/Content/Story/Dialoge/DIA_NOV_601_Igaraz.d:573","Wo sind sie?","어디에 있는데?","","False","DIA_Igaranz_WhereDocs_15_02","",""
"Scripts/Content/Story/Dialoge/DIA_NOV_601_Igaraz.d:574","Ich habe sie sicher eingeschlossen. Und den Schlüssel wirst du nicht von mir bekommen.","안전하게 잘 잠가두었지. 그리고 열쇠는 절대 안 줄 거야.","","False","DIA_Igaranz_WhereDocs_13_03","",""
"Scripts/Content/Story/Dialoge/DIA_NOV_601_Igaraz.d:586","Was sollte Babo für dich tun?","바보한테 뭘 시키려고 했던 거지?","","False","DIA_Igaranz_BabosJob.description","",""
"Scripts/Content/Story/Dialoge/DIA_NOV_601_Igaraz.d:599","Was sollte Babo für dich tun?","바보한테 뭘 시키려고 했던 거지?","","False","DIA_Igaranz_BabosJob_15_00","",""
"Scripts/Content/Story/Dialoge/DIA_NOV_601_Igaraz.d:600","Wenn ich gewusst hätte, dass ich der Kleine wegen ein paar Sumpfkrautpflanzen gleich in die Hose macht, hätte ich dafür gesorgt, dass jemand anderer den Klostergarten pflegt.","늪초 몇 개 때문에 그 녀석이 그렇게 바지를 적실 줄 알았다면, 수도원 정원 일은 다른 녀석한테 맡겼을 거다.","","False","DIA_Igaranz_BabosJob_13_01","",""
"Scripts/Content/Story/Dialoge/DIA_NOV_601_Igaraz.d:601","Er soll Sumpfkraut anpflanzen?","늪초를 재배하게 하려는 건가?","","False","DIA_Igaranz_BabosJob_15_02","",""
"Scripts/Content/Story/Dialoge/DIA_NOV_601_Igaraz.d:602","Natürlich. Seitdem kein Zeugs mehr aus der Barriere kommt, ist der Preis in der Stadt um das Dreifache gestiegen.","당연하지. 장벽 밖으로 그 물건이 더 이상 흘러나오지 않게 되면서 도시에서의 가격이 세 배나 뛰었거든.","","False","DIA_Igaranz_BabosJob_13_03","",""
"Scripts/Content/Story/Dialoge/DIA_NOV_601_Igaraz.d:603","Es wäre für alle Beteiligten ein gutes Geschäft gewesen. Aber Babo wollte nicht mitspielen.","관련된 모두에게 꽤 짭짤한 장사가 되었을 거야. 하지만 바보가 협조하지 않더군.","","False","DIA_Igaranz_BabosJob_13_04","",""
"Scripts/Content/Story/Dialoge/DIA_NOV_601_Igaraz.d:615","Wieviel willst du für Babos Papiere haben?","바보의 서류를 얼마에 넘길 건가?","","False","DIA_Igaranz_Price.description","",""
"Scripts/Content/Story/Dialoge/DIA_NOV_601_Igaraz.d:628","Wieviel willst du für die Papiere haben?","서류를 얼마에 넘길 건가?","","False","DIA_Igaranz_Price_15_00","",""
"Scripts/Content/Story/Dialoge/DIA_NOV_601_Igaraz.d:629","(lacht) Ha, eigentlich sind sie fast nicht zu bezahlen. So was bekommt man hier echt selten zu Gesicht.","(웃으며) 하, 사실 값을 매길 수 없을 정도로 귀한 거지. 여기선 그런 걸 구경하기도 힘드니까.","","False","DIA_Igaranz_Price_13_01","",""
"Scripts/Content/Story/Dialoge/DIA_NOV_601_Igaraz.d:630","Aber ich hab keine Lust, wegen so ein paar Goldstücken meine Zukunft aufs Spiel zu setzen.","하지만 푼돈 몇 푼 때문에 내 미래를 걸고 싶진 않단 말이지.","","False","DIA_Igaranz_Price_13_02","",""
"Scripts/Content/Story/Dialoge/DIA_NOV_601_Igaraz.d:631","300 Goldstücke und du kannst mit den Papieren machen, was du willst.","300 골드만 주면 서류는 네 마음대로 해도 좋다.","","False","DIA_Igaranz_Price_13_03","",""
"Scripts/Content/Story/Dialoge/DIA_NOV_601_Igaraz.d:643","Ich will die Papiere kaufen.","그 서류를 사고 싶군.","","False","DIA_Igaranz_BuyIt.description","",""
"Scripts/Content/Story/Dialoge/DIA_NOV_601_Igaraz.d:657","Ich will die Papiere kaufen.","그 서류를 사고 싶군.","","False","DIA_Igaranz_BuyIt_15_00","",""
"Scripts/Content/Story/Dialoge/DIA_NOV_601_Igaraz.d:658","Pass auf, ich kann hier jetzt nicht weg. Ich gebe dir den Schlüssel zu meiner Truhe, da ist sowieso nichts anderes drin.","봐봐, 난 지금 여기서 떠날 수가 없어. 내 상자 열쇠를 줄 테니 가져가라고. 어차피 그 안에는 다른 건 없으니까.","","False","DIA_Igaranz_BuyIt_13_01","",""
"Scripts/Content/Story/Dialoge/DIA_NOV_601_Igaraz.d:674","(Es wäre einfach seinen Schlüssel zu stehlen)","(열쇠를 훔치는 건 어렵지 않을 것이다)","","False","DIA_Igaraz_PICKPOCKET.description","",""
"Scripts/Content/Story/Dialoge/DIA_NOV_601_Igaraz.d:791","Hast du was interessantes für mich?","흥미로운 소식이라도 있나?","","False","DIA_Igaranz_Perm.description","",""
"Scripts/Content/Story/Dialoge/DIA_NOV_601_Igaraz.d:806","Hast du was Interessantes für mich?","흥미로운 소식이라도 있나?","","False","DIA_Igaranz_Perm_15_00","",""
"Scripts/Content/Story/Dialoge/DIA_NOV_601_Igaraz.d:807","Ähm ... nein.","음... 없어.","","False","DIA_Igaranz_Perm_13_01","",""
"Scripts/Content/Story/Dialoge/DIA_NOV_602_Ulf.d:33","Was machst du hier?","여기서 뭐 하고 있지?","","False","DIA_Ulf_Hallo.description","",""
"Scripts/Content/Story/Dialoge/DIA_NOV_602_Ulf.d:48","Was machst du hier?","여기서 뭐 하고 있지?","","False","DIA_Ulf_Hallo_15_00","",""
"Scripts/Content/Story/Dialoge/DIA_NOV_602_Ulf.d:52","Ich versuche, die Aufgaben, die das Kloster mir stellt, zu eurer Zufriedenheit zu erfüllen.","수도원이 내게 부과한 임무를 만족스럽게 완수하려고 애쓰는 중이다.","","False","DIA_Ulf_Hallo_03_01","",""
"Scripts/Content/Story/Dialoge/DIA_NOV_602_Ulf.d:56","Ich bin Novize und komme vom Kloster. Ich erledige die Botengänge für die Magier und auch die Paladine.","나는 수도원에서 온 견습생이다. 마법사들과 팔라딘들의 심부름을 하고 있지.","","False","DIA_Ulf_Hallo_03_02","",""
"Scripts/Content/Story/Dialoge/DIA_NOV_602_Ulf.d:57","Ich habe die drei Wirte in der Stadt mit Wein aus dem Kloster versorgt.","도시의 여관 주인 세 명에게 수도원의 와인을 공급하고 왔어.","","False","DIA_Ulf_Hallo_03_03","",""
"Scripts/Content/Story/Dialoge/DIA_NOV_602_Ulf.d:70","Wer sind die drei Wirte?","그 여관 주인 세 명이 누구지?","","False","DIA_Ulf_Wirte.description","",""
"Scripts/Content/Story/Dialoge/DIA_NOV_602_Ulf.d:85","Wer sind die drei Wirte?","그 여관 주인 세 명이 누구지?","","False","DIA_Ulf_Wirte_15_00","",""
"Scripts/Content/Story/Dialoge/DIA_NOV_602_Ulf.d:86","Das ist zum einen der gute Mann hier hinter dem Tresen.","한 명은 바로 카운터 뒤에 계신 이 좋은 분이고.","","False","DIA_Ulf_Wirte_03_01","",""
"Scripts/Content/Story/Dialoge/DIA_NOV_602_Ulf.d:87","Dann gibt es noch Coragon, der seine Taverne am Tempelplatz hat, und Kardif, der Wirt von der Kneipe im Hafenviertel.","그리고 사원 광장에 선술집이 있는 코라곤과, 항구 구역 선술집의 주인인 카르디프가 있지.","","False","DIA_Ulf_Wirte_03_02","",""
"Scripts/Content/Story/Dialoge/DIA_NOV_602_Ulf.d:99","Was kannst du mir über das Kloster erzählen?","수도원에 대해 말해줄 수 있나?","","False","DIA_Ulf_Kloster.description","",""
"Scripts/Content/Story/Dialoge/DIA_NOV_602_Ulf.d:114","Was kannst du mir über das Kloster erzählen?","수도원에 대해 말해줄 수 있나?","","False","DIA_Ulf_Kloster_15_00","",""
"Scripts/Content/Story/Dialoge/DIA_NOV_602_Ulf.d:115","Wir Novizen suchen Erleuchtung im Gebet zu Innos und lernen von den Magiern die Grundsätze des Glaubens.","우리 견습생들은 이노스께 기도를 드리며 깨달음을 구하고, 마법사들에게서 신앙의 원칙을 배운다.","","False","DIA_Ulf_Kloster_03_01","",""
"Scripts/Content/Story/Dialoge/DIA_NOV_602_Ulf.d:116","Wir dienen ihnen, so wie wir Innos dienen und bereiten uns auf den Bund mit dem Feuer vor.","우리가 이노스를 섬기듯 그들을 섬기며, 불과의 결합을 준비하고 있지.","","False","DIA_Ulf_Kloster_03_02","",""
"Scripts/Content/Story/Dialoge/DIA_NOV_602_Ulf.d:128","Bring mich zum Kloster.","수도원으로 데려다 다오.","","False","DIA_Ulf_Bringen.description","",""
"Scripts/Content/Story/Dialoge/DIA_NOV_602_Ulf.d:144","Bring mich zum Kloster.","수도원으로 데려다 다오.","","False","DIA_Ulf_Bringen_15_00","",""
"Scripts/Content/Story/Dialoge/DIA_NOV_602_Ulf.d:145","Vergiss es. Weißt du, wie vielen Viechern ich auf dem Weg ausgewichen bin?","됐어. 내가 오면서 얼마나 많은 괴물들을 피해 왔는지 알아?","","False","DIA_Ulf_Bringen_03_01","",""
"Scripts/Content/Story/Dialoge/DIA_NOV_602_Ulf.d:146","Wenn ich an diese ganzen Blutfliegen, Wölfe und Goblins denke, dann bin ich froh, dass ich nicht mehr weg muss.","저 수많은 흡혈파리와 늑대, 고블린들을 생각하면, 이제 이곳을 떠날 필요가 없다는 게 정말 다행이야.","","False","DIA_Ulf_Bringen_03_02","",""
"Scripts/Content/Story/Dialoge/DIA_NOV_602_Ulf.d:147","Außerdem kannst du eh nicht ins Kloster.","게다가 애초에 너는 수도원에 들어갈 수도 없어.","","False","DIA_Ulf_Bringen_03_03","",""
"Scripts/Content/Story/Dialoge/DIA_NOV_602_Ulf.d:148","Warum nicht?","왜지?","","False","DIA_Ulf_Bringen_15_04","",""
"Scripts/Content/Story/Dialoge/DIA_NOV_602_Ulf.d:149","Der Zugang ist nur den Magiern, Paladinen und Novizen erlaubt.","이곳은 마법사와 팔라딘, 그리고 견습생들만 출입할 수 있거든.","","False","DIA_Ulf_Bringen_03_05","",""
"Scripts/Content/Story/Dialoge/DIA_NOV_602_Ulf.d:161","Wie kann ich Novize werden?","어떻게 하면 견습생이 될 수 있지?","","False","DIA_Ulf_Aufnahme.description","",""
"Scripts/Content/Story/Dialoge/DIA_NOV_602_Ulf.d:175","Wie kann ich Novize werden?","어떻게 하면 견습생이 될 수 있지?","","False","DIA_Ulf_Aufnahme_15_00","",""
"Scripts/Content/Story/Dialoge/DIA_NOV_602_Ulf.d:176","Wenn ein Mann den tiefen Wunsch verspürt ...","누군가 깊은 열망을 느낀다면...","","False","DIA_Ulf_Aufnahme_03_01","",""
"Scripts/Content/Story/Dialoge/DIA_NOV_602_Ulf.d:177","Hey - sag mir einfach nur, was die Bedingungen sind.","이봐, 조건이 뭔지나 말해줘.","","False","DIA_Ulf_Aufnahme_15_02","",""
"Scripts/Content/Story/Dialoge/DIA_NOV_602_Ulf.d:178","Du brauchst die Gaben. Ein Schaf und ...","헌물이 필요해. 양 한 마리와...","","False","DIA_Ulf_Aufnahme_03_03","",""
"Scripts/Content/Story/Dialoge/DIA_NOV_602_Ulf.d:195","Wo soll ich so viel Gold hernehmen?","그렇게 많은 금은 어디서 구해야 하지?","","False","DIA_Ulf_Gold.description","",""
"Scripts/Content/Story/Dialoge/DIA_NOV_602_Ulf.d:209","Wo soll ich so viel Gold hernehmen?","그렇게 많은 금은 어디서 구해야 하지?","","False","DIA_Ulf_Gold_15_00","",""
"Scripts/Content/Story/Dialoge/DIA_NOV_602_Ulf.d:210","Da du offensichtlich niemanden kennst, der das mal eben für dich bezahlt, musst du halt arbeiten gehen.","네 대신 그런 걸 지불해 줄 사람을 아는 것도 아니니, 네가 직접 일해서 벌어야지.","","False","DIA_Ulf_Gold_03_01","",""
"Scripts/Content/Story/Dialoge/DIA_NOV_602_Ulf.d:222","Woher kriege ich ein Schaf? ","양은 어디서 구할 수 있지? ","","False","DIA_Ulf_Schaf.description","",""
"Scripts/Content/Story/Dialoge/DIA_NOV_602_Ulf.d:236","Woher kriege ich ein Schaf?","양은 어디서 구할 수 있지?","","False","DIA_Ulf_Schaf_15_00","",""
"Scripts/Content/Story/Dialoge/DIA_NOV_602_Ulf.d:237","Von den Bauern natürlich. Aber umsonst wirst du das nicht bekommen.","물론 농부들에게서지. 하지만 공짜로 얻을 순 없을 거다.","","False","DIA_Ulf_Schaf_03_01","",""
"Scripts/Content/Story/Dialoge/DIA_NOV_602_Ulf.d:266","Hey, weißt du, was passiert ist?","이봐, 무슨 일 있었는지 알아?","","False","DIA_Ulf_Suche_03_00","",""
"Scripts/Content/Story/Dialoge/DIA_NOV_602_Ulf.d:267","Du bist erwählt worden.","네가 선택받았다는 거로군.","","False","DIA_Ulf_Suche_15_01","",""
"Scripts/Content/Story/Dialoge/DIA_NOV_602_Ulf.d:268","Richtig. Gerade eben will ich noch einen kühlen Schluck Bier zu mir nehmen - da biegt Daron um die Ecke und erläutert mir, dass ich erwählt bin.","맞아. 마침 시원한 맥주 한 모금 마시려던 참이었는데, 다론이 모퉁이를 돌아서더니 내가 선택받았다고 알려주더군.","","False","DIA_Ulf_Suche_03_02","",""
"Scripts/Content/Story/Dialoge/DIA_NOV_602_Ulf.d:269","Wer hätte das gedacht? Innos' Wille ist halt unergründlich. Und was führt dich her?","누가 알았겠어? 이노스의 뜻은 정말 헤아릴 수 없다니까. 그런데 무슨 일로 여길 왔지?","","False","DIA_Ulf_Suche_03_03","",""
"Scripts/Content/Story/Dialoge/DIA_NOV_602_Ulf.d:270","Ich habe die Prüfung des Feuers gefordert.","나는 불꽃의 시련을 요구했어.","","False","DIA_Ulf_Suche_15_04","",""
"Scripts/Content/Story/Dialoge/DIA_NOV_602_Ulf.d:271","Nicht möglich?! Junge, du bist aber verdammt mutig. Heißt das, du suchst auch das, 'was der Gläubige hinter dem Pfad findet'?","설마?! 이 친구, 엄청나게 용감하네. 그렇다면 '신도들이 길 뒤편에서 발견하는 것'도 찾고 있다는 뜻인가?","","False","DIA_Ulf_Suche_03_05","",""
"Scripts/Content/Story/Dialoge/DIA_NOV_602_Ulf.d:272","So sieht's aus.","그렇게 됐지.","","False","DIA_Ulf_Suche_15_06","",""
"Scripts/Content/Story/Dialoge/DIA_NOV_602_Ulf.d:284","Hast du schon was rausgefunden?","뭔가 알아낸 게 있어?","","False","DIA_Ulf_Rausgefunden.description","",""
"Scripts/Content/Story/Dialoge/DIA_NOV_602_Ulf.d:299","Hast du schon was rausgefunden?","뭔가 알아낸 게 있어?","","False","DIA_Ulf_Rausgefunden_15_00","",""
"Scripts/Content/Story/Dialoge/DIA_NOV_602_Ulf.d:300","Na ja, ich bin einfach mal Agon gefolgt - aber inzwischen habe ich ihn verloren.","글쎄, 그냥 아곤을 따라가 봤는데... 도중에 놓쳐버렸어.","","False","DIA_Ulf_Rausgefunden_03_01","",""
"Scripts/Content/Story/Dialoge/DIA_NOV_602_Ulf.d:301","Und jetzt ... wie es hieß es noch? Folge den Zeichen Innos'. Aber das mit dem Pfad verstehe ich nicht ...","그리고 이제... 뭐라고 했더라? 이노스의 표식을 따르라고 했지. 하지만 길에 대한 건 잘 이해가 안 가...","","False","DIA_Ulf_Rausgefunden_03_02","",""
"Scripts/Content/Story/Dialoge/DIA_NOV_602_Ulf.d:302","Was soll's, ich suche mal weiter.","됐어, 계속 찾아봐야지.","","False","DIA_Ulf_Rausgefunden_03_03","",""
"Scripts/Content/Story/Dialoge/DIA_NOV_602_Ulf.d:317","Folgst du mir etwa?","혹시 나를 따라오고 있는 건가?","","False","DIA_Ulf_Folgen.description","",""
"Scripts/Content/Story/Dialoge/DIA_NOV_602_Ulf.d:332","Folgst du mir etwa?","혹시 나를 따라오고 있는 건가?","","False","DIA_Ulf_Folgen_15_00","",""
"Scripts/Content/Story/Dialoge/DIA_NOV_602_Ulf.d:333","Quatsch. Ich gehe nur zufällig den gleichen Weg wie du.","헛소리 마. 우연히 너랑 같은 길로 가고 있을 뿐이야.","","False","DIA_Ulf_Folgen_03_01","",""
"Scripts/Content/Story/Dialoge/DIA_NOV_602_Ulf.d:347","Hör auf mir nachzulaufen!","그만 따라와!","","False","DIA_Ulf_Stop.description","",""
"Scripts/Content/Story/Dialoge/DIA_NOV_602_Ulf.d:362","Hör auf mir nachzulaufen!","그만 따라와!","","False","DIA_Ulf_Stop_15_00","",""
"Scripts/Content/Story/Dialoge/DIA_NOV_602_Ulf.d:363","Ich laufe dir nicht nach. Aber bitte, wenn du das glaubst - dann gehe ich jetzt woanders lang.","너 안 따라가거든. 하지만 네가 그렇게 생각한다면... 알았어, 다른 길로 갈게.","","False","DIA_Ulf_Stop_03_01","",""
"Scripts/Content/Story/Dialoge/DIA_NOV_602_Ulf.d:393","So sieht man sich wieder. Weißt du - ich habe nachgedacht. Ich glaube, der Wunsch Magier zu sein, ist stark in mir.","이렇게 다시 만나네. 저기... 내가 생각을 해봤는데 말이야. 마법사가 되고자 하는 내 열망이 아주 강한 것 같아.","","False","DIA_Ulf_Abrechnung_03_00","",""
"Scripts/Content/Story/Dialoge/DIA_NOV_602_Ulf.d:394","Oh Mann - tu das nicht ...","이런 제발... 그러지 마...","","False","DIA_Ulf_Abrechnung_15_01","",""
"Scripts/Content/Story/Dialoge/DIA_NOV_602_Ulf.d:395","Ich habe keine Wahl. Das Leben als Novize ist nichts für mich.","나도 어쩔 수가 없어. 견습생의 삶은 내 체질에 안 맞거든.","","False","DIA_Ulf_Abrechnung_03_02","",""
"Scripts/Content/Story/Dialoge/DIA_NOV_602_Ulf.d:396","Ich muss einfach Magier werden. Dann wird alles gut für mich. Und jetzt werde ich mir das nehmen, was mir zusteht.","난 반드시 마법사가 되어야겠어. 그래야 내 인생이 풀릴 거야. 이제 내게 마땅히 주어져야 할 것을 가져가야겠어.","","False","DIA_Ulf_Abrechnung_03_03","",""
"Scripts/Content/Story/Dialoge/DIA_NOV_602_Ulf.d:397","Hast du noch was zu sagen, bevor es zu Ende geht?","끝나기 전에 할 말이라도 있나?","","False","DIA_Ulf_Abrechnung_03_04","",""
"Scripts/Content/Story/Dialoge/DIA_NOV_602_Ulf.d:400","Lass es sein, ich will dich nicht töten. ","관둬, 널 죽이고 싶진 않으니까. ","","False","DIA_Ulf_Abrechnung_Info.DIA_Ulf_Abrechnung.DIA_Ulf_Abrechnung_Lass","Info_AddChoice",""
"Scripts/Content/Story/Dialoge/DIA_NOV_602_Ulf.d:401","Kommen wir direkt zur Sache - ich muss noch zum Kloster.","본론으로 바로 가자고. 난 아직 수도원에 가야 하거든.","","False","DIA_Ulf_Abrechnung_Info.DIA_Ulf_Abrechnung.DIA_Ulf_Abrechnung_Schnell","Info_AddChoice",""
"Scripts/Content/Story/Dialoge/DIA_NOV_602_Ulf.d:402","Hast du was zu rauchen?","피울 거라도 좀 있나?","","False","DIA_Ulf_Abrechnung_Info.DIA_Ulf_Abrechnung.DIA_Ulf_Abrechnung_Rauch","Info_AddChoice",""
"Scripts/Content/Story/Dialoge/DIA_NOV_602_Ulf.d:407","Lass es sein, ich will dich nicht töten.","관둬, 널 죽이고 싶진 않으니까.","","False","DIA_Ulf_Abrechnung_Lass_15_00","",""
"Scripts/Content/Story/Dialoge/DIA_NOV_602_Ulf.d:408","Große Worte. Aber du weißt, dass du keine Chance gegen mich hast! Auf geht's.","허세는. 하지만 나를 상대로 승산이 없단 건 너도 알 텐데! 덤벼라.","","False","DIA_Ulf_Abrechnung_Lass_03_01","",""
"Scripts/Content/Story/Dialoge/DIA_NOV_602_Ulf.d:416","Kommen wir direkt zur Sache - ich muss noch zum Kloster.","본론으로 바로 가자고. 난 아직 수도원에 가야 하거든.","","False","DIA_Ulf_Abrechnung_Schnell_15_00","",""
"Scripts/Content/Story/Dialoge/DIA_NOV_602_Ulf.d:417","Du wirst nirgendwo mehr hingehen!","넌 이제 어디에도 갈 수 없다!","","False","DIA_Ulf_Abrechnung_Schnell_03_01","",""
"Scripts/Content/Story/Dialoge/DIA_NOV_602_Ulf.d:425","Hast du was zu rauchen?","피울 거라도 좀 있나?","","False","DIA_Ulf_Abrechnung_Rauch_15_00","",""
"Scripts/Content/Story/Dialoge/DIA_NOV_602_Ulf.d:426","Du hast Glück. Ich hab tatsächlich was dabei.","운이 좋군. 마침 가진 게 좀 있으니까.","","False","DIA_Ulf_Abrechnung_Rauch_03_01","",""
"Scripts/Content/Story/Dialoge/DIA_NOV_602_Ulf.d:430","Bringen wir es hinter uns.","끝내버리자고.","","False","DIA_Ulf_Abrechnung_Rauch_03_02","",""
"Scripts/Content/Story/Dialoge/DIA_NOV_602_Ulf.d:462","Hey, glaubst du wirklich, dass wir hier richtig sind? Dahinten haust irgendwo ein Troll.","이봐, 우리가 제대로 가고 있는 게 맞나? 저 뒤쪽 어딘가에 트롤이 살고 있다고.","","False","DIA_Ulf_Troll_03_00","",""
"Scripts/Content/Story/Dialoge/DIA_NOV_602_Ulf.d:463","Ich glaube, ich such mal lieber in einer anderen Richtung.","다른 쪽을 찾아보는 게 나을 것 같아.","","False","DIA_Ulf_Troll_03_01","",""
"Scripts/Content/Story/Dialoge/DIA_NOV_603_Agon.d:48","(geringschätzend) Was willst Du?","(경멸하듯) 네가 뭔데?","","False","DIA_Agon_Hello_07_00","",""
"Scripts/Content/Story/Dialoge/DIA_NOV_603_Agon.d:60","Ich hab hier 'ne Schafswurst für dich.","너한테 줄 양고기 소시지를 가져왔어.","","False","DIA_Agon_Wurst.description","",""
"Scripts/Content/Story/Dialoge/DIA_NOV_603_Agon.d:76","Ich hab hier 'ne Schafswurst für dich.","너한테 줄 양고기 소시지를 가져왔어.","","False","DIA_Agon_Wurst_15_00","",""
"Scripts/Content/Story/Dialoge/DIA_NOV_603_Agon.d:77","Schafswurst, Schafskäse ... Schafsmilch ... so langsam kann ich es nicht mehr sehen.","양고기 소시지, 양젖 치즈... 양젖... 이제 보기도 지긋지긋해.","","False","DIA_Agon_Wurst_07_01","",""
"Scripts/Content/Story/Dialoge/DIA_NOV_603_Agon.d:78","Willst du jetzt die Wurst, oder nicht?","소시지 받을 거야, 말 거야?","","False","DIA_Agon_Wurst_15_02","",""
"Scripts/Content/Story/Dialoge/DIA_NOV_603_Agon.d:79","Ach, gib schon her!","아이, 이리 내놔!","","False","DIA_Agon_Wurst_07_03","",""
"Scripts/Content/Story/Dialoge/DIA_NOV_603_Agon.d:103","Ich bin neu hier","전 여기에 새로 왔습니다","","False","DIA_Agon_New.description","",""
"Scripts/Content/Story/Dialoge/DIA_NOV_603_Agon.d:117","Ich bin neu hier.","전 여기에 새로 왔습니다.","","False","DIA_Agon_New_15_00","",""
"Scripts/Content/Story/Dialoge/DIA_NOV_603_Agon.d:118","Das sehe ich.","그렇군.","","False","DIA_Agon_New_07_01","",""
"Scripts/Content/Story/Dialoge/DIA_NOV_603_Agon.d:119","Wenn du noch keine Arbeit hast, dann wende dich an Parlan. Er wird dir eine zuteilen.","아직 할 일이 없다면 파를란을 찾아가 봐. 그가 일을 배당해 줄 거야.","","False","DIA_Agon_New_07_02","",""
"Scripts/Content/Story/Dialoge/DIA_NOV_603_Agon.d:131","Was ist zwischen dir und Babo passiert?","너와 바보 사이에 무슨 일이 있었던 거지?","","False","DIA_Agon_YouAndBabo.description","",""
"Scripts/Content/Story/Dialoge/DIA_NOV_603_Agon.d:146","Was ist zwischen dir und Babo passiert?","너와 바보 사이에 무슨 일이 있었던 거지?","","False","DIA_Agon_YouAndBabo_15_00","",""
"Scripts/Content/Story/Dialoge/DIA_NOV_603_Agon.d:147","Du solltest nicht alles glauben, was man dir erzählt.","남이 하는 말을 고곧대로 믿지 않는 게 좋을걸.","","False","DIA_Agon_YouAndBabo_07_01","",""
"Scripts/Content/Story/Dialoge/DIA_NOV_603_Agon.d:148","(eindringlich) Nur damit wir uns verstehen: Ich werde meinen Weg gehen. Den Weg, den Innos mir vorherbestimmt hat.","(지독하게) 확실히 해두겠는데, 난 내 길을 갈 거다. 이노스께서 내게 예정해주신 그 길을 말이야.","","False","DIA_Agon_YouAndBabo_07_02","",""
"Scripts/Content/Story/Dialoge/DIA_NOV_603_Agon.d:149","Ich werde nicht zulassen, dass mich irgendwer daran hindert, schon gar nicht dieser einfältige Babo.","그 누구도 내 앞을 가로막는 걸 용납하지 않겠어. 하물며 저 멍청한 바보는 말할 것도 없지.","","False","DIA_Agon_YouAndBabo_07_03","",""
"Scripts/Content/Story/Dialoge/DIA_NOV_603_Agon.d:152","Sollten wir Novizen nicht zusammenhalten?","우리 견습생끼리 서로 돕고 살아야 하지 않겠어?","","False","DIA_Agon_YouAndBabo_Info.DIA_Agon_YouAndBabo.DIA_Agon_YouAndBabo_AllTogether","Info_AddChoice",""
"Scripts/Content/Story/Dialoge/DIA_NOV_603_Agon.d:153","Nur Innos weiß, welchen Weg wir gehen werden.","우리가 어떤 길을 가게 될지는 오직 이노스님만 아신다.","","False","DIA_Agon_YouAndBabo_Info.DIA_Agon_YouAndBabo.DIA_Agon_YouAndBabo_InnosWay","Info_AddChoice",""
"Scripts/Content/Story/Dialoge/DIA_NOV_603_Agon.d:154","Wir werden uns gut verstehen.","우린 잘 지낼 수 있을 거야.","","False","DIA_Agon_YouAndBabo_Info.DIA_Agon_YouAndBabo.DIA_Agon_YouAndBabo_Understand","Info_AddChoice",""
"Scripts/Content/Story/Dialoge/DIA_NOV_603_Agon.d:159","Sollten wir Novizen nicht zusammenhalten?","우리 견습생끼리 서로 돕고 살아야 하지 않겠어?","","False","DIA_Agon_YouAndBabo_AllTogether_15_00","",""
"Scripts/Content/Story/Dialoge/DIA_NOV_603_Agon.d:160","Ihr könnt von mir aus zusammenhalten, soviel ihr wollt.","너희들끼리 마음대로 돕든 말든 상관없어.","","False","DIA_Agon_YouAndBabo_AllTogether_07_01","",""
"Scripts/Content/Story/Dialoge/DIA_NOV_603_Agon.d:161","Aber bitte, stehlt mir nicht meine Zeit. (kalt) Und es sollte sich mir niemand in den Weg stellen.","그러니 제발 내 시간을 낭비하게 하지 마. (차갑게) 그리고 내 길을 가로막는 자는 누구든 가만두지 않겠어.","","False","DIA_Agon_YouAndBabo_AllTogether_07_02","",""
"Scripts/Content/Story/Dialoge/DIA_NOV_603_Agon.d:168","Nur Innos weiß, welchen Weg wir gehen werden.","우리가 어떤 길을 가게 될지는 오직 이노스님만 아신다.","","False","DIA_Agon_YouAndBabo_InnosWay_15_00","",""
"Scripts/Content/Story/Dialoge/DIA_NOV_603_Agon.d:169","Meine Familie stand schon immer hoch in der Gunst Innos' und daran wird sich auch nichts ändern.","우리 가문은 언제나 이노스의 각별한 은총을 받아왔고, 앞으로도 그럴 것이다.","","False","DIA_Agon_YouAndBabo_InnosWay_07_01","",""
"Scripts/Content/Story/Dialoge/DIA_NOV_603_Agon.d:176","Wir werden uns gut verstehen.","우린 잘 지낼 수 있을 거야.","","False","DIA_Agon_YouAndBabo_Understand_15_00","",""
"Scripts/Content/Story/Dialoge/DIA_NOV_603_Agon.d:177","Das hoffe ich. Wenn ich erstmal Magier bin, kann ich ein gutes Wort für dich einlegen.","그랬으면 좋겠군. 내가 마법사가 되면, 너를 위해 좋은 말을 해줄 수도 있을 테니까.","","False","DIA_Agon_YouAndBabo_Understand_07_01","",""
"Scripts/Content/Story/Dialoge/DIA_NOV_603_Agon.d:192","Was wird hier gepflanzt?","여기서 뭘 기르고 있는 거지?","","False","DIA_Agon_GetHerb.description","",""
"Scripts/Content/Story/Dialoge/DIA_NOV_603_Agon.d:205","Was wird hier gepflanzt?","여기서 뭘 기르고 있는 거지?","","False","DIA_Agon_GetHerb_15_00","",""
"Scripts/Content/Story/Dialoge/DIA_NOV_603_Agon.d:206","Wir versuchen Heilpflanzen zu züchten, damit Meister Neoras daraus Tränke brauen kann.","니오라스 스승님께서 포션을 만드실 수 있도록 힐링 플랜트를 재배하려고 노력 중이야.","","False","DIA_Agon_GetHerb_07_01","",""
"Scripts/Content/Story/Dialoge/DIA_NOV_603_Agon.d:232","(triumphierend) Du kommst zu spät!","(의기양양하게) 넌 너무 늦었어!","","False","DIA_Agon_GolemDead_07_00","",""
"Scripts/Content/Story/Dialoge/DIA_NOV_603_Agon.d:233","Ich war zuerst hier! Ich habe gewonnen!","내가 먼저 왔다! 내가 이겼다고!","","False","DIA_Agon_GolemDead_07_01","",""
"Scripts/Content/Story/Dialoge/DIA_NOV_603_Agon.d:236","(drohend)Nur wenn Du hier lebend rauskommst!","(위협적으로) 여기서 살아 나갈 수 있다면 말이지!","","False","DIA_Agon_GolemDead_Info.DIA_Agon_GolemDead.DIA_Agon_GolemDead_NoWay","Info_AddChoice",""
"Scripts/Content/Story/Dialoge/DIA_NOV_603_Agon.d:237","Halt die Klappe!","입 다물어!","","False","DIA_Agon_GolemDead_Info.DIA_Agon_GolemDead.DIA_Agon_GolemDead_ShutUp","Info_AddChoice",""
"Scripts/Content/Story/Dialoge/DIA_NOV_603_Agon.d:238","Gratuliere, du hast es wirklich verdient.","축하해, 넌 정말 그럴 자격이 있어.","","False","DIA_Agon_GolemDead_Info.DIA_Agon_GolemDead.DIA_Agon_GolemDead_Congrat","Info_AddChoice",""
"Scripts/Content/Story/Dialoge/DIA_NOV_603_Agon.d:243","(drohend) Nur, wenn du hier lebend rauskommst.","(위협적으로) 네가 여기서 살아 나갈 수 있다면 말이다.","","False","DIA_Agon_GolemDead_NoWay_15_00","",""
"Scripts/Content/Story/Dialoge/DIA_NOV_603_Agon.d:244","Willst du mich töten? Das wird dir nicht gelingen.","날 죽이겠다는 건가? 맘대로 안 될 걸.","","False","DIA_Agon_GolemDead_NoWay_07_01","",""
"Scripts/Content/Story/Dialoge/DIA_NOV_603_Agon.d:252","Halt die Klappe!","입 다물어!","","False","DIA_Agon_GolemDead_ShutUp_15_00","",""
"Scripts/Content/Story/Dialoge/DIA_NOV_603_Agon.d:253","(höhnisch) Es ist aussichtslos, du hast verloren! Finde dich damit ab.","(조롱하듯) 헛수고야, 네가 졌어! 현실을 받아들여.","","False","DIA_Agon_GolemDead_ShutUp_07_01","",""
"Scripts/Content/Story/Dialoge/DIA_NOV_603_Agon.d:254","Nur mir ist es bestimmt, Magier zu werden.","마법사가 될 운명은 오직 나뿐이다.","","False","DIA_Agon_GolemDead_ShutUp_07_02","",""
"Scripts/Content/Story/Dialoge/DIA_NOV_603_Agon.d:257","Dir ist gar nichts bestimmt. Die Truhe gehört mir.","무슨 개소리야. 그 상자는 내 거야.","","False","DIA_Agon_GolemDead_ShutUp.DIA_Agon_GolemDead.DIA_Agon_GolemDead_ShutUp_MyChest","Info_AddChoice",""
"Scripts/Content/Story/Dialoge/DIA_NOV_603_Agon.d:258","Du hast gewonnen.","네가 이겼어.","","False","DIA_Agon_GolemDead_ShutUp.DIA_Agon_GolemDead.DIA_Agon_GolemDead_ShutUp_YouWin","Info_AddChoice",""
"Scripts/Content/Story/Dialoge/DIA_NOV_603_Agon.d:263","Dir ist gar nichts bestimmt. Die Truhe gehört mir.","무슨 개소리야. 그 상자는 내 거야.","","False","DIA_Agon_GolemDead_ShutUp_MyChest_15_00","",""
"Scripts/Content/Story/Dialoge/DIA_NOV_603_Agon.d:264","(aufgebracht) Nein, das kannst du nicht tun, eher werde ich dich töten.","(격분하며) 안 돼, 그럴 순 없어. 차라리 널 죽여버리겠어.","","False","DIA_Agon_GolemDead_ShutUp_MyChest_07_01","",""
"Scripts/Content/Story/Dialoge/DIA_NOV_603_Agon.d:272","Du hast gewonnen.","네가 이겼어.","","False","DIA_Agon_GolemDead_ShutUp_YouWin_15_00","",""
"Scripts/Content/Story/Dialoge/DIA_NOV_603_Agon.d:273","(aufgebracht) Nein, du täuschst mich nicht. Du willst mich aus dem Weg räumen.","(격분하며) 아니, 날 속일 순 없다. 날 제거하려는 거잖아.","","False","DIA_Agon_GolemDead_ShutUp_YouWin_07_01","",""
"Scripts/Content/Story/Dialoge/DIA_NOV_603_Agon.d:274","Das werde ich verhindern!","그 꼴은 못 보겠지!","","False","DIA_Agon_GolemDead_ShutUp_YouWin_07_02","",""
"Scripts/Content/Story/Dialoge/DIA_NOV_603_Agon.d:282","Gratuliere, du hast es wirklich verdient.","축하해, 넌 정말 그럴 자격이 있어.","","False","DIA_Agon_GolemDead_Congrat_15_00","",""
"Scripts/Content/Story/Dialoge/DIA_NOV_603_Agon.d:283","(misstrauisch) Was soll das? Was hast du vor?","(의심스럽게) 이게 무슨 짓이지? 무슨 꿍꿍이야?","","False","DIA_Agon_GolemDead_Congrat_07_01","",""
"Scripts/Content/Story/Dialoge/DIA_NOV_603_Agon.d:284","Wovon redest du?","무슨 소리야?","","False","DIA_Agon_GolemDead_Congrat_15_02","",""
"Scripts/Content/Story/Dialoge/DIA_NOV_603_Agon.d:285","(aufgeregt) Du willst mir den Sieg streitig machen. Du willst mich töten und den ganzen Ruhm für dich haben!","(흥분하며) 내 승리를 가로채려는 거잖아. 날 죽이고 영광을 독차지하려는 거지!","","False","DIA_Agon_GolemDead_Congrat_07_03","",""
"Scripts/Content/Story/Dialoge/DIA_NOV_603_Agon.d:286","Das wird dir nicht gelingen!","그렇게 두진 않겠다!","","False","DIA_Agon_GolemDead_Congrat_07_04","",""
"Scripts/Content/Story/Dialoge/DIA_NOV_603_Agon.d:315","(Überrascht) Du hast das Versteck vor mir gefunden. Das kann nicht sein ...","(놀라며) 나보다 먼저 은신처를 찾았다고. 그럴 리가 없는데...","","False","DIA_Agon_GolemLives_07_00","",""
"Scripts/Content/Story/Dialoge/DIA_NOV_603_Agon.d:316","(entschlossen) Das darf nicht sein! Das werde ich nicht zulassen.","(단호하게) 이럴 순 없어! 용납할 수 없다.","","False","DIA_Agon_GolemLives_07_01","",""
"Scripts/Content/Story/Dialoge/DIA_NOV_603_Agon.d:317","Man wird noch nicht mal deine Leiche finden.","네 시체조차 찾지 못하게 될 거다.","","False","DIA_Agon_GolemLives_07_02","",""
"Scripts/Content/Story/Dialoge/DIA_NOV_603_Agon.d:366","Wie geht's denn so?","요즘 어때?","","False","DIA_Agon_Perm.description","",""
"Scripts/Content/Story/Dialoge/DIA_NOV_603_Agon.d:380","Wie geht's denn so?","요즘 어때?","","False","DIA_Agon_Perm_15_00","",""
"Scripts/Content/Story/Dialoge/DIA_NOV_603_Agon.d:384","Oh - danke der Nachfrage, Herr Paladin. Die Arbeit hier macht mich glücklich und ich werde bestimmt bald zum Magier erwählt.","아, 걱정해 주셔서 감사합니다, 팔라딘님. 여기서 일하는 것은 정말 행복하고, 분명 곧 마법사로 선택될 겁니다.","","False","DIA_Agon_Perm_07_01","",""
"Scripts/Content/Story/Dialoge/DIA_NOV_603_Agon.d:388","(arrogant) Du bist nur Gast hier im Kloster Innos'. Also solltest du dich entsprechend benehmen und mich nicht bei der Arbeit stören. Guten Tag.","(거만하게) 넌 이노스 수도원에 온 손님에 불과해. 그러니 그에 걸맞게 행동하고 내 일을 방해하지 마. 좋은 하루 보내라고.","","False","DIA_Agon_Perm_07_02","",""
"Scripts/Content/Story/Dialoge/DIA_NOV_604_Dyrian.d:50","(traurig) Was willst du?","(슬프게) 무슨 일이지?","","False","DIA_Dyrian_Hello_13_00","",""
"Scripts/Content/Story/Dialoge/DIA_NOV_604_Dyrian.d:62","Ich verteile gerade Würste.","소시지를 배분하는 중이야.","","False","DIA_Dyrian_Wurst.description","",""
"Scripts/Content/Story/Dialoge/DIA_NOV_604_Dyrian.d:78","Ich verteile gerade Würste.","소시지를 배분하는 중이야.","","False","DIA_Dyrian_Wurst_15_00","",""
"Scripts/Content/Story/Dialoge/DIA_NOV_604_Dyrian.d:79","Danke. Hoffentlich wird das nicht meine letzte Wurst sein, die ich hier bekomme.","고마워. 여기서 받는 마지막 소시지가 아니었으면 좋겠군.","","False","DIA_Dyrian_Wurst_13_01","",""
"Scripts/Content/Story/Dialoge/DIA_NOV_604_Dyrian.d:103","Was machst Du hier?","여기서 뭐 하고 있지?","","False","DIA_Dyrian_Job.description","",""
"Scripts/Content/Story/Dialoge/DIA_NOV_604_Dyrian.d:119","Was machst du hier?","여기서 뭐 하고 있지?","","False","DIA_Dyrian_Job_15_00","",""
"Scripts/Content/Story/Dialoge/DIA_NOV_604_Dyrian.d:120","Ich habe gegen die Gebote der Gemeinschaft verstoßen.","공동체의 규율을 어겼거든.","","False","DIA_Dyrian_Job_13_01","",""
"Scripts/Content/Story/Dialoge/DIA_NOV_604_Dyrian.d:121","Jetzt warte ich auf die Entscheidung des Hohen Rates, ob ich im Kloster bleiben darf.","지금은 수도원에 계속 남을 수 있을지 최고 평의회의 결정을 기다리는 중이야.","","False","DIA_Dyrian_Job_13_02","",""
"Scripts/Content/Story/Dialoge/DIA_NOV_604_Dyrian.d:133","Erzähl mir, was passiert ist.","무슨 일인지 말해줘.","","False","DIA_Dyrian_WhatDone.description","",""
"Scripts/Content/Story/Dialoge/DIA_NOV_604_Dyrian.d:149","Erzähl mir, was passiert ist.","무슨 일인지 말해줘.","","False","DIA_Dyrian_WhatDone_15_00","",""
"Scripts/Content/Story/Dialoge/DIA_NOV_604_Dyrian.d:150","Ich habe beim Fegen in den Räumen der Magier ein Buch mitgenommen, um es später zu lesen.","마법사들의 방을 청소하다가 나중에 읽으려고 책 한 권을 챙겼어.","","False","DIA_Dyrian_WhatDone_13_01","",""
"Scripts/Content/Story/Dialoge/DIA_NOV_604_Dyrian.d:151","Meister Hyglas hat es natürlich sofort bemerkt und mich nach dem Buch gefragt.","히글라스 스승님이 그걸 눈치채고는 내게 책에 대해 물어보셨지.","","False","DIA_Dyrian_WhatDone_13_02","",""
"Scripts/Content/Story/Dialoge/DIA_NOV_604_Dyrian.d:152","Aus Angst vor Bestrafung habe ich es geleugnet - aber als ich später mit dem Buch in meiner Kammer war, hat er mich erwischt.","처벌이 두려워서 거짓말을 했지만, 나중에 방에서 책을 가지고 있을 때 그분이 들키고 말았어요.","","False","DIA_Dyrian_WhatDone_13_03","",""
"Scripts/Content/Story/Dialoge/DIA_NOV_604_Dyrian.d:153","Er war ziemlich aufgebracht und hat den Hohen Rat informiert. Jetzt beraten sie, ob ich bleiben kann.","그분은 무척 화가 나서 최고 평의회에 알렸죠. 지금 내가 남을 수 있을지 논의 중이에요.","","False","DIA_Dyrian_WhatDone_13_04","",""
"Scripts/Content/Story/Dialoge/DIA_NOV_604_Dyrian.d:166","Kann ich dir irgendwie helfen?","내가 널 도울 방법이 있을까?","","False","DIA_Dyrian_CanHelp.description","",""
"Scripts/Content/Story/Dialoge/DIA_NOV_604_Dyrian.d:182","Kann ich dir irgendwie helfen?","내가 널 도울 방법이 있을까?","","False","DIA_Dyrian_CanHelp_15_00","",""
"Scripts/Content/Story/Dialoge/DIA_NOV_604_Dyrian.d:183","Nein, ich bin der Gnade Innos' und der der Magier ausgeliefert.","아니요, 저는 이노스와 마법사들의 자비에 모든 것을 맡길 뿐입니다.","","False","DIA_Dyrian_CanHelp_13_01","",""
"Scripts/Content/Story/Dialoge/DIA_NOV_604_Dyrian.d:210","Hey, hast du tatsächlich die Prüfung des Feuers gefordert?","이봐, 정말로 불의 시험을 요구한 건가?","","False","DIA_Dyrian_Scroll_13_00","",""
"Scripts/Content/Story/Dialoge/DIA_NOV_604_Dyrian.d:211","Ja. Und ich habe vor, sie zu bestehen.","그래. 그리고 통과할 생각이야.","","False","DIA_Dyrian_Scroll_15_01","",""
"Scripts/Content/Story/Dialoge/DIA_NOV_604_Dyrian.d:212","Gut - vielleicht kann ich dir dabei helfen. Ich kann dir eine sehr nützliche Spruchrolle geben. Einen SCHLAF-Zauber. Interessiert?","좋아 — 어쩌면 내가 도와줄 수 있을지도 몰라. 아주 유용한 두루마리를 줄 수 있거든. 수면 마법이지. 관심 있나?","","False","DIA_Dyrian_Scroll_13_02","",""
"Scripts/Content/Story/Dialoge/DIA_NOV_604_Dyrian.d:215","Nein, ich brauche deine Hilfe nicht.","아니, 네 도움이 필요 없어.","","False","DIA_Dyrian_Scroll_Info.DIA_Dyrian_Scroll.DIA_Dyrian_Scroll_No","Info_AddChoice",""
"Scripts/Content/Story/Dialoge/DIA_NOV_604_Dyrian.d:216","Was willst du dafür?","대가로 뭘 원하지?","","False","DIA_Dyrian_Scroll_Info.DIA_Dyrian_Scroll.DIA_Dyrian_Scroll_How","Info_AddChoice",""
"Scripts/Content/Story/Dialoge/DIA_NOV_604_Dyrian.d:217","Was kann ich damit machen?","이걸로 무엇을 할 수 있지?","","False","DIA_Dyrian_Scroll_Info.DIA_Dyrian_Scroll.DIA_Dyrian_Scroll_What","Info_AddChoice",""
"Scripts/Content/Story/Dialoge/DIA_NOV_604_Dyrian.d:222","Was kann ich damit machen?","이걸로 무엇을 할 수 있지?","","False","DIA_Dyrian_Scroll_What_15_00","",""
"Scripts/Content/Story/Dialoge/DIA_NOV_604_Dyrian.d:223","Mit diesem Zauber kannst du Menschen für kurze Zeit in einen magischen Schlaf versetzen. Allerdings nur, wenn ihr Wille schwächer ist als deiner.","이 마법을 사용하면 사람들을 잠시 동안 마법의 수면 상태에 빠트릴 수 있어요. 물론 상대의 의지가 당신보다 약할 때만 가능하지만요.","","False","DIA_Dyrian_Scroll_What_13_01","",""
"Scripts/Content/Story/Dialoge/DIA_NOV_604_Dyrian.d:224","Das kann sehr nützlich sein, wenn dir jemand im Weg steht ...","누가 길을 가로막고 있을 때 아주 유용하게 쓸 수 있죠...","","False","DIA_Dyrian_Scroll_What_13_02","",""
"Scripts/Content/Story/Dialoge/DIA_NOV_604_Dyrian.d:225","Und woher weiß ich, ob derjenige einen schwächeren Willen hat?","상대의 의지가 더 약한지 어떻게 알 수 있지?","","False","DIA_Dyrian_Scroll_What_15_03","",""
"Scripts/Content/Story/Dialoge/DIA_NOV_604_Dyrian.d:226","Bei den Magiern brauchst du es gar nicht erst zu versuchen. Aber die meisten Novizen wirst du schlafen legen können.","마법사들을 상대로는 시도조차 하지 않는 게 좋아요. 하지만 대부분의 견습생들은 재우는 게 가능할 거예요.","","False","DIA_Dyrian_Scroll_What_13_04","",""
"Scripts/Content/Story/Dialoge/DIA_NOV_604_Dyrian.d:231","Nein, ich brauche deine Hilfe nicht.","아니, 네 도움이 필요 없어.","","False","DIA_Dyrian_Scroll_No_15_00","",""
"Scripts/Content/Story/Dialoge/DIA_NOV_604_Dyrian.d:232","Du kannst jederzeit zu mir kommen, wenn du es dir anders überlegen solltest.","생각이 바뀌면 언제든지 찾아오세요.","","False","DIA_Dyrian_Scroll_No_13_01","",""
"Scripts/Content/Story/Dialoge/DIA_NOV_604_Dyrian.d:238","Was willst du dafür?","대가로 뭘 원하지?","","False","DIA_Dyrian_Scroll_How_15_00","",""
"Scripts/Content/Story/Dialoge/DIA_NOV_604_Dyrian.d:239","Jedem Magier steht bei der Aufnahme ein Wunsch zu.","받아들여진 마법사는 누구나 소원 하나를 빌 수 있습니다.","","False","DIA_Dyrian_Scroll_How_13_01","",""
"Scripts/Content/Story/Dialoge/DIA_NOV_604_Dyrian.d:240","Und wenn du tatsächlich die Prüfung des Feuers bestehst, dann kannst du dich dafür einsetzen, dass ich im Kloster bleiben darf.","그리고 정말로 불의 시험을 통과한다면, 제가 수도원에 계속 남을 수 있도록 손을 써 주실 수 있어요.","","False","DIA_Dyrian_Scroll_How_13_02","",""
"Scripts/Content/Story/Dialoge/DIA_NOV_604_Dyrian.d:243","Nein, ich brauche deine Hilfe nicht.","아니, 네 도움이 필요 없어.","","False","DIA_Dyrian_Scroll_How.DIA_Dyrian_Scroll.DIA_Dyrian_Scroll_No","Info_AddChoice",""
"Scripts/Content/Story/Dialoge/DIA_NOV_604_Dyrian.d:244","Okay, gib mir die Spruchrolle. ","좋아, 두루마리를 줘. ","","False","DIA_Dyrian_Scroll_How.DIA_Dyrian_Scroll.DIA_Dyrian_Scroll_Yes","Info_AddChoice",""
"Scripts/Content/Story/Dialoge/DIA_NOV_604_Dyrian.d:249","Okay, gib mir die Spruchrolle.","좋아, 두루마리를 줘.","","False","DIA_Dyrian_Scroll_Yes_15_00","",""
"Scripts/Content/Story/Dialoge/DIA_NOV_604_Dyrian.d:250","Viel Glück während deiner Prüfung. Möge Innos dir beistehen.","시험에서 행운을 빕니다. 이노스의 가호가 있기를.","","False","DIA_Dyrian_Scroll_Yes_13_01","",""
"Scripts/Content/Story/Dialoge/DIA_NOV_604_Dyrian.d:270","Ich hab's mir überlegt. Gib mir den Schlaf-Zauber.","마음이 바꿨어. 수면 마법을 줘.","","False","DIA_Dyrian_Doch.description","",""
"Scripts/Content/Story/Dialoge/DIA_NOV_604_Dyrian.d:285","Ich hab's mir überlegt. Gib mir den Schlaf-Zauber.","마음이 바꿨어. 수면 마법을 줘.","","False","DIA_Dyrian_Doch_15_00","",""
"Scripts/Content/Story/Dialoge/DIA_NOV_604_Dyrian.d:286","Gut, wenn du die Prüfung bestehst, setzt du dich dafür ein, dass ich im Kloster bleiben kann.","좋아요, 시험을 통과하면 제가 수도원에 남을 수 있도록 힘써 주세요.","","False","DIA_Dyrian_Doch_13_01","",""
"Scripts/Content/Story/Dialoge/DIA_NOV_604_Dyrian.d:316","(freudestrahlend) Danke, du hast mich gerettet!","(기뻐하며) 고마워요, 당신이 날 살렸어요!","","False","DIA_Dyrian_HelloAgain_13_00","",""
"Scripts/Content/Story/Dialoge/DIA_NOV_604_Dyrian.d:317","(erschrocken) Oh - verzeih mir Meister- ich wollte nicht aufdringlich erscheinen.","(깜짝 놀라며) 오, 용서해 주세요 마스터 — 주제넘게 굴려는 건 아니었어요.","","False","DIA_Dyrian_HelloAgain_13_01","",""
"Scripts/Content/Story/Dialoge/DIA_NOV_604_Dyrian.d:318","(ehrerbietend) Ich danke dir dafür, dass ich im Kloster bleiben darf. Mein Leben wird sich von nun an ändern ...","(경건하게) 수도원에 계속 남을 수 있게 해주셔서 감사합니다. 이제 제 삶도 달라질 거예요...","","False","DIA_Dyrian_HelloAgain_13_02","",""
"Scripts/Content/Story/Dialoge/DIA_NOV_604_Dyrian.d:329","Wie geht's?","어떻게 지내나?","","False","DIA_Dyrian_HowIsIt_15_00","",""
"Scripts/Content/Story/Dialoge/DIA_NOV_604_Dyrian.d:338","Wie geht's?","어떻게 지내나?","","False","DIA_Dyrian_HowIsIt.description","",""
"Scripts/Content/Story/Dialoge/DIA_NOV_604_Dyrian.d:352","Gut. Die Arbeit macht mir viel Freude, Meister.","좋습니다. 일하는 게 무척 즐거워요, 마스터.","","False","DIA_Dyrian_HowIsIt_13_01","",""
"Scripts/Content/Story/Dialoge/DIA_NOV_604_Dyrian.d:367","Wie geht's?","어떻게 지내나?","","False","DIA_Dyrian_other.description","",""
"Scripts/Content/Story/Dialoge/DIA_NOV_604_Dyrian.d:383","Ich danke Innos, dass ich hier im Kloster sein darf.","이곳 수도원에 있을 수 있게 해주신 이노스께 감사드립니다.","","False","DIA_Dyrian_HowIsIt_13_02","",""
"Scripts/Content/Story/Dialoge/DIA_NOV_604_Dyrian.d:398","Wie geht's?","어떻게 지내나?","","False","DIA_Dyrian_Kneipe.description","",""
"Scripts/Content/Story/Dialoge/DIA_NOV_604_Dyrian.d:412","Wie geht's?","어떻게 지내나?","","False","DIA_Dyrian_Kneipe_15_00","",""
"Scripts/Content/Story/Dialoge/DIA_NOV_604_Dyrian.d:413","Das fragst du mich noch? Ich habe alle meine Hoffnungen auf dich gesetzt, aber du hast mich sitzen lassen.","그 소리가 나옵니까? 내 모든 희망을 당신에게 걸었는데, 당신은 날 팽개쳐 버렸잖아요.","","False","DIA_Dyrian_Kneipe_13_01","",""
"Scripts/Content/Story/Dialoge/DIA_NOV_604_Dyrian.d:414","Jetzt bleibt mir nur noch der Alkohol. Und du bist Schuld daran!","이제 내게 남은 건 술뿐이야. 그리고 다 당신 탓이라고!","","False","DIA_Dyrian_Kneipe_13_02","",""
"Scripts/Content/Story/Dialoge/DIA_NOV_604_Dyrian.d:417","Hier hast Du 5 Gold.","여기 5 금화가 있다.","","False","DIA_Dyrian_Kneipe_Info.DIA_Dyrian_Kneipe.DIA_Dyrian_Kneipe_Gold","Info_AddChoice",""
"Scripts/Content/Story/Dialoge/DIA_NOV_604_Dyrian.d:418","Ich kann alles erklären.","다 설명할 수 있어.","","False","DIA_Dyrian_Kneipe_Info.DIA_Dyrian_Kneipe.DIA_Dyrian_Kneipe_CanExplain","Info_AddChoice",""
"Scripts/Content/Story/Dialoge/DIA_NOV_604_Dyrian.d:419","Pass auf was du sagst!","말조심해!","","False","DIA_Dyrian_Kneipe_Info.DIA_Dyrian_Kneipe.DIA_Dyrian_Kneipe_ShutUp","Info_AddChoice",""
"Scripts/Content/Story/Dialoge/DIA_NOV_604_Dyrian.d:424","Hier hast du 5 Goldstücke.","여기 5 금화가 있다.","","False","DIA_Dyrian_Kneipe_Gold_15_00","",""
"Scripts/Content/Story/Dialoge/DIA_NOV_604_Dyrian.d:425","(aufgeregt) 5 Gold? Du gibst mir 5 Gold. Dafür, dass du mein Leben zerstört hast?","(흥분하며) 5 금화라고? 내 인생을 망쳐놓고 주는 게 겨우 5 금화야?","","False","DIA_Dyrian_Kneipe_Gold_13_01","",""
"Scripts/Content/Story/Dialoge/DIA_NOV_604_Dyrian.d:426","Ich werde mir all dein Gold nehmen!","네 금화를 전부 가져가겠어!","","False","DIA_Dyrian_Kneipe_Gold_13_02","",""
"Scripts/Content/Story/Dialoge/DIA_NOV_604_Dyrian.d:434","Ich kann alles erklären.","다 설명할 수 있어.","","False","DIA_Dyrian_Kneipe_CanExplain_15_00","",""
"Scripts/Content/Story/Dialoge/DIA_NOV_604_Dyrian.d:435","Spar dir deine billigen Ausreden.","시시한 변명은 집어치워.","","False","DIA_Dyrian_Kneipe_CanExplain_13_01","",""
"Scripts/Content/Story/Dialoge/DIA_NOV_604_Dyrian.d:436","Du lügst, wenn du den Mund aufmachst. Jetzt lass mich in Ruhe.","입을 열 때마다 거짓말이군요. 이제 날 내버려 두세요.","","False","DIA_Dyrian_Kneipe_CanExplain_13_02","",""
"Scripts/Content/Story/Dialoge/DIA_NOV_604_Dyrian.d:443","Pass auf, was du sagst.","말조심해.","","False","DIA_Dyrian_Kneipe_ShutUp_15_00","",""
"Scripts/Content/Story/Dialoge/DIA_NOV_604_Dyrian.d:444","Ja, droh mir nur. Es wird dir nicht nützen.","그래, 협박이라도 해보시지. 소용없을 테니까.","","False","DIA_Dyrian_Kneipe_ShutUp_13_01","",""
"Scripts/Content/Story/Dialoge/DIA_NOV_604_Dyrian.d:445","Ich werde der ganzen Welt erzählen, was du für ein scheinheiliger Kerl bist! Sobald ich diese Flasche ausgetrunken habe ...","네가 얼마나 위선적인 녀석인지 온 세상에 소문내 줄 테다! 이 병을 다 비우고 나면 말이지...","","False","DIA_Dyrian_Kneipe_ShutUp_13_02","",""
"Scripts/Content/Story/Dialoge/DIA_NOV_604_Dyrian.d:446","Jetzt geh mir aus den Augen, du widerst mich an!","이제 내 눈앞에서 꺼져, 넌 정말 역겨워!","","False","DIA_Dyrian_Kneipe_ShutUp_13_03","",""
"Scripts/Content/Story/Dialoge/DIA_NOV_604_Dyrian.d:461","Wie sieht's aus?","어떻게 지내나?","","False","DIA_Dyrian_nachher.description","",""
"Scripts/Content/Story/Dialoge/DIA_NOV_604_Dyrian.d:474","Wie sieht's aus?","어떻게 지내나?","","False","DIA_Dyrian_nachher_15_00","",""
"Scripts/Content/Story/Dialoge/DIA_NOV_604_Dyrian.d:475","Ach, lass mich bloß in Ruhe! Mit dir will ich nichts mehr zu tun haben!","아, 그냥 날 내버려 둬! 너랑은 더 이상 엮이고 싶지 않으니까!","","False","DIA_Dyrian_nachher_13_01","",""
"Scripts/Content/Story/Dialoge/DIA_NOV_605_Opolos.d:50","Hallo, Du bist doch der Neue.","안녕, 새로 들어온 사람이로군요.","","False","DIA_Opolos_Hello_12_00","",""
"Scripts/Content/Story/Dialoge/DIA_NOV_605_Opolos.d:51","Ich bin Opolos. Ich kümmere mich hier um die Schafe.","난 오폴로스야. 여기서 양들을 돌보고 있지.","","False","DIA_Opolos_Hello_12_01","",""
"Scripts/Content/Story/Dialoge/DIA_NOV_605_Opolos.d:63","Ich hab hier diese Schafswurst...","여기 양고기 소시지가 있는데...","","False","DIA_Opolos_Wurst.description","",""
"Scripts/Content/Story/Dialoge/DIA_NOV_605_Opolos.d:79","Ich hab hier diese Schafswurst...","여기 양고기 소시지가 있는데...","","False","DIA_Opolos_Wurst_15_00","",""
"Scripts/Content/Story/Dialoge/DIA_NOV_605_Opolos.d:80","Oh Mann, Wahnsinn! Endlich wieder eine leckere Schafswurst!","오 세상에, 대박! 드디어 맛있는 양고기 소시지잖아!","","False","DIA_Opolos_Wurst_12_01","",""
"Scripts/Content/Story/Dialoge/DIA_NOV_605_Opolos.d:103","Wie lange bist du schon im Kloster?","수도원에 있은 지 얼마나 되었지?","","False","DIA_Opolos_HowLong.description","",""
"Scripts/Content/Story/Dialoge/DIA_NOV_605_Opolos.d:116","Wie lange bist du schon im Kloster?","수도원에 있은 지 얼마나 되었지?","","False","DIA_Opolos_HowLong_15_00","",""
"Scripts/Content/Story/Dialoge/DIA_NOV_605_Opolos.d:117","Ich bin seit drei Jahren hier. Aber bisher habe ich noch nicht studiert, obwohl ich das gerne würde.","여기 온 지 3년 됐어. 하지만 공부하고 싶으면서도 아직 공부를 해본 적은 없지.","","False","DIA_Opolos_HowLong_12_01","",""
"Scripts/Content/Story/Dialoge/DIA_NOV_605_Opolos.d:118","Warum nicht?","왜 안 되지?","","False","DIA_Opolos_HowLong_15_02","",""
"Scripts/Content/Story/Dialoge/DIA_NOV_605_Opolos.d:119","Meine Aufgabe ist das Hüten der Schafe - nicht das Studieren der Schriften.","내 임무는 양을 돌보는 거지 문서를 공부하는 게 아니거든.","","False","DIA_Opolos_HowLong_12_03","",""
"Scripts/Content/Story/Dialoge/DIA_NOV_605_Opolos.d:120","Und solange Meister Parlan mich nicht von dieser Pflicht entbindet, ist es mir nicht erlaubt, in der Bibliothek zu lernen.","파를란 마스터가 이 의무에서 풀어주시기 전까지는 도서관에서 공부하는 게 허락되지 않아.","","False","DIA_Opolos_HowLong_12_04","",""
"Scripts/Content/Story/Dialoge/DIA_NOV_605_Opolos.d:137","Auf was muss ich hier im Kloster achten?","수도원에서는 어떤 점을 조심해야 하지?","","False","DIA_Opolos_Monastery.description","",""
"Scripts/Content/Story/Dialoge/DIA_NOV_605_Opolos.d:151","Auf was muss ich hier im Kloster achten?","수도원에서는 어떤 점을 조심해야 하지?","","False","DIA_Opolos_Monastery_15_00","",""
"Scripts/Content/Story/Dialoge/DIA_NOV_605_Opolos.d:152","Belüge niemals einen Magier. Vergehe dich nicht an einem Bruder der Gemeinschaft.","마법사에게 절대 거짓말을 하지 마세요. 공동체의 형제들에게 죄를 짓지 마세요.","","False","DIA_Opolos_Monastery_12_01","",""
"Scripts/Content/Story/Dialoge/DIA_NOV_605_Opolos.d:153","Respektiere das Eigentum der Gemeinschaft. Wenn du gegen diese Regeln verstößt, musst du eine Strafe bei Meister Parlan zahlen.","공동체의 소유물을 존중하세요. 이 규칙을 어기면 파를란 마스터에게 벌을 받아야 합니다.","","False","DIA_Opolos_Monastery_12_02","",""
"Scripts/Content/Story/Dialoge/DIA_NOV_605_Opolos.d:154","Ansonsten kann ich dir nur raten, nimm dich vor Agon in acht. Wenn Du nicht aufpasst, ergeht es dir wie Babo.","그 밖에 조언하자면 아곤을 조심해. 조심하지 않으면 바보처럼 꼴이 될 테니까.","","False","DIA_Opolos_Monastery_12_03","",""
"Scripts/Content/Story/Dialoge/DIA_NOV_605_Opolos.d:166","Kannst du mir was beibringen?","내게 가르쳐 줄 수 있는 게 있나?","","False","DIA_Opolos_beibringen.description","",""
"Scripts/Content/Story/Dialoge/DIA_NOV_605_Opolos.d:181","Kannst du mir was beibringen?","내게 가르쳐 줄 수 있는 게 있나?","","False","DIA_Opolos_beibringen_15_00","",""
"Scripts/Content/Story/Dialoge/DIA_NOV_605_Opolos.d:182","Klar, ich hab früher mal Leute verprügelt. Ich kann dir zeigen, wie du deine Arme trainierst.","물론이지, 난 예전에 사람들을 좀 패고 다녔거든. 팔을 단련하는 법을 보여줄 수 있어.","","False","DIA_Opolos_beibringen_12_01","",""
"Scripts/Content/Story/Dialoge/DIA_NOV_605_Opolos.d:183","Allerdings will ich gerne etwas über Tränke erfahren. Vor allem über magische Tränke.","하지만 난 포션에 대해 좀 알고 싶어. 특히 마법 포션 말이야.","","False","DIA_Opolos_beibringen_12_02","",""
"Scripts/Content/Story/Dialoge/DIA_NOV_605_Opolos.d:184","Wie kann ich dir dabei helfen?","내가 그걸 어떻게 도와줄 수 있을까?","","False","DIA_Opolos_beibringen_15_03","",""
"Scripts/Content/Story/Dialoge/DIA_NOV_605_Opolos.d:185","Na ja, wenn du für Neoras arbeitest, bekommst du bestimmt Gelegenheit eins seiner Rezepte kurzfristig 'auszuleihen'.","글쎄, 네가 니오라스를 위해 일한다면 그의 레시피 중 하나를 잠시 '빌려올' 기회가 분명 생길 거야.","","False","DIA_Opolos_beibringen_12_04","",""
"Scripts/Content/Story/Dialoge/DIA_NOV_605_Opolos.d:186","Wenn du es mir bringst, so dass ich einen Blick drauf werfen kann, werde ich dich trainieren.","내가 한 번 볼 수 있게 그걸 가져다준다면, 훈련을 시켜주지.","","False","DIA_Opolos_beibringen_12_05","",""
"Scripts/Content/Story/Dialoge/DIA_NOV_605_Opolos.d:203","Wegen des Rezepts...","레시피 건 말인데...","","False","DIA_Opolos_rezept.description","",""
"Scripts/Content/Story/Dialoge/DIA_NOV_605_Opolos.d:223","Ich habe das Rezept, das du wolltest.","네가 원하던 레시피를 가져왔어.","","False","DIA_Opolos_rezept_15_00","",""
"Scripts/Content/Story/Dialoge/DIA_NOV_605_Opolos.d:224","Gut, dann lass mich mal lesen.","좋아, 그럼 어디 한번 읽어볼까.","","False","DIA_Opolos_rezept_12_01","",""
"Scripts/Content/Story/Dialoge/DIA_NOV_605_Opolos.d:226","Aha ... hm ... ja ... verstehe ... soso ...","아하... 흠... 그래... 그렇군... 과연...","","False","DIA_Opolos_rezept_12_02","",""
"Scripts/Content/Story/Dialoge/DIA_NOV_605_Opolos.d:228","Gut, vielen Dank. Wenn du willst, kannst du bei mir trainieren.","좋아, 정말 고마워. 원한다면 나한테 훈련을 받아도 좋아.","","False","DIA_Opolos_rezept_12_03","",""
"Scripts/Content/Story/Dialoge/DIA_NOV_605_Opolos.d:241","Ich habe Neoras das Rezept schon wiedergebracht.","니오라스에게 레시피는 벌써 돌려줬어.","","False","DIA_Opolos_rezept_15_04","",""
"Scripts/Content/Story/Dialoge/DIA_NOV_605_Opolos.d:242","Ach Scheiße - ich komme hier wohl nie zum Studieren. Was soll's. Ich trainiere dich trotzdem.","이런 제장 - 난 여기서 공부하기는 그글렀나 봐. 됐어. 그래도 훈련은 시켜줄게.","","False","DIA_Opolos_rezept_12_05","",""
"Scripts/Content/Story/Dialoge/DIA_NOV_605_Opolos.d:254","Ich komme später drauf zurück.","나중에 다시 올게.","","False","DIA_Opolos_rezept_15_06","",""
"Scripts/Content/Story/Dialoge/DIA_NOV_605_Opolos.d:268","Ich will stärker werden.","강해지고 싶다.","","False","DIA_Opolos_TEACH_STR.description","",""
"Scripts/Content/Story/Dialoge/DIA_NOV_605_Opolos.d:283","Ich will stärker werden.","강해지고 싶어.","","False","DIA_Opolos_TEACH_STR_15_00","",""
"Scripts/Content/Story/Dialoge/DIA_NOV_605_Opolos.d:295","Du bist ganz schön kräftig geworden. Mehr kann ich dir nicht beibringen.","꽤 튼튼해졌는걸. 더 이상 가르쳐 줄 게 없겠어.","","False","DIA_Opolos_TEACH_STR_12_00","",""
"Scripts/Content/Story/Dialoge/DIA_NOV_605_Opolos.d:330","Wer sind Agon und Babo?","아곤과 바보는 누구지?","","False","DIA_Opolos_Agon.description","",""
"Scripts/Content/Story/Dialoge/DIA_NOV_605_Opolos.d:344","Wer sind Agon und Babo?","아곤과 바보는 누구지?","","False","DIA_Opolos_Agon_15_00","",""
"Scripts/Content/Story/Dialoge/DIA_NOV_605_Opolos.d:345","Agon kümmert sich um den Kräutergarten. Er ist zwar auch Novize, führt sich aber auf, als wäre er der Erwählte persönlich.","아곤은 허브 정원을 관리해. 그도 견습생이지만 마치 자기가 선택받은 사람인 것 마냥 행동하거든.","","False","DIA_Opolos_Agon_12_01","",""
"Scripts/Content/Story/Dialoge/DIA_NOV_605_Opolos.d:346","Babo ist kurz vor dir ins Kloster gekommen. Zuerst hat er Agon im Kräutergarten geholfen.","바보는 너보다 조금 전에 수도원에 들어왔어. 처음엔 허브 정원에서 아곤을 도왔지.","","False","DIA_Opolos_Agon_12_02","",""
"Scripts/Content/Story/Dialoge/DIA_NOV_605_Opolos.d:347","Aber sie hatten wohl einen Streit und seitdem fegt Babo den Hof.","하지만 둘이 다툼이 있었나 봐. 그 뒤로 바보는 마당을 쓸고 있지.","","False","DIA_Opolos_Agon_12_03","",""
"Scripts/Content/Story/Dialoge/DIA_NOV_605_Opolos.d:348","Weißt du, was passiert ist?","무슨 일이 있었는지 아나?","","False","DIA_Opolos_Agon_15_04","",""
"Scripts/Content/Story/Dialoge/DIA_NOV_605_Opolos.d:349","Nicht genau. Da musst du schon die beiden fragen. Aber Agons Wort hat mehr Gewicht als das eines anderen Novizen, weil er der Neffe des Stadthalters ist.","정확히는 몰라. 직접 물어봐야 할걸. 하지만 아곤은 영주의 조카라서 다른 견습생들보다 말에 힘이 실려.","","False","DIA_Opolos_Agon_12_05","",""
"Scripts/Content/Story/Dialoge/DIA_NOV_605_Opolos.d:362","Ich habe die Liesel mitgebracht","리젤을 데려왔어.","","False","DIA_Opolos_LIESEL.description","",""
"Scripts/Content/Story/Dialoge/DIA_NOV_605_Opolos.d:376","Ich habe die Liesel mitgebracht. Kann ich sie dir überlassen?","리젤을 데려왔어. 너한테 맡겨도 될까?","","False","DIA_Opolos_LIESEL_15_00","",""
"Scripts/Content/Story/Dialoge/DIA_NOV_605_Opolos.d:389","Ja, natürlich. Kein schönes Tier. Ich werde gut auf sie aufpassen.","그럼, 당연하지. 녀석 참 튼실하네. 잘 돌봐줄게.","","False","DIA_Opolos_LIESEL_12_01","",""
"Scripts/Content/Story/Dialoge/DIA_NOV_605_Opolos.d:394","Hm...irgendwie scheint sie mir abhanden gekommen zu sein. Ich komme später wieder.","음... 녀석을 어디다 흘렸나 보네. 나중에 다시 올게.","","False","DIA_Opolos_Add_15_00","",""
"Scripts/Content/Story/Dialoge/DIA_NOV_605_Opolos.d:408","Wegen der Bibliothek...","도서관에 대해...","","False","DIA_Opolos_Biblothek.description","",""
"Scripts/Content/Story/Dialoge/DIA_NOV_605_Opolos.d:422","Wegen der Bibliothek...","도서관에 대해...","","False","DIA_Opolos_Biblothek_15_00","",""
"Scripts/Content/Story/Dialoge/DIA_NOV_605_Opolos.d:426","Das ist der verschlossene Raum links neben der Pforte.","정문 바로 옆 왼쪽에 있는 잠긴 방을 말하는 거야.","","False","DIA_Opolos_Biblothek_12_01","",""
"Scripts/Content/Story/Dialoge/DIA_NOV_605_Opolos.d:427","Aber du bekommst den Schlüssel erst, wenn Meister Parlan entscheidet, dass du die Lehren studieren darfst.","하지만 파를란 마스터가 네가 가르침을 공부해도 된다고 결정해야만 열쇠를 받을 수 있어.","","False","DIA_Opolos_Biblothek_12_02","",""
"Scripts/Content/Story/Dialoge/DIA_NOV_605_Opolos.d:431","Du Glücklicher hast den Schlüssel zur Bibliothek bekommen, und dabei bist du erst kurze Zeit hier.","운도 좋지, 여기 온 지 얼마 되지도 않았는데 도서관 열쇠를 손에 넣었잖아.","","False","DIA_Opolos_Biblothek_12_03","",""
"Scripts/Content/Story/Dialoge/DIA_NOV_605_Opolos.d:432","Nutze die Chance und lerne aus den alten Schriften!","이 기회를 살려서 오래된 문서들로 공부를 해봐!","","False","DIA_Opolos_Biblothek_12_04","",""
"Scripts/Content/Story/Dialoge/DIA_NOV_605_Opolos.d:462","Hallo. Danke, dass du mir geholfen hast. Ich werde diese Chance nutzen und viel lernen.","안녕하세요. 도와주셔서 감사합니다. 이 기회를 살려서 많이 배우겠습니다.","","False","DIA_Opolos_HelloAgain_12_00","",""
"Scripts/Content/Story/Dialoge/DIA_NOV_605_Opolos.d:463","Aber du hast jetzt sicher keine Zeit, dich mit einem einfachen Novizen zu unterhalten, Meister.","하지만 지금은 평범한 견습생인 저와 대화할 시간이 없으시겠죠, 마스터.","","False","DIA_Opolos_HelloAgain_12_01","",""
"Scripts/Content/Story/Dialoge/DIA_NOV_605_Opolos.d:479","Wie geht's?","어떻게 지내나?","","False","DIA_Opolos_HowIsIt.description","",""
"Scripts/Content/Story/Dialoge/DIA_NOV_605_Opolos.d:492","Wie geht's?","어떻게 지내나?","","False","DIA_Opolos_HowIsIt_15_00","",""
"Scripts/Content/Story/Dialoge/DIA_NOV_605_Opolos.d:496","Ausgezeichnet. Seitdem ich studieren kann, ist alles bestens.","최고예요. 공부를 할 수 있게 된 이후로는 모든 게 완벽합니다.","","False","DIA_Opolos_HowIsIt_12_01","",""
"Scripts/Content/Story/Dialoge/DIA_NOV_605_Opolos.d:500","Ich erfülle die mir gestellten Aufgaben getreu meiner Pflicht, Meister.","제게 주어진 임무는 제 의무에 따라 충실히 수행하고 있습니다, 마스터.","","False","DIA_Opolos_HowIsIt_12_02","",""
"Scripts/Content/Story/Dialoge/DIA_NOV_605_Opolos.d:501","Innos stellt mich jeden Tag vor neue Herausforderungen. Ich werde weiter an mir arbeiten.","이노스께서는 매일 제게 새로운 시련을 주십니다. 계속 정진하겠습니다.","","False","DIA_Opolos_HowIsIt_12_03","",""
"Scripts/Content/Story/Dialoge/DIA_NOV_605_Opolos.d:573","Was machen die Schafe?","양들은 잘 있나?","","False","DIA_Opolos_Kap3_PERM.description","",""
"Scripts/Content/Story/Dialoge/DIA_NOV_605_Opolos.d:587","Was machen die Schafe?","양들은 잘 있나?","","False","DIA_Opolos_Kap3_PERM_15_00","",""
"Scripts/Content/Story/Dialoge/DIA_NOV_605_Opolos.d:588","Was sollen die schon groß machen? Sie stehen in der Gegend rum und fressen.","걔들이 별일 있겠어요? 그냥 서성거리면서 풀을 뜯고 있지.","","False","DIA_Opolos_Kap3_PERM_12_01","",""
"Scripts/Content/Story/Dialoge/DIA_NOV_605_Opolos.d:589","Erzähl mir lieber, was da draußen geschieht, die Magier scheinen sehr nervös zu sein.","그것보다는 바깥세상에 무슨 일이 있는지 알려줘요. 마법사들이 아주 긴장한 것 같던데.","","False","DIA_Opolos_Kap3_PERM_12_02","",""
"Scripts/Content/Story/Dialoge/DIA_NOV_605_Opolos.d:593","Im Minental gibt es Drachen.","광산 계곡에 드래곤들이 있다.","","False","DIA_Opolos_Kap3_PERM_Info.DIA_Opolos_Kap3_PERM.DIA_Opolos_Kap3_PERM_DRAGONS","Info_AddChoice",""
"Scripts/Content/Story/Dialoge/DIA_NOV_605_Opolos.d:594","Fremde in schwarzen Gewändern durchwandern das Land.","검은 로브를 입은 이들이 이 땅을 활보하고 있어.","","False","DIA_Opolos_Kap3_PERM_Info.DIA_Opolos_Kap3_PERM.DIA_Opolos_Kap3_PERM_DMT","Info_AddChoice",""
"Scripts/Content/Story/Dialoge/DIA_NOV_605_Opolos.d:598","Pedro hat uns verraten.","페드로가 우리를 배신했어.","","False","DIA_Opolos_Kap3_PERM_Info.DIA_Opolos_Kap3_PERM.DIA_Opolos_Kap3_PERM_PEDRO","Info_AddChoice",""
"Scripts/Content/Story/Dialoge/DIA_NOV_605_Opolos.d:611","Im Minental gibt es Drachen. Sie belagern zusammen mit der Orkarmee die Truppen des Königs.","광산 계곡에 드래곤들이 나타났다. 그들은 오크 군대와 함께 왕의 군대를 포위하고 있지.","","False","DIA_Opolos_Kap3_PERM_DRAGONS_15_00","",""
"Scripts/Content/Story/Dialoge/DIA_NOV_605_Opolos.d:612","Drachen, ich dachte immer, die gibt's nur in den Schauergeschichten.","드래곤이라니, 난 그저 무서운 이야기 속에만 나오는 줄 알았는데.","","False","DIA_Opolos_Kap3_PERM_DRAGONS_12_01","",""
"Scripts/Content/Story/Dialoge/DIA_NOV_605_Opolos.d:613","Glaub mir, sie sind da.","내 말 믿어, 정말로 거기에 있어.","","False","DIA_Opolos_Kap3_PERM_DRAGONS_15_02","",""
"Scripts/Content/Story/Dialoge/DIA_NOV_605_Opolos.d:614","Aber die Paladine des Königs werden doch mit ihnen fertig?","하지만 왕의 팔라딘들이 그들을 처치할 수 있겠지?","","False","DIA_Opolos_Kap3_PERM_DRAGONS_12_03","",""
"Scripts/Content/Story/Dialoge/DIA_NOV_605_Opolos.d:615","Das wird sich zeigen.","그건 두고 보면 알겠지.","","False","DIA_Opolos_Kap3_PERM_DRAGONS_15_04","",""
"Scripts/Content/Story/Dialoge/DIA_NOV_605_Opolos.d:628","Fremde in schwarzen Gewändern durchwandern das Land.","검은 옷을 입은 낯선 자들이 이 땅을 돌아다니고 있어.","","False","DIA_Opolos_Kap3_PERM_DMT_15_00","",""
"Scripts/Content/Story/Dialoge/DIA_NOV_605_Opolos.d:629","Was meinst du? Was für Fremde?","무슨 소리야? 어떤 낯선 자들 말이야?","","False","DIA_Opolos_Kap3_PERM_DMT_12_01","",""
"Scripts/Content/Story/Dialoge/DIA_NOV_605_Opolos.d:630","Niemand weiß, wo sie her kommen, sie tragen schwarze lange Gewänder und haben ihr Gesicht verdeckt.","어디서 왔는지 아무도 몰라. 그들은 긴 검은 옷을 입고 얼굴을 가리고 있지.","","False","DIA_Opolos_Kap3_PERM_DMT_15_02","",""
"Scripts/Content/Story/Dialoge/DIA_NOV_605_Opolos.d:631","Sie scheinen eine Art Magier zu sein. Zumindest sind sie der Magie mächtig.","일종의 마법사 같아. 적어도 마법을 쓸 줄은 아니까.","","False","DIA_Opolos_Kap3_PERM_DMT_15_03","",""
"Scripts/Content/Story/Dialoge/DIA_NOV_605_Opolos.d:632","Das klingt beunruhigend, aber ich bin mir sicher, dass der Hohe Rat dieses Problem lösen wird.","불길한 소리군. 하지만 고위 의회에서 이 문제를 해결할 거라고 확신해.","","False","DIA_Opolos_Kap3_PERM_DMT_12_04","",""
"Scripts/Content/Story/Dialoge/DIA_NOV_605_Opolos.d:645","Pedro hat uns verraten.","페드로가 우리를 배신했어.","","False","DIA_Opolos_Kap3_PERM_PEDRO_15_00","",""
"Scripts/Content/Story/Dialoge/DIA_NOV_605_Opolos.d:646","Ich habe es gehört, aber nicht gewusst, dass du auch darüber Bescheid weißt. Deshalb habe ich nichts gesagt.","나도 들었지만, 너도 알고 있는 줄은 몰랐어. 그래서 아무 말도 하지 않았지.","","False","DIA_Opolos_Kap3_PERM_PEDRO_12_01","",""
"Scripts/Content/Story/Dialoge/DIA_NOV_605_Opolos.d:647","Ist der Feind stärker als wir, ich meine, werden wir ihn besiegen?","적이 우리보다 더 강한가? 내 말은, 우리가 그들을 이길 수 있냐는 거야?","","False","DIA_Opolos_Kap3_PERM_PEDRO_12_02","",""
"Scripts/Content/Story/Dialoge/DIA_NOV_605_Opolos.d:648","Noch sind wir nicht tot.","우린 아직 죽지 않았어.","","False","DIA_Opolos_Kap3_PERM_PEDRO_15_03","",""
"Scripts/Content/Story/Dialoge/DIA_NOV_608_Garwig.d:33","Willst du eine Wurst?","소시지 좀 먹을래?","","False","DIA_Garwig_Wurst.description","",""
"Scripts/Content/Story/Dialoge/DIA_NOV_608_Garwig.d:49","Willst du eine Wurst?","소시지 좀 먹을래?","","False","DIA_Garwig_Wurst_15_00","",""
"Scripts/Content/Story/Dialoge/DIA_NOV_608_Garwig.d:50","Ah - lecker, lecker. Hab vielen Dank, Bruder.","아, 맛있겠군. 정말 고마워, 형제여.","","False","DIA_Garwig_Wurst_06_01","",""
"Scripts/Content/Story/Dialoge/DIA_NOV_608_Garwig.d:87","Innos sei mit dir - ich hab dich noch nie gesehen, bist du neu hier?","이노스의 가호가 있기를. 넌 한 번도 본 적이 없는데, 여기 새로 왔나?","","False","DIA_Garwig_Hello_06_00","",""
"Scripts/Content/Story/Dialoge/DIA_NOV_608_Garwig.d:88","Ja, ich bin noch nicht lange dabei.","그래, 들어온 지 얼마 안 됐어.","","False","DIA_Garwig_Hello_15_01","",""
"Scripts/Content/Story/Dialoge/DIA_NOV_608_Garwig.d:89","Dann hoffe ich, du wirst dich schnell eingewöhnen. Wenn ich dir irgendwie helfen kann, lass es mich wissen.","그렇다면 이곳에 빨리 적응하길 바라네. 내가 도울 일이 있으면 언제든 말해.","","False","DIA_Garwig_Hello_06_02","",""
"Scripts/Content/Story/Dialoge/DIA_NOV_608_Garwig.d:101","Was ist das hier für ein Raum? ","여기는 어떤 방이지? ","","False","DIA_Garwig_Room.description","",""
"Scripts/Content/Story/Dialoge/DIA_NOV_608_Garwig.d:111","Was ist das hier für ein Raum?","여기는 어떤 방이지?","","False","DIA_Garwig_Room_15_00","",""
"Scripts/Content/Story/Dialoge/DIA_NOV_608_Garwig.d:112","Hier werden die heilige Reliquien des Klosters aufbewahrt.","이곳은 수도원의 신성한 유물들이 보관되는 곳이야.","","False","DIA_Garwig_Room_06_01","",""
"Scripts/Content/Story/Dialoge/DIA_NOV_608_Garwig.d:113","Welche Reliquien?","어떤 유물 말인가?","","False","DIA_Garwig_Room_15_02","",""
"Scripts/Content/Story/Dialoge/DIA_NOV_608_Garwig.d:114","Hier ruht Innos' Hammer und das Schild des Feuers. Sie sind die wichtigsten Reliquien der Innoskirche, außerhalb der Reichshauptstadt.","여기에 이노스의 망치와 불의 방패가 안치되어 있지. 그것들은 왕국 수도 외곽에 있는 이노스 교회의 가장 중요한 유물들이야.","","False","DIA_Garwig_Room_06_03","",""
"Scripts/Content/Story/Dialoge/DIA_NOV_608_Garwig.d:127","Erzähl mir was über den Hammer","망치에 대해 얘기해 줘.","","False","DIA_Garwig_Hammer.description","",""
"Scripts/Content/Story/Dialoge/DIA_NOV_608_Garwig.d:140","Erzähl mir was über den Hammer.","망치에 대해 얘기해 줘.","","False","DIA_Garwig_Hammer_15_00","",""
"Scripts/Content/Story/Dialoge/DIA_NOV_608_Garwig.d:141","Das ist der heilige Hammer von Innos. Mit diesem Hammer erschlug der heilige Rhobar den steinernen Wächter.","그건 이노스의 신성한 망치다. 성스러운 로바르는 이 망치로 돌 수호자를 처치했지.","","False","DIA_Garwig_Hammer_06_01","",""
"Scripts/Content/Story/Dialoge/DIA_NOV_608_Garwig.d:142","In den heiligen Schriften heißt es, dass der Steinerne Wächter unverwundbar war, wie ein Turm stand er in der Schlacht und die Waffen seiner Feinde zerbrachen an seiner steinernen Haut.","신성한 문서에 따르면, 돌 수호자는 상처를 입지 않는 존재였다고 한다. 그는 전투에서 탑처럼 꼿꼿이 서 있었고, 적들의 무기는 그의 돌가죽에 부딪혀 부서져 버렸지.","","False","DIA_Garwig_Hammer_06_02","",""
"Scripts/Content/Story/Dialoge/DIA_NOV_608_Garwig.d:143","Mit Innos' Namen auf den Lippen stürzte sich Rhobar auf das Ungeheuer und mit einem mächtigen Hieb seines Hammers zerschmetterte er das Wesen.","입에 이노스의 이름을 올린 채 로바르는 괴물에게 덤벼들었고, 망치의 강력한 일격으로 그 괴물을 박살 내버렸어.","","False","DIA_Garwig_Hammer_06_03","",""
"Scripts/Content/Story/Dialoge/DIA_NOV_608_Garwig.d:155","Erzähl mir was über den Schild.","방패에 대해 얘기해 줘.","","False","DIA_Garwig_Shield.description","",""
"Scripts/Content/Story/Dialoge/DIA_NOV_608_Garwig.d:168","Erzähl mir was über den Schild.","방패에 대해 얘기해 줘.","","False","DIA_Garwig_Shield_15_00","",""
"Scripts/Content/Story/Dialoge/DIA_NOV_608_Garwig.d:169","Der Schild des Feuers wurde von Dominique in der Schlacht auf den südlichen Inseln getragen.","불의 방패는 남쪽 섬들의 전투에서 도미니크가 들었던 것이다.","","False","DIA_Garwig_Shield_06_01","",""
"Scripts/Content/Story/Dialoge/DIA_NOV_608_Garwig.d:170","Doch die Macht des Schildes soll nie wieder benutzt werden, deshalb haben wir ihn an die Wand genagelt.","하지만 이 방패의 힘은 다시는 사용되어선 안 돼. 그래서 우리가 벽에 못 박아 둔 거지.","","False","DIA_Garwig_Shield_06_02","",""
"Scripts/Content/Story/Dialoge/DIA_NOV_608_Garwig.d:182","Wird hier auch das Auge Innos' aufbewahrt?","이노스의 눈도 여기에 보관되어 있나?","","False","DIA_Garwig_Auge.description","",""
"Scripts/Content/Story/Dialoge/DIA_NOV_608_Garwig.d:196","Wird hier auch das Auge Innos' aufbewahrt?","이노스의 눈도 여기에 보관되어 있나?","","False","DIA_Garwig_Auge_15_00","",""
"Scripts/Content/Story/Dialoge/DIA_NOV_608_Garwig.d:197","Natürlich nicht. Was für eine seltsame Vorstellung. Niemand weiß, wo sich das göttliche Artefakt befindet.","당연히 아니지. 무슨 이상한 소리야. 그 신성한 유물이 어디에 있는지 아는 사람은 아무도 없어.","","False","DIA_Garwig_Auge_06_01","",""
"Scripts/Content/Story/Dialoge/DIA_NOV_608_Garwig.d:210","Was machst du hier?","여기서 뭐 하고 있는 거지?","","False","DIA_Garwig_SLEEP.description","",""
"Scripts/Content/Story/Dialoge/DIA_NOV_608_Garwig.d:223","Was machst du hier?","여기서 뭐 하고 있는 거지?","","False","DIA_Garwig_SLEEP_15_00","",""
"Scripts/Content/Story/Dialoge/DIA_NOV_608_Garwig.d:224","Ich bin der Wächter der heiligen Artefakte.","나는 신성한 유물의 수호자다.","","False","DIA_Garwig_SLEEP_06_01","",""
"Scripts/Content/Story/Dialoge/DIA_NOV_608_Garwig.d:228","Soll ich dich mal ablösen?","내가 잠시 교대해 줄까?","","False","DIA_Garwig_SLEEP_Info.DIA_Garwig_SLEEP.DIA_Garwig_SLEEP_EXCHANGE","Info_AddChoice",""
"Scripts/Content/Story/Dialoge/DIA_NOV_608_Garwig.d:229","Warum werden die Artefakte bewacht?","왜 유물을 지키고 있는 거지?","","False","DIA_Garwig_SLEEP_Info.DIA_Garwig_SLEEP.DIA_Garwig_SLEEP_THIEF","Info_AddChoice",""
"Scripts/Content/Story/Dialoge/DIA_NOV_608_Garwig.d:230","Schläfst du nie? ","잠도 안 자나? ","","False","DIA_Garwig_SLEEP_Info.DIA_Garwig_SLEEP.DIA_Garwig_SLEEP_NEVER","Info_AddChoice",""
"Scripts/Content/Story/Dialoge/DIA_NOV_608_Garwig.d:240","Soll ich dich mal ablösen?","내가 잠시 교대해 줄까?","","False","DIA_Garwig_SLEEP_EXCHANGE_15_00","",""
"Scripts/Content/Story/Dialoge/DIA_NOV_608_Garwig.d:241","Ist das ein Test? Haben die Magier dich geschickt, mich zu prüfen? Ooh - ich wusste es!","이거 시험인가? 마법사들이 나를 시험하려고 보낸 거야? 오, 알고 있었어!","","False","DIA_Garwig_SLEEP_EXCHANGE_06_01","",""
"Scripts/Content/Story/Dialoge/DIA_NOV_608_Garwig.d:242","Aber ich werde diese Prüfung bestehen. Richte den Magiern aus, dass ich wie ein Fels in der Brandung stehe und allen Verlockungen widerstehe, denn ich bin ein würdiger Wächter.","하지만 이 시험을 통과할 거야. 마법사들에게 전해줘, 난 맹렬한 파도 속의 바위처럼 서서 모든 유혹을 이겨낼 것이며, 난 가치 있는 수호자라고 말이야.","","False","DIA_Garwig_SLEEP_EXCHANGE_06_02","",""
"Scripts/Content/Story/Dialoge/DIA_NOV_608_Garwig.d:247","Warum werden die Artefakte bewacht? Besteht Grund zur Sorge, dass sie gestohlen werden?","왜 유물을 지키고 있는 거지? 도둑맞을 걱정이라도 있다는 건가?","","False","DIA_Garwig_SLEEP_THIEF_15_00","",""
"Scripts/Content/Story/Dialoge/DIA_NOV_608_Garwig.d:248","Was für eine absonderliche Idee. Wie kommst du denn darauf?","참 별난 생각이군. 대체 왜 그런 생각을 하는 거지?","","False","DIA_Garwig_SLEEP_THIEF_06_01","",""
"Scripts/Content/Story/Dialoge/DIA_NOV_608_Garwig.d:249","Nur Dienern Innos' ist es gestattet, das Kloster zu betreten. Und solche Gedanken hegt kein wahrer Gläubiger.","이노스를 섬기는 자들만이 수도원에 들어올 수 있다. 그리고 진정한 신자라면 그런 생각을 품지 않아.","","False","DIA_Garwig_SLEEP_THIEF_06_02","",""
"Scripts/Content/Story/Dialoge/DIA_NOV_608_Garwig.d:254","Schläfst du nie?","잠도 안 자나?","","False","DIA_Garwig_SLEEP_NEVER_15_00","",""
"Scripts/Content/Story/Dialoge/DIA_NOV_608_Garwig.d:255","Was für ein seltsamer Gedanke. Natürlich schlafe ich nie. Innos selbst verleiht mir die Kraft, niemals schlafen zu müssen.","참 이상한 생각이군. 당연히 안 자지. 이노스께서 직접 잠을 잘 필요가 없는 힘을 내게 주시거든.","","False","DIA_Garwig_SLEEP_NEVER_06_01","",""
"Scripts/Content/Story/Dialoge/DIA_NOV_608_Garwig.d:256","Denn nur so kann ich die heilige Pflicht der Wache erfüllen.","그래야만 경비병의 신성한 임무를 다할 수 있으니까.","","False","DIA_Garwig_SLEEP_NEVER_06_02","",""
"Scripts/Content/Story/Dialoge/DIA_NOV_608_Garwig.d:259","Du schläfst wirklich NIE?  ","정말로 잠을 안 자는 건가?  ","","False","DIA_Garwig_SLEEP_NEVER.DIA_Garwig_SLEEP.DIA_Garwig_SLEEP_AGAIN","Info_AddChoice",""
"Scripts/Content/Story/Dialoge/DIA_NOV_608_Garwig.d:264","Schläfst du wirklich NIE?","정말로 잠을 안 자는 건가?","","False","DIA_Garwig_SLEEP_AGAIN_15_00","",""
"Scripts/Content/Story/Dialoge/DIA_NOV_608_Garwig.d:265","Nein. Wenn eine Wache einschläft, dann hat sie versagt.","그렇다. 경비병이 잠에 빠진다면, 그건 임무에 실패한 것이다.","","False","DIA_Garwig_SLEEP_AGAIN_06_01","",""
"Scripts/Content/Story/Dialoge/DIA_NOV_608_Garwig.d:266","Aber ich werde nicht versagen, denn Innos schenkt mir Kraft und Ausdauer, so dass ich niemals müde werde.","하지만 난 실패하지 않아. 이노스께서 내게 힘과 인내를 주시어 결코 지치지 않게 해 주시니까.","","False","DIA_Garwig_SLEEP_AGAIN_06_02","",""
"Scripts/Content/Story/Dialoge/DIA_NOV_608_Garwig.d:295","(aufgebracht) Dieb! Du hast nicht nur Schande über mich und dich gebracht, sondern über das ganze Kloster!","(화가 나서) 도둑놈! 너는 나와 너 자신뿐만 아니라 수도원 전체에 먹칠을 했다!","","False","DIA_Garwig_THIEF_06_00","",""
"Scripts/Content/Story/Dialoge/DIA_NOV_608_Garwig.d:296","Du solltest deine Verfehlung büßen! Und vor allem - GIB MIR DEN HAMMER ZURÜCK!!","네 잘못을 속죄해야 할 것이다! 그리고 무엇보다도—망치를 돌려다오!!","","False","DIA_Garwig_THIEF_06_01","",""
"Scripts/Content/Story/Dialoge/DIA_NOV_608_Garwig.d:300","(verzweifelt) Der Hammer ist verschwunden, wie konnte das geschehen?","(절망하며) 망치가 사라졌어. 어떻게 이런 일이 일어날 수 있지?","","False","DIA_Garwig_THIEF_06_02","",""
"Scripts/Content/Story/Dialoge/DIA_NOV_608_Garwig.d:301","Ich habe versagt, Innos wird mich strafen!","난 실패했어, 이노스께서 나를 벌하실 거야!","","False","DIA_Garwig_THIEF_06_03","",""
"Scripts/Content/Story/Dialoge/DIA_NOV_608_Garwig.d:315","Ich bringe den Hammer zurück.","망치를 돌려주러 왔어.","","False","DIA_Garwig_Abgeben.description","",""
"Scripts/Content/Story/Dialoge/DIA_NOV_608_Garwig.d:328","Ich bringe den Hammer zurück.","망치를 돌려주러 왔어.","","False","DIA_Garwig_Abgeben_15_00","",""
"Scripts/Content/Story/Dialoge/DIA_NOV_608_Garwig.d:332","Du bist ein schändlicher Dieb!","너는 파렴치한 도둑이다!","","False","DIA_Garwig_Abgeben_06_01","",""
"Scripts/Content/Story/Dialoge/DIA_NOV_608_Garwig.d:336","So, du hattest ihn also ...","그래, 네가 가지고 있었단 말이지...","","False","DIA_Garwig_Abgeben_06_02","",""
"Scripts/Content/Story/Dialoge/DIA_NOV_608_Garwig.d:339","Aber es ist nicht an mir, über dich zu richten. Innos wird sein Recht über dich sprechen und du wirst seine Strafe empfangen!","하지만 너를 심판하는 것은 내 몫이 아니다. 이노스께서 너를 심판하시고 너는 그분의 벌을 받게 될 것이다!","","False","DIA_Garwig_Abgeben_06_03","",""
"Scripts/Content/Story/Dialoge/DIA_NOV_612_Babo.d:50","(schüchtern) Hallo, du bist auch neu hier oder?","(수줍게) 안녕, 너도 여기 새로 왔지?","","False","DIA_Babo_Hello_03_00","",""
"Scripts/Content/Story/Dialoge/DIA_NOV_612_Babo.d:51","Ja, seit wann bist du denn da?","그래. 여기 온 지는 얼마나 됐어?","","False","DIA_Babo_Hello_15_01","",""
"Scripts/Content/Story/Dialoge/DIA_NOV_612_Babo.d:52","Ich bin seit vier Wochen hier. Hast du schon einen Kampfstab bekommen?","여기 온 지 4주 되었어. 전투 지팡이는 벌써 받았어?","","False","DIA_Babo_Hello_03_02","",""
"Scripts/Content/Story/Dialoge/DIA_NOV_612_Babo.d:53","Bisher noch nicht.","아직 아니.","","False","DIA_Babo_Hello_15_03","",""
"Scripts/Content/Story/Dialoge/DIA_NOV_612_Babo.d:54","Dann nimm diesen hier. Wir Novizen tragen alle einen Stab, als Zeichen unserer Wehrhaftigkeit. Kannst du kämpfen?","그럼 이걸 가져. 우리 수련생들은 스스로를 지킬 수 있다는 표시로 모두 지팡이를 들고 다니거든. 싸울 줄 아나?","","False","DIA_Babo_Hello_03_04","",""
"Scripts/Content/Story/Dialoge/DIA_NOV_612_Babo.d:55","Nun ja, ich hab schon mal eine Waffe geschwungen ...","글쎄, 무기는 몇 번 휘둘러 봤는데...","","False","DIA_Babo_Hello_15_05","",""
"Scripts/Content/Story/Dialoge/DIA_NOV_612_Babo.d:56","Wenn du willst, kann ich dir was beibringen. Allerdings hätte ich da ein Anliegen ...","원한다면 내가 뭘 좀 가르쳐 줄 수 있어. 다만 내게 부탁이 하나 있는데...","","False","DIA_Babo_Hello_03_06","",""
"Scripts/Content/Story/Dialoge/DIA_NOV_612_Babo.d:71","Was hast du für ein Anliegen?","무슨 부탁이지?","","False","DIA_Babo_Anliegen.description","",""
"Scripts/Content/Story/Dialoge/DIA_NOV_612_Babo.d:85","Was hast du für ein Anliegen?","무슨 부탁이지?","","False","DIA_Babo_Anliegen_15_00","",""
"Scripts/Content/Story/Dialoge/DIA_NOV_612_Babo.d:86","Nun, einer der Paladine, Sergio, ist zurzeit im Kloster.","음, 팔라딘 중 한 명인 세르지오가 지금 수도원에 와 있어.","","False","DIA_Babo_Anliegen_03_01","",""
"Scripts/Content/Story/Dialoge/DIA_NOV_612_Babo.d:87","Wenn du ihn überreden kannst, mit mir einige Übungen durchzuführen, dann trainiere ich dich.","그를 설득해서 나와 함께 몇 가지 훈련을 할 수 있게 해 준다면, 너를 훈련해 주겠어.","","False","DIA_Babo_Anliegen_03_02","",""
"Scripts/Content/Story/Dialoge/DIA_NOV_612_Babo.d:88","Ich werde mal sehen, was sich machen lässt.","어떻게 할 수 있을지 알아볼게.","","False","DIA_Babo_Anliegen_15_03","",""
"Scripts/Content/Story/Dialoge/DIA_NOV_612_Babo.d:104","Ich habe mit Sergio gesprochen...","세르지오와 이야기했어...","","False","DIA_Babo_Sergio.description","",""
"Scripts/Content/Story/Dialoge/DIA_NOV_612_Babo.d:118","Ich habe mit Sergio gesprochen. Er wird jeden Morgen ab 5 Uhr mit dir zwei Stunden lang trainieren.","세르지오와 이야기했어. 그는 앞으로 매일 아침 5시에 너와 두 시간 동안 훈련을 할 거야.","","False","DIA_Babo_Sergio_15_00","",""
"Scripts/Content/Story/Dialoge/DIA_NOV_612_Babo.d:119","Danke! Was für eine Ehre für mich!","고마워! 정말 큰 영광이야!","","False","DIA_Babo_Sergio_03_01","",""
"Scripts/Content/Story/Dialoge/DIA_NOV_612_Babo.d:120","Wenn du willst, zeige ich dir auch die Geheimnisse des Kampfes.","원한다면 전투의 비법도 가르쳐 줄게.","","False","DIA_Babo_Sergio_03_02","",""
"Scripts/Content/Story/Dialoge/DIA_NOV_612_Babo.d:140","Ich bin bereit für das Training.","훈련을 받을 준비가 됐어.","","False","DIA_Babo_Teach.description","",""
"Scripts/Content/Story/Dialoge/DIA_NOV_612_Babo.d:164","Ich bin bereit für das Training.","훈련을 받을 준비가 됐어.","","False","DIA_Babo_Teach_15_00","",""
"Scripts/Content/Story/Dialoge/DIA_NOV_612_Babo.d:176","Du hast alles über den zweihändigen Kampf gelernt, was ich dir beibringen konnte.","너는 양손 무기 전투에 대해 내가 가르쳐 줄 수 있는 것은 다 배웠다.","","False","DIA_DIA_Babo_Teach_Back_03_00","",""
"Scripts/Content/Story/Dialoge/DIA_NOV_612_Babo.d:192","Kämpfe für Innos. Innos ist unser Leben - und dein Glaube gibt dir Stärke.","이노스를 위해 싸워라. 이노스는 우리의 삶이며, 너의 믿음이 네게 힘을 줄 것이다.","","False","DIA_DIA_Babo_Teach_03_00","",""
"Scripts/Content/Story/Dialoge/DIA_NOV_612_Babo.d:197","Ein Diener Innos' provoziert keinen Gegner - er überrascht ihn!","이노스의 종은 적을 도발하지 않는다. 그를 놀라게 할 뿐이지!","","False","DIA_DIA_Babo_Teach_03_01","",""
"Scripts/Content/Story/Dialoge/DIA_NOV_612_Babo.d:202","Ganz egal, wo du auch hingehst - nimm immer deinen Stab mit.","어디를 가든 항상 지팡이를 챙겨라.","","False","DIA_DIA_Babo_Teach_03_02","",""
"Scripts/Content/Story/Dialoge/DIA_NOV_612_Babo.d:207","Ein Diener Innos' ist immer bereit für den Kampf. Wenn du keine Zauber hast, ist dein Stab deine wichtigste Verteidigung.","이노스의 종은 언제나 전투 태세를 갖추고 있다. 마법이 없다면 지팡이가 가장 중요한 방어 수단이다.","","False","DIA_DIA_Babo_Teach_03_03","",""
"Scripts/Content/Story/Dialoge/DIA_NOV_612_Babo.d:231","Ein Diener Innos' kämpft nicht nur mit dem Stab, sondern auch mit dem Herz.","이노스의 종은 지팡이로만 싸우는 것이 아니라 마음으로도 싸운다.","","False","DIA_DIA_Babo_Teach_2H_5_03_00","",""
"Scripts/Content/Story/Dialoge/DIA_NOV_612_Babo.d:236","Du musst den Punkt kennen, bis zu dem du zurückweichen darfst.","어디까지 물러설 수 있는지 그 한계를 알아야 한다.","","False","DIA_DIA_Babo_Teach_2H_5_03_01","",""
"Scripts/Content/Story/Dialoge/DIA_NOV_612_Babo.d:241","Bedenke, du kämpfst gut, wenn du den Gegner steuerst und ihm keine Möglichkeit gibst, sich selbst zu steuern.","기억해라, 적을 통제하고 그가 스스로를 통제할 기회를 주지 않는다면 그게 바로 잘 싸우는 것이다.","","False","DIA_DIA_Babo_Teach_2H_5_03_02","",""
"Scripts/Content/Story/Dialoge/DIA_NOV_612_Babo.d:246","Verloren hast du erst dann, wenn du aufgegeben hast.","포기하기 전까지는 진 게 아니다.","","False","DIA_DIA_Babo_Teach_2H_5_03_03","",""
"Scripts/Content/Story/Dialoge/DIA_NOV_612_Babo.d:271","Hier, nimm eine Wurst.","자, 소시지 하나 받아.","","False","DIA_Babo_Wurst.description","",""
"Scripts/Content/Story/Dialoge/DIA_NOV_612_Babo.d:287","Hier, nimm eine Wurst.","자, 소시지 하나 받아.","","False","DIA_Babo_Wurst_15_00","",""
"Scripts/Content/Story/Dialoge/DIA_NOV_612_Babo.d:288","Oh, Schafswürste, toll. Die schmecken am Besten - gib mir doch noch eine Wurst!","오, 양고기 소시지잖아, 멋진걸. 이게 제일 맛있어. 소시지 하나 더 줘!","","False","DIA_Babo_Wurst_03_01","",""
"Scripts/Content/Story/Dialoge/DIA_NOV_612_Babo.d:289","Dann habe ich nicht mehr genug für die anderen.","그럼 다른 이들에게 줄 게 부족해져.","","False","DIA_Babo_Wurst_15_02","",""
"Scripts/Content/Story/Dialoge/DIA_NOV_612_Babo.d:290","Eine Wurst hast du eh zuviel. Nämlich die, die für dich bestimmt ist. Und was ist schon eine Wurst unter Freunden?","어차피 넌 소시지가 하나 남잖아. 바로 너를 위해 정해진 거 말이야. 그리고 친구 사이에 소시지 하나가 대수야?","","False","DIA_Babo_Wurst_03_03","",""
"Scripts/Content/Story/Dialoge/DIA_NOV_612_Babo.d:291","Komm, ich gebe dir auch eine 'Feuerpfeil'-Spruchrolle dafür.","자, 그 대신 '화염 화살' 두루마리를 줄게.","","False","DIA_Babo_Wurst_03_04","",""
"Scripts/Content/Story/Dialoge/DIA_NOV_612_Babo.d:306","Okay, hier nimm noch eine.","알았어, 자 여기 하나 더.","","False","DIA_Babo_Wurst_Info.DIA_Babo_Wurst.DIA_Babo_Wurst_JA","Info_AddChoice",""
"Scripts/Content/Story/Dialoge/DIA_NOV_612_Babo.d:307","Nein das mache ich nicht. ","아니, 그러진 않겠어. ","","False","DIA_Babo_Wurst_Info.DIA_Babo_Wurst.DIA_Babo_Wurst_NEIN","Info_AddChoice",""
"Scripts/Content/Story/Dialoge/DIA_NOV_612_Babo.d:312","Okay, hier, nimm noch eine.","알았어, 자 여기 하나 더.","","False","DIA_Babo_Wurst_JA_15_00","",""
"Scripts/Content/Story/Dialoge/DIA_NOV_612_Babo.d:313","Na gut. Hier ist deine Spruchrolle.","좋아. 여기 네 두루마리야.","","False","DIA_Babo_Wurst_JA_03_01","",""
"Scripts/Content/Story/Dialoge/DIA_NOV_612_Babo.d:323","Nein, das mache ich nicht.","아니, 그러진 않겠어.","","False","DIA_Babo_Wurst_NEIN_15_00","",""
"Scripts/Content/Story/Dialoge/DIA_NOV_612_Babo.d:324","Mann, du bist auch einer von denen, die es ganz genau nehmen, was?","이봐, 너도 아주 깐깐하게 구는 부류 중 하나구나, 그렇지?","","False","DIA_Babo_Wurst_NEIN_03_01","",""
"Scripts/Content/Story/Dialoge/DIA_NOV_612_Babo.d:337","Was ist zwischen dir und Agon passiert?","너랑 아곤 사이에 무슨 일이 있었던 거야?","","False","DIA_Babo_YouAndAgon.description","",""
"Scripts/Content/Story/Dialoge/DIA_NOV_612_Babo.d:351","Was ist zwischen dir und Agon passiert?","너랑 아곤 사이에 무슨 일이 있었던 거야?","","False","DIA_Babo_YouAndAgon_15_00","",""
"Scripts/Content/Story/Dialoge/DIA_NOV_612_Babo.d:352","Ach, wir hatten einen Streit über die Pflege von Feuernesseln.","글쎄, 파이어 네틀을 기르는 걸 두고 다퉜어.","","False","DIA_Babo_YouAndAgon_03_01","",""
"Scripts/Content/Story/Dialoge/DIA_NOV_612_Babo.d:353","Die Pflanzen hatten schon fast Wurzelfäule, so sehr hat Agon sie gegossen.","아곤이 물을 너무 많이 주는 바람에 식물들이 거의 뿌리썩이병에 걸릴 지경이었거든.","","False","DIA_Babo_YouAndAgon_03_02","",""
"Scripts/Content/Story/Dialoge/DIA_NOV_612_Babo.d:354","Als die Wurzeln dann komplett verfault waren, hat er mir das Ganze in die Schuhe geschoben.","그러다 뿌리가 완전히 썩어버리니까 그 녀석이 나한테 뒤집어씌운 거야.","","False","DIA_Babo_YouAndAgon_03_03","",""
"Scripts/Content/Story/Dialoge/DIA_NOV_612_Babo.d:355","Seitdem darf ich den ganzen Tag den Hof fegen.","그때부터 하루 종일 마당을 쓸고 있지.","","False","DIA_Babo_YouAndAgon_03_04","",""
"Scripts/Content/Story/Dialoge/DIA_NOV_612_Babo.d:367","Warum hat Agon das getan?","아곤은 왜 그런 짓을 한 거지?","","False","DIA_Babo_WhyDidAgon.description","",""
"Scripts/Content/Story/Dialoge/DIA_NOV_612_Babo.d:381","Warum hat Agon das getan?","아곤은 왜 그런 짓을 한 거지?","","False","DIA_Babo_WhyDidAgon_15_00","",""
"Scripts/Content/Story/Dialoge/DIA_NOV_612_Babo.d:382","Das musst du schon ihn fragen. Ich glaube, er kann es nicht haben, wenn jemand besser ist als er.","그건 그 녀석한테 직접 물어봐. 내 생각엔 누군가 자기보다 뛰어난 걸 못 견디는 것 같아.","","False","DIA_Babo_WhyDidAgon_03_01","",""
"Scripts/Content/Story/Dialoge/DIA_NOV_612_Babo.d:394","Du hast wohl Ahnung von Pflanzen?","너 식물에 대해 좀 아나 보네?","","False","DIA_Babo_PlantLore.description","",""
"Scripts/Content/Story/Dialoge/DIA_NOV_612_Babo.d:408","Du hast wohl Ahnung von Pflanzen?","너 식물에 대해 좀 아나 보네?","","False","DIA_Babo_PlantLore_15_00","",""
"Scripts/Content/Story/Dialoge/DIA_NOV_612_Babo.d:409","Wir hatten einen Kräutergarten, dort habe ich von meinem Opa einige Tricks gelernt.","우린 약초 정원이 있었거든. 거기서 할아버지한테 몇 가지 요령을 배웠지.","","False","DIA_Babo_PlantLore_03_01","",""
"Scripts/Content/Story/Dialoge/DIA_NOV_612_Babo.d:410","Ich würde am liebsten wieder im Garten arbeiten.","차라리 다시 정원에서 일할 수 있으면 좋겠어.","","False","DIA_Babo_PlantLore_03_02","",""
"Scripts/Content/Story/Dialoge/DIA_NOV_612_Babo.d:427","Ich soll die Novizenkammern fegen.","수련생들의 방을 쓸어야 해.","","False","DIA_Babo_Fegen.description","",""
"Scripts/Content/Story/Dialoge/DIA_NOV_612_Babo.d:440","Ich soll die Novizenkammern fegen.","수련생들의 방을 쓸어야 해.","","False","DIA_Babo_Fegen_15_00","",""
"Scripts/Content/Story/Dialoge/DIA_NOV_612_Babo.d:441","Da hast du dir ja viel Arbeit aufgehalst. Weißt du was - ich helfe dir. Alleine schaffst du das nie.","일이 산더미처럼 쌓였구나. 그거 알아? 내가 도와줄게. 혼자서는 절대 끝내지 못할 거야.","","False","DIA_Babo_Fegen_03_01","",""
"Scripts/Content/Story/Dialoge/DIA_NOV_612_Babo.d:442","Aber ich brauche unbedingt eine 'Windfaust'-Spruchrolle - weißt du, ich hatte das Glück und durfte ein Buch darüber lesen.","'바람의 주먹' 두루마리가 꼭 필요하거든. 운 좋게도 그에 관한 책을 읽을 수 있었거든.","","False","DIA_Babo_Fegen_03_02","",""
"Scripts/Content/Story/Dialoge/DIA_NOV_612_Babo.d:443","Und jetzt will ich den Zauber natürlich auch mal anwenden. Also besorge mir die Spruchrolle, dann helfe ich dir.","그래서 이제 그 마법을 직접 써보고 싶어. 그러니까 두루마리를 구해다 주면, 내가 널 도와줄게.","","False","DIA_Babo_Fegen_03_03","",""
"Scripts/Content/Story/Dialoge/DIA_NOV_612_Babo.d:458","Wegen der Spruchrolle...(WINDFAUST geben)","두루마리에 관해서...(바람의 주먹 주기)","","False","DIA_Babo_Windfaust.description","",""
"Scripts/Content/Story/Dialoge/DIA_NOV_612_Babo.d:476","Wegen der Spruchrolle...","두루마리에 관해서 말인데...","","False","DIA_Babo_Windfaust_15_00","",""
"Scripts/Content/Story/Dialoge/DIA_NOV_612_Babo.d:477","Hast du einen Windfaust-Zauber für mich?","나한테 줄 바람의 주먹 마법이 있니?","","False","DIA_Babo_Windfaust_03_01","",""
"Scripts/Content/Story/Dialoge/DIA_NOV_612_Babo.d:481","Hier ist die Spruchrolle, die du wolltest.","여기 네가 원하던 두루마리가 있다.","","False","DIA_Babo_Windfaust_15_02","",""
"Scripts/Content/Story/Dialoge/DIA_NOV_612_Babo.d:482","Das ist gut. Dann werde ich dir mal helfen, die Kammern zu reinigen.","좋아. 그럼 방 청소를 도와줄게.","","False","DIA_Babo_Windfaust_03_03","",""
"Scripts/Content/Story/Dialoge/DIA_NOV_612_Babo.d:494","Nein, bisher noch nicht.","아니, 아직 못 구했어.","","False","DIA_Babo_Windfaust_15_04","",""
"Scripts/Content/Story/Dialoge/DIA_NOV_612_Babo.d:495","Ich werde solange warten.","구할 때까지 기다릴게.","","False","DIA_Babo_Windfaust_03_05","",""
"Scripts/Content/Story/Dialoge/DIA_NOV_612_Babo.d:511","Wie ist das Leben hier im Kloster?","수도원에서의 삶은 어때?","","False","DIA_Babo_Life.description","",""
"Scripts/Content/Story/Dialoge/DIA_NOV_612_Babo.d:524","Wie ist das Leben hier im Kloster?","수도원에서의 삶은 어때?","","False","DIA_Babo_Life_15_00","",""
"Scripts/Content/Story/Dialoge/DIA_NOV_612_Babo.d:525","Ich will mich nicht beklagen, aber ich hab nicht gedacht, dass hier alle so streng sind. Wenn du dich nicht an die Regeln hältst, wirst du bestraft.","불평하고 싶진 않지만, 다들 이렇게 엄격할 줄은 몰랐어. 규칙을 지키지 않으면 벌을 받거든.","","False","DIA_Babo_Life_03_01","",""
"Scripts/Content/Story/Dialoge/DIA_NOV_612_Babo.d:526","Viele Novizen wollen natürlich die Lehren Innos' in der Bibliothek studieren, damit sie vorbereitet sind, falls sie erwählt werden.","물론 많은 견습생들이 선택받을 경우에 대비해 도서관에서 이노스의 가르침을 공부하고 싶어 해.","","False","DIA_Babo_Life_03_02","",""
"Scripts/Content/Story/Dialoge/DIA_NOV_612_Babo.d:527","Aber ich denke, die beste Vorbereitung auf die Prüfung der Magie ist die Erfüllung der eigenen Aufgaben.","하지만 마법의 시험을 위한 최고의 준비는 자신에게 주어진 임무를 완수하는 것이라고 생각해.","","False","DIA_Babo_Life_03_03","",""
"Scripts/Content/Story/Dialoge/DIA_NOV_612_Babo.d:531","Was hat es mit den Erwählten und dieser Prüfung auf sich?","선택받은 자들과 그 시험이라는 건 뭐야?","","False","DIA_Babo_Life_15_04","",""
"Scripts/Content/Story/Dialoge/DIA_NOV_612_Babo.d:532","Sprich mit Bruder Igaraz. Er kennt sich gut damit aus.","이가라즈 형제에게 가봐. 그에 대해 잘 알고 있을 거야.","","False","DIA_Babo_Life_03_05","",""
"Scripts/Content/Story/Dialoge/DIA_NOV_612_Babo.d:546","Wie geht's?","어떻게 지내?","","False","DIA_Babo_HowIsIt.description","",""
"Scripts/Content/Story/Dialoge/DIA_NOV_612_Babo.d:563","Wie geht's?","어떻게 지내?","","False","DIA_Babo_HowIsIt_15_00","",""
"Scripts/Content/Story/Dialoge/DIA_NOV_612_Babo.d:567","(demütig) Ich danke den Magiern für meine Aufgabe.","(경건하게) 내게 임무를 주신 마법사님들께 감사드립니다.","","False","DIA_Babo_HowIsIt_03_01","",""
"Scripts/Content/Story/Dialoge/DIA_NOV_612_Babo.d:568","Es macht mir Freude im Garten zu arbeiten und hoffe, dass die Magier zufrieden mit mir sind, Meister.","정원에서 일하는 것이 즐겁고, 마법사님들이 저에게 만족하셨으면 좋겠습니다, 스승님.","","False","DIA_Babo_HowIsIt_03_02","",""
"Scripts/Content/Story/Dialoge/DIA_NOV_612_Babo.d:578","(erschrocken) G..g..gut, Meister.","(깜짝 놀라며) ㅈ..ㅈ..잘 지냅니다, 스승님.","","False","DIA_Babo_HowIsIt_03_03","",""
"Scripts/Content/Story/Dialoge/DIA_NOV_612_Babo.d:579","Ich, ich arbeite hart und versuche die Magier nicht zu enttäuschen.","전, 저는 열심히 일하며 마법사님들을 실망시키지 않으려고 노력하고 있습니다.","","False","DIA_Babo_HowIsIt_03_04","",""
"Scripts/Content/Story/Dialoge/DIA_NOV_612_Babo.d:650","Was machst du hier?","여기서 뭐 하는 거야?","","False","DIA_Babo_Kap3_Hello.description","",""
"Scripts/Content/Story/Dialoge/DIA_NOV_612_Babo.d:663","Was machst du hier?","여기서 뭐 하는 거야?","","False","DIA_Babo_Kap3_Hello_15_00","",""
"Scripts/Content/Story/Dialoge/DIA_NOV_612_Babo.d:667","(schüchtern) Ich versuche, die mir gestellten Aufgaben zur Zufriedenheit des Klosters zu lösen.","(수줍게) 수도원이 만족할 수 있도록 내게 주어진 임무를 완수하려고 노력 중이야.","","False","DIA_Babo_Kap3_Hello_03_01","",""
"Scripts/Content/Story/Dialoge/DIA_NOV_612_Babo.d:671","Ich darf nicht mir dir reden. Man sieht nicht gern, wenn wir uns mit Fremden unterhalten.","너와 이야기하면 안 돼. 우리가 낯선 이들과 대화하는 걸 좋아하지 않거든.","","False","DIA_Babo_Kap3_Hello_03_02","",""
"Scripts/Content/Story/Dialoge/DIA_NOV_612_Babo.d:684","Du darfst den Glauben niemals verlieren.","절대 신앙을 잃어서는 안 된다.","","False","DIA_Babo_Kap3_KeepTheFaith.description","",""
"Scripts/Content/Story/Dialoge/DIA_NOV_612_Babo.d:699","Du darfst den Glauben niemals verlieren.","절대 신앙을 잃어서는 안 된다.","","False","DIA_Babo_Kap3_KeepTheFaith_15_00","",""
"Scripts/Content/Story/Dialoge/DIA_NOV_612_Babo.d:700","(ertappt) Nein, ... ich meine, das würde ich niemals tun. Ehrlich!","(들킨 듯이) 아니, ... 내 말은, 절대 그러지 않을 거라는 거야. 정말이야!","","False","DIA_Babo_Kap3_KeepTheFaith_03_01","",""
"Scripts/Content/Story/Dialoge/DIA_NOV_612_Babo.d:701","Uns allen werden oft schwere Prüfungen auferlegt.","우리 모두는 종종 혹독한 시험을 겪게 마련이지.","","False","DIA_Babo_Kap3_KeepTheFaith_15_02","",""
"Scripts/Content/Story/Dialoge/DIA_NOV_612_Babo.d:702","Ja, Meister. Ich werde immer daran denken. Danke.","네, 스승님. 명심하겠습니다. 감사합니다.","","False","DIA_Babo_Kap3_KeepTheFaith_03_03","",""
"Scripts/Content/Story/Dialoge/DIA_NOV_612_Babo.d:716","Das klingt aber nicht sehr glücklich.","하지만 별로 행복해 보이지 않네.","","False","DIA_Babo_Kap3_Unhappy.description","",""
"Scripts/Content/Story/Dialoge/DIA_NOV_612_Babo.d:731","Das klingt aber nicht sehr glücklich.","하지만 별로 행복해 보이지 않네.","","False","DIA_Babo_Kap3_Unhappy_15_00","",""
"Scripts/Content/Story/Dialoge/DIA_NOV_612_Babo.d:732","(ertappt) Na ja ... ich meine, eigentlich ist ja alles in Ordnung.","(들킨 듯이) 글쎄... 내 말은, 사실 다 괜찮다는 거지.","","False","DIA_Babo_Kap3_Unhappy_03_01","",""
"Scripts/Content/Story/Dialoge/DIA_NOV_612_Babo.d:733","Nur ... Ach, ich will mich nicht beschweren.","다만... 아오, 불평하고 싶진 않아.","","False","DIA_Babo_Kap3_Unhappy_03_02","",""
"Scripts/Content/Story/Dialoge/DIA_NOV_612_Babo.d:736","Dann hör auf zu jammern.","그럼 징징거리지 마.","","False","DIA_Babo_Kap3_Unhappy_Info.DIA_Babo_Kap3_Unhappy.DIA_Babo_Kap3_Unhappy_Lament","Info_AddChoice",""
"Scripts/Content/Story/Dialoge/DIA_NOV_612_Babo.d:737","Mir kannst du´s ruhig erzählen.","나한테는 털어놔도 돼.","","False","DIA_Babo_Kap3_Unhappy_Info.DIA_Babo_Kap3_Unhappy.DIA_Babo_Kap3_Unhappy_TellMe","Info_AddChoice",""
"Scripts/Content/Story/Dialoge/DIA_NOV_612_Babo.d:742","Dann hör auf zu jammern.","그럼 징징거리지 마.","","False","DIA_Babo_Kap3_Unhappy_Lament_15_00","",""
"Scripts/Content/Story/Dialoge/DIA_NOV_612_Babo.d:743","(ängstlich) Ich ... Ich ... bitte erzählt den Magiern nichts.","(겁을 먹으며) 제... 제발 마법사님들께 말씀드리지 마.","","False","DIA_Babo_Kap3_Unhappy_Lament_03_01","",""
"Scripts/Content/Story/Dialoge/DIA_NOV_612_Babo.d:744","Ich will nicht schon wieder bestraft werden.","또 벌을 받고 싶진 않단 말이야.","","False","DIA_Babo_Kap3_Unhappy_Lament_03_02","",""
"Scripts/Content/Story/Dialoge/DIA_NOV_612_Babo.d:745","Ich denk drüber nach.","생각해 보지.","","False","DIA_Babo_Kap3_Unhappy_Lament_15_03","",""
"Scripts/Content/Story/Dialoge/DIA_NOV_612_Babo.d:752","Mir kannst du es ruhig erzählen.","나한테는 털어놔도 돼.","","False","DIA_Babo_Kap3_Unhappy_TellMe_15_00","",""
"Scripts/Content/Story/Dialoge/DIA_NOV_612_Babo.d:753","Und du sagst den Magiern wirklich nichts?","정말 마법사님들께 말 안 할 거지?","","False","DIA_Babo_Kap3_Unhappy_TellMe_03_01","",""
"Scripts/Content/Story/Dialoge/DIA_NOV_612_Babo.d:754","Seh ich so aus?","내가 그럴 사람으로 보이니?","","False","DIA_Babo_Kap3_Unhappy_TellMe_15_02","",""
"Scripts/Content/Story/Dialoge/DIA_NOV_612_Babo.d:755","Also gut. Ich habe Problem mit einem der Novizen. Er hat mich in der Hand.","좋아. 다른 견습생 때문에 문제가 생겼어. 약점을 잡혔거든.","","False","DIA_Babo_Kap3_Unhappy_TellMe_03_03","",""
"Scripts/Content/Story/Dialoge/DIA_NOV_612_Babo.d:756","Jetzt komm schon raus mit der Sprache.","어서 솔직하게 말해봐.","","False","DIA_Babo_Kap3_Unhappy_TellMe_15_04","",""
"Scripts/Content/Story/Dialoge/DIA_NOV_612_Babo.d:757","Igaraz, das ist der Novize, hat einige von meinen privaten Aufzeichnungen gefunden.","그 견습생인 이가라즈가 내 사적인 기록을 찾아냈어.","","False","DIA_Babo_Kap3_Unhappy_TellMe_03_05","",""
"Scripts/Content/Story/Dialoge/DIA_NOV_612_Babo.d:758","Er droht mir, dass er sie den Magiern gibt, wenn ich nicht das tue, was er sagt.","시키키는 대로 안 하면 이걸 마법사님들께 바치겠다고 협박하고 있어.","","False","DIA_Babo_Kap3_Unhappy_TellMe_03_06","",""
"Scripts/Content/Story/Dialoge/DIA_NOV_612_Babo.d:767","Das ist mir doch ein bisschen zu privat.","그건 내게 너무 사적인 이야기인 것 같군.","","False","DIA_Babo_Kap3_Unhappy_TellMe.DIA_Babo_Kap3_Unhappy.DIA_Babo_Kap3_Unhappy_Privat","Info_AddChoice",""
"Scripts/Content/Story/Dialoge/DIA_NOV_612_Babo.d:768","Was sollst du für ihn tun?","그 자를 위해 뭘 해야 하는데?","","False","DIA_Babo_Kap3_Unhappy_TellMe.DIA_Babo_Kap3_Unhappy.DIA_Babo_Kap3_Unhappy_ShouldDo","Info_AddChoice",""
"Scripts/Content/Story/Dialoge/DIA_NOV_612_Babo.d:769","Was sind das für Dokumente?","어떤 문서들인데?","","False","DIA_Babo_Kap3_Unhappy_TellMe.DIA_Babo_Kap3_Unhappy.DIA_Babo_Kap3_Unhappy_Documents","Info_AddChoice",""
"Scripts/Content/Story/Dialoge/DIA_NOV_612_Babo.d:770","Vielleicht kann ich dir helfen.","내가 도와줄 수 있을지도 몰라.","","False","DIA_Babo_Kap3_Unhappy_TellMe.DIA_Babo_Kap3_Unhappy.DIA_Babo_Kap3_Unhappy_CanHelpYou","Info_AddChoice",""
"Scripts/Content/Story/Dialoge/DIA_NOV_612_Babo.d:775","Das ist mir doch ein bisschen zu privat.","그건 내게 너무 사적인 이야기인 것 같군.","","False","DIA_Babo_Kap3_Unhappy_Privat_15_00","",""
"Scripts/Content/Story/Dialoge/DIA_NOV_612_Babo.d:776","Ich versteh schon, du willst keinen Ärger. Dann werde ich da wohl alleine mit fertig werden müssen.","무슨 뜻인지 알겠어, 엮이고 싶지 않겠지. 그럼 혼자 해결해야겠네.","","False","DIA_Babo_Kap3_Unhappy_Privat_03_01","",""
"Scripts/Content/Story/Dialoge/DIA_NOV_612_Babo.d:777","Du schaffst das schon.","잘 해낼 수 있을 거야.","","False","DIA_Babo_Kap3_Unhappy_Privat_15_02","",""
"Scripts/Content/Story/Dialoge/DIA_NOV_612_Babo.d:784","Was sollst du für ihn tun?","그 자를 위해 뭘 해야 하는데?","","False","DIA_Babo_Kap3_Unhappy_ShouldDo_15_00","",""
"Scripts/Content/Story/Dialoge/DIA_NOV_612_Babo.d:785","Darüber möchte ich nicht reden. Auf jeden Fall ist es nichts Innos-gefälliges.","말하고 싶지 않아. 확실한 건 이노스 보시기에 떳떳한 일은 아니야.","","False","DIA_Babo_Kap3_Unhappy_ShouldDo_03_01","",""
"Scripts/Content/Story/Dialoge/DIA_NOV_612_Babo.d:786","Ich mag gar nicht darüber nachdenken, was passiert, wenn das rauskäme.","들키기라도 하면 어떻게 될지 생각조차 하기 싫어.","","False","DIA_Babo_Kap3_Unhappy_ShouldDo_03_02","",""
"Scripts/Content/Story/Dialoge/DIA_NOV_612_Babo.d:791","Was sind das für Dokumente?","어떤 문서들인데?","","False","DIA_Babo_Kap3_Unhappy_Documents_15_00","",""
"Scripts/Content/Story/Dialoge/DIA_NOV_612_Babo.d:792","(unsicher) Das geht niemanden was an. Das ist ganz und gar meine Sache.","(불안해하며) 아무 상관도 없는 일이야. 온전히 내 문제라고.","","False","DIA_Babo_Kap3_Unhappy_Documents_03_01","",""
"Scripts/Content/Story/Dialoge/DIA_NOV_612_Babo.d:793","Los, sag schon.","어서 말해봐.","","False","DIA_Babo_Kap3_Unhappy_Documents_15_02","",""
"Scripts/Content/Story/Dialoge/DIA_NOV_612_Babo.d:794","Das sind äh ... Ganz normale Dokument halt. Nichts Besonderes.","그냥 그게... 평범한 문서야. 별거 아니라고.","","False","DIA_Babo_Kap3_Unhappy_Documents_03_03","",""
"Scripts/Content/Story/Dialoge/DIA_NOV_612_Babo.d:795","Ich frag nicht weiter.","더 묻지는 않으마.","","False","DIA_Babo_Kap3_Unhappy_Documents_15_04","",""
"Scripts/Content/Story/Dialoge/DIA_NOV_612_Babo.d:800","Vielleicht kann ich dir helfen?","내가 도와줄 수 있을까?","","False","DIA_Babo_Kap3_Unhappy_CanHelpYou_15_00","",""
"Scripts/Content/Story/Dialoge/DIA_NOV_612_Babo.d:801","Das würdest du tun?","정말 그럴 거야?","","False","DIA_Babo_Kap3_Unhappy_CanHelpYou_03_01","",""
"Scripts/Content/Story/Dialoge/DIA_NOV_612_Babo.d:802","Das kommt natürlich ganz drauf an.","물론 상황에 따라 다르겠지만.","","False","DIA_Babo_Kap3_Unhappy_CanHelpYou_15_02","",""
"Scripts/Content/Story/Dialoge/DIA_NOV_612_Babo.d:803","(hastig) Ich würde dich natürlich auch dafür bezahlen.","(급하게) 물론 사례는 할게.","","False","DIA_Babo_Kap3_Unhappy_CanHelpYou_03_03","",""
"Scripts/Content/Story/Dialoge/DIA_NOV_612_Babo.d:804","Wie viel?","얼마나?","","False","DIA_Babo_Kap3_Unhappy_CanHelpYou_15_04","",""
"Scripts/Content/Story/Dialoge/DIA_NOV_612_Babo.d:805","Ich habe natürlich nicht so viel Geld, aber ich könnte dir eine Spruchrolle geben. Ich habe einen Heilzauber.","가진 돈은 별로 없지만, 두루마리를 하나 줄 수 있어. 치유 마법 두루마리야.","","False","DIA_Babo_Kap3_Unhappy_CanHelpYou_03_05","",""
"Scripts/Content/Story/Dialoge/DIA_NOV_612_Babo.d:808","Da lass ich lieber die Finger von.","거기에 관여하고 싶지 않군.","","False","DIA_Babo_Kap3_Unhappy_CanHelpYou.DIA_Babo_Kap3_Unhappy.DIA_Babo_Kap3_Unhappy_No","Info_AddChoice",""
"Scripts/Content/Story/Dialoge/DIA_NOV_612_Babo.d:809","Ich werde mal sehen, was ich tun kann.","내가 뭘 할 수 있을지 알아보지.","","False","DIA_Babo_Kap3_Unhappy_CanHelpYou.DIA_Babo_Kap3_Unhappy.DIA_Babo_Kap3_Unhappy_Yes","Info_AddChoice",""
"Scripts/Content/Story/Dialoge/DIA_NOV_612_Babo.d:814","Davon lass ich lieber die Finger.","거기에 관여하고 싶지 않군.","","False","DIA_Babo_Kap3_Unhappy_No_15_00","",""
"Scripts/Content/Story/Dialoge/DIA_NOV_612_Babo.d:815","Dann habe ich wohl keine Wahl, dann muss ich das Spiel wohl mitspielen.","그럼 별수 없지, 이 장단에 맞춰 놀아날 수밖에.","","False","DIA_Babo_Kap3_Unhappy_No_03_01","",""
"Scripts/Content/Story/Dialoge/DIA_NOV_612_Babo.d:822","Ich werde mal sehen, was ich tun kann.","내가 뭘 할 수 있을지 알아보지.","","False","DIA_Babo_Kap3_Unhappy_Yes_15_00","",""
"Scripts/Content/Story/Dialoge/DIA_NOV_612_Babo.d:823","(freudig) Ehrlich, es muss einfach gelingen. Es muss!","(기뻐하며) 정말이지? 꼭 성공해야 해. 반드시!","","False","DIA_Babo_Kap3_Unhappy_Yes_03_01","",""
"Scripts/Content/Story/Dialoge/DIA_NOV_612_Babo.d:824","Also, du musst eigentlich nur rausfinden, wo Igaraz die Sachen aufbewahrt. Dann klaust du sie ihm und alles ist in bester Ordnung.","그러니까 이가라즈가 그 물건들을 어디에 보관하는지 알아내기만 하면 돼. 그런 다음 훔쳐 오면 모든 게 아주 순조로워질 거야.","","False","DIA_Babo_Kap3_Unhappy_Yes_03_02","",""
"Scripts/Content/Story/Dialoge/DIA_NOV_612_Babo.d:825","Ganz ruhig. Du machst erstmal weiter, um den Rest kümmere ich mich.","진정해. 넌 하던 일이나 계속해. 나머지는 내가 알아서 할 테니까.","","False","DIA_Babo_Kap3_Unhappy_Yes_15_03","",""
"Scripts/Content/Story/Dialoge/DIA_NOV_612_Babo.d:839","Ich hab deine Dokumente.","네 문서를 가지고 있어.","","False","DIA_Babo_Kap3_HaveYourDocs.description","",""
"Scripts/Content/Story/Dialoge/DIA_NOV_612_Babo.d:855","Ich hab deine Dokumente.","네 문서를 가지고 있어.","","False","DIA_Babo_Kap3_HaveYourDocs_15_00","",""
"Scripts/Content/Story/Dialoge/DIA_NOV_612_Babo.d:856","Wirklich? Danke, du hast mich gerettet. Ich weiß gar nicht, wie ich dir danken soll.","정말? 고마워, 살았어. 어떻게 감사를 표해야 할지 모르겠네.","","False","DIA_Babo_Kap3_HaveYourDocs_03_01","",""
"Scripts/Content/Story/Dialoge/DIA_NOV_612_Babo.d:857","Ja ja, beruhig dich wieder.","그래 그래, 진정하라고.","","False","DIA_Babo_Kap3_HaveYourDocs_15_02","",""
"Scripts/Content/Story/Dialoge/DIA_NOV_612_Babo.d:858","(aufgeregt) Sind es auch wirklich meine? Bist du dir sicher, zeig her.","(흥분하며) 정말 내 것 맞아? 확실해? 이리 좀 줘봐.","","False","DIA_Babo_Kap3_HaveYourDocs_03_03","",""
"Scripts/Content/Story/Dialoge/DIA_NOV_612_Babo.d:861","Ich werde sie noch eine Weile behalten.","조금 더 가지고 있어야겠어.","","False","DIA_Babo_Kap3_HaveYourDocs_Info.DIA_Babo_Kap3_HaveYourDocs.DIA_Babo_Kap3_HaveYourDocs_KeepThem","Info_AddChoice",""
"Scripts/Content/Story/Dialoge/DIA_NOV_612_Babo.d:865","Aufgrund der nackten Tatsachen ist der Preis gestiegen.","엄연한 현실을 고려할 때, 가격이 올랐어.","","False","DIA_Babo_Kap3_HaveYourDocs_Info.DIA_Babo_Kap3_HaveYourDocs.DIA_Babo_Kap3_HaveYourDocs_IWantMore","Info_AddChoice",""
"Scripts/Content/Story/Dialoge/DIA_NOV_612_Babo.d:868","Hier sind sie.","여기 있어.","","False","DIA_Babo_Kap3_HaveYourDocs_Info.DIA_Babo_Kap3_HaveYourDocs.DIA_Babo_Kap3_HaveYourDocs_HereTheyAre","Info_AddChoice",""
"Scripts/Content/Story/Dialoge/DIA_NOV_612_Babo.d:873","Ich werde sie noch eine Weile behalten.","조금 더 가지고 있어야겠어.","","False","DIA_Babo_Kap3_HaveYourDocs_KeepThem_15_00","",""
"Scripts/Content/Story/Dialoge/DIA_NOV_612_Babo.d:874","(fassunglos) Was!? Was soll das heißen. Was hast du vor?","(어이없어하며) 뭐라고!? 그게 무슨 소리야. 무슨 꿍꿍이지?","","False","DIA_Babo_Kap3_HaveYourDocs_KeepThem_03_01","",""
"Scripts/Content/Story/Dialoge/DIA_NOV_612_Babo.d:877","War nur ein Scherz.","농담이야.","","False","DIA_Babo_Kap3_HaveYourDocs_KeepThem.DIA_Babo_Kap3_HaveYourDocs.DIA_Babo_Kap3_HaveYourDocs_KeepThem_JustJoke","Info_AddChoice",""
"Scripts/Content/Story/Dialoge/DIA_NOV_612_Babo.d:878","Das ist meine Sache.","그건 내 알 바 아니야.","","False","DIA_Babo_Kap3_HaveYourDocs_KeepThem.DIA_Babo_Kap3_HaveYourDocs.DIA_Babo_Kap3_HaveYourDocs_KeepThem_MyConcern","Info_AddChoice",""
"Scripts/Content/Story/Dialoge/DIA_NOV_612_Babo.d:882","Igaraz und ich sind Partner.","이가라즈와 나는 파트너야.","","False","DIA_Babo_Kap3_HaveYourDocs_KeepThem.DIA_Babo_Kap3_HaveYourDocs.DIA_Babo_Kap3_HaveYourDocs_KeepThem_Partner","Info_AddChoice",""
"Scripts/Content/Story/Dialoge/DIA_NOV_612_Babo.d:888","War nur ein Scherz.","농담이야.","","False","DIA_Babo_Kap3_HaveYourDocs_KeepThem_JustJoke_15_00","",""
"Scripts/Content/Story/Dialoge/DIA_NOV_612_Babo.d:889","(sauer) Haha, ich kann nicht darüber lachen. Also, wo sind sie?","(화내며) 하하, 전혀 안 웃긴데. 그래서, 어디 있냐고?","","False","DIA_Babo_Kap3_HaveYourDocs_KeepThem_JustJoke_03_01","",""
"Scripts/Content/Story/Dialoge/DIA_NOV_612_Babo.d:890","Hier.","여기.","","False","DIA_Babo_Kap3_HaveYourDocs_KeepThem_JustJoke_15_02","",""
"Scripts/Content/Story/Dialoge/DIA_NOV_612_Babo.d:904","Ich wollte dich nicht beleidigen, aber ich bin ganz schön nervös wegen der Sache.","기분 상하게 할 의도는 없었어. 이 일 때문에 내가 꽤 긴장했거든.","","False","DIA_Babo_Kap3_HaveYourDocs_KeepThem_JustJoke_03_03","",""
"Scripts/Content/Story/Dialoge/DIA_NOV_612_Babo.d:905","Schon vergessen. Noch viel Spaß mit deinen DOKUMENTEN.","이미 잊었어. 네 문서들로 좋은 시간 보내라고.","","False","DIA_Babo_Kap3_HaveYourDocs_KeepThem_JustJoke_15_04","",""
"Scripts/Content/Story/Dialoge/DIA_NOV_612_Babo.d:915","Das ist meine Sache.","그건 내 알 바야.","","False","DIA_Babo_Kap3_HaveYourDocs_KeepThem_MyConcern_15_00","",""
"Scripts/Content/Story/Dialoge/DIA_NOV_612_Babo.d:916","Die Dokumente gehören mir. Du hast kein Recht, sie zu behalten.","그 문서들은 내 거야. 네가 계속 가지고 있을 권리는 없어.","","False","DIA_Babo_Kap3_HaveYourDocs_KeepThem_MyConcern_03_01","",""
"Scripts/Content/Story/Dialoge/DIA_NOV_612_Babo.d:917","Mach's gut.","잘 가.","","False","DIA_Babo_Kap3_HaveYourDocs_KeepThem_MyConcern_15_02","",""
"Scripts/Content/Story/Dialoge/DIA_NOV_612_Babo.d:924","Igaraz und ich sind jetzt Partner.","이가라즈와 나는 이제 파트너야.","","False","DIA_Babo_Kap3_HaveYourDocs_KeepThem_Partner_15_00","",""
"Scripts/Content/Story/Dialoge/DIA_NOV_612_Babo.d:925","(fassungslos) Was? Das könnt ihr nicht machen.","(망연자실하며) 뭐라고? 그럴 리가 없어.","","False","DIA_Babo_Kap3_HaveYourDocs_KeepThem_Partner_03_01","",""
"Scripts/Content/Story/Dialoge/DIA_NOV_612_Babo.d:926","Anscheinend doch. Ich werde die Papiere behalten und alles bleibt wie gehabt.","유감이지만 그럴 수 있지. 서류는 내가 계속 갖고 있을 거고, 모든 건 예전 그대로 유지될 거야.","","False","DIA_Babo_Kap3_HaveYourDocs_KeepThem_Partner_15_02","",""
"Scripts/Content/Story/Dialoge/DIA_NOV_612_Babo.d:927","Das Finanzielle werde ich mit Igaraz regeln.","금전적인 부분은 이가라즈와 해결할 테니까.","","False","DIA_Babo_Kap3_HaveYourDocs_KeepThem_Partner_15_03","",""
"Scripts/Content/Story/Dialoge/DIA_NOV_612_Babo.d:928","Also, pass gut auf die Pflanzen auf.","그럼, 식물 관리나 잘하라고.","","False","DIA_Babo_Kap3_HaveYourDocs_KeepThem_Partner_15_04","",""
"Scripts/Content/Story/Dialoge/DIA_NOV_612_Babo.d:929","Du bist ein Schwein. Eine mieses geldgieriges Schwein. Innos wird dich strafen.","넌 쓰레기야. 구제 불능의 돈독 오른 쓰레기라고. 이노스께서 널 벌하실 거다.","","False","DIA_Babo_Kap3_HaveYourDocs_KeepThem_Partner_03_05","",""
"Scripts/Content/Story/Dialoge/DIA_NOV_612_Babo.d:933","Halt die Luft an.","말조심해.","","False","DIA_Babo_Kap3_HaveYourDocs_KeepThem_Partner.DIA_Babo_Kap3_HaveYourDocs.DIA_Babo_Kap3_HaveYourDocs_KeepThem_Partner_KeepCalm","Info_AddChoice",""
"Scripts/Content/Story/Dialoge/DIA_NOV_612_Babo.d:934","Hast du nichts zu tun?","할 일이 없나 봐?","","False","DIA_Babo_Kap3_HaveYourDocs_KeepThem_Partner.DIA_Babo_Kap3_HaveYourDocs.DIA_Babo_Kap3_HaveYourDocs_KeepThem_Partner_NothingToDo","Info_AddChoice",""
"Scripts/Content/Story/Dialoge/DIA_NOV_612_Babo.d:944","Halt die Luft an.","말조심해.","","False","DIA_Babo_Kap3_HaveYourDocs_KeepThem_Partner_KeepCalm_15_00","",""
"Scripts/Content/Story/Dialoge/DIA_NOV_612_Babo.d:945","Mit mir kann man's ja machen.","내만 호구지.","","False","DIA_Babo_Kap3_HaveYourDocs_KeepThem_Partner_KeepCalm_03_01","",""
"Scripts/Content/Story/Dialoge/DIA_NOV_612_Babo.d:952","Hast du nichts zu tun?","할 일이 없나 봐?","","False","DIA_Babo_Kap3_HaveYourDocs_NothingToDo_15_00","",""
"Scripts/Content/Story/Dialoge/DIA_NOV_612_Babo.d:953","Ich hab schon verstanden, aber glaube mir, das wird nicht ohne Konsequenzen bleiben.","무슨 뜻인지 알겠어. 하지만 믿어, 이대로 그냥 넘어가진 않을 거야.","","False","DIA_Babo_Kap3_HaveYourDocs_NothingToDo_03_01","",""
"Scripts/Content/Story/Dialoge/DIA_NOV_612_Babo.d:960","Aufgrund der nackten Tatsachen ist der Preis gestiegen.","엄연한 현실을 고려할 때, 가격이 올랐어.","","False","DIA_Babo_Kap3_HaveYourDocs_IWantMore_15_00","",""
"Scripts/Content/Story/Dialoge/DIA_NOV_612_Babo.d:961","Du bist auch nicht besser als die Anderen. Was willst du?","너도 다른 녀석들과 다를 바 없구나. 원하는 게 뭐야?","","False","DIA_Babo_Kap3_HaveYourDocs_IWantMore_03_01","",""
"Scripts/Content/Story/Dialoge/DIA_NOV_612_Babo.d:962","Was hast du?","뭘 가지고 있는데?","","False","DIA_Babo_Kap3_HaveYourDocs_IWantMore_15_02","",""
"Scripts/Content/Story/Dialoge/DIA_NOV_612_Babo.d:963","Ich kann dir noch 121 Goldmünzen geben, das ist alles was ich habe.","121개의 금화밖에 줄 수 없어. 가진 게 전부야.","","False","DIA_Babo_Kap3_HaveYourDocs_IWantMore_03_03","",""
"Scripts/Content/Story/Dialoge/DIA_NOV_612_Babo.d:966","Das wird nicht reichen.","택도 없어.","","False","DIA_Babo_Kap3_HaveYourDocs_IWantMore.DIA_Babo_Kap3_HaveYourDocs.DIA_Babo_Kap3_HaveYourDocs_IWantMore_NotEnough","Info_AddChoice",""
"Scripts/Content/Story/Dialoge/DIA_NOV_612_Babo.d:967","Einverstanden.","좋아.","","False","DIA_Babo_Kap3_HaveYourDocs_IWantMore.DIA_Babo_Kap3_HaveYourDocs.DIA_Babo_Kap3_HaveYourDocs_IWantMore_ThatsEnough","Info_AddChoice",""
"Scripts/Content/Story/Dialoge/DIA_NOV_612_Babo.d:972","Das wird nicht reichen.","택도 없어.","","False","DIA_Babo_Kap3_HaveYourDocs_IWantMore_NotEnough_15_00","",""
"Scripts/Content/Story/Dialoge/DIA_NOV_612_Babo.d:973","Aber mehr Geld habe ich nicht. Wenn ich das vorher gewusst hätte, wäre ich nie ins Kloster gegangen.","하지만 돈이 더는 없단 말이야. 미리 알았더라면 절대 수도원에 들어오지 않았을 텐데.","","False","DIA_Babo_Kap3_HaveYourDocs_IWantMore_NotEnough_03_01","",""
"Scripts/Content/Story/Dialoge/DIA_NOV_612_Babo.d:980","Einverstanden","동의한다","","False","DIA_Babo_Kap3_HaveYourDocs_IWantMore_ThatsEnough_15_00","",""
"Scripts/Content/Story/Dialoge/DIA_NOV_612_Babo.d:981","Hier ist das Geld und die Spruchrolle.","여기 돈과 두루마리가 있어.","","False","DIA_Babo_Kap3_HaveYourDocs_IWantMore_ThatsEnough_03_01","",""
"Scripts/Content/Story/Dialoge/DIA_NOV_612_Babo.d:996","Hier sind sie.","여기 있어.","","False","DIA_Babo_Kap3_HaveYourDocs_HereTheyAre_15_00","",""
"Scripts/Content/Story/Dialoge/DIA_NOV_612_Babo.d:1009","Ja, sie sind vollständig.","그래, 빠짐없이 다 있군.","","False","DIA_Babo_Kap3_HaveYourDocs_HereTheyAre_03_01","",""
"Scripts/Content/Story/Dialoge/DIA_NOV_612_Babo.d:1010","Hast du sie angeguckt?","열어보기라도 한 거야?","","False","DIA_Babo_Kap3_HaveYourDocs_HereTheyAre_03_02","",""
"Scripts/Content/Story/Dialoge/DIA_NOV_612_Babo.d:1011","Tut das was zur Sache?","그게 뭐 중요한가?","","False","DIA_Babo_Kap3_HaveYourDocs_HereTheyAre_15_03","",""
"Scripts/Content/Story/Dialoge/DIA_NOV_612_Babo.d:1012","Nein, Hauptsache, ich habe sie wieder.","아니, 다시 찾았으면 됐지.","","False","DIA_Babo_Kap3_HaveYourDocs_HereTheyAre_03_04","",""
"Scripts/Content/Story/Dialoge/DIA_NOV_612_Babo.d:1013","Ich hoffe, ich kann jetzt wieder ruhig schlafen.","이제 편히 잠들 수 있겠어.","","False","DIA_Babo_Kap3_HaveYourDocs_HereTheyAre_03_05","",""
"Scripts/Content/Story/Dialoge/DIA_NOV_612_Babo.d:1034","Bist du zufrieden mit deiner Aufgabe?","네 임무에는 만족하니?","","False","DIA_Babo_Kap3_Perm.description","",""
"Scripts/Content/Story/Dialoge/DIA_NOV_612_Babo.d:1047","Bist du zufrieden mit deiner Aufgabe?","네 임무에는 만족하니?","","False","DIA_Babo_Kap3_Perm_15_00","",""
"Scripts/Content/Story/Dialoge/DIA_NOV_612_Babo.d:1050","(wenig überzeugend) Ja, natürlich. Der Glaube an Innos' Weisheit und Stärke gibt mir Kraft.","(설득력 없이) 네, 물론이죠. 이노스의 지혜와 힘에 대한 믿음이 저에게 힘을 줍니다.","","False","DIA_Babo_Kap3_Perm_03_01","",""
"Scripts/Content/Story/Dialoge/DIA_NOV_612_Babo.d:1051","(rauswindend) Ich möchte nicht unverschämt erscheinen, aber ich habe heute noch sehr viel zu tun.","(얼버무리며) 무례하게 굴려는 건 아니지만, 오늘 할 일이 아직 아주 많습니다.","","False","DIA_Babo_Kap3_Perm_03_02","",""
"Scripts/Content/Story/Dialoge/DIA_NOV_612_Babo.d:1052","Du darfst weitermachen.","계속 일해라.","","False","DIA_Babo_Kap3_Perm_15_03","",""
"Scripts/Content/Story/Dialoge/DIA_NOV_612_Babo.d:1053","(erleichtert) Danke.","(안도하며) 감사합니다.","","False","DIA_Babo_Kap3_Perm_03_04","",""
"Scripts/Content/Story/Dialoge/DIA_NOV_612_Babo.d:1057","Es geht schon, aber ich muss jetzt weitermachen, sonst werde ich heute nicht fertig.","럭키하진 않지만, 이제 계속 일해야겠어. 안 그러면 오늘 안으로 못 끝내거든.","","False","DIA_Babo_Kap3_Perm_03_05","",""
"Scripts/Content/Story/Dialoge/DIA_NOV_612_Babo.d:1058","Ich will nicht schon wieder bis tief in die Nacht arbeiten, damit ich meinen Soll erfülle und keinen Ärger bekomme.","할당량을 채우고 말썽을 피하지 않으려고 밤늦게까지 다시 일하고 싶지는 않아.","","False","DIA_Babo_Kap3_Perm_03_06","",""
