"location","source","target","id","fuzzy","context","translator_comments","developer_comments"
"Scripts/Content/Story/Dialoge/DIA_DJG_700_Sylvio.d:56","Jetzt brat mir doch einer 'nen Storch. Auch auf der Suche nach Profit, was? Ich wusste es doch! Doch 'ne Söldnerseele.","이런, 별일이 다 있군. 너도 한몫 챙기러 온 거지? 내 그럴 줄 알았어! 역시 용병의 핏줄이라니까.","","False","DIA_SylvioDJG_HelloAgain_09_00","",""
"Scripts/Content/Story/Dialoge/DIA_DJG_700_Sylvio.d:57","Hör zu, wenn du meinst, dass du hier absahnen kannst, dann bist du schief gewickelt. Ich war zuerst hier.","잘 들어, 여기서 한밑둑 단단히 잡을 생각이라면 오산이야. 내가 먼저 왔거든.","","False","DIA_SylvioDJG_HelloAgain_09_01","",""
"Scripts/Content/Story/Dialoge/DIA_DJG_700_Sylvio.d:61","Hey du! Magier machen mich immer nervös! Geh woanders hin! Hier gibt's nichts zu holen.","거기 너! 마법사 녀석들은 질색이야! 다른 데로 가시지! 여기엔 아무것도 없어.","","False","DIA_SylvioDJG_HelloAgain_09_02","",""
"Scripts/Content/Story/Dialoge/DIA_DJG_700_Sylvio.d:65","Hey du, Paladin! Geh wieder zu deiner Erzmine. Hier gibt's nichts zu holen.","이봐, 팔라딘! 네 광산으로 돌아가시지. 여기엔 건질 게 없다고.","","False","DIA_SylvioDJG_HelloAgain_09_03","",""
"Scripts/Content/Story/Dialoge/DIA_DJG_700_Sylvio.d:68","Schon klar. Wer gibt schon gerne seine Beute her.","그렇겠지. 자기 몫을 쉽게 내놓으려 할 리가 없으니까.","","False","DIA_SylvioDJG_HelloAgain_15_04","",""
"Scripts/Content/Story/Dialoge/DIA_DJG_700_Sylvio.d:69","Du sagst es. Verschwinde.","내 말이 그 거야. 꺼져.","","False","DIA_SylvioDJG_HelloAgain_09_05","",""
"Scripts/Content/Story/Dialoge/DIA_DJG_700_Sylvio.d:81","Und wenn ich nicht gehe?","내가 안 꺼지겠다면?","","False","DIA_Sylvio_VERSAGER.description","",""
"Scripts/Content/Story/Dialoge/DIA_DJG_700_Sylvio.d:95","Und wenn ich nicht gehe?","내가 안 꺼지겠다면?","","False","DIA_Sylvio_VERSAGER_15_00","",""
"Scripts/Content/Story/Dialoge/DIA_DJG_700_Sylvio.d:96","Jetzt spiel hier nicht den starken Mann, du Würstchen, sonst geht es dir wie den armen Schweinen, die dahinten tot im Schnee liegen.","여기서 센 척하지 마라, 애송이. 안 그러면 저기 눈 속에 처박혀 있는 불쌍한 녀석들처럼 될 테니까.","","False","DIA_Sylvio_VERSAGER_09_01","",""
"Scripts/Content/Story/Dialoge/DIA_DJG_700_Sylvio.d:108","Das waren deine Leute?","저 사람들이 네 부하들이었나?","","False","DIA_Sylvio_DEINELEUTE.description","",""
"Scripts/Content/Story/Dialoge/DIA_DJG_700_Sylvio.d:123","Das waren deine Leute?","저 사람들이 네 부하들이었나?","","False","DIA_Sylvio_DEINELEUTE_15_00","",""
"Scripts/Content/Story/Dialoge/DIA_DJG_700_Sylvio.d:124","Jetzt nicht mehr. Ist kein großer Verlust. Die Idioten haben sowieso nichts getaugt.","이제는 아니지. 큰 손해도 아니야. 그 멍청이들은 애초에 쓸모가 없었거든.","","False","DIA_Sylvio_DEINELEUTE_09_01","",""
"Scripts/Content/Story/Dialoge/DIA_DJG_700_Sylvio.d:136","Was ist mit ihnen passiert?","그들에게 무슨 일이 있었던 거지?","","False","DIA_Sylvio_WASISTPASSIERT.description","",""
"Scripts/Content/Story/Dialoge/DIA_DJG_700_Sylvio.d:150","Was ist mit ihnen passiert?","그들에게 무슨 일이 있었던 거지?","","False","DIA_Sylvio_WASISTPASSIERT_15_00","",""
"Scripts/Content/Story/Dialoge/DIA_DJG_700_Sylvio.d:151","Sie haben es nicht geschafft, an den dicken Eisriesen da hinten vorbeizukommen und sind von ihnen überrannt worden.","저 뒤에 있는 덩치 큰 얼음 거인들을 지나쳐 가지 못하고 짓밟혀 버렸어.","","False","DIA_Sylvio_WASISTPASSIERT_09_01","",""
"Scripts/Content/Story/Dialoge/DIA_DJG_700_Sylvio.d:152","Wenn du so ein harter Bursche bist, warum versuchst du es nicht mal?","네가 그렇게 터프한 녀석이라면, 직접 해보는 게 어때?","","False","DIA_Sylvio_WASISTPASSIERT_09_02","",""
"Scripts/Content/Story/Dialoge/DIA_DJG_700_Sylvio.d:154","Na gut. Warum nicht.","좋아. 못 할 것도 없지.","","False","DIA_Sylvio_WASISTPASSIERT_Info.DIA_Sylvio_WASISTPASSIERT.DIA_Sylvio_WASISTPASSIERT_ok","Info_AddChoice",""
"Scripts/Content/Story/Dialoge/DIA_DJG_700_Sylvio.d:155","Was hast du davon, wenn ich es tun würde?","내가 그걸 해내면 너한테 무슨 이득이 있지?","","False","DIA_Sylvio_WASISTPASSIERT_Info.DIA_Sylvio_WASISTPASSIERT.DIA_Sylvio_WASISTPASSIERT_washastdudavon","Info_AddChoice",""
"Scripts/Content/Story/Dialoge/DIA_DJG_700_Sylvio.d:156","Was springt für mich dabei raus?","내게 떨어지는 콩고물은 뭔데?","","False","DIA_Sylvio_WASISTPASSIERT_Info.DIA_Sylvio_WASISTPASSIERT.DIA_Sylvio_WASISTPASSIERT_warum","Info_AddChoice",""
"Scripts/Content/Story/Dialoge/DIA_DJG_700_Sylvio.d:157","Warum räumst du sie nicht selbst weg?","왜 직접 치우지 않는 거지?","","False","DIA_Sylvio_WASISTPASSIERT_Info.DIA_Sylvio_WASISTPASSIERT.DIA_Sylvio_WASISTPASSIERT_selbst","Info_AddChoice",""
"Scripts/Content/Story/Dialoge/DIA_DJG_700_Sylvio.d:168","Warum räumst du sie nicht selbst weg?","왜 직접 치우지 않는 거지?","","False","DIA_Sylvio_WASISTPASSIERT_selbst_15_00","",""
"Scripts/Content/Story/Dialoge/DIA_DJG_700_Sylvio.d:169","Komm, komm. Jetzt blas dich mal nicht so auf.","이봐, 이봐. 그렇게 잘난 척 굴지 마.","","False","DIA_Sylvio_WASISTPASSIERT_selbst_09_01","",""
"Scripts/Content/Story/Dialoge/DIA_DJG_700_Sylvio.d:170","Wenn du mich fragst, hast du die Hosen gestrichen voll.","내 생각엔 네가 겁을 단단히 집어먹은 것 같은데.","","False","DIA_Sylvio_WASISTPASSIERT_selbst_09_02","",""
"Scripts/Content/Story/Dialoge/DIA_DJG_700_Sylvio.d:172","Ich lass´ mich auf deine Spielchen nicht ein.","네 수작에 놀아날 생각은 없어.","","False","DIA_Sylvio_WASISTPASSIERT_selbst.DIA_Sylvio_WASISTPASSIERT.DIA_Sylvio_WASISTPASSIERT_keinInteresse","Info_AddChoice",""
"Scripts/Content/Story/Dialoge/DIA_DJG_700_Sylvio.d:178","Was springt für mich dabei raus?","내게 떨어지는 콩고물은 뭔데?","","False","DIA_Sylvio_WASISTPASSIERT_warum_15_00","",""
"Scripts/Content/Story/Dialoge/DIA_DJG_700_Sylvio.d:179","Weiß nicht. Sagen wir ... 1000 Goldmünzen. Ist das nichts?","글쎄. 1000 금화라고 해두지. 나쁘지 않잖아?","","False","DIA_Sylvio_WASISTPASSIERT_warum_09_01","",""
"Scripts/Content/Story/Dialoge/DIA_DJG_700_Sylvio.d:186","Was hast du davon, wenn ich es tun würde?","내가 그걸 해내면 너한테 무슨 이득이 있지?","","False","DIA_Sylvio_WASISTPASSIERT_washastdudavon_15_00","",""
"Scripts/Content/Story/Dialoge/DIA_DJG_700_Sylvio.d:187","Das kann dir doch egal sein. Aber um deine Frage zu beantworten, ich will in die Eisregion.","그건 네가 상관할 바 아니야. 하지만 네 질문에 답해주자면, 난 얼음 지역으로 가고 싶어.","","False","DIA_Sylvio_WASISTPASSIERT_washastdudavon_09_01","",""
"Scripts/Content/Story/Dialoge/DIA_DJG_700_Sylvio.d:188","Dummerweise stehen mir diese verdammten Dinger im Weg.","재수 없게도 그 저주받을 녀석들이 내 앞을 가로막고 있거든.","","False","DIA_Sylvio_WASISTPASSIERT_washastdudavon_09_02","",""
"Scripts/Content/Story/Dialoge/DIA_DJG_700_Sylvio.d:190","Was willst du in der Eisregion?","얼음 지역에서는 뭘 하려는 거지?","","False","DIA_Sylvio_WASISTPASSIERT_washastdudavon.DIA_Sylvio_WASISTPASSIERT.DIA_Sylvio_WASISTPASSIERT_Eisregion","Info_AddChoice",""
"Scripts/Content/Story/Dialoge/DIA_DJG_700_Sylvio.d:195","Ich lass mich auf deine Spielchen nicht ein.","네 수작에 놀아날 생각은 없어.","","False","DIA_Sylvio_WASISTPASSIERT_keinInteresse_NEIN_15_00","",""
"Scripts/Content/Story/Dialoge/DIA_DJG_700_Sylvio.d:196","Ach. Dann verschwinde doch, du Feigling.","하. 그럼 꺼져라, 이 겁쟁이 자식.","","False","DIA_Sylvio_WASISTPASSIERT_keinInteresse_NEIN_09_01","",""
"Scripts/Content/Story/Dialoge/DIA_DJG_700_Sylvio.d:203","Was willst du in der Eisregion?","얼음 지역에서는 뭘 하려는 거지?","","False","DIA_Sylvio_WASISTPASSIERT_keinInteresse_15_00","",""
"Scripts/Content/Story/Dialoge/DIA_DJG_700_Sylvio.d:204","Du hörst nicht auf zu fragen, was? Na gut, ich werde es dir verraten.","질문이 아주 끝이 없군, 그래? 좋아, 말해주지.","","False","DIA_Sylvio_WASISTPASSIERT_keinInteresse_09_01","",""
"Scripts/Content/Story/Dialoge/DIA_DJG_700_Sylvio.d:205","Hier, hinter diesen Felsen findest du ein Ödland aus Eis, wie du es noch nicht gesehen hast.","여기 이 바위 뒤로 가면 네가 태어나서 한 번도 본 적 없는 얼음 황무지가 펼쳐져 있어.","","False","DIA_Sylvio_WASISTPASSIERT_keinInteresse_09_02","",""
"Scripts/Content/Story/Dialoge/DIA_DJG_700_Sylvio.d:206","Dort verbirgt sich ein Schmuckstück von einem Eisdrachen mit seinem fetten Hort.","그곳에는 엄청난 보물과 함께 얼음 드래곤이 숨어 있지.","","False","DIA_Sylvio_WASISTPASSIERT_keinInteresse_09_03","",""
"Scripts/Content/Story/Dialoge/DIA_DJG_700_Sylvio.d:207","Den will ich. Also, was ist jetzt? Ja oder nein?","난 그게 필요하다. 자, 어쩔 테냐? 할 거야 말 거야?","","False","DIA_Sylvio_WASISTPASSIERT_keinInteresse_09_04","",""
"Scripts/Content/Story/Dialoge/DIA_DJG_700_Sylvio.d:212","Na gut. Warum nicht.","좋아. 못 할 것도 없지.","","False","DIA_Sylvio_WASISTPASSIERT_ok_15_00","",""
"Scripts/Content/Story/Dialoge/DIA_DJG_700_Sylvio.d:213","Dann beeil dich. Ich hab nicht den ganzen Tag Zeit.","그럼 서둘러. 나도 하루 종일 너만 기다릴 시간은 없으니까.","","False","DIA_Sylvio_WASISTPASSIERT_ok_09_01","",""
"Scripts/Content/Story/Dialoge/DIA_DJG_700_Sylvio.d:227","Der Weg ist frei!","길은 열렸다!","","False","DIA_Sylvio_ICEGOLEMSKILLED.description","",""
"Scripts/Content/Story/Dialoge/DIA_DJG_700_Sylvio.d:243","Der Weg ist frei! Deine Eisriesen sind nicht mehr.","길은 열렸다! 네 얼음 거인들은 이제 없어.","","False","DIA_Sylvio_ICEGOLEMSKILLED_15_00","",""
"Scripts/Content/Story/Dialoge/DIA_DJG_700_Sylvio.d:244","Gute Arbeit. Dann lass doch mal sehen, was wir da haben.","잘했어. 어디 뭐가 있는지 볼까.","","False","DIA_Sylvio_ICEGOLEMSKILLED_09_01","",""
"Scripts/Content/Story/Dialoge/DIA_DJG_700_Sylvio.d:248","Moment. Was ist mit dem Geld?","잠깐. 돈은 어떻게 된 거지?","","False","DIA_Sylvio_ICEGOLEMSKILLED_15_02","",""
"Scripts/Content/Story/Dialoge/DIA_DJG_700_Sylvio.d:249","Alles zu seiner Zeit.","모든 건 때가 있는 법이다.","","False","DIA_Sylvio_ICEGOLEMSKILLED_09_03","",""
"Scripts/Content/Story/Dialoge/DIA_DJG_700_Sylvio.d:269","Was jetzt?","이제 어떻게 하지?","","False","DIA_Sylvio_WASJETZT.description","",""
"Scripts/Content/Story/Dialoge/DIA_DJG_700_Sylvio.d:283","Was jetzt?","이제 어떻게 하지?","","False","DIA_Sylvio_WASJETZT_15_00","",""
"Scripts/Content/Story/Dialoge/DIA_DJG_700_Sylvio.d:284","Tja. Sieht übel aus, würde ich sagen.","글쎄. 상황이 안 좋게 흘러가는군.","","False","DIA_Sylvio_WASJETZT_09_01","",""
"Scripts/Content/Story/Dialoge/DIA_DJG_700_Sylvio.d:285","Am besten du gehst vor und ich folge dir einfach.","네가 앞장서고 난 뒤를 따르는 게 좋겠어.","","False","DIA_Sylvio_WASJETZT_09_02","",""
"Scripts/Content/Story/Dialoge/DIA_DJG_700_Sylvio.d:287","Von mir aus.","내야 그러지.","","False","DIA_Sylvio_WASJETZT_Info.DIA_Sylvio_WASJETZT.DIA_Sylvio_WASJETZT_ok","Info_AddChoice",""
"Scripts/Content/Story/Dialoge/DIA_DJG_700_Sylvio.d:288","Hast du Angst?","겁이라도 먹었나?","","False","DIA_Sylvio_WASJETZT_Info.DIA_Sylvio_WASJETZT.DIA_Sylvio_WASJETZT_trennen","Info_AddChoice",""
"Scripts/Content/Story/Dialoge/DIA_DJG_700_Sylvio.d:289","Ich mach nicht die Drecksarbeit für dich.","네 더러운 심부름을 해줄 생각은 없어.","","False","DIA_Sylvio_WASJETZT_Info.DIA_Sylvio_WASJETZT.DIA_Sylvio_WASJETZT_nein","Info_AddChoice",""
"Scripts/Content/Story/Dialoge/DIA_DJG_700_Sylvio.d:292","Erst will ich mein Geld sehen.","일단 돈부터 받아야겠어.","","False","DIA_Sylvio_WASJETZT_Info.DIA_Sylvio_WASJETZT.DIA_Sylvio_WASJETZT_Geld","Info_AddChoice",""
"Scripts/Content/Story/Dialoge/DIA_DJG_700_Sylvio.d:298","Hast du Angst?","두려운가?","","False","DIA_Sylvio_WASJETZT_trennen_15_00","",""
"Scripts/Content/Story/Dialoge/DIA_DJG_700_Sylvio.d:299","Quatsch hier keinen Blödsinn. Jetzt lauf.","쓸데없는 소리 집어치워. 어서 움직여.","","False","DIA_Sylvio_WASJETZT_trennen_09_01","",""
"Scripts/Content/Story/Dialoge/DIA_DJG_700_Sylvio.d:304","Von mir aus.","내야 그러지.","","False","DIA_Sylvio_WASJETZT_ok_15_00","",""
"Scripts/Content/Story/Dialoge/DIA_DJG_700_Sylvio.d:305","Na dann los. Hopp Hopp.","좋아, 가자고. 빨리빨리.","","False","DIA_Sylvio_WASJETZT_ok_09_01","",""
"Scripts/Content/Story/Dialoge/DIA_DJG_700_Sylvio.d:312","Ich mach nicht die Drecksarbeit für dich.","네 더러운 심부름을 해줄 생각은 없어.","","False","DIA_Sylvio_WASJETZT_nein_15_00","",""
"Scripts/Content/Story/Dialoge/DIA_DJG_700_Sylvio.d:313","Feigling!","겁쟁이 자식!","","False","DIA_Sylvio_WASJETZT_nein_09_01","",""
"Scripts/Content/Story/Dialoge/DIA_DJG_700_Sylvio.d:320","Erst will ich mein Geld sehen.","일단 돈부터 받아야겠어.","","False","DIA_Sylvio_WASJETZT_Geld_15_00","",""
"Scripts/Content/Story/Dialoge/DIA_DJG_700_Sylvio.d:321","Wenn wir erst mal den Drachen haben, kannst du so viel Geld haben, wie du tragen kannst.","드래곤만 해치우고 나면, 네가 가질 수 있을 만큼 금을 주마.","","False","DIA_Sylvio_WASJETZT_Geld_09_01","",""
"Scripts/Content/Story/Dialoge/DIA_DJG_700_Sylvio.d:323","Ich will mein Geld jetzt.","당장 돈을 내놔.","","False","DIA_Sylvio_WASJETZT_Geld.DIA_Sylvio_WASJETZT.DIA_Sylvio_WASJETZT_jetztGeld","Info_AddChoice",""
"Scripts/Content/Story/Dialoge/DIA_DJG_700_Sylvio.d:328","Ich will mein Geld jetzt.","당장 돈을 내놔.","","False","DIA_Sylvio_WASJETZT_jetztGeld_15_00","",""
"Scripts/Content/Story/Dialoge/DIA_DJG_700_Sylvio.d:329","Entweder du gehst jetzt vor oder du wirst mich kennen lernen.","당장 앞장서지 않으면 내 진짜 무서운 맛을 보게 될 거다.","","False","DIA_Sylvio_WASJETZT_jetztGeld_09_01","",""
"Scripts/Content/Story/Dialoge/DIA_DJG_700_Sylvio.d:342","Ich dachte, du wolltest in die Eisregion.","얼음 지역으로 가겠다던 거 아니었나?","","False","DIA_Sylvio_KOMMSTDU.description","",""
"Scripts/Content/Story/Dialoge/DIA_DJG_700_Sylvio.d:356","Ich dachte, du wolltest in die Eisregion.","얼음 지역으로 가겠다던 거 아니었나?","","False","DIA_Sylvio_KOMMSTDU_15_00","",""
"Scripts/Content/Story/Dialoge/DIA_DJG_700_Sylvio.d:357","Geh ruhig schon vor. Ich komm dann schon.","먼저 가 있어. 금방 따라갈 테니까.","","False","DIA_Sylvio_KOMMSTDU_09_01","",""
"Scripts/Content/Story/Dialoge/DIA_DJG_700_Sylvio.d:372","Ich könnte Hilfe gebrauchen.","도움이 좀 필요할 것 같은데.","","False","DIA_Sylvio_DUHIER.description","",""
"Scripts/Content/Story/Dialoge/DIA_DJG_700_Sylvio.d:386","Ich könnte Hilfe gebrauchen.","도움이 좀 필요할 것 같은데.","","False","DIA_Sylvio_DUHIER_15_00","",""
"Scripts/Content/Story/Dialoge/DIA_DJG_700_Sylvio.d:387","Ach was. Du machst das großartig.","무슨 소리. 아주 잘하고만 있구먼.","","False","DIA_Sylvio_DUHIER_09_01","",""
"Scripts/Content/Story/Dialoge/DIA_DJG_700_Sylvio.d:414","Der Eisdrache ist tot! Und du gibst mir jetzt alles, was du bei dir hast!","얼음 드래곤은 죽었다! 그리고 이제 네가 가진 모든 것을 내놔라!","","False","DIA_SylvioDJG_WHATNEXT_09_00","",""
"Scripts/Content/Story/Dialoge/DIA_DJG_700_Sylvio.d:415","Ich denk ja gar nicht dran!","꿈도 꾸지 마라!","","False","DIA_SylvioDJG_WHATNEXT_15_01","",""
"Scripts/Content/Story/Dialoge/DIA_DJG_700_Sylvio.d:416","Ich werde derjenige sein, der als Eisdrachentöter gefeiert wird.","얼음 드래곤을 죽인 영웅으로 칭송받을 사람은 나다.","","False","DIA_SylvioDJG_WHATNEXT_09_02","",""
"Scripts/Content/Story/Dialoge/DIA_DJG_700_Sylvio.d:417","Deine kleine Rolle bei der Sache wird jetzt aus der Welt geschafft!","이 일에서 네 비중은 여기서 끝이다!","","False","DIA_SylvioDJG_WHATNEXT_09_03","",""
"Scripts/Content/Story/Dialoge/DIA_DJG_700_Sylvio.d:464","Jetzt wird abgerechnet.","이제 결산을 할 때가 되었군.","","False","DIA_SylvioDJG_BUTNOW_09_00","",""
"Scripts/Content/Story/Dialoge/DIA_DJG_701_Bullco.d:41","Was ist los?","무슨 일 있어?","","False","DIA_BullcoDJG_HALLO.description","",""
"Scripts/Content/Story/Dialoge/DIA_DJG_701_Bullco.d:54","Was ist los??","무슨 일 있어?","","False","DIA_BullcoDJG_HALLO_15_00","",""
"Scripts/Content/Story/Dialoge/DIA_DJG_701_Bullco.d:55","Verdammt kalt hier, Mann! Verstehe nicht, wieso Sylvio ausgerechnet hierher wollte.","날씨가 엄청나게 춥다고, 친구! 하필 왜 실비오가 이딴 곳으로 오자고 했는지 이해할 수가 없어.","","False","DIA_BullcoDJG_HALLO_06_01","",""
"Scripts/Content/Story/Dialoge/DIA_DJG_701_Bullco.d:56","Es gibt doch genug andere Gegenden hier, wo's was zu holen gibt!","한 몫 단단히 챙길 수 있는 곳은 널렸는데 말이야!","","False","DIA_BullcoDJG_HALLO_06_02","",""
"Scripts/Content/Story/Dialoge/DIA_DJG_701_Bullco.d:70","Sonst alles klar?","그밖에 다른 일은 없고?","","False","DIA_BullcoDJG_WARTEMAL.description","",""
"Scripts/Content/Story/Dialoge/DIA_DJG_701_Bullco.d:84","Sonst alles klar?","그밖에 다른 일은 없고?","","False","DIA_BullcoDJG_WARTEMAL_15_00","",""
"Scripts/Content/Story/Dialoge/DIA_DJG_701_Bullco.d:88","Geh mir nicht auf die Nerven.","신경 꺼.","","False","DIA_BullcoDJG_WARTEMAL_06_01","",""
"Scripts/Content/Story/Dialoge/DIA_DJG_701_Bullco.d:92","Jetzt nicht! Mir ist kalt! Ich will so schnell wie möglich hier wieder raus.","지금은 안 돼! 얼어 죽을 것 같으니까. 당장 여기서 나가고 싶다고.","","False","DIA_BullcoDJG_WARTEMAL_06_02","",""
"Scripts/Content/Story/Dialoge/DIA_DJG_701_Bullco.d:120","Verdammt. Sylvio ist tot.","젠장. 실비오가 죽었어.","","False","DIA_Bullco_SYLVIODEAD_06_00","",""
"Scripts/Content/Story/Dialoge/DIA_DJG_701_Bullco.d:135","Was willst du jetzt machen?","이제 어쩔 셈이지?","","False","DIA_Bullco_WASNUN.description","",""
"Scripts/Content/Story/Dialoge/DIA_DJG_701_Bullco.d:149","Was willst du jetzt machen, wo Sylvio tot ist?","실비오가 죽은 마당에 이제 어쩔 셈이지?","","False","DIA_Bullco_WASNUN_15_00","",""
"Scripts/Content/Story/Dialoge/DIA_DJG_701_Bullco.d:150","Keine Ahnung. Wahrscheinlich werde ich mich den anderen Drachenjägern anschließen, wenn sie mich noch haben wollen.","글쎄. 다른 드래곤 헌터들이 날 받아준다면 그들에게 합류하겠지.","","False","DIA_Bullco_WASNUN_06_01","",""
"Scripts/Content/Story/Dialoge/DIA_DJG_701_Bullco.d:152","Ich sollte dir den Kopf abreißen.","네 녀석의 모가지를 뽑아버려야겠어.","","False","DIA_Bullco_WASNUN_Info.DIA_Bullco_WASNUN.DIA_Bullco_WASNUN_kopfab","Info_AddChoice",""
"Scripts/Content/Story/Dialoge/DIA_DJG_701_Bullco.d:153","Weißt du, wo die anderen sind?","다른 녀석들은 어디 있는지 아나?","","False","DIA_Bullco_WASNUN_Info.DIA_Bullco_WASNUN.DIA_Bullco_WASNUN_woandere","Info_AddChoice",""
"Scripts/Content/Story/Dialoge/DIA_DJG_701_Bullco.d:158","Weißt du, wo die anderen sind?","다른 녀석들은 어디 있는지 아나?","","False","DIA_Bullco_WASNUN_woandere_15_00","",""
"Scripts/Content/Story/Dialoge/DIA_DJG_701_Bullco.d:159","Ich denke schon. Ich habe zumindest einen von ihnen drüben am Fluss gesehen.","그렇겠지. 적어도 그중 한 명은 저기 강가에서 봤으니까.","","False","DIA_Bullco_WASNUN_woandere_06_01","",""
"Scripts/Content/Story/Dialoge/DIA_DJG_701_Bullco.d:161","Bring mich zu den anderen Drachenjägern.","다른 드래곤 헌터들이 있는 곳으로 안내해라.","","False","DIA_Bullco_WASNUN_woandere.DIA_Bullco_WASNUN.DIA_Bullco_WASNUN_woandere_zuihnen","Info_AddChoice",""
"Scripts/Content/Story/Dialoge/DIA_DJG_701_Bullco.d:166","Bring mich zu den anderen Drachenjägern.","다른 드래곤 헌터들이 있는 곳으로 안내해라.","","False","DIA_Bullco_WASNUN_woandere_zuihnen_15_00","",""
"Scripts/Content/Story/Dialoge/DIA_DJG_701_Bullco.d:167","Ich bin doch nicht dein Lakai.","내가 네 하수인이라도 되는 줄 알아?","","False","DIA_Bullco_WASNUN_woandere_zuihnen_06_01","",""
"Scripts/Content/Story/Dialoge/DIA_DJG_701_Bullco.d:171","Dann eben nicht.","마음대로 해라. 혼자서도 찾을 테니.","","False","DIA_Bullco_WASNUN_woandere_zuihnen.DIA_Bullco_WASNUN.DIA_Bullco_WASNUN_woandere_zuihnen_alleine","Info_AddChoice",""
"Scripts/Content/Story/Dialoge/DIA_DJG_701_Bullco.d:172","Du kannst froh sein, wenn ich dich leben lasse.","목숨을 부지하고 싶으면 감사히 여겨라.","","False","DIA_Bullco_WASNUN_woandere_zuihnen.DIA_Bullco_WASNUN.DIA_Bullco_WASNUN_woandere_zuihnen_lebenlassen","Info_AddChoice",""
"Scripts/Content/Story/Dialoge/DIA_DJG_701_Bullco.d:173","Ich zahle dir 50 Goldmünzen dafür.","50 금화로 보답하지.","","False","DIA_Bullco_WASNUN_woandere_zuihnen.DIA_Bullco_WASNUN.DIA_Bullco_WASNUN_woandere_zuihnen_Geld","Info_AddChoice",""
"Scripts/Content/Story/Dialoge/DIA_DJG_701_Bullco.d:178","Du kannst froh sein, wenn ich dich leben lasse.","목숨을 살려주는 걸 다행인 줄 알아라.","","False","DIA_Bullco_WASNUN_woandere_zuihnen_lebenlassen_15_00","",""
"Scripts/Content/Story/Dialoge/DIA_DJG_701_Bullco.d:179","Lass mich zufrieden.","내버려 둬.","","False","DIA_Bullco_WASNUN_woandere_zuihnen_lebenlassen_06_01","",""
"Scripts/Content/Story/Dialoge/DIA_DJG_701_Bullco.d:185","Ich zahle dir 50 Goldmünzen dafür.","50 금화로 보답하지.","","False","DIA_Bullco_WASNUN_woandere_zuihnen_Geld_15_00","",""
"Scripts/Content/Story/Dialoge/DIA_DJG_701_Bullco.d:189","Alles klar. Her mit dem Geld.","좋아. 돈부터 내놔.","","False","DIA_Bullco_WASNUN_woandere_zuihnen_Geld_06_01","",""
"Scripts/Content/Story/Dialoge/DIA_DJG_701_Bullco.d:190","Folge mir. Ich bringe dich dahin, wo ich zuletzt einen der anderen Drachenjäger gesehen habe.","따라와. 마지막으로 다른 드래곤 헌터를 봤던 곳으로 데려다줄 테니까.","","False","DIA_Bullco_WASNUN_woandere_zuihnen_Geld_06_02","",""
"Scripts/Content/Story/Dialoge/DIA_DJG_701_Bullco.d:196","Du hast keine 50 Goldmünzen und ich habe keinen Bock, mich verarschen zu lassen. Verschwinde.","너한텐 50 금화도 없잖아. 나를 놀릴 생각은 마시지. 꺼져.","","False","DIA_Bullco_WASNUN_woandere_zuihnen_Geld_06_03","",""
"Scripts/Content/Story/Dialoge/DIA_DJG_701_Bullco.d:203","Dann eben nicht. Ich werde sie schon finden.","마음대로 해라. 혼자서도 찾을 테니.","","False","DIA_Bullco_WASNUN_woandere_zuihnen_alleine_15_00","",""
"Scripts/Content/Story/Dialoge/DIA_DJG_701_Bullco.d:204","Dann verlauf dich nicht.","길이나 잃지 마시지.","","False","DIA_Bullco_WASNUN_woandere_zuihnen_alleine_06_01","",""
"Scripts/Content/Story/Dialoge/DIA_DJG_701_Bullco.d:211","Ich sollte dir den Kopf abreißen.","네 녀석의 모가지를 뽑아버려야겠어.","","False","DIA_Bullco_WASNUN_kopfab_15_00","",""
"Scripts/Content/Story/Dialoge/DIA_DJG_701_Bullco.d:212","Schwing hier keine großen Reden.","입만 살아서 짓껄이기는.","","False","DIA_Bullco_WASNUN_kopfab_06_01","",""
"Scripts/Content/Story/Dialoge/DIA_DJG_701_Bullco.d:214","Zieh deine Waffe. Wir bringen das jetzt zuende.","무기를 뽑아라. 끝장을 내줄 테니까.","","False","DIA_Bullco_WASNUN_kopfab.DIA_Bullco_WASNUN.DIA_Bullco_WASNUN_kopfab_angriff","Info_AddChoice",""
"Scripts/Content/Story/Dialoge/DIA_DJG_701_Bullco.d:219","Zieh deine Waffe. Wir bringen das jetzt zu Ende.","무기를 뽑아라. 끝장을 내줄 테니까.","","False","DIA_Bullco_WASNUN_kopfab_angriff_15_00","",""
"Scripts/Content/Story/Dialoge/DIA_DJG_701_Bullco.d:220","So sei es.","좋을 대로.","","False","DIA_Bullco_WASNUN_kopfab_angriff_06_01","",""
"Scripts/Content/Story/Dialoge/DIA_DJG_702_Rod.d:41","Alles klar bei dir?","별일 없나?","","False","DIA_RodDJG_HALLO.description","",""
"Scripts/Content/Story/Dialoge/DIA_DJG_702_Rod.d:54","Alles klar bei dir?","별일 없나?","","False","DIA_RodDJG_HALLO_15_00","",""
"Scripts/Content/Story/Dialoge/DIA_DJG_702_Rod.d:55","Diese Stiefel bringen mich noch um! Die neue Rüstung ist zwar Klasse, aber wieso müssen die Riemen an den Stiefeln bloß so fest sitzen.","이 부하 장난 아니게 발을 조여오는군! 새 방어구는 아주 멋진데, 왜 부하의 끈은 이렇게 꽉 조여야만 하는 거지.","","False","DIA_RodDJG_HALLO_06_01","",""
"Scripts/Content/Story/Dialoge/DIA_DJG_702_Rod.d:56","Mach ich sie lockerer, fallen sie mir fast von den Füßen.","조금만 느슨하게 하면 발에서 벗겨질 것 같단 말이야.","","False","DIA_RodDJG_HALLO_06_02","",""
"Scripts/Content/Story/Dialoge/DIA_DJG_702_Rod.d:63","Worauf wartest du?","뭘 기다리고 있는 거지?","","False","DIA_RodDJG_HALLO_Info.DIA_RodDJG_HALLO.DIA_RodDJG_HALLO_warten","Info_AddChoice",""
"Scripts/Content/Story/Dialoge/DIA_DJG_702_Rod.d:66","Wo hast du die Stiefel her?","그 부하는 어디서 난 거지?","","False","DIA_RodDJG_HALLO_Info.DIA_RodDJG_HALLO.DIA_RodDJG_HALLO_Woher","Info_AddChoice",""
"Scripts/Content/Story/Dialoge/DIA_DJG_702_Rod.d:71","Wo hast du die Stiefel her?","그 부하는 어디서 난 거지?","","False","DIA_RodDJG_HALLO_Woher_15_00","",""
"Scripts/Content/Story/Dialoge/DIA_DJG_702_Rod.d:72","Bennet, der alte Haudegen, hat sie uns Drachenjägern angefertigt und hat sich den Mist auch noch großzügig bezahlen lassen.","그 늙은이 베넷이 우리 드래곤 헌터들을 위해 만들어준 건데, 그 쓰레기 같은 것들 값을 아주 두둑하게 받아 처먹었다고.","","False","DIA_RodDJG_HALLO_Woher_06_01","",""
"Scripts/Content/Story/Dialoge/DIA_DJG_702_Rod.d:73","Wenn ich ihn in die Finger kriege, dann stopf ich ihm die Dinger in den Rachen und hole mir erstmal mein Geld wieder zurück.","그 녀석을 붙잡기만 해봐라, 입구녕에 그 부하들을 쳐박아 주고 내 돈도 도로 받아낼 테니까.","","False","DIA_RodDJG_HALLO_Woher_06_02","",""
"Scripts/Content/Story/Dialoge/DIA_DJG_702_Rod.d:78","Worauf wartest du?","뭘 기다리고 있는 거지?","","False","DIA_RodDJG_HALLO_warten_15_00","",""
"Scripts/Content/Story/Dialoge/DIA_DJG_702_Rod.d:84","Darauf, dass Cipher mal endlich aus dem Arsch kommt. Wird langsam Zeit, dass wir losgehen.","사이퍼가 굼뜨게 굴지 않고 움직여주기를 기다리는 중이지. 이제 슬슬 출발할 때도 됐으니까.","","False","DIA_RodDJG_HALLO_warten_06_01","",""
"Scripts/Content/Story/Dialoge/DIA_DJG_702_Rod.d:89","Ich hatte mir überlegt, die Sumpfregion dahinten mal genauer anzusehen.","저기 보이는 늪지대를 좀 더 자세히 조사해볼까 생각 중이야.","","False","DIA_RodDJG_HALLO_warten_06_02","",""
"Scripts/Content/Story/Dialoge/DIA_DJG_702_Rod.d:90","Was denkst du? Sollten wir zusammen mal nachsehen, was wir finden?","어때? 같이 가서 뭐가 있는지 확인해 보지 않겠나?","","False","DIA_RodDJG_HALLO_warten_06_03","",""
"Scripts/Content/Story/Dialoge/DIA_DJG_702_Rod.d:92","Ich werde alleine gehen.","혼자 가겠다.","","False","DIA_RodDJG_HALLO_warten.DIA_RodDJG_HALLO.DIA_RodDJG_HALLO_warten_allein","Info_AddChoice",""
"Scripts/Content/Story/Dialoge/DIA_DJG_702_Rod.d:93","Was weißt du von der Sumpfregion?","늪지대에 대해 아는 게 있나?","","False","DIA_RodDJG_HALLO_warten.DIA_RodDJG_HALLO.DIA_RodDJG_HALLO_warten_wasweisstdu","Info_AddChoice",""
"Scripts/Content/Story/Dialoge/DIA_DJG_702_Rod.d:94","Lass uns zusammen rein gehen.","함께 안으로 들어가자.","","False","DIA_RodDJG_HALLO_warten.DIA_RodDJG_HALLO.DIA_RodDJG_HALLO_warten_zusammen","Info_AddChoice",""
"Scripts/Content/Story/Dialoge/DIA_DJG_702_Rod.d:100","Lass uns zusammen rein gehen.","함께 안으로 들어가자.","","False","DIA_RodDJG_HALLO_warten_zusammen_15_00","",""
"Scripts/Content/Story/Dialoge/DIA_DJG_702_Rod.d:101","Alles klar. Folge mir.","좋아. 따라오라고.","","False","DIA_RodDJG_HALLO_warten_zusammen_06_01","",""
"Scripts/Content/Story/Dialoge/DIA_DJG_702_Rod.d:111","Was weißt du von der Sumpfregion?","늪지대에 대해 아는 게 있나?","","False","DIA_RodDJG_HALLO_warten_wasweisstdu_15_00","",""
"Scripts/Content/Story/Dialoge/DIA_DJG_702_Rod.d:112","Nur, dass sie zum Himmel stinkt und da sicher 'ne Menge Gold zu holen ist. Reicht das nicht?","거기서 하늘을 찌를 듯한 악취가 진동하고 금도 잔뜩 있을 거라는 것뿐이야. 그걸로 부족해?","","False","DIA_RodDJG_HALLO_warten_wasweisstdu_06_01","",""
"Scripts/Content/Story/Dialoge/DIA_DJG_702_Rod.d:117","Ich werde alleine gehen.","혼자 가겠어.","","False","DIA_RodDJG_HALLO_warten_allein_15_00","",""
"Scripts/Content/Story/Dialoge/DIA_DJG_702_Rod.d:118","Na dann, viel Glück.","그럼 행운을 빌지.","","False","DIA_RodDJG_HALLO_warten_allein_06_01","",""
"Scripts/Content/Story/Dialoge/DIA_DJG_702_Rod.d:133","Was ist los mit dir?","무슨 일 있어?","","False","DIA_RodDJG_WARTEMAL.description","",""
"Scripts/Content/Story/Dialoge/DIA_DJG_702_Rod.d:147","Was ist los mit dir?","무슨 일 있어?","","False","DIA_RodDJG_WARTEMAL_15_00","",""
"Scripts/Content/Story/Dialoge/DIA_DJG_702_Rod.d:154","Hör zu, Mann. Die Geschichte wird mir jetzt doch ein bisschen zu heftig. Ich verdrück mich.","이봐, 친구. 이 이야기는 아무래도 좀 지나친 것 같아. 난 여기서 빠질래.","","False","DIA_RodDJG_WARTEMAL_06_01","",""
"Scripts/Content/Story/Dialoge/DIA_DJG_702_Rod.d:162","(flucht) Diese Stiefel. Diese verdammten Stiefel!","(욕설) 이 장화들 정말 빌어먹을 장화들이군!","","False","DIA_RodDJG_WARTEMAL_06_02","",""
"Scripts/Content/Story/Dialoge/DIA_DJG_702_Rod.d:167","Und was machst du jetzt?","그래서 이제 어쩔 건데?","","False","DIA_RodDJG_WARTEMAL_15_03","",""
"Scripts/Content/Story/Dialoge/DIA_DJG_702_Rod.d:168","Du kannst Fragen stellen! Ich kauf mir erstmal neue Stiefel, Mann!","질문이라고 하는 거야? 일단 새 장화부터 살 거야, 이 친구야!","","False","DIA_RodDJG_WARTEMAL_06_04","",""
"Scripts/Content/Story/Dialoge/DIA_DJG_703_Cipher.d:43","Nettes Lager.","멋진 야영지네.","","False","DIA_Cipher_HALLO.description","",""
"Scripts/Content/Story/Dialoge/DIA_DJG_703_Cipher.d:53","Nettes Lager.","멋진 야영지네.","","False","DIA_Cipher_HALLO_15_00","",""
"Scripts/Content/Story/Dialoge/DIA_DJG_703_Cipher.d:54","Du sagst es. Hier stinkt's wie im Schlachthof. Überall tote Viecher und vermoderte Bäume!","내 말이. 여기는 도살장처럼 냄새가 지독해. 사방이 썩은 나무와 죽은 짐승투성이잖아!","","False","DIA_Cipher_HALLO_07_01","",""
"Scripts/Content/Story/Dialoge/DIA_DJG_703_Cipher.d:66","Was machst du hier?","여기서 뭐 하는 거야?","","False","DIA_CipherDJG_HELLOAGAIN.description","",""
"Scripts/Content/Story/Dialoge/DIA_DJG_703_Cipher.d:82","Was machst du hier?","여기서 뭐 하는 거야?","","False","DIA_CipherDJG_HELLOAGAIN_15_00","",""
"Scripts/Content/Story/Dialoge/DIA_DJG_703_Cipher.d:83","Ich sitze hier schon einige Zeit und warte nur noch auf den richtigen Moment.","여기에 앉아서 적절한 순간을 기다린 지 꽤 됐지.","","False","DIA_CipherDJG_HELLOAGAIN_07_01","",""
"Scripts/Content/Story/Dialoge/DIA_DJG_703_Cipher.d:84","Richtiger Moment? Wofür?","적절한 순간? 뭘 위해?","","False","DIA_CipherDJG_HELLOAGAIN_15_02","",""
"Scripts/Content/Story/Dialoge/DIA_DJG_703_Cipher.d:85","Da drüben soll sich angeblich ein Drache aufhalten. Seit er hier ist, hat sich dort ein ziemlich übler Sumpf gebildet.","저 건너편에 드래곤이 숨어 있다고 해. 녀석이 나타난 이후로 그곳에 꽤 지독한 늪이 생겨났지.","","False","DIA_CipherDJG_HELLOAGAIN_07_03","",""
"Scripts/Content/Story/Dialoge/DIA_DJG_703_Cipher.d:86","Ich kann mich noch gut an die Zeit erinnern, als man in dieser Gegend noch keine nassen Füße bekommen hat.","이 일대에서 발을 적시지 않고 돌아다닐 수 있던 때가 기억나는군.","","False","DIA_CipherDJG_HELLOAGAIN_07_04","",""
"Scripts/Content/Story/Dialoge/DIA_DJG_703_Cipher.d:87","Doch jetzt würde ich da alleine niemals rein gehen.","하지만 지금은 절대 혼자 들어가지 않을 거야.","","False","DIA_CipherDJG_HELLOAGAIN_07_05","",""
"Scripts/Content/Story/Dialoge/DIA_DJG_703_Cipher.d:91","Na gut. Rod ist noch da. Aber der läuft ja schon bei dem Anblick der Fleischwanzen davon.","그래, 로드가 아직 있긴 해. 하지만 녀석은 살점충만 봐도 도망칠 놈이야.","","False","DIA_CipherDJG_HELLOAGAIN_07_06","",""
"Scripts/Content/Story/Dialoge/DIA_DJG_703_Cipher.d:94","Was ist mit dir? Du bist sicher nicht nur zum Vergnügen hier, oder? Lass uns zusammen rein gehen.","너는 어때? 설마 구경하러 온 건 아니겠지? 우리 함께 안으로 들어가자고.","","False","DIA_CipherDJG_HELLOAGAIN_07_07","",""
"Scripts/Content/Story/Dialoge/DIA_DJG_703_Cipher.d:98","Ich bleibe lieber allein.","난 혼자 남겠어.","","False","DIA_CipherDJG_HELLOAGAIN_Info.DIA_CipherDJG_HELLOAGAIN.DIA_CipherDJG_HELLOAGAIN_GoAlone","Info_AddChoice",""
"Scripts/Content/Story/Dialoge/DIA_DJG_703_Cipher.d:99","Warum nicht, Hilfe könnte ich brauchen.","왜 안 되겠어, 도움이 좀 필요하던 차였거든.","","False","DIA_CipherDJG_HELLOAGAIN_Info.DIA_CipherDJG_HELLOAGAIN.DIA_CipherDJG_HELLOAGAIN_GoTogether","Info_AddChoice",""
"Scripts/Content/Story/Dialoge/DIA_DJG_703_Cipher.d:104","Ich bleibe lieber allein.","난 혼자 남겠어.","","False","DIA_CipherDJG_HELLOAGAIN_GoAlone_15_00","",""
"Scripts/Content/Story/Dialoge/DIA_DJG_703_Cipher.d:105","Wie du willst. Hab ich mich eben getäuscht!","마음대로 해. 내가 사람을 잘못 봤군!","","False","DIA_CipherDJG_HELLOAGAIN_GoAlone_07_01","",""
"Scripts/Content/Story/Dialoge/DIA_DJG_703_Cipher.d:111","Warum nicht, Hilfe könnte ich brauchen.","왜 안 되겠어, 도움이 좀 필요하던 차였거든.","","False","DIA_CipherDJG_HELLOAGAIN_GoTogether_15_00","",""
"Scripts/Content/Story/Dialoge/DIA_DJG_703_Cipher.d:112","Das ist gut. Dann komme ich endlich hier weg. Der Gestank ist ja unerträglich. Sag wenn's los geht!","좋아. 드디어 여기서 나갈 수 있겠군. 이 악취는 정말 참을 수가 없단 말이야. 출발할 때 말해 달라고!","","False","DIA_CipherDJG_HELLOAGAIN_GoTogether_07_01","",""
"Scripts/Content/Story/Dialoge/DIA_DJG_703_Cipher.d:127","Ich hab's mir überlegt! Lass uns zusammen gehen!","생각이 바꼈어! 같이 가자!","","False","DIA_CipherDJG_GOTOGETHERAGAIN.description","",""
"Scripts/Content/Story/Dialoge/DIA_DJG_703_Cipher.d:145","Ich hab's mir überlegt! Lass uns zusammen gehen!","생각이 바꼈어! 같이 가자!","","False","DIA_CipherDJG_GOTOGETHERAGAIN_15_00","",""
"Scripts/Content/Story/Dialoge/DIA_DJG_703_Cipher.d:146","Sag, wenn's los geht!","출발할 때 말해 달라고!","","False","DIA_CipherDJG_GOTOGETHERAGAIN_07_01","",""
"Scripts/Content/Story/Dialoge/DIA_DJG_703_Cipher.d:159","Jetzt wäre ein guter Moment um aufzubrechen!","지금이 출발하기 딱 좋은 때군!","","False","DIA_CipherDJG_GO.description","",""
"Scripts/Content/Story/Dialoge/DIA_DJG_703_Cipher.d:177","Jetzt wäre ein guter Moment um aufzubrechen!","지금이 출발하기 딱 좋은 때군!","","False","DIA_CipherDJG_GO_15_00","",""
"Scripts/Content/Story/Dialoge/DIA_DJG_703_Cipher.d:178","Packen wir's!","자, 가보자고!","","False","DIA_CipherDJG_GO_07_01","",""
"Scripts/Content/Story/Dialoge/DIA_DJG_703_Cipher.d:212","Hier hinter der nächsten Biegung beginnt der Sumpf. Ich schlage vor, wir gehen hier weiter gerade durch.","다음 모퉁이만 돌면 바로 늪이 시작돼. 곧장 앞으로 가자고.","","False","DIA_CipherDJG_SwampWait2_07_00","",""
"Scripts/Content/Story/Dialoge/DIA_DJG_703_Cipher.d:213","Du kannst aber auch den Gang dort drüben checken, damit uns keins von den Viechern in den Rücken fällt. Was ist dir lieber?","아니면 저쪽에 있는 통로를 조사해서 괴물들이 뒤에서 습격하지 못하게 해도 좋고. 어느 쪽이 좋아?","","False","DIA_CipherDJG_SwampWait2_07_01","",""
"Scripts/Content/Story/Dialoge/DIA_DJG_703_Cipher.d:214","Verlieren wir keine Zeit!","시간 낭비하지 말자고!","","False","DIA_CipherDJG_SwampWait2_15_02","",""
"Scripts/Content/Story/Dialoge/DIA_DJG_703_Cipher.d:257","(brüllt) Angriff!","(고함치며) 공격!","","False","DIA_CipherDJG_GoForSwampDragon_07_00","",""
"Scripts/Content/Story/Dialoge/DIA_DJG_703_Cipher.d:264","Ich kann das Vieh schon hören. Wir müssen vorsichtig sein!","녀석의 소리가 들려. 조심해야 해!","","False","DIA_CipherDJG_GoForSwampDragon_07_01","",""
"Scripts/Content/Story/Dialoge/DIA_DJG_703_Cipher.d:265","Geh vor und sieh nach, ob wir angreifen können.","먼저 가서 우리가 공격할 수 있는지 확인해 봐.","","False","DIA_CipherDJG_GoForSwampDragon_07_02","",""
"Scripts/Content/Story/Dialoge/DIA_DJG_703_Cipher.d:298","Verdammt. Ist er tot?","젠장. 죽은 거야?","","False","DIA_CipherDJG_SWAMPDRAGONDEAD_07_00","",""
"Scripts/Content/Story/Dialoge/DIA_DJG_703_Cipher.d:299","Beruhige dich wieder. Es ist vorbei!","진정해. 다 끝났어!","","False","DIA_CipherDJG_SWAMPDRAGONDEAD_15_01","",""
"Scripts/Content/Story/Dialoge/DIA_DJG_703_Cipher.d:300","Junge, war das ein Brocken.","이런, 엄청난 녀석이군.","","False","DIA_CipherDJG_SWAMPDRAGONDEAD_07_02","",""
"Scripts/Content/Story/Dialoge/DIA_DJG_703_Cipher.d:323","Der Sumpfdrache ist tot!","늪 드래곤이 죽었어!","","False","DIA_CipherDJG_WHATNEXT.description","",""
"Scripts/Content/Story/Dialoge/DIA_DJG_703_Cipher.d:336","Der Sumpfdrache ist tot! Was passiert jetzt mit dir?","늪 드래곤이 죽었어! 이제 어떻게 할 거야?","","False","DIA_CipherDJG_WHATNEXT_15_00","",""
"Scripts/Content/Story/Dialoge/DIA_DJG_703_Cipher.d:337","Keine Ahnung. Darüber habe ich mir noch keine Gedanken gemacht. Immerhin könntest du jetzt als Held nach Khorinis zurück kehren.","글쎄. 아직 생각해 본 적 없어. 어쨌든 이제 영웅이 되어 코리니스(Khorinis)로 돌아갈 수 있겠군.","","False","DIA_CipherDJG_WHATNEXT_07_01","",""
"Scripts/Content/Story/Dialoge/DIA_DJG_703_Cipher.d:338","Ich vermute, daraus lässt sich Kapital schlagen! Denk mal darüber nach!","이걸로 꽤 짭짤하게 한 몫 챙길 수 있을걸! 어디 한번 생각해 보라고!","","False","DIA_CipherDJG_WHATNEXT_07_02","",""
"Scripts/Content/Story/Dialoge/DIA_DJG_705_Angar.d:33","Kenne ich dich nicht?","어디서 본 얼굴인데?","","False","DIA_AngarDJG_HALLO.description","",""
"Scripts/Content/Story/Dialoge/DIA_DJG_705_Angar.d:43","Kenne ich dich nicht? Du bist Cor Angar, du warst Templer im Sumpflager.","어디서 본 얼굴인데? 코르 앙가르(Cor Angar)잖아, 늪 야영지의 성기사였지.","","False","DIA_AngarDJG_HALLO_15_00","",""
"Scripts/Content/Story/Dialoge/DIA_DJG_705_Angar.d:44","(resigniert) Nenn mich Angar. Meinen Titel habe ich abgelegt. Die Bruderschaft des Schläfers hat sich aufgelöst.","(체념하며) 앙가르라고 불러다오. 직위는 내려놓은 지 오래야. 수면의 형제단은 해체되었으니까.","","False","DIA_AngarDJG_HALLO_04_01","",""
"Scripts/Content/Story/Dialoge/DIA_DJG_705_Angar.d:45","Seltsam, aber du kommst mir auch irgendwie bekannt vor. Ich kann mich aber kaum an dich erinnern.","이상하군, 자네도 왠지 낯이 익어. 하지만 잘 기억나지 않는군.","","False","DIA_AngarDJG_HALLO_04_02","",""
"Scripts/Content/Story/Dialoge/DIA_DJG_705_Angar.d:46","Was ist los mit dir?","무슨 일 있어?","","False","DIA_AngarDJG_HALLO_15_03","",""
"Scripts/Content/Story/Dialoge/DIA_DJG_705_Angar.d:47","(winkt ab) Ach. Ich habe schon lange nicht mehr richtig schlafen können. Ständig diese Alpträume.","(손을 내저으며) 하. 제대로 잠을 잔 지가 너무 오래됐어. 악몽이 끊이지를 않거든.","","False","DIA_AngarDJG_HALLO_04_04","",""
"Scripts/Content/Story/Dialoge/DIA_DJG_705_Angar.d:58","Die Bruderschaft des Schläfers ist dem Bösen verfallen.","수면의 형제단은 악에 물들었어.","","False","DIA_Angar_B_SCTellsAngarAboutMadPsi_15_00","",""
"Scripts/Content/Story/Dialoge/DIA_DJG_705_Angar.d:59","Deine ehemaligen Freunde aus dem Sumpflager wandeln in schwarzen Kutten über das Land und sind ziemlich sauer auf alles, was sich bewegt.","늪 야영지 출신 옛 동료들이 검은 로브를 걸치고 이 땅을 돌아다니고 있어. 움직이는 건 뭐든지 족족 공격해 대고 있지.","","False","DIA_Angar_B_SCTellsAngarAboutMadPsi_15_01","",""
"Scripts/Content/Story/Dialoge/DIA_DJG_705_Angar.d:60","Wovon redest du da?","무슨 소릴 하는 거야?","","False","DIA_Angar_B_SCTellsAngarAboutMadPsi_04_02","",""
"Scripts/Content/Story/Dialoge/DIA_DJG_705_Angar.d:68","Sie dienen jetzt dem Feind und sind nur noch seelenlose Krieger des Bösen.","이제 그들은 적을 섬기고 있어. 영혼 없는 악의 전사들로 변해버렸지.","","False","DIA_Angar_B_SCTellsAngarAboutMadPsi2_15_00","",""
"Scripts/Content/Story/Dialoge/DIA_DJG_705_Angar.d:69","Bei allen Göttern. Hätte ich mich doch nicht so blenden lassen. Das wird mir niemals wieder passieren, das schwöre ich.","모든 신들여. 내가 왜 그런 것에 눈이 멀었던 거지. 다시는 그런 일 없을 거라고 맹세하지.","","False","DIA_Angar_B_SCTellsAngarAboutMadPsi2_04_01","",""
"Scripts/Content/Story/Dialoge/DIA_DJG_705_Angar.d:84","Wie kommst du hierher?","여긴 어떻게 온 거야?","","False","DIA_Angar_WIEKOMMSTDUHIERHER.description","",""
"Scripts/Content/Story/Dialoge/DIA_DJG_705_Angar.d:97","Wie kommst du hierher?","여긴 어떻게 온 거야?","","False","DIA_Angar_WIEKOMMSTDUHIERHER_15_00","",""
"Scripts/Content/Story/Dialoge/DIA_DJG_705_Angar.d:98","Nach dem Fall der magischen Barriere habe ich mich in den Bergen versteckt. Wurde Zeit, dass ich etwas unternehme.","마법 장벽이 무너진 후 산속에 숨어 있었지. 이제 뭔가 행동에 나서야 할 때였어.","","False","DIA_Angar_WIEKOMMSTDUHIERHER_04_01","",""
"Scripts/Content/Story/Dialoge/DIA_DJG_705_Angar.d:99","Ich bin tagelang umher geirrt, bis ich auf einmal in der Burg wach geworden bin. Frag mich nicht, was passiert ist. Ich weiß es nicht.","며칠 동안 방황하다가 성 안에서 눈을 떴지. 무슨 일이 있었는지 묻지 마. 나도 모르니까.","","False","DIA_Angar_WIEKOMMSTDUHIERHER_04_02","",""
"Scripts/Content/Story/Dialoge/DIA_DJG_705_Angar.d:100","Zu allem Übel habe ich auch noch mein Amulett verloren, das ich schon seit Jahren besitze. Ich werde wahnsinnig, wenn ich es nicht wieder finde.","설상가상으로 수년 동안 지녀온 부적마저 잃어버렸어. 그것마저 찾지 못하면 미쳐버릴지도 몰라.","","False","DIA_Angar_WIEKOMMSTDUHIERHER_04_03","",""
"Scripts/Content/Story/Dialoge/DIA_DJG_705_Angar.d:107","Wo genau hast dein Amulett verloren?","정확히 어디서 부적을 잃어버렸나?","","False","DIA_Angar_WIEKOMMSTDUHIERHER_Info.DIA_Angar_WIEKOMMSTDUHIERHER.DIA_Angar_WIEKOMMSTDUHIERHER_amulett","Info_AddChoice",""
"Scripts/Content/Story/Dialoge/DIA_DJG_705_Angar.d:111","Die Bruderschaft des Schläfers ist dem Bösen verfallen","수면의 형제단은 악에 물들었어.","","False","DIA_Angar_WIEKOMMSTDUHIERHER_Info.DIA_Angar_WIEKOMMSTDUHIERHER_andere_1","","format!<DIA_Angar_WIEKOMMSTDUHIERHER_Info.DIA_Angar_WIEKOMMSTDUHIERHER_andere_1>()"
"Scripts/Content/Story/Dialoge/DIA_DJG_705_Angar.d:115","Was ist mit den anderen aus dem Sumpflager passiert?","늪 야영지의 다른 사람들은 어떻게 되었나?","","False","DIA_Angar_WIEKOMMSTDUHIERHER_Info.DIA_Angar_WIEKOMMSTDUHIERHER_andere_2","","format!<DIA_Angar_WIEKOMMSTDUHIERHER_Info.DIA_Angar_WIEKOMMSTDUHIERHER_andere_2>()"
"Scripts/Content/Story/Dialoge/DIA_DJG_705_Angar.d:120","Was willst du nun tun?","이제 뭘 할 생각이지?","","False","DIA_Angar_WIEKOMMSTDUHIERHER_Info.DIA_Angar_WIEKOMMSTDUHIERHER.DIA_Angar_WIEKOMMSTDUHIERHER_nun","Info_AddChoice",""
"Scripts/Content/Story/Dialoge/DIA_DJG_705_Angar.d:126","Wo genau hast du dein Amulett verloren?","정확히 어디서 부적을 잃어버렸나?","","False","DIA_Angar_WIEKOMMSTDUHIERHER_amulett_15_00","",""
"Scripts/Content/Story/Dialoge/DIA_DJG_705_Angar.d:130","Irgendwo im Süden, kurz bevor ich hier in der Burg wach wurde.","남쪽 어딘가야. 이곳 성에서 눈을 뜨기 바로 직전이었지.","","False","DIA_Angar_WIEKOMMSTDUHIERHER_amulett_04_01","",""
"Scripts/Content/Story/Dialoge/DIA_DJG_705_Angar.d:135","Es muss hier irgendwo sein.","이 근처에 있을 거야.","","False","DIA_Angar_WIEKOMMSTDUHIERHER_amulett_04_02","",""
"Scripts/Content/Story/Dialoge/DIA_DJG_705_Angar.d:139","Ich schätze, es ist mir gestohlen worden. Ich muss es unbedingt wieder haben.","누가 훔쳐간 것 같아. 꼭 다시 찾아야만 해.","","False","DIA_Angar_WIEKOMMSTDUHIERHER_amulett_04_03","",""
"Scripts/Content/Story/Dialoge/DIA_DJG_705_Angar.d:150","Was ist mit den anderen aus dem Sumpflager passiert?","늪 야영지의 다른 사람들은 어떻게 되었나?","","False","DIA_Angar_WIEKOMMSTDUHIERHER_andere_15_00","",""
"Scripts/Content/Story/Dialoge/DIA_DJG_705_Angar.d:153","Das Letzte, an das ich mich erinnere, ist, dass die Barriere von einem Nerven zerfetzenden Schrei begleitet in sich zusammen fiel.","내가 기억하는 마지막 모습은 신경을 찢는 듯한 비명 소리와 함께 장벽이 무너져 내리던 순간이었어.","","False","DIA_Angar_WIEKOMMSTDUHIERHER_andere_04_01","",""
"Scripts/Content/Story/Dialoge/DIA_DJG_705_Angar.d:154","Von panischer Angst gepackt fielen wir zu Boden und krümmten uns vor Schmerzen. Diese Stimmen. Sie wurden immer lauter.","극심한 공포에 사로잡혀 우리는 바닥에 쓰러져 고통으로 몸부림쳤지. 그 목소리들이 점점 더 커졌어.","","False","DIA_Angar_WIEKOMMSTDUHIERHER_andere_04_02","",""
"Scripts/Content/Story/Dialoge/DIA_DJG_705_Angar.d:155","Und dann, als es vorbei war, verfielen sie alle dem Wahnsinn und verschwanden laut schreiend in der grauen Nacht.","그리고 모든 게 끝났을 때, 그들은 전부 미쳐버려서 비명을 지르며 어두운 밤 속으로 사라져 버렸어.","","False","DIA_Angar_WIEKOMMSTDUHIERHER_andere_04_03","",""
"Scripts/Content/Story/Dialoge/DIA_DJG_705_Angar.d:156","Ich hab sie nie wieder gesehen.","그 뒤로는 두 번 다시 보지 못했지.","","False","DIA_Angar_WIEKOMMSTDUHIERHER_andere_04_04","",""
"Scripts/Content/Story/Dialoge/DIA_DJG_705_Angar.d:166","Was willst du nun tun?","이제 뭘 할 생각이지?","","False","DIA_Angar_WIEKOMMSTDUHIERHER_nun_15_00","",""
"Scripts/Content/Story/Dialoge/DIA_DJG_705_Angar.d:167","Ich werde mich erst einmal erholen, damit ich mich auf die Suche nach meinem verlorenen Amulett machen kann.","우선 좀 쉬면서 체력을 회복한 뒤에 잃어버린 부적을 찾아 나설 생각이야.","","False","DIA_Angar_WIEKOMMSTDUHIERHER_nun_04_01","",""
"Scripts/Content/Story/Dialoge/DIA_DJG_705_Angar.d:168","Ich habe etwas von Drachen gehört.","드래곤에 대한 이야기를 들었어.","","False","DIA_Angar_WIEKOMMSTDUHIERHER_nun_04_02","",""
"Scripts/Content/Story/Dialoge/DIA_DJG_705_Angar.d:169","Es wird auch erzählt, dass viele Krieger ins Minental gekommen sind, um sie zu jagen.","녀석들을 사냥하려고 많은 전사들이 광산 계곡으로 모여들었다는 소문도 있더군.","","False","DIA_Angar_WIEKOMMSTDUHIERHER_nun_04_03","",""
"Scripts/Content/Story/Dialoge/DIA_DJG_705_Angar.d:170","Ich denke darüber nach, mich ihnen anzuschließen.","나도 그들에게 합류할까 생각 중이야.","","False","DIA_Angar_WIEKOMMSTDUHIERHER_nun_04_04","",""
"Scripts/Content/Story/Dialoge/DIA_DJG_705_Angar.d:189","Die Bruderschaft des Schläfers ist dem Bösen verfallen","수면의 형제단은 악에 물들었어.","","False","DIA_Angar_SCTellsAngarAboutMadPsi2.description","",""
"Scripts/Content/Story/Dialoge/DIA_DJG_705_Angar.d:217","Ich habe dein Amulett gefunden.","자네 부적을 찾았어.","","False","DIA_Angar_FOUNDAMULETT.description","",""
"Scripts/Content/Story/Dialoge/DIA_DJG_705_Angar.d:231","Ich habe dein Amulett gefunden.","자네 부적을 찾았어.","","False","DIA_Angar_FOUNDAMULETT_15_00","",""
"Scripts/Content/Story/Dialoge/DIA_DJG_705_Angar.d:232","Danke. Ich dachte schon, ich würde es nie wieder sehen.","고마워. 다시는 못 볼 줄 알았는데.","","False","DIA_Angar_FOUNDAMULETT_04_01","",""
"Scripts/Content/Story/Dialoge/DIA_DJG_705_Angar.d:244","Was macht es für dich so besonders?","그 부적이 자네한테 왜 그렇게 특별하지?","","False","DIA_Angar_FOUNDAMULETT_Info.DIA_Angar_FOUNDAMULETT.DIA_Angar_FOUNDAMULETT_besonders","Info_AddChoice",""
"Scripts/Content/Story/Dialoge/DIA_DJG_705_Angar.d:245","Was hast du nun vor?","이제 무슨 계획이라도 있나?","","False","DIA_Angar_FOUNDAMULETT_Info.DIA_Angar_FOUNDAMULETT.DIA_Angar_FOUNDAMULETT_nun","Info_AddChoice",""
"Scripts/Content/Story/Dialoge/DIA_DJG_705_Angar.d:250","Was macht es für dich so besonders?","그 부적이 자네한테 왜 그렇게 특별하지?","","False","DIA_Angar_FOUNDAMULETT_besonders_15_00","",""
"Scripts/Content/Story/Dialoge/DIA_DJG_705_Angar.d:251","Es war ein Geschenk.","선물 받은 거였거든.","","False","DIA_Angar_FOUNDAMULETT_besonders_04_01","",""
"Scripts/Content/Story/Dialoge/DIA_DJG_705_Angar.d:252","Verstehe.","이해해.","","False","DIA_Angar_FOUNDAMULETT_besonders_15_02","",""
"Scripts/Content/Story/Dialoge/DIA_DJG_705_Angar.d:257","Was hast du nun vor?","이제 무슨 계획이라도 있나?","","False","DIA_Angar_FOUNDAMULETT_nun_15_00","",""
"Scripts/Content/Story/Dialoge/DIA_DJG_705_Angar.d:258","Nichts wie raus aus diesem verfluchten Tal.","이 저주받은 계곡에서 당장 떠나는 거지.","","False","DIA_Angar_FOUNDAMULETT_nun_04_01","",""
"Scripts/Content/Story/Dialoge/DIA_DJG_705_Angar.d:259","Vielleicht sehen wir uns noch mal wieder. Leb wohl.","언젠가 또 보게 될지도 모르겠군. 잘 지내라고.","","False","DIA_Angar_FOUNDAMULETT_nun_04_02","",""
"Scripts/Content/Story/Dialoge/DIA_DJG_705_Angar.d:277","Vielleicht kann ich dir helfen, dein Amulett zu finden.","내가 자네의 부적을 찾는 걸 도와줄 수 있을지도 몰라.","","False","DIA_Angar_DJG_ANWERBEN.description","",""
"Scripts/Content/Story/Dialoge/DIA_DJG_705_Angar.d:291","Vielleicht kann ich dir helfen, dein Amulett zu finden.","내가 자네의 부적을 찾는 걸 도와줄 수 있을지도 몰라.","","False","DIA_Angar_DJG_ANWERBEN_15_00","",""
"Scripts/Content/Story/Dialoge/DIA_DJG_705_Angar.d:292","Warum nicht. Hilfe kann nicht schaden.","그러지. 도움을 마다할 이유는 없지.","","False","DIA_Angar_DJG_ANWERBEN_04_01","",""
"Scripts/Content/Story/Dialoge/DIA_DJG_705_Angar.d:296","Ich muß gehen.","난 이만 가봐야겠어.","","False","DIA_Angar_DJG_ANWERBEN_Info.DIA_Angar_DJG_ANWERBEN.DIA_Angar_DJG_ANWERBEN_gehen","Info_AddChoice",""
"Scripts/Content/Story/Dialoge/DIA_DJG_705_Angar.d:297","Wo willst du suchen?","어디서 찾을 생각이지?","","False","DIA_Angar_DJG_ANWERBEN_Info.DIA_Angar_DJG_ANWERBEN.DIA_Angar_DJG_ANWERBEN_wo","Info_AddChoice",""
"Scripts/Content/Story/Dialoge/DIA_DJG_705_Angar.d:298","Wann willst du gehen?","언제 떠날 건가?","","False","DIA_Angar_DJG_ANWERBEN_Info.DIA_Angar_DJG_ANWERBEN.DIA_Angar_DJG_ANWERBEN_wann","Info_AddChoice",""
"Scripts/Content/Story/Dialoge/DIA_DJG_705_Angar.d:303","Was ist mit den Drachenjägern?","드래곤 사냥꾼들은 어떻게 할 거야?","","False","DIA_Angar_DJG_ANWERBEN_Info.DIA_Angar_DJG_ANWERBEN.DIA_Angar_DJG_ANWERBEN_DJG","Info_AddChoice",""
"Scripts/Content/Story/Dialoge/DIA_DJG_705_Angar.d:309","Was ist mit den Drachenjägern?","드래곤 사냥꾼들은 어떻게 할 거야?","","False","DIA_Angar_DJG_ANWERBEN_DJG_15_00","",""
"Scripts/Content/Story/Dialoge/DIA_DJG_705_Angar.d:310","Ich werde später mit ihnen sprechen. Vielleicht können sie noch einen starken Arm gebrauchen.","나중에 그들과 얘기해 보지. 어쩌면 일손이 아쉬울지도 모르니까.","","False","DIA_Angar_DJG_ANWERBEN_DJG_04_01","",""
"Scripts/Content/Story/Dialoge/DIA_DJG_705_Angar.d:315","Wann willst du gehen?","언제 떠날 건가?","","False","DIA_Angar_DJG_ANWERBEN_wann_15_00","",""
"Scripts/Content/Story/Dialoge/DIA_DJG_705_Angar.d:316","Sobald ich mich wieder besser fühle.","컨디션이 좀 더 회복되는 대로.","","False","DIA_Angar_DJG_ANWERBEN_wann_04_01","",""
"Scripts/Content/Story/Dialoge/DIA_DJG_705_Angar.d:321","Wo willst du suchen?","어디서 찾을 생각이지?","","False","DIA_Angar_DJG_ANWERBEN_wo_15_00","",""
"Scripts/Content/Story/Dialoge/DIA_DJG_705_Angar.d:322","Ich werde in den Süden gehen. Dort, wo ich als letztes gewesen bin.","남쪽으로 갈 거야. 내가 마지막으로 있었던 곳이지.","","False","DIA_Angar_DJG_ANWERBEN_wo_04_01","",""
"Scripts/Content/Story/Dialoge/DIA_DJG_705_Angar.d:323","Es gibt dort ein Höhlengrab, das von vielen Findlingen umgeben ist.","거기에 거대한 돌무더기들에 둘러싸인 무덤굴이 있어.","","False","DIA_Angar_DJG_ANWERBEN_wo_04_02","",""
"Scripts/Content/Story/Dialoge/DIA_DJG_705_Angar.d:328","Ich muss gehen.","난 가봐야겠어.","","False","DIA_Angar_DJG_ANWERBEN_gehen_15_00","",""
"Scripts/Content/Story/Dialoge/DIA_DJG_705_Angar.d:329","Pass auf deinen Rücken auf.","등 뒤를 조심하라고.","","False","DIA_Angar_DJG_ANWERBEN_gehen_04_01","",""
"Scripts/Content/Story/Dialoge/DIA_DJG_705_Angar.d:343","Stimmt irgendwas nicht?","무슨 일 있어?","","False","DIA_AngarDJG_WASMACHSTDU.description","",""
"Scripts/Content/Story/Dialoge/DIA_DJG_705_Angar.d:360","Stimmt irgendwas nicht?","무슨 일 있어?","","False","DIA_AngarDJG_WASMACHSTDU_15_00","",""
"Scripts/Content/Story/Dialoge/DIA_DJG_705_Angar.d:361","Hörst du das? Ich hab noch nie in meinem Leben so ein fürchterliches Geräusch gehört!","이 소리 들려? 태어나서 이렇게 끔찍한 소리는 들어본 적이 없어!","","False","DIA_AngarDJG_WASMACHSTDU_04_01","",""
"Scripts/Content/Story/Dialoge/DIA_DJG_705_Angar.d:362","Was meinst du? Ich höre nichts!","무슨 소리 말이야? 난 아무 소리도 안 들리는데!","","False","DIA_AngarDJG_WASMACHSTDU_15_02","",""
"Scripts/Content/Story/Dialoge/DIA_DJG_705_Angar.d:363","Die ganze Umgebung hier stinkt nach Tod und Verderben. Die verfaulten Kreaturen bewachen den Felseneingang zur Gruft da vorne.","이 일대 전체가 죽음과 파멸의 악취로 진동하고 있어. 썩어 문드러진 괴물들이 저 앞의 무덤으로 통하는 바위 입구를 지키고 있지.","","False","DIA_AngarDJG_WASMACHSTDU_04_03","",""
"Scripts/Content/Story/Dialoge/DIA_DJG_705_Angar.d:364","Etwas Grauenvolles verbirgt sich darin und schickt seine Schergen an die Oberfläche dieser Welt.","그 안에는 끔찍한 무언가가 숨어서 이 세상 지상으로 부하들을 내보내고 있는 거야.","","False","DIA_AngarDJG_WASMACHSTDU_04_04","",""
"Scripts/Content/Story/Dialoge/DIA_DJG_705_Angar.d:365","Ich bin mir fast sicher, dass mir mein Amulett hier irgendwo abhanden gekommen ist.","내 부적을 잃어버린 곳이 분명 이 근처일 거라는 예감이 들어.","","False","DIA_AngarDJG_WASMACHSTDU_04_05","",""
"Scripts/Content/Story/Dialoge/DIA_DJG_705_Angar.d:369","Hast du mit den Drachenjägern gesprochen?","드래곤 사냥꾼들과는 얘기해 봤나?","","False","DIA_AngarDJG_WASMACHSTDU_Info.DIA_AngarDJG_WASMACHSTDU.DIA_AngarDJG_WASMACHSTDU_DJG","Info_AddChoice",""
"Scripts/Content/Story/Dialoge/DIA_DJG_705_Angar.d:375","Hast du mit den Drachenjägern gesprochen?","드래곤 사냥꾼들과는 얘기해 봤나?","","False","DIA_AngarDJG_WASMACHSTDU_DJG_15_00","",""
"Scripts/Content/Story/Dialoge/DIA_DJG_705_Angar.d:376","Ja. Aber ich hatte eine Gemeinschaft erwartet, wie sie bei uns im Sumpflager üblich war.","그래. 하지만 난 우리 늪 야영지처럼 끈끈한 동료애를 기대했었지.","","False","DIA_AngarDJG_WASMACHSTDU_DJG_04_01","",""
"Scripts/Content/Story/Dialoge/DIA_DJG_705_Angar.d:377","Die Jungs sind nichts anderes als ein wild zusammengewürfelter Haufen von Idioten. Nichts für mich.","녀석들은 그냥 오합지졸 멍청이 무리일 뿐이야. 내 취향은 아니더군.","","False","DIA_AngarDJG_WASMACHSTDU_DJG_04_02","",""
"Scripts/Content/Story/Dialoge/DIA_DJG_705_Angar.d:389","Was verbirgt sich in der Felsenhöhle?","바위 동굴 속에 뭐가 숨어 있는 거지?","","False","DIA_AngarDJG_WHATSINTHERE.description","",""
"Scripts/Content/Story/Dialoge/DIA_DJG_705_Angar.d:403","Was verbirgt sich in der Felsenhöhle?","바위 동굴 안에는 뭐가 있지?","","False","DIA_AngarDJG_WHATSINTHERE_15_00","",""
"Scripts/Content/Story/Dialoge/DIA_DJG_705_Angar.d:404","Irgendetwas lässt mich nicht an diesen Felseingang heran!","뭔가 내 발길을 그 바위 입구로 접근하지 못하게 하고 있어!","","False","DIA_AngarDJG_WHATSINTHERE_04_01","",""
"Scripts/Content/Story/Dialoge/DIA_DJG_705_Angar.d:405","Er wird von einer magischen Kreatur bewacht. Ich hab es nachts die Gegend absuchen sehen. Ein abscheuliches Wesen.","마법 생물이 지키고 있어. 밤마다 이 근처를 수색하는 걸 봤지. 흉측한 괴물이야.","","False","DIA_AngarDJG_WHATSINTHERE_04_02","",""
"Scripts/Content/Story/Dialoge/DIA_DJG_705_Angar.d:406","Es schwebt zwischen den Bäumen hin und her und man hat den Eindruck, dass es alles Leben in seiner Umgebung aufsaugt wie einen Schwamm.","나무 사이를 왔다 갔다 하는데, 주변의 모든 생명을 스펀지처럼 빨아들이는 것 같은 느낌이 들어.","","False","DIA_AngarDJG_WHATSINTHERE_04_03","",""
"Scripts/Content/Story/Dialoge/DIA_DJG_705_Angar.d:421","Lass uns zusammen gehen.","같이 가자.","","False","DIA_AngarDJG_WANTTOGOINTHERE.description","",""
"Scripts/Content/Story/Dialoge/DIA_DJG_705_Angar.d:435","Lass uns zusammen gehen.","같이 가자.","","False","DIA_AngarDJG_WANTTOGOINTHERE_15_00","",""
"Scripts/Content/Story/Dialoge/DIA_DJG_705_Angar.d:436","Ich werde es versuchen. Aber sieh dich vor.","한번 해보지. 하지만 조심해.","","False","DIA_AngarDJG_WANTTOGOINTHERE_04_01","",""
"Scripts/Content/Story/Dialoge/DIA_DJG_705_Angar.d:480","(brüllt) Nur Tod und Verderben. Ich muss hier weg.","(고함을 지른다) 죽음과 파멸뿐이야. 여기서 당장 나가야 해.","","False","DIA_AngarDJG_UndeadMageDead_04_00","",""
"Scripts/Content/Story/Dialoge/DIA_DJG_705_Angar.d:514","(flüstert) Da ist es! Hörst du das?","(속삭인다) 저기 있어! 들려?","","False","DIA_AngarDJG_UNDEADMAGECOMES_04_00","",""
"Scripts/Content/Story/Dialoge/DIA_DJG_705_Angar.d:530","Was ist denn los?","무슨 일이야?","","False","DIA_Angar_WASISTLOS.description","",""
"Scripts/Content/Story/Dialoge/DIA_DJG_705_Angar.d:547","Was ist denn los?","무슨 일이야?","","False","DIA_Angar_WASISTLOS_15_00","",""
"Scripts/Content/Story/Dialoge/DIA_DJG_705_Angar.d:548","Ich kann nicht weiter mit dir gehen.","너와 더 이상 같이 갈 수 없어.","","False","DIA_Angar_WASISTLOS_04_01","",""
"Scripts/Content/Story/Dialoge/DIA_DJG_705_Angar.d:549","Irgendwas sagt mir, dass ich hier nicht mehr lebend raus komme.","뭔가 여기서 살아나갈 수 없을 것 같다는 예감이 들어.","","False","DIA_Angar_WASISTLOS_04_02","",""
"Scripts/Content/Story/Dialoge/DIA_DJG_705_Angar.d:550","Ich kann es nicht erklären, aber ...","설명할 순 없지만...","","False","DIA_Angar_WASISTLOS_04_03","",""
"Scripts/Content/Story/Dialoge/DIA_DJG_705_Angar.d:554","Ich muss so schnell wie möglich weg aus diesem verfluchten Land, sonst wird es mir nicht besser ergehen als meinen Brüdern.","이 저주받은 땅에서 최대한 빨리 벗어나야 해. 그렇지 않으면 내 형제들처럼 될 테니까.","","False","DIA_Angar_WASISTLOS_04_04","",""
"Scripts/Content/Story/Dialoge/DIA_DJG_705_Angar.d:558","Jedes Mal, wenn ich gegen eine ... dieser Ausgeburten der Hölle antrete, dann habe ich das Gefühl, gegen meine eigenen Leute zu kämpfen.","지옥에서 기어 나온 저런 괴물들과 맞설 때마다 내 동족들과 싸우는 듯한 기분이 든단 말이야.","","False","DIA_Angar_WASISTLOS_04_05","",""
"Scripts/Content/Story/Dialoge/DIA_DJG_705_Angar.d:578","Angar? Was machst du denn hier?","앙가르? 여기서 뭐 하는 거야?","","False","DIA_Angar_WHYAREYOUHERE.description","",""
"Scripts/Content/Story/Dialoge/DIA_DJG_705_Angar.d:591","Angar? Was machst du denn hier?","앙가르? 여기서 뭐 하는 거야?","","False","DIA_Angar_WHYAREYOUHERE_15_00","",""
"Scripts/Content/Story/Dialoge/DIA_DJG_705_Angar.d:592","Ich war auf dem Weg zum Pass, da sind mir die Orks in die Quere gekommen. Ich konnte die gottverdammten Kerle nicht abschütteln.","통행로로 가던 길이었는데, 오크들이 길을 막았어. 그 저주받을 녀석들을 따돌릴 수가 없었지.","","False","DIA_Angar_WHYAREYOUHERE_04_01","",""
"Scripts/Content/Story/Dialoge/DIA_DJG_705_Angar.d:593","Ich warte noch eine Weile ab und verzieh' mich dann über den Pass. Wir sehen uns drüben!","조금 더 기다렸다가 통행로를 넘어갈 거야. 저쪽에서 보자고!","","False","DIA_Angar_WHYAREYOUHERE_04_02","",""
"Scripts/Content/Story/Dialoge/DIA_DJG_705_Angar.d:610","Kann ich dich wirklich alleine lassen?","정말 너 혼자 두고 가도 되겠어?","","False","DIA_Angar_PERMKAP4.description","",""
"Scripts/Content/Story/Dialoge/DIA_DJG_705_Angar.d:623","Kann ich dich wirklich alleine lassen?","정말 너 혼자 두고 가도 되겠어?","","False","DIA_Angar_PERMKAP4_15_00","",""
"Scripts/Content/Story/Dialoge/DIA_DJG_705_Angar.d:624","Klar. Hau schon ab. Wir sehen uns.","물론이지. 어서 가 봐. 나중에 보자고.","","False","DIA_Angar_PERMKAP4_04_01","",""
"Scripts/Content/Story/Dialoge/DIA_DJG_705_Angar_DI.d:34","Wie geht's dir?","요즘 어때?","","False","DIA_Angar_DI_HALLO.description","",""
"Scripts/Content/Story/Dialoge/DIA_DJG_705_Angar_DI.d:47","Wie geht's dir?","요즘 어때?","","False","DIA_Angar_DI_HALLO_15_00","",""
"Scripts/Content/Story/Dialoge/DIA_DJG_705_Angar_DI.d:51","Die Kopfschmerzen sind unerträglich geworden, seit wir hier auf der Insel sind.","우리가 이 섬에 온 이후로 두통이 참을 수 없을 정도로 심해졌어.","","False","DIA_Angar_DI_HALLO_04_01","",""
"Scripts/Content/Story/Dialoge/DIA_DJG_705_Angar_DI.d:52","Verdammt noch mal. Das muss endlich aufhören.","빌어먹을. 이제 정말 끝내야 해.","","False","DIA_Angar_DI_HALLO_04_02","",""
"Scripts/Content/Story/Dialoge/DIA_DJG_705_Angar_DI.d:56","Kümmere dich nicht um mich. Lass uns verschwinden.","난 신경 쓰지 마. 여기서 당장 뜨자고.","","False","DIA_Angar_DI_HALLO_04_03","",""
"Scripts/Content/Story/Dialoge/DIA_DJG_705_Angar_DI.d:83","Du musst dich verdammt noch mal beeilen. Der nächste Angriff der Orks wird uns das Leben kosten.","빌어먹을, 서두르는 게 좋을 거야. 오크들의 다음 공격은 우리의 목숨을 앗아갈 테니까.","","False","DIA_Angar_DI_ORKS_04_00","",""
"Scripts/Content/Story/Dialoge/DIA_DJG_705_Angar_DI.d:84","Ich tue, was ich kann.","최선은 다하고 있어.","","False","DIA_Angar_DI_ORKS_15_01","",""
"Scripts/Content/Story/Dialoge/DIA_DJG_705_Angar_DI.d:85","Das ist nicht genug.","그걸로는 부족해.","","False","DIA_Angar_DI_ORKS_04_02","",""
"Scripts/Content/Story/Dialoge/DIA_DJG_705_Angar_DI.d:88","Reg´ dich ab.","진정해.","","False","DIA_Angar_DI_ORKS_Info.DIA_Angar_DI_ORKS.DIA_Angar_DI_ORKS_no","Info_AddChoice",""
"Scripts/Content/Story/Dialoge/DIA_DJG_705_Angar_DI.d:89","Dann hilf mir..","그럼 도와줘..","","False","DIA_Angar_DI_ORKS_Info.DIA_Angar_DI_ORKS.DIA_Angar_DI_ORKS_follow","Info_AddChoice",""
"Scripts/Content/Story/Dialoge/DIA_DJG_705_Angar_DI.d:94","Dann hilf mir und hör auf zu meckern.","그럼 나를 도와주고 불평은 그만둬.","","False","DIA_Angar_DI_ORKS_follow_15_00","",""
"Scripts/Content/Story/Dialoge/DIA_DJG_705_Angar_DI.d:95","Das werde ich auch. Geh vor. Mach schon.","그럴게. 먼저 가. 어서.","","False","DIA_Angar_DI_ORKS_follow_04_01","",""
"Scripts/Content/Story/Dialoge/DIA_DJG_705_Angar_DI.d:104","Reg dich ab.","진정해.","","False","DIA_Angar_DI_ORKS_no_15_00","",""
"Scripts/Content/Story/Dialoge/DIA_DJG_705_Angar_DI.d:105","Du hast gut reden. Ich dreh hier bald durch.","말은 쉽지. 난 여기서 미쳐버리기 직전이니까.","","False","DIA_Angar_DI_ORKS_no_04_01","",""
"Scripts/Content/Story/Dialoge/DIA_DJG_705_Angar_DI.d:119","Bleib zurück.","물러나 있어.","","False","DIA_Angar_DI_FOLLOW.description","",""
"Scripts/Content/Story/Dialoge/DIA_DJG_705_Angar_DI.d:132","Bleib zurück.","물러나 있어.","","False","DIA_Angar_DI_FOLLOW_15_00","",""
"Scripts/Content/Story/Dialoge/DIA_DJG_705_Angar_DI.d:136","Den Rest muss ich allein erledigen.","나머지는 혼자 처리해야겠어.","","False","DIA_Angar_DI_FOLLOW_15_01","",""
"Scripts/Content/Story/Dialoge/DIA_DJG_705_Angar_DI.d:137","Viel Glück.","행운을 빌어.","","False","DIA_Angar_DI_FOLLOW_04_02","",""
"Scripts/Content/Story/Dialoge/DIA_DJG_705_Angar_DI.d:146","Alles klar.","알았어.","","False","DIA_Angar_DI_FOLLOW_04_03","",""
"Scripts/Content/Story/Dialoge/DIA_DJG_705_Angar_DI.d:188","Folge mir.","날 따라와.","","False","DIA_Angar_DI_FOLLOWAGAIN.description","",""
"Scripts/Content/Story/Dialoge/DIA_DJG_705_Angar_DI.d:201","Folge mir.","날 따라와.","","False","DIA_Angar_DI_FOLLOWAGAIN_15_00","",""
"Scripts/Content/Story/Dialoge/DIA_DJG_705_Angar_DI.d:202","Geh vor.","먼저 가.","","False","DIA_Angar_DI_FOLLOWAGAIN_04_01","",""
"Scripts/Content/Story/Dialoge/DIA_DJG_705_Angar_DI.d:235","Aarh! Meine Kopfschmerzen machen mich wahnsinnig.","으아악! 두통 때문에 미쳐버리겠어.","","False","DIA_Angar_DI_FOLLOWSTOP_04_00","",""
"Scripts/Content/Story/Dialoge/DIA_DJG_705_Angar_DI.d:247","Du hast es überstanden.","잘 이겨냈구나.","","False","DIA_Angar_DI_UNDEADDRGDEAD.description","",""
"Scripts/Content/Story/Dialoge/DIA_DJG_705_Angar_DI.d:260","Du hast es überstanden.","잘 이겨냈구나.","","False","DIA_Angar_DI_UNDEADDRGDEAD_15_00","",""
"Scripts/Content/Story/Dialoge/DIA_DJG_705_Angar_DI.d:261","Können wir jetzt endlich hier wieder weg?","이제 정말 여기서 떠날 수 있는 거야?","","False","DIA_Angar_DI_UNDEADDRGDEAD_04_01","",""
"Scripts/Content/Story/Dialoge/DIA_DJG_705_Angar_DI.d:262","Ja. Der Feind ist vernichtet.","그래. 적은 처치했어.","","False","DIA_Angar_DI_UNDEADDRGDEAD_15_02","",""
"Scripts/Content/Story/Dialoge/DIA_DJG_705_Angar_DI.d:263","Dann lass uns keine Zeit mehr verlieren. Geh zum Kapitän und sag ihm, dass er ablegen soll.","그럼 더 이상 시간을 낭비하지 말자고. 선장에게 가서 출항하라고 해.","","False","DIA_Angar_DI_UNDEADDRGDEAD_04_03","",""
"Scripts/Content/Story/Dialoge/DIA_DJG_705_Angar_DI.d:267","Ich hoffe, dass es nicht noch mehr von euch abtrünnigen Sektenanhängern gibt.","너희 같은 이단적인 종파 신도들이 더 이상 없기를 바란다.","","False","DIA_Angar_DI_UNDEADDRGDEAD_15_04","",""
"Scripts/Content/Story/Dialoge/DIA_DJG_705_Angar_DI.d:268","Möglich ist alles. Die Suchenden waren jedoch sehr gründlich. Selbst ich bin ihnen fast verfallen. Wer weiß?","불가능하진 않겠지. 하지만 시커들은 아주 철저했어. 나마저도 그들에게 넘어갈 뻔했으니까. 누가 알겠어?","","False","DIA_Angar_DI_UNDEADDRGDEAD_04_05","",""
"Scripts/Content/Story/Dialoge/DIA_DJG_705_Angar_DI.d:271","Was wirst du jetzt tun?","이제 뭘 할 거지?","","False","DIA_Angar_DI_UNDEADDRGDEAD_15_06","",""
"Scripts/Content/Story/Dialoge/DIA_DJG_705_Angar_DI.d:272","Vielleicht werde ich mich aufs Land zurück ziehen und Farmer werden. Ich bin des Kämpfens müde.","아마 시골로 은퇴해서 농부 가 될지도 모르지. 싸우는 건 이제 지쳤어.","","False","DIA_Angar_DI_UNDEADDRGDEAD_04_07","",""
"Scripts/Content/Story/Dialoge/DIA_DJG_705_Angar_DI.d:322","Ich habe dein Amulett gefunden.","네 부적을 찾았어.","","False","DIA_Angar_DI_FOUNDAMULETT.description","",""
"Scripts/Content/Story/Dialoge/DIA_DJG_705_Angar_NW.d:33","Wie sieht's aus?","어떻게 지내나?","","False","DIA_Angar_NW_AllDragonsDead.description","",""
"Scripts/Content/Story/Dialoge/DIA_DJG_705_Angar_NW.d:43","Wie sieht's aus?","어떻게 지내나?","","False","DIA_Angar_NW_AllDragonsDead_15_00","",""
"Scripts/Content/Story/Dialoge/DIA_DJG_705_Angar_NW.d:44","Ganz gut. Ich habe nur immer noch diese miesen Kopfschmerzen, obwohl sie schon besser geworden sind, seit ich nicht mehr im Minental bin.","꽤 괜찮아. 여전히 지독한 두통이 가시진 않지만, 광산 계곡을 떠난 이후로는 좀 나아졌어.","","False","DIA_Angar_NW_AllDragonsDead_04_01","",""
"Scripts/Content/Story/Dialoge/DIA_DJG_705_Angar_NW.d:47","Ich bleibe erst einmal hier. Dann weißt du, wo du mich finden kannst, wenn du mich brauchst.","일단 여기에 머물겠어. 내가 필요하면 어디서 찾을지 알겠지.","","False","DIA_Angar_NW_AllDragonsDead_04_02","",""
"Scripts/Content/Story/Dialoge/DIA_DJG_705_Angar_NW.d:61","Ich werde Khorinis verlassen. Würdest du mitkommen?","난 코리니스을 떠날 거야. 같이 가겠나?","","False","DIA_Angar_NW_KnowWhereEnemy.description","",""
"Scripts/Content/Story/Dialoge/DIA_DJG_705_Angar_NW.d:76","Ich werde Khorinis verlassen. Würdest du mitkommen?","난 코리니스을 떠날 거야. 같이 가겠나?","","False","DIA_Angar_NW_KnowWhereEnemy_15_00","",""
"Scripts/Content/Story/Dialoge/DIA_DJG_705_Angar_NW.d:77","Je weiter ich von dem Minental weg komme, um so besser. Wann geht's los?","광산 계곡에서 멀어질수록 좋지. 언제 출발하지?","","False","DIA_Angar_NW_KnowWhereEnemy_04_01","",""
"Scripts/Content/Story/Dialoge/DIA_DJG_705_Angar_NW.d:85","Momentan habe ich schon genug Leute für das Schiff zusammen. Ich komme vielleicht später noch einmal auf dich zurück.","지금은 배를 띄울 인원이 충분히 모였어. 나중에 다시 얘기하지.","","False","DIA_Angar_NW_KnowWhereEnemy_15_02","",""
"Scripts/Content/Story/Dialoge/DIA_DJG_705_Angar_NW.d:86","Gut. Ich bin hier, wenn du mich brauchst.","좋아. 내가 필요하면 여기 있을 테니까.","","False","DIA_Angar_NW_KnowWhereEnemy_04_03","",""
"Scripts/Content/Story/Dialoge/DIA_DJG_705_Angar_NW.d:91","Ich sag dir noch, wenn´s los geht.","출발할 때가 되면 다시 알려주지.","","False","DIA_Angar_NW_KnowWhereEnemy_Info.DIA_Angar_NW_KnowWhereEnemy.DIA_Angar_NW_KnowWhereEnemy_No","Info_AddChoice",""
"Scripts/Content/Story/Dialoge/DIA_DJG_705_Angar_NW.d:92","Komm zum Hafen. Ich komme später nach.","항구로 가 있어라. 나중에 합류할 테니.","","False","DIA_Angar_NW_KnowWhereEnemy_Info.DIA_Angar_NW_KnowWhereEnemy.DIA_Angar_NW_KnowWhereEnemy_Yes","Info_AddChoice",""
"Scripts/Content/Story/Dialoge/DIA_DJG_705_Angar_NW.d:98","Komm zum Hafen. Ich komme später nach.","항구로 가 있어라. 나중에 합류할 테니.","","False","DIA_Angar_NW_KnowWhereEnemy_Yes_15_00","",""
"Scripts/Content/Story/Dialoge/DIA_DJG_705_Angar_NW.d:99","Bin schon unterwegs.","이미 가는 중이야.","","False","DIA_Angar_NW_KnowWhereEnemy_Yes_04_01","",""
"Scripts/Content/Story/Dialoge/DIA_DJG_705_Angar_NW.d:120","Ich sag dir noch, wann's los geht.","출발할 때가 되면 다시 알려주마.","","False","DIA_Angar_NW_KnowWhereEnemy_No_15_00","",""
"Scripts/Content/Story/Dialoge/DIA_DJG_705_Angar_NW.d:121","Gut.","좋아.","","False","DIA_Angar_NW_KnowWhereEnemy_No_04_01","",""
"Scripts/Content/Story/Dialoge/DIA_DJG_705_Angar_NW.d:137","Bleib hier und kuriere deine Schmerzen.","여기 남아 통증이나 치료해.","","False","DIA_Angar_NW_LeaveMyShip.description","",""
"Scripts/Content/Story/Dialoge/DIA_DJG_705_Angar_NW.d:151","Bleib hier und kuriere deine Schmerzen.","여기 남아 통증이나 치료해.","","False","DIA_Angar_NW_LeaveMyShip_15_00","",""
"Scripts/Content/Story/Dialoge/DIA_DJG_705_Angar_NW.d:152","Na gut. Ich gehe wieder zurück. Ist vielleicht auch besser so.","좋아. 다시 돌아가지. 그게 더 나을 수도 있겠지.","","False","DIA_Angar_NW_LeaveMyShip_04_01","",""
"Scripts/Content/Story/Dialoge/DIA_DJG_705_Angar_NW.d:170","Komm zurück an Bord.","다시 배로 돌아와.","","False","DIA_Angar_NW_StillNeedYou.description","",""
"Scripts/Content/Story/Dialoge/DIA_DJG_705_Angar_NW.d:185","Komm zurück an Bord.","다시 배로 돌아와.","","False","DIA_Angar_NW_StillNeedYou_15_00","",""
"Scripts/Content/Story/Dialoge/DIA_DJG_705_Angar_NW.d:186","Du bist ja schlimmer als ich. Ein bisschen mehr Entschlossenheit würde dir gut tun. Bis nachher.","너도 나 못지않게 변덕스럽군. 좀 더 결단력이 있으면 좋을 텐데. 나중에 보라고.","","False","DIA_Angar_NW_StillNeedYou_04_01","",""
"Scripts/Content/Story/Dialoge/DIA_DJG_705_Angar_NW.d:249","Ich habe dein Amulett gefunden.","네 부적을 찾았어.","","False","DIA_Angar_NW_FOUNDAMULETT.description","",""
"Scripts/Content/Story/Dialoge/DIA_DJG_708_Kurgan.d:43","Hey du! Typen wie du sollten aufpassen, wo sie hingehen.","거기 너! 너 같은 녀석들은 다닐 때 조심하는 게 좋을 거야.","","False","DIA_Kurgan_HELLO_01_00","",""
"Scripts/Content/Story/Dialoge/DIA_DJG_708_Kurgan.d:44","Was willst du mir damit sagen?","그게 무슨 소리지?","","False","DIA_Kurgan_HELLO_15_01","",""
"Scripts/Content/Story/Dialoge/DIA_DJG_708_Kurgan.d:45","Ich will sagen, dass die Luft hier draußen verdammt dünn ist. Hier wimmelt es nur so von Orks und Monstern.","이 바깥 공기가 네 건강에 좋지 않다는 뜻이지. 오크랑 괴물들이 바글바글하거든.","","False","DIA_Kurgan_HELLO_01_02","",""
"Scripts/Content/Story/Dialoge/DIA_DJG_708_Kurgan.d:46","Von den Drachen ganz zu schweigen. Ist nur 'ne gut gemeinte Warnung.","드래곤은 말할 것도 없고. 그냥 진심 어린 충고야.","","False","DIA_Kurgan_HELLO_01_03","",""
"Scripts/Content/Story/Dialoge/DIA_DJG_708_Kurgan.d:59","Kannst du mir auch was erzählen, was ich noch nicht weiß?","내가 아직 모르는 다른 얘기도 해줄 수 있나?","","False","DIA_Kurgan_ELSE.description","",""
"Scripts/Content/Story/Dialoge/DIA_DJG_708_Kurgan.d:69","Kannst du mir auch was erzählen, was ich noch nicht weiß?","내가 아직 모르는 다른 얘기도 해줄 수 있나?","","False","DIA_Kurgan_ELSE_15_00","",""
"Scripts/Content/Story/Dialoge/DIA_DJG_708_Kurgan.d:70","Ich kann dir einen guten Rat geben und der ist sogar ganz umsonst.","아주 유용한 조언을 해줄 수 있지. 공짜로 말이야.","","False","DIA_Kurgan_ELSE_01_01","",""
"Scripts/Content/Story/Dialoge/DIA_DJG_708_Kurgan.d:71","Wir können hier niemanden gebrauchen, der schon beim kleinsten Drachenfurz gleich in Ohnmacht fällt.","새끼 드래곤의 방귀 소리만 들어도 기절할 녀석은 우리한테 필요 없어.","","False","DIA_Kurgan_ELSE_01_02","",""
"Scripts/Content/Story/Dialoge/DIA_DJG_708_Kurgan.d:72","Geh nach Hause, das ist 'ne Sache für ganze Kerle.","꺼져, 이건 진짜 사나이들을 위한 일이니까.","","False","DIA_Kurgan_ELSE_01_03","",""
"Scripts/Content/Story/Dialoge/DIA_DJG_708_Kurgan.d:84","Bist du hier der Anführer?","네가 여기 대장인가?","","False","DIA_Kurgan_Leader.description","",""
"Scripts/Content/Story/Dialoge/DIA_DJG_708_Kurgan.d:94","Bist du hier der Anführer?","네가 여기 대장인가?","","False","DIA_Kurgan_Leader_15_00","",""
"Scripts/Content/Story/Dialoge/DIA_DJG_708_Kurgan.d:95","Seh ich so aus? Bestimmt nicht. Wir brauchen keine Wichtigtuer, die uns rumkommandieren.","내가 그렇게 보이나? 천만에. 우리를 이래라저래라 지휘할 거만한 녀석은 필요 없거든.","","False","DIA_Kurgan_Leader_01_01","",""
"Scripts/Content/Story/Dialoge/DIA_DJG_708_Kurgan.d:96","Als Sylvio versucht hat, hier den Boss raushängen zu lassen, haben wir ihm mitsamt seinen Freunden mal gezeigt, was wir davon halten.","실비오가 여기서 대장 노릇을 하려 들기에, 우리는 그 녀석과 친구들에게 우리가 어떻게 생각하는지 똑똑히 보여주었지.","","False","DIA_Kurgan_Leader_01_02","",""
"Scripts/Content/Story/Dialoge/DIA_DJG_708_Kurgan.d:97","Es gab 'ne Keilerei. Anschließend sind sie auf eigene Faust losgezogen.","한바탕 싸움이 벌어졌어. 결국 그들은 제 발로 떠났지.","","False","DIA_Kurgan_Leader_01_03","",""
"Scripts/Content/Story/Dialoge/DIA_DJG_708_Kurgan.d:98","Hoffentlich ist Sylvio in einem orkischen Kochtopf gelandet.","실비오가 오크들의 솥단지에 들어가 끓여졌기를 바랄 뿐이야.","","False","DIA_Kurgan_Leader_01_04","",""
"Scripts/Content/Story/Dialoge/DIA_DJG_708_Kurgan.d:110","Ihr wollt also Drachen töten?","그럼 드래곤을 죽이겠다는 건가?","","False","DIA_Kurgan_KillDragon.description","",""
"Scripts/Content/Story/Dialoge/DIA_DJG_708_Kurgan.d:124","(spöttisch) Ihr wollt also Drachen töten?","(비웃으며) 그럼 드래곤을 죽이겠다는 건가?","","False","DIA_Kurgan_KillDragon_15_00","",""
"Scripts/Content/Story/Dialoge/DIA_DJG_708_Kurgan.d:125","Klugscheißer. Weißt du denn, wie man einen Drachen zur Strecke bringt?","잘난 척하기는. 드래곤을 해치우는 법이라도 알고 있나?","","False","DIA_Kurgan_KillDragon_01_01","",""
"Scripts/Content/Story/Dialoge/DIA_DJG_708_Kurgan.d:126","Meinst du, das Vieh wartet, bis du ihm in aller Ruhe den Kopf vom Hals schlägst?","그 짐승이 네가 목을 태평하게 쳐낼 때까지 가만히 기다려줄 것 같나?","","False","DIA_Kurgan_KillDragon_01_02","",""
"Scripts/Content/Story/Dialoge/DIA_DJG_708_Kurgan.d:127","So etwas braucht gute Planung und entschlossenes Vorgehen.","그런 일엔 철저한 계획과 과단성 있는 행동이 필요하지.","","False","DIA_Kurgan_KillDragon_01_03","",""
"Scripts/Content/Story/Dialoge/DIA_DJG_708_Kurgan.d:128","Verstehe, und wie wollt ihr vorgehen?","그렇군, 그럼 어떻게 할 건데?","","False","DIA_Kurgan_KillDragon_15_04","",""
"Scripts/Content/Story/Dialoge/DIA_DJG_708_Kurgan.d:129","Wir werden erst mal auskundschaften, wo wir die Viecher finden.","일단 그 녀석들이 어디 있는지 정찰부터 할 거야.","","False","DIA_Kurgan_KillDragon_01_05","",""
"Scripts/Content/Story/Dialoge/DIA_DJG_708_Kurgan.d:130","Erst dann machen wir uns Gedanken, wie wir am besten zuschlagen.","그런 다음에야 어떻게 공격하는 게 최선일지 고민해 볼 테고.","","False","DIA_Kurgan_KillDragon_01_06","",""
"Scripts/Content/Story/Dialoge/DIA_DJG_708_Kurgan.d:134","Wäre interessant dabei zuzusehen, aber ich muß weiter.","구경하고 싶긴 하지만, 난 가 봐야겠어.","","False","DIA_Kurgan_KillDragon_Info.DIA_Kurgan_KillDragon.DIA_Kurgan_KillDragon_weg","Info_AddChoice",""
"Scripts/Content/Story/Dialoge/DIA_DJG_708_Kurgan.d:135","Wie wollt ihr an den Orks vorbei?","오크들을 어떻게 뚫고 지나갈 건데?","","False","DIA_Kurgan_KillDragon_Info.DIA_Kurgan_KillDragon.DIA_Kurgan_KillDragon_orks","Info_AddChoice",""
"Scripts/Content/Story/Dialoge/DIA_DJG_708_Kurgan.d:136","Ich glaube, ihr findet nicht mal ein blindes Schaf.","너희는 눈먼 양 한 마리도 못 찾을 것 같은데.","","False","DIA_Kurgan_KillDragon_Info.DIA_Kurgan_KillDragon.DIA_Kurgan_KillDragon_spott","Info_AddChoice",""
"Scripts/Content/Story/Dialoge/DIA_DJG_708_Kurgan.d:141","Ich glaube, ihr findet nicht mal ein blindes Schaf.","너희는 눈먼 양 한 마리도 못 찾을 것 같은데.","","False","DIA_Kurgan_KillDragon_spott_15_00","",""
"Scripts/Content/Story/Dialoge/DIA_DJG_708_Kurgan.d:142","Was? Ich soll dir wohl deine dämliche Fresse einschlagen?","뭐? 그 재수 없는 주둥이를 날려버릴까?","","False","DIA_Kurgan_KillDragon_spott_01_01","",""
"Scripts/Content/Story/Dialoge/DIA_DJG_708_Kurgan.d:150","Wie wollt ihr an den Orks vorbei?","오크들을 어떻게 뚫고 지나갈 건데?","","False","DIA_Kurgan_KillDragon_orks_15_00","",""
"Scripts/Content/Story/Dialoge/DIA_DJG_708_Kurgan.d:151","Über solche Kleinigkeiten machen wir uns später Sorgen.","그런 세세한 일은 나중에 걱정할 거다.","","False","DIA_Kurgan_KillDragon_orks_01_01","",""
"Scripts/Content/Story/Dialoge/DIA_DJG_708_Kurgan.d:156","Wäre interessant, dabei zuzusehen, aber ich muss weiter.","구경하고 싶긴 하지만, 난 가봐야겠어.","","False","DIA_Kurgan_KillDragon_weg_15_00","",""
"Scripts/Content/Story/Dialoge/DIA_DJG_708_Kurgan.d:157","Sieh zu, dass du wieder über den Pass kommst. Sonst fehlt dir nachher noch eins deiner Gliedmaßen.","어서 통행로를 넘어 돌아가라고. 그러다간 사지 중 하나가 날아갈 테니까.","","False","DIA_Kurgan_KillDragon_weg_01_01","",""
"Scripts/Content/Story/Dialoge/DIA_DJG_708_Kurgan.d:172","Hast du schon einen Drachen gesehen?","드래곤은 벌써 봤나?","","False","DIA_Kurgan_SEENDRAGON.description","",""
"Scripts/Content/Story/Dialoge/DIA_DJG_708_Kurgan.d:185","Hast du schon einen Drachen gesehen?","드래곤은 벌써 봤나?","","False","DIA_Kurgan_SEENDRAGON_15_00","",""
"Scripts/Content/Story/Dialoge/DIA_DJG_708_Kurgan.d:186","Bisher noch nicht. Aber die Biester können sich ja nicht ewig verstecken.","아직은 아니야. 하지만 녀석들이 영원히 숨어있을 순 없겠지.","","False","DIA_Kurgan_SEENDRAGON_01_01","",""
"Scripts/Content/Story/Dialoge/DIA_DJG_708_Kurgan.d:198","Die Drachen sind tot.","드래곤들은 죽었다.","","False","DIA_Kurgan_AllDragonsDead.description","",""
"Scripts/Content/Story/Dialoge/DIA_DJG_708_Kurgan.d:211","Die Drachen sind tot.","드래곤들은 죽었다.","","False","DIA_Kurgan_AllDragonsDead_15_00","",""
"Scripts/Content/Story/Dialoge/DIA_DJG_708_Kurgan.d:212","Ha, wer soll sie denn getötet haben? Die Paladine?","하, 누가 죽였다는 거야? 팔라딘들이?","","False","DIA_Kurgan_AllDragonsDead_01_01","",""
"Scripts/Content/Story/Dialoge/DIA_DJG_708_Kurgan.d:213","Ich.","내가.","","False","DIA_Kurgan_AllDragonsDead_15_02","",""
"Scripts/Content/Story/Dialoge/DIA_DJG_708_Kurgan.d:214","(lacht) Hah. Das glaubst du doch selbst nicht. Hör auf, mich zu verarschen.","(웃는다) 하. 네 말도 안 되는 소리를 믿을 줄 알아? 헛소리 집어치워.","","False","DIA_Kurgan_AllDragonsDead_01_03","",""
"Scripts/Content/Story/Dialoge/DIA_DJG_709_Rethon.d:33","Was machst du hier?","여기서 뭐 하는 거지?","","False","DIA_Rethon_HALLO.description","",""
"Scripts/Content/Story/Dialoge/DIA_DJG_709_Rethon.d:43","Was machst du hier?","여기서 뭐 하는 거지?","","False","DIA_Rethon_HALLO_15_00","",""
"Scripts/Content/Story/Dialoge/DIA_DJG_709_Rethon.d:44","Ich bereite mich auf den Kampf vor, was sonst?","전투를 준비하고 있지, 그럼 다른 게 있겠나?","","False","DIA_Rethon_HALLO_12_01","",""
"Scripts/Content/Story/Dialoge/DIA_DJG_709_Rethon.d:56","Gegen wen willst du kämpfen?","누구와 싸우겠다는 거지?","","False","DIA_Rethon_KAMPF.description","",""
"Scripts/Content/Story/Dialoge/DIA_DJG_709_Rethon.d:69","Gegen wen willst du kämpfen?","누구와 싸우겠다는 거지?","","False","DIA_Rethon_KAMPF_15_00","",""
"Scripts/Content/Story/Dialoge/DIA_DJG_709_Rethon.d:70","Ich dachte mir, ich schau mal bei den Paladinen vorbei und trete ihnen in ihre fetten Ärsche.","팔라딘 녀석들을 찾아가서 그 뚱뚱한 엉덩이를 걷어차 줄 생각이었지.","","False","DIA_Rethon_KAMPF_12_01","",""
"Scripts/Content/Story/Dialoge/DIA_DJG_709_Rethon.d:71","Idiot. Gegen die Drachen natürlich. Was hast du denn gedacht?","이 바보야. 당연히 드래곤이지. 뭘 생각한 거냐?","","False","DIA_Rethon_KAMPF_12_02","",""
"Scripts/Content/Story/Dialoge/DIA_DJG_709_Rethon.d:83","Haben die Paladine nichts dagegen, dass du hier bist?","팔라딘들은 네가 여기 있는 걸 탐탁지 않아 하지 않나?","","False","DIA_Rethon_PALADINE.description","",""
"Scripts/Content/Story/Dialoge/DIA_DJG_709_Rethon.d:96","Haben die Paladine nichts dagegen, dass du hier bist?","팔라딘들은 네가 여기 있는 걸 탐탁지 않아 하지 않나?","","False","DIA_Rethon_PALADINE_15_00","",""
"Scripts/Content/Story/Dialoge/DIA_DJG_709_Rethon.d:97","Blödsinn. Die haben ganz andere Probleme. Die meisten sind froh, dass sie noch leben.","헛소리. 그들은 지금 정신이 없을 걸. 대부분 살아남은 것만으로도 다행으로 여기고 있으니까.","","False","DIA_Rethon_PALADINE_12_01","",""
"Scripts/Content/Story/Dialoge/DIA_DJG_709_Rethon.d:98","Mit der Moral der Jungs steht es nicht zum Besten. Das wird noch ihr Untergang sein.","이 녀석들의 사기는 바닥을 치고 있어. 그것 때문에 결국 망하게 될 거다.","","False","DIA_Rethon_PALADINE_12_02","",""
"Scripts/Content/Story/Dialoge/DIA_DJG_709_Rethon.d:99","Ich meine, schau dir doch mal die schartigen Klingen an, mit denen sie in die Schlacht ziehen wollen.","내 말은, 저 이 빠진 칼들을 좀 보라고. 저런 걸 들고 전투에 나가겠다니 말이야.","","False","DIA_Rethon_PALADINE_12_03","",""
"Scripts/Content/Story/Dialoge/DIA_DJG_709_Rethon.d:100","Jeder vernünftige Krieger würde da doch sofort desertieren.","정상적인 전사라면 당장에라도 탈영했을걸.","","False","DIA_Rethon_PALADINE_12_04","",""
"Scripts/Content/Story/Dialoge/DIA_DJG_709_Rethon.d:112","Hast du dich von deiner Gruppe getrennt?","일행과 떨어졌나?","","False","DIA_Rethon_WOGRUPPE.description","",""
"Scripts/Content/Story/Dialoge/DIA_DJG_709_Rethon.d:125","Hast du dich von deiner Gruppe getrennt?","일행과 떨어졌나?","","False","DIA_Rethon_WOGRUPPE_15_00","",""
"Scripts/Content/Story/Dialoge/DIA_DJG_709_Rethon.d:126","Meine Gruppe? Ich habe keine Gruppe. Ich bin Trophäensammler.","내 일행? 난 일행 같은 건 없어. 난 트로피 수집가니까.","","False","DIA_Rethon_WOGRUPPE_12_01","",""
"Scripts/Content/Story/Dialoge/DIA_DJG_709_Rethon.d:127","Wenn ich ohne Trophäe wieder nach Hause gehe, dann weiß ich nicht, wofür ich hierher gekommen bin. Da kann ich keinen anderen gebrauchen.","트로피도 못 챙기고 집으로 돌아가게 된다면, 내가 대체 왜 여기에 왔는지 모르게 될 거다. 그러니까 다른 녀석은 필요 없어.","","False","DIA_Rethon_WOGRUPPE_12_02","",""
"Scripts/Content/Story/Dialoge/DIA_DJG_709_Rethon.d:139","Hast du schon einen Drachen zu Gesicht bekommen?","드래곤은 벌써 본 적 있나?","","False","DIA_Rethon_DRACHENGESEHEN.description","",""
"Scripts/Content/Story/Dialoge/DIA_DJG_709_Rethon.d:152","Hast du schon einen Drachen zu Gesicht bekommen?","드래곤은 벌써 본 적 있나?","","False","DIA_Rethon_DRACHENGESEHEN_15_00","",""
"Scripts/Content/Story/Dialoge/DIA_DJG_709_Rethon.d:153","Nein. Bevor ich losziehe, werde ich erst meine Waffen auf Vordermann bringen.","아니. 출발하기 전에 내 무기부터 제대로 손볼 생각이야.","","False","DIA_Rethon_DRACHENGESEHEN_12_01","",""
"Scripts/Content/Story/Dialoge/DIA_DJG_709_Rethon.d:165","Hast du keine Angst, dass dir jemand zuvorkommt?","다른 녀석이 먼저 선수칠까 봐 두렵지는 않나?","","False","DIA_Rethon_ANGST.description","",""
"Scripts/Content/Story/Dialoge/DIA_DJG_709_Rethon.d:178","Hast du keine Angst, dass dir jemand zuvorkommt?","다른 녀석이 먼저 선수칠까 봐 두렵지는 않나?","","False","DIA_Rethon_ANGST_15_00","",""
"Scripts/Content/Story/Dialoge/DIA_DJG_709_Rethon.d:180","Was? Wer denn? Sylvio?","뭐? 누구? 실비오 말인가?","","False","DIA_Rethon_ANGST_12_01","",""
"Scripts/Content/Story/Dialoge/DIA_DJG_709_Rethon.d:184","Dein Boss glaubt wirklich, er kann hier absahnen, was?","너희 대장은 여기서 한몫 톡톡히 챙길 수 있을 거라고 진짜로 믿나 보지?","","False","DIA_Rethon_ANGST_12_02","",""
"Scripts/Content/Story/Dialoge/DIA_DJG_709_Rethon.d:185","Ich gehöre nicht zu Sylvios Leuten. Ich arbeite allein.","난 실비오 부하가 아니야. 난 혼자 일한다고.","","False","DIA_Rethon_ANGST_15_03","",""
"Scripts/Content/Story/Dialoge/DIA_DJG_709_Rethon.d:186","Oh. Na schön. Da will ich nichts gesagt haben.","오. 알았어. 방금 한 말은 못 본 걸로 해라.","","False","DIA_Rethon_ANGST_12_04","",""
"Scripts/Content/Story/Dialoge/DIA_DJG_709_Rethon.d:189","Hast du dir die traurigen Gestalten schon mal angeguckt, die er dabei hat?","그 자식이 데리고 다니는 그 한심한 꼴통들은 좀 봤나?","","False","DIA_Rethon_ANGST_12_05","",""
"Scripts/Content/Story/Dialoge/DIA_DJG_709_Rethon.d:190","Sylvio kann froh sein, wenn er hier wieder lebend raus kommt.","실비오는 여기서 살아나갈 수만 있어도 다행으로 여겨야 할 거다.","","False","DIA_Rethon_ANGST_12_06","",""
"Scripts/Content/Story/Dialoge/DIA_DJG_709_Rethon.d:194","Wird er nicht. Er ist tot.","그럴 수 없을 걸. 그는 죽었으니까.","","False","DIA_Rethon_ANGST_15_07","",""
"Scripts/Content/Story/Dialoge/DIA_DJG_709_Rethon.d:195","Auch gut.","뭐, 상관없지.","","False","DIA_Rethon_ANGST_12_08","",""
"Scripts/Content/Story/Dialoge/DIA_DJG_709_Rethon.d:200","Du scheinst ihn nicht zu mögen.","그를 별로 좋아하지 않는 모양이군.","","False","DIA_Rethon_ANGST_Info.DIA_Rethon_ANGST.DIA_Rethon_ANGST_sylviomoegen","Info_AddChoice",""
"Scripts/Content/Story/Dialoge/DIA_DJG_709_Rethon.d:201","Wo ist Sylvio jetzt?","실비오는 지금 어디 있지?","","False","DIA_Rethon_ANGST_Info.DIA_Rethon_ANGST.DIA_Rethon_ANGST_woSylvio","Info_AddChoice",""
"Scripts/Content/Story/Dialoge/DIA_DJG_709_Rethon.d:202","Sylvio war hier?","실비오가 여기 있었나?","","False","DIA_Rethon_ANGST_Info.DIA_Rethon_ANGST.DIA_Rethon_ANGST_sylviohier","Info_AddChoice",""
"Scripts/Content/Story/Dialoge/DIA_DJG_709_Rethon.d:213","Sylvio war hier?","실비오가 여기 있었나?","","False","DIA_Rethon_ANGST_sylviohier_15_00","",""
"Scripts/Content/Story/Dialoge/DIA_DJG_709_Rethon.d:214","Hier in der Burg, meinst du? Ja, war er. Aber nur kurz.","이 성 안에 말인가? 그래, 있었지. 하지만 잠시뿐이었어.","","False","DIA_Rethon_ANGST_sylviohier_12_01","",""
"Scripts/Content/Story/Dialoge/DIA_DJG_709_Rethon.d:215","Hat ein paar Takte mit den Leuten hier gesprochen und ist dann wieder losgezogen.","여기 사람들과 몇 마디 나누더니 다시 떠났어.","","False","DIA_Rethon_ANGST_sylviohier_12_02","",""
"Scripts/Content/Story/Dialoge/DIA_DJG_709_Rethon.d:220","Du scheinst ihn nicht zu mögen.","그를 별로 좋아하지 않는 모양이군.","","False","DIA_Rethon_ANGST_sylviomoegen_15_00","",""
"Scripts/Content/Story/Dialoge/DIA_DJG_709_Rethon.d:221","Was heißt mögen? Ich bin nicht sonderlich stolz darauf, ihn zu kennen.","좋아하고 말고가 어디 있겠나? 그를 안다는 게 그다지 자랑스럽진 않거든.","","False","DIA_Rethon_ANGST_sylviomoegen_12_01","",""
"Scripts/Content/Story/Dialoge/DIA_DJG_709_Rethon.d:222","Sylvio hat keine Freunde. Er braucht Leute, die ihm bedingungslos folgen.","실비오에게는 친구가 없어. 그는 자신을 무조건 따를 부하들이 필요할 뿐이지.","","False","DIA_Rethon_ANGST_sylviomoegen_12_02","",""
"Scripts/Content/Story/Dialoge/DIA_DJG_709_Rethon.d:223","Das ist nichts für mich. Ich arbeite allein.","내 방식은 아니야. 난 혼자 일하거든.","","False","DIA_Rethon_ANGST_sylviomoegen_12_03","",""
"Scripts/Content/Story/Dialoge/DIA_DJG_709_Rethon.d:228","Wo ist Sylvio jetzt?","실비오는 지금 어디 있지?","","False","DIA_Rethon_ANGST_woSylvio_15_00","",""
"Scripts/Content/Story/Dialoge/DIA_DJG_709_Rethon.d:229","Die Paladine hier erzählten etwas von einem Drachen aus Eis im Westen. Er soll der gefährlichste und mächtigste von allen sein.","여기 팔라딘들이 서쪽에 있는 얼음 드래곤에 대해 얘기해 주더군. 그게 모든 드래곤 중에서 가장 위험하고 강력하다고 하더군.","","False","DIA_Rethon_ANGST_woSylvio_12_01","",""
"Scripts/Content/Story/Dialoge/DIA_DJG_709_Rethon.d:230","Da hättest du mal Sylvios glänzenden Augen sehen sollen, als er das hörte. Jetzt darfst du raten, wo er hingegangen ist.","그 소리를 들었을 때 실비오의 눈이 어떻게 반짝였는지 네가 봤어야 했는데. 그 녀석이 어디로 갔을지 맞춰 보라고.","","False","DIA_Rethon_ANGST_woSylvio_12_02","",""
"Scripts/Content/Story/Dialoge/DIA_DJG_709_Rethon.d:245","Kannst du mir helfen, meine Waffe zu verbessern?","내 무기를 강화하는 것을 도와줄 수 있나?","","False","DIA_Rethon_MEINEWAFFE.description","",""
"Scripts/Content/Story/Dialoge/DIA_DJG_709_Rethon.d:258","Kannst du mir helfen, meine Waffen zu verbessern?","내 무기를 강화하는 것을 도와줄 수 있나?","","False","DIA_Rethon_MEINEWAFFE_15_00","",""
"Scripts/Content/Story/Dialoge/DIA_DJG_709_Rethon.d:259","Verbessern? Kauf dir lieber etwas Neues und wirf den Ramsch weg, den du da mit dir herum schleppst.","강화라고? 그딴 쓰레기 같은 건 갖다 버리고 차라리 새로운 걸 하나 사는 게 낫겠어.","","False","DIA_Rethon_MEINEWAFFE_12_01","",""
"Scripts/Content/Story/Dialoge/DIA_DJG_709_Rethon.d:260","Vielleicht habe ich da etwas für dich? Interessiert?","어쩌면 너한테 딱 맞는 물건이 있을지도 모르는데? 관심 있나?","","False","DIA_Rethon_MEINEWAFFE_12_02","",""
"Scripts/Content/Story/Dialoge/DIA_DJG_709_Rethon.d:274","Was kannst du mir verkaufen?","무엇을 팔 수 있나?","","False","DIA_Rethon_TRADE.description","",""
"Scripts/Content/Story/Dialoge/DIA_DJG_709_Rethon.d:287","Was kannst du mir verkaufen?","무엇을 팔 수 있나?","","False","DIA_Rethon_TRADE_15_00","",""
"Scripts/Content/Story/Dialoge/DIA_DJG_709_Rethon.d:292","Mann, bin ich runter gekommen. Jetzt verkauf ich meine Waffen schon an einen Paladin.","이런, 내가 이렇게까지 망가지다니. 팔라딘한테 내 무기를 다 팔게 생겼네.","","False","DIA_Rethon_TRADE_12_01","",""
"Scripts/Content/Story/Dialoge/DIA_DJG_709_Rethon.d:296","Für einen Magier habe ich eigentlich nicht so viel, aber du kannst es dir ja trotzdem ansehen.","마법사에게 어울리는 물건은 별로 없겠지만, 그래도 한 번 구경해 봐.","","False","DIA_Rethon_TRADE_12_02","",""
"Scripts/Content/Story/Dialoge/DIA_DJG_709_Rethon.d:300","Ich schätze, ich habe das, was du willst, Kollege.","동지, 네가 찾던 물건이 나한테 있는 것 같군.","","False","DIA_Rethon_TRADE_12_03","",""
"Scripts/Content/Story/Dialoge/DIA_DJG_710_Kjorn.d:46","Hey, komm mal her!","이봐, 이리 와 봐!","","False","DIA_Kjorn_Hello_06_00","",""
"Scripts/Content/Story/Dialoge/DIA_DJG_710_Kjorn.d:47","Was willst du?","무슨 일이지?","","False","DIA_Kjorn_Hello_15_01","",""
"Scripts/Content/Story/Dialoge/DIA_DJG_710_Kjorn.d:48","Das Tal ist ziemlich gefährlich und ohne die richtige Ausrüstung ist man hier schnell tot.","이 계곡은 꽤 위험하거든. 제대로 된 장비가 없으면 여기서 금방 목숨을 잃게 될 거야.","","False","DIA_Kjorn_Hello_06_02","",""
"Scripts/Content/Story/Dialoge/DIA_DJG_710_Kjorn.d:49","Ich nehme an, DU hast die richtige Ausrüstung.","네가 그 제대로 된 장비를 가지고 있다는 소리군.","","False","DIA_Kjorn_Hello_15_03","",""
"Scripts/Content/Story/Dialoge/DIA_DJG_710_Kjorn.d:50","Du hast es erraten. Ich würde sie dir sogar verkaufen.","맞어. 원한다면 너한테 팔 수도 있지.","","False","DIA_Kjorn_Hello_06_04","",""
"Scripts/Content/Story/Dialoge/DIA_DJG_710_Kjorn.d:64","Was hast du anzubieten?","어떤 걸 팔 수 있지?","","False","DIA_Kjorn_TRADE.description","",""
"Scripts/Content/Story/Dialoge/DIA_DJG_710_Kjorn.d:75","Was hast du anzubieten?","어떤 걸 팔 수 있지?","","False","DIA_Kjorn_TRADE_15_00","",""
"Scripts/Content/Story/Dialoge/DIA_DJG_710_Kjorn.d:87","Verkaufst du auch Informationen?","정보도 파나?","","False","DIA_Kjorn_SellInfos.description","",""
"Scripts/Content/Story/Dialoge/DIA_DJG_710_Kjorn.d:97","Verkaufst du auch Informationen?","정보도 파나?","","False","DIA_Kjorn_SellInfos_15_00","",""
"Scripts/Content/Story/Dialoge/DIA_DJG_710_Kjorn.d:98","Kommt drauf an. Wenn der Preis stimmt, werde ich dir alles sagen, was ich weiß.","상황에 따라 다르지. 대가만 제대로 쳐준다면, 아는 것은 다 말해 주지.","","False","DIA_Kjorn_SellInfos_06_01","",""
"Scripts/Content/Story/Dialoge/DIA_DJG_710_Kjorn.d:99","Wie viel verlangst du?","얼마를 원하지?","","False","DIA_Kjorn_SellInfos_15_02","",""
"Scripts/Content/Story/Dialoge/DIA_DJG_710_Kjorn.d:100","Hmm, schwer zu sagen. Ich denke 50 Goldstücke für jede Information, die ich dir gebe, sind angemessen.","음, 그러게. 정보 하나당 금 50닢이면 적당할 것 같은데.","","False","DIA_Kjorn_SellInfos_06_03","",""
"Scripts/Content/Story/Dialoge/DIA_DJG_710_Kjorn.d:113","Ich brauche Informationen.","정보가 필요해.","","False","DIA_Kjorn_BuyInfos.description","",""
"Scripts/Content/Story/Dialoge/DIA_DJG_710_Kjorn.d:126","Ich brauche Informationen.","정보가 필요해.","","False","DIA_Kjorn_BuyInfos_15_00","",""
"Scripts/Content/Story/Dialoge/DIA_DJG_710_Kjorn.d:127","50 Goldstücke!","금 50닢!","","False","DIA_Kjorn_BuyInfos_06_01","",""
"Scripts/Content/Story/Dialoge/DIA_DJG_710_Kjorn.d:130","Das ist mir zu teuer.","너무 비싼데.","","False","DIA_Kjorn_BuyInfos_Info.DIA_Kjorn_BuyInfos.DIA_Kjorn_BuyInfos_HoldMoney","Info_AddChoice",""
"Scripts/Content/Story/Dialoge/DIA_DJG_710_Kjorn.d:134","Ja, hier.","그래, 여기 있다.","","False","DIA_Kjorn_BuyInfos_Info.DIA_Kjorn_BuyInfos.DIA_Kjorn_BuyInfos_GiveMoney","Info_AddChoice",""
"Scripts/Content/Story/Dialoge/DIA_DJG_710_Kjorn.d:140","Das ist mir zu teuer.","너무 비싼데.","","False","DIA_Kjorn_BuyInfos_HoldMoney_15_00","",""
"Scripts/Content/Story/Dialoge/DIA_DJG_710_Kjorn.d:146","Ja, hier.","그래, 여기 있다.","","False","DIA_Kjorn_BuyInfos_GiveMoney_15_00","",""
"Scripts/Content/Story/Dialoge/DIA_DJG_710_Kjorn.d:150","Jetzt erzähl mir ...","자, 그럼 얘기해 줘...","","False","DIA_Kjorn_BuyInfos_GiveMoney_15_01","",""
"Scripts/Content/Story/Dialoge/DIA_DJG_710_Kjorn.d:162","...über die Drachen.","...드래곤에 대해.","","False","DIA_Kjorn_BuyInfos_GiveMoney.DIA_Kjorn_BuyInfos.DIA_Kjorn_BuyInfos_Dragon1","Info_AddChoice",""
"Scripts/Content/Story/Dialoge/DIA_DJG_710_Kjorn.d:166","...mehr über die Drachen.","...드래곤에 대해 더 자세히.","","False","DIA_Kjorn_BuyInfos_GiveMoney.DIA_Kjorn_BuyInfos.DIA_Kjorn_BuyInfos_Dragon2","Info_AddChoice",""
"Scripts/Content/Story/Dialoge/DIA_DJG_710_Kjorn.d:173","...über das Minental.","...광산 지대에 대해.","","False","DIA_Kjorn_BuyInfos_GiveMoney.DIA_Kjorn_BuyInfos.DIA_Kjorn_BuyInfos_Colony1","Info_AddChoice",""
"Scripts/Content/Story/Dialoge/DIA_DJG_710_Kjorn.d:177","...mehr über das Minental.","...광산 지대에 대해 더 자세히.","","False","DIA_Kjorn_BuyInfos_GiveMoney.DIA_Kjorn_BuyInfos.DIA_Kjorn_BuyInfos_Colony2","Info_AddChoice",""
"Scripts/Content/Story/Dialoge/DIA_DJG_710_Kjorn.d:184","...über die Burg.","...성에 대해.","","False","DIA_Kjorn_BuyInfos_GiveMoney.DIA_Kjorn_BuyInfos.DIA_Kjorn_BuyInfos_OldCamp1","Info_AddChoice",""
"Scripts/Content/Story/Dialoge/DIA_DJG_710_Kjorn.d:191","...über die Orks.","...오크들에 대해.","","False","DIA_Kjorn_BuyInfos_GiveMoney.DIA_Kjorn_BuyInfos.DIA_Kjorn_BuyInfos_Orks1","Info_AddChoice",""
"Scripts/Content/Story/Dialoge/DIA_DJG_710_Kjorn.d:195","...mehr über die Orks.","...오크들에 대해 더 자세히.","","False","DIA_Kjorn_BuyInfos_GiveMoney.DIA_Kjorn_BuyInfos.DIA_Kjorn_BuyInfos_Orks2","Info_AddChoice",""
"Scripts/Content/Story/Dialoge/DIA_DJG_710_Kjorn.d:203","Ach, gib mir einfach mein Gold zurück, ich hab's mir überlegt.","아냐, 그냥 내 금을 돌려줘. 생각이 바뀌었어.","","False","DIA_Kjorn_BuyInfos_Back_15_00","",""
"Scripts/Content/Story/Dialoge/DIA_DJG_710_Kjorn.d:204","Wie du meinst.","마음대로 해.","","False","DIA_Kjorn_BuyInfos_Back_06_01","",""
"Scripts/Content/Story/Dialoge/DIA_DJG_710_Kjorn.d:214","Erzähl mir etwas über die Drachen.","드래곤에 대해 말해 줘.","","False","DIA_Kjorn_BuyInfos_Dragon1_15_00","",""
"Scripts/Content/Story/Dialoge/DIA_DJG_710_Kjorn.d:215","Drachen sind uralte Geschöpfe von unglaublicher Macht. Einst lebten Tausende von ihnen auf der ganzen Welt verteilt.","드래곤은 상상을 초월하는 힘을 지닌 고대의 피조물이지. 아주 먼 옛날에는 전 세계에 수천 마리나 살고 있었어.","","False","DIA_Kjorn_BuyInfos_Dragon1_06_01","",""
"Scripts/Content/Story/Dialoge/DIA_DJG_710_Kjorn.d:216","Seit über hundert Jahren hat man keinen mehr von ihnen gesehen.","하지만 그들을 목격한 지는 백 년이 넘었어.","","False","DIA_Kjorn_BuyInfos_Dragon1_06_02","",""
"Scripts/Content/Story/Dialoge/DIA_DJG_710_Kjorn.d:217","Ihr Blut ist heiß wie siedendes Öl. Wenn sie dir in die Augen blicken, verwandelt sich dein Herz in Stein. Hab ich gehört ...","그들의 피는 끓는 기름처럼 뜨거워. 그들의 눈을 바라보기만 해도 심장이 돌로 변해버리지. 내가 듣기로는 말이야...","","False","DIA_Kjorn_BuyInfos_Dragon1_06_03","",""
"Scripts/Content/Story/Dialoge/DIA_DJG_710_Kjorn.d:225","Erzähl mir mehr über die Drachen.","드래곤에 대해 더 자세히 말해 줘.","","False","DIA_Kjorn_BuyInfos_Dragon2_15_00","",""
"Scripts/Content/Story/Dialoge/DIA_DJG_710_Kjorn.d:226","Drache ist nicht gleich Drache.","하지만 모든 드래곤이 다 똑같은 건 아니야.","","False","DIA_Kjorn_BuyInfos_Dragon2_06_01","",""
"Scripts/Content/Story/Dialoge/DIA_DJG_710_Kjorn.d:227","Es gibt einige, die das gesamte Land mit einer meterdicken Eisschicht bedecken können.","어떤 녀석들은 온 땅을 수 미터 두께의 얼음으로 꽁꽁 얼려버릴 수도 있거든.","","False","DIA_Kjorn_BuyInfos_Dragon2_06_02","",""
"Scripts/Content/Story/Dialoge/DIA_DJG_710_Kjorn.d:228","Andere leben lieber in sumpfiger Umgebung oder in Vulkanen.","늪지대나 화산 같은 곳에서 사는 걸 좋아하는 녀석들도 있지.","","False","DIA_Kjorn_BuyInfos_Dragon2_06_03","",""
"Scripts/Content/Story/Dialoge/DIA_DJG_710_Kjorn.d:240","Erzähl mir etwas über das Minental.","광산 지대에 대해 말해 줘.","","False","DIA_Kjorn_BuyInfos_Colony1_15_00","",""
"Scripts/Content/Story/Dialoge/DIA_DJG_710_Kjorn.d:241","Das Minental von Khorinis ist im gesamten Land für sein magisches Erz berühmt.","코리니스의 광산 지대는 마법석으로 온 나라에 명성이 자자하지.","","False","DIA_Kjorn_BuyInfos_Colony1_06_01","",""
"Scripts/Content/Story/Dialoge/DIA_DJG_710_Kjorn.d:242","Diese Berge sind der einzige Ort, wo man das magische Erz finden kann.","이 산들은 마법석을 찾을 수 있는 유일한 곳이야.","","False","DIA_Kjorn_BuyInfos_Colony1_06_02","",""
"Scripts/Content/Story/Dialoge/DIA_DJG_710_Kjorn.d:243","Eine aus diesem Erz geschmiedete Waffe ist nahezu unzerbrechlich und durchschneidet die stärkste Rüstung.","이 마법석으로 제련한 무기는 거의 부서지지 않으며 가장 강력한 방어구도 뚫어버리지.","","False","DIA_Kjorn_BuyInfos_Colony1_06_03","",""
"Scripts/Content/Story/Dialoge/DIA_DJG_710_Kjorn.d:244","Bis vor wenigen Wochen war das gesamte Tal von einer magischen Barriere umgeben, die undurchdringlich war und niemanden heraus gelassen hat.","불과 몇 주 전까지만 해도 이 계곡 전체는 마법 장벽으로 둘러싸여 있어서 아무도 빠져나올 수 없었어.","","False","DIA_Kjorn_BuyInfos_Colony1_06_04","",""
"Scripts/Content/Story/Dialoge/DIA_DJG_710_Kjorn.d:252","Erzähl mir mehr über das Minental.","광산 지대에 대해 더 자세히 말해 줘.","","False","DIA_Kjorn_BuyInfos_Colony2_15_00","",""
"Scripts/Content/Story/Dialoge/DIA_DJG_710_Kjorn.d:253","Das Tal hat sich sehr verändert in den letzten Tagen.","최근 며칠 동안 이 계곡은 엄청나게 변했어.","","False","DIA_Kjorn_BuyInfos_Colony2_06_01","",""
"Scripts/Content/Story/Dialoge/DIA_DJG_710_Kjorn.d:254","Mit dem Auftauchen der Orks sind noch andere furchteinflößende Kreaturen gekommen, die es hier vorher nicht gegeben hat.","오크들이 나타난 것과 함께 전에는 볼 수 없었던 끔찍한 괴물들도 나타났지.","","False","DIA_Kjorn_BuyInfos_Colony2_06_02","",""
"Scripts/Content/Story/Dialoge/DIA_DJG_710_Kjorn.d:255","Es soll hier noch vereinzelt ein paar Jäger geben, allerdings bin ich mir nicht sicher, ob die überhaupt noch leben.","아직도 간혹 사냥꾼들이 남아 있다고는 하지만, 그들이 아직도 살아있는지는 확신할 수 없어.","","False","DIA_Kjorn_BuyInfos_Colony2_06_03","",""
"Scripts/Content/Story/Dialoge/DIA_DJG_710_Kjorn.d:256","Das ganze Tal wirkt, als ob sich hier alle Geschöpfe Beliars zusammengerottet haben.","이 계곡 전체가 마치 벨리알의 모든 피조물들이 모여든 곳처럼 보여.","","False","DIA_Kjorn_BuyInfos_Colony2_06_04","",""
"Scripts/Content/Story/Dialoge/DIA_DJG_710_Kjorn.d:266","Erzähl mir etwas über die Burg.","성에 대해 말해 줘.","","False","DIA_Kjorn_BuyInfos_OldCamp1_15_00","",""
"Scripts/Content/Story/Dialoge/DIA_DJG_710_Kjorn.d:267","Sie liegt ziemlich im Zentrum des Minentals.","그 성은 광산 지대의 거의 한가운데에 있어.","","False","DIA_Kjorn_BuyInfos_OldCamp1_06_01","",""
"Scripts/Content/Story/Dialoge/DIA_DJG_710_Kjorn.d:268","Als das Tal noch ein Gefängnis war, haben die Erzbarone von dort den gesamten Erzhandel kontrolliert.","이 계곡이 아직 감옥이었을 때, 영주들은 그곳에서 모든 광석 거래를 통제했었지.","","False","DIA_Kjorn_BuyInfos_OldCamp1_06_02","",""
"Scripts/Content/Story/Dialoge/DIA_DJG_710_Kjorn.d:278","Erzähl mir etwas über die Orks.","오크들에 대해 말해 줘.","","False","DIA_Kjorn_BuyInfos_Orks1_15_00","",""
"Scripts/Content/Story/Dialoge/DIA_DJG_710_Kjorn.d:279","Die Orks sind erst seit kurzem hier. Ich meine, zumindest die Orks vor der Burg.","오크들이 여기에 온 지는 얼마 안 됐어. 적어도 성 앞에 있는 오크들 말이야.","","False","DIA_Kjorn_BuyInfos_Orks1_06_01","",""
"Scripts/Content/Story/Dialoge/DIA_DJG_710_Kjorn.d:280","Allerdings wundere ich mich, wie gut sie organisiert sind. Normalerweise greifen Orks ohne Rücksicht auf Verluste an.","하지만 그들이 얼마나 잘 조직되어 있는지 정말 놀라울 따름이야. 보통 오크들은 물불 안 가리고 덤벼들거든.","","False","DIA_Kjorn_BuyInfos_Orks1_06_02","",""
"Scripts/Content/Story/Dialoge/DIA_DJG_710_Kjorn.d:281","Diese Orks warten ab. Ich weiß nicht auf was, aber sie warten.","이 오크들은 때를 기다리고 있어. 무엇을 기다리는지는 모르겠지만, 기다리고 있다고.","","False","DIA_Kjorn_BuyInfos_Orks1_06_03","",""
"Scripts/Content/Story/Dialoge/DIA_DJG_710_Kjorn.d:289","Erzähl mir mehr über die Orks.","오크들에 대해 더 자세히 말해 줘.","","False","DIA_Kjorn_BuyInfos_Orks2_15_00","",""
"Scripts/Content/Story/Dialoge/DIA_DJG_710_Kjorn.d:290","Angeführt werden die Orks von Elitekriegern. Diese Krieger sind sehr stark und schwer gerüstet. Sie zu besiegen ist fast unmöglich.","오크들은 정예 전사들이 이끌고 있지. 이 전사들은 매우 강하고 중무장하고 있어. 그들을 쓰러뜨리는 건 거의 불가능해.","","False","DIA_Kjorn_BuyInfos_Orks2_06_01","",""
"Scripts/Content/Story/Dialoge/DIA_DJG_710_Kjorn.d:291","Ich habe mal gesehen, wie einer von ihnen eine ausgewachsene Eiche mit einem Hieb seiner Axt gefällt hat.","그들 중 하나가 도끼질 한 방에 다 자란 참나무를 쓰러뜨리는 걸 본 적이 있지.","","False","DIA_Kjorn_BuyInfos_Orks2_06_02","",""
"Scripts/Content/Story/Dialoge/DIA_DJG_710_Kjorn.d:306","Ich habe alle Drachen getötet!","드래곤을 전부 죽였다!","","False","DIA_Kjorn_AllDragonsDead.description","",""
"Scripts/Content/Story/Dialoge/DIA_DJG_710_Kjorn.d:319","Ich habe alle Drachen getötet!","드래곤을 전부 죽였다!","","False","DIA_Kjorn_AllDragonsDead_15_00","",""
"Scripts/Content/Story/Dialoge/DIA_DJG_710_Kjorn.d:320","(lacht) Klar, und ich bin Paladin.","(웃음) 그래, 그리고 난 팔라딘이다.","","False","DIA_Kjorn_AllDragonsDead_06_01","",""
"Scripts/Content/Story/Dialoge/DIA_DJG_710_Kjorn.d:321","Du hast vielleicht EINEN getötet, aber alle? Das kannst du einem anderen erzählen.","하나는 어떻게 잡았는지 몰라도 전부 다 죽였다고? 지나가는 개가 웃을 소릴 하고 있네.","","False","DIA_Kjorn_AllDragonsDead_06_02","",""
"Scripts/Content/Story/Dialoge/DIA_DJG_711_Godar.d:46","Häh? Was?","어? 뭐라고?","","False","DIA_Godar_Hello_13_00","",""
"Scripts/Content/Story/Dialoge/DIA_DJG_711_Godar.d:58","Wo kommt ihr her?","어디서 왔지?","","False","DIA_Godar_ComeFrom.description","",""
"Scripts/Content/Story/Dialoge/DIA_DJG_711_Godar.d:68","Wo kommt ihr her?","어디서 왔지?","","False","DIA_Godar_ComeFrom_15_00","",""
"Scripts/Content/Story/Dialoge/DIA_DJG_711_Godar.d:69","Wir kommen aus den ...äh, sind aus der Stadt.","우리는... 어, 도시에서 왔어.","","False","DIA_Godar_ComeFrom_13_01","",""
"Scripts/Content/Story/Dialoge/DIA_DJG_711_Godar.d:72","Ihr seid Banditen!","당신들은 반딧이잖아!","","False","DIA_Godar_ComeFrom_Info.DIA_Godar_ComeFrom.DIA_Godar_ComeFrom_Bandits","Info_AddChoice",""
"Scripts/Content/Story/Dialoge/DIA_DJG_711_Godar.d:73","Wieso habe ich euch noch nie in der Stadt gesehen?","어째서 도시에서는 한 번도 본 적이 없지?","","False","DIA_Godar_ComeFrom_Info.DIA_Godar_ComeFrom.DIA_Godar_ComeFrom_NotCity","Info_AddChoice",""
"Scripts/Content/Story/Dialoge/DIA_DJG_711_Godar.d:74","So so. Aus der Stadt also.","그렇군. 도시에서 왔단 말이지.","","False","DIA_Godar_ComeFrom_Info.DIA_Godar_ComeFrom.DIA_Godar_ComeFrom_Understand","Info_AddChoice",""
"Scripts/Content/Story/Dialoge/DIA_DJG_711_Godar.d:79","Ihr seid Banditen!","당신들은 반딧이잖아!","","False","DIA_Godar_ComeFrom_Bandits_15_00","",""
"Scripts/Content/Story/Dialoge/DIA_DJG_711_Godar.d:80","Vorsicht! Du nimmst den Mund ganz schön voll!","조심해라! 입방정을 떨다가는 뼈도 못 추릴 테니까!","","False","DIA_Godar_ComeFrom_Bandits_13_01","",""
"Scripts/Content/Story/Dialoge/DIA_DJG_711_Godar.d:83","Entspann dich. Ich verpfeiff dich nicht.","진정해. 난 네 고발 따위 안 해.","","False","DIA_Godar_ComeFrom_Bandits.DIA_Godar_ComeFrom.DIA_Godar_ComeFrom_Bandits_KeepCalm","Info_AddChoice",""
"Scripts/Content/Story/Dialoge/DIA_DJG_711_Godar.d:84","Du kannst mir keine Angst machen.","나한테 공포를 심어줄 순 없을걸.","","False","DIA_Godar_ComeFrom_Bandits.DIA_Godar_ComeFrom.DIA_Godar_ComeFrom_Bandits_NoFear","Info_AddChoice",""
"Scripts/Content/Story/Dialoge/DIA_DJG_711_Godar.d:89","Entspann dich. Ich verpfeife dich nicht.","진정해. 난 네 고발 안 해.","","False","DIA_Godar_ComeFrom_Bandits_KeepCalm_15_00","",""
"Scripts/Content/Story/Dialoge/DIA_DJG_711_Godar.d:90","Das will ich für dich hoffen. Ansonsten bist du tot!","그랬으면 좋겠군. 안 그러면 너는 죽은 목숨이야!","","False","DIA_Godar_ComeFrom_Bandits_KeepCalm_13_01","",""
"Scripts/Content/Story/Dialoge/DIA_DJG_711_Godar.d:97","Du kannst mir keine Angst machen.","나한테 공포를 심어줄 순 없을걸.","","False","DIA_Godar_ComeFrom_Bandits_NoFear_15_00","",""
"Scripts/Content/Story/Dialoge/DIA_DJG_711_Godar.d:98","Das wollen wir doch mal sehen.","두고 보면 알겠지.","","False","DIA_Godar_ComeFrom_Bandits_NoFear_13_01","",""
"Scripts/Content/Story/Dialoge/DIA_DJG_711_Godar.d:106","Ich hab euch noch nie in der Stadt gesehen.","도시에선 너희를 한 번도 본 적이 없는데.","","False","DIA_Godar_ComeFrom_NotCity_15_00","",""
"Scripts/Content/Story/Dialoge/DIA_DJG_711_Godar.d:107","Ich kann Leute nicht leiden, die ihre Nasen in Dinge stecken, die sie nichts angehen, verstanden?","난 자기 상관도 없는 일에 참견하는 녀석들이 질색이야. 알겠나?","","False","DIA_Godar_ComeFrom_NotCity_13_01","",""
"Scripts/Content/Story/Dialoge/DIA_DJG_711_Godar.d:110","Nö.","아니.","","False","DIA_Godar_ComeFrom_NotCity.DIA_Godar_ComeFrom.DIA_Godar_ComeFrom_NotCity_CutThroat","Info_AddChoice",""
"Scripts/Content/Story/Dialoge/DIA_DJG_711_Godar.d:111","Verstanden, ihr kommt aus der Stadt.","알겠다, 너희는 도시에서 왔구나.","","False","DIA_Godar_ComeFrom_NotCity.DIA_Godar_ComeFrom.DIA_Godar_ComeFrom_NotCity_Forget","Info_AddChoice",""
"Scripts/Content/Story/Dialoge/DIA_DJG_711_Godar.d:116","Verstanden, ihr kommt aus der Stadt.","알겠다, 너희는 도시에서 왔구나.","","False","DIA_Godar_ComeFrom_NotCity_Forget_15_00","",""
"Scripts/Content/Story/Dialoge/DIA_DJG_711_Godar.d:117","Ganz genau.","정답이다.","","False","DIA_Godar_ComeFrom_NotCity_Forget_13_01","",""
"Scripts/Content/Story/Dialoge/DIA_DJG_711_Godar.d:124","Nö.","아니.","","False","DIA_Godar_ComeFrom_NotCity_CutThroat_15_00","",""
"Scripts/Content/Story/Dialoge/DIA_DJG_711_Godar.d:125","Dann werd ich's dir reinprügeln müssen.","그럼 뼈저리게 가르쳐 줘야겠군.","","False","DIA_Godar_ComeFrom_NotCity_CutThroat_13_01","",""
"Scripts/Content/Story/Dialoge/DIA_DJG_711_Godar.d:133","So so. Aus der Stadt also.","그렇군. 도시에서 왔단 말씀이지.","","False","DIA_Godar_ComeFrom_Understand_15_00","",""
"Scripts/Content/Story/Dialoge/DIA_DJG_711_Godar.d:134","Siehste! Haste's kapiert!","거봐라! 알아듣잖아!","","False","DIA_Godar_ComeFrom_Understand_13_01","",""
"Scripts/Content/Story/Dialoge/DIA_DJG_711_Godar.d:135","Hier nimm erstmal 'nen Schluck!","자, 일단 한 모금 마셔라!","","False","DIA_Godar_ComeFrom_Understand_13_02","",""
"Scripts/Content/Story/Dialoge/DIA_DJG_711_Godar.d:152","Was macht ihr hier?","여기서 뭐 하는 거지?","","False","DIA_Godar_Plan.description","",""
"Scripts/Content/Story/Dialoge/DIA_DJG_711_Godar.d:162","Was macht ihr hier?","여기서 뭐 하는 거지?","","False","DIA_Godar_Plan_15_00","",""
"Scripts/Content/Story/Dialoge/DIA_DJG_711_Godar.d:163","Wir haben von der Drachenjagd gehört. Also haben wir unsere Sachen gepackt und sind hierher gekommen.","드래곤 사냥에 대한 소문을 들었거든. 그래서 짐을 싸 들고 여기로 왔지.","","False","DIA_Godar_Plan_13_01","",""
"Scripts/Content/Story/Dialoge/DIA_DJG_711_Godar.d:164","Aber um ehrlich zu sein, sind mir die Drachen scheißegal. Ich will nur ein bisschen Gold.","하지만 솔직히 말해서 난 드래곤 따윈 좆도 관심 없어. 그냥 금 좀 챙기고 싶을 뿐이지.","","False","DIA_Godar_Plan_13_02","",""
"Scripts/Content/Story/Dialoge/DIA_DJG_711_Godar.d:165","Drachen haben doch Gold, oder?","드래곤은 금을 가지고 있겠지, 그렇지 않나?","","False","DIA_Godar_Plan_13_03","",""
"Scripts/Content/Story/Dialoge/DIA_DJG_711_Godar.d:166","Bestimmt.","틀림없이.","","False","DIA_Godar_Plan_15_04","",""
"Scripts/Content/Story/Dialoge/DIA_DJG_711_Godar.d:178","Was weißt du über die Drachen?","드래곤에 대해 아는 게 있나?","","False","DIA_Godar_DragonLore.description","",""
"Scripts/Content/Story/Dialoge/DIA_DJG_711_Godar.d:191","Was weißt du über die Drachen?","드래곤에 대해 아는 게 있나?","","False","DIA_Godar_DragonLore_15_00","",""
"Scripts/Content/Story/Dialoge/DIA_DJG_711_Godar.d:192","Ich kenn nur die Geschichten, die man den Kindern erzählt.","애들한테 들려주는 옛날이야기밖에 몰라.","","False","DIA_Godar_DragonLore_13_01","",""
"Scripts/Content/Story/Dialoge/DIA_DJG_711_Godar.d:193","Du weißt schon, Jungfrauen, Gold, Feuerspucken und so'n Zeug.","처녀, 금, 불 뿜기 그런 류의 이야기 말이야.","","False","DIA_Godar_DragonLore_13_02","",""
"Scripts/Content/Story/Dialoge/DIA_DJG_711_Godar.d:205","Wo wollt ihr von hier aus hin?","여기서 어디로 갈 생각이지?","","False","DIA_Godar_Destination.description","",""
"Scripts/Content/Story/Dialoge/DIA_DJG_711_Godar.d:218","Wo wollt ihr von hier aus hin?","여기서 어디로 갈 생각이지?","","False","DIA_Godar_Destination_15_00","",""
"Scripts/Content/Story/Dialoge/DIA_DJG_711_Godar.d:219","Keine Ahnung. Wir überlegen noch.","몰라. 아직 고민 중이야.","","False","DIA_Godar_Destination_13_01","",""
"Scripts/Content/Story/Dialoge/DIA_DJG_711_Godar.d:223","Ihr könntet in die Burg gehen.","성으로 가보는 건 어때.","","False","DIA_Godar_Destination_15_02","",""
"Scripts/Content/Story/Dialoge/DIA_DJG_711_Godar.d:224","Da bringen mich keine 10 Pferde rein. Nicht zu den Paladinen.","내 발로는 절대 안 가지 10 . 팔라딘들한테는 더더욱 안 가.","","False","DIA_Godar_Destination_13_03","",""
"Scripts/Content/Story/Dialoge/DIA_DJG_711_Godar.d:225","Ich geh nicht zurück in den Knast. Ich war einmal drin, das reicht mir.","다신 감방으로 돌아가지 않을 거야. 예전에 한 번 가본 걸로 족해.","","False","DIA_Godar_Destination_13_04","",""
"Scripts/Content/Story/Dialoge/DIA_DJG_711_Godar.d:238","Was ist mit den Orks?","오크들은 어쩌고?","","False","DIA_Godar_Orks.description","",""
"Scripts/Content/Story/Dialoge/DIA_DJG_711_Godar.d:251","Was ist mit den Orks?","오크들은 어쩌고?","","False","DIA_Godar_Orks_15_00","",""
"Scripts/Content/Story/Dialoge/DIA_DJG_711_Godar.d:252","Die ganze Burg ist umstellt. Es gibt keine Lücken.","성 전체가 포위당했어. 틈새라곤 없다고.","","False","DIA_Godar_Orks_13_01","",""
"Scripts/Content/Story/Dialoge/DIA_DJG_711_Godar.d:253","Sich da durch zu schleichen ist Wahnsinn. Wenn du versuchst, zu kämpfen, kannst du dich gleich begraben lassen.","거기를 은신해서 지나가려는 건 미친 짓이야. 싸우려 들었다간 생매장당하기 딱 좋지.","","False","DIA_Godar_Orks_13_02","",""
"Scripts/Content/Story/Dialoge/DIA_DJG_711_Godar.d:254","Niemand kommt da durch.","거기를 통과할 수 있는 자는 아무도 없어.","","False","DIA_Godar_Orks_13_03","",""
"Scripts/Content/Story/Dialoge/DIA_DJG_711_Godar.d:255","So so.","그렇군.","","False","DIA_Godar_Orks_15_04","",""
"Scripts/Content/Story/Dialoge/DIA_DJG_711_Godar.d:267","Weswegen warst du im Knast?","어쩌다 감방에 갔던 거지?","","False","DIA_Godar_Prison.description","",""
"Scripts/Content/Story/Dialoge/DIA_DJG_711_Godar.d:281","Weswegen warst du im Knast?","어쩌다 감방에 갔던 거지?","","False","DIA_Godar_Prison_15_00","",""
"Scripts/Content/Story/Dialoge/DIA_DJG_711_Godar.d:285","Das werde ich dir auch auf die Nase binden, was?","내가 그걸 네놈한테 술술 불기라도 할 줄 알았나?","","False","DIA_Godar_Prison_13_01","",""
"Scripts/Content/Story/Dialoge/DIA_DJG_711_Godar.d:286","Ihr Magier steckt doch mit den Paladinen unter einer Decke. Ne, mein Lieber. Vergiss es.","마법사 양반들은 팔라딘과 한통속이잖아. 안 돼, 내 친구. 꿈도 꾸지 마.","","False","DIA_Godar_Prison_13_02","",""
"Scripts/Content/Story/Dialoge/DIA_DJG_711_Godar.d:290","Die Schweine haben mich wegen Wilderei dran gekriegt. Wegen zwei lumpigen Hasen!","그 돼지 같은 놈들이 밀렵 혐의로 날 잡아넣었어. 보잘것없는 토끼 두 마리 잡았다고!","","False","DIA_Godar_Prison_13_03","",""
"Scripts/Content/Story/Dialoge/DIA_DJG_711_Godar.d:291","10 Jahre haben sie mir dafür aufgebrummt.","그것 때문에 10 년이나 썩었다고.","","False","DIA_Godar_Prison_13_04","",""
"Scripts/Content/Story/Dialoge/DIA_DJG_711_Godar.d:292","Das war alles?","그게 전부야?","","False","DIA_Godar_Prison_15_05","",""
"Scripts/Content/Story/Dialoge/DIA_DJG_711_Godar.d:293","Na gut, ich hab mich natürlich gewehrt.","뭐 좋아, 물론 나도 저항은 했지.","","False","DIA_Godar_Prison_13_06","",""
"Scripts/Content/Story/Dialoge/DIA_DJG_711_Godar.d:294","Und?","그래서?","","False","DIA_Godar_Prison_15_07","",""
"Scripts/Content/Story/Dialoge/DIA_DJG_711_Godar.d:295","Ich konnte nichts dafür, der Typ ist gestolpert und hat sich sein Genick gebrochen. Ehrlich!","난 어쩔 수 없었어. 그 녀석이 발을 헛디디는 바람에 목이 부러졌다고. 진짜야!","","False","DIA_Godar_Prison_13_08","",""
"Scripts/Content/Story/Dialoge/DIA_DJG_711_Godar.d:298","Kommt mir bekannt vor.","어딘가 익숙한 이야기군.","","False","DIA_Godar_Prison_Info.DIA_Godar_Prison.DIA_Godar_Prison_Court","Info_AddChoice",""
"Scripts/Content/Story/Dialoge/DIA_DJG_711_Godar.d:299","Was lässt du dich auch erwischen?","애초에 걸리질 말았어야지.","","False","DIA_Godar_Prison_Info.DIA_Godar_Prison.DIA_Godar_Prison_Pissoff","Info_AddChoice",""
"Scripts/Content/Story/Dialoge/DIA_DJG_711_Godar.d:305","Kommt mir bekannt vor.","어딘가 익숙한 이야기군.","","False","DIA_Godar_Prison_Court_15_00","",""
"Scripts/Content/Story/Dialoge/DIA_DJG_711_Godar.d:306","Du verstehst mich. Die reichen Säcke wissen gar nicht, wie wir behandelt werden.","내 말이 그 말이야. 그 부자 녀석들은 우리가 어떻게 취급당하는지 전혀 몰라.","","False","DIA_Godar_Prison_Court_13_01","",""
"Scripts/Content/Story/Dialoge/DIA_DJG_711_Godar.d:307","Das kümmert die überhaupt nicht.","그들은 전혀 신경 쓰지 않지.","","False","DIA_Godar_Prison_Court_13_02","",""
"Scripts/Content/Story/Dialoge/DIA_DJG_711_Godar.d:315","Was lässt du dich auch erwischen?","애초에 걸리질 말았어야지.","","False","DIA_Godar_Prison_Pissoff_15_00","",""
"Scripts/Content/Story/Dialoge/DIA_DJG_711_Godar.d:316","(verärgert) Ich wette, du hast noch nie im Knast gesessen, oder?","(화내며) 네놈은 감방에 가본 적도 없겠지, 그렇지?","","False","DIA_Godar_Prison_Pissoff_13_01","",""
"Scripts/Content/Story/Dialoge/DIA_DJG_711_Godar.d:317","Dann sollte ich dir mal eine Lektion erteilen, was einem so alles im Knast passieren kann.","감방에서는 몸뚱이에 어떤 일이 일어날 수 있는지 본때를 보여줘야겠군.","","False","DIA_Godar_Prison_Pissoff_13_02","",""
"Scripts/Content/Story/Dialoge/DIA_DJG_711_Godar.d:332","Kannst du mir beibringen, wie man jagt?","사냥하는 법을 가르쳐줄 수 있나?","","False","DIA_Godar_Hunting.description","",""
"Scripts/Content/Story/Dialoge/DIA_DJG_711_Godar.d:346","Kannst du mir beibringen, wie man jagt?","사냥하는 법을 가르쳐줄 수 있나?","","False","DIA_Godar_Hunting_15_00","",""
"Scripts/Content/Story/Dialoge/DIA_DJG_711_Godar.d:349","Das ist nicht dein Ernst, oder? Verschwinde!","지금 진심으로 하는 소리야? 꺼져!","","False","DIA_Godar_Hunting_13_01","",""
"Scripts/Content/Story/Dialoge/DIA_DJG_711_Godar.d:354","Ein Tier hat mehr als nur Fleisch. Du kannst die Felle oder Krallen verkaufen. Das kann ein ganz schönes Sümmchen einbringen.","동물한테는 고기 말고도 쓸모 있는 게 많아. 가죽이나 발톱을 팔 수도 있지. 꽤 짭짤한 돈벌이가 될걸.","","False","DIA_Godar_Hunting_13_03","",""
"Scripts/Content/Story/Dialoge/DIA_DJG_711_Godar.d:355","Ich kann es kaum erwarten, einen Drachen in die Finger zu bekommen.","당장이라도 드래곤을 손에 넣고 싶어 죽겠군.","","False","DIA_Godar_Hunting_13_04","",""
"Scripts/Content/Story/Dialoge/DIA_DJG_711_Godar.d:371","Zeig mir das Ausnehmen von Drachen.","드래곤을 해체하는 법을 가르쳐다오.","","False","DIA_Godar_Dragonstuff.description","",""
"Scripts/Content/Story/Dialoge/DIA_DJG_711_Godar.d:388","Zeig mir das Ausnehmen von Drachen.","드래곤을 해체하는 법을 가르쳐다오.","","False","DIA_Godar_Dragonstuff_15_00","",""
"Scripts/Content/Story/Dialoge/DIA_DJG_711_Godar.d:390","Damit du die Kohle ganz allein scheffeln kannst, was?","네 혼자서 돈을 싹 쓸어담겠다는 거잖아, 그렇지?","","False","DIA_Godar_Dragonstuff_13_01","",""
"Scripts/Content/Story/Dialoge/DIA_DJG_711_Godar.d:392","Na gut, aber das kostet dich 1000 Goldmünzen.","좋아, 하지만 1000 금화가 들 거야.","","False","DIA_Godar_Dragonstuff_13_02","",""
"Scripts/Content/Story/Dialoge/DIA_DJG_711_Godar.d:395","Das ist mir die Sache nicht wert.","그 정도 가치는 없어.","","False","DIA_Godar_Dragonstuff_Info.DIA_Godar_Dragonstuff.DIA_Godar_Dragonstuff_nein","Info_AddChoice",""
"Scripts/Content/Story/Dialoge/DIA_DJG_711_Godar.d:396","Das ist fair.","좋은 조건이군.","","False","DIA_Godar_Dragonstuff_Info.DIA_Godar_Dragonstuff.DIA_Godar_Dragonstuff_fair","Info_AddChoice",""
"Scripts/Content/Story/Dialoge/DIA_DJG_711_Godar.d:401","Das ist fair.","좋은 조건이군.","","False","DIA_Godar_Dragonstuff_fair_15_00","",""
"Scripts/Content/Story/Dialoge/DIA_DJG_711_Godar.d:409","Ohne Geld ist es das nicht. Besorg dir erstmal die Kohle.","돈이 없으면 안 되지. 먼저 금일부터 구하고 와.","","False","DIA_Godar_Dragonstuff_fair_13_01","",""
"Scripts/Content/Story/Dialoge/DIA_DJG_711_Godar.d:417","Das ist mir die Sache nicht wert.","그 정도 가치는 없어.","","False","DIA_Godar_Dragonstuff_nein_15_00","",""
"Scripts/Content/Story/Dialoge/DIA_DJG_711_Godar.d:418","Auch gut.","마음대로 해.","","False","DIA_Godar_Dragonstuff_nein_13_01","",""
"Scripts/Content/Story/Dialoge/DIA_DJG_711_Godar.d:432","Zeig mir, wie man jagt.","사냥하는 법을 가르쳐다오.","","False","DIA_Godar_Teach.description","",""
"Scripts/Content/Story/Dialoge/DIA_DJG_711_Godar.d:446","Zeig mir, wie man jagt.","사냥하는 법을 가르쳐다오.","","False","DIA_Godar_Teach_15_00","",""
"Scripts/Content/Story/Dialoge/DIA_DJG_711_Godar.d:506","Zähne entfernst du am besten mit einem stabilen Messer.","이빨을 뽑을 때는 튼튼한 칼을 쓰는 게 가장 좋다.","","False","DIA_Godar_TEACHHUNTING_Teeth_13_00","",""
"Scripts/Content/Story/Dialoge/DIA_DJG_711_Godar.d:516","Der Stachel der Blutfliege ist am schnellsten abgetrennt, wenn du den Stachel vor dem Abschneiden herausdrückst.","흡혈파리의 침은 베어내기 전에 바깥으로 밀어내면 가장 빨리 뺄 수 있지.","","False","DIA_Godar_TEACHHUNTING_BFSting_13_00","",""
"Scripts/Content/Story/Dialoge/DIA_DJG_711_Godar.d:526","Die Flügel der Blutfliege sind sehr empfindlich. Also sei vorsichtig, wenn du sie abschneidest.","흡혈파리의 날개는 아주 민감하다. 그러니 잘라낼 때 조심해라.","","False","DIA_Godar_TEACHHUNTING_BFWing_13_00","",""
"Scripts/Content/Story/Dialoge/DIA_DJG_711_Godar.d:536","Benutze beim Schleichen weiches Schuhwerk. Eine starre Sohle kann sehr laut sein.","은신할 때는 부드러운 신발을 신어라. 딱딱한 밑창은 소리가 아주 크게 나니까.","","False","DIA_Godar_TEACHHUNTING_Sneak_13_00","",""
"Scripts/Content/Story/Dialoge/DIA_DJG_711_Godar.d:546","Du brauchst viel Kraft, um die Schuppen eines Drachen zu bekommen. Aber du schaffst das schon.","드래곤의 비늘을 얻으려면 상당한 힘이 필요하다. 하지만 너라면 해낼 수 있을 거다.","","False","DIA_Godar_TEACHHUNTING_DragonScale_13_00","",""
"Scripts/Content/Story/Dialoge/DIA_DJG_711_Godar.d:556","Such nach einer weichen Stelle am Bauch des Drachen. Da ist es am leichtesten, an Drachenblut zu kommen.","드래곤의 배 쪽에서 부드러운 부위를 찾아라. 드래곤의 피를 얻기에는 거기가 가장 쉽지.","","False","DIA_Godar_TEACHHUNTING_DragonBlood_13_00","",""
"Scripts/Content/Story/Dialoge/DIA_DJG_711_Godar.d:571","Ich hab alle Drachen getötet.","드래곤들은 전부 처치했어.","","False","DIA_Godar_AllDragonsDead.description","",""
"Scripts/Content/Story/Dialoge/DIA_DJG_711_Godar.d:584","Ich hab alle Drachen getötet.","드래곤들은 전부 처치했어.","","False","DIA_Godar_AllDragonsDead_15_00","",""
"Scripts/Content/Story/Dialoge/DIA_DJG_711_Godar.d:585","Na ja, und wenn schon. Hier im Tal gibt's noch genug für uns zu holen.","뭐, 그렇다 치자. 이 계곡에는 우리가 챙길 게 아직도 수두룩하니까.","","False","DIA_Godar_AllDragonsDead_13_01","",""
"Scripts/Content/Story/Dialoge/DIA_DJG_712_Hokurn.d:46","Hast du was zu trinken?","마실 거 좀 있나?","","False","DIA_Hokurn_Hello_01_00","",""
"Scripts/Content/Story/Dialoge/DIA_DJG_712_Hokurn.d:47","Ich vermute, du willst kein Wasser.","원하는 게 물은 아니겠지.","","False","DIA_Hokurn_Hello_15_01","",""
"Scripts/Content/Story/Dialoge/DIA_DJG_712_Hokurn.d:48","Nein, verdammt!! Ich brauche irgendwas mit Alkohol, damit endlich diese verdammten Kopfschmerzen weg gehen.","아니, 빌어먹을!! 이 지독한 두통이 좀 사라지게 알코올이 들어간 무언가가 필요하다고.","","False","DIA_Hokurn_Hello_01_02","",""
"Scripts/Content/Story/Dialoge/DIA_DJG_712_Hokurn.d:49","Wenn ich längere Zeit nichts zu trinken hatte, fühlt sich mein Schädel an, als würde er jeden Moment explodieren.","한동안 술을 못 마셨더니, 머릿속이 당장이라도 터져버릴 것 같단 말이야.","","False","DIA_Hokurn_Hello_01_03","",""
"Scripts/Content/Story/Dialoge/DIA_DJG_712_Hokurn.d:52","Ich versuch was zu besorgen.","줄 수 있는 건 없어.","","False","DIA_Hokurn_Hello_Info.DIA_Hokurn_Hello.DIA_Hokurn_Hello_No","Info_AddChoice",""
"Scripts/Content/Story/Dialoge/DIA_DJG_712_Hokurn.d:58","Hier hast du was.","자, 이거 받아.","","False","DIA_Hokurn_Hello_Info.DIA_Hokurn_Hello.DIA_Hokurn_Hello_Yes","Info_AddChoice",""
"Scripts/Content/Story/Dialoge/DIA_DJG_712_Hokurn.d:64","Ich kann dir nichts geben.","너한테 줄 건 없어.","","False","DIA_Hokurn_Hello_No_15_00","",""
"Scripts/Content/Story/Dialoge/DIA_DJG_712_Hokurn.d:65","Dann verzieh dich!","그럼 꺼져!","","False","DIA_Hokurn_Hello_No_01_01","",""
"Scripts/Content/Story/Dialoge/DIA_DJG_712_Hokurn.d:69","Eine Sache noch...","한 가지만 더...","","False","DIA_Hokurn_Hello_No.DIA_Hokurn_Hello.DIA_Hokurn_Hello_ASK1","Info_AddChoice",""
"Scripts/Content/Story/Dialoge/DIA_DJG_712_Hokurn.d:74","Eine Sache noch ...","한 가지만 더...","","False","DIA_Hokurn_Hello_ASK1_15_00","",""
"Scripts/Content/Story/Dialoge/DIA_DJG_712_Hokurn.d:75","(brüllt) Hast du mich nicht verstanden? VERPISS DICH!!!!","(소리 지른다) 내 말 못 알아들어? 꺼지라고!!!!","","False","DIA_Hokurn_Hello_ASK1_01_01","",""
"Scripts/Content/Story/Dialoge/DIA_DJG_712_Hokurn.d:79","Es ist wichtig.","중요한 일이야.","","False","DIA_Hokurn_Hello_ASK1.DIA_Hokurn_Hello.DIA_Hokurn_Hello_ASK2","Info_AddChoice",""
"Scripts/Content/Story/Dialoge/DIA_DJG_712_Hokurn.d:84","Es ist wichtig.","중요한 일이야.","","False","DIA_Hokurn_Hello_ASK2_15_00","",""
"Scripts/Content/Story/Dialoge/DIA_DJG_712_Hokurn.d:85","(brüllt) Du hast es so gewollt.","(소리 지른다) 네가 자초한 일이다.","","False","DIA_Hokurn_Hello_ASK2_01_01","",""
"Scripts/Content/Story/Dialoge/DIA_DJG_712_Hokurn.d:98","(rülpst) Ha, da lacht das Herz.","(트림을 한다) 하, 살 것 같군.","","False","B_Hokurn_Sauf_01_00","",""
"Scripts/Content/Story/Dialoge/DIA_DJG_712_Hokurn.d:99","So, jetzt kann ich auch wieder klar denken. Was kann ich für dich tun?","좋아, 이제 제정신이 좀 드는군. 뭘 도와주면 되겠나?","","False","B_Hokurn_Sauf_01_01","",""
"Scripts/Content/Story/Dialoge/DIA_DJG_712_Hokurn.d:104","Hier hast du was.","자, 이거 받아.","","False","DIA_Hokurn_Hello_Yes_15_00","",""
"Scripts/Content/Story/Dialoge/DIA_DJG_712_Hokurn.d:140","Ich habe dir was zu Trinken mitgebracht.","마실 것을 좀 가져왔어.","","False","DIA_Hokurn_Drink.description","",""
"Scripts/Content/Story/Dialoge/DIA_DJG_712_Hokurn.d:156","Ich habe dir was zu Trinken mitgebracht.","마실 것을 좀 가져왔어.","","False","DIA_Hokurn_Drink_15_00","",""
"Scripts/Content/Story/Dialoge/DIA_DJG_712_Hokurn.d:157","(gierig) Gib her!!","(탐스럽게) 이리 내!!","","False","DIA_Hokurn_Drink_01_01","",""
"Scripts/Content/Story/Dialoge/DIA_DJG_712_Hokurn.d:191","Ich brauche Informationen.","정보가 필요해.","","False","DIA_Hokurn_Question.description","",""
"Scripts/Content/Story/Dialoge/DIA_DJG_712_Hokurn.d:204","Ich brauche Informationen.","정보가 필요해.","","False","DIA_Hokurn_Question_15_00","",""
"Scripts/Content/Story/Dialoge/DIA_DJG_712_Hokurn.d:205","(genervt) Ich dachte, du hättest mich verstanden. Ich rede nur mit Freunden.","(짜증 내며) 내 말 뜻을 이해하지 못했나 보군. 난 친구하고만 얘기하거든.","","False","DIA_Hokurn_Question_01_01","",""
"Scripts/Content/Story/Dialoge/DIA_DJG_712_Hokurn.d:206","Und Freunde lädt man zum Trinken ein. Alles klar? Jetzt verzieh dich!","그리고 친구한테는 마실 걸 대접하는 법이지. 알아들었나? 이제 꺼져!","","False","DIA_Hokurn_Question_01_02","",""
"Scripts/Content/Story/Dialoge/DIA_DJG_712_Hokurn.d:218","Ich suche jemanden, der mir was beibringen kann.","나한테 뭔가 가르쳐줄 사람을 찾고 있어.","","False","DIA_Hokurn_Learn.description","",""
"Scripts/Content/Story/Dialoge/DIA_DJG_712_Hokurn.d:231","Ich suche jemanden, der mir was beibringen kann.","나한테 뭔가 가르쳐줄 사람을 찾고 있어.","","False","DIA_Hokurn_Learn_15_00","",""
"Scripts/Content/Story/Dialoge/DIA_DJG_712_Hokurn.d:232","Ich könnte dir schon ein paar Sachen beibringen. Ich bin der beste Kämpfer weit und breit.","너한테 몇 가지 가르쳐줄 수는 있지. 난 사방 통틀어 최고의 전사이니 말이야.","","False","DIA_Hokurn_Learn_01_01","",""
"Scripts/Content/Story/Dialoge/DIA_DJG_712_Hokurn.d:233","Für dich mach ich sogar 'nen Freundschaftspreis. 300 Goldstücke.","우린 친구 사이니까 특별히 할인가로 해 주지. 300 금화면 돼.","","False","DIA_Hokurn_Learn_01_02","",""
"Scripts/Content/Story/Dialoge/DIA_DJG_712_Hokurn.d:236","Das ist mir zu teuer.","나한테는 너무 비싸.","","False","DIA_Hokurn_Learn_Info.DIA_Hokurn_Learn.DIA_Hokurn_Learn_TooExpensive","Info_AddChoice",""
"Scripts/Content/Story/Dialoge/DIA_DJG_712_Hokurn.d:239","In Ordnung, hier ist das Geld.","좋아, 여기 돈이 있다.","","False","DIA_Hokurn_Learn_Info.DIA_Hokurn_Learn.DIA_Hokurn_Learn_OK","Info_AddChoice",""
"Scripts/Content/Story/Dialoge/DIA_DJG_712_Hokurn.d:245","Das ist mir zu teuer.","나한테는 너무 비싸.","","False","DIA_Hokurn_Learn_TooExpensive_15_00","",""
"Scripts/Content/Story/Dialoge/DIA_DJG_712_Hokurn.d:246","Zu teuer? Das ist weniger als jeder andere in meiner Situation nehmen würde.","비싸다고? 내 처지라면 다른 누구라도 이보다 더 받을 거야.","","False","DIA_Hokurn_Learn_TooExpensive_01_01","",""
"Scripts/Content/Story/Dialoge/DIA_DJG_712_Hokurn.d:247","Überleg es dir.","잘 생각해 보라고.","","False","DIA_Hokurn_Learn_TooExpensive_01_02","",""
"Scripts/Content/Story/Dialoge/DIA_DJG_712_Hokurn.d:254","In Ordnung, hier ist das Geld.","좋아, 여기 돈이 있다.","","False","DIA_Hokurn_Learn_OK_15_00","",""
"Scripts/Content/Story/Dialoge/DIA_DJG_712_Hokurn.d:270","Hier ist dein Geld. Ich will trainieren.","여기 돈이다. 훈련을 시작하지.","","False","DIA_Hokurn_PayTeacher.description","",""
"Scripts/Content/Story/Dialoge/DIA_DJG_712_Hokurn.d:285","Hier ist dein Geld. Ich will trainieren.","여기 돈이다. 훈련을 시작하지.","","False","DIA_Hokurn_PayTeacher_15_00","",""
"Scripts/Content/Story/Dialoge/DIA_DJG_712_Hokurn.d:286","Du wirst es nicht bereuen!","후회하진 않을 거다!","","False","DIA_Hokurn_PayTeacher_01_01","",""
"Scripts/Content/Story/Dialoge/DIA_DJG_712_Hokurn.d:302","Hier hast du was zu trinken.","여기 마실 거 있어.","","False","DIA_Hokurn_DrinkAndLearn.description","",""
"Scripts/Content/Story/Dialoge/DIA_DJG_712_Hokurn.d:318","Hier hast du was zu trinken.","여기 마실 거 있어.","","False","DIA_Hokurn_DrinkAndLearn_15_00","",""
"Scripts/Content/Story/Dialoge/DIA_DJG_712_Hokurn.d:338","Mir geht's schon viel besser. Ich könnte Bäume ausreißen.","훨씬 낫네. 날아갈 것 같아.","","False","DIA_Hokurn_DrinkAndLearn_01_01","",""
"Scripts/Content/Story/Dialoge/DIA_DJG_712_Hokurn.d:351","Lass uns mit dem Training beginnen.","훈련을 시작하자.","","False","DIA_Hokurn_Teach.description","",""
"Scripts/Content/Story/Dialoge/DIA_DJG_712_Hokurn.d:364","Lass uns mit dem Training beginnen.","훈련을 시작하자.","","False","DIA_Hokurn_Teach_15_00","",""
"Scripts/Content/Story/Dialoge/DIA_DJG_712_Hokurn.d:368","Bring mir erst mal was zu trinken!","먼저 마실 거나 가져와!","","False","DIA_Hokurn_Teach_01_01","",""
"Scripts/Content/Story/Dialoge/DIA_DJG_712_Hokurn.d:374","Dann wollen wir doch mal sehen, was wir aus deinen verstaubten Paladinknochen rausholen, was?","자, 네 녹슨 팔라딘 뼈다귀로 뭘 할 수 있는지 어디 한번 볼까?","","False","DIA_Hokurn_Teach_01_02","",""
"Scripts/Content/Story/Dialoge/DIA_DJG_712_Hokurn.d:378","Sieh an. Selbst ein Magier bedient sich der Nahkampfwaffe.","이런, 마법사까지 근접 무기를 쓰는군.","","False","DIA_Hokurn_Teach_01_03","",""
"Scripts/Content/Story/Dialoge/DIA_DJG_712_Hokurn.d:397","In dieser Disziplin brauchst du keinen Lehrer mehr.","이 분야에서는 더 이상 가르칠 게 없겠군.","","False","B_Hokurn_TeachedEnough_01_00","",""
"Scripts/Content/Story/Dialoge/DIA_DJG_712_Hokurn.d:457","Was wollt ihr hier überhaupt?","여기서 대체 뭐 하고 있는 건가?","","False","DIA_Hokurn_StayHere.description","",""
"Scripts/Content/Story/Dialoge/DIA_DJG_712_Hokurn.d:470","Was wollt ihr hier überhaupt?","여기서 대체 뭐 하고 있는 건가?","","False","DIA_Hokurn_StayHere_15_00","",""
"Scripts/Content/Story/Dialoge/DIA_DJG_712_Hokurn.d:471","Keine Ahnung, was wir hier machen oder wann es los geht.","우리가 여기서 뭘 하는지, 언제 시작하는지 아무것도 몰라.","","False","DIA_Hokurn_StayHere_01_01","",""
"Scripts/Content/Story/Dialoge/DIA_DJG_712_Hokurn.d:472","Ist mir auch egal, solange ich genug zu trinken habe.","마실 것만 충분하다면 난 상관없어.","","False","DIA_Hokurn_StayHere_01_02","",""
"Scripts/Content/Story/Dialoge/DIA_DJG_712_Hokurn.d:491","Wisst ihr denn, wo die Drachen sind?","드래곤들이 어디 있는지 아나?","","False","DIA_Hokurn_WhereDragon.description","",""
"Scripts/Content/Story/Dialoge/DIA_DJG_712_Hokurn.d:506","Wisst ihr denn, wo die Drachen sind?","드래곤들이 어디 있는지 아나?","","False","DIA_Hokurn_WhereDragon_15_00","",""
"Scripts/Content/Story/Dialoge/DIA_DJG_712_Hokurn.d:507","Was krieg ich denn, wenn ich es dir sage?","내가 알려주면 내게 뭘 줄 건데?","","False","DIA_Hokurn_WhereDragon_01_01","",""
"Scripts/Content/Story/Dialoge/DIA_DJG_712_Hokurn.d:510","Gar nichts, ich werde sie selber suchen.","아무것도 안 주지. 직접 찾을 거니까.","","False","DIA_Hokurn_WhereDragon_Info.DIA_Hokurn_WhereDragon.DIA_Hokurn_WhereDragon_FindMyself","Info_AddChoice",""
"Scripts/Content/Story/Dialoge/DIA_DJG_712_Hokurn.d:511","Ich könnte dir die Auskunft abkaufen.","그 정보를 돈 주고 살 수도 있지.","","False","DIA_Hokurn_WhereDragon_Info.DIA_Hokurn_WhereDragon.DIA_Hokurn_WhereDragon_Gold","Info_AddChoice",""
"Scripts/Content/Story/Dialoge/DIA_DJG_712_Hokurn.d:514","Ich hab noch ne Flasche Wacholder.","주니퍼술 한 병이 있지.","","False","DIA_Hokurn_WhereDragon_Info.DIA_Hokurn_WhereDragon.DIA_Hokurn_WhereDragon_Booze","Info_AddChoice",""
"Scripts/Content/Story/Dialoge/DIA_DJG_712_Hokurn.d:520","Gar nichts, ich such sie selbst.","아무것도 안 주지. 직접 찾을 거니까.","","False","DIA_Hokurn_WhereDragon_FindMyself_15_00","",""
"Scripts/Content/Story/Dialoge/DIA_DJG_712_Hokurn.d:521","Dann zieh dich mal warm an. Du hast ein heißes Tänzchen vor dir.","그럼 단단히 준비하는 게 좋을걸. 꽤 매운 맛을 보게 될 테니까.","","False","DIA_Hokurn_WhereDragon_FindMyself_01_01","",""
"Scripts/Content/Story/Dialoge/DIA_DJG_712_Hokurn.d:527","Ich könnte dir die Auskunft abkaufen.","그 정보를 돈 주고 살 수도 있지.","","False","DIA_Hokurn_WhereDragon_Gold_15_00","",""
"Scripts/Content/Story/Dialoge/DIA_DJG_712_Hokurn.d:528","Abkaufen? Hmm. Für 200 Goldstücke würde dir die Information geben.","돈 주고 사겠다고? 흠. 200 금화를 주면 정보를 알려주지.","","False","DIA_Hokurn_WhereDragon_Gold_01_01","",""
"Scripts/Content/Story/Dialoge/DIA_DJG_712_Hokurn.d:531","Zu viel","너무 비싸.","","False","DIA_Hokurn_WhereDragon_Gold.DIA_Hokurn_WhereDragon.DIA_Hokurn_WhereDragon_TooMuch","Info_AddChoice",""
"Scripts/Content/Story/Dialoge/DIA_DJG_712_Hokurn.d:534","Einverstanden, hier ist da Geld.","좋아, 여기 돈이네.","","False","DIA_Hokurn_WhereDragon_Gold.DIA_Hokurn_WhereDragon.DIA_Hokurn_WhereDragon_OK","Info_AddChoice",""
"Scripts/Content/Story/Dialoge/DIA_DJG_712_Hokurn.d:540","Zu viel!","너무 비싸!","","False","DIA_Hokurn_WhereDragon_TooMuch_15_00","",""
"Scripts/Content/Story/Dialoge/DIA_DJG_712_Hokurn.d:541","Dann vergiss es.","그럼 됐어.","","False","DIA_Hokurn_WhereDragon_TooMuch_01_01","",""
"Scripts/Content/Story/Dialoge/DIA_DJG_712_Hokurn.d:547","Einverstanden, hier ist das Geld.","좋아, 여기 돈이네.","","False","DIA_Hokurn_WhereDragon_OK_15_00","",""
"Scripts/Content/Story/Dialoge/DIA_DJG_712_Hokurn.d:556","Ich hab noch eine Flasche Wacholder!","주니퍼술 한 병이 있지!","","False","DIA_Hokurn_WhereDragon_Booze_15_00","",""
"Scripts/Content/Story/Dialoge/DIA_DJG_712_Hokurn.d:557","Für ein gutes Tröpfchen würde ich alle Drachen der Welt töten.","좋은 술 한잔을 위해서라면 이 세상의 모든 드래곤이라도 죽이겠어.","","False","DIA_Hokurn_WhereDragon_Booze_01_01","",""
"Scripts/Content/Story/Dialoge/DIA_DJG_712_Hokurn.d:558","Abgemacht. Gib mir die Flasche!","거래 성사야. 술병 이리 줘!","","False","DIA_Hokurn_WhereDragon_Booze_01_02","",""
"Scripts/Content/Story/Dialoge/DIA_DJG_712_Hokurn.d:560","Den heb ich mir für schlechte Zeiten auf.","이건 나중에 힘들 때 마시려고 아껴두는 거야.","","False","DIA_Hokurn_WhereDragon_Booze_01_03","",""
"Scripts/Content/Story/Dialoge/DIA_DJG_712_Hokurn.d:576","Also, wo sind jetzt die Drachen?","그래서, 드래곤들은 지금 어디에 있지?","","False","DIA_Hokurn_Dragon.description","",""
"Scripts/Content/Story/Dialoge/DIA_DJG_712_Hokurn.d:589","Also, wo sind jetzt die Drachen?","그래서, 드래곤들은 지금 어디에 있지?","","False","DIA_Hokurn_Dragon_15_00","",""
"Scripts/Content/Story/Dialoge/DIA_DJG_712_Hokurn.d:590","Was Genaues kann ich dir natürlich nicht sagen, aber ich habe gehört, dass es vier Drachen sein sollen.","정확한 건 물론 모르지만, 드래곤이 네 마리라고 들었어.","","False","DIA_Hokurn_Dragon_01_01","",""
"Scripts/Content/Story/Dialoge/DIA_DJG_712_Hokurn.d:591","Wir haben nachts ein rotes Leuchten über dem höchsten Berg gesehen.","밤마다 가장 높은 산 위로 붉은 빛이 번지는 걸 봤거든.","","False","DIA_Hokurn_Dragon_01_02","",""
"Scripts/Content/Story/Dialoge/DIA_DJG_712_Hokurn.d:592","Ich schwöre bei meiner Mutter, wenn du einen Drachen suchst, dann wirst du ihn ganz bestimmt dort finden.","내 어머니 이름을 걸고 맹세하는데, 드래곤을 찾고 있다면 분명 그곳에 있을 거야.","","False","DIA_Hokurn_Dragon_01_03","",""
"Scripts/Content/Story/Dialoge/DIA_DJG_712_Hokurn.d:605","Ich hab alle Drachen getötet.","드래곤들을 모두 처치했어.","","False","DIA_Hokurn_AllDragonsDead.description","",""
"Scripts/Content/Story/Dialoge/DIA_DJG_712_Hokurn.d:618","Ich hab alle Drachen getötet.","드래곤들을 모두 처치했어.","","False","DIA_Hokurn_AllDragonsDead_15_00","",""
"Scripts/Content/Story/Dialoge/DIA_DJG_712_Hokurn.d:619","Verzieh dich und erzähl deine Märchen jemand anderem.","꺼져라. 그런 동화는 다른 사람한테나 늘어놓으라고.","","False","DIA_Hokurn_AllDragonsDead_01_01","",""
"Scripts/Content/Story/Dialoge/DIA_DJG_713_Biff.d:3","Komm mit!","나와 함께 가자!","","False","DIA_AkilsSchaf_KommMit_15_00","",""
"Scripts/Content/Story/Dialoge/DIA_DJG_713_Biff.d:8","Verarschen kann ich mich alleine.","나 혼자서도 충분히 광대 짓은 할 수 있거든.","","False","DIA_Biff_ARBEITEN_lebenlassen_07_01","",""
"Scripts/Content/Story/Dialoge/DIA_DJG_713_Biff.d:75","Was machst du hier?","여기서 뭐 하는 거지?","","False","DIA_Biff_HALLO.description","",""
"Scripts/Content/Story/Dialoge/DIA_DJG_713_Biff.d:85","Was machst du hier?","여기서 뭐 하는 거지?","","False","DIA_Biff_HALLO_15_00","",""
"Scripts/Content/Story/Dialoge/DIA_DJG_713_Biff.d:86","Das ist wirklich die dämlichste Frage, die ich seit langem gehört habe. Wonach sieht's denn aus?","내가 최근에 들은 질문 중 단연코 가장 멍청한 질문이군. 뭘 하는 것처럼 보이지?","","False","DIA_Biff_HALLO_07_01","",""
"Scripts/Content/Story/Dialoge/DIA_DJG_713_Biff.d:88","Ich kann deinen bescheuerten Gesichtsausdruck nicht einordnen.","네 그 멍청한 표정만 봐서는 무슨 생각인지 알 수가 없어서 말이야.","","False","DIA_Biff_HALLO_Info.DIA_Biff_HALLO.DIA_Biff_HALLO_spott","Info_AddChoice",""
"Scripts/Content/Story/Dialoge/DIA_DJG_713_Biff.d:89","Ich habe keine Ahnung.","전혀 모르겠는데.","","False","DIA_Biff_HALLO_Info.DIA_Biff_HALLO.DIA_Biff_HALLO_keineAhnung","Info_AddChoice",""
"Scripts/Content/Story/Dialoge/DIA_DJG_713_Biff.d:90","Schon gut!","됐어!","","False","DIA_Biff_HALLO_Info.DIA_Biff_HALLO.DIA_Biff_HALLO_doof","Info_AddChoice",""
"Scripts/Content/Story/Dialoge/DIA_DJG_713_Biff.d:95","Schon gut.","됐어.","","False","DIA_Biff_HALLO_doof_15_00","",""
"Scripts/Content/Story/Dialoge/DIA_DJG_713_Biff.d:101","Ich kann deinen bescheuerten Gesichtsausdruck nicht einordnen. Deshalb frage ich nach.","네 그 멍청한 표정만 봐서는 무슨 생각인지 알 수가 없어서 말이야. 그래서 물어보는 거지.","","False","DIA_Biff_HALLO_spott_15_00","",""
"Scripts/Content/Story/Dialoge/DIA_DJG_713_Biff.d:102","Du hast 'ne zu große Schnauze für meinen Geschmack. Wird Zeit, dass sie dir jemand stopft.","네 입방정이 내 취향이 아니군. 누군가 그 입을 다물게 해줄 때가 된 것 같아.","","False","DIA_Biff_HALLO_spott_07_01","",""
"Scripts/Content/Story/Dialoge/DIA_DJG_713_Biff.d:111","Ich habe keine Ahnung.","전혀 모르겠는데.","","False","DIA_Biff_HALLO_keineAhnung_15_00","",""
"Scripts/Content/Story/Dialoge/DIA_DJG_713_Biff.d:112","Ich warte, dass hier endlich mal was passiert.","여기서 뭔가 일어나기만을 기다리고 있지.","","False","DIA_Biff_HALLO_keineAhnung_07_01","",""
"Scripts/Content/Story/Dialoge/DIA_DJG_713_Biff.d:114","Was soll denn passieren?","무슨 일이 일어나기를 바라는 건데?","","False","DIA_Biff_HALLO_keineAhnung.DIA_Biff_HALLO.DIA_Biff_HALLO_keineAhnung_was","Info_AddChoice",""
"Scripts/Content/Story/Dialoge/DIA_DJG_713_Biff.d:119","Was soll denn passieren?","무슨 일이 일어나기를 바라는 건데?","","False","DIA_Biff_HALLO_keineAhnung_was_15_00","",""
"Scripts/Content/Story/Dialoge/DIA_DJG_713_Biff.d:120","Oh Mann, du bist wirklich nicht von der hellsten Sorte. Wenn ich es wüsste, müsste ich ja auch nicht warten.","이런, 넌 머리가 정말 나쁘구나. 알았더라면 기다리지도 않았겠지.","","False","DIA_Biff_HALLO_keineAhnung_was_07_01","",""
"Scripts/Content/Story/Dialoge/DIA_DJG_713_Biff.d:122","Was könnte denn passieren? ","그럼 무슨 일이 일어날 수 있지? ","","False","DIA_Biff_HALLO_keineAhnung_was.DIA_Biff_HALLO.DIA_Biff_HALLO_keineAhnung_was_was2","Info_AddChoice",""
"Scripts/Content/Story/Dialoge/DIA_DJG_713_Biff.d:127","Was könnte denn passieren?","그럼 무슨 일이 일어날 수 있지?","","False","DIA_Biff_HALLO_keineAhnung_was_was2_15_00","",""
"Scripts/Content/Story/Dialoge/DIA_DJG_713_Biff.d:128","Du nervst. Pass auf, es ist mir egal, was passiert. Hauptsache, es passiert irgendwas.","짜증 나게 하네. 잘 들어, 무슨 일이 일어나든 상관없어. 뭔가 일어나기만 하면 돼.","","False","DIA_Biff_HALLO_keineAhnung_was_was2_07_01","",""
"Scripts/Content/Story/Dialoge/DIA_DJG_713_Biff.d:130","Wieso machst du dann nicht irgendwas?","그럼 너는 왜 가만히 있는 거지?","","False","DIA_Biff_HALLO_keineAhnung_was_was2.DIA_Biff_HALLO.DIA_Biff_HALLO_keineAhnung_was_was2_was3","Info_AddChoice",""
"Scripts/Content/Story/Dialoge/DIA_DJG_713_Biff.d:135","Wieso machst du dann nicht irgendwas?","그럼 너는 왜 가만히 있는 거지?","","False","DIA_Biff_HALLO_keineAhnung_was_was2_was3_15_00","",""
"Scripts/Content/Story/Dialoge/DIA_DJG_713_Biff.d:136","Wenn du nicht gleich aufhörst, dumme Fragen zu stellen, werde ich dir dein dreckiges Maul stopfen.","그 멍청한 질문을 당장 멈추지 않으면 네 더러운 입을 찢어버릴 거야.","","False","DIA_Biff_HALLO_keineAhnung_was_was2_was3_07_01","",""
"Scripts/Content/Story/Dialoge/DIA_DJG_713_Biff.d:138","Wenn du nur wartest, wird hier nie etwas passieren!","그렇게 기다리기만 해서는 아무 일도 일어나지 않아!","","False","DIA_Biff_HALLO_keineAhnung_was_was2_was3.DIA_Biff_HALLO.DIA_Biff_HALLO_keineAhnung_was_was2_was3_was4","Info_AddChoice",""
"Scripts/Content/Story/Dialoge/DIA_DJG_713_Biff.d:143","Wenn du nur wartest, wird hier nie etwas passieren!","그렇게 기다리기만 해서는 아무 일도 일어나지 않아!","","False","DIA_Biff_HALLO_keineAhnung_was_was2_was3_was4_15_00","",""
"Scripts/Content/Story/Dialoge/DIA_DJG_713_Biff.d:144","Jetzt reicht's!","이제 참을 만큼 참았다!","","False","DIA_Biff_HALLO_keineAhnung_was_was2_was3_was4_07_01","",""
"Scripts/Content/Story/Dialoge/DIA_DJG_713_Biff.d:160","Was glaubst du, hier im Minental zu finden?","광산의 골짜기에서 뭘 찾을 수 있을 거라 생각하나?","","False","DIA_Biff_WASHIERIMTAL.description","",""
"Scripts/Content/Story/Dialoge/DIA_DJG_713_Biff.d:173","Was glaubst du, hier im Minental zu finden?","광산의 골짜기에서 뭘 찾을 수 있을 거라 생각하나?","","False","DIA_Biff_WASHIERIMTAL_15_00","",""
"Scripts/Content/Story/Dialoge/DIA_DJG_713_Biff.d:174","Gold und Ehre. Was sonst? Wenn ich mit den Drachen fertig bin, werde ich im Gold schwimmen.","금과 명예지. 안 그래? 드래곤들을 해치우고 나면 금더미 속에서 헤엄치게 될걸.","","False","DIA_Biff_WASHIERIMTAL_07_01","",""
"Scripts/Content/Story/Dialoge/DIA_DJG_713_Biff.d:175","Genug, um den Rest meines Lebens jede Kneipe und jeden Puff dieses Landes unsicher zu machen.","이 나라의 모든 선술집과 사창가를 남은 평생 드나들 만큼 충분히 벌 수 있지.","","False","DIA_Biff_WASHIERIMTAL_07_02","",""
"Scripts/Content/Story/Dialoge/DIA_DJG_713_Biff.d:177","Na dann, viel Glück.","그래, 행운을 빌지.","","False","DIA_Biff_WASHIERIMTAL_Info.DIA_Biff_WASHIERIMTAL.DIA_Biff_WASHIERIMTAL_vielglueck","Info_AddChoice",""
"Scripts/Content/Story/Dialoge/DIA_DJG_713_Biff.d:178","Oder du wirst tot sein!","아니면 죽게 되거나!","","False","DIA_Biff_WASHIERIMTAL_Info.DIA_Biff_WASHIERIMTAL.DIA_Biff_WASHIERIMTAL_ihrtot","Info_AddChoice",""
"Scripts/Content/Story/Dialoge/DIA_DJG_713_Biff.d:183","Oder du wirst tot sein!","아니면 죽게 되거나!","","False","DIA_Biff_WASHIERIMTAL_ihrtot_15_00","",""
"Scripts/Content/Story/Dialoge/DIA_DJG_713_Biff.d:184","Und wenn schon. Das gehört dazu. Wenn du reich werden willst, musst du schon etwas riskieren.","그게 뭐 어때서. 당연히 감수해야 할 일이지. 부자가 되고 싶다면 그 정도 위험은 감수해야 하는 법이야.","","False","DIA_Biff_WASHIERIMTAL_ihrtot_07_01","",""
"Scripts/Content/Story/Dialoge/DIA_DJG_713_Biff.d:191","Na dann, viel Glück.","그래, 행운을 빌지.","","False","DIA_Biff_WASHIERIMTAL_vielglueck_15_00","",""
"Scripts/Content/Story/Dialoge/DIA_DJG_713_Biff.d:192","Ich brauche kein Glück. Nur meine Axt.","행운 따윈 필요 없어. 내 도끼만 있으면 돼.","","False","DIA_Biff_WASHIERIMTAL_vielglueck_07_01","",""
"Scripts/Content/Story/Dialoge/DIA_DJG_713_Biff.d:207","Wie wär's, wenn du ab jetzt für mich arbeitest?","지금부터 나와 함께 일하는 건 어떤가?","","False","DIA_Biff_ARBEITEN.description","",""
"Scripts/Content/Story/Dialoge/DIA_DJG_713_Biff.d:222","Wie wär's, wenn du ab jetzt für mich arbeitest?","지금부터 나와 함께 일하는 건 어떤가?","","False","DIA_Biff_ARBEITEN_15_00","",""
"Scripts/Content/Story/Dialoge/DIA_DJG_713_Biff.d:228","Das hatten wir doch schon mal. Hat nicht besonders gut funktioniert. Danke, kein Interesse.","전에 그런 적이 있었지. 별로 좋지 않았어. 사양하지.","","False","DIA_Biff_ARBEITEN_07_01","",""
"Scripts/Content/Story/Dialoge/DIA_DJG_713_Biff.d:233","Mmh. Warum nicht? Was zahlst du?","음. 나쁠 건 없지. 얼마 줄 건데?","","False","DIA_Biff_ARBEITEN_07_02","",""
"Scripts/Content/Story/Dialoge/DIA_DJG_713_Biff.d:238","Du kannst froh sein, wenn ich dich leben lasse.","목숨을 부지하는 것만으로도 다행인 줄 알아라.","","False","DIA_Biff_ARBEITEN_Info.DIA_Biff_ARBEITEN.DIA_Biff_ARBEITEN_lebenlassen","Info_AddChoice",""
"Scripts/Content/Story/Dialoge/DIA_DJG_713_Biff.d:239","Du kriegst die Hälfte der Beute.","전리품의 절반을 주지.","","False","DIA_Biff_ARBEITEN_Info.DIA_Biff_ARBEITEN.DIA_Biff_ARBEITEN_HalbeHalbe","Info_AddChoice",""
"Scripts/Content/Story/Dialoge/DIA_DJG_713_Biff.d:240","Ich zahl dir erst mal 100 Goldmünzen","우선 100 금화를 주지.","","False","DIA_Biff_ARBEITEN_Info.DIA_Biff_ARBEITEN.DIA_Biff_ARBEITEN_100","Info_AddChoice",""
"Scripts/Content/Story/Dialoge/DIA_DJG_713_Biff.d:245","Ich zahl dir erstmal 100 Goldmünzen","우선 100 금화를 주지.","","False","DIA_Biff_ARBEITEN_100_15_00","",""
"Scripts/Content/Story/Dialoge/DIA_DJG_713_Biff.d:249","Na schön. Das ist immerhin ein Anfang. Geh vor. Ich folge dir.","좋아. 시작이 나쁘지 않군. 앞장서라. 따라갈 테니.","","False","DIA_Biff_ARBEITEN_100_07_01","",""
"Scripts/Content/Story/Dialoge/DIA_DJG_713_Biff.d:266","Du bekommst die Hälfte der Beute.","전리품의 절반을 주지.","","False","DIA_Biff_ARBEITEN_HalbeHalbe_15_00","",""
"Scripts/Content/Story/Dialoge/DIA_DJG_713_Biff.d:267","Das hört sich gut an. Aber ich warne dich, verarsch mich nicht, sonst wirst du es bereuen.","솔깃한 제안이군. 하지만 경고하는데, 나를 속이려 들면 후회하게 될 거야.","","False","DIA_Biff_ARBEITEN_HalbeHalbe_07_01","",""
"Scripts/Content/Story/Dialoge/DIA_DJG_713_Biff.d:268","Und noch was, ich will keine Waffe oder anderen Krempel, den du hier aufsammelst. Mich interessiert nur das Gold, kapiert?","그리고 한 가지 더, 네가 여기서 줍는 무기 따위 잡동사니는 필요 없어. 오직 금에만 관심이 있으니까, 알겠나?","","False","DIA_Biff_ARBEITEN_HalbeHalbe_07_02","",""
"Scripts/Content/Story/Dialoge/DIA_DJG_713_Biff.d:284","Aber, was sag ich. Das weißt du doch alles schon.","물론, 내가 이런 말을 할 필요도 없겠지만 말이야. 넌 이미 다 알고 있잖아.","","False","DIA_Biff_ARBEITEN_HalbeHalbe_07_03","",""
"Scripts/Content/Story/Dialoge/DIA_DJG_713_Biff.d:290","Du kannst froh sein, wenn ich dich leben lasse.","목숨을 부지하는 것만으로도 다행인 줄 알아라.","","False","DIA_Biff_ARBEITEN_lebenlassen_15_00","",""
"Scripts/Content/Story/Dialoge/DIA_DJG_713_Biff.d:328","Moment mal! Hast du nicht gesagt, die Hälfte deiner Beute gehört mir? Her damit!","잠깐만! 네 전리품의 절반은 내 몫이라고 하지 않았나? 이리 내놔!","","False","DIA_Biff_GELDEINTREIBEN_07_00","",""
"Scripts/Content/Story/Dialoge/DIA_DJG_713_Biff.d:335","Du bist mir zu teuer.","넌 너무 비싸.","","False","DIA_Biff_GELDEINTREIBEN_Info.DIA_Biff_GELDEINTREIBEN.DIA_Biff_GELDEINTREIBEN_zuTeuer","Info_AddChoice",""
"Scripts/Content/Story/Dialoge/DIA_DJG_713_Biff.d:336","Hier ist dein Anteil.","여기 네 몫이다.","","False","DIA_Biff_GELDEINTREIBEN_Info.DIA_Biff_GELDEINTREIBEN.DIA_Biff_GELDEINTREIBEN_geben","Info_AddChoice",""
"Scripts/Content/Story/Dialoge/DIA_DJG_713_Biff.d:341","Hier ist dein Anteil.","여기 네 몫이다.","","False","DIA_Biff_GELDEINTREIBEN_geben_15_00","",""
"Scripts/Content/Story/Dialoge/DIA_DJG_713_Biff.d:342","Alles klar. Lass uns weiter gehen.","좋아. 계속 가자.","","False","DIA_Biff_GELDEINTREIBEN_geben_07_01","",""
"Scripts/Content/Story/Dialoge/DIA_DJG_713_Biff.d:352","Du bist mir zu teuer.","넌 너무 비싸.","","False","DIA_Biff_GELDEINTREIBEN_zuTeuer_15_00","",""
"Scripts/Content/Story/Dialoge/DIA_DJG_713_Biff.d:353","Heul mir jetzt nicht die Ohren voll. Die Hälfte war abgemacht.","이제 와서 징징대지 마. 절반으로 약속했잖아.","","False","DIA_Biff_GELDEINTREIBEN_zuTeuer_07_01","",""
"Scripts/Content/Story/Dialoge/DIA_DJG_713_Biff.d:356","Ich fürchte, ich muß mich von dir trennen.","유감이지만, 여기서 갈라져야겠어.","","False","DIA_Biff_GELDEINTREIBEN_zuTeuer.DIA_Biff_GELDEINTREIBEN.DIA_Biff_GELDEINTREIBEN_zuTeuer_trennen","Info_AddChoice",""
"Scripts/Content/Story/Dialoge/DIA_DJG_713_Biff.d:357","Hier ist dein Anteil.","여기 네 몫이다.","","False","DIA_Biff_GELDEINTREIBEN_zuTeuer.DIA_Biff_GELDEINTREIBEN.DIA_Biff_GELDEINTREIBEN_geben","Info_AddChoice",""
"Scripts/Content/Story/Dialoge/DIA_DJG_713_Biff.d:363","Wie du willst. Dann muss ich mir eben meinen Anteil holen.","네 마음대로 해. 그럼 내 몫은 직접 챙겨야겠군.","","False","DIA_Biff_GELDEINTREIBEN_zuTeuer_trennen_07_01","",""
"Scripts/Content/Story/Dialoge/DIA_DJG_713_Biff.d:416","Ziemlich brenzlige Gegend hier. Geh du vor. Ich halte mich im Hintergrund.","여기는 꽤 위험한 지역이군. 네가 앞장서. 난 뒤에 있을 테니까.","","False","DIA_Biff_ICHBLEIBHIER_07_00","",""
"Scripts/Content/Story/Dialoge/DIA_DJG_713_Biff.d:460","(Biff wieder mitnehmen)","(비프를 다시 데려간다)","","False","DIA_Biff_Stay_AwayFromOC.description","",""
"Scripts/Content/Story/Dialoge/DIA_DJG_713_Biff.d:511","Verteil nicht dein ganzes Gold in der Weltgeschichte.","사방에 금을 뿌리고 다니지 마라.","","False","DIA_Biff_KOHLEWEGGEBEN_07_00","",""
"Scripts/Content/Story/Dialoge/DIA_DJG_713_Biff.d:512","Dann gib es lieber mir.","차라리 내게 주라고.","","False","DIA_Biff_KOHLEWEGGEBEN_07_01","",""
"Scripts/Content/Story/Dialoge/DIA_DJG_713_Biff.d:528","Ich denke, ab hier beenden wir unsere Zusammenarbeit.","여기서 우리의 협력은 끝내는 게 좋겠어.","","False","DIA_Biff_BIFFLOSWERDEN.description","",""
"Scripts/Content/Story/Dialoge/DIA_DJG_713_Biff.d:541","Ich denke, ab hier beenden wir unsere Zusammenarbeit.","여기서 우리의 협력은 끝내는 게 좋겠어.","","False","DIA_Biff_BIFFLOSWERDEN_15_00","",""
"Scripts/Content/Story/Dialoge/DIA_DJG_713_Biff.d:542","Wie du meinst. Ich kann mir auch was besseres vorstellen. Mach's gut.","마음대로 해. 나도 더 나은 생각이 있었으니까. 잘 가라고.","","False","DIA_Biff_BIFFLOSWERDEN_07_01","",""
"Scripts/Content/Story/Dialoge/DIA_DJG_713_Biff.d:578","So langsam bekomme ich das Gefühl, dass ich mehr Geld von dir bekommen sollte.","너한테서 돈을 더 받아야겠다는 생각이 점점 드는군.","","False","DIA_Biff_MEHRGELD_07_00","",""
"Scripts/Content/Story/Dialoge/DIA_DJG_713_Biff.d:582","Also 100 Goldmünzen sollten es schon sein.","금화 100 정도는 받아야겠어.","","False","DIA_Biff_MEHRGELD_07_01","",""
"Scripts/Content/Story/Dialoge/DIA_DJG_713_Biff.d:585","Keine Sorge. Ich hab natürlich nicht vergessen, dass wir die Beute teilen.","걱정 마. 전리품을 나눈다는 걸 잊은 건 아니니까.","","False","DIA_Biff_MEHRGELD_07_02","",""
"Scripts/Content/Story/Dialoge/DIA_DJG_713_Biff.d:586","Deshalb werde ich dich auch nicht so häufig damit nerven, mir mehr Geld zu geben.","그러니 돈을 더 달라고 귀찮게 굴 일은 별로 없을 거야.","","False","DIA_Biff_MEHRGELD_07_03","",""
"Scripts/Content/Story/Dialoge/DIA_DJG_713_Biff.d:592","Ich will weitere 100 Goldmünzen.","금화 100를 더 원한다.","","False","DIA_Biff_MEHRGELD_07_04","",""
"Scripts/Content/Story/Dialoge/DIA_DJG_713_Biff.d:597","Du bist mir zu teuer.","넌 너무 비싸.","","False","DIA_Biff_MEHRGELD_Info.DIA_Biff_MEHRGELD.DIA_Biff_MEHRGELD_zuTeuer","Info_AddChoice",""
"Scripts/Content/Story/Dialoge/DIA_DJG_713_Biff.d:598","In Ordnung. Du bist es wert.","좋아. 그럴 가치가 있지.","","False","DIA_Biff_MEHRGELD_Info.DIA_Biff_MEHRGELD.DIA_Biff_MEHRGELD_ok","Info_AddChoice",""
"Scripts/Content/Story/Dialoge/DIA_DJG_713_Biff.d:603","In Ordnung. Du bist es wert.","좋아. 그럴 가치가 있지.","","False","DIA_Biff_MEHRGELD_ok_15_00","",""
"Scripts/Content/Story/Dialoge/DIA_DJG_713_Biff.d:607","Das will ich meinen. Dann also weiter.","그럴 줄 알았지. 그럼 계속 가자고.","","False","DIA_Biff_MEHRGELD_ok_07_01","",""
"Scripts/Content/Story/Dialoge/DIA_DJG_713_Biff.d:620","Du armer Schlucker kannst ja nicht mal einen Waffenknecht bezahlen.","불쌍한 녀석, 무장병 하나 고용할 돈도 없나 보네.","","False","DIA_Biff_MEHRGELD_ok_07_02","",""
"Scripts/Content/Story/Dialoge/DIA_DJG_713_Biff.d:621","Ich such mir lieber einen anderen Geschäftspartner.","다른 사업 파트너를 찾아보는 게 좋겠어.","","False","DIA_Biff_MEHRGELD_ok_07_03","",""
"Scripts/Content/Story/Dialoge/DIA_DJG_713_Biff.d:634","Du bist mir zu teuer.","넌 너무 비싸.","","False","DIA_Biff_MEHRGELD_zuTeuer_15_00","",""
"Scripts/Content/Story/Dialoge/DIA_DJG_713_Biff.d:635","Dann mach gefälligst deinen Dreck von jetzt an alleine.","그럼 앞으로는 네 일이나 혼자 알아서 해.","","False","DIA_Biff_MEHRGELD_zuTeuer_07_01","",""
"Scripts/Content/Story/Dialoge/DIA_DJG_713_Biff.d:654","Brauchst du Heilung?","포션이 좀 필요해?","","False","DIA_Biff_HEILUNG.description","",""
"Scripts/Content/Story/Dialoge/DIA_DJG_713_Biff.d:667","Brauchst du Heilung?","치유 포션이 필요해?","","False","DIA_Biff_HEILUNG_15_00","",""
"Scripts/Content/Story/Dialoge/DIA_DJG_713_Biff.d:668","Klar. Schaden kann's nicht.","물론이지. 나쁠 건 없으니까.","","False","DIA_Biff_HEILUNG_07_01","",""
"Scripts/Content/Story/Dialoge/DIA_DJG_713_Biff.d:671","Ich werde dir später etwas geben.","나중에 뭔가 주지.","","False","DIA_Biff_HEILUNG_Info.DIA_Biff_HEILUNG.DIA_Biff_HEILUNG_spaeter","Info_AddChoice",""
"Scripts/Content/Story/Dialoge/DIA_DJG_713_Biff.d:672","(den kleinsten Heiltrank.)","(가장 작은 포션을.)","","False","DIA_Biff_HEILUNG_Info.DIA_Biff_HEILUNG.DIA_Biff_HEILUNG_heiltrankLow","Info_AddChoice",""
"Scripts/Content/Story/Dialoge/DIA_DJG_713_Biff.d:673","(den besten Heiltrank.)","(가장 좋은 포션을.)","","False","DIA_Biff_HEILUNG_Info.DIA_Biff_HEILUNG.DIA_Biff_HEILUNG_heiltrank","Info_AddChoice",""
"Scripts/Content/Story/Dialoge/DIA_DJG_713_Biff.d:692","Ich schätze, ich muss warten, bis du einen übrig hast.","네가 하나 남을 때까지 기다려야겠군.","","False","DIA_Biff_HEILUNG_heiltrank_07_00","",""
"Scripts/Content/Story/Dialoge/DIA_DJG_713_Biff.d:714","Im Moment hast du leider keinen. Ich komm später noch mal darauf zurück.","안타깝게도 지금은 가진 게 없군. 나중에 다시 오지.","","False","DIA_Biff_HEILUNG_heiltrankLow_07_00","",""
"Scripts/Content/Story/Dialoge/DIA_DJG_713_Biff.d:722","Ich werde dir später etwas geben.","나중에 뭔가 주지.","","False","DIA_Biff_HEILUNG_spaeter_15_00","",""
"Scripts/Content/Story/Dialoge/DIA_DJG_713_Biff.d:723","Vergiss es aber nicht.","하지만 잊지 마.","","False","DIA_Biff_HEILUNG_spaeter_07_01","",""
"Scripts/Content/Story/Dialoge/DIA_DJG_713_Biff.d:737","Das wäre geschafft. Alle Drachen sind tot.","이거 끝났군. 모든 드래곤들이 죽었어.","","False","DIA_Biff_DRACHENTOT.description","",""
"Scripts/Content/Story/Dialoge/DIA_DJG_713_Biff.d:750","Das wäre geschafft. Alle Drachen sind tot.","이거 끝났군. 모든 드래곤들이 죽었어.","","False","DIA_Biff_DRACHENTOT_15_00","",""
"Scripts/Content/Story/Dialoge/DIA_DJG_713_Biff.d:751","Ja. Und ich stehe noch.","그래. 그리고 난 아직 서 있지.","","False","DIA_Biff_DRACHENTOT_07_01","",""
"Scripts/Content/Story/Dialoge/DIA_DJG_713_Biff.d:752","Bist du dir sicher, dass es der letzte war?","그게 마지막이었다는 게 확실해?","","False","DIA_Biff_DRACHENTOT_07_02","",""
"Scripts/Content/Story/Dialoge/DIA_DJG_713_Biff.d:753","Ich denke schon.","그렇겠지.","","False","DIA_Biff_DRACHENTOT_15_03","",""
"Scripts/Content/Story/Dialoge/DIA_DJG_713_Biff.d:754","Schade. Ich war gerade so schön in Fahrt.","유감인걸. 이제 막 재미있어지려던 참이었는데.","","False","DIA_Biff_DRACHENTOT_07_04","",""
"Scripts/Content/Story/Dialoge/DIA_DJG_713_Biff.d:776","Lust auf eine kleine Weltreise?","작은 세계 여행이라도 떠나볼 생각 없나?","","False","DIA_Biff_KnowWhereEnemy.description","",""
"Scripts/Content/Story/Dialoge/DIA_DJG_713_Biff.d:790","Lust auf eine kleine Weltreise?","작은 세계 여행이라도 떠나볼 생각 없나?","","False","DIA_Biff_KnowWhereEnemy_15_00","",""
"Scripts/Content/Story/Dialoge/DIA_DJG_713_Biff.d:791","Was?","뭐?","","False","DIA_Biff_KnowWhereEnemy_07_01","",""
"Scripts/Content/Story/Dialoge/DIA_DJG_713_Biff.d:795","Schon gut. Mein Schiff ist ohnehin schon voll.","됐어. 어차피 내 배는 이미 만원이야.","","False","DIA_Biff_KnowWhereEnemy_15_02","",""
"Scripts/Content/Story/Dialoge/DIA_DJG_713_Biff.d:796","Hör auf mich zu verarschen, Mann.","나를 놀리는 건 그만둬, 친구.","","False","DIA_Biff_KnowWhereEnemy_07_03","",""
"Scripts/Content/Story/Dialoge/DIA_DJG_713_Biff.d:800","Ich werde Khorinis verlassen und auf einer Insel nach neuen Gegnern suchen.","난 코리니스를 떠나 새로운 적을 찾아 섬으로 갈 거야.","","False","DIA_Biff_KnowWhereEnemy_15_04","",""
"Scripts/Content/Story/Dialoge/DIA_DJG_713_Biff.d:803","Aber das nur so am Rande.","그냥 그렇다는 말이야.","","False","DIA_Biff_KnowWhereEnemy_Info.DIA_Biff_KnowWhereEnemy.DIA_Biff_KnowWhereEnemy_No","Info_AddChoice",""
"Scripts/Content/Story/Dialoge/DIA_DJG_713_Biff.d:804","Komm doch mit.","같이 갈래?","","False","DIA_Biff_KnowWhereEnemy_Info.DIA_Biff_KnowWhereEnemy.DIA_Biff_KnowWhereEnemy_Yes","Info_AddChoice",""
"Scripts/Content/Story/Dialoge/DIA_DJG_713_Biff.d:810","Komm doch mit.","같이 갈래?","","False","DIA_Biff_KnowWhereEnemy_Yes_15_00","",""
"Scripts/Content/Story/Dialoge/DIA_DJG_713_Biff.d:811","Mehr Gegner sind mir egal. Ich will ...","적 따위는 상관없어. 난...","","False","DIA_Biff_KnowWhereEnemy_Yes_07_01","",""
"Scripts/Content/Story/Dialoge/DIA_DJG_713_Biff.d:812","Dort, wo wir hingehen, wird es mehr Gold geben, als du tragen kannst.","우리가 가는 곳에는 네가 들 수 없을 만큼 많은 금이 있을 거다.","","False","DIA_Biff_KnowWhereEnemy_Yes_15_02","",""
"Scripts/Content/Story/Dialoge/DIA_DJG_713_Biff.d:813","Wenn das so ist, bin ich dabei. Wo geht's hin?","그렇다면 나도 끼지. 어디로 가는 거지?","","False","DIA_Biff_KnowWhereEnemy_Yes_07_03","",""
"Scripts/Content/Story/Dialoge/DIA_DJG_713_Biff.d:814","Wir müssen dich erst mal aus dem Minental heraus holen.","먼저 너를 광산 밸리에서 빼내야 해.","","False","DIA_Biff_KnowWhereEnemy_Yes_15_04","",""
"Scripts/Content/Story/Dialoge/DIA_DJG_713_Biff.d:815","Kein Problem. Ich bin schon unterwegs. Treff mich am Pass.","문제없어. 지금 가는 중이야. 통행로에서 만나자고.","","False","DIA_Biff_KnowWhereEnemy_Yes_07_05","",""
"Scripts/Content/Story/Dialoge/DIA_DJG_713_Biff.d:835","Aber das nur so am Rande.","그냥 그렇다는 말이야.","","False","DIA_Biff_KnowWhereEnemy_No_15_00","",""
"Scripts/Content/Story/Dialoge/DIA_DJG_713_Biff.d:836","So so. Na dann, viel Spaß.","그래. 그럼 잘 즐겨보라고.","","False","DIA_Biff_KnowWhereEnemy_No_07_01","",""
"Scripts/Content/Story/Dialoge/DIA_DJG_713_Biff.d:852","Schaffst du's über den Pass?","통행로를 넘어갈 수 있겠어?","","False","DIA_Biff_Pass.description","",""
"Scripts/Content/Story/Dialoge/DIA_DJG_713_Biff.d:866","Schaffst du's über den Pass?","통행로를 넘어갈 수 있겠어?","","False","DIA_Biff_Pass_15_00","",""
"Scripts/Content/Story/Dialoge/DIA_DJG_713_Biff.d:867","Quatsch hier nicht rum. Geh weiter. Ich will endlich rüber.","헛소리 집어치워. 계속 가. 어서 건너가고 싶으니까.","","False","DIA_Biff_Pass_07_01","",""
"Scripts/Content/Story/Dialoge/DIA_DJG_713_Biff_DI.d:47","Und? Wo sind nun die Reichtümer, die du mir versprochen hast?","그래서? 네가 약속했던 부유함은 어디 있는 거지?","","False","DIA_Biff_DI_HALLO_07_00","",""
"Scripts/Content/Story/Dialoge/DIA_DJG_713_Biff_DI.d:51","Was hab ich dir denn vorhin auf See gesagt?","아까 바다에서 내가 뭐라고 했지?","","False","DIA_Biff_DI_HALLO_15_01","",""
"Scripts/Content/Story/Dialoge/DIA_DJG_713_Biff_DI.d:54","Deine Aufgabe ist erstmal, dieses Schiff zu bewachen.","일단 네 임무는 이 배를 지키는 거야.","","False","DIA_Biff_DI_HALLO_15_02","",""
"Scripts/Content/Story/Dialoge/DIA_DJG_713_Biff_DI.d:55","Ich habe keine Lust zurückzuschwimmen.","헤엄쳐서 돌아가고 싶진 않거든.","","False","DIA_Biff_DI_HALLO_15_03","",""
"Scripts/Content/Story/Dialoge/DIA_DJG_713_Biff_DI.d:56","So ein Dreck. Wenn ich das gewusst hätte, wäre ich in Khorinis geblieben.","빌어먹을. 이걸 알았더라면 코리니스에 남았을 텐데.","","False","DIA_Biff_DI_HALLO_07_04","",""
"Scripts/Content/Story/Dialoge/DIA_DJG_713_Biff_DI.d:70","Auf dem Schiff alles klar?","배에는 이상 없나?","","False","DIA_Biff_DI_perm.description","",""
"Scripts/Content/Story/Dialoge/DIA_DJG_713_Biff_DI.d:84","Auf dem Schiff alles klar?","배에는 이상 없나?","","False","DIA_Biff_DI_perm_15_00","",""
"Scripts/Content/Story/Dialoge/DIA_DJG_713_Biff_DI.d:85","(genervt) Ja, ja. Alles ruhig.","(짜증 내며) 그래, 그래. 조용하다고.","","False","DIA_Biff_DI_perm_07_01","",""
"Scripts/Content/Story/Dialoge/DIA_DJG_713_Biff_DI.d:113","Diese Drecksviecher!","이 더러운 녀석들!","","False","DIA_Biff_DI_ORKS_07_00","",""
"Scripts/Content/Story/Dialoge/DIA_DJG_713_Biff_DI.d:114","Was machst du hier oben, verdammt! Du sollst auf das Schiff aufpassen.","이 위에서 뭐 하는 거야, 젠장! 배를 지키기로 되어 있었잖아.","","False","DIA_Biff_DI_ORKS_15_01","",""
"Scripts/Content/Story/Dialoge/DIA_DJG_713_Biff_DI.d:115","Das geht schon nicht unter, Mann.","당장 가라앉진 않아, 친구.","","False","DIA_Biff_DI_ORKS_07_02","",""
"Scripts/Content/Story/Dialoge/DIA_DJG_713_Biff_DI.d:143","War's das jetzt?","이제 끝난 건가?","","False","DIA_Biff_DI_UNDEADDRGDEAD_07_00","",""
"Scripts/Content/Story/Dialoge/DIA_DJG_713_Biff_DI.d:144","Das war's jetzt.","이제 끝났어.","","False","DIA_Biff_DI_UNDEADDRGDEAD_15_01","",""
"Scripts/Content/Story/Dialoge/DIA_DJG_713_Biff_DI.d:145","Kann ich mir jetzt ...","이제 내가...","","False","DIA_Biff_DI_UNDEADDRGDEAD_07_02","",""
"Scripts/Content/Story/Dialoge/DIA_DJG_713_Biff_DI.d:146","Von mir aus kannst du die ganze Insel plündern.","내 알 바 아니니 섬 전체를 약탈해도 좋아.","","False","DIA_Biff_DI_UNDEADDRGDEAD_15_03","",""
"Scripts/Content/Story/Dialoge/DIA_DJG_713_Biff_DI.d:147","Klasse.","좋았어.","","False","DIA_Biff_DI_UNDEADDRGDEAD_07_04","",""
"Scripts/Content/Story/Dialoge/DIA_DJG_713_Biff_DI.d:177","Verdammt. Nicht jetzt.","젠장. 지금은 아니야.","","False","DIA_Biff_DI_plunder_07_00","",""
"Scripts/Content/Story/Dialoge/DIA_DJG_713_Biff_NW.d:34","So. Bald geht's los.","좋아. 곧 시작될 거야.","","False","DIA_Biff_NW_HAfen.description","",""
"Scripts/Content/Story/Dialoge/DIA_DJG_713_Biff_NW.d:44","So. Bald geht's los.","좋아. 곧 시작될 거야.","","False","DIA_Biff_NW_HAfen_15_00","",""
"Scripts/Content/Story/Dialoge/DIA_DJG_713_Biff_NW.d:45","Da bin ich ja mal gespannt.","기대되는걸.","","False","DIA_Biff_NW_HAfen_07_01","",""
"Scripts/Content/Story/Dialoge/DIA_DJG_714_Jan.d:48","War eine Riesenschnapsidee, hier herzukommen.","여기에 온 건 정말 말도 안 되는 멍청한 짓이었어.","","False","DIA_Jan_Hello_10_00","",""
"Scripts/Content/Story/Dialoge/DIA_DJG_714_Jan.d:49","Ich dachte, hier gibt's was zu holen. Aber hier ist nichts, außer ein paar eingebildeten Paladinen und Orks.","여기에 뭔가 건질 게 있을 줄 알았지. 하지만 오만방자한 팔라딘 몇 명과 오크들 외에는 아무것도 없어.","","False","DIA_Jan_Hello_10_01","",""
"Scripts/Content/Story/Dialoge/DIA_DJG_714_Jan.d:61","Du hast die Drachen vergessen!","드래곤들을 잊었군!","","False","DIA_JAN_Dragons.description","",""
"Scripts/Content/Story/Dialoge/DIA_DJG_714_Jan.d:77","Du hast die Drachen vergessen!","드래곤들을 잊었군!","","False","DIA_Jan_Dragons_15_00","",""
"Scripts/Content/Story/Dialoge/DIA_DJG_714_Jan.d:78","(spöttisch) Wie konnte ich die nur vergessen. Ich sag dir mal was. Ich bin Schmied, kein Kämpfer.","(비웃으며) 내가 그걸 어떻게 잊겠어. 한 가지 말해 주지. 난 전사가 아니라 대장장이야.","","False","DIA_Jan_Dragons_10_01","",""
"Scripts/Content/Story/Dialoge/DIA_DJG_714_Jan.d:79","Ich stelle Waffen her, das Kämpfen überlasse ich lieber anderen.","난 무기를 만들 뿐, 싸우는 건 다른 이들에게 맡기지.","","False","DIA_Jan_Dragons_10_02","",""
"Scripts/Content/Story/Dialoge/DIA_DJG_714_Jan.d:80","Warum stehst du dann nicht hinter dem Amboss?","그럼 왜 모루 뒤에 서 있지 않은 거지?","","False","DIA_Jan_Dragons_15_03","",""
"Scripts/Content/Story/Dialoge/DIA_DJG_714_Jan.d:81","Die Paladine hier lassen mich nicht in die Schmiede. Ich darf hier nichts machen, sonst wandere ich direkt in den Kerker.","여기의 팔라딘들이 나를 대장간에 들여보내 주지 않아. 여기서 뭘 하든 당장 지하 감옥으로 끌려갈 판이라고.","","False","DIA_Jan_Dragons_10_04","",""
"Scripts/Content/Story/Dialoge/DIA_DJG_714_Jan.d:85","Du gehörst doch auch zu dem Verein. Du könntest eigentlich mal ein gutes Wort für mich einlegen.","너도 한패잖아. 내게 좋은 말이라도 좀 해줄 수 있는 거 아니야?","","False","DIA_Jan_Dragons_10_05","",""
"Scripts/Content/Story/Dialoge/DIA_DJG_714_Jan.d:89","Ich muß weiter.","난 가봐야겠어.","","False","DIA_Jan_Dragons_Info.DIA_JAN_Dragons.DIA_JAN_Dragons_ShitHappen","Info_AddChoice",""
"Scripts/Content/Story/Dialoge/DIA_DJG_714_Jan.d:90","Was krieg ich, wenn ich dir helfe?","내가 도와주면 뭘 줄 건데?","","False","DIA_Jan_Dragons_Info.DIA_JAN_Dragons.DIA_JAN_Dragons_Reward","Info_AddChoice",""
"Scripts/Content/Story/Dialoge/DIA_DJG_714_Jan.d:91","Ich werde versuche dir zu helfen.","너를 도와주도록 노력해 보겠어.","","False","DIA_Jan_Dragons_Info.DIA_JAN_Dragons.DIA_JAN_Dragons_HelpYou","Info_AddChoice",""
"Scripts/Content/Story/Dialoge/DIA_DJG_714_Jan.d:96","Ich werde versuchen, dir zu helfen.","너를 도와주도록 노력해 보겠어.","","False","DIA_JAN_Dragons_HelpYou_15_00","",""
"Scripts/Content/Story/Dialoge/DIA_DJG_714_Jan.d:97","Wie willst du das denn erreichen? Parcival hat befohlen, uns im Auge zu behalten.","네가 그걸 어떻게 해내겠어? 파르시발이 우리를 감시하라고 명령했단 말이야.","","False","DIA_JAN_Dragons_HelpYou_10_01","",""
"Scripts/Content/Story/Dialoge/DIA_DJG_714_Jan.d:98","Niemand wird wagen, sich darüber hinwegzusetzen.","감히 그 명령을 무시할 사람은 없을걸.","","False","DIA_JAN_Dragons_HelpYou_10_02","",""
"Scripts/Content/Story/Dialoge/DIA_DJG_714_Jan.d:99","Ich werde versuchen, was ich kann.","최선을 다해 볼게.","","False","DIA_JAN_Dragons_HelpYou_15_03","",""
"Scripts/Content/Story/Dialoge/DIA_DJG_714_Jan.d:100","Ich kann mir nicht vorstellen, dass er auf dich hört.","그가 네 말을 들을 거라고는 생각되지 않는걸.","","False","DIA_JAN_Dragons_HelpYou_10_04","",""
"Scripts/Content/Story/Dialoge/DIA_DJG_714_Jan.d:112","Was kriege ich, wenn ich dir helfe?","내가 도와주면 뭘 줄 건데?","","False","DIA_JAN_Dragons_Reward_15_00","",""
"Scripts/Content/Story/Dialoge/DIA_DJG_714_Jan.d:113","Ich habe nichts. Ich könnte dir höchstens etwas beibringen.","가진 건 없어. 기껏해야 뭔가를 가르쳐 줄 수는 있겠지.","","False","DIA_JAN_Dragons_Reward_10_01","",""
"Scripts/Content/Story/Dialoge/DIA_DJG_714_Jan.d:117","Ich kenne eine Methode, wie man Klingen aus magischem Erz noch härter machen kann.","마법 광석으로 만든 칼날을 훨씬 더 단단하게 만드는 방법을 알고 있거든.","","False","DIA_JAN_Dragons_Reward_10_02","",""
"Scripts/Content/Story/Dialoge/DIA_DJG_714_Jan.d:125","Ich muss weiter.","이만 가봐야겠어.","","False","DIA_JAN_Dragons_ShitHappen_15_00","",""
"Scripts/Content/Story/Dialoge/DIA_DJG_714_Jan.d:126","Großartig. Ich komme nicht mehr aus der Burg raus und schmieden kann ich auch nicht.","최고군. 이제 성 밖으로 나갈 수도 없고 물건을 만들 수도 없게 됐어.","","False","DIA_JAN_Dragons_ShitHappen_10_01","",""
"Scripts/Content/Story/Dialoge/DIA_DJG_714_Jan.d:140","Wo kommst du her?","어디서 왔나?","","False","DIA_JAN_Home.description","",""
"Scripts/Content/Story/Dialoge/DIA_DJG_714_Jan.d:155","Wo kommst du her?","어디서 왔나?","","False","DIA_Jan_Home_15_00","",""
"Scripts/Content/Story/Dialoge/DIA_DJG_714_Jan.d:156","Ich hab mich ein paar Männern aus den Bergen angeschlossen. Wir wollten ins Tal und bei der Drachenjagd richtig Gewinn machen.","산에서 온 사내들 몇 명과 합류했지. 우리는 밸리로 가서 드래곤 사냥으로 한 몫 단단히 챙기려던 참이었어.","","False","DIA_Jan_Home_10_01","",""
"Scripts/Content/Story/Dialoge/DIA_DJG_714_Jan.d:157","Ihr Anführer hieß Sylvio. Junge, war das ein Arsch. Er hat mich behandelt, als wäre ich sein Eigentum.","그들의 우두머리 이름은 실비오였지. 이봐, 정말이지 재수 없는 녀석이었어. 날 자기 소유물처럼 대했다니까.","","False","DIA_Jan_Home_10_02","",""
"Scripts/Content/Story/Dialoge/DIA_DJG_714_Jan.d:170","Was ist in der Burg alles passiert?","성 안에서는 무슨 일들이 있었나?","","False","DIA_JAN_OldCamp.description","",""
"Scripts/Content/Story/Dialoge/DIA_DJG_714_Jan.d:185","Was ist in der Burg alles passiert?","성 안에서는 무슨 일들이 있었나?","","False","DIA_Jan_OldCamp_15_00","",""
"Scripts/Content/Story/Dialoge/DIA_DJG_714_Jan.d:186","Nichts, was ich mitbekommen hätte. Allerdings mach ich mir Sorgen über das, was VOR der Burg passiert ist.","내가 아는 한 특별한 건 없어. 물론 성 밖에서 일어난 일에 대해서는 걱정하고 있지만 말이야.","","False","DIA_Jan_OldCamp_10_01","",""
"Scripts/Content/Story/Dialoge/DIA_DJG_714_Jan.d:198","Ich hab mit Parcival geredet.","파르시발과 얘기해 봤어.","","False","DIA_JAN_Parcival.description","",""
"Scripts/Content/Story/Dialoge/DIA_DJG_714_Jan.d:213","Ich hab mit Parcival geredet.","파르시발과 얘기해 봤어.","","False","DIA_Jan_Parcival_15_00","",""
"Scripts/Content/Story/Dialoge/DIA_DJG_714_Jan.d:214","Und?","그래서?","","False","DIA_Jan_Parcival_10_01","",""
"Scripts/Content/Story/Dialoge/DIA_DJG_714_Jan.d:218","Er traut uns Drachenjägern nicht.","그는 우리 드래곤 사냥꾼들을 믿지 않아.","","False","DIA_Jan_Parcival_15_02","",""
"Scripts/Content/Story/Dialoge/DIA_DJG_714_Jan.d:222","Er traut euch Drachenjägern nicht.","그는 너희 드래곤 사냥꾼들을 믿지 않아.","","False","DIA_Jan_Parcival_15_03","",""
"Scripts/Content/Story/Dialoge/DIA_DJG_714_Jan.d:225","Verdammt. Ich will doch nur arbeiten.","젠장. 난 그저 일하고 싶을 뿐이라고.","","False","DIA_Jan_Parcival_10_04","",""
"Scripts/Content/Story/Dialoge/DIA_DJG_714_Jan.d:226","Dann kann ich das wohl aufgeben. Nur Garond könnte mir weiterhelfen.","그럼 포기해야겠군. 가론드만이 나를 도와줄 수 있을 거야.","","False","DIA_Jan_Parcival_10_05","",""
"Scripts/Content/Story/Dialoge/DIA_DJG_714_Jan.d:238","Hol deinen Hammer, du hast Arbeit.","망치를 가져와, 일할 시간이야.","","False","DIA_JAN_JanIsSmith.description","",""
"Scripts/Content/Story/Dialoge/DIA_DJG_714_Jan.d:252","Hol deinen Hammer, du hast Arbeit.","망치를 가져와, 일할 시간이야.","","False","DIA_Jan_JanIsSmith_15_00","",""
"Scripts/Content/Story/Dialoge/DIA_DJG_714_Jan.d:253","Du hast es geschafft? Wie hast du das denn angestellt?","해냈다고? 어떻게 해낸 거야?","","False","DIA_Jan_JanIsSmith_10_01","",""
"Scripts/Content/Story/Dialoge/DIA_DJG_714_Jan.d:254","Ich musste für dich bürgen, also enttäusch mich nicht.","내가 너를 보증해야 했으니 실망시키지 마.","","False","DIA_Jan_JanIsSmith_15_02","",""
"Scripts/Content/Story/Dialoge/DIA_DJG_714_Jan.d:255","Du kannst ganz beruhigt sein. Ich bin froh, dass ich überhaupt arbeiten kann.","걱정 마. 일할 수 있게 된 것만으로도 기쁘니까.","","False","DIA_Jan_JanIsSmith_10_03","",""
"Scripts/Content/Story/Dialoge/DIA_DJG_714_Jan.d:271","Verkaufst du Waffen?","무기를 좀 팔고 있나?","","False","DIA_JAN_SellWeapons.description","",""
"Scripts/Content/Story/Dialoge/DIA_DJG_714_Jan.d:287","Verkaufst du Waffen?","무기를 좀 팔고 있나?","","False","DIA_Jan_SellWeapons_15_00","",""
"Scripts/Content/Story/Dialoge/DIA_DJG_714_Jan.d:291","Von wegen. Und dann werde ich wegen Schwarzhandel von deinen Kollegen hier in den Knast gesteckt, was? Ne, lass das mal.","말도 마. 그러다간 너희 동료들한테 암거래 혐의로 감옥에 끌려갈 걸? 아니, 됐어.","","False","DIA_Jan_SellWeapons_10_01","",""
"Scripts/Content/Story/Dialoge/DIA_DJG_714_Jan.d:295","Ich würde, wenn ich könnte. Doch zunächst muss ich die Paladine hier in der Burg mit Waffen versorgen.","그럴 수만 있다면 좋겠지. 하지만 우선은 성 안의 팔라딘들에게 무기를 공급해야 해.","","False","DIA_Jan_SellWeapons_10_02","",""
"Scripts/Content/Story/Dialoge/DIA_DJG_714_Jan.d:298","Aber ich kann dir zeigen, wie du selber deine Waffe schmieden kannst.","대신 직접 무기를 단조하는 법을 가르쳐 줄 수는 있어.","","False","DIA_Jan_SellWeapons_10_03","",""
"Scripts/Content/Story/Dialoge/DIA_DJG_714_Jan.d:313","Bring mir Schmieden bei.","대장기술을 가르쳐 다오.","","False","Jan_Training_Talente.description","",""
"Scripts/Content/Story/Dialoge/DIA_DJG_714_Jan.d:328","Bring mir Schmieden bei.","대장기술을 가르쳐 다오.","","False","DIA_Jan_TeachPlayer_15_00","",""
"Scripts/Content/Story/Dialoge/DIA_DJG_714_Jan.d:329","Was genau willst du schmieden?","정확히 무엇을 만들고 싶은 거지?","","False","DIA_Jan_TeachPlayer_10_01","",""
"Scripts/Content/Story/Dialoge/DIA_DJG_714_Jan.d:416","Kann ich bei dir eine Rüstung kaufen?","너한테 방어구를 좀 살 수 있을까?","","False","DIA_JAN_SellArmor.description","",""
"Scripts/Content/Story/Dialoge/DIA_DJG_714_Jan.d:432","Kann ich bei dir eine Rüstung kaufen?","너한테 방어구를 좀 살 수 있을까?","","False","DIA_Jan_SellArmor_15_00","",""
"Scripts/Content/Story/Dialoge/DIA_DJG_714_Jan.d:436","Nichts, was besser wäre als deine Rüstung. Also sollten wir das lassen.","네 방어구보다 더 나은 건 없어. 그러니 그만두는 게 좋겠어.","","False","DIA_Jan_SellArmor_10_01","",""
"Scripts/Content/Story/Dialoge/DIA_DJG_714_Jan.d:440","Ein Magier, der eine Rüstung haben will? Nein, du solltest einen Schneider aufsuchen. Ich kann dir keine Rüstung machen.","방어구를 원하는 마법사라니? 됐어 - 재단사나 찾아가라고. 네 방어구는 만들어 줄 수 없으니까.","","False","DIA_Jan_SellArmor_10_02","",""
"Scripts/Content/Story/Dialoge/DIA_DJG_714_Jan.d:444","Wenn ich welche hätte, würde ich sie dir verkaufen. Leider habe ich keine.","가지고 있는 게 있다면 팔았겠지만, 안타깝게도 없거든.","","False","DIA_Jan_SellArmor_10_03","",""
"Scripts/Content/Story/Dialoge/DIA_DJG_714_Jan.d:447","Da kann man wohl nichts machen.","어쩔 수 없지.","","False","DIA_Jan_SellArmor_Info.DIA_JAN_SellArmor.DIA_JAN_SellArmor_Sorry","Info_AddChoice",""
"Scripts/Content/Story/Dialoge/DIA_DJG_714_Jan.d:448","Kannst du mir denn eine anfertigen?","그럼 나를 위해 하나 만들어 줄 수 있나?","","False","DIA_Jan_SellArmor_Info.DIA_JAN_SellArmor.DIA_JAN_SellArmor_BuildOne","Info_AddChoice",""
"Scripts/Content/Story/Dialoge/DIA_DJG_714_Jan.d:454","Da kann man wohl nichts machen.","어쩔 수 없지.","","False","DIA_JAN_SellArmor_Sorry_15_00","",""
"Scripts/Content/Story/Dialoge/DIA_DJG_714_Jan.d:455","Wenn du doch was hast, melde dich einfach wieder bei mir.","나중에 뭔가 생기면 내게 다시 얘기해 줘.","","False","DIA_JAN_SellArmor_Sorry_10_01","",""
"Scripts/Content/Story/Dialoge/DIA_DJG_714_Jan.d:462","Kannst du mir denn eine anfertigen?","그럼 나를 위해 하나 만들어 줄 수 있나?","","False","DIA_JAN_SellArmor_BuildOne_15_00","",""
"Scripts/Content/Story/Dialoge/DIA_DJG_714_Jan.d:463","Nun, wenn du was Besseres haben willst, musst du mir schon die Materialen beschaffen.","음, 더 좋은 걸 원한다면 네가 직접 재료를 가져와야 할 거야.","","False","DIA_JAN_SellArmor_BuildOne_10_01","",""
"Scripts/Content/Story/Dialoge/DIA_DJG_714_Jan.d:464","Was brauchst du?","무엇이 필요하지?","","False","DIA_JAN_SellArmor_BuildOne_15_02","",""
"Scripts/Content/Story/Dialoge/DIA_DJG_714_Jan.d:465","Du willst doch gegen die Drachen kämpfen. Bring mir Drachenschuppen, damit müsste ich dir was zusammenzimmern können.","드래곤과 싸우고 싶겠지. 드래곤 비늘을 가져와. 그걸로 뭔가 만들어 줄 수 있을 테니까.","","False","DIA_JAN_SellArmor_BuildOne_10_03","",""
"Scripts/Content/Story/Dialoge/DIA_DJG_714_Jan.d:466","20 Stück sollten reichen.","20개 정도면 충분할 거야.","","False","DIA_JAN_SellArmor_BuildOne_10_04","",""
"Scripts/Content/Story/Dialoge/DIA_DJG_714_Jan.d:486","Ich habe die Drachenschuppen für dich.","너한테 줄 드래곤 비늘을 가져왔어.","","False","DIA_JAN_Dragonscales.description","",""
"Scripts/Content/Story/Dialoge/DIA_DJG_714_Jan.d:505","Ich habe die Drachenschuppen für dich.","너한테 줄 드래곤 비늘을 가져왔어.","","False","DIA_JAN_Dragonscales_15_00","",""
"Scripts/Content/Story/Dialoge/DIA_DJG_714_Jan.d:509","Gut, damit wird sich was machen lassen.","좋아, 이걸로 뭔가 만들어 볼 수 있겠군.","","False","DIA_JAN_Dragonscales_10_01","",""
"Scripts/Content/Story/Dialoge/DIA_DJG_714_Jan.d:510","Komm morgen wieder, dann sollte das Teil eigentlich fertig sein.","내일 다시 오게. 그럼 그 물건도 아마 완성되어 있을 걸세.","","False","DIA_JAN_Dragonscales_10_02","",""
"Scripts/Content/Story/Dialoge/DIA_DJG_714_Jan.d:522","Ich brauche 20 Drachenschuppen, sonst kann ich dir keine Rüstung bauen.","20개의 드래곤 가죽이 필요하다네. 그렇지 않으면 방어구를 만들어 줄 수 없어.","","False","DIA_JAN_Dragonscales_10_03","",""
"Scripts/Content/Story/Dialoge/DIA_DJG_714_Jan.d:541","Ist die Rüstung fertig?","방어구는 다 되었나?","","False","DIA_JAN_ArmorReady.description","",""
"Scripts/Content/Story/Dialoge/DIA_DJG_714_Jan.d:556","Ist die Rüstung fertig?","방어구는 다 되었나?","","False","DIA_JAN_ArmorReady_15_00","",""
"Scripts/Content/Story/Dialoge/DIA_DJG_714_Jan.d:559","Nein, noch nicht. Komm morgen wieder.","아니, 아직 안 됐네. 내일 다시 오게.","","False","DIA_JAN_ArmorReady_10_01","",""
"Scripts/Content/Story/Dialoge/DIA_DJG_714_Jan.d:563","Ja, ein wahres Prachtstück. Wenn du willst, kannst du sie kaufen.","그렇고말고, 정말 대단한 걸작이지. 원한다면 살 수 있네.","","False","DIA_JAN_ArmorReady_10_02","",""
"Scripts/Content/Story/Dialoge/DIA_DJG_714_Jan.d:564","Für dich mach ich einen Freundschaftspreis. 12000 Goldstücke.","자네를 봐서 특별히 우정 가격으로 주겠네. 12000 골드라네.","","False","DIA_JAN_ArmorReady_10_03","",""
"Scripts/Content/Story/Dialoge/DIA_DJG_714_Jan.d:565","Was? Nach allem, was ich für dich getan habe?","뭐? 내가 당신을 위해 한 일이 얼만데?","","False","DIA_JAN_ArmorReady_15_04","",""
"Scripts/Content/Story/Dialoge/DIA_DJG_714_Jan.d:566","Komm mir nicht so. Irgend wovon muss ich ja auch leben. Also kauf sie, oder lass es bleiben.","그렇게 말하지 마시게. 나도 먹고살아야 할 거 아닌가. 살 거라면 사고, 말려면 말아.","","False","DIA_JAN_ArmorReady_10_05","",""
"Scripts/Content/Story/Dialoge/DIA_DJG_714_Jan.d:587","Mittlere Drachenjägerrüstung: Schutz: Waffen 80, Pfeile 80. (12000 Gold)","중형 드래곤 헌터 방어구: 보호력: 무기 80, 화살 80. (12000 골드)","","False","DIA_Jan_DJG_ARMOR_M.description","",""
"Scripts/Content/Story/Dialoge/DIA_DJG_714_Jan.d:602","Ich will die Rüstung kaufen.","그 방어구를 사겠어.","","False","DIA_Jan_DJG_ARMOR_M_15_00","",""
"Scripts/Content/Story/Dialoge/DIA_DJG_714_Jan.d:606","Du wirst merken, sie ist jedes einzelne Goldstück wert.","보라구, 그 값어치를 톡톡히 하는 물건이니까.","","False","DIA_Jan_DJG_ARMOR_M_10_01","",""
"Scripts/Content/Story/Dialoge/DIA_DJG_714_Jan.d:616","Du hast nicht genug Gold.","골드가 부족하군.","","False","DIA_Jan_DJG_ARMOR_M_10_02","",""
"Scripts/Content/Story/Dialoge/DIA_DJG_714_Jan.d:629","Wegen der Drachen...","드래곤에 대해 말인데...","","False","DIA_Jan_DragonPlettBericht.description","",""
"Scripts/Content/Story/Dialoge/DIA_DJG_714_Jan.d:649","Ich hab einen Drachen getötet.","드래곤 한 마리를 죽였어.","","False","DIA_Jan_DragonPlettBericht_15_00","",""
"Scripts/Content/Story/Dialoge/DIA_DJG_714_Jan.d:653","Ich hab einige Drachen getötet.","드래곤 몇 마리를 죽였어.","","False","DIA_Jan_DragonPlettBericht_15_01","",""
"Scripts/Content/Story/Dialoge/DIA_DJG_714_Jan.d:657","Ich habe alle Drachen getötet.","드래곤들을 모두 죽였어.","","False","DIA_Jan_DragonPlettBericht_15_02","",""
"Scripts/Content/Story/Dialoge/DIA_DJG_714_Jan.d:662","Ja und? Du bist ja schließlich ein Drachenjäger, oder?","그래서? 자네는 결국 드래곤 헌터잖아, 안 그런가?","","False","DIA_Jan_DragonPlettBericht_10_03","",""
"Scripts/Content/Story/Dialoge/DIA_DJG_714_Jan.d:663","Du etwa nicht?","너는 아니라는 거야?","","False","DIA_Jan_DragonPlettBericht_15_04","",""
"Scripts/Content/Story/Dialoge/DIA_DJG_714_Jan.d:667","Das ist ja toll. Interessiert mich aber nicht sonderlich, wenn ich ehrlich bin.","멋지군그래. 하지만 솔직히 말해서 그다지 흥미는 없지만 말이야.","","False","DIA_Jan_DragonPlettBericht_10_05","",""
"Scripts/Content/Story/Dialoge/DIA_DJG_714_Jan.d:670","Ich sagte dir ja bereits, ich stelle lieber Waffen her, als selbst loszuziehen, um die Drachen zu töten.","이미 말했듯이, 난 직접 드래곤을 사냥하러 나서는 것보다 무기를 만드는 게 더 좋다네.","","False","DIA_Jan_DragonPlettBericht_10_06","",""
"Scripts/Content/Story/Dialoge/DIA_DJG_714_Jan.d:675","Eine Sache jedoch könnte mich schon interessieren.","하지만 한 가지라면 흥미가 생길지도 모르겠군.","","False","DIA_Jan_DragonPlettBericht_10_07","",""
"Scripts/Content/Story/Dialoge/DIA_DJG_714_Jan.d:676","Wenn du mir Drachenblut besorgen könntest, würde ich einen hohen Preis dafür zahlen.","자네가 드래곤의 피를 구해다 준다면, 높은 값을 쳐주겠네.","","False","DIA_Jan_DragonPlettBericht_10_08","",""
"Scripts/Content/Story/Dialoge/DIA_DJG_714_Jan.d:691","Ich habe Drachenblut für dich.","드래곤의 피를 가져왔어.","","False","DIA_Jan_DragonBlood.description","",""
"Scripts/Content/Story/Dialoge/DIA_DJG_714_Jan.d:707","Ich habe Drachenblut für dich.","드래곤의 피를 가져왔어.","","False","DIA_Jan_DragonBlood_15_00","",""
"Scripts/Content/Story/Dialoge/DIA_DJG_714_Jan.d:708","Das ist klasse. Verkauf mir alles, was du hast.","정말 대단하군. 가진 걸 전부 내게 넘기게.","","False","DIA_Jan_DragonBlood_10_01","",""
"Scripts/Content/Story/Dialoge/DIA_DJG_714_Jan.d:714","(Alles)","(전부)","","False","DIA_Jan_DragonBlood_Info.DIA_Jan_DragonBlood.DIA_Jan_DragonBlood_all","Info_AddChoice",""
"Scripts/Content/Story/Dialoge/DIA_DJG_714_Jan.d:715","(Eine Phiole)","(한 병)","","False","DIA_Jan_DragonBlood_Info.DIA_Jan_DragonBlood.DIA_Jan_DragonBlood_1","Info_AddChoice",""
"Scripts/Content/Story/Dialoge/DIA_DJG_714_Jan.d:743","(Alles)","(전부)","","False","DIA_Jan_DragonBlood_1.DIA_Jan_DragonBlood.DIA_Jan_DragonBlood_all","Info_AddChoice",""
"Scripts/Content/Story/Dialoge/DIA_DJG_714_Jan.d:744","(Eine Phiole)","(한 병)","","False","DIA_Jan_DragonBlood_1.DIA_Jan_DragonBlood.DIA_Jan_DragonBlood_1","Info_AddChoice",""
"Scripts/Content/Story/Dialoge/DIA_DJG_714_Jan.d:773","(Alles)","(전부)","","False","DIA_Jan_DragonBlood_all.DIA_Jan_DragonBlood.DIA_Jan_DragonBlood_all","Info_AddChoice",""
"Scripts/Content/Story/Dialoge/DIA_DJG_714_Jan.d:774","(Eine Phiole)","(한 병)","","False","DIA_Jan_DragonBlood_all.DIA_Jan_DragonBlood.DIA_Jan_DragonBlood_1","Info_AddChoice",""
"Scripts/Content/Story/Dialoge/DIA_DJG_714_Jan.d:794","Alles klar?","모두 잘 지내나?","","False","DIA_Jan_NACHOCGATEOPEN.description","",""
"Scripts/Content/Story/Dialoge/DIA_DJG_714_Jan.d:807","Alles klar?","모두 잘 지내나?","","False","DIA_Jan_NACHOCGATEOPEN_15_00","",""
"Scripts/Content/Story/Dialoge/DIA_DJG_714_Jan.d:808","Gar nichts ist klar!","잘 지내기는 개뿔!","","False","DIA_Jan_NACHOCGATEOPEN_10_01","",""
"Scripts/Content/Story/Dialoge/DIA_DJG_714_Jan.d:811","Warum habt ihr Idioten das Tor aufgemacht? Ihr Paladine seid doch nicht ganz dicht!","너희 바보들은 대체 왜 문을 연 거야? 팔라딘이란 자식들은 다들 제정신이 아니란 말이야!","","False","DIA_Jan_NACHOCGATEOPEN_10_02","",""
"Scripts/Content/Story/Dialoge/DIA_DJG_714_Jan.d:815","Machen die einfach das Tor auf. Idioten! Ich muss das erstmal verarbeiten!","그냥 문을 열어버리다니. 멍청이들! 이 상황을 좀 받아들여야겠어!","","False","DIA_Jan_NACHOCGATEOPEN_10_03","",""
"Scripts/Content/Story/Dialoge/DIA_DJG_715_Ferros.d:33","Wo kommst du her?","어디서 왔나?","","False","DIA_DJG_715_Ferros_Hello.description","",""
"Scripts/Content/Story/Dialoge/DIA_DJG_715_Ferros.d:43","Wo kommst du her?","어디서 왔나?","","False","DIA_DJG_715_Ferros_Hello_15_00","",""
"Scripts/Content/Story/Dialoge/DIA_DJG_715_Ferros.d:44","Vom Festland. Meine Leute und ich sind hierher geflohen.","본토에서. 나와 내 동료들은 이리로 도망쳐 왔지.","","False","DIA_DJG_715_Ferros_Hello_01_01","",""
"Scripts/Content/Story/Dialoge/DIA_DJG_715_Ferros.d:45","Die Lage dort wird immer schlimmer, die Orks hinterlassen nur noch niedergebrannte Dörfer.","그곳 상황은 갈수록 악화되고 있어. 오크들이 휩쓸고 간 자리엔 불타버린 마을만 남을 뿐이지.","","False","DIA_DJG_715_Ferros_Hello_01_02","",""
"Scripts/Content/Story/Dialoge/DIA_DJG_715_Ferros.d:46","Der König hat keine Kontrolle mehr über sein Reich.","왕은 더 이상 왕국을 통제하지 못하고 있어.","","False","DIA_DJG_715_Ferros_Hello_01_03","",""
"Scripts/Content/Story/Dialoge/DIA_DJG_715_Ferros.d:50","Ihr Paladine habt versagt, wenn du mich fragst.","내 생각엔 팔라딘들도 실패한 거야.","","False","DIA_DJG_715_Ferros_Hello_01_04","",""
"Scripts/Content/Story/Dialoge/DIA_DJG_715_Ferros.d:63","Wo sind deine Leute jetzt?","자네 동료들은 지금 어디 있나?","","False","DIA_DJG_715_Ferros_Friends.description","",""
"Scripts/Content/Story/Dialoge/DIA_DJG_715_Ferros.d:76","Wo sind deine Leute jetzt?","자네 동료들은 지금 어디 있나?","","False","DIA_DJG_715_Ferros_Friends_15_00","",""
"Scripts/Content/Story/Dialoge/DIA_DJG_715_Ferros.d:77","Ich hab mich von ihnen getrennt.","그들과 갈라섰어.","","False","DIA_DJG_715_Ferros_Friends_01_01","",""
"Scripts/Content/Story/Dialoge/DIA_DJG_715_Ferros.d:78","Sie dachten, sie können sich alles nehmen, was sie wollen, auch wenn es ihnen nicht gehört. Ohne mich.","그 녀석들은 남의 것일지라도 원하는 건 뭐든 가질 수 있다고 생각하더군. 난 빠지기로 했지.","","False","DIA_DJG_715_Ferros_Friends_01_02","",""
"Scripts/Content/Story/Dialoge/DIA_DJG_715_Ferros.d:90","Weißt du noch mehr über den Krieg?","전쟁에 대해 아는 게 더 있나?","","False","DIA_DJG_715_Ferros_War.description","",""
"Scripts/Content/Story/Dialoge/DIA_DJG_715_Ferros.d:103","Weißt du noch mehr über den Krieg?","전쟁에 대해 아는 게 더 있나?","","False","DIA_DJG_715_Ferros_War_15_00","",""
"Scripts/Content/Story/Dialoge/DIA_DJG_715_Ferros.d:107","Schon lange nicht mehr bei deinem König gewesen, was?","왕을 뵌 지는 꽤 오래됐겠지, 그렇지 않나?","","False","DIA_DJG_715_Ferros_War_01_01","",""
"Scripts/Content/Story/Dialoge/DIA_DJG_715_Ferros.d:110","Die Orks sind vor der Hauptstadt. Aber ob sie schon gefallen ist, weiß ich nicht.","오크들이 수도 앞에 진을 치고 있어. 하지만 함락되었는지는 나도 몰라.","","False","DIA_DJG_715_Ferros_War_01_02","",""
"Scripts/Content/Story/Dialoge/DIA_DJG_715_Ferros.d:111","Das letzte, was ich gehört habe, ist, dass der König tot sei. Ich glaube aber nicht daran.","마지막으로 들은 소문은 왕이 죽었다는 거였어. 하지만 믿진 않지만.","","False","DIA_DJG_715_Ferros_War_01_03","",""
"Scripts/Content/Story/Dialoge/DIA_DJG_715_Ferros.d:123","Was machst du hier in der Burg?","성에서는 무슨 일을 하고 있나?","","False","DIA_DJG_715_Ferros_OldCamp.description","",""
"Scripts/Content/Story/Dialoge/DIA_DJG_715_Ferros.d:133","Was machst du hier in der Burg?","성에서는 무슨 일을 하고 있나?","","False","DIA_DJG_715_Ferros_OldCamp_15_00","",""
"Scripts/Content/Story/Dialoge/DIA_DJG_715_Ferros.d:134","Ich habe von den Drachen gehört und wollte helfen, sie zu bekämpfen.","드래곤에 대한 소문을 듣고 그들과 싸우는 걸 돕고 싶었거든.","","False","DIA_DJG_715_Ferros_OldCamp_01_01","",""
"Scripts/Content/Story/Dialoge/DIA_DJG_715_Ferros.d:135","Leider habe ich mein Schwert verloren, als ich durch die Orks geschlichen bin. Jetzt sitze ich hier fest.","불행히도 오크들을 몰래 빠져나올 때 검을 잃어버렸지 뭐야. 그래서 지금 여기서 옴짝달싹 못 하고 있어.","","False","DIA_DJG_715_Ferros_OldCamp_01_02","",""
"Scripts/Content/Story/Dialoge/DIA_DJG_715_Ferros.d:136","Ohne Schwert komme ich hier nicht wieder weg, und die Schwerter, die ich hier kaufen kann, sind der letzte Schrott.","검이 없으면 여기서 나갈 수 없고, 여기서 살 수 있는 검들은 죄다 쓰레기뿐이더군.","","False","DIA_DJG_715_Ferros_OldCamp_01_03","",""
"Scripts/Content/Story/Dialoge/DIA_DJG_715_Ferros.d:139","Viel Glück bei der Suche.","찾는 일에 행운을 빌지.","","False","DIA_DJG_715_Ferros_OldCamp_Info.DIA_DJG_715_Ferros_OldCamp.DIA_DJG_715_Ferros_OldCamp_No","Info_AddChoice",""
"Scripts/Content/Story/Dialoge/DIA_DJG_715_Ferros.d:140","Was kriege ich, wenn ich dir ein gutes Schwert besorge?","좋은 검을 구해다 주면 뭘 줄 건데?","","False","DIA_DJG_715_Ferros_OldCamp_Info.DIA_DJG_715_Ferros_OldCamp.DIA_DJG_715_Ferros_OldCamp_Price","Info_AddChoice",""
"Scripts/Content/Story/Dialoge/DIA_DJG_715_Ferros.d:141","Ich werde dein Schwert finden.","네 검을 찾아주겠어.","","False","DIA_DJG_715_Ferros_OldCamp_Info.DIA_DJG_715_Ferros_OldCamp.DIA_DJG_715_Ferros_OldCamp_Yes","Info_AddChoice",""
"Scripts/Content/Story/Dialoge/DIA_DJG_715_Ferros.d:152","Viel Glück bei der Suche.","찾는 일에 행운을 빌지.","","False","DIA_DJG_715_Ferros_OldCamp_No_15_00","",""
"Scripts/Content/Story/Dialoge/DIA_DJG_715_Ferros.d:153","Ich frag mich wirklich, warum ich überhaupt hierher gekommen bin.","내가 대체 왜 여기로 왔는지 정말 모르겠단 말이야.","","False","DIA_DJG_715_Ferros_OldCamp_No_01_01","",""
"Scripts/Content/Story/Dialoge/DIA_DJG_715_Ferros.d:160","Was kriege ich, wenn ich dir ein gutes Schwert besorge?","좋은 검을 구해다 주면 뭘 줄 건데?","","False","DIA_DJG_715_Ferros_OldCamp_Price_15_00","",""
"Scripts/Content/Story/Dialoge/DIA_DJG_715_Ferros.d:161","Ich kann dir leider nichts geben. Ich hab mein letztes Geld für das Schwert ausgegeben.","유감스럽지만 줄 수 있는 게 없어. 가진 마지막 돈까지 검을 사는 데 써버렸거든.","","False","DIA_DJG_715_Ferros_OldCamp_Price_01_01","",""
"Scripts/Content/Story/Dialoge/DIA_DJG_715_Ferros.d:168","Ich werde dein Schwert finden.","네 검을 찾아주겠어.","","False","DIA_DJG_715_Ferros_OldCamp_Yes_15_00","",""
"Scripts/Content/Story/Dialoge/DIA_DJG_715_Ferros.d:169","Das wär' Klasse. Am besten suchst du auf der hohen Klippe im Süden danach.","정말 고맙군. 남쪽에 있는 높은 절벽을 찾아보는 게 좋을 거야.","","False","DIA_DJG_715_Ferros_OldCamp_Yes_01_01","",""
"Scripts/Content/Story/Dialoge/DIA_DJG_715_Ferros.d:170","Dort, wo die Orkzelte stehen, habe ich es vermutlich verloren.","오크 텐트가 있는 곳 근처에서 잃어버렸을 거다.","","False","DIA_DJG_715_Ferros_OldCamp_Yes_01_02","",""
"Scripts/Content/Story/Dialoge/DIA_DJG_715_Ferros.d:185","Vielleicht hab ich ein anderes Schwert für dich.","어쩌면 너한테 줄 다른 검이 있을지도 몰라.","","False","DIA_DJG_715_Ferros_FerrosAnySword.description","",""
"Scripts/Content/Story/Dialoge/DIA_DJG_715_Ferros.d:200","Vielleicht hab ich ein anderes Schwert für dich.","어쩌면 너한테 줄 다른 검이 있을지도 몰라.","","False","DIA_DJG_715_Ferros_FerrosAnySword_Silverblade_15_00","",""
"Scripts/Content/Story/Dialoge/DIA_DJG_715_Ferros.d:224","Das ist eine gute Klinge. Eine ausgezeichnete Arbeit.","좋은 칼날이군. 정말 훌륭한 솜씨야.","","False","DIA_DJG_715_Ferros_FerrosAnySword_Give_01_00","",""
"Scripts/Content/Story/Dialoge/DIA_DJG_715_Ferros.d:225","Bist du sicher, dass du sie mir einfach geben willst?","정말 나한테 그냥 줄 생각이야?","","False","DIA_DJG_715_Ferros_FerrosAnySword_Give_01_01","",""
"Scripts/Content/Story/Dialoge/DIA_DJG_715_Ferros.d:233","Nein, die brauche ich selbst.","아니, 나도 필요해.","","False","DIA_DJG_715_Ferros_FerrosAnySword_Silverblade.DIA_DJG_715_Ferros_FerrosAnySword.DIA_DJG_715_Ferros_FerrosAnySword_Silverblade_No","Info_AddChoice",""
"Scripts/Content/Story/Dialoge/DIA_DJG_715_Ferros.d:234","Ja, nimm sie!","그래, 가져라!","","False","DIA_DJG_715_Ferros_FerrosAnySword_Silverblade.DIA_DJG_715_Ferros_FerrosAnySword.DIA_DJG_715_Ferros_FerrosAnySword_Silverblade_Yes","Info_AddChoice",""
"Scripts/Content/Story/Dialoge/DIA_DJG_715_Ferros.d:242","Nein, die brauche ich selbst.","아니, 나도 필요해.","","False","DIA_DJG_715_Ferros_FerrosAnySword_Oreblade.DIA_DJG_715_Ferros_FerrosAnySword.DIA_DJG_715_Ferros_FerrosAnySword_Oreblade_No","Info_AddChoice",""
"Scripts/Content/Story/Dialoge/DIA_DJG_715_Ferros.d:243","Ja, nimm sie!","그래, 가져라!","","False","DIA_DJG_715_Ferros_FerrosAnySword_Oreblade.DIA_DJG_715_Ferros_FerrosAnySword.DIA_DJG_715_Ferros_FerrosAnySword_Oreblade_Yes","Info_AddChoice",""
"Scripts/Content/Story/Dialoge/DIA_DJG_715_Ferros.d:248","Ja, nimm sie.","그래, 가져라.","","False","DIA_DJG_715_Ferros_FerrosAnySword_Blade_Yes_15_00","",""
"Scripts/Content/Story/Dialoge/DIA_DJG_715_Ferros.d:253","Danke, ich stehe in deiner Schuld.","고맙다, 이 은혜는 잊지 않으마.","","False","DIA_DJG_715_Ferros_FerrosAnySword_Blade_Yes2_01_00","",""
"Scripts/Content/Story/Dialoge/DIA_DJG_715_Ferros.d:254","Als Dank werde ich dir zeigen, wie du mit ein paar Tricks deine Kraft und dein Geschick im Kampf besser nutzen kannst.","그 보답으로 전투에서 힘과 민첩성을 더 잘 활용할 수 있는 몇 가지 요령을 가르쳐 주마.","","False","DIA_DJG_715_Ferros_FerrosAnySword_Blade_Yes2_01_01","",""
"Scripts/Content/Story/Dialoge/DIA_DJG_715_Ferros.d:262","Nein, die brauche ich selbst.","아니, 나도 필요해.","","False","DIA_DJG_715_Ferros_FerrosAnySword_Blade_No_15_00","",""
"Scripts/Content/Story/Dialoge/DIA_DJG_715_Ferros.d:263","Kann ich verstehen.","이해한다.","","False","DIA_DJG_715_Ferros_FerrosAnySword_Blade_No_01_01","",""
"Scripts/Content/Story/Dialoge/DIA_DJG_715_Ferros.d:310","Ich hab dein Schwert gefunden.","네 검을 찾았어.","","False","DIA_DJG_715_Ferros_FerrosHisSword.description","",""
"Scripts/Content/Story/Dialoge/DIA_DJG_715_Ferros.d:324","Ich hab dein Schwert gefunden.","네 검을 찾았어.","","False","DIA_DJG_715_Ferros_FerrosHisSword_15_00","",""
"Scripts/Content/Story/Dialoge/DIA_DJG_715_Ferros.d:341","Zeig mir, wie ich meine Fähigkeiten verbessere.","내 능력을 향상시키는 법을 가르쳐다오.","","False","DIA_Ferros_Teach.description","",""
"Scripts/Content/Story/Dialoge/DIA_DJG_715_Ferros.d:354","Zeig mir, wie ich meine Fähigkeiten verbessere.","내 능력을 향상시키는 법을 가르쳐다오.","","False","DIA_Ferros_Teach_15_00","",""
"Scripts/Content/Story/Dialoge/DIA_DJG_715_Ferros.d:358","Nach diesem Orkangriff mach ich gar nix mehr. Bin froh, dass ich noch lebe, Mann.","이 오크들의 습격 이후로는 아무것도 안 할 거야. 아직 살아있다는 것만으로도 다행이지, 친구.","","False","DIA_Ferros_Teach_01_01","",""
"Scripts/Content/Story/Dialoge/DIA_DJG_715_Ferros.d:362","Ein guter Kämpfer muss lernen, seine Fähigkeiten direkt auf seine Waffe zu übertragen.","훌륭한 전사라면 자신의 능력을 무기에 직접 실어 사용하는 법을 배워야 하는 법이지.","","False","DIA_Ferros_Teach_01_02","",""
"Scripts/Content/Story/Dialoge/DIA_DJG_715_Ferros.d:411","Alle Drachen sind tot.","드래곤은 모두 죽었다.","","False","DIA_Ferros_AllDragonsDead.description","",""
"Scripts/Content/Story/Dialoge/DIA_DJG_715_Ferros.d:424","Alle Drachen sind tot.","드래곤은 모두 죽었다.","","False","DIA_Ferros_AllDragonsDead_15_00","",""
"Scripts/Content/Story/Dialoge/DIA_DJG_715_Ferros.d:425","Gut gemacht, wenn wir mehr Leute wie dich hätten, dann wäre es wahrscheinlich nie so weit gekommen.","잘했어. 자네 같은 사람이 더 많았더라면, 애초에 이런 일은 일어나지 않았을 텐데.","","False","DIA_Ferros_AllDragonsDead_01_01","",""
"Scripts/Content/Story/Dialoge/DIA_PC_Fighter_DJG.d:33","Wie ich sehe, hast du dich den Drachenjägern angeschlossen.","보아하니 드래곤 헌터들에 합류한 모양이군.","","False","DIA_GornDJG_STARTCAMP.description","",""
"Scripts/Content/Story/Dialoge/DIA_PC_Fighter_DJG.d:46","Wie ich sehe, hast du dich den Drachenjägern angeschlossen.","보아하니 드래곤 헌터들에 합류한 모양이군.","","False","DIA_GornDJG_STARTCAMP_15_00","",""
"Scripts/Content/Story/Dialoge/DIA_PC_Fighter_DJG.d:47","Ich bin Sylvio ins Minental gefolgt, weil ich mich hier einfach am besten auskenne und mir die Situation hier nochmal genauer ansehen wollte.","실비오를 따라 채굴 계곡으로 들어왔지. 이 동네 지리는 내가 제일 잘 알기도 하고, 상황이 어떻게 돌아가는지 자세히 살펴보고 싶었거든.","","False","DIA_GornDJG_STARTCAMP_12_01","",""
"Scripts/Content/Story/Dialoge/DIA_PC_Fighter_DJG.d:48","Ich sag dir was. Hier braut sich ganz schön was zusammen. Ich habe in meinem ganzen Leben noch nicht so viele Orks auf einem Haufen gesehen.","하지만 말이야, 여기 뭔가 심상치 않은 일이 벌어지고 있어. 내 평생 이렇게 많은 오크가 한곳에 모여 있는 건 처음 본다니까.","","False","DIA_GornDJG_STARTCAMP_12_02","",""
"Scripts/Content/Story/Dialoge/DIA_PC_Fighter_DJG.d:49","Würde mich nicht wundern, wenn Garond und die Paladine in der Burg schon längst alle geflohen sind oder getötet wurden.","성 안에 있는 가론드와 팔라딘들이 이미 도망쳤거나 살해당했다고 해도 놀랍지 않을 지경이야.","","False","DIA_GornDJG_STARTCAMP_12_03","",""
"Scripts/Content/Story/Dialoge/DIA_PC_Fighter_DJG.d:51","Ich sehe dich dann.","나중에 보라고.","","False","DIA_GornDJG_STARTCAMP_Info.DIA_GornDJG_STARTCAMP.DIA_GornDJG_STARTCAMP_By","Info_AddChoice",""
"Scripts/Content/Story/Dialoge/DIA_PC_Fighter_DJG.d:52","Was hast du jetzt vor?","이제 어떻게 할 생각인가?","","False","DIA_GornDJG_STARTCAMP_Info.DIA_GornDJG_STARTCAMP.DIA_GornDJG_STARTCAMP_Wohin","Info_AddChoice",""
"Scripts/Content/Story/Dialoge/DIA_PC_Fighter_DJG.d:57","Was hast du jetzt vor?","이제 어떻게 할 생각이야?","","False","DIA_GornDJG_STARTCAMP_Wohin_15_00","",""
"Scripts/Content/Story/Dialoge/DIA_PC_Fighter_DJG.d:58","Ich werde erstmal den Jungs hier ins Minental folgen und mich dann später absetzen.","일단 녀석들을 따라 채굴 계곡으로 들어간 다음에 나중에 빠져나올 생각이야.","","False","DIA_GornDJG_STARTCAMP_Wohin_12_01","",""
"Scripts/Content/Story/Dialoge/DIA_PC_Fighter_DJG.d:59","Ich muss unbedingt herauskriegen, was die Orks vorhaben.","오크 녀석들이 무슨 꿍꿍인지 꼭 알아내야겠어.","","False","DIA_GornDJG_STARTCAMP_Wohin_12_02","",""
"Scripts/Content/Story/Dialoge/DIA_PC_Fighter_DJG.d:64","Ich sehe dich dann.","나중에 보라고.","","False","DIA_GornDJG_STARTCAMP_By_15_00","",""
"Scripts/Content/Story/Dialoge/DIA_PC_Fighter_DJG.d:65","Pass auf dich auf.","몸 조심해.","","False","DIA_GornDJG_STARTCAMP_By_12_01","",""
"Scripts/Content/Story/Dialoge/DIA_PC_Fighter_DJG.d:78","Hier hast du dich also verkrochen!","이런 곳에 숨어 있었군!","","False","DIA_GornDJG_HALLO.description","",""
"Scripts/Content/Story/Dialoge/DIA_PC_Fighter_DJG.d:91","Hier hast du dich also verkrochen!","이런 곳에 숨어 있었군!","","False","DIA_GornDJG_HALLO_15_00","",""
"Scripts/Content/Story/Dialoge/DIA_PC_Fighter_DJG.d:92","Du bist auch nicht klein zu kriegen, was?","너도 끈질기게 살아남았군, 그래?","","False","DIA_GornDJG_HALLO_12_01","",""
"Scripts/Content/Story/Dialoge/DIA_PC_Fighter_DJG.d:104","Hast du schon Beute gemacht?","무언가 건진 게 있나?","","False","DIA_GornDJG_WHATSUP.description","",""
"Scripts/Content/Story/Dialoge/DIA_PC_Fighter_DJG.d:117","Hast du schon Beute gemacht?","무언가 건진 게 있나?","","False","DIA_GornDJG_WHATSUP_15_00","",""
"Scripts/Content/Story/Dialoge/DIA_PC_Fighter_DJG.d:118","Ich warte noch. Ich habe den Eindruck, dass da oben in der alten Felsenruine was zu holen ist. Nachts brennen dort Lichter und ich kann Schreie hören.","아직 기다리는 중이야. 저기 저 오래된 바위 폐허 쪽에 뭔가 있을 것 같단 말이지. 밤마다 불빛도 보이고 비명 소리도 들려.","","False","DIA_GornDJG_WHATSUP_12_01","",""
"Scripts/Content/Story/Dialoge/DIA_PC_Fighter_DJG.d:121","Vielleicht Lester?","설마 레스터인가?","","False","DIA_GornDJG_WHATSUP_Info.DIA_GornDJG_WHATSUP.DIA_GornDJG_WHATSUP_Lester","Info_AddChoice",""
"Scripts/Content/Story/Dialoge/DIA_PC_Fighter_DJG.d:122","Ein Drache?","드래곤인가?","","False","DIA_GornDJG_WHATSUP_Info.DIA_GornDJG_WHATSUP.DIA_GornDJG_WHATSUP_A_Dragon","Info_AddChoice",""
"Scripts/Content/Story/Dialoge/DIA_PC_Fighter_DJG.d:129","Vielleicht ist es Lester, der in seine alte Felsruine zurückgekehrt ist?","설마 옛날에 있던 바위 폐허로 돌아간 레스터 아닐까?","","False","DIA_GornDJG_WHATSUP_Lester_15_00","",""
"Scripts/Content/Story/Dialoge/DIA_PC_Fighter_DJG.d:130","Kann nicht sein. Soviel ich weiß, wohnt Lester dort oben nicht mehr!","그럴 리 없어. 내가 알기로 레스터는 더 이상 저 위에 살지 않아!","","False","DIA_GornDJG_WHATSUP_Lester_12_01","",""
"Scripts/Content/Story/Dialoge/DIA_PC_Fighter_DJG.d:135","Ein Drache?","드래곤인가?","","False","DIA_GornDJG_WHATSUP_A_Dragon_15_00","",""
"Scripts/Content/Story/Dialoge/DIA_PC_Fighter_DJG.d:136","Höchstwahrscheinlich. Die Hochebene da oben wird bewacht wie die verdammte Schatzkammer des Königs. Leider ist das der einzige Weg zur Festung.","그럴 가능성이 크지. 저기 저 고원은 왕의 보물창고라도 되는 양 철통같이 지켜지고 있어. 유감스럽게도 그곳이 요새로 가는 유일한 길이기도 하고.","","False","DIA_GornDJG_WHATSUP_A_Dragon_12_01","",""
"Scripts/Content/Story/Dialoge/DIA_PC_Fighter_DJG.d:137","Als ob die Drachen noch nicht schlimm genug wären. Sie haben anscheinend noch einige weitere Unholde im Schlepptau.","드래곤만으로는 충분히 끔찍하지 않다는 듯이, 녀석들이 다른 괴물들까지 이끌고 다니는 모양이야.","","False","DIA_GornDJG_WHATSUP_A_Dragon_12_02","",""
"Scripts/Content/Story/Dialoge/DIA_PC_Fighter_DJG.d:155","Was für Unholde sollen das sein?","어떤 괴물들을 말하는 거지?","","False","DIA_GornDJG_WHATMONSTERS.description","",""
"Scripts/Content/Story/Dialoge/DIA_PC_Fighter_DJG.d:168","Was für Unholde sollen das sein?","어떤 괴물들을 말하는 거지?","","False","DIA_GornDJG_WHATMONSTERS_15_00","",""
"Scripts/Content/Story/Dialoge/DIA_PC_Fighter_DJG.d:169","Ich hab sie noch nicht richtig erkennen können, aber sie sind aufrecht gehende Wesen mit schuppiger Haut. Sie streifen über die Felsen, wie Snapper, die eine Beute gewittert haben.","제대로 확인하진 못했지만, 비늘로 덮인 피부를 가진 직립 보행하는 생명체들이었어. 먹잇감의 냄새를 맡은 스내퍼처럼 바위산을 돌아다니더군.","","False","DIA_GornDJG_WHATMONSTERS_12_01","",""
"Scripts/Content/Story/Dialoge/DIA_PC_Fighter_DJG.d:170","Ich kann sie hier unten schnüffeln und schnauben hören. Ich glaube, sie haben die ganze Ebene da oben in Beschlag genommen.","여기 이 아래까지 녀석들이 킁킁거리며 콧김 뿜는 소리가 들려. 저 위 평원 전체를 완전히 점거해 버린 것 같아.","","False","DIA_GornDJG_WHATMONSTERS_12_02","",""
"Scripts/Content/Story/Dialoge/DIA_PC_Fighter_DJG.d:182","Was ist mit den Orks?","오크들은 어쩌고?","","False","DIA_GornDJG_WAHTABOUTORCS.description","",""
"Scripts/Content/Story/Dialoge/DIA_PC_Fighter_DJG.d:195","Was ist mit den Orks?","오크들은 어쩌고?","","False","DIA_GornDJG_WAHTABOUTORCS_15_00","",""
"Scripts/Content/Story/Dialoge/DIA_PC_Fighter_DJG.d:196","Ich beobachte sie schon eine ganze Weile. Die Barrikade, die sie da unten errichtet haben, soll irgendwas verbergen. Ich vermute, es haben sich schon Massen von Ihnen dahinter versammelt.","그들을 지켜본 지 꽤 됐어. 저 아래에 세운 바리케이드가 뭔가 숨기려는 게 분명해. 그 뒤에 이미 수많은 녀석들이 모여 있을 거라고 생각한다.","","False","DIA_GornDJG_WAHTABOUTORCS_12_01","",""
"Scripts/Content/Story/Dialoge/DIA_PC_Fighter_DJG.d:197","Du meinst, NOCH mehr als ohnehin schon hier sind?","이미 여기 있는 것보다 훨씬 더 많이 있다는 말이야?","","False","DIA_GornDJG_WAHTABOUTORCS_15_02","",""
"Scripts/Content/Story/Dialoge/DIA_PC_Fighter_DJG.d:198","Würde mich nicht wundern, wenn sie eines Abends ihre Palisaden abreißen, in Scharen über den Pass marschieren und das ganze Land überschwemmen. Ich hab kein gutes Gefühl bei dem Ding.","어느 날 저녁에 울타리를 허물고 떼를 지어 고개를 넘어 이 땅을 뒤덮는대도 놀라지 않을 거다. 왠지 느낌이 아주 안 좋아.","","False","DIA_GornDJG_WAHTABOUTORCS_12_03","",""
"Scripts/Content/Story/Dialoge/DIA_PC_Fighter_DJG.d:199","Wenn das passiert, muss ich zurück und Lee warnen. Er will ohnehin von der Insel verschwinden. Spätestens dann wird's Zeit, Mann!","그렇게 된다면, 나는 돌아가서 리에게 경고해야 해. 어차피 그는 이 섬을 떠나고 싶어 하니까. 늦어도 그때가 되면 정말 위험할 거야, 친구!","","False","DIA_GornDJG_WAHTABOUTORCS_12_04","",""
"Scripts/Content/Story/Dialoge/DIA_PC_Fighter_DJG.d:211","Kannst du mir helfen, in die Festung zu kommen?","요새 안으로 들어가는 걸 도와줄 수 있어?","","False","DIA_GornDJG_HELPKILLDRACONIANS.description","",""
"Scripts/Content/Story/Dialoge/DIA_PC_Fighter_DJG.d:228","Kannst du mir helfen, in die Festung zu kommen?","요새 안으로 들어가는 걸 도와줄 수 있어?","","False","DIA_GornDJG_HELPKILLDRACONIANS_15_00","",""
"Scripts/Content/Story/Dialoge/DIA_PC_Fighter_DJG.d:229","Ich weiß nicht so recht. Ich habe Angst, dass die Orks genau in dem Moment los schlagen, wenn ich gerade nicht hinsehe.","잘 모르겠군. 내가 눈을 뗀 순간에 오크들이 쳐들어올까 봐 공포스러워.","","False","DIA_GornDJG_HELPKILLDRACONIANS_12_01","",""
"Scripts/Content/Story/Dialoge/DIA_PC_Fighter_DJG.d:230","Das ist Paranoia!","그건 피해망상이야!","","False","DIA_GornDJG_HELPKILLDRACONIANS_15_02","",""
"Scripts/Content/Story/Dialoge/DIA_PC_Fighter_DJG.d:231","Kann's nicht ändern. Ich würde es mir nie verzeihen, wenn ich zu spät käme, verstehst du? Andererseits ...","어쩔 수 없어. 너무 늦게 도착한다면 내 자신을 용서하지 못할 거다, 알겠어? 반면에...","","False","DIA_GornDJG_HELPKILLDRACONIANS_12_03","",""
"Scripts/Content/Story/Dialoge/DIA_PC_Fighter_DJG.d:232","Was soll's! Wozu bin ich hierher gekommen? Lass uns die Ebene stürmen und den Weg zur Festung frei kämpfen.","됐어! 내가 여기 온 이유가 뭔데? 평원을 돌파하고 요새로 가는 길을 뚫어보자고.","","False","DIA_GornDJG_HELPKILLDRACONIANS_12_04","",""
"Scripts/Content/Story/Dialoge/DIA_PC_Fighter_DJG.d:233","Ein bisschen Bewegung kann nicht schaden. Außerdem will ich mir die Biester da oben mal aus der Nähe ansehen.","가벼운 운동 정돈 나쁘지 않지. 게다가 저 위에 있는 괴물들을 가까이서 좀 보고 싶기도 하고.","","False","DIA_GornDJG_HELPKILLDRACONIANS_12_05","",""
"Scripts/Content/Story/Dialoge/DIA_PC_Fighter_DJG.d:234","Sag Bescheid, wenn's los geht!","출발할 때가 되면 말해!","","False","DIA_GornDJG_HELPKILLDRACONIANS_12_06","",""
"Scripts/Content/Story/Dialoge/DIA_PC_Fighter_DJG.d:248","Lass uns angreifen!","공격하자!","","False","DIA_GornDJG_LOSGEHTS.description","",""
"Scripts/Content/Story/Dialoge/DIA_PC_Fighter_DJG.d:261","Lass uns angreifen!","공격하자!","","False","DIA_GornDJG_LOSGEHTS_15_00","",""
"Scripts/Content/Story/Dialoge/DIA_PC_Fighter_DJG.d:262","Wie in alten Zeiten, was? Aber ich sag dir was: Das wird meine Schlacht. Diesmal werde ich voran gehen!","예전 같지, 그렇지? 하지만 하나 말해두겠는데, 이번 전투는 내 거야. 이번엔 내가 앞장설 거다!","","False","DIA_GornDJG_LOSGEHTS_12_01","",""
"Scripts/Content/Story/Dialoge/DIA_PC_Fighter_DJG.d:290","War ja ein Kinderspiel. So, mein Freund, den Rest musst du allein erledigen. Heiz ihnen ordentlich ein! Ich werde zurückgehen, die Orks im Auge behalten.","식은 죽 먹기였군. 자, 내 친구, 나머지는 네 혼자 처리해야 할 거야. 녀석들에게 호되게 본때를 보여줘! 난 돌아가서 오크들을 주시하고 있겠어.","","False","DIA_GornDJG_BISHIERHIN_12_00","",""
"Scripts/Content/Story/Dialoge/DIA_PC_Fighter_DJG.d:291","Kein Problem. Ich seh dich!","문제없어. 나중에 봐!","","False","DIA_GornDJG_BISHIERHIN_15_01","",""
"Scripts/Content/Story/Dialoge/DIA_PC_Fighter_DJG.d:292","Hoffentlich!","그러길 바라지!","","False","DIA_GornDJG_BISHIERHIN_12_02","",""
"Scripts/Content/Story/Dialoge/DIA_PC_Fighter_DJG.d:313","Der Felsdrache ist tot!","바위 드래곤이 죽었다!","","False","DIA_GornDJG_DRAGONDEAD.description","",""
"Scripts/Content/Story/Dialoge/DIA_PC_Fighter_DJG.d:330","Der Felsdrache ist tot!","바위 드래곤이 죽었다!","","False","DIA_GornDJG_DRAGONDEAD_15_00","",""
"Scripts/Content/Story/Dialoge/DIA_PC_Fighter_DJG.d:331","Ich hör die Schreie nicht mehr! Warst du oben in der Felsenfestung?","더 이상 비명 소리가 들리지 않는군! 암벽 요새에 다녀온 거야?","","False","DIA_GornDJG_DRAGONDEAD_12_01","",""
"Scripts/Content/Story/Dialoge/DIA_PC_Fighter_DJG.d:332","Ja!","그래!","","False","DIA_GornDJG_DRAGONDEAD_15_02","",""
"Scripts/Content/Story/Dialoge/DIA_PC_Fighter_DJG.d:333","Haha! Hab ich es mir doch gedacht. Wo du auftauchst bleibt kein Stein auf dem anderen.","하하! 그럴 줄 알았지. 네가 나타나는 곳마다 돌 하나 온전하게 남는 법이 없지.","","False","DIA_GornDJG_DRAGONDEAD_12_03","",""
"Scripts/Content/Story/Dialoge/DIA_PC_Fighter_DJG.d:334","Was willst du jetzt machen?","이제 뭘 할 거야?","","False","DIA_GornDJG_DRAGONDEAD_15_04","",""
"Scripts/Content/Story/Dialoge/DIA_PC_Fighter_DJG.d:335","Ich bleib noch eine Weile und mach mich dann auf den Weg zurück zu Lee. Vielleicht treffen wir uns da ja wieder!","여기에 좀 더 머물다가 리에게 돌아갈 길을 떠날 거야. 어쩌면 거기서 다시 만날지도 모르지!","","False","DIA_GornDJG_DRAGONDEAD_12_05","",""
"Scripts/Content/Story/Dialoge/DIA_PC_Fighter_DJG.d:336","Ich kann diese verdammte Gegend bald nicht mehr sehen. Es wird Zeit, dass wir aus diesem Land endlich verschwinden.","이 지독한 지역도 이제 곧 지긋지긋해지는군. 우리도 이 땅에서 어서 떠날 때가 됐어.","","False","DIA_GornDJG_DRAGONDEAD_12_06","",""
"Scripts/Content/Story/Dialoge/DIA_PC_Fighter_DJG.d:337","Bis dann!","나중에 보자고!","","False","DIA_GornDJG_DRAGONDEAD_15_07","",""
"Scripts/Content/Story/Dialoge/DIA_PC_Fighter_NW_Nach_DJG.d:34","Entspannst du dich?","좀 쉬고 있어?","","False","DIA_GornNW_nach_DJG_AllDragonsDead.description","",""
"Scripts/Content/Story/Dialoge/DIA_PC_Fighter_NW_Nach_DJG.d:47","Entspannst du dich?","좀 쉬고 있어?","","False","DIA_GornNW_nach_DJG_AllDragonsDead_15_00","",""
"Scripts/Content/Story/Dialoge/DIA_PC_Fighter_NW_Nach_DJG.d:48","Klar, warum nicht? Die Drachen sind doch tot, oder?","물론이지, 왜 아니겠어? 드래곤들은 다 죽었잖아, 그렇지?","","False","DIA_GornNW_nach_DJG_AllDragonsDead_12_01","",""
"Scripts/Content/Story/Dialoge/DIA_PC_Fighter_NW_Nach_DJG.d:49","Der Fall ist ein wenig komplizierter.","상황이 그렇게 단순하지가 않아.","","False","DIA_GornNW_nach_DJG_AllDragonsDead_15_02","",""
"Scripts/Content/Story/Dialoge/DIA_PC_Fighter_NW_Nach_DJG.d:50","(lacht) Tja. Wie immer. Sag Bescheid, wenn du meine Axt brauchst.","(웃음) 그래. 언제나 그렇듯 말이지. 내 도끼가 필요하면 말해.","","False","DIA_GornNW_nach_DJG_AllDragonsDead_12_03","",""
"Scripts/Content/Story/Dialoge/DIA_PC_Fighter_NW_Nach_DJG.d:63","Ich könnte dich und deine Axt gebrauchen.","너와 네 도끼가 필요할 것 같아.","","False","DIA_GornNW_nach_DJG_KnowWhereEnemy.description","",""
"Scripts/Content/Story/Dialoge/DIA_PC_Fighter_NW_Nach_DJG.d:77","Ich könnte dich und deine Axt gebrauchen.","너와 네 도끼가 필요할 것 같아.","","False","DIA_GornNW_nach_DJG_KnowWhereEnemy_15_00","",""
"Scripts/Content/Story/Dialoge/DIA_PC_Fighter_NW_Nach_DJG.d:78","Na. Das wundert mich nicht. Was kann ich für dich tun?","그래. 놀랍지도 않군. 내가 뭘 도와주면 돼?","","False","DIA_GornNW_nach_DJG_KnowWhereEnemy_12_01","",""
"Scripts/Content/Story/Dialoge/DIA_PC_Fighter_NW_Nach_DJG.d:79","Würdest du mit mir zu einer Insel segeln und dem Feind in den Arsch treten?","나랑 같이 어떤 섬으로 항해해서 적들의 콧대를 꺾어놓지 않을래?","","False","DIA_GornNW_nach_DJG_KnowWhereEnemy_15_02","",""
"Scripts/Content/Story/Dialoge/DIA_PC_Fighter_NW_Nach_DJG.d:80","(Lacht) Klar. Sofort. Sag mir nur, was ich tun muss.","(웃음) 좋아. 당장 가지. 뭘 하면 되는지 말만 해.","","False","DIA_GornNW_nach_DJG_KnowWhereEnemy_12_03","",""
"Scripts/Content/Story/Dialoge/DIA_PC_Fighter_NW_Nach_DJG.d:88","Im Moment ist meine Mannschaft schon komplett, aber ich werde darüber nachdenken, dich noch mit an Bord zu holen.","지금은 내 선원이 이미 가득 찼지만, 너를 태울지에 대해서는 생각해 볼게.","","False","DIA_GornNW_nach_DJG_KnowWhereEnemy_15_04","",""
"Scripts/Content/Story/Dialoge/DIA_PC_Fighter_NW_Nach_DJG.d:89","Wenn jemand anders wegen mir wieder aus deiner Mannschaft fliegt, dann nimm den Schwächsten von ihnen.","나 때문에 다른 누군가가 배에서 내려야 한다면, 그중에서 제일 약한 녀석을 골라.","","False","DIA_GornNW_nach_DJG_KnowWhereEnemy_12_05","",""
"Scripts/Content/Story/Dialoge/DIA_PC_Fighter_NW_Nach_DJG.d:90","In diesen rauen Zeiten brauchst jeden Mann, der anpacken kann.","이런 험난한 시절에는 한 사람이라도 손을 보태줄 사람이 필요하다고.","","False","DIA_GornNW_nach_DJG_KnowWhereEnemy_12_06","",""
"Scripts/Content/Story/Dialoge/DIA_PC_Fighter_NW_Nach_DJG.d:95","Ich sag bescheid, wenn´s los geht.","출발할 때가 되면 알려줄게.","","False","DIA_GornNW_nach_DJG_KnowWhereEnemy_Info.DIA_GornNW_nach_DJG_KnowWhereEnemy.DIA_GornNW_nach_DJG_KnowWhereEnemy_No","Info_AddChoice",""
"Scripts/Content/Story/Dialoge/DIA_PC_Fighter_NW_Nach_DJG.d:96","Komm zu mir an Bord.","내 배에 타라. 항구에서 날 기다려 줘.","","False","DIA_GornNW_nach_DJG_KnowWhereEnemy_Info.DIA_GornNW_nach_DJG_KnowWhereEnemy.DIA_GornNW_nach_DJG_KnowWhereEnemy_Yes","Info_AddChoice",""
"Scripts/Content/Story/Dialoge/DIA_PC_Fighter_NW_Nach_DJG.d:102","Komm zu mir an Bord. Warte am Hafen auf mich.","내 배에 타라. 항구에서 날 기다려 줘.","","False","DIA_GornNW_nach_DJG_KnowWhereEnemy_Yes_15_00","",""
"Scripts/Content/Story/Dialoge/DIA_PC_Fighter_NW_Nach_DJG.d:103","Ein Schiff? Ha! Eins muss man dir lassen. Mit dir wird es nie langweilig. Komm schnell nach.","배라고? 하! 너한테는 감탄할 구석이 있단 말이야. 너와 함께라면 절대 지루할 틈이 없지. 곧 따라갈게.","","False","DIA_GornNW_nach_DJG_KnowWhereEnemy_Yes_12_01","",""
"Scripts/Content/Story/Dialoge/DIA_PC_Fighter_NW_Nach_DJG.d:124","Ich sag Bescheid, wenn's los geht.","출발할 때가 되면 알려줄게.","","False","DIA_GornNW_nach_DJG_KnowWhereEnemy_No_15_00","",""
"Scripts/Content/Story/Dialoge/DIA_PC_Fighter_NW_Nach_DJG.d:125","In Ordnung.","알겠어.","","False","DIA_GornNW_nach_DJG_KnowWhereEnemy_No_12_01","",""
"Scripts/Content/Story/Dialoge/DIA_PC_Fighter_NW_Nach_DJG.d:141","Vielleicht solltest du besser hier bleiben.","네 생각엔 여기에 머무는 게 더 나을 것 같아.","","False","DIA_GornNW_nach_DJG_LeaveMyShip.description","",""
"Scripts/Content/Story/Dialoge/DIA_PC_Fighter_NW_Nach_DJG.d:155","Vielleicht solltest du besser hier bleiben.","네 생각엔 여기에 머무는 게 더 나을 것 같아.","","False","DIA_GornNW_nach_DJG_LeaveMyShip_15_00","",""
"Scripts/Content/Story/Dialoge/DIA_PC_Fighter_NW_Nach_DJG.d:156","Ich soll dich alleine gehen lassen? Mmh. Wird mir schwer fallen, aber es ist dein Krieg. Komm zu mir, wenn ich dir doch folgen soll.","나 혼자 가란 말이지? 흠. 쉽지 않겠지만, 네 전쟁이니까. 내가 너를 따르기를 원한다면 나에게 와.","","False","DIA_GornNW_nach_DJG_LeaveMyShip_12_01","",""
"Scripts/Content/Story/Dialoge/DIA_PC_Fighter_NW_Nach_DJG.d:174","Komm zurück. Ich brauche dich.","돌아와 줘. 네가 필요해.","","False","DIA_GornNW_nach_DJG_StillNeedYou.description","",""
"Scripts/Content/Story/Dialoge/DIA_PC_Fighter_NW_Nach_DJG.d:189","Komm zurück. Ich brauche dich.","돌아와 줘. 네가 필요해.","","False","DIA_GornNW_nach_DJG_StillNeedYou_15_00","",""
"Scripts/Content/Story/Dialoge/DIA_PC_Fighter_NW_Nach_DJG.d:190","Na also. Und ich dachte schon, du willst mich hier vergammeln lassen, während du den ganzen Spaß hast. Bis später.","그럴 줄 알았지. 난 또 네가 온갖 재미를 다 보는 동안 나를 여기서 썩게 내버려 둘 줄 알았지 뭐야. 나중에 보자고.","","False","DIA_GornNW_nach_DJG_StillNeedYou_12_01","",""
"Scripts/Content/Story/Dialoge/DIA_DJG_713_Biff.d:362","Ich fürchte, ich muss mich von dir trennen.","유감이지만, 이제 우리는 헤어져야겠어.","","False","DIA_Biff_GELDEINTREIBEN_zuTeuer_trennen_15_00","",""
