"location","source","target","id","fuzzy","context","translator_comments","developer_comments"
"Scripts/Content/Story/Dialoge/DIA_Addon_BAU_4300_Cavalorn.d:48","(Es wäre einfach sein Pfeilbündel zu stehlen)","(그의 화살 묶음을 훔치기는 식은 죽 먹기일 것이다)","","False","DIA_Addon_Cavalorn_PICKPOCKET.description","",""
"Scripts/Content/Story/Dialoge/DIA_Addon_BAU_4300_Cavalorn.d:116","Willkommen im 'Ring', mein Freund.","'반지'에 온 것을 환영하네, 친구.","","False","DIA_Addon_Cavalorn_MeetingIsRunning_08_00","",""
"Scripts/Content/Story/Dialoge/DIA_Addon_BAU_4300_Cavalorn.d:121","Vatras wird dir deine nächte Aufgabe geben.","바트라스가 다음 임무를 줄 거야.","","False","DIA_Addon_Gaan_MeetingIsRunning_08_01","",""
"Scripts/Content/Story/Dialoge/DIA_Addon_BAU_4300_Cavalorn.d:136","Hast du Ärger?","무슨 일 있어?","","False","DIA_Addon_Cavalorn_HALLO.description","",""
"Scripts/Content/Story/Dialoge/DIA_Addon_BAU_4300_Cavalorn.d:146","Ärger?","문제라도?","","False","DIA_Addon_Cavalorn_HALLO_15_00","",""
"Scripts/Content/Story/Dialoge/DIA_Addon_BAU_4300_Cavalorn.d:147","(verärgert) Verdammt. Ich weiß gar nicht, wo die sich alle versteckt halten. Du tötest einen und kurze Zeit später sind sie alle wieder da.","(짜증 내며) 젠장. 녀석들이 다 어디 숨어 있는지 모르겠단 말이야. 하나를 죽이면 잠시 후에 다시 전부 나타나.","","False","DIA_Addon_Cavalorn_HALLO_08_01","",""
"Scripts/Content/Story/Dialoge/DIA_Addon_BAU_4300_Cavalorn.d:148","(lauernd) Moment mal. Ich kenn dich doch. Du bist doch der Kerl, der mich damals im Minental ständig um Pfeile angebettelt hat.","(은근한 목소리로) 잠깐만. 너 아는 얼굴인데. 광산 골짜기에서 날 찾아와 맨날 화살을 구걸하던 그 녀석 아니야.","","False","DIA_Addon_Cavalorn_HALLO_08_02","",""
"Scripts/Content/Story/Dialoge/DIA_Addon_BAU_4300_Cavalorn.d:151","Dein Name ist Cavalorn, richtig?","너 카발론이지, 맞지?","","False","DIA_Addon_Cavalorn_HALLO_Info.DIA_Addon_Cavalorn_HALLO.DIA_Addon_Cavalorn_HALLO_Ja","Info_AddChoice",""
"Scripts/Content/Story/Dialoge/DIA_Addon_BAU_4300_Cavalorn.d:152","Kann mich kaum erinnern...?","기억이 잘 안 나는데...?","","False","DIA_Addon_Cavalorn_HALLO_Info.DIA_Addon_Cavalorn_HALLO.DIA_Addon_Cavalorn_HALLO_weissNicht","Info_AddChoice",""
"Scripts/Content/Story/Dialoge/DIA_Addon_BAU_4300_Cavalorn.d:157","Kann mich kaum erinnern ... ?","기억이 잘 안 나는데...?","","False","DIA_Addon_Cavalorn_HALLO_weissNicht_15_00","",""
"Scripts/Content/Story/Dialoge/DIA_Addon_BAU_4300_Cavalorn.d:158","Ach, komm. Ich hab dir das Bogenschießen und Schleichen beigebracht damals in meiner Hütte vorm alten Lager. Klingelt's?","아이, 참. 구영지 앞에 있던 내 오막살이에서 활 쏘는 법이랑 은신술을 가르쳐 줬잖아. 기억 안 나?","","False","DIA_Addon_Cavalorn_HALLO_weissNicht_08_01","",""
"Scripts/Content/Story/Dialoge/DIA_Addon_BAU_4300_Cavalorn.d:163","Dein Name ist Cavalorn, richtig?","네 이름은 카발론이지, 맞지?","","False","DIA_Addon_Cavalorn_HALLO_Ja_15_00","",""
"Scripts/Content/Story/Dialoge/DIA_Addon_BAU_4300_Cavalorn.d:164","Ah. Ich sehe, du hast mich nicht vergessen, nach allem was wir durchgemacht haben in der verfluchten Kolonie.","아. 저주받은 영지에서 우리가 겪었던 일들을 생각하면 나를 잊지 않았을 거라 생각했어.","","False","DIA_Addon_Cavalorn_HALLO_Ja_08_01","",""
"Scripts/Content/Story/Dialoge/DIA_Addon_BAU_4300_Cavalorn.d:165","Wo willst du eigentlich hin?","도대체 어디로 가는 거야?","","False","DIA_Addon_Cavalorn_HALLO_Ja_08_02","",""
"Scripts/Content/Story/Dialoge/DIA_Addon_BAU_4300_Cavalorn.d:168","Ich habe kein bestimmtes Ziel.","딱히 정해진 목적지는 없어.","","False","DIA_Addon_Cavalorn_HALLO_Ja.DIA_Addon_Cavalorn_HALLO.DIA_Addon_Cavalorn_HALLO_keinZiel","Info_AddChoice",""
"Scripts/Content/Story/Dialoge/DIA_Addon_BAU_4300_Cavalorn.d:169","Zurück ins Minental.","광산 계곡으로 돌아가는 길이야.","","False","DIA_Addon_Cavalorn_HALLO_Ja.DIA_Addon_Cavalorn_HALLO.DIA_Addon_Cavalorn_HALLO_Bauern","Info_AddChoice",""
"Scripts/Content/Story/Dialoge/DIA_Addon_BAU_4300_Cavalorn.d:173","In die Stadt.","도시로.","","False","DIA_Addon_Cavalorn_HALLO_Ja.DIA_Addon_Cavalorn_HALLO.DIA_Addon_Cavalorn_HALLO_Stadt","Info_AddChoice",""
"Scripts/Content/Story/Dialoge/DIA_Addon_BAU_4300_Cavalorn.d:179","In die Stadt.","도시로.","","False","DIA_Addon_Cavalorn_HALLO_Stadt_15_00","",""
"Scripts/Content/Story/Dialoge/DIA_Addon_BAU_4300_Cavalorn.d:180","(lacht) So so. In die Stadt also.","(웃음) 그래. 도시로 간다 이거지.","","False","DIA_Addon_Cavalorn_HALLO_Stadt_08_01","",""
"Scripts/Content/Story/Dialoge/DIA_Addon_BAU_4300_Cavalorn.d:181","Du könntest Probleme mit den Wachen kriegen. Die lassen nicht mehr jeden rein, seit es hier in der Gegend vor Banditen wimmelt.","경비병들 때문에 곤란해질지도 몰라. 이 근처에 아주 산적들이 들끓기 시작한 이후로는 아무나 들여보내 주지 않거든.","","False","DIA_Addon_Cavalorn_HALLO_Stadt_08_02","",""
"Scripts/Content/Story/Dialoge/DIA_Addon_BAU_4300_Cavalorn.d:182","Hier ist in den letzten Tagen einer dieser ehemaligen Psioniker aus dem Minental vorbei gekommen. Er meinte, er geht ständig ein und aus in Khorinis.","며칠 전에 광산 계곡 출신의 예전 이단 신도 중 하나가 여기를 지나갔어. 자기는 코리니스를 제법 드나든다고 하더군.","","False","DIA_Addon_Cavalorn_HALLO_Stadt_08_03","",""
"Scripts/Content/Story/Dialoge/DIA_Addon_BAU_4300_Cavalorn.d:183","Er ging in das Tal unter dem großen Turm. Irgendwo bei dem Wasserfall dort muss es einen Weg dorthin geben.","그는 커다란 탑 아래에 있는 골짜기로 들어갔어. 그곳의 폭포 근처 어딘가에 들어가는 길이 있을 거야.","","False","DIA_Addon_Cavalorn_HALLO_Stadt_08_04","",""
"Scripts/Content/Story/Dialoge/DIA_Addon_BAU_4300_Cavalorn.d:184","Vielleicht solltest du mit dem Typen mal sprechen.","그 자랑 한번 이야기해 보는 게 어때.","","False","DIA_Addon_Cavalorn_HALLO_Stadt_08_05","",""
"Scripts/Content/Story/Dialoge/DIA_Addon_BAU_4300_Cavalorn.d:190","Zurück ins Minental.","광산 계곡으로 돌아가는 길이야.","","False","DIA_Addon_Cavalorn_HALLO_Bauern_15_00","",""
"Scripts/Content/Story/Dialoge/DIA_Addon_BAU_4300_Cavalorn.d:191","(erstaunt) Wirklich? Mmh. Ich wünschte, ich könnte dir folgen, aber ich habe erst meine Aufgaben zu erledigen.","(놀라며) 정말? 음. 나도 따라갈 수 있으면 좋겠지만, 여기서 먼저 끝내야 할 일들이 있어서 말이야.","","False","DIA_Addon_Cavalorn_HALLO_Bauern_08_01","",""
"Scripts/Content/Story/Dialoge/DIA_Addon_BAU_4300_Cavalorn.d:192","Wenn du im Minental bist, schau doch bitte mal, ob meine alte Hütte immer noch steht. Ich würde gerne eines Tages dahin zurückkehren.","광산 계곡에 가게 되면 내 예전 오막살이가 아직 남아 있는지 좀 확인해 줄래? 언젠가는 그리로 돌아가고 싶거든.","","False","DIA_Addon_Cavalorn_HALLO_Bauern_08_02","",""
"Scripts/Content/Story/Dialoge/DIA_Addon_BAU_4300_Cavalorn.d:204","Ich habe kein bestimmtes Ziel.","딱히 정해진 목적지는 없어.","","False","DIA_Addon_Cavalorn_HALLO_keinZiel_15_00","",""
"Scripts/Content/Story/Dialoge/DIA_Addon_BAU_4300_Cavalorn.d:205","Du willst es mir nicht sagen, was? Auch gut.","말하기 싫다는 거지? 좋아.","","False","DIA_Addon_Cavalorn_HALLO_keinZiel_08_01","",""
"Scripts/Content/Story/Dialoge/DIA_Addon_BAU_4300_Cavalorn.d:219","Ich war bei deiner Hütte im Minental.","광산 계곡에 있는 네 오막살이에 갔다 왔어.","","False","DIA_Addon_Cavalorn_Beutel.description","",""
"Scripts/Content/Story/Dialoge/DIA_Addon_BAU_4300_Cavalorn.d:233","Ich war bei deiner Hütte im Minental.","광산 계곡에 있는 네 오막살이에 갔다 왔어.","","False","DIA_Addon_Cavalorn_Beutel_15_00","",""
"Scripts/Content/Story/Dialoge/DIA_Addon_BAU_4300_Cavalorn.d:234","Sie steht also noch immer.","그럼 아직도 남아 있단 말이지.","","False","DIA_Addon_Cavalorn_Beutel_08_01","",""
"Scripts/Content/Story/Dialoge/DIA_Addon_BAU_4300_Cavalorn.d:237","Ja. Und ich weiß jetzt auch, was du da wolltest.","그래. 그리고 네가 거기서 무얼 찾으려 했는지도 이제 알겠어.","","False","DIA_Addon_Cavalorn_Beutel_15_02","",""
"Scripts/Content/Story/Dialoge/DIA_Addon_BAU_4300_Cavalorn.d:240","Hast du ihn gefunden?","찾았어?","","False","DIA_Addon_Cavalorn_Beutel_08_03","",""
"Scripts/Content/Story/Dialoge/DIA_Addon_BAU_4300_Cavalorn.d:241","Wenn du deinen Beutel mit dem Erzbrocken meinst ... ja, das hab ich.","마법 광석 덩어리가 든 주머니 말하는 거라면... 그래, 찾았어.","","False","DIA_Addon_Cavalorn_Beutel_15_04","",""
"Scripts/Content/Story/Dialoge/DIA_Addon_BAU_4300_Cavalorn.d:242","Du bist ein Fuchs, weißt du das?","너 정말 영리하구나, 알고 있었어?","","False","DIA_Addon_Cavalorn_Beutel_08_05","",""
"Scripts/Content/Story/Dialoge/DIA_Addon_BAU_4300_Cavalorn.d:245","Was hättest du auch sonst bei der alten Bretterbude zu suchen. Da ist nichts mehr.","그 낡아 빠진 오막살이에서 네가 찾을 게 달리 뭐가 있겠어. 이제 남은 건 없다고.","","False","DIA_Addon_Cavalorn_Beutel_15_06","",""
"Scripts/Content/Story/Dialoge/DIA_Addon_BAU_4300_Cavalorn.d:248","Hast du ihn bei dir? Ich geb dir 100 Goldmünzen dafür.","가지고 있나? 그 대신 100 금화를 주지.","","False","DIA_Addon_Cavalorn_Beutel_08_07","",""
"Scripts/Content/Story/Dialoge/DIA_Addon_BAU_4300_Cavalorn.d:255","Sicher.","물론이지.","","False","DIA_Addon_Cavalorn_Beutel_Info.DIA_Addon_Cavalorn_Beutel.DIA_Addon_Cavalorn_Beutel_ja","Info_AddChoice",""
"Scripts/Content/Story/Dialoge/DIA_Addon_BAU_4300_Cavalorn.d:259","Nein, aber ich hab hier einen Erzbrocken.","아니, 하지만 여기 마법 광석 덩어리가 있어.","","False","DIA_Addon_Cavalorn_Beutel_Info.DIA_Addon_Cavalorn_Beutel.DIA_Addon_Cavalorn_Beutel_jaerz","Info_AddChoice",""
"Scripts/Content/Story/Dialoge/DIA_Addon_BAU_4300_Cavalorn.d:262","Nein.","아니.","","False","DIA_Addon_Cavalorn_Beutel_Info.DIA_Addon_Cavalorn_Beutel.DIA_Addon_Cavalorn_Beutel_no","Info_AddChoice",""
"Scripts/Content/Story/Dialoge/DIA_Addon_BAU_4300_Cavalorn.d:268","Ich will hoffen, dass ich ihn bald wieder kriege.","조만간 다시 돌려받을 수 있기를 바랄 뿐이야.","","False","DIA_Addon_Cavalorn_back_08_00","",""
"Scripts/Content/Story/Dialoge/DIA_Addon_BAU_4300_Cavalorn.d:273","Nein, aber ich hab hier einen Erzbrocken.","아니, 하지만 여기 마법 광석 덩어리가 있어.","","False","DIA_Addon_Cavalorn_Beutel_jaerz_15_00","",""
"Scripts/Content/Story/Dialoge/DIA_Addon_BAU_4300_Cavalorn.d:274","Auch gut.","그것도 좋지.","","False","DIA_Addon_Cavalorn_Beutel_jaerz_08_01","",""
"Scripts/Content/Story/Dialoge/DIA_Addon_BAU_4300_Cavalorn.d:277","Warum hast du ihn eigentlich liegen lassen?","애초에 왜 거따 두고 온 거야?","","False","DIA_Addon_Cavalorn_Beutel_jaerz.DIA_Addon_Cavalorn_Beutel.DIA_Addon_Cavalorn_Beutel_why","Info_AddChoice",""
"Scripts/Content/Story/Dialoge/DIA_Addon_BAU_4300_Cavalorn.d:282","Sicher.","물론이지.","","False","DIA_Addon_Cavalorn_Beutel_ja_15_00","",""
"Scripts/Content/Story/Dialoge/DIA_Addon_BAU_4300_Cavalorn.d:283","Großartig.","훌륭해.","","False","DIA_Addon_Cavalorn_Beutel_ja_08_01","",""
"Scripts/Content/Story/Dialoge/DIA_Addon_BAU_4300_Cavalorn.d:286","Warum hast du ihn eigentlich liegen lassen?","애초에 왜 거따 두고 온 거야?","","False","DIA_Addon_Cavalorn_Beutel_ja.DIA_Addon_Cavalorn_Beutel.DIA_Addon_Cavalorn_Beutel_why","Info_AddChoice",""
"Scripts/Content/Story/Dialoge/DIA_Addon_BAU_4300_Cavalorn.d:291","Nein.","아니.","","False","DIA_Addon_Cavalorn_Beutel_no_15_00","",""
"Scripts/Content/Story/Dialoge/DIA_Addon_BAU_4300_Cavalorn.d:292","Dann besorg mir das Ding WIEDER. Immerhin wär ich deswegen glatt nochmal ins verfluchte Minental gegangen.","그럼 당장 가져와. 그 때문에 그 저주받은 광산 계곡으로 다시 돌아갈 뻔했다고.","","False","DIA_Addon_Cavalorn_Beutel_no_08_01","",""
"Scripts/Content/Story/Dialoge/DIA_Addon_BAU_4300_Cavalorn.d:293","Mir kommen die Tränen.","눈물이 다 나네.","","False","DIA_Addon_Cavalorn_Beutel_no_15_02","",""
"Scripts/Content/Story/Dialoge/DIA_Addon_BAU_4300_Cavalorn.d:296","Warum hast du ihn eigentlich liegen lassen?","애초에 왜 거따 두고 온 거야?","","False","DIA_Addon_Cavalorn_Beutel_no.DIA_Addon_Cavalorn_Beutel.DIA_Addon_Cavalorn_Beutel_why","Info_AddChoice",""
"Scripts/Content/Story/Dialoge/DIA_Addon_BAU_4300_Cavalorn.d:301","Warum hast du ihn eigentlich liegen lassen?","애초에 왜 거따 두고 온 거야?","","False","DIA_Addon_Cavalorn_Beutel_why_15_00","",""
"Scripts/Content/Story/Dialoge/DIA_Addon_BAU_4300_Cavalorn.d:302","Konnte doch keiner ahnen, dass das Erz hier in Khorinis so wertvoll ist.","코리니스에서 광석이 이렇게 가치 있을 줄은 꿈에도 몰랐지.","","False","DIA_Addon_Cavalorn_Beutel_why_08_01","",""
"Scripts/Content/Story/Dialoge/DIA_Addon_BAU_4300_Cavalorn.d:303","Für einen schnöden Erzbrocken hast du in der Strafkolonie damals doch noch nicht mal einen Platz zum Schlafen gekriegt.","예전에 형무소 영지에서는 시시한 마법 광석 덩어리 하나로는 잘 곳조차 구할 수 없었으니까.","","False","DIA_Addon_Cavalorn_Beutel_why_08_02","",""
"Scripts/Content/Story/Dialoge/DIA_Addon_BAU_4300_Cavalorn.d:304","In der Hafenstadt schlagen sie dir fast den Schädel ein, wenn sie mitkriegen, dass du Erz dabei hast.","항구 도시에서는 광석을 가지고 있다는 걸 들키면 두개골이 박살 날 수도 있다고.","","False","DIA_Addon_Cavalorn_Beutel_why_08_03","",""
"Scripts/Content/Story/Dialoge/DIA_Addon_BAU_4300_Cavalorn.d:316","Gib mir die 100 Goldmünzen, dann gebe ich dir dein Erz zurück.","100 금화를 주면 네 광석을 돌려주겠어.","","False","DIA_Addon_Cavalorn_ErzGeben.description","",""
"Scripts/Content/Story/Dialoge/DIA_Addon_BAU_4300_Cavalorn.d:330","Gib mir die 100 Goldmünzen, dann gebe ich dir dein Erz zurück.","100 금화를 주면 네 광석을 돌려주겠어.","","False","DIA_Addon_Cavalorn_ErzGeben_15_00","",""
"Scripts/Content/Story/Dialoge/DIA_Addon_BAU_4300_Cavalorn.d:331","Abgemacht. Hier hast du es.","좋아. 여기 있어.","","False","DIA_Addon_Cavalorn_ErzGeben_08_01","",""
"Scripts/Content/Story/Dialoge/DIA_Addon_BAU_4300_Cavalorn.d:340","Du bist ein wahrer Freund. Besten Dank.","너야말로 진정한 친구군. 정말 고마워.","","False","DIA_Addon_Cavalorn_ErzGeben_08_02","",""
"Scripts/Content/Story/Dialoge/DIA_Addon_BAU_4300_Cavalorn.d:354","Was machst du hier?","여기서 뭐 하는 거야?","","False","DIA_Addon_Cavalorn_WASMACHSTDU.description","",""
"Scripts/Content/Story/Dialoge/DIA_Addon_BAU_4300_Cavalorn.d:368","Was machst du hier?","여기서 뭐 하는 거야?","","False","DIA_Addon_Cavalorn_WASMACHSTDU_15_00","",""
"Scripts/Content/Story/Dialoge/DIA_Addon_BAU_4300_Cavalorn.d:369","Ich sitze hier fest. Wenn diese verdammten Banditen nicht gewesen wären, wär' ich gar nicht hier.","이렇게 갇혀 지내고 있지. 이 빌어먹을 산적들만 없었어도 여기에 있지 않았을 텐데.","","False","DIA_Addon_Cavalorn_WASMACHSTDU_08_01","",""
"Scripts/Content/Story/Dialoge/DIA_Addon_BAU_4300_Cavalorn.d:381","Was war mit den Banditen?","산적들은 또 무슨 소리야?","","False","DIA_Addon_Cavalorn_Banditen.description","",""
"Scripts/Content/Story/Dialoge/DIA_Addon_BAU_4300_Cavalorn.d:395","Was war mit den Banditen?","산적들은 또 무슨 소리야?","","False","DIA_Addon_Cavalorn_Banditen_15_00","",""
"Scripts/Content/Story/Dialoge/DIA_Addon_BAU_4300_Cavalorn.d:396","Hast du die letzten Wochen verschlafen?","지난 몇 주 동안 잠만 잤나 보네?","","False","DIA_Addon_Cavalorn_Banditen_08_01","",""
"Scripts/Content/Story/Dialoge/DIA_Addon_BAU_4300_Cavalorn.d:397","Äh ...","어...","","False","DIA_Addon_Cavalorn_Banditen_15_02","",""
"Scripts/Content/Story/Dialoge/DIA_Addon_BAU_4300_Cavalorn.d:398","Ich rede von dem ganzen Gesindel aus der Strafkolonie, das sich hier in der Gegend breit macht. Plündern und morden, was das Zeug hält.","이 근처를 활개 치고 다니는 형무소 출신의 쓰레기들을 말하는 거야. 악랄하게 약탈하고 살인을 일삼고 있지.","","False","DIA_Addon_Cavalorn_Banditen_08_03","",""
"Scripts/Content/Story/Dialoge/DIA_Addon_BAU_4300_Cavalorn.d:399","(seufzt) Kann froh sein, dass sie mich am Leben gelassen haben. Ich hab einen Moment nicht aufgepasst, da haben sie mir von hinten eins übergezogen.","(한숨) 살아남은 것만 해도 다행이지. 잠깐 한눈판 사이에 뒤에서 한 대 얻어맞았거든.","","False","DIA_Addon_Cavalorn_Banditen_08_04","",""
"Scripts/Content/Story/Dialoge/DIA_Addon_BAU_4300_Cavalorn.d:403","Keine Ahnung, wie ich jetzt meinen Kram wieder kriegen soll.","내 물건을 어떻게 되찾아야 할지 막막하군.","","False","DIA_Addon_Cavalorn_Banditen_08_05","",""
"Scripts/Content/Story/Dialoge/DIA_Addon_BAU_4300_Cavalorn.d:416","Du wurdest von Banditen ausgeraubt?","산적들한테 강탈당했다고?","","False","DIA_Addon_Cavalorn_ARTEFAKT.description","",""
"Scripts/Content/Story/Dialoge/DIA_Addon_BAU_4300_Cavalorn.d:432","Du wurdest von Banditen ausgeraubt?","산적들한테 강탈당했다고?","","False","DIA_Addon_Cavalorn_ARTEFAKT_15_00","",""
"Scripts/Content/Story/Dialoge/DIA_Addon_BAU_4300_Cavalorn.d:433","(grimmig) Ja. Niedergeprügelt und den Goblins zum Fraß vorgeworfen haben sie mich.","(분노하며) 그래. 두들겨 패서는 고블린들 밥으로 던져 주더라고.","","False","DIA_Addon_Cavalorn_ARTEFAKT_08_01","",""
"Scripts/Content/Story/Dialoge/DIA_Addon_BAU_4300_Cavalorn.d:434","Es waren verflucht wichtige Sachen. Ein Brief und mein ganzes Geld. Ich muss es unbedingt wieder haben.","정말 중요한 물건들이었어. 편지랑 내 전 재산이 들어 있었단 말이야. 반드시 되찾아야 해.","","False","DIA_Addon_Cavalorn_ARTEFAKT_08_02","",""
"Scripts/Content/Story/Dialoge/DIA_Addon_BAU_4300_Cavalorn.d:435","Aber ohne Rückendeckung gehe ich da nicht mehr hin. Dieses feige Lumpenpack ...","하지만 뒤를 봐줄 사람이 없다면 그곳엔 안 갈 거야. 비겁한 녀석들...","","False","DIA_Addon_Cavalorn_ARTEFAKT_08_03","",""
"Scripts/Content/Story/Dialoge/DIA_Addon_BAU_4300_Cavalorn.d:447","Kann ich dir bei der Sache mit den Banditen helfen?","산적 일은 내가 도와줄까?","","False","DIA_Addon_Cavalorn_HELFEN.description","",""
"Scripts/Content/Story/Dialoge/DIA_Addon_BAU_4300_Cavalorn.d:463","Kann ich dir bei der Sache mit den Banditen helfen?","산적 일은 내가 도와줄까?","","False","DIA_Addon_Cavalorn_HELFEN_15_00","",""
"Scripts/Content/Story/Dialoge/DIA_Addon_BAU_4300_Cavalorn.d:468","(lauernd) Vielleicht. Aber so abgemagert, wie du aussiehst, hast du seit Wochen kein richtiges Schwert mehr in den Händen gehalten.","(눈을 가늘게 뜨며) 글쎄. 그렇게 뼈만 앙상해서야, 몇 주 동안 제대로 된 검을 쥐어보지도 못한 것 같은데.","","False","DIA_Addon_Cavalorn_HELFEN_08_01","",""
"Scripts/Content/Story/Dialoge/DIA_Addon_BAU_4300_Cavalorn.d:471","Nun. Ich hab wohl keine andere Wahl, als dein Angebot anzunehmen. Meine Zeit wird knapp.","뭐, 네 제안을 받아들이는 수밖에 없겠군. 시간이 얼마 없거든.","","False","DIA_Addon_Cavalorn_HELFEN_08_02","",""
"Scripts/Content/Story/Dialoge/DIA_Addon_BAU_4300_Cavalorn.d:472","Also, pass auf. Den Weg hier runter ist eins dieser dreckigen Erdlöcher, in denen sich die Banditen gerne verstecken.","그럼 잘 들어. 이 길을 따라 내려가면 산적들이 숨어 지내기 딱 좋은 더러운 토굴이 하나 나와.","","False","DIA_Addon_Cavalorn_HELFEN_08_03","",""
"Scripts/Content/Story/Dialoge/DIA_Addon_BAU_4300_Cavalorn.d:473","Die Kerle dort sind genau die, die meinen Kram gestohlen haben.","거기에 있는 녀석들이 내 물건을 훔쳐간 놈들이야.","","False","DIA_Addon_Cavalorn_HELFEN_08_04","",""
"Scripts/Content/Story/Dialoge/DIA_Addon_BAU_4300_Cavalorn.d:474","Sag Bescheid, wenn du bereit bist und dann schnappen wir uns das Lumpenpack.","준비가 되면 말해. 저 쓰레기들을 소탕하러 가자고.","","False","DIA_Addon_Cavalorn_HELFEN_08_05","",""
"Scripts/Content/Story/Dialoge/DIA_Addon_BAU_4300_Cavalorn.d:494","Ich brauche bessere Ausrüstung.","더 나은 장비가 필요해.","","False","DIA_Addon_Cavalorn_AUSRUESTUNG.description","",""
"Scripts/Content/Story/Dialoge/DIA_Addon_BAU_4300_Cavalorn.d:508","Ich brauche bessere Ausrüstung.","더 나은 장비가 필요해.","","False","DIA_Addon_Cavalorn_AUSRUESTUNG_15_00","",""
"Scripts/Content/Story/Dialoge/DIA_Addon_BAU_4300_Cavalorn.d:512","Sehr viel haben die Schweine mir nicht gelassen.","그 돼지 같은 녀석들이 남겨둔 게 별로 없어서 말이지.","","False","DIA_Addon_Cavalorn_AUSRUESTUNG_08_01","",""
"Scripts/Content/Story/Dialoge/DIA_Addon_BAU_4300_Cavalorn.d:515","Ich kann dir ein Wolfsmesser geben. Reicht dir das erst mal?","늑대 단검을 줄 순 있어. 당장은 그것으로 충분할 걸?","","False","DIA_Addon_Cavalorn_AUSRUESTUNG_08_02","",""
"Scripts/Content/Story/Dialoge/DIA_Addon_BAU_4300_Cavalorn.d:516","Messer ist gut.","단검 좋지.","","False","DIA_Addon_Cavalorn_AUSRUESTUNG_15_03","",""
"Scripts/Content/Story/Dialoge/DIA_Addon_BAU_4300_Cavalorn.d:521","Aber wie steht's mit Heilung?","치료할 수단은 있고?","","False","DIA_Addon_Cavalorn_AUSRUESTUNG_15_04","",""
"Scripts/Content/Story/Dialoge/DIA_Addon_BAU_4300_Cavalorn.d:522","Ich hätte hier noch 2 Heiltränke. Interesse?","여기 치유 포션 2개가 더 있네. 관심 있나?","","False","DIA_Addon_Cavalorn_AUSRUESTUNG_08_05","",""
"Scripts/Content/Story/Dialoge/DIA_Addon_BAU_4300_Cavalorn.d:523","Klar. Her damit.","당연하지. 이리 줘.","","False","DIA_Addon_Cavalorn_AUSRUESTUNG_15_06","",""
"Scripts/Content/Story/Dialoge/DIA_Addon_BAU_4300_Cavalorn.d:538","Lass uns die Kerle aufmischen.","저 녀석들을 혼내주자고.","","False","DIA_Addon_Cavalorn_LETSKILLBANDITS.description","",""
"Scripts/Content/Story/Dialoge/DIA_Addon_BAU_4300_Cavalorn.d:554","Lass uns die Kerle aufmischen.","저 녀석들을 혼내주자고.","","False","DIA_Addon_Cavalorn_LETSKILLBANDITS_15_00","",""
"Scripts/Content/Story/Dialoge/DIA_Addon_BAU_4300_Cavalorn.d:555","Alles klar. Halte mir einfach den Rücken frei, ok?","좋아. 내 뒤를 잘 엄호해 줘, 알았지?","","False","DIA_Addon_Cavalorn_LETSKILLBANDITS_08_01","",""
"Scripts/Content/Story/Dialoge/DIA_Addon_BAU_4300_Cavalorn.d:556","Jetzt werden die ihr blaues Wunder erleben.","뼈도 못 추리게 만들어 주지.","","False","DIA_Addon_Cavalorn_LETSKILLBANDITS_08_02","",""
"Scripts/Content/Story/Dialoge/DIA_Addon_BAU_4300_Cavalorn.d:573","Dann kann ich jetzt endlich meinen Auftrag erledigen. Hab schon viel zu viel Zeit verloren.","이제 드디어 내 임무를 완수할 수 있겠군. 낭비한 시간이 너무 많아.","","False","DIA_Addon_Cavalorn_VatrasBrief_08_00","",""
"Scripts/Content/Story/Dialoge/DIA_Addon_BAU_4300_Cavalorn.d:574","Was für ein Auftrag ... ?","어떤 임무 말이야...?","","False","DIA_Addon_Cavalorn_VatrasBrief_15_01","",""
"Scripts/Content/Story/Dialoge/DIA_Addon_BAU_4300_Cavalorn.d:575","(zu sich selbst) Äh. ja. Ich muss erst in die Stadt und dann später ...","(혼잣말로) 어... 그래. 먼저 도시에 갔다가 나중에...","","False","DIA_Addon_Cavalorn_VatrasBrief_08_02","",""
"Scripts/Content/Story/Dialoge/DIA_Addon_BAU_4300_Cavalorn.d:576","(seufzt) Ich weiß nicht, wie ich das alles rechtzeitig schaffen soll.","(한숨) 이 모든 걸 제시간에 해낼 수 있을지 모르겠군.","","False","DIA_Addon_Cavalorn_VatrasBrief_08_03","",""
"Scripts/Content/Story/Dialoge/DIA_Addon_BAU_4300_Cavalorn.d:577","(trocken) Was ist mit mir?","(덤덤하게) 나는 어때?","","False","DIA_Addon_Cavalorn_VatrasBrief_15_04","",""
"Scripts/Content/Story/Dialoge/DIA_Addon_BAU_4300_Cavalorn.d:578","(abwägend) Mmh. Warum eigentlich nicht. Du könntest den Brief in die Stadt bringen.","(저울질하듯) 음. 나쁘지 않겠어. 네가 그 편지를 도시에 전해주면 되겠네.","","False","DIA_Addon_Cavalorn_VatrasBrief_08_05","",""
"Scripts/Content/Story/Dialoge/DIA_Addon_BAU_4300_Cavalorn.d:581","Dann habe ich noch ein bisschen mehr Zeit, mich um meine Ausrüstung zu kümmern.","그럼 내 장비를 정비할 시간이 조금 더 생길 테니까.","","False","DIA_Addon_Cavalorn_VatrasBrief_08_06","",""
"Scripts/Content/Story/Dialoge/DIA_Addon_BAU_4300_Cavalorn.d:585","Einer der Banditen müsste den Brief in seiner Tasche haben.","산적 중 한 놈이 주머니에 그 편지를 가지고 있을 거야.","","False","DIA_Addon_Cavalorn_VatrasBrief_08_07","",""
"Scripts/Content/Story/Dialoge/DIA_Addon_BAU_4300_Cavalorn.d:586","Bring ihn zu Vatras, dem Wassermagier der Stadt. Du wirst ihn im Adanos-Tempel treffen. Er predigt dort den ganzen Tag.","도시의 물의 마법사인 바트라스에게 가져다주도록 해. 아다노스의 신전에 가면 만날 수 있을 거야. 온종일 그곳에서 설교를 하고 있거든.","","False","DIA_Addon_Cavalorn_VatrasBrief_08_08","",""
"Scripts/Content/Story/Dialoge/DIA_Addon_BAU_4300_Cavalorn.d:587","Sag ihm, dass ich es nicht mehr geschafft habe.","내가 직접 갈 수 없었다고 전해줘.","","False","DIA_Addon_Cavalorn_VatrasBrief_08_09","",""
"Scripts/Content/Story/Dialoge/DIA_Addon_BAU_4300_Cavalorn.d:588","Und wenn er dich fragt, wo ich bin, sag ihm einfach, ich bin schon zum Treffpunkt aufgebrochen, ok?","그리고 내가 어디 있냐고 물어보면, 이미 약속 장소로 출발했다고 해줘, 알았지?","","False","DIA_Addon_Cavalorn_VatrasBrief_08_10","",""
"Scripts/Content/Story/Dialoge/DIA_Addon_BAU_4300_Cavalorn.d:597","Ach, ja, eins noch. Kauf dir bei den Bauern erst mal ein paar anständige Klamotten.","아, 맞다. 하나 더. 농부들에게 가서 쓸만한 옷부터 좀 사 입도록 해.","","False","DIA_Addon_Cavalorn_VatrasBrief_08_11","",""
"Scripts/Content/Story/Dialoge/DIA_Addon_BAU_4300_Cavalorn.d:598","Sonst hält dich noch jemand für 'nen Banditen. Hier hast du ein paar Münzen.","그러지 않으면 다른 사람들이 널 산자로 오해할지도 모르니까. 여기 동전 좀 받아.","","False","DIA_Addon_Cavalorn_VatrasBrief_08_12","",""
"Scripts/Content/Story/Dialoge/DIA_Addon_BAU_4300_Cavalorn.d:643","So, das wäre erledigt. Hah. Sie hätten sich eben nicht mit mir anlegen sollen.","좋아, 끝났군. 하. 감히 나를 건드리려 들다니.","","False","DIA_Addon_Cavalorn_BragoKilled_08_00","",""
"Scripts/Content/Story/Dialoge/DIA_Addon_BAU_4300_Cavalorn.d:657","Die Banditen sind erledigt.","산적들은 해치웠어.","","False","DIA_Addon_Cavalorn_PCKilledBrago.description","",""
"Scripts/Content/Story/Dialoge/DIA_Addon_BAU_4300_Cavalorn.d:672","Die Banditen sind erledigt.","산적들은 해치웠어.","","False","DIA_Addon_Cavalorn_PCKilledBrago_15_00","",""
"Scripts/Content/Story/Dialoge/DIA_Addon_BAU_4300_Cavalorn.d:686","Interessante Rüstung, die du da trägst.","입고 있는 방어구가 흥미롭군.","","False","DIA_Addon_Cavalorn_JUNGS.description","",""
"Scripts/Content/Story/Dialoge/DIA_Addon_BAU_4300_Cavalorn.d:699","Interessante Rüstung, die du da trägst. Gehörst du nicht mehr zu den Schatten?","흥미로운 방어구인걸. 더 이상 그림자단에 소속되어 있지 않은 거야?","","False","DIA_Addon_Cavalorn_JUNGS_15_00","",""
"Scripts/Content/Story/Dialoge/DIA_Addon_BAU_4300_Cavalorn.d:700","Schatten? Die gibt es seit dem Fall der Barriere nicht mehr.","그림자단? 장벽이 무너진 이후로는 그런 건 없어졌어.","","False","DIA_Addon_Cavalorn_JUNGS_08_01","",""
"Scripts/Content/Story/Dialoge/DIA_Addon_BAU_4300_Cavalorn.d:701","In dem Moment, als wir endlich das Minental verlassen konnten, gab es für mich keinen Grund mehr daran festzuhalten.","광산 계곡을 마침내 떠날 수 있게 된 그 순간부터, 내가 그곳에 얽매여 있을 이유는 사라졌지.","","False","DIA_Addon_Cavalorn_JUNGS_08_02","",""
"Scripts/Content/Story/Dialoge/DIA_Addon_BAU_4300_Cavalorn.d:702","Ich arbeite jetzt für die Wassermagier. Ich gehöre zum 'Ring des Wassers'.","나는 이제 물의 마법사를 위해 일해. '물의 반지'의 일원이지.","","False","DIA_Addon_Cavalorn_JUNGS_08_03","",""
"Scripts/Content/Story/Dialoge/DIA_Addon_BAU_4300_Cavalorn.d:722","Erzähl' mir mehr über den 'Ring des Wassers'!","'물의 반지'에 대해 더 말해줘!","","False","DIA_Addon_Cavalorn_Ring.description","",""
"Scripts/Content/Story/Dialoge/DIA_Addon_BAU_4300_Cavalorn.d:735","Erzähl mir mehr über den 'Ring des Wassers'!","'물의 반지'에 대해 더 말해줘!","","False","DIA_Addon_Cavalorn_Ring_15_00","",""
"Scripts/Content/Story/Dialoge/DIA_Addon_BAU_4300_Cavalorn.d:736","Mir ist es eigentlich nicht erlaubt, darüber zu sprechen.","사실 그에 대해선 이야기할 수 없도록 되어 있어서 말이야.","","False","DIA_Addon_Cavalorn_Ring_08_01","",""
"Scripts/Content/Story/Dialoge/DIA_Addon_BAU_4300_Cavalorn.d:737","Alles was ich tun kann, ist, dich zu Vatras zu schicken. Er ist der Vertreter der Wassermagier in Khorinis.","내가 해줄 수 있는 건 바트라스에게 가보라고 하는 것뿐이야. 그는 코리니스에 있는 물의 마법사들의 대변인이거든.","","False","DIA_Addon_Cavalorn_Ring_08_02","",""
"Scripts/Content/Story/Dialoge/DIA_Addon_BAU_4300_Cavalorn.d:738","Am besten du redest mit ihm. Sag ihm, du kommst von mir.","그와 직접 얘기해 보는 게 좋을 거야. 내 이름도 대고.","","False","DIA_Addon_Cavalorn_Ring_08_03","",""
"Scripts/Content/Story/Dialoge/DIA_Addon_BAU_4300_Cavalorn.d:739","Vielleicht nimmt er dich ja bei uns auf. Wir brauchen dringend mehr gute Leute ...","어쩌면 너를 우리 일원으로 받아들여 줄지도 모르지. 지금 우리에겐 실력 좋은 인재가 몹시 필요하거든...","","False","DIA_Addon_Cavalorn_Ring_08_04","",""
"Scripts/Content/Story/Dialoge/DIA_Addon_BAU_4300_Cavalorn.d:752","Waren du und deine Leute damals nicht mit den Wassermagiern verfeindet?","예전에는 너랑 동료들이 물의 마법사들과 원수 사이 아니었어?","","False","DIA_Addon_Cavalorn_Feinde.description","",""
"Scripts/Content/Story/Dialoge/DIA_Addon_BAU_4300_Cavalorn.d:765","Waren du und deine Leute damals nicht mit den Wassermagiern verfeindet?","예전에는 너랑 동료들이 물의 마법사들과 원수 사이 아니었어?","","False","DIA_Addon_Cavalorn_Feinde_15_00","",""
"Scripts/Content/Story/Dialoge/DIA_Addon_BAU_4300_Cavalorn.d:766","Die hirnverbrannten Zeiten von damals sind vorbei. Es gibt kein 'Neues Lager' oder 'Altes Lager' mehr.","제정신이 아니던 옛날 일들은 이제 끝났어. 더 이상 '새 영지'나 '구 영지' 같은 건 없다고.","","False","DIA_Addon_Cavalorn_Feinde_08_01","",""
"Scripts/Content/Story/Dialoge/DIA_Addon_BAU_4300_Cavalorn.d:767","Jetzt, da die Sträflingskolonie nicht mehr existiert, ist jeder auf sich allein gestellt.","형무소 영지가 사라진 지금은 모두가 각자 알아서 살아남아야 해.","","False","DIA_Addon_Cavalorn_Feinde_08_02","",""
"Scripts/Content/Story/Dialoge/DIA_Addon_BAU_4300_Cavalorn.d:768","Die meisten von uns ehemaligen Gefangenen werden immer noch verfolgt.","우리 전직 죄수들 대부분은 여전히 쫓기는 신세지.","","False","DIA_Addon_Cavalorn_Feinde_08_03","",""
"Scripts/Content/Story/Dialoge/DIA_Addon_BAU_4300_Cavalorn.d:769","Die Wassermagier konnten erwirken, dass mir meine Strafe erlassen wurde und ich mich jetzt frei bewegen kann.","물의 마법사들 덕분에 내 형벌도 사면받고 지금은 이렇게 자유롭게 돌아다닐 수 있게 된 거야.","","False","DIA_Addon_Cavalorn_Feinde_08_04","",""
"Scripts/Content/Story/Dialoge/DIA_Addon_BAU_4300_Cavalorn.d:781","Was machen die Wassermagier jetzt?","물의 마법사들은 지금 뭘 하고 있지?","","False","DIA_Addon_Cavalorn_KdWTask.description","",""
"Scripts/Content/Story/Dialoge/DIA_Addon_BAU_4300_Cavalorn.d:795","Was machen die Wassermagier jetzt?","물의 마법사들은 지금 뭘 하고 있지?","","False","DIA_Addon_Cavalorn_KdWTask_15_00","",""
"Scripts/Content/Story/Dialoge/DIA_Addon_BAU_4300_Cavalorn.d:796","Sie sind an einer großen Sache dran. Es geht um einen unbekannten Teil der Insel.","그들은 뭔가 거대한 일을 꾸미고 있어. 섬의 미지의 지역과 관련이 있지.","","False","DIA_Addon_Cavalorn_KdWTask_08_01","",""
"Scripts/Content/Story/Dialoge/DIA_Addon_BAU_4300_Cavalorn.d:797","Ein unbekannter Teil? Wo soll der liegen?","미지의 지역이라고? 거기가 어디지?","","False","DIA_Addon_Cavalorn_KdWTask_15_02","",""
"Scripts/Content/Story/Dialoge/DIA_Addon_BAU_4300_Cavalorn.d:798","Mehr darf ich dir nicht sagen. Sprich mit Vatras in Khorinis.","더 이상은 말해줄 수 없어. 코리니스에 있는 바트라스와 대화해 봐.","","False","DIA_Addon_Cavalorn_KdWTask_08_03","",""
"Scripts/Content/Story/Dialoge/DIA_Addon_BAU_4300_Cavalorn.d:810","Ich habe Vatras deinen Brief gegeben.","네가 준 편지를 바트라스에게 전달했어.","","False","DIA_Addon_Cavalorn_BroughtLetter.description","",""
"Scripts/Content/Story/Dialoge/DIA_Addon_BAU_4300_Cavalorn.d:824","Ich habe Vatras deinen Brief gegeben.","네가 준 편지를 바트라스에게 전달했어.","","False","DIA_Addon_Cavalorn_BroughtLetter_15_00","",""
"Scripts/Content/Story/Dialoge/DIA_Addon_BAU_4300_Cavalorn.d:825","Habe auch nichts anderes von dir erwartet. Dank' dir.","다른 반응은 예상하지도 않았지. 고마워.","","False","DIA_Addon_Cavalorn_BroughtLetter_08_01","",""
"Scripts/Content/Story/Dialoge/DIA_Addon_BAU_4300_Cavalorn.d:838","Suchst du etwas?","뭔가 찾고 있는 건가?","","False","DIA_Addon_Cavalorn_Ornament.description","",""
"Scripts/Content/Story/Dialoge/DIA_Addon_BAU_4300_Cavalorn.d:852","Suchst du etwas?","뭔가 찾고 있는 건가?","","False","DIA_Addon_Cavalorn_Ornament_15_00","",""
"Scripts/Content/Story/Dialoge/DIA_Addon_BAU_4300_Cavalorn.d:853","Ist das so offensichtlich? Ja, ich habe von den Wassermagiern den Auftrag, nach irgendwelchen verlorenen Ornamenten zu suchen.","그렇게 뻔해 보이나? 그래, 물의 마법사들에게 잃어버린 장식물을 찾아오라는 임무를 받았어.","","False","DIA_Addon_Cavalorn_Ornament_08_01","",""
"Scripts/Content/Story/Dialoge/DIA_Addon_BAU_4300_Cavalorn.d:854","Trifft sich gut. Ich habe den gleichen Auftrag von Nefarius bekommen.","우연이네. 나도 네파리우스에게 똑같은 임무를 받았거든.","","False","DIA_Addon_Cavalorn_Ornament_15_02","",""
"Scripts/Content/Story/Dialoge/DIA_Addon_BAU_4300_Cavalorn.d:858","Gehörst du also zum 'Ring des Wassers'?","그럼 너도 '링 오브 워터' 소속이구나?","","False","DIA_Addon_Cavalorn_Ornament_08_03","",""
"Scripts/Content/Story/Dialoge/DIA_Addon_BAU_4300_Cavalorn.d:861","Ja.","그래.","","False","DIA_Addon_Cavalorn_Ornament_15_04","",""
"Scripts/Content/Story/Dialoge/DIA_Addon_BAU_4300_Cavalorn.d:865","Noch nicht, aber ich arbeite daran.","아직은 아니지만, 그렇게 되려고 노력 중이야.","","False","DIA_Addon_Cavalorn_Ornament_15_05","",""
"Scripts/Content/Story/Dialoge/DIA_Addon_BAU_4300_Cavalorn.d:869","Das freut mich. Dann muss ich das hier nicht alleine machen.","다행이네. 그럼 이 일을 혼자서 안 해도 되겠어.","","False","DIA_Addon_Cavalorn_Ornament_08_06","",""
"Scripts/Content/Story/Dialoge/DIA_Addon_BAU_4300_Cavalorn.d:870","Hast du schon ein Ornament gefunden?","벌써 장식물을 찾았나?","","False","DIA_Addon_Cavalorn_Ornament_15_07","",""
"Scripts/Content/Story/Dialoge/DIA_Addon_BAU_4300_Cavalorn.d:871","Ich habe die Stelle gefunden, an der wir eins finden sollten.","우리가 찾아야 할 곳을 발견했어.","","False","DIA_Addon_Cavalorn_Ornament_08_08","",""
"Scripts/Content/Story/Dialoge/DIA_Addon_BAU_4300_Cavalorn.d:872","Dieser Steinkreis könnte eins dieser Bauwerke sein, die Nefarius beschrieben hat.","이 원형 돌무더기가 네파리우스가 설명했던 구조물 중 하나일지도 몰라.","","False","DIA_Addon_Cavalorn_Ornament_08_09","",""
"Scripts/Content/Story/Dialoge/DIA_Addon_BAU_4300_Cavalorn.d:873","Jetzt müsste man nur noch den Mechanismus finden, nach dem wir suchen sollen.","이제 우리가 찾던 장치만 작동시키면 돼.","","False","DIA_Addon_Cavalorn_Ornament_08_10","",""
"Scripts/Content/Story/Dialoge/DIA_Addon_BAU_4300_Cavalorn.d:885","Ich habe den Mechanismus betätigt.","장치를 작동시켰어.","","False","DIA_Addon_Cavalorn_Triggered.description","",""
"Scripts/Content/Story/Dialoge/DIA_Addon_BAU_4300_Cavalorn.d:900","Ich habe den Mechanismus betätigt. Da tut sich rein gar nichts.","장치를 작동시켜 봤어. 아무런 반응도 없던걸.","","False","DIA_Addon_Cavalorn_Triggered_15_00","",""
"Scripts/Content/Story/Dialoge/DIA_Addon_BAU_4300_Cavalorn.d:901","Dann haben Lobarts Bauern wohl recht gehabt.","그럼 로바트의 농부들 말이 맞았던 모양이군.","","False","DIA_Addon_Cavalorn_Triggered_08_01","",""
"Scripts/Content/Story/Dialoge/DIA_Addon_BAU_4300_Cavalorn.d:902","Sie haben erzählt, dass jemand von ihnen schon mal an den Steinen hier herum gespielt hat.","농부들이 그러는데, 누군가 여기 있는 돌들을 건드린 적이 있다고 하더군.","","False","DIA_Addon_Cavalorn_Triggered_08_02","",""
"Scripts/Content/Story/Dialoge/DIA_Addon_BAU_4300_Cavalorn.d:903","Ein Steinwächter sei wie aus dem Nichts erschienen und hätte sie angegriffen.","돌 수호자가 허허벌판에서 갑자기 나타나 그들을 공격했다고 해.","","False","DIA_Addon_Cavalorn_Triggered_08_03","",""
"Scripts/Content/Story/Dialoge/DIA_Addon_BAU_4300_Cavalorn.d:904","Die Bauern riefen die Miliz, die Milizsoldaten riefen die Paladine, die kamen auch und zerstörten das Monstrum.","농부들은 민병대를 불렀고, 민병대는 팔라딘들을 불러서 그 괴물을 해치웠다는 거야.","","False","DIA_Addon_Cavalorn_Triggered_08_04","",""
"Scripts/Content/Story/Dialoge/DIA_Addon_BAU_4300_Cavalorn.d:905","Ich hab' schon die ganze Gegend abgesucht. Wenn es hier ein Ornament gegeben hat, dann haben es jetzt die Paladine.","일대 장소를 샅샅이 뒤져봤지만 없었어. 여기에 장식물이 있었다면, 지금은 팔라딘들이 가지고 있을 거야.","","False","DIA_Addon_Cavalorn_Triggered_08_05","",""
"Scripts/Content/Story/Dialoge/DIA_Addon_BAU_4300_Cavalorn.d:908","Dann muss jetzt einer von uns beiden ins obere Viertel der Stadt.","그렇다면 우리 둘 중 한 명이 도시의 상층 구역으로 가야겠군.","","False","DIA_Addon_Cavalorn_Triggered_Info.DIA_Addon_Cavalorn_Triggered.DIA_Addon_Cavalorn_Triggered_Pal","Info_AddChoice",""
"Scripts/Content/Story/Dialoge/DIA_Addon_BAU_4300_Cavalorn.d:909","Dann werde ich zu ihnen gehen und das Ornament zurück fordern.","그럼 내가 그들에게 가서 장식물을 돌려달라고 요구하겠어.","","False","DIA_Addon_Cavalorn_Triggered_Info.DIA_Addon_Cavalorn_Triggered.DIA_Addon_Cavalorn_Triggered_OBack","Info_AddChoice",""
"Scripts/Content/Story/Dialoge/DIA_Addon_BAU_4300_Cavalorn.d:914","Ich werde jetzt in die Stadt gehen. Wir sehen uns bei Vatras.","이제 도시로 갈 거야. 바트라스에게서 보세.","","False","DIA_Addon_Cavalorn_Triggered_Wohin_08_00","",""
"Scripts/Content/Story/Dialoge/DIA_Addon_BAU_4300_Cavalorn.d:933","Dann werde ich zu ihnen gehen und das Ornament zurückfordern.","그럼 내가 그들에게 가서 장식물을 돌려달라고 요구할게.","","False","DIA_Addon_Cavalorn_Triggered_OBack_15_00","",""
"Scripts/Content/Story/Dialoge/DIA_Addon_BAU_4300_Cavalorn.d:934","In Ordnung.","좋아.","","False","DIA_Addon_Cavalorn_Triggered_OBack_08_01","",""
"Scripts/Content/Story/Dialoge/DIA_Addon_BAU_4300_Cavalorn.d:945","Dann muss jetzt einer von uns beiden ins obere Viertel der Stadt.","그렇다면 우리 둘 중 한 명이 도시의 상층 구역으로 가야겠어.","","False","DIA_Addon_Cavalorn_Triggered_Pal_15_00","",""
"Scripts/Content/Story/Dialoge/DIA_Addon_BAU_4300_Cavalorn.d:946","Ich hab' dafür keine Zeit. Das wirst du machen müssen.","난 그럴 시간이 없어. 네가 가야겠어.","","False","DIA_Addon_Cavalorn_Triggered_Pal_08_01","",""
"Scripts/Content/Story/Dialoge/DIA_Addon_BAU_4300_Cavalorn.d:959","Ich habe das fehlende Ornament von Lord Hagen bekommen.","헤이건 경에게서 빠진 장식물을 받아왔어.","","False","DIA_Addon_Cavalorn_GotOrnaFromHagen.description","",""
"Scripts/Content/Story/Dialoge/DIA_Addon_BAU_4300_Cavalorn.d:972","Ich habe das fehlende Ornament von Lord Hagen bekommen.","헤이건 경에게서 빠진 장식물을 받아왔어.","","False","DIA_Addon_Cavalorn_GotOrnaFromHagen_15_00","",""
"Scripts/Content/Story/Dialoge/DIA_Addon_BAU_4300_Cavalorn.d:973","Siehst du? Hatte ich mir doch gedacht, dass die Paladine es hatten.","봤지? 팔라딘들이 가지고 있을 거라고 생각했었거든.","","False","DIA_Addon_Cavalorn_GotOrnaFromHagen_08_01","",""
"Scripts/Content/Story/Dialoge/DIA_Addon_BAU_4300_Cavalorn.d:987","Kannst du mir was beibringen?","나한테 뭐 좀 가르쳐 줄 수 있어?","","False","DIA_Addon_Cavalorn_WannaLearn.description","",""
"Scripts/Content/Story/Dialoge/DIA_Addon_BAU_4300_Cavalorn.d:1001","Kannst du mir was beibringen?","나한테 뭐 좀 가르쳐 줄 수 있어?","","False","DIA_Addon_Cavalorn_WannaLearn_15_00","",""
"Scripts/Content/Story/Dialoge/DIA_Addon_BAU_4300_Cavalorn.d:1002","Sicher. Das weißt du doch. Mensch, dir haben sie ja ganz schön zugesetzt.","물론이지. 너도 알잖아. 이나참, 아주 고생이 많았구나.","","False","DIA_Addon_Cavalorn_WannaLearn_08_01","",""
"Scripts/Content/Story/Dialoge/DIA_Addon_BAU_4300_Cavalorn.d:1003","Du kannst dich an gar nichts mehr erinnern, was?","아무것도 기억나지 않는 모양이지?","","False","DIA_Addon_Cavalorn_WannaLearn_08_02","",""
"Scripts/Content/Story/Dialoge/DIA_Addon_BAU_4300_Cavalorn.d:1023","Ich will deine Fähigkeiten erlernen.","네 기술을 배우고 싶어.","","False","DIA_Addon_Cavalorn_TEACH.description","",""
"Scripts/Content/Story/Dialoge/DIA_Addon_BAU_4300_Cavalorn.d:1052","Ich will deine Fähigkeiten erlernen.","네 기술을 배우고 싶어.","","False","DIA_Addon_Cavalorn_TEACH_15_00","",""
"Scripts/Content/Story/Dialoge/DIA_Addon_BAU_4300_Cavalorn.d:1053","Sicher. Was willst du wissen","물론이지. 무엇을 알고 싶나?","","False","DIA_Addon_Cavalorn_TEACH_08_01","",""
"Scripts/Content/Story/Dialoge/DIA_Addon_BAU_4300_Cavalorn.d:1065","Mit weichen Sohlen hast du eine größere Chance, dich deinen Gegnern zu nähern, ohne dass sie es merken.","밑창이 부드러운 신발을 신으면, 적들이 알아채지 못하게 접근할 확률이 높아지지.","","False","DIA_Addon_Cavalorn_Teach_Sneak_08_00","",""
"Scripts/Content/Story/Dialoge/DIA_Addon_BAU_4300_Cavalorn.d:1104","Schon besser so. Du hast 'ne Menge verlernt seit damals, aber das kriegen wir schon wieder hin.","그래, 이게 훨씬 낫지. 예전에 비하면 많이 까먹었지만, 다시 감을 찾으면 돼.","","False","DIA_Addon_Cavalorn_Teach_BACK_08_00","",""
"Scripts/Content/Story/Dialoge/DIA_BAU_900_Onar.d:47","Wer hat dich denn hier reingelassen?!","여기에 도대체 누가 들여보내 준 거야?!","","False","DIA_Onar_Hallo_14_00","",""
"Scripts/Content/Story/Dialoge/DIA_BAU_900_Onar.d:48","Was machst du hier auf meinen Hof?!","내 농장에서 뭐 하는 짓이야?!","","False","DIA_Onar_Hallo_14_01","",""
"Scripts/Content/Story/Dialoge/DIA_BAU_900_Onar.d:61","Alles klar hier auf dem Hof?","농장 일은 별일 없나?","","False","DIA_Onar_PERM.description","",""
"Scripts/Content/Story/Dialoge/DIA_BAU_900_Onar.d:71","Alles klar hier auf dem Hof?","농장 일은 별일 없나?","","False","DIA_Onar_PERM_15_00","",""
"Scripts/Content/Story/Dialoge/DIA_BAU_900_Onar.d:75","Ich wüsste nicht, was dich das angeht! Du gehörst nicht zum Hof!","그게 네 알바인가? 넌 이 농장 사람이 아니잖아!","","False","DIA_Onar_PERM_14_01","",""
"Scripts/Content/Story/Dialoge/DIA_BAU_900_Onar.d:80","Das will ich hoffen! Dafür bezahle ich dich schließlich!","그랬으면 좋겠군! 내가 너한테 돈을 주는 이유가 바로 그 때문이니까!","","False","DIA_Onar_PERM_14_02","",""
"Scripts/Content/Story/Dialoge/DIA_BAU_900_Onar.d:81","Geh lieber zu Torlof und frag ihn, ob es was zu tun gibt!","토를로프에게 가서 도울 일이 있는지 물어보는 게 좋을 거야!","","False","DIA_Onar_PERM_14_03","",""
"Scripts/Content/Story/Dialoge/DIA_BAU_900_Onar.d:86","Ja sicher. Geh du nur und jag deine Drachen.","그래, 그러시겠지. 가서 드래곤이나 사냥하시지 그래.","","False","DIA_Onar_PERM_14_04","",""
"Scripts/Content/Story/Dialoge/DIA_BAU_900_Onar.d:91","Ihr scheinheiligen Bastarde aus dem Kloster seid hier nicht willkommen!","수도원에서 온 위선적인 자식들은 여기서 환영받지 못해!","","False","DIA_Onar_PERM_14_05","",""
"Scripts/Content/Story/Dialoge/DIA_BAU_900_Onar.d:96","Für die Truppen des Königs gibt es hier keine Gastfreundschaft.","왕국의 군대에게는 베풀 환대가 없다.","","False","DIA_Onar_PERM_14_06","",""
"Scripts/Content/Story/Dialoge/DIA_BAU_900_Onar.d:109","Ich will für dich arbeiten!","네 밑에서 일하고 싶어!","","False","DIA_Onar_Work.description","",""
"Scripts/Content/Story/Dialoge/DIA_BAU_900_Onar.d:122","Ich will für dich arbeiten!","네 밑에서 일하고 싶어!","","False","DIA_Onar_Work_15_00","",""
"Scripts/Content/Story/Dialoge/DIA_BAU_900_Onar.d:123","Ich brauche zurzeit keine Knechte.","지금은 일꾼이 필요 없다.","","False","DIA_Onar_Work_14_01","",""
"Scripts/Content/Story/Dialoge/DIA_BAU_900_Onar.d:124","Und um alles andere kümmern sich meine Leute.","다른 일들은 내 사람들이 알아서 하니까.","","False","DIA_Onar_Work_14_02","",""
"Scripts/Content/Story/Dialoge/DIA_BAU_900_Onar.d:125","Hier im Haus hast du nichts zu suchen, also mach, dass du rauskommst!","이 저택 안에서 네가 할 일은 없으니 당장 꺼져라!","","False","DIA_Onar_Work_14_03","",""
"Scripts/Content/Story/Dialoge/DIA_BAU_900_Onar.d:137","Ich will hier als Söldner arbeiten!","여기서 용병으로 일하고 싶어!","","False","DIA_Onar_WorkAsSld.description","",""
"Scripts/Content/Story/Dialoge/DIA_BAU_900_Onar.d:152","Ich will hier als Söldner arbeiten!","여기서 용병으로 일하고 싶어!","","False","DIA_Onar_WorkAsSld_15_00","",""
"Scripts/Content/Story/Dialoge/DIA_BAU_900_Onar.d:153","Du? Als Söldner? Dass ich nicht lache! Wenn du als Söldner was taugen würdest, hätte Lee mir schon was von dir erzählt.","네가? 용병이라고? 웃기는 소리 하고 있네! 네가 용병으로 쓸 만했다면 리가 네 얘기를 벌써 꺼냈을 거다.","","False","DIA_Onar_WorkAsSld_14_01","",""
"Scripts/Content/Story/Dialoge/DIA_BAU_900_Onar.d:154","Jetzt mach endlich, dass du hier rauskommst.","당장 여기서 꺼져.","","False","DIA_Onar_WorkAsSld_14_02","",""
"Scripts/Content/Story/Dialoge/DIA_BAU_900_Onar.d:167","Ich hab gehört, du lehnst dich gegen die Stadt auf?","도시를 상대로 반란을 일으키고 있다는 게 사실이야?","","False","DIA_Onar_Aufstand.description","",""
"Scripts/Content/Story/Dialoge/DIA_BAU_900_Onar.d:177","Ich hab gehört, du lehnst dich gegen die Stadt auf?","도시를 상대로 반란을 일으키고 있다는 게 사실이야?","","False","DIA_Onar_Aufstand_15_00","",""
"Scripts/Content/Story/Dialoge/DIA_BAU_900_Onar.d:178","Jetzt hör mal gut zu! Ich habe diesen Hof und das Land von meinem Vater geerbt.","내 말 잘 들어라! 나는 내 아버지에게서 이 농장과 땅을 물려받았다.","","False","DIA_Onar_Aufstand_14_01","",""
"Scripts/Content/Story/Dialoge/DIA_BAU_900_Onar.d:179","Und der hat ihn von SEINEM Vater geerbt.","그리고 우리 아버지는 그의 아버지로부터 물려받았지.","","False","DIA_Onar_Aufstand_14_02","",""
"Scripts/Content/Story/Dialoge/DIA_BAU_900_Onar.d:180","Ich werde nicht zulassen, dass dieser gierige Schwachkopf von König sich das alles unter den Nagel reißt, nur um seine nutzlosen Armeen durchzufüttern.","그 쓸모없는 군대들을 먹여 살리겠다고, 그 탐욕스러운 왕의 멍청이가 이 모든 걸 가로채도록 가만히 두지는 않을 거다.","","False","DIA_Onar_Aufstand_14_03","",""
"Scripts/Content/Story/Dialoge/DIA_BAU_900_Onar.d:181","Der Krieg mit den Orks dauert jetzt schon ewig. Und wo stehen wir? Am Rande einer Niederlage.","오크와의 전쟁은 끝도 없이 이어지고 있어. 그래서 우리의 처지는 어떤가? 패배의 문턱에 서 있지.","","False","DIA_Onar_Aufstand_14_04","",""
"Scripts/Content/Story/Dialoge/DIA_BAU_900_Onar.d:182","Nein - da verteidige ich meinen Hof lieber selbst! Für das Geld, was ich spare, kann ich mir meine eigene Armee leisten.","아니, 차라리 내 농장은 내 손으로 지키겠다! 아낀 돈으로 나만의 군대를 고용하는 게 낫겠어.","","False","DIA_Onar_Aufstand_14_05","",""
"Scripts/Content/Story/Dialoge/DIA_BAU_900_Onar.d:194","Wegen Bullco hast du jetzt ein paar Schafe weniger.","불코 때문에 양이 몇 마리 줄어들었어.","","False","DIA_Onar_WegenPepe.description","",""
"Scripts/Content/Story/Dialoge/DIA_BAU_900_Onar.d:207","Wegen Bullco hast du jetzt ein paar Schafe weniger.","불코 때문에 양이 몇 마리 줄어들었어.","","False","DIA_Onar_WegenPepe_15_00","",""
"Scripts/Content/Story/Dialoge/DIA_BAU_900_Onar.d:208","Was erzählst du da? Wer ist Bullco?","무슨 소리야? 불코가 누구지?","","False","DIA_Onar_WegenPepe_14_01","",""
"Scripts/Content/Story/Dialoge/DIA_BAU_900_Onar.d:209","Einer der Söldner.","용병 중 한 명이야.","","False","DIA_Onar_WegenPepe_15_02","",""
"Scripts/Content/Story/Dialoge/DIA_BAU_900_Onar.d:210","Was interessiert mich das? Wenn er sich an meinen Schafen vergriffen hat, wird er sich vor Lee verantworten müssen.","그게 내 알 바인가? 내 양을 건드렸다면, 리에게 직접 해명해야 할 거다.","","False","DIA_Onar_WegenPepe_14_03","",""
"Scripts/Content/Story/Dialoge/DIA_BAU_900_Onar.d:211","Was belästigst du mich überhaupt mit solchen Kleinigkeiten?","도대체 왜 이런 사소한 일로 날 귀찮게 하는 거냐?","","False","DIA_Onar_WegenPepe_14_04","",""
"Scripts/Content/Story/Dialoge/DIA_BAU_900_Onar.d:224","Ich komme wegen Sekobs Pacht...","세코브의 소작료 때문에 왔어...","","False","DIA_Onar_WegenSekob.description","",""
"Scripts/Content/Story/Dialoge/DIA_BAU_900_Onar.d:237","Ich komme wegen Sekobs Pacht...","세코브의 소작료 때문에 왔어...","","False","DIA_Onar_WegenSekob_15_00","",""
"Scripts/Content/Story/Dialoge/DIA_BAU_900_Onar.d:241","Was zum Teufel willst du bei mir? Bring das Geld zu Torlof.","도대체 내게 무슨 볼일이지? 그 돈은 토를로프에게 가져가라.","","False","DIA_Onar_WegenSekob_14_01","",""
"Scripts/Content/Story/Dialoge/DIA_BAU_900_Onar.d:245","Was zum Teufel hast DU damit zu schaffen?","그게 도대체 네 상관인 일인가?","","False","DIA_Onar_WegenSekob_14_02","",""
"Scripts/Content/Story/Dialoge/DIA_BAU_900_Onar.d:246","Ich will Söldner werden. Die Pacht einzutreiben ist meine Probe.","용병이 되고 싶어. 소작료를 받아오는 건 그 시험이고.","","False","DIA_Onar_WegenSekob_15_03","",""
"Scripts/Content/Story/Dialoge/DIA_BAU_900_Onar.d:250","Aber Sekob hat kein Geld. Ich habe ihn sogar zusammengeschlagen.","하지만 세코브에게 돈이 없어. 심지어 두들겨 패기까지 했는데.","","False","DIA_Onar_WegenSekob_15_04","",""
"Scripts/Content/Story/Dialoge/DIA_BAU_900_Onar.d:251","Er sagt, es wäre wegen der schlechten Ernte ...","흉작이라서 그렇다던데...","","False","DIA_Onar_WegenSekob_15_05","",""
"Scripts/Content/Story/Dialoge/DIA_BAU_900_Onar.d:252","(poltert) Du Dummkopf! Denkst du, er trägt das Geld mit sich rum? Er hat es irgendwo versteckt!","(버럭 화를 내며) 이 멍청한 녀석! 그가 돈을 들고 다닐 거라고 생각했나? 어디다 숨겨뒀겠지!","","False","DIA_Onar_WegenSekob_14_06","",""
"Scripts/Content/Story/Dialoge/DIA_BAU_900_Onar.d:253","Weißt du, wie viel es hier regnet? Schlechte Ernte, dass ich nicht lache!","여기 비가 얼마나 오는지 아나? 흉작은 무슨, 웃기고 있네!","","False","DIA_Onar_WegenSekob_14_07","",""
"Scripts/Content/Story/Dialoge/DIA_BAU_900_Onar.d:254","Sieh zu, dass du das Geld aus ihm rausprügelst!","당장 그놈한테서 돈을 쥐어짜 내기라도 해라!","","False","DIA_Onar_WegenSekob_14_08","",""
"Scripts/Content/Story/Dialoge/DIA_BAU_900_Onar.d:267","Lee schickt mich. Ich will hier als Söldner arbeiten!","리가 보냈어. 여기서 용병으로 일하고 싶어!","","False","DIA_Onar_LeeSentMe.description","",""
"Scripts/Content/Story/Dialoge/DIA_BAU_900_Onar.d:281","Lee schickt mich. Ich will hier als Söldner arbeiten!","리가 보냈어. 여기서 용병으로 일하고 싶어!","","False","DIA_Onar_LeeSentMe_15_00","",""
"Scripts/Content/Story/Dialoge/DIA_BAU_900_Onar.d:282","Er hat schon mit mir geredet.","그에게서는 이미 이야기를 들었다.","","False","DIA_Onar_LeeSentMe_14_01","",""
"Scripts/Content/Story/Dialoge/DIA_BAU_900_Onar.d:286","Ich hab schon nicht viel von dir gehalten, als du mich zum ersten Mal gefragt hast","네가 처음으로 나한테 물어봤을 때부터 널 좋게 보진 않았지만 말이야.","","False","DIA_Onar_LeeSentMe_14_02","",""
"Scripts/Content/Story/Dialoge/DIA_BAU_900_Onar.d:287","Aber wenn Lee meint, dass du was taugst, wirst du deine Chance bekommen.","하지만 리가 쓸 만한 녀석이라고 하니, 기회를 주도록 하지.","","False","DIA_Onar_LeeSentMe_14_03","",""
"Scripts/Content/Story/Dialoge/DIA_BAU_900_Onar.d:290","Er ist derjenige, der für dich die Verantwortung trägt. Also meinetwegen.","네 책임을 지는 사람은 그니까. 내셔널 상관없다.","","False","DIA_Onar_LeeSentMe_14_04","",""
"Scripts/Content/Story/Dialoge/DIA_BAU_900_Onar.d:291","Aber mach keine Dummheiten hier! Lass die Bauern und die Mägde in Ruhe und vor allem klau hier nichts, klar?","하지만 여기서 딴짓은 벌이지 마라! 농부들이나 하녀들은 내버려 두고, 무엇보다 여기서 물건을 훔치지 마라, 알겠나?","","False","DIA_Onar_LeeSentMe_14_05","",""
"Scripts/Content/Story/Dialoge/DIA_BAU_900_Onar.d:292","Alles weitere kannst du mit Lee abklären.","나머지 일은 리와 상의해라.","","False","DIA_Onar_LeeSentMe_14_06","",""
"Scripts/Content/Story/Dialoge/DIA_BAU_900_Onar.d:293","WIR müssen uns nur noch über deinen Sold unterhalten ...","우리가 이야기할 일은 이제 네 보수뿐이군...","","False","DIA_Onar_LeeSentMe_14_07","",""
"Scripts/Content/Story/Dialoge/DIA_BAU_900_Onar.d:311","Wie sieht's mit meinem Sold aus?","내 보수는 어떻게 되지?","","False","DIA_Onar_HowMuch.description","",""
"Scripts/Content/Story/Dialoge/DIA_BAU_900_Onar.d:324","Wie sieht's mit meinem Sold aus?","내 보수는 어떻게 되지?","","False","DIA_Onar_HowMuch_15_00","",""
"Scripts/Content/Story/Dialoge/DIA_BAU_900_Onar.d:325","Nun ja ...","글쎄...","","False","DIA_Onar_HowMuch_14_01","",""
"Scripts/Content/Story/Dialoge/DIA_BAU_900_Onar.d:331","Ich halte nicht besonders viel von dir.","난 널 그다지 높게 사지 않아.","","False","DIA_Onar_HowMuch_14_02","",""
"Scripts/Content/Story/Dialoge/DIA_BAU_900_Onar.d:336","Besonders schlau bist du nicht. Das hat die Sache mit Sekob gezeigt.","넌 별로 똑똑하지도 않지. 세코브 때 일이 그걸 증명해 주잖아.","","False","DIA_Onar_HowMuch_14_03","",""
"Scripts/Content/Story/Dialoge/DIA_BAU_900_Onar.d:343","Du hast hier auf dem Hof schon mehrmals Ärger gemacht.","넌 이 농장에서 이미 몇 번이나 말썽을 피웠어.","","False","DIA_Onar_HowMuch_14_04","",""
"Scripts/Content/Story/Dialoge/DIA_BAU_900_Onar.d:350","Und du belästigst mich ständig mit irgendwelchem Mist.","그리고 온갖 쓰잘데없는 일로 날 끊임없이 귀찮게 했지.","","False","DIA_Onar_HowMuch_14_05","",""
"Scripts/Content/Story/Dialoge/DIA_BAU_900_Onar.d:354","Lass mich nachdenken ...","어디 보자...","","False","DIA_Onar_HowMuch_14_06","",""
"Scripts/Content/Story/Dialoge/DIA_BAU_900_Onar.d:360","Was sagst du?","어떻게 생각하나?","","False","DIA_Onar_HowMuch_14_07","",""
"Scripts/Content/Story/Dialoge/DIA_BAU_900_Onar.d:363","Klingt in Ordnung!","적당한 것 같군!","","False","DIA_Onar_HowMuch_Info.DIA_Onar_HowMuch.DIA_Onar_HowMuch_Ok","Info_AddChoice",""
"Scripts/Content/Story/Dialoge/DIA_BAU_900_Onar.d:364","Das ist etwas wenig...","조금 적은 것 같은데요...","","False","DIA_Onar_HowMuch_Info.DIA_Onar_HowMuch.DIA_Onar_HowMuch_More","Info_AddChoice",""
"Scripts/Content/Story/Dialoge/DIA_BAU_900_Onar.d:365","Pro Tag? ","하루마다요? ","","False","DIA_Onar_HowMuch_Info.DIA_Onar_HowMuch.DIA_Onar_HowMuch_PerDay","Info_AddChoice",""
"Scripts/Content/Story/Dialoge/DIA_BAU_900_Onar.d:370","Pro Tag?","하루마다?","","False","DIA_Onar_HowMuch_PerDay_15_00","",""
"Scripts/Content/Story/Dialoge/DIA_BAU_900_Onar.d:371","Was dachtest du denn? Pro Woche? Der schlaueste bist du wirklich nicht.","일주일마다일 줄 알았나? 정말 머리가 어떻게 된 거 아니야.","","False","DIA_Onar_HowMuch_PerDay_14_01","",""
"Scripts/Content/Story/Dialoge/DIA_BAU_900_Onar.d:372","Sieh zu, dass du deinen Hintern hierhin bewegst, um dir dein Geld abzuholen.","돈을 받고 싶으면 직접 엉덩이를 놀려서 여기로 오라고.","","False","DIA_Onar_HowMuch_PerDay_14_02","",""
"Scripts/Content/Story/Dialoge/DIA_BAU_900_Onar.d:373","Ich werd's dir nicht hinterher tragen.","내가 직접 가져다주지는 않을 테니까.","","False","DIA_Onar_HowMuch_PerDay_14_03","",""
"Scripts/Content/Story/Dialoge/DIA_BAU_900_Onar.d:378","Das ist etwas wenig ...","조금 적은 것 같은데...","","False","DIA_Onar_HowMuch_More_15_00","",""
"Scripts/Content/Story/Dialoge/DIA_BAU_900_Onar.d:379","Du kannst natürlich auch umsonst für mich arbeiten.","물론 원한다면 공짜로 일해도 상관없다만.","","False","DIA_Onar_HowMuch_More_14_01","",""
"Scripts/Content/Story/Dialoge/DIA_BAU_900_Onar.d:380","Mehr bekommst du jedenfalls nicht!","어쨌든 이 이상은 안 주니까!","","False","DIA_Onar_HowMuch_More_14_02","",""
"Scripts/Content/Story/Dialoge/DIA_BAU_900_Onar.d:390","Klingt in Ordnung!","적당한 것 같군!","","False","DIA_Onar_HowMuch_Ok_15_00","",""
"Scripts/Content/Story/Dialoge/DIA_BAU_900_Onar.d:391","Das denke ich auch! Jetzt geh zu Lee!","나도 그렇게 생각한다! 자, 이제 리에게 가봐라!","","False","DIA_Onar_HowMuch_Ok_14_01","",""
"Scripts/Content/Story/Dialoge/DIA_BAU_900_Onar.d:409","Zahl mir meinen Sold aus!","내 보수를 줘!","","False","DIA_Onar_CollectGold.description","",""
"Scripts/Content/Story/Dialoge/DIA_BAU_900_Onar.d:423","Zahl mir meinen Sold aus!","내 보수를 줘!","","False","DIA_Onar_CollectGold_15_00","",""
"Scripts/Content/Story/Dialoge/DIA_BAU_900_Onar.d:427","Ich bezahle Söldner, keine Drachenjäger.","난 용병들에게 돈을 주지, 드래곤 헌터들에게 주는 게 아니야.","","False","DIA_Onar_CollectGold_14_01","",""
"Scripts/Content/Story/Dialoge/DIA_BAU_900_Onar.d:431","Du kümmerst dich nicht um das, was dir aufgetragen wurde!","넌 지시받은 일을 제대로 처리하지 않고 있잖아!","","False","DIA_Onar_CollectGold_14_02","",""
"Scripts/Content/Story/Dialoge/DIA_BAU_900_Onar.d:432","Ich hab Torlof gefragt, wie du dich machst. Und er sagte, du brauchst ewig für deinen Auftrag.","토를로프에게 네가 어떻게 지내는지 물어봤어. 그러더니 네가 임무를 끝내는 데 영원히 걸릴 거라고 하더군.","","False","DIA_Onar_CollectGold_14_03","",""
"Scripts/Content/Story/Dialoge/DIA_BAU_900_Onar.d:433","Für Faulpelze geb ich kein Geld aus.","게으름뱅이들한테는 돈을 안 써.","","False","DIA_Onar_CollectGold_14_04","",""
"Scripts/Content/Story/Dialoge/DIA_BAU_900_Onar.d:434","Du wirst erstmal ein paar Wochen auf deinen Sold verzichten! Dann lernst du vielleicht was daraus.","당분간 몇 주 동안 급료는 없을 거다! 그러다 보면 뭔가 배우는 게 있겠지.","","False","DIA_Onar_CollectGold_14_05","",""
"Scripts/Content/Story/Dialoge/DIA_BAU_900_Onar.d:438","Ich hab gehört, du hast Mist gebaut! Geh erst zu Lee und klär die Sache!","네가 사고를 쳤다면서! 당장 리에게 가서 이 일을 해결해!","","False","DIA_Onar_CollectGold_14_06","",""
"Scripts/Content/Story/Dialoge/DIA_BAU_900_Onar.d:442","Bist du verrückt?","제정신이야?","","False","DIA_Onar_CollectGold_14_07","",""
"Scripts/Content/Story/Dialoge/DIA_BAU_900_Onar.d:443","Arbeite erstmal einen Tag für mich. Morgen bekommst du dann deinen nächsten Sold.","일단 나를 위해 하루 동안 일해라. 내일 다음 급료를 받게 될 거다.","","False","DIA_Onar_CollectGold_14_08","",""
"Scripts/Content/Story/Dialoge/DIA_BAU_900_Onar.d:449","Wo warst du gestern?","어제 어디 있었나?","","False","DIA_Onar_CollectGold_14_09","",""
"Scripts/Content/Story/Dialoge/DIA_BAU_900_Onar.d:453","Wo warst du die letzten Tage?","지난 며칠 동안 어디 있었지?","","False","DIA_Onar_CollectGold_14_10","",""
"Scripts/Content/Story/Dialoge/DIA_BAU_900_Onar.d:456","Du hast dich nicht bei mir blicken lassen.","모습을 통 보이지 않더군.","","False","DIA_Onar_CollectGold_14_11","",""
"Scripts/Content/Story/Dialoge/DIA_BAU_900_Onar.d:457","Du könntest dich wer weiß wo rumgetrieben haben.","어디서 쏘다니다 왔는지 알 수가 있나.","","False","DIA_Onar_CollectGold_14_12","",""
"Scripts/Content/Story/Dialoge/DIA_BAU_900_Onar.d:465","(zerknirscht) Na gut. Hier ist dein Sold.","(마지못해) 좋아. 여기 네 급료다.","","False","DIA_Onar_CollectGold_14_13","",""
"Scripts/Content/Story/Dialoge/DIA_BAU_900_Onar.d:473","Was? Du hast doch den ganzen Tag nur rumgehangen oder gepennt!","뭐? 하루 종일 빈둥거리거나 잠이나 잤으면서!","","False","DIA_Onar_CollectGold_14_14","",""
"Scripts/Content/Story/Dialoge/DIA_BAU_900_Onar.d:474","Dafür bezahle ich dich nicht!","그 일 때문에 너한테 돈을 주는 게 아니야!","","False","DIA_Onar_CollectGold_14_15","",""
"Scripts/Content/Story/Dialoge/DIA_BAU_900_Onar.d:491","Maria hat gesagt, ich verdiene zu wenig.","마리아가 내가 너무 적게 받는다고 하더군.","","False","DIA_Onar_MariaGold.description","",""
"Scripts/Content/Story/Dialoge/DIA_BAU_900_Onar.d:504","Maria hat gesagt, ich verdiene zu wenig.","마리아가 내가 너무 적게 받는다고 하더군.","","False","DIA_Onar_MariaGold_15_00","",""
"Scripts/Content/Story/Dialoge/DIA_BAU_900_Onar.d:505","Was?","뭐?","","False","DIA_Onar_MariaGold_14_01","",""
"Scripts/Content/Story/Dialoge/DIA_BAU_900_Onar.d:506","Sie meinte, du solltest mich besser bezahlen.","내게 보수를 더 줘야 한다고 했어.","","False","DIA_Onar_MariaGold_15_02","",""
"Scripts/Content/Story/Dialoge/DIA_BAU_900_Onar.d:507","(meckert) Die Frau muss sich auch überall einmischen.","(투덜거리며) 그 여자도 아주 사사건건 참견이라니까.","","False","DIA_Onar_MariaGold_14_03","",""
"Scripts/Content/Story/Dialoge/DIA_BAU_900_Onar.d:508","Hat sie gesagt, wie viel?","얼마나 주라던가?","","False","DIA_Onar_MariaGold_14_04","",""
"Scripts/Content/Story/Dialoge/DIA_BAU_900_Onar.d:509","Nein.","아니.","","False","DIA_Onar_MariaGold_15_05","",""
"Scripts/Content/Story/Dialoge/DIA_BAU_900_Onar.d:510","Gut, mit dem nächsten Sold wirst du 10 Goldstücke mehr bekommen als bisher.","좋아, 다음 봉급부터는 평소보다 10개의 금을 더 받게 될 거다.","","False","DIA_Onar_MariaGold_14_06","",""
"Scripts/Content/Story/Dialoge/DIA_BAU_900_Onar.d:511","Aber kein Goldstück mehr, klar?","하지만 그 이상은 안 돼, 알겠나?","","False","DIA_Onar_MariaGold_14_07","",""
"Scripts/Content/Story/Dialoge/DIA_BAU_900_Onar.d:528","Ich will ein Schaf kaufen!","양을 한 마리 사고 싶어!","","False","DIA_Onar_WannaSheep.description","",""
"Scripts/Content/Story/Dialoge/DIA_BAU_900_Onar.d:541","Ich will ein Schaf kaufen!","양을 한 마리 사고 싶어!","","False","DIA_Onar_WannaSheep_15_00","",""
"Scripts/Content/Story/Dialoge/DIA_BAU_900_Onar.d:542","Was willst dann hier? Siehst du hier irgendwelche Schafe?!","그럼 여기서 뭐 하는 거지? 여기에 양이라도 있는 것 같나?!","","False","DIA_Onar_WannaSheep_14_01","",""
"Scripts/Content/Story/Dialoge/DIA_BAU_900_Onar.d:543","Ich ...","난...","","False","DIA_Onar_WannaSheep_15_02","",""
"Scripts/Content/Story/Dialoge/DIA_BAU_900_Onar.d:544","Wenn du ein Schaf kaufen willst, dann geh auf die Weide. Sie ist rechts neben meinem Haus.","양을 사고 싶다면 목초지로 가라. 내 집 바로 오른쪽에 있다.","","False","DIA_Onar_WannaSheep_14_03","",""
"Scripts/Content/Story/Dialoge/DIA_BAU_900_Onar.d:545","Pepe soll dir eins verkaufen.","페페한테 한 마리 팔라고 해라.","","False","DIA_Onar_WannaSheep_14_04","",""
"Scripts/Content/Story/Dialoge/DIA_BAU_900_Onar.d:549","Pepe ist tot, fürchte ich.","페페는 죽은 것 같은데.","","False","DIA_Onar_WannaSheep_15_05","",""
"Scripts/Content/Story/Dialoge/DIA_BAU_900_Onar.d:550","Oh! Na dann ... Lass mir 200 Goldstücke hier und du kannst dir ein Schaf von der Weide holen.","오! 그렇다면... 여기에 200개의 금을 두고 목초지에서 양 한 마리를 데려가도 좋다.","","False","DIA_Onar_WannaSheep_14_06","",""
"Scripts/Content/Story/Dialoge/DIA_BAU_900_Onar.d:566","Hier sind 200 Goldstücke. Gib mir ein Schaf.","여기 금화 200개가 있어. 양을 한 마리 줘.","","False","DIA_Onar_BuyLiesel.description","",""
"Scripts/Content/Story/Dialoge/DIA_BAU_900_Onar.d:579","Hier sind 200 Goldstücke. Gib mir ein Schaf.","여기 금화 200개가 있어. 양을 한 마리 줘.","","False","DIA_Onar_BuyLiesel_15_00","",""
"Scripts/Content/Story/Dialoge/DIA_BAU_900_Onar.d:583","Du kannst dir eins von der Weide holen.","목초지에서 한 마리 데려가면 된다.","","False","DIA_Onar_BuyLiesel_14_01","",""
"Scripts/Content/Story/Dialoge/DIA_BAU_900_Onar.d:584","Irgendein Schaf wird dir schon folgen. Die meisten hören auf den Namen Liesel.","양들 중 하나가 너를 따라올 거다. 대부분은 리젤이라는 이름에 반응하지.","","False","DIA_Onar_BuyLiesel_14_02","",""
"Scripts/Content/Story/Dialoge/DIA_BAU_900_Onar.d:592","Du hast ja nicht mal so viel Gold. Verschwende nicht meine kostbare Zeit!","너한테는 그만큼의 금조차 없잖아. 내 소중한 시간을 낭비하지 마라!","","False","DIA_Onar_BuyLiesel_14_03","",""
"Scripts/Content/Story/Dialoge/DIA_BAU_902_Gunnar.d:36","Wie sieht's aus?","요즘 어때?","","False","DIA_Gunnar_Hallo.description","",""
"Scripts/Content/Story/Dialoge/DIA_BAU_902_Gunnar.d:46","Wie sieht's aus?","요즘 어때?","","False","DIA_Gunnar_Hallo_15_00","",""
"Scripts/Content/Story/Dialoge/DIA_BAU_902_Gunnar.d:49","Seit Onar verlauten ließ, dass er Söldner anheuert, quillt der Hof fast über vor lauter Galgenvögeln.","오나르가 용병을 고용하겠다고 공표한 이후로, 이 저택은 온갖 범죄자들로 넘쳐나고 있지.","","False","DIA_Gunnar_Hallo_10_01","",""
"Scripts/Content/Story/Dialoge/DIA_BAU_902_Gunnar.d:50","Das ganze Gesindel, das sich vorher nicht aus den Wäldern getraut hat, ist jetzt hier.","이전에 숲 밖으로 나올 엄두도 못 내던 온갖 쓰레기들이 지금 여기에 다 모여 있어.","","False","DIA_Gunnar_Hallo_10_02","",""
"Scripts/Content/Story/Dialoge/DIA_BAU_902_Gunnar.d:51","Die Kerle kamen echt von überall her ...","녀석들은 정말 사방에서 기어들어왔지...","","False","DIA_Gunnar_Hallo_10_03","",""
"Scripts/Content/Story/Dialoge/DIA_BAU_902_Gunnar.d:57","Du bist jetzt auch einer von den Söldnern, hm?","너도 이제 용병 중 하나라는 거지, 안 그래?","","False","DIA_Gunnar_Hallo_10_04","",""
"Scripts/Content/Story/Dialoge/DIA_BAU_902_Gunnar.d:63","Innos sei mit dir!","이노스께서 함께하시길!","","False","DIA_Gunnar_Hallo_10_05","",""
"Scripts/Content/Story/Dialoge/DIA_BAU_902_Gunnar.d:69","Leute aus der Stadt sind hier nicht willkommen.","도시 출신 사람들은 여기서 환영받지 못해.","","False","DIA_Gunnar_Hallo_10_06","",""
"Scripts/Content/Story/Dialoge/DIA_BAU_902_Gunnar.d:85","Die Söldner kamen von überall her?","용병들이 사방에서 왔다고?","","False","DIA_Gunnar_Everywhere.description","",""
"Scripts/Content/Story/Dialoge/DIA_BAU_902_Gunnar.d:98","Die Söldner kamen von überall her?","용병들이 사방에서 왔다고?","","False","DIA_Gunnar_Everywhere_15_00","",""
"Scripts/Content/Story/Dialoge/DIA_BAU_902_Gunnar.d:99","Ein Großteil kam aus der Strafkolonie.","대다수는 형벌 식민지에서 왔어.","","False","DIA_Gunnar_Everywhere_10_01","",""
"Scripts/Content/Story/Dialoge/DIA_BAU_902_Gunnar.d:100","Eine weitere Gruppe von Söldnern kam aus dem Süden, sie haben dort wohl Orks gejagt.","또 다른 용병 무리는 남쪽에서 왔는데, 거기서 오크들을 사냥하던 모양이더군.","","False","DIA_Gunnar_Everywhere_10_02","",""
"Scripts/Content/Story/Dialoge/DIA_BAU_902_Gunnar.d:101","Und ich wette, es sind auch mittlerweile ein paar Banditen aus den Bergen hier und lassen sich durchfüttern!","그리고 산에서 온 건달 몇 놈도 공짜 밥을 얻어먹으려고 지금쯤 기어들어왔을 게 뻔해!","","False","DIA_Gunnar_Everywhere_10_03","",""
"Scripts/Content/Story/Dialoge/DIA_BAU_902_Gunnar.d:114","Was weißt du von den Söldnern aus dem Süden?","남쪽에서 온 용병들에 대해 뭘 아나?","","False","DIA_Gunnar_South.description","",""
"Scripts/Content/Story/Dialoge/DIA_BAU_902_Gunnar.d:127","Was weißt du von den Söldnern aus dem Süden?","남쪽에서 온 용병들에 대해 뭘 아나?","","False","DIA_Gunnar_South_15_00","",""
"Scripts/Content/Story/Dialoge/DIA_BAU_902_Gunnar.d:128","Nicht viel. Die haben da wohl Orks gejagt, soviel ich weiß.","별로 없어. 내가 알기로는 거기서 오크들을 사냥했다고 하더군.","","False","DIA_Gunnar_South_10_01","",""
"Scripts/Content/Story/Dialoge/DIA_BAU_902_Gunnar.d:129","Sylvio ist ihr Boss. Zu ihm gehören Bullco, Sentenza, Raoul und noch ein paar andere ...","실비오가 그들의 우두머리야. 불코, 센텐자, 라오울 그리고 그 외 몇 명의 부하들이 그를 따르지...","","False","DIA_Gunnar_South_10_02","",""
"Scripts/Content/Story/Dialoge/DIA_BAU_902_Gunnar.d:142","Wer kam alles aus der Kolonie?","누가 식민지에서 온 자들이지?","","False","DIA_Gunnar_Colony.description","",""
"Scripts/Content/Story/Dialoge/DIA_BAU_902_Gunnar.d:155","Wer kam alles aus der Kolonie?","누가 식민지에서 온 자들이지?","","False","DIA_Gunnar_Colony_15_00","",""
"Scripts/Content/Story/Dialoge/DIA_BAU_902_Gunnar.d:156","Lee und seine Leute. Torlof, Cord, Jarvis, Wolf und wie sie alle heißen.","리와 그의 사람들. 토를로프, 코르드, 자비스, 울프 그리고 그 외의 자들이지.","","False","DIA_Gunnar_Colony_10_01","",""
"Scripts/Content/Story/Dialoge/DIA_BAU_902_Gunnar.d:169","Von welchen Banditen hast du geredet?","어떤 강도들을 말하는 거지?","","False","DIA_Gunnar_Bandits.description","",""
"Scripts/Content/Story/Dialoge/DIA_BAU_902_Gunnar.d:182","Von welchen Banditen hast du geredet?","어떤 강도들을 말하는 거지?","","False","DIA_Gunnar_Bandits_15_00","",""
"Scripts/Content/Story/Dialoge/DIA_BAU_902_Gunnar.d:183","Das war nur so'n Spruch. Bin mir da nicht so sicher.","그냥 해본 소리야. 별로 확실하진 않아.","","False","DIA_Gunnar_Bandits_10_01","",""
"Scripts/Content/Story/Dialoge/DIA_BAU_902_Gunnar.d:184","Im Süden des Tals gibt es Berge mit verlassenen Minen. Da oben verstecken sich einige Banditen.","계곡 남쪽에는 버려진 광산들이 있는 산이 있어. 그 위쪽에 강도들이 몇 명 숨어 있지.","","False","DIA_Gunnar_Bandits_10_02","",""
"Scripts/Content/Story/Dialoge/DIA_BAU_902_Gunnar.d:185","Es sind auch Sträflinge aus der Kolonie, genau wie die meisten Söldner auf dem Hof hier.","이 농장의 대부분의 용병들처럼, 그들도 식민지 출신의 죄수들이야.","","False","DIA_Gunnar_Bandits_10_03","",""
"Scripts/Content/Story/Dialoge/DIA_BAU_902_Gunnar.d:186","Nur mit dem Unterschied, dass sie noch schlimmerer Abschaum sind. Die bringen jeden um, der sich in ihre Nähe traut.","단지 그들이 훨씬 더 지독한 쓰레기라는 점만 빼고는 말이지. 그들은 근처에 얼씬거리는 자는 누구든 죽여 버리거든.","","False","DIA_Gunnar_Bandits_10_04","",""
"Scripts/Content/Story/Dialoge/DIA_BAU_903_Bodo.d:34","Wie steht's?","잘 지내나?","","False","DIA_Bodo_Hallo.description","",""
"Scripts/Content/Story/Dialoge/DIA_BAU_903_Bodo.d:44","Wie steht's?","잘 지내나?","","False","DIA_Bodo_Hallo_15_00","",""
"Scripts/Content/Story/Dialoge/DIA_BAU_903_Bodo.d:47","Die Miliz hat uns lange genug schikaniert. Jetzt, wo die Söldner auf unserer Seite sind, werden sie sich nicht mehr trauen, hier einfach so aufzukreuzen.","민병대는 우리를 충분히 괴롭혀 왔어. 용병들이 우리 편에 선 이상, 그들도 이제 함부로 여기에 얼씬거리지 못할 거야.","","False","DIA_Bodo_Hallo_12_01","",""
"Scripts/Content/Story/Dialoge/DIA_BAU_903_Bodo.d:48","Der König glaubt wohl, er kann sich alles erlauben. Aber jetzt ist Schluss damit.","왕은 자기가 뭐든 다 할 수 있다고 믿는 모양이야. 하지만 이제 끝이야.","","False","DIA_Bodo_Hallo_12_02","",""
"Scripts/Content/Story/Dialoge/DIA_BAU_903_Bodo.d:54","Gut. Wenn du ein paar Milizen siehst, brat ihnen von mir auch eins über, ja?","좋아. 민병대 녀석들이 보이면 내 몫까지 아주 흠씬 두들겨 패주라고, 알았지?","","False","DIA_Bodo_Hallo_12_03","",""
"Scripts/Content/Story/Dialoge/DIA_BAU_903_Bodo.d:60","Gut. Innos sei mit dir.","좋아. 이노스께서 함께하시길.","","False","DIA_Bodo_Hallo_12_04","",""
"Scripts/Content/Story/Dialoge/DIA_BAU_903_Bodo.d:66","Truppen des Königs sind auf dem Hof nicht gerade willkommen.","왕의 군대들은 이 농장에서 그리 환영받지 못해.","","False","DIA_Bodo_Hallo_12_05","",""
"Scripts/Content/Story/Dialoge/DIA_BAU_903_Bodo.d:67","Viele der Leute hier werden wohl trotzdem mit dir reden, aber beliebt machst du dich hier bestimmt nicht.","여기에 있는 많은 사람들은 그래도 너와 이야기하겠지만, 여기서 환영받지는 못할 거다.","","False","DIA_Bodo_Hallo_12_06","",""
"Scripts/Content/Story/Dialoge/DIA_BAU_903_Bodo.d:80","In der Stadt ist von Bauernaufstand die Rede!","도시에서는 농민 봉기 이야기가 한창이더군!","","False","DIA_Bodo_Bauernaufstand.description","",""
"Scripts/Content/Story/Dialoge/DIA_BAU_903_Bodo.d:90","In der Stadt ist von Bauernaufstand die Rede!","도시에서는 농민 봉기 이야기가 한창이더군!","","False","DIA_Bodo_Bauernaufstand_15_00","",""
"Scripts/Content/Story/Dialoge/DIA_BAU_903_Bodo.d:91","Unsinn. Wir machen nichts, außer das, wofür wir hart gearbeitet haben, zu verteidigen.","말도 안 되는 소리. 우리는 우리가 피땀 흘려 일구어낸 것을 방어하는 것뿐이야.","","False","DIA_Bodo_Bauernaufstand_12_01","",""
"Scripts/Content/Story/Dialoge/DIA_BAU_903_Bodo.d:92","Es ist doch so, der Krieg wird auf dem Rücken der Bauern ausgetragen. Aber Onar ist nicht mehr bereit zuzusehen, wie der König uns ausblutet.","결국 전쟁은 농민들의 등을 짜내어 치러지고 있잖아. 하지만 오나르는 왕이 우리를 쥐어짜는 걸 더 이상 보고만 있지 않을 거야.","","False","DIA_Bodo_Bauernaufstand_12_02","",""
"Scripts/Content/Story/Dialoge/DIA_BAU_903_Bodo.d:104","Kann ich mich hier irgendwo ausruhen?","여기서 좀 쉴 만한 곳이 있나?","","False","DIA_Bodo_Bett.description","",""
"Scripts/Content/Story/Dialoge/DIA_BAU_903_Bodo.d:114","Kann ich mich hier irgendwo ausruhen?","여기서 좀 쉴 만한 곳이 있나?","","False","DIA_Bodo_Bett_15_00","",""
"Scripts/Content/Story/Dialoge/DIA_BAU_903_Bodo.d:115","Wenn du einen Platz zum Schlafen suchst, geh in die Scheune. Aber leg dich nicht aus Versehen in das Bett eines Söldners.","잘 곳을 찾는다면 낭떠러지 헛간으로 가. 하지만 실수로 용병의 침대에 눕지는 마.","","False","DIA_Bodo_Bett_12_01","",""
"Scripts/Content/Story/Dialoge/DIA_BAU_903_Bodo.d:116","Onar sorgt zwar dafür, dass sie uns Bauern in Ruhe lassen, aber mit Fremden, die nicht zum Hof gehören, machen die Söldner, was sie wollen.","오나르는 그들이 우리 농부들을 건드리지 못하게 하지만, 농장에 소속되지 않은 이방인들에게는 용병들이 지그들 마음대로 하거든.","","False","DIA_Bodo_Bett_12_02","",""
"Scripts/Content/Story/Dialoge/DIA_BAU_903_Bodo.d:128","Cipher hat mir erzählt, ihm wäre ein Paket Sumpfkraut gestohlen worden...","사이퍼가 누군가에게 늪초 묶음을 도난당했다고 하던데...","","False","DIA_Bodo_Cipher.description","",""
"Scripts/Content/Story/Dialoge/DIA_BAU_903_Bodo.d:142","Cipher hat mir erzählt, ihm wäre ein Paket Sumpfkraut gestohlen worden...","사이퍼가 누군가에게 늪초 묶음을 도난당했다고 하던데...","","False","DIA_Bodo_Cipher_15_00","",""
"Scripts/Content/Story/Dialoge/DIA_BAU_903_Bodo.d:143","Und?","그래서?","","False","DIA_Bodo_Cipher_12_01","",""
"Scripts/Content/Story/Dialoge/DIA_BAU_903_Bodo.d:144","Er denkt, du hättest es genommen.","네가 그걸 훔쳤다고 생각하더군.","","False","DIA_Bodo_Cipher_15_02","",""
"Scripts/Content/Story/Dialoge/DIA_BAU_903_Bodo.d:145","Ach, DESwegen glotzt der Typ mich immer so dämlich an.","아, 그래서 그 녀석이 맨날 나를 그렇게 바보같이 쳐다보고 있었구나.","","False","DIA_Bodo_Cipher_12_03","",""
"Scripts/Content/Story/Dialoge/DIA_BAU_903_Bodo.d:146","Ich bin in letzter Zeit immer extra freundlich zu ihm, weil ich denke, der Typ ist echt mies drauf.","그 녀석이 뭔단 대단히 심술이 난 것 같아서, 최근 들어 일부러 더 친절하게 대했거든.","","False","DIA_Bodo_Cipher_12_04","",""
"Scripts/Content/Story/Dialoge/DIA_BAU_903_Bodo.d:147","Aber da war nichts zu machen. Ich mache ein freundliches Gesicht und er starrt mich an, als ob er mich umbringen wolle.","하지만 소용없었어. 내가 친절하게 웃어주면 나를 죽이기라도 할 것처럼 쏘아보더라고.","","False","DIA_Bodo_Cipher_12_05","",""
"Scripts/Content/Story/Dialoge/DIA_BAU_903_Bodo.d:159","Her mit dem Kraut, oder du lernst mich kennen!","당장 그 허브를 내놔, 아니면 진짜 매운맛을 보여주지!","","False","DIA_Bodo_WeedOrElse.description","",""
"Scripts/Content/Story/Dialoge/DIA_BAU_903_Bodo.d:173","Her mit dem Kraut, oder du lernst mich kennen!","당장 그 허브를 내놔, 아니면 진짜 매운맛을 보여주지!","","False","DIA_Bodo_WeedOrElse_15_00","",""
"Scripts/Content/Story/Dialoge/DIA_BAU_903_Bodo.d:174","Hör zu, alles was ich habe, ist dieser eine Stängel Kraut. Nimm ihn und lass mich in Ruhe.","들어봐, 내가 가진 건 이 늪초 한 개비뿐이야. 이걸 갖고 날 내버려둬.","","False","DIA_Bodo_WeedOrElse_12_01","",""
"Scripts/Content/Story/Dialoge/DIA_BAU_903_Bodo.d:178","Du weißt ja, dass Onars Söldner auf uns aufpassen, nicht wahr?","오나르의 용병들이 우리를 지켜보고 있다는 건 알지?","","False","DIA_Bodo_WeedOrElse_12_02","",""
"Scripts/Content/Story/Dialoge/DIA_BAU_903_Bodo.d:179","Also mach ja keine Dummheiten!","그러니 헛짓거리할 생각은 마라!","","False","DIA_Bodo_WeedOrElse_12_03","",""
"Scripts/Content/Story/Dialoge/DIA_BAU_903_Bodo.d:193","Ich glaub dir kein Wort, her mit dem Sumpfkraut!","네 말을 믿을 수가 없네, 당장 늪초를 내놔!","","False","DIA_Bodo_WeedPERM.description","",""
"Scripts/Content/Story/Dialoge/DIA_BAU_903_Bodo.d:207","Ich glaub dir kein Wort, her mit dem Sumpfkraut!","네 말을 믿을 수가 없네, 당장 늪초를 내놔!","","False","DIA_Bodo_WeedPERM_15_00","",""
"Scripts/Content/Story/Dialoge/DIA_BAU_903_Bodo.d:208","Ich hab's nicht. Ehrlich.","난 없어. 정말이야.","","False","DIA_Bodo_WeedPERM_12_01","",""
"Scripts/Content/Story/Dialoge/DIA_BAU_907_Wasili.d:48","Lass dir nicht einfallen, hier was anzufassen. Sonst gibt's ein paar hinter die Ohren, klar?","여기에 있는 건 그 무엇도 만질 생각 마라. 안 그러면 아주 혼쭐이 날 테니까, 알겠나?","","False","DIA_Wasili_HALLO_01_00","",""
"Scripts/Content/Story/Dialoge/DIA_BAU_907_Wasili.d:60","Was ist deine Aufgabe?","네 임무는 뭔가?","","False","DIA_Wasili_Job.description","",""
"Scripts/Content/Story/Dialoge/DIA_BAU_907_Wasili.d:70","Was ist deine Aufgabe?","네 임무는 뭔가?","","False","DIA_Wasili_Job_15_00","",""
"Scripts/Content/Story/Dialoge/DIA_BAU_907_Wasili.d:71","Onar will, dass ich den ganzen Tag auf seinen Krempel aufpasse.","오나르는 내가 하루 종일 그의 물건들을 지키기를 원해.","","False","DIA_Wasili_Job_01_01","",""
"Scripts/Content/Story/Dialoge/DIA_BAU_907_Wasili.d:72","Er macht sich Sorgen, dass was wegkommt. Und das würde ich an seiner Stelle auch.","뭔가 사라질까 봐 걱정하는 거지. 나라도 그 입장이라면 그랬을 거야.","","False","DIA_Wasili_Job_01_02","",""
"Scripts/Content/Story/Dialoge/DIA_BAU_907_Wasili.d:73","Die meisten der Söldner, die er angeheuert hat, sind ehemalige Sträflinge aus der Minenkolonie.","그가 고용한 용병들 대부분은 채굴 식민지 출신의 전과자들이거든.","","False","DIA_Wasili_Job_01_03","",""
"Scripts/Content/Story/Dialoge/DIA_BAU_907_Wasili.d:74","Die lassen doch alles mitgehen, was nicht niet- und nagelfest ist, wenn keiner aufpasst.","누가 지켜보지 않으면 눈에 띄는 건 죄다 들고 튈 녀석들이라고.","","False","DIA_Wasili_Job_01_04","",""
"Scripts/Content/Story/Dialoge/DIA_BAU_907_Wasili.d:86","Eine Menge Krempel gibt es hier.","여기에 잡동사니가 아주 많군.","","False","DIA_Wasili_Sammler.description","",""
"Scripts/Content/Story/Dialoge/DIA_BAU_907_Wasili.d:96","Eine Menge Krempel gibt es hier.","여기에 잡동사니가 아주 많군.","","False","DIA_Wasili_Sammler_15_00","",""
"Scripts/Content/Story/Dialoge/DIA_BAU_907_Wasili.d:97","Das ist richtig, und das meiste davon ist auch extrem wertvoll. Onar sammelt wertvolle Gegenstände.","맞아, 그리고 그 대부분은 엄청나게 가치 있는 것들이지. 오나르는 가치 있는 물건들을 수집하거든.","","False","DIA_Wasili_Sammler_01_01","",""
"Scripts/Content/Story/Dialoge/DIA_BAU_907_Wasili.d:98","Ein einfacher Mann wie ich kann sich solchen Luxus kaum leisten. Ich halte mich an andere Dinge.","나 같은 평범한 사람이 그런 사치를 누릴 수는 없지. 난 다른 걸 모은다네.","","False","DIA_Wasili_Sammler_01_02","",""
"Scripts/Content/Story/Dialoge/DIA_BAU_907_Wasili.d:99","Nämlich?","예를 들면?","","False","DIA_Wasili_Sammler_15_03","",""
"Scripts/Content/Story/Dialoge/DIA_BAU_907_Wasili.d:100","Ich sammle alte Münzen.","난 낡은 동전을 수집하지.","","False","DIA_Wasili_Sammler_01_04","",""
"Scripts/Content/Story/Dialoge/DIA_BAU_907_Wasili.d:115","Ich habe hier eine alte Münze.","나한테 낡은 동전이 하나 있어.","","False","DIA_Wasili_FirstOldCoin.description","",""
"Scripts/Content/Story/Dialoge/DIA_BAU_907_Wasili.d:135","Ich habe hier eine alte Münze.","나한테 낡은 동전이 하나 있어.","","False","DIA_Wasili_FirstOldCoin_15_00","",""
"Scripts/Content/Story/Dialoge/DIA_BAU_907_Wasili.d:138","Mmmh. Zeig mal her.","으흠. 어디 좀 보자.","","False","DIA_Wasili_FirstOldCoin_01_01","",""
"Scripts/Content/Story/Dialoge/DIA_BAU_907_Wasili.d:145","Oh, ja. Die bringt auf dem freien Markt nichts mehr ein.","오, 그래. 이건 이제 자유 시장에서 아무 가치도 없는 물건이야.","","False","DIA_Wasili_FirstOldCoin_01_02","",""
"Scripts/Content/Story/Dialoge/DIA_BAU_907_Wasili.d:150","Ich zahl dir eine Goldmünze dafür. Genau so viel, wie sie einmal wert war.","그것에 대한 값으로 금화 한 닢을 주지. 예전에 그 가치가 나갔던 만큼 말이야.","","False","DIA_Wasili_FirstOldCoin_01_03","",""
"Scripts/Content/Story/Dialoge/DIA_BAU_907_Wasili.d:154","Du Hund weißt, was ich dafür zu zahlen bereit bin. Eine Goldmünze. Nicht mehr.","이 녀석아, 내가 이걸 사려고 얼마를 주려는지 알잖아. 금화 한 닢이야. 더는 안 돼.","","False","DIA_Wasili_FirstOldCoin_01_04","",""
"Scripts/Content/Story/Dialoge/DIA_BAU_907_Wasili.d:158","Ne, dann behalte ich sie lieber.","싫어, 그럼 그냥 내가 가지고 있을래.","","False","DIA_Wasili_FirstOldCoin_Info.DIA_Wasili_FirstOldCoin.DIA_Wasili_FirstOldCoin_nein","Info_AddChoice",""
"Scripts/Content/Story/Dialoge/DIA_BAU_907_Wasili.d:159","Ein bisschen wenig. Wie wär´s mit 2?","조금 적군. 2개는 어떤가?","","False","DIA_Wasili_FirstOldCoin_Info.DIA_Wasili_FirstOldCoin.DIA_Wasili_FirstOldCoin_mehr","Info_AddChoice",""
"Scripts/Content/Story/Dialoge/DIA_BAU_907_Wasili.d:160","Abgemacht.","좋아, 거래하자.","","False","DIA_Wasili_FirstOldCoin_Info.DIA_Wasili_FirstOldCoin.DIA_Wasili_FirstOldCoin_ok","Info_AddChoice",""
"Scripts/Content/Story/Dialoge/DIA_BAU_907_Wasili.d:171","Abgemacht.","좋아, 거래하자.","","False","DIA_Wasili_FirstOldCoin_ok_15_00","",""
"Scripts/Content/Story/Dialoge/DIA_BAU_907_Wasili.d:172","Gut.","좋아.","","False","DIA_Wasili_FirstOldCoin_ok_01_01","",""
"Scripts/Content/Story/Dialoge/DIA_BAU_907_Wasili.d:176","Hier hast du deine 2 Goldmünzen.","여기 2개의 금화가 있다.","","False","DIA_Wasili_FirstOldCoin_ok_01_02","",""
"Scripts/Content/Story/Dialoge/DIA_BAU_907_Wasili.d:180","Wenn du noch mehr davon hast, weißt du ja, wo du MICH findest.","이런 게 더 있다면, 나를 어디서 찾는지 알겠지.","","False","DIA_Wasili_FirstOldCoin_ok_01_03","",""
"Scripts/Content/Story/Dialoge/DIA_BAU_907_Wasili.d:192","Ein bisschen wenig. Wie wär's mit 2?","조금 적군. 2개는 어떤가?","","False","DIA_Wasili_FirstOldCoin_mehr_15_00","",""
"Scripts/Content/Story/Dialoge/DIA_BAU_907_Wasili.d:196","Nix da. Ich bin doch nicht bescheuert! Verschwinde!","어림도 없어. 내가 바보로 보이나! 꺼져라!","","False","DIA_Wasili_FirstOldCoin_mehr_01_01","",""
"Scripts/Content/Story/Dialoge/DIA_BAU_907_Wasili.d:203","Arrgh. Verdammt. Na gut. 2 Goldmünzen für jede alte Münze, die du mir bringen kannst, das ist mein letztes Wort.","으흠. 젠장. 알았어. 네가 가져오는 낡은 동전마다 2 금을 주지. 내 마지막 제안이야.","","False","DIA_Wasili_FirstOldCoin_mehr_01_02","",""
"Scripts/Content/Story/Dialoge/DIA_BAU_907_Wasili.d:205","Wenn das so ist, können es auch 3 sein.","그렇다면 3 정도면 나쁘지 않군.","","False","DIA_Wasili_FirstOldCoin_mehr.DIA_Wasili_FirstOldCoin.DIA_Wasili_FirstOldCoin_ZumTeufel","Info_AddChoice",""
"Scripts/Content/Story/Dialoge/DIA_BAU_907_Wasili.d:211","Ne, dann behalte ich sie lieber.","아냐, 그럼 그냥 내가 가지고 있을래.","","False","DIA_Wasili_FirstOldCoin_nein_15_00","",""
"Scripts/Content/Story/Dialoge/DIA_BAU_907_Wasili.d:212","Die hat eh keinen Wert für dich. Du kommst wieder.","너한테는 아무 쓸모도 없는 것들인데. 넌 다시 오게 될걸.","","False","DIA_Wasili_FirstOldCoin_nein_01_01","",""
"Scripts/Content/Story/Dialoge/DIA_BAU_907_Wasili.d:220","Wenn das so ist, können es auch 3 sein.","그렇다면 3 정도면 나쁘지 않군.","","False","DIA_Wasili_FirstOldCoin_ZumTeufel_15_00","",""
"Scripts/Content/Story/Dialoge/DIA_BAU_907_Wasili.d:221","Geh zum Teufel, du Dreckskerl.","엿이나 먹어라, 이 자식아.","","False","DIA_Wasili_FirstOldCoin_ZumTeufel_01_01","",""
"Scripts/Content/Story/Dialoge/DIA_BAU_907_Wasili.d:237","Interesse an weiteren alten Münzen?","다른 낡은 동전들에도 관심이 있나?","","False","DIA_Wasili_BringOldCoin.description","",""
"Scripts/Content/Story/Dialoge/DIA_BAU_907_Wasili.d:254","Interesse an weiteren alten Münzen?","다른 낡은 동전들에도 관심이 있나?","","False","DIA_Wasili_BringOldCoin_15_00","",""
"Scripts/Content/Story/Dialoge/DIA_BAU_907_Wasili.d:255","Sicher. Hast du noch welche?","당연하지. 더 가지고 있나?","","False","DIA_Wasili_BringOldCoin_01_01","",""
"Scripts/Content/Story/Dialoge/DIA_BAU_907_Wasili.d:265","Eine.","하나.","","False","DIA_Wasili_BringOldCoin_15_02","",""
"Scripts/Content/Story/Dialoge/DIA_BAU_907_Wasili.d:272","Ein paar.","몇 개.","","False","DIA_Wasili_BringOldCoin_15_03","",""
"Scripts/Content/Story/Dialoge/DIA_BAU_907_Wasili.d:282","Danke. Hier ist dein Geld. Bring mir alle, die du finden kannst.","고마워. 여기 돈이다. 찾을 수 있는 건 전부 가져와.","","False","DIA_Wasili_BringOldCoin_01_04","",""
"Scripts/Content/Story/Dialoge/DIA_BAU_907_Wasili.d:300","Hat schon wer versucht, was zu stehlen?","누가 뭘 훔치려고 한 적은 없나?","","False","DIA_Wasili_PERM.description","",""
"Scripts/Content/Story/Dialoge/DIA_BAU_907_Wasili.d:313","Hat schon wer versucht, was zu stehlen?","누가 뭘 훔치려고 한 적은 없나?","","False","DIA_Wasili_PERM_15_00","",""
"Scripts/Content/Story/Dialoge/DIA_BAU_907_Wasili.d:319","Du meinst außer dir?","너 말고 말이야?","","False","DIA_Wasili_PERM_01_01","",""
"Scripts/Content/Story/Dialoge/DIA_BAU_907_Wasili.d:322","Einige! Und ich hab sie alle erwischt!","있지! 그리고 내가 전부 잡아냈어!","","False","DIA_Wasili_PERM_01_02","",""
"Scripts/Content/Story/Dialoge/DIA_BAU_907_Wasili.d:327","Vor ein paar Nächten schlich hier einer der Söldner durchs Haus.","며칠 전 밤에 용병 중 한 명이 집 안을 살금살금 돌아다니더라고.","","False","DIA_Wasili_PERM_01_03","",""
"Scripts/Content/Story/Dialoge/DIA_BAU_907_Wasili.d:328","Er hatte sich einen schwarzen Kapuzenmantel angezogen, damit ich ihn nicht sehe.","내가 자기를 못 알아보게 하려고 검은색 후드 망토까지 뒤집어쓰고 있었어.","","False","DIA_Wasili_PERM_01_04","",""
"Scripts/Content/Story/Dialoge/DIA_BAU_907_Wasili.d:329","Aber ich habe ihn in die Flucht geschlagen.","하지만 내가 혼쭐을 내서 쫓아버렸지.","","False","DIA_Wasili_PERM_01_05","",""
"Scripts/Content/Story/Dialoge/DIA_BAU_907_Wasili.d:334","Nein. In letzter Zeit nicht.","아니. 최근에는 없어.","","False","DIA_Wasili_perm_01_06","",""
"Scripts/Content/Story/Dialoge/DIA_BAU_907_Wasili.d:339","Es herrscht hier allgemeine Aufbruchstimmung bei den Söldnern.","요즘 용병들 사이에서는 떠날 채비를 하는 분위기가 감돌고 있어.","","False","DIA_Wasili_perm_01_07","",""
"Scripts/Content/Story/Dialoge/DIA_BAU_907_Wasili.d:340","Würde mich nicht wundern, wenn Lee mit seinen Jungs die Insel über Nacht verlassen würde.","리 부하들이 하룻밤 사이에 이 섬을 떠난다고 해도 전혀 놀랍지 않을걸.","","False","DIA_Wasili_perm_01_08","",""
"Scripts/Content/Story/Dialoge/DIA_BAU_908_Hodges.d:58","Hallo, ich bin neu hier.","안녕, 난 여기 새로 왔어.","","False","DIA_Hodges_HALLO_15_00","",""
"Scripts/Content/Story/Dialoge/DIA_BAU_908_Hodges.d:59","Nimm's mir nicht übel, aber ich hab nicht viel Lust mich zu unterhalten - bin ziemlich im Arsch.","기분 나쁘게 듣진 마, 하지만 수다 떨 기분이 아니라서 말이야. 녹초가 됐거든.","","False","DIA_Hodges_HALLO_03_01","",""
"Scripts/Content/Story/Dialoge/DIA_BAU_908_Hodges.d:60","Schwer beschäftigt, was?","단단히 바쁜가 보네?","","False","DIA_Hodges_HALLO_15_02","",""
"Scripts/Content/Story/Dialoge/DIA_BAU_908_Hodges.d:61","Kann man wohl sagen. Bennet macht so viele Waffen, dass ich mit dem Schleifen kaum nachkomme.","그렇다고 볼 수 있지. 베넷이 무기를 너무 많이 만들어대서 갈아내는 것만으로도 벅차거든.","","False","DIA_Hodges_HALLO_03_03","",""
"Scripts/Content/Story/Dialoge/DIA_BAU_908_Hodges.d:73","Was kannst du mir über den Hof erzählen?","이 농장에 대해 무슨 말을 해줄 수 있나?","","False","DIA_Hodges_TellAboutFarm.description","",""
"Scripts/Content/Story/Dialoge/DIA_BAU_908_Hodges.d:87","Was kannst du mir über den Hof erzählen?","이 농장에 대해 무슨 말을 해줄 수 있나?","","False","DIA_Hodges_TellAboutFarm_15_00","",""
"Scripts/Content/Story/Dialoge/DIA_BAU_908_Hodges.d:88","Das hier ist Onars Hof.","여기는 오나르의 농장이야.","","False","DIA_Hodges_TellAboutFarm_03_01","",""
"Scripts/Content/Story/Dialoge/DIA_BAU_908_Hodges.d:89","Das große Haus ist sein Wohnhaus. Er hat einen Flügel freigemacht für die Söldner.","저 큰 건물이 그의 저택이지. 용병들을 위해 건물 한쪽 날개를 비워줬어.","","False","DIA_Hodges_TellAboutFarm_03_02","",""
"Scripts/Content/Story/Dialoge/DIA_BAU_908_Hodges.d:90","Seitdem müssen wir Bauern in der Scheune pennen.","그때 이후로 우리 농부들은 헛간에서 잠을 자야 하지만 말이야.","","False","DIA_Hodges_TellAboutFarm_03_03","",""
"Scripts/Content/Story/Dialoge/DIA_BAU_908_Hodges.d:91","(hastig) Aber mir soll's recht sein, ist schon gut, dass wir jetzt Leute haben, die auf den Hof aufpassen.","(급하게) 하지만 난 불만 없어. 지금은 농장을 지켜줄 사람들이 있으니까 다행이지.","","False","DIA_Hodges_TellAboutFarm_03_04","",""
"Scripts/Content/Story/Dialoge/DIA_BAU_908_Hodges.d:95","Das Haus hier ist die Küche.","이 건물이 주방이야.","","False","DIA_Hodges_TellAboutFarm_03_05","",""
"Scripts/Content/Story/Dialoge/DIA_BAU_908_Hodges.d:99","Im Haus mit der Schmiede davor ist die Küche.","앞에 대장간이 있는 저 건물이 주방이야.","","False","DIA_Hodges_TellAboutFarm_03_06","",""
"Scripts/Content/Story/Dialoge/DIA_BAU_908_Hodges.d:102","Vielleicht hast du Glück und Thekla hat was zu essen für dich.","운이 좋으면 테클라가 네 먹을 걸 좀 줄지도 몰라.","","False","DIA_Hodges_TellAboutFarm_03_07","",""
"Scripts/Content/Story/Dialoge/DIA_BAU_908_Hodges.d:114","Was ist mit den Söldnern?","용병들은 어때?","","False","DIA_Hodges_AboutSld.description","",""
"Scripts/Content/Story/Dialoge/DIA_BAU_908_Hodges.d:130","Was ist mit den Söldnern?","용병들은 어때?","","False","DIA_Hodges_AboutSld_15_00","",""
"Scripts/Content/Story/Dialoge/DIA_BAU_908_Hodges.d:131","Onar hat sie angeheuert, damit sie uns die Milizen aus der Stadt vom Hals halten.","도시의 민병대가 우리를 건드리지 못하게 하려고 오나르가 고용한 거야.","","False","DIA_Hodges_AboutSld_03_01","",""
"Scripts/Content/Story/Dialoge/DIA_BAU_908_Hodges.d:132","Aber sie passen auch auf den Hof, die Schafe und uns Bauern auf.","하지만 그들은 농장과 양들, 그리고 우리 농부들도 지켜주고 있어.","","False","DIA_Hodges_AboutSld_03_02","",""
"Scripts/Content/Story/Dialoge/DIA_BAU_908_Hodges.d:133","Also lass dir bloß nicht einfallen, was zu klauen oder in irgendwelchen Truhen rumzukramen.","그러니까 뭘 훔치거나 남의 상자 뒤질 생각은 꿈도 꾸지 않는 게 좋을 거야.","","False","DIA_Hodges_AboutSld_03_03","",""
"Scripts/Content/Story/Dialoge/DIA_BAU_908_Hodges.d:134","Die warten nur auf 'ne Gelegenheit, dich umzuhauen.","너를 두들겨 패줄 기회만 엿보고 있으니까.","","False","DIA_Hodges_AboutSld_03_04","",""
"Scripts/Content/Story/Dialoge/DIA_BAU_908_Hodges.d:148","Kann ich bei dir Waffen kaufen?","너한테 무기를 살 수 있나?","","False","DIA_Hodges_TRADE.description","",""
"Scripts/Content/Story/Dialoge/DIA_BAU_908_Hodges.d:158","Kann ich bei dir Waffen kaufen?","너한테 무기를 살 수 있나?","","False","DIA_Hodges_TRADE_15_00","",""
"Scripts/Content/Story/Dialoge/DIA_BAU_908_Hodges.d:159","Ich hab nicht viel. Die Schwerter und Äxte bringen wir fast alle in Onars Haus.","가진 건 별로 없어. 검과 도끼는 거의 다 오나르의 저택으로 가져가거든.","","False","DIA_Hodges_TRADE_03_01","",""
"Scripts/Content/Story/Dialoge/DIA_BAU_908_Hodges.d:237","Warum arbeitest du nicht?","왜 일을 안 하고 있는 거지?","","False","DIA_Hodges_DontWork.description","",""
"Scripts/Content/Story/Dialoge/DIA_BAU_908_Hodges.d:251","Warum arbeitest du nicht?","왜 일을 안 하고 있는 거지?","","False","DIA_Hodges_DontWork_15_00","",""
"Scripts/Content/Story/Dialoge/DIA_BAU_908_Hodges.d:252","Hast du es noch nicht gehört? Die Paladine haben Bennet verhaftet.","아직 못 들었어? 팔라딘들이 베넷을 체포했어.","","False","DIA_Hodges_DontWork_03_01","",""
"Scripts/Content/Story/Dialoge/DIA_BAU_908_Hodges.d:270","Was ist passiert?","무슨 일이지?","","False","DIA_Hodges_WhatHappened.description","",""
"Scripts/Content/Story/Dialoge/DIA_BAU_908_Hodges.d:284","Was ist passiert?","무슨 일이지?","","False","DIA_Hodges_WhatHappened_15_00","",""
"Scripts/Content/Story/Dialoge/DIA_BAU_908_Hodges.d:285","Na ja, wir waren in der Stadt, um einzukaufen, auf einmal haben wir einen Schrei gehört. Jemand rief: Da sind sie, packt sie!","글쎄, 장을 보러 도시에 갔는데 갑자기 비명 소리가 들렸어. 누군가 소리치더군. 저기 있다, 잡아라!","","False","DIA_Hodges_WhatHappened_03_01","",""
"Scripts/Content/Story/Dialoge/DIA_BAU_908_Hodges.d:286","Junge, hatte ich einen Schiss, ich hab die Beine in die Hand genommen und bin gerannt, als ob die Dämonen hinter mir her wären.","이거 원, 얼마나 겁을 먹었던지 악마가 쫓아오는 것처럼 줄행랑을 쳤지 뭐 야.","","False","DIA_Hodges_WhatHappened_03_02","",""
"Scripts/Content/Story/Dialoge/DIA_BAU_908_Hodges.d:287","Bennet war direkt hinter mir, ich weiß gar nicht, was passiert ist, aber als ich vor der Stadt war, war Bennet verschwunden.","베넷이 바로 내 뒤에 있었는데, 어떻게 된 건지 모르겠지만 성 밖으로 나왔을 때는 베넷이 사라지고 없었어.","","False","DIA_Hodges_WhatHappened_03_03","",""
"Scripts/Content/Story/Dialoge/DIA_BAU_908_Hodges.d:288","Ich hab ihn wohl noch in der Stadt verloren.","도시 안에서 놓쳐버린 모양이야.","","False","DIA_Hodges_WhatHappened_03_04","",""
"Scripts/Content/Story/Dialoge/DIA_BAU_908_Hodges.d:300","Weswegen wurde Bennet denn verhaftet?","베넷이 대체 왜 체포된 거야?","","False","DIA_Hodges_BennetsCrime.description","",""
"Scripts/Content/Story/Dialoge/DIA_BAU_908_Hodges.d:314","Weswegen wurde Bennet denn verhaftet?","베넷이 대체 왜 체포된 거야?","","False","DIA_Hodges_BennetsCrime_15_00","",""
"Scripts/Content/Story/Dialoge/DIA_BAU_908_Hodges.d:315","Mord! Bennet soll einen der Paladine ermordet haben. So ein Unsinn. Ich war doch bei ihm.","살인이지! 베넷이 팔라딘 중 한 명을 살해했다고 하더라고. 말도 안 소리. 난 줄곧 그와 함께 있었다고.","","False","DIA_Hodges_BennetsCrime_03_01","",""
"Scripts/Content/Story/Dialoge/DIA_BAU_908_Hodges.d:316","Warum gehst du nicht in die Stadt und klärst das Ganze auf?","그럼 네가 직접 도시에 가서 오해를 풀지 그래?","","False","DIA_Hodges_BennetsCrime_15_02","",""
"Scripts/Content/Story/Dialoge/DIA_BAU_908_Hodges.d:317","Die stecken mich doch direkt in den Bau, als Komplize. Nee, schon gar nicht in der jetzigen Situation.","공범으로 몰려서 나까지 감옥에 쳐넣을걸. 아니, 지금 같은 상황에서는 절대 안 되지.","","False","DIA_Hodges_BennetsCrime_03_03","",""
"Scripts/Content/Story/Dialoge/DIA_BAU_908_Hodges.d:318","Situation?","상황이라니?","","False","DIA_Hodges_BennetsCrime_15_04","",""
"Scripts/Content/Story/Dialoge/DIA_BAU_908_Hodges.d:319","Du weißt schon, Onar und die Stadt, das musste ja ein böses Ende nehmen.","알잖아, 오나르와 도시의 관계 말이야. 이럴 줄 알았어.","","False","DIA_Hodges_BennetsCrime_03_05","",""
"Scripts/Content/Story/Dialoge/DIA_BAU_908_Hodges.d:333","Wie reagieren die Söldner hier auf dem Hof?","농장에 있는 용병들은 어떻게 반응하고 있나?","","False","DIA_Hodges_BennetAndSLD.description","",""
"Scripts/Content/Story/Dialoge/DIA_BAU_908_Hodges.d:347","Wie reagieren die Söldner hier auf dem Hof?","농장에 있는 용병들은 어떻게 반응하고 있나?","","False","DIA_Hodges_BennetAndSLD_15_00","",""
"Scripts/Content/Story/Dialoge/DIA_BAU_908_Hodges.d:348","Was die vorhaben, weiß ich natürlich nicht genau, aber einige sind wirklich stinksauer.","그들이 무슨 계획을 세우고 있는지는 당연히 모르지만, 몇 명은 정말 머리끝까지 화가 났어.","","False","DIA_Hodges_BennetAndSLD_03_01","",""
"Scripts/Content/Story/Dialoge/DIA_BAU_908_Hodges.d:349","Kann ich verstehen.","그럴 수도 있겠군.","","False","DIA_Hodges_BennetAndSLD_15_02","",""
"Scripts/Content/Story/Dialoge/DIA_BAU_908_Hodges.d:350","Wenn es nach denen geht, würden sie lieber heute als morgen die Stadt angreifen, um Bennet da raus zu holen.","그들 뜻대로라면 베넷을 구하기 위해 내일이라도 당장 도시를 공격할 거야.","","False","DIA_Hodges_BennetAndSLD_03_03","",""
"Scripts/Content/Story/Dialoge/DIA_BAU_908_Hodges.d:351","Sprich mal mit Lee, vielleicht kannst du ja was unternehmen.","리에게 말을 걸어봐. 어쩌면 네가 뭔가 손을 쓸 수 있을지도 몰라.","","False","DIA_Hodges_BennetAndSLD_03_04","",""
"Scripts/Content/Story/Dialoge/DIA_BAU_910_Maria.d:33","Wer bist du?","당신은 누구지?","","False","DIA_Maria_Hallo.description","",""
"Scripts/Content/Story/Dialoge/DIA_BAU_910_Maria.d:43","Wer bist du?","당신은 누구지?","","False","DIA_Maria_Hallo_15_00","",""
"Scripts/Content/Story/Dialoge/DIA_BAU_910_Maria.d:44","Ich bin Maria, die Frau von Onar.","나는 마리아야, 오나르의 아내지.","","False","DIA_Maria_Hallo_17_01","",""
"Scripts/Content/Story/Dialoge/DIA_BAU_910_Maria.d:45","Was willst du hier?","여기서 무슨 볼일이지?","","False","DIA_Maria_Hallo_17_02","",""
"Scripts/Content/Story/Dialoge/DIA_BAU_910_Maria.d:57","Ich wollte mich hier mal umsehen...","그냥 여기 좀 둘러보려고...","","False","DIA_Maria_Umsehen.description","",""
"Scripts/Content/Story/Dialoge/DIA_BAU_910_Maria.d:70","Ich wollte mich hier mal umsehen...","그냥 여기 좀 둘러보려고...","","False","DIA_Maria_Umsehen_15_00","",""
"Scripts/Content/Story/Dialoge/DIA_BAU_910_Maria.d:71","Seit die ganzen Kerle auf dem Hof sind, hat man hier im Haus keine Ruhe mehr.","농장에 그 작자들이 다 모여든 이후로 집 안에서 쉴 수가 없단 말이야.","","False","DIA_Maria_Umsehen_17_01","",""
"Scripts/Content/Story/Dialoge/DIA_BAU_910_Maria.d:72","Dauernd kommt einer reingestiefelt.","아주 끊임없이 들이닥친다니까.","","False","DIA_Maria_Umsehen_17_02","",""
"Scripts/Content/Story/Dialoge/DIA_BAU_910_Maria.d:84","Stören dich die Söldner?","용병들이 거슬리나?","","False","DIA_Maria_Soeldner.description","",""
"Scripts/Content/Story/Dialoge/DIA_BAU_910_Maria.d:97","Stören dich die Söldner?","용병들이 거슬리나?","","False","DIA_Maria_Soeldner_15_00","",""
"Scripts/Content/Story/Dialoge/DIA_BAU_910_Maria.d:101","Na ja, ich will ja nichts gesagt haben, seit ihr hier seid, ist es sehr viel sicherer geworden.","뭐, 딱히 탓하려는 건 아니야. 너희들이 온 뒤로 여기가 훨씬 더 안전해졌으니까.","","False","DIA_Maria_Soeldner_17_01","",""
"Scripts/Content/Story/Dialoge/DIA_BAU_910_Maria.d:105","Na ja, seit die Söldner hier sind, ist der Hof viel sicherer geworden.","뭐, 용병들이 온 뒤로 농장이 훨씬 안전해지긴 했어.","","False","DIA_Maria_Soeldner_17_02","",""
"Scripts/Content/Story/Dialoge/DIA_BAU_910_Maria.d:108","Damals, als wir noch auf uns allein gestellt waren, kamen regelmäßig die Milizen aus der Stadt und haben uns ausgeplündert.","우리가 우리 힘으로 버텨야 했던 그 시절에는 도시의 민병대가 주기적으로 찾아와서 털어 갔거든.","","False","DIA_Maria_Soeldner_17_03","",""
"Scripts/Content/Story/Dialoge/DIA_BAU_910_Maria.d:109","Einen Großteil der Ernte haben sie weggeschleppt. Und auch einige Schafe haben sie mitgenommen. Getan haben sie dafür nichts.","수확물의 대부분을 강탈해 갔지. 양들도 몇 마리나 끌고 가고. 우리를 위해 해준 건 아무것도 없으면서 말이야.","","False","DIA_Maria_Soeldner_17_04","",""
"Scripts/Content/Story/Dialoge/DIA_BAU_910_Maria.d:110","Ein paar von den Mistkerlen haben uns sogar bestohlen.","그 작자들 중 일부는 우리 물건을 훔치기까지 했어.","","False","DIA_Maria_Soeldner_17_05","",""
"Scripts/Content/Story/Dialoge/DIA_BAU_910_Maria.d:113","Nimm mir das jetzt nicht übel, Soldat. Ich weiß, ihr seid nicht alle so.","나쁘게 듣진 마, 병사. 너희들이 다 그렇다는 건 아니니까.","","False","DIA_Maria_Soeldner_17_06","",""
"Scripts/Content/Story/Dialoge/DIA_BAU_910_Maria.d:126","Was wurde dir gestohlen?","무슨 물건을 도둑맞았지?","","False","DIA_Maria_Mission.description","",""
"Scripts/Content/Story/Dialoge/DIA_BAU_910_Maria.d:140","Was wurde dir gestohlen?","무슨 물건을 도둑맞았지?","","False","DIA_Maria_Mission_15_00","",""
"Scripts/Content/Story/Dialoge/DIA_BAU_910_Maria.d:141","Vor allem Gold und Silber. Sie haben sogar mein Hochzeitsgeschenk gestohlen. Einen goldenen Teller.","주로 금과 은이야. 내 결혼 선물까지 훔쳐 갔지 뭐 야. 금으로 만든 접시였어.","","False","DIA_Maria_Mission_17_01","",""
"Scripts/Content/Story/Dialoge/DIA_BAU_910_Maria.d:144","Ich wette, irgendein dreckiger Stadtgardist hat ihn in seiner Truhe liegen, und da verstaubt er jetzt.","도시 경비병 녀석들 중 하나가 상자 안에 쳐박아 두고 먼지나 쌓이게 만들고 있을 게 뻔해.","","False","DIA_Maria_Mission_17_02","",""
"Scripts/Content/Story/Dialoge/DIA_BAU_910_Maria.d:159","Ich habe hier einen goldenen Teller. Ist es deiner?","금 접시를 하나 가지고 있는데. 혹시 당신 것인가?","","False","DIA_Maria_BringPlate.description","",""
"Scripts/Content/Story/Dialoge/DIA_BAU_910_Maria.d:173","Ich habe hier einen goldenen Teller. Ist es deiner?","금 접시를 하나 가지고 있는데. 혹시 당신 것인가?","","False","DIA_Maria_BringPlate_15_00","",""
"Scripts/Content/Story/Dialoge/DIA_BAU_910_Maria.d:174","Ja! Das ist er. Tausend Dank!","그래! 맞아. 정말 고마워!","","False","DIA_Maria_BringPlate_17_01","",""
"Scripts/Content/Story/Dialoge/DIA_BAU_910_Maria.d:192","Wie sieht's mit meiner Belohnung aus?","내 보상은 어떻게 되지?","","False","DIA_Maria_Belohnung.description","",""
"Scripts/Content/Story/Dialoge/DIA_BAU_910_Maria.d:206","Wie sieht's mit meiner Belohnung aus?","내 보상은 어떻게 되지?","","False","DIA_Maria_Belohnung_15_00","",""
"Scripts/Content/Story/Dialoge/DIA_BAU_910_Maria.d:211","Du arbeitest doch für meinen Mann als Söldner, richtig?","내 남편 밑에서 용병으로 일하고 있지, 그렇지?","","False","DIA_Maria_Belohnung_17_01","",""
"Scripts/Content/Story/Dialoge/DIA_BAU_910_Maria.d:212","Richtig.","맞아.","","False","DIA_Maria_Belohnung_15_02","",""
"Scripts/Content/Story/Dialoge/DIA_BAU_910_Maria.d:213","Wie viel zahlt mein Mann dir?","내 남편이 너한테 급료를 얼마나 주지?","","False","DIA_Maria_Belohnung_17_03","",""
"Scripts/Content/Story/Dialoge/DIA_BAU_910_Maria.d:215","Das ist zu wenig. Geh zu ihm und sag ihm, er soll dir mehr zahlen.","턱없이 부족하네. 남편한테 가서 돈을 더 달라고 해.","","False","DIA_Maria_Belohnung_17_04","",""
"Scripts/Content/Story/Dialoge/DIA_BAU_910_Maria.d:216","Und du denkst, das wird er tun?","그 사람이 그렇게 해줄 거라고 생각하나?","","False","DIA_Maria_Belohnung_15_05","",""
"Scripts/Content/Story/Dialoge/DIA_BAU_910_Maria.d:217","Er weiß, was passiert, wenn er es nicht tut. Glaub mir.","안 그리면 어떻게 되는지 그 사람도 잘 알거든. 내 말 믿어.","","False","DIA_Maria_Belohnung_17_06","",""
"Scripts/Content/Story/Dialoge/DIA_BAU_910_Maria.d:223","Willst du hier auf dem Hof als Söldner anheuern?","여기 농장에서 용병으로 고용되길 원하는 건가?","","False","DIA_Maria_Belohnung_17_07","",""
"Scripts/Content/Story/Dialoge/DIA_BAU_910_Maria.d:225","Nein - eigentlich nicht.","아니 - 꼭 그런 건 아니야.","","False","DIA_Maria_Belohnung_Info.DIA_Maria_Belohnung.DIA_Maria_Belohnung_Gold","Info_AddChoice",""
"Scripts/Content/Story/Dialoge/DIA_BAU_910_Maria.d:226","Ja.","그래.","","False","DIA_Maria_Belohnung_Info.DIA_Maria_Belohnung.DIA_Maria_Belohnung_SOLD","Info_AddChoice",""
"Scripts/Content/Story/Dialoge/DIA_BAU_910_Maria.d:232","Hier, nimm. Du hast es verdient.","자, 받아. 네가 받을 자격이 있어.","","False","DIA_Maria_Belohnung_17_08","",""
"Scripts/Content/Story/Dialoge/DIA_BAU_910_Maria.d:238","Nein - eigentlich nicht.","아니 - 꼭 그런 건 아니야.","","False","DIA_Maria_Belohnung_Gold_15_00","",""
"Scripts/Content/Story/Dialoge/DIA_BAU_910_Maria.d:241","Dann nimm das Gold hier als Belohnung. Du hast es verdient.","그럼 보상으로 이 금을 가져가. 네가 충분히 받을 자격이 있어.","","False","DIA_Maria_Belohnung_Gold_17_01","",""
"Scripts/Content/Story/Dialoge/DIA_BAU_910_Maria.d:247","Ja.","그래.","","False","DIA_Maria_Belohnung_SOLD_15_00","",""
"Scripts/Content/Story/Dialoge/DIA_BAU_910_Maria.d:248","Gut, wenn du hier arbeitest, werde ich dafür sorgen, dass du ordentlich bezahlt wirst.","좋아, 여기서 일하게 된다면 합당한 보수를 받도록 내가 손을 써두마.","","False","DIA_Maria_Belohnung_SOLD_17_01","",""
"Scripts/Content/Story/Dialoge/DIA_BAU_910_Maria.d:249","Komm wieder, wenn du mit meinem Mann über deinen Lohn gesprochen hast.","내 남편과 급료에 대해 이야기를 끝내면 다시 오도록 해.","","False","DIA_Maria_Belohnung_SOLD_17_02","",""
"Scripts/Content/Story/Dialoge/DIA_BAU_910_Maria.d:262","Erzähl mir über Onar.","오나르에 대해 말해줘.","","False","DIA_Maria_AboutOnar.description","",""
"Scripts/Content/Story/Dialoge/DIA_BAU_910_Maria.d:275","Erzähl mir über Onar.","오나르에 대해 말해줘.","","False","DIA_Maria_AboutOnar_15_00","",""
"Scripts/Content/Story/Dialoge/DIA_BAU_910_Maria.d:276","Er ist ein guter Mann. Etwas brummig und sehr ungeduldig, aber jeder hat seine Fehler.","그 사람은 좋은 사람이야. 약간 퉁명스럽고 참을성이 없긴 하지만, 누구에게나 흠은 있는 법이지.","","False","DIA_Maria_AboutOnar_17_01","",""
"Scripts/Content/Story/Dialoge/DIA_BAU_910_Maria.d:277","Ich habe meinem Mann gesagt, warum lässt du dich von den Soldaten aus der Stadt so unterbuttern?","내가 남편한테 그랬지. 도시의 병사들이 그렇게 업신여기는 걸 왜 가만히 보고만 있냐고.","","False","DIA_Maria_AboutOnar_17_02","",""
"Scripts/Content/Story/Dialoge/DIA_BAU_910_Maria.d:278","Tu was, hab ich gesagt.","뭐라도 좀 하라고 했어.","","False","DIA_Maria_AboutOnar_17_03","",""
"Scripts/Content/Story/Dialoge/DIA_BAU_910_Maria.d:279","Daraufhin hat er die Söldner angeheuert. Jetzt komme ich mir hier vor wie im Krieg.","그래서 그 사람이 용병들을 고용한 거야. 지금은 아주 전쟁터 한가운데에 있는 기분이야.","","False","DIA_Maria_AboutOnar_17_04","",""
"Scripts/Content/Story/Dialoge/DIA_BAU_910_Maria.d:280","Aber schließlich ist ja auch Krieg, nicht?","하지만 결국 지금 전쟁 중이기도 하잖아, 그렇지?","","False","DIA_Maria_AboutOnar_17_05","",""
"Scripts/Content/Story/Dialoge/DIA_BAU_910_Maria.d:292","Ist hier in letzter Zeit was aufregendes passiert?","최근에 여기 별일 없었나?","","False","DIA_Maria_PERM.description","",""
"Scripts/Content/Story/Dialoge/DIA_BAU_910_Maria.d:305","Ist hier in letzter Zeit was Aufregendes passiert?","최근에 여기 별일 없었나?","","False","DIA_Maria_PERM_15_00","",""
"Scripts/Content/Story/Dialoge/DIA_BAU_910_Maria.d:308","Die Paladine sind hier in der Nähe vorbeigezogen.","팔라딘들이 이 근처를 지나갔어.","","False","DIA_Maria_PERM_17_01","",""
"Scripts/Content/Story/Dialoge/DIA_BAU_910_Maria.d:309","Wir dachten erst, sie wollen den Hof angreifen, aber sie sind ins Minental gewandert.","처음에는 농장을 공격하려는 줄 알았는데, 광산 계곡 쪽으로 가더라고.","","False","DIA_Maria_PERM_17_02","",""
"Scripts/Content/Story/Dialoge/DIA_BAU_910_Maria.d:314","Wasili hat vor ein paar Nächten einen Dieb verjagt. Sonst war alles ruhig.","바실리가 며칠 전 밤에 도둑을 쫓아냈어. 그 외에는 조용했지.","","False","DIA_Maria_PERM_17_03","",""
"Scripts/Content/Story/Dialoge/DIA_BAU_910_Maria.d:319","Seit ein Teil der Söldner weg ist, ist es hier ruhiger geworden.","용병들 중 일부가 떠난 뒤로는 여기가 좀 더 조용해졌어.","","False","DIA_Maria_PERM_17_04","",""
"Scripts/Content/Story/Dialoge/DIA_BAU_911_Elena.d:33","Hallo, schönes Kind.","안녕, 예쁜 아가씨.","","False","DIA_Elena_HALLO.description","",""
"Scripts/Content/Story/Dialoge/DIA_BAU_911_Elena.d:43","Hallo, schönes Kind.","안녕, 예쁜 아이.","","False","DIA_Elena_HALLO_15_00","",""
"Scripts/Content/Story/Dialoge/DIA_BAU_911_Elena.d:46","Na? Wo haben sie dich denn laufen lassen?","그래? 대체 어디서 도망쳐 나온 거야?","","False","DIA_Elena_HALLO_16_01","",""
"Scripts/Content/Story/Dialoge/DIA_BAU_911_Elena.d:50","Was willst du?","원하는 게 뭐지?","","False","DIA_Elena_HALLO_16_02","",""
"Scripts/Content/Story/Dialoge/DIA_BAU_911_Elena.d:63","Ich habe gehört, ihr lehnt euch gegen den König auf?","너희가 국왕에게 반기를 들었다고 들었는데?","","False","DIA_Elena_Aufstand.description","",""
"Scripts/Content/Story/Dialoge/DIA_BAU_911_Elena.d:76","Ich habe gehört, ihr lehnt euch gegen den König auf?","너희가 국왕에게 반기를 들었다고 들었는데?","","False","DIA_Elena_Aufstand_15_00","",""
"Scripts/Content/Story/Dialoge/DIA_BAU_911_Elena.d:77","Mein Vater hat beschlossen, dass es an der Zeit ist, dass wir uns selbst verteidigen.","아버지는 우리 스스로를 지킬 때가 되었다고 결정하셨어.","","False","DIA_Elena_Aufstand_16_01","",""
"Scripts/Content/Story/Dialoge/DIA_BAU_911_Elena.d:80","Die Milizen haben uns sowieso nie geholfen. Die waren nur hier, um unsere Waren wegzuschleppen.","민병대는 애초에 우리를 도와준 적도 없어. 그들은 우리의 물품을 강탈해 가려고 여기에 있었을 뿐이야.","","False","DIA_Elena_Aufstand_16_02","",""
"Scripts/Content/Story/Dialoge/DIA_BAU_911_Elena.d:93","Welche Arbeit gibt es hier auf dem Hof?","이 농장에서 할 만한 일거리가 있나?","","False","DIA_Elena_Arbeit.description","",""
"Scripts/Content/Story/Dialoge/DIA_BAU_911_Elena.d:107","Welche Arbeit gibt es hier auf dem Hof?","이 농장에서 할 만한 일거리가 있나?","","False","DIA_Elena_Arbeit_15_00","",""
"Scripts/Content/Story/Dialoge/DIA_BAU_911_Elena.d:108","Mein Vater zahlt Geld an alle Männer, die helfen, den Hof zu verteidigen.","아버지는 농장을 방어하는 데 도움을 주는 모든 남자들에게 돈을 지불하고 있어.","","False","DIA_Elena_Arbeit_16_01","",""
"Scripts/Content/Story/Dialoge/DIA_BAU_911_Elena.d:109","Hast du Interesse? Du siehst mir nicht wie jemand aus, der an Feldarbeit interessiert ist.","관심 있니? 밭일에 흥미가 있어 보이는 얼굴은 아닌데.","","False","DIA_Elena_Arbeit_16_02","",""
"Scripts/Content/Story/Dialoge/DIA_BAU_911_Elena.d:110","Wie viel zahlt dein Vater?","아버지가 얼마를 주시지?","","False","DIA_Elena_Arbeit_15_03","",""
"Scripts/Content/Story/Dialoge/DIA_BAU_911_Elena.d:111","Das musst du schon mit ihm selbst aushandeln.","그건 직접 아버지와 협상해야 할 거야.","","False","DIA_Elena_Arbeit_16_04","",""
"Scripts/Content/Story/Dialoge/DIA_BAU_911_Elena.d:112","Ich weiß nur, dass jeder der Söldner hier täglich seinen Sold bekommt.","내가 아는 건 여기에 있는 용병들이 매일 급료를 받는다는 것뿐이야.","","False","DIA_Elena_Arbeit_16_05","",""
"Scripts/Content/Story/Dialoge/DIA_BAU_911_Elena.d:124","Gibt es hier irgendwelche Regeln, die ich beachten sollte?","내가 지켜야 할 규칙 같은 게 있나?","","False","DIA_Elena_Regeln.description","",""
"Scripts/Content/Story/Dialoge/DIA_BAU_911_Elena.d:138","Gibt es hier irgendwelche Regeln, die ich beachten sollte?","내가 지켜야 할 규칙 같은 게 있나?","","False","DIA_Elena_Regeln_15_00","",""
"Scripts/Content/Story/Dialoge/DIA_BAU_911_Elena.d:139","Du fasst hier nichts an, was dir nicht gehört.","네 것이 아닌 것은 절대 손대지 마.","","False","DIA_Elena_Regeln_16_01","",""
"Scripts/Content/Story/Dialoge/DIA_BAU_911_Elena.d:140","Du marschierst nicht in Bereiche, in denen du nichts zu suchen hast.","네가 상관할 바가 아닌 구역에는 얼씬도 하지 마.","","False","DIA_Elena_Regeln_16_02","",""
"Scripts/Content/Story/Dialoge/DIA_BAU_911_Elena.d:141","Und wenn du vor hast, dich zu prügeln, halt dich an die Söldner.","그리고 싸움질을 하고 싶다면 용병들을 상대로 해.","","False","DIA_Elena_Regeln_16_03","",""
"Scripts/Content/Story/Dialoge/DIA_BAU_911_Elena.d:142","Wenn du Schlägereien mit den Bauern anfängst, hast du hier alle gegen dich.","농부들과 싸움을 벌였다간 여기에 있는 모두가 널 적으로 돌릴 거야.","","False","DIA_Elena_Regeln_16_04","",""
"Scripts/Content/Story/Dialoge/DIA_BAU_911_Elena.d:154","Was ist deine Aufgabe hier?","여기서 네 임무는 뭐지?","","False","DIA_Elena_AUFGABE.description","",""
"Scripts/Content/Story/Dialoge/DIA_BAU_911_Elena.d:167","Was ist deine Aufgabe hier?","여기서 네 임무는 뭐지?","","False","DIA_Elena_AUFGABE_15_00","",""
"Scripts/Content/Story/Dialoge/DIA_BAU_911_Elena.d:168","Ich verkaufe die Waren unseres Hofes. Wenn du etwas kaufen möchtest, musst du's mir nur sagen.","나는 우리 농장의 물건들을 팔아. 뭔가를 사고 싶다면 나한테 말하면 돼.","","False","DIA_Elena_AUFGABE_16_01","",""
"Scripts/Content/Story/Dialoge/DIA_BAU_911_Elena.d:169","Aber ich warne dich. Bei mir wird nicht gefeilscht und nicht gestohlen, klar?","하지만 경고하겠는데, 내 앞에서 흥정을 하거나 도둑질을 하면 가만두지 않을 거야, 알겠어?","","False","DIA_Elena_AUFGABE_16_02","",""
"Scripts/Content/Story/Dialoge/DIA_BAU_911_Elena.d:190","Zeig mir deine Ware!","네 물건을 보여 다오!","","False","DIA_Elena_TRADE.description","",""
"Scripts/Content/Story/Dialoge/DIA_BAU_911_Elena.d:204","Zeig mir deine Ware!","네 물건을 보여 다오!","","False","DIA_Elena_TRADE_15_00","",""
"Scripts/Content/Story/Dialoge/DIA_BAU_911_Elena.d:206","Was kann ich dir anbieten?","무엇을 보여줄까?","","False","DIA_Elena_TRADE_16_01","",""
"Scripts/Content/Story/Dialoge/DIA_BAU_911_Elena.d:219","Ist was Bedeutendes passiert in letzter Zeit?","요즘 별일이라도 있었나?","","False","DIA_Elena_PERM.description","",""
"Scripts/Content/Story/Dialoge/DIA_BAU_911_Elena.d:232","Ist was Bedeutendes passiert in letzter Zeit?","요즘 별일이라도 있었나?","","False","DIA_Elena_PERM_15_00","",""
"Scripts/Content/Story/Dialoge/DIA_BAU_911_Elena.d:236","Vor einigen Tagen hat mein Vater erlassen, dass wir nichts mehr in der Stadt verkaufen dürfen.","며칠 전에 아버지가 더 이상 도시에서 물건을 팔지 않겠다고 선언하셨어.","","False","DIA_Elena_PERM_16_01","",""
"Scripts/Content/Story/Dialoge/DIA_BAU_911_Elena.d:237","Darum bleibe ich hier auf dem Hof und verkaufe meine Ware nur noch an Besucher.","그래서 난 농장에 남아서 방문객들에게만 물건을 팔고 있지.","","False","DIA_Elena_PERM_16_02","",""
"Scripts/Content/Story/Dialoge/DIA_BAU_911_Elena.d:243","Die Milizangriffe auf die umliegenden Höfe scheinen sich zu häufen. Nur eine Frage der Zeit, bis mein Vater einschreitet.","주변 농장에 대한 민병대의 공격이 잦아지고 있는 것 같아. 아버지가 개입하시는 건 시간문제일 거야.","","False","DIA_Elena_PERM_16_03","",""
"Scripts/Content/Story/Dialoge/DIA_BAU_911_Elena.d:247","Das Land ist ziemlich unsicher geworden. Keiner wagt sich weiter als bis zu den eigenen Feldern. In der Stadt ist schon lange keiner von uns mehr gewesen.","이 땅은 꽤 위험해졌어. 자기네 밭 너머로 감히 모험을 하는 사람은 없어. 우리 중에 도시로 나간 지가 언제인지 모를 정도야.","","False","DIA_Elena_PERM_16_04","",""
"Scripts/Content/Story/Dialoge/DIA_BAU_911_Elena.d:251","Die Söldner sind immer unruhiger geworden. Doch seit Sylvio mit seinen Jungs weg ist, scheinen sie sich ein bisschen zu entspannen.","용병들은 점점 더 불안해하고 있었어. 하지만 실비오와 그의 부하들이 떠난 이후로는 조금 안정을 찾은 것 같아.","","False","DIA_Elena_PERM_16_05","",""
"Scripts/Content/Story/Dialoge/DIA_BAU_911_Elena.d:255","Alle reden nur noch von dem bevorstehenden Angriff der Orks. Aber ich glaube nicht so recht daran. Ich denke, hier auf dem Hof sind wir vor ihnen sicher.","모두가 오크의 다가오는 공격에 대해서만 떠들어대고 있어. 하지만 난 별로 믿지 않아. 이 농장에 있으면 그들로부터 안전할 거라고 생각하거든.","","False","DIA_Elena_PERM_16_06","",""
"Scripts/Content/Story/Dialoge/DIA_BAU_911_Elena.d:274","Du verkaufst Minenanteile?","광산 지분을 팔고 있다고?","","False","DIA_Elena_MINENANTEIL.description","",""
"Scripts/Content/Story/Dialoge/DIA_BAU_911_Elena.d:289","Du verkaufst Minenanteile?","광산 지분을 팔고 있다고?","","False","DIA_Elena_MINENANTEIL_15_00","",""
"Scripts/Content/Story/Dialoge/DIA_BAU_911_Elena.d:290","Und wenn schon. Ich habe sie ja auch für teures Geld kaufen müssen.","그게 어쨌다는 거야. 나도 비싼 돈을 주고 사야 했다고.","","False","DIA_Elena_MINENANTEIL_16_01","",""
"Scripts/Content/Story/Dialoge/DIA_BAU_912_Pepe.d:33","Was machst du hier?","여기서 뭐 하고 있지?","","False","DIA_Pepe_Hallo.description","",""
"Scripts/Content/Story/Dialoge/DIA_BAU_912_Pepe.d:43","Was machst du hier?","여기서 뭐 하고 있지?","","False","DIA_Pepe_Hallo_15_00","",""
"Scripts/Content/Story/Dialoge/DIA_BAU_912_Pepe.d:44","(gelangweilt) Schafe hüten! (seufzt) Und wenn es geht, allem Ärger aus dem Weg gehen.","(지루한 듯) 양을 돌보지! (한숨) 그리고 가능하면 모든 골치 아픈 일들을 피하고 있고.","","False","DIA_Pepe_Hallo_03_01","",""
"Scripts/Content/Story/Dialoge/DIA_BAU_912_Pepe.d:48","Gelingt dir nicht immer, was?","늘 마음대로 되는 건 아니지, 그렇지?","","False","DIA_Pepe_Hallo_15_02","",""
"Scripts/Content/Story/Dialoge/DIA_BAU_912_Pepe.d:49","Nee, vor allem nicht bei den Söldnern. Da bin ich eigentlich froh, draußen auf der Weide zu sein. Obwohl das auch sehr gefährlich sein kann.","그래, 특히 용병들 일이라면 더더치. 그래서 목초지에 나와 있는 게 오히려 다행이야. 비록 거기도 매우 위험할 수 있지만 말이야.","","False","DIA_Pepe_Hallo_03_03","",""
"Scripts/Content/Story/Dialoge/DIA_BAU_912_Pepe.d:62","Was ist denn auf der Weide so gefährlich?","목초지에 무슨 위험한 것이라도 있나?","","False","DIA_Pepe_Danger.description","",""
"Scripts/Content/Story/Dialoge/DIA_BAU_912_Pepe.d:75","Was ist denn auf der Weide so gefährlich?","목초지에 무슨 위험한 것이라도 있나?","","False","DIA_Pepe_Danger_15_00","",""
"Scripts/Content/Story/Dialoge/DIA_BAU_912_Pepe.d:76","Hier in der Gegend treibt sich ein kleines Rudel von Wölfen herum. In letzter Zeit sind die Mistviecher fast täglich gekommen und haben eins meiner Schafe gefressen.","이 근처에 작은 늑대 무리가 돌아다니고 있어. 요즘 그 몹쓸 짐승들이 거의 매일같이 찾아와서 내 양들을 한 마리씩 잡아먹고 있거든.","","False","DIA_Pepe_Danger_03_01","",""
"Scripts/Content/Story/Dialoge/DIA_BAU_912_Pepe.d:77","Vor ein paar Tagen hatte ich fast doppelt so viel Schafe. Ich mag gar nicht daran denken, was Onar mit mir macht, wenn er es erfährt.","며칠 전까지만 해도 양이 지금의 거의 두 배는 있었어. 오나르가 이 사실을 알게 되면 나한테 무슨 짓을 할지 상상조차 하기 싫어.","","False","DIA_Pepe_Danger_03_02","",""
"Scripts/Content/Story/Dialoge/DIA_BAU_912_Pepe.d:89","Warum hast du das mit den Wölfen nicht den Söldnern gesagt?","왜 늑대들에 대해 용병들에게 말하지 않았지?","","False","DIA_Pepe_WhyNotSLD.description","",""
"Scripts/Content/Story/Dialoge/DIA_BAU_912_Pepe.d:103","Warum hast du das mit den Wölfen nicht den Söldnern gesagt? Ich dachte, die arbeiten für euch.","왜 늑대들에 대해 용병들에게 말하지 않았지? 내 생각엔 그들이 너희를 위해 일하는 것 같던데.","","False","DIA_Pepe_WhyNotSLD_15_00","",""
"Scripts/Content/Story/Dialoge/DIA_BAU_912_Pepe.d:104","Ja, ich weiß. Das hätte ich tun sollen. Hab ich aber nicht gemacht, verdammt noch mal.","그래, 알아. 그랬어야 했어. 하지만 그러지 않았다고, 젠장.","","False","DIA_Pepe_WhyNotSLD_03_01","",""
"Scripts/Content/Story/Dialoge/DIA_BAU_912_Pepe.d:105","Und jetzt, wo schon so viel Schafe weg sind, habe ich Angst, es überhaupt noch jemandem zu erzählen.","그리고 이미 양이 이렇게나 많이 사라진 지금은, 누구에게도 이 사실을 털어놓을 공포가 앞서.","","False","DIA_Pepe_WhyNotSLD_03_02","",""
"Scripts/Content/Story/Dialoge/DIA_BAU_912_Pepe.d:106","MIR hast du es doch gerade erzählt ...","하지만 방금 나한테 말했잖아...","","False","DIA_Pepe_WhyNotSLD_15_03","",""
"Scripts/Content/Story/Dialoge/DIA_BAU_912_Pepe.d:107","(verärgert) Das bereue ich auch jetzt schon.","(짜증 내며) 그마저도 지금 벌써 후회하고 있어.","","False","DIA_Pepe_WhyNotSLD_03_04","",""
"Scripts/Content/Story/Dialoge/DIA_BAU_912_Pepe.d:119","Was, wenn ich die Wölfe töte?","내가 늑대들을 죽이면 어떻게 되겠나?","","False","DIA_Pepe_KillWolves.description","",""
"Scripts/Content/Story/Dialoge/DIA_BAU_912_Pepe.d:132","Was, wenn ich die Wölfe töte?","내가 늑대들을 죽이면 어떻게 되겠나?","","False","DIA_Pepe_KillWolves_15_00","",""
"Scripts/Content/Story/Dialoge/DIA_BAU_912_Pepe.d:133","(spottet) Du allein? Haha. Das glaube ich nicht. Das würde ich noch eher meinem Leithammel zutrauen.","(조롱하듯) 너 혼자서? 하하. 믿을 수가 없네. 차라리 내 우두머리 양이 그러는 걸 믿겠어.","","False","DIA_Pepe_KillWolves_03_01","",""
"Scripts/Content/Story/Dialoge/DIA_BAU_912_Pepe.d:134","Dann eben nicht. War nur so ein Vorschlag. Ich werde mal zu den Jungs rübergehen und sehen, was die dazu sagen ...","그럼 됐어. 그냥 제안해 본 것뿐이야. 저기 저 녀석들한테 가서 그들이 뭐라고 하는지 들어봐야겠군...","","False","DIA_Pepe_KillWolves_15_02","",""
"Scripts/Content/Story/Dialoge/DIA_BAU_912_Pepe.d:135","(ängstlich) Warte doch mal. Ok, ok! Ähm ... du bist der Größte, und du wirst es mit hundert Wölfen gleichzeitig aufnehmen können. Kein Problem!","(겁에 질려) 잠깐만 기다려. 알았어, 알았어! 으음... 당신은 최고고, 백 마리의 늑대라도 한꺼번에 상대할 수 있을 거야. 문제없지!","","False","DIA_Pepe_KillWolves_03_03","",""
"Scripts/Content/Story/Dialoge/DIA_BAU_912_Pepe.d:136","Sie lauern meistens zwischen den Bäumen in der Nähe der Weide. (beiläufig) Ich glaube, es waren nur vier ...","녀석들은 대개 목초지 근처의 나무들 사이에 숨어 있어. (무심하게) 내 생각엔 네 마리밖에 안 되었던 것 같은데...","","False","DIA_Pepe_KillWolves_03_04","",""
"Scripts/Content/Story/Dialoge/DIA_BAU_912_Pepe.d:162","Die Wölfe sind erledigt.","늑대들은 해치웠어.","","False","DIA_Pepe_KilledWolves.description","",""
"Scripts/Content/Story/Dialoge/DIA_BAU_912_Pepe.d:175","Die Wölfe sind erledigt.","늑대들은 해치웠어.","","False","DIA_Pepe_KilledWolves_15_00","",""
"Scripts/Content/Story/Dialoge/DIA_BAU_912_Pepe.d:182","(verblüfft) Du hast es geschafft! Innos sei Dank!","(놀라며) 해냈구나! 이노스 감사합니다!","","False","DIA_Pepe_KilledWolves_03_01","",""
"Scripts/Content/Story/Dialoge/DIA_BAU_912_Pepe.d:183","Jetzt weiß ich nur noch nicht, wie ich es Onar beibringe, dass mir die ganzen Schafe fehlen.","이제 사라진 양들을 오나르에게 어떻게 설명해야 할지 모르겠네.","","False","DIA_Pepe_KilledWolves_03_02","",""
"Scripts/Content/Story/Dialoge/DIA_BAU_912_Pepe.d:184","(zu sich selbst) Dieser verdammte Bullco ist an allem Schuld!","(혼잣말로) 이 몹쓸 불코 그 자식이 모든 게 원인이야!","","False","DIA_Pepe_KilledWolves_03_03","",""
"Scripts/Content/Story/Dialoge/DIA_BAU_912_Pepe.d:191","Verarschen kann ich mich alleine. Die Biester sind noch nicht alle tot.","날 바보로 알지 마. 짐승들이 아직 다 죽은 게 아니라고.","","False","DIA_Pepe_KilledWolves_03_04","",""
"Scripts/Content/Story/Dialoge/DIA_BAU_912_Pepe.d:204","Was hast du über Bullco gesagt?","불코에 대해 뭐라고 했지?","","False","DIA_Pepe_Bullco.description","",""
"Scripts/Content/Story/Dialoge/DIA_BAU_912_Pepe.d:219","Was hast du über Bullco gesagt?","불코에 대해 뭐라고 했지?","","False","DIA_Pepe_Bullco_15_00","",""
"Scripts/Content/Story/Dialoge/DIA_BAU_912_Pepe.d:220","Er ist einer der Söldner. Es wäre eigentlich seine Aufgabe gewesen, die Weide zu bewachen.","그는 용병 중 한 명이야. 원래 목초지를 감시하는 게 그의 임무였지.","","False","DIA_Pepe_Bullco_03_01","",""
"Scripts/Content/Story/Dialoge/DIA_BAU_912_Pepe.d:221","Aber stattdessen hängt er mit seinem Kumpel Sylvio den ganzen Tag bei Thekla in der Küche rum.","하지만 대신에 그는 그의 친구 실비오와 함께 하루 종일 테클라의 부엌에서 빈둥거리고 있어.","","False","DIA_Pepe_Bullco_03_02","",""
"Scripts/Content/Story/Dialoge/DIA_BAU_912_Pepe.d:222","Dieser Mistkerl ist schuld, wenn ich jetzt wegen der verlorenen Schafe wochenlang keinen Lohn kriege.","잃어버린 양들 때문에 몇 주 동안 급료를 받지 못하게 된다면, 그건 이 개자식 때문일 거야.","","False","DIA_Pepe_Bullco_03_03","",""
"Scripts/Content/Story/Dialoge/DIA_BAU_912_Pepe.d:223","Ich wünschte, ich könnte ihm wenigstens dafür aufs Maul hauen. Aber gegen den hat keiner 'ne Chance. Der Typ ist ein Killer.","그 대가로 녀석의 주둥이를 한 대 쳐줄 수만 있다면 좋겠어. 하지만 그를 상대할 수 있는 사람은 아무도 없어. 그 자식은 살인마라고.","","False","DIA_Pepe_Bullco_03_04","",""
"Scripts/Content/Story/Dialoge/DIA_BAU_912_Pepe.d:241","Bullco hat seine gerechte Strafe erhalten.","불코는 마땅한 벌을 받았어.","","False","DIA_Pepe_BullcoDefeated.description","",""
"Scripts/Content/Story/Dialoge/DIA_BAU_912_Pepe.d:258","Bullco hat seine gerechte Strafe erhalten. Ich habe ihm eine Lektion erteilt.","불코는 마땅한 벌을 받았어. 내가 그에게 본때를 보여줬지.","","False","DIA_Pepe_BullcoDefeated_15_00","",""
"Scripts/Content/Story/Dialoge/DIA_BAU_912_Pepe.d:259","Das hat das Schwein verdient.","그 돼지 자식이 싼 값이지.","","False","DIA_Pepe_BullcoDefeated_03_01","",""
"Scripts/Content/Story/Dialoge/DIA_BAU_912_Pepe.d:275","Wie geht's dir und deinen Schafen?","너와 양들은 잘 지내고 있나?","","False","DIA_Pepe_PERM.description","",""
"Scripts/Content/Story/Dialoge/DIA_BAU_912_Pepe.d:288","Wie geht's dir und deinen Schafen?","너와 양들은 잘 지내고 있나?","","False","DIA_Pepe_PERM_15_00","",""
"Scripts/Content/Story/Dialoge/DIA_BAU_912_Pepe.d:292","Gut. Und den Schafen auch. Das heißt, denen, die noch da sind, geht es gut.","잘 지내. 양들도 그렇고. 그러니까, 아직 남아 있는 녀석들은 잘 지내고 있어.","","False","DIA_Pepe_PERM_03_01","",""
"Scripts/Content/Story/Dialoge/DIA_BAU_912_Pepe.d:297","Gut. Aber die Wölfe kommen bestimmt irgendwann wieder. Und dann werden es bestimmt mehr sein!","좋아. 하지만 늑대들은 언젠가 분명히 다시 돌아올 거야. 그때는 더 많아질지도 몰라!","","False","DIA_Pepe_PERM_03_02","",""
"Scripts/Content/Story/Dialoge/DIA_BAU_912_Pepe.d:302","Ich habe die seltsamsten Dinge gehört. Bei Sekob sollen recht düstere Gestalten aufgetaucht sein. Sie belagern sein Haus.","이상한 소문들을 들었어. 세코브의 농장에 꽤 어두운 기운의 자들이 나타났다고 하더군. 그들이 그의 집을 포위하고 있다는 거야.","","False","DIA_Pepe_PERM_03_03","",""
"Scripts/Content/Story/Dialoge/DIA_BAU_912_Pepe.d:307","Ich habe gehört, dass irgendwelche Schergen sich auf Lobarts Hof breit gemacht haben. Vielleicht sollte man ihm helfen.","어떤 무뢰한들이 로바트의 농장을 차지했다고 들었어. 누군가 그를 도와줘야 할지도 몰라.","","False","DIA_Pepe_PERM_03_04","",""
"Scripts/Content/Story/Dialoge/DIA_BAU_912_Pepe.d:320","Kann ich ein Schaf kaufen?","양 한 마리를 살 수 있을까?","","False","DIA_Pepe_Liesel.description","",""
"Scripts/Content/Story/Dialoge/DIA_BAU_912_Pepe.d:333","Kann ich ein Schaf kaufen?","양 한 마리를 살 수 있을까?","","False","DIA_Pepe_Liesel_15_00","",""
"Scripts/Content/Story/Dialoge/DIA_BAU_912_Pepe.d:334","Jederzeit, wenn du den Preis bezahlen kannst. Ein Schaf kostet dich 100 Goldstücke.","대금을 지불할 수 있다면 언제든지. 양 한 마리에 100 골드야.","","False","DIA_Pepe_Liesel_03_01","",""
"Scripts/Content/Story/Dialoge/DIA_BAU_912_Pepe.d:335","Wenn du die bezahlst, kannst du dir ein Schaf mitnehmen. Aber du musst es gut behandeln.","그 돈을 내면 양을 데려가도 좋아. 하지만 잘 다뤄줘야 해.","","False","DIA_Pepe_Liesel_03_02","",""
"Scripts/Content/Story/Dialoge/DIA_BAU_912_Pepe.d:349","Hier sind 100 Goldstücke. Gib mir ein Schaf.","여기 100 골드가 있다. 양 한 마리를 다오.","","False","DIA_Pepe_BuyLiesel.description","",""
"Scripts/Content/Story/Dialoge/DIA_BAU_912_Pepe.d:362","Hier sind 100 Goldstücke. Gib mir ein Schaf.","여기 100 골드가 있다. 양 한 마리를 다오.","","False","DIA_Pepe_BuyLiesel_15_00","",""
"Scripts/Content/Story/Dialoge/DIA_BAU_912_Pepe.d:368","Gut. Dann nimm dir die Liesel mit - du findest sie hier auf der Weide.","좋아. 그럼 리젤을 데려가—목초지에 가면 찾을 수 있을 거야.","","False","DIA_Pepe_BuyLiesel_03_01","",""
"Scripts/Content/Story/Dialoge/DIA_BAU_912_Pepe.d:369","Sag ihr einfach, sie soll dir folgen. Sie ist ziemlich klug für ein Schaf. Behandele sie gut!","그냥 따라오라고 말하면 돼. 양 치고는 꽤 똑똑하니까. 잘 보살펴 줘!","","False","DIA_Pepe_BuyLiesel_03_02","",""
"Scripts/Content/Story/Dialoge/DIA_BAU_912_Pepe.d:373","Schon wieder? Na schön. Nimm dir die Liesel mit.","또야? 좋지. 리젤을 데려가도록 해.","","False","DIA_Pepe_BuyLiesel_03_03","",""
"Scripts/Content/Story/Dialoge/DIA_BAU_912_Pepe.d:374","Liesel? Das letzte Schaf hieß schon Liesel ...","리젤이라고? 지난번 양도 리젤이었는데...","","False","DIA_Pepe_BuyLiesel_15_04","",""
"Scripts/Content/Story/Dialoge/DIA_BAU_912_Pepe.d:375","Alle Schafe heißen Liesel.","모든 양의 이름은 리젤이야.","","False","DIA_Pepe_BuyLiesel_03_05","",""
"Scripts/Content/Story/Dialoge/DIA_BAU_912_Pepe.d:378","Bis auf die Hammel, natürlich.","숫양을 빼고는 말이지.","","False","DIA_Pepe_BuyLiesel_03_06","",""
"Scripts/Content/Story/Dialoge/DIA_BAU_912_Pepe.d:379","Und wie heißen die?","그럼 녀석들의 이름은 뭔데?","","False","DIA_Pepe_BuyLiesel_15_07","",""
"Scripts/Content/Story/Dialoge/DIA_BAU_912_Pepe.d:380","Horst.","호르스트.","","False","DIA_Pepe_BuyLiesel_03_08","",""
"Scripts/Content/Story/Dialoge/DIA_BAU_912_Pepe.d:391","Soviel Gold hast du nicht. Billiger kann ich dir keins geben.","그렇게 많은 금은 없어. 더 싸게는 줄 수 없다고.","","False","DIA_Pepe_BuyLiesel_03_09","",""
"Scripts/Content/Story/Dialoge/DIA_BAU_913_Thekla.d:43","Was machst du hier in meiner Küche?","내 부엌에서 뭐 하는 거지?","","False","DIA_Thekla_HALLO_17_00","",""
"Scripts/Content/Story/Dialoge/DIA_BAU_913_Thekla.d:55","Das riecht aber lecker hier!","맛있는 냄새가 나는데!","","False","DIA_Thekla_Lecker.description","",""
"Scripts/Content/Story/Dialoge/DIA_BAU_913_Thekla.d:68","Das riecht aber lecker hier!","맛있는 냄새가 나는데!","","False","DIA_Thekla_Lecker_15_00","",""
"Scripts/Content/Story/Dialoge/DIA_BAU_913_Thekla.d:69","Oh ja! Ich kenne Typen wie dich. Die rennen hier zuhauf rum.","오 그래! 너 같은 녀석들은 잘 알지. 여기에 바글바글하거든.","","False","DIA_Thekla_Lecker_17_01","",""
"Scripts/Content/Story/Dialoge/DIA_BAU_913_Thekla.d:70","Wollen sich erst einschmeicheln, und wenn man sie mal braucht, sind sie nirgendwo zu sehen!","처음에는 환심을 사려 들다가도, 막상 필요할 때가 되면 그림자도 안 보인단 말이지!","","False","DIA_Thekla_Lecker_17_02","",""
"Scripts/Content/Story/Dialoge/DIA_BAU_913_Thekla.d:84","Ich habe Hunger!","배고파!","","False","DIA_Thekla_Hunger.description","",""
"Scripts/Content/Story/Dialoge/DIA_BAU_913_Thekla.d:97","Ich habe Hunger!","배고파!","","False","DIA_Thekla_Hunger_15_00","",""
"Scripts/Content/Story/Dialoge/DIA_BAU_913_Thekla.d:100","Ich verteile kein Essen an Landstreicher. Hier gibt's nur was für die Leute, die arbeiten.","부랑자한테는 음식 안 줘. 일하는 사람들한테만 준다고.","","False","DIA_Thekla_Hunger_17_01","",""
"Scripts/Content/Story/Dialoge/DIA_BAU_913_Thekla.d:101","(verächtlich) Und für das Söldnerpack natürlich.","(경멸하듯) 물론 그 용병 녀석들 빼고 말이지.","","False","DIA_Thekla_Hunger_17_02","",""
"Scripts/Content/Story/Dialoge/DIA_BAU_913_Thekla.d:106","Hier, friss!","자, 먹어라!","","False","DIA_Thekla_Hunger_17_03","",""
"Scripts/Content/Story/Dialoge/DIA_BAU_913_Thekla.d:112","Milizen werden hier nicht bedient.","민병대원에게는 음식을 주지 않아.","","False","DIA_Thekla_Hunger_17_04","",""
"Scripts/Content/Story/Dialoge/DIA_BAU_913_Thekla.d:116","Wie könnte ich einem Vertreter Innos' eine Bitte abschlagen.","이노스의 사제의 부탁을 어떻게 거절할 수 있겠나.","","False","DIA_Thekla_Hunger_17_05","",""
"Scripts/Content/Story/Dialoge/DIA_BAU_913_Thekla.d:131","Ich suche Arbeit.","일자리를 찾고 있어.","","False","DIA_Thekla_Arbeit.description","",""
"Scripts/Content/Story/Dialoge/DIA_BAU_913_Thekla.d:144","Ich suche Arbeit...","일자리를 찾고 있어...","","False","DIA_Thekla_Arbeit_15_00","",""
"Scripts/Content/Story/Dialoge/DIA_BAU_913_Thekla.d:145","Du willst hier auf dem Hof arbeiten?","이 농장에서 일하고 싶다고?","","False","DIA_Thekla_Arbeit_17_01","",""
"Scripts/Content/Story/Dialoge/DIA_BAU_913_Thekla.d:146","Das kann nur Onar entscheiden. Ihm gehört der Hof und das ganze Tal.","그건 오나르만 결정할 수 있어. 이 농장과 이 계곡 전체가 그의 것이거든.","","False","DIA_Thekla_Arbeit_17_02","",""
"Scripts/Content/Story/Dialoge/DIA_BAU_913_Thekla.d:158","Ich wollte mich eigentlich den Söldnern anschließen...","사실 난 용병들에 들어가려고 했는데...","","False","DIA_Thekla_WannaJoin.description","",""
"Scripts/Content/Story/Dialoge/DIA_BAU_913_Thekla.d:172","Ich wollte mich eigentlich den Söldnern anschließen...","사실 난 용병들에 들어가려고 했는데...","","False","DIA_Thekla_WannaJoin_15_00","",""
"Scripts/Content/Story/Dialoge/DIA_BAU_913_Thekla.d:173","Du bist wohl auch einer von diesen Verbrechern aus der Strafkolonie?","너도 형무소에서 온 범죄자 중 하나인가 보네?","","False","DIA_Thekla_WannaJoin_17_01","",""
"Scripts/Content/Story/Dialoge/DIA_BAU_913_Thekla.d:174","Hätte ich mir gleich denken können! Lass mich bloß in Ruhe! Hier gibt's schon genug Männer wie dich!","내 알아봤지! 제발 날 내버려둬! 여기엔 너 같은 남자가 이미 충분히 많다고!","","False","DIA_Thekla_WannaJoin_17_02","",""
"Scripts/Content/Story/Dialoge/DIA_BAU_913_Thekla.d:186","Ich brauche einen Platz zum Schlafen.","잘 곳이 필요해.","","False","DIA_Thekla_Schlafen.description","",""
"Scripts/Content/Story/Dialoge/DIA_BAU_913_Thekla.d:199","Ich brauche einen Platz zum Schlafen.","잘 곳이 필요해.","","False","DIA_Thekla_Schlafen_15_00","",""
"Scripts/Content/Story/Dialoge/DIA_BAU_913_Thekla.d:200","Lass dir bloß nicht einfallen, in meiner Küche zu pennen. Such dir einen Platz in der Scheune.","내 부엌에서 잘 생각은 아예 하지도 마. 헛간에서 잘 곳이나 찾아봐.","","False","DIA_Thekla_Schlafen_17_01","",""
"Scripts/Content/Story/Dialoge/DIA_BAU_913_Thekla.d:212","Was hast du für ein Problem mit den Söldnern?","용병들에게 무슨 불만이라도 있나?","","False","DIA_Thekla_Problem.description","",""
"Scripts/Content/Story/Dialoge/DIA_BAU_913_Thekla.d:226","Was hast du für ein Problem mit den Söldnern?","용병들에게 무슨 불만이라도 있나?","","False","DIA_Thekla_Problem_15_00","",""
"Scripts/Content/Story/Dialoge/DIA_BAU_913_Thekla.d:227","Ach, die Kerle gehen mir auf die Nerven! Vor allem Sylvio und sein fetter Freund Bullco.","아, 그 자식들 때문에 돌겠군! 특히 실비오랑 그 뚱뚱한 친구 불코 말이야.","","False","DIA_Thekla_Problem_17_01","",""
"Scripts/Content/Story/Dialoge/DIA_BAU_913_Thekla.d:228","Die beiden sitzen jetzt schon Tage lang in ihrer Ecke und machen mir das Leben zur Hölle.","그 두 녀석은 며칠 동안이나 구석에 처박혀서 내 삶을 지옥으로 만들고 있어.","","False","DIA_Thekla_Problem_17_02","",""
"Scripts/Content/Story/Dialoge/DIA_BAU_913_Thekla.d:229","Die Suppe ist zu heiß, das Fleisch ist zu zäh, und so weiter und so weiter.","수프가 너무 뜨겁다느니, 고기가 너무 질기다느니 하면서 계속 불평이야.","","False","DIA_Thekla_Problem_17_03","",""
"Scripts/Content/Story/Dialoge/DIA_BAU_913_Thekla.d:232","Warum unternimmst du nichts dagegen?","그럼 왜 가만히 있는 거야?","","False","DIA_Thekla_Problem_15_04","",""
"Scripts/Content/Story/Dialoge/DIA_BAU_913_Thekla.d:233","Du Klugscheißer! Was soll ich denn machen? Mit dem Nudelholz draufhauen? Das kann ich bei den Bauern machen, aber diese miesen Kerle schlagen zurück.","이 잘난 척쟁이 같으니라고! 내가 뭘 어쩌겠어? 밀대라도 휘둘러야 해? 농부들한테야 그러겠지만, 이 비열한 녀석들은 반격한다구.","","False","DIA_Thekla_Problem_17_05","",""
"Scripts/Content/Story/Dialoge/DIA_BAU_913_Thekla.d:246","Soll ich den beiden Manieren beibringen?","내가 저 둘에게 예절이라도 좀 가르쳐 줄까?","","False","DIA_Thekla_Manieren.description","",""
"Scripts/Content/Story/Dialoge/DIA_BAU_913_Thekla.d:262","Soll ich den beiden Manieren beibringen?","내가 저 둘에게 예절이라도 좀 가르쳐 줄까?","","False","DIA_Thekla_Manieren_15_00","",""
"Scripts/Content/Story/Dialoge/DIA_BAU_913_Thekla.d:263","Mach dich nicht unglücklich, Schätzchen. Soweit ich weiß, hat Sylvio hat eine magische Rüstung. Du kannst ihn nicht besiegen.","마음고생 하지 마, 얘야. 내가 알기로 실비오는 마법 방어구를 입고 있어. 넌 그를 이길 수 없어.","","False","DIA_Thekla_Manieren_17_01","",""
"Scripts/Content/Story/Dialoge/DIA_BAU_913_Thekla.d:264","Und was ist mit Bullco?","그럼 불코는?","","False","DIA_Thekla_Manieren_15_02","",""
"Scripts/Content/Story/Dialoge/DIA_BAU_913_Thekla.d:265","Der Kerl ist stark wie ein Bär. Er hat bisher jeden umgehauen, der ihm oder Sylvio krumm gekommen ist.","그 녀석은 곰처럼 힘이 세. 자기나 실비오한테 시비를 건 녀석은 모조리 때려눕혔지.","","False","DIA_Thekla_Manieren_17_03","",""
"Scripts/Content/Story/Dialoge/DIA_BAU_913_Thekla.d:295","Du hast es Bullco aber ganz schön gezeigt, Schätzchen.","불코 참교육을 제대로 시켰더군, 얘야.","","False","DIA_Thekla_AfterFight_17_00","",""
"Scripts/Content/Story/Dialoge/DIA_BAU_913_Thekla.d:296","War bestimmt anstrengend, das fette Schwein zu verprügeln.","그 뚱뚱한 돼지를 두들겨패느라 꽤 힘들었겠어.","","False","DIA_Thekla_AfterFight_17_01","",""
"Scripts/Content/Story/Dialoge/DIA_BAU_913_Thekla.d:300","Du hast dich ja ganz schön verprügeln lassen, Schätzchen.","아주 신나게 두들겨 맞았나 보네, 얘야.","","False","DIA_Thekla_AfterFight_17_02","",""
"Scripts/Content/Story/Dialoge/DIA_BAU_913_Thekla.d:301","Hab ich's dir nicht gesagt? Jetzt weißt du, was ich meine.","내가 말했잖아? 이제 내 말이 무슨 뜻인지 알겠지.","","False","DIA_Thekla_AfterFight_17_03","",""
"Scripts/Content/Story/Dialoge/DIA_BAU_913_Thekla.d:302","Freut mich, wenn du dich amüsierst.","재미있었다니 다행이네.","","False","DIA_Thekla_AfterFight_15_04","",""
"Scripts/Content/Story/Dialoge/DIA_BAU_913_Thekla.d:303","Jetzt zieh mal nicht so'n Gesicht. Du bist nicht der Erste, der von dem Abschaum verprügelt wurde.","그렇게 인상 쓰지 마. 그 쓰레기한테 얻어맞은 게 네가 처음은 아니니까.","","False","DIA_Thekla_AfterFight_17_05","",""
"Scripts/Content/Story/Dialoge/DIA_BAU_913_Thekla.d:306","Hier, iss dir erst mal 'n Happen, damit du wieder zu Kräften kommst.","자, 기운 차리게 일단 뭘 좀 먹어.","","False","DIA_Thekla_AfterFight_17_06","",""
"Scripts/Content/Story/Dialoge/DIA_BAU_913_Thekla.d:321","Hier ist das Päckchen von Sagitta.","사지타의 꾸러미를 가져왔어.","","False","DIA_Thekla_SagittaPaket.description","",""
"Scripts/Content/Story/Dialoge/DIA_BAU_913_Thekla.d:336","Hier ist das Päckchen von Sagitta.","사지타의 꾸러미를 가져왔어.","","False","DIA_Thekla_SagittaPaket_15_00","",""
"Scripts/Content/Story/Dialoge/DIA_BAU_913_Thekla.d:337","Danke sehr. Bist ja doch zu etwas zu gebrauchen.","아주 고마워. 그래도 쓸모가 아예 없진 않네.","","False","DIA_Thekla_SagittaPaket_17_01","",""
"Scripts/Content/Story/Dialoge/DIA_BAU_913_Thekla.d:356","Kann ich noch etwas von deinem Eintopf haben?","수프 좀 더 먹을 수 있을까?","","False","DIA_Thekla_PERM.description","",""
"Scripts/Content/Story/Dialoge/DIA_BAU_913_Thekla.d:369","Kann ich noch etwas von deinem Eintopf haben?","수프 좀 더 먹을 수 있을까?","","False","DIA_Thekla_PERM_15_00","",""
"Scripts/Content/Story/Dialoge/DIA_BAU_913_Thekla.d:373","Ich hab nichts mehr.","이제 없어.","","False","DIA_Thekla_PERM_17_01","",""
"Scripts/Content/Story/Dialoge/DIA_BAU_913_Thekla.d:374","Nicht mal mehr ein kleines Schüsselchen?","작은 그릇으로 하나도 없어?","","False","DIA_Thekla_PERM_15_02","",""
"Scripts/Content/Story/Dialoge/DIA_BAU_913_Thekla.d:375","Nein.","없어.","","False","DIA_Thekla_PERM_17_03","",""
"Scripts/Content/Story/Dialoge/DIA_BAU_913_Thekla.d:376","Kann ich den Topf auslecken?","냄비라도 핥으면 안 될까?","","False","DIA_Thekla_PERM_15_04","",""
"Scripts/Content/Story/Dialoge/DIA_BAU_913_Thekla.d:377","Jetzt hör aber auf!","이제 그만해!","","False","DIA_Thekla_PERM_17_05","",""
"Scripts/Content/Story/Dialoge/DIA_BAU_913_Thekla.d:378","Wenn du so wild bist auf den Eintopf, dann musst du auch was dafür tun.","그렇게 수프가 먹고 싶으면, 너도 뭔가 해야지.","","False","DIA_Thekla_PERM_17_06","",""
"Scripts/Content/Story/Dialoge/DIA_BAU_913_Thekla.d:379","Was?","뭐를?","","False","DIA_Thekla_PERM_15_07","",""
"Scripts/Content/Story/Dialoge/DIA_BAU_913_Thekla.d:380","Geh zu Sagitta, der Heilerin hinter Sekobs Hof, und bring mir ein Päckchen mit Kräutern von ihr.","세코브의 농장 뒤에 사는 치유사 사지타에게 가서, 그가 준 약초 꾸러미를 가져다줘.","","False","DIA_Thekla_PERM_17_08","",""
"Scripts/Content/Story/Dialoge/DIA_BAU_913_Thekla.d:381","Wenn du mir die Kräuter bringst, mach ich dir deinen Eintopf.","약초를 가져오면, 수프를 끓여줄게.","","False","DIA_Thekla_PERM_17_09","",""
"Scripts/Content/Story/Dialoge/DIA_BAU_913_Thekla.d:397","Na schön. Dann will ich mal nicht so sein. Hier. Sonst fällst du mir noch vom Fleisch.","좋아. 이번만 봐줄게. 여기 있어. 그러다간 굶어 죽겠어.","","False","DIA_Thekla_PERM_17_10","",""
"Scripts/Content/Story/Dialoge/DIA_BAU_913_Thekla.d:403","Na, na, na, wer wird denn so gierig sein! Ich sag dir Bescheid, wenn ich mal wieder was für dich zu tun hab.","이런, 이 욕심쟁이를 봤나! 다음에 시킬 일이 생기면 그때 알려줄게.","","False","DIA_Thekla_PERM_17_11","",""
"Scripts/Content/Story/Dialoge/DIA_BAU_913_Thekla.d:404","DANN gibt's auch wieder Eintopf, klar?","그래야 수프도 다시 줄 수 있어, 알았어?","","False","DIA_Thekla_PERM_17_12","",""
"Scripts/Content/Story/Dialoge/DIA_BAU_913_Thekla.d:414","Ich hab gehört, du hast Bennet geholfen, aus dem Gefängnis zu entkommen. Reife Leistung, Kleiner.","베넷이 감옥에서 빠져나오도록 도왔다면서. 제법인데, 꼬마야.","","False","DIA_Thekla_PERM_17_13","",""
"Scripts/Content/Story/Dialoge/DIA_BAU_913_Thekla.d:422","Diese Mistkerle von der Miliz haben Bennet ins Gefängnis gesteckt.","민병대라는 쓰레기들이 베넷을 감옥에 집어넣었어.","","False","DIA_Thekla_PERM_17_14","",""
"Scripts/Content/Story/Dialoge/DIA_BAU_913_Thekla.d:423","Tu mir einen Gefallen und hol ihn da wieder raus, ja? Ich mach dir in der Zwischenzeit einen leckeren Eintopf.","내 부탁인데 그를 거기서 꺼내줄래? 그동안 맛있는 수프를 끓여둘 테니까.","","False","DIA_Thekla_PERM_17_15","",""
"Scripts/Content/Story/Dialoge/DIA_BAU_913_Thekla.d:427","Ich hab nichts mehr. Komm später noch mal wieder.","남은 게 없어. 나중에 다시 와.","","False","DIA_Thekla_PERM_17_16","",""
"Scripts/Content/Story/Dialoge/DIA_BAU_913_Thekla.d:436","Du bist auch immer hungrig, was? Was machst du eigentlich die ganze Zeit?","너도 참 맨날 배고파하네, 그렇지? 평소에 대체 뭘 하고 다니는 거야?","","False","DIA_Thekla_PERM_17_17","",""
"Scripts/Content/Story/Dialoge/DIA_BAU_913_Thekla.d:437","Ich hab ein paar Drachen erledigt.","용 몇 마리를 해치웠지.","","False","DIA_Thekla_PERM_15_18","",""
"Scripts/Content/Story/Dialoge/DIA_BAU_913_Thekla.d:438","Oh! Na dann wird's wohl mal wieder Zeit für einen ordentlichen Eintopf.","오! 그렇다면 든든한 수프를 먹을 때가 되었네.","","False","DIA_Thekla_PERM_17_19","",""
"Scripts/Content/Story/Dialoge/DIA_BAU_913_Thekla.d:444","Das war's. Kein Eintopf mehr da.","끝이야. 남은 수프는 없어.","","False","DIA_Thekla_PERM_17_20","",""
"Scripts/Content/Story/Dialoge/DIA_BAU_913_Thekla.d:450","Ohne die Kräuter kein Eintopf - klar?","약초가 없으면 수프도 없어, 알겠어?","","False","DIA_Thekla_PERM_17_21","",""
"Scripts/Content/Story/Dialoge/DIA_BAU_930_Sekob.d:50","Was willst du auf meinem Land? Hier gibt's nichts zu klauen. Scher dich weg.","내 땅에서 뭐 하는 거지? 여긴 훔쳐 갈 만한 건 없어. 꺼져.","","False","DIA_Sekob_HALLO_01_00","",""
"Scripts/Content/Story/Dialoge/DIA_BAU_930_Sekob.d:51","Gibt es in diesem verfluchten Land eigentlich ein Fleckchen Erde, das nicht irgendjemand gehört?","이 저주받은 땅에 누구의 소유도 아닌 땅이 정말 단 한 평도 없는 건가?","","False","DIA_Sekob_HALLO_15_01","",""
"Scripts/Content/Story/Dialoge/DIA_BAU_930_Sekob.d:52","Geh arbeiten, dann kannst du vielleicht auch irgendwann mal ein Stück Land dein Eigen nennen. Aber bis dahin lungerst du gefälligst woanders rum.","일이라도 해봐, 그럼 언젠가 네 땅을 갖게 될지도 모르지. 하지만 그때까지는 당장 여기서 꺼져.","","False","DIA_Sekob_HALLO_01_02","",""
"Scripts/Content/Story/Dialoge/DIA_BAU_930_Sekob.d:65","Hör mal...","이봐...","","False","DIA_Sekob_PermVorMis.description","",""
"Scripts/Content/Story/Dialoge/DIA_BAU_930_Sekob.d:79","Hör mal...","이봐...","","False","DIA_Sekob_PermVorMis_15_00","",""
"Scripts/Content/Story/Dialoge/DIA_BAU_930_Sekob.d:80","Ich hab zurzeit keine Arbeit für dich! Jetzt geh!","지금은 너한테 줄 일이 없어! 당장 꺼져!","","False","DIA_Sekob_PermVorMis_01_01","",""
"Scripts/Content/Story/Dialoge/DIA_BAU_930_Sekob.d:92","Onar will, daß du endlich deine Pacht bezahlst.","오나르가 소작료를 당장 내라고 하더군.","","False","DIA_Sekob_ZAHLPACHT.description","",""
"Scripts/Content/Story/Dialoge/DIA_BAU_930_Sekob.d:105","Das Land gehört dem Großbauern. Du bist hier nur der Pächter. Onar will, dass du endlich deine Pacht bezahlst. Du bist schon seit Wochen überfällig.","이 땅은 대농장주의 소유다. 넌 여기 세를 들어 사는 소작농일 뿐이야. 오나르가 네 소작료를 당장 내라고 하더군. 이미 몇 주나 밀렸어.","","False","DIA_Sekob_ZAHLPACHT_15_00","",""
"Scripts/Content/Story/Dialoge/DIA_BAU_930_Sekob.d:106","Was? Und da schickt er einen Halunken wie dich? Das glaubst du doch selber nicht.","뭐? 그런 일에 너 같은 건달을 보냈다고? 스스로도 믿기지 않겠지.","","False","DIA_Sekob_ZAHLPACHT_01_01","",""
"Scripts/Content/Story/Dialoge/DIA_BAU_930_Sekob.d:107","Mach, dass du weg kommst, bevor ich mich vergesse.","이성을 잃기 전에 당장 사라지는 게 좋을 거야.","","False","DIA_Sekob_ZAHLPACHT_01_02","",""
"Scripts/Content/Story/Dialoge/DIA_BAU_930_Sekob.d:122","Rück die Kohle raus oder ich schlag dir die Zähne ein!","석탄을 내놓지 않으면 네 이빨을 다 부숴버리겠어!","","False","DIA_Sekob_KohleRaus.description","",""
"Scripts/Content/Story/Dialoge/DIA_BAU_930_Sekob.d:136","Rück die Kohle raus oder ich schlag dir die Zähne ein!","석탄을 내놓지 않으면 네 이빨을 다 부숴버리겠어!","","False","DIA_Sekob_KohleRaus_15_00","",""
"Scripts/Content/Story/Dialoge/DIA_BAU_930_Sekob.d:137","Du Verbrecher gehst mir nicht an den Geldbeutel, DU NICHT!","내 지갑에는 손가락 하나 못 댈 것이다, 절대 안 돼!","","False","DIA_Sekob_KohleRaus_01_01","",""
"Scripts/Content/Story/Dialoge/DIA_BAU_930_Sekob.d:151","Ich werde dann wohl Onar darüber informieren müssen...","그렇다면 오나르에게 이 사실을 알려야겠군...","","False","DIA_Sekob_InformOnar.description","",""
"Scripts/Content/Story/Dialoge/DIA_BAU_930_Sekob.d:165","Ich werde dann wohl Onar darüber informieren müssen...","그렇다면 오나르에게 이 사실을 알려야겠군...","","False","DIA_Sekob_InformOnar_15_00","",""
"Scripts/Content/Story/Dialoge/DIA_BAU_930_Sekob.d:166","Von mir aus! Du kannst Onar sagen, ich habe nichts. Das ist die traurige Wahrheit.","마음대로 해! 오나르에게 가진 게 없다고 전해. 그것이 슬픈 진실이니까.","","False","DIA_Sekob_InformOnar_01_01","",""
"Scripts/Content/Story/Dialoge/DIA_BAU_930_Sekob.d:180","Wo hast du das Geld!?!","돈은 어디에 숨겨뒀지!?","","False","DIA_Sekob_Defeated.description","",""
"Scripts/Content/Story/Dialoge/DIA_BAU_930_Sekob.d:195","Wo hast du das Geld!?!","돈은 어디에 숨겨뒀지!?","","False","DIA_Sekob_Defeated_15_00","",""
"Scripts/Content/Story/Dialoge/DIA_BAU_930_Sekob.d:196","Nicht mehr schlagen, bitte. Ich will ja alles machen.","제발 더 때리지 마세요. 시키는 대로 다 할게요.","","False","DIA_Sekob_Defeated_01_01","",""
"Scripts/Content/Story/Dialoge/DIA_BAU_930_Sekob.d:197","Dann zahl' deine Pacht.","그럼 소작료를 내.","","False","DIA_Sekob_Defeated_15_02","",""
"Scripts/Content/Story/Dialoge/DIA_BAU_930_Sekob.d:198","(weinerlich) Aber Herr, ich hab doch nichts. Ich bin doch nur ein armes Schwein und halb verhungert.","(훌쩍이며) 하지만 나리, 정말 가진 게 없습니다. 저는 불쌍하고 굶주린 거지새끼일 뿐입니다.","","False","DIA_Sekob_Defeated_01_03","",""
"Scripts/Content/Story/Dialoge/DIA_BAU_930_Sekob.d:199","Meine letzte Ernte ist völlig vertrocknet. Ich WILL meine Pacht bezahlen, aber ich HABE einfach nichts. Hab doch Mitleid.","지난번 수확은 완전히 망해버렸습니다. 소작료를 내고 싶지만 정말로 가진 게 없습니다. 자비를 베풀어주십시오.","","False","DIA_Sekob_Defeated_01_04","",""
"Scripts/Content/Story/Dialoge/DIA_BAU_930_Sekob.d:202","Bezahl´ jetzt deine Pacht oder ich bring´ dich um.","당장 소작료를 내지 않으면 죽여버리겠다.","","False","DIA_Sekob_Defeated_Info.DIA_Sekob_Defeated.DIA_Sekob_Defeated_hart","Info_AddChoice",""
"Scripts/Content/Story/Dialoge/DIA_BAU_930_Sekob.d:203","Gut, ich werde mit Onar reden.","좋아, 오나르와 얘기해 보지.","","False","DIA_Sekob_Defeated_Info.DIA_Sekob_Defeated.DIA_Sekob_Defeated_weich","Info_AddChoice",""
"Scripts/Content/Story/Dialoge/DIA_BAU_930_Sekob.d:208","Gut, ich werde mit Onar reden.","좋아, 오나르와 얘기해 보지.","","False","DIA_Sekob_Defeated_weich_15_00","",""
"Scripts/Content/Story/Dialoge/DIA_BAU_930_Sekob.d:209","Tausend Dank, Herr. Tausend Dank!","정말 감사합니다, 나리. 정말 감사합니다!","","False","DIA_Sekob_Defeated_weich_01_01","",""
"Scripts/Content/Story/Dialoge/DIA_BAU_930_Sekob.d:217","Rede keinen Unsinn. Hier regnet's ständig und deine Vorratskammer ist voll. Bezahl' jetzt deine Pacht oder ich bring dich um.","헛소리 마. 여기는 비가 끊이지 않고 오는데 식료품 저장실은 꽉 차 있더만. 당장 소작료를 내지 않으면 죽여버리겠어.","","False","DIA_Sekob_Kassieren_15_00","",""
"Scripts/Content/Story/Dialoge/DIA_BAU_930_Sekob.d:218","(unterwürfig) Nein, bitte, hier nimm das Gold. Ich leg sogar noch einen Bonus drauf, wenn du mich nur leben lässt.","(굽실거리며) 알겠습니다, 제발, 여기 금을 받으세요. 살려만 주신다면 보너스까지 얹어드리겠습니다.","","False","DIA_Sekob_Kassieren_01_01","",""
"Scripts/Content/Story/Dialoge/DIA_BAU_930_Sekob.d:220","Es geht doch.","진작 이럴 것이지.","","False","DIA_Sekob_Kassieren_15_02","",""
"Scripts/Content/Story/Dialoge/DIA_BAU_930_Sekob.d:221","(verzweifelt) Das ist mein Ruin.","(절망하며) 이러다간 다 망해버릴 거야.","","False","DIA_Sekob_Kassieren_01_03","",""
"Scripts/Content/Story/Dialoge/DIA_BAU_930_Sekob.d:242","Wegen deiner Pacht...","소작료 건 말인데...","","False","DIA_Sekob_Again.description","",""
"Scripts/Content/Story/Dialoge/DIA_BAU_930_Sekob.d:257","Wegen deiner Pacht...","소작료 건 말인데...","","False","DIA_Sekob_Again_15_00","",""
"Scripts/Content/Story/Dialoge/DIA_BAU_930_Sekob.d:258","Du redest mit Onar, ja?","오나르와 얘기해 줄 거지?","","False","DIA_Sekob_Again_01_01","",""
"Scripts/Content/Story/Dialoge/DIA_BAU_930_Sekob.d:261","Ich hab's mir anders überlegt.","생각이 바뀌었어.","","False","DIA_Sekob_Again_Info.DIA_Sekob_Again.DIA_Sekob_Again_Nein","Info_AddChoice",""
"Scripts/Content/Story/Dialoge/DIA_BAU_930_Sekob.d:265","Das habe ich...","그렇게 했지...","","False","DIA_Sekob_Again_Info.DIA_Sekob_Again.DIA_Sekob_Again_verarscht","Info_AddChoice",""
"Scripts/Content/Story/Dialoge/DIA_BAU_930_Sekob.d:269","Klar.","물론이지.","","False","DIA_Sekob_Again_Info.DIA_Sekob_Again.DIA_Sekob_Again_Ja","Info_AddChoice",""
"Scripts/Content/Story/Dialoge/DIA_BAU_930_Sekob.d:275","Ich hab's mir anders überlegt.","생각이 바뀌었어.","","False","DIA_Sekob_Again_Nein_15_00","",""
"Scripts/Content/Story/Dialoge/DIA_BAU_930_Sekob.d:281","Klar.","물론이지.","","False","DIA_Sekob_Again_Ja_15_00","",""
"Scripts/Content/Story/Dialoge/DIA_BAU_930_Sekob.d:282","Du wirst das schaffen.","분명 잘 될 거야.","","False","DIA_Sekob_Again_Ja_01_01","",""
"Scripts/Content/Story/Dialoge/DIA_BAU_930_Sekob.d:290","Das habe ich ...","그렇게 했지...","","False","DIA_Sekob_Again_verarscht_15_00","",""
"Scripts/Content/Story/Dialoge/DIA_BAU_930_Sekob.d:291","Und? Was hat er gesagt?","그래서? 뭐라고 하던가?","","False","DIA_Sekob_Again_verarscht_01_01","",""
"Scripts/Content/Story/Dialoge/DIA_BAU_930_Sekob.d:292","Tut mir leid, aber ich muss dir jetzt den Kopf abreißen.","미안하지만, 네 머리통을 날려버려야겠어.","","False","DIA_Sekob_Again_verarscht_15_02","",""
"Scripts/Content/Story/Dialoge/DIA_BAU_930_Sekob.d:293","Aber warum? Was habe ich getan?","하지만 왜요? 내가 뭘 잘못했습니까?","","False","DIA_Sekob_Again_verarscht_01_03","",""
"Scripts/Content/Story/Dialoge/DIA_BAU_930_Sekob.d:294","Mich verarscht.","날 갖고 놀았으니까.","","False","DIA_Sekob_Again_verarscht_15_04","",""
"Scripts/Content/Story/Dialoge/DIA_BAU_930_Sekob.d:295","Ich hab die Wahrheit gesagt - ehrlich!","사실대로 말한 겁니다. 맹세해요!","","False","DIA_Sekob_Again_verarscht_01_05","",""
"Scripts/Content/Story/Dialoge/DIA_BAU_930_Sekob.d:309","Das nächste Mal zahlst du pünktlich, klar?","다음에는 날짜를 딱 맞춰서 내라고, 알겠어?","","False","DIA_Sekob_PERMKAP1.description","",""
"Scripts/Content/Story/Dialoge/DIA_BAU_930_Sekob.d:323","Das nächste Mal zahlst du pünktlich, klar?","다음에는 날짜를 딱 맞춰서 내라고, 알겠어?","","False","DIA_Sekob_PERMKAP1_15_00","",""
"Scripts/Content/Story/Dialoge/DIA_BAU_930_Sekob.d:324","(zu sich selbst) Womit hab ich das nur verdient ...","(혼잣말로) 내가 대체 무슨 부귀를 누리겠다고...","","False","DIA_Sekob_PERMKAP1_01_01","",""
"Scripts/Content/Story/Dialoge/DIA_BAU_930_Sekob.d:371","Ist was passiert?","무슨 일이라도 생겼나?","","False","DIA_Sekob_DMT.description","",""
"Scripts/Content/Story/Dialoge/DIA_BAU_930_Sekob.d:384","Ist was passiert?","무슨 일이라도 생겼나?","","False","DIA_Sekob_DMT_15_00","",""
"Scripts/Content/Story/Dialoge/DIA_BAU_930_Sekob.d:385","Du musst mir helfen. Die schwarzen Männer sind in mein Haus eingedrungen.","제발 도와주세요. 검은 옷을 입은 자들이 우리 집에 쳐들어왔습니다.","","False","DIA_Sekob_DMT_01_01","",""
"Scripts/Content/Story/Dialoge/DIA_BAU_930_Sekob.d:389","Ihr königlichen Gardeleute müsst euch doch um das Wohl aller kümmern, oder?","왕실 근위대라면 모든 백성의 안위를 보살펴야 하는 거 아닙니까?","","False","DIA_Sekob_DMT_01_02","",""
"Scripts/Content/Story/Dialoge/DIA_BAU_930_Sekob.d:394","Ich weiß, ihr Söldner habt es nicht so mit der Nächstenliebe, aber ich würde es euch auch entlohnen.","용병들이 남을 돕는 일에 관심 없다는 건 알지만, 보수는 두둑이 챙겨드리겠습니다.","","False","DIA_Sekob_DMT_01_03","",""
"Scripts/Content/Story/Dialoge/DIA_BAU_930_Sekob.d:399","Du musst mir helfen, werter Herr Magier.","제발 도와주십시오, 훌륭하신 마법사 나리.","","False","DIA_Sekob_DMT_01_04","",""
"Scripts/Content/Story/Dialoge/DIA_BAU_930_Sekob.d:402","Die Kerle sagten, sie würden etwas suchen. Aber doch nicht in meinem Haus.","그 자들이 무언가를 찾고 있다고 하더군요. 하지만 하필 내 집에 들어올 게 뭐람.","","False","DIA_Sekob_DMT_01_05","",""
"Scripts/Content/Story/Dialoge/DIA_BAU_930_Sekob.d:403","Bitte, hilf mir. Mach, dass sie wieder verschwinden.","제발 도와주세요. 저 자들을 쫓아내주세요.","","False","DIA_Sekob_DMT_01_06","",""
"Scripts/Content/Story/Dialoge/DIA_BAU_930_Sekob.d:419","Dein Haus ist leer.","집은 텅 비었어. 검은 두건들은 떠났어.","","False","DIA_Sekob_DMTWEG.description","",""
"Scripts/Content/Story/Dialoge/DIA_BAU_930_Sekob.d:437","Dein Haus ist leer. Die schwarzen Männer sind weg.","집은 텅 비었어. 검은 두건들은 떠났어.","","False","DIA_Sekob_DMTWEG_15_00","",""
"Scripts/Content/Story/Dialoge/DIA_BAU_930_Sekob.d:441","Ich wusste doch, dass man sich auf die Garde verlassen kann.","근위대를 믿기를 정말 잘했군요.","","False","DIA_Sekob_DMTWEG_01_01","",""
"Scripts/Content/Story/Dialoge/DIA_BAU_930_Sekob.d:446","Das hast du gut gemacht. Onar kann sich glücklich schätzen, solche Leute an seiner Seite zu haben.","정말 수고 많았네. 오나르는 자네 같은 이들을 곁에 둔 걸 다행으로 여겨야 할 거야.","","False","DIA_Sekob_DMTWEG_01_02","",""
"Scripts/Content/Story/Dialoge/DIA_BAU_930_Sekob.d:451","Ich danke dir, werter Herr Magier. Was wären wir nur ohne die schützende Hand der Geistlichkeit.","감사합니다, 훌륭하신 마법사 나리. 성직자들의 보호의 손길이 없다면 우리는 어떻게 되었을지.","","False","DIA_Sekob_DMTWEG_01_03","",""
"Scripts/Content/Story/Dialoge/DIA_BAU_930_Sekob.d:488","Nicht so schnell, mein Freundchen.","그렇게 서두르지 마시지, 친구.","","False","DIA_Sekob_BELOHNUNG.description","",""
"Scripts/Content/Story/Dialoge/DIA_BAU_930_Sekob.d:502","Nicht so schnell, mein Freundchen.","그렇게 서두르지 마시지, 친구.","","False","DIA_Sekob_BELOHNUNG_15_00","",""
"Scripts/Content/Story/Dialoge/DIA_BAU_930_Sekob.d:508","Von jetzt an wirst du deine schmutzigen Geschäfte einstellen und im Sinne der Gemeinschaft handeln, sonst komme ich zurück.","지금부터 부정한 짓거리는 집어치우고 공동체를 위해 행동하도록 해. 안 그러면 다시 찾아올 테니까.","","False","DIA_Sekob_BELOHNUNG_15_01","",""
"Scripts/Content/Story/Dialoge/DIA_BAU_930_Sekob.d:511","Ich verstehe nicht. Was willst du noch?","이해가 안 되는군요. 또 뭘 원하시는 겁니까?","","False","DIA_Sekob_BELOHNUNG_01_02","",""
"Scripts/Content/Story/Dialoge/DIA_BAU_930_Sekob.d:516","Du hast doch was von einer Belohnung gefaselt, oder soll ich mich da verhört haben?","보수 얘기를 꺼냈던 것 같은데, 내가 잘못 들었나?","","False","DIA_Sekob_BELOHNUNG_15_03","",""
"Scripts/Content/Story/Dialoge/DIA_BAU_930_Sekob.d:521","Mich interessiert nur eins. Was wollten die schwarzen Männer in deinem Haus?","난 딱 한 가지만 궁금하군. 검은 두건들이 네 집에 왜 찾아온 거지?","","False","DIA_Sekob_BELOHNUNG_15_04","",""
"Scripts/Content/Story/Dialoge/DIA_BAU_930_Sekob.d:522","Ich kann es mir nicht erklären, ehrenwerter Herr Magier. Vielleicht hat es ...","저도 잘 모르겠습니다, 존경받는 마법사 나리. 아마도...","","False","DIA_Sekob_BELOHNUNG_01_05","",""
"Scripts/Content/Story/Dialoge/DIA_BAU_930_Sekob.d:523","Was?","뭐지?","","False","DIA_Sekob_BELOHNUNG_15_06","",""
"Scripts/Content/Story/Dialoge/DIA_BAU_930_Sekob.d:524","Tut mir Leid. Ich habe vor einigen Jahren geschworen, darüber zu schweigen, und ich habe auch nicht vor, meinen Schwur zu brechen.","죄송합니다. 수년 전에 이에 대해 절대 함구하겠다고 맹세했기에, 그 맹세를 어길 수는 없습니다.","","False","DIA_Sekob_BELOHNUNG_01_07","",""
"Scripts/Content/Story/Dialoge/DIA_BAU_930_Sekob.d:527","Alles, was ich tun kann, ist, dir ein wenig Gold geben und dich bitten, mich zu verschonen.","제가 할 수 있는 일이라곤 금을 조금 드리고 제발 용서해 달라고 비는 것뿐입니다.","","False","DIA_Sekob_BELOHNUNG_01_08","",""
"Scripts/Content/Story/Dialoge/DIA_BAU_930_Sekob.d:528","Gib schon her. Ich hab's eilig.","일단 내놔. 바쁘니까.","","False","DIA_Sekob_BELOHNUNG_15_09","",""
"Scripts/Content/Story/Dialoge/DIA_BAU_930_Sekob.d:529","Hier.","여기 있습니다.","","False","DIA_Sekob_BELOHNUNG_01_10","",""
"Scripts/Content/Story/Dialoge/DIA_BAU_930_Sekob.d:545","Irgendwas in der Zwischenzeit passiert?","그동안 별일 없었나?","","False","DIA_Sekob_PERM.description","",""
"Scripts/Content/Story/Dialoge/DIA_BAU_930_Sekob.d:567","Irgendwas in der Zwischenzeit passiert?","그동안 별일 없었나?","","False","DIA_Sekob_PERM_15_00","",""
"Scripts/Content/Story/Dialoge/DIA_BAU_930_Sekob.d:571","Verschwinde.","꺼져.","","False","DIA_Sekob_PERM_01_01","",""
"Scripts/Content/Story/Dialoge/DIA_BAU_930_Sekob.d:575","Nein. Nichts Besonderes.","아니. 별일은 없어.","","False","DIA_Sekob_PERM_01_02","",""
"Scripts/Content/Story/Dialoge/DIA_BAU_930_Sekob.d:580","Meine Frau ist verschwunden. Ich hab es erst gar nicht mitbekommen, und mit einem Mal war sie weg.","내 아내가 사라졌어. 처음엔 눈치채지도 못했는데, 어느 순간 갑자기 없어졌더군.","","False","DIA_Sekob_PERM_01_03","",""
"Scripts/Content/Story/Dialoge/DIA_BAU_930_Sekob.d:581","Ich vermute, sie ist vor den Feldräubern in die Wälder geflohen.","필드 레이더들을 피해 숲으로 도망친 게 아닐까 싶어.","","False","DIA_Sekob_PERM_01_04","",""
"Scripts/Content/Story/Dialoge/DIA_BAU_930_Sekob.d:582","Tu mir einen Gefallen, wenn du sie findest, bring sie heil und gesund wieder zu mir zurück.","부탁인데, 아내를 찾으면 무사히 내게 데려와 주겠나.","","False","DIA_Sekob_PERM_01_05","",""
"Scripts/Content/Story/Dialoge/DIA_BAU_930_Sekob.d:590","Seit die schwarzen Kerle in meinem Haus waren nicht.","그 검은 녀석들이 우리 집에 다녀간 이후로는 없어.","","False","DIA_Sekob_PERM_01_06","",""
"Scripts/Content/Story/Dialoge/DIA_BAU_930_Sekob.d:673","Du hast ein Problem.","당신한테 문제가 생겼군.","","False","DIA_Sekob_Heilung.description","",""
"Scripts/Content/Story/Dialoge/DIA_BAU_930_Sekob.d:689","Du hast ein Problem.","당신한테 문제가 생겼군.","","False","DIA_Sekob_Heilung_15_00","",""
"Scripts/Content/Story/Dialoge/DIA_BAU_930_Sekob.d:693","Ja, genau. DU bist mein Problem, dreckiger Magier. Verschwinde endlich, sonst werde ich dir die Haut abziehen.","그래, 맞지. 네가 내 문제야, 더러운 마법사 양반. 당장 꺼져, 안 그러면 가죽을 벗겨 버릴 테니까.","","False","DIA_Sekob_Heilung_01_01","",""
"Scripts/Content/Story/Dialoge/DIA_BAU_930_Sekob.d:694","(zu sich) Ein schwieriger Fall.","(혼잣말) 골치 아픈 녀석이군.","","False","DIA_Sekob_Heilung_15_02","",""
"Scripts/Content/Story/Dialoge/DIA_BAU_930_Sekob.d:701","Du willst einfach nicht hören, was?","정말 말을 안 듣겠단 거지?","","False","DIA_Sekob_Heilung_01_03","",""
"Scripts/Content/Story/Dialoge/DIA_BAU_930_Sekob.d:702","(zu sich) Ein hoffnungsloser Fall.","(혼잣말) 구제 불능인 녀석이군.","","False","DIA_Sekob_Heilung_15_04","",""
"Scripts/Content/Story/Dialoge/DIA_BAU_930_Sekob.d:717","Ich bringe dir deine Frau zurück.","당신 아내를 데려오겠소.","","False","DIA_Sekob_ROSIBACKATSEKOB.description","",""
"Scripts/Content/Story/Dialoge/DIA_BAU_930_Sekob.d:733","Ich bringe dir deine Frau zurück.","당신 아내를 데려오겠소.","","False","DIA_Sekob_ROSIBACKATSEKOB_15_00","",""
"Scripts/Content/Story/Dialoge/DIA_BAU_930_Sekob.d:734","Das ist gut. Hier, nimm das für deine Mühen.","잘됐군. 자, 수고의 의미로 이걸 받게.","","False","DIA_Sekob_ROSIBACKATSEKOB_01_01","",""
"Scripts/Content/Story/Dialoge/DIA_BAU_930_Sekob.d:753","Rosi wird nicht zu dir zurückkommen.","로지는 네게 돌아오지 않을 거야.","","False","DIA_Sekob_ROSINEVERBACK.description","",""
"Scripts/Content/Story/Dialoge/DIA_BAU_930_Sekob.d:767","Rosi wird nicht zu dir zurückkommen. Ich habe sie in Sicherheit gebracht.","로지는 네게 돌아오지 않을 거야. 내가 안전한 곳으로 데려다줬거든.","","False","DIA_Sekob_ROSINEVERBACK_15_00","",""
"Scripts/Content/Story/Dialoge/DIA_BAU_930_Sekob.d:768","In Sicherheit. Vor wem?","안전한 곳이라고? 누구로부터?","","False","DIA_Sekob_ROSINEVERBACK_01_01","",""
"Scripts/Content/Story/Dialoge/DIA_BAU_930_Sekob.d:769","Vor dir.","당신으로부터.","","False","DIA_Sekob_ROSINEVERBACK_15_02","",""
"Scripts/Content/Story/Dialoge/DIA_BAU_930_Sekob.d:770","Das wirst du bereuen, du Schwein.","이 몹쓸 놈, 후회하게 만들어 주마.","","False","DIA_Sekob_ROSINEVERBACK_01_03","",""
"Scripts/Content/Story/Dialoge/DIA_BAU_931_Till.d:33","Na, Kleiner?","그래, 꼬마야?","","False","DIA_Till_HALLO.description","",""
"Scripts/Content/Story/Dialoge/DIA_BAU_931_Till.d:46","Na, Kleiner?","그래, 꼬마야?","","False","DIA_Till_HALLO_15_00","",""
"Scripts/Content/Story/Dialoge/DIA_BAU_931_Till.d:47","Das Gesinde hat mich nicht so schnöde anzusprechen, wie oft muss ich das noch sagen?","일개 일꾼이 나한테 감히 그따위로 말하다니, 내가 이걸 도대체 몇 번이나 말해야 해?","","False","DIA_Till_HALLO_03_01","",""
"Scripts/Content/Story/Dialoge/DIA_BAU_931_Till.d:54","Ich bin kein Feldarbeiter?","내가 밭일꾼으로 보여?","","False","DIA_Till_HALLO_Info.DIA_Till_HALLO.DIA_Till_HALLO_keinervoneuch","Info_AddChoice",""
"Scripts/Content/Story/Dialoge/DIA_BAU_931_Till.d:58","Hast du hier das Sagen?","여기가 네 구역이라도 되냐?","","False","DIA_Till_HALLO_Info.DIA_Till_HALLO.DIA_Till_HALLO_selber","Info_AddChoice",""
"Scripts/Content/Story/Dialoge/DIA_BAU_931_Till.d:65","Hast du hier das Sagen?","여기가 네 구역이라도 되냐?","","False","DIA_Till_HALLO_selber_15_00","",""
"Scripts/Content/Story/Dialoge/DIA_BAU_931_Till.d:66","(eingeschüchtert) Äh. Nein, ich bin nur Sekobs Sohn. Aber wenn mein alter Herr einmal nicht mehr ist, dann gehört das ganze Land, was du hier siehst, mir.","(겁을 먹으며) 으·… 아니. 난 그냥 세코브의 아들일 뿐이야. 하지만 우리 아버지가 돌아가시면, 네가 보는 이 땅은 전부 내 것이 될 거라고.","","False","DIA_Till_HALLO_selber_03_01","",""
"Scripts/Content/Story/Dialoge/DIA_BAU_931_Till.d:67","Toll!","대단하네!","","False","DIA_Till_HALLO_selber_15_02","",""
"Scripts/Content/Story/Dialoge/DIA_BAU_931_Till.d:74","Ich bin kein Feldarbeiter.","난 밭일꾼이 아니야.","","False","DIA_Till_HALLO_keinervoneuch_15_00","",""
"Scripts/Content/Story/Dialoge/DIA_BAU_931_Till.d:75","Und was willst du dann hier? Wir haben nichts. Deswegen kannst du auch gleich wieder gehen.","그럼 여기서 뭐 하는 거지? 우리한겐 아무것도 없어. 그러니까 당장 꺼지는 게 좋을걸.","","False","DIA_Till_HALLO_keinervoneuch_03_01","",""
"Scripts/Content/Story/Dialoge/DIA_BAU_931_Till.d:89","Gehst du mit den Feldarbeitern immer so um?","평소에도 밭일꾼들을 그렇게 대하냐?","","False","DIA_Till_FELDARBEITER.description","",""
"Scripts/Content/Story/Dialoge/DIA_BAU_931_Till.d:103","Gehst du mit den Feldarbeitern immer so um?","평소에도 밭일꾼들을 그렇게 대하냐?","","False","DIA_Till_FELDARBEITER_15_00","",""
"Scripts/Content/Story/Dialoge/DIA_BAU_931_Till.d:104","Klar, die brauchen das. Wer hier nicht spurt, kriegt Prügel, so läuft das.","당연하지, 그게 그들한테 필요하거든. 여기서 말을 안 들으면 쳐맞는 거야, 원래 그런 법이지.","","False","DIA_Till_FELDARBEITER_03_01","",""
"Scripts/Content/Story/Dialoge/DIA_BAU_931_Till.d:116","Ich muss deinen Vater sprechen.","네 아버지를 만나야겠어.","","False","DIA_Till_SEKOB.description","",""
"Scripts/Content/Story/Dialoge/DIA_BAU_931_Till.d:134","Ich muss deinen Vater sprechen.","네 아버지를 만나야겠어.","","False","DIA_Till_SEKOB_15_00","",""
"Scripts/Content/Story/Dialoge/DIA_BAU_931_Till.d:135","Der hat keine Zeit. Aber ich bin sein Stellvertreter. Womit kann ich dir helfen?","아버지는 지금 바쁘셔. 하지만 내가 대리인이시지. 무엇을 도와줄까?","","False","DIA_Till_SEKOB_03_01","",""
"Scripts/Content/Story/Dialoge/DIA_BAU_931_Till.d:136","Indem du mich deinem Vater vorstellst.","나를 네 아버지에게 소개시켜 주면 되지.","","False","DIA_Till_SEKOB_15_02","",""
"Scripts/Content/Story/Dialoge/DIA_BAU_931_Till.d:137","Bist wohl ein ganz harter Bursche und guter Kämpfer, was?","자기가 엄청 터프하고 싸움 좀 하는 녀석이라 이거지?","","False","DIA_Till_SEKOB_03_03","",""
"Scripts/Content/Story/Dialoge/DIA_BAU_931_Till.d:138","Der Beste.","최고지.","","False","DIA_Till_SEKOB_15_04","",""
"Scripts/Content/Story/Dialoge/DIA_BAU_931_Till.d:139","Ich glaube, dann sollte ich ihn mal besser holen.","그렇다면 아버지를 모셔와야겠네.","","False","DIA_Till_SEKOB_03_05","",""
"Scripts/Content/Story/Dialoge/DIA_BAU_931_Till.d:140","Lass mal, Junge. Ich werde ihn schon finden.","됐어, 꼬마야. 내가 직접 찾지 뭐.","","False","DIA_Till_SEKOB_15_06","",""
"Scripts/Content/Story/Dialoge/DIA_BAU_931_Till.d:141","Wie du meinst.","마음대로 해.","","False","DIA_Till_SEKOB_03_07","",""
"Scripts/Content/Story/Dialoge/DIA_BAU_931_Till.d:155","Was machst du denn so?","평소엔 뭘 하고 지내는데?","","False","DIA_Till_WASMACHSTDU.description","",""
"Scripts/Content/Story/Dialoge/DIA_BAU_931_Till.d:170","Was machst du denn so, wenn du nicht gerade den Hof regierst?","농장 통치자 놀이 말고 평소엔 뭘 하고 지내는데?","","False","DIA_Till_WASMACHSTDU_15_00","",""
"Scripts/Content/Story/Dialoge/DIA_BAU_931_Till.d:171","Aufpassen.","경비를 서지.","","False","DIA_Till_WASMACHSTDU_03_01","",""
"Scripts/Content/Story/Dialoge/DIA_BAU_931_Till.d:172","Die dreckigen Milizen der Stadt kommen immer häufiger auf unser Land und stehlen alles, was sie in die Hände bekommen.","도시의 더러운 민병대가 자꾸 우리 땅으로 기어들어 와서는 손에 닿는 건 뭐든 훔쳐 가거든.","","False","DIA_Till_WASMACHSTDU_03_02","",""
"Scripts/Content/Story/Dialoge/DIA_BAU_931_Till.d:173","Erst letzte Woche waren die Dreckskerle noch hier und haben einige unserer Schafe einfach mitgenommen.","바로 지난주에도 그 쓰레기들이 여기에 와서 우리 양들을 몇 마리나 끌고 가버렸다고.","","False","DIA_Till_WASMACHSTDU_03_03","",""
"Scripts/Content/Story/Dialoge/DIA_BAU_931_Till.d:174","Wenn ich mal einen von ihnen in die Finger kriege, dann mach ich mit ihm kurzen Prozess.","그놈들 중 하나라도 손에 잡히기만 해 봐, 아주 뼈도 못 추리게 해 줄 테니까.","","False","DIA_Till_WASMACHSTDU_03_04","",""
"Scripts/Content/Story/Dialoge/DIA_BAU_931_Till.d:175","Ja klar!","그래, 참도 그러시겠네!","","False","DIA_Till_WASMACHSTDU_15_05","",""
"Scripts/Content/Story/Dialoge/DIA_BAU_931_Till.d:187","Warum helfen euch nicht die Söldner gegen die Milizen?","용병들은 민병대에 맞서는 걸 안 도와주냐?","","False","DIA_Till_WARUMNICHTSLD.description","",""
"Scripts/Content/Story/Dialoge/DIA_BAU_931_Till.d:202","Warum helfen euch nicht die Söldner gegen die Milizen?","용병들은 민병대에 맞서는 걸 안 도와주냐?","","False","DIA_Till_WARUMNICHTSLD_15_00","",""
"Scripts/Content/Story/Dialoge/DIA_BAU_931_Till.d:203","Bevor die erstmal in Wallung kommen, habe ich sie doch schon längst in die Flucht geschlagen.","그 양반들이 움직이기도 전에 내가 진작에 다 쫓아내 버렸지.","","False","DIA_Till_WARUMNICHTSLD_03_01","",""
"Scripts/Content/Story/Dialoge/DIA_BAU_931_Till.d:215","(nach Bronko fragen)","(브론코에 대해 묻기)","","False","DIA_Till_BRONKO.description","",""
"Scripts/Content/Story/Dialoge/DIA_BAU_931_Till.d:232","Da ist so ein Typ, der kassiert von jedem Passanten Wegzoll und erzählt, ER wäre der Bauer.","어떤 녀석이 지나가는 사람마다 통행세를 뜯어내면서 자기가 농부라고 떠벌리고 다니던데.","","False","DIA_Till_BRONKO_15_00","",""
"Scripts/Content/Story/Dialoge/DIA_BAU_931_Till.d:233","(verlegen) Äh. Ja. Ich weiß. Das ist Bronko. Der macht einfach, was er will.","(당황하며) 으·… 그래. 알아. 브론코 말이지. 그 자식은 자기 맘대로 행동하거든.","","False","DIA_Till_BRONKO_03_01","",""
"Scripts/Content/Story/Dialoge/DIA_BAU_931_Till.d:234","Nicht, dass ich ihm nicht schon tausend mal eingebläut hätte, dass er endlich wieder an die Arbeit gehen soll.","제발 일 좀 하러 가라고 수천 번은 넌지시 일러줬는데도 말이야.","","False","DIA_Till_BRONKO_03_02","",""
"Scripts/Content/Story/Dialoge/DIA_BAU_931_Till.d:235","Aber?","그런데?","","False","DIA_Till_BRONKO_15_03","",""
"Scripts/Content/Story/Dialoge/DIA_BAU_931_Till.d:236","Er tut es halt einfach nicht.","그냥 들은 체도 안 해.","","False","DIA_Till_BRONKO_03_04","",""
"Scripts/Content/Story/Dialoge/DIA_BAU_931_Till.d:240","Mein Vater ist schon sauer auf mich, weil ich es immer noch nicht geschafft habe, ihn wieder zur Arbeit zu bewegen.","아직도 그 자식을 일터로 돌려보내지 못했다고 아버지가 나한테 뿔이 단단히 나셨어.","","False","DIA_Till_BRONKO_03_05","",""
"Scripts/Content/Story/Dialoge/DIA_BAU_931_Till.d:254","Vielleicht kann ich dir helfen.","내가 도와줄 수 있을지도 모르겠네.","","False","DIA_Till_BRONKOZURARBEIT.description","",""
"Scripts/Content/Story/Dialoge/DIA_BAU_931_Till.d:273","Vielleicht kann ich dir helfen.","내가 도와줄 수 있을지도 모르겠네.","","False","DIA_Till_BRONKOZURARBEIT_15_00","",""
"Scripts/Content/Story/Dialoge/DIA_BAU_931_Till.d:274","Meinst du wirklich? Also pass auf, wenn du Bronko wieder dazu bringst, zu arbeiten, werde ich dir, sagen wir mal, 10 Goldmünzen bezahlen. Was sagst du?","정말이냐? 좋아, 잘 들어봐. 네가 브론코를 다시 일하게 만든다면, 보답으로 10 골드 화를 주지. 어때?","","False","DIA_Till_BRONKOZURARBEIT_03_01","",""
"Scripts/Content/Story/Dialoge/DIA_BAU_931_Till.d:280","Kein Problem. Ich will aber mehr Geld.","좋아. 하지만 돈을 더 받아야겠어.","","False","DIA_Till_BRONKOZURARBEIT_Info.DIA_Till_BRONKOZURARBEIT.DIA_Till_BRONKOZURARBEIT_mehr","Info_AddChoice",""
"Scripts/Content/Story/Dialoge/DIA_BAU_931_Till.d:281","Na gut! Ich werde sehen was ich tun kann.","좋아! 할 수 있는 데까지 해보지.","","False","DIA_Till_BRONKOZURARBEIT_Info.DIA_Till_BRONKOZURARBEIT.DIA_Till_BRONKOZURARBEIT_ok","Info_AddChoice",""
"Scripts/Content/Story/Dialoge/DIA_BAU_931_Till.d:282","Ich denke drüber nach.","생각 좀 해보지.","","False","DIA_Till_BRONKOZURARBEIT_Info.DIA_Till_BRONKOZURARBEIT.DIA_Till_BRONKOZURARBEIT_nochnicht","Info_AddChoice",""
"Scripts/Content/Story/Dialoge/DIA_BAU_931_Till.d:287","Ich denke darüber nach.","생각 좀 해보지.","","False","DIA_Till_BRONKOZURARBEIT_nochnicht_15_00","",""
"Scripts/Content/Story/Dialoge/DIA_BAU_931_Till.d:288","Wie du willst.","마음대로 해.","","False","DIA_Till_BRONKOZURARBEIT_nochnicht_03_01","",""
"Scripts/Content/Story/Dialoge/DIA_BAU_931_Till.d:296","Na gut! Ich werde sehen, was ich tun kann.","좋아! 할 수 있는 데까지 해보지.","","False","DIA_Till_BRONKOZURARBEIT_ok_15_00","",""
"Scripts/Content/Story/Dialoge/DIA_BAU_931_Till.d:297","Beeil dich aber ein bisschen.","대신 좀 서둘러 줬으면 좋겠어.","","False","DIA_Till_BRONKOZURARBEIT_ok_03_01","",""
"Scripts/Content/Story/Dialoge/DIA_BAU_931_Till.d:313","Ich will mehr.","더 받고 싶어.","","False","DIA_Till_BRONKOZURARBEIT_mehr_15_00","",""
"Scripts/Content/Story/Dialoge/DIA_BAU_931_Till.d:317","Kein Problem. Ich will aber mehr Geld.","좋아. 하지만 돈을 더 받아야겠어.","","False","DIA_Till_BRONKOZURARBEIT_mehr_15_01","",""
"Scripts/Content/Story/Dialoge/DIA_BAU_931_Till.d:323","Na schön. Dann eben 20 Goldmünzen.","좋아. 그럼 20 골드 화로 하지.","","False","DIA_Till_BRONKOZURARBEIT_mehr_03_02","",""
"Scripts/Content/Story/Dialoge/DIA_BAU_931_Till.d:349","Ich will mehr.","더 받고 싶어.","","False","DIA_Till_BRONKOZURARBEIT_mehr.DIA_Till_BRONKOZURARBEIT.DIA_Till_BRONKOZURARBEIT_mehr","Info_AddChoice",""
"Scripts/Content/Story/Dialoge/DIA_BAU_931_Till.d:358","Na gut! Ich werde sehen was ich tun kann.","좋아! 할 수 있는 데까지 해보지.","","False","DIA_Till_BRONKOZURARBEIT_mehr.DIA_Till_BRONKOZURARBEIT.DIA_Till_BRONKOZURARBEIT_ok","Info_AddChoice",""
"Scripts/Content/Story/Dialoge/DIA_BAU_931_Till.d:331","30?","30?","","False","DIA_Till_BRONKOZURARBEIT_mehr_03_03","",""
"Scripts/Content/Story/Dialoge/DIA_BAU_931_Till.d:339","Vielleicht ... 50?","어쩌면... 50?","","False","DIA_Till_BRONKOZURARBEIT_mehr_03_04","",""
"Scripts/Content/Story/Dialoge/DIA_BAU_931_Till.d:347","Na gut. 70?","좋아. 70?","","False","DIA_Till_BRONKOZURARBEIT_mehr_03_05","",""
"Scripts/Content/Story/Dialoge/DIA_BAU_931_Till.d:355","Ok, ok! Ich gebe dir 100 Goldmünzen. Mehr habe ich aber nicht.","알았어, 알았어! 100 골드 화를 주마. 하지만 그게 전부야.","","False","DIA_Till_BRONKOZURARBEIT_mehr_03_06","",""
"Scripts/Content/Story/Dialoge/DIA_BAU_931_Till.d:373","Bronko arbeitet wieder.","브론코가 다시 일을 시작했어.","","False","DIA_Till_BRONKOWIEDERANARBEIT.description","",""
"Scripts/Content/Story/Dialoge/DIA_BAU_931_Till.d:390","Bronko arbeitet wieder.","브론코가 다시 일을 시작했어.","","False","DIA_Till_BRONKOWIEDERANARBEIT_15_00","",""
"Scripts/Content/Story/Dialoge/DIA_BAU_931_Till.d:391","Tatsächlich? Das ist ja prima.","정말? 잘됐네.","","False","DIA_Till_BRONKOWIEDERANARBEIT_03_01","",""
"Scripts/Content/Story/Dialoge/DIA_BAU_931_Till.d:392","Ja. Und ich will jetzt meine Kohle.","그래. 이제 내 석탄을 내놔.","","False","DIA_Till_BRONKOWIEDERANARBEIT_15_02","",""
"Scripts/Content/Story/Dialoge/DIA_BAU_931_Till.d:398","(zögernd) Mmh. Na gut. Geschäft ist Geschäft, was?","(주저하며) 음. 알았어. 비즈니스는 비즈니스니까, 그렇지?","","False","DIA_Till_BRONKOWIEDERANARBEIT_03_03","",""
"Scripts/Content/Story/Dialoge/DIA_BAU_931_Till.d:405","So viel Geld habe ich leider nicht. Aber ich bin sehr dankbar, dass du mir geholfen hast.","유감스럽게도 그만큼의 돈은 없어. 하지만 도와줘서 정말 고마워.","","False","DIA_Till_BRONKOWIEDERANARBEIT_03_04","",""
"Scripts/Content/Story/Dialoge/DIA_BAU_931_Till.d:425","(Till ärgern)","(틸 놀리기)","","False","DIA_Till_PERMKAP1.description","",""
"Scripts/Content/Story/Dialoge/DIA_BAU_931_Till.d:444","Weit weg von Zuhause, was? Papa kann dir hier nicht mehr helfen.","집에서 꽤 멀리 나왔네? 아빠도 이제 여기서 널 도와줄 순 없을걸.","","False","DIA_Till_PERMKAP1_15_00","",""
"Scripts/Content/Story/Dialoge/DIA_BAU_931_Till.d:445","Deine große Klappe stopfe ich dir noch irgendwann.","그 큰 입을 더 이상 짓껄이지 못하게 만들어 줄 테니까.","","False","DIA_Till_PERMKAP1_03_01","",""
"Scripts/Content/Story/Dialoge/DIA_BAU_931_Till.d:448","Du Pfeife kannst froh sein, wenn ich dich leben lasse.","목숨 붙여 주는 걸 감사하게 여겨라, 이 풋내기 녀석.","","False","DIA_Till_PERMKAP1_15_02","",""
"Scripts/Content/Story/Dialoge/DIA_BAU_931_Till.d:449","Dann lass mich doch einfach in Ruhe.","그럼 제발 날 내버려 두라고.","","False","DIA_Till_PERMKAP1_03_03","",""
"Scripts/Content/Story/Dialoge/DIA_BAU_931_Till.d:456","Vielleicht solltest du mehr essen, damit du groß und stark wirst.","크고 튼튼해지려면 밥이라도 좀 많이 먹어야겠어.","","False","DIA_Till_PERMKAP1_15_04","",""
"Scripts/Content/Story/Dialoge/DIA_BAU_931_Till.d:457","Eines Tages werde ich's dir schon noch zeigen.","언젠가 네 콧대를 꺾어 주고 말 거야.","","False","DIA_Till_PERMKAP1_03_05","",""
"Scripts/Content/Story/Dialoge/DIA_BAU_931_Till.d:464","Du mieser kleiner ...","이 얄미운 녀석이 정말…","","False","DIA_Till_PERMKAP1_15_06","",""
"Scripts/Content/Story/Dialoge/DIA_BAU_931_Till.d:465","Geh doch einfach weg.","그냥 꺼져 버려.","","False","DIA_Till_PERMKAP1_03_07","",""
"Scripts/Content/Story/Dialoge/DIA_BAU_931_Till.d:470","Hat dir jemand heute schon die Nase geputzt?","오늘 코 풀고 시작한 사람은 있냐?","","False","DIA_Till_PERMKAP1_15_08","",""
"Scripts/Content/Story/Dialoge/DIA_BAU_931_Till.d:471","Lass mich in Ruhe, du Idiot.","날 내버려 둬, 이 바보야.","","False","DIA_Till_PERMKAP1_03_09","",""
"Scripts/Content/Story/Dialoge/DIA_BAU_932_Balthasar.d:33","Wie sieht's aus?","요즘 어때?","","False","DIA_Balthasar_HALLO.description","",""
"Scripts/Content/Story/Dialoge/DIA_BAU_932_Balthasar.d:43","Wie sieht's aus?","요즘 어때?","","False","DIA_Balthasar_HALLO_15_00","",""
"Scripts/Content/Story/Dialoge/DIA_BAU_932_Balthasar.d:44","Ah, ein neues Gesicht hier auf dem Hof. Hat mir der alte Geizknorpel endlich einen Lehrling bewilligt?","오, 농장에 새로운 얼굴이군. 그 구두쇠 영감이 드디어 내게도 일꾼을 붙여준 건가?","","False","DIA_Balthasar_HALLO_05_01","",""
"Scripts/Content/Story/Dialoge/DIA_BAU_932_Balthasar.d:45","Ich bin kein Lehrling.","일꾼은 아니야.","","False","DIA_Balthasar_HALLO_15_02","",""
"Scripts/Content/Story/Dialoge/DIA_BAU_932_Balthasar.d:46","Oh. Ach so. Ich bin nicht mehr der Jüngste, weißt du? Und warte schon seit Jahren auf meine Ablösung.","오, 그렇군. 나도 나이를 먹을 만큼 먹었거든? 대체자를 기다린 지가 수년째라네.","","False","DIA_Balthasar_HALLO_05_03","",""
"Scripts/Content/Story/Dialoge/DIA_BAU_932_Balthasar.d:47","Du bist doch nicht etwa hier wegen der verärgerten Nachbarschaft, oder?","설마 화가 난 이웃들 때문에 여기에 온 건 아니겠지?","","False","DIA_Balthasar_HALLO_05_04","",""
"Scripts/Content/Story/Dialoge/DIA_BAU_932_Balthasar.d:59","Welche Arbeit machst du hier?","여기서 무슨 일을 하지?","","False","DIA_Balthasar_WASMACHSTDU.description","",""
"Scripts/Content/Story/Dialoge/DIA_BAU_932_Balthasar.d:72","Welche Arbeit machst du hier?","여기서 무슨 일을 하지?","","False","DIA_Balthasar_WASMACHSTDU_15_00","",""
"Scripts/Content/Story/Dialoge/DIA_BAU_932_Balthasar.d:73","Oh, ich hüte Schafe und das mach ich schon seit ich denken kann.","오, 난 양들을 돌보고 있지. 기억이 시작된 이래로 줄곧 그것만 해왔다네.","","False","DIA_Balthasar_WASMACHSTDU_05_01","",""
"Scripts/Content/Story/Dialoge/DIA_BAU_932_Balthasar.d:74","Die Tiere sind sehr treu und auch sehr schlau, musst du wissen. Wenn du sie gut behandelst, dann folgen sie dir ein ganzes Leben lang.","이 녀석들은 아주 충성스럽고 영리하다오. 잘 대해주기만 하면 평생을 따라다니지.","","False","DIA_Balthasar_WASMACHSTDU_05_02","",""
"Scripts/Content/Story/Dialoge/DIA_BAU_932_Balthasar.d:86","Hast du hier Banditen vorbei kommen sehen.","지나가는 도적들을 본 적 있나?","","False","DIA_Addon_Balthasar_Rangerbandits.description","",""
"Scripts/Content/Story/Dialoge/DIA_BAU_932_Balthasar.d:103","Hast du hier Banditen vorbeikommen sehen?","지나가는 도적들을 본 적 있나?","","False","DIA_Addon_Balthasar_Rangerbandits_15_00","",""
"Scripts/Content/Story/Dialoge/DIA_BAU_932_Balthasar.d:104","Allerdings. Sie sind bei Sekobs Hof am Feldrand Richtung Norden in den Wald gegangen.","물론이지. 세코브의 농장 인근 들판 끝을 따라 북쪽 숲으로 들어가는 걸 봤다네.","","False","DIA_Addon_Balthasar_Rangerbandits_05_01","",""
"Scripts/Content/Story/Dialoge/DIA_BAU_932_Balthasar.d:108","Sie hatten eine Menge Waffen bei sich. Sah so aus, als ob sie den Krieg mit den Orks gewinnen wollten.","무기를 잔뜩 들고 있더군. 오크와의 전쟁에서라도 이길 기세였어.","","False","DIA_Addon_Balthasar_Rangerbandits_05_02","",""
"Scripts/Content/Story/Dialoge/DIA_BAU_932_Balthasar.d:113","Wenn mich meine Augen nicht täuschten, dann hatten die Mistkerle ein junges Mädchen in den Wald gezerrt.","내 눈이 틀리지 않았다면, 그 몹쓸 녀석들이 젊은 여자 하나를 숲으로 끌고 가고 있었지.","","False","DIA_Addon_Balthasar_Rangerbandits_05_03","",""
"Scripts/Content/Story/Dialoge/DIA_BAU_932_Balthasar.d:114","Hoffentlich haben sie ihr nichts angetan.","그 여자에게 무슨 짓이라도 안 저질렀어야 할 텐데.","","False","DIA_Addon_Balthasar_Rangerbandits_05_04","",""
"Scripts/Content/Story/Dialoge/DIA_BAU_932_Balthasar.d:118","Bin nur froh, dass sie nicht auf unseren Hof gekommen sind.","우리 농장에 찾아오지 않은 것만 해도 다행이지.","","False","DIA_Addon_Balthasar_Rangerbandits_05_05","",""
"Scripts/Content/Story/Dialoge/DIA_BAU_932_Balthasar.d:130","Was für Ärger hast du mit den Nachbarn?","이웃들이랑은 무슨 일로 트러블이 생긴 거야?","","False","DIA_Balthasar_AERGERMITNACHBARN.description","",""
"Scripts/Content/Story/Dialoge/DIA_BAU_932_Balthasar.d:151","Was für Ärger hast du mit den Nachbarn?","이웃들이랑은 무슨 일로 트러블이 생긴 거야?","","False","DIA_Balthasar_AERGERMITNACHBARN_15_00","",""
"Scripts/Content/Story/Dialoge/DIA_BAU_932_Balthasar.d:152","Das Gras auf dieser Seite der großen Felder ist immer sehr mickrig und ausgedörrt. Dann geh ich meistens auf die großen Weiden der anderen Bauern.","큰 들판 이쪽의 풀들은 늘 볼품없고 메말라 있거든. 그래서 대개는 다른 농부들의 넓은 목장으로 가곤 하지.","","False","DIA_Balthasar_AERGERMITNACHBARN_05_01","",""
"Scripts/Content/Story/Dialoge/DIA_BAU_932_Balthasar.d:153","Dem Großbauer macht das nichts aus, aber Bengar, der Bauer auf dem Weidenplateau, macht jedes Mal einen riesigen Aufstand, wenn ich mit den Tieren bei ihm bin.","대농장주는 상관없어 하지만, 목장 고원의 농부 벵가르는 내가 동물들을 데리고 갈 때마다 난리를 피운단 말이야.","","False","DIA_Balthasar_AERGERMITNACHBARN_05_02","",""
"Scripts/Content/Story/Dialoge/DIA_BAU_932_Balthasar.d:154","Er ist der Meinung, dass Sekob Zoll bezahlen soll, wenn ich seine Tiere auf Bengars Weide bringe.","세코브가 자기 동물들을 벵가르의 목장으로 데려오려면 통행세를 내야 한다는 게 그 자의 주장이지.","","False","DIA_Balthasar_AERGERMITNACHBARN_05_03","",""
"Scripts/Content/Story/Dialoge/DIA_BAU_932_Balthasar.d:155","Sekob macht dafür aber keine müde Münze locker und darum darf ich nicht mehr rauf auf das Plateau.","하지만 세코브는 동전 한 푼도 내줄 생각이 없으니, 난 이제 고원으로 올라갈 수가 없다오.","","False","DIA_Balthasar_AERGERMITNACHBARN_05_04","",""
"Scripts/Content/Story/Dialoge/DIA_BAU_932_Balthasar.d:167","Wo finde ich das Weidenplateau und Bengars Hof?","목장 고원이랑 벵가르의 농장은 어디로 가면 찾을 수 있지?","","False","DIA_Balthasar_WOBENGAR.description","",""
"Scripts/Content/Story/Dialoge/DIA_BAU_932_Balthasar.d:181","Wo finde ich das Weidenplateau und Bengars Hof?","목장 고원이랑 벵가르의 농장은 어디로 가면 찾을 수 있지?","","False","DIA_Balthasar_WOBENGAR_15_00","",""
"Scripts/Content/Story/Dialoge/DIA_BAU_932_Balthasar.d:182","Du folgst dem Feldweg und überquerst die große Kreuzung.","이 농로를 따라가서 큰 삼거리를 건너게나.","","False","DIA_Balthasar_WOBENGAR_05_01","",""
"Scripts/Content/Story/Dialoge/DIA_BAU_932_Balthasar.d:183","Wenn du dich dann rechts hältst, siehst du vor dir eine großes Felsmassiv. Rechts dahinter ist das Weidenplateau und der Pass.","거기서 오른쪽으로 가면 거대한 바위산이 보일 걸세. 그 오른쪽 뒤편이 바로 목장 고원이자 통행로라네.","","False","DIA_Balthasar_WOBENGAR_05_02","",""
"Scripts/Content/Story/Dialoge/DIA_BAU_932_Balthasar.d:195","Vielleicht sollte ich mal mit Bengar sprechen.","어쩌면 벵가르와 얘기해 봐야겠어.","","False","DIA_Balthasar_TALKTOBENGAR.description","",""
"Scripts/Content/Story/Dialoge/DIA_BAU_932_Balthasar.d:216","Vielleicht sollte ich mal mit Bengar sprechen.","어쩌면 벵가르와 얘기해 봐야겠어.","","False","DIA_Balthasar_TALKTOBENGAR_15_00","",""
"Scripts/Content/Story/Dialoge/DIA_BAU_932_Balthasar.d:217","Das würdest du für mich tun? Was willst du ihm denn sagen, ich meine, ich will keinen Ärger, hörst du?","나를 위해 그런 일을 해준다고? 그에게 뭐라고 할 셈이지? 내 말은, 난 소란에 휘말리고 싶지 않거든, 알아들어?","","False","DIA_Balthasar_TALKTOBENGAR_05_01","",""
"Scripts/Content/Story/Dialoge/DIA_BAU_932_Balthasar.d:218","Wir werden sehen.","두고 보면 알겠지.","","False","DIA_Balthasar_TALKTOBENGAR_15_02","",""
"Scripts/Content/Story/Dialoge/DIA_BAU_932_Balthasar.d:235","Du kannst deine Schafe wieder auf Bengars Weide bringen.","이제 양들을 벵가르의 목초지로 돌려보내도 돼.","","False","DIA_Balthasar_BENGARUEBERREDET.description","",""
"Scripts/Content/Story/Dialoge/DIA_BAU_932_Balthasar.d:257","Du kannst deine Schafe wieder auf Bengars Weiden bringen. Ich habe mit ihm gesprochen.","이제 양들을 벵가르의 목초지로 돌려보내도 돼. 내가 그와 얘기를 나눴어.","","False","DIA_Balthasar_BENGARUEBERREDET_15_00","",""
"Scripts/Content/Story/Dialoge/DIA_BAU_932_Balthasar.d:258","Ich danke dir. Ich mach mich gleich auf den Weg.","고마워. 당장 길을 떠나야겠는걸.","","False","DIA_Balthasar_BENGARUEBERREDET_05_01","",""
"Scripts/Content/Story/Dialoge/DIA_BAU_932_Balthasar.d:259","Hier nimm diese Schafsfelle als Zeichen meiner Anerkennung.","자, 감사의 표시로 이 양가죽들을 받게.","","False","DIA_Balthasar_BENGARUEBERREDET_05_02","",""
"Scripts/Content/Story/Dialoge/DIA_BAU_932_Balthasar.d:310","Sonst alles klar?","그 외에 별일은 없고?","","False","DIA_Balthasar_PERMKAP1.description","",""
"Scripts/Content/Story/Dialoge/DIA_BAU_932_Balthasar.d:323","Sonst alles klar?","그 외에 별일은 없고?","","False","DIA_Balthasar_PERMKAP1_15_00","",""
"Scripts/Content/Story/Dialoge/DIA_BAU_932_Balthasar.d:336","Ich kann nicht klagen. Danke der Nachfrage.","불만은 없어. 물어봐 줘서 고마워.","","False","DIA_Balthasar_PERMKAP1_05_01","",""
"Scripts/Content/Story/Dialoge/DIA_BAU_932_Balthasar.d:341","Schlimme Zeiten sind das, ich kann meine Schafe nicht finden.","이거 흉흉한 시절이야, 양들을 찾을 수가 없으니 원.","","False","DIA_Balthasar_PERMKAP1_05_02","",""
"Scripts/Content/Story/Dialoge/DIA_BAU_932_Balthasar.d:344","Das werde ich Sekob wohl beichten müssen.","세코브에게 이 사실을 털어놓아야 할 것 같군.","","False","DIA_Balthasar_PERMKAP1_05_03","",""
"Scripts/Content/Story/Dialoge/DIA_BAU_933_Rega.d:33","Wie geht's?","잘 지내나?","","False","DIA_Rega_HALLO.description","",""
"Scripts/Content/Story/Dialoge/DIA_BAU_933_Rega.d:43","Wie geht's?","잘 지내나?","","False","DIA_Rega_HALLO_15_00","",""
"Scripts/Content/Story/Dialoge/DIA_BAU_933_Rega.d:47","Du kommst aus der Stadt, nicht wahr?","당신은 도시에서 왔지, 그렇지?","","False","DIA_Rega_HALLO_17_01","",""
"Scripts/Content/Story/Dialoge/DIA_BAU_933_Rega.d:51","Die bist einer von Onars Söldnern, nicht wahr?","당신은 오나르의 용병 중 한 명이지, 그렇지?","","False","DIA_Rega_HALLO_17_02","",""
"Scripts/Content/Story/Dialoge/DIA_BAU_933_Rega.d:55","Du bist ein Magier, nicht wahr?","당신은 마법사지, 그렇지?","","False","DIA_Rega_HALLO_17_03","",""
"Scripts/Content/Story/Dialoge/DIA_BAU_933_Rega.d:59","Du bist keiner von uns, nicht wahr?","당신은 우리 중 한 명이 아니잖아, 그렇지?","","False","DIA_Rega_HALLO_17_04","",""
"Scripts/Content/Story/Dialoge/DIA_BAU_933_Rega.d:62","Mach lieber, dass du hier wegkommst.","어서 여기서 떠나는 게 좋을 거야.","","False","DIA_Rega_HALLO_17_05","",""
"Scripts/Content/Story/Dialoge/DIA_BAU_933_Rega.d:63","Warum?","왜?","","False","DIA_Rega_HALLO_15_06","",""
"Scripts/Content/Story/Dialoge/DIA_BAU_933_Rega.d:64","Hier war es zwar früher nicht das Paradies, aber zumindest hatte man seine Ruhe, wenn man seine Arbeit für Sekob gemacht hat.","예전에도 여기가 낙원이었던 건 아니지만, 세코브를 위해 일하는 동안에는 적어도 평온을 누릴 수 있었어.","","False","DIA_Rega_HALLO_17_07","",""
"Scripts/Content/Story/Dialoge/DIA_BAU_933_Rega.d:65","Aber in letzter Zeit ist es unerträglich geworden.","하지만 요즘은 견딜 수가 없어.","","False","DIA_Rega_HALLO_17_08","",""
"Scripts/Content/Story/Dialoge/DIA_BAU_933_Rega.d:68","Überall Banditen, Feldräuber zerstören die ganze Ernte und der Großbauer ist auch immer grausamer geworden.","사방에 산적들이 널렸고, 필드 레이더가 수확을 엉망으로 만들고 있으며, 대지주도 점점 더 잔인해지고 있어.","","False","DIA_Rega_HALLO_17_09","",""
"Scripts/Content/Story/Dialoge/DIA_BAU_933_Rega.d:81","Hast du Angst vor dem Großbauern?","그럼 대농장주가 무서워?","","False","DIA_Rega_ONAR.description","",""
"Scripts/Content/Story/Dialoge/DIA_BAU_933_Rega.d:96","Hast du Angst vor dem Großbauern?","그럼 대농장주가 무서워?","","False","DIA_Rega_ONAR_15_00","",""
"Scripts/Content/Story/Dialoge/DIA_BAU_933_Rega.d:97","Klar. Wenn dem Großbauer irgendjemand nicht passt, hetzt er seine Söldner auf ihn und kurze Zeit später ist man verschwunden.","당연하지. 대지주가 누군가의 꼴을 보기 싫어하면, 용병들을 풀어버리거든. 그럼 얼마 안 가 그 사람은 흔적도 없이 사라져.","","False","DIA_Rega_ONAR_17_01","",""
"Scripts/Content/Story/Dialoge/DIA_BAU_933_Rega.d:98","Also hält man hier besser die Klappe.","그러니 여기서 입 다물고 있는 게 상책이야.","","False","DIA_Rega_ONAR_17_02","",""
"Scripts/Content/Story/Dialoge/DIA_BAU_933_Rega.d:110","Sollten sich die Söldner nicht um die Feldräuber kümmern?","용병들이 필드 레이더를 처리해야 하는 거 아니야?","","False","DIA_Rega_SLD.description","",""
"Scripts/Content/Story/Dialoge/DIA_BAU_933_Rega.d:125","Sollten sich die Söldner nicht um die Feldräuber kümmern?","용병들이 필드 레이더를 처리해야 하는 거 아니야?","","False","DIA_Rega_SLD_15_00","",""
"Scripts/Content/Story/Dialoge/DIA_BAU_933_Rega.d:126","Ich weiß nicht, wofür sie bezahlt werden, aber sicher nicht, um uns kleinen Leuten zu helfen.","그들이 무슨 돈을 받고 있는지는 모르겠지만, 우리 같은 약한 사람들을 도와주려고 받는 건 아닐 거야.","","False","DIA_Rega_SLD_17_01","",""
"Scripts/Content/Story/Dialoge/DIA_BAU_933_Rega.d:127","Das Feldräuberproblem ist Sache der kleinen Bauern, die die Felder bei ihm gepachtet haben.","필드 레이더 문제는 그에게서 들판을 임대해 쓰는 소작농들이 알아서 해야 할 일이야.","","False","DIA_Rega_SLD_17_02","",""
"Scripts/Content/Story/Dialoge/DIA_BAU_933_Rega.d:139","Wie schützt ihr euch vor den Banditen?","산적들로부터 어떻게 몸을 보호하지?","","False","DIA_Rega_BANDITEN.description","",""
"Scripts/Content/Story/Dialoge/DIA_BAU_933_Rega.d:152","Wie schützt ihr euch vor den Banditen?","산적들로부터 어떻게 몸을 보호하지?","","False","DIA_Rega_BANDITEN_15_00","",""
"Scripts/Content/Story/Dialoge/DIA_BAU_933_Rega.d:153","Gar nicht. Wir laufen weg. Was sonst?","보호하긴. 도망쳐야지. 별수 있겠어?","","False","DIA_Rega_BANDITEN_17_01","",""
"Scripts/Content/Story/Dialoge/DIA_BAU_933_Rega.d:165","(nach Bronko fragen)","(브론코에 대해 묻는다)","","False","DIA_Rega_BRONKO.description","",""
"Scripts/Content/Story/Dialoge/DIA_BAU_933_Rega.d:181","Was ist das eigentlich für ein grimmiger Typ da?","저기 저 험악하게 생긴 녀석은 대체 누구야?","","False","DIA_Rega_BRONKO_15_00","",""
"Scripts/Content/Story/Dialoge/DIA_BAU_933_Rega.d:182","Sei mir nicht böse, aber ich will hier keinen Ärger, ok? Frag jemand anders.","오해하지 마, 난 소란에 휘말리고 싶지 않거든, 알겠어? 다른 사람한테 물어봐.","","False","DIA_Rega_BRONKO_17_01","",""
"Scripts/Content/Story/Dialoge/DIA_BAU_933_Rega.d:197","Lass dich nicht unterkriegen.","기죽지 마.","","False","DIA_Rega_PERMKAP1.description","",""
"Scripts/Content/Story/Dialoge/DIA_BAU_933_Rega.d:210","Lass dich nicht unterkriegen.","기죽지 마.","","False","DIA_Rega_PERMKAP1_15_00","",""
"Scripts/Content/Story/Dialoge/DIA_BAU_933_Rega.d:214","Du hast gut reden. Du lebst ja auch in der Stadt.","말은 참 쉽게 하는군. 넌 도시에 살잖아.","","False","DIA_Rega_PERMKAP1_17_01","",""
"Scripts/Content/Story/Dialoge/DIA_BAU_933_Rega.d:218","Wenn ihr Söldner ein bisschen erträglicher wärt, dann wäre alles andere nicht so schlimm.","너희 용병들이 조금만 더 참을 만했어도 다른 일들은 그렇게 나쁘지 않았을 거야.","","False","DIA_Rega_PERMKAP1_17_02","",""
"Scripts/Content/Story/Dialoge/DIA_BAU_933_Rega.d:222","Von euch Magiern sieht man immer weniger. Ich hoffe, dass du nicht der Letzte bist. Wir brauchen euch. Jetzt mehr denn je.","당신들 마법사는 점점 보기 힘들단 말이지. 네가 마지막이 아니길 바라. 우리는 당신들이 필요해. 그 어느 때보다 지금 말이야.","","False","DIA_Rega_PERMKAP1_17_03","",""
"Scripts/Content/Story/Dialoge/DIA_BAU_933_Rega.d:226","Nicht so einfach, wenn man für Sekob, den Menschenschinder, arbeitet.","인간 도살자 세코브를 위해 일하고 있다면 그렇게 쉽지 않을걸.","","False","DIA_Rega_PERMKAP1_17_04","",""
"Scripts/Content/Story/Dialoge/DIA_BAU_934_Babera.d:33","Hallo, schönes Mädchen.","안녕, 아름다운 아가씨.","","False","DIA_Babera_HALLO.description","",""
"Scripts/Content/Story/Dialoge/DIA_BAU_934_Babera.d:43","Hallo, schönes Mädchen.","안녕, 아름다운 아가씨.","","False","DIA_Babera_HALLO_15_00","",""
"Scripts/Content/Story/Dialoge/DIA_BAU_934_Babera.d:44","Süßholzraspeln wirkt bei mir nicht, Junge. Sag, was du willst. Ich hab zu tun.","그런 겉발림 소리는 나한테 안 통 해, 얘야. 원하는 게 뭔지 말해. 나 바쁘거든.","","False","DIA_Babera_HALLO_16_01","",""
"Scripts/Content/Story/Dialoge/DIA_BAU_934_Babera.d:56","Wie läuft's mit der Feldarbeit?","들판 일은 어때?","","False","DIA_Babera_WIESIEHTSAUS.description","",""
"Scripts/Content/Story/Dialoge/DIA_BAU_934_Babera.d:69","Wie läuft's mit der Feldarbeit?","들판 일은 어때?","","False","DIA_Babera_WIESIEHTSAUS_15_00","",""
"Scripts/Content/Story/Dialoge/DIA_BAU_934_Babera.d:70","Guck dir die riesigen Felder an, die wir bestellen müssen, dann weißt du, wie es läuft.","우리가 가꿔야 할 저 거대한 들판들을 보라고, 그럼 어떻게 돌아가는지 알게 될 테니까.","","False","DIA_Babera_WIESIEHTSAUS_16_01","",""
"Scripts/Content/Story/Dialoge/DIA_BAU_934_Babera.d:71","Suchst du Landarbeit?","농사일을 찾고 있나?","","False","DIA_Babera_WIESIEHTSAUS_16_02","",""
"Scripts/Content/Story/Dialoge/DIA_BAU_934_Babera.d:77","Nein. Eigentlich will ich Söldner werden.","아니. 사실 용병이 되고 싶거든.","","False","DIA_Babera_WIESIEHTSAUS_Info.DIA_Babera_WIESIEHTSAUS.DIA_Babera_WIESIEHTSAUS_Nein","Info_AddChoice",""
"Scripts/Content/Story/Dialoge/DIA_BAU_934_Babera.d:78","Vielleicht.","글쎄.","","False","DIA_Babera_WIESIEHTSAUS_Info.DIA_Babera_WIESIEHTSAUS.DIA_Babera_WIESIEHTSAUS_Vielleicht","Info_AddChoice",""
"Scripts/Content/Story/Dialoge/DIA_BAU_934_Babera.d:84","Vielleicht.","글쎄.","","False","DIA_Babera_WIESIEHTSAUS_Vielleicht_15_00","",""
"Scripts/Content/Story/Dialoge/DIA_BAU_934_Babera.d:85","Wenn das so ist, dann geh am Besten zu unserem Bauern Sekob, dem alten Menschenschinder. Der hat vielleicht was für dich.","그렇다면 우리 농부인 세코브 영감에게 가보는 게 좋을 거야. 그 늙은 인간 도살자 말이야. 네게 맞는 일자리가 있을지도 모르지.","","False","DIA_Babera_WIESIEHTSAUS_Vielleicht_16_01","",""
"Scripts/Content/Story/Dialoge/DIA_BAU_934_Babera.d:86","Du kannst es natürlich auch auf Onars großem Hof am Ende der langen Allee versuchen.","물론 긴 가로수길 끝에 있는 오나르의 거대한 농장에서 시도해 볼 수도 있고.","","False","DIA_Babera_WIESIEHTSAUS_Vielleicht_16_02","",""
"Scripts/Content/Story/Dialoge/DIA_BAU_934_Babera.d:87","Aber nimm dich vor den Söldnern in Acht. Sie mögen keine Fremden.","하지만 용병들은 조심해. 그들은 낯선 사람을 좋아하지 않거든.","","False","DIA_Babera_WIESIEHTSAUS_Vielleicht_16_03","",""
"Scripts/Content/Story/Dialoge/DIA_BAU_934_Babera.d:94","Nein. Eigentlich will ich Söldner werden.","아니. 사실 용병이 되고 싶거든.","","False","DIA_Babera_WIESIEHTSAUS_Nein_15_00","",""
"Scripts/Content/Story/Dialoge/DIA_BAU_934_Babera.d:95","Dann bist du hier falsch. Die Söldner findest du meistens auf dem Hof des Großbauern.","그럼 번지수를 잘못 찾았네. 용병들은 대개 대지주의 농장에 있으니까.","","False","DIA_Babera_WIESIEHTSAUS_Nein_16_01","",""
"Scripts/Content/Story/Dialoge/DIA_BAU_934_Babera.d:109","(nach Bronko fragen)","(브론코에 대해 묻는다)","","False","DIA_Babera_BRONKO.description","",""
"Scripts/Content/Story/Dialoge/DIA_BAU_934_Babera.d:125","Sag mal, der grimmige Typ da...","저기, 저 험악하게 생긴 녀석 말인데...","","False","DIA_Babera_BRONKO_15_00","",""
"Scripts/Content/Story/Dialoge/DIA_BAU_934_Babera.d:126","Das ist Bronko. Was ist mit ihm?","저 사람은 브론코야. 그 사람 얘기는 왜?","","False","DIA_Babera_BRONKO_16_01","",""
"Scripts/Content/Story/Dialoge/DIA_BAU_934_Babera.d:127","Ist das euer Bauer?","저 사람이 너희 농부야?","","False","DIA_Babera_BRONKO_15_02","",""
"Scripts/Content/Story/Dialoge/DIA_BAU_934_Babera.d:128","(lacht) Hat er dir das erzählt, ja? Sekob ist unser Bauer. Bronko ist nur ein Faulpelz und Tunichtgut. Aber er hat Bärenkräfte.","(웃음) 그 자가 그렇게 말하던가? 세코브가 우리 농부야. 브론코는 그냥 게으름뱅이에 구제불능이지. 하지만 힘은 장사야.","","False","DIA_Babera_BRONKO_16_03","",""
"Scripts/Content/Story/Dialoge/DIA_BAU_934_Babera.d:129","Deswegen sagt keiner was, wenn er nicht arbeitet.","그래서 그가 일을 안 해도 아무도 뭐라고 못 하는 거야.","","False","DIA_Babera_BRONKO_16_04","",""
"Scripts/Content/Story/Dialoge/DIA_BAU_934_Babera.d:133","Die Einzigen, die er fürchtet, seid ihr Söldner.","그가 두려워하는 유일한 사람들은 너희 용병들이야.","","False","DIA_Babera_BRONKO_16_05","",""
"Scripts/Content/Story/Dialoge/DIA_BAU_934_Babera.d:137","Die Einzigen, die ihn zur Arbeit bewegen könnten, sind die Söldner. Vor denen hat er Angst.","그를 일하게 만들 수 있는 유일한 사람들은 용병들이야. 그는 용병들을 공포스러워하지.","","False","DIA_Babera_BRONKO_16_06","",""
"Scripts/Content/Story/Dialoge/DIA_BAU_934_Babera.d:152","Wo ist Rosi?","로지는 어디 있지?","","False","DIA_Babera_Rosi.description","",""
"Scripts/Content/Story/Dialoge/DIA_BAU_934_Babera.d:167","Wo ist Rosi?","로지는 어디 있지?","","False","DIA_Babera_Rosi_15_00","",""
"Scripts/Content/Story/Dialoge/DIA_BAU_934_Babera.d:168","Sie hat's hier nicht mehr ausgehalten und ist in den Wald Richtung Norden gegangen.","그녀는 더 이상 여기서 견디지 못하고 북쪽 숲으로 갔어.","","False","DIA_Babera_Rosi_16_01","",""
"Scripts/Content/Story/Dialoge/DIA_BAU_934_Babera.d:183","Und sonst?","그 외에는?","","False","DIA_Babera_DUSTOERST.description","",""
"Scripts/Content/Story/Dialoge/DIA_BAU_934_Babera.d:196","Und sonst?","그 외에는?","","False","DIA_Babera_DUSTOERST_15_00","",""
"Scripts/Content/Story/Dialoge/DIA_BAU_934_Babera.d:197","Ich hab zu tun.","나 바쁘거든.","","False","DIA_Babera_DUSTOERST_16_01","",""
"Scripts/Content/Story/Dialoge/DIA_BAU_935_Bronko.d:43","(väterlich) Na, wo wollen wir denn hin?","(아버지처럼) 이봐, 어디로 가시나?","","False","DIA_Bronko_HALLO_06_00","",""
"Scripts/Content/Story/Dialoge/DIA_BAU_935_Bronko.d:44","Bist du hier der Oberaufseher?","당신이 여기 총관리인인가?","","False","DIA_Bronko_HALLO_15_01","",""
"Scripts/Content/Story/Dialoge/DIA_BAU_935_Bronko.d:48","Ich geb dir gleich 'n paar hinter die Ohren, du Bengel.","당장 꿀밤이라도 한 대 먹여줘야겠군, 이 녀석.","","False","DIA_Bronko_HALLO_06_02","",""
"Scripts/Content/Story/Dialoge/DIA_BAU_935_Bronko.d:51","Wenn du auf meinem Land entlang spazieren willst, kostet dich das 5 Goldmünzen, wenn du keine Prügel kassieren willst!","내 땅을 지나쳐 가고 싶다면, 매를 벌고 싶지 않은 이상 5 골드 동전을 내야 할 거야!","","False","DIA_Bronko_HALLO_06_03","",""
"Scripts/Content/Story/Dialoge/DIA_BAU_935_Bronko.d:55","Vergiss es. Von mir kriegst du gar nichts.","집어치워. 네놈한테 줄 건 없어.","","False","DIA_Bronko_HALLO_Info.DIA_Bronko_HALLO.DIA_Bronko_HALLO_vergisses","Info_AddChoice",""
"Scripts/Content/Story/Dialoge/DIA_BAU_935_Bronko.d:56","Wenn´s sein muß, hier hast du dein Geld.","할 수 없지, 여기 네 돈이야.","","False","DIA_Bronko_HALLO_Info.DIA_Bronko_HALLO.DIA_Bronko_HALLO_hiergeld","Info_AddChoice",""
"Scripts/Content/Story/Dialoge/DIA_BAU_935_Bronko.d:57","Dein Land? Bist du hier der Bauer?","네 땅이라고? 네가 여기 농부인가?","","False","DIA_Bronko_HALLO_Info.DIA_Bronko_HALLO.DIA_Bronko_HALLO_deinland","Info_AddChoice",""
"Scripts/Content/Story/Dialoge/DIA_BAU_935_Bronko.d:62","Dein Land? Bist du hier der Bauer?","네 땅이라고? 네가 여기 농부인가?","","False","DIA_Bronko_HALLO_deinland_15_00","",""
"Scripts/Content/Story/Dialoge/DIA_BAU_935_Bronko.d:63","Na, das will ich meinen, oder meinst du etwa, sonst würde ich dir Wegzoll abknöpfen?","당연하지, 아니면 내가 왜 너한테 통행세를 뜯어내겠다고 하겠나?","","False","DIA_Bronko_HALLO_deinland_06_01","",""
"Scripts/Content/Story/Dialoge/DIA_BAU_935_Bronko.d:64","Von mir aus kannst du die anderen ja mal nach mir fragen. Hehe!","정 못 믿겠으면 다른 사람들한테 나에 대해 물어봐도 좋아. 헤헤!","","False","DIA_Bronko_HALLO_deinland_06_02","",""
"Scripts/Content/Story/Dialoge/DIA_BAU_935_Bronko.d:69","Wenn's sein muss, hier hast du dein Geld.","할 수 없지, 여기 네 돈이야.","","False","DIA_Bronko_HALLO_hiergeld_15_00","",""
"Scripts/Content/Story/Dialoge/DIA_BAU_935_Bronko.d:75","(verschmitzt) Danke. Schönen Tag noch.","(은근슬쩍) 고마워. 좋은 하루 보내라고.","","False","DIA_Bronko_HALLO_hiergeld_06_01","",""
"Scripts/Content/Story/Dialoge/DIA_BAU_935_Bronko.d:81","Du hast keine 5 Goldmünzen. Willst mich wohl verarschen, was?","5 골드 동전도 없잖아. 나를 놀리려는 거지, 그렇지?","","False","DIA_Bronko_HALLO_hiergeld_06_02","",""
"Scripts/Content/Story/Dialoge/DIA_BAU_935_Bronko.d:90","Vergiss es. Von mir kriegst du gar nichts.","집어치워. 네놈한테 줄 건 없어.","","False","DIA_Bronko_HALLO_vergisses_15_00","",""
"Scripts/Content/Story/Dialoge/DIA_BAU_935_Bronko.d:94","Dann muss ich dir jetzt leider den Arsch versohlen.","그렇다면 유감이지만 네 콧대를 꺾어놔야겠군.","","False","DIA_Bronko_HALLO_vergisses_06_01","",""
"Scripts/Content/Story/Dialoge/DIA_BAU_935_Bronko.d:100","Ihr Jungs von der Stadtgarde habt wohl kein Geld, was?","도시 경비대 출신 양반들은 돈이 없나 봐, 그렇지?","","False","DIA_Bronko_HALLO_vergisses_06_02","",""
"Scripts/Content/Story/Dialoge/DIA_BAU_935_Bronko.d:105","Auch wenn du Magier bist, hast du hier zu bezahlen. Klar?","네가 마법사라 할지라도 여기서는 돈을 내야 해. 알겠어?","","False","DIA_Bronko_HALLO_vergisses_06_03","",""
"Scripts/Content/Story/Dialoge/DIA_BAU_935_Bronko.d:111","Wenn´s sein muß, hier hast du dein Geld.","할 수 없지, 여기 네 돈이야.","","False","DIA_Bronko_HALLO_vergisses.DIA_Bronko_HALLO.DIA_Bronko_HALLO_hiergeld","Info_AddChoice",""
"Scripts/Content/Story/Dialoge/DIA_BAU_935_Bronko.d:112","Kannst es ja mal versuchen.","어디 한번 해보시지.","","False","DIA_Bronko_HALLO_vergisses.DIA_Bronko_HALLO.DIA_Bronko_HALLO_attack","Info_AddChoice",""
"Scripts/Content/Story/Dialoge/DIA_BAU_935_Bronko.d:117","Kannst es ja mal versuchen.","어디 한번 해보시지.","","False","DIA_Bronko_HALLO_attack_15_00","",""
"Scripts/Content/Story/Dialoge/DIA_BAU_935_Bronko.d:118","Na, dann ...","좋아, 그렇다면...","","False","DIA_Bronko_HALLO_attack_06_01","",""
"Scripts/Content/Story/Dialoge/DIA_BAU_935_Bronko.d:134","Du willst der Bauer sein? Dass ich nicht lache.","네가 농부라고? 웃기지 마.","","False","DIA_Bronko_KEINBAUER.description","",""
"Scripts/Content/Story/Dialoge/DIA_BAU_935_Bronko.d:153","Du willst der Bauer sein? Dass ich nicht lache. Du hast hier gar nichts zu melden.","네가 농부라고? 웃기지 마. 넌 여기서 아무런 발언권도 없다고.","","False","DIA_Bronko_KEINBAUER_15_00","",""
"Scripts/Content/Story/Dialoge/DIA_BAU_935_Bronko.d:154","Waas? Ich soll dir wohl die Fresse polieren.","뭐야? 아주 뼈도 못 추리게 만들어 줄까.","","False","DIA_Bronko_KEINBAUER_06_01","",""
"Scripts/Content/Story/Dialoge/DIA_BAU_935_Bronko.d:162","(Bronko androhen, die Söldner zu holen)","(용병들을 데려오겠다고 브론코를 위협한다)","","False","DIA_Bronko_KEINBAUER_Info.DIA_Bronko_KEINBAUER.DIA_Bronko_KEINBAUER_SLD","Info_AddChoice",""
"Scripts/Content/Story/Dialoge/DIA_BAU_935_Bronko.d:167","Sekob ist hier der Bauer, und du bist nur ein kleiner Gauner.","세코브가 여기 농부고, 넌 그냥 삼류 건달일 뿐이야.","","False","DIA_Bronko_KEINBAUER_Info.DIA_Bronko_KEINBAUER.DIA_Bronko_KEINBAUER_sekobderbauer","Info_AddChoice",""
"Scripts/Content/Story/Dialoge/DIA_BAU_935_Bronko.d:171","Na dann laß mal sehen, was du drauf hast.","좋아, 네 실력이 어느 정도인지 볼까.","","False","DIA_Bronko_KEINBAUER_Info.DIA_Bronko_KEINBAUER.DIA_Bronko_KEINBAUER_attack","Info_AddChoice",""
"Scripts/Content/Story/Dialoge/DIA_BAU_935_Bronko.d:172","Schon gut!","됐어!","","False","DIA_Bronko_KEINBAUER_Info.DIA_Bronko_KEINBAUER.DIA_Bronko_KEINBAUER_schongut","Info_AddChoice",""
"Scripts/Content/Story/Dialoge/DIA_BAU_935_Bronko.d:177","Na, dann lass mal sehen, was du drauf hast.","좋아, 네 실력이 어느 정도인지 볼까.","","False","DIA_Bronko_KEINBAUER_attack_15_00","",""
"Scripts/Content/Story/Dialoge/DIA_BAU_935_Bronko.d:178","Ich hab gehofft, dass du das sagen würdest.","그 소릴 듣길 바랐다고.","","False","DIA_Bronko_KEINBAUER_attack_06_01","",""
"Scripts/Content/Story/Dialoge/DIA_BAU_935_Bronko.d:186","Sekob ist hier der Bauer, und du bist nur ein kleiner Gauner, der den Leuten die Kohle aus der Tasche zieht.","세코브는 여기 농부고, 넌 사람들의 주머니에서 석탄을 빼내는 좀도둑일 뿐이야.","","False","DIA_Bronko_KEINBAUER_sekobderbauer_15_00","",""
"Scripts/Content/Story/Dialoge/DIA_BAU_935_Bronko.d:187","Sagt wer?","누가 그래?","","False","DIA_Bronko_KEINBAUER_sekobderbauer_06_01","",""
"Scripts/Content/Story/Dialoge/DIA_BAU_935_Bronko.d:188","Ich. Sekob will, dass du wieder arbeiten gehst, anstatt hier rum zu lungern.","내가. 세코브는 네가 여기서 빈닥거리지 말고 일하러 가길 원해.","","False","DIA_Bronko_KEINBAUER_sekobderbauer_15_02","",""
"Scripts/Content/Story/Dialoge/DIA_BAU_935_Bronko.d:189","Na und? Was willst du jetzt tun?","그래서? 지금 뭘 어쩌겠다는 거지?","","False","DIA_Bronko_KEINBAUER_sekobderbauer_06_03","",""
"Scripts/Content/Story/Dialoge/DIA_BAU_935_Bronko.d:194","Schon gut!","됐어!","","False","DIA_Bronko_KEINBAUER_schongut_15_00","",""
"Scripts/Content/Story/Dialoge/DIA_BAU_935_Bronko.d:195","Scher dich weg!","꺼져버려!","","False","DIA_Bronko_KEINBAUER_schongut_06_01","",""
"Scripts/Content/Story/Dialoge/DIA_BAU_935_Bronko.d:202","Na gut, dann werde ich wohl dem Großbauern Onar sagen müssen, dass hier ein Bauer rumpöbelt, der seine Pacht nicht zahlen will.","좋아, 그럼 대지주 오나르에게 가서 소작료도 안 내려 하는 깡패 농부가 난동을 부린다고 말해야겠군.","","False","DIA_Bronko_KEINBAUER_SLD_15_00","",""
"Scripts/Content/Story/Dialoge/DIA_BAU_935_Bronko.d:203","Ähm. Warte mal, Onar wird mir die ganzen Söldner auf den Hals hetzen.","어흠. 잠깐만, 오나르가 그 용병들을 모조리 내게 풀 텐데.","","False","DIA_Bronko_KEINBAUER_SLD_06_01","",""
"Scripts/Content/Story/Dialoge/DIA_BAU_935_Bronko.d:204","Ja und?","그래서?","","False","DIA_Bronko_KEINBAUER_SLD_15_02","",""
"Scripts/Content/Story/Dialoge/DIA_BAU_935_Bronko.d:205","Schon gut, schon gut. Du kannst von mir haben, was du willst, aber bloß nicht die Söldner, ok?","알았어, 알았어. 네가 원하는 건 다 줄 테니까, 제발 용병들만은 안 돼, 알았지?","","False","DIA_Bronko_KEINBAUER_SLD_06_03","",""
"Scripts/Content/Story/Dialoge/DIA_BAU_935_Bronko.d:209","Hier, du kriegst auch mein ganzes Gold.","자, 내 금화도 전부 다 가가져가.","","False","DIA_Bronko_KEINBAUER_SLD_06_04","",""
"Scripts/Content/Story/Dialoge/DIA_BAU_935_Bronko.d:212","Ich gehe auch wieder aufs Feld. Bloß nicht die Söldner.","들판으로 다시 일하러 갈 테니까. 용병들만은 제발.","","False","DIA_Bronko_KEINBAUER_SLD_06_05","",""
"Scripts/Content/Story/Dialoge/DIA_BAU_935_Bronko.d:231","(Bronko verspotten)","(브론코를 놀린다)","","False","DIA_Bronko_FLEISSIG.description","",""
"Scripts/Content/Story/Dialoge/DIA_BAU_935_Bronko.d:249","Na? Bist du auch schön fleißig?","그래? 열심히 일하고 있는 모양이네?","","False","DIA_Bronko_FLEISSIG_15_00","",""
"Scripts/Content/Story/Dialoge/DIA_BAU_935_Bronko.d:253","Na? Immer noch große Fresse?","그래? 아직도 입만 살았어?","","False","DIA_Bronko_FLEISSIG_15_01","",""
"Scripts/Content/Story/Dialoge/DIA_BAU_935_Bronko.d:258","Du bist ein Söldner, nicht wahr? Hätte ich mir fast denken können.","너 용병이지, 그렇지? 내 그럴 줄 알았지.","","False","DIA_Bronko_FLEISSIG_06_02","",""
"Scripts/Content/Story/Dialoge/DIA_BAU_935_Bronko.d:262","(ängstlich) Nicht die Söldner holen, hörst du?","(겁에 질려) 용병들을 데려오지마, 알았어?","","False","DIA_Bronko_FLEISSIG_06_03","",""
"Scripts/Content/Story/Dialoge/DIA_BAU_935_Bronko.d:271","Nicht schlagen, bitte.","때리지 마세요, 제발.","","False","DIA_Bronko_FLEISSIG_06_04","",""
"Scripts/Content/Story/Dialoge/DIA_BAU_935_Bronko.d:274","Ich geh auch wieder arbeiten, ok?","나도 다시 일하러 갈게, 알았지?","","False","DIA_Bronko_FLEISSIG_06_05","",""
"Scripts/Content/Story/Dialoge/DIA_BAU_936_Rosi.d:36","Alles klar bei dir?","별일 없지?","","False","DIA_Rosi_HALLO.description","",""
"Scripts/Content/Story/Dialoge/DIA_BAU_936_Rosi.d:46","Alles klar bei dir?","별일 없지?","","False","DIA_Rosi_HALLO_15_00","",""
"Scripts/Content/Story/Dialoge/DIA_BAU_936_Rosi.d:47","Ach ja, geht so. Mir tut das Kreuz weh von der ganzen Schufterei. Was machst du hier? Es kommt selten vor, dass ich hier Besuch bekomme.","음, 뭐 그럭저럭. 온갖 고된 일 때문에 허리가 아파. 여기서 뭐 하는 거야? 여기에 손님이 오는 일은 드문데 말이야.","","False","DIA_Rosi_HALLO_17_01","",""
"Scripts/Content/Story/Dialoge/DIA_BAU_936_Rosi.d:51","Normalerweise sind es immer irgendwelche Halsabschneider aus den Bergen oder diese schrecklichen Milizsoldaten aus der Stadt.","보통은 산에서 온 칼잡이들이거나 도시에서 온 끔찍한 민병대 녀석들이거든.","","False","DIA_Rosi_HALLO_17_02","",""
"Scripts/Content/Story/Dialoge/DIA_BAU_936_Rosi.d:52","Die suchen unseren Hof in letzter Zeit immer häufiger heim. Aber du siehst mir nicht aus, als ob du einer von ihnen wärst, oder?","요즘 들어 우리 농장을 점점 더 자주 들쑤시고 있어. 하지만 넌 그들 중 한 명으로 보이지 않는걸, 그렇지?","","False","DIA_Rosi_HALLO_17_03","",""
"Scripts/Content/Story/Dialoge/DIA_BAU_936_Rosi.d:65","Was machst du hier?","여기서 뭐 하는 거야?","","False","DIA_Rosi_WASMACHSTDU.description","",""
"Scripts/Content/Story/Dialoge/DIA_BAU_936_Rosi.d:79","Was machst du hier?","여기서 뭐 하는 거야?","","False","DIA_Rosi_WASMACHSTDU_15_00","",""
"Scripts/Content/Story/Dialoge/DIA_BAU_936_Rosi.d:83","Das frage ich mich auch die letzten Jahre. Mein Mann Sekob hat es sich mittlerweile mit jedem in der Umgebung verscherzt.","나도 지난 몇 년 동안 그 생각을 하고 있어. 내 남편 세코브는 이제 이 근처의 모든 사람들과 사이가 틀어졌거든.","","False","DIA_Rosi_WASMACHSTDU_17_01","",""
"Scripts/Content/Story/Dialoge/DIA_BAU_936_Rosi.d:84","Überall hat er Schulden. Deswegen stiehlt er das Gut aus Onars Beständen und verkauft es an die Stadt.","어디에나 빚을 지고 있어. 그래서 그는 오나르의 비축물에서 물건을 훔쳐 도시에 갖다 판다고.","","False","DIA_Rosi_WASMACHSTDU_17_02","",""
"Scripts/Content/Story/Dialoge/DIA_BAU_936_Rosi.d:85","Mit diesen miesen Geschäften hat er sich schon ein Vermögen ergaunert.","그는 그 더러운 거래들로 이미 거금을 긁어모았어.","","False","DIA_Rosi_WASMACHSTDU_17_03","",""
"Scripts/Content/Story/Dialoge/DIA_BAU_936_Rosi.d:86","Außerdem schleift er unsere Feldarbeiter, bis ihnen das Kreuz bricht. Der wird von seinen eigenen Leuten nur noch Menschenschinder genannt.","게다가 우리 농장 일꾼들의 허리가 부러질 때까지 굴려대지. 자기 사람들도 그를 인간 학살자라고 부를 정도야.","","False","DIA_Rosi_WASMACHSTDU_17_04","",""
"Scripts/Content/Story/Dialoge/DIA_BAU_936_Rosi.d:87","Besonders stolz ist man darauf nicht, die Frau von Sekob zu sein, das kannst du mir glauben. Manchmal wünsche ich mir die Barriere zurück.","세코브의 아내라는 게 별로 자랑스럽진 않아, 내 말 믿어도 좋아. 가끔은 장벽이 그리울 지경이야.","","False","DIA_Rosi_WASMACHSTDU_17_05","",""
"Scripts/Content/Story/Dialoge/DIA_BAU_936_Rosi.d:90","Willst du etwas zu essen kaufen oder vielleicht etwas für die Jagd in den Wäldern?","먹을 걸 좀 사고 싶나, 아니면 숲에서 사냥할 때 쓸 만한 물건이라도 찾나?","","False","DIA_Rosi_WASMACHSTDU_17_06","",""
"Scripts/Content/Story/Dialoge/DIA_BAU_936_Rosi.d:106","Was kannst du mir anbieten?","무엇을 팔 수 있나?","","False","DIA_Rosi_WAREZ.description","",""
"Scripts/Content/Story/Dialoge/DIA_BAU_936_Rosi.d:125","Was kannst du mir anbieten?","무엇을 팔 수 있나?","","False","DIA_Rosi_WAREZ_15_00","",""
"Scripts/Content/Story/Dialoge/DIA_BAU_936_Rosi.d:126","Was willst du haben?","뭘 원하지?","","False","DIA_Rosi_WAREZ_17_01","",""
"Scripts/Content/Story/Dialoge/DIA_BAU_936_Rosi.d:138","Barriere?","장벽?","","False","DIA_Rosi_BARRIERE.description","",""
"Scripts/Content/Story/Dialoge/DIA_BAU_936_Rosi.d:152","Barriere?","장벽?","","False","DIA_Rosi_BARRIERE_15_00","",""
"Scripts/Content/Story/Dialoge/DIA_BAU_936_Rosi.d:153","Na, diese Kuppel, die damals das alte Minental umschlossen hat.","글쎄, 예전에 옛 광산 계곡을 둘러싸고 있던 그 돔 말이야.","","False","DIA_Rosi_BARRIERE_17_01","",""
"Scripts/Content/Story/Dialoge/DIA_BAU_936_Rosi.d:154","Viele Bauern und Arbeiter, die sich damals eines Verbrechens schuldig gemacht haben, wurden kurzerhand hineingeworfen und kamen danach nie wieder.","그 당시 죄를 지었던 많은 농부들과 노동자들이 묻지도 따지지도 않고 그곳으로 던져졌고, 그 후로 결코 돌아오지 못했지.","","False","DIA_Rosi_BARRIERE_17_02","",""
"Scripts/Content/Story/Dialoge/DIA_BAU_936_Rosi.d:166","Bist du jemals bei der Barriere gewesen?","장벽 근처에 가본 적이 있나?","","False","DIA_Rosi_DuInBarriere.description","",""
"Scripts/Content/Story/Dialoge/DIA_BAU_936_Rosi.d:179","Bist du jemals bei der Barriere gewesen?","장벽 근처에 가본 적이 있나?","","False","DIA_Rosi_DuInBarriere_15_00","",""
"Scripts/Content/Story/Dialoge/DIA_BAU_936_Rosi.d:180","Nein. Wir haben immer nur davon gehört. Bengar, der Bauer auf dem Weidenplateau, kann dir sicherlich mehr darüber erzählen.","아니. 우리는 소문으로만 들었을 뿐이야. 목초지 고원의 농부인 벵가르라면 그에 대해 더 많은 이야기를 해줄 수 있을 거야.","","False","DIA_Rosi_DuInBarriere_17_01","",""
"Scripts/Content/Story/Dialoge/DIA_BAU_936_Rosi.d:181","Sein Hof befindet sich ganz in der Nähe des Passes zum Minental.","그의 농장은 광산 계곡으로 통하는 고개와 아주 가까운 곳에 있어.","","False","DIA_Rosi_DuInBarriere_17_02","",""
"Scripts/Content/Story/Dialoge/DIA_BAU_936_Rosi.d:193","Wie komme ich zu Bengars Hof?","벵가르의 농장에는 어떻게 가지?","","False","DIA_Rosi_BENGAR.description","",""
"Scripts/Content/Story/Dialoge/DIA_BAU_936_Rosi.d:207","Wie komme ich zu Bengars Hof?","벵가르의 농장에는 어떻게 가지?","","False","DIA_Rosi_BENGAR_15_00","",""
"Scripts/Content/Story/Dialoge/DIA_BAU_936_Rosi.d:208","Sprich mal mit Balthasar. Das ist unser Schafhirte. Manchmal führt er seine Tiere auf Bengars Weide dort oben.","발타자르에게 물어봐. 우리 양치기야. 가끔 저 위에 있는 벵가르의 목초지로 동물들을 몰고 가곤 하거든.","","False","DIA_Rosi_BENGAR_17_01","",""
"Scripts/Content/Story/Dialoge/DIA_BAU_936_Rosi.d:209","Er kann dir sicher erklären, wie man dort hinkommt.","거기에 어떻게 가는지 확실히 알려줄 수 있을 거야.","","False","DIA_Rosi_BENGAR_17_02","",""
"Scripts/Content/Story/Dialoge/DIA_BAU_936_Rosi.d:221","Warum greift euch die Miliz hier auf den Höfen an?","어째서 민병대가 이 농장들을 공격하는 거지?","","False","DIA_Rosi_Miliz.description","",""
"Scripts/Content/Story/Dialoge/DIA_BAU_936_Rosi.d:235","Warum greift euch die Miliz hier auf den Höfen an?","어째서 민병대가 이 농장들을 공격하는 거지?","","False","DIA_Rosi_Miliz_15_00","",""
"Scripts/Content/Story/Dialoge/DIA_BAU_936_Rosi.d:236","Weil niemand da ist, der sie daran hindert, uns Bauern einfach zu überfallen, statt uns unsere Waren abzukaufen.","우리의 물건을 사는 대신 우리 농부들을 습격하는 걸 막아줄 사람이 아무도 없기 때문이야.","","False","DIA_Rosi_Miliz_17_01","",""
"Scripts/Content/Story/Dialoge/DIA_BAU_936_Rosi.d:237","Der König ist weit weg und wir müssen uns eben damit abfinden, unter Onar zu arbeiten und zu hoffen, dass Onar uns zur Seite steht, wenn's brennt.","왕은 저 멀리 있고 우리는 오나르 밑에서 일하며 일이 터졌을 때 오나르가 우리 편이 되어주길 바라는 수밖에 없지.","","False","DIA_Rosi_Miliz_17_02","",""
"Scripts/Content/Story/Dialoge/DIA_BAU_936_Rosi.d:249","Wie sieht die Hilfe von Onar aus?","오나르가 도와주는 방식은 어떤 식이지?","","False","DIA_Rosi_ONAR.description","",""
"Scripts/Content/Story/Dialoge/DIA_BAU_936_Rosi.d:262","Wie sieht die Hilfe von Onar aus?","오나르가 도와주는 방식은 어떤 식이지?","","False","DIA_Rosi_ONAR_15_00","",""
"Scripts/Content/Story/Dialoge/DIA_BAU_936_Rosi.d:263","Manchmal werden wir vorgewarnt, wenn wieder einige der Milizen auf eigene Rechnung hierher kommen, um sich an uns zu bereichern.","가끔은 민병대 몇 명이 우리를 등쳐먹으려고 사적으로 이곳에 올 때 미리 경고를 받기도 해.","","False","DIA_Rosi_ONAR_17_01","",""
"Scripts/Content/Story/Dialoge/DIA_BAU_936_Rosi.d:264","Dann wird jemand zum alten Großbauern geschickt, um ihn um Hilfe zu bitten.","그러면 누군가를 예전 대농장으로 보내서 도움을 청하지.","","False","DIA_Rosi_ONAR_17_02","",""
"Scripts/Content/Story/Dialoge/DIA_BAU_936_Rosi.d:265","Dann dauert's meist nicht lange, bis die Söldner, die er dafür bezahlt, hier sind und die Milizen verjagen.","그러고 나면 보통은 그가 고용한 용병들이 이곳에 와서 민병대를 쫓아내는 데 그리 오래 걸리지 않아.","","False","DIA_Rosi_ONAR_17_03","",""
"Scripts/Content/Story/Dialoge/DIA_BAU_936_Rosi.d:266","Aber unterm Strich sind die Söldner auch nicht viel besser.","하지만 결국 용병들도 별로 나을 건 없어.","","False","DIA_Rosi_ONAR_17_04","",""
"Scripts/Content/Story/Dialoge/DIA_BAU_936_Rosi.d:279","Halt die Ohren steif.","기운 내라고.","","False","DIA_Rosi_PERMKAP1.description","",""
"Scripts/Content/Story/Dialoge/DIA_BAU_936_Rosi.d:293","Halt die Ohren steif.","기운 내라고.","","False","DIA_Rosi_PERMKAP1_15_00","",""
"Scripts/Content/Story/Dialoge/DIA_BAU_936_Rosi.d:297","Du kannst mich mal.","웃기시네.","","False","DIA_Rosi_PERMKAP1_17_01","",""
"Scripts/Content/Story/Dialoge/DIA_BAU_936_Rosi.d:301","Pass auf dich auf und lass dich nicht ärgern.","몸조심하고 괴롭힘당하지 마.","","False","DIA_Rosi_PERMKAP1_17_02","",""
"Scripts/Content/Story/Dialoge/DIA_BAU_936_Rosi.d:418","Was machst du hier in der Wildnis?","이 황무지에서 뭐 하는 거지?","","False","DIA_Rosi_FLEEFROMSEKOB.description","",""
"Scripts/Content/Story/Dialoge/DIA_BAU_936_Rosi.d:432","Was machst du hier in der Wildnis?","이 황무지에서 뭐 하는 거지?","","False","DIA_Rosi_FLEEFROMSEKOB_15_00","",""
"Scripts/Content/Story/Dialoge/DIA_BAU_936_Rosi.d:433","Es war nicht mehr zum Aushalten auf Sekobs Hof. Sekob ist ständig völlig ausgerastet.","세코브의 농장에서는 더 이상 견딜 수가 없었어. 세코브가 끊임없이 완전히 꼭지가 돌았거든.","","False","DIA_Rosi_FLEEFROMSEKOB_17_01","",""
"Scripts/Content/Story/Dialoge/DIA_BAU_936_Rosi.d:434","Man konnte sich nachher überhaupt nicht mehr mit ihm unterhalten. Ewig dieses Gebrülle.","나중에는 그와 대화조차 제대로 할 수 없었어. 맨날 고함만 쳐댔지.","","False","DIA_Rosi_FLEEFROMSEKOB_17_02","",""
"Scripts/Content/Story/Dialoge/DIA_BAU_936_Rosi.d:435","Ich muss hier weg, weiß aber nicht wohin.","여기서 나가야 하지만 어디로 가야 할지 모르겠어.","","False","DIA_Rosi_FLEEFROMSEKOB_17_03","",""
"Scripts/Content/Story/Dialoge/DIA_BAU_936_Rosi.d:436","Interesse an einem kleinen Handel?","작은 거래에 관심 있나?","","False","DIA_Rosi_FLEEFROMSEKOB_17_04","",""
"Scripts/Content/Story/Dialoge/DIA_BAU_936_Rosi.d:450","Ich hol dich hier raus.","내가 여기서 빼내 줄게.","","False","DIA_Rosi_HILFE.description","",""
"Scripts/Content/Story/Dialoge/DIA_BAU_936_Rosi.d:464","Ich hol dich hier raus.","내가 여기서 빼내 줄게.","","False","DIA_Rosi_HILFE_15_00","",""
"Scripts/Content/Story/Dialoge/DIA_BAU_936_Rosi.d:471","Ich kann dich in die Stadt bringen.","도시로 데려다줄 수 있어.","","False","DIA_Rosi_HILFE_15_01","",""
"Scripts/Content/Story/Dialoge/DIA_BAU_936_Rosi.d:476","Ich bring dich zum Hof des Großbauern.","대농장으로 데려다줄게.","","False","DIA_Rosi_HILFE_15_02","",""
"Scripts/Content/Story/Dialoge/DIA_BAU_936_Rosi.d:481","Komm mit ins Kloster. Sie werden dich dort aufnehmen.","수도원으로 같이 가자. 거기서 받아줄 거야.","","False","DIA_Rosi_HILFE_15_03","",""
"Scripts/Content/Story/Dialoge/DIA_BAU_936_Rosi.d:484","Das werde ich dir nie vergessen. Ich werde es dir natürlich bezahlen.","이 은혜는 평생 잊지 않을게. 물론 보수도 지불하겠어.","","False","DIA_Rosi_HILFE_17_04","",""
"Scripts/Content/Story/Dialoge/DIA_BAU_936_Rosi.d:488","Geh du vor. Ich folge dir.","먼저 가. 따라갈 테니까.","","False","DIA_Rosi_HILFE_17_05","",""
"Scripts/Content/Story/Dialoge/DIA_BAU_936_Rosi.d:492","Geh du vor. Wir folgen dir.","먼저 가. 따라갈 테니까.","","False","DIA_Rosi_HILFE_17_06","",""
"Scripts/Content/Story/Dialoge/DIA_BAU_936_Rosi.d:549","Nun komme ich alleine zurecht.","이제 혼자서도 갈 수 있어.","","False","DIA_Rosi_ANGEKOMMEN_17_00","",""
"Scripts/Content/Story/Dialoge/DIA_BAU_936_Rosi.d:550","Ich danke dir. Was hätte ich bloß ohne dich gemacht?","고마워. 너, 네가 없었으면 난 어떻게 했을까?","","False","DIA_Rosi_ANGEKOMMEN_17_01","",""
"Scripts/Content/Story/Dialoge/DIA_BAU_936_Rosi.d:557","Ich hoffe, diese bescheidene Gabe wird dich angemessen belohnen.","이 소박한 선물이 적절한 보상이 되기를 바라.","","False","DIA_Rosi_ANGEKOMMEN_17_02","",""
"Scripts/Content/Story/Dialoge/DIA_BAU_936_Rosi.d:601","Jetzt bist du wieder zu Hause.","자, 이제 다시 집에 왔어.","","False","DIA_Rosi_TRAIT.description","",""
"Scripts/Content/Story/Dialoge/DIA_BAU_936_Rosi.d:615","Jetzt bist du wieder zu Hause.","자, 이제 다시 집에 왔어.","","False","DIA_Rosi_TRAIT_15_00","",""
"Scripts/Content/Story/Dialoge/DIA_BAU_936_Rosi.d:616","Du mieses Schwein bist das Schlimmste, das mir jemals begegnet ist.","너 같은 더러운 돼지는 내가 평생 본 것 중에 최악이야.","","False","DIA_Rosi_TRAIT_17_01","",""
"Scripts/Content/Story/Dialoge/DIA_BAU_936_Rosi.d:633","Schämst du dich nicht, illegale Minenanteile zu verkaufen?","불법 광산 주식을 파는 게 부끄럽지도 않나?","","False","DIA_Rosi_MinenAnteil.description","",""
"Scripts/Content/Story/Dialoge/DIA_BAU_936_Rosi.d:648","Schämst du dich nicht, illegale Minenanteile zu verkaufen?","불법 광산 주식을 파는 게 부끄럽지도 않나?","","False","DIA_Rosi_Minenanteil_15_00","",""
"Scripts/Content/Story/Dialoge/DIA_BAU_936_Rosi.d:649","Nein. Ich muss auch leben und außerdem habe ich sie nicht in den Umlauf gebracht.","아니. 나도 먹고살아야 하고, 게다가 내가 그것들을 유통시킨 것도 아니니까.","","False","DIA_Rosi_Minenanteil_17_01","",""
"Scripts/Content/Story/Dialoge/DIA_BAU_940_Akil.d:24","Ich muss gehen.","난 이만 가봐야겠어.","","False","DIA_Akil_EXIT_15_00","",""
"Scripts/Content/Story/Dialoge/DIA_BAU_940_Akil.d:28","Lass dich nicht aufhalten.","말리지 않겠네.","","False","DIA_Akil_EXIT_13_01","",""
"Scripts/Content/Story/Dialoge/DIA_BAU_940_Akil.d:32","Mach's gut. Ich wünschte wirklich, ich hätte mehr für dich tun können.","잘 가. 네게 더 많은 걸 해줄 수 있었으면 좋았을 텐데.","","False","DIA_Akil_EXIT_13_02","",""
"Scripts/Content/Story/Dialoge/DIA_BAU_940_Akil.d:47","Gibt's Schwierigkeiten?","무슨 문제라도 있나?","","False","DIA_Akil_Hallo.description","",""
"Scripts/Content/Story/Dialoge/DIA_BAU_940_Akil.d:61","Gibt's Schwierigkeiten?","무슨 문제라도 있나?","","False","DIA_Akil_Hallo_15_00","",""
"Scripts/Content/Story/Dialoge/DIA_BAU_940_Akil.d:62","(schwitzt) ... äh ... nein nein ... es ist alles in Ordnung. (nervös) Es ... ist besser, wenn du jetzt gehst.","(땀을 흘리며) …어… 아니 아니… 아무 일 없어. (초조하게) 지금은… 떠나는 게 좋을 거야.","","False","DIA_Akil_Hallo_13_01","",""
"Scripts/Content/Story/Dialoge/DIA_BAU_940_Akil.d:63","Bist du sicher?","확실해?","","False","DIA_Akil_Hallo_15_02","",""
"Scripts/Content/Story/Dialoge/DIA_BAU_940_Akil.d:64","äh ... ja, ja ... es ist alles in Ordnung. Du ... äh ... ich ... Ich kann jetzt nicht mit dir reden.","어… 그래, 그래… 아무 일도 없어. 너… 어… 난… 지금은 너와 얘기할 수 없어.","","False","DIA_Akil_Hallo_13_03","",""
"Scripts/Content/Story/Dialoge/DIA_BAU_940_Akil.d:100","Äh ... nicht jetzt, ich kann jetzt nicht mit dir reden ...","어… 지금은 안 돼, 지금은 너와 얘기할 수 없어…","","False","DIA_Akil_Nichtjetzt_13_00","",""
"Scripts/Content/Story/Dialoge/DIA_BAU_940_Akil.d:127","Innos sei Dank. Ich dachte schon, meine letzte Stunde hätte geschlagen.","이노스 감사합니다. 정말 제 제삿날이 온 줄 알았어요.","","False","DIA_Akil_NachKampf_13_00","",""
"Scripts/Content/Story/Dialoge/DIA_BAU_940_Akil.d:128","Mein Name ist Akil. Ich bin der Bauer dieses bescheidenen Stück Landes hier.","내 이름은 아킬이야. 이 초라한 땅을 경작하는 농부지.","","False","DIA_Akil_NachKampf_13_01","",""
"Scripts/Content/Story/Dialoge/DIA_BAU_940_Akil.d:129","Was waren das für Kerle?","그 녀석들은 정체가 뭐지?","","False","DIA_Akil_NachKampf_15_02","",""
"Scripts/Content/Story/Dialoge/DIA_BAU_940_Akil.d:133","Du solltest sie eigentlich kennen. Das waren Söldner von Onars Hof. Wie du.","너라면 그들을 알아볼 텐데. 오나르 농장의 용병들이었어. 너처럼 말이지.","","False","DIA_Akil_NachKampf_13_03","",""
"Scripts/Content/Story/Dialoge/DIA_BAU_940_Akil.d:137","Das waren Söldner von Onars Hof. Was Anderes als plündern und morden kennen diese Bastarde nicht.","오나르 농장의 용병들이었어. 약탈하고 살인하는 것 외에는 아무것도 모르는 개자식들이지.","","False","DIA_Akil_NachKampf_13_04","",""
"Scripts/Content/Story/Dialoge/DIA_BAU_940_Akil.d:140","Ich hatte schon das Schlimmste befürchtet ...","난 최악의 상황을 걱정하고 있었는데…","","False","DIA_Akil_NachKampf_13_05","",""
"Scripts/Content/Story/Dialoge/DIA_BAU_940_Akil.d:141","(atmet durch)... nun ich danke Innos, dass es nicht soweit gekommen ist. Sag mir, was ich für dich tun kann.","(숨을 내쉬며)… 자, 여기까지 오지 않은 것을 이노스께 감사하지. 내가 뭘 도와주면 되겠나?","","False","DIA_Akil_NachKampf_13_06","",""
"Scripts/Content/Story/Dialoge/DIA_BAU_940_Akil.d:144","Nichts. Hauptsache, ihr habt die Sache gut überstanden.","없어. 다들 무사히 넘겼으니 됐지.","","False","DIA_Akil_NachKampf_Info.DIA_Akil_NachKampf.DIA_Akil_NachKampf_Ehre","Info_AddChoice",""
"Scripts/Content/Story/Dialoge/DIA_BAU_940_Akil.d:145","Wie wär's mit ein paar Goldstücken?","금화 몇 닢은 어떤가?","","False","DIA_Akil_NachKampf_Info.DIA_Akil_NachKampf.DIA_Akil_NachKampf_Gold","Info_AddChoice",""
"Scripts/Content/Story/Dialoge/DIA_BAU_940_Akil.d:173","Nichts. Hauptsache, ihr habt die Sache gut überstanden.","없어. 다들 무사히 넘겼으니 됐지.","","False","DIA_Akil_NachKampf_Ehre_15_00","",""
"Scripts/Content/Story/Dialoge/DIA_BAU_940_Akil.d:174","Du bist ein außergewöhnlicher Kerl. Möge Innos dich auf deinem Weg schützen.","자네는 아주 특이한 사람이군. 이노스가 자네의 길을 지켜주기를.","","False","DIA_Akil_NachKampf_Ehre_13_01","",""
"Scripts/Content/Story/Dialoge/DIA_BAU_940_Akil.d:182","Wie wär's mit ein paar Goldstücken?","금화 몇 닢은 어떤가?","","False","DIA_Akil_NachKampf_Gold_15_00","",""
"Scripts/Content/Story/Dialoge/DIA_BAU_940_Akil.d:183","Da muss ich dich leider enttäuschen - wir sind arme Bauern. Es reicht gerade zum Überleben.","유감이지만 실망하게 될 걸—우린 가난한 농부들이라 겨우 입에 풀칠만 하고 살거든.","","False","DIA_Akil_NachKampf_Gold_13_01","",""
"Scripts/Content/Story/Dialoge/DIA_BAU_940_Akil.d:184","Alles, was ich dir anbieten kann, ist eine Mahlzeit. Geh zu Kati und lass dich von ihr versorgen.","내가 줄 수 있는 건 식사 한 끼뿐이야. 카티에게 가서 밥을 얻어먹도록 해.","","False","DIA_Akil_NachKampf_Gold_13_02","",""
"Scripts/Content/Story/Dialoge/DIA_BAU_940_Akil.d:200","Was wollten die Söldner von dir? ","용병들이 네게 뭘 원했지? ","","False","DIA_Akil_Soeldner.description","",""
"Scripts/Content/Story/Dialoge/DIA_BAU_940_Akil.d:213","Was wollten die Söldner von dir?","용병들이 네게 뭘 원했지?","","False","DIA_Akil_Soeldner_15_00","",""
"Scripts/Content/Story/Dialoge/DIA_BAU_940_Akil.d:217","Willst du mich verarschen. Die Söldner wollten die Pacht eintreiben.","농담하는 건가. 용병들은 소작료를 거두러 온 거였어.","","False","DIA_Akil_Soeldner_13_01","",""
"Scripts/Content/Story/Dialoge/DIA_BAU_940_Akil.d:221","Weißt du das nicht? Onar, der Großbauer, hat sie angeworben. Sie bewachen seinen Hof und treiben für ihn die Pacht ein.","그것도 몰랐나? 대농장 주인이자 오나르가 그들을 고용한 거야. 그들은 그의 농장을 지키고 소작료를 거두어들이지.","","False","DIA_Akil_Soeldner_13_02","",""
"Scripts/Content/Story/Dialoge/DIA_BAU_940_Akil.d:222","Das heißt, sie ziehen von Hof zu Hof und nehmen sich, was sie wollen. Und wer nicht zahlen kann, der kriegt ihren Stahl zu spüren.","즉, 이 농장 저 농장 돌아다니며 원하는 걸 모조리 강탈한다는 뜻이야. 그리고 지불하지 못하는 자는 그들의 강철 맛을 보게 되지.","","False","DIA_Akil_Soeldner_13_03","",""
"Scripts/Content/Story/Dialoge/DIA_BAU_940_Akil.d:235","Hast du etwas über vermisste Bürger gehört?","실종된 시민들에 대해 들은 게 있나?","","False","DIA_Addon_Akil_MissingPeople.description","",""
"Scripts/Content/Story/Dialoge/DIA_BAU_940_Akil.d:249","Hast du etwas über vermisste Bürger gehört?","실종된 시민들에 대해 들은 게 있나?","","False","DIA_Addon_Akil_MissingPeople_15_00","",""
"Scripts/Content/Story/Dialoge/DIA_BAU_940_Akil.d:250","Du machst mir Spaß. Gehört, meinst du? Mir selbst fehlen einige meiner Leute.","농담하지 마. 들었냐고? 내 사람들 중 몇 명도 사라졌단 말이야.","","False","DIA_Addon_Akil_MissingPeople_13_01","",""
"Scripts/Content/Story/Dialoge/DIA_BAU_940_Akil.d:251","Tonak und Telbor haben bis vor 3 Tagen noch auf meinen Feldern gearbeitet.","토낙과 텔보르는 불과 3 일 전까지만 해도 내 밭에서 일했었지.","","False","DIA_Addon_Akil_MissingPeople_13_02","",""
"Scripts/Content/Story/Dialoge/DIA_BAU_940_Akil.d:252","Und ich weiß genau, dass sie nicht einfach so sang und klanglos den Hof verlassen würden.","그리고 그들이 아무 소리도 없이 그냥 농장을 떠났을 리가 없다는 건 내가 확실히 알지.","","False","DIA_Addon_Akil_MissingPeople_13_03","",""
"Scripts/Content/Story/Dialoge/DIA_BAU_940_Akil.d:253","Trotzdem sind sie einfach verschwunden und niemand kann mir sagen, was mit ihnen passiert ist.","그럼에도 그들은 흔적도 없이 사라졌고 아무도 그들에게 무슨 일이 일어났는지 말해주지 않아.","","False","DIA_Addon_Akil_MissingPeople_13_04","",""
"Scripts/Content/Story/Dialoge/DIA_BAU_940_Akil.d:254","Wenn du ein Lebenszeichen von ihnen finden solltest, dann sagst du mir doch Bescheid, ja?","그들의 생사라도 알게 된다면 내게 알려줄 수 있겠나?","","False","DIA_Addon_Akil_MissingPeople_13_05","",""
"Scripts/Content/Story/Dialoge/DIA_BAU_940_Akil.d:273","Wegen deinen Knechten ...","네 일꾼들에 대해 말인데…","","False","DIA_Addon_Akil_ReturnPeople.description","",""
"Scripts/Content/Story/Dialoge/DIA_BAU_940_Akil.d:288","Wegen deiner Knechte ...","네 일꾼들에 대해 말인데…","","False","DIA_Addon_Akil_ReturnPeople_15_00","",""
"Scripts/Content/Story/Dialoge/DIA_BAU_940_Akil.d:293","Du hast sie mir zurückgebracht - du bist ein mutiger Mann.","내게 돌려주었구나—너는 용감한 사람이군.","","False","DIA_Addon_Akil_ReturnPeople_13_01","",""
"Scripts/Content/Story/Dialoge/DIA_BAU_940_Akil.d:297","Wenigstens einer hat die Geschichte überlebt.","적어도 한 명은 그 일에서 살아남았어.","","False","DIA_Addon_Akil_ReturnPeople_13_02","",""
"Scripts/Content/Story/Dialoge/DIA_BAU_940_Akil.d:300","Nimm dieses Gold als Zeichen meines Dankes.","감사의 표시로 이 금을 받게.","","False","DIA_Addon_Akil_ReturnPeople_13_03","",""
"Scripts/Content/Story/Dialoge/DIA_BAU_940_Akil.d:316","Ich komme von Baltram...","발트람의 보냄을 받고 왔는데…","","False","DIA_Akil_Lieferung.description","",""
"Scripts/Content/Story/Dialoge/DIA_BAU_940_Akil.d:330","Ich komme von Baltram. Ich soll hier eine Lieferung für ihn abholen.","발트람의 보냄을 받고 왔어. 여기서 그를 위한 배송품을 받아오라고 하더군.","","False","DIA_Akil_Lieferung_15_00","",""
"Scripts/Content/Story/Dialoge/DIA_BAU_940_Akil.d:331","Dann bist du sein neuer Bote. Okay, ich habe das Paket schon fertig gemacht.","그럼 네가 그의 새로운 심부름꾼이로군. 좋아, 소포는 벌써 다 꾸려두었어.","","False","DIA_Akil_Lieferung_13_01","",""
"Scripts/Content/Story/Dialoge/DIA_BAU_940_Akil.d:349","Du kennst dich doch hier in der Gegend aus...","여긴 지리에 밝을 테지…","","False","DIA_Akil_Gegend.description","",""
"Scripts/Content/Story/Dialoge/DIA_BAU_940_Akil.d:366","Du kennst dich doch hier in der Gegend aus...","여긴 지리에 밝을 테지…","","False","DIA_Akil_Gegend_15_00","",""
"Scripts/Content/Story/Dialoge/DIA_BAU_940_Akil.d:367","Klar, was willst du wissen?","그럼, 뭐가 알고 싶나?","","False","DIA_Akil_Gegend_13_01","",""
"Scripts/Content/Story/Dialoge/DIA_BAU_940_Akil.d:407","Wo finde ich den Hof von Onar? ","오나르의 농장은 어디서 찾을 수 있지? ","","False","DIA_Akil_Hof.description","",""
"Scripts/Content/Story/Dialoge/DIA_BAU_940_Akil.d:420","Wo finde ich den Hof von Onar?","오나르의 농장은 어디서 찾을 수 있지?","","False","DIA_Akil_Gegend_Onar_15_00","",""
"Scripts/Content/Story/Dialoge/DIA_BAU_940_Akil.d:421","Geh einfach wieder die Steinstufen runter und folge dem Weg weiter nach Osten.","그냥 돌계단을 내려가서 길을 따라 계속 동쪽으로 가기만 해.","","False","DIA_Akil_Gegend_Onar_13_01","",""
"Scripts/Content/Story/Dialoge/DIA_BAU_940_Akil.d:422","Irgendwann kommt eine Taverne. Da gehst du weiter nach Osten bis du zu den großen Feldern kommst. Da lungern dann schon die Söldner rum.","가다 보면 선술집이 나올 거야. 거기서 동쪽으로 더 가면 커다란 들판이 나와. 용병들이 벌써부터 거기서 빈두거리곤 하지.","","False","DIA_Akil_Gegend_Onar_13_02","",""
"Scripts/Content/Story/Dialoge/DIA_BAU_940_Akil.d:435","Was ist das für eine Taverne im Osten?","동쪽에 있는 그 선술집은 뭐지?","","False","DIA_Akil_Taverne.description","",""
"Scripts/Content/Story/Dialoge/DIA_BAU_940_Akil.d:448","Was ist das für eine Taverne im Osten?","동쪽에 있는 그 선술집은 뭐지?","","False","DIA_Akil_Gegend_Taverne_15_00","",""
"Scripts/Content/Story/Dialoge/DIA_BAU_940_Akil.d:449","Frag mal Randolph. Er weiß mehr darüber als ich. Er war schon ein paar mal dort.","랜돌프에게 물어보도록 해. 나보다 그곳에 대해 더 잘 알 테니까. 몇 번 가본 적이 있거든.","","False","DIA_Akil_Gegend_Taverne_13_01","",""
"Scripts/Content/Story/Dialoge/DIA_BAU_940_Akil.d:461","Was finde ich in dem Wald hinter deinem Hof?","네 농장 뒤편의 숲에는 뭐가 있지?","","False","DIA_Akil_Wald.description","",""
"Scripts/Content/Story/Dialoge/DIA_BAU_940_Akil.d:474","Was finde ich in dem Wald hinter deinem Hof?","네 농장 뒤편의 숲에는 뭐가 있지?","","False","DIA_Akil_Gegend_Wald_15_00","",""
"Scripts/Content/Story/Dialoge/DIA_BAU_940_Akil.d:475","Da gibt's nur jede Menge Monster - wobei die Wölfe noch die ungefährlichsten sind.","거기엔 온갖 괴물들이 우글거려. 늑대들은 그나마 가장 위협이 안 되는 편이지.","","False","DIA_Akil_Gegend_Wald_13_01","",""
"Scripts/Content/Story/Dialoge/DIA_BAU_940_Akil.d:476","Angeblich sollen da auch ein paar Banditen ihre Höhle haben. Na - meinen Hof haben sie bis jetzt in Ruhe gelassen.","거기에 동굴을 차지하고 있는 악당 무리도 좀 있대. 글쎄, 내 농장은 아직 건드리지 않았지만 말이야.","","False","DIA_Akil_Gegend_Wald_13_02","",""
"Scripts/Content/Story/Dialoge/DIA_BAU_940_Akil.d:489","Sonst noch irgendwas passiert?","다른 별일은 없었나?","","False","DIA_Akil_Perm.description","",""
"Scripts/Content/Story/Dialoge/DIA_BAU_940_Akil.d:503","Sonst noch irgendwas passiert?","다른 별일은 없었나?","","False","DIA_Akil_Perm_15_00","",""
"Scripts/Content/Story/Dialoge/DIA_BAU_940_Akil.d:509","Nein. Ich hoffe, die Schafe bleiben jetzt da, wo sie sind.","아니. 양들이 제발 있던 자리에 그대로 있어 주면 좋겠군.","","False","DIA_Akil_Perm_13_01","",""
"Scripts/Content/Story/Dialoge/DIA_BAU_940_Akil.d:513","Meine Schafe verschwinden ständig, bald kann ich uns nicht mehr ernähren.","내 양들이 자꾸 사라져. 이러다간 곧 우리 먹고살기도 힘들겠어.","","False","DIA_Akil_Perm_13_02","",""
"Scripts/Content/Story/Dialoge/DIA_BAU_940_Akil.d:520","Die Orks sind überall gesehen worden. Sie haben auch ein Hauptquartier, hat man mir erzählt. Frag mal den Bauern Lobart danach.","오크들이 어디서나 목격되고 있어. 그들의 본부도 있다고 하더군. 농부 로바트에게 물어보게나.","","False","DIA_Akil_Perm_13_03","",""
"Scripts/Content/Story/Dialoge/DIA_BAU_940_Akil.d:525","Es sollen hier in der Gegend viele Echsenmenschen gesehen worden sein. Ich würde an deiner Stelle nicht in die Höhlen gehen.","이 근처에서 도마뱀 인간들이 많이 목격되었다고 하더군. 나라면 동굴 안에는 절대 안 들어갈 거야.","","False","DIA_Akil_Perm_13_04","",""
"Scripts/Content/Story/Dialoge/DIA_BAU_940_Akil.d:530","Die schwarzen Kapuzenmänner suchen dich.","검은 두건을 쓴 자들이 널 찾고 있어.","","False","DIA_Akil_Perm_13_05","",""
"Scripts/Content/Story/Dialoge/DIA_BAU_940_Akil.d:531","Ach. Das ist ja ganz was Neues.","그래. 아주 새로운 소식이네.","","False","DIA_Akil_Perm_15_06","",""
"Scripts/Content/Story/Dialoge/DIA_BAU_940_Akil.d:532","Schon gut. Ich dachte, ich erwähne es mal.","됐어. 그냥 말해 둔 것뿐이야.","","False","DIA_Akil_Perm_13_07","",""
"Scripts/Content/Story/Dialoge/DIA_BAU_940_Akil.d:580","Gibt's sonst noch Neuigkeiten?","다른 소식은 없나?","","False","DIA_Akil_SCHAFDIEB.description","",""
"Scripts/Content/Story/Dialoge/DIA_BAU_940_Akil.d:593","Gibt's sonst noch Neuigkeiten?","다른 소식은 없나?","","False","DIA_Akil_SCHAFDIEB_15_00","",""
"Scripts/Content/Story/Dialoge/DIA_BAU_940_Akil.d:594","In letzter Zeit werden mir ständig Schafe gestohlen. Ich hab schon einige Nächte nicht mehr vernünftig schlafen können.","요즘 들어 양들이 자꾸 도둑맞고 있어. 며칠 동안 제대로 잠도 못 잤다니까.","","False","DIA_Akil_SCHAFDIEB_13_01","",""
"Scripts/Content/Story/Dialoge/DIA_BAU_940_Akil.d:597","Nicht mein Problem.","내 알 바 아니지.","","False","DIA_Akil_SCHAFDIEB_Info.DIA_Akil_SCHAFDIEB.DIA_Akil_SCHAFDIEB_nein","Info_AddChoice",""
"Scripts/Content/Story/Dialoge/DIA_BAU_940_Akil.d:598","Wieviele Schafe fehlen dir?","양을 몇 마리나 잃어버렸나?","","False","DIA_Akil_SCHAFDIEB_Info.DIA_Akil_SCHAFDIEB.DIA_Akil_SCHAFDIEB_wieviel","Info_AddChoice",""
"Scripts/Content/Story/Dialoge/DIA_BAU_940_Akil.d:599","Wer kann das getan haben?","누가 그런 짓을 벌인 거지?","","False","DIA_Akil_SCHAFDIEB_Info.DIA_Akil_SCHAFDIEB.DIA_Akil_SCHAFDIEB_wer","Info_AddChoice",""
"Scripts/Content/Story/Dialoge/DIA_BAU_940_Akil.d:608","Wer kann das getan haben?","누가 그런 짓을 벌인 거지?","","False","DIA_Akil_SCHAFDIEB_wer_15_00","",""
"Scripts/Content/Story/Dialoge/DIA_BAU_940_Akil.d:609","Ich habe da so einen Verdacht.","짐작 가는 곳이 좀 있지.","","False","DIA_Akil_SCHAFDIEB_wer_13_01","",""
"Scripts/Content/Story/Dialoge/DIA_BAU_940_Akil.d:610","In der Höhle drüben im Wald haben sich recht üble Gesellen nieder gelassen.","저기 저 숲속 동굴에 아주 고약한 녀석들이 자리를 잡았거든.","","False","DIA_Akil_SCHAFDIEB_wer_13_02","",""
"Scripts/Content/Story/Dialoge/DIA_BAU_940_Akil.d:611","Ich glaube kaum, dass sie sich nur von Waldbeeren ernähren. Ich bin fast sicher, dass sich meine Schafe dorthin verflüchtigen.","그 녀석들이 산딸기만 먹고살 리는 없겠지. 내 양들이 거기로 달아나고 있는 게 거의 확실해.","","False","DIA_Akil_SCHAFDIEB_wer_13_03","",""
"Scripts/Content/Story/Dialoge/DIA_BAU_940_Akil.d:617","Wie viele Schafe fehlen dir?","양을 몇 마리나 잃어버렸나?","","False","DIA_Akil_SCHAFDIEB_wieviel_15_00","",""
"Scripts/Content/Story/Dialoge/DIA_BAU_940_Akil.d:618","Es sind jetzt schon mindestens drei, die verschwunden sind.","사라진 게 벌써 최소 세 마리는 돼.","","False","DIA_Akil_SCHAFDIEB_wieviel_13_01","",""
"Scripts/Content/Story/Dialoge/DIA_BAU_940_Akil.d:623","Nicht mein Problem.","내 알 바 아니지.","","False","DIA_Akil_SCHAFDIEB_nein_15_00","",""
"Scripts/Content/Story/Dialoge/DIA_BAU_940_Akil.d:624","Schon klar. Du hast sicher andere Sorgen.","알겠네. 자네도 다른 걱정거리가 많겠지.","","False","DIA_Akil_SCHAFDIEB_nein_13_01","",""
"Scripts/Content/Story/Dialoge/DIA_BAU_940_Akil.d:637","Ich habe die Schafdiebe gefunden.","양 도둑들을 찾았어.","","False","DIA_Akil_SCHAFDIEBEPLATT.description","",""
"Scripts/Content/Story/Dialoge/DIA_BAU_940_Akil.d:654","Ich habe die Schafdiebe gefunden.","양 도둑들을 찾았어.","","False","DIA_Akil_SCHAFDIEBEPLATT_15_00","",""
"Scripts/Content/Story/Dialoge/DIA_BAU_940_Akil.d:655","Du hattest Recht. Es waren die Kerle in der Waldhöhle. Sie werden dir keine Schafe mehr stehlen.","당신 말이 맞았어. 숲속 동굴에 있던 녀석들이었어. 이제 다시는 당신 양을 훔쳐 가지 못할 거야.","","False","DIA_Akil_SCHAFDIEBEPLATT_15_01","",""
"Scripts/Content/Story/Dialoge/DIA_BAU_940_Akil.d:659","Ich danke dir, edler Diener Innos'.","고맙네, 이노스의 고결한 일꾼이여.","","False","DIA_Akil_SCHAFDIEBEPLATT_13_02","",""
"Scripts/Content/Story/Dialoge/DIA_BAU_940_Akil.d:663","Danke. Die Miliz kümmert sich also doch um uns kleine Bauern.","고마워. 민병대도 결국 우리 같은 영세한 농부들을 신경 써 주는군.","","False","DIA_Akil_SCHAFDIEBEPLATT_13_03","",""
"Scripts/Content/Story/Dialoge/DIA_BAU_940_Akil.d:667","Danke. Du bist schon ein seltsamer Söldner. Ganz anders als die, die ich sonst kenne.","고마워. 참 특이한 용병이군. 내가 아는 다른 용병들이랑은 완전히 달라.","","False","DIA_Akil_SCHAFDIEBEPLATT_13_04","",""
"Scripts/Content/Story/Dialoge/DIA_BAU_940_Akil.d:670","Nimm dies als kleine Anerkennung von mir, für deinen selbstlosen Gefallen, den du mir erwiesen hast.","나를 위해 베푼 사심 없는 호의에 대한 작은 보답으로 이걸 받게나.","","False","DIA_Akil_SCHAFDIEBEPLATT_13_05","",""
"Scripts/Content/Story/Dialoge/DIA_BAU_940_Akil.d:687","(Akils Schaf zurückgeben)","(아킬의 양을 돌려준다)","","False","DIA_Akil_AkilsSchaf.description","",""
"Scripts/Content/Story/Dialoge/DIA_BAU_940_Akil.d:703","Sehr gut. Hier hast du einige Goldmünzen. Ich hoffe, es ist genug.","아주 잘했어. 여기 금화 몇 닢이네. 충분할지 모르겠군.","","False","DIA_Akil_AkilsSchaf_13_01","",""
"Scripts/Content/Story/Dialoge/DIA_BAU_941_Kati.d:58","Mein Mann wird von diesen Halsabschneidern bedroht! Wir sind königstreue Bürger der Stadt, und die Söldner wollen uns ausrauben!","저 강도들이 내 남편을 위협하고 있어요! 우리는 도시의 국왕 충성 시민인데, 용병들이 우리를 털려고 한다고요!","","False","DIA_Kati_SLDNOCHDA_16_00","",""
"Scripts/Content/Story/Dialoge/DIA_BAU_941_Kati.d:62","Jetzt steh doch da nicht herum. Tu doch irgendwas. Hilf uns.","거기서 멍하니 서 있지 말고 뭐라도 해요. 우리를 도와달란 말이에요.","","False","DIA_Kati_SLDNOCHDA_16_01","",""
"Scripts/Content/Story/Dialoge/DIA_BAU_941_Kati.d:80","Bist du in Ordnung?","괜찮으십니까?","","False","DIA_Kati_HALLO.description","",""
"Scripts/Content/Story/Dialoge/DIA_BAU_941_Kati.d:94","Bist du in Ordnung?","괜찮으십니까?","","False","DIA_Kati_HALLO_15_00","",""
"Scripts/Content/Story/Dialoge/DIA_BAU_941_Kati.d:98","(schluchzt) Mein geliebter Mann ist tot! Oh Innos, warum strafst du mich so hart?","(흐느끼며) 사랑하는 내 남편이 죽었어요! 오, 이노스여, 어찌하여 저에게 이런 가혹한 벌을 내리시나요?","","False","DIA_Kati_HALLO_16_01","",""
"Scripts/Content/Story/Dialoge/DIA_BAU_941_Kati.d:107","Ja, mir geht's gut, danke.","네, 난 괜찮아요. 고마워요.","","False","DIA_Kati_HALLO_16_02","",""
"Scripts/Content/Story/Dialoge/DIA_BAU_941_Kati.d:120","Akil meinte, du hättet eine Mahlzeit für mich.","아킬이 제게 줄 음식이 있다고 하더군요.","","False","DIA_Kati_ESSEN.description","",""
"Scripts/Content/Story/Dialoge/DIA_BAU_941_Kati.d:134","Akil meinte, du hättet eine Mahlzeit für mich.","아킬이 제게 줄 음식이 있다고 하더군요.","","False","DIA_Kati_ESSEN_15_00","",""
"Scripts/Content/Story/Dialoge/DIA_BAU_941_Kati.d:135","Es sind schwere Zeiten für uns angebrochen, seit die Barriere nicht mehr da ist und das Land unsicher geworden ist.","장벽이 사라지고 세상이 험해진 이후로 우리에게도 힘든 시기가 찾아왔어요.","","False","DIA_Kati_ESSEN_16_01","",""
"Scripts/Content/Story/Dialoge/DIA_BAU_941_Kati.d:136","Hier hast du einen Laib Brot, etwas Fleisch und einen Schluck Wasser. Mehr kann ich leider nicht entbehren.","여기 빵 한 덩이랑 고기 약간, 그리고 물 한 모금이 있어요. 안타깝지만 이것밖에 내어줄 수가 없네요.","","False","DIA_Kati_ESSEN_16_02","",""
"Scripts/Content/Story/Dialoge/DIA_BAU_941_Kati.d:152","Baltram schickt mich... ","발트람의 보증으로... ","","False","DIA_Kati_Baltram.description","",""
"Scripts/Content/Story/Dialoge/DIA_BAU_941_Kati.d:167","Baltram schickt mich. Ich soll eine Lieferung für ihn abholen.","발트람이 보냈습니다. 그 사람 배송품을 가지러 왔죠.","","False","DIA_Kati_Baltram_15_00","",""
"Scripts/Content/Story/Dialoge/DIA_BAU_941_Kati.d:168","Ja natürlich. Hier, ich habe schon alles zusammen gepackt.","네, 물론이죠. 자, 이미 다 챙겨두었어요.","","False","DIA_Kati_Baltram_16_01","",""
"Scripts/Content/Story/Dialoge/DIA_BAU_941_Kati.d:183","Warum wehrt ihr euch nicht gegen Onars Unterdrückung?","왜 오나르의 횡포에 맞서 싸우지 않는 거죠?","","False","DIA_Kati_BAUERNAUFSTAND.description","",""
"Scripts/Content/Story/Dialoge/DIA_BAU_941_Kati.d:196","Warum wehrt ihr euch nicht gegen Onars Unterdrückung?","왜 오나르의 횡포에 맞서 싸우지 않는 거죠?","","False","DIA_Kati_BAUERNAUFSTAND_15_00","",""
"Scripts/Content/Story/Dialoge/DIA_BAU_941_Kati.d:197","Wir stadtnahen Bauern sind besser beraten, uns mit der Miliz der Stadt gut zu stellen, als auf Onars Söldner zu bauen.","우리처럼 도시와 가까운 농부들은 오나르의 용병들을 믿느니 도시의 민병대와 잘 지내는 게 훨씬 이득이랍니다.","","False","DIA_Kati_BAUERNAUFSTAND_16_01","",""
"Scripts/Content/Story/Dialoge/DIA_BAU_941_Kati.d:198","Es gibt da aber auch noch Bengar und Sekob, die lieber ihren Hof aufgeben würden, als für den König zu arbeiten.","하지만 국왕을 위해 일하느니 차라리 농장을 포기하겠다는 벵가르나 세코브 같은 이들도 있어요.","","False","DIA_Kati_BAUERNAUFSTAND_16_02","",""
"Scripts/Content/Story/Dialoge/DIA_BAU_941_Kati.d:210","Wo finde ich die Höfe von Bengar und Sekob?","벵가르와 세코브의 농장은 어디서 찾을 수 있죠?","","False","DIA_Kati_ANDEREHOEFE.description","",""
"Scripts/Content/Story/Dialoge/DIA_BAU_941_Kati.d:223","Wo finde ich die Höfe von Bengar und Sekob?","벵가르와 세코브의 농장은 어디서 찾을 수 있죠?","","False","DIA_Kati_ANDEREHOEFE_15_00","",""
"Scripts/Content/Story/Dialoge/DIA_BAU_941_Kati.d:224","Sie liegen nicht weit vom Hofe des Großbauern entfernt. Geh weiter nach Osten. Dort wirst du sie finden.","대농장의 농지에서 그리 멀지 않아요. 동쪽으로 더 가면 찾을 수 있을 거예요.","","False","DIA_Kati_ANDEREHOEFE_16_01","",""
"Scripts/Content/Story/Dialoge/DIA_BAU_941_Kati.d:236","Habt ihr nie daran gedacht, hier weg zu gehen?","여기서 떠날 생각을 해본 적은 없나요?","","False","DIA_Kati_HIERWEG.description","",""
"Scripts/Content/Story/Dialoge/DIA_BAU_941_Kati.d:249","Habt ihr nie daran gedacht, hier weg zu gehen?","여기서 떠날 생각을 해본 적은 없나요?","","False","DIA_Kati_HIERWEG_15_00","",""
"Scripts/Content/Story/Dialoge/DIA_BAU_941_Kati.d:250","Aus diesem Teil des Landes kommt man nicht so einfach weg. Das ganze Land ist umschlossen von einer hohen Felskette, die unüberwindlich ist.","이 지역에서 빠져나가기란 그리 쉽지 않답니다. 온 땅이 넘을 수 없는 높은 산맥으로 둘러싸여 있거든요.","","False","DIA_Kati_HIERWEG_16_01","",""
"Scripts/Content/Story/Dialoge/DIA_BAU_941_Kati.d:251","Die beiden einzigen Wege von hier fort sind der Pass ins alte Minental und der Hafen.","여기서 나가는 유일한 길은 옛 광산 계곡으로 통하는 고지와 항구뿐이에요.","","False","DIA_Kati_HIERWEG_16_02","",""
"Scripts/Content/Story/Dialoge/DIA_BAU_941_Kati.d:252","Da wir uns die Überfahrt mit dem Schiff nicht leisten können, und das Minental ein Land ohne Wiederkehr ist, werden wir hier bleiben müssen.","우린 배를 탈 돈도 없고, 광산 계곡은 돌아올 수 없는 곳이니 여기서 지낼 수밖에 없어요.","","False","DIA_Kati_HIERWEG_16_03","",""
"Scripts/Content/Story/Dialoge/DIA_BAU_941_Kati.d:264","Was weißt du über den Pass?","고개에 대해 아는 게 있나요?","","False","DIA_Kati_PASS.description","",""
"Scripts/Content/Story/Dialoge/DIA_BAU_941_Kati.d:277","Was weißt du über den Pass?","고개에 대해 아는 게 있나요?","","False","DIA_Kati_PASS_15_00","",""
"Scripts/Content/Story/Dialoge/DIA_BAU_941_Kati.d:278","Ich bin selbst noch nie dort gewesen. Er muss aber irgendwo bei Bengars Hof auf dem Weidenplateau sein.","나도 직접 가본 적은 없어요. 하지만 방목지 평원에 있는 벵가르의 농장 근처에 있을 거예요.","","False","DIA_Kati_PASS_16_01","",""
"Scripts/Content/Story/Dialoge/DIA_BAU_941_Kati.d:291","Pass auf deinen Mann auf.","남편분 조심하세요.","","False","DIA_Kati_PERMKAP1.description","",""
"Scripts/Content/Story/Dialoge/DIA_BAU_941_Kati.d:312","Pass auf deinen Mann auf.","남편분 조심하세요.","","False","DIA_Kati_PERMKAP1_15_00","",""
"Scripts/Content/Story/Dialoge/DIA_BAU_941_Kati.d:313","Ich werde mich bemühen.","노력해 볼게요.","","False","DIA_Kati_PERMKAP1_16_01","",""
"Scripts/Content/Story/Dialoge/DIA_BAU_941_Kati.d:361","Immer noch alles in Ordnung bei dir?","아직도 별일 없나요?","","False","DIA_Kati_PERM.description","",""
"Scripts/Content/Story/Dialoge/DIA_BAU_941_Kati.d:375","Immer noch alles in Ordnung bei dir?","아직도 별일 없나요?","","False","DIA_Kati_PERM_15_00","",""
"Scripts/Content/Story/Dialoge/DIA_BAU_941_Kati.d:376","Es geht schon. Ich frage mich nur, wie lange wir diese schwarzen Teufel noch erdulden müssen.","럭키죠. 저 검은 악마들을 언제까지 참아야 할지 모르겠어요.","","False","DIA_Kati_PERM_16_01","",""
"Scripts/Content/Story/Dialoge/DIA_BAU_941_Kati.d:377","Ich kann es nicht mehr ertragen. Sie schleichen ums Haus und machen so seltsame Geräusche.","더 이상은 못 참겠어요. 집 주변을 살금살금 돌아다니며 이상한 소리를 내거든요.","","False","DIA_Kati_PERM_16_02","",""
"Scripts/Content/Story/Dialoge/DIA_BAU_942_Randolph.d:33","Alles Klar?","다들 별일 없나?","","False","DIA_Randolph_SchwereLuft.description","",""
"Scripts/Content/Story/Dialoge/DIA_BAU_942_Randolph.d:48","Alles klar?","다들 별일 없나?","","False","DIA_Randolph_SchwereLuft_15_00","",""
"Scripts/Content/Story/Dialoge/DIA_BAU_942_Randolph.d:49","Hmm ... sobald hier einer was Falsches sagt, geht der Tanz los ... also halt lieber die Füße still, sonst gibt's ein Gemetzel...","흠... 여기서 누구 하나 실수로 말실수라도 하면 바로 난장판이 벌어질 거야... 그러니 조심하는 게 좋을걸, 잘못하면 피바람이 불 테니까...","","False","DIA_Randolph_SchwereLuft_06_01","",""
"Scripts/Content/Story/Dialoge/DIA_BAU_942_Randolph.d:50","Kämpfst du mit?","너도 싸울 건가?","","False","DIA_Randolph_SchwereLuft_15_02","",""
"Scripts/Content/Story/Dialoge/DIA_BAU_942_Randolph.d:51","Ich werde nicht hier herum stehen, wenn der Tanz beginnt. Aber ich werd's auch nicht herauf beschwören.","난투가 시작되는데 여기서 가만히 구경만 하진 않을 거야. 그렇다고 내가 먼저 나서지도 않겠지만.","","False","DIA_Randolph_SchwereLuft_06_03","",""
"Scripts/Content/Story/Dialoge/DIA_BAU_942_Randolph.d:68","Alles in Ordnung?","다들 괜찮아?","","False","DIA_Randolph_HALLO.description","",""
"Scripts/Content/Story/Dialoge/DIA_BAU_942_Randolph.d:83","Alles in Ordnung?","다들 괜찮아?","","False","DIA_Randolph_HALLO_15_00","",""
"Scripts/Content/Story/Dialoge/DIA_BAU_942_Randolph.d:88","Jetzt, da Kati und Akil in Innos' Reich eingekehrt sind, werde ich den Hof führen.","카티와 아킬이 이노스의 품으로 떠났으니, 이제 내가 이 농장을 운영할 거야.","","False","DIA_Randolph_HALLO_06_01","",""
"Scripts/Content/Story/Dialoge/DIA_BAU_942_Randolph.d:95","Ja, mir geht's gut. Dieser Alvares ist in letzter Zeit immer dreister geworden. Gut, dass es jetzt vorbei ist.","그래, 난 괜찮아. 그 알바레스란 녀석이 요즘 갈수록 기어오르더니만. 이제 끝장나서 다행이야.","","False","DIA_Randolph_HALLO_06_02","",""
"Scripts/Content/Story/Dialoge/DIA_BAU_942_Randolph.d:98","Jetzt bräuchte ich einen kräftigen Schluck in der Taverne.","이제 선술집에서 독한 술 한잔 들이켜야겠어.","","False","DIA_Randolph_HALLO_06_03","",""
"Scripts/Content/Story/Dialoge/DIA_BAU_942_Randolph.d:110","Baltram schickt mich...","발트람의 보증으로...","","False","DIA_Randolph_Baltram.description","",""
"Scripts/Content/Story/Dialoge/DIA_BAU_942_Randolph.d:128","Baltram schickt mich. Ich soll seine Lieferung abholen.","발트람이 보냈어. 그 사람 배송품을 가지러 왔지.","","False","DIA_Randolph_Baltram_15_00","",""
"Scripts/Content/Story/Dialoge/DIA_BAU_942_Randolph.d:129","Gut. Ich habe schon alles fertig gemacht. Hier ist das Paket.","좋아. 이미 다 준비해 뒀지. 여기 소포가 있네.","","False","DIA_Randolph_Baltram_06_01","",""
"Scripts/Content/Story/Dialoge/DIA_BAU_942_Randolph.d:144","Du kommst nicht aus der Gegend, richtig? ","이 동네 사람이 아니로군, 맞나? ","","False","DIA_Randolph_Geschichte.description","",""
"Scripts/Content/Story/Dialoge/DIA_BAU_942_Randolph.d:158","Du kommst nicht aus der Gegend, richtig?","이 동네 사람이 아니로군, 맞나?","","False","DIA_Randolph_Geschichte_15_00","",""
"Scripts/Content/Story/Dialoge/DIA_BAU_942_Randolph.d:159","Ich komme von den südlichen Inseln. Irgendwann hieß es, sie bräuchten Leute in Khorinis, wegen dem magischen Erz.","난 남쪽 섬들에서 왔어. 언젠가 코리니스에 마법 광석 때문에 사람이 필요하다고 하더라고.","","False","DIA_Randolph_Geschichte_06_01","",""
"Scripts/Content/Story/Dialoge/DIA_BAU_942_Randolph.d:160","Aber als ich ankam, war da diese riesige Barriere. Und da wollte ich nicht rein. Ich hab dann angefangen, im Hafen zu arbeiten.","하지만 도착해 보니 엄청난 장벽이 가로막고 있었지. 안으로 들어가고 싶진 않아서 항구에서 일을 시작했어.","","False","DIA_Randolph_Geschichte_06_02","",""
"Scripts/Content/Story/Dialoge/DIA_BAU_942_Randolph.d:161","Nun, seitdem keine Schiffe mehr kommen, bin ich halt zu Akil gegangen. Na ja, ich hab schon schlechtere Jobs gemacht.","글쎄, 배가 더 이상 오지 않게 되면서 아킬 밑으로 들어오게 됐지. 뭐, 이보다 더 나쁜 일도 해봤는걸.","","False","DIA_Randolph_Geschichte_06_03","",""
"Scripts/Content/Story/Dialoge/DIA_BAU_942_Randolph.d:186","Du gehst in die Taverne?","선술집에 드나드나?","","False","DIA_Randolph_TAVERNE.description","",""
"Scripts/Content/Story/Dialoge/DIA_BAU_942_Randolph.d:200","Du gehst in die Taverne?","선술집에 드나드나?","","False","DIA_Randolph_TAVERNE_15_00","",""
"Scripts/Content/Story/Dialoge/DIA_BAU_942_Randolph.d:201","Das ist richtig. Jedoch in letzter Zeit nicht mehr.","맞아. 하지만 요즘은 안 가.","","False","DIA_Randolph_TAVERNE_06_01","",""
"Scripts/Content/Story/Dialoge/DIA_BAU_942_Randolph.d:202","Ich kann es mir nicht mehr leisten, dorthin zu gehen.","이제 거기를 갈 형편이 안 되거든.","","False","DIA_Randolph_TAVERNE_06_02","",""
"Scripts/Content/Story/Dialoge/DIA_BAU_942_Randolph.d:214","Was genau passiert dort in der Taverne?","선술집에서 정확히 무슨 일이 벌어지는 거지?","","False","DIA_Randolph_WASISTINTAVERNE.description","",""
"Scripts/Content/Story/Dialoge/DIA_BAU_942_Randolph.d:228","Was genau passiert dort in der Taverne?","선술집에서 정확히 무슨 일이 벌어지는 거지?","","False","DIA_Randolph_WASISTINTAVERNE_15_00","",""
"Scripts/Content/Story/Dialoge/DIA_BAU_942_Randolph.d:229","Es wird dort gewettet.","거기서 내기가 벌어져.","","False","DIA_Randolph_WASISTINTAVERNE_06_01","",""
"Scripts/Content/Story/Dialoge/DIA_BAU_942_Randolph.d:230","Zwei Kontrahenten treten gegeneinander an und derjenige, der das meiste Bier verträgt, hat gewonnen.","두 명의 도전자끼리 겨루는데, 맥주를 가장 많이 버텨내는 쪽이 이기는 거지.","","False","DIA_Randolph_WASISTINTAVERNE_06_02","",""
"Scripts/Content/Story/Dialoge/DIA_BAU_942_Randolph.d:231","Am Ende habe ich nur noch verloren und nun muss ich erst wieder zu Geld kommen.","결국 나는 맨날 지기만 해서 돈을 좀 다시 벌어야 하는 상황이야.","","False","DIA_Randolph_WASISTINTAVERNE_06_03","",""
"Scripts/Content/Story/Dialoge/DIA_BAU_942_Randolph.d:246","Gegen wen bist du angetreten?","누구랑 겨뤘던 거야?","","False","DIA_Randolph_GEGENWEN.description","",""
"Scripts/Content/Story/Dialoge/DIA_BAU_942_Randolph.d:260","Gegen wen bist du angetreten?","누구랑 겨뤘던 거야?","","False","DIA_Randolph_GEGENWEN_15_00","",""
"Scripts/Content/Story/Dialoge/DIA_BAU_942_Randolph.d:261","Gegen Rukhar, dem alten Mistkerl. Er hat mich bisher jedes Mal geschlagen.","루카르라는 늙은 구제 불능 인간이지. 지금까지 매번 그 녀석한테 졌어.","","False","DIA_Randolph_GEGENWEN_06_01","",""
"Scripts/Content/Story/Dialoge/DIA_BAU_942_Randolph.d:262","Doch werde ich irgendwie den Verdacht nicht los, dass mir dieses miese Schwein jedes Mal Wacholder ins Bier gekippt hat.","하지만 이 더러운 돼지가 매번 내 맥주에 진을 타서 먹였다는 의심을 지울 수가 없단 말이지.","","False","DIA_Randolph_GEGENWEN_06_02","",""
"Scripts/Content/Story/Dialoge/DIA_BAU_942_Randolph.d:263","Ich vermute, er hat den Wacholder in seiner verdammten Truhe versteckt, die immer bei ihm steht. Dieser Dreckskerl!","그 녀석이 늘 곁에 두고 다니는 그 저주받은 상자 속에 진을 숨겨둔 게 분명해. 이 비열한 녀석!","","False","DIA_Randolph_GEGENWEN_06_03","",""
"Scripts/Content/Story/Dialoge/DIA_BAU_942_Randolph.d:264","Jemand müsste ihm einfaches Wasser in die Truhe schmuggeln. Dann kann er von mir aus panschen, so viel er will.","누가 그 녀석 상자에 맹물이라도 몰래 집어넣어 줘야 할 텐데. 그럼 내조를 하든 말든 상관 안 할 텐데 말이야.","","False","DIA_Randolph_GEGENWEN_06_04","",""
"Scripts/Content/Story/Dialoge/DIA_BAU_942_Randolph.d:265","Wenn ich doch nur genug Geld hätte, um noch mal gegen ihn anzutreten.","한 번만 더 그 녀석과 겨뤄볼 돈만 있다면 좋을 텐데.","","False","DIA_Randolph_GEGENWEN_06_05","",""
"Scripts/Content/Story/Dialoge/DIA_BAU_942_Randolph.d:280","Wie viel Geld brauchst du für den Wettkampf?","시합에 돈이 얼마나 필요하지?","","False","DIA_Randolph_WASBRAUCHSTDU.description","",""
"Scripts/Content/Story/Dialoge/DIA_BAU_942_Randolph.d:295","Wie viel Geld brauchst du für den Wettkampf?","시합에 돈이 얼마나 필요하지?","","False","DIA_Randolph_WASBRAUCHSTDU_15_00","",""
"Scripts/Content/Story/Dialoge/DIA_BAU_942_Randolph.d:296","10 Goldmünzen.","10 금화.","","False","DIA_Randolph_WASBRAUCHSTDU_06_01","",""
"Scripts/Content/Story/Dialoge/DIA_BAU_942_Randolph.d:309","Ich gebe dir das Geld für den Wettkampf gegen Rukhar.","루카르와의 시합에 쓸 돈을 주마.","","False","DIA_Randolph_ICHGEBEDIRGELD.description","",""
"Scripts/Content/Story/Dialoge/DIA_BAU_942_Randolph.d:326","Ich gebe dir das Geld für den Wettkampf gegen Rukhar.","루카르와의 시합에 쓸 돈을 주마.","","False","DIA_Randolph_ICHGEBEDIRGELD_15_00","",""
"Scripts/Content/Story/Dialoge/DIA_BAU_942_Randolph.d:330","(begeistert) Wirklich? Besten Dank. Ich werde es dir bald zurückzahlen.","(열광하며) 정말인가? 대단히 고마워. 곧 갚을게.","","False","DIA_Randolph_ICHGEBEDIRGELD_06_01","",""
"Scripts/Content/Story/Dialoge/DIA_BAU_942_Randolph.d:331","Wenn ich gewinne, lege ich sogar noch was drauf. Wir sehen uns.","내가 이기면 얹어서 더 줄게. 나중에 보자고.","","False","DIA_Randolph_ICHGEBEDIRGELD_06_02","",""
"Scripts/Content/Story/Dialoge/DIA_BAU_942_Randolph.d:348","Ist schon gut. Du hast ja selber nicht genug.","됐어. 너도 쓸 돈이 부족하잖아.","","False","DIA_Randolph_ICHGEBEDIRGELD_06_03","",""
"Scripts/Content/Story/Dialoge/DIA_BAU_942_Randolph.d:364","Kopfschmerzen?","머리가 깨질 것 같나?","","False","DIA_Randolph_WETTKAMPFZUENDE.description","",""
"Scripts/Content/Story/Dialoge/DIA_BAU_942_Randolph.d:379","Kopfschmerzen?","머리가 깨질 것 같나?","","False","DIA_Randolph_WETTKAMPFZUENDE_15_00","",""
"Scripts/Content/Story/Dialoge/DIA_BAU_942_Randolph.d:383","Ich glaube, den dicken Schädel werde ich nie wieder los. Ich trinke keinen Tropfen mehr, das schwöre ich.","이 두개골이 깨질 듯한 통증은 두 번 다시 사라지지 않을 것 같아. 다시는 한 모금도 안 마실 거야, 맹세해.","","False","DIA_Randolph_WETTKAMPFZUENDE_06_01","",""
"Scripts/Content/Story/Dialoge/DIA_BAU_942_Randolph.d:384","Dein Geld ist weg. Tut mir Leid.","네 돈은 날렸어. 유감이야.","","False","DIA_Randolph_WETTKAMPFZUENDE_06_02","",""
"Scripts/Content/Story/Dialoge/DIA_BAU_942_Randolph.d:388","Nö. Mir geht's bestens.","아니. 난 아주 멀쩡해.","","False","DIA_Randolph_WETTKAMPFZUENDE_06_03","",""
"Scripts/Content/Story/Dialoge/DIA_BAU_942_Randolph.d:392","Dieses Mal hat es endlich geklappt. Ich danke dir noch Mal für dein Geld. Hier hast es zurück.","이번에는 드디어 해냈어. 돈 빌려준 거 정말 고마워. 여기 돌려줄게.","","False","DIA_Randolph_WETTKAMPFZUENDE_06_04","",""
"Scripts/Content/Story/Dialoge/DIA_BAU_942_Randolph.d:398","Rukhar steht nicht so schnell wieder auf, schätze ich.","루카르는 한동안 쉽게 일어나지 못할 거야, 내 생각엔.","","False","DIA_Randolph_WETTKAMPFZUENDE_06_05","",""
"Scripts/Content/Story/Dialoge/DIA_BAU_942_Randolph.d:414","Geht's dir gut?","정신이 나가 있군 그래?","","False","DIA_Randolph_PERM.description","",""
"Scripts/Content/Story/Dialoge/DIA_BAU_942_Randolph.d:436","Geht's dir gut?","정신이 나가 있군 그래?","","False","DIA_Randolph_PERM_15_00","",""
"Scripts/Content/Story/Dialoge/DIA_BAU_942_Randolph.d:445","Du schickst mich los ohne eine Münze und sagst mir nicht, dass das Mittel so teuer ist?","이 약이 그렇게 비싸다는 말도 안 해 주고, 나를 동전 한 푼 없이 보낸 거야?","","False","DIA_Randolph_PERM_15_01","",""
"Scripts/Content/Story/Dialoge/DIA_BAU_942_Randolph.d:446","300 Goldmünzen will Sagitta von mir.","사기타가 내게 300 금화를 원해.","","False","DIA_Randolph_PERM_15_02","",""
"Scripts/Content/Story/Dialoge/DIA_BAU_942_Randolph.d:447","Ich kann dir nur 150 Goldmünzen geben. Bitte. Du musst mir helfen. Bitte.","너에게 150 금화밖에 줄 수 없어. 제발. 나를 도와줘야 해. 제발.","","False","DIA_Randolph_PERM_06_03","",""
"Scripts/Content/Story/Dialoge/DIA_BAU_942_Randolph.d:454","Richtig dreckig. Seit ich nicht mehr trinke, bin ich total auf Entzug. Ich brauche unbedingt Hilfe.","진짜 최악이야. 술을 끊은 이후로 금단 증세 때문에 미치겠어. 정말 도움이 필요해.","","False","DIA_Randolph_PERM_06_04","",""
"Scripts/Content/Story/Dialoge/DIA_BAU_942_Randolph.d:455","Es gibt da ein Mittel, das hilft.","도움이 될 만한 약이 있어.","","False","DIA_Randolph_PERM_06_05","",""
"Scripts/Content/Story/Dialoge/DIA_BAU_942_Randolph.d:456","Sagitta, die alte Kräuterhexe, hat es mir immer gemacht. Aber bis da hin schaffe ich es wohl nicht mehr bei den ganzen Orks hier.","늙은 약초 마녀 사기타가 항상 그걸 만들어 줬지. 하지만 여기에 오크들이 가득해서 거기까지 갈 수 있을지 모르겠어.","","False","DIA_Randolph_PERM_06_06","",""
"Scripts/Content/Story/Dialoge/DIA_BAU_942_Randolph.d:467","Bin ein bisschen wackelig auf den Beinen, aber ansonsten geht's schon.","다리가 좀 후들거리긴 하지만, 그럭저럭 괜찮아.","","False","DIA_Randolph_PERM_06_07","",""
"Scripts/Content/Story/Dialoge/DIA_BAU_942_Randolph.d:482","Das Saufen ist dir zu Kopf gestiegen, was?","술 때문에 머리가 돌기라도 한 거야?","","False","DIA_Randolph_Heilung.description","",""
"Scripts/Content/Story/Dialoge/DIA_BAU_942_Randolph.d:496","Das Saufen ist dir zu Kopf gestiegen, was?","술 때문에 머리가 돌기라도 한 거야?","","False","DIA_Randolph_Heilung_15_00","",""
"Scripts/Content/Story/Dialoge/DIA_BAU_942_Randolph.d:497","Ich trink nie wieder einen Tropfen. Nicht in diesem Leben. Da kannst du dich drauf verlassen, Mann.","두 번 다시 술 한 모금도 안 마실 거야. 이 생에서는 없어. 장담하지, 친구.","","False","DIA_Randolph_Heilung_06_01","",""
"Scripts/Content/Story/Dialoge/DIA_BAU_942_Randolph.d:510","Hier. Das wird deinen Entzug lindern.","자. 금단 증상을 완화해 줄 거야.","","False","DIA_Randolph_SAGITTAHEAL.description","",""
"Scripts/Content/Story/Dialoge/DIA_BAU_942_Randolph.d:524","Hier. Das wird deinen Entzug lindern.","자. 금단 증상을 완화해 줄 거야.","","False","DIA_Randolph_SAGITTAHEAL_15_00","",""
"Scripts/Content/Story/Dialoge/DIA_BAU_942_Randolph.d:532","Oah! Danke, Mann. Jetzt kann ich wieder ruhig schlafen.","오! 고마워, 친구. 이제 편하게 잘 수 있겠어.","","False","DIA_Randolph_SAGITTAHEAL_06_01","",""
"Scripts/Content/Story/Dialoge/DIA_BAU_942_Randolph.d:533","Wie kann ich das nur wieder gut machen.","이 은혜를 어떻게 갚아야 할지 모르겠군.","","False","DIA_Randolph_SAGITTAHEAL_06_02","",""
"Scripts/Content/Story/Dialoge/DIA_BAU_942_Randolph.d:537","Ich denke, die paar Münzen hier werden nur mein Gesicht vor dir wahren. Mehr jedoch nicht, fürchte ich.","이 몇 푼 안 되는 동전은 내 체면치레밖에 안 되겠지만 말이야. 유감이지만 그게 다야.","","False","DIA_Randolph_SAGITTAHEAL_06_03","",""
"Scripts/Content/Story/Dialoge/DIA_BAU_942_Randolph.d:544","Ich habe für dich einen Batzen Geld bezahlt und deine paar Kröten tilgen bei weitem meine Unkosten nicht.","너 때문에 꽤 많은 돈을 썼는데, 네가 준 푼돈으로는 내 비용을 턱도 없이 모자란다고.","","False","DIA_Randolph_SAGITTAHEAL_15_04","",""
"Scripts/Content/Story/Dialoge/DIA_BAU_942_Randolph.d:545","Tja. Da kann ich ja froh sein, dass ich an so einen hilfsbereiten Paladin geraten bin, was?","그래. 그럼 이렇게 도와주는 팔라딘을 만나서 다행이라고 생각해야겠네, 그렇지?","","False","DIA_Randolph_SAGITTAHEAL_06_05","",""
"Scripts/Content/Story/Dialoge/DIA_BAU_944_Ehnim.d:33","Wer bist du?","넌 누구지?","","False","DIA_Ehnim_HALLO.description","",""
"Scripts/Content/Story/Dialoge/DIA_BAU_944_Ehnim.d:43","Wer bist du?","넌 누구지?","","False","DIA_Ehnim_HALLO_15_00","",""
"Scripts/Content/Story/Dialoge/DIA_BAU_944_Ehnim.d:44","Mein Name ist Ehnim. Ich bin einer der Feldarbeiter.","내 이름은 에님이야. 나는 농장 일꾼 중 하나지.","","False","DIA_Ehnim_HALLO_12_01","",""
"Scripts/Content/Story/Dialoge/DIA_BAU_944_Ehnim.d:51","Und die halbe Portion da drüben ist mein Bruder Egill.","그리고 저기 얼빠진 녀석은 내 동생 에길이야.","","False","DIA_Ehnim_HALLO_12_02","",""
"Scripts/Content/Story/Dialoge/DIA_BAU_944_Ehnim.d:54","Wir arbeiten schon seit einigen Jahren für Akil hier auf dem Hof.","우리는 몇 년 동안 여기서 아킬의 농장을 위해 일하고 있어.","","False","DIA_Ehnim_HALLO_12_03","",""
"Scripts/Content/Story/Dialoge/DIA_BAU_944_Ehnim.d:66","Wie läuft die Feldarbeit?","밭일은 어때?","","False","DIA_Ehnim_FELDARBEIT.description","",""
"Scripts/Content/Story/Dialoge/DIA_BAU_944_Ehnim.d:79","Wie läuft die Feldarbeit?","밭일은 어때?","","False","DIA_Ehnim_FELDARBEIT_15_00","",""
"Scripts/Content/Story/Dialoge/DIA_BAU_944_Ehnim.d:80","Willst du mithelfen? Da hinten steht noch eine Hake. Schnapp sie dir und dann ab aufs Feld.","도와주고 싶어? 저 뒤에 괭이가 하나 더 있어. 집어 들고 밭으로 가라고.","","False","DIA_Ehnim_FELDARBEIT_12_01","",""
"Scripts/Content/Story/Dialoge/DIA_BAU_944_Ehnim.d:81","Du musst nur aufpassen, dass die Feldräuber dich nicht überraschen. Die reißen dir mit einem Bissen glatt den Arm ab.","필드 레이더가 기습하지 않도록 조심하기만 하면 돼. 녀석들은 한 입에 네 팔을 뜯어버릴 테니까.","","False","DIA_Ehnim_FELDARBEIT_12_02","",""
"Scripts/Content/Story/Dialoge/DIA_BAU_944_Ehnim.d:93","Warum unternimmst du nichts gegen die Feldräuber?","필드 레이더를 상대로 왜 아무것도 안 하는 거지?","","False","DIA_Ehnim_FELDRAEUBER.description","",""
"Scripts/Content/Story/Dialoge/DIA_BAU_944_Ehnim.d:106","Warum unternimmst du nichts gegen die Feldräuber?","필드 레이더를 상대로 왜 아무것도 안 하는 거지?","","False","DIA_Ehnim_FELDRAEUBER_15_00","",""
"Scripts/Content/Story/Dialoge/DIA_BAU_944_Ehnim.d:107","Ich hab schon viele von ihnen erschlagen, ich kann sie gar nicht mehr zählen. Das Dumme ist nur, sie kommen immer wieder.","나도 녀석들을 셀 수 없을 만큼 많이 처치했어. 문제는 자꾸 기어 나온다는 거지.","","False","DIA_Ehnim_FELDRAEUBER_12_01","",""
"Scripts/Content/Story/Dialoge/DIA_BAU_944_Ehnim.d:119","Dein Bruder hat das Gleiche erzählt.","네 형도 똑같은 소리를 하던데.","","False","DIA_Ehnim_STREIT1.description","",""
"Scripts/Content/Story/Dialoge/DIA_BAU_944_Ehnim.d:143","Dein Bruder hat das Gleiche erzählt.","네 형도 똑같은 소리를 하던데.","","False","DIA_Ehnim_STREIT1_15_00","",""
"Scripts/Content/Story/Dialoge/DIA_BAU_944_Ehnim.d:144","Was denn? Der Drückeberger? Der ist doch immer gleich verschwunden, wenn die Biester auf unser Land kommen.","뭐? 그 꾀병쟁이 말이야? 녀석들은 우리 땅에 짐승들이 나타나기만 하면 늘 꽁무니를 빼거든.","","False","DIA_Ehnim_STREIT1_12_01","",""
"Scripts/Content/Story/Dialoge/DIA_BAU_944_Ehnim.d:145","Er sollte besser nicht so einen Unsinn erzählen.","그런 헛소리는 안 하는 게 좋을 텐데.","","False","DIA_Ehnim_STREIT1_12_02","",""
"Scripts/Content/Story/Dialoge/DIA_BAU_944_Ehnim.d:157","Dein Bruder hält dich für einen Aufschneider.","네 형이 너를 허풍쟁이라고 하던데.","","False","DIA_Ehnim_STREIT3.description","",""
"Scripts/Content/Story/Dialoge/DIA_BAU_944_Ehnim.d:177","Dein Bruder hält dich für einen Aufschneider.","네 형이 너를 허풍쟁이라고 하던데.","","False","DIA_Ehnim_STREIT3_15_00","",""
"Scripts/Content/Story/Dialoge/DIA_BAU_944_Ehnim.d:178","Was? Er wagt es tatsächlich, so was zu sagen?","뭐? 감히 그런 말을 했다고?","","False","DIA_Ehnim_STREIT3_12_01","",""
"Scripts/Content/Story/Dialoge/DIA_BAU_944_Ehnim.d:179","Er soll bloß aufpassen, dass ich ihm nicht das Fell über die Ohren zieh.","가죽을 벗겨버리기 전에 조심하라고 해.","","False","DIA_Ehnim_STREIT3_12_02","",""
"Scripts/Content/Story/Dialoge/DIA_BAU_944_Ehnim.d:180","Geh hin und sagt ihm das.","가서 그 소릴 직접 전해.","","False","DIA_Ehnim_STREIT3_12_03","",""
"Scripts/Content/Story/Dialoge/DIA_BAU_944_Ehnim.d:194","Ich finde, ihr beide solltet euch wieder entspannen.","내 생각엔 너희 둘 다 진정하는 게 좋겠어.","","False","DIA_Ehnim_STREIT5.description","",""
"Scripts/Content/Story/Dialoge/DIA_BAU_944_Ehnim.d:217","Ich finde, ihr beide solltet euch wieder entspannen.","내 생각엔 너희 둘 다 진정하는 게 좋겠어.","","False","DIA_Ehnim_STREIT5_15_00","",""
"Scripts/Content/Story/Dialoge/DIA_BAU_944_Ehnim.d:218","Der Dreckskerl gibt nicht nach, hab ich recht?","그 자식은 끝까지 굽히지 않는단 말이지, 내 말이 맞지?","","False","DIA_Ehnim_STREIT5_12_01","",""
"Scripts/Content/Story/Dialoge/DIA_BAU_944_Ehnim.d:219","Ich werde ihm die Gedärme rausreißen. Sag ihm das.","녀석의 창자를 찢어버릴 거야. 그렇게 전해.","","False","DIA_Ehnim_STREIT5_12_02","",""
"Scripts/Content/Story/Dialoge/DIA_BAU_944_Ehnim.d:223","Macht doch, was ihr wollt. Ich gehe. ","마음대로 해라. 난 간다. ","","False","DIA_Ehnim_STREIT5_Info.DIA_Ehnim_STREIT5.DIA_Ehnim_STREIT5_gehen","Info_AddChoice",""
"Scripts/Content/Story/Dialoge/DIA_BAU_944_Ehnim.d:224","Sag es ihm doch selbst.","직접 가서 말하지 그래.","","False","DIA_Ehnim_STREIT5_Info.DIA_Ehnim_STREIT5.DIA_Ehnim_STREIT5_Attack","Info_AddChoice",""
"Scripts/Content/Story/Dialoge/DIA_BAU_944_Ehnim.d:229","Sag es ihm doch selbst.","직접 가서 말하지 그래.","","False","DIA_Ehnim_STREIT5_Attack_15_00","",""
"Scripts/Content/Story/Dialoge/DIA_BAU_944_Ehnim.d:230","Das werde ich auch.","그렇게 하지.","","False","DIA_Ehnim_STREIT5_Attack_12_01","",""
"Scripts/Content/Story/Dialoge/DIA_BAU_944_Ehnim.d:243","Macht doch, was ihr wollt. Ich gehe.","마음대로 해라. 난 간다.","","False","DIA_Ehnim_STREIT5_gehen_15_00","",""
"Scripts/Content/Story/Dialoge/DIA_BAU_944_Ehnim.d:244","Ja, verdrück dich ruhig.","그래, 조용히 찌그러져 있으라고.","","False","DIA_Ehnim_STREIT5_gehen_12_01","",""
"Scripts/Content/Story/Dialoge/DIA_BAU_944_Ehnim.d:275","Willst du noch mehr Ärger anzetteln? Ich glaube, es ist besser, wenn du jetzt gehst.","더 이상 말썽을 피우고 싶은 건가? 지금 떠나는 게 좋을 걸.","","False","DIA_Ehnim_PERMKAP1_12_00","",""
"Scripts/Content/Story/Dialoge/DIA_BAU_944_Ehnim.d:305","Du bist ja immer noch da.","너 아직도 여기 있네.","","False","DIA_Ehnim_MoleRatFett_12_00","",""
"Scripts/Content/Story/Dialoge/DIA_BAU_944_Ehnim.d:306","Offensichtlich. Immer noch sauer?","보시다시피. 아직도 화가 안 풀렸어?","","False","DIA_Ehnim_MoleRatFett_15_01","",""
"Scripts/Content/Story/Dialoge/DIA_BAU_944_Ehnim.d:307","Ach was, Schwamm drüber. Sag mal, warst du in letzter Zeit mal auf Lobarts Hof?","아냐, 잊어버려. 그런데, 최근에 로바트의 농장에 간 적 있나?","","False","DIA_Ehnim_MoleRatFett_12_02","",""
"Scripts/Content/Story/Dialoge/DIA_BAU_944_Ehnim.d:308","Kann sein. Warum?","있을지도. 왜?","","False","DIA_Ehnim_MoleRatFett_15_03","",""
"Scripts/Content/Story/Dialoge/DIA_BAU_944_Ehnim.d:309","Ach, nichts Wichtiges. Ich wollte nur mal wieder mit Vino über seine Brennerei sprechen.","아, 별것 아니야. 비노한테 증류기에 대해 다시 이야기하고 싶었거든.","","False","DIA_Ehnim_MoleRatFett_12_04","",""
"Scripts/Content/Story/Dialoge/DIA_BAU_944_Ehnim.d:312","Ich hab jetzt keine Zeit.","지금은 시간이 없어.","","False","DIA_Ehnim_MoleRatFett_Info.DIA_Ehnim_MoleRatFett.DIA_Ehnim_MoleRatFett_nein","Info_AddChoice",""
"Scripts/Content/Story/Dialoge/DIA_BAU_944_Ehnim.d:313","Was für eine Brennerei?","어떤 증류기 말이야?","","False","DIA_Ehnim_MoleRatFett_Info.DIA_Ehnim_MoleRatFett.DIA_Ehnim_MoleRatFett_was","Info_AddChoice",""
"Scripts/Content/Story/Dialoge/DIA_BAU_944_Ehnim.d:317","Vino ist tot.","비노는 죽었어.","","False","DIA_Ehnim_MoleRatFett_Info.DIA_Ehnim_MoleRatFett.DIA_Ehnim_MoleRatFett_tot","Info_AddChoice",""
"Scripts/Content/Story/Dialoge/DIA_BAU_944_Ehnim.d:323","Vino ist tot.","비노는 죽었어.","","False","DIA_Ehnim_MoleRatFett_tot_15_00","",""
"Scripts/Content/Story/Dialoge/DIA_BAU_944_Ehnim.d:324","Oh je. Nun ja. Dann hat sich das wohl erledigt.","이런. 그렇군. 그럼 된 거네.","","False","DIA_Ehnim_MoleRatFett_tot_12_01","",""
"Scripts/Content/Story/Dialoge/DIA_BAU_944_Ehnim.d:329","Was für eine Brennerei?","어떤 증류기 말이야?","","False","DIA_Ehnim_MoleRatFett_was_15_00","",""
"Scripts/Content/Story/Dialoge/DIA_BAU_944_Ehnim.d:330","Ach. Das hätte ich jetzt besser nicht sagen sollen. Vino war immer sehr eigen mit seinem kleinen Geheimnis.","아. 이런 말은 안 하는 게 나았을 텐데. 비노는 늘 자기만의 작은 비밀을 아주 중요하게 여겼거든.","","False","DIA_Ehnim_MoleRatFett_was_12_01","",""
"Scripts/Content/Story/Dialoge/DIA_BAU_944_Ehnim.d:331","Egal, jetzt ist es mir eh rausgerutscht. In dem Wald dahinten hat Vino eine geheime Schnapsbrennerei eingerichtet.","됐어, 이미 입 밖에 나와버렸는걸. 비노는 저기 저 숲속에 몰래 술 증류소를 차려 뒀어.","","False","DIA_Ehnim_MoleRatFett_was_12_02","",""
"Scripts/Content/Story/Dialoge/DIA_BAU_944_Ehnim.d:332","Vor einiger Zeit bat er mich, ihm ein Schmiermittel für seine mechanische Gittertür zu besorgen.","얼마 전에 그가 자기 철격자의 기계 장치에 바를 윤활유를 구해달라고 부탁했었지.","","False","DIA_Ehnim_MoleRatFett_was_12_03","",""
"Scripts/Content/Story/Dialoge/DIA_BAU_944_Ehnim.d:333","In der letzten Zeit hat es viel geregnet und da ist ihm das Ding zugerostet. Die Winde klemmt jetzt und man kommt nicht mehr hinein. So ein Schlammassel.","최근에 비가 많이 와서 그 물건이 녹슬어 버렸어. 지금은 윈치가 끼여서 아무도 안으로 들어갈 수가 없어. 정말 엉망진창이야.","","False","DIA_Ehnim_MoleRatFett_was_12_04","",""
"Scripts/Content/Story/Dialoge/DIA_BAU_944_Ehnim.d:339","Und? Hast du das Schmiermittel?","그래서? 윤활유는 가지고 있어?","","False","DIA_Ehnim_MoleRatFett_was.DIA_Ehnim_MoleRatFett.DIA_Ehnim_MoleRatFett_was_Fett","Info_AddChoice",""
"Scripts/Content/Story/Dialoge/DIA_BAU_944_Ehnim.d:344","Und? Hast du das Schmiermittel?","그래서? 윤활유는 가지고 있어?","","False","DIA_Ehnim_MoleRatFett_was_Fett_15_00","",""
"Scripts/Content/Story/Dialoge/DIA_BAU_944_Ehnim.d:345","Ja, klar. Das beste, was es gibt. Moleratfett. Ein Teufelszeug, sag ich dir. Es wird sogar zum Schmieren von Bordkanonen verwendet.","그럼, 당연하지. 세상에서 제일 좋은 거야. 두더지쥐 지방이지. 엄청난 물건이라니까. 함포에 기름칠할 때도 쓰인다니까.","","False","DIA_Ehnim_MoleRatFett_was_Fett_12_01","",""
"Scripts/Content/Story/Dialoge/DIA_BAU_944_Ehnim.d:347","Verkauf´ mir das Fett.","그 지방을 나한테 팔아.","","False","DIA_Ehnim_MoleRatFett_was_Fett.DIA_Ehnim_MoleRatFett.DIA_Ehnim_MoleRatFett_was_Fett_habenwill","Info_AddChoice",""
"Scripts/Content/Story/Dialoge/DIA_BAU_944_Ehnim.d:353","Verkauf mir das Fett.","그 지방을 나한테 팔아.","","False","DIA_Ehnim_MoleRatFett_was_Fett_habenwill_15_00","",""
"Scripts/Content/Story/Dialoge/DIA_BAU_944_Ehnim.d:354","Das wird aber nicht billig, Kollege. Es ist verdammt selten in diesem Teil des Landes.","하지만 헐값으로는 안 줄 거야, 친구. 이 지방 이쪽 동네에서는 더럽게 귀하거든.","","False","DIA_Ehnim_MoleRatFett_was_Fett_habenwill_12_01","",""
"Scripts/Content/Story/Dialoge/DIA_BAU_944_Ehnim.d:355","Wie viel?","얼마나?","","False","DIA_Ehnim_MoleRatFett_was_Fett_habenwill_15_02","",""
"Scripts/Content/Story/Dialoge/DIA_BAU_944_Ehnim.d:356","Mmh. 100 Goldmünzen?","음. 100 금화라고?","","False","DIA_Ehnim_MoleRatFett_was_Fett_habenwill_12_03","",""
"Scripts/Content/Story/Dialoge/DIA_BAU_944_Ehnim.d:360","Das ist zuviel.","너무 비싸.","","False","DIA_Ehnim_MoleRatFett_was_Fett_habenwill.DIA_Ehnim_MoleRatFett.DIA_Ehnim_MoleRatFett_was_Fett_habenwill_zuviel","Info_AddChoice",""
"Scripts/Content/Story/Dialoge/DIA_BAU_944_Ehnim.d:361","Abgemacht.","좋아, 거래하자.","","False","DIA_Ehnim_MoleRatFett_was_Fett_habenwill.DIA_Ehnim_MoleRatFett.DIA_Ehnim_MoleRatFett_was_Fett_habenwill_ja","Info_AddChoice",""
"Scripts/Content/Story/Dialoge/DIA_BAU_944_Ehnim.d:366","Abgemacht.","좋아, 거래하자.","","False","DIA_Ehnim_MoleRatFett_was_Fett_habenwill_ja_15_00","",""
"Scripts/Content/Story/Dialoge/DIA_BAU_944_Ehnim.d:370","Alles klar. Hier hast du es.","알았어. 여기 있어.","","False","DIA_Ehnim_MoleRatFett_was_Fett_habenwill_ja_12_01","",""
"Scripts/Content/Story/Dialoge/DIA_BAU_944_Ehnim.d:378","(zu sich) Oh je. Vino wird mich umbringen.","(혼잣말) 아이쿠. 비노가 나를 죽여버릴 거야.","","False","DIA_Ehnim_MoleRatFett_was_Fett_habenwill_ja_12_02","",""
"Scripts/Content/Story/Dialoge/DIA_BAU_944_Ehnim.d:383","Verdammt, wo habe ich es denn? So ein Mist. Tja, tut mir Leid. Ich habe es offensichtlich nicht mehr. Hier hast du deine Kohle wieder.","젠장, 어디다 뒀지? 이런 젠장맞을. 음, 미안하게 됐어. 분명 가지고 있었는데 말이야. 여기 네 석탄을 돌려줄게.","","False","DIA_Ehnim_MoleRatFett_was_Fett_habenwill_ja_12_03","",""
"Scripts/Content/Story/Dialoge/DIA_BAU_944_Ehnim.d:388","Das war doch sicher wieder mein Bruder, dieser Mistkerl.","이거 분명 내 동생 짓이야, 그 나쁜 자식.","","False","DIA_Ehnim_MoleRatFett_was_Fett_habenwill_ja_12_04","",""
"Scripts/Content/Story/Dialoge/DIA_BAU_944_Ehnim.d:397","Na, das habe ich gerne. Erst groß auf die Kacke hauen und dann hast du das Geld nicht mal. Hau bloß ab.","참 잘하는 짓이네. 먼저 큰소리 뻥뻥 쳐놓고 정작 돈도 없다는 거지? 당장 꺼져.","","False","DIA_Ehnim_MoleRatFett_was_Fett_habenwill_ja_12_05","",""
"Scripts/Content/Story/Dialoge/DIA_BAU_944_Ehnim.d:405","Das ist zu viel.","너무 비싸.","","False","DIA_Ehnim_MoleRatFett_was_Fett_habenwill_zuviel_15_00","",""
"Scripts/Content/Story/Dialoge/DIA_BAU_944_Ehnim.d:406","Ok, ok. Dann eben 70 Goldmünzen. Das ist aber mein letztes Angebot.","알았어, 알았어. 그럼 70 금화지 뭐. 하지만 그게 내 마지막 제안이야.","","False","DIA_Ehnim_MoleRatFett_was_Fett_habenwill_zuviel_12_01","",""
"Scripts/Content/Story/Dialoge/DIA_BAU_944_Ehnim.d:410","Das ist immer noch zuviel.","여전히 너무 비싸.","","False","DIA_Ehnim_MoleRatFett_was_Fett_habenwill_zuviel.DIA_Ehnim_MoleRatFett.DIA_Ehnim_MoleRatFett_was_Fett_habenwill_zuviel_immernoch","Info_AddChoice",""
"Scripts/Content/Story/Dialoge/DIA_BAU_944_Ehnim.d:411","Abgemacht.","좋아, 거래하자.","","False","DIA_Ehnim_MoleRatFett_was_Fett_habenwill_zuviel.DIA_Ehnim_MoleRatFett.DIA_Ehnim_MoleRatFett_was_Fett_habenwill_ja","Info_AddChoice",""
"Scripts/Content/Story/Dialoge/DIA_BAU_944_Ehnim.d:416","Das ist immer noch zu viel.","여전히 너무 비싸.","","False","DIA_Ehnim_MoleRatFett_was_immernoch_15_00","",""
"Scripts/Content/Story/Dialoge/DIA_BAU_944_Ehnim.d:417","(verärgert) Dann eben nicht. Schönen Tag noch.","(화가 나서) 그럼 말든가. 좋은 하루 보내라고.","","False","DIA_Ehnim_MoleRatFett_was_immernoch_12_01","",""
"Scripts/Content/Story/Dialoge/DIA_BAU_944_Ehnim.d:423","Ich hab jetzt keine Zeit.","지금은 시간이 없어.","","False","DIA_Ehnim_MoleRatFett_nein_15_00","",""
"Scripts/Content/Story/Dialoge/DIA_BAU_944_Ehnim.d:424","Lass dich bloß nicht aufhalten, Mann.","붙잡을 생각은 없으니 가라고, 친구.","","False","DIA_Ehnim_MoleRatFett_nein_12_01","",""
"Scripts/Content/Story/Dialoge/DIA_BAU_944_Ehnim.d:453","Ich habe jetzt keine Zeit.","지금은 시간이 없어.","","False","DIA_Ehnim_PERMKAP3_12_00","",""
"Scripts/Content/Story/Dialoge/DIA_BAU_945_Egill.d:33","Wie sieht's aus?","어떻게 지내나?","","False","DIA_Egill_HALLO.description","",""
"Scripts/Content/Story/Dialoge/DIA_BAU_945_Egill.d:43","Wie sieht's aus?","어떻게 지내나?","","False","DIA_Egill_HALLO_15_00","",""
"Scripts/Content/Story/Dialoge/DIA_BAU_945_Egill.d:44","Schon lange keinen Fremden mehr auf unserem Land gesehen, der uns nicht gleich die Haut abziehen will.","우리 땅에서 우리의 가죽을 벗기려 들지 않는 이방인을 본 지가 아주 오래되었군.","","False","DIA_Egill_HALLO_08_01","",""
"Scripts/Content/Story/Dialoge/DIA_BAU_945_Egill.d:45","Ich hoffe, ich habe mich jetzt nicht bei dir getäuscht.","내가 자네를 잘못 보지 않았기를 바라네.","","False","DIA_Egill_HALLO_08_02","",""
"Scripts/Content/Story/Dialoge/DIA_BAU_945_Egill.d:46","Ich bin Egill.","내 이름은 에길이야.","","False","DIA_Egill_HALLO_08_03","",""
"Scripts/Content/Story/Dialoge/DIA_BAU_945_Egill.d:51","Und der komische Vogel dort drüben ist mein Bruder Ehnim.","그리고 저기 얼빠진 녀석은 내 형 에님이지.","","False","DIA_Egill_HALLO_08_04","",""
"Scripts/Content/Story/Dialoge/DIA_BAU_945_Egill.d:64","Wie läuft die Feldarbeit?","밭일은 어때?","","False","DIA_Egill_FELDARBEIT.description","",""
"Scripts/Content/Story/Dialoge/DIA_BAU_945_Egill.d:77","Wie läuft die Feldarbeit?","밭일은 어때?","","False","DIA_Egill_FELDARBEIT_15_00","",""
"Scripts/Content/Story/Dialoge/DIA_BAU_945_Egill.d:78","Bestens. Wenn diese elenden Feldräuber nicht ständig unsere Ernte vernichten würden ...","최고지. 저 끔찍한 필드 레이더들이 계속 우리 수확물을 망쳐놓지만 않는다면 말이야...","","False","DIA_Egill_FELDARBEIT_08_01","",""
"Scripts/Content/Story/Dialoge/DIA_BAU_945_Egill.d:90","Warum unternimmst du nichts gegen die Feldräuber?","필드 레이더를 상대로 왜 아무것도 안 하는 거지?","","False","DIA_Egill_FELDRAEUBER.description","",""
"Scripts/Content/Story/Dialoge/DIA_BAU_945_Egill.d:103","Warum unternimmst du nichts gegen die Feldräuber?","필드 레이더를 상대로 왜 아무것도 안 하는 거지?","","False","DIA_Egill_FELDRAEUBER_15_00","",""
"Scripts/Content/Story/Dialoge/DIA_BAU_945_Egill.d:104","Du machst mir Spaß. Seit ich hier auf diesem Hof bin, habe ich schon unzählige dieser Viecher erledigt.","농담하는 거지? 이 농장에 온 이후로, 셀 수 없을 만큼 많은 녀석들을 해치웠다고.","","False","DIA_Egill_FELDRAEUBER_08_01","",""
"Scripts/Content/Story/Dialoge/DIA_BAU_945_Egill.d:105","Es kommen aber leider immer wieder neue.","하지만 유감스럽게도 새로운 녀석들이 자꾸 기어 나오지.","","False","DIA_Egill_FELDRAEUBER_08_02","",""
"Scripts/Content/Story/Dialoge/DIA_BAU_945_Egill.d:117","Dein Bruder erzählt etwas Ähnliches.","네 형도 비슷한 이야기를 하던데.","","False","DIA_Egill_STREIT2.description","",""
"Scripts/Content/Story/Dialoge/DIA_BAU_945_Egill.d:138","Dein Bruder erzählt etwas Ähnliches.","네 형도 비슷한 이야기를 하던데.","","False","DIA_Egill_STREIT2_15_00","",""
"Scripts/Content/Story/Dialoge/DIA_BAU_945_Egill.d:139","(lauernd) Aha. Was denn genau?","(간 보듯) 그래? 정확히 뭐라고 하던가?","","False","DIA_Egill_STREIT2_08_01","",""
"Scripts/Content/Story/Dialoge/DIA_BAU_945_Egill.d:140","Dass er auch schon viele Feldräuber zur Strecke gebracht hat.","자기도 필드 레이더를 꽤 많이 해치웠다고 하던데.","","False","DIA_Egill_STREIT2_15_02","",""
"Scripts/Content/Story/Dialoge/DIA_BAU_945_Egill.d:141","Was? Der Blindgänger findet doch noch nicht mal alleine nach Hause.","뭐? 그 얼간이는 혼자서 집 찾아오는 길도 모를걸.","","False","DIA_Egill_STREIT2_08_03","",""
"Scripts/Content/Story/Dialoge/DIA_BAU_945_Egill.d:142","Sag ihm, er soll mal nicht so aufschneiden.","그렇게 허풍 떨지 말라고 전해 줘.","","False","DIA_Egill_STREIT2_08_04","",""
"Scripts/Content/Story/Dialoge/DIA_BAU_945_Egill.d:156","Ehnim ist wegen der Geschichte ein wenig gereizt.","에님은 그 일 때문에 약간 약이 올랐어.","","False","DIA_Egill_STREIT4.description","",""
"Scripts/Content/Story/Dialoge/DIA_BAU_945_Egill.d:176","Ehnim ist wegen der Geschichte ein wenig gereizt.","에님은 그 일 때문에 약간 약이 올랐어.","","False","DIA_Egill_STREIT4_15_00","",""
"Scripts/Content/Story/Dialoge/DIA_BAU_945_Egill.d:177","Er soll sich nicht so aufblasen, sonst reiß ich ihm den Kopf ab. Sag ihm das.","그렇게 잘난 척해대지 말라 그래, 안 그럼 머리를 뽑아버릴 테니까. 그렇게 전해 줘.","","False","DIA_Egill_STREIT4_08_01","",""
"Scripts/Content/Story/Dialoge/DIA_BAU_945_Egill.d:207","Hast du nicht genug Schaden angerichtet? Ich finde, du solltest jetzt gehen.","피해를 입힐 만큼 입히지 않았나? 이제 그만 떠나는 게 좋을 걸.","","False","DIA_Egill_PERMKAP1_08_00","",""
"Scripts/Content/Story/Dialoge/DIA_BAU_950_Lobart.d:57","Ich glaubs ja nicht! Der Mistkerl rennt mit MEINEN Klamotten rum!","믿을 수가 없군! 이 나쁜 자식이 내 옷을 입고 돌아다니고 있잖아!","","False","DIA_Lobart_STOLENCLOTHS_05_00","",""
"Scripts/Content/Story/Dialoge/DIA_BAU_950_Lobart.d:61","Hey du!","이봐, 거기 너!","","False","DIA_Lobart_STOLENCLOTHS_05_01","",""
"Scripts/Content/Story/Dialoge/DIA_BAU_950_Lobart.d:62","Seit du das letzte Mal hier warst, fehlen ein paar Sachen aus meiner Truhe!","네가 저번에 여기 다녀간 이후로, 내 상자에서 물건 몇 개가 없어졌다고!","","False","DIA_Lobart_STOLENCLOTHS_05_02","",""
"Scripts/Content/Story/Dialoge/DIA_BAU_950_Lobart.d:68","Du solltest dich hier nützlich machen und nicht in meinem Haus rumschnüffeln, du Tagedieb!","이 건달 녀석, 내 집을 뒤지고 다닐 게 아니라 여기서 쓸모 있는 일이나 하란 말이야!","","False","DIA_Lobart_STOLENCLOTHS_05_03","",""
"Scripts/Content/Story/Dialoge/DIA_BAU_950_Lobart.d:71","Du gibst mir auf der Stelle meine Klamotten wieder!","당장 내 옷을 돌려줘!","","False","DIA_Lobart_STOLENCLOTHS_05_04","",""
"Scripts/Content/Story/Dialoge/DIA_BAU_950_Lobart.d:74","Vergiß es!","시끄러!","","False","DIA_Lobart_STOLENCLOTHS_Info.DIA_Lobart_STOLENCLOTHS.DIA_Lobart_STOLENCLOTHS_ForgetIt","Info_AddChoice",""
"Scripts/Content/Story/Dialoge/DIA_BAU_950_Lobart.d:77","Hier hast du sie wieder.","자, 여기 돌려주마.","","False","DIA_Lobart_STOLENCLOTHS_Info.DIA_Lobart_STOLENCLOTHS.DIA_Lobart_STOLENCLOTHS_HereYouGo","Info_AddChoice",""
"Scripts/Content/Story/Dialoge/DIA_BAU_950_Lobart.d:81","Ich habe sie nicht mehr.","더는 가지고 있지 않아.","","False","DIA_Lobart_STOLENCLOTHS_Info.DIA_Lobart_STOLENCLOTHS.DIA_Lobart_STOLENCLOTHS_DontHaveIt","Info_AddChoice",""
"Scripts/Content/Story/Dialoge/DIA_BAU_950_Lobart.d:87","Hier hast du sie wieder.","자, 여기 돌려주마.","","False","DIA_Lobart_STOLENCLOTHS_HereYouGo_15_00","",""
"Scripts/Content/Story/Dialoge/DIA_BAU_950_Lobart.d:88","Wenn du sie haben willst, musst du dafür BEZAHLEN!","그걸 갖고 싶다면 대가를 지불해야 할 거다!","","False","DIA_Lobart_STOLENCLOTHS_HereYouGo_05_01","",""
"Scripts/Content/Story/Dialoge/DIA_BAU_950_Lobart.d:89","(schroff) Jetzt sieh zu, dass du dich nützlich machst!","(퉁명스럽게) 이제 제법 쓸모 있는 일을 해 보라고!","","False","DIA_Lobart_STOLENCLOTHS_HereYouGo_05_02","",""
"Scripts/Content/Story/Dialoge/DIA_BAU_950_Lobart.d:98","Ich habe sie nicht mehr.","더는 가지고 있지 않아.","","False","DIA_Lobart_STOLENCLOTHS_DontHaveIt_15_00","",""
"Scripts/Content/Story/Dialoge/DIA_BAU_950_Lobart.d:99","Hast sie wohl schon verkauft, was? (poltert) Ich werd dir helfen, Bürschchen!","벌써 팔아치우기라도 했다 이거지? (고함을 지르며) 버릇을 고쳐주마, 녀석아!","","False","DIA_Lobart_STOLENCLOTHS_DontHaveIt_05_01","",""
"Scripts/Content/Story/Dialoge/DIA_BAU_950_Lobart.d:108","Vergiss es!","됐어!","","False","DIA_Lobart_STOLENCLOTHS_ForgetIt_15_00","",""
"Scripts/Content/Story/Dialoge/DIA_BAU_950_Lobart.d:109","(poltert) Ich werd dir helfen, Bürschchen!","(고함을 지르며) 버릇을 고쳐주마, 녀석아!","","False","DIA_Lobart_STOLENCLOTHS_ForgetIt_05_01","",""
"Scripts/Content/Story/Dialoge/DIA_BAU_950_Lobart.d:141","Warum treibst du dich hier auf meinem Land rum?","왜 내 땅에서 얼쩡거리는 거지?","","False","DIA_Lobart_Hallo_05_00","",""
"Scripts/Content/Story/Dialoge/DIA_BAU_950_Lobart.d:142","(abschätzend) Für wen bist du? Für die aufständischen Bauern oder für den König?","(평가하듯) 넌 누구 편이냐? 반란을 일으킨 농부들이냐, 아니면 국왕이냐?","","False","DIA_Lobart_Hallo_05_01","",""
"Scripts/Content/Story/Dialoge/DIA_BAU_950_Lobart.d:145","Ich verstehe nicht...","무슨 말씀이신지...","","False","DIA_Lobart_Hallo_Info.DIA_Lobart_Hallo.DIA_Lobart_Hallo_What","Info_AddChoice",""
"Scripts/Content/Story/Dialoge/DIA_BAU_950_Lobart.d:146","Für den König!","국왕 폐하 편이다!","","False","DIA_Lobart_Hallo_Info.DIA_Lobart_Hallo.DIA_Lobart_Hallo_ForTheKing","Info_AddChoice",""
"Scripts/Content/Story/Dialoge/DIA_BAU_950_Lobart.d:147","Für die Bauern!","농부들 편이다!","","False","DIA_Lobart_Hallo_Info.DIA_Lobart_Hallo.DIA_Lobart_Hallo_ForThePeasants","Info_AddChoice",""
"Scripts/Content/Story/Dialoge/DIA_BAU_950_Lobart.d:151","Was kann ich für dich tun?","내가 뭘 도와주면 되겠나?","","False","DIA_Lobart_Hallo_05_02","",""
"Scripts/Content/Story/Dialoge/DIA_BAU_950_Lobart.d:157","Für die Bauern!","농부들 편이다!","","False","DIA_Lobart_Hallo_ForThePeasants_15_00","",""
"Scripts/Content/Story/Dialoge/DIA_BAU_950_Lobart.d:158","Ha! Onar, dieser verdammte Kriegstreiber, bringt uns noch alle ins Grab!","하! 저 빌어먹을 호전광 오나르 때문에 우리 모두 무덤으로 쳐박히게 생겼어!","","False","DIA_Lobart_Hallo_ForThePeasants_05_01","",""
"Scripts/Content/Story/Dialoge/DIA_BAU_950_Lobart.d:159","Was glaubst du, wie lange sich die Paladine das ansehen?","팔라딘들이 언제까지 이걸 가만히 보고만 있을 것 같나?","","False","DIA_Lobart_Hallo_ForThePeasants_05_02","",""
"Scripts/Content/Story/Dialoge/DIA_BAU_950_Lobart.d:160","Nach dem, was Onar sich geleistet hat, ist die ganze Stadt in Aufruhr.","오나르가 저지른 짓 때문에 도시 전체가 소란스럽다고.","","False","DIA_Lobart_Hallo_ForThePeasants_05_03","",""
"Scripts/Content/Story/Dialoge/DIA_BAU_950_Lobart.d:168","Für den König!","국왕 폐하 편이다!","","False","DIA_Lobart_Hallo_ForTheKing_15_00","",""
"Scripts/Content/Story/Dialoge/DIA_BAU_950_Lobart.d:169","(verächtlich) 'Für den König!' Das haben die Stadtwachen gesagt, als sie die Hälfte meiner Schafe geholt haben.","(경멸하듯) '국왕 폐하를 위하여!' 도시 경비병들이 내 양의 절반을 끌고 갔을 때 지껄인 소리가 바로 그거였다.","","False","DIA_Lobart_Hallo_ForTheKing_05_01","",""
"Scripts/Content/Story/Dialoge/DIA_BAU_950_Lobart.d:170","Aber wo sind die Drecksäcke, wenn wir uns die Banditen vom Hals halten müssen? Wo werden sie sein, wenn uns die Orks überrennen?","하지만 우리가 녀석들로부터 스스로를 지켜야 할 때 이 개자식들은 어디에 있었지? 오크들이 우리를 짓밟을 때 녀석들은 어디에 있을 것 같나?","","False","DIA_Lobart_Hallo_ForTheKing_05_02","",""
"Scripts/Content/Story/Dialoge/DIA_BAU_950_Lobart.d:171","Ich werd's dir sagen: In der Stadt, hinter den dicken Mauern.","알려주지. 두꺼운 성벽 뒤편, 도시에 있지.","","False","DIA_Lobart_Hallo_ForTheKing_05_03","",""
"Scripts/Content/Story/Dialoge/DIA_BAU_950_Lobart.d:172","Also hör mir auf mit dem König.","그러니 내 앞에서 국왕 얘기는 꺼내지도 마라.","","False","DIA_Lobart_Hallo_ForTheKing_05_04","",""
"Scripts/Content/Story/Dialoge/DIA_BAU_950_Lobart.d:180","Ich verstehe nicht ...","무슨 말씀이신지...","","False","DIA_Lobart_Hallo_What_15_00","",""
"Scripts/Content/Story/Dialoge/DIA_BAU_950_Lobart.d:181","Was?! Verarsch mich nicht, Junge! Ich will wissen, wo du stehst! Also, für wen bist du?!","뭐?! 장난치지 마라, 애송아! 네가 누구 편인지 똑바로 알고 싶단 말이다! 자, 누구 편이냐?!","","False","DIA_Lobart_Hallo_What_05_01","",""
"Scripts/Content/Story/Dialoge/DIA_BAU_950_Lobart.d:193","Ich brauche vernünftige Kleidung!","제대로 된 옷이 필요해!","","False","DIA_Lobart_KLEIDUNG.description","",""
"Scripts/Content/Story/Dialoge/DIA_BAU_950_Lobart.d:207","Ich brauche vernünftige Kleidung!","제대로 된 옷이 필요해!","","False","DIA_Lobart_KLEIDUNG_15_00","",""
"Scripts/Content/Story/Dialoge/DIA_BAU_950_Lobart.d:208","Ich kann dir saubere Landarbeiterkleidung geben.","깨끗한 농부 작업복을 줄 수는 있지.","","False","DIA_Lobart_KLEIDUNG_05_01","",""
"Scripts/Content/Story/Dialoge/DIA_BAU_950_Lobart.d:209","Kannst du sie denn bezahlen?","대가는 치를 수 있나?","","False","DIA_Lobart_KLEIDUNG_05_02","",""
"Scripts/Content/Story/Dialoge/DIA_BAU_950_Lobart.d:217","Du könntest einen Teil des Preises abarbeiten ... falls du jemand bist, der Arbeit SUCHT.","일부러 일거리를 찾는 사람이라면... 일해서 값의 일부를 갚을 수도 있을 텐데.","","False","DIA_Lobart_KLEIDUNG_05_03","",""
"Scripts/Content/Story/Dialoge/DIA_BAU_950_Lobart.d:232","Was kostet die Landarbeiterkleidung?","농부 작업복은 얼마지?","","False","DIA_Lobart_BuyClothes.description","",""
"Scripts/Content/Story/Dialoge/DIA_BAU_950_Lobart.d:249","Was kostet die Landarbeiterkleidung?","농부 작업복은 얼마지?","","False","DIA_Lobart_BuyClothes_15_00","",""
"Scripts/Content/Story/Dialoge/DIA_BAU_950_Lobart.d:250","Tja, mal sehen ...","어디 보자...","","False","DIA_Lobart_BuyClothes_05_01","",""
"Scripts/Content/Story/Dialoge/DIA_BAU_950_Lobart.d:260","Du hast für mich die Feldarbeit gemacht.","내 밭에서 일했더군.","","False","DIA_Lobart_BuyClothes_05_02","",""
"Scripts/Content/Story/Dialoge/DIA_BAU_950_Lobart.d:266","Du bist meiner Frau zur Hand gegangen.","내 아내를 도와줬더군.","","False","DIA_Lobart_BuyClothes_05_03","",""
"Scripts/Content/Story/Dialoge/DIA_BAU_950_Lobart.d:272","Vino sagt, du warst ihm eine echte Hilfe. Ich meine, das will schon was heißen - er hält sonst nichts von Tagelöhnern.","비노가 네 덕분에 큰 도움이 되었다고 하더군. 그가 일용직 노동자를 좋게 평가하는 일이 드물다는 걸 생각하면 대단한 칭찬이지.","","False","DIA_Lobart_BuyClothes_05_04","",""
"Scripts/Content/Story/Dialoge/DIA_BAU_950_Lobart.d:278","Maleth sagt, du hast uns die Banditen vom Hals geschafft. Die Mistkerle haben uns 'ne Menge Ärger gemacht. Dank dir sind wir sie jetzt los!","말레트가 네가 우리를 괴롭히던 산적들을 쫓아내 줬다고 하더군. 그 자식들 때문에 골치가 아팠는데 말이야. 덕분에 녀석들을 떨쳐낼 수 있었어!","","False","DIA_Lobart_BuyClothes_05_05","",""
"Scripts/Content/Story/Dialoge/DIA_BAU_950_Lobart.d:289","Billiger wird sie nicht.","이보다 싸게는 안 준다.","","False","DIA_Lobart_GOLD_05_06","",""
"Scripts/Content/Story/Dialoge/DIA_BAU_950_Lobart.d:294","Ist mir noch zu teuer.","아직은 너무 비싸.","","False","DIA_Lobart_BuyClothes_Info.DIA_Lobart_BuyClothes.DIA_Lobart_BuyClothes_NotYet","Info_AddChoice",""
"Scripts/Content/Story/Dialoge/DIA_BAU_950_Lobart.d:295","Gib mir die Arbeiterkleidung (Schutz: Waffen 15, Pfeile 15)","작업복을 다오 (보호력: 무기 15, 화살 15)","","False","DIA_Lobart_BuyClothes_Info.DIA_Lobart_BuyClothes.DIA_Lobart_BuyClothes_BUY","Info_AddChoice",""
"Scripts/Content/Story/Dialoge/DIA_BAU_950_Lobart.d:300","Gib mir die Arbeiterkleidung.","그럼 작업복을 다오.","","False","DIA_Lobart_BuyClothes_BUY_15_00","",""
"Scripts/Content/Story/Dialoge/DIA_BAU_950_Lobart.d:306","Tja, mein Junge. Ehrlich währt am längsten! Hier hast du sie!","그래, 젊은 친구. 정직이 최고지! 자, 여기 있다!","","False","DIA_Lobart_BuyClothes_BUY_05_01","",""
"Scripts/Content/Story/Dialoge/DIA_BAU_950_Lobart.d:312","In meinem Haus steht eine Truhe, da findest du saubere Sachen.","내 집에 상자가 하나 있는데, 거기에 깨끗한 옷이 있다.","","False","DIA_Lobart_BuyClothes_BUY_05_02","",""
"Scripts/Content/Story/Dialoge/DIA_BAU_950_Lobart.d:313","Aber lass dir bloß nicht einfallen, noch was anderes zu nehmen, ohne zu fragen!","하지만 허락 없이 다른 물건에 손댈 생각은 아예 하지 마라!","","False","DIA_Lobart_BuyClothes_BUY_05_03","",""
"Scripts/Content/Story/Dialoge/DIA_BAU_950_Lobart.d:323","Du hast nicht genug Gold!","금이 충분하지 않아!","","False","DIA_Lobart_BuyClothes_BUY_05_04","",""
"Scripts/Content/Story/Dialoge/DIA_BAU_950_Lobart.d:331","Ist mir noch zu teuer.","아직은 너무 비싸.","","False","DIA_Lobart_BuyClothes_NotYet_15_00","",""
"Scripts/Content/Story/Dialoge/DIA_BAU_950_Lobart.d:332","Wie du meinst ...","마음대로 해라...","","False","DIA_Lobart_BuyClothes_NotYet_05_01","",""
"Scripts/Content/Story/Dialoge/DIA_BAU_950_Lobart.d:346","Was ist hier eigentlich los?","여기에 대체 무슨 일이 일어나고 있는 거지?","","False","DIA_Lobart_AufstandInfo.description","",""
"Scripts/Content/Story/Dialoge/DIA_BAU_950_Lobart.d:360","Was ist hier eigentlich los?","여기에 대체 무슨 일이 일어나고 있는 거지?","","False","DIA_Lobart_AufstandInfo_15_00","",""
"Scripts/Content/Story/Dialoge/DIA_BAU_950_Lobart.d:361","Du weißt nicht, was los ist? Junge, wo kommst du HER? Wir befinden uns am Rande eines Bürgerkrieges!","무슨 일이 일어나고 있는지도 모른다고? 이봐, 넌 어디서 온 거냐? 우리는 지금 내전 직전이라고!","","False","DIA_Lobart_AufstandInfo_05_01","",""
"Scripts/Content/Story/Dialoge/DIA_BAU_950_Lobart.d:365","Bis jetzt haben alle Bauern die Abgaben an die Stadt als gerechten Tribut angesehen.","지금까지 모든 농부들은 도시에 내는 세금을 정당한 공물로 여겨왔지.","","False","DIA_Lobart_AufstandInfo_05_02","",""
"Scripts/Content/Story/Dialoge/DIA_BAU_950_Lobart.d:366","Aber seit die Paladine in Khorinis sind, kommen die Stadtwachen immer öfter - und sie holen nach und nach alles ab.","하지만 팔라딘들이 코리니스에 온 이후로 도시 경비병들이 점점 더 자주 찾아와서는 온갖 물건들을 모조리 긁어가는 중이야.","","False","DIA_Lobart_AufstandInfo_05_03","",""
"Scripts/Content/Story/Dialoge/DIA_BAU_950_Lobart.d:367","Wenn das so weitergeht, haben wir bald selbst nichts mehr.","이러다가는 우리 몫조차 남지 않게 생겼다고.","","False","DIA_Lobart_AufstandInfo_05_04","",""
"Scripts/Content/Story/Dialoge/DIA_BAU_950_Lobart.d:370","Einige Bauern fangen an, sich aufzulehnen! Onar war der erste von ihnen!","몇몇 농부들이 반기를 들기 시작했어! 오나르가 그 첫 번째였지!","","False","DIA_Lobart_AufstandInfo_05_05","",""
"Scripts/Content/Story/Dialoge/DIA_BAU_950_Lobart.d:382","Erzähl mir mehr über diesen Onar...","그 오나르라는 자에 대해 더 말해 줘...","","False","DIA_Lobart_OnarStory.description","",""
"Scripts/Content/Story/Dialoge/DIA_BAU_950_Lobart.d:396","Erzähl mir mehr über diesen Onar...","그 오나르라는 자에 대해 더 말해 줘...","","False","DIA_Lobart_OnarStory_15_00","",""
"Scripts/Content/Story/Dialoge/DIA_BAU_950_Lobart.d:400","Du bist doch Söldner, oder? Was soll ich dir dann noch über deinen Boss erzählen?","넌 용병이잖아? 그런데 네 보스에 대해 내가 뭘 더 말해줘야 하지?","","False","DIA_Lobart_OnarStory_05_01","",""
"Scripts/Content/Story/Dialoge/DIA_BAU_950_Lobart.d:404","Onar ist der größte Bauer hier in der Gegend. Er hat sich von der Stadt losgesagt.","오나르는 이 지역에서 가장 큰 농부야. 그는 영지와 절연을 선언했지.","","False","DIA_Lobart_OnarStory_05_02","",""
"Scripts/Content/Story/Dialoge/DIA_BAU_950_Lobart.d:405","Es heißt, er hat Söldner angeheuert, damit sie ihm die Stadtwache vom Hals halten!","도시 경비병들이 농장에 얼씬거리지 못하도록 용병들을 고용했다고 하더군!","","False","DIA_Lobart_OnarStory_05_03","",""
"Scripts/Content/Story/Dialoge/DIA_BAU_950_Lobart.d:406","Kann's ihm nicht verübeln.","그를 비난할 수는 없지.","","False","DIA_Lobart_OnarStory_05_04","",""
"Scripts/Content/Story/Dialoge/DIA_BAU_950_Lobart.d:407","Jedenfalls traut sich jetzt kein königlicher Soldat mehr auf seinen Hof.","어쨌든 이제 그 어떤 왕실 군도 그의 농장 감히 발을 들여놓지 못해.","","False","DIA_Lobart_OnarStory_05_05","",""
"Scripts/Content/Story/Dialoge/DIA_BAU_950_Lobart.d:420","Was sind das für Söldner, die Onar angeheuert hat?","오나르가 고용한 용병들은 어떤 자들이지?","","False","DIA_Lobart_SldInfo.description","",""
"Scripts/Content/Story/Dialoge/DIA_BAU_950_Lobart.d:435","Was sind das für Söldner, die Onar angeheuert hat?","오나르가 고용한 용병들은 어떤 자들이지?","","False","DIA_Lobart_SldInfo_15_00","",""
"Scripts/Content/Story/Dialoge/DIA_BAU_950_Lobart.d:436","Ich weiß nicht viel über die Kerle. Angeblich sollen viele von ihnen ehemalige Gefangene aus der Minenkolonie sein.","그 녀석들에 대해서는 잘 모른다. 대다수가 광산 감옥 출신의 전직 죄수들이라더군.","","False","DIA_Lobart_SldInfo_05_01","",""
"Scripts/Content/Story/Dialoge/DIA_BAU_950_Lobart.d:437","(abfällig) Was man von denen zu halten hat, ist ja bekannt ...","(경멸하며) 녀석들을 어떻게 봐야 할지는 뻔하지만 말이야...","","False","DIA_Lobart_SldInfo_05_02","",""
"Scripts/Content/Story/Dialoge/DIA_BAU_950_Lobart.d:449","Für wen bist du? Bauern oder König?","누구 편이냐? 농부들이냐, 아니면 국왕이냐?","","False","DIA_Lobart_WhichSide.description","",""
"Scripts/Content/Story/Dialoge/DIA_BAU_950_Lobart.d:463","Was ist mit dir? Für wen bist du? Bauern oder König?","그럼 넌 어때? 누구 편이냐? 농부들이냐, 국왕이냐?","","False","DIA_Lobart_WhichSide_15_00","",""
"Scripts/Content/Story/Dialoge/DIA_BAU_950_Lobart.d:464","Ich bin zu nah an der Stadt, um wirklich eine Wahl zu haben.","도시에 너무 가까이 살아서 선택의 여지가 별로 없지.","","False","DIA_Lobart_WhichSide_05_01","",""
"Scripts/Content/Story/Dialoge/DIA_BAU_950_Lobart.d:465","Aber ich bin ganz froh darüber. Ich wüsste nicht, wie ich mich entscheiden soll.","하지만 그것도 나름 다행이야. 어떻게 결정해야 할지 모르겠거든.","","False","DIA_Lobart_WhichSide_05_02","",""
"Scripts/Content/Story/Dialoge/DIA_BAU_950_Lobart.d:469","Der König lässt uns ausbluten und Onar hetzt allen, die sich ihm nicht anschließen, seine Söldner auf den Hals.","국왕은 우리의 피를 빨아먹고 있고, 오나르는 자기 편에 서지 않는 자들에게 용병들을 풀어놓고 있으니 말이야.","","False","DIA_Lobart_WhichSide_05_03","",""
"Scripts/Content/Story/Dialoge/DIA_BAU_950_Lobart.d:470","Deswegen sind die meisten anderen Bauern noch unentschlossen, aber auf kurz oder lang werden sie sich schon für eine Seite entscheiden MÜSSEN.","그래서 다른 농부들 대부분도 아직 결정을 내리지 못하고 있지만, 조만간 어느 한쪽을 선택할 수밖에 없게 될 거다.","","False","DIA_Lobart_WhichSide_05_04","",""
"Scripts/Content/Story/Dialoge/DIA_BAU_950_Lobart.d:483","Ich suche Arbeit!","일자리를 찾고 있어!","","False","DIA_Lobart_WorkNOW.description","",""
"Scripts/Content/Story/Dialoge/DIA_BAU_950_Lobart.d:501","Ich suche Arbeit!","일자리를 찾고 있어!","","False","DIA_Lobart_WorkNOW_15_00","",""
"Scripts/Content/Story/Dialoge/DIA_BAU_950_Lobart.d:502","Einen weiteren Knecht kann ich nicht gebrauchen. Aber für einen Tagelöhner hätte ich schon was zu tun.","농장 일꾼을 더 들일 필요는 없다. 하지만 일용직 노동자라면 시킬 일이 좀 있지.","","False","DIA_Lobart_WorkNOW_05_01","",""
"Scripts/Content/Story/Dialoge/DIA_BAU_950_Lobart.d:503","Ich meine, du kannst mir ein bisschen auf dem Feld zur Hand gehen. Und es gibt auch sicher noch ein paar andere Dinge, die hier zu tun sind.","내 말은, 밭일 좀 거들 수 있다는 거다. 여기서는 분명 다른 일도 좀 해야 할 테고 말이지.","","False","DIA_Lobart_WorkNOW_05_02","",""
"Scripts/Content/Story/Dialoge/DIA_BAU_950_Lobart.d:507","Ich könnte dich mit Gold bezahlen. Oder dir ein paar gute Sachen zum Anziehen geben.","금으로 보수을 줄 수도 있고. 입을 만한 쓸만한 옷을 줄 수도 있지.","","False","DIA_Lobart_WorkNOW_05_03","",""
"Scripts/Content/Story/Dialoge/DIA_BAU_950_Lobart.d:508","Die Sachen sind 'ne Menge wert. Ich kann sie dir nicht umsonst geben, aber ich kann sie dir billiger verkaufen, wenn du für mich arbeitest.","그 옷은 가치가 꽤 나간다. 공짜로 줄 수는 없지만, 날 위해 일한다면 더 싸게 팔 수는 있지.","","False","DIA_Lobart_WorkNOW_05_04","",""
"Scripts/Content/Story/Dialoge/DIA_BAU_950_Lobart.d:517","So, wie du rumläufst, solltest du die Klamotten nehmen.","네 꼴을 보니 옷을 받는 게 좋겠군.","","False","DIA_Lobart_WorkNOW_05_05","",""
"Scripts/Content/Story/Dialoge/DIA_BAU_950_Lobart.d:521","Aber du hast ja schon Klamotten, also willst du vermutlich das Gold.","하지만 이미 옷을 입고 있으니, 아마 금을 원하겠지.","","False","DIA_Lobart_WorkNOW_05_06","",""
"Scripts/Content/Story/Dialoge/DIA_BAU_950_Lobart.d:525","Wie auch immer - das kleine Rübenfeld neben der Scheune muss abgeerntet werden.","어쨌든 간에 낭떠러지 옆의 작은 순무밭을 수확해야 한다.","","False","DIA_Lobart_WorkNOW_05_07","",""
"Scripts/Content/Story/Dialoge/DIA_BAU_950_Lobart.d:528","Ich soll Rüben ziehen? Willst du mich verarschen?","내가 순무를 뽑으라고? 농담하는 거야?","","False","DIA_Lobart_WorkNOW_Info.DIA_Lobart_WorkNOW.DIA_Lobart_WorkNOW_WannaFoolMe","Info_AddChoice",""
"Scripts/Content/Story/Dialoge/DIA_BAU_950_Lobart.d:529","Na gut...","좋아...","","False","DIA_Lobart_WorkNOW_Info.DIA_Lobart_WorkNOW.DIA_Lobart_WorkNOW_Ok","Info_AddChoice",""
"Scripts/Content/Story/Dialoge/DIA_BAU_950_Lobart.d:534","Na gut ...","좋아...","","False","DIA_Lobart_WorkNOW_Ok_15_00","",""
"Scripts/Content/Story/Dialoge/DIA_BAU_950_Lobart.d:538","Dann beeil dich ein bisschen, bevor ich es mir anders überlege.","그럼 내가 마음을 바꾸기 전에 서두르는 게 좋을 거다.","","False","DIA_Lobart_WorkNOW_Ok_05_01","",""
"Scripts/Content/Story/Dialoge/DIA_BAU_950_Lobart.d:551","Ich soll Rüben ziehen? Willst du mich verarschen?","내가 순무를 뽑으라고? 농담하는 거야?","","False","DIA_Lobart_WorkNOW_WannaFoolMe_15_00","",""
"Scripts/Content/Story/Dialoge/DIA_BAU_950_Lobart.d:552","Richtige Männerarbeit ist wohl nichts für so einen 'feinen Herrn', was?","이런 '고상하신 나으리'께는 진정한 사내의 일이 마음에 안 드시나 보지?","","False","DIA_Lobart_WorkNOW_WannaFoolMe_05_01","",""
"Scripts/Content/Story/Dialoge/DIA_BAU_950_Lobart.d:556","Mach, dass du aufs Feld kommst, oder verschwinde von meinem Hof!","당장 밭으로 가거나 내 농장에서 꺼지도록 해!","","False","DIA_Lobart_WorkNOW_WannaFoolMe_05_02","",""
"Scripts/Content/Story/Dialoge/DIA_BAU_950_Lobart.d:560","Was anderes habe ich im Moment nicht zu tun.","지금은 너한테 시킬 다른 일이 없다.","","False","DIA_Lobart_WorkNOW_WannaFoolMe_05_03","",""
"Scripts/Content/Story/Dialoge/DIA_BAU_950_Lobart.d:581","Hier hast du deine Rüben!","여기 순무를 가져왔소!","","False","DIA_Lobart_RuebenRunning.description","",""
"Scripts/Content/Story/Dialoge/DIA_BAU_950_Lobart.d:596","Hier hast du deine Rüben!","여기 순무를 가져왔소!","","False","DIA_Lobart_RuebenRunning_15_00","",""
"Scripts/Content/Story/Dialoge/DIA_BAU_950_Lobart.d:602","Du bist ja doch zu was zu gebrauchen.","너도 쓸모가 아예 없지는 않단 말이지.","","False","DIA_Lobart_RuebenRunning_05_01","",""
"Scripts/Content/Story/Dialoge/DIA_BAU_950_Lobart.d:607","Bring sie zu meiner Frau ins Haus, sie soll sie kochen.","안에 있는 내 아내에게 갖다 주거라. 요리하라고 전해라.","","False","DIA_Lobart_RuebenRunning_05_02","",""
"Scripts/Content/Story/Dialoge/DIA_BAU_950_Lobart.d:621","Was ist mit meinem Lohn?","내 품삯은 어쩌고?","","False","DIA_Lobart_RuebenRunning_15_03","",""
"Scripts/Content/Story/Dialoge/DIA_BAU_950_Lobart.d:622","Ich kann dir 5 Goldstücke geben.","5 개의 금을 줄 수 있다.","","False","DIA_Lobart_RuebenRunning_05_04","",""
"Scripts/Content/Story/Dialoge/DIA_BAU_950_Lobart.d:626","... oder die Klamotten billiger verkaufen, was soll's sein?","...아니면 옷을 더 싸게 팔 수도 있지, 어느 쪽으로 할래?","","False","DIA_Lobart_RuebenRunning_05_05","",""
"Scripts/Content/Story/Dialoge/DIA_BAU_950_Lobart.d:633","Mach mir einen besseren Preis für die Klamotten!","옷값을 더 깎아줘!","","False","DIA_Lobart_RuebenRunning_Info.DIA_Lobart_RuebenRunning.DIA_Lobart_RuebenRunning_Billiger","Info_AddChoice",""
"Scripts/Content/Story/Dialoge/DIA_BAU_950_Lobart.d:636","Gib mir 5 Goldmünzen!","금화 5닢을 줘!","","False","DIA_Lobart_RuebenRunning_Info.DIA_Lobart_RuebenRunning.DIA_Lobart_RuebenRunning_Gold","Info_AddChoice",""
"Scripts/Content/Story/Dialoge/DIA_BAU_950_Lobart.d:640","Das sind ja noch nicht mal 20 Stück!","아직 20닢도 안 되잖아!","","False","DIA_Lobart_RuebenRunning_05_06","",""
"Scripts/Content/Story/Dialoge/DIA_BAU_950_Lobart.d:644","Hast du den Rest etwa aufgefressen?! Das will ich nicht hoffen, mein Junge, sonst kannst du deinen Lohn vergessen!","설마 나머지를 다 처먹기라도 한 건 아니겠지?! 아니길 바란다, 젊은 친구. 그렇지 않으면 넌 품삯은 꿈도 꾸지 마라!","","False","DIA_Lobart_RuebenRunning_05_07","",""
"Scripts/Content/Story/Dialoge/DIA_BAU_950_Lobart.d:645","Sieh zu, dass du mehr holst! Los, an die Arbeit, sonst mach ich dir Beine!","가서 더 가져와라! 얼른 일하러 가, 안 그러면 뼈도 못 추릴 줄 알아라!","","False","DIA_Lobart_RuebenRunning_05_08","",""
"Scripts/Content/Story/Dialoge/DIA_BAU_950_Lobart.d:654","Gib mir 5 Goldmünzen!","금화 5닢을 줘!","","False","DIA_Lobart_RuebenRunning_Gold_15_00","",""
"Scripts/Content/Story/Dialoge/DIA_BAU_950_Lobart.d:655","Hier.","여기 있다.","","False","DIA_Lobart_RuebenRunning_Gold_05_01","",""
"Scripts/Content/Story/Dialoge/DIA_BAU_950_Lobart.d:661","Und versauf nicht gleich alles auf einmal.","그리고 한 번에 술로 다 탕진하지 마라.","","False","DIA_Lobart_RuebenRunning_Gold_05_02","",""
"Scripts/Content/Story/Dialoge/DIA_BAU_950_Lobart.d:669","Mach mir einen besseren Preis für die Klamotten!","옷값을 더 깎아줘!","","False","DIA_Lobart_RuebenRunning_Billiger_15_00","",""
"Scripts/Content/Story/Dialoge/DIA_BAU_950_Lobart.d:670","Gut! Ich werde sie dir für 10 Goldstücke weniger geben.","좋다! 금화 10닢을 깎아주마.","","False","DIA_Lobart_RuebenRunning_Billiger_05_01","",""
"Scripts/Content/Story/Dialoge/DIA_BAU_950_Lobart.d:685","Hast du sonst noch was für mich zu tun?","나한테 시킬 다른 일은 없나?","","False","DIA_Lobart_MoreWork.description","",""
"Scripts/Content/Story/Dialoge/DIA_BAU_950_Lobart.d:700","Hast du sonst noch was für mich zu tun?","나한테 시킬 다른 일은 없나?","","False","DIA_Lobart_MoreWork_15_00","",""
"Scripts/Content/Story/Dialoge/DIA_BAU_950_Lobart.d:704","Hol erst die Rüben vom Feld. Dann sehen wir weiter.","일단 밭에서 순무부터 가져오너라. 그러고 나서 생각해보자고.","","False","DIA_Lobart_MoreWork_05_01","",""
"Scripts/Content/Story/Dialoge/DIA_BAU_950_Lobart.d:708","Ich nicht, aber du kannst meine Frau fragen oder die Jungs auf den Feldern. Vielleicht brauchen die Hilfe.","나한테는 없지만, 내 아내나 밭에서 일하는 녀석들에게 물어보도록 해. 도움이 필요할지도 모르니까.","","False","DIA_Lobart_MoreWork_05_02","",""
"Scripts/Content/Story/Dialoge/DIA_BAU_950_Lobart.d:729","Andre schickt mich zu dir.","안드레가 날 당신에게 보냈소.","","False","DIA_Lobart_ANDREHELPLOBART.description","",""
"Scripts/Content/Story/Dialoge/DIA_BAU_950_Lobart.d:742","Andre schickt mich zu dir. Kann ich irgendwas für dich tun?","안드레가 날 당신에게 보냈소. 내가 당신을 도와줄 일이 있소?","","False","DIA_Lobart_ANDREHELPLOBART_15_00","",""
"Scripts/Content/Story/Dialoge/DIA_BAU_950_Lobart.d:743","Ja, klar. Diese verdammten Feldräuber machen mich noch ganz krank.","그래, 물론이지. 이 빌어먹을 필드 레이더들 때문에 미치겠어.","","False","DIA_Lobart_ANDREHELPLOBART_05_01","",""
"Scripts/Content/Story/Dialoge/DIA_BAU_950_Lobart.d:744","Mach sie alle kalt. Wie du das anstellst, ist mir egal!","모조리 해치워 버려. 어떻게 하든 상관없으니까!","","False","DIA_Lobart_ANDREHELPLOBART_05_02","",""
"Scripts/Content/Story/Dialoge/DIA_BAU_950_Lobart.d:762","Ich hab die Biester erledigt!","그 벌레들을 해치웠소!","","False","DIA_Lobart_BUGDEAD.description","",""
"Scripts/Content/Story/Dialoge/DIA_BAU_950_Lobart.d:788","Ich hab die Biester erledigt!","그 벌레들을 해치웠소!","","False","DIA_Lobart_BUGDEAD_15_00","",""
"Scripts/Content/Story/Dialoge/DIA_BAU_950_Lobart.d:789","Alle Achtung. Als Kammerjäger taugst du was. Ich werde dich weiter empfehlen. Hier, nimm das als Entlohnung.","제법이군. 해충 방멸 업자로는 쓸만하겠어. 다른 사람들에게도 추천해 주마. 자, 여기 보수다.","","False","DIA_Lobart_BUGDEAD_05_01","",""
"Scripts/Content/Story/Dialoge/DIA_BAU_950_Lobart.d:805","Ich denke, ich hab die Biester erledigt!","그 벌레들을 해치운 것 같소!","","False","DIA_Lobart_BUGDEAD_15_02","",""
"Scripts/Content/Story/Dialoge/DIA_BAU_950_Lobart.d:806","Verarsch mich nicht. Ich seh sie doch noch. Entweder bringst du die Viecher um, oder wir vergessen die ganze Geschichte.","날 놀리지 마라. 아직도 눈에 띄는데 그래. 그 괴물들을 죽이든지, 아니면 이 일은 없는 셈 치든지 해라.","","False","DIA_Lobart_BUGDEAD_05_03","",""
"Scripts/Content/Story/Dialoge/DIA_BAU_950_Lobart.d:854","Wie geht's deinem Hof?","농장은 좀 어떤가?","","False","DIA_Lobart_DMT.description","",""
"Scripts/Content/Story/Dialoge/DIA_BAU_950_Lobart.d:867","Wie geht's deinem Hof?","농장은 어때?","","False","DIA_Lobart_DMT_15_00","",""
"Scripts/Content/Story/Dialoge/DIA_BAU_950_Lobart.d:868","Es ist nicht mehr auszuhalten.","더 이상은 못 참겠어.","","False","DIA_Lobart_DMT_05_01","",""
"Scripts/Content/Story/Dialoge/DIA_BAU_950_Lobart.d:869","Auf einmal sind überall diese schwarzen Kapuzenkerle aufgetaucht und haben sich an der Straße und auf meinem Hof postiert.","갑자기 어디선가 검은 후드를 쓴 작자들이 나타나더니 도로와 우리 농장을 점거했단 말이야.","","False","DIA_Lobart_DMT_05_02","",""
"Scripts/Content/Story/Dialoge/DIA_BAU_950_Lobart.d:878","Sie haben sich ziemlich lange mit Vino unterhalten und dann sind sie mit ihm verschwunden.","녀석들은 비노와 한참 동안 얘기를 나누더니 그를 데리고 사라졌어.","","False","DIA_Lobart_DMT_05_03","",""
"Scripts/Content/Story/Dialoge/DIA_BAU_950_Lobart.d:882","Wohin haben sie Vino verschleppt?","비노를 어디로 끌고 갔지?","","False","DIA_Lobart_DMT_Info.DIA_Lobart_DMT.DIA_Lobart_DMT_VinoWohin","Info_AddChoice",""
"Scripts/Content/Story/Dialoge/DIA_BAU_950_Lobart.d:885","Was wollten sie von Vino?","비노한테서 뭘 하려는 거지?","","False","DIA_Lobart_DMT_Info.DIA_Lobart_DMT.DIA_Lobart_DMT_VinoWas","Info_AddChoice",""
"Scripts/Content/Story/Dialoge/DIA_BAU_950_Lobart.d:891","Kurze Zeit später ist meine Frau wieder todkrank geworden. Sie liegt die meiste Zeit im Bett. Das hatte sie schon öfter.","얼마 지나지 않아 내 아내가 또 심하게 앓아눕지 않았겠나. 대부분 침대에 누워 지내고 있어. 전에도 종종 그러곤 했지.","","False","DIA_Lobart_DMT_05_04","",""
"Scripts/Content/Story/Dialoge/DIA_BAU_950_Lobart.d:894","Ich dreh hier noch durch!","정말 미쳐버릴 지경이야!","","False","DIA_Lobart_DMT_05_05","",""
"Scripts/Content/Story/Dialoge/DIA_BAU_950_Lobart.d:900","Warum gehst du mit deiner Frau nicht zum Heiler?","왜 아내를 데리고 치료사에게 가지 않는 거지?","","False","DIA_Lobart_DMT_Info.DIA_Lobart_DMT.DIA_Lobart_DMT_FrauHeilen","Info_AddChoice",""
"Scripts/Content/Story/Dialoge/DIA_BAU_950_Lobart.d:903","Warum unternimmst du nichts gegen die schwarzen Männer?","왜 저 검은 옷의 남자들에게 아무 조치도 취하지 않는 건가?","","False","DIA_Lobart_DMT_Info.DIA_Lobart_DMT.DIA_Lobart_DMT_hof","Info_AddChoice",""
"Scripts/Content/Story/Dialoge/DIA_BAU_950_Lobart.d:904","Hast du mit den schwarzen Männern gesprochen?","검은 옷의 남자들과 얘기해 본 적 있나?","","False","DIA_Lobart_DMT_Info.DIA_Lobart_DMT.DIA_Lobart_DMT_spokeToThem","Info_AddChoice",""
"Scripts/Content/Story/Dialoge/DIA_BAU_950_Lobart.d:909","Warum gehst du mit deiner Frau nicht zum Heiler?","왜 아내를 데리고 치료사에게 가지 않는 거지?","","False","DIA_Lobart_DMT_FrauHeilen_15_00","",""
"Scripts/Content/Story/Dialoge/DIA_BAU_950_Lobart.d:910","Dazu müssten wir zu Vatras in die Stadt gehen, aber ich geh hier keinen Meter von meinem Hof, solange hier so ein Chaos herrscht.","그러려면 도시의 바트라스에게 가야겠지만, 이 난리가 판을 치는 동안에는 내 농장에서 발 한 자국도 안 움직일 거라네.","","False","DIA_Lobart_DMT_FrauHeilen_05_01","",""
"Scripts/Content/Story/Dialoge/DIA_BAU_950_Lobart.d:927","Hast du mit den schwarzen Männern gesprochen?","검은 옷의 남자들과 얘기해 본 적 있나?","","False","DIA_Lobart_DMT_spokeToThem_15_00","",""
"Scripts/Content/Story/Dialoge/DIA_BAU_950_Lobart.d:928","Sicher. Es ließ sich ja gar nicht verhindern.","물론이지. 피할 도리가 없었으니까.","","False","DIA_Lobart_DMT_spokeToThem_05_01","",""
"Scripts/Content/Story/Dialoge/DIA_BAU_950_Lobart.d:929","Ich glaube, sie suchen jemanden.","누군가를 찾고 있는 것 같더군.","","False","DIA_Lobart_DMT_spokeToThem_05_02","",""
"Scripts/Content/Story/Dialoge/DIA_BAU_950_Lobart.d:934","Warum unternimmst du nichts gegen die schwarzen Männer?","왜 저 검은 옷의 남자들에게 아무 조치도 취하지 않는 건가?","","False","DIA_Lobart_DMT_hof_15_00","",""
"Scripts/Content/Story/Dialoge/DIA_BAU_950_Lobart.d:935","Würde ich ja liebend gerne tun. Aber ich hab gesehen, wie sie einen Stadtbewohner bei lebendigem Leib verbrannt haben. Einfach so.","나도 그러고 싶지. 하지만 그들이 도시 주민을 산 채로 불태우는 걸 봤거든. 그냥 생판 그렇게 말이야.","","False","DIA_Lobart_DMT_hof_05_01","",""
"Scripts/Content/Story/Dialoge/DIA_BAU_950_Lobart.d:936","Wozu soll ich mein Leben aufs Spiel setzen?","내 목숨을 담보로 위험을 감수할 이유가 있나?","","False","DIA_Lobart_DMT_hof_05_02","",""
"Scripts/Content/Story/Dialoge/DIA_BAU_950_Lobart.d:941","Was wollten sie von Vino?","비노한테서 뭘 하려는 거지?","","False","DIA_Lobart_DMT_VinoWas_15_00","",""
"Scripts/Content/Story/Dialoge/DIA_BAU_950_Lobart.d:942","Das sagten sie nicht. Sie haben ihn einfach mitgenommen.","말해 주지 않았어. 그냥 데려가 버렸지.","","False","DIA_Lobart_DMT_VinoWas_05_01","",""
"Scripts/Content/Story/Dialoge/DIA_BAU_950_Lobart.d:947","Wohin haben sie Vino verschleppt?","비노를 어디로 끌고 갔지?","","False","DIA_Lobart_DMT_VinoWohin_15_00","",""
"Scripts/Content/Story/Dialoge/DIA_BAU_950_Lobart.d:948","Sie sind mit ihm den Hügel da rauf.","그를 데리고 저 언덕 위로 올라갔어.","","False","DIA_Lobart_DMT_VinoWohin_05_01","",""
"Scripts/Content/Story/Dialoge/DIA_BAU_950_Lobart.d:960","Vino kommt nicht mehr zurück.","비노는 더 이상 돌아오지 않을 거야.","","False","DIA_Lobart_VINOTOT.description","",""
"Scripts/Content/Story/Dialoge/DIA_BAU_950_Lobart.d:975","Vino kommt nicht mehr zurück.","비노는 더 이상 돌아오지 않을 거야.","","False","DIA_Lobart_VINOTOT_15_00","",""
"Scripts/Content/Story/Dialoge/DIA_BAU_950_Lobart.d:979","Er ist tot.","그는 죽었어.","","False","DIA_Lobart_VINOTOT_15_01","",""
"Scripts/Content/Story/Dialoge/DIA_BAU_950_Lobart.d:983","Sie haben ihm den Verstand geraubt.","녀석들이 그의 제정신을 빼앗아 갔어.","","False","DIA_Lobart_VINOTOT_15_02","",""
"Scripts/Content/Story/Dialoge/DIA_BAU_950_Lobart.d:986","Bei Innos. Hoffentlich ist dieser Alptraum bald vorbei.","이노스 맙소사. 이 악몽이 제발 빨리 끝나기를.","","False","DIA_Lobart_VINOTOT_05_03","",""
"Scripts/Content/Story/Dialoge/DIA_BAU_950_Lobart.d:1000","Gib acht auf deinen Hof!","농장 조심하라고!","","False","DIA_Lobart_PERM.description","",""
"Scripts/Content/Story/Dialoge/DIA_BAU_950_Lobart.d:1020","Gib Acht auf deinen Hof!","농장 조심하라고!","","False","DIA_Lobart_PERM_15_00","",""
"Scripts/Content/Story/Dialoge/DIA_BAU_950_Lobart.d:1021","Ich werd's versuchen.","노력해 보겠네.","","False","DIA_Lobart_PERM_05_01","",""
"Scripts/Content/Story/Dialoge/DIA_BAU_950_Lobart.d:1067","Du hast ein Orkproblem.","오크 문제가 생긴 것 같군.","","False","DIA_Lobart_ORKPROBLEM.description","",""
"Scripts/Content/Story/Dialoge/DIA_BAU_950_Lobart.d:1088","Du hast ein Orkproblem.","오크 문제가 생긴 것 같군.","","False","DIA_Lobart_ORKPROBLEM_15_00","",""
"Scripts/Content/Story/Dialoge/DIA_BAU_950_Lobart.d:1089","(poltert) Verdammt noch mal. Hört der Stress denn nie auf.","(툴툴대며) 빌어먹을. 스트레스는 끝이 없군.","","False","DIA_Lobart_ORKPROBLEM_05_01","",""
"Scripts/Content/Story/Dialoge/DIA_BAU_950_Lobart.d:1090","Wenn das so weiter geht, ist mein Hof keine 3 Goldmünzen mehr wert.","이런 식이 계속되면, 내 농장은 금화 3개의 가치도 없을 거야.","","False","DIA_Lobart_ORKPROBLEM_05_02","",""
"Scripts/Content/Story/Dialoge/DIA_BAU_950_Lobart.d:1108","Ich habe die Orks von deinem Land beseitigt.","네 땅에 있던 오크들을 처치했어.","","False","DIA_Lobart_ORKSWEG.description","",""
"Scripts/Content/Story/Dialoge/DIA_BAU_950_Lobart.d:1128","Ich habe die Orks von deinem Land beseitigt.","네 땅에 있던 오크들을 처치했어.","","False","DIA_Lobart_ORKSWEG_15_00","",""
"Scripts/Content/Story/Dialoge/DIA_BAU_950_Lobart.d:1131","Da soll noch mal einer sagen, dass die Paladine nichts für uns kleinen Bauern tun.","팔라딘들이 우리 같은 가난한 농부들을 위해 아무것도 안 한다고 다시는 말하지 마라.","","False","DIA_Lobart_ORKSWEG_05_01","",""
"Scripts/Content/Story/Dialoge/DIA_BAU_950_Lobart.d:1134","Innos sei gedankt. Ich kann dir nicht viel geben, aber ich hoffe, du erkennst meine Geste der Dankbarkeit an.","이노스께 감사드립니다. 많은 걸 드릴 수는 없지만, 감사의 표시로 받아주셨으면 합니다.","","False","DIA_Lobart_ORKSWEG_05_02","",""
"Scripts/Content/Story/Dialoge/DIA_BAU_951_Hilda.d:52","Wer hat dich denn eingeladen? Mach, dass du aus dem Haus kommst. Hier gibt's keine Almosen.","이런, 누가 초대했지? 당장 이 집에서 나가. 여기는 자선 베푸는 곳이 아니야.","","False","DIA_Hilda_Hallo_17_00","",""
"Scripts/Content/Story/Dialoge/DIA_BAU_951_Hilda.d:56","Ja, bitte?","네, 무슨 일이시죠?","","False","DIA_Hilda_Hallo_17_01","",""
"Scripts/Content/Story/Dialoge/DIA_BAU_951_Hilda.d:72","Hast du was zu essen für mich?","먹을 것 좀 줄 수 있나?","","False","DIA_Hilda_WasZuEssen.description","",""
"Scripts/Content/Story/Dialoge/DIA_BAU_951_Hilda.d:90","Hast du was zu essen für mich?","먹을 것 좀 줄 수 있나?","","False","DIA_Hilda_WasZuEssen_15_00","",""
"Scripts/Content/Story/Dialoge/DIA_BAU_951_Hilda.d:100","Hier nimm. Bist ein guter Kerl.","자, 받아. 좋은 사람이네.","","False","DIA_Hilda_WasZuEssen_17_01","",""
"Scripts/Content/Story/Dialoge/DIA_BAU_951_Hilda.d:108","Morgen kannst du dir wieder was abholen.","내일 또 타러 오라고.","","False","DIA_Hilda_WasZuEssen_17_02","",""
"Scripts/Content/Story/Dialoge/DIA_BAU_951_Hilda.d:118","Du hattest heute schon deine Portion! Komm später wieder.","오늘은 이미 몫을 받았잖아! 나중에 다시 와.","","False","DIA_Hilda_WasZuEssen_17_03","",""
"Scripts/Content/Story/Dialoge/DIA_BAU_951_Hilda.d:123","Tagediebe füttern wir hier nicht durch! Geh!","빈대 붙는 녀석들한테 먹을 걸 줄 여유는 없어! 꺼져!","","False","DIA_Hilda_WasZuEssen_17_04","",""
"Scripts/Content/Story/Dialoge/DIA_BAU_951_Hilda.d:129","Nur wer hier arbeitet, bekommt auch was zu essen!","여기서 일하는 사람만이 먹을 걸 얻을 수 있지!","","False","DIA_Hilda_WasZuEssen_17_05","",""
"Scripts/Content/Story/Dialoge/DIA_BAU_951_Hilda.d:134","Du hast doch sicher genug Geld, um in der Stadt etwas zu bekommen.","도시에서 뭔가 사 먹을 돈은 충분히 있겠지.","","False","DIA_Hilda_WasZuEssen_17_06","",""
"Scripts/Content/Story/Dialoge/DIA_BAU_951_Hilda.d:147","Ich hab hier ein paar Rüben für dich...","순무를 좀 가져왔소...","","False","DIA_Hilda_BringBeet.description","",""
"Scripts/Content/Story/Dialoge/DIA_BAU_951_Hilda.d:162","Ich hab hier ein paar Rüben für dich...","순무를 좀 가져왔소...","","False","DIA_Hilda_BringBeet_15_00","",""
"Scripts/Content/Story/Dialoge/DIA_BAU_951_Hilda.d:168","Gut! (lacht) Das sollte reichen, um die Kerle zu mästen!","좋아! (웃음) 녀석들을 배불리 먹이기에 충분하겠어!","","False","DIA_Hilda_BringBeet_17_01","",""
"Scripts/Content/Story/Dialoge/DIA_BAU_951_Hilda.d:169","Wo du schon mal hier bist - ich hab einen fahrenden Händler gesehen, der vor ein paar Minuten hier vorbeigekommen ist.","김에 한마디 하는데— 몇 분 전에 여기를 지나간 행상을 봤거든.","","False","DIA_Hilda_BringBeet_17_02","",""
"Scripts/Content/Story/Dialoge/DIA_BAU_951_Hilda.d:170","Ich glaube, er hat auf dem Weg zur Stadt halt gemacht. Geh zu ihm und sieh nach, ob er eine brauchbare Pfanne für mich hat.","도시로 가는 길에 멈춰 선 모양이야. 그 사람한테 가서 쓸만한 프라이팬이 있는지 좀 봐줘.","","False","DIA_Hilda_BringBeet_17_03","",""
"Scripts/Content/Story/Dialoge/DIA_BAU_951_Hilda.d:179","Was?! Das soll alles sein?","뭐야?! 설마 이게 다야?","","False","DIA_Hilda_BringBeet_17_04","",""
"Scripts/Content/Story/Dialoge/DIA_BAU_951_Hilda.d:183","Nicht genug.","충분하지 않아.","","False","DIA_Hilda_BringBeet_17_05","",""
"Scripts/Content/Story/Dialoge/DIA_BAU_951_Hilda.d:186","Geh aufs Feld und hol mehr, die Männer sind hungrig!","들판에 나가서 더 가져와, 일꾼들이 배고프다고!","","False","DIA_Hilda_BringBeet_17_06","",""
"Scripts/Content/Story/Dialoge/DIA_BAU_951_Hilda.d:200","Gib mir das Gold und ich geh für dich zu dem Händler...","금을 주면 상인에게 다녀오겠소...","","False","DIA_Hilda_Einkaufen.description","",""
"Scripts/Content/Story/Dialoge/DIA_BAU_951_Hilda.d:214","Gib mir das Gold und ich geh für dich zum Händler...","금을 주면 상인에게 다녀오겠소...","","False","DIA_Hilda_Einkaufen_15_00","",""
"Scripts/Content/Story/Dialoge/DIA_BAU_951_Hilda.d:218","Meinst du, ich kann dir trauen? Dass du mir das Geld ja nicht versäufst, hörst du?!","내가 널 믿을 수 있을까? 설마 그 돈으로 술을 퍼마시진 않겠지, 듣고 있어?!","","False","DIA_Hilda_Einkaufen_17_01","",""
"Scripts/Content/Story/Dialoge/DIA_BAU_951_Hilda.d:240","Hier ist deine Pfanne.","여기 프라이팬이요.","","False","DIA_Hilda_PfanneGeholt.description","",""
"Scripts/Content/Story/Dialoge/DIA_BAU_951_Hilda.d:255","Hier ist deine Pfanne.","여기 프라이팬이요.","","False","DIA_Hilda_PfanneGeholt_15_00","",""
"Scripts/Content/Story/Dialoge/DIA_BAU_951_Hilda.d:257","Gut. Dann wollen wir mal sehen, ob sie auch was taugt...","좋아. 어디 쓸만한 물건인지 볼까...","","False","DIA_Hilda_PfanneGeholt_17_01","",""
"Scripts/Content/Story/Dialoge/DIA_BAU_951_Hilda.d:289","Du traust dich noch zurück? Was hast du mit meinem Geld gemacht, du Taugenichts?!","아직도 돌아올 엄두가 나냐? 내 돈으로 뭘 한 거야, 이 구제불능 같으니라고!","","False","DIA_Hilda_PfanneTooLate_17_00","",""
"Scripts/Content/Story/Dialoge/DIA_BAU_951_Hilda.d:293","Du hast nun genug Zeit gehabt. Wo ist mein Geld für die Pfanne?","시간은 충분히 줬잖아. 프라이팬 살 돈은 어디 갔어?","","False","DIA_Hilda_PfanneTooLate_17_01","",""
"Scripts/Content/Story/Dialoge/DIA_BAU_951_Hilda.d:298","Es hat etwas länger gedauert. Hier hast du deine Pfanne!","조금 늦어졌소. 여기 프라이팬이요!","","False","DIA_Hilda_PfanneTooLate_15_02","",""
"Scripts/Content/Story/Dialoge/DIA_BAU_951_Hilda.d:302","Ach, gib schon her das Ding. So was Dreistes - unglaublich!","아, 이리 내놔. 뻔뻔스럽기도 참— 기가 막혀서!","","False","DIA_Hilda_PfanneTooLate_17_03","",""
"Scripts/Content/Story/Dialoge/DIA_BAU_951_Hilda.d:313","Ah! Du hast es noch bei dir! Gib es mir sofort wieder.","아! 아직 가지고 있잖아! 당장 돌려줘.","","False","DIA_Hilda_PfanneTooLate_17_04","",""
"Scripts/Content/Story/Dialoge/DIA_BAU_951_Hilda.d:315","So was Dreistes - unglaublich!","뻔뻔스럽기도 참— 기가 막혀서!","","False","DIA_Hilda_PfanneTooLate_17_05","",""
"Scripts/Content/Story/Dialoge/DIA_BAU_951_Hilda.d:319","Du hast es nicht mehr! Ich habe dir 20 Goldstücke gegeben!","이제 없어! 내가 너한테 금화 20닢을 줬잖아!","","False","DIA_Hilda_PfanneTooLate_17_06","",""
"Scripts/Content/Story/Dialoge/DIA_BAU_951_Hilda.d:320","Geh mir aus den Augen, du dreckiger Dieb!","내 눈앞에서 꺼져, 더러운 도둑놈 같으니!","","False","DIA_Hilda_PfanneTooLate_17_07","",""
"Scripts/Content/Story/Dialoge/DIA_BAU_951_Hilda.d:409","Geht's dir nicht gut?","몸이 안 좋으신가요?","","False","DIA_Hilda_KRANK.description","",""
"Scripts/Content/Story/Dialoge/DIA_BAU_951_Hilda.d:425","Geht's dir nicht gut?","몸이 안 좋으신가요?","","False","DIA_Hilda_KRANK_15_00","",""
"Scripts/Content/Story/Dialoge/DIA_BAU_951_Hilda.d:426","Überhaupt nicht. Ich habe schon wieder dieses schreckliche Fieber.","전혀 아니야. 그 끔찍한 열병이 또 도졌거든.","","False","DIA_Hilda_KRANK_17_01","",""
"Scripts/Content/Story/Dialoge/DIA_BAU_951_Hilda.d:427","Ich müsste eigentlich zum Stadtheiler gehen, aber ich bin zu schwach.","도시의 치료사에게 가야 하는데 너무 기운이 없어.","","False","DIA_Hilda_KRANK_17_02","",""
"Scripts/Content/Story/Dialoge/DIA_BAU_951_Hilda.d:432","Gute Besserung. Ich muß gehen","쾌유를 빕니다. 이만 가봐야겠군요.","","False","DIA_Hilda_KRANK_Info.DIA_Hilda_KRANK.DIA_Hilda_KRANK_besserung","Info_AddChoice",""
"Scripts/Content/Story/Dialoge/DIA_BAU_951_Hilda.d:433","Kann ich helfen?","도와드릴까요?","","False","DIA_Hilda_KRANK_Info.DIA_Hilda_KRANK.DIA_Hilda_KRANK_helfen","Info_AddChoice",""
"Scripts/Content/Story/Dialoge/DIA_BAU_951_Hilda.d:443","Gute Besserung. Ich muss gehen.","쾌유를 빕니다. 이만 가봐야겠군요.","","False","DIA_Hilda_KRANK_besserung_15_00","",""
"Scripts/Content/Story/Dialoge/DIA_BAU_951_Hilda.d:444","Hoffentlich werden die Zeiten bald besser für uns.","우리에게도 곧 더 나은 시절이 찾아오면 좋겠네.","","False","DIA_Hilda_KRANK_besserung_17_01","",""
"Scripts/Content/Story/Dialoge/DIA_BAU_951_Hilda.d:450","Kann ich helfen?","도와드릴까요?","","False","DIA_Hilda_KRANK_helfen_15_00","",""
"Scripts/Content/Story/Dialoge/DIA_BAU_951_Hilda.d:451","Es wäre großartig, wenn du zu Vatras gehen könntest, um mir meine Medizin zu holen.","바트라스에게 가서 내 약을 좀 가져다줄 수 있다면 정말 고맙겠는데.","","False","DIA_Hilda_KRANK_helfen_17_01","",""
"Scripts/Content/Story/Dialoge/DIA_BAU_951_Hilda.d:452","Er weiß dann schon, was zu tun ist! Ich kann es nicht mehr.","그럼 그가 뭘 해야 할지 알 거야! 난 더 이상 움직일 수가 없어.","","False","DIA_Hilda_KRANK_helfen_17_02","",""
"Scripts/Content/Story/Dialoge/DIA_BAU_951_Hilda.d:469","Ich habe deine Medizin.","약 가져왔소.","","False","DIA_Hilda_HEILUNGBRINGEN.description","",""
"Scripts/Content/Story/Dialoge/DIA_BAU_951_Hilda.d:482","Ich habe deine Medizin.","약 가져왔소.","","False","DIA_Hilda_HEILUNGBRINGEN_15_00","",""
"Scripts/Content/Story/Dialoge/DIA_BAU_951_Hilda.d:484","Wirklich. Wir brauchen Menschen wie dich in unserer Gemeinde. Ich danke dir.","정말이네. 우리 마을에는 자네 같은 사람이 필요해. 정말 고마워.","","False","DIA_Hilda_HEILUNGBRINGEN_17_01","",""
"Scripts/Content/Story/Dialoge/DIA_BAU_951_Hilda.d:486","Ich hoffe, dass diese paar Münzen angemessen sind.","이 정도 동전이 성의 표시로 적당할지 모르겠네.","","False","DIA_Hilda_HEILUNGBRINGEN_17_02","",""
"Scripts/Content/Story/Dialoge/DIA_BAU_951_Hilda.d:504","Wie geht's dir?","좀 어떠신가요?","","False","DIA_Hilda_DISTURB.description","",""
"Scripts/Content/Story/Dialoge/DIA_BAU_951_Hilda.d:523","Wie geht's dir?","좀 어떠신가요?","","False","DIA_Hilda_DISTURB_15_00","",""
"Scripts/Content/Story/Dialoge/DIA_BAU_951_Hilda.d:524","Dank dir, schon etwas besser.","자네 덕분에 훨씬 나아졌어.","","False","DIA_Hilda_DISTURB_17_01","",""
"Scripts/Content/Story/Dialoge/DIA_BAU_951_Hilda.d:528","Könnte besser sein.","별로 좋지 않아.","","False","DIA_Hilda_DISTURB_17_02","",""
"Scripts/Content/Story/Dialoge/DIA_BAU_952_Vino.d:50","Was macht die Arbeit?","일은 어때?","","False","DIA_Vino_HALLO_15_00","",""
"Scripts/Content/Story/Dialoge/DIA_BAU_952_Vino.d:51","Dasselbe wie immer. Viel zu tun, wenig Geld und mit ein bisschen Pech sind morgen die Orks hier und brennen unseren Hof nieder.","늘 그렇지 뭐. 할 일은 많고, 돈은 적고, 조금의 역청만 있어도 내일이면 오크들이 쳐들어와 우리 농장을 불태울 판이야.","","False","DIA_Vino_HALLO_05_01","",""
"Scripts/Content/Story/Dialoge/DIA_BAU_952_Vino.d:55","Die Paladine des Königs haben die ganze Stadt besetzt. Aber ich glaube kaum, dass sie ihre Hintern hier rausschwingen, wenn die Orks uns überfallen.","왕의 팔라딘들이 온 도시를 점거하고 있지. 하지만 오크들이 우리를 습격할 때 그들이 엉덩이를 떼고 여기까지 올지는 의문이지만.","","False","DIA_Vino_HALLO_05_02","",""
"Scripts/Content/Story/Dialoge/DIA_BAU_952_Vino.d:68","Kann ich dir helfen? Ich suche Arbeit.","도와줄 일이라도 있나? 일자리를 찾는 중인데.","","False","DIA_Vino_SeekWork.description","",""
"Scripts/Content/Story/Dialoge/DIA_BAU_952_Vino.d:84","Kann ich dir helfen? Ich suche Arbeit.","도와줄 일이라도 있나? 일자리를 찾는 중인데.","","False","DIA_Vino_SeekWork_15_00","",""
"Scripts/Content/Story/Dialoge/DIA_BAU_952_Vino.d:88","Hast du denn Ahnung von Feldarbeit?","들판 일에 대해 뭘 좀 아나?","","False","DIA_Vino_SeekWork_05_01","",""
"Scripts/Content/Story/Dialoge/DIA_BAU_952_Vino.d:89","Was gibt's denn da zu wissen?","알아야 할 게 뭐라도 있나요?","","False","DIA_Vino_SeekWork_15_02","",""
"Scripts/Content/Story/Dialoge/DIA_BAU_952_Vino.d:90","Ah! Ich seh schon ... ich denke, wir kommen hier schon zurecht.","아! 그렇군... 우리끼리도 충분히 해낼 수 있을 것 같군.","","False","DIA_Vino_SeekWork_05_03","",""
"Scripts/Content/Story/Dialoge/DIA_BAU_952_Vino.d:94","Wenn du für Lobart als Tagelöhner arbeiten willst, kann ich dich nur warnen. Er bezahlt Leute wie dich echt miserabel!","로바트 밑에서 품꾼으로 일할 생각이라면 경고하겠네. 그 양반은 자네 같은 사람들에게 품삯을 정말 엉망으로 주거든!","","False","DIA_Vino_SeekWork_05_04","",""
"Scripts/Content/Story/Dialoge/DIA_BAU_952_Vino.d:100","Er hat mir angeboten, mir günstig saubere Sachen zu verkaufen, wenn ich auf dem Hof helfe.","농장 일을 도와주면 깨끗한 옷을 싸게 팔겠다고 제안하더군요.","","False","DIA_Vino_SeekWork_15_05","",""
"Scripts/Content/Story/Dialoge/DIA_BAU_952_Vino.d:101","Hmm. Ich hab zwar nix für dich zu tun, aber du kannst mir und den Jungs was zu trinken bringen.","음. 자네한테 시킬 일은 따로 없지만, 나와 아이들에게 마실 것 좀 가져다줄 수는 있겠지.","","False","DIA_Vino_SeekWork_05_06","",""
"Scripts/Content/Story/Dialoge/DIA_BAU_952_Vino.d:102","Hol mir 'ne Flasche Wein und werd Lobart erzählen, dass du uns eine echte Hilfe warst (lacht spöttisch).","포도주 한 병 가져다주면, 자네가 우리에게 큰 도움이 되었다고 로바트에게 말해주겠네 (비웃듯 웃음).","","False","DIA_Vino_SeekWork_05_07","",""
"Scripts/Content/Story/Dialoge/DIA_BAU_952_Vino.d:112","Aber von mir hast du das nicht, klar!","하지만 이건 나한테 들은 얘기가 아니야, 알겠지?","","False","DIA_Vino_SeekWork_05_08","",""
"Scripts/Content/Story/Dialoge/DIA_BAU_952_Vino.d:118","Ich glaube kaum. Jemand deines Standes will nicht solche niederen Arbeiten machen, die ich dir anzubieten hätte.","그럴 리가. 자네 같은 신분의 사람이 내가 줄 수 있는 그런 천한 일을 하고 싶어 하진 않을 테니까.","","False","DIA_Vino_SeekWork_05_09","",""
"Scripts/Content/Story/Dialoge/DIA_BAU_952_Vino.d:131","Hier hast du deinen Wein.","여기 포도주가 있소.","","False","DIA_Vino_BringWine.description","",""
"Scripts/Content/Story/Dialoge/DIA_BAU_952_Vino.d:146","Hier hast du deinen Wein.","여기 포도주가 있소.","","False","DIA_Vino_BringWine_15_00","",""
"Scripts/Content/Story/Dialoge/DIA_BAU_952_Vino.d:148","Ich frage besser nicht, wo du ihn her hast, was? (lacht) Ist ja auch egal.","어디서 났는지는 굳이 묻지 않겠네, 그렇지? (웃음) 뭐 어때.","","False","DIA_Vino_BringWine_05_01","",""
"Scripts/Content/Story/Dialoge/DIA_BAU_952_Vino.d:151","Ich danke dir jedenfalls.","어쨌든 고맙네.","","False","DIA_Vino_BringWine_05_02","",""
"Scripts/Content/Story/Dialoge/DIA_BAU_952_Vino.d:155","Lobart wird von mir nur das Beste über dich hören.","로바트에게 자네에 대한 좋은 얘기만 들어가게 해주겠네.","","False","DIA_Vino_BringWine_05_03","",""
"Scripts/Content/Story/Dialoge/DIA_BAU_952_Vino.d:172","Ich will in die Stadt.","도시로 갈 거요.","","False","DIA_Vino_ToTheCity.description","",""
"Scripts/Content/Story/Dialoge/DIA_BAU_952_Vino.d:185","Ich will in die Stadt.","도시로 갈 거요.","","False","DIA_Vino_ToTheCity_15_00","",""
"Scripts/Content/Story/Dialoge/DIA_BAU_952_Vino.d:186","Und?","그래서?","","False","DIA_Vino_ToTheCity_05_01","",""
"Scripts/Content/Story/Dialoge/DIA_BAU_952_Vino.d:187","Kannst du mir was Interessantes über die Stadt erzählen?","도시에 대해 흥미로운 얘기라도 해줄 수 있나?","","False","DIA_Vino_ToTheCity_15_02","",""
"Scripts/Content/Story/Dialoge/DIA_BAU_952_Vino.d:188","Nö. Aber Maleth ist von Zeit zu Zeit mal in der Stadt - vielleicht weiß er was - ich meine, was dich interessiert.","글쎄. 하지만 말레트가 가끔 도시에 가니까 — 그 영감이 뭘 알지도 모르겠군. 자네가 흥미로워할 만한 걸 말이야.","","False","DIA_Vino_ToTheCity_05_03","",""
"Scripts/Content/Story/Dialoge/DIA_BAU_952_Vino.d:206","Gibt's irgendwelche interessanten Neuigkeiten?","재미있는 소식이라도 있나?","","False","DIA_Vino_PERM.description","",""
"Scripts/Content/Story/Dialoge/DIA_BAU_952_Vino.d:220","Gibt's irgendwelche interessanten Neuigkeiten?","재미있는 소식이라도 있나?","","False","DIA_Vino_PERM_15_00","",""
"Scripts/Content/Story/Dialoge/DIA_BAU_952_Vino.d:224","Ich hätte schwören können, vor zwei Tagen einen Ork drüben am Waldrand gesehen zu haben.","이틀 전에 저기 숲가에서 오크를 본 것 같단 말이지.","","False","DIA_Vino_PERM_05_01","",""
"Scripts/Content/Story/Dialoge/DIA_BAU_952_Vino.d:225","Seitdem halte ich Nachts immer mindestens ein Auge offen.","그때부터 밤마다 눈을 최소한 한쪽은 뜨고 지낸다네.","","False","DIA_Vino_PERM_05_02","",""
"Scripts/Content/Story/Dialoge/DIA_BAU_952_Vino.d:232","Diese ekelhaft riesigen Pestkäfer werden noch zur Plage. Sie sind hier überall. Fressen alles kurz und klein, wenn du nicht aufpasst.","이 혐오스럽고 거대한 역병 딱정벌레들이 아주 골칫거리가 될 거야. 여기저기 널렸거든. 조심하지 않으면 눈에 보이는 건 모조리 갉아먹는다고.","","False","DIA_Vino_PERM_05_03","",""
"Scripts/Content/Story/Dialoge/DIA_BAU_952_Vino.d:233","Vor ein paar Tagen liege ich nichts ahnend im Gras und schlummer so vor mich hin, da knabbert so'n Mistvieh an meinen Schuh!","며칠 전에 아무 생각 없이 풀밭에 누워 깜빡 잠이 들려고 하는데, 빌어먹을 녀석이 내 신발을 갉아먹고 있지 않겠나!","","False","DIA_Vino_PERM_05_04","",""
"Scripts/Content/Story/Dialoge/DIA_BAU_952_Vino.d:234","Du hättest mich mal laufen sehen sollen. Seitdem kann ich nicht mehr ruhig schlafen.","내가 달리는 걸 봤어야 해. 그 이후로 편하게 잠을 잘 수가 없어.","","False","DIA_Vino_PERM_05_05","",""
"Scripts/Content/Story/Dialoge/DIA_BAU_952_Vino.d:239","Außer dem, was ich dir erzählt hab? Nein.","내가 네게 해준 얘기 말고는? 없어.","","False","DIA_Vino_PERM_05_06","",""
"Scripts/Content/Story/Dialoge/DIA_BAU_952_Vino.d:287","Und wie sieht's bei dir aus?","그래서, 너는 어떻게 지내고 있나?","","False","DIA_Vino_DMTAMSTART.description","",""
"Scripts/Content/Story/Dialoge/DIA_BAU_952_Vino.d:302","Und wie sieht's bei dir aus?","그래서, 너는 어떻게 지내고 있나?","","False","DIA_Vino_DMTAMSTART_15_00","",""
"Scripts/Content/Story/Dialoge/DIA_BAU_952_Vino.d:308","Beschissen. Die Miliz hat meine geheime Schnapsbrennerei entdeckt.","개판이지. 민병대가 내 은밀한 술 밀조장을 찾아냈어.","","False","DIA_Vino_DMTAMSTART_05_01","",""
"Scripts/Content/Story/Dialoge/DIA_BAU_952_Vino.d:309","Hoffentlich kriegen die nie raus, dass sie mir gehört.","그게 내 거라는 걸 절대 알아내지 못해야 할 텐데.","","False","DIA_Vino_DMTAMSTART_05_02","",""
"Scripts/Content/Story/Dialoge/DIA_BAU_952_Vino.d:315","Überall stehen diese schwarzen Mistkerle. Man sollte ihnen die Kapuzen in den Rachen stopfen.","사방에 저 검은 녀석들이 널려 있어. 저것들 목구멍에 후드나 쑤셔 박아 넣어야 하는데 말이야.","","False","DIA_Vino_DMTAMSTART_05_03","",""
"Scripts/Content/Story/Dialoge/DIA_BAU_952_Vino.d:329","Was ist los mit dir?","무슨 일 있어?","","False","DIA_Vino_Obesessed.description","",""
"Scripts/Content/Story/Dialoge/DIA_BAU_952_Vino.d:353","Was ist los mit dir?","무슨 일 있어?","","False","DIA_Vino_Obesessed_15_00","",""
"Scripts/Content/Story/Dialoge/DIA_BAU_952_Vino.d:354","(brüllt) Verdammt, verschwinde. Sie werden mich sonst noch töten!","(소리친다) 젠장, 꺼져. 안 그러면 그 자들이 날 죽일 거야!","","False","DIA_Vino_Obesessed_05_01","",""
"Scripts/Content/Story/Dialoge/DIA_BAU_952_Vino.d:373","Du bist nicht du selbst.","제정신이 아니잖아.","","False","DIA_Vino_Heilung.description","",""
"Scripts/Content/Story/Dialoge/DIA_BAU_952_Vino.d:389","Du bist nicht du selbst.","제정신이 아니잖아.","","False","DIA_Vino_Heilung_15_00","",""
"Scripts/Content/Story/Dialoge/DIA_BAU_952_Vino.d:390","Mein Kopf ... Ich halte das nicht mehr aus.","내 머리가… 더는 못 버티겠어.","","False","DIA_Vino_Heilung_05_01","",""
"Scripts/Content/Story/Dialoge/DIA_BAU_952_Vino.d:394","Du solltest ins Kloster gehen. Pyrokar, der oberste Feuermagier, kann dir vielleicht helfen.","수도원으로 가는 게 좋겠어. 최고 불의 마법사인 파이로카가 네게 도움을 줄지도 몰라.","","False","DIA_Vino_Heilung_15_02","",""
"Scripts/Content/Story/Dialoge/DIA_BAU_952_Vino.d:395","Meinst du? In Ordnung. Ich werde es versuchen.","그렇게 생각해? 좋아. 시도해 볼게.","","False","DIA_Vino_Heilung_05_03","",""
"Scripts/Content/Story/Dialoge/DIA_BAU_952_Vino.d:450","Wie geht's dir?","어떻게 지내?","","False","DIA_Vino_PERM4OBSESSED.description","",""
"Scripts/Content/Story/Dialoge/DIA_BAU_952_Vino.d:467","Wie geht's dir?","어떻게 지내?","","False","DIA_Vino_PERM4OBSESSED_15_00","",""
"Scripts/Content/Story/Dialoge/DIA_BAU_952_Vino.d:468","Ja, ja, schon ok. Die Jungs hier können mir helfen, denke ich. Aber ich fühl mich immer noch benebelt.","그래, 뭐럭저럭 괜찮아. 여기 동료들이 날 도와줄 수 있을 거라고 생각해. 하지만 여전히 머리가 띵해.","","False","DIA_Vino_PERM4OBSESSED_05_01","",""
"Scripts/Content/Story/Dialoge/DIA_BAU_952_Vino.d:472","Aber, ich muss sagen, sie haben hier den besten Wein, den ich je getrunken habe.","하지만 말이야, 여기 와인만큼은 내가 지금까지 마셔본 것 중에 최고야.","","False","DIA_Vino_PERM4OBSESSED_05_02","",""
"Scripts/Content/Story/Dialoge/DIA_BAU_952_Vino.d:488","Gibt's was Neues?","새로운 소식 있어?","","False","DIA_Vino_PERM45UND6.description","",""
"Scripts/Content/Story/Dialoge/DIA_BAU_952_Vino.d:503","Gibt's was Neues?","새로운 소식 있어?","","False","DIA_Vino_PERM45UND6_15_00","",""
"Scripts/Content/Story/Dialoge/DIA_BAU_952_Vino.d:507","Die Anzahl der Orks in der Gegend hat drastisch zugenommen.","이 근처에 오크 녀석들 수가 엄청나게 늘어났어.","","False","DIA_Vino_PERM45UND6_05_01","",""
"Scripts/Content/Story/Dialoge/DIA_BAU_952_Vino.d:508","Ihr Paladine werdet doch hoffentlich mit ihnen fertig, oder?","자네들 팔라딘이 그 녀석들을 잘 처리해 주겠지, 안 그래?","","False","DIA_Vino_PERM45UND6_05_02","",""
"Scripts/Content/Story/Dialoge/DIA_BAU_952_Vino.d:512","Wir werden bald diesen Hof aufgeben und zu euch Söldnern auf Onars Hof ziehen, fürchte ich.","유감스럽게도 곧 이 농장을 포기하고 너희 용병들이 있는 오나르의 농장으로 이동해야 할 것 같아.","","False","DIA_Vino_PERM45UND6_05_03","",""
"Scripts/Content/Story/Dialoge/DIA_BAU_952_Vino.d:518","Dummerweise hat die Miliz meine Schnapsbrennerei entdeckt. Hoffentlich erwischen sie mich nicht.","재수 없게도 민병대가 내 밀조장을 찾아냈어. 나를 안 잡아가야 할 텐데.","","False","DIA_Vino_PERM45UND6_05_04","",""
"Scripts/Content/Story/Dialoge/DIA_BAU_954_Maleth.d:11","Ich muss weiter! (ENDE)","가봐야겠어! (종료)","","False","DIA_Maleth_EXIT.description","",""
"Scripts/Content/Story/Dialoge/DIA_BAU_954_Maleth.d:55","Hey, Fremder!","이봐, 이방인!","","False","DIA_Maleth_Hallo_08_00","",""
"Scripts/Content/Story/Dialoge/DIA_BAU_954_Maleth.d:61","Ich hab gesehen, wie du aus den Bergen gekommen bist.","네가 산에서 내려오는 걸 봤다고.","","False","DIA_Maleth_Hallo_08_01","",""
"Scripts/Content/Story/Dialoge/DIA_BAU_954_Maleth.d:64","Du kannst froh sein, hier nicht vor drei Wochen vorbeigekommen zu sein.","삼 주 전에 이 근처를 지나가지 않은 걸 다행으로 알라고.","","False","DIA_Maleth_Hallo_08_02","",""
"Scripts/Content/Story/Dialoge/DIA_BAU_954_Maleth.d:65","Wir hätten dich für 'nen entlaufenen Sträfling gehalten. Und mit denen haben wir kurzen Prozess gemacht!","우린 너를 도망친 죄수로 오인했을 테니까. 그리고 우린 그런 자들은 싹 다 처리해 버렸거든!","","False","DIA_Maleth_Hallo_08_03","",""
"Scripts/Content/Story/Dialoge/DIA_BAU_954_Maleth.d:69","Du siehst ganz schön fertig aus.","너 꼴이 말이 아니네.","","False","DIA_Maleth_Hallo_08_04","",""
"Scripts/Content/Story/Dialoge/DIA_BAU_954_Maleth.d:73","Du sahst ganz schön fertig aus, als du ankamst.","네가 여기에 도착했을 때 꼴이 아주 말이 아니었지.","","False","DIA_Maleth_Hallo_08_05","",""
"Scripts/Content/Story/Dialoge/DIA_BAU_954_Maleth.d:74","Na ja, mittlerweile siehst du ja wieder aus wie'n Mensch!","뭐, 지금은 다시 사람 꼴을 하고 있구만!","","False","DIA_Maleth_Hallo_08_06","",""
"Scripts/Content/Story/Dialoge/DIA_BAU_954_Maleth.d:78","(misstrauisch) Was willst du hier?","(의심스럽게) 여기서 뭘 하려는 거지?","","False","DIA_Maleth_Hallo_08_07","",""
"Scripts/Content/Story/Dialoge/DIA_BAU_954_Maleth.d:90","Ich wurde in den Bergen von Banditen überfallen.","산에서 산적들에게 습격을 받았어.","","False","DIA_Maleth_BANDITS.description","",""
"Scripts/Content/Story/Dialoge/DIA_BAU_954_Maleth.d:104","Ich wurde in den Bergen von Banditen überfallen.","산에서 산적들에게 습격을 받았어.","","False","DIA_Maleth_BANDITS_15_00","",""
"Scripts/Content/Story/Dialoge/DIA_BAU_954_Maleth.d:105","Dieses Dreckspack! Wahrscheinlich waren's dieselben Mistkerle, die letzte Nacht eins von unseren Schafen geholt haben!","이 더러운 녀석들! 어젯밤에 우리 양 중 한 마리를 훔쳐 간 그 작자들이랑 같은 녀석들일 거야!","","False","DIA_Maleth_BANDITS_08_01","",""
"Scripts/Content/Story/Dialoge/DIA_BAU_954_Maleth.d:106","Du hast ganz schön Glück gehabt. Die meisten kommen NICHT mit dem Leben davon.","운이 아주 좋았군. 대부분은 살아서 빠져나오지 못하거든.","","False","DIA_Maleth_BANDITS_08_02","",""
"Scripts/Content/Story/Dialoge/DIA_BAU_954_Maleth.d:118","Die Banditen werden dir keinen Ärger mehr machen...","그 산적들은 더 이상 너를 괴롭히지 못할 거야…","","False","DIA_Maleth_BanditsDEAD.description","",""
"Scripts/Content/Story/Dialoge/DIA_BAU_954_Maleth.d:134","Die Banditen werden dir keinen Ärger mehr machen...","그 산적들은 더 이상 너를 괴롭히지 못할 거야…","","False","DIA_Maleth_BanditsDEAD_15_00","",""
"Scripts/Content/Story/Dialoge/DIA_BAU_954_Maleth.d:135","Warum? Sind sie tot?","왜? 죽기라도 했나?","","False","DIA_Maleth_BanditsDEAD_08_01","",""
"Scripts/Content/Story/Dialoge/DIA_BAU_954_Maleth.d:136","Sie haben sich mit dem falschen Mann angelegt ...","번지수를 잘못 짚었지...","","False","DIA_Maleth_BanditsDEAD_15_02","",""
"Scripts/Content/Story/Dialoge/DIA_BAU_954_Maleth.d:137","Innos sei Dank! Hier - es ist nicht viel, aber du sollst es haben!","이노스 맙소사! 자, 얼마 안 되지만 받아!","","False","DIA_Maleth_BanditsDEAD_08_03","",""
"Scripts/Content/Story/Dialoge/DIA_BAU_954_Maleth.d:142","Ich werde den anderen davon erzählen!","다른 이들에게도 이 사실을 알려야겠군!","","False","DIA_Maleth_BanditsDEAD_08_04","",""
"Scripts/Content/Story/Dialoge/DIA_BAU_954_Maleth.d:154","Ich kenne das Versteck der Banditen...","산적들의 은신처를 알고 있어...","","False","DIA_Maleth_BanditsALIVE.description","",""
"Scripts/Content/Story/Dialoge/DIA_BAU_954_Maleth.d:173","Ich kenne das Versteck der Banditen...","산적들의 은신처를 알고 있어...","","False","DIA_Maleth_BanditsALIVE_15_00","",""
"Scripts/Content/Story/Dialoge/DIA_BAU_954_Maleth.d:174","Willst du sie etwa angreifen? Ohne mich! Es ist viel zu gefährlich!","설마 그들을 공격하겠다는 건가? 난 빼줘! 너무 위험하다고!","","False","DIA_Maleth_BanditsALIVE_08_01","",""
"Scripts/Content/Story/Dialoge/DIA_BAU_954_Maleth.d:175","Außerdem muss ich hier auf meine Schafe aufpassen!","게다가 난 여기서 양들을 돌봐야 해!","","False","DIA_Maleth_BanditsALIVE_08_02","",""
"Scripts/Content/Story/Dialoge/DIA_BAU_954_Maleth.d:176","Aber wenn du meinst, du kannst uns das Pack vom Hals schaffen, werden dir alle auf dem Hof dafür sehr dankbar sein.","하지만 그 쓰레기 같은 녀석들을 쫓아낼 수 있다고 생각한다면, 농장의 모두가 아주 고마워할 거야.","","False","DIA_Maleth_BanditsALIVE_08_03","",""
"Scripts/Content/Story/Dialoge/DIA_BAU_954_Maleth.d:193","Ich bin auf dem Weg in die Stadt.","시내로 가는 길이야.","","False","DIA_Maleth_ToTheCity.description","",""
"Scripts/Content/Story/Dialoge/DIA_BAU_954_Maleth.d:208","Ich bin auf dem Weg in die Stadt.","시내로 가는 길이야.","","False","DIA_Maleth_ToTheCity_15_00","",""
"Scripts/Content/Story/Dialoge/DIA_BAU_954_Maleth.d:212","So, wie du rumläufst, wirst du die Wachen bestechen müssen, damit sie dich reinlassen.","지금 네 꼴을 보면, 안으로 들어가려면 경비병들에게 뇌물을 줘야 할 걸.","","False","DIA_Maleth_ToTheCity_08_01","",""
"Scripts/Content/Story/Dialoge/DIA_BAU_954_Maleth.d:213","Und du musst wissen, was sie hören wollen.","그리고 그들이 듣고 싶어 하는 말이 뭔지 알아야 할 거야.","","False","DIA_Maleth_ToTheCity_08_02","",""
"Scripts/Content/Story/Dialoge/DIA_BAU_954_Maleth.d:217","Kann schon sein, dass sie dich reinlassen - wenn du ihnen das erzählst, was sie hören wollen ...","들어가게 해 줄지도 모르지… 그들이 듣고 싶어 하는 말을 해준다면 말이야...","","False","DIA_Maleth_ToTheCity_08_03","",""
"Scripts/Content/Story/Dialoge/DIA_BAU_954_Maleth.d:220","Und das wäre?","그게 뭔데?","","False","DIA_Maleth_ToTheCity_15_04","",""
"Scripts/Content/Story/Dialoge/DIA_BAU_954_Maleth.d:221","Na, zum Beispiel, dass du von Lobarts Hof kommst und in der Stadt zum Schmied willst.","글쎄, 로바트의 농장에서 왔고 도시의 대장장이에 볼 일이 있다고 하는 거지.","","False","DIA_Maleth_ToTheCity_08_05","",""
"Scripts/Content/Story/Dialoge/DIA_BAU_954_Maleth.d:229","Aber das wird dir nichts nützen. Du siehst nicht aus wie ein Bauer.","하지만 그건 소용없을 거야. 넌 농부처럼 생기지 않았거든.","","False","DIA_Maleth_ToTheCity_08_06","",""
"Scripts/Content/Story/Dialoge/DIA_BAU_954_Maleth.d:233","Verstehe.","알겠어.","","False","DIA_Maleth_ToTheCity_15_07","",""
"Scripts/Content/Story/Dialoge/DIA_BAU_954_Maleth.d:245","Ich brauche bessere Ausrüstung!","더 좋은 장비가 필요해!","","False","DIA_Maleth_Equipment.description","",""
"Scripts/Content/Story/Dialoge/DIA_BAU_954_Maleth.d:260","Ich brauche bessere Ausrüstung!","더 좋은 장비가 필요해!","","False","DIA_Maleth_Equipment_15_00","",""
"Scripts/Content/Story/Dialoge/DIA_BAU_954_Maleth.d:261","Kann ich mir schon vorstellen. Aber ich sag dir gleich: Zu verschenken haben wir hier nichts!","그렇겠지. 하지만 미리 말해두는데, 여긴 공짜로 주는 건 아무것도 없어!","","False","DIA_Maleth_Equipment_08_01","",""
"Scripts/Content/Story/Dialoge/DIA_BAU_954_Maleth.d:264","Wenn du für das, was du willst, bezahlen kannst, wird Lobart dir was verkaufen.","원하는 것에 대한 값을 지불할 수 있다면, 로바트가 뭔가를 팔아줄 거야.","","False","DIA_Maleth_Equipment_08_02","",""
"Scripts/Content/Story/Dialoge/DIA_BAU_954_Maleth.d:265","Ansonsten geh zu ihm und frag ihn, ob er Arbeit für dich hat.","그게 아니면 그에게 가서 일거리가 있는지 물어보라고.","","False","DIA_Maleth_Equipment_08_03","",""
"Scripts/Content/Story/Dialoge/DIA_BAU_954_Maleth.d:278","Wo finde ich Lobart?","로바트는 어디서 찾을 수 있지?","","False","DIA_Maleth_LOBART.description","",""
"Scripts/Content/Story/Dialoge/DIA_BAU_954_Maleth.d:293","Wo finde ich Lobart?","로바트는 어디서 찾을 수 있지?","","False","DIA_Maleth_LOBART_15_00","",""
"Scripts/Content/Story/Dialoge/DIA_BAU_954_Maleth.d:294","Na, auf dem Hof natürlich! Der Hof gehört ihm!","당연히 농장에 있지! 이 농장은 그의 것이니까!","","False","DIA_Maleth_LOBART_08_01","",""
"Scripts/Content/Story/Dialoge/DIA_BAU_954_Maleth.d:295","Und komm ihm ja nicht krumm! Er hat schon so manchen Streuner von seinem Hof geprügelt.","그리고 그에게 함부로 대하지 마라! 그는 농장에서 건달 녀석들을 여럿 쫓아냈거든.","","False","DIA_Maleth_LOBART_08_02","",""
"Scripts/Content/Story/Dialoge/DIA_BAU_954_Maleth.d:341","Gab es irgendwas neues in den letzten Tagen?","최근 며칠 동안 새로운 일이라도 있었나?","","False","DIA_Maleth_PROBLEME.description","",""
"Scripts/Content/Story/Dialoge/DIA_BAU_954_Maleth.d:354","Gab es irgendwas Neues in den letzten Tagen?","최근 며칠 동안 새로운 일이라도 있었나?","","False","DIA_Maleth_PROBLEME_15_00","",""
"Scripts/Content/Story/Dialoge/DIA_BAU_954_Maleth.d:355","Geh doch einfach mal den Feldweg zur Stadt entlang.","그냥 도시로 가는 농로를 따라가 봐.","","False","DIA_Maleth_PROBLEME_08_01","",""
"Scripts/Content/Story/Dialoge/DIA_BAU_954_Maleth.d:356","Wenn du einem Kerl mit einer schwarzen Kutte begegnest, dann weißt du, was es Neues gibt.","검은 로브를 걸친 녀석을 만나게 된다면, 뭐가 새로운지 알게 될 거야.","","False","DIA_Maleth_PROBLEME_08_02","",""
"Scripts/Content/Story/Dialoge/DIA_BAU_954_Maleth.d:359","Wie geht´s deinen Schafen?","자네 양들은 어때?","","False","DIA_Maleth_PROBLEME_Info.DIA_Maleth_PROBLEME.DIA_Maleth_PROBLEME_schafe","Info_AddChoice",""
"Scripts/Content/Story/Dialoge/DIA_BAU_954_Maleth.d:360","Sind die schwarzen Männer schon bei dir gewesen?","검은 옷의 사내들이 벌써 다녀갔나?","","False","DIA_Maleth_PROBLEME_Info.DIA_Maleth_PROBLEME.DIA_Maleth_PROBLEME_beidir","Info_AddChoice",""
"Scripts/Content/Story/Dialoge/DIA_BAU_954_Maleth.d:365","Sind die schwarzen Männer schon bei dir gewesen?","검은 옷의 사내들이 벌써 다녀갔나?","","False","DIA_Maleth_PROBLEME_beidir_15_00","",""
"Scripts/Content/Story/Dialoge/DIA_BAU_954_Maleth.d:366","Ja. Sie sind schon einige Tage hier. Wenn du mich fragst, kommen sie direkt aus der Hölle.","그래. 이미 며칠 전부터 와 있었어. 나한테 묻자면, 지옥에서 온 놈들 같아.","","False","DIA_Maleth_PROBLEME_beidir_08_01","",""
"Scripts/Content/Story/Dialoge/DIA_BAU_954_Maleth.d:371","Wie geht's deinen Schafen?","자네 양들은 어때?","","False","DIA_Maleth_PROBLEME_schafe_15_00","",""
"Scripts/Content/Story/Dialoge/DIA_BAU_954_Maleth.d:372","(erbost) Als ob dich das interessieren würde. Du hast ganz andere Probleme.","(화내며) 마치 그게 관심이라도 있다는 듯이 묻네. 넌 지금 그럴 때가 아닐 텐데.","","False","DIA_Maleth_PROBLEME_schafe_08_01","",""
"Scripts/Content/Story/Dialoge/DIA_BAU_954_Maleth.d:373","Meine Probleme? Was weißt du denn schon davon?","내 문제라고? 네가 그에 대해 뭘 아는데?","","False","DIA_Maleth_PROBLEME_schafe.DIA_Maleth_PROBLEME.DIA_Maleth_PROBLEME_schafe_probleme","Info_AddChoice",""
"Scripts/Content/Story/Dialoge/DIA_BAU_954_Maleth.d:378","Meine Probleme? Was weißt du denn schon davon?","내 문제라고? 네가 그에 대해 뭘 아는데?","","False","DIA_Maleth_PROBLEME_schafe_probleme_15_00","",""
"Scripts/Content/Story/Dialoge/DIA_BAU_954_Maleth.d:382","(barsch) Du gehörst doch zur Stadtgarde, oder nicht? Dann unternimm doch endlich mal was gegen diese schwarzen Mistkerle.","(쌀쌀맞게) 도시 경비대에 속해 있지 않나, 아니야? 그렇다면 그 검은 녀석들에 대해 뭔가 조치라도 취해 보라고.","","False","DIA_Maleth_PROBLEME_schafe_probleme_08_01","",""
"Scripts/Content/Story/Dialoge/DIA_BAU_954_Maleth.d:387","(verärgert) Ihr dreckigen Söldner habt doch nur eins im Kopf: Wie kommt anderer Leute Geld in meine Tasche.","(화나서) 너희 더러운 용병들은 머릿속에 오직 남의 돈을 내 주머니로 넣을 생각밖에 없지.","","False","DIA_Maleth_PROBLEME_schafe_probleme_08_02","",""
"Scripts/Content/Story/Dialoge/DIA_BAU_954_Maleth.d:392","Ihr edlen Herren aus dem Kloster solltet was gegen diese Kapuzentypen unternehmen.","수도원에서 온 고결하신 양반들이 저 후드 쓴 자들에 대해 뭔가 조치를 취해야 할 텐데 말이야.","","False","DIA_Maleth_PROBLEME_schafe_probleme_08_03","",""
"Scripts/Content/Story/Dialoge/DIA_BAU_954_Maleth.d:397","Du riskierst ´ne ganz schön dicke Lippe, Freundchen.","말이 아주 험하네, 친구.","","False","DIA_Maleth_PROBLEME_schafe_probleme.DIA_Maleth_PROBLEME.DIA_Maleth_PROBLEME_schafe_probleme_drohen","Info_AddChoice",""
"Scripts/Content/Story/Dialoge/DIA_BAU_954_Maleth.d:401","Was ist dein Problem?","무슨 문제라도 있어?","","False","DIA_Maleth_PROBLEME_schafe_probleme.DIA_Maleth_PROBLEME.DIA_Maleth_PROBLEME_schafe_probleme_geldher_auftrag","Info_AddChoice",""
"Scripts/Content/Story/Dialoge/DIA_BAU_954_Maleth.d:407","Was ist dein Problem?","무슨 문제라도 있어?","","False","DIA_Maleth_PROBLEME_schafe_probleme_geldher_auftrag_15_00","",""
"Scripts/Content/Story/Dialoge/DIA_BAU_954_Maleth.d:408","Das kam alles nur von diesem schwarzgebrannten Fusel, den Vino mir vor einigen Wochen angedreht hat.","다 몇 주 전에 비노가 내게 팔아넘긴 그 밀조주 때문이야.","","False","DIA_Maleth_PROBLEME_schafe_probleme_geldher_auftrag_08_01","",""
"Scripts/Content/Story/Dialoge/DIA_BAU_954_Maleth.d:409","Ich kann mich an fast nichts mehr erinnern, Mann. Ich weiß nur, dass ich meinen Gehstock seitdem vermisse.","기억나는 게 거의 없어, 이 사람아. 내가 아는 건 그 이후로 내 지팡이가 사라졌다는 것뿐이야.","","False","DIA_Maleth_PROBLEME_schafe_probleme_geldher_auftrag_08_02","",""
"Scripts/Content/Story/Dialoge/DIA_BAU_954_Maleth.d:410","Deswegen machst du so einen Aufstand?","그깟 일 때문에 그렇게 소란을 피운 거야?","","False","DIA_Maleth_PROBLEME_schafe_probleme_geldher_auftrag_15_03","",""
"Scripts/Content/Story/Dialoge/DIA_BAU_954_Maleth.d:411","Du hast gut Reden, dir gehört er ja nicht.","네 일이 아니라고 쉽게 말하는군.","","False","DIA_Maleth_PROBLEME_schafe_probleme_geldher_auftrag_08_04","",""
"Scripts/Content/Story/Dialoge/DIA_BAU_954_Maleth.d:422","Du riskierst 'ne ganz schön dicke Lippe, Freundchen.","말이 아주 험하네, 친구.","","False","DIA_Maleth_PROBLEME_schafe_probleme_drohen_15_00","",""
"Scripts/Content/Story/Dialoge/DIA_BAU_954_Maleth.d:423","Du kannst doch auch nur große Reden schwingen. Am besten, du verschwindest wieder.","너도 큰소리만 칠 줄 알지. 차라리 꺼져주는 게 좋을 걸.","","False","DIA_Maleth_PROBLEME_schafe_probleme_drohen_08_01","",""
"Scripts/Content/Story/Dialoge/DIA_BAU_954_Maleth.d:440","Ich glaube, dieser Gehstock gehört dir.","이 지팡이가 네 것인 것 같은데.","","False","DIA_Maleth_GEHSTOCK.description","",""
"Scripts/Content/Story/Dialoge/DIA_BAU_954_Maleth.d:454","Ich glaube, dieser Gehstock gehört dir.","이 지팡이가 네 것인 것 같은데.","","False","DIA_Maleth_GEHSTOCK_15_00","",""
"Scripts/Content/Story/Dialoge/DIA_BAU_954_Maleth.d:455","Das ist ja großartig. Ich ...","정말 대단하군. 난…","","False","DIA_Maleth_GEHSTOCK_08_01","",""
"Scripts/Content/Story/Dialoge/DIA_BAU_954_Maleth.d:456","Moment. Erst bezahlst du dafür.","잠깐. 그전에 대가를 치러야지.","","False","DIA_Maleth_GEHSTOCK_15_02","",""
"Scripts/Content/Story/Dialoge/DIA_BAU_954_Maleth.d:457","Aber... ich habe nicht viel.","하지만… 가진 게 별로 없는데.","","False","DIA_Maleth_GEHSTOCK_08_03","",""
"Scripts/Content/Story/Dialoge/DIA_BAU_954_Maleth.d:458","Dann lass dir was anderes einfallen.","그럼 다른 방법이라도 생각해 보든가.","","False","DIA_Maleth_GEHSTOCK_15_04","",""
"Scripts/Content/Story/Dialoge/DIA_BAU_954_Maleth.d:459","Ok. Wie wär's damit? Ich habe gestern einige Banditen mit ein paar Goldsäcken vorbeilaufen sehen.","좋아. 이건 어때? 어제 산적 몇 명이 금 주머니를 몇 개 들고 지나가는 걸 봤거든.","","False","DIA_Maleth_GEHSTOCK_08_05","",""
"Scripts/Content/Story/Dialoge/DIA_BAU_954_Maleth.d:460","Wenn ich dir verrate, wo die Kerle ihre Beute lagern, bekomme ich dann meinen Gehstock zurück?","그 자들이 전리품을 숨겨둔 곳을 알려주면 내 지팡이를 돌려줄 건가?","","False","DIA_Maleth_GEHSTOCK_08_06","",""
"Scripts/Content/Story/Dialoge/DIA_BAU_954_Maleth.d:465","Kein Interesse. Ich will dein Gold.","관심 없어. 네 금을 원해.","","False","DIA_Maleth_GEHSTOCK_Info.DIA_Maleth_GEHSTOCK.DIA_Maleth_GEHSTOCK_gold","Info_AddChoice",""
"Scripts/Content/Story/Dialoge/DIA_BAU_954_Maleth.d:466","In Ordnung.","좋아.","","False","DIA_Maleth_GEHSTOCK_Info.DIA_Maleth_GEHSTOCK.DIA_Maleth_GEHSTOCK_ok","Info_AddChoice",""
"Scripts/Content/Story/Dialoge/DIA_BAU_954_Maleth.d:471","In Ordnung.","좋아.","","False","DIA_Maleth_GEHSTOCK_ok_15_00","",""
"Scripts/Content/Story/Dialoge/DIA_BAU_954_Maleth.d:473","Ok. Du gehst einfach dort drüben in das Waldstück im Westen. Dort findest du eine Schlucht im Fels.","알았어. 서쪽에 있는 저기 저 숲으로 가봐. 거기 바위 협곡이 있을 거야.","","False","DIA_Maleth_GEHSTOCK_ok_08_01","",""
"Scripts/Content/Story/Dialoge/DIA_BAU_954_Maleth.d:474","In der Höhle dort solltest du eigentlich etwas finden.","거기 동굴에 가면 뭔가 얻을 수 있을 거다.","","False","DIA_Maleth_GEHSTOCK_ok_08_02","",""
"Scripts/Content/Story/Dialoge/DIA_BAU_954_Maleth.d:484","Kein Interesse. Ich will dein Gold.","관심 없어. 네 금을 원해.","","False","DIA_Maleth_GEHSTOCK_gold_15_00","",""
"Scripts/Content/Story/Dialoge/DIA_BAU_954_Maleth.d:485","Hier hast du alles, was ich habe. Das muss genügen.","여기에 내가 가진 전부가 있어. 이걸로 충분할 거야.","","False","DIA_Maleth_GEHSTOCK_gold_08_01","",""
"Scripts/Content/Story/Dialoge/DIA_BAU_954_Maleth.d:502","Reg dich nicht so auf. ","그렇게 흥분하지 마. ","","False","DIA_Maleth_PERM3.description","",""
"Scripts/Content/Story/Dialoge/DIA_BAU_954_Maleth.d:516","Reg dich nicht so auf.","그렇게 흥분하지 마.","","False","DIA_Maleth_PERM3_15_00","",""
"Scripts/Content/Story/Dialoge/DIA_BAU_954_Maleth.d:517","(genervt) Hau schon ab.","(짜증 내며) 그만 꺼져.","","False","DIA_Maleth_PERM3_08_01","",""
"Scripts/Content/Story/Dialoge/DIA_BAU_960_Bengar.d:36","Du bist der Bauer hier?","네가 여기 농부인가?","","False","DIA_Bengar_HALLO.description","",""
"Scripts/Content/Story/Dialoge/DIA_BAU_960_Bengar.d:49","Du bist der Bauer hier?","네가 여기 농부인가?","","False","DIA_Bengar_HALLO_15_00","",""
"Scripts/Content/Story/Dialoge/DIA_BAU_960_Bengar.d:50","Könnte man so sagen, doch eigentlich bin ich nur der Pächter.","그렇다고 할 수 있지, 하지만 사실 난 소작농일 뿐이야.","","False","DIA_Bengar_HALLO_10_01","",""
"Scripts/Content/Story/Dialoge/DIA_BAU_960_Bengar.d:51","Dem Großbauern gehört das ganze Land hier.","이곳의 모든 땅은 대농장주의 소유거든.","","False","DIA_Bengar_HALLO_10_02","",""
"Scripts/Content/Story/Dialoge/DIA_BAU_960_Bengar.d:63","Wovon lebt ihr?","뭐 먹고 살아?","","False","DIA_Bengar_WOVONLEBTIHR.description","",""
"Scripts/Content/Story/Dialoge/DIA_BAU_960_Bengar.d:77","Wovon lebt ihr?","뭐 먹고 살아?","","False","DIA_Bengar_WOVONLEBTIHR_15_00","",""
"Scripts/Content/Story/Dialoge/DIA_BAU_960_Bengar.d:78","Hauptsächlich von der Jagd und vom Holz, das wir fällen. Natürlich züchten wir auch Schafe und betreiben Ackerbau.","주로 사냥과 벌목으로 먹고살지. 물론 양을 기르고 농사도 짓고 말이야.","","False","DIA_Bengar_WOVONLEBTIHR_10_01","",""
"Scripts/Content/Story/Dialoge/DIA_BAU_960_Bengar.d:79","Ich muss ja auch die ganzen Tagelöhner, die Onar mir aufhalst, beschäftigen. Die wenigsten sind gute Jäger, verstehst du?","오나르가 내게 떠넘긴 일꾼들도 전부 먹여 살려야 하거든. 그중 사냥을 잘하는 사람은 거의 없지만 말이야, 알겠나?","","False","DIA_Bengar_WOVONLEBTIHR_10_02","",""
"Scripts/Content/Story/Dialoge/DIA_BAU_960_Bengar.d:91","Du unterhältst Tagelöhner?","일꾼들을 고용하고 있다고?","","False","DIA_Bengar_TAGELOEHNER.description","",""
"Scripts/Content/Story/Dialoge/DIA_BAU_960_Bengar.d:105","Du unterhältst Tagelöhner?","일꾼들을 고용하고 있다고?","","False","DIA_Bengar_TAGELOEHNER_15_00","",""
"Scripts/Content/Story/Dialoge/DIA_BAU_960_Bengar.d:106","Die Arbeiter, die Onar nicht gebrauchen kann, wirft er von seinem Hof.","오나르가 자기 농장에서 쓸모없다고 생각하는 노동자들은 쫓아내거든.","","False","DIA_Bengar_TAGELOEHNER_10_01","",""
"Scripts/Content/Story/Dialoge/DIA_BAU_960_Bengar.d:107","Er schickt sie dann zu mir. Ich ernähre sie und sie arbeiten hier für mich.","그럼 그들은 내게 보내지. 내가 먹여 살리면 그들은 여기서 나를 위해 일해.","","False","DIA_Bengar_TAGELOEHNER_10_02","",""
"Scripts/Content/Story/Dialoge/DIA_BAU_960_Bengar.d:119","Ist dir in letzter Zeit, was merkwürdiges wiederfahren?","요즘 별난 일이라도 있었나?","","False","DIA_Addon_Bengar_MissingPeople.description","",""
"Scripts/Content/Story/Dialoge/DIA_BAU_960_Bengar.d:133","Ist hier in letzter Zeit etwas Merkwürdiges passiert?","요즘 이 근처에서 뭔가 이상한 일이라도 일어났나?","","False","DIA_Addon_Bengar_MissingPeople_15_00","",""
"Scripts/Content/Story/Dialoge/DIA_BAU_960_Bengar.d:134","Hier passieren eine Menge merkwürdiger Dinge.","요즘 이상한 일들이 많이 일어나고 있지.","","False","DIA_Addon_Bengar_MissingPeople_10_01","",""
"Scripts/Content/Story/Dialoge/DIA_BAU_960_Bengar.d:135","Aber das Seltsamste ist wohl Pardos' rätselhaftes Verschwinden.","하지만 가장 이상한 건 파르도스의 의문스러운 실종이야.","","False","DIA_Addon_Bengar_MissingPeople_10_02","",""
"Scripts/Content/Story/Dialoge/DIA_BAU_960_Bengar.d:136","Er ist einer meiner Feldarbeiter und nicht der Typ, der einfach über Nacht alles hinwirft und sich aus dem Staub macht, verstehst du?","그는 내 밭일꾼 중 한 명인데, 하룻밤 사이에 다 내던지고 훌쩍 떠나버릴 사람이 아니란 말이지, 알겠나?","","False","DIA_Addon_Bengar_MissingPeople_10_03","",""
"Scripts/Content/Story/Dialoge/DIA_BAU_960_Bengar.d:147","Irgendeinen Anhaltspunkt?","단서라도 있나?","","False","DIA_Addon_Bengar_MissingPeople_Info.DIA_Addon_Bengar_MissingPeople.DIA_Addon_Bengar_MissingPeople_Hint","Info_AddChoice",""
"Scripts/Content/Story/Dialoge/DIA_BAU_960_Bengar.d:148","Vielleicht hatte er einfach die Schnauze voll.","그냥 넌더리가 났던 모양이지.","","False","DIA_Addon_Bengar_MissingPeople_Info.DIA_Addon_Bengar_MissingPeople.DIA_Addon_Bengar_MissingPeople_voll","Info_AddChoice",""
"Scripts/Content/Story/Dialoge/DIA_BAU_960_Bengar.d:149","Was genau ist an seinem Verschwinden so merkwürdig?","그의 실종에서 정확히 뭐가 그렇게 이상하다는 건가?","","False","DIA_Addon_Bengar_MissingPeople_Info.DIA_Addon_Bengar_MissingPeople.DIA_Addon_Bengar_MissingPeople_was","Info_AddChoice",""
"Scripts/Content/Story/Dialoge/DIA_BAU_960_Bengar.d:154","Was genau ist an seinem Verschwinden so merkwürdig?","그의 실종에서 정확히 뭐가 그렇게 이상하다는 건가?","","False","DIA_Addon_Bengar_MissingPeople_was_15_00","",""
"Scripts/Content/Story/Dialoge/DIA_BAU_960_Bengar.d:155","Pardos ist ein sehr ängstlicher Kerl und hat sich niemals weiter als bis zu den Grenzen meiner Felder vom Hof entfernt.","파르도스는 아주 겁이 많은 녀석이라 내 농장 경계 밖으로는 멀리 나간 적이 없거든.","","False","DIA_Addon_Bengar_MissingPeople_was_10_01","",""
"Scripts/Content/Story/Dialoge/DIA_BAU_960_Bengar.d:156","Er hat schon die Beine in die Hand genommen, wenn ihm eine Fleischwanze über den Weg gekrabbelt kam.","미트버그가 기어 지나가기만 해도 혼비백산해서 도망치던 녀석이야.","","False","DIA_Addon_Bengar_MissingPeople_was_10_02","",""
"Scripts/Content/Story/Dialoge/DIA_BAU_960_Bengar.d:157","Die Biester sind zwar nicht besonders schön, aber gefährlich sind sie nun wirklich nicht.","그 녀석들이 보기 예쁘진 않지만, 그렇다고 정말 위험한 건 아니잖아.","","False","DIA_Addon_Bengar_MissingPeople_was_10_03","",""
"Scripts/Content/Story/Dialoge/DIA_BAU_960_Bengar.d:158","(ekelt sich) Es soll ja Leute geben, die sie essen. Widerlich.","(역겨워하며) 그걸 먹는 사람들도 있다더군. 징그러워.","","False","DIA_Addon_Bengar_MissingPeople_was_10_04","",""
"Scripts/Content/Story/Dialoge/DIA_BAU_960_Bengar.d:159","Man gewöhnt sich daran.","금방 익숙해지지.","","False","DIA_Addon_Bengar_MissingPeople_was_15_05","",""
"Scripts/Content/Story/Dialoge/DIA_BAU_960_Bengar.d:164","Vielleicht hatte er einfach die Schnauze voll.","그냥 넌더리가 났던 모양이지.","","False","DIA_Addon_Bengar_MissingPeople_voll_15_00","",""
"Scripts/Content/Story/Dialoge/DIA_BAU_960_Bengar.d:165","Die Feldarbeit war sein Ein und Alles. Schwer vorzustellen, dass jetzt er bei einem anderen Bauern arbeitet.","밭일은 그의 전부였어. 이제 와서 다른 농부 밑에서 일하고 있을 거라곤 상상하기 힘들군.","","False","DIA_Addon_Bengar_MissingPeople_voll_10_01","",""
"Scripts/Content/Story/Dialoge/DIA_BAU_960_Bengar.d:166","Bei mir konnte er machen, was er wollte.","내 밑에선 그가 하고 싶은 대로 다 할 수 있었거든.","","False","DIA_Addon_Bengar_MissingPeople_voll_10_02","",""
"Scripts/Content/Story/Dialoge/DIA_BAU_960_Bengar.d:171","Irgendeinen Anhaltspunkt?","단서라도 있나?","","False","DIA_Addon_Bengar_MissingPeople_Hint_15_00","",""
"Scripts/Content/Story/Dialoge/DIA_BAU_960_Bengar.d:172","Ich glaube ja, dass ihn die Banditen verschleppt haben. Die streunen schon seit Tagen hier in der Gegend herum.","내 생각엔 그 녀석들이 그를 납치해 간 게 분명해. 그들은 며칠 전부터 이 주변을 어슬렁거리고 있었거든.","","False","DIA_Addon_Bengar_MissingPeople_Hint_10_01","",""
"Scripts/Content/Story/Dialoge/DIA_BAU_960_Bengar.d:173","Einmal habe ich gesehen, wie sie einen Bürger der Stadt in ihr Lager gezerrt haben.","도시의 시민 한 명을 자기네 캠프로 끌고 가는 걸 본 적도 있어.","","False","DIA_Addon_Bengar_MissingPeople_Hint_10_02","",""
"Scripts/Content/Story/Dialoge/DIA_BAU_960_Bengar.d:174","Sah so aus, als ob sie ihn versklaven wollten.","노예로 삼으려는 모양이더군.","","False","DIA_Addon_Bengar_MissingPeople_Hint_10_03","",""
"Scripts/Content/Story/Dialoge/DIA_BAU_960_Bengar.d:175","Wo ist dieses Lager der Banditen?","그 산적들의 캠프는 어디에 있나?","","False","DIA_Addon_Bengar_MissingPeople_Hint.DIA_Addon_Bengar_MissingPeople.DIA_Addon_Bengar_MissingPeople_Lager","Info_AddChoice",""
"Scripts/Content/Story/Dialoge/DIA_BAU_960_Bengar.d:181","Wo ist dieses Lager der Banditen?","그 산적들의 캠프는 어디에 있나?","","False","DIA_Addon_Bengar_MissingPeople_Lager_15_00","",""
"Scripts/Content/Story/Dialoge/DIA_BAU_960_Bengar.d:182","Am Ende meiner Felder führt eine Treppe hinunter in einen kleinen Talkessel. Dort haben sie sich niedergelassen.","내 밭 끝에 작은 분지로 내려가는 계단이 있어. 그곳에 터를 잡았지.","","False","DIA_Addon_Bengar_MissingPeople_Lager_10_01","",""
"Scripts/Content/Story/Dialoge/DIA_BAU_960_Bengar.d:183","Ich würde dort ja gerne nach Pardos suchen, aber ich werde mich ganz sicher nicht mit den Kerlen anlegen.","나도 직접 파르도스를 찾아보고 싶지만, 그 녀석들과 엮이고 싶진 않단 말이지.","","False","DIA_Addon_Bengar_MissingPeople_Lager_10_02","",""
"Scripts/Content/Story/Dialoge/DIA_BAU_960_Bengar.d:184","An deiner Stelle würde ich auch einen großen Bogen darum machen. Die kennen keinen Spaß.","내 입장이라면 나도 그곳은 활처럼 멀리 피할 거야. 그 녀석들은 장난을 모른다고.","","False","DIA_Addon_Bengar_MissingPeople_Lager_10_03","",""
"Scripts/Content/Story/Dialoge/DIA_BAU_960_Bengar.d:202","Ist Pardos wieder zurück?","파르도스가 돌아왔나?","","False","DIA_Addon_Bengar_ReturnPardos.description","",""
"Scripts/Content/Story/Dialoge/DIA_BAU_960_Bengar.d:217","Ist Pardos wieder zurück?","파르도스가 돌아왔나?","","False","DIA_Addon_Bengar_ReturnPardos_15_00","",""
"Scripts/Content/Story/Dialoge/DIA_BAU_960_Bengar.d:218","Ja, er ist drin und ruht sich aus. Danke für alles was ...","그래, 안에 들어가서 쉬고 있어. 자네가 해준 모든 것에...","","False","DIA_Addon_Bengar_ReturnPardos_10_01","",""
"Scripts/Content/Story/Dialoge/DIA_BAU_960_Bengar.d:219","Schon gut.","됐네.","","False","DIA_Addon_Bengar_ReturnPardos_15_02","",""
"Scripts/Content/Story/Dialoge/DIA_BAU_960_Bengar.d:220","Warte, ich würde dich ja entlohnen aber ich habe selber nicht ...","잠깐, 보답을 하고 싶은데 나도 가진 게...","","False","DIA_Addon_Bengar_ReturnPardos_10_03","",""
"Scripts/Content/Story/Dialoge/DIA_BAU_960_Bengar.d:221","Vergiss es.","됐어.","","False","DIA_Addon_Bengar_ReturnPardos_15_04","",""
"Scripts/Content/Story/Dialoge/DIA_BAU_960_Bengar.d:235","Hatten die Banditen, die hier vorbei kamen, Waffen bei sich?","여기를 지나간 산적들이 무기를 가지고 있었나?","","False","DIA_Addon_Bengar_FernandosWeapons.description","",""
"Scripts/Content/Story/Dialoge/DIA_BAU_960_Bengar.d:249","Hatten die Banditen Waffen bei sich, die hier vorbei kamen?","여기를 지나간 산적들이 무기를 가지고 있었나?","","False","DIA_Addon_Bengar_FernandosWeapons_15_00","",""
"Scripts/Content/Story/Dialoge/DIA_BAU_960_Bengar.d:250","Was ist denn das für eine blöde Frage? Was wären das für Banditen, wenn sie keine Waffen hätten?","그게 무슨 바보 같은 소리야? 무기가 없으면 그게 무슨 산적이야?","","False","DIA_Addon_Bengar_FernandosWeapons_10_01","",""
"Scripts/Content/Story/Dialoge/DIA_BAU_960_Bengar.d:251","Ich meine richtig VIELE Waffen. Eine Waffenlieferung.","내 말은 무기가 정말 '많았다'는 뜻이야. 무기 배송품 말이지.","","False","DIA_Addon_Bengar_FernandosWeapons_15_02","",""
"Scripts/Content/Story/Dialoge/DIA_BAU_960_Bengar.d:252","Stimmt. Jetzt, wo du es sagst, sie hatten Massen davon bei sich.","그렇군. 네가 그렇게 말하니까 생각나는데, 잔뜩 들고 있더군.","","False","DIA_Addon_Bengar_FernandosWeapons_10_03","",""
"Scripts/Content/Story/Dialoge/DIA_BAU_960_Bengar.d:253","Einige in Fässern, einige in Taschen oder auf dem Karren, den sie dabei hatten.","어떤 건 통에 넣고, 어떤 건 주머니나 자기가 끌고 온 수레에 싣고 있었어.","","False","DIA_Addon_Bengar_FernandosWeapons_10_04","",""
"Scripts/Content/Story/Dialoge/DIA_BAU_960_Bengar.d:266","Was hältst du von Onar?","오나르를 어떻게 생각하나?","","False","DIA_Bengar_REBELLIEREN.description","",""
"Scripts/Content/Story/Dialoge/DIA_BAU_960_Bengar.d:279","Was hältst du von Onar?","오나르를 어떻게 생각하나?","","False","DIA_Bengar_REBELLIEREN_15_00","",""
"Scripts/Content/Story/Dialoge/DIA_BAU_960_Bengar.d:280","Er ist ein gieriger Sack, der uns noch alle an den Galgen bringen wird.","그 탐욕스러운 작자는 결국 우리 모두를 교수대에 매달고 말 거야.","","False","DIA_Bengar_REBELLIEREN_10_01","",""
"Scripts/Content/Story/Dialoge/DIA_BAU_960_Bengar.d:281","Irgendwann kommen die Paladine aus der Stadt und lassen uns kleine Bauern für das, was er hier abzieht, bluten.","언젠가는 도시에서 팔라딘들이 찾아와 그가 여기서 벌인 짓에 대해 우리 같은 소농들에게 피값을 치르게 할걸.","","False","DIA_Bengar_REBELLIEREN_10_02","",""
"Scripts/Content/Story/Dialoge/DIA_BAU_960_Bengar.d:282","Aber ich habe keine Wahl, die Milizen kommen nur hierher, um zu kassieren, und nicht, um den Hof zu verteidigen.","하지만 나도 별다른 도리가 없어. 민병대는 농장을 지켜주기는커녕 세금을 걷으러 올 뿐이니까.","","False","DIA_Bengar_REBELLIEREN_10_03","",""
"Scripts/Content/Story/Dialoge/DIA_BAU_960_Bengar.d:283","Wenn ich mich loyal zur Stadt verhalten würde, könnte ich selber zusehen, wie ich klarkomme.","도시에 충성했다간 나 혼자 알아서 살아남아야 할 판이지.","","False","DIA_Bengar_REBELLIEREN_10_04","",""
"Scripts/Content/Story/Dialoge/DIA_BAU_960_Bengar.d:284","Onar schickt zumindest ab und zu mal Söldner, um nach dem Rechten zu sehen.","오나르는 적어도 가끔은 용병들을 보내서 우리가 잘 지내는지 확인하게 하거든.","","False","DIA_Bengar_REBELLIEREN_10_05","",""
"Scripts/Content/Story/Dialoge/DIA_BAU_960_Bengar.d:296","Was hast du gegen die Königstruppen?","왕국 군대에 불만이라도 있나?","","False","DIA_Bengar_PALADINE.description","",""
"Scripts/Content/Story/Dialoge/DIA_BAU_960_Bengar.d:310","Was hast du gegen die Königstruppen?","왕국 군대에 불만이라도 있나?","","False","DIA_Bengar_PALADINE_15_00","",""
"Scripts/Content/Story/Dialoge/DIA_BAU_960_Bengar.d:311","Liegt doch auf der Hand. Es hat überhaupt keine Verbesserung gebracht, dass die Paladine jetzt in der Stadt sind. Ganz im Gegenteil.","뻔하잖아. 팔라딘들이 도시에 들어온 뒤로 나아진 게 하나도 없어. 오히려 그 반대지.","","False","DIA_Bengar_PALADINE_10_01","",""
"Scripts/Content/Story/Dialoge/DIA_BAU_960_Bengar.d:312","Jetzt kommen diese verfluchten Milizen nur noch häufiger auf unser Land und rauben, was das Zeug hält, und die Paladine machen nichts dagegen.","이제 저 저주받을 민병대 녀석들은 더 자주 우리 땅에 기어와서 할 수 있는 대로 약탈해 가는데, 팔라딘들은 아무것도 안 하잖아.","","False","DIA_Bengar_PALADINE_10_02","",""
"Scripts/Content/Story/Dialoge/DIA_BAU_960_Bengar.d:313","Die einzigen Paladine, die ich je gesehen habe, sind die beiden Wachen vor dem Pass.","내가 본 팔라딘이라곤 통행로 앞에 있는 경비병 둘뿐이야.","","False","DIA_Bengar_PALADINE_10_03","",""
"Scripts/Content/Story/Dialoge/DIA_BAU_960_Bengar.d:314","Die würden sich keinen Meter da weg bewegen, auch wenn die Miliz uns alle abschlachten würde.","민병대가 우리 전부를 학살한다고 해도 그들은 털끝 하나 안 바꿀걸.","","False","DIA_Bengar_PALADINE_10_04","",""
"Scripts/Content/Story/Dialoge/DIA_BAU_960_Bengar.d:326","Der Pass?","통행로?","","False","DIA_Bengar_PASS.description","",""
"Scripts/Content/Story/Dialoge/DIA_BAU_960_Bengar.d:339","Der Pass?","통행로?","","False","DIA_Bengar_PASS_15_00","",""
"Scripts/Content/Story/Dialoge/DIA_BAU_960_Bengar.d:340","Ja. Der Pass ins alte Minental bei den Wasserfällen am anderen Ende des Weidenplateaus.","그래. 목초지 저편의 폭포 옆에 있는 오래된 광산 계곡으로 가는 통행로 말이야.","","False","DIA_Bengar_PASS_10_01","",""
"Scripts/Content/Story/Dialoge/DIA_BAU_960_Bengar.d:341","Frag mal Malak danach. Er ist die letzte Woche ein paar mal da gewesen.","말락에게 물어봐. 지난주에 몇 번 그곳에 갔었거든.","","False","DIA_Bengar_PASS_10_02","",""
"Scripts/Content/Story/Dialoge/DIA_BAU_960_Bengar.d:353","Ich soll mich um euer Milizproblem kümmern.","네 민병대 문제를 해결하러 왔다.","","False","DIA_Bengar_MILIZ.description","",""
"Scripts/Content/Story/Dialoge/DIA_BAU_960_Bengar.d:367","Ich soll mich um euer Milizproblem kümmern.","네 민병대 문제를 해결하러 왔다.","","False","DIA_Bengar_MILIZ_15_00","",""
"Scripts/Content/Story/Dialoge/DIA_BAU_960_Bengar.d:371","Was? Ich hab Onar gesagt, er soll ein paar von seinen SÖLDNERN schicken.","뭐? 오나르한테 용병 몇 명 좀 보내달라고 했는데.","","False","DIA_Bengar_MILIZ_10_01","",""
"Scripts/Content/Story/Dialoge/DIA_BAU_960_Bengar.d:372","Das hier ist meine Bewährungsprobe.","이건 내 자격 시험이야.","","False","DIA_Bengar_MILIZ_15_02","",""
"Scripts/Content/Story/Dialoge/DIA_BAU_960_Bengar.d:373","Na großartig. Weißt du, was die Milizen mit mir machen, wenn du es vermasselst?","이런 제발. 네가 망치기라도 하면 민병대들이 나한테 어떻게 나올지 알아?","","False","DIA_Bengar_MILIZ_10_03","",""
"Scripts/Content/Story/Dialoge/DIA_BAU_960_Bengar.d:377","Ich dachte schon, es würde niemand mehr kommen.","아무도 안 오는 줄 알았잖아.","","False","DIA_Bengar_MILIZ_10_04","",""
"Scripts/Content/Story/Dialoge/DIA_BAU_960_Bengar.d:378","Hab Onar schon vor Tagen Bescheid gesagt. Wofür bezahle ich eigentlich meine Pacht?","며칠 전에 오나르한테 벌써 말해뒀다고. 내가 대체 뭘 하려고 임대료를 내고 있겠어?","","False","DIA_Bengar_MILIZ_10_05","",""
"Scripts/Content/Story/Dialoge/DIA_BAU_960_Bengar.d:381","Die Mistkerle kommen bei uns jede Woche einmal vorbei und kassieren die Abgaben für die Stadt.","그 작자들은 매주 한 번씩 찾아와서 도시에 바칠 세금을 걷어간단 말이야.","","False","DIA_Bengar_MILIZ_10_06","",""
"Scripts/Content/Story/Dialoge/DIA_BAU_960_Bengar.d:382","Es trifft sich gut, dass du gerade jetzt kommst. Das ist normalerweise immer ihre Zeit.","마침 딱 알맞을 때 찾아왔네. 늘 이맘때쯤 오거든.","","False","DIA_Bengar_MILIZ_10_07","",""
"Scripts/Content/Story/Dialoge/DIA_BAU_960_Bengar.d:383","Sie müssten eigentlich jeden Moment hier sein.","분명 지금쯤 도착할 때가 됐는데.","","False","DIA_Bengar_MILIZ_10_08","",""
"Scripts/Content/Story/Dialoge/DIA_BAU_960_Bengar.d:395","Warum knöpft ihr euch die Milizen nicht selber vor?","너희들이 직접 민병대를 상대하지 그러는가?","","False","DIA_Bengar_Selber.description","",""
"Scripts/Content/Story/Dialoge/DIA_BAU_960_Bengar.d:410","Ihr seid so viele Männer. Warum knöpft ihr euch die Milizen nicht selber vor?","너희들도 일손이 많잖아. 왜 직접 민병대를 상대하지 않는 거야?","","False","DIA_Bengar_Selber_15_00","",""
"Scripts/Content/Story/Dialoge/DIA_BAU_960_Bengar.d:411","Wir sind viele, das ist richtig. Aber wir sind keine ausgebildeten Kämpfer, so wie die Miliz.","사람이 많긴 하지. 하지만 우리 중엔 민병대처럼 훈련받은 전사는 없단 말이야.","","False","DIA_Bengar_Selber_10_01","",""
"Scripts/Content/Story/Dialoge/DIA_BAU_960_Bengar.d:423","Die Miliz soll ruhig kommen, mit denen werde ich schon fertig!","민병대라면 기꺼이 상대해 주지, 내가 아주 손봐주겠어!","","False","DIA_Bengar_MILIZKLATSCHEN.description","",""
"Scripts/Content/Story/Dialoge/DIA_BAU_960_Bengar.d:439","Die Miliz soll ruhig kommen, mit denen werde ich schon fertig!","민병대라면 기꺼이 상대해 주지, 내가 아주 손봐주겠어!","","False","DIA_Bengar_MILIZKLATSCHEN_15_00","",""
"Scripts/Content/Story/Dialoge/DIA_BAU_960_Bengar.d:440","Da bin ja mal gespannt. Da vorne kommen sie nämlich schon. Hab ich's dir doch gesagt.","어디 한번 보자고. 저기 앞서 오고 있잖아. 내 말이 맞지?","","False","DIA_Bengar_MILIZKLATSCHEN_10_01","",""
"Scripts/Content/Story/Dialoge/DIA_BAU_960_Bengar.d:443","Vermassel es bloß nicht!","망치기만 해 봐!","","False","DIA_Bengar_MILIZKLATSCHEN_10_02","",""
"Scripts/Content/Story/Dialoge/DIA_BAU_960_Bengar.d:447","Na dann, viel Glück! Zeig's ihnen!","좋아, 행운을 빌지! 녀석들의 코를 납작하게 해 줘!","","False","DIA_Bengar_MILIZKLATSCHEN_10_03","",""
"Scripts/Content/Story/Dialoge/DIA_BAU_960_Bengar.d:480","Euer Milizproblem ist Vergangenheit.","네 민병대 문제는 이제 과거의 일이 될 거야.","","False","DIA_Bengar_MILIZWEG.description","",""
"Scripts/Content/Story/Dialoge/DIA_BAU_960_Bengar.d:498","Euer Milizproblem ist Vergangenheit.","네 민병대 문제는 이제 과거의 일이 될 거야.","","False","DIA_Bengar_MILIZWEG_15_00","",""
"Scripts/Content/Story/Dialoge/DIA_BAU_960_Bengar.d:502","Bist du verrückt? Weißt du, was die Kerle mit mir machen, wenn du weg bist?","제정신이야? 자네가 떠나고 나면 저 작자들이 나한테 무슨 짓을 할지 알기나 해?","","False","DIA_Bengar_MILIZWEG_10_01","",""
"Scripts/Content/Story/Dialoge/DIA_BAU_960_Bengar.d:503","Die stehen doch noch da vorne rum. Sag ihnen, sie sollen GANZ verschwinden!","아직도 저 앞에서 서성이고 있잖아. 아주 확실하게 꺼져버리라고 해!","","False","DIA_Bengar_MILIZWEG_10_02","",""
"Scripts/Content/Story/Dialoge/DIA_BAU_960_Bengar.d:507","Nicht übel. Vielleicht bleibt am Ende des Monats jetzt ja auch mal was übrig. Danke.","나쁘지 않군. 어쩌면 이번 달 말에는 뭔가 남는 게 있을지도 모르겠어. 고마워.","","False","DIA_Bengar_MILIZWEG_10_03","",""
"Scripts/Content/Story/Dialoge/DIA_BAU_960_Bengar.d:511","Du wolltest sogar für mich bezahlen. Sehr anständig von dir.","나를 대신해서 돈까지 내주려고 하다니. 아주 예의 바른 친구군그래.","","False","DIA_Bengar_MILIZWEG_10_04","",""
"Scripts/Content/Story/Dialoge/DIA_BAU_960_Bengar.d:532","Balthasar der Schafhirte darf nicht auf deine Weide?","양치기 발타자르가 네 목초지에 들어오지 못하게 한다고?","","False","DIA_Bengar_BALTHASAR.description","",""
"Scripts/Content/Story/Dialoge/DIA_BAU_960_Bengar.d:548","Balthasar der Schafhirte darf nicht auf deine Weide?","양치기 발타자르가 네 목초지에 들어오지 못하게 한다고?","","False","DIA_Bengar_BALTHASAR_15_00","",""
"Scripts/Content/Story/Dialoge/DIA_BAU_960_Bengar.d:549","Ach so. Die Geschichte. Ich habe ihm erzählt, Sekob soll mir Geld bezahlen, wenn er die Schafe auf meine Weide führt.","아, 그 얘기군. 세코브가 내 목초지에 양을 데려오려면 나한테 돈을 지불해야 한다고 그에게 말해줬지.","","False","DIA_Bengar_BALTHASAR_10_01","",""
"Scripts/Content/Story/Dialoge/DIA_BAU_960_Bengar.d:550","Wenn ich ehrlich bin, ist das nur Schikane. Ich kann Balthasar einfach nicht leiden.","솔직히 말해서, 그냥 괴롭히려는 거야. 발타자르가 그냥 맘에 안 들거든.","","False","DIA_Bengar_BALTHASAR_10_02","",""
"Scripts/Content/Story/Dialoge/DIA_BAU_960_Bengar.d:564","Die Miliz ist weg und Balthasar kann wieder auf dein Land.","민병대는 사라졌고 발타자르는 다시 네 땅을 쓸 수 있어.","","False","DIA_Bengar_BALTHASARDARFAUFWEIDE.description","",""
"Scripts/Content/Story/Dialoge/DIA_BAU_960_Bengar.d:581","Die Miliz ist weg und Balthasar kann wieder auf dein Land.","민병대는 사라졌고 발타자르는 다시 네 땅을 쓸 수 있어.","","False","DIA_Bengar_BALTHASARDARFAUFWEIDE_15_00","",""
"Scripts/Content/Story/Dialoge/DIA_BAU_960_Bengar.d:582","Wieso?","왜지?","","False","DIA_Bengar_BALTHASARDARFAUFWEIDE_10_01","",""
"Scripts/Content/Story/Dialoge/DIA_BAU_960_Bengar.d:583","(droht) Weil ich es gesagt habe.","(위협적으로) 내가 그렇다니까.","","False","DIA_Bengar_BALTHASARDARFAUFWEIDE_15_02","",""
"Scripts/Content/Story/Dialoge/DIA_BAU_960_Bengar.d:584","Mmh. Na gut, wie du meinst.","음. 알았어, 네 뜻대로 해.","","False","DIA_Bengar_BALTHASARDARFAUFWEIDE_10_03","",""
"Scripts/Content/Story/Dialoge/DIA_BAU_960_Bengar.d:585","Soll er sich hinter dem Feld eine Stelle mit seinen Viechern suchen.","짐승들을 이끌고 밭 뒤편에 적당한 자리라도 찾으라지.","","False","DIA_Bengar_BALTHASARDARFAUFWEIDE_10_04","",""
"Scripts/Content/Story/Dialoge/DIA_BAU_960_Bengar.d:601","Bleib senkrecht.","몸조심하게.","","False","DIA_Bengar_PERMKAP1.description","",""
"Scripts/Content/Story/Dialoge/DIA_BAU_960_Bengar.d:615","Bleib senkrecht.","몸조심하게.","","False","DIA_Bengar_PERMKAP1_15_00","",""
"Scripts/Content/Story/Dialoge/DIA_BAU_960_Bengar.d:616","Du auch.","자네도.","","False","DIA_Bengar_PERMKAP1_10_01","",""
"Scripts/Content/Story/Dialoge/DIA_BAU_960_Bengar.d:664","Wie ist die Lage?","요즘 사정이 어떤가?","","False","DIA_Bengar_ALLEIN.description","",""
"Scripts/Content/Story/Dialoge/DIA_BAU_960_Bengar.d:677","Wie ist die Lage?","요즘 사정이 어떤가?","","False","DIA_Bengar_ALLEIN_15_00","",""
"Scripts/Content/Story/Dialoge/DIA_BAU_960_Bengar.d:681","Malak ist verschwunden und hat alles und jeden mitgenommen, der für mich arbeiten wollte. Er sagte, er wollte in die Berge.","말락이 사라졌어. 나와 함께 일하려던 사람들도 전부 데리고 가버렸지. 산으로 갈 거라고 하더군.","","False","DIA_Bengar_ALLEIN_10_01","",""
"Scripts/Content/Story/Dialoge/DIA_BAU_960_Bengar.d:682","Er hat es hier nicht mehr ausgehalten.","더 이상은 여기를 견딜 수 없었던 모양이야.","","False","DIA_Bengar_ALLEIN_10_02","",""
"Scripts/Content/Story/Dialoge/DIA_BAU_960_Bengar.d:687","Schwere Zeiten sind das. Ich weiß nicht, ob ich noch länger durchhalte.","힘든 시절이야. 얼마나 더 버틸 수 있을지 모르겠군.","","False","DIA_Bengar_ALLEIN_10_03","",""
"Scripts/Content/Story/Dialoge/DIA_BAU_960_Bengar.d:690","Die Horden von Monstern, die täglich aus dem Pass aufs Weidenplateau kommen, machen mich ganz fertig.","매일 통행로에서 목초지로 쏟아져 나오는 괴물 무리 때문에 아주 미칠 지경이라니까.","","False","DIA_Bengar_ALLEIN_10_04","",""
"Scripts/Content/Story/Dialoge/DIA_BAU_960_Bengar.d:691","Wenn ich wenigstens ein paar Helfer oder Söldner hätte.","일손이나 용병이 몇 명이라도 있으면 좋으련만.","","False","DIA_Bengar_ALLEIN_10_05","",""
"Scripts/Content/Story/Dialoge/DIA_BAU_960_Bengar.d:692","Es gab sogar schon mal einen, der für mich arbeiten wollte. Hat es aber dann doch nicht getan. Ich glaube, 'Wolf' war sein Name.","내 밑에서 일하고 싶어 했던 자가 예전에 있긴 했지. 결국엔 안 하긴 했지만. '울프'라는 이름이었던가.","","False","DIA_Bengar_ALLEIN_10_06","",""
"Scripts/Content/Story/Dialoge/DIA_BAU_960_Bengar.d:710","Malak ist tot.","말락이 죽었어.","","False","DIA_Bengar_MALAKTOT.description","",""
"Scripts/Content/Story/Dialoge/DIA_BAU_960_Bengar.d:724","Malak ist tot.","말락이 죽었어.","","False","DIA_Bengar_MALAKTOT_15_00","",""
"Scripts/Content/Story/Dialoge/DIA_BAU_960_Bengar.d:725","Dann wird alles nur noch schlimmer werden.","그럼 모든 게 훨씬 더 나빠지겠군.","","False","DIA_Bengar_MALAKTOT_10_01","",""
"Scripts/Content/Story/Dialoge/DIA_BAU_960_Bengar.d:737","Ich habe dir den Söldner besorgt, den du wolltest.","네가 원하던 용병을 데려왔어.","","False","DIA_Bengar_SLDDA.description","",""
"Scripts/Content/Story/Dialoge/DIA_BAU_960_Bengar.d:752","Ich habe dir den Söldner besorgt, den du wolltest.","네가 원하던 용병을 데려왔어.","","False","DIA_Bengar_SLDDA_15_00","",""
"Scripts/Content/Story/Dialoge/DIA_BAU_960_Bengar.d:753","Ich hatte noch nie so jemanden auf meinem Hof. Hoffentlich geht das gut.","내 농장에 그런 사람은 한 번도 없었는데. 잘 풀려야 할 텐데 말이지.","","False","DIA_Bengar_SLDDA_10_01","",""
"Scripts/Content/Story/Dialoge/DIA_BAU_960_Bengar.d:754","Hier, nimm dies. Ich denke, das kannst du gebrauchen.","자, 이거 받게. 쓸모가 있을 거야.","","False","DIA_Bengar_SLDDA_10_02","",""
"Scripts/Content/Story/Dialoge/DIA_BAU_960_Bengar.d:769","Malak ist wieder da.","말락이 돌아왔어.","","False","DIA_Bengar_MALAKWIEDERDA.description","",""
"Scripts/Content/Story/Dialoge/DIA_BAU_960_Bengar.d:784","Malak ist wieder da.","말락이 돌아왔어.","","False","DIA_Bengar_MALAKWIEDERDA_15_00","",""
"Scripts/Content/Story/Dialoge/DIA_BAU_960_Bengar.d:785","Das wurde auch Zeit. Ich dachte schon, ich würde ihn nie wiedersehen.","드디어 돌아왔군. 다시는 못 볼 줄 알았는데.","","False","DIA_Bengar_MALAKWIEDERDA_10_01","",""
"Scripts/Content/Story/Dialoge/DIA_BAU_960_Bengar.d:799","Das wird schon wieder.","다 잘될 거야.","","False","DIA_Bengar_PERM.description","",""
"Scripts/Content/Story/Dialoge/DIA_BAU_960_Bengar.d:813","Das wird schon wieder.","다 잘될 거야.","","False","DIA_Bengar_PERM_15_00","",""
"Scripts/Content/Story/Dialoge/DIA_BAU_960_Bengar.d:818","Malak ist zwar wieder da, aber die Situation hat sich kaum verändert.","말락이 돌아오긴 했지만, 상황은 별로 달라진 게 없어.","","False","DIA_Bengar_PERM_10_01","",""
"Scripts/Content/Story/Dialoge/DIA_BAU_960_Bengar.d:819","Wenn kein Wunder geschieht, werden wir hier alle noch zu Grunde gehen.","기적이 일어나지 않는다면, 우리 모두 여기서 끝장나고 말 거야.","","False","DIA_Bengar_PERM_10_02","",""
"Scripts/Content/Story/Dialoge/DIA_BAU_960_Bengar.d:825","Wolf ist schon ein merkwürdiger Kerl, aber ich denke, das wird schon irgendwie gehen.","울프는 좀 별난 녀석이긴 하지만, 어떻게든 잘해나갈 수 있을 거야.","","False","DIA_Bengar_PERM_10_03","",""
"Scripts/Content/Story/Dialoge/DIA_BAU_960_Bengar.d:829","Ohne Malak läuft hier gar nichts mehr. Wenn nicht bald etwas passiert, muss ich meinen Hof aufgeben.","말락이 없으니 여기 일도 아무것도 안 굴러간다고. 곧 뭔가 조치가 취해지지 않으면 농장을 포기해야 할 판이야.","","False","DIA_Bengar_PERM_10_04","",""
"Scripts/Content/Story/Dialoge/DIA_BAU_960_Bengar.d:834","Hoffentlich kommt er bald zurück.","얼마나 빨리 돌아올지.","","False","DIA_Bengar_PERM_10_05","",""
"Scripts/Content/Story/Dialoge/DIA_BAU_961_Gaan.d:57","Ein neues Gesicht in unserer Runde. Willkommen im 'Ring des Wassers'.","우리 사이에 새로운 얼굴이군. '링 오브 워터'에 온 걸 환영하네.","","False","DIA_Addon_Gaan_MeetingIsRunning_03_00","",""
"Scripts/Content/Story/Dialoge/DIA_BAU_961_Gaan.d:62","Vatras möchte dich sehen. Am besten, du gehst gleich zu ihm.","바트라스가 자네를 찾고 있네. 당장 그에게 가는 게 좋겠네.","","False","DIA_Addon_Gaan_MeetingIsRunning_03_01","",""
"Scripts/Content/Story/Dialoge/DIA_BAU_961_Gaan.d:77","Ziemlich weitläufig, euer Land hier oben.","이 위쪽 땅은 꽤 넓군.","","False","DIA_Gaan_HALLO.description","",""
"Scripts/Content/Story/Dialoge/DIA_BAU_961_Gaan.d:87","Ziemlich weitläufig, euer Land hier oben.","이 위쪽 땅은 꽤 넓군.","","False","DIA_Gaan_HALLO_15_00","",""
"Scripts/Content/Story/Dialoge/DIA_BAU_961_Gaan.d:88","Ist ganz nett. Aber wenn du durch den Pass da hinten gehst, dann wirst du das nicht mehr denken.","아주 좋지. 하지만 저 뒤편의 통행로를 지나가 보면 그런 생각은 들지 않을 거다.","","False","DIA_Gaan_HALLO_03_01","",""
"Scripts/Content/Story/Dialoge/DIA_BAU_961_Gaan.d:89","Wenn dich dieser kleine Landstrich hier schon beeindruckt, dann wird es das Minental dahinter erst recht.","이 작은 땅만 보고도 감탄했다면, 저 뒤의 광산 계곡을 보면 아주 기절초풍할걸.","","False","DIA_Gaan_HALLO_03_02","",""
"Scripts/Content/Story/Dialoge/DIA_BAU_961_Gaan.d:101","Wer bist du?","넌 누구지?","","False","DIA_Gaan_WASMACHSTDU.description","",""
"Scripts/Content/Story/Dialoge/DIA_BAU_961_Gaan.d:116","Wer bist du?","넌 누구지?","","False","DIA_Gaan_WASMACHSTDU_15_00","",""
"Scripts/Content/Story/Dialoge/DIA_BAU_961_Gaan.d:117","Mein Name ist Gaan. Ich bin Jäger und arbeite für Bengar, den Bauern hier auf dem Weidenplateau.","내 이름은 간이야. 난 사냥꾼이고, 여기 목초지 고원의 농부인 벵가르를 위해 일하고 있지.","","False","DIA_Gaan_WASMACHSTDU_03_01","",""
"Scripts/Content/Story/Dialoge/DIA_BAU_961_Gaan.d:118","Ich bin meistens hier draußen und lass mir die Sonne auf den Bauch scheinen.","난 주로 여기서 배나 쬐면서 시간을 보낸다고.","","False","DIA_Gaan_WASMACHSTDU_03_02","",""
"Scripts/Content/Story/Dialoge/DIA_BAU_961_Gaan.d:130","Warum schaust du so ernst?","왜 그렇게 심각한 표정이야?","","False","DIA_Addon_Gaan_Ranger.description","",""
"Scripts/Content/Story/Dialoge/DIA_BAU_961_Gaan.d:145","Warum schaust du so ernst?","왜 그렇게 심각한 표정이야?","","False","DIA_Addon_Gaan_Ranger_15_00","",""
"Scripts/Content/Story/Dialoge/DIA_BAU_961_Gaan.d:146","Du trägst unseren Aquamarinring.","우리 아쿠아마린 반지를 끼고 있잖아.","","False","DIA_Addon_Gaan_Ranger_03_01","",""
"Scripts/Content/Story/Dialoge/DIA_BAU_961_Gaan.d:147","Du gehörst zum 'Ring des Wassers'?","당신도 '링 오브 워터' 소속인가?","","False","DIA_Addon_Gaan_Ranger_15_02","",""
"Scripts/Content/Story/Dialoge/DIA_BAU_961_Gaan.d:148","Allerdings. Endlich wieder ein neues Gesicht in unseren Reihen.","물론이지. 우리 동료에 새로운 얼굴이 들어오다니 정말 반갑군.","","False","DIA_Addon_Gaan_Ranger_03_03","",""
"Scripts/Content/Story/Dialoge/DIA_BAU_961_Gaan.d:161","Was ist deine Aufgabe beim 'Ring des Wassers'?","'링 오브 워터'에서 맡은 임무는 무엇인가?","","False","DIA_Addon_Gaan_AufgabeBeimRing.description","",""
"Scripts/Content/Story/Dialoge/DIA_BAU_961_Gaan.d:176","Was ist deine Aufgabe beim 'Ring des Wassers'?","'링 오브 워터'에서 맡은 임무는 무엇인가?","","False","DIA_Addon_Gaan_AufgabeBeimRing_15_00","",""
"Scripts/Content/Story/Dialoge/DIA_BAU_961_Gaan.d:177","Ich halte für uns, den Eingang zum Pass im Auge. Wer rein geht und wer raus kommt.","난 통행로 입구를 주시하고 있지. 누가 들어가고 누가 나오는지 감시하는 거야.","","False","DIA_Addon_Gaan_AufgabeBeimRing_03_01","",""
"Scripts/Content/Story/Dialoge/DIA_BAU_961_Gaan.d:178","Seit die Paladine das Tor zum Pass verschlossen haben, tat sich da allerdings recht wenig.","하지만 팔라딘들이 통행로 입구의 문을 잠근 뒤로는 이렇다 할 움직임이 전혀 없었어.","","False","DIA_Addon_Gaan_AufgabeBeimRing_03_02","",""
"Scripts/Content/Story/Dialoge/DIA_BAU_961_Gaan.d:190","Schon etwas von den vermissten Leuten gehört?","실종된 사람들에 대해 뭔가 들은 거 있나?","","False","DIA_Addon_Gaan_MissingPeople.description","",""
"Scripts/Content/Story/Dialoge/DIA_BAU_961_Gaan.d:204","Schon etwas von den vermissten Leuten gehört?","실종된 사람들에 대해 뭔가 들은 거 있나?","","False","DIA_Addon_Gaan_MissingPeople_15_00","",""
"Scripts/Content/Story/Dialoge/DIA_BAU_961_Gaan.d:205","Natürlich. Deswegen sollten wir ja auch alle die Augen aufhalten.","물론이지. 그래서 우리 모두 눈을 크게 뜨고 찾아봐야 하는 거고.","","False","DIA_Addon_Gaan_MissingPeople_03_01","",""
"Scripts/Content/Story/Dialoge/DIA_BAU_961_Gaan.d:206","Aber um ehrlich zu sein, habe ich noch nicht sehr viel davon mitbekommen.","하지만 솔직히 말해서, 아직 단서가 될 만한 건 별로 보지 못했어.","","False","DIA_Addon_Gaan_MissingPeople_03_02","",""
"Scripts/Content/Story/Dialoge/DIA_BAU_961_Gaan.d:218","Was muss ich über das Minental wissen?","광산 계곡에 대해 알아야 할 게 있나?","","False","DIA_Gaan_WALD.description","",""
"Scripts/Content/Story/Dialoge/DIA_BAU_961_Gaan.d:228","Was muss ich über das Minental wissen?","광산 계곡에 대해 알아야 할 게 있나?","","False","DIA_Gaan_WALD_15_00","",""
"Scripts/Content/Story/Dialoge/DIA_BAU_961_Gaan.d:229","Keine Ahnung. Ich habe nur einmal einen flüchtigen Blick über das Tal geworfen. Sah ziemlich gefährlich aus.","모르겠어. 계곡을 대충 훑어본 적은 한 번 있지만. 꽤 위험해 보이더군.","","False","DIA_Gaan_WALD_03_01","",""
"Scripts/Content/Story/Dialoge/DIA_BAU_961_Gaan.d:230","Am besten, du entfernst dich nicht all zu weit von den Trampelpfaden, wenn du durch den Pass dort hin gehst.","저 통행로를 통해 거기로 갈 생각이라면 짐승들이 다닌 흔적에서 너무 멀리 벗어나지 않는 게 좋을 거야.","","False","DIA_Gaan_WALD_03_02","",""
"Scripts/Content/Story/Dialoge/DIA_BAU_961_Gaan.d:231","Entweder du nimmst den Weg durch die große Schlucht oder den Weg über die Steinbrücke. Der ist kürzer und ungefährlicher.","큰 협곡을 통과하는 길을 택하든가, 돌다리를 건너는 길을 택해. 그쪽이 더 짧고 안전하니까.","","False","DIA_Gaan_WALD_03_03","",""
"Scripts/Content/Story/Dialoge/DIA_BAU_961_Gaan.d:232","Jetzt, da die Orks überall herumstreunen, sollte man sich schon ein wenig vorsehen.","사방에 오크들이 돌아다니고 있으니 조금은 조심해야 해.","","False","DIA_Gaan_WALD_03_04","",""
"Scripts/Content/Story/Dialoge/DIA_BAU_961_Gaan.d:233","Ich will dich ja nicht zur Kräuterhexe schleppen müssen.","너를 약초 마녀한테 끌고 가고 싶진 않거든.","","False","DIA_Gaan_WALD_03_05","",""
"Scripts/Content/Story/Dialoge/DIA_BAU_961_Gaan.d:245","Kräuterhexe?","약초 마녀?","","False","DIA_Gaan_SAGITTA.description","",""
"Scripts/Content/Story/Dialoge/DIA_BAU_961_Gaan.d:258","Kräuterhexe?","약초 마녀?","","False","DIA_Gaan_SAGITTA_15_00","",""
"Scripts/Content/Story/Dialoge/DIA_BAU_961_Gaan.d:259","Ihr Name ist Sagitta. Sie ist die Heilerin der Bauern und der anderen Bewohner außerhalb der Hafenstadt.","그녀의 이름은 사기타야. 항구 도시 바깥에 사는 농부들과 다른 주민들을 치료하는 치유사지.","","False","DIA_Gaan_SAGITTA_03_01","",""
"Scripts/Content/Story/Dialoge/DIA_BAU_961_Gaan.d:260","Ein recht seltsames Frauenzimmer.","꽤 별난 여자야.","","False","DIA_Gaan_SAGITTA_03_02","",""
"Scripts/Content/Story/Dialoge/DIA_BAU_961_Gaan.d:261","Niemand geht wirklich gerne zu ihr und alle zerreißen sich gerne das Maul über sie.","진심으로 그녀를 찾아가고 싶어 하는 사람은 아무도 없고, 다들 그녀를 험담하기 바쁘지.","","False","DIA_Gaan_SAGITTA_03_03","",""
"Scripts/Content/Story/Dialoge/DIA_BAU_961_Gaan.d:262","Aber wenn du krank bist, findest du keine bessere Hilfe als Sagitta und ihre Heilkräuterküche.","하지만 아플 때 사기타와 그녀의 치유 약초 주방보다 더 나은 도움은 찾을 수 없을 거야.","","False","DIA_Gaan_SAGITTA_03_04","",""
"Scripts/Content/Story/Dialoge/DIA_BAU_961_Gaan.d:263","Du findest sie in dem Waldstreifen hinter Sekobs Hof.","세코브의 농장 뒤편 숲길에 가면 찾을 수 있을 거야.","","False","DIA_Gaan_SAGITTA_03_05","",""
"Scripts/Content/Story/Dialoge/DIA_BAU_961_Gaan.d:275","Wie sieht dieses gefährliche Tier aus?","그 위험한 짐승은 어떻게 생겼지?","","False","DIA_Gaan_MONSTER.description","",""
"Scripts/Content/Story/Dialoge/DIA_BAU_961_Gaan.d:291","Wie sieht dieses gefährliche Tier aus?","그 위험한 짐승은 어떻게 생겼지?","","False","DIA_Gaan_MONSTER_15_00","",""
"Scripts/Content/Story/Dialoge/DIA_BAU_961_Gaan.d:292","Ich weiß es nicht genau. Ich habe es bisher nur hauptsächlich schnauben und kratzen hören. Aber ich habe gesehen, was es anrichten kann.","자세히는 몰라. 지금까지는 주로 콧김 뿜는 소리와 긁는 소리만 들었거든. 하지만 녀석이 무슨 짓을 할 수 있는지는 봤어.","","False","DIA_Gaan_MONSTER_03_01","",""
"Scripts/Content/Story/Dialoge/DIA_BAU_961_Gaan.d:293","Selbst Wölfe sind vor ihm nicht sicher. Einem hat das Biest sogar den Kopf abgebissen.","늑대들도 녀석에게선 안전하지 않아. 짐승이 늑대 한 마리의 머리를 통째로 물어뜯어 버렸으니까.","","False","DIA_Gaan_MONSTER_03_02","",""
"Scripts/Content/Story/Dialoge/DIA_BAU_961_Gaan.d:305","Was würdest du zahlen, wenn ich das Tier für dich erledige?","내가 그 짐승을 해치워 주면 얼마를 줄 건가?","","False","DIA_Gaan_WASZAHLSTDU.description","",""
"Scripts/Content/Story/Dialoge/DIA_BAU_961_Gaan.d:321","Was würdest du zahlen, wenn ich das Tier für dich erledige?","내가 그 짐승을 해치워 주면 얼마를 줄 건가?","","False","DIA_Gaan_WASZAHLSTDU_15_00","",""
"Scripts/Content/Story/Dialoge/DIA_BAU_961_Gaan.d:322","Ich würde demjenigen, der es tötet, alles geben, was ich entbehren kann.","녀석을 죽여주는 사람에게는 내가 아낄 수 있는 모든 걸 주겠네.","","False","DIA_Gaan_WASZAHLSTDU_03_01","",""
"Scripts/Content/Story/Dialoge/DIA_BAU_961_Gaan.d:338","Woher kommt dieses Mistvieh?","이 X같은 짐승은 어디서 기어 나온 거지?","","False","DIA_Gaan_WOHERMONSTER.description","",""
"Scripts/Content/Story/Dialoge/DIA_BAU_961_Gaan.d:354","Woher kommt dieses Mistvieh?","이 X같은 짐승은 어디서 기어 나온 거지?","","False","DIA_Gaan_WOHERMONSTER_15_00","",""
"Scripts/Content/Story/Dialoge/DIA_BAU_961_Gaan.d:355","Irgendwo aus den Wäldern. Vielleicht auch aus dem Minental. Aber genau weiß ich das nicht.","어딘가 숲속에서 왔겠지. 광산 계곡에서 왔을지도 모르고. 하지만 정확히는 몰라.","","False","DIA_Gaan_WOHERMONSTER_03_01","",""
"Scripts/Content/Story/Dialoge/DIA_BAU_961_Gaan.d:356","Ich war noch nie im Minental.","난 광산 계곡에 가본 적이 없거든.","","False","DIA_Gaan_WOHERMONSTER_03_02","",""
"Scripts/Content/Story/Dialoge/DIA_BAU_961_Gaan.d:382","Dieses furchtbare Tier ist tot, nehme ich an.","그 끔찍한 짐승은 죽었겠지, 그렇지?","","False","DIA_Gaan_MONSTERTOT_03_00","",""
"Scripts/Content/Story/Dialoge/DIA_BAU_961_Gaan.d:383","Dann kann ich mich bei der Jagd endlich wieder frei bewegen.","그럼 이제 사냥할 때 마음 놓고 돌아다닐 수 있겠군.","","False","DIA_Gaan_MONSTERTOT_03_01","",""
"Scripts/Content/Story/Dialoge/DIA_BAU_961_Gaan.d:387","Hier hast du das versprochene Geld.","약속했던 돈이다.","","False","DIA_Gaan_MONSTERTOT_03_02","",""
"Scripts/Content/Story/Dialoge/DIA_BAU_961_Gaan.d:407","Kannst du mir was über die Jagd beibringen?","사냥에 대해 좀 가르쳐 줄 수 있나?","","False","DIA_Gaan_AskTeacher.description","",""
"Scripts/Content/Story/Dialoge/DIA_BAU_961_Gaan.d:417","Kannst du mir was über die Jagd beibringen?","사냥에 대해 좀 가르쳐 줄 수 있나?","","False","DIA_Gaan_AskTeacher_15_00","",""
"Scripts/Content/Story/Dialoge/DIA_BAU_961_Gaan.d:418","Kein Problem. Für 100 Goldmünzen könnte ich dir zeigen, wie du die Tiere, die du erlegst, ausweiden kannst.","문제없어. 100 금화를 준다면 사냥한 동물을 해체하는 법을 가르쳐 줄 수 있지.","","False","DIA_Gaan_AskTeacher_03_01","",""
"Scripts/Content/Story/Dialoge/DIA_BAU_961_Gaan.d:419","Felle und andere Tiertrophäen bringen eine Menge Geld auf dem Markt.","가죽이나 다른 동물 전리품들은 시장에서 꽤 많은 돈이 되거든.","","False","DIA_Gaan_AskTeacher_03_02","",""
"Scripts/Content/Story/Dialoge/DIA_BAU_961_Gaan.d:435","Hier. 100 Goldmünzen für dein Wissen, Tiere auszunehmen.","여기 있어. 동물 해체 지식에 대한 대가로 100 금화야.","","False","DIA_Gaan_PayTeacher.description","",""
"Scripts/Content/Story/Dialoge/DIA_BAU_961_Gaan.d:451","Hier. 100 Goldmünzen für dein Wissen, Tiere auszunehmen.","여기 있어. 동물 해체 지식에 대한 대가로 100 금화야.","","False","DIA_Gaan_PayTeacher_15_00","",""
"Scripts/Content/Story/Dialoge/DIA_BAU_961_Gaan.d:455","Danke. Jetzt kommen wir ins Geschäft.","고마워. 이제 거래가 성사됐군.","","False","DIA_Gaan_PayTeacher_03_01","",""
"Scripts/Content/Story/Dialoge/DIA_BAU_961_Gaan.d:461","Frag mich später noch mal, wenn du das Geld hast.","돈이 생기면 나중에 다시 와.","","False","DIA_Gaan_PayTeacher_03_02","",""
"Scripts/Content/Story/Dialoge/DIA_BAU_961_Gaan.d:475","Was kannst du mir beibringen?","뭘 가르쳐 줄 수 있나?","","False","DIA_Gaan_TEACHHUNTING.description","",""
"Scripts/Content/Story/Dialoge/DIA_BAU_961_Gaan.d:488","Was kannst du mir beibringen?","뭘 가르쳐 줄 수 있나?","","False","DIA_Gaan_TEACHHUNTING_15_00","",""
"Scripts/Content/Story/Dialoge/DIA_BAU_961_Gaan.d:498","Kommt darauf an, was du wissen willst.","네가 뭘 알고 싶은지에 달렸지.","","False","DIA_Gaan_TEACHHUNTING_03_01","",""
"Scripts/Content/Story/Dialoge/DIA_BAU_961_Gaan.d:535","Ich kann dir im Moment nicht mehr beibringen, als du ohnehin schon weißt. Tut mir Leid.","지금은 네가 이미 아는 것보다 더 가르쳐줄 게 없군. 미안하지만.","","False","DIA_Gaan_TEACHHUNTING_03_02","",""
"Scripts/Content/Story/Dialoge/DIA_BAU_961_Gaan.d:549","Tiere geben ihre Klauen nicht sehr gerne her. Du musst schon sehr genau den Punkt treffen, an dem du mit deinem Messer ansetzt.","동물들은 발톱을 쉽게 내어주지 않아. 칼을 갖다 대야 할 지점을 정확히 노려야 한다고.","","False","DIA_Gaan_TEACHHUNTING_Claws_03_00","",""
"Scripts/Content/Story/Dialoge/DIA_BAU_961_Gaan.d:550","Die Haltung deiner Hand sollte etwas verschränkt sein. Mit einem kräftigen Ruck trennst du dann die Klaue ab.","손을 살짝 교차하는 자세를 취해야 해. 그런 다음 힘차게 당겨서 발톱을 분리해 내는 거지.","","False","DIA_Gaan_TEACHHUNTING_Claws_03_01","",""
"Scripts/Content/Story/Dialoge/DIA_BAU_961_Gaan.d:551","Klauen sind immer ein begehrtes Zahlungsmittel bei einem Händler.","발톱은 상인들에게 언제나 인기 있는 지불 수단이지.","","False","DIA_Gaan_TEACHHUNTING_Claws_03_02","",""
"Scripts/Content/Story/Dialoge/DIA_BAU_961_Gaan.d:563","Das einfachste, was du Tieren entnehmen kannst, sind seine Zähne. Du fährst mit deinem Messer in seinem Maul um das Gebiss.","동물에게서 가장 쉽게 얻을 수 있는 건 이빨이야. 입안의 치아를 따라 칼을 움직이면 돼.","","False","DIA_Gaan_TEACHHUNTING_Teeth_03_00","",""
"Scripts/Content/Story/Dialoge/DIA_BAU_961_Gaan.d:564","Dann trennst es geschickt mit einem Ruck vom Schädel des Tieres.","그런 다음 능숙하게 한번 당겨서 동물의 두개골에서 분리해 내는 거지.","","False","DIA_Gaan_TEACHHUNTING_Teeth_03_01","",""
"Scripts/Content/Story/Dialoge/DIA_BAU_961_Gaan.d:576","Felle ziehst du am besten ab, indem du einen tiefen Schnitt an den Hinterläufen des Tieres vornimmst.","가죽은 동물의 뒷다리를 깊게 베어내는 방식으로 벗기는 게 가장 좋아.","","False","DIA_Gaan_TEACHHUNTING_Fur_03_00","",""
"Scripts/Content/Story/Dialoge/DIA_BAU_961_Gaan.d:577","Dann kannst du das Fell von vorne nach hinten eigentlich immer sehr leicht abziehen.","그런 다음 앞에서 뒤쪽으로 가죽을 잡아당기면 아주 쉽게 벗겨낼 수 있지.","","False","DIA_Gaan_TEACHHUNTING_Fur_03_01","",""
"Scripts/Content/Story/Dialoge/DIA_BAU_961_Gaan.d:589","Die Fliege hat am Rücken eine weiche Stelle.","파리들은 등에 부드러운 부위가 있어.","","False","DIA_Gaan_TEACHHUNTING_BFSting_03_00","",""
"Scripts/Content/Story/Dialoge/DIA_BAU_961_Gaan.d:590","Wenn du dort mit der Hand gegen drückst, fährt der Stachel sehr weit aus und du kannst ihn mit dem Messer abtrennen.","거기를 손으로 누르면 침이 툭 튀어나오는데, 그때 칼로 잘라내면 돼.","","False","DIA_Gaan_TEACHHUNTING_BFSting_03_01","",""
"Scripts/Content/Story/Dialoge/DIA_BAU_961_Gaan.d:602","Die Flügel einer Blutfliege entfernst du am besten mit einem Hieb einer scharfen Klinge sehr nah am Körper der Fliege.","흡혈파리 날개의 가장자리를 잘라낼 때는 날카로운 칼날로 파리의 몸통에 바짝 대고 베어내는 것이 가장 좋다.","","False","DIA_Gaan_TEACHHUNTING_BFWing_03_00","",""
"Scripts/Content/Story/Dialoge/DIA_BAU_961_Gaan.d:603","Du musst nur darauf achten, dass du das feine Gewebe der Flügel nicht verletzt. Sie sind nichts mehr wert, wenn du es nicht vorsichtig machst.","날개의 섬세한 조직이 손상되지 않도록 조심해야 해. 조심스럽게 하지 않으면 아무 가치도 없게 되거든.","","False","DIA_Gaan_TEACHHUNTING_BFWing_03_01","",""
"Scripts/Content/Story/Dialoge/DIA_BAU_961_Gaan.d:615","Jetzt, wo dieser etwas zu groß geratene Snapper tot ist, kann ich dir zeigen, wie man an sein Horn kommt.","몸집이 좀 크기만 한 이 스내퍼가 죽었으니, 이제 녀석의 뿔을 얻는 법을 가르쳐 줄 수 있겠군.","","False","DIA_Gaan_TEACHHUNTING_DrgSnapperHorn_03_00","",""
"Scripts/Content/Story/Dialoge/DIA_BAU_961_Gaan.d:616","Du stemmst dein Messer tief in die Stirn des Tieres, und hebelst das Ding vorsichtig nach oben.","동물의 이마에 칼을 깊숙이 찌르고, 조심스럽게 위쪽으로 꺾어 올리는 거야.","","False","DIA_Gaan_TEACHHUNTING_DrgSnapperHorn_03_01","",""
"Scripts/Content/Story/Dialoge/DIA_BAU_961_Gaan.d:617","Sollte es sich dann noch nicht vom Schädel trennen lassen, hilfst du mit einem zweiten Messer von der anderen Seite nach.","그래도 두개골에서 떨어지지 않는다면, 반대쪽에서 두 번째 칼로 거들어주면 돼.","","False","DIA_Gaan_TEACHHUNTING_DrgSnapperHorn_03_02","",""
"Scripts/Content/Story/Dialoge/DIA_BAU_961_Gaan.d:636","Was macht die Jagd?","사냥은 좀 어때?","","False","DIA_Gaan_JAGD.description","",""
"Scripts/Content/Story/Dialoge/DIA_BAU_961_Gaan.d:646","Was macht die Jagd?","사냥은 좀 어때?","","False","DIA_Gaan_JAGD_15_00","",""
"Scripts/Content/Story/Dialoge/DIA_BAU_961_Gaan.d:655","Das letzte Tier, das ich erlegen konnte, war eine große Ratte. Nicht sehr ermutigend und schlecht fürs Geschäft.","마지막으로 잡은 짐승이 큰 쥐였어. 별로 고무적이지도 않고 장사에도 악영향이지.","","False","DIA_Gaan_JAGD_03_01","",""
"Scripts/Content/Story/Dialoge/DIA_BAU_961_Gaan.d:656","Seit ein paar Tagen streift so ein schnaubendes Tier in der Gegend herum.","며칠 전부터 코를 킁킁거리는 짐승 하나가 이 주변을 돌아다니고 있어.","","False","DIA_Gaan_JAGD_03_02","",""
"Scripts/Content/Story/Dialoge/DIA_BAU_961_Gaan.d:657","Es tötet nicht nur alles, was sich bewegt, es stört mich auch bei meiner Arbeit.","움직이는 건 뭐든 다 죽일 뿐만 아니라 내 일까지 방해하고 있다니까.","","False","DIA_Gaan_JAGD_03_03","",""
"Scripts/Content/Story/Dialoge/DIA_BAU_961_Gaan.d:665","Es wird immer verrückter hier draußen. Mittlerweile sind Duzende von diesen schnaubenden Tieren aus dem Pass gekommen.","바깥 세상이 점점 더 미쳐 돌아가고 있어. 코를 킁킁거리는 그 짐승들이 통행로에서 수십 마리나 기어 나왔거든.","","False","DIA_Gaan_JAGD_03_04","",""
"Scripts/Content/Story/Dialoge/DIA_BAU_961_Gaan.d:666","Das Jagen hier oben wird unter diesen Umständen immer schwieriger. Es kann nur noch besser werden.","이런 상황에서는 이 위에서의 사냥이 점점 더 어려워질 거야. 앞으로 더 나아질 일만 남았지.","","False","DIA_Gaan_JAGD_03_05","",""
"Scripts/Content/Story/Dialoge/DIA_BAU_961_Gaan.d:670","Ich kann nicht klagen.","불만은 없어.","","False","DIA_Gaan_JAGD_03_06","",""
"Scripts/Content/Story/Dialoge/DIA_BAU_963_Malak.d:36","Alles klar?","별일 없지?","","False","DIA_Malak_HALLO.description","",""
"Scripts/Content/Story/Dialoge/DIA_BAU_963_Malak.d:49","Alles klar?","별일 없지?","","False","DIA_Malak_HALLO_15_00","",""
"Scripts/Content/Story/Dialoge/DIA_BAU_963_Malak.d:53","Noch ein Tagelöhner, der nicht weiß, wohin? Kein Problem. Rede mal mit unserem Bauern Bengar.","또 갈 곳을 모르는 일꾼인가? 문제없어. 우리 농부 벵가르와 얘기해 보라고.","","False","DIA_Malak_HALLO_08_01","",""
"Scripts/Content/Story/Dialoge/DIA_BAU_963_Malak.d:57","Sicher.","물론이지.","","False","DIA_Malak_HALLO_08_02","",""
"Scripts/Content/Story/Dialoge/DIA_BAU_963_Malak.d:70","Was machst du hier?","여기서 뭐 하는 거지?","","False","DIA_Malak_WASMACHSTDU.description","",""
"Scripts/Content/Story/Dialoge/DIA_BAU_963_Malak.d:84","Was machst du hier?","여기서 뭐 하는 거지?","","False","DIA_Malak_WASMACHSTDU_15_00","",""
"Scripts/Content/Story/Dialoge/DIA_BAU_963_Malak.d:85","Ich bin unser Schafhirte. Es ist nicht gerade eine Arbeit, bei der ich mich kaputt mache.","난 양치기야. 그렇다고 몸이 으스러지게 힘든 일은 아니지만.","","False","DIA_Malak_WASMACHSTDU_08_01","",""
"Scripts/Content/Story/Dialoge/DIA_BAU_963_Malak.d:86","Aber zuweilen muss man ganz schön aufpassen. Erst recht, wenn man dem Pass zu nahe kommt.","하지만 가끔은 꽤 주의를 기울여야 해. 특히 통행로에 너무 가까이 다가갈 때는 말이야.","","False","DIA_Malak_WASMACHSTDU_08_02","",""
"Scripts/Content/Story/Dialoge/DIA_BAU_963_Malak.d:98","Was weißt du über den Pass?","통행로에 대해 아는 게 있나?","","False","DIA_Malak_PASS.description","",""
"Scripts/Content/Story/Dialoge/DIA_BAU_963_Malak.d:112","Was weißt du über den Pass?","통행로에 대해 아는 게 있나?","","False","DIA_Malak_PASS_15_00","",""
"Scripts/Content/Story/Dialoge/DIA_BAU_963_Malak.d:113","Nicht viel. Nur, dass er zum alten Minental führt, das bis vor ein paar Wochen noch von der Barriere umschlossen war.","별로. 불과 몇 주 전까지만 해도 장벽으로 둘러싸여 있던 옛 광산 계곡으로 이어진다는 것밖에는.","","False","DIA_Malak_PASS_08_01","",""
"Scripts/Content/Story/Dialoge/DIA_BAU_963_Malak.d:114","Damals war die monatliche Karawane, die alle möglichen Güter ins Minental brachte, das Einzige, was wir Bauern zu fürchten hatten.","그 당시에는 온갖 물품을 광산 계곡으로 나르던 한 달에 한 번 있는 대상들만이 우리 농부들이 두려워하던 유일한 대상이었지.","","False","DIA_Malak_PASS_08_02","",""
"Scripts/Content/Story/Dialoge/DIA_BAU_963_Malak.d:115","Diese Halsabschneider haben uns hier draußen oftmals ganz schön zugesetzt.","그 칼잡이들은 종종 바깥 세상의 우리를 꽤나 괴롭혔다오.","","False","DIA_Malak_PASS_08_03","",""
"Scripts/Content/Story/Dialoge/DIA_BAU_963_Malak.d:127","Wo finde ich den Pass ins alte Minental?","옛 광산 계곡으로 통하는 통행로는 어디서 찾을 수 있지?","","False","DIA_Malak_WOPASS.description","",""
"Scripts/Content/Story/Dialoge/DIA_BAU_963_Malak.d:141","Wo finde ich den Pass ins alte Minental?","옛 광산 계곡으로 통하는 통행로는 어디서 찾을 수 있지?","","False","DIA_Malak_WOPASS_15_00","",""
"Scripts/Content/Story/Dialoge/DIA_BAU_963_Malak.d:142","In der Nähe der beiden Wasserfälle auf der anderen Seite des Weidenplateaus.","목초지 고원 반대편에 있는 두 개의 폭포 근처에 있지.","","False","DIA_Malak_WOPASS_08_01","",""
"Scripts/Content/Story/Dialoge/DIA_BAU_963_Malak.d:154","Was erzählt man sich über das Minental?","광산 계곡에 대해 무슨 소문이라도 있나?","","False","DIA_Malak_MINENTAL.description","",""
"Scripts/Content/Story/Dialoge/DIA_BAU_963_Malak.d:168","Was erzählt man sich über das Minental?","광산 계곡에 대해 무슨 소문이라도 있나?","","False","DIA_Malak_MINENTAL_15_00","",""
"Scripts/Content/Story/Dialoge/DIA_BAU_963_Malak.d:169","Alles Mögliche. Nachts wollen einige der Jungs Schreie von dort gehört haben, manche haben seltsame Lichter über den Bergen gesehen.","온갖 소문이 다 있지. 밤마다 거기서 비명 소리를 들었다는 녀석들도 있고, 산 위로 이상한 불빛을 봤다는 녀석들도 있어.","","False","DIA_Malak_MINENTAL_08_01","",""
"Scripts/Content/Story/Dialoge/DIA_BAU_963_Malak.d:170","Aber wenn du mich fragst, sind das alles Ammenmärchen.","하지만 내게 묻는다면, 전부 늙은이들 지어낸 소리일 뿐이야.","","False","DIA_Malak_MINENTAL_08_02","",""
"Scripts/Content/Story/Dialoge/DIA_BAU_963_Malak.d:182","Warst du schon mal im Minental?","광산 계곡에 가본 적이 있나?","","False","DIA_Malak_WARSTDUSCHONDA.description","",""
"Scripts/Content/Story/Dialoge/DIA_BAU_963_Malak.d:196","Warst du schon mal im Minental?","광산 계곡에 가본 적이 있나?","","False","DIA_Malak_WARSTDUSCHONDA_15_00","",""
"Scripts/Content/Story/Dialoge/DIA_BAU_963_Malak.d:197","Nein. Ich bin nur ab und zu in der Nähe des Passes. Ich sehe dann immer diese beiden Paladine da herumstehen und Wache halten.","아니. 가끔 통행로 근처에 갈 뿐이야. 그때마다 저기 서서 경비를 서는 두 팔라딘을 보지.","","False","DIA_Malak_WARSTDUSCHONDA_08_01","",""
"Scripts/Content/Story/Dialoge/DIA_BAU_963_Malak.d:198","Es sieht so aus, als ob sie darauf aufpassen, dass nichts aus dem Tal mehr heraus kommt.","계곡에서 뭔가 더 기어 나오지 못하게 감시하고 있는 것 같았어.","","False","DIA_Malak_WARSTDUSCHONDA_08_02","",""
"Scripts/Content/Story/Dialoge/DIA_BAU_963_Malak.d:199","Damals war das Minental ein natürliches Gefängnis. Bist du einmal reingegangen, kamst du nicht wieder raus.","그 당시 광산 계곡은 천연 감옥이었지. 일단 들어가면 다시는 나올 수 없었어.","","False","DIA_Malak_WARSTDUSCHONDA_08_03","",""
"Scripts/Content/Story/Dialoge/DIA_BAU_963_Malak.d:211","Erzähl mir mehr über die Paladine.","팔라딘들에 대해 더 말해줘.","","False","DIA_Malak_PALADINE.description","",""
"Scripts/Content/Story/Dialoge/DIA_BAU_963_Malak.d:228","Erzähl mir mehr über die Paladine. Seit wann stehen sie da?","팔라딘들에 대해 더 말해줘. 거기에 배치된 지 얼마나 되었지?","","False","DIA_Malak_PALADINE_15_00","",""
"Scripts/Content/Story/Dialoge/DIA_BAU_963_Malak.d:229","Ich schätze mal ein bis zwei Wochen. Ganz genau weiß ich das nicht.","한두 주 정도 됐을 걸. 정확히는 모르겠네.","","False","DIA_Malak_PALADINE_08_01","",""
"Scripts/Content/Story/Dialoge/DIA_BAU_963_Malak.d:230","Vor einiger Zeit ist sogar ein ganzer Trupp von ihnen im Pass verschwunden. Seither habe ich sie nicht wieder gesehen.","얼마 전에는 팔라딘 부대 전체가 통행로 안으로 사라지기도 했어. 그 이후로는 그들을 보지 못했지.","","False","DIA_Malak_PALADINE_08_02","",""
"Scripts/Content/Story/Dialoge/DIA_BAU_963_Malak.d:242","Ich sehe hier gar keine Frauen.","여기서는 여자가 전혀 안 보이네.","","False","DIA_Malak_KEINEFRAUEN.description","",""
"Scripts/Content/Story/Dialoge/DIA_BAU_963_Malak.d:256","Ich sehe hier gar keine Frauen.","여기서는 여자가 전혀 안 보이네.","","False","DIA_Malak_KEINEFRAUEN_15_00","",""
"Scripts/Content/Story/Dialoge/DIA_BAU_963_Malak.d:257","Das hast du richtig beobachtet. Das ist sozusagen ein Männerhof. Funktioniert ganz gut, denke ich.","눈썰미가 좋군. 이른바 남자들의 농장이지. 꽤 잘 돌아가고 있다고 보네.","","False","DIA_Malak_KEINEFRAUEN_08_01","",""
"Scripts/Content/Story/Dialoge/DIA_BAU_963_Malak.d:270","Überarbeite dich nicht.","너무 무리하지 마라.","","False","DIA_Malak_PERMKAP1.description","",""
"Scripts/Content/Story/Dialoge/DIA_BAU_963_Malak.d:292","Überarbeite dich nicht.","너무 무리하지 마라.","","False","DIA_Malak_PERMKAP1_15_00","",""
"Scripts/Content/Story/Dialoge/DIA_BAU_963_Malak.d:293","Ich werde mich bemühen.","노력해 보겠소.","","False","DIA_Malak_PERMKAP1_08_01","",""
"Scripts/Content/Story/Dialoge/DIA_BAU_963_Malak.d:341","Was machst du hier?","여기서 뭐 하는 거지?","","False","DIA_Malak_FLEEFROMPASS.description","",""
"Scripts/Content/Story/Dialoge/DIA_BAU_963_Malak.d:361","Was machst du hier?","여기서 뭐 하는 거지?","","False","DIA_Malak_FLEEFROMPASS_15_00","",""
"Scripts/Content/Story/Dialoge/DIA_BAU_963_Malak.d:362","Ich bin von Bengars Hof hierher geflüchtet. Ich hatte keine Lust, mich von dem ganz Viehzeugs, das aus dem Pass kam, niedermachen zu lassen.","통행로에서 나오는 온갖 잡것들에게 도살당하고 싶지 않아서 벵가르의 농장에서 여기까지 도망쳐 온 거야.","","False","DIA_Malak_FLEEFROMPASS_08_01","",""
"Scripts/Content/Story/Dialoge/DIA_BAU_963_Malak.d:363","Du kannst dir gar nicht vorstellen, was da für Kreaturen in den letzten Tagen aus dem Pass herausgekommen sind.","지난 며칠 동안 통행로에서 어떤 괴물들이 기어나왔는지 너는 상상도 못 할걸.","","False","DIA_Malak_FLEEFROMPASS_08_02","",""
"Scripts/Content/Story/Dialoge/DIA_BAU_963_Malak.d:364","Ich kann.","난 상상할 수 있어.","","False","DIA_Malak_FLEEFROMPASS_15_03","",""
"Scripts/Content/Story/Dialoge/DIA_BAU_963_Malak.d:380","Du brauchst Hilfe.","너 도움이 필요하겠구나.","","False","DIA_Malak_Heilung.description","",""
"Scripts/Content/Story/Dialoge/DIA_BAU_963_Malak.d:396","Du brauchst Hilfe.","너 도움이 필요하겠구나.","","False","DIA_Malak_Heilung_15_00","",""
"Scripts/Content/Story/Dialoge/DIA_BAU_963_Malak.d:400","(weinerlich) Ich will einfach nur nach Hause. Ich geh zurück zu Bengar. Ich hoffe, dass er noch lebt.","(울먹이며) 난 그냥 집에 가고 싶어. 벵가르에게 돌아갈 거야. 그 사람이 아직 살아있기를 바랄 뿐이지.","","False","DIA_Malak_Heilung_08_01","",""
"Scripts/Content/Story/Dialoge/DIA_BAU_963_Malak.d:416","Lass mich in Ruhe, Magier. Ich komm schon klar.","마법사야, 날 내버려 둬. 난 혼자서도 잘하니까.","","False","DIA_Malak_Heilung_08_02","",""
"Scripts/Content/Story/Dialoge/DIA_BAU_963_Malak.d:431","Wie ist es hier?","여기는 어때?","","False","DIA_Malak_PERMCASTLE.description","",""
"Scripts/Content/Story/Dialoge/DIA_BAU_963_Malak.d:449","Wie ist es hier?","여기는 어때?","","False","DIA_Malak_PERMCASTLE_15_00","",""
"Scripts/Content/Story/Dialoge/DIA_BAU_963_Malak.d:450","Ich muss mich hier nur mit Banditen herumärgern. Das ist das kleinere Übel.","여기는 산적들만 상대하면 되거든. 그게 차라리 더 나은 악이지.","","False","DIA_Malak_PERMCASTLE_08_01","",""
"Scripts/Content/Story/Dialoge/DIA_BAU_963_Malak.d:463","Bengar braucht dich.","벵가르가 널 필요로 해.","","False","DIA_Malak_BACKTOBENGAR.description","",""
"Scripts/Content/Story/Dialoge/DIA_BAU_963_Malak.d:481","Bengar braucht dich. Er will, dass du zu seinem Hof zurück kommst.","벵가르가 널 필요로 해. 네가 그의 농장으로 돌아오기를 원하거든.","","False","DIA_Malak_BACKTOBENGAR_15_00","",""
"Scripts/Content/Story/Dialoge/DIA_BAU_963_Malak.d:482","Ich bin doch nicht wahnsinnig. Solange wir auf dem Hof schutzlos leben müssen, bewege ich mich hier keinen Meter weg!","난 미치지 않았어. 우리가 이 농장에서 무방비 상태로 살아야 하는 한, 난 여기서 1센티미터도 안 움직일 거야!","","False","DIA_Malak_BACKTOBENGAR_08_01","",""
"Scripts/Content/Story/Dialoge/DIA_BAU_963_Malak.d:488","Ich habe einen Söldner angeheuert. Er wird auf den Hof Acht geben.","내가 용병 한 명을 고용했어. 그가 농장을 지켜볼 거야.","","False","DIA_Malak_BACKTOBENGAR_15_02","",""
"Scripts/Content/Story/Dialoge/DIA_BAU_963_Malak.d:489","Das ist natürlich etwas anderes. Aber Moment mal. Wer bezahlt den Kerl denn?","그건 물론 얘기가 다르지. 하지만 잠깐만. 그 녀석한테는 누가 돈을 주는데?","","False","DIA_Malak_BACKTOBENGAR_08_03","",""
"Scripts/Content/Story/Dialoge/DIA_BAU_963_Malak.d:490","Das ist mein Problem.","그건 내 문제야.","","False","DIA_Malak_BACKTOBENGAR_15_04","",""
"Scripts/Content/Story/Dialoge/DIA_BAU_963_Malak.d:491","(prüfend) Mmh. Keine Chance, nein zu sagen, was?","(곰곰이 생각하며) 음. 거절할 도리가 없다는 거지, 그래?","","False","DIA_Malak_BACKTOBENGAR_08_05","",""
"Scripts/Content/Story/Dialoge/DIA_BAU_963_Malak.d:493","Nein","아니","","False","DIA_Malak_BACKTOBENGAR_Info.DIA_Malak_BACKTOBENGAR.DIA_Malak_BACKTOBENGAR_los","Info_AddChoice",""
"Scripts/Content/Story/Dialoge/DIA_BAU_963_Malak.d:499","Nein.","아니.","","False","DIA_Malak_BACKTOBENGAR_los_15_00","",""
"Scripts/Content/Story/Dialoge/DIA_BAU_963_Malak.d:500","Gut. Dann gehe ich zurück. Hoffentlich taugt der Junge was.","좋아. 그럼 돌아가지 뭐. 그 녀석이 쓸모가 좀 있어야 할 텐데.","","False","DIA_Malak_BACKTOBENGAR_los_08_01","",""
"Scripts/Content/Story/Dialoge/DIA_BAU_963_Malak.d:524","Wirst du jetzt auf Bengars Hof bleiben?","이제 벵가르의 농장에 남을 거야?","","False","DIA_Malak_BACK.description","",""
"Scripts/Content/Story/Dialoge/DIA_BAU_963_Malak.d:540","Wirst du jetzt auf Bengars Hof bleiben?","이제 벵가르의 농장에 남을 거야?","","False","DIA_Malak_BACK_15_00","",""
"Scripts/Content/Story/Dialoge/DIA_BAU_963_Malak.d:541","Sicher. Da muss ich jetzt durch. Wird schon schief gehen.","물론이지. 이제 겪어내야지 뭐. 어떻게든 되겠지.","","False","DIA_Malak_BACK_08_01","",""
"Scripts/Content/Story/Dialoge/DIA_BAU_970_Orlan.d:33","Ich bringe den Wein aus dem Kloster.","수도원에서 포도주를 가져왔어.","","False","DIA_Orlan_Wein.description","",""
"Scripts/Content/Story/Dialoge/DIA_BAU_970_Orlan.d:47","Ich bringe den Wein aus dem Kloster.","수도원에서 포도주를 가져왔어.","","False","DIA_Orlan_Wein_15_00","",""
"Scripts/Content/Story/Dialoge/DIA_BAU_970_Orlan.d:48","Ausgezeichnet. Darauf habe ich schon gewartet.","훌륭하군. 마침 기다리고 있었다고.","","False","DIA_Orlan_Wein_05_01","",""
"Scripts/Content/Story/Dialoge/DIA_BAU_970_Orlan.d:49","Ich habe mit Meister Gorax den Preis schon ausgemacht. Ich gebe dir die 100 Goldmünzen direkt mit.","고락스 님과는 이미 가격을 흥정했어. 100 금화는 바로 줄게.","","False","DIA_Orlan_Wein_05_02","",""
"Scripts/Content/Story/Dialoge/DIA_BAU_970_Orlan.d:53","Okay, gib mir das Gold.","좋아, 금을 줘.","","False","DIA_Orlan_Wein_Info.DIA_Orlan_Wein.DIA_Orlan_Wein_JA","Info_AddChoice",""
"Scripts/Content/Story/Dialoge/DIA_BAU_970_Orlan.d:54","Willst du mich verarschen? ","나를 놀리냐? ","","False","DIA_Orlan_Wein_Info.DIA_Orlan_Wein.DIA_Orlan_Wein_NEIN","Info_AddChoice",""
"Scripts/Content/Story/Dialoge/DIA_BAU_970_Orlan.d:59","Okay, gib mir das Gold.","좋아, 금을 줘.","","False","DIA_Orlan_Wein_JA_15_00","",""
"Scripts/Content/Story/Dialoge/DIA_BAU_970_Orlan.d:60","Hier bitte. Es war mir eine Freude, mit dir Geschäfte zu machen.","자, 여기 있어. 너와 거래하게 되어 기뻤어.","","False","DIA_Orlan_Wein_JA_05_01","",""
"Scripts/Content/Story/Dialoge/DIA_BAU_970_Orlan.d:70","Willst du mich verarschen? Der Preis sind 240 Goldmünzen.","나를 놀리는 거야? 가격은 240 금화라고.","","False","DIA_Orlan_Wein_NEIN_15_00","",""
"Scripts/Content/Story/Dialoge/DIA_BAU_970_Orlan.d:71","So, Gorax hat dich wohl vorgewarnt, was? Gut, vielleicht kommen wir zwei ja ins Geschäft. Pass auf - ich gebe dir 100 Goldmünzen für den Wein.","그래, 고락스가 경고하더군, 안 그래? 좋아, 우리 둘이 거래를 터볼 수도 있겠지. 잘 들어, 와인 값으로 100 금화를 주지.","","False","DIA_Orlan_Wein_NEIN_05_01","",""
"Scripts/Content/Story/Dialoge/DIA_BAU_970_Orlan.d:72","Du erzählst Gorax, dass ich dich über den Tisch gezogen habe und bekommst von mir VIER Spruchrollen.","고락스한테는 내가 널 등쳐먹었다고 말하고, 넌 내게 주문 스크롤 네 개를 받는 거야.","","False","DIA_Orlan_Wein_NEIN_05_02","",""
"Scripts/Content/Story/Dialoge/DIA_BAU_970_Orlan.d:75","Hey, gib mir einfach die 240 Goldmünzen.","이봐, 그냥 240 금화를 줘.","","False","DIA_Orlan_Wein_NEIN.DIA_Orlan_Wein.DIA_Orlan_Wein_Nie","Info_AddChoice",""
"Scripts/Content/Story/Dialoge/DIA_BAU_970_Orlan.d:76","Okay, klingt gut. Gib mir die Spruchrollen.","좋아, 괜찮네. 주문 스크롤을 이리 줘.","","False","DIA_Orlan_Wein_NEIN.DIA_Orlan_Wein.DIA_Orlan_Wein_Okay","Info_AddChoice",""
"Scripts/Content/Story/Dialoge/DIA_BAU_970_Orlan.d:77","Was sind das für Spruchrollen? ","어떤 주문 스크롤이지? ","","False","DIA_Orlan_Wein_NEIN.DIA_Orlan_Wein.DIA_Orlan_Wein_Was","Info_AddChoice",""
"Scripts/Content/Story/Dialoge/DIA_BAU_970_Orlan.d:82","Hey, gib mir einfach die 240 Goldmünzen.","이봐, 그냥 240 금화를 줘.","","False","DIA_Orlan_Wein_Nie_15_00","",""
"Scripts/Content/Story/Dialoge/DIA_BAU_970_Orlan.d:83","Du willst kein Geschäft machen, was? -seufz- Na gut, hier ist das Gold.","거래하고 싶지 않다 이건가? -한숨- 알았어, 여기 금이 있다.","","False","DIA_Orlan_Wein_Nie_05_01","",""
"Scripts/Content/Story/Dialoge/DIA_BAU_970_Orlan.d:100","Okay, klingt gut. Gib mir die Spruchrollen.","좋아, 괜찮네. 주문 스크롤을 이리 줘.","","False","DIA_Orlan_Wein_Okay_15_00","",""
"Scripts/Content/Story/Dialoge/DIA_BAU_970_Orlan.d:101","Hier sind die Spruchrollen und das Gold.","주문 스크롤과 여기 금이 있다.","","False","DIA_Orlan_Wein_Okay_05_01","",""
"Scripts/Content/Story/Dialoge/DIA_BAU_970_Orlan.d:114","Was sind das für Spruchrollen?","어떤 주문 스크롤이지?","","False","DIA_Orlan_Wein_Was_15_00","",""
"Scripts/Content/Story/Dialoge/DIA_BAU_970_Orlan.d:115","Keine Ahnung - ich kenne mich nicht damit aus. Die sind von einem Gast, der ... äh ... hat sie hier vergessen, ja.","모르겠어 — 난 그런 건 잘 몰라. 어떤 손님이 와서... 음... 여기에 두고 갔지, 그래.","","False","DIA_Orlan_Wein_Was_05_01","",""
"Scripts/Content/Story/Dialoge/DIA_BAU_970_Orlan.d:127","Wer bist du?","넌 누구지?","","False","DIA_Orlan_WERBISTDU.description","",""
"Scripts/Content/Story/Dialoge/DIA_BAU_970_Orlan.d:137","Wer bist du?","넌 누구지?","","False","DIA_Orlan_WERBISTDU_15_00","",""
"Scripts/Content/Story/Dialoge/DIA_BAU_970_Orlan.d:138","Ich bin Orlan, der Wirt dieser bescheidenen Schänke.","나는 이 소박한 선술집의 여관 주인, 오를란이라 하네.","","False","DIA_Orlan_WERBISTDU_05_01","",""
"Scripts/Content/Story/Dialoge/DIA_BAU_970_Orlan.d:139","Was suchst du, Fremder? Vielleicht ein ordentliches Schwert oder einen guten Harnisch.","무엇을 찾고 있나, 이방인? 괜찮은 검이라도 찾는가, 아니면 좋은 갑옷이라도?","","False","DIA_Orlan_WERBISTDU_05_02","",""
"Scripts/Content/Story/Dialoge/DIA_BAU_970_Orlan.d:140","Einen guten Schluck aus den ländlichen Brennereien oder nur eine Information.","시골 양조장의 독한 술인가, 아니면 그저 정보인가.","","False","DIA_Orlan_WERBISTDU_05_03","",""
"Scripts/Content/Story/Dialoge/DIA_BAU_970_Orlan.d:141","Das kann ich dir alles geben und noch mehr, wenn deine Münze rollt.","네 주머니에서 동전이 굴러 나온다면 그 모든 것과 그 이상을 줄 수 있지.","","False","DIA_Orlan_WERBISTDU_05_04","",""
"Scripts/Content/Story/Dialoge/DIA_BAU_970_Orlan.d:153","Kennst du den Typ mit der Augenklappe?","안대를 한 녀석을 아나?","","False","DIA_Addon_Orlan_Greg.description","",""
"Scripts/Content/Story/Dialoge/DIA_BAU_970_Orlan.d:168","Kennst du den Typ mit der Augenklappe?","안대를 한 녀석을 아나?","","False","DIA_Addon_Orlan_Greg_15_00","",""
"Scripts/Content/Story/Dialoge/DIA_BAU_970_Orlan.d:169","Ich hab ihn hier schon mal gesehen. Ein übler Bursche.","예전에 여기서 본 적이 있지. 고약한 녀석이야.","","False","DIA_Addon_Orlan_Greg_05_01","",""
"Scripts/Content/Story/Dialoge/DIA_BAU_970_Orlan.d:170","Er hat sich damals mit einer riesigen Kiste in einem meiner Zimmer oben einquartiert.","그때 거대한 나무 상자 하나를 들고 내 위층 방 중 하나에 투숙했었지.","","False","DIA_Addon_Orlan_Greg_05_02","",""
"Scripts/Content/Story/Dialoge/DIA_BAU_970_Orlan.d:171","Die Miete für das Zimmer hat er nur bezahlt, wenn man ihn ständig danach gefragt hat. Und selbst dann hat er sich damit noch Zeit gelassen.","방세를 내라고 계속 닦달해야 겨우 냈고, 그마저도 느긋하게 내곤 했어.","","False","DIA_Addon_Orlan_Greg_05_03","",""
"Scripts/Content/Story/Dialoge/DIA_BAU_970_Orlan.d:172","Dann war er eines Tages einfach verschwunden. Seine Kiste auch. Ich will mit solchen Kerlen nichts zu schaffen haben.","그러다 어느 날 그 나무 상자랑 함께 싹 사라져 버렸지. 난 그런 녀석들과는 엮이고 싶지 않아.","","False","DIA_Addon_Orlan_Greg_05_04","",""
"Scripts/Content/Story/Dialoge/DIA_BAU_970_Orlan.d:184","Bilde ich mir das nur ein oder starrst du meinen Ring an?","내 착각인가, 아니면 네가 내 반지를 뚫어져라 쳐다보고 있는 건가?","","False","DIA_Addon_Orlan_Ranger.description","",""
"Scripts/Content/Story/Dialoge/DIA_BAU_970_Orlan.d:198","Bilde ich mir das nur ein oder starrst du meinen Ring an?","내 착각인가, 아니면 네가 내 반지를 뚫어져라 쳐다보고 있는 건가?","","False","DIA_Addon_Orlan_Ranger_15_00","",""
"Scripts/Content/Story/Dialoge/DIA_BAU_970_Orlan.d:199","Ich bin mir nicht sicher, was ich davon halten soll.","어떻게 받아들여야 할지 잘 모르겠군.","","False","DIA_Addon_Orlan_Ranger_05_01","",""
"Scripts/Content/Story/Dialoge/DIA_BAU_970_Orlan.d:204","Mann! Ich gehöre zum 'Ring des Wassers'!","이봐! 나는 '물의 반지' 소속이야!","","False","DIA_Addon_Orlan_Ranger_Info.DIA_Addon_Orlan_Ranger.DIA_Addon_Orlan_Ranger_Idiot","Info_AddChoice",""
"Scripts/Content/Story/Dialoge/DIA_BAU_970_Orlan.d:205","Es ist ein Aquamarin. Schonmal einen gesehen?","아쿠아마린이야. 본 적 있나?","","False","DIA_Addon_Orlan_Ranger_Info.DIA_Addon_Orlan_Ranger.DIA_Addon_Orlan_Ranger_Aqua","Info_AddChoice",""
"Scripts/Content/Story/Dialoge/DIA_BAU_970_Orlan.d:210","Es ist ein Aquamarin. Schon mal einen gesehen?","아쿠아마린이야. 본 적 있나?","","False","DIA_Addon_Orlan_Ranger_Aqua_15_00","",""
"Scripts/Content/Story/Dialoge/DIA_BAU_970_Orlan.d:211","Ja, das habe ich. Willkommen im Hauptquartier, Bruder des Rings.","그래, 본 적 있지. 본부에 온 걸 환영한다, 반지의 형제여.","","False","DIA_Addon_Orlan_Ranger_Aqua_05_01","",""
"Scripts/Content/Story/Dialoge/DIA_BAU_970_Orlan.d:214","... auch wenn du mir nicht der Hellste zu sein scheinst ...","...비록 네가 그리 똑똑해 보이지는 않지만 말이지...","","False","DIA_Addon_Orlan_Ranger_Aqua_05_02","",""
"Scripts/Content/Story/Dialoge/DIA_BAU_970_Orlan.d:217","Was kann ich für dich tun?","무엇을 도와줄까?","","False","DIA_Addon_Orlan_Ranger_Aqua_05_03","",""
"Scripts/Content/Story/Dialoge/DIA_BAU_970_Orlan.d:224","Mann! Ich gehöre zum 'Ring des Wassers'!","이봐! 나는 '물의 반지' 소속이야!","","False","DIA_Addon_Orlan_Ranger_Lares_15_00","",""
"Scripts/Content/Story/Dialoge/DIA_BAU_970_Orlan.d:225","So so. Da haben sie sich aber ein ganz schönen Idioten ausgesucht ...","그렇군. 그런 멍청이를 뽑다니 원...","","False","DIA_Addon_Orlan_Ranger_Lares_05_01","",""
"Scripts/Content/Story/Dialoge/DIA_BAU_970_Orlan.d:226","Was willst du?","무슨 볼일이지?","","False","DIA_Addon_Orlan_Ranger_Lares_05_02","",""
"Scripts/Content/Story/Dialoge/DIA_BAU_970_Orlan.d:239","Hast du schon mal einen Teleportstein benutzt?","순간 이동석을 써본 적 있나?","","False","DIA_Addon_Orlan_Teleportstein.description","",""
"Scripts/Content/Story/Dialoge/DIA_BAU_970_Orlan.d:253","Hast du schon mal einen Teleporterstein benutzt?","순간 이동석을 써본 적 있나?","","False","DIA_Addon_Orlan_Teleportstein_15_00","",""
"Scripts/Content/Story/Dialoge/DIA_BAU_970_Orlan.d:254","Bist du wahnsinnig? Solange mir kein Wassermagier sagt, dass sie ungefährlich sind, werde ich mich ihnen keine 10 Fuss nähern.","제정신이야? 물의 마법사가 위험하지 않다고 보증하기 전에는, 그 물건들 근처에는 10 피트도 얼씬거리지 않을 거야.","","False","DIA_Addon_Orlan_Teleportstein_05_01","",""
"Scripts/Content/Story/Dialoge/DIA_BAU_970_Orlan.d:255","Sie haben mich damit beauftragt, einen dieser Teleportersteine zu verstecken und das ist auch schon alles, was damit zu tun haben will.","그들이 내게 순간 이동석 하나를 숨겨달라고 임무를 주긴 했지만, 그것 말고는 그 물건들과 엮이고 싶지 않다고.","","False","DIA_Addon_Orlan_Teleportstein_05_02","",""
"Scripts/Content/Story/Dialoge/DIA_BAU_970_Orlan.d:259","Kann ich diesen Teleportstein mal sehen?","그 순간 이동석을 좀 볼 수 있을까?","","False","DIA_Addon_Orlan_Teleportstein_Info.DIA_Addon_Orlan_Teleportstein.DIA_Addon_Orlan_Teleportstein_sehen","Info_AddChoice",""
"Scripts/Content/Story/Dialoge/DIA_BAU_970_Orlan.d:260","Wo ist dieser Teleportstein?","그 순간 이동석은 어디 있지?","","False","DIA_Addon_Orlan_Teleportstein_Info.DIA_Addon_Orlan_Teleportstein.DIA_Addon_Orlan_Teleportstein_wo","Info_AddChoice",""
"Scripts/Content/Story/Dialoge/DIA_BAU_970_Orlan.d:265","Kann ich diesen Teleporterstein mal sehen?","그 순간 이동석을 좀 볼 수 있을까?","","False","DIA_Addon_Orlan_Teleportstein_sehen_15_00","",""
"Scripts/Content/Story/Dialoge/DIA_BAU_970_Orlan.d:266","Von mir aus. Hier hast du den Schlüssel. Ich hab den Eingang verbarrikadiert.","좋을 대로 해. 여기 열쇠가 있어. 입구는 막아두었지.","","False","DIA_Addon_Orlan_Teleportstein_sehen_05_01","",""
"Scripts/Content/Story/Dialoge/DIA_BAU_970_Orlan.d:277","Wo ist dieser Teleporterstein?","그 순간 이동석은 어디 있지?","","False","DIA_Addon_Orlan_Teleportstein_wo_15_00","",""
"Scripts/Content/Story/Dialoge/DIA_BAU_970_Orlan.d:278","Im Süden, nicht weit von meiner Taverne entfernt, ist eine Höhle. Da haben die Wassermagier einen dieser Dinger gefunden.","남쪽에 내 선술집에서 멀지 않은 곳에 동굴이 하나 있어. 물의 마법사들이 그 물건 중 하나를 발견한 곳이지.","","False","DIA_Addon_Orlan_Teleportstein_wo_05_01","",""
"Scripts/Content/Story/Dialoge/DIA_BAU_970_Orlan.d:290","Ich soll hier im Ring des Wassers aufgenommen werden!","나는 링 오브 워터에 가입하기 위해 여기에 왔다!","","False","DIA_Addon_Orlan_NoMeeting.description","",""
"Scripts/Content/Story/Dialoge/DIA_BAU_970_Orlan.d:306","Ich soll hier im Ring des Wassers aufgenommen werden!","나는 링 오브 워터에 가입하기 위해 여기에 왔다!","","False","DIA_Addon_Orlan_NoMeeting_15_00","",""
"Scripts/Content/Story/Dialoge/DIA_BAU_970_Orlan.d:307","(barsch) Ich sehe hier keinen Ring. Willst du was trinken?","(퉁명스럽게) 여기 반지는 안 보이는데. 뭐 좀 마시겠나?","","False","DIA_Addon_Orlan_NoMeeting_05_01","",""
"Scripts/Content/Story/Dialoge/DIA_BAU_970_Orlan.d:319","Ich hörte von einem Treffen des 'Rings' in deiner Taverne.","네 선술집에서 '반지'의 모임이 있다는 얘기를 들었어.","","False","DIA_Addon_Orlan_WhenRangerMeeting.description","",""
"Scripts/Content/Story/Dialoge/DIA_BAU_970_Orlan.d:333","Ich hörte von einem Treffen des 'Rings' in deiner Taverne.","네 선술집에서 '반지'의 모임이 있다는 얘기를 들었어.","","False","DIA_Addon_Orlan_WhenRangerMeeting_15_00","",""
"Scripts/Content/Story/Dialoge/DIA_BAU_970_Orlan.d:334","Das ist richtig. Das müsste eigentlich schon so weit sein.","맞아. 슬슬 시작할 때가 되었을 텐데.","","False","DIA_Addon_Orlan_WhenRangerMeeting_05_01","",""
"Scripts/Content/Story/Dialoge/DIA_BAU_970_Orlan.d:335","Ich frag mich, wo die Jungs bleiben?","녀석들이 왜 이렇게 안 오는지 모르겠군.","","False","DIA_Addon_Orlan_WhenRangerMeeting_05_02","",""
"Scripts/Content/Story/Dialoge/DIA_BAU_970_Orlan.d:342","Sie werden schon noch kommen.","곧 올 거야.","","False","DIA_Addon_Orlan_WhenRangerMeeting_Info.DIA_Addon_Orlan_WhenRangerMeeting.DIA_Addon_Orlan_WhenRangerMeeting_theyCome","Info_AddChoice",""
"Scripts/Content/Story/Dialoge/DIA_BAU_970_Orlan.d:343","Das Treffen ist heute?","모임이 오늘이야?","","False","DIA_Addon_Orlan_WhenRangerMeeting_Info.DIA_Addon_Orlan_WhenRangerMeeting.DIA_Addon_Orlan_WhenRangerMeeting_Today","Info_AddChoice",""
"Scripts/Content/Story/Dialoge/DIA_BAU_970_Orlan.d:348","Das Treffen ist heute?","모임이 오늘이야?","","False","DIA_Addon_Orlan_WhenRangerMeeting_Today_15_00","",""
"Scripts/Content/Story/Dialoge/DIA_BAU_970_Orlan.d:349","Soweit ich mich erinnern kann, ja.","내가 기억하기로는, 그래.","","False","DIA_Addon_Orlan_WhenRangerMeeting_Today_05_01","",""
"Scripts/Content/Story/Dialoge/DIA_BAU_970_Orlan.d:350","Hoffentlich wird es nicht wieder so spät.","이번에도 너무 늦어지지 않으면 좋겠는데.","","False","DIA_Addon_Orlan_WhenRangerMeeting_Today_05_02","",""
"Scripts/Content/Story/Dialoge/DIA_BAU_970_Orlan.d:353","(weiter)","(계속)","","False","DIA_Addon_Orlan_WhenRangerMeeting_Today.DIA_Addon_Orlan_WhenRangerMeeting.DIA_Addon_Orlan_WhenRangerMeeting_Los","Info_AddChoice",""
"Scripts/Content/Story/Dialoge/DIA_BAU_970_Orlan.d:358","Sie werden schon noch kommen.","곧 올 거야.","","False","DIA_Addon_Orlan_WhenRangerMeeting_theyCome_15_00","",""
"Scripts/Content/Story/Dialoge/DIA_BAU_970_Orlan.d:359","Wir werden ja sehen.","어떻게 될지 지켜보자고.","","False","DIA_Addon_Orlan_WhenRangerMeeting_theyCome_05_01","",""
"Scripts/Content/Story/Dialoge/DIA_BAU_970_Orlan.d:362","(weiter)","(계속)","","False","DIA_Addon_Orlan_WhenRangerMeeting_theyCome.DIA_Addon_Orlan_WhenRangerMeeting.DIA_Addon_Orlan_WhenRangerMeeting_Los","Info_AddChoice",""
"Scripts/Content/Story/Dialoge/DIA_BAU_970_Orlan.d:381","Welche Rüstung kannst du mir anbieten?","어떤 방어구를 제공해 줄 수 있나?","","False","DIA_Orlan_RUESTUNG.description","",""
"Scripts/Content/Story/Dialoge/DIA_BAU_970_Orlan.d:400","Welche Rüstung kannst du mir anbieten?","어떤 방어구를 제공해 줄 수 있나?","","False","DIA_Orlan_RUESTUNG_15_00","",""
"Scripts/Content/Story/Dialoge/DIA_BAU_970_Orlan.d:401","Ich habe hier ein sehr schönes Stück, das dir sicher gefallen wird.","마음에 쏙 들 만한 아주 멋진 물건이 있지.","","False","DIA_Orlan_RUESTUNG_05_01","",""
"Scripts/Content/Story/Dialoge/DIA_BAU_970_Orlan.d:406","Lederrüstung. Schutz: Waffen 25, Pfeile 20, Feuer 5 (250 Gold)","가죽 방어구. 보호력: 무기 25, 화살 20, 화염 5 (250 금)","","False","DIA_Orlan_RUESTUNG_Info.DIA_Orlan_RUESTUNG.DIA_Orlan_RUESTUNG_Buy","Info_AddChoice",""
"Scripts/Content/Story/Dialoge/DIA_BAU_970_Orlan.d:411","Ich möchte die Lederrüstung kaufen.","가죽 갑옷을 사고 싶어.","","False","DIA_Orlan_RUESTUNG_Buy_15_00","",""
"Scripts/Content/Story/Dialoge/DIA_BAU_970_Orlan.d:415","Eine gute Entscheidung.","현명한 선택이군.","","False","DIA_Orlan_RUESTUNG_Buy_05_01","",""
"Scripts/Content/Story/Dialoge/DIA_BAU_970_Orlan.d:424","Tut mir Leid. Erst wenn du das entsprechende Kleingeld hast, kommen wir ins Geschäft.","미안하지만, 그에 걸맞은 돈이 생기면 그때 거래를 트자고.","","False","DIA_Orlan_RUESTUNG_Buy_05_02","",""
"Scripts/Content/Story/Dialoge/DIA_BAU_970_Orlan.d:432","Ich denke darüber nach.","생각 좀 해보지.","","False","DIA_Orlan_RUESTUNG_BACK_15_00","",""
"Scripts/Content/Story/Dialoge/DIA_BAU_970_Orlan.d:433","Wie du meinst. Aber warte damit nicht zu lange.","마음대로 해. 하지만 너무 오래는 끌지 마라고.","","False","DIA_Orlan_RUESTUNG_BACK_05_01","",""
"Scripts/Content/Story/Dialoge/DIA_BAU_970_Orlan.d:449","Zeig mir deine Ware.","물건들을 보여줘.","","False","DIA_Orlan_TRADE.description","",""
"Scripts/Content/Story/Dialoge/DIA_BAU_970_Orlan.d:462","Zeig mir deine Ware.","물건들을 보여줘.","","False","DIA_Orlan_TRADE_15_00","",""
"Scripts/Content/Story/Dialoge/DIA_BAU_970_Orlan.d:468","Klar, Bruder des Rings.","물론이지, 반지의 형제여.","","False","DIA_Addon_Orlan_TRADE_05_00","",""
"Scripts/Content/Story/Dialoge/DIA_BAU_970_Orlan.d:474","Natürlich. Es ist mir eine Ehre, solch hohen Besuch zu bewirten.","물론입니다. 이토록 귀한 손님을 모시게 되어 영광이군요.","","False","DIA_Orlan_TRADE_05_01","",""
"Scripts/Content/Story/Dialoge/DIA_BAU_970_Orlan.d:478","Selbstverständlich, mein Herr.","물론이오, 나리.","","False","DIA_Orlan_TRADE_05_02","",""
"Scripts/Content/Story/Dialoge/DIA_BAU_970_Orlan.d:482","Wenn du bezahlen kannst.","값을 치를 수 있다면 말이지.","","False","DIA_Orlan_TRADE_05_03","",""
"Scripts/Content/Story/Dialoge/DIA_BAU_970_Orlan.d:496","Was kostet ein Zimmer bei dir?","방값은 얼마지?","","False","DIA_Orlan_HotelZimmer.description","",""
"Scripts/Content/Story/Dialoge/DIA_BAU_970_Orlan.d:512","Was kostet ein Zimmer bei dir?","방값은 얼마지?","","False","DIA_Orlan_HotelZimmer_15_00","",""
"Scripts/Content/Story/Dialoge/DIA_BAU_970_Orlan.d:519","Für einen Bruder des 'Rings'? Gar nichts.","'반지'의 형제에게는? 공짜지.","","False","DIA_Addon_Orlan_HotelZimmer_05_00","",""
"Scripts/Content/Story/Dialoge/DIA_BAU_970_Orlan.d:526","Für einen Ritter des Königs habe ich immer ein Zimmer frei. Unentgeltlich, versteht sich.","국왕의 기사에게는 언제나 방을 내어주지. 물론 공짜로 말이야.","","False","DIA_Orlan_HotelZimmer_05_01","",""
"Scripts/Content/Story/Dialoge/DIA_BAU_970_Orlan.d:530","Ich würde es nie wagen, einem irdischen Vertreter Innos Geld für meine Dienste abzunehmen.","이노스의 지상 대리인에게 내 서비스 비용을 감히 청구할 수는 없지.","","False","DIA_Orlan_HotelZimmer_05_02","",""
"Scripts/Content/Story/Dialoge/DIA_BAU_970_Orlan.d:533","Hier hast du den Schlüssel für die oberen Zimmer. Such dir eins aus.","여기 위층 방 열쇠가 있다. 마음에 드는 곳으로 골라봐.","","False","DIA_Orlan_HotelZimmer_05_03","",""
"Scripts/Content/Story/Dialoge/DIA_BAU_970_Orlan.d:541","Gib mir 50 Goldmünzen für eine Woche und du kannst dir ein Zimmer aussuchen.","일주일 동안 50 금화를 주면, 방을 골라도 좋아.","","False","DIA_Orlan_HotelZimmer_05_04","",""
"Scripts/Content/Story/Dialoge/DIA_BAU_970_Orlan.d:544","Verdammt teuer.","엄청 비싸네.","","False","DIA_Orlan_HotelZimmer_Info.DIA_Orlan_HotelZimmer.DIA_Orlan_HotelZimmer_nein","Info_AddChoice",""
"Scripts/Content/Story/Dialoge/DIA_BAU_970_Orlan.d:545","In Ordnung. Hier hast du die Kohle.","좋아. 여기 석탄이 있다.","","False","DIA_Orlan_HotelZimmer_Info.DIA_Orlan_HotelZimmer.DIA_Orlan_HotelZimmer_ja","Info_AddChoice",""
"Scripts/Content/Story/Dialoge/DIA_BAU_970_Orlan.d:553","In Ordnung. Hier hast du die Kohle.","좋아. 여기 석탄이 있다.","","False","DIA_Orlan_HotelZimmer_ja_15_00","",""
"Scripts/Content/Story/Dialoge/DIA_BAU_970_Orlan.d:554","Hier ist der Schlüssel. Die Zimmer sind oben. Aber mach mir nicht alles dreckig und zahl deine Miete pünktlich, verstanden?","여기 열쇠가 있다. 방은 위층에 있어. 하지만 어지럽히지 말고 방세는 제때 내라고, 알겠나?","","False","DIA_Orlan_HotelZimmer_ja_05_01","",""
"Scripts/Content/Story/Dialoge/DIA_BAU_970_Orlan.d:562","Du hast keine 50. Erst das Geld, dann das Vergnügen.","너는 50(이)가 없잖아. 돈이 먼저고, 즐거움은 그다음이야.","","False","DIA_Orlan_HotelZimmer_ja_05_02","",""
"Scripts/Content/Story/Dialoge/DIA_BAU_970_Orlan.d:570","Verdammt teuer.","빌어먹게 비싸군.","","False","DIA_Orlan_HotelZimmer_nein_15_00","",""
"Scripts/Content/Story/Dialoge/DIA_BAU_970_Orlan.d:571","Dann musst du es woanders versuchen, mein Freund.","그럼 다른 데를 알아보게, 친구.","","False","DIA_Orlan_HotelZimmer_nein_05_01","",""
"Scripts/Content/Story/Dialoge/DIA_BAU_970_Orlan.d:636","(schleimig) Ich freue mich über deinen hohen Besuch. Bleib so lange, wie du willst. Es ist mir eine Ehre.","(능글맞게) 귀하신 몸이 행차하셨군요. 계시고 싶은 만큼 머무십시오. 영광입니다.","","False","DIA_Orlan_MieteFaellig_05_00","",""
"Scripts/Content/Story/Dialoge/DIA_BAU_970_Orlan.d:641","Wann bekomme ich endlich meine Miete?","내 임대료는 언제 받을 수 있지?","","False","DIA_Orlan_MieteFaellig_05_01","",""
"Scripts/Content/Story/Dialoge/DIA_BAU_970_Orlan.d:644","Vergiss es. Ich zahl dir nichts mehr.","됐어. 더는 안 낼 거야.","","False","DIA_Orlan_MieteFaellig_Info.DIA_Orlan_MieteFaellig.DIA_Orlan_MieteFaellig_nein","Info_AddChoice",""
"Scripts/Content/Story/Dialoge/DIA_BAU_970_Orlan.d:645","Hier sind deine 50 Goldmünzen.","여기 50 금화가 있다.","","False","DIA_Orlan_MieteFaellig_Info.DIA_Orlan_MieteFaellig.DIA_Orlan_MieteFaellig_ja","Info_AddChoice",""
"Scripts/Content/Story/Dialoge/DIA_BAU_970_Orlan.d:652","Hier sind deine 50 Goldmünzen.","여기 50 금화가 있다.","","False","DIA_Orlan_MieteFaellig_ja_15_00","",""
"Scripts/Content/Story/Dialoge/DIA_BAU_970_Orlan.d:656","Na, das wurde aber auch Zeit.","그래, 이제야 정신을 차리는군.","","False","DIA_Orlan_MieteFaellig_ja_05_01","",""
"Scripts/Content/Story/Dialoge/DIA_BAU_970_Orlan.d:660","Wo treibst du dich eigentlich immer herum?","당신은 도대체 어디서 돌아다니는 거야?","","False","DIA_Orlan_MieteFaellig_ja_05_02","",""
"Scripts/Content/Story/Dialoge/DIA_BAU_970_Orlan.d:661","Das willst du nicht wissen.","알고 싶지 않을걸.","","False","DIA_Orlan_MieteFaellig_ja_15_03","",""
"Scripts/Content/Story/Dialoge/DIA_BAU_970_Orlan.d:662","Mmh. Na ja, geht mich ja auch nichts an.","흠. 뭐, 내 알 바도 아니지.","","False","DIA_Orlan_MieteFaellig_ja_05_04","",""
"Scripts/Content/Story/Dialoge/DIA_BAU_970_Orlan.d:671","Sag mal, willst du mich verarschen? Du hast ja nicht mal genug Geld, um das Essen zu bezahlen. Dir werd ich helfen, du ...","이봐, 나를 놀리는 건가? 식사값 낼 돈조차 없잖아. 버릇을 고쳐주마, 이...","","False","DIA_Orlan_MieteFaellig_ja_05_05","",""
"Scripts/Content/Story/Dialoge/DIA_BAU_970_Orlan.d:679","Vergiss es. Ich zahl dir nichts mehr.","됐어. 더는 안 낼 거야.","","False","DIA_Orlan_MieteFaellig_nein_15_00","",""
"Scripts/Content/Story/Dialoge/DIA_BAU_970_Orlan.d:680","Na, dir werd ich helfen, du elender Zechpreller.","좋아, 버릇을 고쳐주마, 이 고약한 무뢰한 녀석.","","False","DIA_Orlan_MieteFaellig_nein_05_01","",""
"Scripts/Content/Story/Dialoge/DIA_BAU_970_Orlan.d:713","Da bist du ja endlich. Ich hab schon auf dich gewartet.","드디어 왔군. 자네를 기다리고 있었어.","","False","DIA_Orlan_WETTKAMPFLAEUFT_05_00","",""
"Scripts/Content/Story/Dialoge/DIA_BAU_970_Orlan.d:714","Was ist passiert?","무슨 일 있었나?","","False","DIA_Orlan_WETTKAMPFLAEUFT_15_01","",""
"Scripts/Content/Story/Dialoge/DIA_BAU_970_Orlan.d:715","Das Wettsaufen ist endlich vorbei.","술 마시기 대회가 드디어 끝났거든.","","False","DIA_Orlan_WETTKAMPFLAEUFT_05_02","",""
"Scripts/Content/Story/Dialoge/DIA_BAU_970_Orlan.d:716","Wer hat gewonnen?","누가 이겼어?","","False","DIA_Orlan_WETTKAMPFLAEUFT_15_03","",""
"Scripts/Content/Story/Dialoge/DIA_BAU_970_Orlan.d:723","Diesmal hat Randolph gewonnen. Rukhar hat wohl einen schlechten Tag gehabt.","이번에는 랜돌프가 이겼어. 루카르는 운이 좀 나빴던 모양이야.","","False","DIA_Orlan_WETTKAMPFLAEUFT_05_04","",""
"Scripts/Content/Story/Dialoge/DIA_BAU_970_Orlan.d:727","Rukhar hat Randolph wieder mal abgefüllt. War ja zu erwarten.","루카르가 또 랜돌프에게 술을 먹여 곯아떨어지게 했지. 뻔한 결과였어.","","False","DIA_Orlan_WETTKAMPFLAEUFT_05_05","",""
"Scripts/Content/Story/Dialoge/DIA_BAU_970_Orlan.d:733","So, also., ich hoffe, dass das das letzte Mal war. Ich will so ein Theater nicht mehr in meinem Haus haben, merk dir das.","그래, 모쪼록 이번이 마지막이었으면 좋겠군. 내 가게에서 다시는 이런 난장판을 벌이지 마라, 명심해.","","False","DIA_Orlan_WETTKAMPFLAEUFT_05_06","",""
"Scripts/Content/Story/Dialoge/DIA_BAU_970_Orlan.d:784","Da hast du mir ja was Schönes eingebrockt. Jetzt kann ich wieder den Aufpasser für Rukhar spielen.","자네 덕분에 골치 아프게 됐군. 이제 또 루카르를 감시해야 하니 말이야.","","False","DIA_Orlan_EINGEBROCKT_05_00","",""
"Scripts/Content/Story/Dialoge/DIA_BAU_970_Orlan.d:785","Warum?","왜?","","False","DIA_Orlan_EINGEBROCKT_15_01","",""
"Scripts/Content/Story/Dialoge/DIA_BAU_970_Orlan.d:786","Solange er darin seine Wetten abhält, sollte besser kein Außenstehender davon erfahren. Ist nicht gut fürs Geschäft, verstehst du?","그 녀석이 그 안에서 내기 판을 벌이는 동안에는 외부인들이 모르게 하는 게 나아. 장사에 지장이 생기거든, 알겠나?","","False","DIA_Orlan_EINGEBROCKT_05_02","",""
"Scripts/Content/Story/Dialoge/DIA_BAU_970_Orlan.d:799","Wie läuft deine Pinte?","여관 장사는 좀 어때?","","False","DIA_Orlan_Perm.description","",""
"Scripts/Content/Story/Dialoge/DIA_BAU_970_Orlan.d:812","Wie läuft deine Pinte?","여관 장사는 좀 어때?","","False","DIA_Orlan_Perm_15_00","",""
"Scripts/Content/Story/Dialoge/DIA_BAU_970_Orlan.d:816","Es gab schon bessere Zeiten, weißt du?","예전만 못해, 알잖아?","","False","DIA_Orlan_Perm_05_01","",""
"Scripts/Content/Story/Dialoge/DIA_BAU_970_Orlan.d:817","Der Geldbeutel hängt bei den Leuten nicht mehr so locker wie früher.","사람들이 옛날만큼 지갑을 쉽게 열지 않아.","","False","DIA_Orlan_Perm_05_02","",""
"Scripts/Content/Story/Dialoge/DIA_BAU_970_Orlan.d:821","Hoffentlich verziehen sich diese schwarzen Magier bald wieder, sonst kann ich die Taverne dicht machen.","저 검은 마법사들이 어서 꺼져버렸으면 좋겠어. 안 그러면 여관 문을 닫아야 할 판이야.","","False","DIA_Orlan_Perm_05_03","",""
"Scripts/Content/Story/Dialoge/DIA_BAU_970_Orlan.d:822","Es traut sich ja fast keiner mehr hierher.","여기로 발걸음하는 사람이 거의 없으니까 말이야.","","False","DIA_Orlan_Perm_05_04","",""
"Scripts/Content/Story/Dialoge/DIA_BAU_970_Orlan.d:835","Du verkaufst Minenanteile?","광산 지분을 팔고 있나?","","False","DIA_Orlan_Minenanteil.description","",""
"Scripts/Content/Story/Dialoge/DIA_BAU_970_Orlan.d:850","Du verkaufst Minenanteile?","광산 지분을 팔고 있나?","","False","DIA_Orlan_Minenanteil_15_00","",""
"Scripts/Content/Story/Dialoge/DIA_BAU_970_Orlan.d:851","Klar. Von mir kannst du alles bekommen, wenn der Preis stimmt.","물론이지. 값이 맞기만 한다면 내게서 무엇이든 살 수 있어.","","False","DIA_Orlan_Minenanteil_05_01","",""
"Scripts/Content/Story/Dialoge/DIA_BAU_973_Rukhar.d:33","Ist das Bier gut hier? ","여기 맥주 맛은 어떤가? ","","False","DIA_Rukhar_HALLO.description","",""
"Scripts/Content/Story/Dialoge/DIA_BAU_973_Rukhar.d:43","Ist das Bier gut hier?","여기 맥주 맛은 어떤가?","","False","DIA_Rukhar_HALLO_15_00","",""
"Scripts/Content/Story/Dialoge/DIA_BAU_973_Rukhar.d:44","Es ist nicht das gerade das Beste, aber in diesen grauen Tagen darf man nicht wählerisch sein.","그리 최고라고 할 순 없지만, 이런 흉흉한 시절에 가릴 처지는 아니지.","","False","DIA_Rukhar_HALLO_12_01","",""
"Scripts/Content/Story/Dialoge/DIA_BAU_973_Rukhar.d:56","Was machst du hier?","여기서 뭐 하는 거지?","","False","DIA_Rukhar_WASMACHSTDU.description","",""
"Scripts/Content/Story/Dialoge/DIA_BAU_973_Rukhar.d:69","Was machst du hier?","여기서 뭐 하는 거지?","","False","DIA_Rukhar_WASMACHSTDU_15_00","",""
"Scripts/Content/Story/Dialoge/DIA_BAU_973_Rukhar.d:70","Bis vor ein paar Wochen habe ich noch auf den Feldern des Großbauern geschuftet.","몇 주 전까지만 해도 대농장의 들판에서 일하며 살았지.","","False","DIA_Rukhar_WASMACHSTDU_12_01","",""
"Scripts/Content/Story/Dialoge/DIA_BAU_973_Rukhar.d:71","Irgendwann ist es mir einfach zu bunt geworden und ich habe mich kurzerhand aus dem Staub gemacht.","그러다 어느 날 진저리가 나서 당장 짐을 싸 들고 나와버렸어.","","False","DIA_Rukhar_WASMACHSTDU_12_02","",""
"Scripts/Content/Story/Dialoge/DIA_BAU_973_Rukhar.d:72","Jetzt bin ich mein eigener Herr. Alles, was ich besitze, ist in dieser Truhe hier. Und mehr brauche ich auch nicht.","이제 내 인생은 내 거야. 내가 가진 모든 건 이 상자 안에 있지. 그리고 그게 내가 가진 전부이기도 하고.","","False","DIA_Rukhar_WASMACHSTDU_12_03","",""
"Scripts/Content/Story/Dialoge/DIA_BAU_973_Rukhar.d:73","Interessiert an einem kleinen Wettkampf?","재미있는 내기라도 해볼 생각 없나?","","False","DIA_Rukhar_WASMACHSTDU_12_04","",""
"Scripts/Content/Story/Dialoge/DIA_BAU_973_Rukhar.d:88","Was für ein Wettkampf soll das sein?","어떤 내기를 말하는 거지?","","False","DIA_Rukhar_WETTKAMPF.description","",""
"Scripts/Content/Story/Dialoge/DIA_BAU_973_Rukhar.d:101","Was für ein Wettkampf soll das sein?","어떤 내기를 말하는 거지?","","False","DIA_Rukhar_WETTKAMPF_15_00","",""
"Scripts/Content/Story/Dialoge/DIA_BAU_973_Rukhar.d:102","Ich nenne es LEERE DEN KRUG IN EINEM ZUG.","내가 '원샷'이라고 부르는 거지.","","False","DIA_Rukhar_WETTKAMPF_12_01","",""
"Scripts/Content/Story/Dialoge/DIA_BAU_973_Rukhar.d:103","Die Regeln sind ganz einfach.","규칙은 아주 단순해.","","False","DIA_Rukhar_WETTKAMPF_12_02","",""
"Scripts/Content/Story/Dialoge/DIA_BAU_973_Rukhar.d:104","Wir bestellen beim Wirt abwechselnd jeder einen Krug mit dem besten Bier, das der alte Zausel zu bieten hat.","여관 주인이 가져다주는 최고급 맥주를 한 잔씩 번갈아 가며 주문하는 거야.","","False","DIA_Rukhar_WETTKAMPF_12_03","",""
"Scripts/Content/Story/Dialoge/DIA_BAU_973_Rukhar.d:105","Jeder Krug ist bis auf den Boden leer zu trinken, so dass er nicht einmal mehr einen Ring hinterlässt, wenn man ihn umgekehrt auf den Tisch stellt.","잔을 바닥까지 비워야 해. 탁자에 잔을 거꾸로 뒤집어 놓았을 때 반지 자국조차 남지 않을 정도로 말이지.","","False","DIA_Rukhar_WETTKAMPF_12_04","",""
"Scripts/Content/Story/Dialoge/DIA_BAU_973_Rukhar.d:106","Derjenige, der als letzter noch steht, hat gewonnen. Der Verlierer zahlt Zeche und Einsatz. Na? Wie wär's?","마지막까지 서 있는 사람이 승자야. 패자는 술값과 판돈을 모두 내는 거지. 어때? 해보겠나?","","False","DIA_Rukhar_WETTKAMPF_12_05","",""
"Scripts/Content/Story/Dialoge/DIA_BAU_973_Rukhar.d:107","Ein anderes Mal vielleicht, wenn ich mehr Zeit habe.","다음에 하지, 좀 바쁘거든.","","False","DIA_Rukhar_WETTKAMPF_15_06","",""
"Scripts/Content/Story/Dialoge/DIA_BAU_973_Rukhar.d:119","Kann ich auch auf jemand anderen setzen?","다른 사람에게 걸 수도 있나?","","False","DIA_Rukhar_HOLERANDOLPH.description","",""
"Scripts/Content/Story/Dialoge/DIA_BAU_973_Rukhar.d:132","Kann ich auch auf jemand anderen setzen?","다른 사람에게 걸 수도 있나?","","False","DIA_Rukhar_HOLERANDOLPH_15_00","",""
"Scripts/Content/Story/Dialoge/DIA_BAU_973_Rukhar.d:133","Sicherlich. Wenn du es schaffst, dass endlich mal jemand den Mut hat, gegen mich anzutreten, dann würde ich mit dir wetten.","물론이지. 감히 나와 맞붙을 용기를 낸 사람이 나타난다면, 너와 내기를 해 주지.","","False","DIA_Rukhar_HOLERANDOLPH_12_01","",""
"Scripts/Content/Story/Dialoge/DIA_BAU_973_Rukhar.d:134","Jeder zahlt den gleichen Betrag in einen Topf. Wer gewinnt, bekommt alles. Wie hoch dein Einsatz ist, das hängt von deinem Geldbeutel ab.","모두가 똑같은 금액을 판돈으로 거는 거야. 승자가 전부 갖게 되지. 판돈은 자네 주머니 사정에 따라 달렸고.","","False","DIA_Rukhar_HOLERANDOLPH_12_02","",""
"Scripts/Content/Story/Dialoge/DIA_BAU_973_Rukhar.d:135","Bring mir jemanden, der es wagt, gegen mich anzutreten, und du hast deine Wette.","감히 나와 맞붙을 상대를 데려오기만 해, 그럼 내기는 성사되는 거니까.","","False","DIA_Rukhar_HOLERANDOLPH_12_03","",""
"Scripts/Content/Story/Dialoge/DIA_BAU_973_Rukhar.d:149","Ich habe jemanden, der gegen dich antreten will.","너와 겨루고 싶어 하는 사람이 있어.","","False","DIA_Rukhar_RANDOLPHWILL.description","",""
"Scripts/Content/Story/Dialoge/DIA_BAU_973_Rukhar.d:168","Ich habe jemanden, der gegen dich antreten will.","너와 겨루고 싶어 하는 사람이 있어.","","False","DIA_Rukhar_RANDOLPHWILL_15_00","",""
"Scripts/Content/Story/Dialoge/DIA_BAU_973_Rukhar.d:169","Wer soll es sein?","누군데 그래?","","False","DIA_Rukhar_RANDOLPHWILL_12_01","",""
"Scripts/Content/Story/Dialoge/DIA_BAU_973_Rukhar.d:170","Randolph.","랜돌프.","","False","DIA_Rukhar_RANDOLPHWILL_15_02","",""
"Scripts/Content/Story/Dialoge/DIA_BAU_973_Rukhar.d:171","Hoho. Randolph, der Aufschneider? Na gut. Warum nicht.","호호. 허풍선이 랜돌프 말인가? 좋아. 마다할 이유가 없지.","","False","DIA_Rukhar_RANDOLPHWILL_12_03","",""
"Scripts/Content/Story/Dialoge/DIA_BAU_973_Rukhar.d:172","Schick den Knilch zu mir und der Deal steht.","그 얼간이를 내게 보내기만 해, 그럼 거래는 성사다.","","False","DIA_Rukhar_RANDOLPHWILL_12_04","",""
"Scripts/Content/Story/Dialoge/DIA_BAU_973_Rukhar.d:173","Spätestens 2 Tage später kannst du ihn wieder abholen. Wer weiß? Vielleicht hast du ja Glück und er steht dann wieder.","늦어도 2일 뒤에는 그를 다시 데려갈 수 있을 거다. 누가 알아? 운이 좋으면 그때쯤 다시 제 발로 설 수 있을지.","","False","DIA_Rukhar_RANDOLPHWILL_12_05","",""
"Scripts/Content/Story/Dialoge/DIA_BAU_973_Rukhar.d:174","Wie hoch ist dein Einsatz?","판돈은 얼마로 할 건가?","","False","DIA_Rukhar_RANDOLPHWILL_12_06","",""
"Scripts/Content/Story/Dialoge/DIA_BAU_973_Rukhar.d:178","gar nichts","없음","","False","DIA_Rukhar_RANDOLPHWILL_Info.DIA_Rukhar_RANDOLPHWILL.DIA_Rukhar_RANDOLPHWILL_nix","Info_AddChoice",""
"Scripts/Content/Story/Dialoge/DIA_BAU_973_Rukhar.d:182","10 Goldmünzen","10 금화","","False","DIA_Rukhar_RANDOLPHWILL_Info.DIA_Rukhar_RANDOLPHWILL.DIA_Rukhar_RANDOLPHWILL_10","Info_AddChoice",""
"Scripts/Content/Story/Dialoge/DIA_BAU_973_Rukhar.d:188","Ich nehme deinen Einsatz an mich und verwahre ihn so lange, bis der Wettkampf vorbei ist, klar?","내기가 끝날 때까지 자네의 판돈은 내가 맡아두겠네, 알겠나?","","False","DIA_Rukhar_RANDOLPHWILL_annehmen_12_00","",""
"Scripts/Content/Story/Dialoge/DIA_BAU_973_Rukhar.d:196","gar nichts","없음","","False","DIA_Rukhar_RANDOLPHWILL_mehr.DIA_Rukhar_RANDOLPHWILL.DIA_Rukhar_RANDOLPHWILL_nix","Info_AddChoice",""
"Scripts/Content/Story/Dialoge/DIA_BAU_973_Rukhar.d:200","10 Goldmünzen","10 금화","","False","DIA_Rukhar_RANDOLPHWILL_mehr.DIA_Rukhar_RANDOLPHWILL.DIA_Rukhar_RANDOLPHWILL_10","Info_AddChoice",""
"Scripts/Content/Story/Dialoge/DIA_BAU_973_Rukhar.d:205","Gar nichts","없음","","False","DIA_Rukhar_RANDOLPHWILL_nix_15_00","",""
"Scripts/Content/Story/Dialoge/DIA_BAU_973_Rukhar.d:206","Dann vergessen wir die Geschichte am besten gleich wieder.","그럼 이 이야기는 그냥 없는 셈 치자고.","","False","DIA_Rukhar_RANDOLPHWILL_nix_12_01","",""
"Scripts/Content/Story/Dialoge/DIA_BAU_973_Rukhar.d:213","10 Goldmünzen","10 금화","","False","DIA_Rukhar_RANDOLPHWILL_10_15_00","",""
"Scripts/Content/Story/Dialoge/DIA_BAU_973_Rukhar.d:214","Komm schon, das ist doch nicht dein Ernst. Ein paar Münzen mehr könnten es schon sein.","이런, 진심은 아니겠지. 좀 더 거는 게 좋을걸.","","False","DIA_Rukhar_RANDOLPHWILL_10_12_01","",""
"Scripts/Content/Story/Dialoge/DIA_BAU_973_Rukhar.d:220","(anderen Einsatz wählen)","(다른 판돈 고르기)","","False","DIA_Rukhar_RANDOLPHWILL_10.DIA_Rukhar_RANDOLPHWILL.DIA_Rukhar_RANDOLPHWILL_mehr","Info_AddChoice",""
"Scripts/Content/Story/Dialoge/DIA_BAU_973_Rukhar.d:221","(Einsatz annehmen)","(판돈 수락)","","False","DIA_Rukhar_RANDOLPHWILL_10.DIA_Rukhar_RANDOLPHWILL.DIA_Rukhar_RANDOLPHWILL_annehmen","Info_AddChoice",""
"Scripts/Content/Story/Dialoge/DIA_BAU_973_Rukhar.d:226","20","20","","False","DIA_Rukhar_RANDOLPHWILL_20_15_00","",""
"Scripts/Content/Story/Dialoge/DIA_BAU_973_Rukhar.d:227","Wenn du schon wetten willst, dann mach das gefälligst richtig.","내기를 하려면 제법대로 해야지.","","False","DIA_Rukhar_RANDOLPHWILL_20_12_01","",""
"Scripts/Content/Story/Dialoge/DIA_BAU_973_Rukhar.d:233","(anderen Einsatz wählen)","(다른 판돈 고르기)","","False","DIA_Rukhar_RANDOLPHWILL_20.DIA_Rukhar_RANDOLPHWILL.DIA_Rukhar_RANDOLPHWILL_mehr","Info_AddChoice",""
"Scripts/Content/Story/Dialoge/DIA_BAU_973_Rukhar.d:234","(Einsatz annehmen)","(판돈 수락)","","False","DIA_Rukhar_RANDOLPHWILL_20.DIA_Rukhar_RANDOLPHWILL.DIA_Rukhar_RANDOLPHWILL_annehmen","Info_AddChoice",""
"Scripts/Content/Story/Dialoge/DIA_BAU_973_Rukhar.d:239","50","50","","False","DIA_Rukhar_RANDOLPHWILL_50_15_00","",""
"Scripts/Content/Story/Dialoge/DIA_BAU_973_Rukhar.d:240","Nur nicht so zaghaft. Jetzt trau dich doch mal was.","그렇게 소심하게 굴지 마. 과감하게 가자고.","","False","DIA_Rukhar_RANDOLPHWILL_50_12_01","",""
"Scripts/Content/Story/Dialoge/DIA_BAU_973_Rukhar.d:246","(anderen Einsatz wählen)","(다른 판돈 고르기)","","False","DIA_Rukhar_RANDOLPHWILL_50.DIA_Rukhar_RANDOLPHWILL.DIA_Rukhar_RANDOLPHWILL_mehr","Info_AddChoice",""
"Scripts/Content/Story/Dialoge/DIA_BAU_973_Rukhar.d:247","(Einsatz annehmen)","(판돈 수락)","","False","DIA_Rukhar_RANDOLPHWILL_50.DIA_Rukhar_RANDOLPHWILL.DIA_Rukhar_RANDOLPHWILL_annehmen","Info_AddChoice",""
"Scripts/Content/Story/Dialoge/DIA_BAU_973_Rukhar.d:252","100","100","","False","DIA_Rukhar_RANDOLPHWILL_100_15_00","",""
"Scripts/Content/Story/Dialoge/DIA_BAU_973_Rukhar.d:253","Das höre ich gerne.","마음에 드는군.","","False","DIA_Rukhar_RANDOLPHWILL_100_12_01","",""
"Scripts/Content/Story/Dialoge/DIA_BAU_973_Rukhar.d:259","(anderen Einsatz wählen)","(다른 판돈 고르기)","","False","DIA_Rukhar_RANDOLPHWILL_100.DIA_Rukhar_RANDOLPHWILL.DIA_Rukhar_RANDOLPHWILL_mehr","Info_AddChoice",""
"Scripts/Content/Story/Dialoge/DIA_BAU_973_Rukhar.d:260","(Einsatz annehmen)","(판돈 수락)","","False","DIA_Rukhar_RANDOLPHWILL_100.DIA_Rukhar_RANDOLPHWILL.DIA_Rukhar_RANDOLPHWILL_annehmen","Info_AddChoice",""
"Scripts/Content/Story/Dialoge/DIA_BAU_973_Rukhar.d:273","Hier hast du meinen Einsatz.","여기 내 판돈이다.","","False","DIA_Rukhar_ICHSEHEDICH.description","",""
"Scripts/Content/Story/Dialoge/DIA_BAU_973_Rukhar.d:292","Hier hast du meinen Einsatz.","여기 내 판돈이다.","","False","DIA_Rukhar_ICHSEHEDICH_15_00","",""
"Scripts/Content/Story/Dialoge/DIA_BAU_973_Rukhar.d:296","Alles klar. Lass dir nicht zu viel Zeit, Randolph hierher zu bringen, hörst du?","좋아. 랜돌프를 여기에 데려오는 데 너무 늑장을 부리지는 마라, 알겠나?","","False","DIA_Rukhar_ICHSEHEDICH_12_01","",""
"Scripts/Content/Story/Dialoge/DIA_BAU_973_Rukhar.d:303","Sehr witzig! Komm wieder, wenn du genug Geld hast.","참나 재밌네! 돈이 충분히 모이면 그때 다시 오라고.","","False","DIA_Rukhar_ICHSEHEDICH_12_02","",""
"Scripts/Content/Story/Dialoge/DIA_BAU_973_Rukhar.d:319","Ich will mein Geld zurück.","내 돈 돌려줘.","","False","DIA_Rukhar_GELDZURUECK.description","",""
"Scripts/Content/Story/Dialoge/DIA_BAU_973_Rukhar.d:335","Ich will mein Geld zurück.","내 돈 돌려줘.","","False","DIA_Rukhar_GELDZURUECK_15_00","",""
"Scripts/Content/Story/Dialoge/DIA_BAU_973_Rukhar.d:336","Spielschulden sind Ehrenschulden, Kumpel. Das hättest du dir vorher überlegen sollen.","도박 빚은 명예로운 법이지, 친구. 그러기 전에 미리 생각했어야지.","","False","DIA_Rukhar_GELDZURUECK_12_01","",""
"Scripts/Content/Story/Dialoge/DIA_BAU_973_Rukhar.d:351","Man soll den Mund nicht so voll nehmen.","너무 큰소리치는 게 아닐까.","","False","DIA_Rukhar_HAENSELN.description","",""
"Scripts/Content/Story/Dialoge/DIA_BAU_973_Rukhar.d:369","Man soll den Mund nicht so voll nehmen.","너무 큰소리치는 게 아닐까.","","False","DIA_Rukhar_HAENSELN_15_00","",""
"Scripts/Content/Story/Dialoge/DIA_BAU_973_Rukhar.d:373","Hier hast du dein Geld und jetzt kein Wort mehr.","자, 네 돈이다. 이제 입 다물어.","","False","DIA_Rukhar_HAENSELN_12_01","",""
"Scripts/Content/Story/Dialoge/DIA_BAU_973_Rukhar.d:385","Mir dir rechne ich noch ab, verlass dich drauf.","이 빚은 반드시 갚아줄 테니까, 각오하는 게 좋을 거야.","","False","DIA_Rukhar_HAENSELN_12_02","",""
"Scripts/Content/Story/Dialoge/DIA_BAU_973_Rukhar.d:401","Sonst irgendwas interessantes passiert?","그 밖에 흥미로운 일이라도 있었나?","","False","DIA_Rukhar_Perm.description","",""
"Scripts/Content/Story/Dialoge/DIA_BAU_973_Rukhar.d:414","Sonst irgendwas Interessantes passiert?","그 밖에 흥미로운 일이라도 있었나?","","False","DIA_Rukhar_Perm_15_00","",""
"Scripts/Content/Story/Dialoge/DIA_BAU_973_Rukhar.d:415","Nicht, dass ich wüsste. Mir erzählt ja keiner mehr was.","내가 아는 건 없어. 내게 말을 해주는 사람이 없거든.","","False","DIA_Rukhar_Perm_12_01","",""
"Scripts/Content/Story/Dialoge/DIA_BAU_980_Sagitta.d:36","Ganz alleine hier draußen?","이런 외딴곳에 혼자 있는 건가?","","False","DIA_Sagitta_HALLO.description","",""
"Scripts/Content/Story/Dialoge/DIA_BAU_980_Sagitta.d:46","Ganz alleine hier draußen?","이런 외딴곳에 혼자 있는 건가?","","False","DIA_Sagitta_HALLO_15_00","",""
"Scripts/Content/Story/Dialoge/DIA_BAU_980_Sagitta.d:47","Sag, was du von mir willst und dann geh wieder. Ich habe zu tun.","내게 원하는 게 뭔지 말하고 꺼져. 바쁘니까.","","False","DIA_Sagitta_HALLO_17_01","",""
"Scripts/Content/Story/Dialoge/DIA_BAU_980_Sagitta.d:51","Kannst du mich heilen?","날 치료해 줄 수 있나?","","False","DIA_Sagitta_HALLO_Info.DIA_Sagitta_HALLO.DIA_Sagitta_HALLO_Heil","Info_AddChoice",""
"Scripts/Content/Story/Dialoge/DIA_BAU_980_Sagitta.d:52","Was machst du hier draußen?","여기서 뭐 하는 거지?","","False","DIA_Sagitta_HALLO_Info.DIA_Sagitta_HALLO.DIA_Sagitta_HALLO_was","Info_AddChoice",""
"Scripts/Content/Story/Dialoge/DIA_BAU_980_Sagitta.d:53","Wer bist du?","당신은 누구지?","","False","DIA_Sagitta_HALLO_Info.DIA_Sagitta_HALLO.DIA_Sagitta_HALLO_wer","Info_AddChoice",""
"Scripts/Content/Story/Dialoge/DIA_BAU_980_Sagitta.d:58","Wer bist du?","당신은 누구지?","","False","DIA_Sagitta_HALLO_wer_15_00","",""
"Scripts/Content/Story/Dialoge/DIA_BAU_980_Sagitta.d:59","Du hast noch nicht von mir gehört?","나에 대해 들어본 적이 없나?","","False","DIA_Sagitta_HALLO_wer_17_01","",""
"Scripts/Content/Story/Dialoge/DIA_BAU_980_Sagitta.d:60","Kräuterhexe sagen sie. Giftmischerin sagen sie.","사람들은 나를 마녀라고 부르지. 독약 제조사라고도 하고.","","False","DIA_Sagitta_HALLO_wer_17_02","",""
"Scripts/Content/Story/Dialoge/DIA_BAU_980_Sagitta.d:61","Doch wenn es ihnen dreckig geht, erinnern sich alle an die gute Sagitta mit ihren heilenden Kräutern.","하지만 정작 아프기라도 하면, 모두 치유의 약초를 가진 착한 사기타를 떠올린다지.","","False","DIA_Sagitta_HALLO_wer_17_03","",""
"Scripts/Content/Story/Dialoge/DIA_BAU_980_Sagitta.d:66","Was machst du hier draußen?","여기서 뭐 하는 거지?","","False","DIA_Sagitta_HALLO_was_15_00","",""
"Scripts/Content/Story/Dialoge/DIA_BAU_980_Sagitta.d:67","Ich lebe hier, seit ich denken kann, und widme mich meinen Kräutern.","기억이 시작된 이래로 여기서 살며 약초를 연구하고 있지.","","False","DIA_Sagitta_HALLO_was_17_01","",""
"Scripts/Content/Story/Dialoge/DIA_BAU_980_Sagitta.d:68","Der Wald ist mein Freund. Er bietet mir alles, was ich brauche.","숲은 나의 친구야. 내게 필요한 모든 것을 주거든.","","False","DIA_Sagitta_HALLO_was_17_02","",""
"Scripts/Content/Story/Dialoge/DIA_BAU_980_Sagitta.d:73","Kannst du mich heilen?","날 치료해 줄 수 있나?","","False","DIA_Sagitta_HALLO_Heil_15_00","",""
"Scripts/Content/Story/Dialoge/DIA_BAU_980_Sagitta.d:74","Deswegen bist du doch gekommen, oder? Du musst es mir nur sagen, wenn dir etwas fehlt.","그것 때문에 찾아온 거 아니야? 어디가 아픈지 말하기만 해.","","False","DIA_Sagitta_HALLO_Heil_17_01","",""
"Scripts/Content/Story/Dialoge/DIA_BAU_980_Sagitta.d:95","Kannst du mir deine Kräuterkunst beibringen?","약초술을 가르쳐 줄 수 있나?","","False","DIA_Sagitta_TeachAlchemyRequest.description","",""
"Scripts/Content/Story/Dialoge/DIA_BAU_980_Sagitta.d:110","Kannst du mir deine Kräuterkunst beibringen?","약초술을 가르쳐 줄 수 있나?","","False","DIA_Sagitta_TeachAlchemyRequest_15_00","",""
"Scripts/Content/Story/Dialoge/DIA_BAU_980_Sagitta.d:114","Interessant. Bisher hat mich selten jemand danach gefragt.","흥미롭군. 나한테 그런 걸 묻는 사람은 드문데.","","False","DIA_Sagitta_TeachAlchemyRequest_17_01","",""
"Scripts/Content/Story/Dialoge/DIA_BAU_980_Sagitta.d:115","Du willst also mein Schüler sein? Dann wirst du erst den Ernst deines Anliegens unter Beweis stellen müssen.","내 제자가 되고 싶다는 건가? 그렇다면 네 요청이 얼마나 진지한지 먼저 증명해야 할 거야.","","False","DIA_Sagitta_TeachAlchemyRequest_17_02","",""
"Scripts/Content/Story/Dialoge/DIA_BAU_980_Sagitta.d:116","Ich arbeite zurzeit an einem sehr seltenen Trank aus erlesenen Kräutern und Säften.","난 지금 엄선된 약초와 즙으로 만드는 아주 희귀한 포션을 연구 중이거든.","","False","DIA_Sagitta_TeachAlchemyRequest_17_03","",""
"Scripts/Content/Story/Dialoge/DIA_BAU_980_Sagitta.d:117","Wenn du mir eine Zutat, ein äußerst seltenes Kraut, das ich nicht hier habe, besorgen kannst, werde ich dich ausbilden.","여기에 없는 아주 희귀한 약초이자 재료 하나를 구해다 준다면, 네게 기술을 가르쳐 주마.","","False","DIA_Sagitta_TeachAlchemyRequest_17_04","",""
"Scripts/Content/Story/Dialoge/DIA_BAU_980_Sagitta.d:122","Das sagte ich bereits. Erst wenn du mir diese seltene Zutat besorgen kannst.","이미 말했잖아. 네가 그 희귀한 재료를 구해 온 뒤에야.","","False","DIA_Sagitta_TeachAlchemyRequest_17_05","",""
"Scripts/Content/Story/Dialoge/DIA_BAU_980_Sagitta.d:126","Kein Interesse.","관심 없어요.","","False","DIA_Sagitta_TeachAlchemyRequest_Info.DIA_Sagitta_TeachAlchemyRequest.DIA_Sagitta_TeachAlchemyRequest_nein","Info_AddChoice",""
"Scripts/Content/Story/Dialoge/DIA_BAU_980_Sagitta.d:127","Wo werde ich diese Zutat finden?","그 재료는 어디서 찾을 수 있죠?","","False","DIA_Sagitta_TeachAlchemyRequest_Info.DIA_Sagitta_TeachAlchemyRequest.DIA_Sagitta_TeachAlchemyRequest_wo","Info_AddChoice",""
"Scripts/Content/Story/Dialoge/DIA_BAU_980_Sagitta.d:128","Was für eine Zutat ist das?","어떤 재료인가요?","","False","DIA_Sagitta_TeachAlchemyRequest_Info.DIA_Sagitta_TeachAlchemyRequest.DIA_Sagitta_TeachAlchemyRequest_was","Info_AddChoice",""
"Scripts/Content/Story/Dialoge/DIA_BAU_980_Sagitta.d:133","Was für eine Zutat ist das?","어떤 재료인가요?","","False","DIA_Sagitta_TeachAlchemyRequest_was_15_00","",""
"Scripts/Content/Story/Dialoge/DIA_BAU_980_Sagitta.d:134","Es handelt sich um eine sehr seltene Pflanze. Das Kraut nennt sich Sonnenaloe. Du erkennst es an seinem intensiven mandelartigen Geruch.","아주 희귀한 식물이야. 태양 알로에라고 불리는 약초지. 강한 아몬드 향이 나기 때문에 쉽게 알아볼 수 있을 거다.","","False","DIA_Sagitta_TeachAlchemyRequest_was_17_01","",""
"Scripts/Content/Story/Dialoge/DIA_BAU_980_Sagitta.d:139","Wo werde ich diese Zutat finden?","그 재료는 어디서 찾을 수 있죠?","","False","DIA_Sagitta_TeachAlchemyRequest_wo_15_00","",""
"Scripts/Content/Story/Dialoge/DIA_BAU_980_Sagitta.d:140","Das Kraut, das ich brauche, gedeiht nur an den Stellen, an dem es die richtigen Nährstoffe bekommt.","내가 필요한 약초는 꼭 알맞은 영양분을 얻을 수 있는 장소에서만 자란단다.","","False","DIA_Sagitta_TeachAlchemyRequest_wo_17_01","",""
"Scripts/Content/Story/Dialoge/DIA_BAU_980_Sagitta.d:141","Diese befinden sich in den Exkrementen eines schwarzen Trolls.","그곳은 바로 블랙 트롤의 배설물 속이지.","","False","DIA_Sagitta_TeachAlchemyRequest_wo_17_02","",""
"Scripts/Content/Story/Dialoge/DIA_BAU_980_Sagitta.d:142","Deshalb ist es für mich auch so schwierig, an das Kraut zu kommen, verstehst du?","그래서 내가 그 약초를 구하기가 그토록 어려운 거야, 알겠니?","","False","DIA_Sagitta_TeachAlchemyRequest_wo_17_03","",""
"Scripts/Content/Story/Dialoge/DIA_BAU_980_Sagitta.d:143","Mal sehen, ob ich es irgendwo auftreiben kann.","어디서 구할 수 있는지 알아볼게요.","","False","DIA_Sagitta_TeachAlchemyRequest_wo.DIA_Sagitta_TeachAlchemyRequest.DIA_Sagitta_TeachAlchemyRequest_wo_ja","Info_AddChoice",""
"Scripts/Content/Story/Dialoge/DIA_BAU_980_Sagitta.d:148","Mal sehen, ob ich es irgendwo auftreiben kann.","어디서 구할 수 있는지 알아볼게요.","","False","DIA_Sagitta_TeachAlchemyRequest_wo_ja_15_00","",""
"Scripts/Content/Story/Dialoge/DIA_BAU_980_Sagitta.d:149","Na dann, viel Glück bei deiner Suche.","그래, 그럼 찾는 데 행운을 빌 마.","","False","DIA_Sagitta_TeachAlchemyRequest_wo_ja_17_01","",""
"Scripts/Content/Story/Dialoge/DIA_BAU_980_Sagitta.d:160","Kein Interesse.","관심 없어요.","","False","DIA_Sagitta_TeachAlchemyRequest_nein_15_00","",""
"Scripts/Content/Story/Dialoge/DIA_BAU_980_Sagitta.d:161","Dann verschwende nicht weiter meine Zeit mit deinem Unsinn.","그렇다면 헛소리로 내 시간을 더 이상 낭비하지 마라.","","False","DIA_Sagitta_TeachAlchemyRequest_nein_17_01","",""
"Scripts/Content/Story/Dialoge/DIA_BAU_980_Sagitta.d:174","Ich habe das Sonnenaloe gefunden.","태양 알로에를 찾았어요.","","False","DIA_Sagitta_Sagitta_Herb.description","",""
"Scripts/Content/Story/Dialoge/DIA_BAU_980_Sagitta.d:189","Ich habe das Sonnenaloe gefunden.","태양 알로에를 찾았어요.","","False","DIA_Sagitta_Sagitta_Herb_15_00","",""
"Scripts/Content/Story/Dialoge/DIA_BAU_980_Sagitta.d:190","Ich danke dir. Und nun frag mich, was du über das Tränkebrauen wissen willst.","고맙구나. 자, 이제 포션 제조에 대해 알고 싶은 게 있다면 무엇이든 물어보거라.","","False","DIA_Sagitta_Sagitta_Herb_17_01","",""
"Scripts/Content/Story/Dialoge/DIA_BAU_980_Sagitta.d:207","Welche Tränke kann ich bei dir Brauen lernen?","어떤 포션을 만드는 법을 배울 수 있나요?","","False","DIA_Sagitta_Teach.description","",""
"Scripts/Content/Story/Dialoge/DIA_BAU_980_Sagitta.d:228","Welche Tränke kann ich bei dir brauen lernen?","어떤 포션을 만드는 법을 배울 수 있나요?","","False","DIA_Sagitta_Teach_15_00","",""
"Scripts/Content/Story/Dialoge/DIA_BAU_980_Sagitta.d:294","Bevor ich dir meine Alchemiekunst beibringe, werde ich dir erst unterbreiten, was du zum Tränkebrauen alles benötigst.","내 연금술 기술을 가르쳐 주기 전에, 먼저 포션을 만드는 데 무엇이 필요한지 알려주겠다.","","False","DIA_Sagitta_Teach_17_01","",""
"Scripts/Content/Story/Dialoge/DIA_BAU_980_Sagitta.d:295","Die Küche der Tränkebrauerei ist der Alchemietisch. Du brauchst dazu eine leere Laborwasserflasche, um den gebrauten Trank darin aufzubewahren.","포션을 제조하는 부엌은 바로 연금술 작업대란다. 제조한 포션을 담아두려면 빈 실험실 물병이 필요하지.","","False","DIA_Sagitta_Teach_17_02","",""
"Scripts/Content/Story/Dialoge/DIA_BAU_980_Sagitta.d:296","Dann fügst du die gebrauchten Ingredienzien hinzu, und fertig ist der Trank.","그런 다음 필요한 재료를 넣으면 포션이 완성되는 거란다.","","False","DIA_Sagitta_Teach_17_03","",""
"Scripts/Content/Story/Dialoge/DIA_BAU_980_Sagitta.d:297","Dieses Wissen kannst du natürlich bei mir lernen.","물론 이 지식은 나한테서 배울 수 있지.","","False","DIA_Sagitta_Teach_17_04","",""
"Scripts/Content/Story/Dialoge/DIA_BAU_980_Sagitta.d:302","Welcher Trank soll's denn nun sein?","자, 어떤 포션을 배우겠느냐?","","False","DIA_Sagitta_Teach_17_05","",""
"Scripts/Content/Story/Dialoge/DIA_BAU_980_Sagitta.d:307","Du weißt schon alles, was ich dir beibringen könnte.","너는 이미 내가 가르쳐 줄 수 있는 모든 것을 알고 있구나.","","False","DIA_Sagitta_Teach_17_06","",""
"Scripts/Content/Story/Dialoge/DIA_BAU_980_Sagitta.d:369","Heile mich.","치료해 주세요.","","False","DIA_Sagitta_HEAL.description","",""
"Scripts/Content/Story/Dialoge/DIA_BAU_980_Sagitta.d:382","Heile mich.","치료해 주세요.","","False","DIA_Sagitta_HEAL_15_00","",""
"Scripts/Content/Story/Dialoge/DIA_BAU_980_Sagitta.d:386","Lass mich sehen. Mmh. Meine Salbe lindert deine schlimmsten Wunden.","어디 보자. 으음. 내 연고가 네 가장 심각한 상처를 가라앉혀 줄 것이다.","","False","DIA_Sagitta_HEAL_17_01","",""
"Scripts/Content/Story/Dialoge/DIA_BAU_980_Sagitta.d:392","Du bedarfst zurzeit keiner Heilung.","너는 지금 치료가 필요 없다.","","False","DIA_Sagitta_HEAL_17_02","",""
"Scripts/Content/Story/Dialoge/DIA_BAU_980_Sagitta.d:407","Welche Ware hast du anzubieten?","어떤 물건들을 팔고 있나요?","","False","DIA_Sagitta_TRADE.description","",""
"Scripts/Content/Story/Dialoge/DIA_BAU_980_Sagitta.d:420","Welche Ware hast du anzubieten?","어떤 물건들을 팔고 있나요?","","False","DIA_Sagitta_TRADE_15_00","",""
"Scripts/Content/Story/Dialoge/DIA_BAU_980_Sagitta.d:422","Sag mir, was du willst.","원하는 걸 말해 보거라.","","False","DIA_Sagitta_TRADE_17_01","",""
"Scripts/Content/Story/Dialoge/DIA_BAU_980_Sagitta.d:468","Ich habe so ein beklemmendes Gefühl.","뭔가 짓누르는 듯한 기분이 들어요. 도움이 필요해요.","","False","DIA_Sagitta_OBSESSION.description","",""
"Scripts/Content/Story/Dialoge/DIA_BAU_980_Sagitta.d:483","Ich habe so ein beklemmendes Gefühl. Ich brauche Hilfe.","뭔가 짓누르는 듯한 기분이 들어요. 도움이 필요해요.","","False","DIA_Sagitta_OBSESSION_15_00","",""
"Scripts/Content/Story/Dialoge/DIA_BAU_980_Sagitta.d:484","Ich sehe dir an, dass der Schlaf dir keine Erholung bringen wird. Du warst dem schwarzen Blick der Suchenden zu lange ausgesetzt.","수면을 취해도 피로가 풀리지 않을 거란 게 눈에 보이는구나. 시커들의 어두운 시선에 너무 오래 노출되었어.","","False","DIA_Sagitta_OBSESSION_17_01","",""
"Scripts/Content/Story/Dialoge/DIA_BAU_980_Sagitta.d:485","Gehe zu Pyrokar, dem obersten Magier des Klosters. Meine bescheidenen Mittel reichen da nicht aus.","수도원의 최고 마법사인 파이로카에게 가거라. 내 보잘것없는 수단으로는 역부족이다.","","False","DIA_Sagitta_OBSESSION_17_02","",""
"Scripts/Content/Story/Dialoge/DIA_BAU_980_Sagitta.d:497","Thekla hat mich geschickt, ein Päckchen für sie abzuholen.","테클라의 심부름으로 그녀의 꾸러미를 가지러 왔어요.","","False","DIA_Sagitta_Thekla.description","",""
"Scripts/Content/Story/Dialoge/DIA_BAU_980_Sagitta.d:511","Thekla hat mich geschickt, ein Päckchen für sie abzuholen.","테클라의 심부름으로 그녀의 꾸러미를 가지러 왔어요.","","False","DIA_Sagitta_Thekla_15_00","",""
"Scripts/Content/Story/Dialoge/DIA_BAU_980_Sagitta.d:512","Ah, ja. Ich hatte sie eigentlich schon vor Tagen hier erwartet.","아, 그래. 사실 며칠 전에 올 줄 알았는데.","","False","DIA_Sagitta_Thekla_17_01","",""
"Scripts/Content/Story/Dialoge/DIA_BAU_980_Sagitta.d:513","Hier hast du das Päckchen. Pass gut darauf auf!","여기 꾸러미가 있다. 잘 간직하거라!","","False","DIA_Sagitta_Thekla_17_02","",""
"Scripts/Content/Story/Dialoge/DIA_BAU_980_Sagitta.d:562","Randolph hat Entzugserscheinungen.","랜돌프가 금단 현상을 겪고 있어요.","","False","DIA_Sagitta_HEALRANDOLPH.description","",""
"Scripts/Content/Story/Dialoge/DIA_BAU_980_Sagitta.d:580","Randolph hat Entzugserscheinungen.","랜돌프가 금단 현상을 겪고 있어요.","","False","DIA_Sagitta_HEALRANDOLPH_15_00","",""
"Scripts/Content/Story/Dialoge/DIA_BAU_980_Sagitta.d:584","Der Junge hat es immer noch nicht gelernt, was?","그 녀석은 아직도 정신을 못 차렸지, 안 그래?","","False","DIA_Sagitta_HEALRANDOLPH_17_01","",""
"Scripts/Content/Story/Dialoge/DIA_BAU_980_Sagitta.d:590","Du hast schon eine Portion für ihn von mir bekommen. Mach mir damit bloß keinen Unsinn.","이미 그 녀석 몫의 약을 건네줬잖아. 제발 그걸로 엉뚱한 짓은 하지 마.","","False","DIA_Sagitta_HEALRANDOLPH_17_02","",""
"Scripts/Content/Story/Dialoge/DIA_BAU_980_Sagitta.d:594","Ich werde ihm ein Mittel geben. Das wird ihm über die nächsten Tage hinweg helfen.","그 녀석에게 약을 주마. 며칠 동안은 버틸 수 있게 해 줄 거다.","","False","DIA_Sagitta_HEALRANDOLPH_17_03","",""
"Scripts/Content/Story/Dialoge/DIA_BAU_980_Sagitta.d:597","Es kostet dich 300 Goldmünzen.","비용은 300 골드다.","","False","DIA_Sagitta_HEALRANDOLPH_17_04","",""
"Scripts/Content/Story/Dialoge/DIA_BAU_980_Sagitta.d:601","Was?","네?","","False","DIA_Sagitta_HEALRANDOLPH_15_05","",""
"Scripts/Content/Story/Dialoge/DIA_BAU_980_Sagitta.d:602","Umsonst ist der Tod, Kleiner.","공짜는 죽음뿐이야, 꼬마야.","","False","DIA_Sagitta_HEALRANDOLPH_17_06","",""
"Scripts/Content/Story/Dialoge/DIA_BAU_980_Sagitta.d:606","Nö. Nicht für so einen Quatsch.","아뇨. 그런 쓸데없는 것에 쓰진 않겠어요.","","False","DIA_Sagitta_HEALRANDOLPH_Info.DIA_Sagitta_HEALRANDOLPH.DIA_Sagitta_HEALRANDOLPH_no","Info_AddChoice",""
"Scripts/Content/Story/Dialoge/DIA_BAU_980_Sagitta.d:607","Hier hast du das Geld.","여기 돈이 있어요.","","False","DIA_Sagitta_HEALRANDOLPH_Info.DIA_Sagitta_HEALRANDOLPH.DIA_Sagitta_HEALRANDOLPH_geld","Info_AddChoice",""
"Scripts/Content/Story/Dialoge/DIA_BAU_980_Sagitta.d:612","Hier hast du das Geld.","여기 돈이 있어요.","","False","DIA_Sagitta_HEALRANDOLPH_geld_15_00","",""
"Scripts/Content/Story/Dialoge/DIA_BAU_980_Sagitta.d:616","Sehr gut. Du kannst dir das Geld vom ihm ja wiederholen.","아주 좋아. 나중에 그 녀석에게 돈을 다시 받아내면 되잖아.","","False","DIA_Sagitta_HEALRANDOLPH_geld_17_01","",""
"Scripts/Content/Story/Dialoge/DIA_BAU_980_Sagitta.d:624","Erst, wenn du das Geld hast, kommen wir ins Geschäft.","돈을 가져오기 전에는 거래하지 않는다.","","False","DIA_Sagitta_HEALRANDOLPH_geld_17_02","",""
"Scripts/Content/Story/Dialoge/DIA_BAU_980_Sagitta.d:632","Nö. Nicht für so einen Quatsch.","아뇨. 그런 쓸데없는 것에 쓰진 않겠어요.","","False","DIA_Sagitta_HEALRANDOLPH_no_15_00","",""
"Scripts/Content/Story/Dialoge/DIA_BAU_980_Sagitta.d:633","(lacht) Hat er dir kein Geld gegeben? Das sieht ihm ähnlich.","(웃음) 돈을 안 주던가? 그 녀석답군.","","False","DIA_Sagitta_HEALRANDOLPH_no_17_01","",""
"Scripts/Content/Story/Dialoge/DIA_BAU_981_Grom.d:33","Alles klar?","별일 없으신가요?","","False","DIA_Grom_HALLO.description","",""
"Scripts/Content/Story/Dialoge/DIA_BAU_981_Grom.d:43","Alles klar?","별일 없으신가요?","","False","DIA_Grom_HALLO_15_00","",""
"Scripts/Content/Story/Dialoge/DIA_BAU_981_Grom.d:44","Ah, ein fremder Wanderer. Ich bin sehr beschäftigt, also, was willst du?","아, 낯선 여행자군. 난 아주 바쁘다만, 무슨 일이지?","","False","DIA_Grom_HALLO_08_01","",""
"Scripts/Content/Story/Dialoge/DIA_BAU_981_Grom.d:47","Was gibt es hier interssantes zu sehen?","여기에 볼 만한 흥미로운 것이 있나요?","","False","DIA_Grom_HALLO_Info.DIA_Grom_HALLO.DIA_Grom_HALLO_waszusehen","Info_AddChoice",""
"Scripts/Content/Story/Dialoge/DIA_BAU_981_Grom.d:48","Was machst du hier?","여기서 뭐 하시는 건가요?","","False","DIA_Grom_HALLO_Info.DIA_Grom_HALLO.DIA_Grom_HALLO_was","Info_AddChoice",""
"Scripts/Content/Story/Dialoge/DIA_BAU_981_Grom.d:53","Was gibt es hier Interessantes zu sehen?","여기에 볼 만한 흥미로운 것이 있나요?","","False","DIA_Grom_HALLO_waszusehen_15_00","",""
"Scripts/Content/Story/Dialoge/DIA_BAU_981_Grom.d:54","Interessant ist gut gesagt. Wenn du hier weiter in den Wald hineingehst, dann wirst du auf ganz üble Gesellen treffen.","흥미롭다고 할 만하지. 여기서 숲으로 더 들어가다 보면 아주 고약한 녀석들을 만나게 될 거다.","","False","DIA_Grom_HALLO_waszusehen_08_01","",""
"Scripts/Content/Story/Dialoge/DIA_BAU_981_Grom.d:55","Sie sind etwa drei Meter groß, haarig und ziemlich schlecht gelaunt. Also geh da nicht hin, wenn du nicht stark genug für sie bist.","키가 삼 미터쯤 되고, 털이 수북하며, 성격이 꽤 더럽지. 그러니 그 녀석들을 상대할 만큼 강하지 않다면 가지 않는 게 좋을걸.","","False","DIA_Grom_HALLO_waszusehen_08_02","",""
"Scripts/Content/Story/Dialoge/DIA_BAU_981_Grom.d:60","Was machst du hier?","여기서 뭐 하시는 건가요?","","False","DIA_Grom_HALLO_was_15_00","",""
"Scripts/Content/Story/Dialoge/DIA_BAU_981_Grom.d:61","Na, was so ein Holzfäller und Jäger eben so macht.","뭐, 벌목꾼이나 사냥꾼들이 하는 일이 다 그렇지 뭐.","","False","DIA_Grom_HALLO_was_08_01","",""
"Scripts/Content/Story/Dialoge/DIA_BAU_981_Grom.d:79","Kannst du mir was über die Jagd beibringen?","사냥에 대해 좀 가르쳐 줄 수 있나요?","","False","DIA_Grom_AskTeacher.description","",""
"Scripts/Content/Story/Dialoge/DIA_BAU_981_Grom.d:92","Kannst du mir was über die Jagd beibringen?","사냥에 대해 좀 가르쳐 줄 수 있나요?","","False","DIA_Grom_AskTeacher_15_00","",""
"Scripts/Content/Story/Dialoge/DIA_BAU_981_Grom.d:93","Klar. Aber erst besorgst du mir was Anständiges zu Essen. Ich sterbe vor Hunger hier draußen.","그렇고말고. 하지만 먼저 먹을 만한 것부터 가져와. 이 바깥에서 굶어 죽기 직전이니까.","","False","DIA_Grom_AskTeacher_08_01","",""
"Scripts/Content/Story/Dialoge/DIA_BAU_981_Grom.d:94","Ich will eine Flasche Milch, ein Brot und einen fetten Schinken, dann bring ich dir bei, was du willst.","우유 한 병, 빵 한 덩이, 그리고 두툼한 햄을 가져와. 그럼 네가 원하는 걸 가르쳐 주지.","","False","DIA_Grom_AskTeacher_08_02","",""
"Scripts/Content/Story/Dialoge/DIA_BAU_981_Grom.d:109","Hier hast du dein bestelltes Essen.","주문하신 음식을 가져왔어요.","","False","DIA_Grom_PayTeacher.description","",""
"Scripts/Content/Story/Dialoge/DIA_BAU_981_Grom.d:128","Hier hast du dein bestelltes Essen.","주문하신 음식을 가져왔어요.","","False","DIA_Grom_PayTeacher_15_00","",""
"Scripts/Content/Story/Dialoge/DIA_BAU_981_Grom.d:129","Prima. Und nun?","훌륭하군. 자, 이제 뭘까?","","False","DIA_Grom_PayTeacher_08_01","",""
"Scripts/Content/Story/Dialoge/DIA_BAU_981_Grom.d:144","Bring mir das Jagen bei.","사냥하는 법을 가르쳐 주세요.","","False","DIA_Grom_TEACHHUNTING.description","",""
"Scripts/Content/Story/Dialoge/DIA_BAU_981_Grom.d:157","Bring mir das Jagen bei.","사냥하는 법을 가르쳐 주세요.","","False","DIA_Grom_TEACHHUNTING_15_00","",""
"Scripts/Content/Story/Dialoge/DIA_BAU_981_Grom.d:166","Was willst du lernen?","무엇을 배우고 싶나?","","False","DIA_Grom_TEACHHUNTING_08_01","",""
"Scripts/Content/Story/Dialoge/DIA_BAU_981_Grom.d:197","Ich kann dir nichts beibringen, was du nicht ohnehin schon kannst.","너는 이미 내가 가르쳐 줄 수 있는 걸 다 알고 있잖아.","","False","DIA_Grom_TEACHHUNTING_08_02","",""
"Scripts/Content/Story/Dialoge/DIA_BAU_981_Grom.d:211","Schneide in die Läufe des Tieres einen Ansatz, an dem du das Fell abziehen kannst. Mach es aber von vorne nach hinten, nicht umgekehrt.","짐승의 다리에 칼집을 내서 가죽 벗기기을 할 수 있는 자리를 만들어. 단, 반대가 아니라 앞에서 뒤쪽으로 해야 해.","","False","DIA_Grom_TEACHHUNTING_Fur_08_00","",""
"Scripts/Content/Story/Dialoge/DIA_BAU_981_Grom.d:222","Beim Entfernen der Zähne musst du vornehmlich darauf achten, dass das Gebiss beim Lösen vom Schädel nicht zerbricht.","이빨을 뽑을 때는 두개골에서 이빨을 분리할 때 부러지지 않도록 특히 주의해야 한다.","","False","DIA_Grom_TEACHHUNTING_Teeth_08_00","",""
"Scripts/Content/Story/Dialoge/DIA_BAU_981_Grom.d:233","Ein Herz entfernst du dem Tier mit einem gekonnten Schnitt in die Brust. Lohnt sich aber häufig nur bei besonderen Tieren oder magischen Wesen.","가슴을 능숙하게 베어내면 동물의 심장을 얻을 수 있지. 하지만 대개는 특별한 동물이나 마법 생물에게서만 가치가 있지.","","False","DIA_Grom_TEACHHUNTING_Heart_08_00","",""
"Scripts/Content/Story/Dialoge/DIA_BAU_981_Grom.d:244","Die Zangen von Minecrawlern oder Feldräubern musst du den Tieren mit einem sehr starken Metallhebel herauslösen. Sie sitzen sehr tief im Schädel der Tiere.","마인크롤러나 필드 레이더의 집게는 아주 튼튼한 금속 지렛대로 떼어내야 한다. 동물의 두개골 깊숙이 박혀 있거든.","","False","DIA_Grom_TEACHHUNTING_Mandibles_08_00","",""
"Scripts/Content/Story/Dialoge/DIA_BAU_981_Grom.d:255","Ein Schattenläuferhorn bekommst du ab, wenn du dich mit aller Kraft gegen den Schädel stemmst, am Horn ziehst und das Ding mit einer harten Klinge heraustrennst.","쉐도우 비스트의 뿔을 얻으려면 온힘을 다해 두개골을 지지한 채 뿔을 잡아당겨 단단한 칼날로 도려내야 한다.","","False","DIA_Grom_TEACHHUNTING_ShadowHorn_08_00","",""
"Scripts/Content/Story/Dialoge/DIA_BAU_982_Grimbald.d:33","Wartest du auf jemanden?","누구 기다리는 사람이라도 있어요?","","False","DIA_Grimbald_HALLO.description","",""
"Scripts/Content/Story/Dialoge/DIA_BAU_982_Grimbald.d:45","Wartest du auf jemanden?","누구 기다리는 사람이라도 있어요?","","False","DIA_Grimbald_HALLO_15_00","",""
"Scripts/Content/Story/Dialoge/DIA_BAU_982_Grimbald.d:52","Ich bin auf der Jagd. Das sieht man doch.","사냥 중이다. 보면 모르나.","","False","DIA_Grimbald_HALLO_07_01","",""
"Scripts/Content/Story/Dialoge/DIA_BAU_982_Grimbald.d:57","Jetzt nicht mehr. Nun bist du ja da.","이제 아니지. 네가 왔으니까.","","False","DIA_Grimbald_HALLO_07_02","",""
"Scripts/Content/Story/Dialoge/DIA_BAU_982_Grimbald.d:60","Ich hab was zu erledigen.","볼일이 좀 있어요.","","False","DIA_Grimbald_HALLO_Info.DIA_Grimbald_HALLO.DIA_Grimbald_HALLO_nein","Info_AddChoice",""
"Scripts/Content/Story/Dialoge/DIA_BAU_982_Grimbald.d:61","Was hast du vor?","무슨 계획이라도 있어요?","","False","DIA_Grimbald_HALLO_Info.DIA_Grimbald_HALLO.DIA_Grimbald_HALLO_Was","Info_AddChoice",""
"Scripts/Content/Story/Dialoge/DIA_BAU_982_Grimbald.d:62","Warum ich?","왜 하필 나죠?","","False","DIA_Grimbald_HALLO_Info.DIA_Grimbald_HALLO.DIA_Grimbald_HALLO_ich","Info_AddChoice",""
"Scripts/Content/Story/Dialoge/DIA_BAU_982_Grimbald.d:68","Warum ich?","왜 하필 나죠?","","False","DIA_Grimbald_HALLO_ich_15_00","",""
"Scripts/Content/Story/Dialoge/DIA_BAU_982_Grimbald.d:69","Du siehst kräftig aus. So einen Kerl kann ich jetzt gebrauchen.","네가 튼튼해 보여서 말이지. 지금 나한테는 그런 녀석이 필요하거든.","","False","DIA_Grimbald_HALLO_ich_07_01","",""
"Scripts/Content/Story/Dialoge/DIA_BAU_982_Grimbald.d:74","Was hast du vor?","무슨 계획이라도 있어요?","","False","DIA_Grimbald_HALLO_Was_15_00","",""
"Scripts/Content/Story/Dialoge/DIA_BAU_982_Grimbald.d:75","Ich will die Snapper da oben jagen, aber ich glaube, es sind zu viele für mich allein.","저 위에 있는 스내퍼들을 사냥하고 싶은데, 혼자 상대하기엔 너무 많은 것 같아서 말이야.","","False","DIA_Grimbald_HALLO_Was_07_01","",""
"Scripts/Content/Story/Dialoge/DIA_BAU_982_Grimbald.d:77","Da mach´ ich nicht mit.","난 사양하겠어요.","","False","DIA_Grimbald_HALLO_Was.DIA_Grimbald_HALLO.DIA_Grimbald_HALLO_Was_neinnein","Info_AddChoice",""
"Scripts/Content/Story/Dialoge/DIA_BAU_982_Grimbald.d:78","Ok. Ich helfe dir. Geh vor.","좋아요. 도와줄게요. 앞장서세요.","","False","DIA_Grimbald_HALLO_Was.DIA_Grimbald_HALLO.DIA_Grimbald_HALLO_Was_ja","Info_AddChoice",""
"Scripts/Content/Story/Dialoge/DIA_BAU_982_Grimbald.d:83","Da mach ich nicht mit.","난 사양하겠어요.","","False","DIA_Grimbald_HALLO_Was_neinnein_15_00","",""
"Scripts/Content/Story/Dialoge/DIA_BAU_982_Grimbald.d:84","Dann verzieh dich, du Feigling.","그럼 꺼져라, 겁쟁이 자식.","","False","DIA_Grimbald_HALLO_Was_neinnein_07_01","",""
"Scripts/Content/Story/Dialoge/DIA_BAU_982_Grimbald.d:91","Ok. Ich helfe dir. Geh vor.","좋아요. 도와줄게요. 앞장서세요.","","False","DIA_Grimbald_HALLO_Was_ja_15_00","",""
"Scripts/Content/Story/Dialoge/DIA_BAU_982_Grimbald.d:92","Alles klar. Komm aber dem schwarzen Troll dahinten nicht zu nahe. Der reißt dich sonst in Stücke, klar?","좋아. 하지만 저 뒤쪽에 있는 블랙 트롤한테는 너무 가까이 가지 마라. 잘못하다가는 갈빗대가 으스러질 테니까, 알겠나?","","False","DIA_Grimbald_HALLO_Was_ja_07_01","",""
"Scripts/Content/Story/Dialoge/DIA_BAU_982_Grimbald.d:93","Und wehe du kneifst.","그리고 꽁지 빠지게 도망칠 생각은 마라.","","False","DIA_Grimbald_HALLO_Was_ja_07_02","",""
"Scripts/Content/Story/Dialoge/DIA_BAU_982_Grimbald.d:100","Ich hab was zu erledigen.","볼일이 좀 있어요.","","False","DIA_Grimbald_HALLO_nein_15_00","",""
"Scripts/Content/Story/Dialoge/DIA_BAU_982_Grimbald.d:101","Erzähl nicht so einen Unsinn. Was kannst du hier in der Wildnis schon wichtiges vor haben?","헛소리 집어치워. 이런 황무지에서 네가 중요하게 할 일이 뭐가 있다고 그래?","","False","DIA_Grimbald_HALLO_nein_07_01","",""
"Scripts/Content/Story/Dialoge/DIA_BAU_982_Grimbald.d:114","Kannst du mir das Jagen beibringen?","사냥하는 법을 가르쳐 줄 수 있나요?","","False","DIA_Grimbald_Jagd.description","",""
"Scripts/Content/Story/Dialoge/DIA_BAU_982_Grimbald.d:128","Kannst du mir das Jagen beibringen?","사냥하는 법을 가르쳐 줄 수 있나요?","","False","DIA_Grimbald_Jagd_15_00","",""
"Scripts/Content/Story/Dialoge/DIA_BAU_982_Grimbald.d:134","Mmh. Na gut. Du warst mir zwar bisher keine große Hilfe, aber ich will mal nicht so sein.","으음. 알았어. 비록 지금까지 별 도움이 되진 않았지만, 나도 마음 좁게 굴진 않겠어.","","False","DIA_Grimbald_Jagd_07_01","",""
"Scripts/Content/Story/Dialoge/DIA_BAU_982_Grimbald.d:139","Klar. Aber das kostet 'ne Kleinigkeit.","물론이지. 하지만 약간의 비용이 든다.","","False","DIA_Grimbald_Jagd_07_02","",""
"Scripts/Content/Story/Dialoge/DIA_BAU_982_Grimbald.d:143","Ich denke darüber nach.","생각해 볼게요.","","False","DIA_Grimbald_Jagd_Info.DIA_Grimbald_Jagd.DIA_Grimbald_Jagd_zuviel","Info_AddChoice",""
"Scripts/Content/Story/Dialoge/DIA_BAU_982_Grimbald.d:144","In Ordnung.","좋아요.","","False","DIA_Grimbald_Jagd_Info.DIA_Grimbald_Jagd.DIA_Grimbald_Jagd_ja","Info_AddChoice",""
"Scripts/Content/Story/Dialoge/DIA_BAU_982_Grimbald.d:150","In Ordnung. Hier ist dein Geld.","좋습니다. 여기 돈이 있어요.","","False","DIA_Grimbald_Jagd_ja_15_00","",""
"Scripts/Content/Story/Dialoge/DIA_BAU_982_Grimbald.d:154","Gut. Dann sag mir Bescheid, wenn du was lernen willst.","좋아. 그럼 뭔가를 배우고 싶을 때 내게 말해라.","","False","DIA_Grimbald_Jagd_ja_07_01","",""
"Scripts/Content/Story/Dialoge/DIA_BAU_982_Grimbald.d:159","Bring mir das Geld und du kannst was lernen.","돈을 가져오면 무언가를 배울 수 있을 것이다.","","False","DIA_Grimbald_Jagd_ja_07_02","",""
"Scripts/Content/Story/Dialoge/DIA_BAU_982_Grimbald.d:167","Ich denke darüber nach.","생각해 볼게요.","","False","DIA_Grimbald_Jagd_zuviel_15_00","",""
"Scripts/Content/Story/Dialoge/DIA_BAU_982_Grimbald.d:168","Wie du meinst.","네 마음대로 해.","","False","DIA_Grimbald_Jagd_zuviel_07_01","",""
"Scripts/Content/Story/Dialoge/DIA_BAU_982_Grimbald.d:182","Bring mir das Jagen bei.","사냥하는 법을 가르쳐 주세요.","","False","DIA_Grimbald_TEACHHUNTING.description","",""
"Scripts/Content/Story/Dialoge/DIA_BAU_982_Grimbald.d:196","Bring mir das Jagen bei.","사냥하는 법을 가르쳐 주세요.","","False","DIA_Grimbald_TEACHHUNTING_15_00","",""
"Scripts/Content/Story/Dialoge/DIA_BAU_982_Grimbald.d:211","Was genau willst du wissen?","정확히 무엇을 알고 싶나?","","False","DIA_Grimbald_TEACHHUNTING_07_01","",""
"Scripts/Content/Story/Dialoge/DIA_BAU_982_Grimbald.d:242","Du kannst schon alles, was ich dir beibringen könnte.","너는 이미 내가 가르쳐 줄 수 있는 모든 것을 알고 있군.","","False","DIA_Grimbald_TEACHHUNTING_07_02","",""
"Scripts/Content/Story/Dialoge/DIA_BAU_982_Grimbald.d:255","Den Stachel der Blutfliege zu entfernen ist eigentlich kein Problem. Man muss nur den Ansatz finden und mit dem Messer fest zustoßen.","흡혈파리의 침을 뽑는 건 사실 별로 어렵지 않아. 그냥 밑동을 찾아서 칼로 콱 찌르면 되거든.","","False","DIA_Grimbald_TEACHHUNTING_BFSting_07_00","",""
"Scripts/Content/Story/Dialoge/DIA_BAU_982_Grimbald.d:265","Die Flügel der Blutfliege reißt man einfach aus dem Körper der Fliege oder löst sie mit einem scharfen Messer ab.","흡혈파리의 날개는 그냥 몸에서 뜯어내거나 날카로운 칼로 잘라내면 된다.","","False","DIA_Grimbald_TEACHHUNTING_BFWing_07_00","",""
"Scripts/Content/Story/Dialoge/DIA_BAU_982_Grimbald.d:275","Klauen entfernt man unterschiedlich. Bei einigen Tieren mit einem starken Hieb und bei einigen genügt ein einfaches Abschneiden mit dem Messer.","발톱을 채취하는 방법은 다양하다. 어떤 동물은 강한 일격으로 떼어내고, 또 어떤 동물은 칼로 간단히 잘라내기만 해도 충분하다.","","False","DIA_Grimbald_TEACHHUNTING_Claws_07_00","",""
"Scripts/Content/Story/Dialoge/DIA_BAU_982_Grimbald.d:285","Minecrawler und Feldräuber haben starke Zangen, die man mit einem festen Ruck vom Kopf der Tiere lösen kann.","마인크롤러와 필드 레이더는 강한 집게를 가지고 있는데, 세게 잡아당기면 동물의 머리에서 떼어낼 수 있다.","","False","DIA_Grimbald_TEACHHUNTING_Mandibles_07_00","",""
"Scripts/Content/Story/Dialoge/DIA_BAU_982_Grimbald.d:295","Minecrawlerplatten sitzen den Biestern ziemlich fest auf dem Körper, aber mit einem scharfen stabilen Gegenstand bekommt man sie ab.","마인크롤러의 껍질은 짐승들의 몸에 꽤 단단히 붙어 있지만, 날카롭고 튼튼한 도구를 쓰면 떼어낼 수 있다.","","False","DIA_Grimbald_TEACHHUNTING_CrawlerPlate_07_00","",""
"Scripts/Content/Story/Dialoge/DIA_BAU_982_Grimbald.d:310","Hast du einen Novizen hier vorbeikommen sehen?","여기 지나가는 견습생을 본 적 있나요?","","False","DIA_Grimbald_NovChase.description","",""
"Scripts/Content/Story/Dialoge/DIA_BAU_982_Grimbald.d:323","Hast du einen Novizen hier vorbeikommen sehen?","여기 지나가는 견습생을 본 적 있나요?","","False","DIA_Grimbald_NovChase_15_00","",""
"Scripts/Content/Story/Dialoge/DIA_BAU_982_Grimbald.d:324","Hier sind eine Menge merkwürdiger Gestalten vorbeigekommen heute. So auch die beiden Geigen da oben bei dem Felsbogen.","오늘은 이상한 작자들이 많이 지나갔지. 저기 저 바위 아치에 있는 두 녀석 말이야.","","False","DIA_Grimbald_NovChase_07_01","",""
"Scripts/Content/Story/Dialoge/DIA_BAU_982_Grimbald.d:325","Vorhin war auch noch ein Novize der Feuermagier bei ihnen.","아까는 불의 마법사의 견습생도 그들과 함께 있었어.","","False","DIA_Grimbald_NovChase_07_02","",""
"Scripts/Content/Story/Dialoge/DIA_BAU_982_Grimbald.d:351","Der schwarze Troll ist tot. Alle Achtung. Hätte nicht gedacht, dass man die überhaupt töten kann. Das werde ich mir merken.","블랙 트롤이 죽었다니. 대단한걸. 그 녀석들을 죽일 수 있을 거라고는 생각 못 했는데. 기억해 두겠어.","","False","DIA_Grimbald_Trolltot_07_00","",""
"Scripts/Content/Story/Dialoge/DIA_BAU_983_Dragomir.d:46","Soweit von zu Hause noch unterwegs?","집에서 아주 멀리까지 돌아다니는군그래?","","False","DIA_Dragomir_Hello_12_00","",""
"Scripts/Content/Story/Dialoge/DIA_BAU_983_Dragomir.d:47","Hier draußen musst du vorsichtig sein, besonders, wenn du alleine unterwegs bist.","이 바깥에서는 조심해야 해. 특히 혼자 돌아다닐 때는 말이야.","","False","DIA_Dragomir_Hello_12_01","",""
"Scripts/Content/Story/Dialoge/DIA_BAU_983_Dragomir.d:59","Was machst du denn hier draußen?","여기서 뭐 하고 있는 거지?","","False","DIA_Dragomir_OutHere.description","",""
"Scripts/Content/Story/Dialoge/DIA_BAU_983_Dragomir.d:69","Was machst du denn hier draußen?","여기서 뭐 하고 있는 거지?","","False","DIA_Dragomir_OutHere_15_00","",""
"Scripts/Content/Story/Dialoge/DIA_BAU_983_Dragomir.d:70","Na ja, die Taverne ist mir zu teuer, deshalb habe ich mich hier niedergelassen.","글쎄, 선술집은 너무 비싸서 여기에 자리를 잡았지.","","False","DIA_Dragomir_OutHere_12_01","",""
"Scripts/Content/Story/Dialoge/DIA_BAU_983_Dragomir.d:71","Die vorherigen Bewohner brauchen es anscheinend nicht mehr.","이곳의 이전 거주자들은 더 이상 필요 없는 모양이야.","","False","DIA_Dragomir_OutHere_12_02","",""
"Scripts/Content/Story/Dialoge/DIA_BAU_983_Dragomir.d:83","Wer waren die Bewohner dieses Lagers?","이 야영지에 살던 사람들은 누구였나?","","False","DIA_Dragomir_Settlers.description","",""
"Scripts/Content/Story/Dialoge/DIA_BAU_983_Dragomir.d:96","Wer waren die Bewohner dieses Lagers?","이 야영지에 살던 사람들은 누구였나?","","False","DIA_Dragomir_Settlers_15_00","",""
"Scripts/Content/Story/Dialoge/DIA_BAU_983_Dragomir.d:97","Keine Ahnung, wahrscheinlich irgendwelche Jäger. Vermutlich ist es ihnen hier draußen zu gefährlich geworden.","몰라, 아마 사냥꾼들이었겠지. 이 바깥은 그들에게 너무 위험해졌나 보지.","","False","DIA_Dragomir_Settlers_12_01","",""
"Scripts/Content/Story/Dialoge/DIA_BAU_983_Dragomir.d:109","Ist es hier draußen nicht zu gefährlich?","여기 밖은 너무 위험하지 않나?","","False","DIA_Dragomir_Dangerous.description","",""
"Scripts/Content/Story/Dialoge/DIA_BAU_983_Dragomir.d:122","Ist es hier draußen nicht zu gefährlich?","여기 밖은 너무 위험하지 않나?","","False","DIA_Dragomir_Dangerous_15_00","",""
"Scripts/Content/Story/Dialoge/DIA_BAU_983_Dragomir.d:123","Na ja, nicht wenn man sich verteidigen kann. Meine Armbrust hat mir schon so manchen guten Dienst erwiesen.","글쎄, 스스로를 방어할 수 있다면 아니지. 내 석궁은 그동안 꽤 여러 번 쓸모가 있었거든.","","False","DIA_Dragomir_Dangerous_12_01","",""
"Scripts/Content/Story/Dialoge/DIA_BAU_983_Dragomir.d:124","Besonders groß ist sie ja nicht.","그렇게 크지는 않은데.","","False","DIA_Dragomir_Dangerous_15_02","",""
"Scripts/Content/Story/Dialoge/DIA_BAU_983_Dragomir.d:125","Aber tödlich, wenn man weiß, wie man mit ihr umgehen muss. Ich hatte schon mal eine Größere. Die ist mir leider abhanden gekommen.","하지만 다루는 법만 알면 치명적이지. 예전엔 더 큰 것도 있었어. 안타깝게도 잃어버렸지만.","","False","DIA_Dragomir_Dangerous_12_03","",""
"Scripts/Content/Story/Dialoge/DIA_BAU_983_Dragomir.d:126","Ich hatte mich zu weit nach Norden in die Berge vorgewagt. Es gibt dort einen großen Steinkreis mit einem Opferaltar.","너무 북쪽 산속 깊이 들어갔던 모양이야. 희생 제단이 있는 커다란 원형 돌무더기가 있거든.","","False","DIA_Dragomir_Dangerous_12_04","",""
"Scripts/Content/Story/Dialoge/DIA_BAU_983_Dragomir.d:127","Als ich dort oben Scavenger jagte, kamen diese ekelhaften untoten Wesen aus dem Wald und griffen mich an.","거기서 스캐빈저를 사냥하고 있었는데, 숲에서 그 끔찍한 언데드 괴물들이 튀어나와서 날 공격했지.","","False","DIA_Dragomir_Dangerous_12_05","",""
"Scripts/Content/Story/Dialoge/DIA_BAU_983_Dragomir.d:128","Alles, was ich noch tun konnte, war, um mein Leben zu rennen.","내가 할 수 있는 건 목숨을 걸고 도망치는 것뿐이었어.","","False","DIA_Dragomir_Dangerous_12_06","",""
"Scripts/Content/Story/Dialoge/DIA_BAU_983_Dragomir.d:129","Dabei ist mir meine Armbrust aus der Hand geglitten. Ich wette, sie liegt noch heute da oben bei dem seltsamen Steinkreis im Norden.","도망치는 동안 손에서 석궁이 미끄러져 버렸지. 북쪽에 있는 그 이상한 원형 돌무더기 근처에 아직도 떨어져 있을 거야.","","False","DIA_Dragomir_Dangerous_12_07","",""
"Scripts/Content/Story/Dialoge/DIA_BAU_983_Dragomir.d:147","Hier. Ich habe deine Armbrust gefunden.","여기. 네 석궁을 찾았어.","","False","DIA_Dragomir_Armbrust.description","",""
"Scripts/Content/Story/Dialoge/DIA_BAU_983_Dragomir.d:161","Hier. Ich habe deine Armbrust gefunden.","여기. 네 석궁을 찾았어.","","False","DIA_Dragomir_Armbrust_15_00","",""
"Scripts/Content/Story/Dialoge/DIA_BAU_983_Dragomir.d:163","Das ist tatsächlich meine. Sag nicht, du bist oben bei dem Steinkreis gewesen.","정말 내 거잖아. 설마 원형 돌무더기 쪽까지 갔던 건 아니겠지?","","False","DIA_Dragomir_Armbrust_12_01","",""
"Scripts/Content/Story/Dialoge/DIA_BAU_983_Dragomir.d:164","Und ob!","물론이지!","","False","DIA_Dragomir_Armbrust_15_02","",""
"Scripts/Content/Story/Dialoge/DIA_BAU_983_Dragomir.d:165","Ganz schön leichtsinnig. Wie auch immer, ich danke dir.","정말 무모하군. 어쨌든 고마워.","","False","DIA_Dragomir_Armbrust_12_03","",""
"Scripts/Content/Story/Dialoge/DIA_BAU_983_Dragomir.d:166","Ich werde dir diese Tat natürlich belohnen. Ich hoffe, das ist genug.","이 일에 대해선 당연히 보답을 해야겠지. 이 정도면 충분할 거야.","","False","DIA_Dragomir_Armbrust_12_04","",""
"Scripts/Content/Story/Dialoge/DIA_BAU_983_Dragomir.d:189","Kannst du mir was beibringen?","나한테 뭘 좀 가르쳐 줄 수 있나?","","False","DIA_Dragomir_Learn.description","",""
"Scripts/Content/Story/Dialoge/DIA_BAU_983_Dragomir.d:203","Kannst du mir was beibringen?","나한테 뭘 좀 가르쳐 줄 수 있나?","","False","DIA_Dragomir_Learn_15_00","",""
"Scripts/Content/Story/Dialoge/DIA_BAU_983_Dragomir.d:207","Bevor ich dir was beibringe, musst du erstmal geschickter werden.","네가 뭔가를 배우기 전에, 우선 더 민첩해져야 한다.","","False","DIA_Dragomir_Learn_12_01","",""
"Scripts/Content/Story/Dialoge/DIA_BAU_983_Dragomir.d:211","Wenn du zahlen kannst. Wie gesagt, ich bin zurzeit etwas mittellos.","네가 지불할 수만 있다면야. 말했듯이, 난 지금 약간 무일푼이거든.","","False","DIA_Dragomir_Learn_12_02","",""
"Scripts/Content/Story/Dialoge/DIA_BAU_983_Dragomir.d:212","Wie viel verlangst du?","얼마를 원하나?","","False","DIA_Dragomir_Learn_15_03","",""
"Scripts/Content/Story/Dialoge/DIA_BAU_983_Dragomir.d:216","Später vielleicht.","나중에 하지.","","False","DIA_Dragomir_Learn_Info.DIA_Dragomir_Learn.DIA_Dragomir_Learn_Later","Info_AddChoice",""
"Scripts/Content/Story/Dialoge/DIA_BAU_983_Dragomir.d:219","Hier hast du dein Gold.","여기 네 금이다.","","False","DIA_Dragomir_Learn_Info.DIA_Dragomir_Learn.DIA_Dragomir_Learn_Here","Info_AddChoice",""
"Scripts/Content/Story/Dialoge/DIA_BAU_983_Dragomir.d:226","Vielleicht später.","나중에 하지.","","False","DIA_Dragomir_Learn_Later_15_00","",""
"Scripts/Content/Story/Dialoge/DIA_BAU_983_Dragomir.d:232","Hier hast du dein Gold.","여기 네 금이다.","","False","DIA_Dragomir_Learn_Here_15_00","",""
"Scripts/Content/Story/Dialoge/DIA_BAU_983_Dragomir.d:234","Gut, von mir aus können wir sofort anfangen.","좋아, 난 언제든 바로 시작해도 상관없어.","","False","DIA_Dragomir_Learn_Here_12_01","",""
"Scripts/Content/Story/Dialoge/DIA_BAU_983_Dragomir.d:254","Bring mir was bei.","내게 뭔가 가르쳐다오.","","False","DIA_Dragomir_Teach.description","",""
"Scripts/Content/Story/Dialoge/DIA_BAU_983_Dragomir.d:268","Bring mir was bei.","내게 뭔가 가르쳐다오.","","False","DIA_Dragomir_Teach_15_00","",""
"Scripts/Content/Story/Dialoge/DIA_BAU_983_Dragomir.d:280","Ich kann dir nichts mehr beibringen. Es ist an der Zeit, dass du einen anderen Lehrer aufsuchst.","넌 내게 더 배울 게 없다. 이제 다른 스승을 찾아갈 때가 되었어.","","False","DIA_Dragomir_Teach_12_00","",""
"Scripts/Content/Story/Dialoge/DIA_BAU_984_Niclas.d:43","Bist du auch abgehauen?","너도 도망쳐 나온 건가?","","False","DIA_Niclas_Hello_03_00","",""
"Scripts/Content/Story/Dialoge/DIA_BAU_984_Niclas.d:44","Wie kommst du darauf?","무슨 소리야?","","False","DIA_Niclas_Hello_15_01","",""
"Scripts/Content/Story/Dialoge/DIA_BAU_984_Niclas.d:45","Wieso solltest du mutterseelenallein hierher kommen? Hier ist NICHTS.","그러지 않고서야 왜 홀로 이런 곳에 오겠어? 여긴 아무것도 없다고.","","False","DIA_Niclas_Hello_03_02","",""
"Scripts/Content/Story/Dialoge/DIA_BAU_984_Niclas.d:57","Ich wollte mich nur mal umsehen.","그냥 둘러보려고 왔어.","","False","DIA_Niclas_HaveALook.description","",""
"Scripts/Content/Story/Dialoge/DIA_BAU_984_Niclas.d:67","Ich wollte mich nur mal umsehen.","그냥 둘러보려고 왔어.","","False","DIA_Niclas_HaveALook_15_00","",""
"Scripts/Content/Story/Dialoge/DIA_BAU_984_Niclas.d:68","Ok, tu dir keinen Zwang an. Willst du ein Stück Fleisch?","그래, 마음대로 해. 고기 조각 좀 먹을래?","","False","DIA_Niclas_HaveALook_03_01","",""
"Scripts/Content/Story/Dialoge/DIA_BAU_984_Niclas.d:73","Nein, danke.","아니, 사양하겠어.","","False","DIA_Niclas_HaveALook_Info.DIA_Niclas_HaveALook.DIA_Niclas_HaveALook_No","Info_AddChoice",""
"Scripts/Content/Story/Dialoge/DIA_BAU_984_Niclas.d:74","Ja, gerne.","그래, 좋아.","","False","DIA_Niclas_HaveALook_Info.DIA_Niclas_HaveALook.DIA_Niclas_HaveALook_Yes","Info_AddChoice",""
"Scripts/Content/Story/Dialoge/DIA_BAU_984_Niclas.d:79","Nein, danke.","아니, 사양하겠어.","","False","DIA_Niclas_HaveALook_No_15_00","",""
"Scripts/Content/Story/Dialoge/DIA_BAU_984_Niclas.d:80","Wie du willst. Ich hoffe, es stört dich nicht, wenn ich was esse.","마음대로 해. 내가 좀 먹는 게 방해가 되진 않기를 바라네.","","False","DIA_Niclas_HaveALook_No_03_01","",""
"Scripts/Content/Story/Dialoge/DIA_BAU_984_Niclas.d:89","Ja, gerne.","그래, 좋아.","","False","DIA_Niclas_HaveALook_Yes_15_00","",""
"Scripts/Content/Story/Dialoge/DIA_BAU_984_Niclas.d:90","Hier, beste Moleratkeule. Nach meinem Rezept.","자, 최고급 두더지쥐 다리 구이야. 내 레시피대로 만들었지.","","False","DIA_Niclas_HaveALook_Yes_03_01","",""
"Scripts/Content/Story/Dialoge/DIA_BAU_984_Niclas.d:106","Wieso bist du denn hier?","그런데 왜 여기에 있는 거지?","","False","DIA_Niclas_WhyHere.description","",""
"Scripts/Content/Story/Dialoge/DIA_BAU_984_Niclas.d:116","Wieso bist du denn hier?","그런데 왜 여기에 있는 거지?","","False","DIA_Niclas_WhyHere_15_00","",""
"Scripts/Content/Story/Dialoge/DIA_BAU_984_Niclas.d:117","Hier oben habe ich meine Ruhe. In der Stadt fühle ich mich immer so eingeengt.","여기 위는 조용하거든. 도시에서는 늘 답답함을 느꼈어.","","False","DIA_Niclas_WhyHere_03_01","",""
"Scripts/Content/Story/Dialoge/DIA_BAU_984_Niclas.d:129","Musst du nicht arbeiten?","일할 필요는 없나?","","False","DIA_Niclas_ShouldntWork.description","",""
"Scripts/Content/Story/Dialoge/DIA_BAU_984_Niclas.d:142","Musst du nicht arbeiten?","일할 필요는 없나?","","False","DIA_Niclas_ShouldntWork_15_00","",""
"Scripts/Content/Story/Dialoge/DIA_BAU_984_Niclas.d:143","Alles was ich brauche, organisiere ich mir selbst. Pfeile schnitze ich mir und Fleisch liefert mir die Natur.","필요한 건 모두 내 힘으로 구하지. 화살은 직접 깎고, 고기는 자연이 가져다주니까.","","False","DIA_Niclas_ShouldntWork_03_01","",""
"Scripts/Content/Story/Dialoge/DIA_BAU_984_Niclas.d:144","Du bist also Jäger.","그럼 사냥꾼이로군.","","False","DIA_Niclas_ShouldntWork_15_02","",""
"Scripts/Content/Story/Dialoge/DIA_BAU_984_Niclas.d:145","Wenn du so willst, ja. Allerdings jage ich nur, was ich brauche, nicht, um Gold zu verdienen.","그렇게 말하고 싶다면야, 그렇지. 하지만 난 필요한 만큼만 사냥할 뿐이야, 금을 벌려고 하는 게 아니라.","","False","DIA_Niclas_ShouldntWork_03_03","",""
"Scripts/Content/Story/Dialoge/DIA_BAU_984_Niclas.d:157","Dann kannst du mir bestimmt was beibringen.","그렇다면 내게 뭔가 가르쳐 줄 수 있겠군.","","False","DIA_Niclas_CanTeachMe.description","",""
"Scripts/Content/Story/Dialoge/DIA_BAU_984_Niclas.d:170","Dann kannst du mir bestimmt was beibringen.","그렇다면 내게 뭔가 가르쳐 줄 수 있겠군.","","False","DIA_Niclas_CanTeachMe_15_00","",""
"Scripts/Content/Story/Dialoge/DIA_BAU_984_Niclas.d:171","Warum nicht. Ich könnte dir zeigen, wie man mit dem Bogen schießt.","못 할 것도 없지. 활 쏘는 법을 가르쳐 줄 수는 있어.","","False","DIA_Niclas_CanTeachMe_03_01","",""
"Scripts/Content/Story/Dialoge/DIA_BAU_984_Niclas.d:187","Zeig mir den Umgang mit dem Bogen.","활 다루는 법을 가르쳐다오.","","False","DIA_Niclas_Teach.description","",""
"Scripts/Content/Story/Dialoge/DIA_BAU_984_Niclas.d:200","Zeig mir den Umgang mit dem Bogen.","활 다루는 법을 가르쳐다오.","","False","DIA_Niclas_Teach_15_00","",""
"Scripts/Content/Story/Dialoge/DIA_BAU_984_Niclas.d:204","Ich hab dir alles beigebracht, was ich kann. Du musst dir einen anderen Lehrer suchen.","내가 아는 건 전부 가르쳐 주었다. 다른 스승을 찾아봐야 할 거야.","","False","DIA_Niclas_Teach_03_01","",""
"Scripts/Content/Story/Dialoge/DIA_BAU_984_Niclas.d:219","Mehr Tricks kann ich dir nicht beibringen.","네게 가르쳐 줄 수 있는 기술은 이제 더 없다.","","False","DIA_Niclas_Teach_03_00","",""
