"location","source","target","id","fuzzy","context","translator_comments","developer_comments"
"Scripts/Content/Story/Dialoge/DIA_Addon_KDW_14000_Saturas_ADW.d:22","Adanos möge dich schützen.","아다노스께서 그대와 함께하시기를.","","False","DIA_Addon_Saturas_ADW_EXIT_14_00","",""
"Scripts/Content/Story/Dialoge/DIA_Addon_KDW_14000_Saturas_ADW.d:99","Adanos sei Dank. Da bist du ja endlich. Wir dachten schon, du tauchst gar nicht mehr auf.","아다노스 감사합니다. 드디어 오셨군요. 이러다 아예 안 나타나시는 줄 알았습니다.","","False","DIA_Addon_Saturas_ADWStart_14_00","",""
"Scripts/Content/Story/Dialoge/DIA_Addon_KDW_14000_Saturas_ADW.d:100","(irritiert) Was? Wieso seid ihr schon HIER?","(당황하며) 뭐? 어째서 너희가 벌써 여기에 있는 거지?","","False","DIA_Addon_Saturas_ADWStart_15_01","",""
"Scripts/Content/Story/Dialoge/DIA_Addon_KDW_14000_Saturas_ADW.d:101","Du bist durch das Portal gegangen und wir folgten dir. Es dauerte nicht lang, da sind wir hier angekommen.","네가 차원문을 통과한 뒤 우리도 그 뒤를 따랐다. 얼마 지나지 않아 이곳에 도착할 수 있었지.","","False","DIA_Addon_Saturas_ADWStart_14_02","",""
"Scripts/Content/Story/Dialoge/DIA_Addon_KDW_14000_Saturas_ADW.d:102","Doch du warst nicht da. Wir sind schon einige Tage hier.","하지만 넌 없더군. 우린 벌써 며칠 동안 여기에 있었다.","","False","DIA_Addon_Saturas_ADWStart_14_03","",""
"Scripts/Content/Story/Dialoge/DIA_Addon_KDW_14000_Saturas_ADW.d:103","(überrascht) EINIGE TAGE? Wie kann das sein?","(놀라며) 며칠 동안이라고? 어떻게 그럴 수가 있지?","","False","DIA_Addon_Saturas_ADWStart_15_04","",""
"Scripts/Content/Story/Dialoge/DIA_Addon_KDW_14000_Saturas_ADW.d:104","Nachdem wir dich hier nirgendwo finden konnten, hat Nefarius versucht zu ergründen, was schief gelaufen sein könnte. Er wirkte bisher ziemlich ratlos.","네가 어디에서도 보이지 않자, 네파리우스가 무엇이 잘못되었는지 알아내려 애썼다. 그 녀석은 지금까지도 꽤나 난감해하고 있지.","","False","DIA_Addon_Saturas_ADWStart_14_05","",""
"Scripts/Content/Story/Dialoge/DIA_Addon_KDW_14000_Saturas_ADW.d:105","Naja. Du bist ja jetzt hier und kannst mit deiner Arbeit beginnen.","뭐. 이제 네가 여기에 왔으니 일을 시작할 수 있겠군.","","False","DIA_Addon_Saturas_ADWStart_14_06","",""
"Scripts/Content/Story/Dialoge/DIA_Addon_KDW_14000_Saturas_ADW.d:111","Was ist in der Zwischenzeit passiert?","그동안 무슨 일이 있었나?","","False","DIA_Addon_Saturas_ADWStart_Info.DIA_Addon_Saturas_ADWStart.DIA_Addon_Saturas_ADWStart_was","Info_AddChoice",""
"Scripts/Content/Story/Dialoge/DIA_Addon_KDW_14000_Saturas_ADW.d:116","Was ist in der Zwischenzeit passiert?","그동안 무슨 일이 있었나?","","False","DIA_Addon_Saturas_ADWStart_was_15_00","",""
"Scripts/Content/Story/Dialoge/DIA_Addon_KDW_14000_Saturas_ADW.d:117","Wir haben eine Menge neuer Erkenntnisse gesammelt.","우린 새로운 사실들을 많이 알아냈다.","","False","DIA_Addon_Saturas_ADWStart_was_14_01","",""
"Scripts/Content/Story/Dialoge/DIA_Addon_KDW_14000_Saturas_ADW.d:118","Die Erdbeben scheinen hier tatsächlich STÄRKER zu werden. Wir sind nicht mehr weit von ihrem Zentrum entfernt.","여기서는 지진이 정말로 더 심해지고 있는 것 같다. 이제 진원지에서 그리 멀지 않은 곳에 와 있는 셈이지.","","False","DIA_Addon_Saturas_ADWStart_was_14_02","",""
"Scripts/Content/Story/Dialoge/DIA_Addon_KDW_14000_Saturas_ADW.d:119","Die Erbauer dieser alten Bauwerke hatten damals hier eine Stadt errichtet, so viel können wir schon mal sagen.","이 고대 건축물의 건설자들은 예전에 이곳에 도시를 세웠다. 그 정도는 확실히 알 수 있지.","","False","DIA_Addon_Saturas_ADWStart_was_14_03","",""
"Scripts/Content/Story/Dialoge/DIA_Addon_KDW_14000_Saturas_ADW.d:120","Doch aus irgendeinem Grund ist ihre Kultur untergegangen.","하지만 모종의 이유로 그들의 문명은 멸망하고 말았다.","","False","DIA_Addon_Saturas_ADWStart_was_14_04","",""
"Scripts/Content/Story/Dialoge/DIA_Addon_KDW_14000_Saturas_ADW.d:121","Bisher können wir allerdings nur Vermutungen anstellen, warum.","다만 지금까지는 왜 그런 일이 일어났는지 추측만 해볼 수 있을 뿐이다.","","False","DIA_Addon_Saturas_ADWStart_was_14_05","",""
"Scripts/Content/Story/Dialoge/DIA_Addon_KDW_14000_Saturas_ADW.d:123","Habt ihr schon eine Spur der vermissten Leute ausgemacht?","실종된 사람들의 단서는 좀 찾았나?","","False","DIA_Addon_Saturas_ADWStart_was.DIA_Addon_Saturas_ADWStart.DIA_Addon_Saturas_ADWStart_missingPeople","Info_AddChoice",""
"Scripts/Content/Story/Dialoge/DIA_Addon_KDW_14000_Saturas_ADW.d:124","Was ist mit Raven?","레이븐은 어떻게 되었나?","","False","DIA_Addon_Saturas_ADWStart_was.DIA_Addon_Saturas_ADWStart.DIA_Addon_Saturas_ADWStart_Raven","Info_AddChoice",""
"Scripts/Content/Story/Dialoge/DIA_Addon_KDW_14000_Saturas_ADW.d:129","Was ist mit Raven?","레이븐은 어떻게 되었나?","","False","DIA_Addon_Saturas_ADWStart_Raven_15_00","",""
"Scripts/Content/Story/Dialoge/DIA_Addon_KDW_14000_Saturas_ADW.d:130","In Ravens Brief war von einem Tempel die Rede, und dass er versucht, hineinzugelangen.","레이븐의 편지에는 어떤 신전에 대한 언급과 함께, 그 안으로 들어가려 애쓰고 있다는 내용이 적혀 있었다.","","False","DIA_Addon_Saturas_ADWStart_Raven_14_01","",""
"Scripts/Content/Story/Dialoge/DIA_Addon_KDW_14000_Saturas_ADW.d:131","Wir sind einstimmig der Meinung, dass es sich dabei um einen Tempel Adanos' handelt, den Raven zu entweihen versucht.","우리는 그것이 레이븐이 더럽히려 하고 있는 아다노스의 신전이라는 데 의견을 모았다.","","False","DIA_Addon_Saturas_ADWStart_Raven_14_02","",""
"Scripts/Content/Story/Dialoge/DIA_Addon_KDW_14000_Saturas_ADW.d:132","Die Erdbeben sind offenkundig das Resultat von unheiligen Beschwörungen, die ständig gegen einen mächtigen Zauber prallen.","지진은 분명히 강력한 결계와 끊임없이 부딪치는 사악한 주문들의 여파다.","","False","DIA_Addon_Saturas_ADWStart_Raven_14_03","",""
"Scripts/Content/Story/Dialoge/DIA_Addon_KDW_14000_Saturas_ADW.d:133","Die Tore des Tempels sind magisch verschlossen und genau dieser Zauber ist es, der die Steinwächter auferstehen lässt.","신전의 문은 마법으로 잠겨 있으며, 돌 수호자들을 깨우는 것도 바로 이 마법 때문이다.","","False","DIA_Addon_Saturas_ADWStart_Raven_14_04","",""
"Scripts/Content/Story/Dialoge/DIA_Addon_KDW_14000_Saturas_ADW.d:134","Der Tempel wehrt sich. Wir müssen Raven aufhalten, bevor er ins Allerheiligste eindringen kann.","신전이 스스로를 방어하고 있는 것이다. 레이븐이 가장 성스러운 곳으로 침입하기 전에 그를 막아야 한다.","","False","DIA_Addon_Saturas_ADWStart_Raven_14_05","",""
"Scripts/Content/Story/Dialoge/DIA_Addon_KDW_14000_Saturas_ADW.d:136","Wie geht's jetzt weiter?","이제 어떻게 해야 하지?","","False","DIA_Addon_Saturas_ADWStart_Raven.DIA_Addon_Saturas_ADWStart.DIA_Addon_Saturas_ADWStart_wastun","Info_AddChoice",""
"Scripts/Content/Story/Dialoge/DIA_Addon_KDW_14000_Saturas_ADW.d:137","Raven ist nur ein ehemaliger Erzbaron, kein Magier.","레이븐은 전직 광산 남작일 뿐, 마법사가 아니잖아.","","False","DIA_Addon_Saturas_ADWStart_Raven.DIA_Addon_Saturas_ADWStart.DIA_Addon_Saturas_ADWStart_RavenOnlyBaron","Info_AddChoice",""
"Scripts/Content/Story/Dialoge/DIA_Addon_KDW_14000_Saturas_ADW.d:138","Was will Raven in dem Tempel?","레이븐이 신전에서 뭘 원하는 거지?","","False","DIA_Addon_Saturas_ADWStart_Raven.DIA_Addon_Saturas_ADWStart.DIA_Addon_Saturas_ADWStart_RavenAim","Info_AddChoice",""
"Scripts/Content/Story/Dialoge/DIA_Addon_KDW_14000_Saturas_ADW.d:143","Was will Raven im Tempel?","레이븐이 신전에서 뭘 원하는 거지?","","False","DIA_Addon_Saturas_ADWStart_RavenAim_15_00","",""
"Scripts/Content/Story/Dialoge/DIA_Addon_KDW_14000_Saturas_ADW.d:146","Wir wissen nur, daß es sich um ein mächtiges Artefakt handelt, daß irgendwie mit Adanos und Beliar in Verbindung steht.","우리가 아는 것은 그것이 아다노스 및 벨리알과 모종의 연관이 있는 강력한 유물이라는 것뿐이다.","","False","DIA_Addon_Bodo_14_01","",""
"Scripts/Content/Story/Dialoge/DIA_Addon_KDW_14000_Saturas_ADW.d:147","(grimmig) Wir können wohl davon ausgehen, daß er damit nichts Gutes im Schilde führt...","(엄숙하게) 그 녀석이 그 유물로 좋은 꿍꿍이를 벌이고 있을 리 없다고 봐야겠지...","","False","DIA_Addon_Bodo_14_02","",""
"Scripts/Content/Story/Dialoge/DIA_Addon_KDW_14000_Saturas_ADW.d:152","Raven ist nur ein ehemaliger Erzbaron, kein Magier. Wie soll ER so eine Beschwörung durchführen?","레이븐은 전직 광산 남작일 뿐, 마법사가 아니야. 그런 녀석이 어떻게 그런 주문을 외울 수 있다는 거지?","","False","DIA_Addon_Saturas_ADWStart_RavenOnlyBaron_15_00","",""
"Scripts/Content/Story/Dialoge/DIA_Addon_KDW_14000_Saturas_ADW.d:153","Vielleicht ist er es nicht selbst. Sondern ein abtrünniger Magier, der in seinem Auftrag handelt.","본인이 직접 하는 게 아닐 수도 있지. 그의 하수인인 타락한 마법사 짓일 수도 있다.","","False","DIA_Addon_Saturas_ADWStart_RavenOnlyBaron_14_01","",""
"Scripts/Content/Story/Dialoge/DIA_Addon_KDW_14000_Saturas_ADW.d:154","So oder so, wir MÜSSEN das Übel abwenden.","어쨌든 간에, 우리는 그 재앙을 막아내야만 한다.","","False","DIA_Addon_Saturas_ADWStart_RavenOnlyBaron_14_02","",""
"Scripts/Content/Story/Dialoge/DIA_Addon_KDW_14000_Saturas_ADW.d:159","Habt ihr schon eine Spur der vermissten Leute ausgemacht?","실종된 사람들의 단서는 좀 찾았나?","","False","DIA_Addon_Saturas_ADWStart_missingPeople_15_00","",""
"Scripts/Content/Story/Dialoge/DIA_Addon_KDW_14000_Saturas_ADW.d:160","Erst gestern haben wir die Leiche eines Fischers gefunden. Sie liegt unten in einer der Ruinen im Osten.","바로 어제 어부의 시체를 발견했다. 동쪽의 폐허 중 한 곳에 누워 있더군.","","False","DIA_Addon_Saturas_ADWStart_missingPeople_14_01","",""
"Scripts/Content/Story/Dialoge/DIA_Addon_KDW_14000_Saturas_ADW.d:161","Sieht ganz so aus, als ob es ein Fischer aus Khorinis gewesen ist. Das solltest du dir ansehen.","코리니스 출신의 어부였던 모양이다. 네가 직접 확인해 보는 것이 좋겠어.","","False","DIA_Addon_Saturas_ADWStart_missingPeople_14_02","",""
"Scripts/Content/Story/Dialoge/DIA_Addon_KDW_14000_Saturas_ADW.d:169","Wie geht's jetzt weiter?","이제 어떻게 해야 하지?","","False","DIA_Addon_Saturas_ADWStart_wastun_15_00","",""
"Scripts/Content/Story/Dialoge/DIA_Addon_KDW_14000_Saturas_ADW.d:170","WIR werden hier bleiben und weiter die alte Kultur studieren.","우리는 여기에 남아서 고대 문명을 계속 연구할 것이다.","","False","DIA_Addon_Saturas_ADWStart_wastun_14_01","",""
"Scripts/Content/Story/Dialoge/DIA_Addon_KDW_14000_Saturas_ADW.d:171","Die alten Schriften der Erbauer bergen noch eine Menge Geheimnisse, die wir lüften müssen - wenn wir verstehen wollen, was damals hier geschehen ist.","건설자들의 오래된 문서에는 우리가 파헤쳐야 할 비밀들이 아직 많이 남아 있다. 당시에 이곳에서 무슨 일이 일어났는지 이해하려면 말이다.","","False","DIA_Addon_Saturas_ADWStart_wastun_14_02","",""
"Scripts/Content/Story/Dialoge/DIA_Addon_KDW_14000_Saturas_ADW.d:172","DU musst in der Zwischenzeit einiges für uns erledigen ...","그동안 너는 우리를 위해 몇 가지 일을 해주어야 하겠다...","","False","DIA_Addon_Saturas_ADWStart_wastun_14_03","",""
"Scripts/Content/Story/Dialoge/DIA_Addon_KDW_14000_Saturas_ADW.d:174","Was soll ich tun?","내가 뭘 해야 하지?","","False","DIA_Addon_Saturas_ADWStart_wastun.DIA_Addon_Saturas_ADWStart.DIA_Addon_Saturas_ADWStart_wastun2","Info_AddChoice",""
"Scripts/Content/Story/Dialoge/DIA_Addon_KDW_14000_Saturas_ADW.d:179","Was soll ich tun?","내가 뭘 해야 하지?","","False","DIA_Addon_Saturas_ADWStart_wastun2_15_00","",""
"Scripts/Content/Story/Dialoge/DIA_Addon_KDW_14000_Saturas_ADW.d:180","Du musst Raven finden und ihn daran hindern, den Tempel Adanos' zu entweihen.","너는 레이븐을 찾아내어 그가 아다노스의 신전을 더럽히지 못하도록 막아야 한다.","","False","DIA_Addon_Saturas_ADWStart_wastun2_14_01","",""
"Scripts/Content/Story/Dialoge/DIA_Addon_KDW_14000_Saturas_ADW.d:181","Du meinst, ich soll ihn TÖTEN.","그러니까 그를 죽이라는 소리군.","","False","DIA_Addon_Saturas_ADWStart_wastun2_15_02","",""
"Scripts/Content/Story/Dialoge/DIA_Addon_KDW_14000_Saturas_ADW.d:182","Wenn das der einzige Weg ist, ihn aufzuhalten, in Adanos' Namen … JA!","그를 막을 유일한 방법이 그것이라면, 아다노스의 이름으로… 그렇다!","","False","DIA_Addon_Saturas_ADWStart_wastun2_14_03","",""
"Scripts/Content/Story/Dialoge/DIA_Addon_KDW_14000_Saturas_ADW.d:183","Sammle auf deinem Weg auch alle alten Reliquien und Niederschriften der Erbauer, die du finden kannst und bringe sie zu uns.","가는 길에 건설자들의 고대 유물과 기록들을 찾을 수 있는 대로 모아서 우리에게 가져오도록 해라.","","False","DIA_Addon_Saturas_ADWStart_wastun2_14_04","",""
"Scripts/Content/Story/Dialoge/DIA_Addon_KDW_14000_Saturas_ADW.d:184","Wir müssen noch mehr wissen über dieses Volk und seinen Untergang.","우리는 이 종족과 그들의 멸망에 대해 더 많이 알아야만 한다.","","False","DIA_Addon_Saturas_ADWStart_wastun2_14_05","",""
"Scripts/Content/Story/Dialoge/DIA_Addon_KDW_14000_Saturas_ADW.d:185","Nur wenn wir Ravens Pläne durchschauen, können wir sie auch durchkreuzen.","레이븐의 계획을 간파해야만 그를 저지할 수 있다.","","False","DIA_Addon_Saturas_ADWStart_wastun2_14_06","",""
"Scripts/Content/Story/Dialoge/DIA_Addon_KDW_14000_Saturas_ADW.d:186","Desweiteren musst du einen Weg finden, die Sklaven zu befreien.","게다가 노예들을 해방시킬 방법을 찾아야 한다.","","False","DIA_Addon_Saturas_ADWStart_wastun2_14_07","",""
"Scripts/Content/Story/Dialoge/DIA_Addon_KDW_14000_Saturas_ADW.d:187","(zynisch) Ist das alles? Das mach' ich doch mit links.","(비꼬듯) 그게 전부인가? 식은 죽 먹기겠네.","","False","DIA_Addon_Saturas_ADWStart_wastun2_15_08","",""
"Scripts/Content/Story/Dialoge/DIA_Addon_KDW_14000_Saturas_ADW.d:188","(verärgert) Ich weiß, dass es viel verlangt ist. Sieh es als eine Chance, mein Vertrauen zurückzugewinnen.","(화내며) 요구하는 게 많다는 건 나도 안다. 내 신뢰를 되찾을 기회라고 생각하거라.","","False","DIA_Addon_Saturas_ADWStart_wastun2_14_09","",""
"Scripts/Content/Story/Dialoge/DIA_Addon_KDW_14000_Saturas_ADW.d:204","Ich werd' mich dann mal auf den Weg machen.","그럼 이만 가보겠어.","","False","DIA_Addon_Saturas_ADWStart_wastun2.DIA_Addon_Saturas_ADWStart.DIA_Addon_Saturas_ADWStart_back","Info_AddChoice",""
"Scripts/Content/Story/Dialoge/DIA_Addon_KDW_14000_Saturas_ADW.d:209","Ich werd' mich dann mal auf den Weg machen.","그럼 이만 가보겠어.","","False","DIA_Addon_Saturas_ADWStart_back_15_00","",""
"Scripts/Content/Story/Dialoge/DIA_Addon_KDW_14000_Saturas_ADW.d:210","Eine Sache noch … Raven hat eine Menge Banditen um sich geschart.","한 가지 더... 레이븐은 수많은 산적을 거느리고 있다.","","False","DIA_Addon_Saturas_ADWStart_back_14_01","",""
"Scripts/Content/Story/Dialoge/DIA_Addon_KDW_14000_Saturas_ADW.d:211","In deiner Abwesenheit haben wir ein anderes Mitglied vom 'Ring des Wassers' hierher geholt.","네가 없는 동안 '링 오브 워터'의 다른 멤버를 이곳으로 데려왔었다.","","False","DIA_Addon_Saturas_ADWStart_back_14_02","",""
"Scripts/Content/Story/Dialoge/DIA_Addon_KDW_14000_Saturas_ADW.d:212","Wir haben ihn in den Sumpf geschickt. Er kam nicht zurück.","우리가 그를 늪지대로 보냈는데, 돌아오지 않더군.","","False","DIA_Addon_Saturas_ADWStart_back_14_03","",""
"Scripts/Content/Story/Dialoge/DIA_Addon_KDW_14000_Saturas_ADW.d:213","Wir vermuten, die Banditen greifen alles an, was nicht aussieht wie sie selbst.","산적들은 자신들처럼 생기지 않은 것은 모조리 공격하는 모양이다.","","False","DIA_Addon_Saturas_ADWStart_back_14_04","",""
"Scripts/Content/Story/Dialoge/DIA_Addon_KDW_14000_Saturas_ADW.d:214","Besorg dir also eine Rüstung der Banditen.","그러니 산적들의 방어구를 구하도록 해라.","","False","DIA_Addon_Saturas_ADWStart_back_14_05","",""
"Scripts/Content/Story/Dialoge/DIA_Addon_KDW_14000_Saturas_ADW.d:215","Nur so wirst du dich ihnen nähern können, ohne dass sie dich gleich angreifen.","그래야만 그들이 곧바로 공격해 오지 않는 상태로 접근할 수 있을 것이다.","","False","DIA_Addon_Saturas_ADWStart_back_14_06","",""
"Scripts/Content/Story/Dialoge/DIA_Addon_KDW_14000_Saturas_ADW.d:234","Welches arme Schwein habt ihr in den Sumpf geschickt?","어떤 불쌍한 녀석을 늪지로 보낸 거야?","","False","DIA_Addon_Saturas_PoorRanger.description","",""
"Scripts/Content/Story/Dialoge/DIA_Addon_KDW_14000_Saturas_ADW.d:244","Welches arme Schwein habt ihr in den Sumpf geschickt?","어떤 불쌍한 녀석을 늪지로 보낸 거야?","","False","DIA_Addon_Saturas_PoorRanger_15_00","",""
"Scripts/Content/Story/Dialoge/DIA_Addon_KDW_14000_Saturas_ADW.d:245","Sein Name war Lance.","그의 이름은 랜스였다.","","False","DIA_Addon_Saturas_PoorRanger_14_01","",""
"Scripts/Content/Story/Dialoge/DIA_Addon_KDW_14000_Saturas_ADW.d:246","Ich fürchte, er ist nicht sehr weit gekommen.","유감스럽게도 그리 멀리 가지 못한 것 같더군.","","False","DIA_Addon_Saturas_PoorRanger_14_02","",""
"Scripts/Content/Story/Dialoge/DIA_Addon_KDW_14000_Saturas_ADW.d:262","Wo werde ich eine Banditenrüstung finden, die mir passt?","내 몸에 맞는 산적 방어구는 어디서 구할 수 있지?","","False","DIA_Addon_Saturas_Piraten.description","",""
"Scripts/Content/Story/Dialoge/DIA_Addon_KDW_14000_Saturas_ADW.d:276","Wo werde ich eine Banditenrüstung finden, die mir passt?","내 몸에 맞는 산적 방어구는 어디서 구할 수 있지?","","False","DIA_Addon_Saturas_Piraten_15_00","",""
"Scripts/Content/Story/Dialoge/DIA_Addon_KDW_14000_Saturas_ADW.d:277","Im Westen scheint es ein Lager der Piraten zu geben.","서쪽에 해적 야영지가 있는 것 같더군.","","False","DIA_Addon_Saturas_Piraten_14_01","",""
"Scripts/Content/Story/Dialoge/DIA_Addon_KDW_14000_Saturas_ADW.d:278","Soviel wir wissen, stehen sie in Kontakt mit den Banditen.","우리가 알기로는 그들이 산적들과 접촉하고 있다고 한다.","","False","DIA_Addon_Saturas_Piraten_14_02","",""
"Scripts/Content/Story/Dialoge/DIA_Addon_KDW_14000_Saturas_ADW.d:279","Ich denke nicht, dass sie dich angreifen werden, wenn du zu ihnen gehst.","그곳으로 간다면 너를 공격하지는 않을 거라 생각한다.","","False","DIA_Addon_Saturas_Piraten_14_03","",""
"Scripts/Content/Story/Dialoge/DIA_Addon_KDW_14000_Saturas_ADW.d:280","Vielleicht kannst du bei ihnen Hilfe finden ...","어쩌면 그곳에서 도움을 받을 수 있을지도 모르지...","","False","DIA_Addon_Saturas_Piraten_14_04","",""
"Scripts/Content/Story/Dialoge/DIA_Addon_KDW_14000_Saturas_ADW.d:294","Ich habe Lances Leiche gefunden.","랜스의 시체를 찾았다.","","False","DIA_Addon_Saturas_LanceLeiche.description","",""
"Scripts/Content/Story/Dialoge/DIA_Addon_KDW_14000_Saturas_ADW.d:308","Ich habe Lances Leiche gefunden.","랜스의 시체를 찾았다.","","False","DIA_Addon_Saturas_LanceLeiche_15_00","",""
"Scripts/Content/Story/Dialoge/DIA_Addon_KDW_14000_Saturas_ADW.d:309","Möge seine Seele in Adanos' Reich eingehen.","그의 영혼이 아다노스의 품에 안기기를.","","False","DIA_Addon_Saturas_LanceLeiche_14_01","",""
"Scripts/Content/Story/Dialoge/DIA_Addon_KDW_14000_Saturas_ADW.d:310","Pass auf dich auf, mein Sohn. Noch so einen Verlust dieser Art will ich nicht beklagen müssen.","조심해라, 내 아들아. 이와 같은 상실을 다시 겪고 싶지는 않다.","","False","DIA_Addon_Saturas_LanceLeiche_14_02","",""
"Scripts/Content/Story/Dialoge/DIA_Addon_KDW_14000_Saturas_ADW.d:325","Ich habe hier Lances Aquamarinring.","여기에 랜스의 아쿠아마린 반지가 있다.","","False","DIA_Addon_Saturas_LanceRing.description","",""
"Scripts/Content/Story/Dialoge/DIA_Addon_KDW_14000_Saturas_ADW.d:339","Ich habe hier Lances Aquamarinring.","여기에 랜스의 아쿠아마린 반지가 있다.","","False","DIA_Addon_Saturas_LanceRing_15_00","",""
"Scripts/Content/Story/Dialoge/DIA_Addon_KDW_14000_Saturas_ADW.d:340","Am besten du gibst ihn mir, damit er nicht in falsche Hände gerät.","잘못된 자의 손에 넘어가지 않도록 내게 주는 게 좋겠군.","","False","DIA_Addon_Saturas_LanceRing_14_01","",""
"Scripts/Content/Story/Dialoge/DIA_Addon_KDW_14000_Saturas_ADW.d:355","Wegen der Reliquien...","유물에 대해서 말인데...","","False","DIA_Addon_Saturas_Tokens.description","",""
"Scripts/Content/Story/Dialoge/DIA_Addon_KDW_14000_Saturas_ADW.d:378","Wegen der Reliquien ...","유물에 대해서 말인데...","","False","DIA_Addon_Saturas_Tokens_15_00","",""
"Scripts/Content/Story/Dialoge/DIA_Addon_KDW_14000_Saturas_ADW.d:384","Ich denke, ich habe hier etwas für dich.","너 줄 만한 게 좀 있는 것 같다.","","False","DIA_Addon_Saturas_Tokens_15_01","",""
"Scripts/Content/Story/Dialoge/DIA_Addon_KDW_14000_Saturas_ADW.d:385","Diese Art von Steintafeln kennen wir bereits. Die bringen uns jetzt nicht weiter.","이런 종류의 석판은 이미 알고 있다. 지금 우리에게는 도움이 되지 않아.","","False","DIA_Addon_Saturas_Tokens_14_02","",""
"Scripts/Content/Story/Dialoge/DIA_Addon_KDW_14000_Saturas_ADW.d:386","Es muss noch mehr geben als das.","이것 말고도 더 있어야 한다.","","False","DIA_Addon_Saturas_Tokens_14_03","",""
"Scripts/Content/Story/Dialoge/DIA_Addon_KDW_14000_Saturas_ADW.d:399","Was ist HIERMIT?","이건 어떤가?","","False","DIA_Addon_Saturas_Tokens_15_04","",""
"Scripts/Content/Story/Dialoge/DIA_Addon_KDW_14000_Saturas_ADW.d:400","Das sieht gut aus. Wo hast du das gefunden?","좋아 보이는군. 어디서 찾았나?","","False","DIA_Addon_Saturas_Tokens_14_05","",""
"Scripts/Content/Story/Dialoge/DIA_Addon_KDW_14000_Saturas_ADW.d:409","Die Banditen benutzen diese Steintafeln als eine Art Zahlungsmittel.","산적들은 이 석판을 일종의 화폐로 사용하고 있더군요.","","False","DIA_Addon_Saturas_Tokens_15_06","",""
"Scripts/Content/Story/Dialoge/DIA_Addon_KDW_14000_Saturas_ADW.d:410","Die Tafeln tragen das Zeichen Quahodrons, eines großen Kriegers.","이 석판에는 위대한 전사인 쿠아호드론의 문양이 새겨져 있다.","","False","DIA_Addon_Saturas_Tokens_14_07","",""
"Scripts/Content/Story/Dialoge/DIA_Addon_KDW_14000_Saturas_ADW.d:411","Er ist der Feldherr, dessen Sohn Rhademes die ganze Stadt in den Untergang getrieben hat.","그는 그의 아들 라데메스로 인해 온 도시를 멸망으로 몰고 간 장군이다.","","False","DIA_Addon_Saturas_Tokens_14_08","",""
"Scripts/Content/Story/Dialoge/DIA_Addon_KDW_14000_Saturas_ADW.d:412","(verächtlich) Ts. Ich wette, die Banditen wissen nicht einmal, mit was sie da handeln.","(경멸하듯) 쳇. 산적들은 자신들이 무엇을 거래하고 있는지도 모를 거다.","","False","DIA_Addon_Saturas_Tokens_14_09","",""
"Scripts/Content/Story/Dialoge/DIA_Addon_KDW_14000_Saturas_ADW.d:421","Diese Tafel fand ich in einem Gebäude im Süden.","이 석판은 남쪽에 있는 건물에서 찾았습니다.","","False","DIA_Addon_Saturas_Tokens_15_10","",""
"Scripts/Content/Story/Dialoge/DIA_Addon_KDW_14000_Saturas_ADW.d:422","Ah! Eine Tafel der Totenwächter. Sie waren es, die die Geister ihrer Verstorbenen beschworen.","아! 죽은 자의 수호자들의 석판이로군. 죽은 자들의 영혼을 불러낸 것은 바로 그들이었다.","","False","DIA_Addon_Saturas_Tokens_14_11","",""
"Scripts/Content/Story/Dialoge/DIA_Addon_KDW_14000_Saturas_ADW.d:423","Die Verbindung zu ihren Ahnen war bei den Erbauern sehr stark.","건설자들은 조상들과의 연결고리가 매우 강했다.","","False","DIA_Addon_Saturas_Tokens_14_12","",""
"Scripts/Content/Story/Dialoge/DIA_Addon_KDW_14000_Saturas_ADW.d:432","Ich fand diese Tafel in einem Bauwerk im Südwesten.","이 석판은 남서쪽에 있는 건축물에서 찾았습니다.","","False","DIA_Addon_Saturas_Tokens_15_13","",""
"Scripts/Content/Story/Dialoge/DIA_Addon_KDW_14000_Saturas_ADW.d:433","Der Tafel nach zu urteilen, handelt es sich dabei um die Behausung der Priester dieser Stadt.","석판으로 미루어 볼 때, 이 도시에 있던 사제들의 거처와 관련된 것 같다.","","False","DIA_Addon_Saturas_Tokens_14_14","",""
"Scripts/Content/Story/Dialoge/DIA_Addon_KDW_14000_Saturas_ADW.d:434","Der Name des obersten Priesters war KHARDIMON. Wir wissen noch nicht viel über ihn.","대사제의 이름은 카르디몬이었다. 그에 대해서는 아직 아는 바가 많지 않다.","","False","DIA_Addon_Saturas_Tokens_14_15","",""
"Scripts/Content/Story/Dialoge/DIA_Addon_KDW_14000_Saturas_ADW.d:443","Dieses Ding hier lag in einem Gebäude nahe des großen Sumpfes.","이 물건은 커다란 늪지대 근처의 건물에 있었습니다.","","False","DIA_Addon_Saturas_Tokens_15_15","",""
"Scripts/Content/Story/Dialoge/DIA_Addon_KDW_14000_Saturas_ADW.d:444","Das wird das Haus der Heiler gewesen sein.","치유사들의 집이었을 거다.","","False","DIA_Addon_Saturas_Tokens_14_16","",""
"Scripts/Content/Story/Dialoge/DIA_Addon_KDW_14000_Saturas_ADW.d:445","Wir wissen sehr wenig über sie. Sie scheinen die ersten gewesen zu sein, die verschwanden.","우리는 그들에 대해 아는 게 거의 없다. 가장 먼저 사라진 이들인 것 같더군.","","False","DIA_Addon_Saturas_Tokens_14_17","",""
"Scripts/Content/Story/Dialoge/DIA_Addon_KDW_14000_Saturas_ADW.d:454","Das Teil hier lag in einem großen Gebäude in einer großen Schlucht.","이 조각은 깊은 협곡에 있는 커다란 건물 안에 있었습니다.","","False","DIA_Addon_Saturas_Tokens_15_18","",""
"Scripts/Content/Story/Dialoge/DIA_Addon_KDW_14000_Saturas_ADW.d:455","Das war die Bibliothek des alten Volkes.","고대 종족의 도서관이었군.","","False","DIA_Addon_Saturas_Tokens_14_19","",""
"Scripts/Content/Story/Dialoge/DIA_Addon_KDW_14000_Saturas_ADW.d:456","Scheinbar eine Tafel der Gelehrten.","학자들의 석판인 모양이군.","","False","DIA_Addon_Saturas_Tokens_14_20","",""
"Scripts/Content/Story/Dialoge/DIA_Addon_KDW_14000_Saturas_ADW.d:457","Viele der Schriften, die wir gefunden haben, stammen vom Anführer der 'Kaste der Gelehrten'.","우리가 찾은 문서 중 상당수는 '학자들의 계급'의 지도자가 남긴 것이다.","","False","DIA_Addon_Saturas_Tokens_14_80","",""
"Scripts/Content/Story/Dialoge/DIA_Addon_KDW_14000_Saturas_ADW.d:458","Merkwürdigerweise hat er seinen eigenen Namen nirgendwo hinterlassen ...","이상하게도 그는 어디에도 자신의 이름을 남기지 않았지...","","False","DIA_Addon_Saturas_Tokens_14_81","",""
"Scripts/Content/Story/Dialoge/DIA_Addon_KDW_14000_Saturas_ADW.d:475","Sehr gut. Das Bild dieser Stadt wird schon klarer, aber wir wissen noch nicht genug.","아주 잘했다. 이 도시의 모습이 점점 더 명확해지고 있지만, 아직 충분히 알지는 못해.","","False","DIA_Addon_Saturas_Tokens_14_21","",""
"Scripts/Content/Story/Dialoge/DIA_Addon_KDW_14000_Saturas_ADW.d:478","Es müssen insgesamt fünf dieser Art Steintafeln hier in der Gegend versteckt sein.","이런 종류의 석판은 이 근처에 총 다섯 개가 숨겨져 있어야 한다.","","False","DIA_Addon_Saturas_Tokens_14_22","",""
"Scripts/Content/Story/Dialoge/DIA_Addon_KDW_14000_Saturas_ADW.d:479","Finde sie und bring sie zu mir.","그것들을 찾아내어 내게 가져오너라.","","False","DIA_Addon_Saturas_Tokens_14_23","",""
"Scripts/Content/Story/Dialoge/DIA_Addon_KDW_14000_Saturas_ADW.d:482","Hier hast du etwas Gold zu deiner Entlohnung.","보답으로 여기 약간의 금을 주마.","","False","DIA_Addon_Saturas_Tokens_14_24","",""
"Scripts/Content/Story/Dialoge/DIA_Addon_KDW_14000_Saturas_ADW.d:495","Jetzt haben wir alle Reliquien zusammen, die wir brauchen.","이제 우리에게 필요한 유물들이 모두 모였다.","","False","DIA_Addon_Saturas_Tokens_14_25","",""
"Scripts/Content/Story/Dialoge/DIA_Addon_KDW_14000_Saturas_ADW.d:499","Du hast uns einen sehr großen Dienst erwiesen. Ich danke dir.","너는 우리에게 아주 큰 도움을 주었다. 고맙다.","","False","DIA_Addon_Saturas_Tokens_14_26","",""
"Scripts/Content/Story/Dialoge/DIA_Addon_KDW_14000_Saturas_ADW.d:500","Das wird uns in unseren Studien einen entscheidenden Schritt nach vorn bringen.","이것은 우리의 연구에 결정적인 도약이 되어줄 것이다.","","False","DIA_Addon_Saturas_Tokens_14_27","",""
"Scripts/Content/Story/Dialoge/DIA_Addon_KDW_14000_Saturas_ADW.d:508","Ich werde sehen, ob ich was finde.","무언가 찾아낼 수 있는지 알아보겠어.","","False","DIA_Addon_Saturas_Tokens_15_28","",""
"Scripts/Content/Story/Dialoge/DIA_Addon_KDW_14000_Saturas_ADW.d:509","Gut. Beeil dich aber damit. Die Zeit ist nicht unser Verbündeter.","좋다. 하지만 서두르도록 해라. 시간은 우리의 편이 아니니.","","False","DIA_Addon_Saturas_Tokens_14_29","",""
"Scripts/Content/Story/Dialoge/DIA_Addon_KDW_14000_Saturas_ADW.d:538","Gut, dass du kommst. Wir haben neue Erkenntnisse, die wir dir mitteilen müssen.","잘 왔다. 너에게 전해야 할 새로운 사실들을 알아내었다.","","False","DIA_Addon_Saturas_StonePlateHint_14_00","",""
"Scripts/Content/Story/Dialoge/DIA_Addon_KDW_14000_Saturas_ADW.d:539","Dann lass mal hören.","그럼 들어보지.","","False","DIA_Addon_Saturas_StonePlateHint_15_01","",""
"Scripts/Content/Story/Dialoge/DIA_Addon_KDW_14000_Saturas_ADW.d:540","Die versunkene Stadt trug einst den Namen Jharkendar. Es gab 5 Herrscher in dieser Stadt, die sich die Macht über ihr Volk teilten.","가라앉은 도시는 한때 자르켄다르라는 이름을 가졌었다. 이 도시에는 5명의 통치자가 있어서 백성들에 대한 권력을 나누어 가졌지.","","False","DIA_Addon_Saturas_StonePlateHint_14_02","",""
"Scripts/Content/Story/Dialoge/DIA_Addon_KDW_14000_Saturas_ADW.d:541","Jeder dieser Herrscher hatte ein Herrenhaus, in dem er lebte und wo er seine Habe aufbewahrte.","이 통치자들은 저마다 거주하며 소유물을 보관하는 대저택을 하나씩 가지고 있었다.","","False","DIA_Addon_Saturas_StonePlateHint_14_03","",""
"Scripts/Content/Story/Dialoge/DIA_Addon_KDW_14000_Saturas_ADW.d:542","Auf deiner Suche nach den Reliquien der alten Kultur scheint es daher unerlässlich, dass du diese Herrenhäuser durchsuchst.","따라서 고대 문명의 유물을 찾는 과정에서 이 대저택들을 수색하는 것은 필수적인 것으로 보인다.","","False","DIA_Addon_Saturas_StonePlateHint_14_04","",""
"Scripts/Content/Story/Dialoge/DIA_Addon_KDW_14000_Saturas_ADW.d:547","Was ist, wenn es diese Herrenhäuser gar nicht mehr gibt?","이 대저택들이 더 이상 존재하지 않으면 어쩌지?","","False","DIA_Addon_Saturas_StonePlateHint_Info.DIA_Addon_Saturas_StonePlateHint.DIA_Addon_Saturas_StonePlateHint_unter","Info_AddChoice",""
"Scripts/Content/Story/Dialoge/DIA_Addon_KDW_14000_Saturas_ADW.d:548","Wo soll ich nach diesen Herrenhäusern suchen?","이 대저택들은 어디서 찾아야 하지?","","False","DIA_Addon_Saturas_StonePlateHint_Info.DIA_Addon_Saturas_StonePlateHint.DIA_Addon_Saturas_StonePlateHint_wo","Info_AddChoice",""
"Scripts/Content/Story/Dialoge/DIA_Addon_KDW_14000_Saturas_ADW.d:553","Wo soll ich nach diesen Herrenhäusern suchen?","이 대저택들은 어디서 찾아야 하지?","","False","DIA_Addon_Saturas_StonePlateHint_wo_15_00","",""
"Scripts/Content/Story/Dialoge/DIA_Addon_KDW_14000_Saturas_ADW.d:554","Riordian hat sich mit der Struktur der Gebäude von Jharkendar beschäftigt.","리오르디안이 자르켄다르의 건축물 구조를 연구했다.","","False","DIA_Addon_Saturas_StonePlateHint_wo_14_01","",""
"Scripts/Content/Story/Dialoge/DIA_Addon_KDW_14000_Saturas_ADW.d:555","Er wird dir sagen, wo du nach den Herrenhäusern suchen sollst.","그가 대저택들을 어디서 찾아야 할지 알려줄 것이다.","","False","DIA_Addon_Saturas_StonePlateHint_wo_14_02","",""
"Scripts/Content/Story/Dialoge/DIA_Addon_KDW_14000_Saturas_ADW.d:564","Was ist, wenn es diese Herrenhäuser gar nicht mehr gibt?","이 대저택들이 더 이상 존재하지 않으면 어쩌지?","","False","DIA_Addon_Saturas_StonePlateHint_unter_15_00","",""
"Scripts/Content/Story/Dialoge/DIA_Addon_KDW_14000_Saturas_ADW.d:565","Wenn du die Häuser nicht finden kannst, dann sind sie vermutlich mit der Stadt untergegagen.","그 저택들을 찾을 수 없다면, 아마 도시와 함께 가라앉았을 거요.","","False","DIA_Addon_Saturas_StonePlateHint_unter_14_01","",""
"Scripts/Content/Story/Dialoge/DIA_Addon_KDW_14000_Saturas_ADW.d:566","Doch sollte es sie noch geben, wäre das von unschätzbarem Wert für unsere Studien.","하지만 아직 남아 있다면 우리 연구에 헤아릴 수 없을 만큼 귀중한 자료가 될 겁니다.","","False","DIA_Addon_Saturas_StonePlateHint_unter_14_02","",""
"Scripts/Content/Story/Dialoge/DIA_Addon_KDW_14000_Saturas_ADW.d:578","Wofür braucht ihr diese fünf Steintafeln?","그 다섯 개의 돌 판은 왜 필요한 거요?","","False","DIA_Addon_Saturas_SCBroughtAllToken.description","",""
"Scripts/Content/Story/Dialoge/DIA_Addon_KDW_14000_Saturas_ADW.d:593","Wofür braucht ihr diese fünf Steintafeln?","그 다섯 개의 돌 판은 왜 필요한 거요?","","False","DIA_Addon_Saturas_SCBroughtAllToken_15_00","",""
"Scripts/Content/Story/Dialoge/DIA_Addon_KDW_14000_Saturas_ADW.d:594","Die Aufzeichnungen, die wir hier in dieser Ruine finden können, sind unvollständig.","우리가 이 폐허에서 찾을 수 있는 기록들은 불완전합니다.","","False","DIA_Addon_Saturas_SCBroughtAllToken_14_01","",""
"Scripts/Content/Story/Dialoge/DIA_Addon_KDW_14000_Saturas_ADW.d:595","Aber die Niederschriften der Erbauer sprechen von fünf Herrschern, die diese Stadt regierten.","하지만 건설자들의 문서에는 이 도시를 다스렸던 다섯 명의 통치자에 대해 나와 있습니다.","","False","DIA_Addon_Saturas_SCBroughtAllToken_14_02","",""
"Scripts/Content/Story/Dialoge/DIA_Addon_KDW_14000_Saturas_ADW.d:596","Jeder dieser Herrscher hatte eine dieser Tafeln als ein Symbol seiner Herrschaft.","이 통치자들은 저마다 권력의 상징으로 이 돌 판 중 하나를 가지고 있었습니다.","","False","DIA_Addon_Saturas_SCBroughtAllToken_14_03","",""
"Scripts/Content/Story/Dialoge/DIA_Addon_KDW_14000_Saturas_ADW.d:597","Ich denke, diese Tafeln sind der Schlüssel zu unseren Fragen.","내 생각에 이 돌 판들이 우리의 의문을 풀어줄 열쇠입니다.","","False","DIA_Addon_Saturas_SCBroughtAllToken_14_04","",""
"Scripts/Content/Story/Dialoge/DIA_Addon_KDW_14000_Saturas_ADW.d:609","Nefarius erzählte mir von einer Flut...","네파리우스가 대홍수에 대해 얘기해 줬소...","","False","DIA_Addon_Saturas_Flut.description","",""
"Scripts/Content/Story/Dialoge/DIA_Addon_KDW_14000_Saturas_ADW.d:623","Nefarius erzählte mir von einer Flut ...","네파리우스가 대홍수에 대해 얘기해 줬소...","","False","DIA_Addon_Saturas_Flut_15_00","",""
"Scripts/Content/Story/Dialoge/DIA_Addon_KDW_14000_Saturas_ADW.d:624","Es steht geschrieben, dass Adanos selbst vom Himmel herabstieg, um die Ungläubigen zu strafen und sie ins Reich der Toten zu verbannen.","불신자들을 벌하고 죽음의 영토로 추방하기 위해 아다노스께서 직접 하늘에서 내려오셨다고 기록되어 있습니다.","","False","DIA_Addon_Saturas_Flut_14_02","",""
"Scripts/Content/Story/Dialoge/DIA_Addon_KDW_14000_Saturas_ADW.d:625","Entfacht von seinem heiligen Zorn ließ er das Meer auf die Erbauer dieser Stadt herabfallen und fegte sie hinfort.","신성한 분노에 휩싸인 그는 바닷물을 이 도시의 건설자들에게 쏟아부어 그들을 쓸어버렸습니다.","","False","DIA_Addon_Saturas_Flut_14_03","",""
"Scripts/Content/Story/Dialoge/DIA_Addon_KDW_14000_Saturas_ADW.d:626","Der Sumpf im Osten ist noch ein Zeuge dieser Ereignisse der Vergangenheit.","동쪽에 있는 늪은 여전히 과거의 그 사건들을 증명하고 있습니다.","","False","DIA_Addon_Saturas_Flut_14_04","",""
"Scripts/Content/Story/Dialoge/DIA_Addon_KDW_14000_Saturas_ADW.d:641","Was kann Adanos so zornig gemacht haben?","무엇 때문에 아다노스가 그토록 진노하셨던 거지?","","False","DIA_Addon_Saturas_AdanosZorn.description","",""
"Scripts/Content/Story/Dialoge/DIA_Addon_KDW_14000_Saturas_ADW.d:655","Was kann Adanos so zornig gemacht haben?","무엇 때문에 아다노스가 그토록 진노하셨던 거지?","","False","DIA_Addon_Saturas_AdanosZorn_15_00","",""
"Scripts/Content/Story/Dialoge/DIA_Addon_KDW_14000_Saturas_ADW.d:656","Der Tempel dieser Stadt war einst ein großes strahlendes Bauwerk.","이 도시의 신전은 한때 위대하고 찬란한 건축물이었습니다.","","False","DIA_Addon_Saturas_AdanosZorn_14_01","",""
"Scripts/Content/Story/Dialoge/DIA_Addon_KDW_14000_Saturas_ADW.d:657","Alle verehrten ihn und beteten zu unserem Gott Adanos.","모두가 그를 경배하며 우리의 신 아다노스께 기도했지요.","","False","DIA_Addon_Saturas_AdanosZorn_14_02","",""
"Scripts/Content/Story/Dialoge/DIA_Addon_KDW_14000_Saturas_ADW.d:658","Rhademes, der Sohn des Feldherren Quahodron, entweihte den Tempel.","사령관 콰르호드론의 아들 라데메스가 신전을 더럽혔습니다.","","False","DIA_Addon_Saturas_AdanosZorn_14_03","",""
"Scripts/Content/Story/Dialoge/DIA_Addon_KDW_14000_Saturas_ADW.d:659","Einer nach dem anderen verfiel daraufhin dem Bösen.","그 결과 한 명씩 차례대로 악에 물들고 말았지요.","","False","DIA_Addon_Saturas_AdanosZorn_14_04","",""
"Scripts/Content/Story/Dialoge/DIA_Addon_KDW_14000_Saturas_ADW.d:660","Ich vermute, das konnte Adanos ihnen nicht verzeihen und seine Rache kam über das Land.","아다노스께서는 이를 용서하지 않으셨고, 그에 대한 복수가 이 땅을 덮쳤을 거라고 추측합니다.","","False","DIA_Addon_Saturas_AdanosZorn_14_05","",""
"Scripts/Content/Story/Dialoge/DIA_Addon_KDW_14000_Saturas_ADW.d:661","Um so wichtiger ist es, dass wir Raven aufhalten. Er ist im Begriff, genau das Gleiche zu tun ...","그렇기에 우리가 레이븐을 막아야 하는 이유가 더욱 중요합니다. 그는 정확히 똑같은 짓을 벌이려 하고 있으니까요...","","False","DIA_Addon_Saturas_AdanosZorn_14_06","",""
"Scripts/Content/Story/Dialoge/DIA_Addon_KDW_14000_Saturas_ADW.d:674","Wegen Raven...","레이븐에 대해 말인데...","","False","DIA_Addon_Saturas_RavenInfos.description","",""
"Scripts/Content/Story/Dialoge/DIA_Addon_KDW_14000_Saturas_ADW.d:696","Wegen Raven ...","레이븐에 대해 말인데...","","False","DIA_Addon_Saturas_RavenInfos_15_00","",""
"Scripts/Content/Story/Dialoge/DIA_Addon_KDW_14000_Saturas_ADW.d:705","Ich war im Banditenlager im Osten. Raven ist ihr Anführer.","나는 동쪽에 있는 산적 캠프에 다녀왔소. 레이븐이 그들의 우두머리요.","","False","DIA_Addon_Saturas_RavenInfos_15_01","",""
"Scripts/Content/Story/Dialoge/DIA_Addon_KDW_14000_Saturas_ADW.d:706","Aber um an Raven heranzukommen, muss ich erst noch einige der Banditen aus dem Weg räumen.","하지만 레이븐에게 접근하려면, 먼저 산적 녀석들 몇을 치워버려야 하겠더군.","","False","DIA_Addon_Saturas_RavenInfos_15_02","",""
"Scripts/Content/Story/Dialoge/DIA_Addon_KDW_14000_Saturas_ADW.d:707","Gut. Dann viel Glück. Aber vergiss nicht, dass es schnell gehen muss.","좋습니다. 그럼 행운을 빌죠. 하지만 서둘러야 한다는 걸 잊지 마세요.","","False","DIA_Addon_Saturas_RavenInfos_14_03","",""
"Scripts/Content/Story/Dialoge/DIA_Addon_KDW_14000_Saturas_ADW.d:708","Raven darf sein Ziel unter gar keinen Umständen erreichen.","어떤 일이 있어도 레이븐이 자신의 목적을 달성하게 해서는 안 됩니다.","","False","DIA_Addon_Saturas_RavenInfos_14_04","",""
"Scripts/Content/Story/Dialoge/DIA_Addon_KDW_14000_Saturas_ADW.d:716","Er hat eine Goldmine und lässt die Gefangenen darin nach Gold schürfen.","그에게는 금광이 하나 있고, 포로들을 시켜 그곳에서 금을 캐내고 있소.","","False","DIA_Addon_Saturas_RavenInfos_15_05","",""
"Scripts/Content/Story/Dialoge/DIA_Addon_KDW_14000_Saturas_ADW.d:717","Das sieht ihm ähnlich. Du musst die Gefangenen da raus holen.","그다운 짓이군요. 포로들을 거기서 빼내야 합니다.","","False","DIA_Addon_Saturas_RavenInfos_14_06","",""
"Scripts/Content/Story/Dialoge/DIA_Addon_KDW_14000_Saturas_ADW.d:718","(seufzt) Ja doch. Ich arbeite dran.","(한숨을 쉰다) 알았소. 해보는 중이오.","","False","DIA_Addon_Saturas_RavenInfos_15_07","",""
"Scripts/Content/Story/Dialoge/DIA_Addon_KDW_14000_Saturas_ADW.d:726","Da gibt es so einen Kerl bei den Banditen, der behauptet, dass er Ravens Pläne kennt.","산적들 중에 레이븐의 계획을 알고 있다고 주장하는 녀석이 하나 있소.","","False","DIA_Addon_Saturas_RavenInfos_15_08","",""
"Scripts/Content/Story/Dialoge/DIA_Addon_KDW_14000_Saturas_ADW.d:727","Sein Name ist Fortuno. Er meint, Raven will in den Tempel, um sich dort ein mächtiges Artefakt zu holen.","이름은 포르투노요. 레이븐이 강력한 유물을 손에 넣기 위해 신전으로 들어가려 한다더군.","","False","DIA_Addon_Saturas_RavenInfos_15_09","",""
"Scripts/Content/Story/Dialoge/DIA_Addon_KDW_14000_Saturas_ADW.d:728","Und? Wußte er mehr über dieses Artefakt?","그래? 그 유물에 대해 더 알고 있는 건 없었나?","","False","DIA_Addon_Bodo_14_03","",""
"Scripts/Content/Story/Dialoge/DIA_Addon_KDW_14000_Saturas_ADW.d:729","Er konnte mir nur erzählen, dass Raven dazu das Grab eines Adanos Priesters ausheben ließ.","레이븐이 아다노스 사제의 무덤을 파헤치게 했다는 것밖에 말해주지 않았소.","","False","DIA_Addon_Saturas_RavenInfos_15_11","",""
"Scripts/Content/Story/Dialoge/DIA_Addon_KDW_14000_Saturas_ADW.d:730","Dieses Grab enthält vielleicht den Schlüssel zum Tempel. Du solltest dich dort vielleicht einmal umsehen.","그 무덤에 신전으로 통하는 열쇠가 들어있을지도 모릅니다. 그곳을 한번 살펴보셔야겠군요.","","False","DIA_Addon_Saturas_RavenInfos_14_12","",""
"Scripts/Content/Story/Dialoge/DIA_Addon_KDW_14000_Saturas_ADW.d:731","Raven hat die Gefangenen dazu gezwungen, das Grab dieses Priesters auszuheben.","레이븐이 포로들을 강제로 시켜 그 사제의 무덤을 파내게 했소.","","False","DIA_Addon_Saturas_RavenInfos_15_13","",""
"Scripts/Content/Story/Dialoge/DIA_Addon_KDW_14000_Saturas_ADW.d:732","Das ist nicht gut. Du musst dich beeilen und Raven unschädlich machen.","좋지 않군요. 서둘러서 레이븐을 해치워야 합니다.","","False","DIA_Addon_Saturas_RavenInfos_14_14","",""
"Scripts/Content/Story/Dialoge/DIA_Addon_KDW_14000_Saturas_ADW.d:742","Ich bin bis zu Ravens Gemächern vorgedrungen.","레이븐의 처소 안쪽까지 들어갔다 왔소.","","False","DIA_Addon_Saturas_RavenInfos_15_15","",""
"Scripts/Content/Story/Dialoge/DIA_Addon_KDW_14000_Saturas_ADW.d:743","Und? Was ist mit Raven?","그래요? 레이븐은 어떻게 되었나요?","","False","DIA_Addon_Saturas_RavenInfos_14_16","",""
"Scripts/Content/Story/Dialoge/DIA_Addon_KDW_14000_Saturas_ADW.d:744","Ich kam zu spät. Er ist vor meinen Augen im Adanostempel verschwunden.","너무 늦었더군. 내 눈앞에서 아다노스 신전으로 사라져 버렸소.","","False","DIA_Addon_Saturas_RavenInfos_15_17","",""
"Scripts/Content/Story/Dialoge/DIA_Addon_KDW_14000_Saturas_ADW.d:745","(aufgeregt) Was?! Das ist eine KATASTROPHE! Warum bist du ihm nicht gefolgt?!","(흥분하며) 뭐라고?! 이건 재앙입니다! 왜 뒤쫓지 않았나요?!","","False","DIA_Addon_Saturas_RavenInfos_14_18","",""
"Scripts/Content/Story/Dialoge/DIA_Addon_KDW_14000_Saturas_ADW.d:760","Hast du etwas Neues zu berichten?","새로 보고할 만한 소식이라도 있나요?","","False","DIA_Addon_Saturas_RavenInfos_14_19","",""
"Scripts/Content/Story/Dialoge/DIA_Addon_KDW_14000_Saturas_ADW.d:761","Bisher noch nicht.","아직은 없소.","","False","DIA_Addon_Saturas_RavenInfos_15_20","",""
"Scripts/Content/Story/Dialoge/DIA_Addon_KDW_14000_Saturas_ADW.d:762","Ich rate dir nur, diesen Raven nicht zu unterschätzen, hörst du?","그 레이븐을 과소평가하지 않는 게 좋을 겁니다. 들었나요?","","False","DIA_Addon_Saturas_RavenInfos_14_21","",""
"Scripts/Content/Story/Dialoge/DIA_Addon_KDW_14000_Saturas_ADW.d:775","Ich konnte Raven nicht folgen!","레이븐을 뒤쫓을 수가 없었소!","","False","DIA_Addon_Saturas_TuerZu.description","",""
"Scripts/Content/Story/Dialoge/DIA_Addon_KDW_14000_Saturas_ADW.d:789","Ich konnte Raven nicht folgen. Er hat das Eingangstor von innen versperrt.","레이븐을 뒤쫓을 수가 없었소. 안쪽에서 출입문을 잠가버렸거든.","","False","DIA_Addon_Saturas_TuerZu_15_00","",""
"Scripts/Content/Story/Dialoge/DIA_Addon_KDW_14000_Saturas_ADW.d:790","(gehetzt) Ich muss nachdenken ...","(다급하게) 생각을 좀 해봐야겠군요...","","False","DIA_Addon_Saturas_TuerZu_14_02","",""
"Scripts/Content/Story/Dialoge/DIA_Addon_KDW_14000_Saturas_ADW.d:791","Die Frage ist, wie ist Raven in den Tempel gelangt ...","문제는 레이븐이 어떻게 신전 안으로 들어갔느냐 하는 건데...","","False","DIA_Addon_Saturas_TuerZu_14_03","",""
"Scripts/Content/Story/Dialoge/DIA_Addon_KDW_14000_Saturas_ADW.d:792","Was hat er getan, bevor er das Portal durchschritten hat?","그가 통로를 지나기 전에 무슨 짓을 했지?","","False","DIA_Addon_Saturas_TuerZu_14_04","",""
"Scripts/Content/Story/Dialoge/DIA_Addon_KDW_14000_Saturas_ADW.d:793","Er hat eine Beschwörung auf das Tor ausgesprochen.","문 앞에서 주문을 외웠소.","","False","DIA_Addon_Saturas_TuerZu_15_05","",""
"Scripts/Content/Story/Dialoge/DIA_Addon_KDW_14000_Saturas_ADW.d:794","Und davor?","그 전에는?","","False","DIA_Addon_Saturas_TuerZu_14_06","",""
"Scripts/Content/Story/Dialoge/DIA_Addon_KDW_14000_Saturas_ADW.d:795","Er hat eine Grabkammer geöffnet.","매장실을 열었소.","","False","DIA_Addon_Saturas_TuerZu_15_07","",""
"Scripts/Content/Story/Dialoge/DIA_Addon_KDW_14000_Saturas_ADW.d:799","Ich hatte dir schon davon erzählt ...","전에도 그에 대해 이야기했었잖아...","","False","DIA_Addon_Saturas_TuerZu_15_09","",""
"Scripts/Content/Story/Dialoge/DIA_Addon_KDW_14000_Saturas_ADW.d:800","Richtig!","맞아!","","False","DIA_Addon_Saturas_TuerZu_14_10","",""
"Scripts/Content/Story/Dialoge/DIA_Addon_KDW_14000_Saturas_ADW.d:804","Ich weiß nur, dass er dort eine Art Ritual abgehalten haben muss ...","내가 아는 건 그곳에서 어떤 종류의 의식을 치렀음이 틀림없다는 것뿐이요...","","False","DIA_Addon_Saturas_TuerZu_15_08","",""
"Scripts/Content/Story/Dialoge/DIA_Addon_KDW_14000_Saturas_ADW.d:807","(nachdenklich) Ein Ritual ...","(생각에 잠겨) 의식이라...","","False","DIA_Addon_Saturas_TuerZu_14_11","",""
"Scripts/Content/Story/Dialoge/DIA_Addon_KDW_14000_Saturas_ADW.d:808","(erkennt) Ja! Das ist es!","(깨달으며) 그래! 바로 그거야!","","False","DIA_Addon_Saturas_TuerZu_14_12","",""
"Scripts/Content/Story/Dialoge/DIA_Addon_KDW_14000_Saturas_ADW.d:809","Ich befürchte, Raven hat sich die Macht der Totenwächter zueigen gemacht.","내 생각엔 레이븐이 죽음의 수호자들의 힘을 제 것으로 만든 것 같군.","","False","DIA_Addon_Saturas_TuerZu_14_13","",""
"Scripts/Content/Story/Dialoge/DIA_Addon_KDW_14000_Saturas_ADW.d:810","Er hat seine Kenntnis über den Tempel von einem Geist erlangt!","그는 유령으로부터 신전에 대한 지식을 얻어낸 거야!","","False","DIA_Addon_Saturas_TuerZu_14_14","",""
"Scripts/Content/Story/Dialoge/DIA_Addon_KDW_14000_Saturas_ADW.d:811","Du musst zu Myxir gehen, und ihm davon berichten!","믹시르에게 가서 이 사실을 알려야 합니다!","","False","DIA_Addon_Saturas_TuerZu_14_15","",""
"Scripts/Content/Story/Dialoge/DIA_Addon_KDW_14000_Saturas_ADW.d:829","Ich habe mit Quarhodron gesprochen.","콰르호드론과 이야기했소.","","False","DIA_Addon_Saturas_GhostQuestions.description","",""
"Scripts/Content/Story/Dialoge/DIA_Addon_KDW_14000_Saturas_ADW.d:844","Ich habe mit Quarhodron gesprochen.","콰르호드론과 이야기했소.","","False","DIA_Addon_Saturas_GhostQuestions_15_00","",""
"Scripts/Content/Story/Dialoge/DIA_Addon_KDW_14000_Saturas_ADW.d:845","Und? Was hat er gesagt?","그래요? 그가 뭐라고 하던가요?","","False","DIA_Addon_Saturas_GhostQuestions_14_01","",""
"Scripts/Content/Story/Dialoge/DIA_Addon_KDW_14000_Saturas_ADW.d:846","Er wird mir erst helfen, wenn ich ihm einige Fragen beantworte.","내 질문 몇 가지에 답해준다면 도와주겠다고 하더군.","","False","DIA_Addon_Saturas_GhostQuestions_15_02","",""
"Scripts/Content/Story/Dialoge/DIA_Addon_KDW_14000_Saturas_ADW.d:847","Was ist das Problem?","무슨 문제라도 있나요?","","False","DIA_Addon_Saturas_GhostQuestions_14_03","",""
"Scripts/Content/Story/Dialoge/DIA_Addon_KDW_14000_Saturas_ADW.d:848","Ich bin mir nicht sicher, was ich ihm antworten soll.","어떤 대답을 해야 할지 잘 모르겠소.","","False","DIA_Addon_Saturas_GhostQuestions_15_04","",""
"Scripts/Content/Story/Dialoge/DIA_Addon_KDW_14000_Saturas_ADW.d:849","Mmh … Wir wissen, dass die Gelehrten dieser Stadt im Norden eine Bibliothek erbaut haben.","음... 이 도서관의 학자들이 북쪽에 도서관을 지었다는 건 알고 있습니다.","","False","DIA_Addon_Saturas_GhostQuestions_14_05","",""
"Scripts/Content/Story/Dialoge/DIA_Addon_KDW_14000_Saturas_ADW.d:850","Sie waren sehr gründlich bei ihren Bemühungen, die Geschehnisse der Vergangenheit festzuhalten.","그들은 과거의 사건들을 기록하기 위해 엄청난 노력을 기울였지요.","","False","DIA_Addon_Saturas_GhostQuestions_14_06","",""
"Scripts/Content/Story/Dialoge/DIA_Addon_KDW_14000_Saturas_ADW.d:851","Vielleicht findest du dort die Antworten, die Quarhodron von dir verlangt.","어쩌면 그곳에서 콰르호드론이 요구하는 대답을 찾을 수 있을지도 모릅니다.","","False","DIA_Addon_Saturas_GhostQuestions_14_07","",""
"Scripts/Content/Story/Dialoge/DIA_Addon_KDW_14000_Saturas_ADW.d:865","Das Problem mit dem Tor am Tempeleingang ist gelöst.","신전 입구의 문 문제는 해결되었소.","","False","DIA_Addon_Saturas_TalkedToGhost.description","",""
"Scripts/Content/Story/Dialoge/DIA_Addon_KDW_14000_Saturas_ADW.d:879","Das Problem mit dem Tor am Tempeleingang ist gelöst.","신전 입구의 문 문제는 해결되었소.","","False","DIA_Addon_Saturas_TalkedToGhost_15_00","",""
"Scripts/Content/Story/Dialoge/DIA_Addon_KDW_14000_Saturas_ADW.d:880","Hat der Geist geredet?","유령이 말하던가요?","","False","DIA_Addon_Saturas_TalkedToGhost_14_01","",""
"Scripts/Content/Story/Dialoge/DIA_Addon_KDW_14000_Saturas_ADW.d:881","Ja, das hat er.","그렇소.","","False","DIA_Addon_Saturas_TalkedToGhost_15_02","",""
"Scripts/Content/Story/Dialoge/DIA_Addon_KDW_14000_Saturas_ADW.d:882","Du weißt also, wie du in den Tempel gelangst?","그렇다면 신전으로 들어가는 방법을 알아냈군요?","","False","DIA_Addon_Saturas_TalkedToGhost_14_03","",""
"Scripts/Content/Story/Dialoge/DIA_Addon_KDW_14000_Saturas_ADW.d:883","Richtig. Und er hat mir auch verraten, was sich im Tempel befindet.","그렇소. 그리고 신전 안에 무엇이 있는지에 대해서도 알려주었지.","","False","DIA_Addon_Saturas_TalkedToGhost_15_04","",""
"Scripts/Content/Story/Dialoge/DIA_Addon_KDW_14000_Saturas_ADW.d:884","Er sprach von einem mächtigen Schwert und den Kammern Adanos.","그는 강력한 검과 아다노스의 방에 대해 이야기했소.","","False","DIA_Addon_Saturas_TalkedToGhost_15_05","",""
"Scripts/Content/Story/Dialoge/DIA_Addon_KDW_14000_Saturas_ADW.d:885","(verzweifelt) Bei Adanos. Was sind wir doch für Narren. Wie konnten wir nur so arglos sein?","(절망하며) 아다노스 맙소사. 우리가 어쩌다 이런 바보들이 되었단 말인가. 어찌 그리 방심했던 거지?","","False","DIA_Addon_Saturas_TalkedToGhost_14_06","",""
"Scripts/Content/Story/Dialoge/DIA_Addon_KDW_14000_Saturas_ADW.d:886","(erschüttert) Die Hinweise in den Aufzeichnungen ...","(충격을 받아) 기록에 남아 있던 단서들이란 게...","","False","DIA_Addon_Saturas_TalkedToGhost_14_07","",""
"Scripts/Content/Story/Dialoge/DIA_Addon_KDW_14000_Saturas_ADW.d:887","(aufgeregt) Es kann sich bei diesem Schwert nur um 'Die Klaue Beliars' handeln.","(흥분하며) 이 검은 '벨리알의 발톱'이 분명합니다.","","False","DIA_Addon_Saturas_TalkedToGhost_14_08","",""
"Scripts/Content/Story/Dialoge/DIA_Addon_KDW_14000_Saturas_ADW.d:888","Wir müssen so schnell wie möglich die Kammern überwinden und die Waffe in unseren Besitz bringen.","최대한 빨리 그 방들을 통과해서 그 무기를 손에 넣어야 합니다.","","False","DIA_Addon_Saturas_TalkedToGhost_14_09","",""
"Scripts/Content/Story/Dialoge/DIA_Addon_KDW_14000_Saturas_ADW.d:891","Was ist 'Die Klaue Beliars'?","'벨리알의 발톱'이 뭐요?","","False","DIA_Addon_Saturas_TalkedToGhost_Info.DIA_Addon_Saturas_TalkedToGhost.DIA_Addon_Saturas_TalkedToGhost_wasistdas","Info_AddChoice",""
"Scripts/Content/Story/Dialoge/DIA_Addon_KDW_14000_Saturas_ADW.d:892","Was sind die Kammern Adanos?","아다노스의 방이란 게 뭐죠?","","False","DIA_Addon_Saturas_TalkedToGhost_Info.DIA_Addon_Saturas_TalkedToGhost.DIA_Addon_Saturas_TalkedToGhost_kammern","Info_AddChoice",""
"Scripts/Content/Story/Dialoge/DIA_Addon_KDW_14000_Saturas_ADW.d:897","Was ist 'Die Klaue Beliars'?","'벨리알의 발톱'이 뭐요?","","False","DIA_Addon_Saturas_TalkedToGhost_wasistdas_15_00","",""
"Scripts/Content/Story/Dialoge/DIA_Addon_KDW_14000_Saturas_ADW.d:898","Sie ist die Inkarnation des Bösen. Beliar SELBST hat sie erschaffen.","그것은 악의 화신입니다. 벨리알 자신이 직접 그것을 창조하셨지요.","","False","DIA_Addon_Saturas_TalkedToGhost_wasistdas_14_01","",""
"Scripts/Content/Story/Dialoge/DIA_Addon_KDW_14000_Saturas_ADW.d:899","Jeder, der sie trägt, verfügt über ein schreckliches Werkzeug der Zerstörung.","그것을 쥐는 자는 누구나 끔찍한 파괴의 도구를 손에 쥐게 됩니다.","","False","DIA_Addon_Saturas_TalkedToGhost_wasistdas_14_02","",""
"Scripts/Content/Story/Dialoge/DIA_Addon_KDW_14000_Saturas_ADW.d:900","Je mächtiger sein Träger ist, desto gewaltiger ist die Macht der 'Klaue'.","소유자가 강력할수록 '발톱'의 힘도 더욱 거대해지지요.","","False","DIA_Addon_Saturas_TalkedToGhost_wasistdas_14_03","",""
"Scripts/Content/Story/Dialoge/DIA_Addon_KDW_14000_Saturas_ADW.d:901","Nur jemand, der stark im Geiste und standhaft in seinem Glauben ist, kann ihrem Bann widerstehen.","정신력이 강하고 신앙이 확고한 자만이 그 저주를 견뎌낼 수 있습니다.","","False","DIA_Addon_Saturas_TalkedToGhost_wasistdas_14_04","",""
"Scripts/Content/Story/Dialoge/DIA_Addon_KDW_14000_Saturas_ADW.d:902","Jetzt ist mir klar, warum die Erbauer dieses Tal abgeriegelt haben.","이제야 건설자들이 이 계곡을 봉쇄한 이유가 이해되는군요.","","False","DIA_Addon_Saturas_TalkedToGhost_wasistdas_14_05","",""
"Scripts/Content/Story/Dialoge/DIA_Addon_KDW_14000_Saturas_ADW.d:903","Sie hatten diese Waffe des Übels in ihre Stadt gebracht und verfielen ihrem Bann.","그들은 이 사악한 무기를 도시로 가져왔다가 그 저주에 걸려들고 말았던 겁니다.","","False","DIA_Addon_Saturas_TalkedToGhost_wasistdas_14_06","",""
"Scripts/Content/Story/Dialoge/DIA_Addon_KDW_14000_Saturas_ADW.d:904","Diese überheblichen Trottel haben sich aus Habgier gegenseitig umgebracht.","그 오만한 천치들은 탐욕에 눈이 멀어 서로를 죽고 죽였지요.","","False","DIA_Addon_Saturas_TalkedToGhost_wasistdas_14_07","",""
"Scripts/Content/Story/Dialoge/DIA_Addon_KDW_14000_Saturas_ADW.d:905","Die Grausamkeiten kannten kein Ende, bis Adanos' Zorn über dieses Land fegte und alles im Meer versinken ließ.","아다노스의 진노가 이 땅을 휩쓸고 모든 것을 바다에 가라앉힐 때까지 그 잔혹함은 끝을 몰랐습니다.","","False","DIA_Addon_Saturas_TalkedToGhost_wasistdas_14_08","",""
"Scripts/Content/Story/Dialoge/DIA_Addon_KDW_14000_Saturas_ADW.d:906","Wahrlich. Die Schöpfer des Portals taten gut daran, diese Dinge vor dem Rest der Welt zu verbergen.","참으로 그렇습니다. 통로의 창조자들은 이 물건들을 세상의 나머지 부분으로부터 숨겨둔 것이 현명한 처사였습니다.","","False","DIA_Addon_Saturas_TalkedToGhost_wasistdas_14_09","",""
"Scripts/Content/Story/Dialoge/DIA_Addon_KDW_14000_Saturas_ADW.d:907","Welch ein tragisches Ende für so eine wunderbare Kultur.","이토록 훌륭한 문명이 어쩌다 이런 비극적인 최후를 맞이했는지.","","False","DIA_Addon_Saturas_TalkedToGhost_wasistdas_14_10","",""
"Scripts/Content/Story/Dialoge/DIA_Addon_KDW_14000_Saturas_ADW.d:908","Erkennst du jetzt die Dringlichkeit unserer Mission?","이제 우리 임무가 얼마나 시급한지 깨달았습니까?","","False","DIA_Addon_Saturas_TalkedToGhost_wasistdas_14_11","",""
"Scripts/Content/Story/Dialoge/DIA_Addon_KDW_14000_Saturas_ADW.d:909","Raven ist ein starker Kämpfer und verblendet von seiner Gier nach Macht.","레이븐은 강력한 전사인 데다 권력에 대한 탐욕에 눈이 멀었습니다.","","False","DIA_Addon_Saturas_TalkedToGhost_wasistdas_14_12","",""
"Scripts/Content/Story/Dialoge/DIA_Addon_KDW_14000_Saturas_ADW.d:910","In seiner Hand wird die 'Klaue' zu einem Instrument der Vernichtung.","그의 손에 들어간다면 '발톱'은 절멸의 도구가 되고 말 겁니다.","","False","DIA_Addon_Saturas_TalkedToGhost_wasistdas_14_13","",""
"Scripts/Content/Story/Dialoge/DIA_Addon_KDW_14000_Saturas_ADW.d:911","Er darf die Waffe nicht bekommen, sonst sind wir alle verloren.","그가 무기를 손에 넣게 해서는 안 됩니다. 그러지 않으면 우리 모두 끝장이에요.","","False","DIA_Addon_Saturas_TalkedToGhost_wasistdas_14_14","",""
"Scripts/Content/Story/Dialoge/DIA_Addon_KDW_14000_Saturas_ADW.d:920","Was sind die Kammern Adanos'?","아다노스의 방이란 무엇입니까?","","False","DIA_Addon_Saturas_TalkedToGhost_kammern_15_00","",""
"Scripts/Content/Story/Dialoge/DIA_Addon_KDW_14000_Saturas_ADW.d:921","Wir wissen jetzt, dass das Eingangtor nicht die einzige Hürde ist, um ins Innere des Tempels zu gelangen.","신전 내부로 들어가기 위해 넘어야 할 난관이 입구뿐만이 아니라는 사실을 이제 우리는 알게 되었습니다.","","False","DIA_Addon_Saturas_TalkedToGhost_kammern_14_01","",""
"Scripts/Content/Story/Dialoge/DIA_Addon_KDW_14000_Saturas_ADW.d:922","Im Tempel selbst gibt es drei Kammern, die alle Eindringlinge aufhalten sollen.","신전 안에는 모든 침입자를 저지하기 위한 세 개의 방이 있습니다.","","False","DIA_Addon_Saturas_TalkedToGhost_kammern_14_02","",""
"Scripts/Content/Story/Dialoge/DIA_Addon_KDW_14000_Saturas_ADW.d:923","Die farbigen Reliquien der Erbauer sind der Schlüssel dazu.","건설자들의 빛나는 유물들이 바로 그곳의 열쇠입니다.","","False","DIA_Addon_Saturas_TalkedToGhost_kammern_14_03","",""
"Scripts/Content/Story/Dialoge/DIA_Addon_KDW_14000_Saturas_ADW.d:924","Nur wenn wir alle Reliquien beisammen haben und die Rätsel auf ihnen lösen, kommen wir ins Allerheiligste des Tempels.","모든 유물을 모으고 그에 얽힌 수수께끼를 풀어야만 신전의 가장 깊은 성소로 들어갈 수 있습니다.","","False","DIA_Addon_Saturas_TalkedToGhost_kammern_14_04","",""
"Scripts/Content/Story/Dialoge/DIA_Addon_KDW_14000_Saturas_ADW.d:925","Ich weiß nicht, ob Raven die Rätsel des Tempels entschlüsseln konnte, aber falls dies der Fall ist, haben wir ein großes Problem ...","레이븐이 신전의 수수께끼를 풀어냈는지는 모르겠지만, 만약 그랬다면 우리는 큰일 난 겁니다...","","False","DIA_Addon_Saturas_TalkedToGhost_kammern_14_05","",""
"Scripts/Content/Story/Dialoge/DIA_Addon_KDW_14000_Saturas_ADW.d:947","Was genau soll ich mit den Reliquien im Tempel machen?","신전 안에서 그 유물들로 정확히 뭘 해야 하죠?","","False","DIA_Addon_Saturas_RelictsBack.description","",""
"Scripts/Content/Story/Dialoge/DIA_Addon_KDW_14000_Saturas_ADW.d:962","Was genau soll ich mit den Reliquien im Tempel machen?","신전 안에서 그 유물들로 정확히 뭘 해야 하죠?","","False","DIA_Addon_Saturas_RelictsBack_15_00","",""
"Scripts/Content/Story/Dialoge/DIA_Addon_KDW_14000_Saturas_ADW.d:963","Wir wissen zu wenig. Doch du wirst ihre Bedeutung hoffentlich erkennen, sobald du im Tempel bist.","우리가 아는 것이 너무 적습니다. 하지만 당신이 신전에 들어가면 그 중요성을 알아차릴 수 있기를 바랍니다.","","False","DIA_Addon_Saturas_RelictsBack_14_03","",""
"Scripts/Content/Story/Dialoge/DIA_Addon_KDW_14000_Saturas_ADW.d:964","Tut mir Leid, dass ich dir nicht mehr dazu sagen kann. Jetzt liegt alles bei dir.","더 자세히 알려드리지 못해 유감입니다. 이제 모든 것은 당신에게 달렸어요.","","False","DIA_Addon_Saturas_RelictsBack_14_05","",""
"Scripts/Content/Story/Dialoge/DIA_Addon_KDW_14000_Saturas_ADW.d:965","Nimm die Reliquien an dich und begib dich umgehend in den Tempel.","유물들을 챙겨서 즉시 신전으로 향하십시오.","","False","DIA_Addon_Saturas_RelictsBack_14_06","",""
"Scripts/Content/Story/Dialoge/DIA_Addon_KDW_14000_Saturas_ADW.d:976","Adanos möge dir gnädig sein und uns alle beschützen.","아다노스께서 자비를 베푸사 우리 모두를 지켜주시기를.","","False","DIA_Addon_Saturas_RelictsBack_14_07","",""
"Scripts/Content/Story/Dialoge/DIA_Addon_KDW_14000_Saturas_ADW.d:977","Vielleicht ist es ja noch nicht zu spät.","어쩌면 아직 늦지 않았을지도 몰라.","","False","DIA_Addon_Saturas_RelictsBack_14_08","",""
"Scripts/Content/Story/Dialoge/DIA_Addon_KDW_14000_Saturas_ADW.d:1002","Die Erdbeben haben aufgehört und wie ich sehe, weilst du immer noch unter den Lebenden.","지진이 멈췄고, 보아하니 당신도 아직 살아남아 있군요.","","False","DIA_Addon_Saturas_RavensDead_14_00","",""
"Scripts/Content/Story/Dialoge/DIA_Addon_KDW_14000_Saturas_ADW.d:1003","Heißt das, dass deine Mission erfolgreich war?","그렇다면 임무가 성공적이었다는 뜻인가요?","","False","DIA_Addon_Saturas_RavensDead_14_01","",""
"Scripts/Content/Story/Dialoge/DIA_Addon_KDW_14000_Saturas_ADW.d:1004","Ja. Raven ist tot.","그렇소. 레이븐은 죽었소.","","False","DIA_Addon_Saturas_RavensDead_15_02","",""
"Scripts/Content/Story/Dialoge/DIA_Addon_KDW_14000_Saturas_ADW.d:1005","Dann ist es also vorbei. Adanos sei Dank.","그럼 끝난 거군요. 아다노스께 감사드립니다.","","False","DIA_Addon_Saturas_RavensDead_14_03","",""
"Scripts/Content/Story/Dialoge/DIA_Addon_KDW_14000_Saturas_ADW.d:1006","Das hast du gut gemacht, mein Sohn. Wir stehen tief in deiner Schuld.","잘 해냈습니다, 내 아들. 우리는 당신에게 너무나 큰 신세를 졌군요.","","False","DIA_Addon_Saturas_RavensDead_14_04","",""
"Scripts/Content/Story/Dialoge/DIA_Addon_KDW_14000_Saturas_ADW.d:1007","Du hast dem Bösen eine mächtige Waffe entrissen und das Gleichgewicht in diesem Teil der Welt wieder hergestellt.","당신은 악으로부터 강력한 무기를 빼앗고 이 세상의 균형을 되찾아주었습니다.","","False","DIA_Addon_Saturas_RavensDead_14_05","",""
"Scripts/Content/Story/Dialoge/DIA_Addon_KDW_14000_Saturas_ADW.d:1008","Als die Erdbeben verstummten, haben wir beraten, was nun geschehen soll und wir sind zu einem Ergebnis gekommen.","지진이 잦아들었을 때, 우리는 앞으로 어떻게 해야 할지 논의했고 결론에 이르렀습니다.","","False","DIA_Addon_Saturas_RavensDead_14_06","",""
"Scripts/Content/Story/Dialoge/DIA_Addon_KDW_14000_Saturas_ADW.d:1009","Geh hin und nimm die 'Klaue Beliars'. Sie soll nun dir bestimmt sein.","가서 '벨리알의 발톱'을 가지십시오. 이제 그것은 당신의 차지가 되어야 마땅합니다.","","False","DIA_Addon_Saturas_RavensDead_14_07","",""
"Scripts/Content/Story/Dialoge/DIA_Addon_KDW_14000_Saturas_ADW.d:1010","In deiner Hand kann sie ein mächtiger Verbündeter für uns sein.","당신의 손에서 그것은 우리에게 든든한 아군이 되어줄 수 있을 겁니다.","","False","DIA_Addon_Saturas_RavensDead_14_08","",""
"Scripts/Content/Story/Dialoge/DIA_Addon_KDW_14000_Saturas_ADW.d:1011","Nutze sie weise, mein Sohn. Adanos möge dir dabei helfen.","현명하게 사용하십시오, 내 아들. 아다노스께서 당신을 도와주실 겁니다.","","False","DIA_Addon_Saturas_RavensDead_14_09","",""
"Scripts/Content/Story/Dialoge/DIA_Addon_KDW_14000_Saturas_ADW.d:1012","Wir werden hierbleiben und dafür sorgen, dass der Tempel wieder zu altem Glanz erblüht.","우린 여기에 남아 이 신전이 예전의 영광을 되찾을 수 있도록 할 것이다.","","False","DIA_Addon_Saturas_RavensDead_14_11","",""
"Scripts/Content/Story/Dialoge/DIA_Addon_KDW_14000_Saturas_ADW.d:1013","Nur Myxir ist schon nach Khorinis aufgebrochen, um Vatras zu unterstützen.","믹시르만 바트라스를 돕기 위해 코리니스에 벌써 출발했다.","","False","DIA_Addon_Saturas_RavensDead_14_12","",""
"Scripts/Content/Story/Dialoge/DIA_Addon_KDW_14000_Saturas_ADW.d:1014","Vatras ist schon zu lange alleine in der Stadt gewesen.","바트라스는 너무 오랜 시간 동안 혼자 도시를 지키고 있었다.","","False","DIA_Addon_Saturas_RavensDead_14_13","",""
"Scripts/Content/Story/Dialoge/DIA_Addon_KDW_14000_Saturas_ADW.d:1032","Ich habe die Gefangenen befreit.","죄수들을 풀어줬다.","","False","DIA_Addon_Saturas_FreedMissingPeople.description","",""
"Scripts/Content/Story/Dialoge/DIA_Addon_KDW_14000_Saturas_ADW.d:1045","Ich habe die Gefangenen befreit.","죄수들을 풀어줬다.","","False","DIA_Addon_Saturas_FreedMissingPeople_15_00","",""
"Scripts/Content/Story/Dialoge/DIA_Addon_KDW_14000_Saturas_ADW.d:1046","Sehr gut. Mögen sie wohlbehalten in ihrer Heimat ankommen.","아주 좋군. 그들이 무사히 고향으로 돌아갈 수 있기를.","","False","DIA_Addon_Saturas_FreedMissingPeople_14_01","",""
"Scripts/Content/Story/Dialoge/DIA_Addon_KDW_14000_Saturas_ADW.d:1059","Ich habe die 'Klaue Beliars' an mich genommen.","'벨리알의 발톱'을 손에 넣었다.","","False","DIA_Addon_Saturas_BeliarsWeapon.description","",""
"Scripts/Content/Story/Dialoge/DIA_Addon_KDW_14000_Saturas_ADW.d:1074","Ich habe die 'Klaue Beliars' an mich genommen.","'벨리알의 발톱'을 손에 넣었다.","","False","DIA_Addon_Saturas_BeliarsWeapon_15_00","",""
"Scripts/Content/Story/Dialoge/DIA_Addon_KDW_14000_Saturas_ADW.d:1079","Doch ich kann sie nicht anlegen.","하지만 착용할 수가 없다.","","False","DIA_Addon_Saturas_BeliarsWeapon_15_01","",""
"Scripts/Content/Story/Dialoge/DIA_Addon_KDW_14000_Saturas_ADW.d:1082","Die Klaue Beliars ist eine ganz BESONDERE Waffe.","벨리알의 발톱은 매우 특별한 무기다.","","False","DIA_Addon_Saturas_BeliarsWeapon_14_02","",""
"Scripts/Content/Story/Dialoge/DIA_Addon_KDW_14000_Saturas_ADW.d:1083","Sie hat einen eigenen Willen und Bewusstsein.","그 무기는 자신만의 의지와 자아를 가지고 있다.","","False","DIA_Addon_Saturas_BeliarsWeapon_14_03","",""
"Scripts/Content/Story/Dialoge/DIA_Addon_KDW_14000_Saturas_ADW.d:1084","Du, der nun diese mächtige Waffe besitzt, bist ihr Herr und Meister.","이제 이 강력한 무기를 가진 너는 그것의 주인이자 군주다.","","False","DIA_Addon_Saturas_BeliarsWeapon_14_04","",""
"Scripts/Content/Story/Dialoge/DIA_Addon_KDW_14000_Saturas_ADW.d:1085","Sie ist ein Teil von dir und wird sich deinen Fähigkeiten anpassen.","그것은 너의 일부이며, 너의 능력에 맞춰 적응할 것이다.","","False","DIA_Addon_Saturas_BeliarsWeapon_14_05","",""
"Scripts/Content/Story/Dialoge/DIA_Addon_KDW_14000_Saturas_ADW.d:1086","Doch tut sie das nicht aus freien Stücken.","하지만 그렇다고 해서 스스로 그렇게 행동하는 것은 아니다.","","False","DIA_Addon_Saturas_BeliarsWeapon_14_06","",""
"Scripts/Content/Story/Dialoge/DIA_Addon_KDW_14000_Saturas_ADW.d:1087","Nur Beliar SELBST kann sie dazu zwingen, dir zu gehorchen.","오직 벨리알 본인만이 그것이 너에게 복종하도록 강제할 수 있다.","","False","DIA_Addon_Saturas_BeliarsWeapon_14_07","",""
"Scripts/Content/Story/Dialoge/DIA_Addon_KDW_14000_Saturas_ADW.d:1090","Und warum sollte Beliar mir helfen?","그리고 벨리알이 왜 날 도와야 하지?","","False","DIA_Addon_Saturas_BeliarsWeapon_Info.DIA_Addon_Saturas_BeliarsWeapon.DIA_Addon_Saturas_BeliarsWeapon_besser","Info_AddChoice",""
"Scripts/Content/Story/Dialoge/DIA_Addon_KDW_14000_Saturas_ADW.d:1091","Was kann ich mit der Waffe tun?","이 무기로 무엇을 할 수 있나?","","False","DIA_Addon_Saturas_BeliarsWeapon_Info.DIA_Addon_Saturas_BeliarsWeapon.DIA_Addon_Saturas_BeliarsWeapon_wastun","Info_AddChoice",""
"Scripts/Content/Story/Dialoge/DIA_Addon_KDW_14000_Saturas_ADW.d:1096","Was kann ich mit der Waffe tun?","이 무기로 무엇을 할 수 있나?","","False","DIA_Addon_Saturas_BeliarsWeapon_wastun_15_00","",""
"Scripts/Content/Story/Dialoge/DIA_Addon_KDW_14000_Saturas_ADW.d:1097","Das liegt in deiner Hand. Du hast die Waffe erobert und bist nun ihr Herr.","그건 네 손에 달렸다. 너는 무기를 쟁취했고 이제 그것의 주인이다.","","False","DIA_Addon_Saturas_BeliarsWeapon_wastun_14_01","",""
"Scripts/Content/Story/Dialoge/DIA_Addon_KDW_14000_Saturas_ADW.d:1098","Ich kann dir nur empfehlen, was du damit machen kannst.","내가 해줄 수 있는 건 그걸로 무엇을 할 수 있을지 조언해 주는 것뿐이다.","","False","DIA_Addon_Saturas_BeliarsWeapon_wastun_14_02","",""
"Scripts/Content/Story/Dialoge/DIA_Addon_KDW_14000_Saturas_ADW.d:1099","Entweder du übergibst sie MIR, und ich werde dafür sorgen, dass sie keinen Schaden mehr anrichtet ...","내게 넘겨준다면, 이 무기가 더 이상 해를 끼치지 못하도록 내가 조치하겠다...","","False","DIA_Addon_Saturas_BeliarsWeapon_wastun_14_03","",""
"Scripts/Content/Story/Dialoge/DIA_Addon_KDW_14000_Saturas_ADW.d:1100","… oder du machst dir ihre Macht zu Nutzen und verwendest sie im Kampf.","…아니면 그 힘을 활용해 전투에서 사용하는 것이다.","","False","DIA_Addon_Saturas_BeliarsWeapon_wastun_14_04","",""
"Scripts/Content/Story/Dialoge/DIA_Addon_KDW_14000_Saturas_ADW.d:1101","Könntest du die Waffe nicht verwahren?","이 무기를 보관해 줄 수 없나?","","False","DIA_Addon_Saturas_BeliarsWeapon_wastun.DIA_Addon_Saturas_BeliarsWeapon.DIA_Addon_Saturas_BeliarsWeapon_geben","Info_AddChoice",""
"Scripts/Content/Story/Dialoge/DIA_Addon_KDW_14000_Saturas_ADW.d:1106","Könntest du die Waffe nicht verwahren?","이 무기를 보관해 줄 수 없나?","","False","DIA_Addon_Saturas_BeliarsWeapon_geben_15_00","",""
"Scripts/Content/Story/Dialoge/DIA_Addon_KDW_14000_Saturas_ADW.d:1109","Wenn du sie mir gibst, dann werde ich sie unschädlich machen, damit niemand mehr sie missbrauchen kann.","네가 내게 준다면, 아무도 이를 오용할 수 없도록 무해하게 만들겠다.","","False","DIA_Addon_Saturas_BeliarsWeapon_geben_14_03","",""
"Scripts/Content/Story/Dialoge/DIA_Addon_KDW_14000_Saturas_ADW.d:1110","Überleg dir also gut, was du tun wirst.","그러니 무엇을 할지 신중하게 생각하도록 해라.","","False","DIA_Addon_Saturas_BeliarsWeapon_geben_14_04","",""
"Scripts/Content/Story/Dialoge/DIA_Addon_KDW_14000_Saturas_ADW.d:1119","Und warum sollte Beliar mir helfen?","그리고 벨리알이 왜 날 도와야 하지?","","False","DIA_Addon_Saturas_BeliarsWeapon_besser_15_00","",""
"Scripts/Content/Story/Dialoge/DIA_Addon_KDW_14000_Saturas_ADW.d:1120","Nur ein Gebet zu ihm kann das bewirken.","그를 향한 기도만이 그것을 이뤄낼 수 있다.","","False","DIA_Addon_Saturas_BeliarsWeapon_besser_14_01","",""
"Scripts/Content/Story/Dialoge/DIA_Addon_KDW_14000_Saturas_ADW.d:1121","Aber sei vorsichtig. Beliar ist niederträchtig.","하지만 조심해라. 벨리알은 비열하다.","","False","DIA_Addon_Saturas_BeliarsWeapon_besser_14_02","",""
"Scripts/Content/Story/Dialoge/DIA_Addon_KDW_14000_Saturas_ADW.d:1122","Wenn du seinen Zorn erregst, dann wird er dich das spüren lassen.","그의 분노를 사면, 그는 그것을 뼈저리게 느끼게 해줄 것이다.","","False","DIA_Addon_Saturas_BeliarsWeapon_besser_14_03","",""
"Scripts/Content/Story/Dialoge/DIA_Addon_KDW_14000_Saturas_ADW.d:1141","Was werdet ihr nun tun?","이제 어떻게 하실 건가요?","","False","DIA_Addon_Saturas_PermENDE_ADDON.description","",""
"Scripts/Content/Story/Dialoge/DIA_Addon_KDW_14000_Saturas_ADW.d:1155","Was werdet ihr nun tun?","이제 어떻게 하실 건가요?","","False","DIA_Addon_Saturas_PermENDE_ADDON_15_00","",""
"Scripts/Content/Story/Dialoge/DIA_Addon_KDW_14000_Saturas_ADW.d:1156","Wir bleiben hier und verhelfen dem Tempel wieder zu Glanz und Größe.","우린 여기에 남아 신전이 예전의 영광과 위대함을 되찾도록 도울 것이다.","","False","DIA_Addon_Saturas_PermENDE_ADDON_14_01","",""
"Scripts/Content/Story/Dialoge/DIA_Addon_KDW_14000_Saturas_ADW.d:1157","All zu lange schon verweilen seine Mauern in diesem beklagenswerten Zustand.","그 성벽은 너무 오랜 시간 동안 이 한탄스러운 상태로 방치되어 있었다.","","False","DIA_Addon_Saturas_PermENDE_ADDON_14_02","",""
"Scripts/Content/Story/Dialoge/DIA_Addon_KDW_14000_Saturas_ADW.d:1160","Was dich angeht, mein Sohn ...","자네에 관한 말이지만...","","False","DIA_Addon_Saturas_PermENDE_ADDON_14_03","",""
"Scripts/Content/Story/Dialoge/DIA_Addon_KDW_14000_Saturas_ADW.d:1161","Es freut mich zu sehen, dass ich mich in dir getäuscht habe. Du bist der Bewahrer des Gleichgewichts. Daran gibt es keinen Zweifel mehr.","내가 자네를 오해했다는 것을 알게 되어 기쁘군. 자네는 균형의 수호자야. 더 이상 의심의 여지가 없다.","","False","DIA_Addon_Saturas_PermENDE_ADDON_14_04","",""
"Scripts/Content/Story/Dialoge/DIA_Addon_KDW_14000_Saturas_ADW.d:1162","Ohne deinen Mut und deine Kraft wäre die Insel von Khorinis untergegangen. Wir danken dir und werden deiner in Ehren gedenken.","자네의 용기와 힘이 없었다면 코리니스의 섬은 멸망했을 것이다. 감사하며, 자네를 명예롭게 기억할 것이다.","","False","DIA_Addon_Saturas_PermENDE_ADDON_14_05","",""
"Scripts/Content/Story/Dialoge/DIA_Addon_KDW_14000_Saturas_ADW.d:1163","Widme dich jetzt wieder den anderen Aufgaben, die noch vor dir liegen, und gib dieser Welt wieder Gleichgewicht und Frieden.","이제 앞에 놓인 다른 임무들에 전념하고, 이 세상에 다시 균형과 평화를 가져다주게.","","False","DIA_Addon_Saturas_PermENDE_ADDON_14_06","",""
"Scripts/Content/Story/Dialoge/DIA_Addon_KDW_14000_Saturas_ADW.d:1164","Geh nun und erfülle dein Schicksal, Bewahrer. Unsere Gebete begleiten dich.","가서 운명을 이루어라, 수호자여. 우리의 기도가 함께할 것이다.","","False","DIA_Addon_Saturas_PermENDE_ADDON_14_07","",""
"Scripts/Content/Story/Dialoge/DIA_Addon_KDW_14000_Saturas_ADW.d:1178","Nimm die 'Klaue Beliars' und vernichte sie.","'벨리알의 발톱'을 가져가서 파괴해 주십시오.","","False","DIA_Addon_Saturas_BeliarWeapGeben.description","",""
"Scripts/Content/Story/Dialoge/DIA_Addon_KDW_14000_Saturas_ADW.d:1193","Nimm die Klaue Beliars und vernichte sie.","벨리알의 발톱을 가져가서 파괴해 주십시오.","","False","DIA_Addon_Saturas_BeliarWeapGeben_15_00","",""
"Scripts/Content/Story/Dialoge/DIA_Addon_KDW_14000_Saturas_ADW.d:1194","Wie du willst, mein Sohn. Gib sie mir.","원하는 대로 하마, 내 아들아. 내게 주거라.","","False","DIA_Addon_Saturas_BeliarWeapGeben_14_01","",""
"Scripts/Content/Story/Dialoge/DIA_Addon_KDW_14000_Saturas_ADW.d:1197","Auf dass sie nun keinen Schaden mehr anrichte werde ich sie in den Tiefen des Meeres versenken.","더 이상 해를 끼치지 못하도록 바다 깊은 곳에 가라앉히겠다.","","False","DIA_Addon_Saturas_BeliarWeapGeben_14_02","",""
"Scripts/Content/Story/Dialoge/DIA_Addon_KDW_14000_Saturas_ADW.d:1198","Adanos' Weisheit wird über sie wachen.","아다노스의 지혜가 그것을 지켜볼 것이다.","","False","DIA_Addon_Saturas_BeliarWeapGeben_14_03","",""
"Scripts/Content/Story/Dialoge/DIA_Addon_KDW_14000_Saturas_ADW.d:1213","Kannst du mir die Kreise der Magie beibringen?","마법의 서클을 가르쳐 주실 수 있나요?","","False","DIA_Addon_Saturas_ADW_PreTeachCircle.description","",""
"Scripts/Content/Story/Dialoge/DIA_Addon_KDW_14000_Saturas_ADW.d:1227","Kannst du mir die Kreise der Magie beibringen?","마법의 서클을 가르쳐 주실 수 있나요?","","False","DIA_Addon_Saturas_ADW_PreTeachCircle_15_00","",""
"Scripts/Content/Story/Dialoge/DIA_Addon_KDW_14000_Saturas_ADW.d:1228","Du bist ein Magier des Feuers. Was wird denn wohl Pyrokar dazu sagen?","자네는 불의 마법사야. 파이로카가 그 사실을 알면 뭐라고 하겠나?","","False","DIA_Addon_Saturas_ADW_PreTeachCircle_14_01","",""
"Scripts/Content/Story/Dialoge/DIA_Addon_KDW_14000_Saturas_ADW.d:1229","Das muss ja niemand wissen.","꼭 알릴 필요는 없잖아요.","","False","DIA_Addon_Saturas_ADW_PreTeachCircle_15_02","",""
"Scripts/Content/Story/Dialoge/DIA_Addon_KDW_14000_Saturas_ADW.d:1230","(seufzt) Ich sehe, dass es dir Ernst damit ist, also werde ich deiner Bitte entsprechen.","(한숨) 진심인 것 같으니, 자네의 부탁을 들어주마.","","False","DIA_Addon_Saturas_ADW_PreTeachCircle_14_03","",""
"Scripts/Content/Story/Dialoge/DIA_Addon_KDW_14000_Saturas_ADW.d:1234","Sollte ich jedoch den Eindruck bekommen, dass ich unser Wissen in die falschen Hände lege, wirst du nicht mehr mit meiner Hilfe rechnen können.","하지만 우리의 지식이 잘못된 곳에 쓰이고 있다는 생각이 든다면, 더 이상 나의 도움을 기대할 수 없을 것이다.","","False","DIA_Addon_Saturas_ADW_PreTeachCircle_14_04","",""
"Scripts/Content/Story/Dialoge/DIA_Addon_KDW_14000_Saturas_ADW.d:1235","Du enttäuschst mich also besser nicht.","그러니 나를 실망시키지 않는 게 좋을 거야.","","False","DIA_Addon_Saturas_ADW_PreTeachCircle_14_05","",""
"Scripts/Content/Story/Dialoge/DIA_Addon_KDW_14000_Saturas_ADW.d:1254","Ich will einen höheren Kreis der Magie lernen.","더 높은 마법의 서클을 배우고 싶습니다.","","False","DIA_Addon_Saturas_ADW_CIRCLE.description","",""
"Scripts/Content/Story/Dialoge/DIA_Addon_KDW_14000_Saturas_ADW.d:1271","Ich will einen höheren Kreis der Magie lernen.","더 높은 마법의 서클을 배우고 싶습니다.","","False","DIA_Addon_Saturas_ADW_CIRCLE_15_00","",""
"Scripts/Content/Story/Dialoge/DIA_Addon_KDW_14000_Saturas_ADW.d:1278","Ja, du bist bereit, dein Wissen zu mehren.","그래, 자네는 지식을 넓힐 준비가 되었군.","","False","DIA_Addon_Saturas_ADW_CIRCLE_14_01","",""
"Scripts/Content/Story/Dialoge/DIA_Addon_KDW_14000_Saturas_ADW.d:1279","Tritt nun in den zweiten Kreis der Magie. Adanos gebe dir die Kraft, deine hiermit verliehene Macht weise einzusetzen.","이제 제2서클에 들어서라. 아다노스께서 이로써 부여된 힘을 현명하게 사용할 수 있는 힘을 주시기를.","","False","DIA_Addon_Saturas_ADW_CIRCLE_14_02","",""
"Scripts/Content/Story/Dialoge/DIA_Addon_KDW_14000_Saturas_ADW.d:1287","Ja, die Zeit ist reif. Tritt nun in den dritten Kreis der Magie.","그래, 때가 무르익었다. 이제 제3서클에 들어서라.","","False","DIA_Addon_Saturas_ADW_CIRCLE_14_03","",""
"Scripts/Content/Story/Dialoge/DIA_Addon_KDW_14000_Saturas_ADW.d:1288","Dein Wissen wird dir erlauben, neue mächtige Zauber zu wirken. Setze sie mit Bedacht ein.","지식을 통해 새롭고 강력한 주문을 구사할 수 있게 될 것이다. 신중하게 사용해라.","","False","DIA_Addon_Saturas_ADW_CIRCLE_14_04","",""
"Scripts/Content/Story/Dialoge/DIA_Addon_KDW_14000_Saturas_ADW.d:1296","Es ist soweit. Du bist bereit, in den vierten Kreis der Magie zu treten.","때가 되었다. 자네는 제4서클에 들어설 준비가 되었다.","","False","DIA_Addon_Saturas_ADW_CIRCLE_14_05","",""
"Scripts/Content/Story/Dialoge/DIA_Addon_KDW_14000_Saturas_ADW.d:1297","Mächtig ist nun dein Wort und deine Tat. Wähle deine neuen Zauber immer mit Sorgfalt und Vernunft.","이제 자네의 말과 행동은 강력할 것이다. 새로운 주문은 항상 신중하고 이성적으로 선택해라.","","False","DIA_Addon_Saturas_ADW_CIRCLE_14_06","",""
"Scripts/Content/Story/Dialoge/DIA_Addon_KDW_14000_Saturas_ADW.d:1305","Dir soll nun das Privileg zuteil werden, in den fünften Kreis der Magie zu treten.","이제 자네에게 제5서클에 들어설 특권을 부여하겠다.","","False","DIA_Addon_Saturas_ADW_CIRCLE_14_07","",""
"Scripts/Content/Story/Dialoge/DIA_Addon_KDW_14000_Saturas_ADW.d:1306","Die Zauber, die du nun erlernen wirst, können wahrlich vernichtend sein.","이제 배우게 될 주문들은 진정 파괴적일 수 있다.","","False","DIA_Addon_Saturas_ADW_CIRCLE_14_08","",""
"Scripts/Content/Story/Dialoge/DIA_Addon_KDW_14000_Saturas_ADW.d:1307","Sei dir also deiner Macht bewusst und erliege nicht dem Größenwahn.","그러니 자신의 힘을 자각하고 과대망상에 빠지지 마라.","","False","DIA_Addon_Saturas_ADW_CIRCLE_14_09","",""
"Scripts/Content/Story/Dialoge/DIA_Addon_KDW_14000_Saturas_ADW.d:1312","Das ist nun nicht mehr meine Aufgabe.","그건 이제 내 임무가 아니야.","","False","DIA_Addon_Saturas_ADW_CIRCLE_14_10","",""
"Scripts/Content/Story/Dialoge/DIA_Addon_KDW_14000_Saturas_ADW.d:1313","Um den sechsten und letzten Kreis der Magie zu lernen, solltest du doch besser ins Kloster gehen, Magier des Feuers.","여섯 번째이자 마지막 마법의 서클을 배우려면, 수도원으로 가는 게 좋겠군, 불의 마법사여.","","False","DIA_Addon_Saturas_ADW_CIRCLE_14_11","",""
"Scripts/Content/Story/Dialoge/DIA_Addon_KDW_14000_Saturas_ADW.d:1318","Es ist noch zu früh für dich. Komm später wieder.","아직 자네에게는 너무 이르다. 나중에 다시 오게.","","False","DIA_Addon_Saturas_ADW_CIRCLE_14_12","",""
"Scripts/Content/Story/Dialoge/DIA_Addon_KDW_1400_Saturas_NW.d:23","Da du dir ohnehin nicht nehmen lassen wirst, auch die anderen Magier von ihrer Arbeit abzuhalten, kannst du einem von ihnen auch eine Nachricht von mir überbringen.","어차피 다른 마법사들이 일하는 걸 방해하는 걸 멈추지 않을 테니, 내 메시지나 그들 중 한 명에게 전해 주도록 해라.","","False","DIA_Addon_Saturas_auftrag_14_01","",""
"Scripts/Content/Story/Dialoge/DIA_Addon_KDW_1400_Saturas_NW.d:24","Sag Riordian, dass ich ihn hier bei mir zu sehen wünsche.","리오르디안에게 여기서 나를 보기를 원한다고 전해라.","","False","DIA_Addon_Saturas_auftrag_14_02","",""
"Scripts/Content/Story/Dialoge/DIA_Addon_KDW_1400_Saturas_NW.d:25","Er hält sich im hinteren Bereich des Gewölbes auf. Du wirst ihn schon finden.","그는 금고 안쪽에 있다. 쉽게 찾을 수 있을 것이다.","","False","DIA_Addon_Saturas_auftrag_14_03","",""
"Scripts/Content/Story/Dialoge/DIA_Addon_KDW_1400_Saturas_NW.d:45","Ich soll für Nefarius die verlorenen Teile des Ornamentes finden.","네파리우스가 잃어버린 장식물 조각을 찾아야 한다.","","False","DIA_Addon_Saturas_Nefarius.description","",""
"Scripts/Content/Story/Dialoge/DIA_Addon_KDW_1400_Saturas_NW.d:58","Ich soll für Nefarius die verlorenen Teile des Ornamentes finden.","네파리우스가 잃어버린 장식물 조각을 찾아야 한다.","","False","DIA_ADDON_Saturas_Nefarius_15_00","",""
"Scripts/Content/Story/Dialoge/DIA_Addon_KDW_1400_Saturas_NW.d:59","Was? Das ist ja unglaublich! Du steckst schon wieder mit drin?","뭐? 믿을 수가 없군! 자네가 또 여기에 끼어 있는 건가?","","False","DIA_ADDON_Saturas_Nefarius_14_01","",""
"Scripts/Content/Story/Dialoge/DIA_Addon_KDW_1400_Saturas_NW.d:60","Keine Angst, ich bringe die Dinger schon her.","걱정 마, 물건은 꼭 가져올 테니까.","","False","DIA_ADDON_Saturas_Nefarius_15_02","",""
"Scripts/Content/Story/Dialoge/DIA_Addon_KDW_1400_Saturas_NW.d:65","(seufzt) Weißt du wenigstens, wo du suchen musst?","(한숨) 어디서 찾아야 할지는 알고 있나?","","False","DIA_ADDON_Saturas_Nefarius_14_03","",""
"Scripts/Content/Story/Dialoge/DIA_Addon_KDW_1400_Saturas_NW.d:66","Nefarius hat mir diese Karte gegeben ...","네파리우스가 이 지도를 줬어요...","","False","DIA_ADDON_Saturas_Nefarius_15_04","",""
"Scripts/Content/Story/Dialoge/DIA_Addon_KDW_1400_Saturas_NW.d:67","Zeig her!","어디 보자!","","False","DIA_ADDON_Saturas_Nefarius_14_05","",""
"Scripts/Content/Story/Dialoge/DIA_Addon_KDW_1400_Saturas_NW.d:69","Hmmm. Im großen Wald ist es ziemlich gefährlich. Du solltest nicht alleine gehen.","흠. 커다란 숲속은 꽤 위험하다. 혼자 가면 안 돼.","","False","DIA_ADDON_Saturas_Nefarius_14_06","",""
"Scripts/Content/Story/Dialoge/DIA_Addon_KDW_1400_Saturas_NW.d:70","Such dir in Khorinis jemanden, der dich begleitet.","코리니스에서 자네와 동행할 사람을 찾아보게.","","False","DIA_ADDON_Saturas_Nefarius_14_07","",""
"Scripts/Content/Story/Dialoge/DIA_Addon_KDW_1400_Saturas_NW.d:71","Ich will nicht, dass du von Monstern gefressen wirst - und das Ornament mit dir.","괴물들한테 잡아먹히는 꼴은 보고 싶지 않거든. 장식물과 함께 말이야.","","False","DIA_ADDON_Saturas_Nefarius_14_08","",""
"Scripts/Content/Story/Dialoge/DIA_Addon_KDW_1400_Saturas_NW.d:72","Hier hast du deine Karte wieder ...","자, 지도 다시 돌려주마...","","False","DIA_ADDON_Saturas_Nefarius_14_09","",""
"Scripts/Content/Story/Dialoge/DIA_Addon_KDW_1400_Saturas_NW.d:103","Hast du eigentlich die leiseste Ahnung, was du da getan hast?","자기가 무슨 짓을 저질렀는지 조금이라도 알고는 있나?","","False","DIA_Addon_Saturas_Hallo_weißtdu_14_00","",""
"Scripts/Content/Story/Dialoge/DIA_Addon_KDW_1400_Saturas_NW.d:104","Du hast das Gefüge der Magie derart durcheinander gebracht, dass es bis nach Khorinis zu hören war.","자네가 마법의 체계를 아주 난장판으로 만들어 놓는 바람에 코리니스에서도 그 소리가 들릴 정도였다고.","","False","DIA_Addon_Saturas_Hallo_weißtdu_14_01","",""
"Scripts/Content/Story/Dialoge/DIA_Addon_KDW_1400_Saturas_NW.d:105","Du kannst von Glück sagen, dass die Barriere eines Tages einfach in sich zusammen gefallen ist.","어느 날 장벽이 그냥 스스로 무너져 내린 걸 다행으로 알게.","","False","DIA_Addon_Saturas_Hallo_weißtdu_14_02","",""
"Scripts/Content/Story/Dialoge/DIA_Addon_KDW_1400_Saturas_NW.d:106","Worüber beschwerst du dich dann? Hat doch alles gut geklappt.","그럼 뭘 불평하시는 건가요? 다 잘 해결됐잖아요.","","False","DIA_Addon_Saturas_Hallo_weißtdu_15_03","",""
"Scripts/Content/Story/Dialoge/DIA_Addon_KDW_1400_Saturas_NW.d:107","(poltert) Hüte deine Zunge!","(소리치며) 입조심하게!","","False","DIA_Addon_Saturas_Hallo_weißtdu_14_04","",""
"Scripts/Content/Story/Dialoge/DIA_Addon_KDW_1400_Saturas_NW.d:108","(aufbrausent) Was zum Henker willst du hier überhaupt?","(욱하며) 대체 여기서 뭘 원하는 거냐?","","False","DIA_Addon_Saturas_Hallo_weißtdu_14_05","",""
"Scripts/Content/Story/Dialoge/DIA_Addon_KDW_1400_Saturas_NW.d:114","Bist du denn von Sinnen? Mach, dass du hier raus kommst.","제정신이야? 당장 꺼지지 못해.","","False","DIA_Addon_Saturas_Hallo_14_00","",""
"Scripts/Content/Story/Dialoge/DIA_Addon_KDW_1400_Saturas_NW.d:115","In diesen Gewölben ist es zu gefährlich für Möchtegernabenteurer.","이 금고는 어중간한 모험가들이 얼쩡거리기엔 너무 위험하다고.","","False","DIA_Addon_Saturas_Hallo_14_01","",""
"Scripts/Content/Story/Dialoge/DIA_Addon_KDW_1400_Saturas_NW.d:116","(verärgert) Aber sag mal, kenne ich dich nicht? Natürlich. Du Mistkerl ...","(짜증 내며) 잠깐, 내가 이 사람을 알던가? 당연하지. 이 자식...","","False","DIA_Addon_Saturas_Hallo_14_02","",""
"Scripts/Content/Story/Dialoge/DIA_Addon_KDW_1400_Saturas_NW.d:117","(verärgert) Glaube ja nicht, dass ich vergessen habe, wie du uns betrogen hast damals im neuen Lager.","(짜증 내며) 옛날에 새 야영지에서 우리를 어떻게 배신했는지 내가 잊었을 거라고 생각하지 마라.","","False","DIA_Addon_Saturas_Hallo_14_03","",""
"Scripts/Content/Story/Dialoge/DIA_Addon_KDW_1400_Saturas_NW.d:120","Ich...","난...","","False","DIA_Addon_Saturas_Hallo_Info.DIA_Addon_Saturas_Hallo.DIA_Addon_Saturas_Hallo_Video","Info_AddChoice",""
"Scripts/Content/Story/Dialoge/DIA_Addon_KDW_1400_Saturas_NW.d:126","(verärgert) Du hast unserem Erzhaufen alle magische Macht entzogen und dann bist du einfach verschwunden!","(짜증 내며) 자네는 우리 광산 더미의 모든 마법력을 빨아들이고는 그냥 사라져 버렸어!","","False","DIA_Addon_Saturas_Video_14_00","",""
"Scripts/Content/Story/Dialoge/DIA_Addon_KDW_1400_Saturas_NW.d:127","(verärgert) Was hast du dir eigentlich dabei gedacht?","(짜증 내며) 대체 무슨 생각으로 그런 짓을 벌인 건가?","","False","DIA_Addon_Saturas_Video_14_01","",""
"Scripts/Content/Story/Dialoge/DIA_Addon_KDW_1400_Saturas_NW.d:130","Tut mir leid. Ich wusste nicht, was ich tat.","죄송해요. 제가 무슨 짓을 하는지 몰랐어요.","","False","DIA_Addon_Saturas_Hallo_Video.DIA_Addon_Saturas_Hallo.DIA_Addon_Saturas_Hallo_sorry","Info_AddChoice",""
"Scripts/Content/Story/Dialoge/DIA_Addon_KDW_1400_Saturas_NW.d:131","Euer Plan hätte sowieso nicht funktioniert.","애초에 당신들의 계획은 통하지 않았을 겁니다.","","False","DIA_Addon_Saturas_Hallo_Video.DIA_Addon_Saturas_Hallo.DIA_Addon_Saturas_Hallo_Spott","Info_AddChoice",""
"Scripts/Content/Story/Dialoge/DIA_Addon_KDW_1400_Saturas_NW.d:132","Es war notwendig.","필요한 일이었어.","","False","DIA_Addon_Saturas_Hallo_Video.DIA_Addon_Saturas_Hallo.DIA_Addon_Saturas_Hallo_notwendig","Info_AddChoice",""
"Scripts/Content/Story/Dialoge/DIA_Addon_KDW_1400_Saturas_NW.d:137","Es war notwendig. Ohne die Macht des Erzes hätte ich den Schläfer niemals besiegen können.","필요한 일이었어요. 광석의 힘이 없었다면 슬리퍼를 절대 물리칠 수 없었을 겁니다.","","False","DIA_Addon_Saturas_Hallo_notwendig_15_00","",""
"Scripts/Content/Story/Dialoge/DIA_Addon_KDW_1400_Saturas_NW.d:138","(sauer) Was ist das für ein Gefasel? Schläfer? Besiegt?","(화내며) 이게 무슨 헛소리야? 슬리퍼? 물리쳤다고?","","False","DIA_Addon_Saturas_Hallo_notwendig_14_01","",""
"Scripts/Content/Story/Dialoge/DIA_Addon_KDW_1400_Saturas_NW.d:144","Euer Plan hätte sowieso nicht funktioniert. Die Barriere mit dem Erzhaufen zu sprengen, ist der größte Unfug, den je gehört habe.","애초에 당신들 계획은 통하지 않았을 겁니다. 광석 더미로 장벽을 날려버리겠다는 건 내가 들어본 것 중에 가장 터무니없는 소리니까요.","","False","DIA_Addon_Saturas_Hallo_Spott_15_00","",""
"Scripts/Content/Story/Dialoge/DIA_Addon_KDW_1400_Saturas_NW.d:145","Ihr hättet euch am Ende damit noch selbst in die Luft gejagt.","결국엔 자네들도 같이 산산조각 났을 걸.","","False","DIA_Addon_Saturas_Hallo_Spott_15_01","",""
"Scripts/Content/Story/Dialoge/DIA_Addon_KDW_1400_Saturas_NW.d:146","(sauer) Das ist doch der Gipfel. Wer gibt dir das Recht, über uns und unsere Absichten zu richten?","(화내며) 이건 도를 넘었어. 누가 너한테 우리와 우리의 의도를 심판할 권리를 줬지?","","False","DIA_Addon_Saturas_Hallo_Spott_14_02","",""
"Scripts/Content/Story/Dialoge/DIA_Addon_KDW_1400_Saturas_NW.d:147","Wenn ich nicht so ein friedliebender Mensch wäre, würde ich den Zorn Adanos' auf dich heraufbeschwören, mein Junge.","내가 이렇게 평화로운 사람이 아니었다면, 아다노스의 분노를 너에게 불러일으켰을 거다, 이 젊은 친구야.","","False","DIA_Addon_Saturas_Hallo_Spott_14_03","",""
"Scripts/Content/Story/Dialoge/DIA_Addon_KDW_1400_Saturas_NW.d:153","Tut mir Leid. Ich wusste nicht, was ich tat.","죄송합니다. 제가 무슨 짓을 하는지 몰랐어요.","","False","DIA_Addon_Saturas_Hallo_sorry_15_00","",""
"Scripts/Content/Story/Dialoge/DIA_Addon_KDW_1400_Saturas_NW.d:154","Ach? Und du glaubst, damit wäre das erledigt?","그래? 그리고 그것으로 끝이라고 생각하나?","","False","DIA_Addon_Saturas_Hallo_sorry_14_01","",""
"Scripts/Content/Story/Dialoge/DIA_Addon_KDW_1400_Saturas_NW.d:167","Ich habe keine Ahnung.","잘 모르겠네요.","","False","DIA_Addon_Saturas_keineAhnung.description","",""
"Scripts/Content/Story/Dialoge/DIA_Addon_KDW_1400_Saturas_NW.d:180","Ich habe keine Ahnung. Ich dachte, ich schau mal vorbei.","잘 모르겠어요. 그냥 한번 들러봤죠.","","False","DIA_Addon_Saturas_keineAhnung_15_00","",""
"Scripts/Content/Story/Dialoge/DIA_Addon_KDW_1400_Saturas_NW.d:181","Du verschwendest meine Zeit. Verschwinde hier.","내 시간을 낭비하지 마. 여기서 당장 꺼져.","","False","DIA_Addon_Saturas_keineAhnung_14_01","",""
"Scripts/Content/Story/Dialoge/DIA_Addon_KDW_1400_Saturas_NW.d:182","(zu sich) Ich werde dich mir später noch mal vorknöpfen.","(혼잣말로) 나중에 아주 단단히 손봐줄 테니까.","","False","DIA_Addon_Saturas_keineAhnung_14_02","",""
"Scripts/Content/Story/Dialoge/DIA_Addon_KDW_1400_Saturas_NW.d:216","Sieh zu, dass du hier wieder raus kommst, bevor dir hier noch was passiert.","여기서 무슨 일이 일어나기 전에 얼른 꺼지도록 해.","","False","DIA_Addon_Saturas_raus_14_00","",""
"Scripts/Content/Story/Dialoge/DIA_Addon_KDW_1400_Saturas_NW.d:229","Ich bin mit Lares hierher gekommen.","라레스와 함께 이곳에 왔습니다.","","False","DIA_Addon_Saturas_Lares.description","",""
"Scripts/Content/Story/Dialoge/DIA_Addon_KDW_1400_Saturas_NW.d:242","Ich bin mit Lares hierher gekommen.","라레스와 함께 이곳에 왔습니다.","","False","DIA_Addon_Saturas_Lares_15_00","",""
"Scripts/Content/Story/Dialoge/DIA_Addon_KDW_1400_Saturas_NW.d:243","(besorgt) Lares? Wirklich? Wo ist er?","(걱정하며) 라레스라고? 정말인가? 그는 어디 있나?","","False","DIA_Addon_Saturas_Lares_14_01","",""
"Scripts/Content/Story/Dialoge/DIA_Addon_KDW_1400_Saturas_NW.d:244","Ich bin allein. Lares ist zurück in die Stadt gegangen.","전 혼자에요. 라레스는 도시로 돌아갔습니다.","","False","DIA_Addon_Saturas_Lares_15_02","",""
"Scripts/Content/Story/Dialoge/DIA_Addon_KDW_1400_Saturas_NW.d:245","Was? Und er hat dich ganz allein zu uns geschickt? Was denkt er sich eigentlich?","뭐? 그리고 너를 우리한테 혼자 보냈단 말이야? 도대체 무슨 생각을 하고 있는 거야?","","False","DIA_Addon_Saturas_Lares_14_03","",""
"Scripts/Content/Story/Dialoge/DIA_Addon_KDW_1400_Saturas_NW.d:257","Ich habe euer Ornament mitgebracht.","당신들의 장식물을 가져왔습니다.","","False","DIA_Addon_Saturas_Ornament.description","",""
"Scripts/Content/Story/Dialoge/DIA_Addon_KDW_1400_Saturas_NW.d:273","Ich habe euer Ornament mitgebracht.","당신들의 장식물을 가져왔습니다.","","False","DIA_Addon_Saturas_Ornament_15_00","",""
"Scripts/Content/Story/Dialoge/DIA_Addon_KDW_1400_Saturas_NW.d:275","Was in aller Welt soll das bedeuten?","도대체 이게 무슨 소리란 말인가?","","False","DIA_Addon_Saturas_Ornament_ADD_14_00","",""
"Scripts/Content/Story/Dialoge/DIA_Addon_KDW_1400_Saturas_NW.d:279","Wer hat dir das gegeben? Sag nicht, dass Lares es dir einfach überlassen hat.","누가 그걸 너한테 줬지? 설마 라레스가 그냥 너한테 넘겨준 건 아니겠지.","","False","DIA_Addon_Saturas_Ornament_14_01","",""
"Scripts/Content/Story/Dialoge/DIA_Addon_KDW_1400_Saturas_NW.d:282","Jetzt komm mal wieder runter. Ich habe es dir gebracht. Das wolltest du doch, oder?","진정해요. 내가 가져왔잖아요. 당신도 이걸 원했던 거 아니에요?","","False","DIA_Addon_Saturas_Ornament_15_02","",""
"Scripts/Content/Story/Dialoge/DIA_Addon_KDW_1400_Saturas_NW.d:283","Schon. Aber es beunruhigt mich, dass DU schon wieder deine Finger im Spiel hast.","그렇겠지. 하지만 네가 또다시 이런 일에 끼어들었다니 찜찜하군.","","False","DIA_Addon_Saturas_Ornament_14_03","",""
"Scripts/Content/Story/Dialoge/DIA_Addon_KDW_1400_Saturas_NW.d:284","Warum machst du so ein Theater um die alte Geschichte mit dem Erzhaufen?","광석 더미와 관련된 그 오래된 일에 왜 그렇게 유난을 떠시는 겁니까?","","False","DIA_Addon_Saturas_Ornament_15_04","",""
"Scripts/Content/Story/Dialoge/DIA_Addon_KDW_1400_Saturas_NW.d:285","Immerhin habe ich damals schon für dich gearbeitet. Hast du dich da etwa nicht auf mich verlassen können?","결국 난 그때도 너를 위해 일했잖아. 내가 그땐 널 믿음직스럽게 대하지 못했던가?","","False","DIA_Addon_Saturas_Ornament_15_05","",""
"Scripts/Content/Story/Dialoge/DIA_Addon_KDW_1400_Saturas_NW.d:286","(seufzt) Und was hat es mir schlussendlich eingebracht? Mpfh, denk ja nicht, dass ich dir traue ...","(한숨을 쉰다) 그래, 결국 내게 남은 게 뭐지? 흐음, 내가 널 믿을 거라고는 생각하지 마라...","","False","DIA_Addon_Saturas_Ornament_14_06","",""
"Scripts/Content/Story/Dialoge/DIA_Addon_KDW_1400_Saturas_NW.d:320","Ich will mich dem 'Ring des Wassers' anschließen.","'링 오브 워터'에 들어가고 싶습니다.","","False","DIA_Addon_Saturas_geheimbund.description","",""
"Scripts/Content/Story/Dialoge/DIA_Addon_KDW_1400_Saturas_NW.d:335","Ich will mich dem 'Ring des Wassers' anschließen.","'링 오브 워터'에 들어가고 싶습니다.","","False","DIA_Addon_Saturas_geheimbund_15_00","",""
"Scripts/Content/Story/Dialoge/DIA_Addon_KDW_1400_Saturas_NW.d:339","(erbost) WAS? Woher weißt du das denn schon wieder? Wer …? LARES ... Ich bring ihn um!","(격분하며) 뭐라고? 네가 그걸 어떻게 알았지? 누가...? 라레스... 당장 죽여버릴 테다!","","False","DIA_Addon_Saturas_geheimbund_14_01","",""
"Scripts/Content/Story/Dialoge/DIA_Addon_KDW_1400_Saturas_NW.d:340","Er hat gegen unsere erste Regel verstossen. Niemand spricht über den 'Ring des Wassers'.","그 녀석은 우리의 첫 번째 규칙을 어겼어. 그 누구에게도 '링 오브 워터'에 대해 발설해선 안 돼.","","False","DIA_Addon_Saturas_geheimbund_14_02","",""
"Scripts/Content/Story/Dialoge/DIA_Addon_KDW_1400_Saturas_NW.d:343","(völlig fertig) Ich weiß nicht, was ich dazu sagen soll. Ich traue dir nur, solange ich dich im Auge habe.","(녹초가 되어) 뭐라고 해야 할지 모르겠군. 네가 내 시야 안에 있는 동안에만 널 믿어주마.","","False","DIA_Addon_Saturas_geheimbund_14_03","",""
"Scripts/Content/Story/Dialoge/DIA_Addon_KDW_1400_Saturas_NW.d:344","Es war Vatras, der mir alles über den Ring erzählt hat.","반지에 대해 모든 걸 알려준 건 바트라스였습니다.","","False","DIA_Addon_Saturas_geheimbund_15_04","",""
"Scripts/Content/Story/Dialoge/DIA_Addon_KDW_1400_Saturas_NW.d:345","(resigniert) Was? Vatras? (sarkastisch) Großartig! Von allen Wassermagiern auf der Insel musstest du ausgerechnet an den einen geraten, der dich NICHT kennt ...","(체념하며) 뭐라고? 바트라스라고? (비꼬듯) 대단하군! 이 섬의 모든 물의 마법사들 중에서 하필이면 널 모르는 자를 콕 집어 만났단 말이지...","","False","DIA_Addon_Saturas_geheimbund_14_05","",""
"Scripts/Content/Story/Dialoge/DIA_Addon_KDW_1400_Saturas_NW.d:346","Ich warne dich: Mach dieses Mal keine Dummheiten!","경고하겠는데, 이번에는 헛짓거리 하지 마라!","","False","DIA_Addon_Saturas_geheimbund_14_06","",""
"Scripts/Content/Story/Dialoge/DIA_Addon_KDW_1400_Saturas_NW.d:347","(trocken) Ich werd' mir Mühe geben ...","(건조하게) 노력해 보죠...","","False","DIA_Addon_Saturas_geheimbund_15_07","",""
"Scripts/Content/Story/Dialoge/DIA_Addon_KDW_1400_Saturas_NW.d:363","Was machst du hier unten?","여기서 뭐 하고 계십니까?","","False","DIA_Addon_Saturas_wasmachstdu.description","",""
"Scripts/Content/Story/Dialoge/DIA_Addon_KDW_1400_Saturas_NW.d:376","Was machst du hier unten?","여기서 뭐 하고 계십니까?","","False","DIA_Addon_Saturas_wasmachstdu_15_00","",""
"Scripts/Content/Story/Dialoge/DIA_Addon_KDW_1400_Saturas_NW.d:377","(ehrfürchtig) Diese Hallen beherbergen alte Geheimnisse. Rätselhafte Geheimnisse.","(경외감을 담아) 이 홀은 오랜 비밀을 품고 있다. 수수께끼 같은 비밀들을 말이지.","","False","DIA_Addon_Saturas_wasmachstdu_14_01","",""
"Scripts/Content/Story/Dialoge/DIA_Addon_KDW_1400_Saturas_NW.d:378","Die Inschriften und Wandmalereien lassen auf eine sehr alte Kultur schließen.","새겨진 글귀와 벽화들로 미루어 볼 때, 매우 고대의 문화였던 것으로 짐작된다.","","False","DIA_Addon_Saturas_wasmachstdu_14_02","",""
"Scripts/Content/Story/Dialoge/DIA_Addon_KDW_1400_Saturas_NW.d:379","Alles, was du hier sehen kannst, ist in einer uns gänzlich unbekannten Sprache geschrieben.","네가 여기서 볼 수 있는 모든 것은 우리가 전혀 알지 못하는 언어로 쓰여 있다.","","False","DIA_Addon_Saturas_wasmachstdu_14_03","",""
"Scripts/Content/Story/Dialoge/DIA_Addon_KDW_1400_Saturas_NW.d:380","Wir fangen gerade erst an, sie zu lernen und ihren Sinn zu erfassen.","우리는 이제 겨우 그 언어를 배우고 의미를 파악하기 시작했을 뿐이다.","","False","DIA_Addon_Saturas_wasmachstdu_14_04","",""
"Scripts/Content/Story/Dialoge/DIA_Addon_KDW_1400_Saturas_NW.d:392","Was sind das für seltsame Erdbeben?","이 이상한 지진은 다 뭡니까?","","False","DIA_Addon_Saturas_Erdbeben.description","",""
"Scripts/Content/Story/Dialoge/DIA_Addon_KDW_1400_Saturas_NW.d:407","Was sind das für seltsame Erdbeben?","이 이상한 지진은 다 뭡니까?","","False","DIA_Addon_Saturas_Erdbeben_15_00","",""
"Scripts/Content/Story/Dialoge/DIA_Addon_KDW_1400_Saturas_NW.d:408","Das ist eins der Rätsel, die ich versuche zu lösen.","그것이 바로 내가 풀고자 하는 수수께끼 중 하나다.","","False","DIA_Addon_Saturas_Erdbeben_14_01","",""
"Scripts/Content/Story/Dialoge/DIA_Addon_KDW_1400_Saturas_NW.d:409","Das Gefüge der Magie wird irgendwo hinter diesen Bergen gestört.","저 산들 뒤 어딘가에서 마법의 구조가 교란되고 있다.","","False","DIA_Addon_Saturas_Erdbeben_14_02","",""
"Scripts/Content/Story/Dialoge/DIA_Addon_KDW_1400_Saturas_NW.d:410","Ganz offensichtlich versucht da jemand mit aller Gewalt, einen mächtigen Zauber zu brechen.","누군가 안간힘을 다해 강력한 마법을 깨려 하고 있음이 분명해.","","False","DIA_Addon_Saturas_Erdbeben_14_03","",""
"Scripts/Content/Story/Dialoge/DIA_Addon_KDW_1400_Saturas_NW.d:411","Ich fürchte, es dauert nicht lange, bis die ganze Insel von diesen Beben heimgesucht wird.","이러다간 곧 섬 전체가 이 지진에 휩싸이게 될 거다.","","False","DIA_Addon_Saturas_Erdbeben_14_04","",""
"Scripts/Content/Story/Dialoge/DIA_Addon_KDW_1400_Saturas_NW.d:423","Warum ist euch dieses Ornament so wichtig?","왜 이 장식물이 그렇게 중요합니까?","","False","DIA_Addon_Saturas_WhatsOrnament.description","",""
"Scripts/Content/Story/Dialoge/DIA_Addon_KDW_1400_Saturas_NW.d:438","Warum ist euch dieses Ornament so wichtig?","왜 이 장식물이 그렇게 중요합니까?","","False","DIA_Addon_Saturas_WhatsOrnament_15_00","",""
"Scripts/Content/Story/Dialoge/DIA_Addon_KDW_1400_Saturas_NW.d:439","(genervt) Es ist der Schlüssel zu einem Portal.","(짜증 내며) 이건 포털의 열쇠다.","","False","DIA_Addon_Saturas_WhatsOrnament_14_01","",""
"Scripts/Content/Story/Dialoge/DIA_Addon_KDW_1400_Saturas_NW.d:440","Mehr werde ich dir dazu nicht sagen.","그 이상은 말해줄 수 없다.","","False","DIA_Addon_Saturas_WhatsOrnament_14_02","",""
"Scripts/Content/Story/Dialoge/DIA_Addon_KDW_1400_Saturas_NW.d:453","Ich gehöre jetzt zum 'Ring des Wassers'.","난 이제 '링 오브 워터'의 일원이다.","","False","DIA_Addon_Saturas_ScRanger.description","",""
"Scripts/Content/Story/Dialoge/DIA_Addon_KDW_1400_Saturas_NW.d:467","Ich gehöre jetzt zum 'Ring des Wassers'.","난 이제 '링 오브 워터'의 일원이다.","","False","DIA_Addon_Saturas_ScRanger_15_00","",""
"Scripts/Content/Story/Dialoge/DIA_Addon_KDW_1400_Saturas_NW.d:478","Wie ich sehe, trägst du die Rüstung unserer Kinder.","보다시피, 너는 우리 아이들의 방어구를 입고 있구나.","","False","DIA_Addon_Saturas_ScRanger_14_01","",""
"Scripts/Content/Story/Dialoge/DIA_Addon_KDW_1400_Saturas_NW.d:482","Wie ich sehe, trägst du unser geheimes Erkennungszeichen. Den Aquamarinring.","보다시피, 너는 우리의 비밀 표식을 지니고 있군. 아쿠아마린 반지 말이다.","","False","DIA_Addon_Saturas_ScRanger_14_02","",""
"Scripts/Content/Story/Dialoge/DIA_Addon_KDW_1400_Saturas_NW.d:485","Und ich erkenne in deinen Augen, dass du die Wahrheit sagst.","그리고 네 눈빛을 보니 진실을 말하고 있음을 알겠노라.","","False","DIA_Addon_Saturas_ScRanger_14_03","",""
"Scripts/Content/Story/Dialoge/DIA_Addon_KDW_1400_Saturas_NW.d:486","(grummelt) Ist gut. Ich werde deine Aufnahme in unsere Reihen akzeptieren.","(투덜거리며) 좋다. 네가 우리의 대열에 합류하는 것을 수락하마.","","False","DIA_Addon_Saturas_ScRanger_14_04","",""
"Scripts/Content/Story/Dialoge/DIA_Addon_KDW_1400_Saturas_NW.d:487","Aber bedenke, dass es auch mit einer großen Verantwortung verbunden ist.","하지만 그만큼 큰 책임이 따른다는 것을 명심해라.","","False","DIA_Addon_Saturas_ScRanger_14_05","",""
"Scripts/Content/Story/Dialoge/DIA_Addon_KDW_1400_Saturas_NW.d:488","Und ich will für dich hoffen, dass du ihr auch gerecht wirst.","네가 그 책임에 걸맞은 자가 되기를 바랄 뿐이다.","","False","DIA_Addon_Saturas_ScRanger_14_06","",""
"Scripts/Content/Story/Dialoge/DIA_Addon_KDW_1400_Saturas_NW.d:494","Und woran soll ich jetzt erkennen, dass du zu uns gehörst?","그렇다면 네가 우리 일원이라는 걸 내가 어떻게 알 수 있지?","","False","DIA_Addon_Saturas_ScRanger_14_07","",""
"Scripts/Content/Story/Dialoge/DIA_Addon_KDW_1400_Saturas_NW.d:498","Der Aquamarinring, den du da trägst, gehört Lares. Das seh' ich doch.","네가 끼고 있는 아쿠아마린 반지는 라레스의 것이야. 내 눈에는 다 보인다.","","False","DIA_Addon_Saturas_ScRanger_14_08","",""
"Scripts/Content/Story/Dialoge/DIA_Addon_KDW_1400_Saturas_NW.d:501","Willst mich wohl verarschen, was? Ich habe auch nichts anderes erwartet.","날 지금 우습게 보나, 응? 역시 다른 반응은 기대도 안 했지.","","False","DIA_Addon_Saturas_ScRanger_14_09","",""
"Scripts/Content/Story/Dialoge/DIA_Addon_KDW_1400_Saturas_NW.d:516","Gib mir den Ring. Ich werde das Portal öffnen.","반지를 주십시오. 제가 포털을 열겠습니다.","","False","DIA_Addon_Saturas_OpenPortal.description","",""
"Scripts/Content/Story/Dialoge/DIA_Addon_KDW_1400_Saturas_NW.d:531","Gib mir den Ring. Ich werde das Portal öffnen.","반지를 주십시오. 제가 포털을 열겠습니다.","","False","DIA_Addon_Saturas_OpenPortal_15_00","",""
"Scripts/Content/Story/Dialoge/DIA_Addon_KDW_1400_Saturas_NW.d:535","(schlau) Gut! Als neues Mitglied unserer Kinder soll dir diese Ehre zuteil werden.","(교활하게) 좋다! 우리 아이들의 신입 멤버로서 네가 그 영광을 누릴 자격이 있다.","","False","DIA_Addon_Saturas_OpenPortal_14_01","",""
"Scripts/Content/Story/Dialoge/DIA_Addon_KDW_1400_Saturas_NW.d:536","Doch warte ich noch auf eine Nachricht von Vatras. Bevor ich sie nicht erhalten habe, können wir noch nicht gehen.","하지만 아직 바트라스의 메시지를 기다리고 있다. 그 메시지를 받기 전에는 떠날 수 없다.","","False","DIA_Addon_Saturas_OpenPortal_14_02","",""
"Scripts/Content/Story/Dialoge/DIA_Addon_KDW_1400_Saturas_NW.d:541","Ich HABE eine Nachricht von Vatras für dich.","바트라스가 보낸 메시지가 있습니다.","","False","DIA_Addon_Saturas_OpenPortal_15_03","",""
"Scripts/Content/Story/Dialoge/DIA_Addon_KDW_1400_Saturas_NW.d:549","(verärgert)So so. Und du konntest natürlich nicht an dich halten und musstest sie unbedingt öffnen, ja?","(화가 나서) 그렇단 말이지. 그래서 네 녀석은 참지 못하고 기어코 포털을 열고야 말았다는 건가?","","False","DIA_Addon_Saturas_OpenPortal_14_04","",""
"Scripts/Content/Story/Dialoge/DIA_Addon_KDW_1400_Saturas_NW.d:550","Nun, ähh ...","글쎄요, 어흠...","","False","DIA_Addon_Saturas_OpenPortal_15_05","",""
"Scripts/Content/Story/Dialoge/DIA_Addon_KDW_1400_Saturas_NW.d:551","(droht) Ich will nur für dich hoffen, dass mein noch sehr zartes Vertrauen in dich nicht bestraft wird.","(으름장을 놓으며) 너에 대한 나의 아직은 매우 여린 신뢰가 헛되지 않기를 바랄 뿐이다.","","False","DIA_Addon_Saturas_OpenPortal_14_06","",""
"Scripts/Content/Story/Dialoge/DIA_Addon_KDW_1400_Saturas_NW.d:555","(verwundert) Höchst interessant. Nun gut.","(놀라며) 매우 흥미롭군. 좋아.","","False","DIA_Addon_Saturas_OpenPortal_14_07","",""
"Scripts/Content/Story/Dialoge/DIA_Addon_KDW_1400_Saturas_NW.d:559","Hier, nimm den Ring. Wir werden uns am Portal versammeln und auf dich warten.","자, 반지를 받아라. 우리는 포털에 모여서 너를 기다리겠다.","","False","DIA_Addon_Saturas_OpenPortal_14_08","",""
"Scripts/Content/Story/Dialoge/DIA_Addon_KDW_1400_Saturas_NW.d:564","Wenn Nefarius Recht hat, wird sich das Portal öffnen, sobald du Ring dort einsetzt.","네파리우스의 말이 맞다면, 네가 그곳에 반지를 넣는 즉시 포털이 열릴 것이다.","","False","DIA_Addon_Saturas_OpenPortal_14_09","",""
"Scripts/Content/Story/Dialoge/DIA_Addon_KDW_1400_Saturas_NW.d:584","Solange Vatras mir kein eindeutiges Zeichen übermittelt, dass dir zu trauen ist, werde ich den Ring bei mir behalten.","바트라스가 네가 믿을 만하다는 명확한 신호를 보내올 때까지는, 내가 반지를 가지고 있겠다.","","False","DIA_Addon_Saturas_OpenPortal_14_10","",""
"Scripts/Content/Story/Dialoge/DIA_Addon_KDW_1400_Saturas_NW.d:601","Kannst du mir etwas über die Magie beibringen?","제게 마법에 대해 가르쳐 주실 수 있습니까?","","False","DIA_Addon_Saturas_PERM.description","",""
"Scripts/Content/Story/Dialoge/DIA_Addon_KDW_1400_Saturas_NW.d:614","Kannst du mir etwas über die Magie beibringen?","제게 마법에 대해 가르쳐 주실 수 있습니까?","","False","DIA_Addon_Saturas_PERM_15_00","",""
"Scripts/Content/Story/Dialoge/DIA_Addon_KDW_1400_Saturas_NW.d:615","Damit du noch mehr im magischen Gefüge herumpfuschen kannst?","마법의 구조를 또 한 번 엉망으로 만들어 놓기 위해서인가?","","False","DIA_Addon_Saturas_PERM_14_01","",""
"Scripts/Content/Story/Dialoge/DIA_Addon_KDW_1400_Saturas_NW.d:616","Nein. Für solche Späße habe ich jetzt keine Zeit.","아니. 그런 한가한 장난을 칠 시간은 없다.","","False","DIA_Addon_Saturas_PERM_14_02","",""
"Scripts/Content/Story/Dialoge/DIA_Addon_KDW_14010_Cronos_ADW.d:100","Schön, dich zu sehen. Wir befürchteten schon das Schlimmste.","보니 반갑군. 최악의 상황이 벌어졌을까 봐 걱정했다네.","","False","DIA_Addon_Cronos_ADWHello_04_00","",""
"Scripts/Content/Story/Dialoge/DIA_Addon_KDW_14010_Cronos_ADW.d:101","Alles halb so wild. Wie sieht's denn aus?","별일 아닙니다. 다들 어떻게 지내고 있습니까?","","False","DIA_Addon_Cronos_ADWHello_15_01","",""
"Scripts/Content/Story/Dialoge/DIA_Addon_KDW_14010_Cronos_ADW.d:102","Es ist eine sehr gefährliche Gegend hier.","이곳은 아주 위험한 지역이야.","","False","DIA_Addon_Cronos_ADWHello_04_02","",""
"Scripts/Content/Story/Dialoge/DIA_Addon_KDW_14010_Cronos_ADW.d:103","Einige von den Tieren hier in der Gegend hat niemand von uns jemals zuvor zu Gesicht bekommen.","여기에 서식하는 동물들 중에는 우리 중 누구도 태어나서 본 적 없는 것들도 있다네.","","False","DIA_Addon_Cronos_ADWHello_04_03","",""
"Scripts/Content/Story/Dialoge/DIA_Addon_KDW_14010_Cronos_ADW.d:104","Ganz in der Nähe gibt es einen großen Sumpf, der sich einige hundert Jahre unbemerkt entfalten konnte.","아주 가까운 곳에 큰 늪이 하나 있는데, 수백 년 동안 아무도 모르게 자라난 곳이지.","","False","DIA_Addon_Cronos_ADWHello_04_04","",""
"Scripts/Content/Story/Dialoge/DIA_Addon_KDW_14010_Cronos_ADW.d:105","Es vergeht kein Tag, an dem wir nicht von den Biestern aus diesem Sumpf angegriffen werden.","그 늪에서 온 짐승들의 습격을 받지 않는 날이 하루도 없다네.","","False","DIA_Addon_Cronos_ADWHello_04_05","",""
"Scripts/Content/Story/Dialoge/DIA_Addon_KDW_14010_Cronos_ADW.d:106","Ich rate dir vorsichtig zu sein, wenn du hier herumspazierst.","여기서 돌아다닐 때는 조심하는 게 좋을 거야.","","False","DIA_Addon_Cronos_ADWHello_04_06","",""
"Scripts/Content/Story/Dialoge/DIA_Addon_KDW_14010_Cronos_ADW.d:118","Gibt's was neues über die Steinwächter?","돌 수호자에 대해 새로 알아낸 것이 있습니까?","","False","DIA_Addon_Cronos_WaechterADW.description","",""
"Scripts/Content/Story/Dialoge/DIA_Addon_KDW_14010_Cronos_ADW.d:128","Gibt's was Neues über die Steinwächter?","돌 수호자에 대해 새로 알아낸 것이 있습니까?","","False","DIA_Addon_Cronos_WaechterADW_15_00","",""
"Scripts/Content/Story/Dialoge/DIA_Addon_KDW_14010_Cronos_ADW.d:129","Wir haben schon einigen von ihnen den Garaus gemacht.","이미 그들 중 몇 놈은 뼈도 못 추리게 만들어 줬지.","","False","DIA_Addon_Cronos_WaechterADW_04_01","",""
"Scripts/Content/Story/Dialoge/DIA_Addon_KDW_14010_Cronos_ADW.d:130","Sie stehen wie zur Salzsäule erstarrt da und regen sich nicht.","녀석들은 소금기둥처럼 굳어 서서 꼼짝도 하지 않는다네.","","False","DIA_Addon_Cronos_WaechterADW_04_02","",""
"Scripts/Content/Story/Dialoge/DIA_Addon_KDW_14010_Cronos_ADW.d:131","Doch der Schein trügt. Wenn du zu nah an sie heran gehst, werden sie dich angreifen!","하지만 겉모습에 속아서는 안 돼. 너무 가까이 다가가면 녀석들이 공격해 올 테니까!","","False","DIA_Addon_Cronos_WaechterADW_04_03","",""
"Scripts/Content/Story/Dialoge/DIA_Addon_KDW_14010_Cronos_ADW.d:132","Es besteht kein Zweifel, dass die Quelle ihrer Macht hier irgendwo zu finden ist.","그들의 힘의 원천이 이 근처 어딘가에 있다는 것은 의심할 여지가 없다네.","","False","DIA_Addon_Cronos_WaechterADW_04_04","",""
"Scripts/Content/Story/Dialoge/DIA_Addon_KDW_14010_Cronos_ADW.d:146","Lass uns handeln.","거래합시다.","","False","DIA_Addon_Cronos_ADW_Trade.description","",""
"Scripts/Content/Story/Dialoge/DIA_Addon_KDW_1401_Cronos_NW.d:33","Kann ich kurz stören?","잠시 방해해도 되겠습니까?","","False","DIA_Addon_Cronos_Hallo.description","",""
"Scripts/Content/Story/Dialoge/DIA_Addon_KDW_1401_Cronos_NW.d:43","Kann ich kurz stören?","잠시 방해해도 되겠습니까?","","False","DIA_Addon_Cronos_Hallo_15_00","",""
"Scripts/Content/Story/Dialoge/DIA_Addon_KDW_1401_Cronos_NW.d:44","(überrascht) DU bist es. Dass ich dich nochmal zu Gesicht bekomme hätte ich nicht gedacht.","(놀라며) 너로구나. 네 얼굴을 다시 보게 될 줄은 상상도 못 했는데.","","False","DIA_Addon_Cronos_Hallo_04_01","",""
"Scripts/Content/Story/Dialoge/DIA_Addon_KDW_1401_Cronos_NW.d:45","Ganz schön mutig, dich noch mal bei uns blicken zu lassen. Es gab Zeiten, da hätten wir dir glatt das Fell über die Ohren gezogen.","뻔뻔하게 우리 앞에 다시 나타나다니 제법 담이 크군. 너를 산채로 가죽을 벗겨버리고 싶었던 시절도 있었다고.","","False","DIA_Addon_Cronos_Hallo_04_02","",""
"Scripts/Content/Story/Dialoge/DIA_Addon_KDW_1401_Cronos_NW.d:46","Du kannst froh sein, dass das schon ein paar Wochen her ist und sich alle wieder beruhigen konnten.","다행히 그 일도 몇 주 전 일이고 모두 진정되었으니 다행인 줄 알아라.","","False","DIA_Addon_Cronos_Hallo_04_03","",""
"Scripts/Content/Story/Dialoge/DIA_Addon_KDW_1401_Cronos_NW.d:58","Was machst du hier?","여기서 뭐 하십니까?","","False","DIA_Addon_Cronos_WasMachstdu.description","",""
"Scripts/Content/Story/Dialoge/DIA_Addon_KDW_1401_Cronos_NW.d:71","Was machst du hier?","여기서 뭐 하십니까?","","False","DIA_Addon_Cronos_WasMachstdu_15_00","",""
"Scripts/Content/Story/Dialoge/DIA_Addon_KDW_1401_Cronos_NW.d:72","(verwirrt) Meine Aufgabe besteht darin, mehr über die Wächter des Tempels herauszufinden.","(당황하며) 내 임무는 신전의 수호자에 대해 더 많은 것을 알아내는 것이라네.","","False","DIA_Addon_Cronos_WasMachstdu_04_01","",""
"Scripts/Content/Story/Dialoge/DIA_Addon_KDW_1401_Cronos_NW.d:73","Das ist schon ein harter Brocken, im wahrsten Sinne des Wortes. Diese Steinwächter haben eine mir völlig fremde Eigenschaft.","정말이지 만만치 않은 상대야. 이 돌 수호자들은 내게 완전히 생소한 특성을 지니고 있거든.","","False","DIA_Addon_Cronos_WasMachstdu_04_02","",""
"Scripts/Content/Story/Dialoge/DIA_Addon_KDW_1401_Cronos_NW.d:74","In einem Moment stehen sie völlig leblos herum, und im nächsten Moment stürmen sie wie besessen auf dich los.","한순간에는 완전히 생기가 없는 채로 서 있다가도, 다음 순간에는 홀린 듯이 너에게 덤벼든다네.","","False","DIA_Addon_Cronos_WasMachstdu_04_03","",""
"Scripts/Content/Story/Dialoge/DIA_Addon_KDW_1401_Cronos_NW.d:75","Ich habe ihre treibende Kraft noch nicht bestimmen können, aber eins ist sicher. Sie ist magischen Ursprungs.","녀석들을 움직이는 원동력이 무엇인지 아직 밝혀내지 못했지만, 한 가지는 확실해. 마법적인 기원을 갖고 있다는 거지.","","False","DIA_Addon_Cronos_WasMachstdu_04_04","",""
"Scripts/Content/Story/Dialoge/DIA_Addon_KDW_1401_Cronos_NW.d:87","Erzähl' mir mehr über diese Steinwächter.","돌 수호자에 대해 더 얘기해 주십시오.","","False","DIA_Addon_Cronos_Waechter.description","",""
"Scripts/Content/Story/Dialoge/DIA_Addon_KDW_1401_Cronos_NW.d:100","Erzähl' mir mehr über diese Steinwächter.","돌 수호자에 대해 더 얘기해 주십시오.","","False","DIA_Addon_Cronos_Waechter_15_00","",""
"Scripts/Content/Story/Dialoge/DIA_Addon_KDW_1401_Cronos_NW.d:101","(verwirrt) Viel kann ich dir bisher noch nicht sagen. Wir haben sie leider zerstören müssen. Jetzt sind sie ungefährlich.","(당황하며) 아직 해 줄 수 있는 말이 많지 않다. 안타깝게도 우리가 녀석들을 파괴해 버렸거든. 이제 위험하지 않아.","","False","DIA_Addon_Cronos_Waechter_04_01","",""
"Scripts/Content/Story/Dialoge/DIA_Addon_KDW_1401_Cronos_NW.d:102","Als wir hierher kamen, haben sie uns angegriffen.","우리가 이곳에 처음 왔을 때 녀석들이 우리를 공격했었지.","","False","DIA_Addon_Cronos_Waechter_04_02","",""
"Scripts/Content/Story/Dialoge/DIA_Addon_KDW_1401_Cronos_NW.d:103","Wir konnten sie nur mit vereinten Kräften besiegen und ich befürchte, dass hinter dem Portal noch mehr davon auf uns warten.","힘을 합쳐서야 겨우 물리칠 수 있었는데, 포털 너머에는 그보다 더 많은 녀석들이 우리를 기다리고 있을까 봐 걱정이다.","","False","DIA_Addon_Cronos_Waechter_04_03","",""
"Scripts/Content/Story/Dialoge/DIA_Addon_KDW_1401_Cronos_NW.d:104","Es muss einen Weg geben, ihre treibende Kraft zu bannen, so dass sie nichts weiter sind als Statuen und das auch bleiben.","녀석들이 단지 석상에 불과하며 앞으로도 그 상태로 머물도록, 구동력을 봉인할 방법이 반드시 있을 거야.","","False","DIA_Addon_Cronos_Waechter_04_04","",""
"Scripts/Content/Story/Dialoge/DIA_Addon_KDW_1401_Cronos_NW.d:118","Kannst du mir ein paar Ausrüstungsgegenstände verkaufen?","장비 좀 살 수 있습니까?","","False","DIA_Addon_Cronos_NW_Trade.description","",""
"Scripts/Content/Story/Dialoge/DIA_Addon_KDW_1401_Cronos_NW.d:134","Kannst du mir ein paar Ausrüstungsgegenstände verkaufen?","장비 좀 살 수 있습니까?","","False","DIA_Addon_Cronos_NW_Trade_15_00","",""
"Scripts/Content/Story/Dialoge/DIA_Addon_KDW_1401_Cronos_NW.d:138","Warum nicht? Wenn ich mich recht erinnere, haben wir damals schon gehandelt.","안 될 게 뭐 있나? 기억이 맞다면 우리는 예전에도 거래를 한 적이 있었지.","","False","DIA_Addon_Cronos_NW_Trade_04_01","",""
"Scripts/Content/Story/Dialoge/DIA_Addon_KDW_1401_Cronos_NW.d:143","Sag mir, was du brauchst.","필요한 게 뭔지 말해 보게.","","False","DIA_Addon_Cronos_NW_Trade_04_02","",""
"Scripts/Content/Story/Dialoge/DIA_Addon_KDW_14020_Nefarius_ADW.d:101","Es beruhigt mich ungemein, zu sehen, dass du doch noch unversehrt hier angekommen bist.","네가 무사히 여기에 도착한 걸 보니 정말 안심이 되는구나.","","False","DIA_Addon_Nefarius_ADWHello_05_00","",""
"Scripts/Content/Story/Dialoge/DIA_Addon_KDW_14020_Nefarius_ADW.d:102","Wie kann es sein, dass ihr vor mir hier angekommen seid?","어떻게 저보다 먼저 여기에 도착하실 수 있었습니까?","","False","DIA_Addon_Nefarius_ADWHello_15_01","",""
"Scripts/Content/Story/Dialoge/DIA_Addon_KDW_14020_Nefarius_ADW.d:103","Wir sind durch eine seltsame Dimension gereist. Wer weiß, welche Irrwege du genommen hast.","우리는 기이한 차원을 통과해 이동했다네. 네가 어떤 샛길로 헤매다 왔는지는 알 수 없지만 말이야.","","False","DIA_Addon_Nefarius_ADWHello_05_02","",""
"Scripts/Content/Story/Dialoge/DIA_Addon_KDW_14020_Nefarius_ADW.d:104","Und jetzt? Kann ich das Portal nochmal benutzen?","이제 어떻게 하죠? 포털을 다시 사용할 수 있습니까?","","False","DIA_Addon_Nefarius_ADWHello_15_03","",""
"Scripts/Content/Story/Dialoge/DIA_Addon_KDW_14020_Nefarius_ADW.d:105","Wir sind ja direkt hier angekommen. Es funktioniert offensichtlich ganz gut.","우린 곧바로 여기에 도착했지. 아주 잘 작동하고 있는 것 같네.","","False","DIA_Addon_Nefarius_ADWHello_05_04","",""
"Scripts/Content/Story/Dialoge/DIA_Addon_KDW_14020_Nefarius_ADW.d:106","Ich werde dich natürlich darüber unterrichten, wenn ich den Verdacht habe, dass es anders sein könnte.","물론 상황이 다를지도 모른다는 의심이 든다면 너에게 알려주마.","","False","DIA_Addon_Nefarius_ADWHello_05_05","",""
"Scripts/Content/Story/Dialoge/DIA_Addon_KDW_14020_Nefarius_ADW.d:118","Was hast du bisher hier gemacht?","여기서 뭘 하고 계셨습니까?","","False","DIA_Addon_Nefarius_Neues.description","",""
"Scripts/Content/Story/Dialoge/DIA_Addon_KDW_14020_Nefarius_ADW.d:131","Was hast du bisher hier gemacht?","여기서 뭘 하고 계셨습니까?","","False","DIA_Addon_Nefarius_Neues_15_00","",""
"Scripts/Content/Story/Dialoge/DIA_Addon_KDW_14020_Nefarius_ADW.d:132","Ich studiere die Geschichte der Erbauer und versuche zu verstehen, warum sie das Portal verschlossen haben.","나는 건축가들의 역사를 연구하며 그들이 왜 포털을 폐쇄했는지 이해하려 애쓰고 있다네.","","False","DIA_Addon_Nefarius_Neues_05_01","",""
"Scripts/Content/Story/Dialoge/DIA_Addon_KDW_14020_Nefarius_ADW.d:133","Es sieht ganz so aus, als wollten sie damit die untergegangene Stadt vor dem Rest der Welt verstecken.","그들은 이 몰락한 도시를 세상의 눈으로부터 숨기려 했던 것으로 보여.","","False","DIA_Addon_Nefarius_Neues_05_02","",""
"Scripts/Content/Story/Dialoge/DIA_Addon_KDW_14020_Nefarius_ADW.d:134","Schreckliche Dinge sind hier vor vielen Jahren geschehen. Etwas Grauenvolles hat sich ihrer bemächtigt.","아주 오래전에 이곳에서 끔찍한 일들이 벌어졌었지. 끔찍한 무언가가 이곳을 집어삼켰어.","","False","DIA_Addon_Nefarius_Neues_05_03","",""
"Scripts/Content/Story/Dialoge/DIA_Addon_KDW_14020_Nefarius_ADW.d:135","Wenn man ihren Aufzeichnungen Glauben schenken darf, dann gab es kurz vor dem Untergang der Stadt einen fürchterlichen Bürgerkrieg.","그들의 기록을 믿어도 된다면, 도시가 몰락하기 직전에 엄청난 내전이 벌어졌다고 한다.","","False","DIA_Addon_Nefarius_Neues_05_04","",""
"Scripts/Content/Story/Dialoge/DIA_Addon_KDW_14020_Nefarius_ADW.d:136","Die Straßen standen in Flammen und eine alles verschlingende Flut besiegelte schließlich das Schicksal der Erbauer.","거리는 불길에 휩싸였고, 모든 것을 집어삼키는 대홍수가 결국 건축가들의 운명을 결정짓고 말았지.","","False","DIA_Addon_Nefarius_Neues_05_05","",""
"Scripts/Content/Story/Dialoge/DIA_Addon_KDW_14020_Nefarius_ADW.d:137","Die wenigen, die dieses Inferno überlebten, verschlossen diesen Teil der Insel in der Hoffnung, das Chaos hier einzusperren.","이 지옥 같은 불길에서 살아남은 소수의 사람들은 혼돈을 이곳에 가두어 두려는 심산으로 섬의 이 구역을 폐쇄했네.","","False","DIA_Addon_Nefarius_Neues_05_06","",""
"Scripts/Content/Story/Dialoge/DIA_Addon_KDW_14020_Nefarius_ADW.d:140","Was glaubst du werden wir hier finden?","우리가 여기서 무엇을 찾게 될 것 같습니까?","","False","DIA_Addon_Nefarius_Neues_Info.DIA_Addon_Nefarius_Neues.DIA_Addon_Nefarius_Neues_find","Info_AddChoice",""
"Scripts/Content/Story/Dialoge/DIA_Addon_KDW_14020_Nefarius_ADW.d:141","Und wir Narren haben das Portal wieder geöffnet.","그리고 우리 바보들은 포털을 다시 열었습니다.","","False","DIA_Addon_Nefarius_Neues_Info.DIA_Addon_Nefarius_Neues.DIA_Addon_Nefarius_Neues_auf","Info_AddChoice",""
"Scripts/Content/Story/Dialoge/DIA_Addon_KDW_14020_Nefarius_ADW.d:142","Was hat die Erbauer, denn so aufgebracht?","대체 무엇 때문에 건축가들이 그렇게 분노했던 겁니까?","","False","DIA_Addon_Nefarius_Neues_Info.DIA_Addon_Nefarius_Neues.DIA_Addon_Nefarius_Neues_was","Info_AddChoice",""
"Scripts/Content/Story/Dialoge/DIA_Addon_KDW_14020_Nefarius_ADW.d:143","Sagtest du gerade, es kam eine Flut?","방금 홍수가 일어났다고 하셨나요?","","False","DIA_Addon_Nefarius_Neues_Info.DIA_Addon_Nefarius_Neues.DIA_Addon_Nefarius_Neues_flut","Info_AddChoice",""
"Scripts/Content/Story/Dialoge/DIA_Addon_KDW_14020_Nefarius_ADW.d:148","Was glaubst du, werden wir hier finden?","우리가 여기서 무엇을 찾게 될 것 같습니까?","","False","DIA_Addon_Nefarius_Neues_find_15_00","",""
"Scripts/Content/Story/Dialoge/DIA_Addon_KDW_14020_Nefarius_ADW.d:149","Darüber kann ich nur Vermutungen anstellen. Du solltest mal mit Saturas sprechen.","그건 추측해 볼 뿐이라네. 사투러스와 대화를 나눠보는 것이 좋을 거야.","","False","DIA_Addon_Nefarius_Neues_find_05_01","",""
"Scripts/Content/Story/Dialoge/DIA_Addon_KDW_14020_Nefarius_ADW.d:150","Er hat da so eine Ahnung.","그는 뭔가 짐작하고 있는 게 있거든.","","False","DIA_Addon_Nefarius_Neues_find_05_02","",""
"Scripts/Content/Story/Dialoge/DIA_Addon_KDW_14020_Nefarius_ADW.d:161","Sagtest du gerade, es kam eine Flut?","방금 홍수가 일어났다고 하셨나요?","","False","DIA_Addon_Nefarius_Neues_flut_15_00","",""
"Scripts/Content/Story/Dialoge/DIA_Addon_KDW_14020_Nefarius_ADW.d:162","Adanos selbst ist ihnen erschienen, um den Wahnsinn zu beenden.","광기를 끝내기 위해 아다노스 신께서 직접 그들에게 현신하셨다네.","","False","DIA_Addon_Nefarius_Neues_flut_05_01","",""
"Scripts/Content/Story/Dialoge/DIA_Addon_KDW_14020_Nefarius_ADW.d:163","Er machte diese Stadt dem Erdboden gleich.","신께서는 이 도시를 완전히 초토화하셨지.","","False","DIA_Addon_Nefarius_Neues_flut_05_02","",""
"Scripts/Content/Story/Dialoge/DIA_Addon_KDW_14020_Nefarius_ADW.d:168","Was hat die Erbauer denn so aufgebracht?","대체 무엇 때문에 건축가들이 그렇게 분노했던 겁니까?","","False","DIA_Addon_Nefarius_Neues_was_15_00","",""
"Scripts/Content/Story/Dialoge/DIA_Addon_KDW_14020_Nefarius_ADW.d:169","Jemand aus ihren eigenen Reihen hat sich dem Bösen verschrieben. Es war ein großer Feldherr namens Quahodron.","그들 중 한 명이 사악한 것에 굴복했어. 쿠아호드론이라는 위대한 장군이었지.","","False","DIA_Addon_Nefarius_Neues_was_05_01","",""
"Scripts/Content/Story/Dialoge/DIA_Addon_KDW_14020_Nefarius_ADW.d:170","Heimgekehrt aus einer erfolgreichen Schlacht außerhalb der schützenden Mauern dieser Stadt, brachte er das Übel mit sich.","도시의 보호벽 바깥에서의 성공적인 전투를 마치고 귀환한 그는 사악한 것을 끌어들였네.","","False","DIA_Addon_Nefarius_Neues_was_05_02","",""
"Scripts/Content/Story/Dialoge/DIA_Addon_KDW_14020_Nefarius_ADW.d:171","All seine Anhänger verfielen kurze Zeit später dem Wahnsinn und begannen, das gemeine Volk zu bekämpfen.","그의 추종자들은 얼마 지나지 않아 모두 광기에 사로잡혔고, 평민들과 싸우기 시작했지.","","False","DIA_Addon_Nefarius_Neues_was_05_03","",""
"Scripts/Content/Story/Dialoge/DIA_Addon_KDW_14020_Nefarius_ADW.d:172","Der darauf folgende Bürgerkrieg legte alles in Schutt und Asche.","뒤이어 벌어진 내전으로 인해 모든 것이 잿더미가 되어버렸어.","","False","DIA_Addon_Nefarius_Neues_was_05_04","",""
"Scripts/Content/Story/Dialoge/DIA_Addon_KDW_14020_Nefarius_ADW.d:177","Und wir Narren haben das Portal wieder geöffnet.","그리고 우리 바보들은 포털을 다시 열었습니다.","","False","DIA_Addon_Nefarius_Neues_auf_15_00","",""
"Scripts/Content/Story/Dialoge/DIA_Addon_KDW_14020_Nefarius_ADW.d:178","Wohl ist mir dabei auch nicht, das kannst du mir glauben.","내 기분도 그리 좋지는 않다네, 그건 믿어도 좋아.","","False","DIA_Addon_Nefarius_Neues_auf_05_01","",""
"Scripts/Content/Story/Dialoge/DIA_Addon_KDW_14020_Nefarius_ADW.d:179","Aber, was hatten wir schon für eine Wahl?","하지만 달리 무슨 수가 있었겠나?","","False","DIA_Addon_Nefarius_Neues_auf_05_02","",""
"Scripts/Content/Story/Dialoge/DIA_Addon_KDW_14020_Nefarius_ADW.d:180","Wenn wir nicht aufhalten können, was hier am Werke ist, dann wird es Khorinis vielleicht genau so ergehen, wie einst den Erbauern dieser alten Stadt.","만약 여기서 벌어지고 있는 일을 멈출 수 없다면, 코리니스 역시 한때 이 고대 도시의 건설자들에게 닥쳤던 운명을 똑같이 겪게 될지도 모른다.","","False","DIA_Addon_Nefarius_Neues_auf_05_03","",""
"Scripts/Content/Story/Dialoge/DIA_Addon_KDW_14020_Nefarius_ADW.d:193","Die Reise durch das Portal ist sicher?","포털을 통한 여행은 안전한가?","","False","DIA_Addon_Nefarius_PermADW.description","",""
"Scripts/Content/Story/Dialoge/DIA_Addon_KDW_14020_Nefarius_ADW.d:203","Die Reise durch das Portal ist sicher?","포털을 통한 여행은 안전한가?","","False","DIA_Addon_Nefarius_PermADW_15_00","",""
"Scripts/Content/Story/Dialoge/DIA_Addon_KDW_14020_Nefarius_ADW.d:204","Bisher habe ich keine Bedenken.","지금까지는 아무런 염려도 없다.","","False","DIA_Addon_Nefarius_PermADW_05_01","",""
"Scripts/Content/Story/Dialoge/DIA_Addon_KDW_14020_Nefarius_ADW.d:216","Könnt ihr mir euer Wissen über die Magie vermitteln?","마법에 대한 지식을 가르쳐 주실 수 있습니까?","","False","DIA_Addon_Nefarius_PreTeach.description","",""
"Scripts/Content/Story/Dialoge/DIA_Addon_KDW_14020_Nefarius_ADW.d:230","Könnt ihr mir euer Wissen über die Magie vermitteln?","마법에 대한 지식을 가르쳐 주실 수 있습니까?","","False","DIA_Addon_Nefarius_PreTeach_15_00","",""
"Scripts/Content/Story/Dialoge/DIA_Addon_KDW_14020_Nefarius_ADW.d:231","Ich kann dich im Erschaffen von Runen unterweisen und Cronos kann dir die Rezepte dafür verkaufen.","나는 자네에게 룬 제작을 가르쳐 줄 수 있고, 크로노스는 그 제조법을 팔아줄 수 있지.","","False","DIA_Addon_Nefarius_PreTeach_05_01","",""
"Scripts/Content/Story/Dialoge/DIA_Addon_KDW_14020_Nefarius_ADW.d:232","Er hat die Runenbücher immer dabei.","그는 항상 룬 책들을 가지고 다닌다네.","","False","DIA_Addon_Nefarius_PreTeach_05_02","",""
"Scripts/Content/Story/Dialoge/DIA_Addon_KDW_14020_Nefarius_ADW.d:249","Unterweise mich (Runen erschaffen)","나를 가르쳐 다오 (룬 제작)","","False","DIA_Addon_Nefarius_ADW_Runen.description","",""
"Scripts/Content/Story/Dialoge/DIA_Addon_KDW_1402_Nefarius_NW.d:87","Wie sieht's aus?","요즘 어때?","","False","DIA_Addon_Nefarius_Hallo.description","",""
"Scripts/Content/Story/Dialoge/DIA_Addon_KDW_1402_Nefarius_NW.d:97","Wie sieht's aus?","요즘 어때?","","False","DIA_Addon_Nefarius_Hallo_15_00","",""
"Scripts/Content/Story/Dialoge/DIA_Addon_KDW_1402_Nefarius_NW.d:98","Was machst DU denn hier? Das ist ja eine Überraschung.","자네가 여기서 뭘 하고 있는 건가? 이거 정말 놀랍군.","","False","DIA_Addon_Nefarius_Hallo_05_01","",""
"Scripts/Content/Story/Dialoge/DIA_Addon_KDW_1402_Nefarius_NW.d:99","Ich dachte, man hätte dich getötet.","난 자네가 죽은 줄 알았어.","","False","DIA_Addon_Nefarius_Hallo_05_02","",""
"Scripts/Content/Story/Dialoge/DIA_Addon_KDW_1402_Nefarius_NW.d:100","Beinahe.","하마터면 그럴 뻔했지.","","False","DIA_Addon_Nefarius_Hallo_15_03","",""
"Scripts/Content/Story/Dialoge/DIA_Addon_KDW_1402_Nefarius_NW.d:101","Es gab einen riesen Wirbel um dich, weißt du das? Ich habe Saturas kaum wieder erkannt, so außer sich war er wegen der Sache damals.","자네 때문에 온통 난리가 났었다는 거 알아? 사투러스가 그 시절 그 일 때문에 워낙 제정신이 아니었던 터라 하마터면 알아보지도 못할 뻔했다니까.","","False","DIA_Addon_Nefarius_Hallo_05_04","",""
"Scripts/Content/Story/Dialoge/DIA_Addon_KDW_1402_Nefarius_NW.d:113","Was ist das für ein Portal?","이 포털은 대체 뭔가?","","False","DIA_Addon_Nefarius_keineahnung.description","",""
"Scripts/Content/Story/Dialoge/DIA_Addon_KDW_1402_Nefarius_NW.d:126","Was ist das für ein Portal?","이 포털은 대체 뭔가?","","False","DIA_Addon_Nefarius_keineahnung_15_00","",""
"Scripts/Content/Story/Dialoge/DIA_Addon_KDW_1402_Nefarius_NW.d:127","Wir vermuten, dass es in das verlorene Tal führt, in dem die alte Kultur ihre Stadt gehabt haben muss.","우리는 이곳이 옛 문명이 도시를 세웠을 것으로 추정되는 잃어버린 계곡으로 이어져 있다고 의심하고 있다.","","False","DIA_Addon_Nefarius_keineahnung_05_01","",""
"Scripts/Content/Story/Dialoge/DIA_Addon_KDW_1402_Nefarius_NW.d:128","Aber der Stein hinter dem Portal besteht aus meterdickem, massiven Fels.","하지만 포털 뒤쪽의 돌은 수 미터 두께의 단단한 암반으로 이루어져 있어.","","False","DIA_Addon_Nefarius_keineahnung_05_02","",""
"Scripts/Content/Story/Dialoge/DIA_Addon_KDW_1402_Nefarius_NW.d:129","Auch gibt es keine Anzeichen für Teleportationsmagie. Sehr mysteriös ...","또한 텔레포트 마법의 흔적도 전혀 없지. 매우 수수께끼 같단 말이야...","","False","DIA_Addon_Nefarius_keineahnung_05_03","",""
"Scripts/Content/Story/Dialoge/DIA_Addon_KDW_1402_Nefarius_NW.d:141","Weißt du schon, wie man es aktiviert?","어떻게 활성화하는지 아나?","","False","DIA_Addon_Nefarius_WieMechanik.description","",""
"Scripts/Content/Story/Dialoge/DIA_Addon_KDW_1402_Nefarius_NW.d:154","Weißt du schon, wie man es aktiviert?","어떻게 활성화하는지 아나?","","False","DIA_Addon_Nefarius_WieMechanik_15_00","",""
"Scripts/Content/Story/Dialoge/DIA_Addon_KDW_1402_Nefarius_NW.d:155","Eines der fehlenden Ornamente scheint eine Art magischer SCHLÜSSEL zu sein.","사라진 장식물 중 하나가 일종의 마법 열쇠인 모양이다.","","False","DIA_Addon_Nefarius_WieMechanik_05_01","",""
"Scripts/Content/Story/Dialoge/DIA_Addon_KDW_1402_Nefarius_NW.d:156","Wir werden es brauchen, um weiterzukommen.","앞으로 나아가려면 그것이 필요할 거야.","","False","DIA_Addon_Nefarius_WieMechanik_05_03","",""
"Scripts/Content/Story/Dialoge/DIA_Addon_KDW_1402_Nefarius_NW.d:157","Es muß genau in die ringförmige Vertiefung neben dem Portal passen.","그것은 포털 옆의 고리 모양 홈에 정확히 들어맞아야 한다.","","False","DIA_Addon_Nefarius_WieMechanik_05_02","",""
"Scripts/Content/Story/Dialoge/DIA_Addon_KDW_1402_Nefarius_NW.d:169","Ich habe einen Teil des Ornament mitgebracht.","장식물의 일부분을 가져왔다.","","False","DIA_Addon_Nefarius_SCbringOrnaments.description","",""
"Scripts/Content/Story/Dialoge/DIA_Addon_KDW_1402_Nefarius_NW.d:182","Ich habe einen Teil des Ornaments mitgebracht.","장식물의 일부분을 가져왔다.","","False","DIA_Addon_Nefarius_SCbringOrnaments_15_00","",""
"Scripts/Content/Story/Dialoge/DIA_Addon_KDW_1402_Nefarius_NW.d:183","(begeistert) Ja? Das ist ja großartig.","(열광하며) 그래? 대단하군.","","False","DIA_Addon_Nefarius_SCbringOrnaments_05_01","",""
"Scripts/Content/Story/Dialoge/DIA_Addon_KDW_1402_Nefarius_NW.d:184","Hast du eine Ahnung, wo die anderen Teile sind?","나머지 조각들이 어디 있는지 아는가?","","False","DIA_Addon_Nefarius_SCbringOrnaments_15_02","",""
"Scripts/Content/Story/Dialoge/DIA_Addon_KDW_1402_Nefarius_NW.d:185","Den alten Inschriften nach wurde es in vier Teile zerbrochen.","고대 문서에 따르면 그것은 네 조각으로 깨어졌다고 한다.","","False","DIA_Addon_Nefarius_SCbringOrnaments_05_03","",""
"Scripts/Content/Story/Dialoge/DIA_Addon_KDW_1402_Nefarius_NW.d:186","Und es siehst so aus, als könnten sich die Teile immer noch auf der Insel befinden ...","그리고 그 조각들은 여전히 이 섬 안에 있는 것 같더군...","","False","DIA_Addon_Nefarius_SCbringOrnaments_05_04","",""
"Scripts/Content/Story/Dialoge/DIA_Addon_KDW_1402_Nefarius_NW.d:187","Ich habe mit Merdarions Hilfe einige der Inschriften übersetzt.","나는 메르다리온의 도움으로 문서 중 일부를 번역했다.","","False","DIA_Addon_Nefarius_SCbringOrnaments_05_05","",""
"Scripts/Content/Story/Dialoge/DIA_Addon_KDW_1402_Nefarius_NW.d:188","Dort finden sich Hinweise darauf, wo die verbliebenen Stücke sind.","거기에는 남은 조각들이 어디에 있는지에 대한 단서가 있어.","","False","DIA_Addon_Nefarius_SCbringOrnaments_05_06","",""
"Scripts/Content/Story/Dialoge/DIA_Addon_KDW_1402_Nefarius_NW.d:189","Hier. Auf dieser Karte habe ich einige Stellen markiert.","여기. 이 지도에 몇 가지 장소를 표시해 두었지.","","False","DIA_Addon_Nefarius_SCbringOrnaments_05_07","",""
"Scripts/Content/Story/Dialoge/DIA_Addon_KDW_1402_Nefarius_NW.d:200","Sieh dich dort um.","그곳을 잘 살펴보게.","","False","DIA_Addon_Nefarius_SCbringOrnaments_05_08","",""
"Scripts/Content/Story/Dialoge/DIA_Addon_KDW_1402_Nefarius_NW.d:201","Du solltest auf alte Bauwerke achten. Vielleicht sind sie schon etwas verfallen und nicht mehr klar erkennbar.","오래된 건축물들에 주의를 기울여야 할 거야. 어쩌면 조금 낡아서 쉽게 알아보기 힘들 수도 있지.","","False","DIA_Addon_Nefarius_SCbringOrnaments_05_09","",""
"Scripts/Content/Story/Dialoge/DIA_Addon_KDW_1402_Nefarius_NW.d:202","Es könnte alles Mögliche sein. Ein großer Findling, ein Steinkreis, ein Mausoleum oder ähnliches.","온갖 것일 수 있어. 커다란 바위, 돌의 원형, 영묘 또는 그와 비슷한 것 말이다.","","False","DIA_Addon_Nefarius_SCbringOrnaments_05_10","",""
"Scripts/Content/Story/Dialoge/DIA_Addon_KDW_1402_Nefarius_NW.d:203","Aber, was rede ich? Du wirst es schon finden. Viel Erfolg.","하지만 내가 무슨 말을 하겠나? 자네라면 찾아낼 수 있을 거야. 행운을 빌네.","","False","DIA_Addon_Nefarius_SCbringOrnaments_05_11","",""
"Scripts/Content/Story/Dialoge/DIA_Addon_KDW_1402_Nefarius_NW.d:215","Aus welchem Grund wurde das Ornament zerbrochen?","대체 무슨 이유로 장식물이 부서진 건가?","","False","DIA_Addon_Nefarius_WhyPortalClosed.description","",""
"Scripts/Content/Story/Dialoge/DIA_Addon_KDW_1402_Nefarius_NW.d:228","Aus welchem Grund wurde das Ornament zerbrochen?","대체 무슨 이유로 장식물이 부서진 건가?","","False","DIA_Addon_Nefarius_WhyPortalClosed_15_00","",""
"Scripts/Content/Story/Dialoge/DIA_Addon_KDW_1402_Nefarius_NW.d:229","Wer auch immer das getan hat, wollte verhindern, dass das Portal jemals wieder geöffnet wird.","누가 그런 짓을 했든 간에, 포털이 다시는 열리지 않기를 원했던 거지.","","False","DIA_Addon_Nefarius_WhyPortalClosed_05_01","",""
"Scripts/Content/Story/Dialoge/DIA_Addon_KDW_1402_Nefarius_NW.d:230","Je länger ich auf die Inschriften starre, desto mehr erkenne ich, dass die Priester der alten Kultur wahrlich keine Dummköpfe waren.","문서를 들여다볼수록 옛 문의 사제들이 결코 멍청하지 않았다는 것을 깨닫게 된다.","","False","DIA_Addon_Nefarius_WhyPortalClosed_05_02","",""
"Scripts/Content/Story/Dialoge/DIA_Addon_KDW_1402_Nefarius_NW.d:231","Es gab einen guten Grund, dass sie die Region dahinter unzugänglich gemacht haben.","그들이 그 뒤편의 지역을 접근할 수 없도록 만든 데에는 다 타당한 이유가 있었어.","","False","DIA_Addon_Nefarius_WhyPortalClosed_05_03","",""
"Scripts/Content/Story/Dialoge/DIA_Addon_KDW_1402_Nefarius_NW.d:232","Wir wissen nicht, was uns dort erwarten wird. Aber sicherlich ist es nichts Gutes ...","거기서 우리를 무엇이 기다리고 있을지 알 수 없다. 하지만 분명 좋은 것은 아니겠지...","","False","DIA_Addon_Nefarius_WhyPortalClosed_05_04","",""
"Scripts/Content/Story/Dialoge/DIA_Addon_KDW_1402_Nefarius_NW.d:245","Wegen der fehlenden Ornamente...","사라진 장식물에 관해서...","","False","DIA_Addon_Nefarius_MissingOrnaments.description","",""
"Scripts/Content/Story/Dialoge/DIA_Addon_KDW_1402_Nefarius_NW.d:261","Wegen der fehlenden Ornamente ...","사라진 장식물에 관해서...","","False","DIA_Addon_Nefarius_MissingOrnaments_15_00","",""
"Scripts/Content/Story/Dialoge/DIA_Addon_KDW_1402_Nefarius_NW.d:262","(erwartungsvoll) Ja?","(기대하며) 그래?","","False","DIA_Addon_Nefarius_MissingOrnaments_05_01","",""
"Scripts/Content/Story/Dialoge/DIA_Addon_KDW_1402_Nefarius_NW.d:275","Hier. Ich hab noch eins.","여기. 하나 더 찾았어.","","False","DIA_Addon_Nefarius_MissingOrnaments_15_02","",""
"Scripts/Content/Story/Dialoge/DIA_Addon_KDW_1402_Nefarius_NW.d:283","Ich hab sie gefunden.","내가 다 찾았다.","","False","DIA_Addon_Nefarius_MissingOrnaments_15_03","",""
"Scripts/Content/Story/Dialoge/DIA_Addon_KDW_1402_Nefarius_NW.d:295","Das ist großartig.","대단하군.","","False","DIA_Addon_Nefarius_MissingOrnaments_05_04","",""
"Scripts/Content/Story/Dialoge/DIA_Addon_KDW_1402_Nefarius_NW.d:299","Jetzt fehlen noch zwei. Vielleicht findest du sie ja auch noch.","이제 두 개만 더 있으면 되네. 자네라면 나머지도 마저 찾을 수 있을 거야.","","False","DIA_Addon_Nefarius_MissingOrnaments_05_05","",""
"Scripts/Content/Story/Dialoge/DIA_Addon_KDW_1402_Nefarius_NW.d:303","Eins fehlt jetzt noch, dann haben wir sie alle zusammen.","이제 하나만 더 있으면 전부 모으게 되는 거지.","","False","DIA_Addon_Nefarius_MissingOrnaments_05_06","",""
"Scripts/Content/Story/Dialoge/DIA_Addon_KDW_1402_Nefarius_NW.d:307","Jetzt habe ich sie alle. Jetzt müssen wir sie nur noch zusammenfügen.","이제 전부 모았어. 남은 건 그것들을 다시 결합하는 것뿐이다.","","False","DIA_Addon_Nefarius_MissingOrnaments_05_07","",""
"Scripts/Content/Story/Dialoge/DIA_Addon_KDW_1402_Nefarius_NW.d:308","Wir müssen mit vereinten Kräften wirken, um das Ornament wieder zu einen Ring zusammenzufügen.","장식물을 다시 하나의 고리로 합치려면 우리의 힘을 하나로 모아야 해.","","False","DIA_Addon_Nefarius_MissingOrnaments_05_08","",""
"Scripts/Content/Story/Dialoge/DIA_Addon_KDW_1402_Nefarius_NW.d:313","Hier. Ich kann dir für deine Mühen einige Goldmünzen geben.","여기. 수고에 대한 보답으로 금화 몇 닢을 주지.","","False","DIA_Addon_Nefarius_MissingOrnaments_05_09","",""
"Scripts/Content/Story/Dialoge/DIA_Addon_KDW_1402_Nefarius_NW.d:322","Folge mir!","날 따르게!","","False","DIA_Addon_Nefarius_MissingOrnaments_05_10","",""
"Scripts/Content/Story/Dialoge/DIA_Addon_KDW_1402_Nefarius_NW.d:334","Wie viele waren es nochmal?","전부 몇 개였다고 했지?","","False","DIA_Addon_Nefarius_MissingOrnaments_15_11","",""
"Scripts/Content/Story/Dialoge/DIA_Addon_KDW_1402_Nefarius_NW.d:335","Insgesamt sind es vier ...","전부 네 개라네...","","False","DIA_Addon_Nefarius_MissingOrnaments_05_12","",""
"Scripts/Content/Story/Dialoge/DIA_Addon_KDW_1402_Nefarius_NW.d:336","Die anderen solltest du dort finden, wo ich die Markierungen auf deiner Karte gemacht habe.","나머지는 내 가 지도에 표시해 둔 곳에서 찾을 수 있을 거야.","","False","DIA_Addon_Nefarius_MissingOrnaments_05_13","",""
"Scripts/Content/Story/Dialoge/DIA_Addon_KDW_1402_Nefarius_NW.d:363","So. Und nun geh zur Seite.","좋아. 이제 비켜서게.","","False","DIA_Addon_Nefarius_Ringritual_05_00","",""
"Scripts/Content/Story/Dialoge/DIA_Addon_KDW_1402_Nefarius_NW.d:400","Das Ornament ist wieder zusammengesetzt.","장식물이 다시 조립되었다.","","False","DIA_Addon_Nefarius_RingRitualEnds_05_00","",""
"Scripts/Content/Story/Dialoge/DIA_Addon_KDW_1402_Nefarius_NW.d:401","Da du uns die notwendigen Bruchstücke dafür gebracht hast, sollst du sie auch ins Portal einsetzen.","자네가 필요한 파편들을 가져왔으니, 직접 포털에 끼워 넣도록 하게.","","False","DIA_Addon_Nefarius_RingRitualEnds_05_01","",""
"Scripts/Content/Story/Dialoge/DIA_Addon_KDW_1402_Nefarius_NW.d:402","Geh zu Saturas und lass dir den zusammengesetzten Ring geben.","사투러스에게 가서 조립된 고리를 받아오게나.","","False","DIA_Addon_Nefarius_RingRitualEnds_05_02","",""
"Scripts/Content/Story/Dialoge/DIA_Addon_KDW_1402_Nefarius_NW.d:403","Das Portal wird sich dann hoffentlich öffnen.","그러면 부디 포털이 열리겠지.","","False","DIA_Addon_Nefarius_RingRitualEnds_05_03","",""
"Scripts/Content/Story/Dialoge/DIA_Addon_KDW_1402_Nefarius_NW.d:425","Was nun?","이제 어떻게 하지?","","False","DIA_Addon_Nefarius_OpenedPortal.description","",""
"Scripts/Content/Story/Dialoge/DIA_Addon_KDW_1402_Nefarius_NW.d:438","Was nun?","이제 어떻게 하지?","","False","DIA_Addon_Nefarius_OpenedPortal_15_00","",""
"Scripts/Content/Story/Dialoge/DIA_Addon_KDW_1402_Nefarius_NW.d:439","Worauf wartest du? Geh schon und mach uns den Weg frei.","뭘 망설이고 있나? 얼른 가서 길을 열어주게.","","False","DIA_Addon_Nefarius_OpenedPortal_05_01","",""
"Scripts/Content/Story/Dialoge/DIA_Addon_KDW_140300_Myxir_City.d:34","Du wirst jetzt in der Stadt bleiben?","이제 도시에 남으실 겁니까?","","False","DIA_Addon_Myxir_CITY_HelloCITY.description","",""
"Scripts/Content/Story/Dialoge/DIA_Addon_KDW_140300_Myxir_City.d:45","Du wirst jetzt in der Stadt bleiben?","이제 도시에 남으실 겁니까?","","False","DIA_Addon_Myxir_CITY_HelloCITY_15_00","",""
"Scripts/Content/Story/Dialoge/DIA_Addon_KDW_140300_Myxir_City.d:46","Einer von uns muss ja HIER sein, wenn Vatras die Stadt verlässt.","바트라스가 도시를 떠나면 우리 중 누군가는 여기에 있어야 하니까.","","False","DIA_Addon_Myxir_CITY_HelloCITY_12_01","",""
"Scripts/Content/Story/Dialoge/DIA_Addon_KDW_140300_Myxir_City.d:53","Eins wollte ich dir noch sagen.","네게 한 가지 해 줄 말이 있다.","","False","DIA_Addon_Myxir_CITY_HelloCITY_12_02","",""
"Scripts/Content/Story/Dialoge/DIA_Addon_KDW_140300_Myxir_City.d:54","Das war wirklich eine wahre Heldentat, die du in Jharkendar vollbracht hast.","자네가 자르켄다르에서 해낸 일은 진정한 영웅적 업적이었어.","","False","DIA_Addon_Myxir_CITY_HelloCITY_12_03","",""
"Scripts/Content/Story/Dialoge/DIA_Addon_KDW_140300_Myxir_City.d:55","Leider bin ich mit meinen Aufgaben hier in Khorinis noch nicht am Ende.","유감스럽게도 나는 여기 코리니스에서의 임무가 아직 끝나지 않았지만.","","False","DIA_Addon_Myxir_CITY_HelloCITY_15_04","",""
"Scripts/Content/Story/Dialoge/DIA_Addon_KDW_140300_Myxir_City.d:56","Schon, aber ich bin sicher, dass du auch diese meistern wirst, Bewahrer.","그렇군요. 하지만 보존자님이라면 그것도 분명 잘 해내실 거라 믿습니다.","","False","DIA_Addon_Myxir_CITY_HelloCITY_12_05","",""
"Scripts/Content/Story/Dialoge/DIA_Addon_KDW_140300_Myxir_City.d:57","Wir werden sehen.","어떻게 될지 두고 봐야지.","","False","DIA_Addon_Myxir_CITY_HelloCITY_15_06","",""
"Scripts/Content/Story/Dialoge/DIA_Addon_KDW_140300_Myxir_City.d:73","Lehre mich die fremde Sprache.","고대의 언어를 가르쳐 주십시오.","","False","DIA_Addon_Myxir_CITY_Teach.description","",""
"Scripts/Content/Story/Dialoge/DIA_Addon_KDW_14030_Myxir_ADW.d:88","Schon neue Erkenntnisse?","새로운 발견이라도 있나?","","False","DIA_Addon_Myxir_ADWHello.description","",""
"Scripts/Content/Story/Dialoge/DIA_Addon_KDW_14030_Myxir_ADW.d:98","Schon neue Erkenntnisse?","새로운 발견이라도 있나?","","False","DIA_Addon_Myxir_ADWHello_15_00","",""
"Scripts/Content/Story/Dialoge/DIA_Addon_KDW_14030_Myxir_ADW.d:99","Die Erbauer dieser Ruinen faszinieren mich!","이 유적들의 건설자들은 정말 매혹적이야!","","False","DIA_Addon_Myxir_ADWHello_12_01","",""
"Scripts/Content/Story/Dialoge/DIA_Addon_KDW_14030_Myxir_ADW.d:100","Nur schade, dass ihre Sprache so tot ist wie sie selbst.","그들의 언어가 그들 자신만큼이나 죽어버렸다는 게 아쉬울 따름이지.","","False","DIA_Addon_Myxir_ADWHello_12_02","",""
"Scripts/Content/Story/Dialoge/DIA_Addon_KDW_14030_Myxir_ADW.d:101","(nachdenklich) Ihre mächtigen Rituale und Beschwörungen waren auch keine Rettung für sie.","(념에 잠겨) 그들의 강력한 의식과 소환술조차 그들을 구하지는 못했지만 말이야.","","False","DIA_Addon_Myxir_ADWHello_12_03","",""
"Scripts/Content/Story/Dialoge/DIA_Addon_KDW_14030_Myxir_ADW.d:102","Beschwörungen?","소환술이라고요?","","False","DIA_Addon_Myxir_ADWHello_15_04","",""
"Scripts/Content/Story/Dialoge/DIA_Addon_KDW_14030_Myxir_ADW.d:103","Die Erbauer hatten eine starke Bindung zur Geisterwelt.","건설자들은 영혼의 세계와 깊은 유대감을 가지고 있었어.","","False","DIA_Addon_Myxir_ADWHello_12_05","",""
"Scripts/Content/Story/Dialoge/DIA_Addon_KDW_14030_Myxir_ADW.d:104","Wenn ich das richtig verstanden habe, dann glaubten sie, in ständigem Kontakt mit ihren Ahnen zu stehen.","내가 제대로 이해했다면, 그들은 자신들이 조상들과 끊임없이 교감하고 있다고 믿었지.","","False","DIA_Addon_Myxir_ADWHello_12_06","",""
"Scripts/Content/Story/Dialoge/DIA_Addon_KDW_14030_Myxir_ADW.d:105","Hierzu wurden regelmäßig Beschwörungen und Rituale abgehalten, um die Geister um Rat zu bitten oder Erleuchtung zu erlangen.","이를 위해 정기적으로 소환술과 의식을 거행하며 영혼들에게 조언을 구하거나 깨달음을 얻었다네.","","False","DIA_Addon_Myxir_ADWHello_12_07","",""
"Scripts/Content/Story/Dialoge/DIA_Addon_KDW_14030_Myxir_ADW.d:108","Wie funktionierten diese Geisterbeschwörungen?","그런 영혼 소환술은 어떻게 작동하는 건가요?","","False","DIA_Addon_Myxir_ADWHello_Info.DIA_Addon_Myxir_ADWHello.DIA_Addon_Myxir_ADWHello_wie","Info_AddChoice",""
"Scripts/Content/Story/Dialoge/DIA_Addon_KDW_14030_Myxir_ADW.d:109","Die Untoten, die ich kenne, hatten nie viel zu sagen.","내가 아는 언데드들은 할 말이 별로 없던데요.","","False","DIA_Addon_Myxir_ADWHello_Info.DIA_Addon_Myxir_ADWHello.DIA_Addon_Myxir_ADWHello_Watt","Info_AddChoice",""
"Scripts/Content/Story/Dialoge/DIA_Addon_KDW_14030_Myxir_ADW.d:114","Wie funktionierten diese Geisterbeschwörungen?","그런 영혼 소환술은 어떻게 작동하는 건가요?","","False","DIA_Addon_Myxir_ADWHello_wie_15_00","",""
"Scripts/Content/Story/Dialoge/DIA_Addon_KDW_14030_Myxir_ADW.d:115","Die Totenwächter hatten ihre speziellen Formeln, mit denen sie die Geister besänftigten.","죽음의 수호자들에게는 영혼들을 진정시키는 그들만의 특별한 주문이 있었어.","","False","DIA_Addon_Myxir_ADWHello_wie_12_01","",""
"Scripts/Content/Story/Dialoge/DIA_Addon_KDW_14030_Myxir_ADW.d:116","Die Schilderungen, die ich hier finden konnte, sind jedoch teilweise sehr verwirrend. Nur selten erhalte ich klare Antworten auf meine Fragen.","하지만 내가 여기서 찾아낸 기록들은 어떤 부분은 매우 혼란스럽더군. 내 질문에 명확한 답을 얻는 경우는 드물어.","","False","DIA_Addon_Myxir_ADWHello_wie_12_02","",""
"Scripts/Content/Story/Dialoge/DIA_Addon_KDW_14030_Myxir_ADW.d:121","Die Untoten, die ICH kenne, hatten nie viel zu sagen.","내가 아는 언데드들은 할 말이 별로 없던데.","","False","DIA_Addon_Myxir_ADWHello_Watt_15_00","",""
"Scripts/Content/Story/Dialoge/DIA_Addon_KDW_14030_Myxir_ADW.d:122","Die Erbauer haben keine seelenlosen Untoten erschaffen wie Zombies oder andere böse Kreaturen.","건설자들은 좀비나 다른 사악한 피조물처럼 영혼 없는 언데드를 만들어내지 않았어.","","False","DIA_Addon_Myxir_ADWHello_Watt_12_01","",""
"Scripts/Content/Story/Dialoge/DIA_Addon_KDW_14030_Myxir_ADW.d:123","Bei den Geistern handelt es sich um die Seelen großer Krieger, Priester und Herrscher.","그 영혼들은 위대한 전사, 사제 그리고 통치자들의 영혼들이라네.","","False","DIA_Addon_Myxir_ADWHello_Watt_12_02","",""
"Scripts/Content/Story/Dialoge/DIA_Addon_KDW_14030_Myxir_ADW.d:124","Bisher habe ich keinen Zweifel daran, dass sie wirklich existieren.","지금까지 나는 그들이 실제로 존재한다는 것을 의심치 않고 있지.","","False","DIA_Addon_Myxir_ADWHello_Watt_12_03","",""
"Scripts/Content/Story/Dialoge/DIA_Addon_KDW_14030_Myxir_ADW.d:137","Wenn ich einen Geist sehe, dann sage ich dir bescheid.","유령을 보게 되면 알려주마.","","False","DIA_Addon_Myxir_PermADW.description","",""
"Scripts/Content/Story/Dialoge/DIA_Addon_KDW_14030_Myxir_ADW.d:151","Wenn ich einen Geist sehe, dann sage ich dir Bescheid.","유령을 보게 되면 알려주마.","","False","DIA_Addon_Myxir_PermADW_15_00","",""
"Scripts/Content/Story/Dialoge/DIA_Addon_KDW_14030_Myxir_ADW.d:152","(lacht) Ja, ich bestehe darauf.","(웃음) 그래, 꼭 그러도록 해.","","False","DIA_Addon_Myxir_PermADW_12_01","",""
"Scripts/Content/Story/Dialoge/DIA_Addon_KDW_14030_Myxir_ADW.d:164","Saturas schickt mich.","사투러스의 보냄을 받고 왔다.","","False","DIA_Addon_Myxir_GeistTafel.description","",""
"Scripts/Content/Story/Dialoge/DIA_Addon_KDW_14030_Myxir_ADW.d:178","Saturas schickt mich.","사투러스의 보냄을 받고 왔다.","","False","DIA_Addon_Myxir_GeistTafel_15_00","",""
"Scripts/Content/Story/Dialoge/DIA_Addon_KDW_14030_Myxir_ADW.d:179","Raven ist in den Tempel vorgedrungen und hat das Portal hinter sich versperrt.","레이븐이 신전 안으로 진입해서 뒤쪽의 포털을 가로막았어.","","False","DIA_Addon_Myxir_GeistTafel_15_01","",""
"Scripts/Content/Story/Dialoge/DIA_Addon_KDW_14030_Myxir_ADW.d:180","Saturas meinte, er hat seine Kenntnis über den Tempel von einem Geist erlangt!","사투러스가 말하길, 신전에 대한 정보를 유령한테서 얻었다더군!","","False","DIA_Addon_Myxir_GeistTafel_15_02","",""
"Scripts/Content/Story/Dialoge/DIA_Addon_KDW_14030_Myxir_ADW.d:181","(überwältigt) Bei Adanos!","(압도되며) 아다노스 맙소사!","","False","DIA_Addon_Myxir_GeistTafel_12_03","",""
"Scripts/Content/Story/Dialoge/DIA_Addon_KDW_14030_Myxir_ADW.d:182","Er muss den Hohepriester Khardimon beschworen haben, um ihn nach einem Weg in den Tempel zu fragen.","그는 신전으로 가는 길을 물어보기 위해 대사제 카르디몬을 소환했던 게 분명해.","","False","DIA_Addon_Myxir_GeistTafel_12_04","",""
"Scripts/Content/Story/Dialoge/DIA_Addon_KDW_14030_Myxir_ADW.d:183","Laut den Aufzeichnungen hatte er sein Grab in den Höhlen unter der Festung!","기록에 따르면 그의 무덤은 요새 아래의 동굴들에 있었다고 하더군!","","False","DIA_Addon_Myxir_GeistTafel_12_05","",""
"Scripts/Content/Story/Dialoge/DIA_Addon_KDW_14030_Myxir_ADW.d:184","Du wirst es ihm gleichtun müssen.","자네도 그와 똑같이 해야 할 거야.","","False","DIA_Addon_Myxir_GeistTafel_12_06","",""
"Scripts/Content/Story/Dialoge/DIA_Addon_KDW_14030_Myxir_ADW.d:185","Aber Khardimon kannst du nun nicht mehr befragen ...","하지만 이제 카르디몬에게는 물어볼 수 없으니...","","False","DIA_Addon_Myxir_GeistTafel_12_07","",""
"Scripts/Content/Story/Dialoge/DIA_Addon_KDW_14030_Myxir_ADW.d:186","Das Grab des Kriegerfürsten Quahodron soll im Westen des Tals liegen.","전사 왕자 콰르호드론의 무덤은 계곡 서쪽에 있다고 한다.","","False","DIA_Addon_Myxir_GeistTafel_12_08","",""
"Scripts/Content/Story/Dialoge/DIA_Addon_KDW_14030_Myxir_ADW.d:187","Du wirst es finden müssen ... und Quahodron erwecken.","자네가 찾아내야만 해... 그리고 콰르호드론을 깨워야 하네.","","False","DIA_Addon_Myxir_GeistTafel_12_09","",""
"Scripts/Content/Story/Dialoge/DIA_Addon_KDW_14030_Myxir_ADW.d:188","In diesen Inschriften hier ist festgehalten, wie ein Gläubiger Adanos' einen Geist beschwören kann.","여기 이 문서들에는 아다노스의 신도가 어떻게 영혼을 소환할 수 있는지 적혀 있어.","","False","DIA_Addon_Myxir_GeistTafel_12_10","",""
"Scripts/Content/Story/Dialoge/DIA_Addon_KDW_14030_Myxir_ADW.d:189","Glaubst du, das klappt wirklich?","정말 그게 될 거라고 생각하나?","","False","DIA_Addon_Myxir_GeistTafel_15_11","",""
"Scripts/Content/Story/Dialoge/DIA_Addon_KDW_14030_Myxir_ADW.d:190","Ich habe schon vieles wirres Zeug gelesen.","난 그동안 온갖 헛소리들을 많이 읽어보았지.","","False","DIA_Addon_Myxir_GeistTafel_12_12","",""
"Scripts/Content/Story/Dialoge/DIA_Addon_KDW_14030_Myxir_ADW.d:191","Zum Beispiel die Schriften von Y'Berion, dem Anführer der Bruderschaft des Schläfers.","예를 들면 잠자는 자의 형제단 지도자인 이베리온의 기록 같은 것 말이야.","","False","DIA_Addon_Myxir_GeistTafel_12_13","",""
"Scripts/Content/Story/Dialoge/DIA_Addon_KDW_14030_Myxir_ADW.d:192","Aber dem Verfasser DIESER Schriften glaube ich jedes Wort!","하지만 이 문서의 저자가 쓴 말은 한마디 한마디 전부 믿을 수 있어!","","False","DIA_Addon_Myxir_GeistTafel_12_14","",""
"Scripts/Content/Story/Dialoge/DIA_Addon_KDW_14030_Myxir_ADW.d:197","Ist das wirklich dein Ernst?","진심으로 하는 소리인가?","","False","DIA_Addon_Myxir_GeistTafel_Info.DIA_Addon_Myxir_GeistTafel.DIA_Addon_Myxir_GeistTafel_geist","Info_AddChoice",""
"Scripts/Content/Story/Dialoge/DIA_Addon_KDW_14030_Myxir_ADW.d:198","Warum Quarhodron? Warum nicht gleich den Hohepriester Khardimon?","왜 콰르호드론이지? 차라리 대사제 카르디몬을 부르지 않고?","","False","DIA_Addon_Myxir_GeistTafel_Info.DIA_Addon_Myxir_GeistTafel.DIA_Addon_Myxir_GeistTafel_Khardimon","Info_AddChoice",""
"Scripts/Content/Story/Dialoge/DIA_Addon_KDW_14030_Myxir_ADW.d:199","Die Bruderschaft des Schläfers hat nicht NUR Lügen verbreitet.","잠자는 자의 형제단이 퍼뜨린 게 전부 거짓말은 아니었어.","","False","DIA_Addon_Myxir_GeistTafel_Info.DIA_Addon_Myxir_GeistTafel.DIA_Addon_Myxir_GeistTafel_psi","Info_AddChoice",""
"Scripts/Content/Story/Dialoge/DIA_Addon_KDW_14030_Myxir_ADW.d:204","Warum Quarhodron? Warum nicht gleich den Hohepriester Khardimon?","왜 콰르호드론이지? 차라리 대사제 카르디몬을 부르지 않고?","","False","DIA_Addon_Myxir_GeistTafel_Khardimon_15_00","",""
"Scripts/Content/Story/Dialoge/DIA_Addon_KDW_14030_Myxir_ADW.d:205","Raven hat mit seiner Beschwörung das Grab von Khardimon entweiht. Davon können wir ausgehen.","레이븐은 소환술로 카르디몬의 무덤을 더럽혔어. 그건 확실하다.","","False","DIA_Addon_Myxir_GeistTafel_Khardimon_12_01","",""
"Scripts/Content/Story/Dialoge/DIA_Addon_KDW_14030_Myxir_ADW.d:206","Wir müssen uns einen anderen Geist suchen.","우린 다른 영혼을 찾아야 해.","","False","DIA_Addon_Myxir_GeistTafel_Khardimon_12_02","",""
"Scripts/Content/Story/Dialoge/DIA_Addon_KDW_14030_Myxir_ADW.d:211","Die Bruderschaft des Schläfers hat nicht NUR Lügen verbreitet. Den Schläfer gab es wirklich.","슬리퍼의 형제단이 퍼뜨린 것은 거짓말""만""이 아니었어. 슬리퍼는 정말로 존재했거든.","","False","DIA_Addon_Myxir_GeistTafel_psi_15_00","",""
"Scripts/Content/Story/Dialoge/DIA_Addon_KDW_14030_Myxir_ADW.d:212","Es waren auch nicht ihre Lügen, die sie unglaubwürdig gemacht haben, es waren ihre Worte an sich.","그들을 신뢰할 수 없게 만든 건 거짓말 때문이 아니라, 그들의 말 자체였지.","","False","DIA_Addon_Myxir_GeistTafel_psi_12_01","",""
"Scripts/Content/Story/Dialoge/DIA_Addon_KDW_14030_Myxir_ADW.d:213","Die waren mehr verworren als glaubhaft. Sie zeugten von dem übermäßigen Gebrauch des Sumpfkrauts, das sie rauchten.","그들의 말은 믿기 힘들 정도로 횡설수설했어. 그들이 피워대던 늪초를 과도하게 사용한 증거였지.","","False","DIA_Addon_Myxir_GeistTafel_psi_12_02","",""
"Scripts/Content/Story/Dialoge/DIA_Addon_KDW_14030_Myxir_ADW.d:214","Es ist die Ernsthaftigkeit und Besonnenheit in den Worten dieser Steintafel, die mich davon überzeugt, dass DIESER Mann hier die Wahrheit schreibt.","내가 이 석판에 담긴 말에서 진지함과 신중함을 느낀 덕분에, ""이"" 사람이 진실을 썼다고 확신하게 되었네.","","False","DIA_Addon_Myxir_GeistTafel_psi_12_03","",""
"Scripts/Content/Story/Dialoge/DIA_Addon_KDW_14030_Myxir_ADW.d:219","Ist das wirklich dein Ernst?","진심이야?","","False","DIA_Addon_Myxir_GeistTafel_geist_15_00","",""
"Scripts/Content/Story/Dialoge/DIA_Addon_KDW_14030_Myxir_ADW.d:220","Ich will nichts unversucht lassen.","가능한 모든 방법을 시도해보고 싶네.","","False","DIA_Addon_Myxir_GeistTafel_geist_12_01","",""
"Scripts/Content/Story/Dialoge/DIA_Addon_KDW_14030_Myxir_ADW.d:221","Wenn auch nur der Hauch einer Chance für uns besteht, einem der Erbauer zu begegnen, dann müssen wir das tun.","건축가 중 한 명을 만날 수 있는 실낱같은 희망이라도 있다면, 우리는 반드시 그렇게 해야 해.","","False","DIA_Addon_Myxir_GeistTafel_geist_12_02","",""
"Scripts/Content/Story/Dialoge/DIA_Addon_KDW_14030_Myxir_ADW.d:222","Raven hat es ja auch geschafft.","레이븐도 해내지 않았나.","","False","DIA_Addon_Myxir_GeistTafel_geist_12_03","",""
"Scripts/Content/Story/Dialoge/DIA_Addon_KDW_14030_Myxir_ADW.d:224","Angenommen, ich wollte diesen Geist beschwören...","이 유령을 소환하고 싶다면...","","False","DIA_Addon_Myxir_GeistTafel_geist.DIA_Addon_Myxir_GeistTafel.DIA_Addon_Myxir_GeistTafel_wie","Info_AddChoice",""
"Scripts/Content/Story/Dialoge/DIA_Addon_KDW_14030_Myxir_ADW.d:229","Angenommen, ich wollte diesen Geist beschwören, was müsste ich tun?","이 유령을 소환하고 싶다면, 어떻게 해야 하지?","","False","DIA_Addon_Myxir_GeistTafel_wie_15_00","",""
"Scripts/Content/Story/Dialoge/DIA_Addon_KDW_14030_Myxir_ADW.d:230","Finde Quahodrons Grab im Westen des Tals.","계곡 서쪽에 있는 콰르호드론의 무덤을 찾아가게.","","False","DIA_Addon_Myxir_GeistTafel_wie_12_01","",""
"Scripts/Content/Story/Dialoge/DIA_Addon_KDW_14030_Myxir_ADW.d:231","Mit den Worten der Totenwächter, die ich dir hier aufgeschrieben habe, wird sein Geist herbeigerufen.","내가 여기에 적어준 죽은 자의 수호자들의 말을 외우면 그의 영혼이 불려 나올 걸세.","","False","DIA_Addon_Myxir_GeistTafel_wie_12_02","",""
"Scripts/Content/Story/Dialoge/DIA_Addon_KDW_14030_Myxir_ADW.d:234","Das wäre auch schon alles. Jetzt müsstest du nur noch das Grab finden.","그게 전부야. 이제 자네가 무덤을 찾기만 하면 돼.","","False","DIA_Addon_Myxir_GeistTafel_wie_12_03","",""
"Scripts/Content/Story/Dialoge/DIA_Addon_KDW_14030_Myxir_ADW.d:235","Viel Erfolg, mein Sohn!","행운을 빌네, 내 아들!","","False","DIA_Addon_Myxir_GeistTafel_wie_12_04","",""
"Scripts/Content/Story/Dialoge/DIA_Addon_KDW_14030_Myxir_ADW.d:251","Wie war das nochmal mit dem Kriegerfürst 'Quarhodron'?","전사 군주 '콰르호드론'에 대해 뭐라고 했었지?","","False","DIA_Addon_Myxir_GeistPerm.description","",""
"Scripts/Content/Story/Dialoge/DIA_Addon_KDW_14030_Myxir_ADW.d:264","Wie war das nochmal mit dem Kriegerfürst 'Quarhodron'?","전사 군주 '콰르호드론'에 대해 뭐라고 했었지?","","False","DIA_Addon_Myxir_GeistPerm_15_00","",""
"Scripts/Content/Story/Dialoge/DIA_Addon_KDW_14030_Myxir_ADW.d:265","Du sollst sein Grab finden und seinen Geist mit den Worten der Totenwächter herbeirufen.","그의 무덤을 찾아 죽은 자의 수호자들의 말로 그의 영혼을 소환해야 하네.","","False","DIA_Addon_Myxir_GeistPerm_12_01","",""
"Scripts/Content/Story/Dialoge/DIA_Addon_KDW_14030_Myxir_ADW.d:266","Ich habe dir die Worte aufgeschrieben. Du musst sie nur noch laut ablesen.","내가 그 말을 적어두었으니 자네는 그저 크게 읽기만 하면 돼.","","False","DIA_Addon_Myxir_GeistPerm_12_02","",""
"Scripts/Content/Story/Dialoge/DIA_Addon_KDW_14030_Myxir_ADW.d:278","Ich habe mit Quarhodron gesprochen.","콰르호드론과 대화했다.","","False","DIA_Addon_Myxir_TalkedToGhost.description","",""
"Scripts/Content/Story/Dialoge/DIA_Addon_KDW_14030_Myxir_ADW.d:292","Ich habe mit Quarhodron gesprochen.","콰르호드론과 대화했어.","","False","DIA_Addon_Myxir_TalkedToGhost_15_00","",""
"Scripts/Content/Story/Dialoge/DIA_Addon_KDW_14030_Myxir_ADW.d:293","(begeistert) Dann hast du ihn tatsächlich aus dem Reich der Toten erwecken können?","(열광하며) 정말로 죽은 자들의 영토에서 그를 깨워내는 데 성공했단 말인가?","","False","DIA_Addon_Myxir_TalkedToGhost_12_01","",""
"Scripts/Content/Story/Dialoge/DIA_Addon_KDW_14030_Myxir_ADW.d:294","Das ist unglaublich. Ich bewundere diese Erbauer immer mehr.","믿을 수가 없군. 이 건축가들에 대한 경외심이 점점 더 커지는 걸.","","False","DIA_Addon_Myxir_TalkedToGhost_12_02","",""
"Scripts/Content/Story/Dialoge/DIA_Addon_KDW_14030_Myxir_ADW.d:295","Wer weiß, was sie noch zustande gebracht hätten, wenn sie heute noch existieren würden ...","그들이 지금까지 존재했다면 얼마나 대단한 업적을 이뤘을지 누가 알겠는가...","","False","DIA_Addon_Myxir_TalkedToGhost_12_03","",""
"Scripts/Content/Story/Dialoge/DIA_Addon_KDW_14030_Myxir_ADW.d:303","Was hat der Geist gesagt?","유령이 뭐라고 하던가?","","False","DIA_Addon_Myxir_TalkedToGhost_12_04","",""
"Scripts/Content/Story/Dialoge/DIA_Addon_KDW_14030_Myxir_ADW.d:304","Er gab mir etwas, mit dem ich in den Tempel Adanos' hinein komme.","아다노스의 신전에 들어갈 수 있는 물건을 줬어.","","False","DIA_Addon_Myxir_TalkedToGhost_15_05","",""
"Scripts/Content/Story/Dialoge/DIA_Addon_KDW_14030_Myxir_ADW.d:305","Dann geh gleich zu Saturas. Ihn wird sicher interessieren, was du zu sagen hast.","그렇다면 당장 사투러스에게 가게나. 자네가 한 이야기에 분명 큰 관심을 보일 테니.","","False","DIA_Addon_Myxir_TalkedToGhost_12_06","",""
"Scripts/Content/Story/Dialoge/DIA_Addon_KDW_14030_Myxir_ADW.d:319","Lehre mich die fremde Sprache.","외지인의 언어를 가르쳐 다오.","","False","DIA_Addon_Myxir_ADW_Teach.description","",""
"Scripts/Content/Story/Dialoge/DIA_Addon_KDW_1403_Myxir_NW.d:87","Alles klar?","별일 없지?","","False","DIA_Addon_Myxir_Hallo.description","",""
"Scripts/Content/Story/Dialoge/DIA_Addon_KDW_1403_Myxir_NW.d:97","Alles klar?","별일 없지?","","False","DIA_Addon_Myxir_Hallo_15_00","",""
"Scripts/Content/Story/Dialoge/DIA_Addon_KDW_1403_Myxir_NW.d:98","Ganz schön mutig von dir, hier einfach so reinzuspazieren.","여기에 불쑥 찾아오다니, 꽤 대담하군.","","False","DIA_Addon_Myxir_Hallo_12_01","",""
"Scripts/Content/Story/Dialoge/DIA_Addon_KDW_1403_Myxir_NW.d:110","Was machst du hier?","여기서 뭐 하는 거지?","","False","DIA_Addon_Myxir_WasMachstDu.description","",""
"Scripts/Content/Story/Dialoge/DIA_Addon_KDW_1403_Myxir_NW.d:123","Was machst du hier?","여기서 뭐 하는 거지?","","False","DIA_Addon_Myxir_WasMachstDu_15_00","",""
"Scripts/Content/Story/Dialoge/DIA_Addon_KDW_1403_Myxir_NW.d:124","Ich studiere die Sprache der Erbauer.","나는 건축가들의 언어를 연구하고 있다네.","","False","DIA_Addon_Myxir_WasMachstDu_12_01","",""
"Scripts/Content/Story/Dialoge/DIA_Addon_KDW_1403_Myxir_NW.d:125","Die Sprache ist der Schlüssel zum Verständnis des alten Volkes.","그 언어야말로 고대 민족을 이해하는 열쇠지.","","False","DIA_Addon_Myxir_WasMachstDu_12_02","",""
"Scripts/Content/Story/Dialoge/DIA_Addon_KDW_1403_Myxir_NW.d:126","Jeder von uns muss sie erlernen, sonst wäre diese Expedition beendet, bevor sie überhaupt angefangen hat.","우리 중 누구든 이 언어를 배워야 해. 그렇지 않으면 이 탐험은 시작조차 하기 전에 끝나고 말 거야.","","False","DIA_Addon_Myxir_WasMachstDu_12_03","",""
"Scripts/Content/Story/Dialoge/DIA_Addon_KDW_1403_Myxir_NW.d:127","Die Erbauer haben Steintafeln benutzt, um ihr Wissen weiterzugeben. Leider sind viele davon zerbrochen oder wurden schon vor langer Zeit gestohlen.","건축가들은 자신들의 지식을 전하기 위해 석판을 사용했어. 안타깝게도 그중 상당수는 부서졌거나 아주 오래전에 도난당했지.","","False","DIA_Addon_Myxir_WasMachstDu_12_04","",""
"Scripts/Content/Story/Dialoge/DIA_Addon_KDW_1403_Myxir_NW.d:139","Was steht denn so auf diesen Steintafeln?","이 석판에는 어떤 내용이 적혀 있나?","","False","DIA_Addon_Myxir_Steintafeln.description","",""
"Scripts/Content/Story/Dialoge/DIA_Addon_KDW_1403_Myxir_NW.d:152","Was steht denn so auf diesen Steintafeln?","이 석판에는 어떤 내용이 적혀 있나?","","False","DIA_Addon_Myxir_Steintafeln_15_00","",""
"Scripts/Content/Story/Dialoge/DIA_Addon_KDW_1403_Myxir_NW.d:153","Sie enthalten das gesammelte Wissen des alten Volkes.","고대 민족의 축적된 지식이 담겨 있지.","","False","DIA_Addon_Myxir_Steintafeln_12_01","",""
"Scripts/Content/Story/Dialoge/DIA_Addon_KDW_1403_Myxir_NW.d:154","Manche von ihnen erhöhen auf magische Weise das Wissen über Kampf und Magie.","어떤 것들은 마법적인 방법으로 전투와 마법에 대한 지식을 높여준다네.","","False","DIA_Addon_Myxir_Steintafeln_12_02","",""
"Scripts/Content/Story/Dialoge/DIA_Addon_KDW_1403_Myxir_NW.d:155","Für jemanden, der die Tafeln lesen kann, sind sie ein wahrer Schatz.","석판을 읽을 수 있는 사람에게 그것은 진정한 보물이지.","","False","DIA_Addon_Myxir_Steintafeln_12_03","",""
"Scripts/Content/Story/Dialoge/DIA_Addon_KDW_1403_Myxir_NW.d:171","Kannst du mir das Lesen der fremden Sprache beibringen?","그 외지인의 언어를 읽는 법을 가르쳐줄 수 있나?","","False","DIA_Addon_Myxir_WillYouTeachMe.description","",""
"Scripts/Content/Story/Dialoge/DIA_Addon_KDW_1403_Myxir_NW.d:184","Kannst du mir das Lesen der fremden Sprache beibringen?","그 외지인의 언어를 읽는 법을 가르쳐줄 수 있나?","","False","DIA_Addon_Myxir_WillYouTeachMe_15_00","",""
"Scripts/Content/Story/Dialoge/DIA_Addon_KDW_1403_Myxir_NW.d:185","Tja. Warum eigentlich nicht? Ich gebe gerne mein Wissen an dich weiter.","음, 안 될 이유라도 있나? 기꺼이 내 지식을 자네에게 전수해 주겠네.","","False","DIA_Addon_Myxir_WillYouTeachMe_12_01","",""
"Scripts/Content/Story/Dialoge/DIA_Addon_KDW_1403_Myxir_NW.d:206","Lehre mich die fremde Sprache.","외지인의 언어를 가르쳐 다오.","","False","DIA_Addon_Myxir_Teach.description","",""
"Scripts/Content/Story/Dialoge/DIA_Addon_KDW_14040_Riordian_ADW.d:33","Hast du das hier erwartet?","이런 곳을 기대했나?","","False","DIA_Addon_Riordian_HelloADW.description","",""
"Scripts/Content/Story/Dialoge/DIA_Addon_KDW_14040_Riordian_ADW.d:43","Hast du DAS hier erwartet?","이런 곳을 기대했나?","","False","DIA_Addon_Riordian_HelloADW_15_00","",""
"Scripts/Content/Story/Dialoge/DIA_Addon_KDW_14040_Riordian_ADW.d:44","Auf keinen Fall. Ich bin überwältigt, wie groß die Stadt gewesen sein muss.","전혀 아니야. 이 도시가 얼마나 컸을지 상상도 못 해서 압도될 지경이야.","","False","DIA_Addon_Riordian_HelloADW_10_01","",""
"Scripts/Content/Story/Dialoge/DIA_Addon_KDW_14040_Riordian_ADW.d:45","Die meisten Gebäude sind unter Stein und Erde verschüttet, aber die Ruinen, die die Zeit überdauert haben, sind über das ganze Land hier verteilt.","대부분의 건물은 돌과 흙에 파묻혀 있지만, 세월을 견뎌낸 유적들이 이 땅 전역에 흩어져 있지.","","False","DIA_Addon_Riordian_HelloADW_10_02","",""
"Scripts/Content/Story/Dialoge/DIA_Addon_KDW_14040_Riordian_ADW.d:46","Es müssen Tausende gewesen sein, die hier gelebt haben.","여기에 살았던 사람들이 수천 명은 되었을 거야.","","False","DIA_Addon_Riordian_HelloADW_10_03","",""
"Scripts/Content/Story/Dialoge/DIA_Addon_KDW_14040_Riordian_ADW.d:58","Was werde ich da draussen finden?","저 밖에 나가면 무엇을 찾을 수 있을까?","","False","DIA_Addon_Riordian_WhatToFind.description","",""
"Scripts/Content/Story/Dialoge/DIA_Addon_KDW_14040_Riordian_ADW.d:71","Was werde ich da draußen finden?","저 밖에 나가면 무엇을 찾을 수 있을까?","","False","DIA_Addon_Riordian_WhatToFind_15_00","",""
"Scripts/Content/Story/Dialoge/DIA_Addon_KDW_14040_Riordian_ADW.d:72","Im Osten gibt es eine große Festung in einem riesigen Sumpf.","동쪽에는 거대한 늪지대에 세워진 커다란 요새가 있다네.","","False","DIA_Addon_Riordian_WhatToFind_10_01","",""
"Scripts/Content/Story/Dialoge/DIA_Addon_KDW_14040_Riordian_ADW.d:73","Soweit wir das von hier aus beurteilen können, haben sich die Banditen dort verschanzt.","우리가 여기서 파악한 바로는, 그곳에 도적들이 틀어박혀 있어.","","False","DIA_Addon_Riordian_WhatToFind_10_02","",""
"Scripts/Content/Story/Dialoge/DIA_Addon_KDW_14040_Riordian_ADW.d:74","Wenn ich du wäre, würde ich nicht da runter gehen. Sie haben viele Vorposten und Wachen aufgestellt.","내가 자네라면 그곳엔 내려가지 않을 걸세. 그들이 전초기지와 경비병들을 많이 배치해 두었거든.","","False","DIA_Addon_Riordian_WhatToFind_10_03","",""
"Scripts/Content/Story/Dialoge/DIA_Addon_KDW_14040_Riordian_ADW.d:75","Du meidest besser den Sumpf, bis du mehr Erfahrung hast oder einen Weg findest, die Banditen zu umgehen.","경험이 더 쌓이거나 도적들을 우회할 방법을 찾을 때까지는 늪을 피하는 게 좋을 거야.","","False","DIA_Addon_Riordian_WhatToFind_10_04","",""
"Scripts/Content/Story/Dialoge/DIA_Addon_KDW_14040_Riordian_ADW.d:76","Im Westen haben wir einige Piraten entdeckt.","서쪽에서는 해적들을 몇 명 발견했네.","","False","DIA_Addon_Riordian_WhatToFind_10_05","",""
"Scripts/Content/Story/Dialoge/DIA_Addon_KDW_14040_Riordian_ADW.d:77","Ich bin mir nicht sicher, aber ich glaube, sie haben uns entdeckt.","확실하진 않지만, 그들도 우리를 발견한 것 같아.","","False","DIA_Addon_Riordian_WhatToFind_10_06","",""
"Scripts/Content/Story/Dialoge/DIA_Addon_KDW_14040_Riordian_ADW.d:78","Scheint sie aber nicht sonderlich zu stören, dass wir hier sind.","하지만 우리가 여기 있다는 사실에 그다지 신경 쓰는 눈치는 아니더군.","","False","DIA_Addon_Riordian_WhatToFind_10_07","",""
"Scripts/Content/Story/Dialoge/DIA_Addon_KDW_14040_Riordian_ADW.d:91","Erzähl' mir mehr über diese Gegend.","이 지역에 대해 더 말해다오.","","False","DIA_Addon_Riordian_Gegend.description","",""
"Scripts/Content/Story/Dialoge/DIA_Addon_KDW_14040_Riordian_ADW.d:106","Erzähl mir mehr über diese Gegend.","이 지역에 대해 더 말해다오.","","False","DIA_Addon_Riordian_Gegend_15_00","",""
"Scripts/Content/Story/Dialoge/DIA_Addon_KDW_14040_Riordian_ADW.d:107","Was willst du wissen?","무엇을 알고 싶나?","","False","DIA_Addon_Riordian_Gegend_10_01","",""
"Scripts/Content/Story/Dialoge/DIA_Addon_KDW_14040_Riordian_ADW.d:115","Gibt es eine Karte dieser Gegend?","이 지역 지도가 있나?","","False","DIA_Addon_Riordian_Gegend_Info.DIA_Addon_Riordian_Gegend.DIA_Addon_Riordian_Gegend_map","Info_AddChoice",""
"Scripts/Content/Story/Dialoge/DIA_Addon_KDW_14040_Riordian_ADW.d:119","Wo hast du die Piraten gesehen?","해적들은 어디서 봤지?","","False","DIA_Addon_Riordian_Gegend_Info.DIA_Addon_Riordian_Gegend.DIA_Addon_Riordian_Gegend_Piraten","Info_AddChoice",""
"Scripts/Content/Story/Dialoge/DIA_Addon_KDW_14040_Riordian_ADW.d:120","Wo waren die Banditen nochmal?","도적들이 어디에 있다고 했지?","","False","DIA_Addon_Riordian_Gegend_Info.DIA_Addon_Riordian_Gegend.DIA_Addon_Riordian_Gegend_bandits","Info_AddChoice",""
"Scripts/Content/Story/Dialoge/DIA_Addon_KDW_14040_Riordian_ADW.d:121","Warst du schon mal im Westen?","서쪽에는 가본 적 있나?","","False","DIA_Addon_Riordian_Gegend_Info.DIA_Addon_Riordian_Gegend.DIA_Addon_Riordian_Gegend_west","Info_AddChoice",""
"Scripts/Content/Story/Dialoge/DIA_Addon_KDW_14040_Riordian_ADW.d:122","Was war nochmal im Osten?","동쪽에는 뭐가 있다고 했지?","","False","DIA_Addon_Riordian_Gegend_Info.DIA_Addon_Riordian_Gegend.DIA_Addon_Riordian_Gegend_ost","Info_AddChoice",""
"Scripts/Content/Story/Dialoge/DIA_Addon_KDW_14040_Riordian_ADW.d:123","Wo komme ich hin, wenn ich nach Süden gehe?","남쪽으로 가면 어디가 나오지?","","False","DIA_Addon_Riordian_Gegend_Info.DIA_Addon_Riordian_Gegend.DIA_Addon_Riordian_Gegend_sued","Info_AddChoice",""
"Scripts/Content/Story/Dialoge/DIA_Addon_KDW_14040_Riordian_ADW.d:124","Was ist im Norden?","북쪽에는 무엇이 있나?","","False","DIA_Addon_Riordian_Gegend_Info.DIA_Addon_Riordian_Gegend.DIA_Addon_Riordian_Gegend_nord","Info_AddChoice",""
"Scripts/Content/Story/Dialoge/DIA_Addon_KDW_14040_Riordian_ADW.d:134","Gibt es eine Karte dieser Gegend?","이 지역 지도가 있나?","","False","DIA_Addon_Riordian_Gegend_map_15_00","",""
"Scripts/Content/Story/Dialoge/DIA_Addon_KDW_14040_Riordian_ADW.d:135","Cronos hat eine angefertigt. Er überlässt sie dir bestimmt.","크로노스가 하나 만들어 두었어. 그에게 가면 기꺼이 내어줄 걸세.","","False","DIA_Addon_Riordian_Gegend_map_10_01","",""
"Scripts/Content/Story/Dialoge/DIA_Addon_KDW_14040_Riordian_ADW.d:140","Wo waren die Banditen noch mal?","도적들이 어디에 있다고 했지?","","False","DIA_Addon_Riordian_Gegend_bandits_15_00","",""
"Scripts/Content/Story/Dialoge/DIA_Addon_KDW_14040_Riordian_ADW.d:141","Sie haben eine Art Festung mit vielen Vorposten im Osten.","동쪽에 수많은 전초기지가 딸린 요새 같은 곳을 가지고 있지.","","False","DIA_Addon_Riordian_Gegend_bandits_10_01","",""
"Scripts/Content/Story/Dialoge/DIA_Addon_KDW_14040_Riordian_ADW.d:142","Um da hin zu gelangen, musst du durch den großen Sumpf marschieren.","거기에 가려면 커다란 늪을 가로질러야 할 거야.","","False","DIA_Addon_Riordian_Gegend_bandits_10_02","",""
"Scripts/Content/Story/Dialoge/DIA_Addon_KDW_14040_Riordian_ADW.d:147","Wo hast du die Piraten gesehen?","해적들은 어디서 봤지?","","False","DIA_Addon_Riordian_Gegend_Piraten_15_00","",""
"Scripts/Content/Story/Dialoge/DIA_Addon_KDW_14040_Riordian_ADW.d:148","Sie liefen nicht weit von hier im Westen umher.","여기서 서쪽으로 멀지 않은 곳에서 돌아다니더군.","","False","DIA_Addon_Riordian_Gegend_Piraten_10_01","",""
"Scripts/Content/Story/Dialoge/DIA_Addon_KDW_14040_Riordian_ADW.d:149","Ich glaube, sie waren auf der Jagd.","사냥 중이었던 것 같아.","","False","DIA_Addon_Riordian_Gegend_Piraten_10_02","",""
"Scripts/Content/Story/Dialoge/DIA_Addon_KDW_14040_Riordian_ADW.d:154","Was ist im Norden?","북쪽에는 무엇이 있나?","","False","DIA_Addon_Riordian_Gegend_nord_15_00","",""
"Scripts/Content/Story/Dialoge/DIA_Addon_KDW_14040_Riordian_ADW.d:155","Wenn ich den Aufzeichnungen der Erbauer Glauben schenken darf, dann wirst du dort ein großes von hohen Felsen umringtes Tal finden.","건축가들의 기록을 믿어도 된다면, 거기서 높은 절벽으로 둘러싸인 거대한 계곡을 찾게 될 걸세.","","False","DIA_Addon_Riordian_Gegend_nord_10_01","",""
"Scripts/Content/Story/Dialoge/DIA_Addon_KDW_14040_Riordian_ADW.d:156","Dürre und Wüstensand bestimmen dort die Landschaft.","그곳의 풍경은 메마른 땅과 사막의 모래가 지배하고 있지.","","False","DIA_Addon_Riordian_Gegend_nord_10_02","",""
"Scripts/Content/Story/Dialoge/DIA_Addon_KDW_14040_Riordian_ADW.d:161","Wo komme ich hin, wenn ich nach Süden gehe?","남쪽으로 가면 어디가 나오지?","","False","DIA_Addon_Riordian_Gegend_sued_15_00","",""
"Scripts/Content/Story/Dialoge/DIA_Addon_KDW_14040_Riordian_ADW.d:162","Das Land im Süden ist sehr zerklüftet.","남쪽 땅은 아주 험준하다네.","","False","DIA_Addon_Riordian_Gegend_sued_10_01","",""
"Scripts/Content/Story/Dialoge/DIA_Addon_KDW_14040_Riordian_ADW.d:163","Serpentinenartige Wege, Wasserfälle und in Felsen gehauene Ruinen wirst du dort finden.","구불구불한 길과 폭포, 그리고 바위를 깎아 만든 유적들을 그곳에서 보게 될 거야.","","False","DIA_Addon_Riordian_Gegend_sued_10_02","",""
"Scripts/Content/Story/Dialoge/DIA_Addon_KDW_14040_Riordian_ADW.d:168","Was war nochmal im Osten?","동쪽에는 뭐가 있다고 했지?","","False","DIA_Addon_Riordian_Gegend_ost_15_00","",""
"Scripts/Content/Story/Dialoge/DIA_Addon_KDW_14040_Riordian_ADW.d:169","Der große Sumpf. Die Gegend ist sehr gefährlich.","커다란 늪이지. 그 지역은 매우 위험해.","","False","DIA_Addon_Riordian_Gegend_ost_10_01","",""
"Scripts/Content/Story/Dialoge/DIA_Addon_KDW_14040_Riordian_ADW.d:170","Nicht nur die Banditen lauern dort, sondern auch äußerst gefährliche Tiere.","도적들이 도사리고 있을 뿐만 아니라, 극도로 위험한 야수들도 살고 있거든.","","False","DIA_Addon_Riordian_Gegend_ost_10_02","",""
"Scripts/Content/Story/Dialoge/DIA_Addon_KDW_14040_Riordian_ADW.d:171","Du solltest vorsichtig sein.","조심하는 게 좋을 거야.","","False","DIA_Addon_Riordian_Gegend_ost_10_03","",""
"Scripts/Content/Story/Dialoge/DIA_Addon_KDW_14040_Riordian_ADW.d:177","Warst du schon mal im Westen?","서쪽에는 가본 적 있나?","","False","DIA_Addon_Riordian_Gegend_west_15_00","",""
"Scripts/Content/Story/Dialoge/DIA_Addon_KDW_14040_Riordian_ADW.d:178","Nein. Aber irgendwo dort muss die Küste sein.","아니. 하지만 어딘가에 해안이 있을 거야.","","False","DIA_Addon_Riordian_Gegend_west_10_01","",""
"Scripts/Content/Story/Dialoge/DIA_Addon_KDW_14040_Riordian_ADW.d:179","Ich vermute, dass die Piraten dort ihr Lager haben.","해적들의 캠프도 그곳에 있을 거라고 추측하고 있지.","","False","DIA_Addon_Riordian_Gegend_west_10_02","",""
"Scripts/Content/Story/Dialoge/DIA_Addon_KDW_14040_Riordian_ADW.d:184","Nicht weit von hier im Osten haben wir die Leiche eines Fischers gefunden.","여기서 동쪽으로 그리 멀지 않은 곳에서 어부의 시체를 발견했네.","","False","DIA_Addon_Riordian_Gegend_west_10_03","",""
"Scripts/Content/Story/Dialoge/DIA_Addon_KDW_14040_Riordian_ADW.d:185","Das solltest du dir mal ansehen.","한번 가서 확인해 보는 게 좋을 거야.","","False","DIA_Addon_Riordian_Gegend_west_10_04","",""
"Scripts/Content/Story/Dialoge/DIA_Addon_KDW_14040_Riordian_ADW.d:200","Saturas schickt mich.","사투러스가 보냈다.","","False","DIA_Addon_Riordian_HousesOfRulers.description","",""
"Scripts/Content/Story/Dialoge/DIA_Addon_KDW_14040_Riordian_ADW.d:213","Saturas schickt mich. Ich soll die fünf Herrenhäuser von Jharkendar durchsuchen.","사투러스가 보냈어. 자르켄다르의 저택 다섯 채를 수색하라고 하더군.","","False","DIA_Addon_Riordian_HousesOfRulers_15_00","",""
"Scripts/Content/Story/Dialoge/DIA_Addon_KDW_14040_Riordian_ADW.d:214","Ich habe lange dafür gebraucht, aus den Niederschriften der Erbauer den Standort der Herrenhäuser zu finden.","건축가들의 기록에서 저택들의 위치를 알아내는 데 꽤 오랜 시간이 걸렸지.","","False","DIA_Addon_Riordian_HousesOfRulers_10_01","",""
"Scripts/Content/Story/Dialoge/DIA_Addon_KDW_14040_Riordian_ADW.d:215","Aber jetzt kann ich es dir genau sagen.","하지만 이제 정확히 알려줄 수 있어.","","False","DIA_Addon_Riordian_HousesOfRulers_10_02","",""
"Scripts/Content/Story/Dialoge/DIA_Addon_KDW_14040_Riordian_ADW.d:228","Wo finde ich die fünf Herrenhäuser?","다섯 저택은 어디에 있나?","","False","DIA_Addon_Riordian_WhereAreHouses.description","",""
"Scripts/Content/Story/Dialoge/DIA_Addon_KDW_14040_Riordian_ADW.d:243","Das Haus der Gelehrten ist eine große Bibliothek. Sie muss irgendwo weit im Norden sein.","학자들의 저택은 커다란 도서관이라네. 북쪽 먼 곳 어딘가에 있을 거야.","","False","DIA_Addon_Riordian_WhereAreHouses_10_00","",""
"Scripts/Content/Story/Dialoge/DIA_Addon_KDW_14040_Riordian_ADW.d:244","Das Haus der Krieger war damals eine von Felsen umringte Festung im Osten.","전사들의 저택은 당시 동쪽에 바위로 둘러싸인 요새였지.","","False","DIA_Addon_Riordian_WhereAreHouses_10_01","",""
"Scripts/Content/Story/Dialoge/DIA_Addon_KDW_14040_Riordian_ADW.d:245","Die Priester und die Totenwächter hatten ihre Behausungen nahe beieinander. Du solltest sie im Südwesten finden.","사제들과 죽은 자의 수호자들은 거처가 서로 가까이 있었어. 남서쪽에서 찾을 수 있을 거야.","","False","DIA_Addon_Riordian_WhereAreHouses_10_02","",""
"Scripts/Content/Story/Dialoge/DIA_Addon_KDW_14040_Riordian_ADW.d:246","Und die Heiler hatten ihr Haus der Genesung im Südosten.","그리고 치유사들은 남동쪽에 치유의 저택을 두고 있었지.","","False","DIA_Addon_Riordian_WhereAreHouses_10_03","",""
"Scripts/Content/Story/Dialoge/DIA_Addon_KDW_14040_Riordian_ADW.d:250","Wenn diese Häuser noch stehen, dann wirst du sie an ihrer Bauweise erkennen.","그 저택들이 아직 남아 있다면, 건축 양식을 보고 알아볼 수 있을 걸세.","","False","DIA_Addon_Riordian_WhereAreHouses_10_04","",""
"Scripts/Content/Story/Dialoge/DIA_Addon_KDW_14040_Riordian_ADW.d:254","Sie sind erhöht. Eine steile Treppe führt in den von hohen Säulen verdeckten Eingang.","지대가 높지. 가파른 계단이 높은 기둥들로 가려진 입구로 이어져 있어.","","False","DIA_Addon_Riordian_WhereAreHouses_10_05","",""
"Scripts/Content/Story/Dialoge/DIA_Addon_KDW_14040_Riordian_ADW.d:258","Ich hoffe, das hilft dir weiter.","이 정보가 도움이 되었으면 좋겠군.","","False","DIA_Addon_Riordian_WhereAreHouses_10_06","",""
"Scripts/Content/Story/Dialoge/DIA_Addon_KDW_14040_Riordian_ADW.d:271","Wo finde ich die 5 Herrenhäuser?","5 저택들은 어디에 있나?","","False","DIA_Addon_Riordian_WhereAreHouses_15_00","",""
"Scripts/Content/Story/Dialoge/DIA_Addon_KDW_14040_Riordian_ADW.d:285","Wegen der Herrenhäuser...","저택들에 대해서 말인데...","","False","DIA_Addon_Riordian_FoundHouse.description","",""
"Scripts/Content/Story/Dialoge/DIA_Addon_KDW_14040_Riordian_ADW.d:310","Äh, wegen der Herrenhäuser ...","어, 저택들에 대해서 말인데...","","False","DIA_Addon_Riordian_FoundHouse_15_00","",""
"Scripts/Content/Story/Dialoge/DIA_Addon_KDW_14040_Riordian_ADW.d:311","Ja?","그래?","","False","DIA_Addon_Riordian_FoundHouse_10_01","",""
"Scripts/Content/Story/Dialoge/DIA_Addon_KDW_14040_Riordian_ADW.d:316","Die Orks scheinen sich für die Bibliothek der Gelehrten zu interessieren.","오크들이 학자들의 도서관에 관심이 있는 모양이야.","","False","DIA_Addon_Riordian_FoundHouse_15_02","",""
"Scripts/Content/Story/Dialoge/DIA_Addon_KDW_14040_Riordian_ADW.d:317","Denkst du, dass sie die alte Sprache lesen können?","그들이 고대 언어를 읽을 수 있다고 생각하나?","","False","DIA_Addon_Riordian_FoundHouse_10_03","",""
"Scripts/Content/Story/Dialoge/DIA_Addon_KDW_14040_Riordian_ADW.d:318","Ich denke nicht, aber wer weiß das schon.","그럴 리는 없겠지만, 누가 알겠나.","","False","DIA_Addon_Riordian_FoundHouse_15_04","",""
"Scripts/Content/Story/Dialoge/DIA_Addon_KDW_14040_Riordian_ADW.d:319","Vielleicht solltest du trotzdem besser dafür sorgen, dass sie verschwinden.","그래도 그들이 껜져 버리게 손을 쓰는 편이 낫겠지.","","False","DIA_Addon_Riordian_FoundHouse_10_05","",""
"Scripts/Content/Story/Dialoge/DIA_Addon_KDW_14040_Riordian_ADW.d:331","Das Haus der Heiler steht mitten in der Sumpfregion und wurde von einer Menge Steinwächtern verteidigt.","치유사의 저택은 늪지대 한가운데에 있으며 수많은 돌수호자들이 지키고 있었어.","","False","DIA_Addon_Riordian_FoundHouse_15_06","",""
"Scripts/Content/Story/Dialoge/DIA_Addon_KDW_14040_Riordian_ADW.d:332","Es steht also immer noch?","그럼 아직도 남아 있다는 말인가?","","False","DIA_Addon_Riordian_FoundHouse_10_07","",""
"Scripts/Content/Story/Dialoge/DIA_Addon_KDW_14040_Riordian_ADW.d:333","Ja, fragt sich nur, wie lange noch ...","그래, 언제까지 버텨줄지 모르겠지만 말이야...","","False","DIA_Addon_Riordian_FoundHouse_15_08","",""
"Scripts/Content/Story/Dialoge/DIA_Addon_KDW_14040_Riordian_ADW.d:334","Mich schmerzt es in der Seele, wenn ich die Zeugen der Vergangeheit in diesem zerfallenen Zustand sehe.","과거의 증거들이 이렇게 붕괴된 상태인 걸 보면 마음이 아프다네.","","False","DIA_Addon_Riordian_FoundHouse_10_09","",""
"Scripts/Content/Story/Dialoge/DIA_Addon_KDW_14040_Riordian_ADW.d:342","Das Herrenhaus der Krieger wurde von Raven als Unterschlupf verwendet.","전사들의 저택은 레이븐이 은신처로 사용하고 있어.","","False","DIA_Addon_Riordian_FoundHouse_15_10","",""
"Scripts/Content/Story/Dialoge/DIA_Addon_KDW_14040_Riordian_ADW.d:343","(zynisch) Da hat er eine gute Wahl getroffen.","(냉소적으로) 아주 기가 막힌 곳을 골랐군.","","False","DIA_Addon_Riordian_FoundHouse_10_11","",""
"Scripts/Content/Story/Dialoge/DIA_Addon_KDW_14040_Riordian_ADW.d:344","Vermutlich ist es die sicherste Festung, die in dieser Region noch zu finden ist.","이 지역에서 그나마 가장 안전한 요새일 테니까.","","False","DIA_Addon_Riordian_FoundHouse_10_12","",""
"Scripts/Content/Story/Dialoge/DIA_Addon_KDW_14040_Riordian_ADW.d:352","Im Haus der Priester waren jede Menge Minecrawler ...","사제들의 저택에는 마인크롤러가 한가득 있더군...","","False","DIA_Addon_Riordian_FoundHouse_15_13","",""
"Scripts/Content/Story/Dialoge/DIA_Addon_KDW_14040_Riordian_ADW.d:353","Ist so eine Gegend nicht sehr ungewöhnlich für diese Tiere?","이런 지역이 이 동물들에게 아주 이례적인 곳은 아니지 않나?","","False","DIA_Addon_Riordian_FoundHouse_10_14","",""
"Scripts/Content/Story/Dialoge/DIA_Addon_KDW_14040_Riordian_ADW.d:354","Allerdings.","그렇지.","","False","DIA_Addon_Riordian_FoundHouse_15_15","",""
"Scripts/Content/Story/Dialoge/DIA_Addon_KDW_14040_Riordian_ADW.d:355","Bei Adanos. Seltsame Dinge geschehen in dieser Region.","아다노스 맙소사. 이 지역에서 기이한 일들이 벌어지고 있어.","","False","DIA_Addon_Riordian_FoundHouse_10_16","",""
"Scripts/Content/Story/Dialoge/DIA_Addon_KDW_14040_Riordian_ADW.d:364","Das Haus der Totenwächter wird beherrscht von der Macht des Bösen.","망자의 수호자들의 저택은 사악한 힘에 지배당하고 있다.","","False","DIA_Addon_Riordian_FoundHouse_15_17","",""
"Scripts/Content/Story/Dialoge/DIA_Addon_KDW_14040_Riordian_ADW.d:365","Ich glaub, ich habe selten so viele Zombies auf einem Haufen gesehen.","한곳에 그렇게 많은 좀비가 모여 있는 건 처음 본 것 같아.","","False","DIA_Addon_Riordian_FoundHouse_15_18","",""
"Scripts/Content/Story/Dialoge/DIA_Addon_KDW_14040_Riordian_ADW.d:366","Das ist bedauerlich. Die Totenwächter wurden offenbar Opfer ihrer speziellen Fähigkeiten.","유감스럽군. 망자의 수호자들은 분명 그들의 특수한 능력의 희생양이 된 거야.","","False","DIA_Addon_Riordian_FoundHouse_10_19","",""
"Scripts/Content/Story/Dialoge/DIA_Addon_KDW_14040_Riordian_ADW.d:367","Ihre Verbundenheit zur Totenwelt hat ihnen schwer geschadet. Ich hoffe, du hast sie von ihrem Leid erlösen können.","사후 세계와의 유대가 그들에게 큰 해를 입혔지. 네가 그들을 고통에서 해방시켜 주었기를 바란다.","","False","DIA_Addon_Riordian_FoundHouse_10_20","",""
"Scripts/Content/Story/Dialoge/DIA_Addon_KDW_14040_Riordian_ADW.d:382","Erzähl mir nochmal, wo sich jedes einzelne befindet.","각각 어디에 있는지 다시 말해 줘.","","False","DIA_Addon_Riordian_FoundHouse_15_21","",""
"Scripts/Content/Story/Dialoge/DIA_Addon_KDW_14040_Riordian_ADW.d:396","Die Orks werden das Interesse an dieser Region bald verlieren.","오크들은 곧 이 지역에 대한 관심을 잃을 것이다.","","False","DIA_Addon_Riordian_OrksWeg.description","",""
"Scripts/Content/Story/Dialoge/DIA_Addon_KDW_14040_Riordian_ADW.d:410","Die Orks werden das Interesse an dieser Region bald verlieren.","오크들은 곧 이 지역에 대한 관심을 잃을 것이다.","","False","DIA_Addon_Riordian_OrksWeg_15_00","",""
"Scripts/Content/Story/Dialoge/DIA_Addon_KDW_14040_Riordian_ADW.d:411","Wie kommst du darauf?","무슨 근거로 그런 소리를 하지?","","False","DIA_Addon_Riordian_OrksWeg_10_01","",""
"Scripts/Content/Story/Dialoge/DIA_Addon_KDW_14040_Riordian_ADW.d:415","Ich habe ihren Anführer getötet.","그들의 우두머리를 죽였거든.","","False","DIA_Addon_Riordian_OrksWeg_15_02","",""
"Scripts/Content/Story/Dialoge/DIA_Addon_KDW_14040_Riordian_ADW.d:419","Ihr Anführer ist tot.","그들의 우두머리가 죽었어.","","False","DIA_Addon_Riordian_OrksWeg_15_03","",""
"Scripts/Content/Story/Dialoge/DIA_Addon_KDW_14040_Riordian_ADW.d:422","Wollen wir hoffen, dass du Recht hast.","네 말이 맞기를 바라자고.","","False","DIA_Addon_Riordian_OrksWeg_10_04","",""
"Scripts/Content/Story/Dialoge/DIA_Addon_KDW_14040_Riordian_ADW.d:423","Störungen dieser Art können wir jetzt nun wirklich nicht gebrauchen.","지금은 정말 이런 식의 소란을 겪을 겨를이 없단 말이다.","","False","DIA_Addon_Riordian_OrksWeg_10_05","",""
"Scripts/Content/Story/Dialoge/DIA_Addon_KDW_14040_Riordian_ADW.d:438","Ich habe alle Herrenhäuser gefunden.","모든 저택을 찾았어.","","False","DIA_Addon_Riordian_FoundAllHouses.description","",""
"Scripts/Content/Story/Dialoge/DIA_Addon_KDW_14040_Riordian_ADW.d:452","Ich habe alle Herrenhäuser gefunden.","모든 저택을 찾았어.","","False","DIA_Addon_Riordian_FoundAllHouses_15_00","",""
"Scripts/Content/Story/Dialoge/DIA_Addon_KDW_14040_Riordian_ADW.d:453","Waren sie alle dort, wo ich es gesagt habe?","다들 내가 말한 곳에 있던가?","","False","DIA_Addon_Riordian_FoundAllHouses_10_01","",""
"Scripts/Content/Story/Dialoge/DIA_Addon_KDW_14040_Riordian_ADW.d:454","Mehr oder weniger schon.","대체로 그렇지.","","False","DIA_Addon_Riordian_FoundAllHouses_15_02","",""
"Scripts/Content/Story/Dialoge/DIA_Addon_KDW_14040_Riordian_ADW.d:455","Sehr gut. Dann hat sich meine Arbeit ja DOCH gelohnt.","아주 좋군. 그럼 내 노력이 헛되지 않았던 셈이야.","","False","DIA_Addon_Riordian_FoundAllHouses_10_03","",""
"Scripts/Content/Story/Dialoge/DIA_Addon_KDW_14040_Riordian_ADW.d:456","Ich danke dir.","고맙네.","","False","DIA_Addon_Riordian_FoundAllHouses_10_04","",""
"Scripts/Content/Story/Dialoge/DIA_Addon_KDW_14040_Riordian_ADW.d:470","Kannst du mir deine Fähigkeiten beibringen?","네 기술을 가르쳐 줄 수 있나?","","False","DIA_Addon_Riordian_ADW_PreTeach.description","",""
"Scripts/Content/Story/Dialoge/DIA_Addon_KDW_14040_Riordian_ADW.d:480","Kannst du mir deine Fähigkeiten beibringen?","네 기술을 가르쳐 줄 수 있나?","","False","DIA_Addon_Riordian_ADW_PreTeach_15_00","",""
"Scripts/Content/Story/Dialoge/DIA_Addon_KDW_14040_Riordian_ADW.d:481","Ich kann dich in der Kunst der Alchemie unterrichten.","나는 연금술의 기술을 가르쳐 줄 수 있네.","","False","DIA_Addon_Riordian_ADW_PreTeach_10_01","",""
"Scripts/Content/Story/Dialoge/DIA_Addon_KDW_14040_Riordian_ADW.d:486","Und ich kann dir zeigen, wie du deinem Irrlicht beibringst, nach Gegenständen zu suchen.","그리고 도깨비불에게 물건을 찾는 법을 가르치는 방법도 알려줄 수 있지.","","False","DIA_Addon_Riordian_ADW_PreTeach_10_02","",""
"Scripts/Content/Story/Dialoge/DIA_Addon_KDW_14040_Riordian_ADW.d:505","Zeig mir, wie ich mein Irrlicht unterrichte.","내 도깨비불을 가르치는 법을 가르쳐 줘.","","False","DIA_Addon_Riordian_ADW_Teach.description","",""
"Scripts/Content/Story/Dialoge/DIA_Addon_KDW_14040_Riordian_ADW.d:678","Lehre mich die Kunst des Tränkebrauens.","포션 제조 기술을 가르쳐 다오.","","False","DIA_Riordian_ADW_TeachAlchemy.description","",""
"Scripts/Content/Story/Dialoge/DIA_Addon_KDW_14040_Riordian_ADW.d:698","Lehre mich die Kunst des Tränkebrauens.","포션 제조 기술을 가르쳐 다오.","","False","DIA_Addon_Riordian_ADW_TeachAlchemy_15_00","",""
"Scripts/Content/Story/Dialoge/DIA_Addon_KDW_14040_Riordian_ADW.d:763","Magische Tränke braut man an einem Alchemietisch. Wir haben einen davon in unserer Behausung hier oben.","마법 포션은 연금술 작업대에서 제조할 수 있네. 위쪽 우리 처소에 하나 있지.","","False","DIA_Addon_Riordian_ADW_TeachAlchemy_10_01","",""
"Scripts/Content/Story/Dialoge/DIA_Addon_KDW_14040_Riordian_ADW.d:764","Dafür benötigst du eine leere Laborflasche, die nötigen Ingredienzien und das Wissen, wie man den Trank herstellt.","그러려면 빈 실험실 병과 필요한 재료들, 그리고 포션을 만드는 방법에 대한 지식이 필요하다.","","False","DIA_Addon_Riordian_ADW_TeachAlchemy_10_02","",""
"Scripts/Content/Story/Dialoge/DIA_Addon_KDW_14040_Riordian_ADW.d:765","Von mir kannst du das Wissen darüber bekommen. Die anderen Dinge wirst du dir selbst zusammensuchen müssen.","그 지식은 나한테 얻을 수 있지. 나머지는 네가 직접 찾아야 할 것이다.","","False","DIA_Addon_Riordian_ADW_TeachAlchemy_10_03","",""
"Scripts/Content/Story/Dialoge/DIA_Addon_KDW_14040_Riordian_ADW.d:770","Was willst du brauen?","어떤 걸 만들고 싶나?","","False","DIA_Addon_Riordian_ADW_TeachAlchemy_10_04","",""
"Scripts/Content/Story/Dialoge/DIA_Addon_KDW_14040_Riordian_ADW.d:775","Ich kann dir nichts mehr zeigen, was du nicht schon kennst.","네가 이미 아는 것 외에는 더 가르쳐 줄 게 없구나.","","False","DIA_Addon_Riordian_ADW_TeachAlchemy_10_05","",""
"Scripts/Content/Story/Dialoge/DIA_Addon_KDW_1404_Riordian_NW.d:87","Was machst du da?","무슨 짓을 하고 있는 거지?","","False","DIA_Addon_Riordian_Hallo.description","",""
"Scripts/Content/Story/Dialoge/DIA_Addon_KDW_1404_Riordian_NW.d:97","Was machst du da?","무슨 짓을 하고 있는 거지?","","False","DIA_Addon_Riordian_Hallo_15_00","",""
"Scripts/Content/Story/Dialoge/DIA_Addon_KDW_1404_Riordian_NW.d:98","Ich erforsche die Kultur des alten Volkes.","고대 민족의 문화를 연구하고 있네.","","False","DIA_Addon_Riordian_Hallo_10_01","",""
"Scripts/Content/Story/Dialoge/DIA_Addon_KDW_1404_Riordian_NW.d:99","Aus den Inschriften geht hervor, dass sie lange vor unserer Zeit lebten.","비석들에 따르면 그들은 우리 시대보다 훨씬 전에 살았어.","","False","DIA_Addon_Riordian_Hallo_10_02","",""
"Scripts/Content/Story/Dialoge/DIA_Addon_KDW_1404_Riordian_NW.d:100","Ich weiß noch nicht genau WANN sie diese Hallen errichtet haben, aber ihre Zivilisation war weit entwickelt.","정확히 언제 이 회랑들을 건설했는지는 아직 모르지만, 그들의 문명은 매우 발달해 있었지.","","False","DIA_Addon_Riordian_Hallo_10_03","",""
"Scripts/Content/Story/Dialoge/DIA_Addon_KDW_1404_Riordian_NW.d:101","Sie haben jenseits der Berge eine Stadt errichtet. (nachdenklich) Und einen Tempel für Adanos.","그들은 산 너머에 도시를 건설했지. (생각에 잠기며) 그리고 아다노스를 위한 신성한 사원도 함께.","","False","DIA_Addon_Riordian_Hallo_10_04","",""
"Scripts/Content/Story/Dialoge/DIA_Addon_KDW_1404_Riordian_NW.d:113","Wie alt schätzt du den Bau hier?","여기에 있는 이 건물이 얼마나 오래됐다고 보나?","","False","DIA_Addon_Riordian_Alter.description","",""
"Scripts/Content/Story/Dialoge/DIA_Addon_KDW_1404_Riordian_NW.d:126","Wie alt schätzt du den Bau hier?","여기에 있는 이 건물이 얼마나 오래됐다고 보나?","","False","DIA_Addon_Riordian_Alter_15_00","",""
"Scripts/Content/Story/Dialoge/DIA_Addon_KDW_1404_Riordian_NW.d:127","Nun. Ich kann noch nichts Genaues sagen, aber er muss schon mehrere hundert Jahre alt sein.","음. 정확히 말할 수는 없지만, 수백 년은 족히 넘었을 거라네.","","False","DIA_Addon_Riordian_Alter_10_01","",""
"Scripts/Content/Story/Dialoge/DIA_Addon_KDW_1404_Riordian_NW.d:139","Eine verlorene Stadt auf der Insel von Khorinis?","코리니스 섬에 잊힌 도시가 있다고?","","False","DIA_Addon_Riordian_Atlantis.description","",""
"Scripts/Content/Story/Dialoge/DIA_Addon_KDW_1404_Riordian_NW.d:152","Eine verlorene Stadt auf der Insel von Khorinis?","코리니스 섬에 잊힌 도시가 있다고?","","False","DIA_Addon_Riordian_Atlantis_15_00","",""
"Scripts/Content/Story/Dialoge/DIA_Addon_KDW_1404_Riordian_NW.d:153","Ja. Bisher haben wir in dem Glauben gelebt, die ganze Insel zu kennen.","그렇다네. 지금까지 우리는 섬 전체를 잘 알고 있다고 믿으며 살아왔지.","","False","DIA_Addon_Riordian_Atlantis_10_01","",""
"Scripts/Content/Story/Dialoge/DIA_Addon_KDW_1404_Riordian_NW.d:154","Wir sind davon ausgegangen, der komplette Nordosten der Insel wäre ein gewaltiges Bergmassiv.","우리는 섬의 북동부 전체가 거대한 산맥일 거라고 가정했었어.","","False","DIA_Addon_Riordian_Atlantis_10_02","",""
"Scripts/Content/Story/Dialoge/DIA_Addon_KDW_1404_Riordian_NW.d:155","Doch wir haben uns geirrt.","하지만 우리의 착오였지.","","False","DIA_Addon_Riordian_Atlantis_10_03","",""
"Scripts/Content/Story/Dialoge/DIA_Addon_KDW_1404_Riordian_NW.d:156","Hinter diesen Bergen liegt ein Tal. Dort befand sich die Stadt des alten Volkes.","이 산들 뒤에는 골짜기가 하나 있네. 고대 민족의 도시가 바로 그곳에 있었지.","","False","DIA_Addon_Riordian_Atlantis_10_04","",""
"Scripts/Content/Story/Dialoge/DIA_Addon_KDW_1404_Riordian_NW.d:157","(seufzt) Nur zu gerne würde ich die Bauwerke der Stadt sehen, aber wahrscheinlich sind längst zu Staub zerfallen ...","(한숨을 쉬며) 기회가 된다면 그 도시의 건축물들을 정말 보고 싶군. 하지만 아마 오래전에 먼지로 바스러졌겠지...","","False","DIA_Addon_Riordian_Atlantis_10_05","",""
"Scripts/Content/Story/Dialoge/DIA_Addon_KDW_1404_Riordian_NW.d:171","Saturas wünscht dich zu sehen.","사투러스가 자릴 찾고 있어.","","False","DIA_Addon_Riordian_SaturasWantYou.description","",""
"Scripts/Content/Story/Dialoge/DIA_Addon_KDW_1404_Riordian_NW.d:185","Saturas wünscht dich zu sehen.","사투러스가 자릴 찾고 있어.","","False","DIA_Addon_Riordian_SaturasWantYou_15_00","",""
"Scripts/Content/Story/Dialoge/DIA_Addon_KDW_1404_Riordian_NW.d:186","Ist er mit seinen Nachforschungen schon weiter gekommen? Dann werde ich sofort zu ihm gehen.","연구에 진척이 있었나? 그럼 당장 그에게 가봐야겠군.","","False","DIA_Addon_Riordian_SaturasWantYou_10_01","",""
"Scripts/Content/Story/Dialoge/DIA_Addon_KDW_1404_Riordian_NW.d:190","Wenn du mehr über diese Anlagen erfahren willst, sprich mit Nefarius.","이 유적들에 대해 더 알고 싶다면 네파리우스와 대화해 보게.","","False","DIA_Addon_Riordian_SaturasWantYou_10_02","",""
"Scripts/Content/Story/Dialoge/DIA_Addon_KDW_1404_Riordian_NW.d:191","Er befindet sich weiter hinten in diesen Gewölben.","이 지하 통로 안쪽으로 더 들어가면 그를 찾을 수 있을 거야.","","False","DIA_Addon_Riordian_SaturasWantYou_10_03","",""
"Scripts/Content/Story/Dialoge/DIA_Addon_KDW_1404_Riordian_NW.d:211","Schon was Neues herausgefunden?","새로운 사실이라도 알아냈나?","","False","DIA_Addon_Riordian_Perm.description","",""
"Scripts/Content/Story/Dialoge/DIA_Addon_KDW_1404_Riordian_NW.d:224","Schon was Neues herausgefunden?","새로운 사실이라도 알아냈나?","","False","DIA_Addon_Riordian_Perm_15_00","",""
"Scripts/Content/Story/Dialoge/DIA_Addon_KDW_1404_Riordian_NW.d:227","Es hat sich bestätigt. Die alte Kultur hat tatsächlich an Adanos geglaubt!","사실로 확인되었네. 고대 문화권에서도 실제로 아다노스를 믿었다네!","","False","DIA_Addon_Riordian_Perm_10_01","",""
"Scripts/Content/Story/Dialoge/DIA_Addon_KDW_1404_Riordian_NW.d:232","Nicht wirklich. Komm später noch einmal zu mir.","별로. 나중에 다시 오게.","","False","DIA_Addon_Riordian_Perm_10_02","",""
"Scripts/Content/Story/Dialoge/DIA_Addon_KDW_1404_Riordian_NW.d:247","Vatras gab mir dieses Amulett des suchenden Irrlichts...","바트라스가 이 탐색하는 도깨비불 부적을 줬어...","","False","DIA_Addon_Riordian_TeachPre.description","",""
"Scripts/Content/Story/Dialoge/DIA_Addon_KDW_1404_Riordian_NW.d:261","Vatras gab mir dieses Amulett des suchenden Irrlichts ...","바트라스가 이 탐색하는 도깨비불 부적을 줬어...","","False","DIA_Addon_Riordian_TeachPre_15_00","",""
"Scripts/Content/Story/Dialoge/DIA_Addon_KDW_1404_Riordian_NW.d:262","Ah! (besonnen) Ein seltenes Artefakt. Mit seiner Hilfe kannst du das Irrlicht trainieren, wusstest du das?","아! (사려 깊게) 희귀한 유물이군. 그 유물을 이용해 도깨비불을 훈련할 수 있다는 건 알고 있나?","","False","DIA_Addon_Riordian_TeachPre_10_01","",""
"Scripts/Content/Story/Dialoge/DIA_Addon_KDW_1404_Riordian_NW.d:263","Kannst du mir dabei helfen?","날 도와줄 수 있겠나?","","False","DIA_Addon_Riordian_TeachPre_15_02","",""
"Scripts/Content/Story/Dialoge/DIA_Addon_KDW_1404_Riordian_NW.d:264","Gerne. Ich habe mich lange mit dieser Art von Magie beschäftigt.","기꺼이. 난 이런 부류의 마법을 오랫동안 연구해 왔거든.","","False","DIA_Addon_Riordian_TeachPre_10_03","",""
"Scripts/Content/Story/Dialoge/DIA_Addon_KDW_1404_Riordian_NW.d:281","Zeig mir, wie ich mein Irrlicht zu unterrichte.","내 도깨비불을 훈련하는 법을 가르쳐 줘.","","False","DIA_Addon_Riordian_Teach.description","",""
"Scripts/Content/Story/Dialoge/DIA_Addon_KDW_14050_Merdarion_ADW.d:88","Wie läuft's?","어떻게 지내나?","","False","DIA_Addon_Merdarion_ADWHello.description","",""
"Scripts/Content/Story/Dialoge/DIA_Addon_KDW_14050_Merdarion_ADW.d:98","Ich habe genug gehört.","이만하면 됐어.","","False","DIA_Addon_Merdarion_ADWHello_Back_15_00","",""
"Scripts/Content/Story/Dialoge/DIA_Addon_KDW_14050_Merdarion_ADW.d:104","Wie läuft's?","어떻게 지내나?","","False","DIA_Addon_Merdarion_ADWHello_15_00","",""
"Scripts/Content/Story/Dialoge/DIA_Addon_KDW_14050_Merdarion_ADW.d:105","(lauscht) Hör mal ... Seltsam. Findest du nicht?","(귀를 기울이며) 잠깐... 이상하지 않나? 그렇게 생각 안 하나?","","False","DIA_Addon_Merdarion_ADWHello_06_01","",""
"Scripts/Content/Story/Dialoge/DIA_Addon_KDW_14050_Merdarion_ADW.d:106","Mmh ...","음...","","False","DIA_Addon_Merdarion_ADWHello_15_02","",""
"Scripts/Content/Story/Dialoge/DIA_Addon_KDW_14050_Merdarion_ADW.d:107","Diese Teleportersteine scheinen nicht zu funktionieren und trotzdem hört man sie surren.","이 텔레포트 돌들은 작동하지 않는 것 같은데도 소리가 윙윙거리는 걸 들을 수 있단 말이지.","","False","DIA_Addon_Merdarion_ADWHello_06_03","",""
"Scripts/Content/Story/Dialoge/DIA_Addon_KDW_14050_Merdarion_ADW.d:108","Obwohl sie nicht aktiv sind, ruht trotzdem eine gewisse Energie in ihnen.","활성화되어 있지 않은데도, 모종의 에너지가 그 안에 잠들어 있어.","","False","DIA_Addon_Merdarion_ADWHello_06_04","",""
"Scripts/Content/Story/Dialoge/DIA_Addon_KDW_14050_Merdarion_ADW.d:111","Was treibt diese Teleportsteine an?","무엇이 이 텔레포트 돌들을 작동시키는 거지?","","False","DIA_Addon_Merdarion_ADWHello_Info.DIA_Addon_Merdarion_ADWHello.DIA_Addon_Merdarion_ADWHello_reaktor","Info_AddChoice",""
"Scripts/Content/Story/Dialoge/DIA_Addon_KDW_14050_Merdarion_ADW.d:112","Was, glaubst du, müsste man tun, um sie zu aktivieren?","활성화하려면 어떻게 해야 한다고 보나?","","False","DIA_Addon_Merdarion_ADWHello_Info.DIA_Addon_Merdarion_ADWHello.DIA_Addon_Merdarion_ADWHello_was","Info_AddChoice",""
"Scripts/Content/Story/Dialoge/DIA_Addon_KDW_14050_Merdarion_ADW.d:117","Was, glaubst du, müsste man tun, um sie zu aktivieren?","활성화하려면 어떻게 해야 한다고 보나?","","False","DIA_Addon_Merdarion_ADWHello_was_15_00","",""
"Scripts/Content/Story/Dialoge/DIA_Addon_KDW_14050_Merdarion_ADW.d:118","Ich habe da so eine Ahnung. Ich brauche nur noch einen Beweis für meine Vermutung.","짐작 가는 데는 있네. 내 추측을 뒷받침할 증거만 있으면 돼.","","False","DIA_Addon_Merdarion_ADWHello_was_06_01","",""
"Scripts/Content/Story/Dialoge/DIA_Addon_KDW_14050_Merdarion_ADW.d:119","Ich hatte schon vor Tagen so ein Gefühl, als hätte ich die Bauweise dieser Objekte schon früher einmal gesehen.","며칠 전부터 이런 물건들의 구조를 예전에 본 적이 있다는 느낌이 들었거든.","","False","DIA_Addon_Merdarion_ADWHello_was_06_02","",""
"Scripts/Content/Story/Dialoge/DIA_Addon_KDW_14050_Merdarion_ADW.d:120","Ich schätze, wir müssten ihnen eine verdammt große Menge an magischer Energie zuführen, damit sie wieder ihren Dienst verrichten.","내 생각엔, 다시 작동하게 하려면 녀석들에게 어마어마하게 막대한 양의 마법 에너지를 공급해야 할 거야.","","False","DIA_Addon_Merdarion_ADWHello_was_06_03","",""
"Scripts/Content/Story/Dialoge/DIA_Addon_KDW_14050_Merdarion_ADW.d:122","Wo hast du diese Teleportsteine schon mal gesehen?","그 텔레포트 돌들을 어디서 본 적이 있다는 거지?","","False","DIA_Addon_Merdarion_ADWHello_was.DIA_Addon_Merdarion_ADWHello.DIA_Addon_Merdarion_ADWHello_wo","Info_AddChoice",""
"Scripts/Content/Story/Dialoge/DIA_Addon_KDW_14050_Merdarion_ADW.d:123","Was könnte genügend magische Energie dafür aufbringen...","무엇이 그만한 마법 에너지를 공급할 수 있을까...","","False","DIA_Addon_Merdarion_ADWHello_was.DIA_Addon_Merdarion_ADWHello.DIA_Addon_Merdarion_ADWHello_focus","Info_AddChoice",""
"Scripts/Content/Story/Dialoge/DIA_Addon_KDW_14050_Merdarion_ADW.d:128","Was könnte genügend magische Energie dafür aufbringen ...","무엇이 그만한 마법 에너지를 공급할 수 있을까...","","False","DIA_Addon_Merdarion_ADWHello_focus_15_00","",""
"Scripts/Content/Story/Dialoge/DIA_Addon_KDW_14050_Merdarion_ADW.d:129","Da fällt mir nur eins ein. Ein magischer Fokus.","딱 한 가지밖에 떠오르지 않는군. 마법 포커스 말이야.","","False","DIA_Addon_Merdarion_ADWHello_focus_06_01","",""
"Scripts/Content/Story/Dialoge/DIA_Addon_KDW_14050_Merdarion_ADW.d:130","Ich meine einen der fünf Fokussteine, mit deren Hilfe damals die magische Barriere im Minental erschaffen wurde.","내가 말하는 건 옛날에 광산 골짜기의 마법 장벽을 만드는 데 쓰였던 다섯 개의 포커스 스톤 중 하나라네.","","False","DIA_Addon_Merdarion_ADWHello_focus_06_02","",""
"Scripts/Content/Story/Dialoge/DIA_Addon_KDW_14050_Merdarion_ADW.d:131","Soviel ich weiß, hast du sie für uns vor einiger Zeit wieder beschaffen müssen.","내 기억이 맞다면, 자네가 한참 전에 우리를 위해 그것들을 다시 가져와야 했었지.","","False","DIA_Addon_Merdarion_ADWHello_focus_06_03","",""
"Scripts/Content/Story/Dialoge/DIA_Addon_KDW_14050_Merdarion_ADW.d:132","Ja. Ich kann mich erinnern.","그래. 기억나.","","False","DIA_Addon_Merdarion_ADWHello_focus_15_04","",""
"Scripts/Content/Story/Dialoge/DIA_Addon_KDW_14050_Merdarion_ADW.d:134","Du sagtest du brauchst einen Beweis für deine Vermutung.","추측을 증명할 증거가 필요하다고 했었지.","","False","DIA_Addon_Merdarion_ADWHello_focus.DIA_Addon_Merdarion_ADWHello.DIA_Addon_Merdarion_ADWHello_focusProof","Info_AddChoice",""
"Scripts/Content/Story/Dialoge/DIA_Addon_KDW_14050_Merdarion_ADW.d:135","Wo sind die Fokussteine heute?","지금 그 포커스 스톤들은 어디에 있지?","","False","DIA_Addon_Merdarion_ADWHello_focus.DIA_Addon_Merdarion_ADWHello.DIA_Addon_Merdarion_ADWHello_focusWo","Info_AddChoice",""
"Scripts/Content/Story/Dialoge/DIA_Addon_KDW_14050_Merdarion_ADW.d:140","Wo sind die Fokussteine heute?","지금 그 포커스 스톤들은 어디에 있지?","","False","DIA_Addon_Merdarion_ADWHello_focusWo_15_00","",""
"Scripts/Content/Story/Dialoge/DIA_Addon_KDW_14050_Merdarion_ADW.d:141","Sie sind mir anvertraut worden. Ich soll sie verwahren, bis wir wieder Verwendung für sie finden.","내게 맡겨진 상태라네. 우리가 그것들을 다시 쓸 일이 생길 때까지 잘 보관하라는 지시를 받았지.","","False","DIA_Addon_Merdarion_ADWHello_focusWo_06_01","",""
"Scripts/Content/Story/Dialoge/DIA_Addon_KDW_14050_Merdarion_ADW.d:142","So wie's aussieht, ist es jetzt soweit.","보아하니, 이제 그럴 때가 된 것 같군.","","False","DIA_Addon_Merdarion_ADWHello_focusWo_06_02","",""
"Scripts/Content/Story/Dialoge/DIA_Addon_KDW_14050_Merdarion_ADW.d:143","Ich habe genug gehört.","이만하면 됐어.","","False","DIA_Addon_Merdarion_ADWHello_focusWo.DIA_Addon_Merdarion_ADWHello.DIA_Addon_Merdarion_ADWHello_Back","Info_AddChoice",""
"Scripts/Content/Story/Dialoge/DIA_Addon_KDW_14050_Merdarion_ADW.d:148","Du sagtest, du brauchst einen Beweis für deine Vermutung.","추측을 증명할 증거가 필요하다고 했었지.","","False","DIA_Addon_Merdarion_ADWHello_focusProof_15_00","",""
"Scripts/Content/Story/Dialoge/DIA_Addon_KDW_14050_Merdarion_ADW.d:149","Man müsste einen magischen Fokus an diese Teleportersteine anschließen.","마법 포커스를 이 텔레포트 돌들에 연결해야 하네.","","False","DIA_Addon_Merdarion_ADWHello_focusProof_06_01","",""
"Scripts/Content/Story/Dialoge/DIA_Addon_KDW_14050_Merdarion_ADW.d:150","Aber ich wüsste nicht, wo.","하지만 어디에 연결해야 할지는 모르겠어.","","False","DIA_Addon_Merdarion_ADWHello_focusProof_06_02","",""
"Scripts/Content/Story/Dialoge/DIA_Addon_KDW_14050_Merdarion_ADW.d:155","Wo hast du diese Teleportersteine schon mal gesehen?","그 텔레포트 돌들을 어디서 본 적이 있다는 거지?","","False","DIA_Addon_Merdarion_ADWHello_wo_15_00","",""
"Scripts/Content/Story/Dialoge/DIA_Addon_KDW_14050_Merdarion_ADW.d:156","Du bist doch damals auch in der Strafkolonie gewesen. Sind dir diese Steine niemals aufgefallen?","자네도 그때 형무 식민지에 있었잖아. 그 돌들이 눈에 띈 적은 없나?","","False","DIA_Addon_Merdarion_ADWHello_wo_06_01","",""
"Scripts/Content/Story/Dialoge/DIA_Addon_KDW_14050_Merdarion_ADW.d:157","Ich bin ziemlich sicher, dass man sie heute noch dort finden kann.","오늘날에도 여전히 그곳에서 찾을 수 있을 거라고 확신하네.","","False","DIA_Addon_Merdarion_ADWHello_wo_06_02","",""
"Scripts/Content/Story/Dialoge/DIA_Addon_KDW_14050_Merdarion_ADW.d:162","Was treibt diese Teleportersteine an?","무엇이 이 텔레포트 돌들을 작동시키는 거지?","","False","DIA_Addon_Merdarion_ADWHello_reaktor_15_00","",""
"Scripts/Content/Story/Dialoge/DIA_Addon_KDW_14050_Merdarion_ADW.d:163","Die Erbauer waren ein sehr weit fortgeschrittenes Volk.","건축가들은 매우 고도로 발달한 민족이었지.","","False","DIA_Addon_Merdarion_ADWHello_reaktor_06_01","",""
"Scripts/Content/Story/Dialoge/DIA_Addon_KDW_14050_Merdarion_ADW.d:164","Sie haben sich Eigenschaften der Magie zu nutze gemacht, wie wir es noch nie gesehen haben.","그들은 우리가 한 번도 본 적 없는 마법의 속성들을 활용했네.","","False","DIA_Addon_Merdarion_ADWHello_reaktor_06_02","",""
"Scripts/Content/Story/Dialoge/DIA_Addon_KDW_14050_Merdarion_ADW.d:165","Ein Netz von Teleportersteinen wurde aufgebaut, das die Erbauer schnell von einem Ort der Stadt in den anderen bringen konnte.","도시의 한 장소에서 다른 장소로 건축가들이 빠르게 이동할 수 있도록 텔레포트 돌들의 네트워크가 구축되었지.","","False","DIA_Addon_Merdarion_ADWHello_reaktor_06_03","",""
"Scripts/Content/Story/Dialoge/DIA_Addon_KDW_14050_Merdarion_ADW.d:166","Die Steine HIER bilden offenbar eine Art Zentrum.","여기 있는 이 돌들이 일종의 중심점 역할을 하는 모양이야.","","False","DIA_Addon_Merdarion_ADWHello_reaktor_06_04","",""
"Scripts/Content/Story/Dialoge/DIA_Addon_KDW_14050_Merdarion_ADW.d:178","Gib mir einen Fokusstein.","포커스 스톤을 내게 줘.","","False","DIA_Addon_Merdarion_FokusGeben.description","",""
"Scripts/Content/Story/Dialoge/DIA_Addon_KDW_14050_Merdarion_ADW.d:191","Gib mir einen Fokusstein. Ich will versuchen, ob ich die Teleporter zum Laufen bringe.","포커스 스톤을 내게 줘. 텔레포터를 작동시킬 수 있는지 시도해 볼 테니까.","","False","DIA_Addon_Merdarion_FokusGeben_15_00","",""
"Scripts/Content/Story/Dialoge/DIA_Addon_KDW_14050_Merdarion_ADW.d:192","Na gut. Aber pass gut darauf auf, hörst du?","좋아. 하지만 잘 다뤄야 해, 알겠나?","","False","DIA_Addon_Merdarion_FokusGeben_06_01","",""
"Scripts/Content/Story/Dialoge/DIA_Addon_KDW_14050_Merdarion_ADW.d:193","Saturas würde mich köpfen, wenn wir sie verlieren.","우리가 잃어버리기라도 하면 사투러스가 내 목을 칠 거라네.","","False","DIA_Addon_Merdarion_FokusGeben_06_02","",""
"Scripts/Content/Story/Dialoge/DIA_Addon_KDW_14050_Merdarion_ADW.d:211","Ich habe einen der Teleportsteine aktiviert.","텔레포트 돌 중 하나를 활성화했어.","","False","DIA_Addon_Merdarion_FirstFocus.description","",""
"Scripts/Content/Story/Dialoge/DIA_Addon_KDW_14050_Merdarion_ADW.d:225","Ich habe einen der Teleportersteine aktiviert.","텔레포트 돌 중 하나를 활성화했어.","","False","DIA_Addon_Merdarion_FirstFocus_15_00","",""
"Scripts/Content/Story/Dialoge/DIA_Addon_KDW_14050_Merdarion_ADW.d:226","Das sehe ich. Habe ich also doch recht gehabt.","그렇군. 내 생각이 맞았던 거야.","","False","DIA_Addon_Merdarion_FirstFocus_06_01","",""
"Scripts/Content/Story/Dialoge/DIA_Addon_KDW_14050_Merdarion_ADW.d:227","Ich habe mit den anderen schon darüber gesprochen.","다른 이들과도 그에 대해 이미 이야기를 나눴다네.","","False","DIA_Addon_Merdarion_FirstFocus_06_02","",""
"Scripts/Content/Story/Dialoge/DIA_Addon_KDW_14050_Merdarion_ADW.d:228","Wir wollen, dass du versuchst, alle Teleportersteine zu aktivieren.","우리는 자네가 모든 텔레포트 돌을 활성화해 주기를 원하네.","","False","DIA_Addon_Merdarion_FirstFocus_06_03","",""
"Scripts/Content/Story/Dialoge/DIA_Addon_KDW_14050_Merdarion_ADW.d:229","Es wäre bei unseren Nachforschungen eine große Hilfe, wenn wir schnell von einem Teil der Stadt in den anderen gelangen könnten.","도시의 한 구역에서 다른 구역으로 신속하게 이동할 수 있다면 우리의 조사에 큰 도움이 될 거야.","","False","DIA_Addon_Merdarion_FirstFocus_06_04","",""
"Scripts/Content/Story/Dialoge/DIA_Addon_KDW_14050_Merdarion_ADW.d:230","Hier hast du einen weiteren Fokusstein.","여기 또 다른 포커스 스톤이 있네.","","False","DIA_Addon_Merdarion_FirstFocus_06_05","",""
"Scripts/Content/Story/Dialoge/DIA_Addon_KDW_14050_Merdarion_ADW.d:234","Aktiviere sie alle, wenn du kannst.","가능하다면 전부 활성화해 보게.","","False","DIA_Addon_Merdarion_FirstFocus_06_06","",""
"Scripts/Content/Story/Dialoge/DIA_Addon_KDW_14050_Merdarion_ADW.d:235","Ich werd's versuchen.","한번 해보지.","","False","DIA_Addon_Merdarion_FirstFocus_15_07","",""
"Scripts/Content/Story/Dialoge/DIA_Addon_KDW_14050_Merdarion_ADW.d:250","Ich habe einen weiteren Telportstein aktiviert.","또 다른 텔레포트 돌을 활성화했어.","","False","DIA_Addon_Merdarion_ActivateTeleports.description","",""
"Scripts/Content/Story/Dialoge/DIA_Addon_KDW_14050_Merdarion_ADW.d:267","Ich habe einen weiteren Telporterstein aktiviert.","또 다른 텔레포트 돌을 활성화했어.","","False","DIA_Addon_Merdarion_ActivateTeleports_15_00","",""
"Scripts/Content/Story/Dialoge/DIA_Addon_KDW_14050_Merdarion_ADW.d:271","Gib mir den nächsten Fokus.","다음 포커스를 줘.","","False","DIA_Addon_Merdarion_ActivateTeleports_15_01","",""
"Scripts/Content/Story/Dialoge/DIA_Addon_KDW_14050_Merdarion_ADW.d:272","Natürlich. Hier hast du ihn.","물론이지. 여기 있네.","","False","DIA_Addon_Merdarion_ActivateTeleports_06_02","",""
"Scripts/Content/Story/Dialoge/DIA_Addon_KDW_14050_Merdarion_ADW.d:279","War's schwierig?","어려웠나?","","False","DIA_Addon_Merdarion_ActivateTeleports_06_03","",""
"Scripts/Content/Story/Dialoge/DIA_Addon_KDW_14050_Merdarion_ADW.d:280","Wie man's nimmt. Ich könnte ein wenig Unterstützung brauchen.","어떻게 보느냐에 달렸지. 도움이 좀 필요할 것 같아.","","False","DIA_Addon_Merdarion_ActivateTeleports_15_04","",""
"Scripts/Content/Story/Dialoge/DIA_Addon_KDW_14050_Merdarion_ADW.d:281","Ich kann dir etwas Gold geben, würde das helfen?","내가 금을 좀 줄 수도 있는데, 그게 도움이 될까?","","False","DIA_Addon_Merdarion_ActivateTeleports_06_05","",""
"Scripts/Content/Story/Dialoge/DIA_Addon_KDW_14050_Merdarion_ADW.d:282","Schaden tut's nicht.","나쁠 건 없지.","","False","DIA_Addon_Merdarion_ActivateTeleports_15_06","",""
"Scripts/Content/Story/Dialoge/DIA_Addon_KDW_14050_Merdarion_ADW.d:283","Mal sehen ...","어디 보자...","","False","DIA_Addon_Merdarion_ActivateTeleports_06_07","",""
"Scripts/Content/Story/Dialoge/DIA_Addon_KDW_14050_Merdarion_ADW.d:289","Das hast du wirklich gut gemacht. Ich kann dir nur zu deinem Werk gratulieren.","정말 훌륭하게 해냈군. 자네의 업적에 축하를 보내네.","","False","DIA_Addon_Merdarion_ActivateTeleports_06_08","",""
"Scripts/Content/Story/Dialoge/DIA_Addon_KDW_14050_Merdarion_ADW.d:290","Jetzt laufen sie wieder alle. Beeindruckendes Bild. Findest du nicht?","이제 다들 다시 작동하고 있어. 인상적인 광경이지, 안 그렇나?","","False","DIA_Addon_Merdarion_ActivateTeleports_06_09","",""
"Scripts/Content/Story/Dialoge/DIA_Addon_KDW_14050_Merdarion_ADW.d:293","Hier hast du ein paar Goldmünzen.","여기 금화 몇 닢이네.","","False","DIA_Addon_Merdarion_ActivateTeleports_06_10","",""
"Scripts/Content/Story/Dialoge/DIA_Addon_KDW_14050_Merdarion_ADW.d:304","Ach übrigens. Bevor ich es vergesse: Saturas möchte dich sprechen.","아, 그리고. 잊기 전에 말해두는데, 사투러스님이 자네를 찾으시더군.","","False","DIA_Addon_Merdarion_ActivateTeleports_06_11","",""
"Scripts/Content/Story/Dialoge/DIA_Addon_KDW_14050_Merdarion_ADW.d:305","Du solltest so bald als möglich zu ihm gehen.","최대한 빨리 그분께 가보게.","","False","DIA_Addon_Merdarion_ActivateTeleports_06_12","",""
"Scripts/Content/Story/Dialoge/DIA_Addon_KDW_14050_Merdarion_ADW.d:318","Kannst du mir deine magischen Fähigkeiten beibringen?","마법 능력을 가르쳐 줄 수 있나?","","False","DIA_Addon_Merdarion_ADW_PreTeachMana.description","",""
"Scripts/Content/Story/Dialoge/DIA_Addon_KDW_14050_Merdarion_ADW.d:331","Kannst du mir deine magischen Fähigkeiten beibringen?","마법 능력을 가르쳐 줄 수 있나?","","False","DIA_Addon_Merdarion_ADW_PreTeachMana_15_00","",""
"Scripts/Content/Story/Dialoge/DIA_Addon_KDW_14050_Merdarion_ADW.d:332","Ich kann dir zeigen, wie du deine magische Kraft erhöhst.","마법의 힘을 높이는 법을 가르쳐 줄 수는 있지.","","False","DIA_Addon_Merdarion_ADW_PreTeachMana_06_01","",""
"Scripts/Content/Story/Dialoge/DIA_Addon_KDW_14050_Merdarion_ADW.d:349","Ich will meine magische Kraft steigern.","마법의 힘을 높이고 싶다.","","False","DIA_Addon_Merdarion_ADW_TEACH_MANA.description","",""
"Scripts/Content/Story/Dialoge/DIA_Addon_KDW_14050_Merdarion_ADW.d:364","Ich will meine magische Kraft steigern.","마법의 힘을 높이고 싶다.","","False","DIA_Addon_Merdarion_ADW_TEACH_MANA_15_00","",""
"Scripts/Content/Story/Dialoge/DIA_Addon_KDW_14050_Merdarion_ADW.d:376","Deine Bitte übersteigt meine Fähigkeiten.","자네의 부탁은 내 능력을 벗어나는군.","","False","DIA_Addon_Merdarion_ADW_TEACH_MANA_06_00","",""
"Scripts/Content/Story/Dialoge/DIA_Addon_KDW_14050_Merdarion_ADW.d:377","Ich kann dir nicht mehr beibringen.","더 이상은 가르쳐 줄 수 없다네.","","False","DIA_Addon_Merdarion_ADW_TEACH_MANA_06_01","",""
"Scripts/Content/Story/Dialoge/DIA_Addon_KDW_1405_Merdarion_NW.d:87","Bei der Arbeit?","바쁜가?","","False","DIA_Addon_Merdarion_Hallo.description","",""
"Scripts/Content/Story/Dialoge/DIA_Addon_KDW_1405_Merdarion_NW.d:97","Bei der Arbeit?","바쁜가?","","False","DIA_Addon_Merdarion_Hallo_15_00","",""
"Scripts/Content/Story/Dialoge/DIA_Addon_KDW_1405_Merdarion_NW.d:98","Diese Gewölbe sind mir ein einziges Rätsel. Unvorstellbar, dass sie bisher noch niemanden aufgefallen sind.","이 지하 납골당은 내게 완전히 수수께끼야. 지금까지 아무도 알아채지 못했다니 상상이 안 가는군.","","False","DIA_Addon_Merdarion_Hallo_06_01","",""
"Scripts/Content/Story/Dialoge/DIA_Addon_KDW_1405_Merdarion_NW.d:99","Wir konnten den Eingang mühelos freilegen.","우리는 입구를 아주 쉽게 발굴해 냈지.","","False","DIA_Addon_Merdarion_Hallo_06_02","",""
"Scripts/Content/Story/Dialoge/DIA_Addon_KDW_1405_Merdarion_NW.d:100","Die Menschen sind so sehr mit ihrem täglichen Einerlei beschäftigt, dass sich niemand dieses Bauwerk näher angesehen hat.","사람들은 일상의 단조로움에 너무 얽매여 있어서 이 건축물을 자세히 살펴본 사람이 아무도 없었던 거야.","","False","DIA_Addon_Merdarion_Hallo_06_03","",""
"Scripts/Content/Story/Dialoge/DIA_Addon_KDW_1405_Merdarion_NW.d:101","Ich habe keine andere Erklärung dafür.","그것 말고는 다른 설명이 없네.","","False","DIA_Addon_Merdarion_Hallo_06_04","",""
"Scripts/Content/Story/Dialoge/DIA_Addon_KDW_1405_Merdarion_NW.d:113","Was ist deine Aufgabe hier?","여기서 맡은 임무는 무엇인가?","","False","DIA_Addon_Merdarion_Aufgabe.description","",""
"Scripts/Content/Story/Dialoge/DIA_Addon_KDW_1405_Merdarion_NW.d:126","Was ist deine Aufgabe hier?","여기서 맡은 임무는 무엇인가?","","False","DIA_Addon_Merdarion_Aufgabe_15_00","",""
"Scripts/Content/Story/Dialoge/DIA_Addon_KDW_1405_Merdarion_NW.d:127","Ich versuche herauszufinden, wohin uns dieses runde Portal führen wird.","이 둥근 포탈이 어디로 이어지는지 알아내려고 애쓰고 있다네.","","False","DIA_Addon_Merdarion_Aufgabe_06_01","",""
"Scripts/Content/Story/Dialoge/DIA_Addon_KDW_1405_Merdarion_NW.d:128","Außerdem helfe ich Nefarius bei der Suche nach dem fehlenden Ornament.","게다가 네파리우스가 사라진 장식물을 찾는 것도 돕고 있지.","","False","DIA_Addon_Merdarion_Aufgabe_06_02","",""
"Scripts/Content/Story/Dialoge/DIA_Addon_KDW_1405_Merdarion_NW.d:129","Sicher ist, dass das Portal zu einem Teil der Insel führt, den wir noch nicht kennen.","확실한 건 이 포탈이 우리가 아직 알지 못하는 섬의 다른 지역으로 이어진다는 점이야.","","False","DIA_Addon_Merdarion_Aufgabe_06_03","",""
"Scripts/Content/Story/Dialoge/DIA_Addon_KDW_1405_Merdarion_NW.d:130","(nachdenklich) Ich kann mich auch nicht daran erinnern, jemals davon gehört oder gelesen zu haben ...","(생각에 잠겨) 그곳에 대해 듣거나 읽어본 기억도 전혀 없고...","","False","DIA_Addon_Merdarion_Aufgabe_06_04","",""
"Scripts/Content/Story/Dialoge/DIA_Addon_KDW_1405_Merdarion_NW.d:150","Ihr wollt tatsächlich durch das Portal gehen?","정말로 포탈을 통해 건너갈 생각인가?","","False","DIA_Addon_Merdarion_DaDurch.description","",""
"Scripts/Content/Story/Dialoge/DIA_Addon_KDW_1405_Merdarion_NW.d:163","Ihr wollt tatsächlich durch das Portal gehen?","정말로 포탈을 통해 건너갈 생각인가?","","False","DIA_Addon_Merdarion_DaDurch_15_00","",""
"Scripts/Content/Story/Dialoge/DIA_Addon_KDW_1405_Merdarion_NW.d:164","Sicher. Vorausgesetzt, dass wir das fehlende Ornament finden, versteht sich.","물론이지. 물론 사라진 장식물을 찾는다는 전제하에 말이야.","","False","DIA_Addon_Merdarion_DaDurch_06_01","",""
"Scripts/Content/Story/Dialoge/DIA_Addon_KDW_1405_Merdarion_NW.d:165","Ich gebe zu, es ist schon eine etwas riskante Angelegenheit.","인정하건대, 다소 위험한 일이긴 해.","","False","DIA_Addon_Merdarion_DaDurch_06_02","",""
"Scripts/Content/Story/Dialoge/DIA_Addon_KDW_1405_Merdarion_NW.d:166","Aber wir müssen unbedingt herausfinden, was es mit diesen ständigen Erdbeben auf sich hat.","하지만 이 끊임없는 지진의 원인이 무엇인지 반드시 알아내야만 해.","","False","DIA_Addon_Merdarion_DaDurch_06_03","",""
"Scripts/Content/Story/Dialoge/DIA_Addon_KDW_1405_Merdarion_NW.d:178","Was weißt du über die Erdbeben?","지진에 대해 아는 게 있나?","","False","DIA_Addon_Merdarion_Bedrohung.description","",""
"Scripts/Content/Story/Dialoge/DIA_Addon_KDW_1405_Merdarion_NW.d:191","Was weißt du über die Erdbeben?","지진에 대해 아는 게 있나?","","False","DIA_Addon_Merdarion_Bedrohung_15_00","",""
"Scripts/Content/Story/Dialoge/DIA_Addon_KDW_1405_Merdarion_NW.d:192","Irgendetwas auf der anderen Seite löst sie aus.","저쪽 너머에 있는 무언가가 지진을 일으키고 있어.","","False","DIA_Addon_Merdarion_Bedrohung_06_01","",""
"Scripts/Content/Story/Dialoge/DIA_Addon_KDW_1405_Merdarion_NW.d:193","Vermutlich ist diese Quelle auch verantwortlich für das Erwachen der Steinwächter.","아마도 그 근원이 돌 수호자들이 깨어난 원인이기도 할 거야.","","False","DIA_Addon_Merdarion_Bedrohung_06_02","",""
"Scripts/Content/Story/Dialoge/DIA_Addon_KDW_1405_Merdarion_NW.d:194","Aber das ist nicht meine Aufgabe. Saturas und Cronos können dir sicher mehr darüber erzählen.","하지만 그건 내 임무가 아니야. 사투러스와 크로노스라면 그에 대해 더 자세히 말해줄 수 있을걸.","","False","DIA_Addon_Merdarion_Bedrohung_06_03","",""
"Scripts/Content/Story/Dialoge/DIA_Addon_KDW_1405_Merdarion_NW.d:206","Was glaubst du, werdet ihr drüben finden?","저쪽 너머에서 무엇을 찾을 거라고 생각하나?","","False","DIA_Addon_Merdarion_Wasdahinter2.description","",""
"Scripts/Content/Story/Dialoge/DIA_Addon_KDW_1405_Merdarion_NW.d:219","Was glaubst du werdet ihr drüben finden?","저쪽 너머에서 무엇을 찾을 거라고 생각하나?","","False","DIA_Addon_Merdarion_Wasdahinter2_15_00","",""
"Scripts/Content/Story/Dialoge/DIA_Addon_KDW_1405_Merdarion_NW.d:220","Ich bin mir da noch nicht sicher.","아직 확실히는 모르겠네.","","False","DIA_Addon_Merdarion_Wasdahinter2_06_01","",""
"Scripts/Content/Story/Dialoge/DIA_Addon_KDW_1405_Merdarion_NW.d:221","Ich vermute, dass es auf der anderen Seite ein ähnliches Bauwerk wie dieses gibt. Und ein Gegenstück zu diesem Portal.","내 생각엔 저쪽 너머에도 이와 비슷한 건축물이 있을 것 같아. 그리고 이 포탈의 상대편도 있겠지.","","False","DIA_Addon_Merdarion_Wasdahinter2_06_02","",""
"Scripts/Content/Story/Dialoge/DIA_Addon_KDW_1405_Merdarion_NW.d:222","Alles Weitere werden wir sehen, wenn wir da sind.","나머지는 거기에 도착하면 알게 되겠지.","","False","DIA_Addon_Merdarion_Wasdahinter2_06_03","",""
"Scripts/Content/Story/Dialoge/DIA_Addon_KDW_1405_Merdarion_NW.d:235","Kannst du mir etwas über die Magie beibringen?","마법에 대해 뭔가 가르쳐 줄 수 있나?","","False","DIA_Addon_Merdarion_PERM.description","",""
"Scripts/Content/Story/Dialoge/DIA_Addon_KDW_1405_Merdarion_NW.d:248","Kannst du mir etwas über die Magie beibringen?","마법에 대해 뭔가 가르쳐 줄 수 있나?","","False","DIA_Addon_Merdarion_PERM_15_00","",""
"Scripts/Content/Story/Dialoge/DIA_Addon_KDW_1405_Merdarion_NW.d:249","Wenn wir erst mal drüben sind, stehe ich dir zur Verfügung.","우리가 저쪽으로 건너가게 되면, 그때 자네를 돕도록 하지.","","False","DIA_Addon_Merdarion_PERM_06_01","",""
"Scripts/Content/Story/Dialoge/DIA_Addon_KDW_1405_Merdarion_NW.d:261","Wie komme ich am schnellsten zurück in die Stadt?","도시로 가장 빨리 돌아가는 방법은 무엇인가?","","False","DIA_Addon_Merdarion_Teleportstein.description","",""
"Scripts/Content/Story/Dialoge/DIA_Addon_KDW_1405_Merdarion_NW.d:275","Wie komme ich am schnellsten zurück in die Stadt?","도시로 가장 빨리 돌아가는 방법은 무엇인가?","","False","DIA_Addon_Merdarion_Teleportstein_15_00","",""
"Scripts/Content/Story/Dialoge/DIA_Addon_KDW_1405_Merdarion_NW.d:276","Du gehst am besten den gleichen Weg zurück, den du gekommen bist.","왔던 길을 그대로 되짚어 가는 게 가장 좋을 거라네.","","False","DIA_Addon_Merdarion_Teleportstein_06_01","",""
"Scripts/Content/Story/Dialoge/DIA_Addon_KDW_1405_Merdarion_NW.d:277","(nachdenklich) Du könntest aber auch ... Nein. Das wäre zu gefährlich.","(생각에 잠겨) 하지만 자네는 또한... 아니. 그건 너무 위험해.","","False","DIA_Addon_Merdarion_Teleportstein_06_02","",""
"Scripts/Content/Story/Dialoge/DIA_Addon_KDW_1405_Merdarion_NW.d:278","Spuck's aus.","어슬렁거리지 말고 말해봐.","","False","DIA_Addon_Merdarion_Teleportstein_15_03","",""
"Scripts/Content/Story/Dialoge/DIA_Addon_KDW_1405_Merdarion_NW.d:279","Naja. Die Erbauer dieser Hallen hatten ihre eigene Art zu reisen.","글쎄. 이 홀을 지은 자들은 자신들만의 이동 수단을 가지고 있었지.","","False","DIA_Addon_Merdarion_Teleportstein_06_04","",""
"Scripts/Content/Story/Dialoge/DIA_Addon_KDW_1405_Merdarion_NW.d:280","Soweit wir das beurteilen können, konnten sie sich teleportieren.","우리가 파악한 바에 따르면, 그들은 텔레포트를 할 수 있었어.","","False","DIA_Addon_Merdarion_Teleportstein_06_05","",""
"Scripts/Content/Story/Dialoge/DIA_Addon_KDW_1405_Merdarion_NW.d:281","Das ist doch nichts Besonderes.","그건 별거 아니잖아.","","False","DIA_Addon_Merdarion_Teleportstein_15_06","",""
"Scripts/Content/Story/Dialoge/DIA_Addon_KDW_1405_Merdarion_NW.d:282","Die Teleportersteine, die wir hier in Khorinis gefunden haben, schon.","우리가 코리니스에서 발견한 텔레포트 돌들은 별거지.","","False","DIA_Addon_Merdarion_Teleportstein_06_07","",""
"Scripts/Content/Story/Dialoge/DIA_Addon_KDW_1405_Merdarion_NW.d:283","Es scheint so, als würde der Teleporterstein hier in diesen Hallen zur Hafenstadt führen.","이 홀에 있는 텔레포트 돌은 항구 도시로 이어지는 것처럼 보인다네.","","False","DIA_Addon_Merdarion_Teleportstein_06_08","",""
"Scripts/Content/Story/Dialoge/DIA_Addon_KDW_1405_Merdarion_NW.d:284","Jedoch hat noch keiner von uns den Mut aufgebracht, ihn zu benutzen.","하지만 우리 중 누구도 감히 그것을 사용할 용기를 내지 못했어.","","False","DIA_Addon_Merdarion_Teleportstein_06_09","",""
"Scripts/Content/Story/Dialoge/DIA_Addon_KDW_1405_Merdarion_NW.d:287","Was wäre, wenn ich es versuchen würde, ihn zu benutzen?","내가 그것을 사용해 보겠다면 어떻게 하겠나?","","False","DIA_Addon_Merdarion_Teleportstein_Info.DIA_Addon_Merdarion_Teleportstein.DIA_Addon_Merdarion_Teleportstein_ich","Info_AddChoice",""
"Scripts/Content/Story/Dialoge/DIA_Addon_KDW_1405_Merdarion_NW.d:288","Wo ist dieser Teleportstein?","그 텔레포트 돌은 어디에 있나?","","False","DIA_Addon_Merdarion_Teleportstein_Info.DIA_Addon_Merdarion_Teleportstein.DIA_Addon_Merdarion_Teleportstein_wo","Info_AddChoice",""
"Scripts/Content/Story/Dialoge/DIA_Addon_KDW_1405_Merdarion_NW.d:293","Wo ist dieser Teleporterstein?","그 텔레포트 돌은 어디에 있나?","","False","DIA_Addon_Merdarion_Teleportstein_wo_15_00","",""
"Scripts/Content/Story/Dialoge/DIA_Addon_KDW_1405_Merdarion_NW.d:294","Im Beckenraum gibt es eine Tür. Dahinter habe ich ihn eingeschlossen.","수조 방에 문이 하나 있어. 그 문 뒤에 내가 가두어 두었지.","","False","DIA_Addon_Merdarion_Teleportstein_wo_06_01","",""
"Scripts/Content/Story/Dialoge/DIA_Addon_KDW_1405_Merdarion_NW.d:295","Gib mir den Schlüssel. Ich will mir das Ding ansehen.","열쇠를 넘겨라. 그 물건을 좀 봐야겠어.","","False","DIA_Addon_Merdarion_Teleportstein_wo.DIA_Addon_Merdarion_Teleportstein.DIA_Addon_Merdarion_Teleportstein_key","Info_AddChoice",""
"Scripts/Content/Story/Dialoge/DIA_Addon_KDW_1405_Merdarion_NW.d:300","Was wäre, wenn ich es versuchen würde, ihn zu benutzen?","내가 그것을 사용해 보겠다면 어떻게 하겠나?","","False","DIA_Addon_Merdarion_Teleportstein_ich_15_00","",""
"Scripts/Content/Story/Dialoge/DIA_Addon_KDW_1405_Merdarion_NW.d:301","Keine Ahnung. Wir wissen darüber noch zu wenig. Es ist möglich, dass du es nicht überlebst.","모르겠네. 우리는 그것에 대해 아는 게 너무 없거든. 살아남지 못할 수도 있어.","","False","DIA_Addon_Merdarion_Teleportstein_ich_06_01","",""
"Scripts/Content/Story/Dialoge/DIA_Addon_KDW_1405_Merdarion_NW.d:306","Gib mir den Schlüssel. Ich will mir das Ding mal ansehen.","열쇠를 넘겨줘. 그 물건을 좀 살펴봐야겠어.","","False","DIA_Addon_Merdarion_Teleportstein_key_15_00","",""
"Scripts/Content/Story/Dialoge/DIA_Addon_KDW_1405_Merdarion_NW.d:307","(unsicher) Wirklich? Aber ich übernehme dafür keinerlei Verantwortung.","(불안하게) 정말인가? 하지만 난 그에 대해 어떤 책임도 지지 않겠네.","","False","DIA_Addon_Merdarion_Teleportstein_key_06_01","",""
"Scripts/Content/Story/Dialoge/DIA_Addon_KDW_1405_Merdarion_NW.d:308","Gib schon her.","일단 이리 내놔.","","False","DIA_Addon_Merdarion_Teleportstein_key_15_02","",""
"Scripts/Content/Story/Dialoge/DIA_Addon_KDW_1405_Merdarion_NW.d:309","Wenn du meinst. Hier hast du ihn.","자네가 원한다면야. 여기 있게.","","False","DIA_Addon_Merdarion_Teleportstein_key_06_03","",""
"Scripts/Content/Story/Dialoge/DIA_Addon_KDW_1405_Merdarion_NW.d:331","Wo sind die anderen Teleportsteine?","다른 텔레포트 돌들은 어디에 있나?","","False","DIA_Addon_Merdarion_WHereOtherTeleports.description","",""
"Scripts/Content/Story/Dialoge/DIA_Addon_KDW_1405_Merdarion_NW.d:344","Wo sind die anderen Teleportersteine?","다른 텔레포트 돌들은 어디에 있나?","","False","DIA_Addon_Merdarion_WHereOtherTeleports_15_00","",""
"Scripts/Content/Story/Dialoge/DIA_Addon_KDW_1405_Merdarion_NW.d:345","Wir haben bisher nur einen Weiteren etwa im Zentrum von Khorinis gefunden.","우린 지금까지 코리니스 중심부 근처에서 다른 하나를 발견했을 뿐이라네.","","False","DIA_Addon_Merdarion_WHereOtherTeleports_06_01","",""
"Scripts/Content/Story/Dialoge/DIA_Addon_KDW_1405_Merdarion_NW.d:346","In der Nähe der Taverne Zur Toten Harpie.","죽은 하피 선관 근처에서 말이야.","","False","DIA_Addon_Merdarion_WHereOtherTeleports_06_02","",""
"Scripts/Content/Story/Dialoge/DIA_Addon_KDW_1405_Merdarion_NW.d:359","Die Teleportsteine scheinen gut zu funktionieren.","텔레포트 돌들은 아주 잘 작동하는 것 같더군.","","False","DIA_Addon_Merdarion_TeleportsteinSuccess.description","",""
"Scripts/Content/Story/Dialoge/DIA_Addon_KDW_1405_Merdarion_NW.d:374","Die Teleportersteine scheinen gut zu funktionieren.","텔레포트 돌들은 아주 잘 작동하는 것 같더군.","","False","DIA_Addon_Merdarion_TeleportsteinSuccess_15_00","",""
"Scripts/Content/Story/Dialoge/DIA_Addon_KDW_1405_Merdarion_NW.d:375","Du hast es tatsächlich getan? Du bist wirklich hineingegangen?","자네가 정말로 해냈다고? 진짜로 그 안에 들어간 건가?","","False","DIA_Addon_Merdarion_TeleportsteinSuccess_06_01","",""
"Scripts/Content/Story/Dialoge/DIA_Addon_KDW_1405_Merdarion_NW.d:376","Ja. Sie funktionieren offensichtlich immer noch.","그래. 분명히 아직도 잘 작동하더군.","","False","DIA_Addon_Merdarion_TeleportsteinSuccess_15_02","",""
"Scripts/Content/Story/Dialoge/DIA_Addon_KDW_1405_Merdarion_NW.d:377","(fasziniert) Unglaublich. Das muss ich mir nachher noch genauer ansehen.","(매료되어) 믿을 수가 없군. 나중에 나도 더 자세히 살펴봐야겠어.","","False","DIA_Addon_Merdarion_TeleportsteinSuccess_06_03","",""
