"location","source","target","id","fuzzy","context","translator_comments","developer_comments"
"Scripts/Content/Story/Dialoge/DIA_KDF_500_Pyrokar.d:51","So, du bist also der neue Novize. Nun, du hast bestimmt schon eine Aufgabe von Meister Parlan zugewiesen bekommen.","그렇군, 자네가 바로 새 견습생이군. 파를란 님에게서 벌써 임무를 부여받았겠지.","","False","DIA_Pyrokar_WELCOME_11_00","",""
"Scripts/Content/Story/Dialoge/DIA_KDF_500_Pyrokar.d:52","(leicht vorwurfsvoll) Du weißt ja, dass jeder in der Gemeinschaft des Feuers seine Arbeit zu verrichten hat, so wie es Innos' Wille ist.","(약간 책망하듯) 알다시피 불의 공동체에 있는 자는 누구나 이노스의 뜻에 따라 각자의 임무를 완수해야 한다네.","","False","DIA_Pyrokar_WELCOME_11_01","",""
"Scripts/Content/Story/Dialoge/DIA_KDF_500_Pyrokar.d:64","Ich muss dringend mit den Paladinen sprechen. ","팔라딘과 급히 이야기해야 합니다. ","","False","DIA_Pyrokar_Hagen.description","",""
"Scripts/Content/Story/Dialoge/DIA_KDF_500_Pyrokar.d:77","Ich muss dringend mit den Paladinen sprechen.","팔라딘과 급히 이야기해야 합니다.","","False","DIA_Pyrokar_Hagen_15_00","",""
"Scripts/Content/Story/Dialoge/DIA_KDF_500_Pyrokar.d:78","Willst du uns auch sagen, warum du mit ihnen sprechen willst?","그들과 왜 이야기하려는지 우리에게도 말해 주겠나?","","False","DIA_Pyrokar_Hagen_11_01","",""
"Scripts/Content/Story/Dialoge/DIA_KDF_500_Pyrokar.d:79","Ich habe eine wichtige Botschaft für sie.","그들에게 전할 중요한 전언이 있습니다.","","False","DIA_Pyrokar_Hagen_15_02","",""
"Scripts/Content/Story/Dialoge/DIA_KDF_500_Pyrokar.d:80","Was ist das für eine Botschaft?","그게 무슨 전언인가?","","False","DIA_Pyrokar_Hagen_11_03","",""
"Scripts/Content/Story/Dialoge/DIA_KDF_500_Pyrokar.d:81","Im Minental versammelt sich eine Armee des Bösen unter der Führung von Drachen! Wir müssen sie aufhalten, so lange wir noch können.","광산 계곡에 드래곤의 지도를 받는 악의 군대가 모이고 있습니다! 더 늦기 전에 그들을 막아야 합니다.","","False","DIA_Pyrokar_Hagen_15_04","",""
"Scripts/Content/Story/Dialoge/DIA_KDF_500_Pyrokar.d:82","Hm. Wir werden deine Worte überdenken, Novize. Wenn die Zeit gekommen ist, werden wir dir mitteilen, was wir beraten haben.","흠. 자네의 말을 심사숙고해 보겠네, 견습생. 때가 되면 우리가 논의한 결과를 알려주겠네.","","False","DIA_Pyrokar_Hagen_11_05","",""
"Scripts/Content/Story/Dialoge/DIA_KDF_500_Pyrokar.d:83","Solange tust du gut daran, deinen Pflichten als Novize nachzukommen.","그동안은 견습생으로서의 의무를 다하는 게 좋을 것이다.","","False","DIA_Pyrokar_Hagen_11_06","",""
"Scripts/Content/Story/Dialoge/DIA_KDF_500_Pyrokar.d:87","Dann wollen wir dich auch nicht länger von deinen Arbeiten abhalten - du darfst jetzt gehen.","그럼 자네를 더 이상 일에서 방해하지 않겠네. 이만 가봐도 좋다.","","False","DIA_Pyrokar_ALL_11_07","",""
"Scripts/Content/Story/Dialoge/DIA_KDF_500_Pyrokar.d:101","Ich suche das Auge Innos'.","이노스의 눈을 찾고 있습니다.","","False","DIA_Pyrokar_Auge.description","",""
"Scripts/Content/Story/Dialoge/DIA_KDF_500_Pyrokar.d:115","Ich suche das Auge Innos'.","이노스의 눈을 찾고 있습니다.","","False","DIA_Pyrokar_Auge_15_00","",""
"Scripts/Content/Story/Dialoge/DIA_KDF_500_Pyrokar.d:116","Ein Narr ist der, der glaubt, er könne das heilige Amulett finden, geschweige denn anlegen.","신성한 부적을 찾을 수 있다고 믿는 자는 바보나 다름없으며, 착용하는 것은 더더욱 불가능하다.","","False","DIA_Pyrokar_Auge_11_01","",""
"Scripts/Content/Story/Dialoge/DIA_KDF_500_Pyrokar.d:117","Das Amulett bestimmt seinen Träger selbst - niemals wird es ein anderer tragen können als der dafür bestimmte Mann.","부적 스스로 착용자를 선택하느니, 그 부적을 위해 정해진 자가 아니라면 결코 그 누구도 착용할 수 없을 것이다.","","False","DIA_Pyrokar_Auge_11_02","",""
"Scripts/Content/Story/Dialoge/DIA_KDF_500_Pyrokar.d:118","Ich würd's auf einen Versuch ankommen lassen.","한번 시도해 보고 싶군요.","","False","DIA_Pyrokar_Auge_15_03","",""
"Scripts/Content/Story/Dialoge/DIA_KDF_500_Pyrokar.d:119","Demut ist die Pflicht des Novizen - nicht das Verlangen.","겸손은 견습생의 의무이지, 욕망이 아니다.","","False","DIA_Pyrokar_Auge_11_04","",""
"Scripts/Content/Story/Dialoge/DIA_KDF_500_Pyrokar.d:125","Dann wollen wir dich auch nicht länger von deinen Arbeiten abhalten - Du darfst jetzt gehen.","그럼 자네를 더 이상 일에서 방해하지 않겠네. 이만 가봐도 좋다.","","False","DIA_Pyrokar_ALL_11_05","",""
"Scripts/Content/Story/Dialoge/DIA_KDF_500_Pyrokar.d:139","Einige Bürger von Khorinis sind auf seltsame Weise verschwunden.","코리니스 시민 몇 명이 이상하게 사라졌습니다.","","False","DIA_Addon_Pyrokar_MissingPeople.description","",""
"Scripts/Content/Story/Dialoge/DIA_KDF_500_Pyrokar.d:153","Einige Bürger von Khorinis sind auf seltsame Weise verschwunden.","코리니스 시민 몇 명이 이상하게 사라졌습니다.","","False","DIA_Addon_Pyrokar_MissingPeople_15_00","",""
"Scripts/Content/Story/Dialoge/DIA_KDF_500_Pyrokar.d:154","Das ist mir bekannt und sehr bedauerlich. Jedoch haben wir uns mit den Magiern des Wasser darauf geeinigt, dass sie sich der Sache annehmen.","그 사실은 나도 알고 있으며 매우 유감스럽게 생각한다. 하지만 물의 마법사들이 이 문제를 처리하기로 우리와 합의가 된 상태다.","","False","DIA_Addon_Pyrokar_MissingPeople_11_01","",""
"Scripts/Content/Story/Dialoge/DIA_KDF_500_Pyrokar.d:155","Gleiches gilt für die Untersuchung der eigenartigen Erdbeben in der nordöstlichen Region von Khorinis.","코리니스 북동부 지역에서 일어난 기이한 지진 조사도 마찬가지다.","","False","DIA_Addon_Pyrokar_MissingPeople_11_02","",""
"Scripts/Content/Story/Dialoge/DIA_KDF_500_Pyrokar.d:156","Bisher ist mir nicht zu Ohren gekommen, dass unser Einschreiten von Nöten wäre. Also werden wir auch nichts in dieser Sache unternehmen.","우리의 개입이 필요하다는 소식은 아직 들은 바 없다. 그러므로 우리는 이 일에 대해 아무런 조치도 취하지 않을 것이다.","","False","DIA_Addon_Pyrokar_MissingPeople_11_03","",""
"Scripts/Content/Story/Dialoge/DIA_KDF_500_Pyrokar.d:157","Ja, aber ...","그렇지만요...","","False","DIA_Addon_Pyrokar_MissingPeople_15_04","",""
"Scripts/Content/Story/Dialoge/DIA_KDF_500_Pyrokar.d:158","Kein Aber! Wir werden verfahren, wie wir es für richtig halten, und ich hoffe, auch DU wirst das respektieren.","변명은 통하지 않는다! 우리는 우리가 옳다고 생각하는 대로 처리할 것이며, 자네도 이를 존중하기를 바란다.","","False","DIA_Addon_Pyrokar_MissingPeople_11_05","",""
"Scripts/Content/Story/Dialoge/DIA_KDF_500_Pyrokar.d:207","(ungehalten) Gehorsam ist eine Tugend, die du noch lernen wirst. Auf die eine oder andere Weise.","(불쾌해하며) 복종은 자네가 아직 배워야 할 미덕이다. 어떤 식이든 말이지.","","False","DIA_Pyrokar_GOAWAY_11_00","",""
"Scripts/Content/Story/Dialoge/DIA_KDF_500_Pyrokar.d:221","Ich will die Prüfung des Feuers ablegen.","불의 시련을 치르고 싶습니다.","","False","DIA_Pyrokar_FIRE.description","",""
"Scripts/Content/Story/Dialoge/DIA_KDF_500_Pyrokar.d:236","Ich will die Prüfung des Feuers ablegen.","불의 시련을 치르고 싶습니다.","","False","DIA_Pyrokar_FIRE_15_00","",""
"Scripts/Content/Story/Dialoge/DIA_KDF_500_Pyrokar.d:237","(überrascht) Du weißt ... du willst die Prüfung des Feuers ablegen?","(놀라며) 알고 있군... 불의 시련을 통과하겠다는 건가?","","False","DIA_Pyrokar_FIRE_11_01","",""
"Scripts/Content/Story/Dialoge/DIA_KDF_500_Pyrokar.d:238","Ja, ich berufe mich auf das Gesetz des Feuers, das besagt ...","예, 불의 법에 의거하여...","","False","DIA_Pyrokar_FIRE_15_02","",""
"Scripts/Content/Story/Dialoge/DIA_KDF_500_Pyrokar.d:239","(unterbricht barsch) Wir kennen das Gesetz des Feuers. Wir sahen auch viele Novizen bei der Prüfung sterben. Diese Entscheidung hast du nicht reiflich überlegt.","(매몰차게 끊으며) 불의 법은 우리도 잘 안다. 그리고 시련 중에 많은 견습생들이 죽어 나가는 것도 보았다. 이 결정은 신중하게 내린 게 아닐 터.","","False","DIA_Pyrokar_FIRE_11_03","",""
"Scripts/Content/Story/Dialoge/DIA_KDF_500_Pyrokar.d:240","Doch, das habe ich. Ich will die Prüfung - und ich werde sie bestehen.","아닙니다, 신중히 내린 결정입니다. 시련을 치르겠으며, 반드시 통과할 것입니다.","","False","DIA_Pyrokar_FIRE_15_04","",""
"Scripts/Content/Story/Dialoge/DIA_KDF_500_Pyrokar.d:241","(warnend) Wenn du ausdrücklich darauf bestehst, dann wird der hohe Rat dich vor die Prüfung stellen.","(경고하듯) 정 그렇게 고집한다면, 고위 의회에서 자네에게 시련을 내릴 것이다.","","False","DIA_Pyrokar_FIRE_11_05","",""
"Scripts/Content/Story/Dialoge/DIA_KDF_500_Pyrokar.d:242","Ich bestehe darauf, dass mir die Prüfung des Feuers gestellt wird.","불의 시련을 치를 수 있게 해 주십시오.","","False","DIA_Pyrokar_FIRE_15_06","",""
"Scripts/Content/Story/Dialoge/DIA_KDF_500_Pyrokar.d:243","Dann - soll es sein. Wenn du bereit bist, wird dir jeder Magier aus dem hohen Rat eine Prüfung stellen, die du erfüllen musst.","그렇다면... 그렇게 하도록 하지. 준비가 되면, 고위 의회의 마법사 각자가 자네가 완수해야 할 시련을 내릴 것이다.","","False","DIA_Pyrokar_FIRE_11_07","",""
"Scripts/Content/Story/Dialoge/DIA_KDF_500_Pyrokar.d:244","Möge Innos sich deiner Seele erbarmen.","이노스께서 자네의 영혼을 가엾게 여기시기를.","","False","DIA_Pyrokar_FIRE_11_08","",""
"Scripts/Content/Story/Dialoge/DIA_KDF_500_Pyrokar.d:258","Ich stelle mich deiner Prüfung, Meister","당신의 시련을 마주할 준비가 되었습니다, 스승님.","","False","DIA_Pyrokar_TEST.description","",""
"Scripts/Content/Story/Dialoge/DIA_KDF_500_Pyrokar.d:273","Ich stelle mich deiner Prüfung, Meister.","당신의 시련을 마주할 준비가 되었습니다, 스승님.","","False","DIA_Pyrokar_TEST_15_00","",""
"Scripts/Content/Story/Dialoge/DIA_KDF_500_Pyrokar.d:274","Und nur Innos alleine weiß, ob du sie auch bestehen wirst. Du wirst jene Prüfung ablegen, die auch die erwählten Novizen bestehen müssen.","자네가 그것을 통과할 수 있을지는 오직 이노스만 아실 것이다. 자네는 선택받은 견습생들이 통과해야 하는 것과 같은 시련을 치르게 될 것이다.","","False","DIA_Pyrokar_TEST_11_01","",""
"Scripts/Content/Story/Dialoge/DIA_KDF_500_Pyrokar.d:275","Die Prüfung der Magie. (überlegen) Du weißt ja sicherlich, das nur EINER der Novizen die Prüfung bestehen kann.","마법의 시련이다. (거만하게) 견습생 중 오직 단 한 사람만이 이 시련을 통과할 수 있다는 건 자네도 분명히 알겠지.","","False","DIA_Pyrokar_TEST_11_02","",""
"Scripts/Content/Story/Dialoge/DIA_KDF_500_Pyrokar.d:276","Verstehe. Wer sind denn meine Konkurrenten?","알겠습니다. 그렇다면 내 경쟁자들은 누구입니까?","","False","DIA_Pyrokar_TEST_15_03","",""
"Scripts/Content/Story/Dialoge/DIA_KDF_500_Pyrokar.d:277","Innos hat in seiner Weisheit drei Novizen erwählt, die ebenfalls diese Prüfung zu bestehen haben: Agon, Igaraz und Ulf. Sie haben bereits die Suche begonnen.","이노스께서는 지혜를 발휘하여 이 시련을 치를 세 명의 견습생을 선택하셨다. 아곤, 이가라즈, 그리고 울프가 그들이다. 그들은 이미 탐색을 시작했다.","","False","DIA_Pyrokar_TEST_11_04","",""
"Scripts/Content/Story/Dialoge/DIA_KDF_500_Pyrokar.d:278","(barsch) Doch genug davon! Höre die Worte der Prüfung: 'Folge den Zeichen Innos' und bringe uns das, was der Gläubige hinter dem Pfad findet.'","(매몰차게) 그 얘기는 그만하자! 시련의 말을 들으라: '이노스의 표식을 따르고, 신도들이 길 뒤편에서 찾는 것을 우리에게 가져오라.'","","False","DIA_Pyrokar_TEST_11_05","",""
"Scripts/Content/Story/Dialoge/DIA_KDF_500_Pyrokar.d:279","Diesen Schlüssel wirst du brauchen.","이 열쇠가 필요할 것이다.","","False","DIA_Pyrokar_TEST_11_06","",""
"Scripts/Content/Story/Dialoge/DIA_KDF_500_Pyrokar.d:280","Wir haben dem nichts weiter hinzuzufügen.","우리가 덧붙일 말은 이게 전부다.","","False","DIA_Pyrokar_TEST_11_07","",""
"Scripts/Content/Story/Dialoge/DIA_KDF_500_Pyrokar.d:349","Solange du mit der Prüfung beschäftigt bist, haben wir dir nichts zu sagen.","시련에 몰두해 있는 동안에는 해줄 말이 없다.","","False","DIA_Pyrokar_RUNNING_11_00","",""
"Scripts/Content/Story/Dialoge/DIA_KDF_500_Pyrokar.d:353","Warum stehst du hier herum? Stell dich deiner Prüfung!","여기서 빈둥거리고 있는 이유가 뭔가? 가서 시련을 치러라!","","False","DIA_Pyrokar_RUNNING_11_01","",""
"Scripts/Content/Story/Dialoge/DIA_KDF_500_Pyrokar.d:357","Es ist an der Zeit, den großen Worten Taten folgen zu lassen. Meinst du nicht, Novize?","이제 거창한 말들을 행동으로 옮길 때가 되었다. 그렇게 생각하지 않나, 견습생?","","False","DIA_Pyrokar_RUNNING_11_02","",""
"Scripts/Content/Story/Dialoge/DIA_KDF_500_Pyrokar.d:372","Ich habe den Runenstein gefunden","빈 룬석을 찾았습니다.","","False","DIA_Pyrokar_SUCCESS.description","",""
"Scripts/Content/Story/Dialoge/DIA_KDF_500_Pyrokar.d:389","Ich habe den Runenstein gefunden.","빈 룬석을 찾았습니다.","","False","DIA_Pyrokar_SUCCESS_15_00","",""
"Scripts/Content/Story/Dialoge/DIA_KDF_500_Pyrokar.d:390","(ungläubig) Du ... hast es geschafft?! Du bist den Zeichen gefolgt und hast du die geheime Pforte entdeckt ...","(믿을 수 없다는 듯이) 자네가... 해냈단 말인가?! 표식을 따라가서 비밀의 문을 발견했...단 말이지.","","False","DIA_Pyrokar_SUCCESS_11_01","",""
"Scripts/Content/Story/Dialoge/DIA_KDF_500_Pyrokar.d:391","... und habe all diese Monster besiegt, die mich schon auf ihren Speiseplan gesetzt hatten.","...그리고 절 이미 식단에 올려놓았던 그 모든 괴물들을 무찔렀죠.","","False","DIA_Pyrokar_SUCCESS_15_02","",""
"Scripts/Content/Story/Dialoge/DIA_KDF_500_Pyrokar.d:392","Und die anderen Novizen? Was ist mit Agon? Haben sie es nicht vor dir geschafft?","다른 견습생들은? 아곤은 어떻게 되었나? 그들이 자네보다 먼저 해내지 못했단 말인가?","","False","DIA_Pyrokar_SUCCESS_11_03","",""
"Scripts/Content/Story/Dialoge/DIA_KDF_500_Pyrokar.d:393","Sie haben versagt. Es war ihnen wohl nicht bestimmt, die Prüfung zu bestehen.","그들은 실패했습니다. 시련을 통과할 운명이 아니었던 모양입니다.","","False","DIA_Pyrokar_SUCCESS_15_04","",""
"Scripts/Content/Story/Dialoge/DIA_KDF_500_Pyrokar.d:394","Nun, dann erklären wir, dass du diese Prüfung bestanden hast. Der Runenstein soll auch weiterhin dir gehören.","좋다, 그럼 자네가 이 시련을 통과했음을 선언하겠다. 빈 룬석은 계속 자네가 소유하게 될 것이다.","","False","DIA_Pyrokar_SUCCESS_11_05","",""
"Scripts/Content/Story/Dialoge/DIA_KDF_500_Pyrokar.d:427","Du hast die Prüfung, vor die ich dich gestellt habe, bestanden.","자네는 내가 내린 시련을 통과했다.","","False","DIA_Pyrokar_Todo_11_00","",""
"Scripts/Content/Story/Dialoge/DIA_KDF_500_Pyrokar.d:428","Aber ...","하지만...","","False","DIA_Pyrokar_Todo_11_01","",""
"Scripts/Content/Story/Dialoge/DIA_KDF_500_Pyrokar.d:432","... die Prüfung von Ulthar liegt noch vor dir.","...울타르의 시련이 아직 남아 있다.","","False","DIA_Pyrokar_Todo_11_02","",""
"Scripts/Content/Story/Dialoge/DIA_KDF_500_Pyrokar.d:437","... Serpentes' Prüfung hast du noch nicht beendet.","...세르펜테스의 시련을 아직 끝마치지 않았다.","","False","DIA_Pyrokar_Todo_11_03","",""
"Scripts/Content/Story/Dialoge/DIA_KDF_500_Pyrokar.d:452","Werde ich jetzt in die Gilde der Magier aufgenommen?","이제 마법사 길드에 받아들여지는 것입니까?","","False","DIA_Pyrokar_MAGICAN.description","",""
"Scripts/Content/Story/Dialoge/DIA_KDF_500_Pyrokar.d:468","Werde ich jetzt in die Gilde der Magier aufgenommen?","이제 마법사 길드에 받아들여지는 것입니까?","","False","DIA_Pyrokar_MAGICAN_15_00","",""
"Scripts/Content/Story/Dialoge/DIA_KDF_500_Pyrokar.d:469","Du hast es geschafft. Du hast die Prüfung des Feuers bestanden. Wir waren uns sicher, dass du es schaffen würdest.","해냈구나. 불의 시련을 통과했어. 자네가 해낼 것이라 우리는 확신하고 있었다.","","False","DIA_Pyrokar_MAGICAN_11_01","",""
"Scripts/Content/Story/Dialoge/DIA_KDF_500_Pyrokar.d:470","(eindringlich) Ebenso wie wir sicher sind, dass du weiterhin alles daran setzen wirst, ein WÜRDIGER Diener Innos' zu werden.","(간곡하게) 자네가 앞으로도 이노스의 가치 있는 하인이 되기 위해 온 힘을 다할 것이라고 우리가 확신하듯 말이다.","","False","DIA_Pyrokar_MAGICAN_11_02","",""
"Scripts/Content/Story/Dialoge/DIA_KDF_500_Pyrokar.d:471","Wenn du also bereit bist, den Schwur des Feuers zu leisten, wirst du als Magier in unseren Reihen empfangen.","그러니 불의 맹세를 할 준비가 되었다면, 마법사로서 우리 대열에 환영받을 것이다.","","False","DIA_Pyrokar_MAGICAN_11_03","",""
"Scripts/Content/Story/Dialoge/DIA_KDF_500_Pyrokar.d:483","Ich bin bereit, in den Kreis des Feuers zu treten.","불의 서클에 발을 들일 준비가 되었습니다.","","False","DIA_Pyrokar_OATH.description","",""
"Scripts/Content/Story/Dialoge/DIA_KDF_500_Pyrokar.d:497","Ich bin bereit, in den Kreis des Feuers zu treten.","불의 서클에 발을 들일 준비가 되었습니다.","","False","DIA_Pyrokar_OATH_15_00","",""
"Scripts/Content/Story/Dialoge/DIA_KDF_500_Pyrokar.d:498","Gut, dann schwöre den heiligen Eid des Feuers.","좋다, 그럼 불의 신성한 맹세를 하라.","","False","DIA_Pyrokar_OATH_11_01","",""
"Scripts/Content/Story/Dialoge/DIA_KDF_500_Pyrokar.d:500","(feierlich) Schwörst du, vor dem allmächtigen Herrn Innos, seiner Diener und der heiligen Flamme ...","(엄숙하게) 전능하신 이노스 주님과 그분의 하인들, 그리고 신성한 불꽃 앞에서 맹세하는가...","","False","DIA_Pyrokar_OATH_11_02","",""
"Scripts/Content/Story/Dialoge/DIA_KDF_500_Pyrokar.d:501","... dass von nun an und auf ewig dein Leben mit dem Feuer verbunden ist ...","...지금부터 영원히 자네의 삶이 불과 결합될 것을...","","False","DIA_Pyrokar_OATH_11_03","",""
"Scripts/Content/Story/Dialoge/DIA_KDF_500_Pyrokar.d:502","... bis dein Körper und dein Geist Ruhe finden in seinen heiligen Hallen und das Feuer des Lebens erlischt?","...그분의 신성한 전당에서 육신과 영혼이 안식을 찾고 삶의 불꽃이 꺼질 때까지?","","False","DIA_Pyrokar_OATH_11_04","",""
"Scripts/Content/Story/Dialoge/DIA_KDF_500_Pyrokar.d:503","Ich schwöre es.","맹세합니다.","","False","DIA_Pyrokar_OATH_15_05","",""
"Scripts/Content/Story/Dialoge/DIA_KDF_500_Pyrokar.d:504","Mit den Worten des Schwurs bist du den Bund mit dem Feuer eingegangen.","맹세의 말을 함으로써 자네는 불과의 계약을 맺었다.","","False","DIA_Pyrokar_OATH_11_06","",""
"Scripts/Content/Story/Dialoge/DIA_KDF_500_Pyrokar.d:505","Trage diese Robe als Zeichen des ewigen Bundes.","영원한 결속의 증표로 이 로브를 입어라.","","False","DIA_Pyrokar_OATH_11_07","",""
"Scripts/Content/Story/Dialoge/DIA_KDF_500_Pyrokar.d:524","Nun, da du in unsere Reihen aufgenommen wurdest, kannst du mit Lord Hagen, dem obersten Befehlshaber der Paladine, sprechen.","이제 우리 대열에 합류했으니, 팔라딘의 최고 사령관인 헤이건 경과 이야기할 수 있다.","","False","DIA_Pyrokar_OATH_11_08","",""
"Scripts/Content/Story/Dialoge/DIA_KDF_500_Pyrokar.d:525","Wir sind ebenfalls sehr interessiert daran, wie er die Situation beurteilt. Also steht es dir nun frei, nach Khorinis zu gehen.","우리 역시 그가 상황을 어떻게 판단하고 있는지 매우 궁금하다. 그러니 이제 자유롭게 코리니스에 가도 좋다.","","False","DIA_Pyrokar_OATH_11_09","",""
"Scripts/Content/Story/Dialoge/DIA_KDF_500_Pyrokar.d:526","Wir erwarten, dass du uns unverzüglich seine Antwort bringst.","그의 대답을 즉시 우리에게 가져오기를 기대하겠다.","","False","DIA_Pyrokar_OATH_11_10","",""
"Scripts/Content/Story/Dialoge/DIA_KDF_500_Pyrokar.d:538","Was kann ich nun alles lernen?","이제 무엇을 배울 수 있습니까?","","False","DIA_Pyrokar_Lernen.description","",""
"Scripts/Content/Story/Dialoge/DIA_KDF_500_Pyrokar.d:551","Was kann ich nun alles lernen?","이제 무엇을 배울 수 있습니까?","","False","DIA_Pyrokar_Lernen_15_00","",""
"Scripts/Content/Story/Dialoge/DIA_KDF_500_Pyrokar.d:552","Zunächst mal ist es dir nun möglich, die magischen Kreise zu erlernen. Sie gewähren dir die Macht, die Runen anzuwenden.","우선, 이제 마법의 서클을 배울 수 있게 될 것이다. 서클은 룬을 사용할 수 있는 힘을 부여해 준다.","","False","DIA_Pyrokar_Lernen_11_01","",""
"Scripts/Content/Story/Dialoge/DIA_KDF_500_Pyrokar.d:553","Je höher du in den sechs magischen Kreisen aufsteigst, desto mächtigere Zauber kannst du wirken.","여섯 개의 마법 서클에서 더 높이 올라갈수록, 더 강력한 주문을 구사할 수 있다.","","False","DIA_Pyrokar_Lernen_11_02","",""
"Scripts/Content/Story/Dialoge/DIA_KDF_500_Pyrokar.d:554","Die Formeln lernst du bei den Brüdern im Kloster. Jeder hat sich auf ein Gebiet spezialisiert, das er dich lehren wird.","주문 형식은 수도원의 형제들에게 배울 수 있다. 각자 전문 분야가 있으므로 그에 맞는 가르침을 줄 것이다.","","False","DIA_Pyrokar_Lernen_11_03","",""
"Scripts/Content/Story/Dialoge/DIA_KDF_500_Pyrokar.d:555","So ist Karras ein Meister der Anrufungen und Beschwörungen und Hyglas wird dich die Magie des Feuers lehren.","카라스는 기원과 소환의 대가이며, 히글라스는 불의 마법을 가르쳐 줄 것이다.","","False","DIA_Pyrokar_Lernen_11_04","",""
"Scripts/Content/Story/Dialoge/DIA_KDF_500_Pyrokar.d:556","Niemand versteht sich besser auf die Mächte von Eis und Donner als Marduk. Parlan kann dich verschiedene andere Sprüche lehren - und er wird dich in die ersten Kreise aufnehmen.","얼음과 우뢰의 힘에 대해 마르두크보다 더 잘 아는 사람은 없다. 파를란은 여러 다른 주문들을 가르쳐 줄 수 있으며, 자네를 첫 번째 서클로 입문시켜 줄 것이다.","","False","DIA_Pyrokar_Lernen_11_05","",""
"Scripts/Content/Story/Dialoge/DIA_KDF_500_Pyrokar.d:557","Aber jeder von ihnen lehrt dich nur die Formel - die Runen musst du selbst erschaffen.","하지만 그들 각자는 주문 형식만 가르쳐 줄 뿐이며 — 룬은 자네 스스로 만들어야 한다.","","False","DIA_Pyrokar_Lernen_11_06","",""
"Scripts/Content/Story/Dialoge/DIA_KDF_500_Pyrokar.d:578","Ich möchte einen Wunsch äußern...","소원을 하나 빌고 싶습니다...","","False","DIA_Pyrokar_Wunsch.description","",""
"Scripts/Content/Story/Dialoge/DIA_KDF_500_Pyrokar.d:592","Ich möchte einen Wunsch äußern...","소원을 하나 빌고 싶습니다...","","False","DIA_Pyrokar_Wunsch_15_00","",""
"Scripts/Content/Story/Dialoge/DIA_KDF_500_Pyrokar.d:593","Jedem Magier steht nach seiner Aufnahme das Recht der ersten Tat zu.","받아들여진 마법사에게는 누구나 첫 번째 행동의 권리가 주어지느니.","","False","DIA_Pyrokar_Wunsch_11_01","",""
"Scripts/Content/Story/Dialoge/DIA_KDF_500_Pyrokar.d:594","Also, was soll deine erste Tat als Magier sein?","그래, 마법사로서의 첫 번째 행동은 무엇이겠느냐?","","False","DIA_Pyrokar_Wunsch_11_02","",""
"Scripts/Content/Story/Dialoge/DIA_KDF_500_Pyrokar.d:597","Keine.","없습니다.","","False","DIA_Pyrokar_Wunsch_Info.DIA_Pyrokar_Wunsch.DIA_Pyrokar_Wunsch_Nothing","Info_AddChoice",""
"Scripts/Content/Story/Dialoge/DIA_KDF_500_Pyrokar.d:600","Babo soll neuer Klostergärtner werden.","바보가 새 수도원 정원사가 되게 해 주십시오.","","False","DIA_Pyrokar_Wunsch_Info.DIA_Pyrokar_Wunsch.DIA_Pyrokar_Wunsch_Babo","Info_AddChoice",""
"Scripts/Content/Story/Dialoge/DIA_KDF_500_Pyrokar.d:605","Der Novize Opolos soll Zugang zur Bibliothek bekommen.","견습생 오폴로스가 도서관에 출입할 수 있게 해 주십시오.","","False","DIA_Pyrokar_Wunsch_Info.DIA_Pyrokar_Wunsch.DIA_Pyrokar_Wunsch_Opolos","Info_AddChoice",""
"Scripts/Content/Story/Dialoge/DIA_KDF_500_Pyrokar.d:610","Dyrian soll erlaubt werden im Kloster zu bleiben.","디리안이 수도원에 남는 것을 허락해 주십시오.","","False","DIA_Pyrokar_Wunsch_Info.DIA_Pyrokar_Wunsch.DIA_Pyrokar_Wunsch_Dyrian","Info_AddChoice",""
"Scripts/Content/Story/Dialoge/DIA_KDF_500_Pyrokar.d:617","Keine.","없습니다.","","False","DIA_Pyrokar_Wunsch_Nothing_15_00","",""
"Scripts/Content/Story/Dialoge/DIA_KDF_500_Pyrokar.d:618","(verwundert) So soll es geschehen. Der neue Magier verzichtet auf seine Tat.","(놀라며) 그렇게 하도록 하지. 새 마법사가 자신의 행동을 포기하는구나.","","False","DIA_Pyrokar_Wunsch_Nothing_11_01","",""
"Scripts/Content/Story/Dialoge/DIA_KDF_500_Pyrokar.d:642","Der Novize Dyrian soll im Kloster bleiben.","견습생 디리안이 수도원에 남게 해 주십시오.","","False","DIA_Pyrokar_Wunsch_Dyrian_15_00","",""
"Scripts/Content/Story/Dialoge/DIA_KDF_500_Pyrokar.d:643","So soll es geschehen.","그렇게 하도록 하지.","","False","DIA_Pyrokar_Wunsch_Dyrian_11_01","",""
"Scripts/Content/Story/Dialoge/DIA_KDF_500_Pyrokar.d:644","Dem Novizen wird erlaubt, im Kloster zu bleiben, er wird die freigewordene Stelle des Gärtners besetzen.","그 견습생이 수도원에 남는 것을 허락하며, 공석이 된 정원사 자리를 맡게 될 것이다.","","False","DIA_Pyrokar_Wunsch_Dyrian_11_02","",""
"Scripts/Content/Story/Dialoge/DIA_KDF_500_Pyrokar.d:669","Der Novize Babo soll die Leitung des Klostergartens übernehmen.","견습생 바보가 수도원 정원을 관리하게 해 주십시오.","","False","DIA_Pyrokar_Wunsch_Babo_15_00","",""
"Scripts/Content/Story/Dialoge/DIA_KDF_500_Pyrokar.d:670","So soll es geschehen.","그렇게 하도록 하지.","","False","DIA_Pyrokar_Wunsch_Babo_11_01","",""
"Scripts/Content/Story/Dialoge/DIA_KDF_500_Pyrokar.d:671","Mit sofortiger Wirkung wird dem Novizen Babo die Obhut des Klostergartens übertragen.","즉시 효력을 발휘하여, 견습생 바보에게 수도원 정원의 관리가 맡겨질 것이다.","","False","DIA_Pyrokar_Wunsch_Babo_11_02","",""
"Scripts/Content/Story/Dialoge/DIA_KDF_500_Pyrokar.d:697","Der Novize Opolos soll Zugang zur Bibliothek bekommen.","견습생 오폴로스가 도서관에 출입할 수 있게 해 주십시오.","","False","DIA_Pyrokar_Wunsch_Opolos_15_00","",""
"Scripts/Content/Story/Dialoge/DIA_KDF_500_Pyrokar.d:698","So soll es geschehen.","그렇게 하도록 하지.","","False","DIA_Pyrokar_Wunsch_Opolos_11_01","",""
"Scripts/Content/Story/Dialoge/DIA_KDF_500_Pyrokar.d:699","Der Novize Opolos wird ab sofort die Schriften Innos' studieren.","견습생 오폴로스는 지금부터 이노스의 문서를 공부할 것이다.","","False","DIA_Pyrokar_Wunsch_Opolos_11_02","",""
"Scripts/Content/Story/Dialoge/DIA_KDF_500_Pyrokar.d:730","Ich bringe Nachricht von Lord Hagen...","헤이건 경의 전언을 가져왔습니다...","","False","DIA_Pyrokar_Nachricht.description","",""
"Scripts/Content/Story/Dialoge/DIA_KDF_500_Pyrokar.d:744","Ich bringe Nachricht von Lord Hagen. Er will Beweise für die Anwesenheit der Drachen und die Armee des Bösen.","헤이건 경의 전언을 가져왔습니다. 그는 드래곤과 악의 군대가 존재한다는 증거를 원합니다.","","False","DIA_Pyrokar_Nachricht_15_00","",""
"Scripts/Content/Story/Dialoge/DIA_KDF_500_Pyrokar.d:749","Also werde ich ins Minental gehen und ihm die Beweise bringen.","그러니 내가 광산 계곡으로 가서 그에게 증거를 가져다주겠습니다.","","False","DIA_Pyrokar_Nachricht_15_01","",""
"Scripts/Content/Story/Dialoge/DIA_KDF_500_Pyrokar.d:750","Gut. Dann wirst du diesem Befehl folgen. Der Paladin Sergio soll dich bis zum Pass geleiten.","좋다. 그럼 그 명령에 따르도록 하라. 팔라딘 세르지오가 통행로까지 자네를 호위할 것이다.","","False","DIA_Pyrokar_Nachricht_11_02","",""
"Scripts/Content/Story/Dialoge/DIA_KDF_500_Pyrokar.d:751","Möge Innos dich schützen.","이노스께서 자네를 보호하시기를.","","False","DIA_Pyrokar_Nachricht_11_03","",""
"Scripts/Content/Story/Dialoge/DIA_KDF_500_Pyrokar.d:759","Also habe ich mich direkt auf den Weg ins Minental gemacht.","그래서 곧바로 광산 계곡으로 향했습니다.","","False","DIA_Pyrokar_Nachricht_15_04","",""
"Scripts/Content/Story/Dialoge/DIA_KDF_500_Pyrokar.d:760","Gut, da du schon den Weg ins Tal kennst, wirst du wohl ohne Begleitung auskommen.","좋다, 계곡으로 가는 길을 이미 알고 있으니 호위 없이도 잘 해낼 수 있겠군.","","False","DIA_Pyrokar_Nachricht_11_05","",""
"Scripts/Content/Story/Dialoge/DIA_KDF_500_Pyrokar.d:761","Erledige diese Sache für Lord Hagen - möge Innos dich schützen.","헤이건 경을 위해 이 일을 처리해 다오 — 이노스께서 자네를 보호하시기를.","","False","DIA_Pyrokar_Nachricht_11_06","",""
"Scripts/Content/Story/Dialoge/DIA_KDF_500_Pyrokar.d:775","Lehre mich den letzten Kreis der Magie.","마지막 마법의 서클을 가르쳐 주십시오.","","False","DIA_Pyrokar_TEACH.description","",""
"Scripts/Content/Story/Dialoge/DIA_KDF_500_Pyrokar.d:789","Lehre mich den letzten Kreis der Magie.","마지막 마법의 서클을 가르쳐 주십시오.","","False","DIA_Pyrokar_TEACH_15_00","",""
"Scripts/Content/Story/Dialoge/DIA_KDF_500_Pyrokar.d:795","Viel Zeit ist vergangen, seit du den Bund mit dem Feuer eingegangen bist. Viel ist geschehen und wir finden keine Ruhe.","자네가 불과의 계약을 맺은 이후로 많은 시간이 흘렀다. 많은 일이 일어났고, 우리는 안정을 찾지 못하고 있다.","","False","DIA_Pyrokar_TEACH_11_01","",""
"Scripts/Content/Story/Dialoge/DIA_KDF_500_Pyrokar.d:796","Du bist der Erwählte Innos'. Und als solcher wirst du alle Kraft brauchen, um deine Kämpfe zu bestehen.","자네는 이노스의 선택받은 자다. 그러므로 전투에서 승리하려면 모든 힘이 필요할 것이다.","","False","DIA_Pyrokar_TEACH_11_02","",""
"Scripts/Content/Story/Dialoge/DIA_KDF_500_Pyrokar.d:797","Ich weihe dich nun, Erwählter. Du trittst in den sechsten Kreis - mögest du das Licht bringen und die Dunkelheit vertreiben.","선택받은 자여, 이제 자네를 축성하노라. 제6서클에 들어서리니 — 빛을 가져오고 어둠을 흩어지게 하라.","","False","DIA_Pyrokar_TEACH_11_03","",""
"Scripts/Content/Story/Dialoge/DIA_KDF_500_Pyrokar.d:798","Die Zauberformeln des letzten Kreises kannst du nun von mir lernen, wenn du es wünscht.","원한다면 이제 마지막 서클의 마법 공식을 나에게서 배울 수 있다.","","False","DIA_Pyrokar_TEACH_11_04","",""
"Scripts/Content/Story/Dialoge/DIA_KDF_500_Pyrokar.d:799","Ach - eine Sache noch. Es hat einige Zeit gedauert, bis ich dich wiedererkannt habe.","아 — 그리고 한 가지 더. 자네를 다시 알아보는 데 시간이 좀 걸렸군.","","False","DIA_Pyrokar_TEACH_11_05","",""
"Scripts/Content/Story/Dialoge/DIA_KDF_500_Pyrokar.d:800","Du hast von mir den Brief bekommen, als sie dich damals in die Barriere geworfen haben.","그들이 자네를 예전에 장벽 안으로 던져 넣었을 때 내게서 그 편지를 받았었지.","","False","DIA_Pyrokar_TEACH_11_06","",""
"Scripts/Content/Story/Dialoge/DIA_KDF_500_Pyrokar.d:801","Ja, damit hast du mir das Gefasel des Richters erspart.","예, 덕분에 판사의 헛소리를 안 들을 수 있었죠.","","False","DIA_Pyrokar_TEACH_15_07","",""
"Scripts/Content/Story/Dialoge/DIA_KDF_500_Pyrokar.d:802","Und du bist der Erwählte Innos'.","그리고 자네는 이노스의 선택받은 자야.","","False","DIA_Pyrokar_TEACH_11_08","",""
"Scripts/Content/Story/Dialoge/DIA_KDF_500_Pyrokar.d:803","Empfange nun meinen Segen, Erwählter!","자, 나의 축복을 받게나, 선택받은 자여!","","False","DIA_Pyrokar_TEACH_11_09","",""
"Scripts/Content/Story/Dialoge/DIA_KDF_500_Pyrokar.d:804","Innos, das Licht der Sonne und das Feuer der Welt, segne diesen Mann, deinen erwählten Diener.","이노스여, 태양의 빛이자 세상의 불이시여, 이 자를, 당신의 선택받은 하인을 축복하소서.","","False","DIA_Pyrokar_TEACH_11_10","",""
"Scripts/Content/Story/Dialoge/DIA_KDF_500_Pyrokar.d:805","Schenke ihm Mut, Kraft und Weisheit, dem Weg zu folgen, den du ihm bestimmt hast.","그에게 용기와 힘, 그리고 지혜를 주시어 당신이 정해준 길을 따르게 하소서.","","False","DIA_Pyrokar_TEACH_11_11","",""
"Scripts/Content/Story/Dialoge/DIA_KDF_500_Pyrokar.d:810","Noch ist es nicht an der Zeit dafür. Wenn du ein Stück weiter auf dem Weg gegangen bist, den Innos dir zeigt, dann werde ich dich unterweisen.","아직 그럴 때는 아니네. 이노스께서 네게 보여주신 길을 좀 더 걸어가게 된다면, 그때 내가 가르쳐주마.","","False","DIA_Pyrokar_TEACH_11_12","",""
"Scripts/Content/Story/Dialoge/DIA_KDF_500_Pyrokar.d:824","Unterweise mich (Runen erschaffen)","가르쳐 주십시오. (룬 제작)","","False","DIA_Pyrokar_SPELLS.description","",""
"Scripts/Content/Story/Dialoge/DIA_KDF_500_Pyrokar.d:839","Unterweise mich.","가르쳐 주십시오.","","False","DIA_Pyrokar_SPELLS_15_00","",""
"Scripts/Content/Story/Dialoge/DIA_KDF_500_Pyrokar.d:870","Es gibt nichts mehr, das ich dir beibringen könnte.","네게 더 이상 가르쳐줄 것은 없다.","","False","DIA_Pyrokar_SPELLS_11_01","",""
"Scripts/Content/Story/Dialoge/DIA_KDF_500_Pyrokar.d:908","Parlan schickt mich...","파를란이 보냈습니다...","","False","DIA_Pyrokar_Parlan.description","",""
"Scripts/Content/Story/Dialoge/DIA_KDF_500_Pyrokar.d:924","Parlan schickt mich. Ich will meine magische Kraft steigern.","파를란이 보냈습니다. 마력을 높이고 싶습니다.","","False","DIA_Pyrokar_Parlan_15_00","",""
"Scripts/Content/Story/Dialoge/DIA_KDF_500_Pyrokar.d:925","Nun, du hast viel gelernt und deine Kraft ist gewachsen. Von nun an sollst du von mir lernen.","음, 너는 많은 것을 배웠고 네 힘도 강해졌구나. 이제부터는 내게서 배우도록 해라.","","False","DIA_Pyrokar_Parlan_11_01","",""
"Scripts/Content/Story/Dialoge/DIA_KDF_500_Pyrokar.d:938","Ich will meine magische Kraft steigern.","마력을 높이고 싶습니다.","","False","DIA_Pyrokar_TEACH_MANA.description","",""
"Scripts/Content/Story/Dialoge/DIA_KDF_500_Pyrokar.d:954","Ich will meine magische Kraft steigern.","마력을 높이고 싶습니다.","","False","DIA_Pyrokar_TEACH_MANA_15_00","",""
"Scripts/Content/Story/Dialoge/DIA_KDF_500_Pyrokar.d:966","Ich spüre, dass die magische Kraft dich ganz und gar durchströmt. Selbst ich kann dir nicht zeigen, wie du sie noch steigern kannst.","마력이 너를 온전히 감싸고 있는 것이 느껴진다. 나조차도 네가 그것을 더 높이는 법을 가르쳐줄 수가 없구나.","","False","DIA_Pyrokar_TEACH_MANA_11_00","",""
"Scripts/Content/Story/Dialoge/DIA_KDF_500_Pyrokar.d:1002","(Segen)","(축복)","","False","DIA_Pyrokar_PERM.description","",""
"Scripts/Content/Story/Dialoge/DIA_KDF_500_Pyrokar.d:1017","Segne mich, Meister.","저를 축복해주십시오, 스승님.","","False","DIA_Pyrokar_PERM_15_00","",""
"Scripts/Content/Story/Dialoge/DIA_KDF_500_Pyrokar.d:1021","Wie wär's mit 'n bisschen Segen. Ich könnt's gebrauchen.","축복 좀 내려주시면 안 됩니까? 지금 절실하거든요.","","False","DIA_Pyrokar_PERM_15_01","",""
"Scripts/Content/Story/Dialoge/DIA_KDF_500_Pyrokar.d:1027","Möge dein letzter Kampf gegen unseren Erzfeind von Erfolg gekrönt sein. Innos sei mit dir.","우리의 숙적에 맞서는 네 마지막 전투가 성공으로 끝맺기를. 이노스께서 함께하시기를.","","False","DIA_Pyrokar_PERM_11_02","",""
"Scripts/Content/Story/Dialoge/DIA_KDF_500_Pyrokar.d:1031","Möge Innos sein zwischen dir und dem Leid auf allen gottlosen Pfaden, die du beschreiten wirst.","네가 걸어갈 모든 불경한 길 위에서, 고통과 너 사이에 이노스께서 함께하시기를.","","False","DIA_Pyrokar_PERM_11_03","",""
"Scripts/Content/Story/Dialoge/DIA_KDF_500_Pyrokar.d:1078","Ich komme aus dem alten Minental.","오래된 광산 계곡에서 왔습니다.","","False","DIA_Pyrokar_BACKFROMOW.description","",""
"Scripts/Content/Story/Dialoge/DIA_KDF_500_Pyrokar.d:1091","Ich komme aus dem alten Minental.","오래된 광산 계곡에서 왔습니다.","","False","DIA_Pyrokar_BACKFROMOW_15_00","",""
"Scripts/Content/Story/Dialoge/DIA_KDF_500_Pyrokar.d:1092","Was hast du zu berichten?","무슨 소식이라도 있나?","","False","DIA_Pyrokar_BACKFROMOW_11_01","",""
"Scripts/Content/Story/Dialoge/DIA_KDF_500_Pyrokar.d:1093","Der Feind hat sich dort formiert und wartet mit einer Armee von Orks und Drachen auf.","적들이 그곳에 결집하여 오크와 드래곤 군대를 이끌고 대기하고 있습니다.","","False","DIA_Pyrokar_BACKFROMOW_15_02","",""
"Scripts/Content/Story/Dialoge/DIA_KDF_500_Pyrokar.d:1094","Das ist uns schon von Milten mitgeteilt worden, aber wie steht es um die Erzlieferung des Königs?","그건 이미 밀튼에게 들었다만, 왕의 광석 공물은 어떻게 되었나?","","False","DIA_Pyrokar_BACKFROMOW_11_03","",""
"Scripts/Content/Story/Dialoge/DIA_KDF_500_Pyrokar.d:1095","Die Mine, die Garond im Tal ausheben lässt, wird den Bedarf des Königs nicht decken.","가론드가 계곡에서 파내게 하고 있는 광산으로는 왕의 수요를 충족시킬 수 없습니다.","","False","DIA_Pyrokar_BACKFROMOW_15_04","",""
"Scripts/Content/Story/Dialoge/DIA_KDF_500_Pyrokar.d:1096","Die Tage werden grauer und das Licht der Sonne immer schwächer.","날은 갈수록 우중충해지고 태양 빛은 점점 약해지고 있소.","","False","DIA_Pyrokar_BACKFROMOW_11_05","",""
"Scripts/Content/Story/Dialoge/DIA_KDF_500_Pyrokar.d:1097","Ich bin von Männern in schwarzen Roben angegriffen worden.","검은 로브를 입은 자들에게 습격을 받았습니다.","","False","DIA_Pyrokar_BACKFROMOW_15_06","",""
"Scripts/Content/Story/Dialoge/DIA_KDF_500_Pyrokar.d:1098","Ich weiß. Das sind die Suchenden. Schergen der Unterwelt Beliars. Nimm dich vor ihnen in Acht. Sie werden versuchen, von dir Besitz zu ergreifen.","알고 있다. 그들은 시커들이야. 벨리알의 지하 세계에서 온 하수인들이지. 조심해라. 그들은 너를 지배하려 들 것이다.","","False","DIA_Pyrokar_BACKFROMOW_11_07","",""
"Scripts/Content/Story/Dialoge/DIA_KDF_500_Pyrokar.d:1099","Bist du erst einmal besessen, bist du nicht mehr du selbst. Dann kann dir nur noch hier im Kloster geholfen werden. Also sei vorsichtig.","일단 지배당하고 나면 너는 네 자신이 아니게 된다. 그때는 오직 수도원에 와야만 도움을 받을 수 있지. 그러니 조심하도록 해라.","","False","DIA_Pyrokar_BACKFROMOW_11_08","",""
"Scripts/Content/Story/Dialoge/DIA_KDF_500_Pyrokar.d:1111","Ich habe Karras darauf angesetzt, sich mit der Materie zu befassen. In Kürze wird er sicherlich mehr Erkenntnisse gewonnen haben, die uns weiter bringen.","카라스에게 이 문제를 조사하라고 일러두었다. 곧 우리에게 도움이 될 만한 더 많은 사실을 알아내겠지.","","False","DIA_Pyrokar_BACKFROMOW_11_09","",""
"Scripts/Content/Story/Dialoge/DIA_KDF_500_Pyrokar.d:1116","Hier - diese Rune wird dich direkt zum Kloster zurückbringen, wenn du unserer Hilfe bedarfst.","자, 이 룬은 우리의 도움이 필요할 때 곧바로 수도원으로 데려다줄 것이다.","","False","DIA_Pyrokar_Add_11_00","",""
"Scripts/Content/Story/Dialoge/DIA_KDF_500_Pyrokar.d:1119","Denk daran, wir müssen Widerstand leisten, sonst sind wir alle dem Untergang geweiht.","명심해라, 우리는 저항해야 한다. 그렇지 않으면 우리 모두 파멸할 것이다.","","False","DIA_Pyrokar_BACKFROMOW_11_10","",""
"Scripts/Content/Story/Dialoge/DIA_KDF_500_Pyrokar.d:1131","Ich bin gekommen, das Auge Innos' an mich zu nehmen.","이노스의 눈을 가지러 왔습니다.","","False","DIA_Pyrokar_GIVEINNOSEYE.description","",""
"Scripts/Content/Story/Dialoge/DIA_KDF_500_Pyrokar.d:1145","Ich bin gekommen, das Auge Innos' an mich zu nehmen.","이노스의 눈을 가지러 왔습니다.","","False","DIA_Pyrokar_GIVEINNOSEYE_15_00","",""
"Scripts/Content/Story/Dialoge/DIA_KDF_500_Pyrokar.d:1148","Ich sehe, du hast eine Ermächtigung von Lord Hagen persönlich erhalten, das Auge Innos' zu tragen.","헤이건 경 본인으로부터 이노스의 눈을 착용해도 좋다는 허가를 받아왔군.","","False","DIA_Pyrokar_GIVEINNOSEYE_11_01","",""
"Scripts/Content/Story/Dialoge/DIA_KDF_500_Pyrokar.d:1149","Ich fürchte, ich muss dich enttäuschen. Wir sind einer heimtückischen List des Feindes zum Opfer gefallen.","유감이지만 실망을 안겨주게 되었군요. 우리는 적의 교활한 계략에 희생되고 말았습니다.","","False","DIA_Pyrokar_GIVEINNOSEYE_11_02","",""
"Scripts/Content/Story/Dialoge/DIA_KDF_500_Pyrokar.d:1150","Das Auge Innos' ist aus diesen heiligen Mauern gewaltsam entwendet worden.","이노스의 눈이 이 신성한 성벽 안에서 강제로 도둑맞았습니다.","","False","DIA_Pyrokar_GIVEINNOSEYE_11_03","",""
"Scripts/Content/Story/Dialoge/DIA_KDF_500_Pyrokar.d:1154","Wer konnte so vermessen sein, Meister?","감히 누가 그런 짓을 벌인단 말입니까, 스승님?","","False","DIA_Pyrokar_GIVEINNOSEYE_Info.DIA_Pyrokar_GIVEINNOSEYE_wer_1","","format!<DIA_Pyrokar_GIVEINNOSEYE_Info.DIA_Pyrokar_GIVEINNOSEYE_wer_1>()"
"Scripts/Content/Story/Dialoge/DIA_KDF_500_Pyrokar.d:1158","Wer hat das getan?","누가 그랬습니까?","","False","DIA_Pyrokar_GIVEINNOSEYE_Info.DIA_Pyrokar_GIVEINNOSEYE_wer_2","","format!<DIA_Pyrokar_GIVEINNOSEYE_Info.DIA_Pyrokar_GIVEINNOSEYE_wer_2>()"
"Scripts/Content/Story/Dialoge/DIA_KDF_500_Pyrokar.d:1166","Wer konnte so vermessen sein, Meister?","감히 누가 그런 짓을 벌인단 말입니까, 스승님?","","False","DIA_Pyrokar_GIVEINNOSEYE_wer_15_00","",""
"Scripts/Content/Story/Dialoge/DIA_KDF_500_Pyrokar.d:1170","Wer hat das getan?","누가 그랬습니까?","","False","DIA_Pyrokar_GIVEINNOSEYE_wer_15_01","",""
"Scripts/Content/Story/Dialoge/DIA_KDF_500_Pyrokar.d:1173","Das Böse ist gerissen und wirkt meist im Verborgenen. Nur selten sieht man es ans Tageslicht kommen, um seine bösen Machenschaften zu verrichten.","악은 교활하며 대개 은밀하게 움직인다. 사악한 음모를 꾸미기 위해 대낮에 모습을 드러내는 경우는 드물지.","","False","DIA_Pyrokar_GIVEINNOSEYE_wer_11_02","",""
"Scripts/Content/Story/Dialoge/DIA_KDF_500_Pyrokar.d:1174","Doch in diesen Tagen ist das anders. Der Feind zeigt sich offen auf der Straße, in jedem Heim und auf jedem öffentlichen Platz.","하지만 요즘은 그렇지 않다. 적들은 거리와 모든 가정, 공공장소에 공공연히 모습을 드러내고 있어.","","False","DIA_Pyrokar_GIVEINNOSEYE_wer_11_03","",""
"Scripts/Content/Story/Dialoge/DIA_KDF_500_Pyrokar.d:1175","Das kann nur bedeuten, dass er keinen Gegner mehr fürchtet und vor nichts mehr zurückschrecken wird.","이것은 그들이 더 이상 두려워하는 상대가 없으며, 그 어떤 것도 망설이지 않으리라는 것을 뜻할 뿐이다.","","False","DIA_Pyrokar_GIVEINNOSEYE_wer_11_04","",""
"Scripts/Content/Story/Dialoge/DIA_KDF_500_Pyrokar.d:1176","Einer unserer treuesten Anhänger und Anwärter auf die hohe Robe der Feuermagier ist unerwartet und auf erschreckend bösartige Weise übergelaufen. Pedro.","우리의 가장 충실한 신도이자 불의 마법사의 고위 로브 후보였던 자가 예기치 않게 끔찍하고 사악한 방식으로 변절하고 말았다. 페드로가 말이다.","","False","DIA_Pyrokar_GIVEINNOSEYE_wer_11_05","",""
"Scripts/Content/Story/Dialoge/DIA_KDF_500_Pyrokar.d:1177","Der Feind hat sich seiner bemächtigt und uns damit eine verheerende Niederlage zugefügt.","적들이 그를 장악했고, 그리하여 우리에게 뼈아픈 패배를 안겨주었다.","","False","DIA_Pyrokar_GIVEINNOSEYE_wer_11_06","",""
"Scripts/Content/Story/Dialoge/DIA_KDF_500_Pyrokar.d:1178","Pedro hat sich gewaltsam Zugang zu unseren allerheiligsten Hallen verschafft und hat das Auge gestohlen.","페드로는 무력을 써서 우리의 가장 신성한 전당에 침입해 눈을 훔쳐갔다.","","False","DIA_Pyrokar_GIVEINNOSEYE_wer_11_07","",""
"Scripts/Content/Story/Dialoge/DIA_KDF_500_Pyrokar.d:1179","Ich fürchte, er war einfach zu lange alleine draußen vor den Toren und somit außerhalb der schützenden Klostermauern allen lauernden Gefahren ausgeliefert.","내 생각엔 그가 성문 밖 홀로 너무 오래 머물렀던 탓에, 수도원의 보호막을 벗어나 도사리는 모든 위험에 노출되었던 모양이다.","","False","DIA_Pyrokar_GIVEINNOSEYE_wer_11_08","",""
"Scripts/Content/Story/Dialoge/DIA_KDF_500_Pyrokar.d:1197","Wohin ist der Dieb geflohen?","도둑은 어디로 도망쳤습니까?","","False","DIA_Pyrokar_NOVIZENCHASE.description","",""
"Scripts/Content/Story/Dialoge/DIA_KDF_500_Pyrokar.d:1211","Wohin ist der Dieb geflohen?","도둑은 어디로 도망쳤습니까?","","False","DIA_Pyrokar_NOVIZENCHASE_15_00","",""
"Scripts/Content/Story/Dialoge/DIA_KDF_500_Pyrokar.d:1212","Pedro schlug einige der anderen Novizen nieder, die versuchten, ihn aufzuhalten, und verschwand im Morgennebel.","페드로는 그를 막으려던 다른 수련생 몇을 때려눕히고 아침 안개 속으로 사라졌다.","","False","DIA_Pyrokar_NOVIZENCHASE_11_01","",""
"Scripts/Content/Story/Dialoge/DIA_KDF_500_Pyrokar.d:1213","Viele Novizen sind ihm gefolgt, um das Auge unbeschadet wieder an seinen Platz zu bringen.","많은 수련생들이 눈을 무사히 원래 자리에 되돌려놓기 위해 그 뒤를 쫓아갔다.","","False","DIA_Pyrokar_NOVIZENCHASE_11_02","",""
"Scripts/Content/Story/Dialoge/DIA_KDF_500_Pyrokar.d:1214","Wenn du sie noch einholen willst, dann musst du dich beeilen, bevor Pedro für dich unerreichbar wird.","그들을 따라잡고 싶다면, 페드로가 네 손이 닿지 않는 곳으로 사라지기 전에 서둘러야 할 것이다.","","False","DIA_Pyrokar_NOVIZENCHASE_11_03","",""
"Scripts/Content/Story/Dialoge/DIA_KDF_500_Pyrokar.d:1228","Ich habe das Auge Innos' gefunden.","이노스의 눈을 찾았습니다.","","False","DIA_Pyrokar_FOUNDINNOSEYE.description","",""
"Scripts/Content/Story/Dialoge/DIA_KDF_500_Pyrokar.d:1243","Ich habe das Auge Innos' gefunden. Es ist zerbrochen.","이노스의 눈을 찾았습니다. 박살이 났더군요.","","False","DIA_Pyrokar_FOUNDINNOSEYE_15_00","",""
"Scripts/Content/Story/Dialoge/DIA_KDF_500_Pyrokar.d:1244","Aber ... das kann nicht sein. Was ist passiert?","하지만... 그럴 리가 없다. 무슨 일이 있었던 거지?","","False","DIA_Pyrokar_FOUNDINNOSEYE_11_01","",""
"Scripts/Content/Story/Dialoge/DIA_KDF_500_Pyrokar.d:1245","Es war bei einigen echt miesen Kerlen. Jedoch kam ich zu spät.","아주 고약한 녀석들이 가지고 있었습니다. 하지만 제가 너무 늦게 도착했어요.","","False","DIA_Pyrokar_FOUNDINNOSEYE_15_02","",""
"Scripts/Content/Story/Dialoge/DIA_KDF_500_Pyrokar.d:1246","Sie hielten dort oben in den Wäldern eine seltsame Beschwörung auf einem sichelförmigen Ritualplatz ab.","그들은 저 위 숲속의 초승달 모양 제단에서 이상한 주문을 외우고 있었습니다.","","False","DIA_Pyrokar_FOUNDINNOSEYE_15_03","",""
"Scripts/Content/Story/Dialoge/DIA_KDF_500_Pyrokar.d:1247","Innos steh uns bei. Sie haben unseren Sonnenkreis entweiht.","이노스여 굽어살피소서. 그들이 우리의 태양의 원형을 더럽혔구나.","","False","DIA_Pyrokar_FOUNDINNOSEYE_11_04","",""
"Scripts/Content/Story/Dialoge/DIA_KDF_500_Pyrokar.d:1248","Selbst in meinen schlimmsten Träumen hätte ich nicht damit gerechnet, dass sie solch eine Macht besitzen.","가장 끔찍한 악몽 속에서도 그들이 이토록 엄청난 힘을 지니고 있으리라고는 상상조차 하지 못했다.","","False","DIA_Pyrokar_FOUNDINNOSEYE_11_05","",""
"Scripts/Content/Story/Dialoge/DIA_KDF_500_Pyrokar.d:1255","Was können wir tun?","우리가 무엇을 할 수 있습니까?","","False","DIA_Pyrokar_FOUNDINNOSEYE_Info.DIA_Pyrokar_FOUNDINNOSEYE.DIA_Pyrokar_FOUNDINNOSEYE_was","Info_AddChoice",""
"Scripts/Content/Story/Dialoge/DIA_KDF_500_Pyrokar.d:1260","Was können wir tun?","우리가 무엇을 할 수 있습니까?","","False","DIA_Pyrokar_FOUNDINNOSEYE_was_15_00","",""
"Scripts/Content/Story/Dialoge/DIA_KDF_500_Pyrokar.d:1261","Der Feind ist sehr stark geworden. Jedoch hat er in diesem alten Artefakt eine mächtige Bedrohung gesehen.","적은 매우 강해졌다. 하지만 그들은 이 고대 유물에서 강력한 위협을 느꼈던 거야.","","False","DIA_Pyrokar_FOUNDINNOSEYE_was_11_01","",""
"Scripts/Content/Story/Dialoge/DIA_KDF_500_Pyrokar.d:1262","Wir müssen das Auge heilen und ihm seine alte Kraft zurück geben. Doch die Zeit ist gegen uns.","우리는 눈을 치유하여 예전의 힘을 되찾아주어야 한다. 하지만 시간은 우리 편이 아니야.","","False","DIA_Pyrokar_FOUNDINNOSEYE_was_11_02","",""
"Scripts/Content/Story/Dialoge/DIA_KDF_500_Pyrokar.d:1263","Ich vermag mir nicht auszumalen, was nun mit uns allen geschehen wird. Ohne den Schutz des Auges sind wir dem Feind hilflos ausgeliefert.","이제 우리 모두에게 무슨 일이 닥칠지 상상조차 할 수 없구나. 눈의 보호가 없다면 우리는 적의 자비에 속수무책으로 노출될 뿐이다.","","False","DIA_Pyrokar_FOUNDINNOSEYE_was_11_03","",""
"Scripts/Content/Story/Dialoge/DIA_KDF_500_Pyrokar.d:1264","Gehe zu Vatras, dem Wassermagier in der Stadt. Nur er weiß in unserer misslichen Lage, was zu tun ist. Bringe das Auge zu ihm, beeile dich.","도시에 있는 물의 마법사 바트라스에게 가거라. 이 진퇴양난의 상황에서 무엇을 해야 할지 아는 이는 그뿐이다. 눈을 그에게 가져가거라, 서둘러라.","","False","DIA_Pyrokar_FOUNDINNOSEYE_was_11_04","",""
"Scripts/Content/Story/Dialoge/DIA_KDF_500_Pyrokar.d:1269","Warum gerade Vatras?","하필 왜 바트라스입니까?","","False","DIA_Pyrokar_FOUNDINNOSEYE_was.DIA_Pyrokar_FOUNDINNOSEYE.DIA_Pyrokar_FOUNDINNOSEYE_was_vatras","Info_AddChoice",""
"Scripts/Content/Story/Dialoge/DIA_KDF_500_Pyrokar.d:1272","Was ist der Sonnenkreis?","태양의 원형이란 무엇입니까?","","False","DIA_Pyrokar_FOUNDINNOSEYE_was.DIA_Pyrokar_FOUNDINNOSEYE.DIA_Pyrokar_FOUNDINNOSEYE_sonnenkreis","Info_AddChoice",""
"Scripts/Content/Story/Dialoge/DIA_KDF_500_Pyrokar.d:1281","Warum gerade Vatras?","하필 왜 바트라스입니까?","","False","DIA_Pyrokar_FOUNDINNOSEYE_was_vatras_15_00","",""
"Scripts/Content/Story/Dialoge/DIA_KDF_500_Pyrokar.d:1282","Das Privileg der Robe ermächtigt dich nicht, meine Anweisungen in Frage zu stellen, Bruder.","로브가 주는 특권이 내 지시를 의문시할 권리까지 주지는 않는다, 형제여.","","False","DIA_Pyrokar_FOUNDINNOSEYE_was_vatras_11_01","",""
"Scripts/Content/Story/Dialoge/DIA_KDF_500_Pyrokar.d:1283","Vatras ist ein Diener Adanos'. Allein das Wissen der Wassermagier wird uns in dieser dunklen Stunde Klarheit verschaffen.","바트라스는 아다노스의 하인이다. 이 어두운 시간에 우리에게 명확한 답을 줄 수 있는 것은 오직 물의 마법사들의 지식뿐이다.","","False","DIA_Pyrokar_FOUNDINNOSEYE_was_vatras_11_02","",""
"Scripts/Content/Story/Dialoge/DIA_KDF_500_Pyrokar.d:1284","Das ist alles, was du wissen musst.","네가 알아야 할 것은 그게 다다.","","False","DIA_Pyrokar_FOUNDINNOSEYE_was_vatras_11_03","",""
"Scripts/Content/Story/Dialoge/DIA_KDF_500_Pyrokar.d:1289","Was ist der Sonnenkreis?","태양의 원형이란 무엇입니까?","","False","DIA_Pyrokar_FOUNDINNOSEYE_sonnenkreis_15_00","",""
"Scripts/Content/Story/Dialoge/DIA_KDF_500_Pyrokar.d:1290","Zu jenem Ort reisen alle Magier und Novizen des Klosters jedes Jahr zur Sonnenwende, um den Beginn eines neuen Zyklus einzuläuten.","매년 동지 때가 되면 수도원의 모든 마법사와 수련생들이 새로운 주기의 시작을 알리기 위해 그곳으로 향한다.","","False","DIA_Pyrokar_FOUNDINNOSEYE_sonnenkreis_11_01","",""
"Scripts/Content/Story/Dialoge/DIA_KDF_500_Pyrokar.d:1291","Der Ort ist erfüllt von der unermesslichen Kraft der Sonne.","그 장소는 태양의 헤아릴 수 없는 힘으로 가득 차 있지.","","False","DIA_Pyrokar_FOUNDINNOSEYE_sonnenkreis_11_02","",""
"Scripts/Content/Story/Dialoge/DIA_KDF_500_Pyrokar.d:1292","Niemals hätte ich auch nur im entferntesten geahnt, dass seine Macht hätte umgekehrt werden können. Und doch ist es geschehen.","그 힘이 뒤집힐 수 있으리라고는 꿈에도 상상하지 못했다. 그런데 그런 일이 벌어지고야 말았어.","","False","DIA_Pyrokar_FOUNDINNOSEYE_sonnenkreis_11_03","",""
"Scripts/Content/Story/Dialoge/DIA_KDF_500_Pyrokar.d:1309","Ich habe mit Vatras gesprochen.","바트라스와 얘기를 나누었습니다.","","False","DIA_Pyrokar_SPOKETOVATRAS.description","",""
"Scripts/Content/Story/Dialoge/DIA_KDF_500_Pyrokar.d:1323","Ich habe mit Vatras gesprochen.","바트라스와 얘기를 나누었습니다.","","False","DIA_Pyrokar_SPOKETOVATRAS_15_00","",""
"Scripts/Content/Story/Dialoge/DIA_KDF_500_Pyrokar.d:1324","Ah, gut. Wo ist er?","아, 그래. 그 자는 어디 있나?","","False","DIA_Pyrokar_SPOKETOVATRAS_11_01","",""
"Scripts/Content/Story/Dialoge/DIA_KDF_500_Pyrokar.d:1325","Er bereitet ein Ritual am Sonnenkreis vor, um das Auge Innos' zu heilen.","이노스의 눈을 치유하기 위해 태양의 원형에서 의식을 준비하고 있습니다.","","False","DIA_Pyrokar_SPOKETOVATRAS_15_02","",""
"Scripts/Content/Story/Dialoge/DIA_KDF_500_Pyrokar.d:1326","Wenn das wahr ist, dann gibt es vielleicht doch noch Hoffnung.","그게 사실이라면, 우리에게도 아직 희망이 있을지도 모르겠군.","","False","DIA_Pyrokar_SPOKETOVATRAS_11_03","",""
"Scripts/Content/Story/Dialoge/DIA_KDF_500_Pyrokar.d:1327","Vatras möchte, dass Xardas und du ihm dabei helfen.","바트라스는 자다스와 당신이 그를 도와주기를 원합니다.","","False","DIA_Pyrokar_SPOKETOVATRAS_15_04","",""
"Scripts/Content/Story/Dialoge/DIA_KDF_500_Pyrokar.d:1328","WAS? Xardas wird auch da sein? Das ist doch nicht dein Ernst.","뭐라고? 자다스도 거기에 있겠단 말인가? 농담이 과하군.","","False","DIA_Pyrokar_SPOKETOVATRAS_11_05","",""
"Scripts/Content/Story/Dialoge/DIA_KDF_500_Pyrokar.d:1329","Hey. Das war nicht meine Entscheidung. Vatras besteht darauf.","저기요. 제 결정이 아닙니다. 바트라스가 고집을 부리는 거예요.","","False","DIA_Pyrokar_SPOKETOVATRAS_15_06","",""
"Scripts/Content/Story/Dialoge/DIA_KDF_500_Pyrokar.d:1330","Immer wieder dieser Xardas. Ich kann es nicht mehr hören. Es kann ja fast gar nicht mehr schlimmer werden.","또 자다스라니. 지긋지긋하군. 이보다 더 나빠질 수도 없을 거다.","","False","DIA_Pyrokar_SPOKETOVATRAS_11_07","",""
"Scripts/Content/Story/Dialoge/DIA_KDF_500_Pyrokar.d:1331","Wer sagt mir denn, dass Xardas nicht mit dem Feind unter einer Decke steckt?","자다스가 적과 한통속이 아니라고 누가 장담할 수 있겠나?","","False","DIA_Pyrokar_SPOKETOVATRAS_11_08","",""
"Scripts/Content/Story/Dialoge/DIA_KDF_500_Pyrokar.d:1332","Ich kann Xardas nicht vertrauen, ganz egal, wie sehr wir ihn auch brauchen.","우리가 그를 얼마나 필요로 하든 상관없이, 난 자다스를 믿을 수 없다.","","False","DIA_Pyrokar_SPOKETOVATRAS_11_09","",""
"Scripts/Content/Story/Dialoge/DIA_KDF_500_Pyrokar.d:1333","Es tut mir Leid, aber unter diesen Umständen kann ich Vatras nicht helfen.","미안하지만 이런 상황에서는 바트라스를 도울 수 없다.","","False","DIA_Pyrokar_SPOKETOVATRAS_11_10","",""
"Scripts/Content/Story/Dialoge/DIA_KDF_500_Pyrokar.d:1346","Ohne dich geht es nicht.","당신 없이는 안 됩니다.","","False","DIA_Pyrokar_XARDASVERTRAUEN.description","",""
"Scripts/Content/Story/Dialoge/DIA_KDF_500_Pyrokar.d:1360","Ohne dich geht es nicht. Vatras kann das Ritual sonst nicht durchführen.","당신 없이는 안 됩니다. 그렇지 않으면 바트라스가 의식을 치를 수 없어요.","","False","DIA_Pyrokar_XARDASVERTRAUEN_15_00","",""
"Scripts/Content/Story/Dialoge/DIA_KDF_500_Pyrokar.d:1361","Du wirst Xardas vertrauen müssen.","자다스를 믿으셔야 합니다.","","False","DIA_Pyrokar_XARDASVERTRAUEN_15_01","",""
"Scripts/Content/Story/Dialoge/DIA_KDF_500_Pyrokar.d:1362","Ich muss gar nichts, hörst du? Ich habe nicht den geringsten Beweis dafür, dass Xardas nicht gegen uns arbeitet. Ich kann das nicht tun.","내가 왜 그래야 하지, 듣고 있나? 자다스가 우리를 적대하지 않는다는 사소한 증거조차 없단 말이다. 난 할 수 없어.","","False","DIA_Pyrokar_XARDASVERTRAUEN_11_02","",""
"Scripts/Content/Story/Dialoge/DIA_KDF_500_Pyrokar.d:1363","Was wäre, wenn ich dir diesen Beweis liefern könnte?","제가 그 증거를 가져다드릴 수 있다면 어떻겠습니까?","","False","DIA_Pyrokar_XARDASVERTRAUEN_15_03","",""
"Scripts/Content/Story/Dialoge/DIA_KDF_500_Pyrokar.d:1364","Ich fürchte, das ist unmöglich. Es müsste mich schon sehr beeindrucken.","불가능할 걸. 내 마음을 움직이려면 엄청난 것이어야 할 거야.","","False","DIA_Pyrokar_XARDASVERTRAUEN_11_04","",""
"Scripts/Content/Story/Dialoge/DIA_KDF_500_Pyrokar.d:1365","Was Xardas angeht, habe ich meine Zweifel, ob es ihm überhaupt noch gelingen wird, mich zu beeindrucken.","자다스에 관해서라면, 그가 내 감탄을 자아낼 수 있을지조차 의문이군.","","False","DIA_Pyrokar_XARDASVERTRAUEN_11_05","",""
"Scripts/Content/Story/Dialoge/DIA_KDF_500_Pyrokar.d:1381","Ich habe von Xardas dieses Buch mitgebracht.","자다스에게서 이 책을 가져왔습니다.","","False","DIA_Pyrokar_BUCHZURUECK.description","",""
"Scripts/Content/Story/Dialoge/DIA_KDF_500_Pyrokar.d:1395","Ich habe von Xardas dieses Buch mitgebracht.","자다스에게서 이 책을 가져왔습니다.","","False","DIA_Pyrokar_BUCHZURUECK_15_00","",""
"Scripts/Content/Story/Dialoge/DIA_KDF_500_Pyrokar.d:1396","Es ist ein Zeichen seines Vertrauens.","그가 신뢰한다는 증거입니다.","","False","DIA_Pyrokar_BUCHZURUECK_15_01","",""
"Scripts/Content/Story/Dialoge/DIA_KDF_500_Pyrokar.d:1397","Zeig her.","어디 보자.","","False","DIA_Pyrokar_BUCHZURUECK_11_02","",""
"Scripts/Content/Story/Dialoge/DIA_KDF_500_Pyrokar.d:1400","(erstaunt) Das ist ja unglaublich. Hast du auch nur im geringsten eine Ahnung, was du mir da gerade gegeben hast?","(놀라며) 믿을 수가 없군. 네가 지금 내게 건넨 게 뭔지 조금이라도 알고는 있나?","","False","DIA_Pyrokar_BUCHZURUECK_11_03","",""
"Scripts/Content/Story/Dialoge/DIA_KDF_500_Pyrokar.d:1401","Äh. Nein.","어. 아니요.","","False","DIA_Pyrokar_BUCHZURUECK_15_04","",""
"Scripts/Content/Story/Dialoge/DIA_KDF_500_Pyrokar.d:1402","(verärgert) Das ist ein uraltes verschollenes Werk aus längst vergangenen Tagen.","(화내며) 이건 까마득한 옛날에 사라진 고대의 저서란 말이다.","","False","DIA_Pyrokar_BUCHZURUECK_11_05","",""
"Scripts/Content/Story/Dialoge/DIA_KDF_500_Pyrokar.d:1403","Wir haben es alle für verloren gehalten und nun erfahre ich, dass Xardas immer gewusst hat, wo es war.","우리 모두 영영 잃어버린 줄 알았는데, 자다스는 그게 어디 있는지 줄곧 알고 있었다니.","","False","DIA_Pyrokar_BUCHZURUECK_11_06","",""
"Scripts/Content/Story/Dialoge/DIA_KDF_500_Pyrokar.d:1404","Wirst du nun zum Ritual erscheinen?","이제 의식에 참석하실 겁니까?","","False","DIA_Pyrokar_BUCHZURUECK_15_07","",""
"Scripts/Content/Story/Dialoge/DIA_KDF_500_Pyrokar.d:1405","Ja, ich werde zum Sonnenkreis aufbrechen, aber sicher nicht, weil ich von Xardas' guten Absichten überzeugt bin.","그래, 태양의 원형으로 떠나마. 하지만 자다스의 선의를 확신해서가 결코 아니다.","","False","DIA_Pyrokar_BUCHZURUECK_11_08","",""
"Scripts/Content/Story/Dialoge/DIA_KDF_500_Pyrokar.d:1406","Vielmehr werde ich diesen Hund zur Rede stellen, wo er das Buch all die Jahre versteckt gehalten hat. Es hat eindeutig den Bogen überspannt.","오히려 이 녀석이 그 책을 수년 동안 어디에 숨겨두었는지 따져묻기 위해서다. 이번 만큼은 선을 아주 심하게 넘었어.","","False","DIA_Pyrokar_BUCHZURUECK_11_09","",""
"Scripts/Content/Story/Dialoge/DIA_KDF_500_Pyrokar.d:1407","Wir sehen uns am Sonnenkreis.","태양의 원형에서 보세.","","False","DIA_Pyrokar_BUCHZURUECK_11_10","",""
"Scripts/Content/Story/Dialoge/DIA_KDF_500_Pyrokar.d:1426","Glaubst du, ihr werdet das Auge wieder hinkriegen?","눈을 다시 고칠 수 있을 거라고 보십니까?","","False","DIA_Pyrokar_PRERITUAL.description","",""
"Scripts/Content/Story/Dialoge/DIA_KDF_500_Pyrokar.d:1441","Glaubst du, ihr werdet das Auge wieder hinkriegen?","눈을 다시 고칠 수 있을 거라고 보십니까?","","False","DIA_Pyrokar_PRERITUAL_15_00","",""
"Scripts/Content/Story/Dialoge/DIA_KDF_500_Pyrokar.d:1442","Schwer zu sagen. Warten wir es ab.","말하기 어렵군. 기다려 보세.","","False","DIA_Pyrokar_PRERITUAL_11_01","",""
"Scripts/Content/Story/Dialoge/DIA_KDF_500_Pyrokar.d:1454","Ihr habt es geschafft. Das Auge Innos' ist geheilt.","해내셨군요. 이노스의 눈이 치유되었습니다.","","False","DIA_Pyrokar_AUGEGEHEILT.description","",""
"Scripts/Content/Story/Dialoge/DIA_KDF_500_Pyrokar.d:1468","Ihr habt es geschafft. Das Auge Innos' ist geheilt.","해내셨군요. 이노스의 눈이 치유되었습니다.","","False","DIA_Pyrokar_AUGEGEHEILT_15_00","",""
"Scripts/Content/Story/Dialoge/DIA_KDF_500_Pyrokar.d:1469","Ich hätte es fast nicht für möglich gehalten.","거의 불가능할 거라 생각했는데.","","False","DIA_Pyrokar_AUGEGEHEILT_11_01","",""
"Scripts/Content/Story/Dialoge/DIA_KDF_500_Pyrokar.d:1473","Ja, Meister.","네, 스승님.","","False","DIA_Pyrokar_AUGEGEHEILT_15_02","",""
"Scripts/Content/Story/Dialoge/DIA_KDF_500_Pyrokar.d:1474","Du hast mehrfach bewiesen, dass du bereit für den hohen Orden der Feuermagier bist.","너는 불의 마법사단의 고위 서열에 들어갈 준비가 되었음을 여러 차례 증명했다.","","False","DIA_Pyrokar_AUGEGEHEILT_11_03","",""
"Scripts/Content/Story/Dialoge/DIA_KDF_500_Pyrokar.d:1475","Mit dem heutigen Tage bist du ein Mitglied des Rates und wirst unseren Orden in der Welt vertreten. Du bist nun hoher Feuermagier.","오늘부로 너는 평의회의 일원이 되어 세상에서 우리 마법사단을 대표하게 된다. 이제 너는 고위 불의 마법사다.","","False","DIA_Pyrokar_AUGEGEHEILT_11_04","",""
"Scripts/Content/Story/Dialoge/DIA_KDF_500_Pyrokar.d:1476","Trage die hohe Robe mit Würde und bringe dem Orden Ehre und Wohlstand, mein Bruder.","고위 로브를 품위 있게 입고, 우리 마법사단에 명예와 번영을 가져다주거라, 형제여.","","False","DIA_Pyrokar_AUGEGEHEILT_11_05","",""
"Scripts/Content/Story/Dialoge/DIA_KDF_500_Pyrokar.d:1494","Was bleibt mir hier noch zu tun?","여기서 제가 더 해야 할 일이 있습니까?","","False","DIA_Pyrokar_KAP3_READY.description","",""
"Scripts/Content/Story/Dialoge/DIA_KDF_500_Pyrokar.d:1508","Was bleibt mir hier noch zu tun?","여기서 제가 더 해야 할 일이 있습니까?","","False","DIA_Pyrokar_KAP3_READY_15_00","",""
"Scripts/Content/Story/Dialoge/DIA_KDF_500_Pyrokar.d:1509","Halte dich nicht mit Nichtigkeiten auf. Geh und vernichte die Drachen. Hier hast du das Auge.","사소한 일에 얽매이지 마라. 가서 드래곤들을 처치해라. 여기 이노스의 눈을 받아라.","","False","DIA_Pyrokar_KAP3_READY_11_01","",""
"Scripts/Content/Story/Dialoge/DIA_KDF_500_Pyrokar.d:1512","Bedenke, dass du erst mit einem Drachen gesprochen haben musst, bevor du ihn angreifst.","드래곤을 공격하기 전에, 먼저 드래곤과 대화해야 한다는 걸 명심해라.","","False","DIA_Pyrokar_KAP3_READY_11_02","",""
"Scripts/Content/Story/Dialoge/DIA_KDF_500_Pyrokar.d:1515","Die Macht des Auges wird die Drachen dazu zwingen, mit dir zu reden, und dir die Wahrheit zu sagen.","눈의 힘이 드래곤들로 하여금 너에게 말을 걸고 진실을 말하게 강제할 것이다.","","False","DIA_Pyrokar_Add_11_01","",""
"Scripts/Content/Story/Dialoge/DIA_KDF_500_Pyrokar.d:1516","Außerdem bietet es dir Schutz gegen ihre Angriffe, wenn du es trägst.","게다가 그것을 착용하면 드래곤의 공격으로부터 너를 보호해 줄 것이다.","","False","DIA_Pyrokar_Add_11_02","",""
"Scripts/Content/Story/Dialoge/DIA_KDF_500_Pyrokar.d:1517","Jedoch ist seine Kraft nicht beständig. Du wirst es wieder mit magischer Energie füllen müssen.","하지만 그 힘은 영원하지 않다. 너는 그것을 마법 에너지로 다시 채워야 할 것이다.","","False","DIA_Pyrokar_KAP3_READY_11_05","",""
"Scripts/Content/Story/Dialoge/DIA_KDF_500_Pyrokar.d:1518","Dazu brauchst du die Essenz eines Drachenherzens, das du an einem Alchemietisch mit dem Auge vereinst.","그러기 위해서는 연금술 작업대에서 눈과 결합할 드래곤의 심장 정수가 필요하다.","","False","DIA_Pyrokar_KAP3_READY_11_06","",""
"Scripts/Content/Story/Dialoge/DIA_KDF_500_Pyrokar.d:1519","Erst dann kannst du es wagen, einem weiteren Drachen entgegen zu treten.","그래야만 감히 다른 드래곤과 맞설 수 있을 것이다.","","False","DIA_Pyrokar_KAP3_READY_11_07","",""
"Scripts/Content/Story/Dialoge/DIA_KDF_500_Pyrokar.d:1520","Danke. Ich werd's mir merken.","고마워요. 명심할게요.","","False","DIA_Pyrokar_KAP3_READY_15_08","",""
"Scripts/Content/Story/Dialoge/DIA_KDF_500_Pyrokar.d:1521","Du hast nun alles, was du brauchst. Geh nun. Du hast nicht mehr viel Zeit.","너는 이제 필요한 모든 것을 가졌다. 가거라. 시간이 그리 많지 않다.","","False","DIA_Pyrokar_KAP3_READY_11_09","",""
"Scripts/Content/Story/Dialoge/DIA_KDF_500_Pyrokar.d:1549","Ich habe einen seltsamen Almanach gefunden.","이상한 연감을 찾았습니다.","","False","DIA_Pyrokar_BUCHDERBESSENEN.description","",""
"Scripts/Content/Story/Dialoge/DIA_KDF_500_Pyrokar.d:1563","Ich habe einen seltsamen Almanach gefunden.","이상한 연감을 찾았습니다.","","False","DIA_Pyrokar_BUCHDERBESSENEN_15_00","",""
"Scripts/Content/Story/Dialoge/DIA_KDF_500_Pyrokar.d:1564","Tatsächlich? Was ist das für ein Almanach?","정말이냐? 어떤 연감이지?","","False","DIA_Pyrokar_BUCHDERBESSENEN_11_01","",""
"Scripts/Content/Story/Dialoge/DIA_KDF_500_Pyrokar.d:1565","Ich bin mir nicht sicher. Ich dachte, du wüsstest, was damit zu tun ist.","확실하지 않습니다. 어떻게 해야 할지 아실 줄 알았어요.","","False","DIA_Pyrokar_BUCHDERBESSENEN_15_02","",""
"Scripts/Content/Story/Dialoge/DIA_KDF_500_Pyrokar.d:1567","Fürwahr, das ist sehr beunruhigend. Gut, dass du es mir gebracht hast. Das war sehr klug.","정말로 매우 불안한 일이로구나. 내게 가져다주다니 다행이다. 현명한 처사였어.","","False","DIA_Pyrokar_BUCHDERBESSENEN_11_03","",""
"Scripts/Content/Story/Dialoge/DIA_KDF_500_Pyrokar.d:1572","Ich nehme an, dass es noch mehr davon gibt. Geh und finde noch weitere dieser Bücher der Verdammnis.","이런 책이 더 있을 것으로 사료된다. 가거라, 그리고 파멸의 책들을 더 찾아오너라.","","False","DIA_Pyrokar_BUCHDERBESSENEN_11_04","",""
"Scripts/Content/Story/Dialoge/DIA_KDF_500_Pyrokar.d:1573","Ich vermute, es ist ein Machtinstrument der Suchenden.","시커들의 힘의 도구인 것으로 짐작된다.","","False","DIA_Pyrokar_BUCHDERBESSENEN_11_05","",""
"Scripts/Content/Story/Dialoge/DIA_KDF_500_Pyrokar.d:1574","Damit kontrollieren sie die verlorenen Seelen ihrer Opfer.","그들은 그것으로 희생자들의 길잃은 영혼을 지배하지.","","False","DIA_Pyrokar_BUCHDERBESSENEN_11_06","",""
"Scripts/Content/Story/Dialoge/DIA_KDF_500_Pyrokar.d:1575","Die Namen derer, die sie zu übernehmen planen, schreiben sie offensichtlich in die Bücher hinein.","지배할 계획인 자들의 이름을 그 책들에 분명히 적어두고 있을 것이다.","","False","DIA_Pyrokar_BUCHDERBESSENEN_11_07","",""
"Scripts/Content/Story/Dialoge/DIA_KDF_500_Pyrokar.d:1576","Pass auf. Ich gebe dir jetzt diesen magischen Brief. Er wird dir die Namen zeigen, die in den Büchern zu lesen sind.","잘 들어라. 이 마법 편지를 주마. 책에 적혀 있는 이름들이 보일 것이다.","","False","DIA_Pyrokar_BUCHDERBESSENEN_11_08","",""
"Scripts/Content/Story/Dialoge/DIA_KDF_500_Pyrokar.d:1579","Finde diese Opfer und bring mir ihre Bücher. Ich werde sie unschädlich machen.","그 희생자들을 찾아내어 그들의 책을 내게 가져오너라. 내가 무력화시키겠다.","","False","DIA_Pyrokar_BUCHDERBESSENEN_11_09","",""
"Scripts/Content/Story/Dialoge/DIA_KDF_500_Pyrokar.d:1583","Doch vorher solltest du wenigstens eins davon Karras zeigen. Vielleicht hilft ihm das bei seinen Studien.","하지만 그 전에 적어도 그중 하나는 카라스에게 보여주는 것이 좋겠다. 그의 연구에 도움이 될지도 모르니까.","","False","DIA_Pyrokar_BUCHDERBESSENEN_11_10","",""
"Scripts/Content/Story/Dialoge/DIA_KDF_500_Pyrokar.d:1586","Begehe nicht den Fehler, sie selbst vernichten zu wollen. Du bist ihrer Macht noch nicht gewachsen.","직접 파괴하려고 들지 마라. 너는 아직 그들의 힘을 감당할 수 없다.","","False","DIA_Pyrokar_BUCHDERBESSENEN_11_11","",""
"Scripts/Content/Story/Dialoge/DIA_KDF_500_Pyrokar.d:1591","Komm den Suchenden nicht zu nah, sonst werden sie von dir Besitz ergreifen.","시커들에게 너무 가까이 가지 마라. 그렇지 않으면 그들이 너를 지배하게 될 것이다.","","False","DIA_Pyrokar_BUCHDERBESSENEN_11_12","",""
"Scripts/Content/Story/Dialoge/DIA_KDF_500_Pyrokar.d:1592","Solltest du trotzdem ihrem Ruf nicht entgehen können, dann komm so schnell, wie du kannst, zu mir zurück.","그들의 부름을 뿌리칠 수 없다면, 할 수 있는 한 가장 빨리 내게 돌아오너라.","","False","DIA_Pyrokar_BUCHDERBESSENEN_11_13","",""
"Scripts/Content/Story/Dialoge/DIA_KDF_500_Pyrokar.d:1593","Nur hier im Kloster kann deiner Seele geholfen werden.","오직 이 수도원 안에서만 네 영혼을 구할 수 있다.","","False","DIA_Pyrokar_BUCHDERBESSENEN_11_14","",""
"Scripts/Content/Story/Dialoge/DIA_KDF_500_Pyrokar.d:1598","Gibt es keinen Schutz gegen ihre mentalen Angriffe?","그들의 정신적 공격을 막을 방법은 없습니까?","","False","DIA_Pyrokar_BUCHDERBESSENEN_15_15","",""
"Scripts/Content/Story/Dialoge/DIA_KDF_500_Pyrokar.d:1599","Möglich. Karras könnte etwas darüber wissen.","있을 수도 있지. 카라스가 그것에 대해 무언가 알고 있을지도 모른다.","","False","DIA_Pyrokar_BUCHDERBESSENEN_11_16","",""
"Scripts/Content/Story/Dialoge/DIA_KDF_500_Pyrokar.d:1615","(Besessenheit heilen)","(빙의 치료하기)","","False","DIA_Pyrokar_SCOBSESSED.description","",""
"Scripts/Content/Story/Dialoge/DIA_KDF_500_Pyrokar.d:1634","Heile mich, Meister, denn ich bin besessen.","저를 치유해 주십시오, 스승님. 저는 빙의되었습니다.","","False","DIA_Pyrokar_SCOBSESSED_15_00","",""
"Scripts/Content/Story/Dialoge/DIA_KDF_500_Pyrokar.d:1636","So sei es! Nimm diesen Trank. Er wird dich von deinen bösen Träumen befreien.","그렇게 하마! 이 포션을 받아라. 악몽에서 벗어나게 해 줄 것이다.","","False","DIA_Pyrokar_SCOBSESSED_11_01","",""
"Scripts/Content/Story/Dialoge/DIA_KDF_500_Pyrokar.d:1637","Möge die Gnade Innos' dich erlösen.","이노스의 자비가 너를 구원하기를.","","False","DIA_Pyrokar_SCOBSESSED_11_02","",""
"Scripts/Content/Story/Dialoge/DIA_KDF_500_Pyrokar.d:1638","Handel in seinem Sinne und hüte dich vor dem bösen Blick des Feindes.","그의 뜻에 따라 행동하고 적의 사악한 눈을 조심하라.","","False","DIA_Pyrokar_SCOBSESSED_11_03","",""
"Scripts/Content/Story/Dialoge/DIA_KDF_500_Pyrokar.d:1642","Aber sei gewarnt, wenn du dich noch öfter ihrer Macht aussetzt, wird es für dich irgendwann keinen Weg zurück mehr geben. Denke immer daran.","하지만 경고하건대, 그들의 힘에 너무 자주 노출되면 언젠가는 돌이킬 수 없는 지경에 이를 것이다. 항상 명심해라.","","False","DIA_Pyrokar_SCOBSESSED_11_04","",""
"Scripts/Content/Story/Dialoge/DIA_KDF_500_Pyrokar.d:1651","Ich glaube, ich bin besessen. Kannst du mich heilen?","제가 빙의된 것 같습니다. 저를 치료해 주실 수 있습니까?","","False","DIA_Pyrokar_SCOBSESSED_15_05","",""
"Scripts/Content/Story/Dialoge/DIA_KDF_500_Pyrokar.d:1652","Nicht ohne ein Zeichen deiner Ehrerbietung diesem Kloster gegenüber, mein Sohn. 300 Goldmünzen.","이 수도원에 대한 경의의 표시가 없다면 안 된다, 내 아들아. 300 금.","","False","DIA_Pyrokar_SCOBSESSED_11_06","",""
"Scripts/Content/Story/Dialoge/DIA_KDF_500_Pyrokar.d:1655","Das ist mir zuviel.","너무 비싸요.","","False","DIA_Pyrokar_SCOBSESSED_Info.DIA_Pyrokar_SCOBSESSED.DIA_Pyrokar_SCOBSESSED_nein","Info_AddChoice",""
"Scripts/Content/Story/Dialoge/DIA_KDF_500_Pyrokar.d:1656","Gut. Hier hast du das Geld.","좋습니다. 여기 돈이 있습니다.","","False","DIA_Pyrokar_SCOBSESSED_Info.DIA_Pyrokar_SCOBSESSED.DIA_Pyrokar_SCOBSESSED_ok","Info_AddChoice",""
"Scripts/Content/Story/Dialoge/DIA_KDF_500_Pyrokar.d:1661","Du hattest doch gerade erst noch deinen Genesungstrank. Komm erst zu mir zurück, wenn ich dir wieder helfen kann.","방금 회복 포션을 마시지 않았느냐. 내가 다시 도울 수 있을 때가 되어서야 내게 오너라.","","False","DIA_Pyrokar_SCOBSESSED_11_07","",""
"Scripts/Content/Story/Dialoge/DIA_KDF_500_Pyrokar.d:1667","Gut. Hier hast du das Geld.","좋습니다. 여기 돈이 있습니다.","","False","DIA_Pyrokar_SCOBSESSED_ok_15_00","",""
"Scripts/Content/Story/Dialoge/DIA_KDF_500_Pyrokar.d:1671","Hier, trink das. Möge die Gnade Innos' dich erlösen.","자, 이걸 마셔라. 이노스의 자비가 너를 구원하기를.","","False","DIA_Pyrokar_SCOBSESSED_ok_11_01","",""
"Scripts/Content/Story/Dialoge/DIA_KDF_500_Pyrokar.d:1678","Bring mir das Geld und dir soll geholfen werden.","돈을 가져오너라, 그러면 도움을 받을 수 있을 것이다.","","False","DIA_Pyrokar_SCOBSESSED_ok_11_02","",""
"Scripts/Content/Story/Dialoge/DIA_KDF_500_Pyrokar.d:1686","Das ist mir zu viel.","너무 과합니다.","","False","DIA_Pyrokar_SCOBSESSED_nein_15_00","",""
"Scripts/Content/Story/Dialoge/DIA_KDF_500_Pyrokar.d:1700","Ich kann noch mehr berichten über die Besessenen.","빙의된 자들에 대해 더 보고할 것이 있습니다.","","False","DIA_Pyrokar_AlmanachBringen.description","",""
"Scripts/Content/Story/Dialoge/DIA_KDF_500_Pyrokar.d:1719","Ich kann noch mehr berichten über die Besessenen.","빙의된 자들에 대해 더 보고할 것이 있습니다.","","False","DIA_Pyrokar_AlmanachBringen_15_00","",""
"Scripts/Content/Story/Dialoge/DIA_KDF_500_Pyrokar.d:1720","Sprich, Bruder.","말해라, 형제여.","","False","DIA_Pyrokar_AlmanachBringen_11_01","",""
"Scripts/Content/Story/Dialoge/DIA_KDF_500_Pyrokar.d:1733","Ich habe einen weiteren Almanach gefunden.","또 다른 연감을 찾았습니다.","","False","DIA_Pyrokar_AlmanachBringen_15_02","",""
"Scripts/Content/Story/Dialoge/DIA_KDF_500_Pyrokar.d:1740","Ich habe noch mehr Bücher der Suchenden für dich.","시커들의 책을 더 가져왔습니다.","","False","DIA_Pyrokar_AlmanachBringen_15_03","",""
"Scripts/Content/Story/Dialoge/DIA_KDF_500_Pyrokar.d:1752","Das ist gut. Ich fürchte jedoch, dass es noch mehr davon zu finden gibt. Suche weiter.","좋다. 하지만 찾을 것이 더 남아 있을 것 같구나. 계속 찾아보아라.","","False","DIA_Pyrokar_AlmanachBringen_11_04","",""
"Scripts/Content/Story/Dialoge/DIA_KDF_500_Pyrokar.d:1756","Es sind schon viele gefunden worden. Aber ich denke, das waren noch nicht alle.","이미 많이 찾아내었지. 하지만 아직 다 찾은 것 같지는 않구나.","","False","DIA_Pyrokar_AlmanachBringen_11_05","",""
"Scripts/Content/Story/Dialoge/DIA_KDF_500_Pyrokar.d:1760","Du hast mir schon eine große Anzahl der Bücher des Feindes bringen können.","너는 이미 적의 책을 상당수 가져와 주었다.","","False","DIA_Pyrokar_AlmanachBringen_11_06","",""
"Scripts/Content/Story/Dialoge/DIA_KDF_500_Pyrokar.d:1761","Würde mich wundern, wenn sie noch sehr viel mehr im Umlauf hätten. Ich bin stolz auf dich, mein Bruder.","그들이 유통하고 있는 것이 아직 많이 남아 있다면 놀랄 노자일 것이다. 네가 자랑스럽다, 내 형제여.","","False","DIA_Pyrokar_AlmanachBringen_11_07","",""
"Scripts/Content/Story/Dialoge/DIA_KDF_500_Pyrokar.d:1764","Nimm dies. Mit dieser Aufwendung des Klosters wirst du dem Bösen besser begegnen können.","이걸 받아라. 악과 마주할 때 수도원의 이 보물이 도움이 될 것이다.","","False","DIA_Pyrokar_AlmanachBringen_11_08","",""
"Scripts/Content/Story/Dialoge/DIA_KDF_500_Pyrokar.d:1767","Und denke daran, ab und zu in meinen magischen Brief zu sehen.","그리고 가끔 내 마법 편지를 확인하는 것을 잊지 마라.","","False","DIA_Pyrokar_AlmanachBringen_11_09","",""
"Scripts/Content/Story/Dialoge/DIA_KDF_500_Pyrokar.d:1768","Es ist möglich, dass sie es auch noch bei anderen versuchen werden, die bisher noch nicht in den Almanachs zu lesen waren.","그들은 아직 연감에서 이름이 발견되지 않은 다른 이들에게도 시도할 가능성이 있다.","","False","DIA_Pyrokar_AlmanachBringen_11_10","",""
"Scripts/Content/Story/Dialoge/DIA_KDF_500_Pyrokar.d:1855","Alle Drachen sind tot.","모든 드래곤이 죽었습니다.","","False","DIA_Pyrokar_DRACHENTOT.description","",""
"Scripts/Content/Story/Dialoge/DIA_KDF_500_Pyrokar.d:1868","Alle Drachen sind tot.","모든 드래곤이 죽었습니다.","","False","DIA_Pyrokar_DRACHENTOT_15_00","",""
"Scripts/Content/Story/Dialoge/DIA_KDF_500_Pyrokar.d:1869","Das ist wahrlich eine gute Nachricht. Es ändert jedoch nichts an unserer scheinbar aussichtslosen Situation.","진정 기쁜 소식이로구나. 하지만 이 절망적인 상황이 달라지는 것은 없다.","","False","DIA_Pyrokar_DRACHENTOT_11_01","",""
"Scripts/Content/Story/Dialoge/DIA_KDF_500_Pyrokar.d:1870","Die Suchenden sind immer noch nicht abgezogen. Ganz im Gegenteil. Mir kommen immer mehr Berichte zu Ohren, dass sich ihre Zahl in den letzten Tagen sogar noch vermehrt haben soll.","시커들은 여전히 물러가지 않았다. 도리어 그 반대지. 최근 며칠 새 그들의 수가 오히려 더 늘어났다는 보고가 점점 더 많이 들려오고 있다.","","False","DIA_Pyrokar_DRACHENTOT_11_02","",""
"Scripts/Content/Story/Dialoge/DIA_KDF_500_Pyrokar.d:1871","Die Drachen zu töten alleine hat dem Feind noch keinen ausreichenden Schlag versetzt. Wir müssen das Übel an der Wurzel packen.","드래곤들을 죽인 것만으로는 적에게 충분한 타격을 입히지 못했다. 우리는 악의 근원을 뿌리 뽑아야 한다.","","False","DIA_Pyrokar_DRACHENTOT_11_03","",""
"Scripts/Content/Story/Dialoge/DIA_KDF_500_Pyrokar.d:1883","Ich habe mit den Drachen gesprochen.","드래곤들과 대화했습니다.","","False","DIA_Pyrokar_DERMEISTER.description","",""
"Scripts/Content/Story/Dialoge/DIA_KDF_500_Pyrokar.d:1896","Ich habe mit den Drachen gesprochen.","드래곤들과 대화했습니다.","","False","DIA_Pyrokar_DERMEISTER_15_00","",""
"Scripts/Content/Story/Dialoge/DIA_KDF_500_Pyrokar.d:1897","Was haben sie gesagt?","그들이 무어라 하더냐?","","False","DIA_Pyrokar_DERMEISTER_11_01","",""
"Scripts/Content/Story/Dialoge/DIA_KDF_500_Pyrokar.d:1898","Sie sprachen unentwegt von der Macht ihres Meisters und dass dieser sich in den Hallen von Irdorath niedergelassen hat.","주인의 힘에 대해 끊임없이 이야기하며, 주인이 이르도라스의 전당에 자리를 잡았다고 하더군요.","","False","DIA_Pyrokar_DERMEISTER_15_02","",""
"Scripts/Content/Story/Dialoge/DIA_KDF_500_Pyrokar.d:1899","Innos stehe uns bei. Der schwarze Tempel hat seine Macht zurückerlangt und schickt nun seine Schergen über unsere Welt.","이노스여 우리를 도우소서. 검은 사원이 그 힘을 되찾고 이제 우리 세상으로 부하들을 보내고 있구나.","","False","DIA_Pyrokar_DERMEISTER_11_03","",""
"Scripts/Content/Story/Dialoge/DIA_KDF_500_Pyrokar.d:1911","Was sind diese Hallen von Irdorath?","이르도라스의 전당이란 게 무엇입니까?","","False","DIA_Pyrokar_WASISTIRDORATH.description","",""
"Scripts/Content/Story/Dialoge/DIA_KDF_500_Pyrokar.d:1925","Was sind diese Hallen von Irdorath?","이르도라스의 전당이란 게 무엇입니까?","","False","DIA_Pyrokar_WASISTIRDORATH_15_00","",""
"Scripts/Content/Story/Dialoge/DIA_KDF_500_Pyrokar.d:1926","Der östliche Beschwörungstempel des Gottes Beliar. Es sind ihrer Zahl vier im Lande Myrtana. Doch dieser ist der wohl furchteinflössendste Tempel von ihnen.","신 벨리알의 동쪽 소환 사원이다. 미르타나 대륙에는 그 사원이 네 개 있지. 하지만 이곳은 그중에서도 가장 끔찍한 사원일 것이다.","","False","DIA_Pyrokar_WASISTIRDORATH_11_01","",""
"Scripts/Content/Story/Dialoge/DIA_KDF_500_Pyrokar.d:1927","Vor etwa 40 Jahren zerstörte man den nördlichen und westlichen Tempel dieser abscheulichen Gottheit.","약 40 년 전에 이 혐오스러운 신의 북쪽과 서쪽 사원이 파괴되었다.","","False","DIA_Pyrokar_WASISTIRDORATH_11_02","",""
"Scripts/Content/Story/Dialoge/DIA_KDF_500_Pyrokar.d:1928","Die tapferen Ritter dieser Zeit hatten alles eingesetzt, um diese mächtigen Bauwerke dem Erdboden gleich zu machen.","그 당시 용감한 기사들은 이 거대한 건축물들을 완전히 파괴하기 위해 모든 것을 바쳤다.","","False","DIA_Pyrokar_WASISTIRDORATH_11_03","",""
"Scripts/Content/Story/Dialoge/DIA_KDF_500_Pyrokar.d:1929","Die schwarzen Horden des Feindes hatten damals der Überzahl und dem Heldenmut der Ritter und Paladine nichts entgegen zu setzen.","당시 적의 검은 무리들은 기사들과 팔라딘들의 우세한 수와 영웅적 용기에 아무것도 할 수 없었다.","","False","DIA_Pyrokar_WASISTIRDORATH_11_04","",""
"Scripts/Content/Story/Dialoge/DIA_KDF_500_Pyrokar.d:1930","Es wäre ein Leichtes gewesen, die beiden anderen Tempel auch zu zerstören, um das Land endgültig von dem Übel zu befreien ...","대지를 악으로부터 영원히 해방시키기 위해 다른 두 사원도 쉽게 파괴할 수 있었을 터인데...","","False","DIA_Pyrokar_WASISTIRDORATH_11_05","",""
"Scripts/Content/Story/Dialoge/DIA_KDF_500_Pyrokar.d:1931","... doch sie waren nach dem Fall des zweiten Tempel einfach verschwunden.","...하지만 두 번째 사원이 무너진 후 그들은 흔적도 없이 사라져 버렸다.","","False","DIA_Pyrokar_WASISTIRDORATH_11_06","",""
"Scripts/Content/Story/Dialoge/DIA_KDF_500_Pyrokar.d:1932","(spottet) Verschwunden. Ein ganzer Tempel. Ach, komm!","(비웃으며) 사라졌다고요. 사원 전체가요. 아, 정말!","","False","DIA_Pyrokar_WASISTIRDORATH_15_07","",""
"Scripts/Content/Story/Dialoge/DIA_KDF_500_Pyrokar.d:1933","Spotte nicht. Die Situation ist Ernst. Wenn die Hallen von Irdorath tatsächlich wieder an Macht gewonnen haben, wird es schwierig, den Feind zu besiegen.","비웃지 마라. 상황은 심각하다. 이르도라스의 전당이 정말로 힘을 되찾았다면 적을 물리치기는 어려울 것이다.","","False","DIA_Pyrokar_WASISTIRDORATH_11_08","",""
"Scripts/Content/Story/Dialoge/DIA_KDF_500_Pyrokar.d:1934","Dazu müsstest du ihn erst einmal finden, und ich denke, das wird deine nächste und schwierigste Aufgabe sein.","그러려면 먼저 그것을 찾아야 할 것이다. 내 생각엔 그것이 네가 맡을 다음이자 가장 어려운 임무가 될 것이다.","","False","DIA_Pyrokar_WASISTIRDORATH_11_09","",""
"Scripts/Content/Story/Dialoge/DIA_KDF_500_Pyrokar.d:1935","Wir werden sehen.","어떻게 될지는 두고 봐야겠군요.","","False","DIA_Pyrokar_WASISTIRDORATH_15_10","",""
"Scripts/Content/Story/Dialoge/DIA_KDF_500_Pyrokar.d:1949","Das verloren geglaubte Buch von Xardas, wo ist es?","길 잃은 것으로 여겨졌던 자다스의 책은 어디에 있습니까?","","False","DIA_Pyrokar_BUCHIRDORATH.description","",""
"Scripts/Content/Story/Dialoge/DIA_KDF_500_Pyrokar.d:1964","Das verloren geglaubte Buch von Xardas, wo ist es?","길 잃은 것으로 여겨졌던 자다스의 책은 어디에 있습니까?","","False","DIA_Pyrokar_BUCHIRDORATH_15_00","",""
"Scripts/Content/Story/Dialoge/DIA_KDF_500_Pyrokar.d:1965","Ich hatte mir schon gedacht, dass du danach fragen würdest. Aber ich fürchte, damit wirst du nichts anfangen können.","네가 그럴 줄 알았다. 하지만 그것은 너에게 아무 도움이 되지 않을 것이다.","","False","DIA_Pyrokar_BUCHIRDORATH_11_01","",""
"Scripts/Content/Story/Dialoge/DIA_KDF_500_Pyrokar.d:1966","Es ist magisch versiegelt worden. Ich habe es in unsere unteren Gewölbe gebracht und selbst wir haben bisher vergeblich versucht, es zu öffnen.","마법으로 봉인되었거든. 내가 아래층 금고로 가져갔는데, 우리조차도 열려고 헛되이 애썼을 뿐이다.","","False","DIA_Pyrokar_BUCHIRDORATH_11_02","",""
"Scripts/Content/Story/Dialoge/DIA_KDF_500_Pyrokar.d:1967","Dieser verdammte Xardas hat sich da einen derben Scherz erlaubt.","그 저주받은 자다스가 우리에게 짓궂은 장난을 쳤어.","","False","DIA_Pyrokar_BUCHIRDORATH_11_03","",""
"Scripts/Content/Story/Dialoge/DIA_KDF_500_Pyrokar.d:1968","Kann ich das Buch sehen?","그 책을 볼 수 있습니까?","","False","DIA_Pyrokar_BUCHIRDORATH_15_04","",""
"Scripts/Content/Story/Dialoge/DIA_KDF_500_Pyrokar.d:1969","Von mir aus. Ich kann mir nicht vorstellen, dass du da Erfolg hast, wo die größten Meister unseres Klosters gescheitert sind.","마음대로 해라. 우리 수도원의 가장 위대한 마법사들도 실패한 곳에서 네가 성공할 거라고는 생각하지 않는다.","","False","DIA_Pyrokar_BUCHIRDORATH_11_05","",""
"Scripts/Content/Story/Dialoge/DIA_KDF_500_Pyrokar.d:1970","Aber versuch es ruhig, Talamon wird dich nicht aufhalten.","하지만 어디 한번 시도해 보아라, 탈라몬이 막지는 않을 테니.","","False","DIA_Pyrokar_BUCHIRDORATH_11_06","",""
"Scripts/Content/Story/Dialoge/DIA_KDF_500_Pyrokar.d:1986","Ich habe das Buch von Xardas öffnen können.","자다스의 책을 열 수 있었습니다.","","False","DIA_Pyrokar_IRDORATHBOOKOPEN.description","",""
"Scripts/Content/Story/Dialoge/DIA_KDF_500_Pyrokar.d:2000","Ich habe das Buch von Xardas öffnen können.","자다스의 책을 열 수 있었습니다.","","False","DIA_Pyrokar_IRDORATHBOOKOPEN_15_00","",""
"Scripts/Content/Story/Dialoge/DIA_KDF_500_Pyrokar.d:2001","Was? Wie hast du das geschafft? Ich bin daran schier verzweifelt.","뭐? 어떻게 해냈지? 난 그것 때문에 미칠 지경이었는데.","","False","DIA_Pyrokar_IRDORATHBOOKOPEN_11_01","",""
"Scripts/Content/Story/Dialoge/DIA_KDF_500_Pyrokar.d:2004","Xardas hat mir den Trick verraten.","자다스가 방법을 알려주었죠.","","False","DIA_Pyrokar_IRDORATHBOOKOPEN_Info.DIA_Pyrokar_IRDORATHBOOKOPEN.DIA_Pyrokar_IRDORATHBOOKOPEN_Xardas","Info_AddChoice",""
"Scripts/Content/Story/Dialoge/DIA_KDF_500_Pyrokar.d:2005","Ich hatte Glück, schätze ich.","운이 좋았던 것 같습니다.","","False","DIA_Pyrokar_IRDORATHBOOKOPEN_Info.DIA_Pyrokar_IRDORATHBOOKOPEN.DIA_Pyrokar_IRDORATHBOOKOPEN_glueck","Info_AddChoice",""
"Scripts/Content/Story/Dialoge/DIA_KDF_500_Pyrokar.d:2010","Ich hatte Glück, schätze ich.","그냥 순전히 운이 좋았던 거겠죠.","","False","DIA_Pyrokar_IRDORATHBOOKOPEN_glueck_15_00","",""
"Scripts/Content/Story/Dialoge/DIA_KDF_500_Pyrokar.d:2011","Erzähl keinen Unsinn. Glück.","말도 안 되는 소리 하지 마라. 운이라니!","","False","DIA_Pyrokar_IRDORATHBOOKOPEN_glueck_11_01","",""
"Scripts/Content/Story/Dialoge/DIA_KDF_500_Pyrokar.d:2012","Wenn nicht mal ich es schaffe, das Buch zu öffnen und dann jemand wie du daher kommt ...","나조차도 책을 여는 데 성공하지 못했는데, 너 같은 자가 불쑥 나타나서...","","False","DIA_Pyrokar_IRDORATHBOOKOPEN_glueck_11_02","",""
"Scripts/Content/Story/Dialoge/DIA_KDF_500_Pyrokar.d:2013","... darüber werde ich eingehend nachdenken.","...이건 깊이 생각해 봐야겠군.","","False","DIA_Pyrokar_IRDORATHBOOKOPEN_glueck_11_03","",""
"Scripts/Content/Story/Dialoge/DIA_KDF_500_Pyrokar.d:2014","Trotz allem. Da du offensichtlich der einzige warst, der das Buch zu öffnen vermochte, dann sei dir gewährt, das Buch zu halten. Zumindest so lange, bis wir diese Krise überstanden haben.","아무튼. 네가 유일하게 그 책을 열 수 있었던 자이니만큼, 책을 가질 자격을 주마. 적어도 우리가 이 위기를 극복할 때까지는 말이다.","","False","DIA_Pyrokar_IRDORATHBOOKOPEN_glueck_11_04","",""
"Scripts/Content/Story/Dialoge/DIA_KDF_500_Pyrokar.d:2022","Xardas hat mir den Trick verraten.","자다스가 방법을 알려주었죠.","","False","DIA_Pyrokar_IRDORATHBOOKOPEN_Xardas_15_00","",""
"Scripts/Content/Story/Dialoge/DIA_KDF_500_Pyrokar.d:2023","Ach, so ist das. Interessant. Ich kann nur für dich hoffen, dass Xardas schlechter Einfluss dich nicht verdirbt.","아, 그렇군. 흥미롭군. 자다스의 나쁜 영향력에 물들지 않기를 바랄 뿐이다.","","False","DIA_Pyrokar_IRDORATHBOOKOPEN_Xardas_11_01","",""
"Scripts/Content/Story/Dialoge/DIA_KDF_500_Pyrokar.d:2024","Ich warne dich. Geh diesem alten Teufel nicht auf den Leim. Du könntest es bereuen.","경고하건대, 그 늙은 악마의 속임수에 넘어가서는 안 된다. 후회하게 될지도 몰라.","","False","DIA_Pyrokar_IRDORATHBOOKOPEN_Xardas_11_02","",""
"Scripts/Content/Story/Dialoge/DIA_KDF_500_Pyrokar.d:2039","In dem Buch ist von einer geheimen Bibliothek die Rede.","책에 비밀 도서관에 대한 언급이 있습니다.","","False","DIA_Pyrokar_GEHEIMEBIBLIOTHEK.description","",""
"Scripts/Content/Story/Dialoge/DIA_KDF_500_Pyrokar.d:2055","In dem Buch ist von einer geheimen Bibliothek die Rede.","책에 비밀 도서관에 대한 언급이 있습니다.","","False","DIA_Pyrokar_GEHEIMEBIBLIOTHEK_15_00","",""
"Scripts/Content/Story/Dialoge/DIA_KDF_500_Pyrokar.d:2056","Wovon redest du da?","무슨 소리냐?","","False","DIA_Pyrokar_GEHEIMEBIBLIOTHEK_11_01","",""
"Scripts/Content/Story/Dialoge/DIA_KDF_500_Pyrokar.d:2057","Von einer Bibliothek unterhalb dieser Mauern hier. Klingelt's?","이 성벽 아래에 있는 도서관 말입니다. 감이 안 오십니까?","","False","DIA_Pyrokar_GEHEIMEBIBLIOTHEK_15_02","",""
"Scripts/Content/Story/Dialoge/DIA_KDF_500_Pyrokar.d:2058","Nein. Wo soll diese Bibliothek sein, sagst du?","아니. 그 도서관이 어디에 있다는 거냐?","","False","DIA_Pyrokar_GEHEIMEBIBLIOTHEK_11_03","",""
"Scripts/Content/Story/Dialoge/DIA_KDF_500_Pyrokar.d:2059","So, so. Du hast also keine Ahnung. Mmh.","그렇군요. 전혀 모르시는군요. 음.","","False","DIA_Pyrokar_GEHEIMEBIBLIOTHEK_15_04","",""
"Scripts/Content/Story/Dialoge/DIA_KDF_500_Pyrokar.d:2073","Ich weiß, wo die Hallen von Irdorath zu finden sind.","이르도라스의 전당이 어디에 있는지 알고 있습니다.","","False","DIA_Pyrokar_SCKNOWSWAYTOIRDORATH.description","",""
"Scripts/Content/Story/Dialoge/DIA_KDF_500_Pyrokar.d:2088","Ich weiß, wo die Hallen von Irdorath zu finden sind.","이르도라스의 전당이 어디에 있는지 알고 있습니다.","","False","DIA_Pyrokar_SCKNOWSWAYTOIRDORATH_15_00","",""
"Scripts/Content/Story/Dialoge/DIA_KDF_500_Pyrokar.d:2089","Der Tempel befindet sich auf einer Insel. Ich habe eine Seekarte gefunden, die mir den Weg zeigt.","사원은 한 섬에 있습니다. 길을 알려주는 항해도를 찾았거든요.","","False","DIA_Pyrokar_SCKNOWSWAYTOIRDORATH_15_01","",""
"Scripts/Content/Story/Dialoge/DIA_KDF_500_Pyrokar.d:2090","Das ist großartig. Dann wirst du ein Schiff und eine Crew brauchen, um dem Feind die Stirn zu bieten.","대단하군. 그렇다면 적에게 맞서기 위해 배와 선원이 필요하겠구나.","","False","DIA_Pyrokar_SCKNOWSWAYTOIRDORATH_11_02","",""
"Scripts/Content/Story/Dialoge/DIA_KDF_500_Pyrokar.d:2091","Aber bedenke, dass du dafür gut gerüstet sein musst, wenn der Sieg über den Meister von Irdorath gelingen soll.","하지만 이르도라스의 주인을 무찌르려면 철저히 준비해야 함을 명심해라.","","False","DIA_Pyrokar_SCKNOWSWAYTOIRDORATH_11_03","",""
"Scripts/Content/Story/Dialoge/DIA_KDF_500_Pyrokar.d:2092","Wo kann ich eine Crew finden?","선원은 어디서 구할 수 있습니까?","","False","DIA_Pyrokar_SCKNOWSWAYTOIRDORATH_15_04","",""
"Scripts/Content/Story/Dialoge/DIA_KDF_500_Pyrokar.d:2093","Deine Mannschaft sollte aus Männern deines Vertrauens bestehen.","네 선원은 네가 신뢰할 수 있는 사람들로 구성되어야 한다.","","False","DIA_Pyrokar_SCKNOWSWAYTOIRDORATH_11_05","",""
"Scripts/Content/Story/Dialoge/DIA_KDF_500_Pyrokar.d:2094","Rede mit deinen Freunden und beachte dabei, dass sie dir von Nutzen sind, wenn du auf der Insel bist.","친구들과 이야기해 보고, 그 섬에 갔을 때 너에게 도움이 될 만한 사람이 누구일지 생각해 보아라.","","False","DIA_Pyrokar_SCKNOWSWAYTOIRDORATH_11_06","",""
"Scripts/Content/Story/Dialoge/DIA_KDF_500_Pyrokar.d:2095","Du wirst auch einen Magier brauchen. Nur leider kann ich hier im Kloster keinen Mann entbehren.","마법사도 한 명 필요할 것이다. 안타깝게도 이 수도원에서는 한 명도 내어줄 수가 없지만 말이다.","","False","DIA_Pyrokar_SCKNOWSWAYTOIRDORATH_11_07","",""
"Scripts/Content/Story/Dialoge/DIA_KDF_500_Pyrokar.d:2096","Du wirst einen Magier fragen müssen, der seinen Dienst nicht hier im Kloster verrichtet.","수도원 안에서 복무하지 않는 마법사에게 부탁해야 할 것이다.","","False","DIA_Pyrokar_SCKNOWSWAYTOIRDORATH_11_08","",""
"Scripts/Content/Story/Dialoge/DIA_KDF_500_Pyrokar.d:2108","Jorgen ist ein erfahrener Seemann.","요르겐은 숙련된 선원입니다.","","False","DIA_Pyrokar_SCWILLJORGEN.description","",""
"Scripts/Content/Story/Dialoge/DIA_KDF_500_Pyrokar.d:2123","Jorgen ist ein erfahrener Seemann. Er könnte mir helfen, zur Insel von Irdorath zu kommen.","요르겐은 숙련된 선원입니다. 그가 제가 이르도라스의 섬으로 가는 것을 도울 수 있을 겁니다.","","False","DIA_Pyrokar_SCWILLJORGEN_15_00","",""
"Scripts/Content/Story/Dialoge/DIA_KDF_500_Pyrokar.d:2124","So einfach wird das nicht gehen, fürchte ich.","그렇게 간단하지는 않을 것이다, 유감스럽지만.","","False","DIA_Pyrokar_SCWILLJORGEN_11_01","",""
"Scripts/Content/Story/Dialoge/DIA_KDF_500_Pyrokar.d:2125","Er hat sich verpflichtet für die Bruderschaft zu arbeiten. Er hat weder den Tribut entrichtet, noch ein Schaf ins Kloster gebracht.","그는 형제단을 위해 일하기로 맹약했다. 공헌도 바치지 않았고 양을 수도원에 데려오지도 않았지.","","False","DIA_Pyrokar_SCWILLJORGEN_11_02","",""
"Scripts/Content/Story/Dialoge/DIA_KDF_500_Pyrokar.d:2126","Jorgen muss erst seine Arbeiten verrichten, dann könntest du ihn mitnehmen.","요르겐이 먼저 일을 끝마쳐야만 데려갈 수 있을 것이다.","","False","DIA_Pyrokar_SCWILLJORGEN_11_03","",""
"Scripts/Content/Story/Dialoge/DIA_KDF_500_Pyrokar.d:2127","Wie lange wird das dauern?","얼마나 걸립니까?","","False","DIA_Pyrokar_SCWILLJORGEN_15_04","",""
"Scripts/Content/Story/Dialoge/DIA_KDF_500_Pyrokar.d:2128","Er hat die Vorräte aufgebraucht, die einer der Novizen in drei ganzen Wochen verbraucht hätte, und das gleich am ersten Tag.","그는 견습생 한 명이 삼 주 동안 쓸 식량을 첫날에 다 써버렸어.","","False","DIA_Pyrokar_SCWILLJORGEN_11_05","",""
"Scripts/Content/Story/Dialoge/DIA_KDF_500_Pyrokar.d:2129","Also vor drei Monaten harter Arbeit in unseren Gärten werde ich ihn nicht entlassen.","그러니 우리 정원에서 세 달 동안 고생스럽게 일하기 전에는 그를 내보내지 않을 것이다.","","False","DIA_Pyrokar_SCWILLJORGEN_11_06","",""
"Scripts/Content/Story/Dialoge/DIA_KDF_500_Pyrokar.d:2141","Was kann ich tun, um Jorgen JETZT mitnehmen zu können?","지금 당장 요르겐을 데려가려면 어떻게 해야 합니까?","","False","DIA_Pyrokar_MACHDTFREI.description","",""
"Scripts/Content/Story/Dialoge/DIA_KDF_500_Pyrokar.d:2155","Was kann ich tun, um Jorgen JETZT mitnehmen zu können?","지금 당장 요르겐을 데려가려면 어떻게 해야 합니까?","","False","DIA_Pyrokar_MACHDTFREI_15_00","",""
"Scripts/Content/Story/Dialoge/DIA_KDF_500_Pyrokar.d:2156","Mmh. In der Tat gäbe es eine Sache, die du für mich erledigen könntest. Dein gutes Verhältnis zu Xardas könnte dir dabei helfen.","음. 네가 나를 위해 해줄 수 있는 일이 정말로 하나 있긴 하다. 자다스와의 좋은 관계가 도움이 될 수도 있겠지.","","False","DIA_Pyrokar_MACHDTFREI_11_01","",""
"Scripts/Content/Story/Dialoge/DIA_KDF_500_Pyrokar.d:2157","Mir ist zu Ohren gekommen, dass in seinem Turm in den letzten Tagen recht seltsame Dinge vor sich gehen.","최근 며칠 동안 자다스의 탑에서 아주 이상한 일들이 벌어지고 있다는 소문이 들려오고 있다.","","False","DIA_Pyrokar_MACHDTFREI_11_02","",""
"Scripts/Content/Story/Dialoge/DIA_KDF_500_Pyrokar.d:2158","Viele Einwohner der Stadt hören des Nachts laute Schreie von dort und seltsame Lichter tanzen über seinem Turm.","도시 주민들 중 많은 이들이 밤마다 탑에서 들려오는 큰 비명을 듣고 있으며, 탑 위로 이상한 불빛들이 춤추는 것을 목격했다고 해.","","False","DIA_Pyrokar_MACHDTFREI_11_03","",""
"Scripts/Content/Story/Dialoge/DIA_KDF_500_Pyrokar.d:2159","Als ob wir nicht schon genug am Hals hätten. Sieh nach, was da vor sich geht, und sorge dafür, dass es aufhört.","가만히 있어도 골치 아픈 일이 산더미인데 말이야. 대체 무슨 일이 벌어지고 있는지 알아보고, 그것을 당장 멈추게 해라.","","False","DIA_Pyrokar_MACHDTFREI_11_04","",""
"Scripts/Content/Story/Dialoge/DIA_KDF_500_Pyrokar.d:2160","Dann kannst du Jorgen haben.","그렇게 한다면 요르겐을 데려가도 좋다.","","False","DIA_Pyrokar_MACHDTFREI_11_05","",""
"Scripts/Content/Story/Dialoge/DIA_KDF_500_Pyrokar.d:2178","Die Sache mit Xardas' Turm hat sich erledigt.","자다스의 탑에 관한 일은 해결되었습니다.","","False","DIA_Pyrokar_DTCLEARED.description","",""
"Scripts/Content/Story/Dialoge/DIA_KDF_500_Pyrokar.d:2197","Die Sache mit Xardas' Turm hat sich erledigt.","자다스의 탑에 관한 일은 해결되었습니다.","","False","DIA_Pyrokar_DTCLEARED_15_00","",""
"Scripts/Content/Story/Dialoge/DIA_KDF_500_Pyrokar.d:2198","Was war denn da los ... nein, warte, ich will es gar nicht wissen.","거기서 대체 무슨 일이 있었던 거지... 아니, 기다려라, 굳이 알고 싶진 않군.","","False","DIA_Pyrokar_DTCLEARED_11_01","",""
"Scripts/Content/Story/Dialoge/DIA_KDF_500_Pyrokar.d:2199","Wenn du Jorgen immer noch willst, dann nimm ihn mit auf deine Reise.","여전히 요르겐이 탐난다면, 네 여정에 데려가도록 해라.","","False","DIA_Pyrokar_DTCLEARED_11_02","",""
"Scripts/Content/Story/Dialoge/DIA_KDF_500_Pyrokar.d:2200","Möge Innos dich beschützen.","이노스의 가호가 함께하기를.","","False","DIA_Pyrokar_DTCLEARED_11_03","",""
"Scripts/Content/Story/Dialoge/DIA_KDF_500_Pyrokar.d:2219","Die Prophezeiung erwähnt die heilige Aura Innos'.","예언에서는 이노스의 신성한 오라를 언급하고 있습니다.","","False","DIA_Pyrokar_AmulettofDeath.description","",""
"Scripts/Content/Story/Dialoge/DIA_KDF_500_Pyrokar.d:2233","Die Prophezeiung erwähnt die heilige Aura Innos'.","예언에서는 이노스의 신성한 오라를 언급하고 있습니다.","","False","DIA_Pyrokar_AmulettofDeath_15_00","",""
"Scripts/Content/Story/Dialoge/DIA_KDF_500_Pyrokar.d:2234","Die Aura Innos' ist ein Amulett, welches nur den größten Magiern eines Zeitalters vorbestimmt ist.","이노스의 오라는 한 시대의 가장 위대한 마법사들만이 지니도록 정해진 부적이다.","","False","DIA_Pyrokar_AmulettofDeath_11_01","",""
"Scripts/Content/Story/Dialoge/DIA_KDF_500_Pyrokar.d:2238","Kann ich es haben?","제가 가질 수 있습니까?","","False","DIA_Pyrokar_AmulettofDeath_Info.DIA_Pyrokar_AmulettofDeath.DIA_Pyrokar_AmulettofDeath_CanHaveIt","Info_AddChoice",""
"Scripts/Content/Story/Dialoge/DIA_KDF_500_Pyrokar.d:2239","Was ist das für ein Amulett?","어떤 부적입니까?","","False","DIA_Pyrokar_AmulettofDeath_Info.DIA_Pyrokar_AmulettofDeath.DIA_Pyrokar_AmulettofDeath_Amulett","Info_AddChoice",""
"Scripts/Content/Story/Dialoge/DIA_KDF_500_Pyrokar.d:2249","Kann ich es haben?","제가 가질 수 있습니까?","","False","DIA_Pyrokar_AmulettofDeath_CanHaveIt_15_00","",""
"Scripts/Content/Story/Dialoge/DIA_KDF_500_Pyrokar.d:2250","Was? Was willst du damit?","뭐? 그걸로 뭘 하겠다는 거냐?","","False","DIA_Pyrokar_AmulettofDeath_CanHaveIt_11_01","",""
"Scripts/Content/Story/Dialoge/DIA_KDF_500_Pyrokar.d:2251","Gegen den Drachen antreten.","드래곤과 맞서 싸울 겁니다.","","False","DIA_Pyrokar_AmulettofDeath_CanHaveIt_15_02","",""
"Scripts/Content/Story/Dialoge/DIA_KDF_500_Pyrokar.d:2252","Ja, natürlich. Ich werde dir das Amulett geben, aber gehe sorgsam damit um.","그래, 물론이다. 부적은 너에게 주마. 하지만 소중히 다루어야 할 것이다.","","False","DIA_Pyrokar_AmulettofDeath_CanHaveIt_11_03","",""
"Scripts/Content/Story/Dialoge/DIA_KDF_500_Pyrokar.d:2253","Ja ja.","알겠습니다.","","False","DIA_Pyrokar_AmulettofDeath_CanHaveIt_15_04","",""
"Scripts/Content/Story/Dialoge/DIA_KDF_500_Pyrokar.d:2254","Ich möchte es nicht später bei einem Händler zurückkaufen müssen.","나중에 상인에게서 이걸 다시 사야 하는 일이 생기지 않기를 바란다.","","False","DIA_Pyrokar_AmulettofDeath_CanHaveIt_11_05","",""
"Scripts/Content/Story/Dialoge/DIA_KDF_500_Pyrokar.d:2255","Nutze es gut, und möge Innos alle Zeit über dich wachen.","유용하게 쓰도록 해라. 이노스가 언제나 너를 보살피기를.","","False","DIA_Pyrokar_AmulettofDeath_CanHaveIt_11_06","",""
"Scripts/Content/Story/Dialoge/DIA_KDF_500_Pyrokar.d:2265","Was ist das für ein Amulett?","어떤 부적입니까?","","False","DIA_Pyrokar_AmulettofDeath_Amulett_15_00","",""
"Scripts/Content/Story/Dialoge/DIA_KDF_500_Pyrokar.d:2266","Man sagt, dass es von Innos selbst geschmiedet wurde und den Menschen als Geschenk gemacht wurde.","이노스 자신이 직접 제련하여 인류에게 선물로 준 것이라고 전해진다.","","False","DIA_Pyrokar_AmulettofDeath_Amulett_11_01","",""
"Scripts/Content/Story/Dialoge/DIA_KDF_500_Pyrokar.d:2267","Es schützt den Träger vor jeglicher Art von Schaden.","착용자를 온갖 종류의 피해로부터 보호해 주지.","","False","DIA_Pyrokar_AmulettofDeath_Amulett_11_02","",""
"Scripts/Content/Story/Dialoge/DIA_KDF_500_Pyrokar.d:2280","Was sind die Tränen Innos'?","이노스의 눈물이란 무엇입니까?","","False","DIA_Pyrokar_PotionofDeath.description","",""
"Scripts/Content/Story/Dialoge/DIA_KDF_500_Pyrokar.d:2293","Was sind die Tränen Innos'?","이노스의 눈물이란 무엇입니까?","","False","DIA_Pyrokar_PotionofDeath_15_00","",""
"Scripts/Content/Story/Dialoge/DIA_KDF_500_Pyrokar.d:2294","Die Tränen Innos' sind eine alte Kindergeschichte. Sie handelt von der Urzeit, als der Kampf zwischen Innos und Beliar begann.","이노스의 눈물은 오래된 동화 같은 이야기일 뿐이다. 태초에 이노스와 벨리알의 싸움이 어떻게 시작되었는지를 다루고 있지.","","False","DIA_Pyrokar_PotionofDeath_11_01","",""
"Scripts/Content/Story/Dialoge/DIA_KDF_500_Pyrokar.d:2297","Aha.","그렇군요.","","False","DIA_Pyrokar_PotionofDeath_Info.DIA_Pyrokar_PotionofDeath.DIA_Pyrokar_PotionofDeath_Aha","Info_AddChoice",""
"Scripts/Content/Story/Dialoge/DIA_KDF_500_Pyrokar.d:2298","Ich habe diesen Trank gefunden.","이 포션을 발견했습니다.","","False","DIA_Pyrokar_PotionofDeath_Info.DIA_Pyrokar_PotionofDeath.DIA_Pyrokar_PotionofDeath_Potion","Info_AddChoice",""
"Scripts/Content/Story/Dialoge/DIA_KDF_500_Pyrokar.d:2303","Aha.","그렇군요.","","False","DIA_Pyrokar_PotionofDeath_Aha_15_00","",""
"Scripts/Content/Story/Dialoge/DIA_KDF_500_Pyrokar.d:2304","Ich weiß nicht, ob du dir unserer Situation voll bewusst bist, aber ich glaube kaum, dass der Feind aufgrund einer Kindergeschichte besiegt wird.","우리가 처한 상황을 제대로 이해하고 있는지 모르겠군만, 동화 따위로 적을 물리칠 수 있을 거라고는 생각하지 않는다.","","False","DIA_Pyrokar_PotionofDeath_Aha_11_01","",""
"Scripts/Content/Story/Dialoge/DIA_KDF_500_Pyrokar.d:2311","Ich habe diesen Trank gefunden.","이 포션을 발견했습니다.","","False","DIA_Pyrokar_PotionofDeath_Potion_15_00","",""
"Scripts/Content/Story/Dialoge/DIA_KDF_500_Pyrokar.d:2312","Das kann nicht sein. Ich kann es nicht glauben.","그럴 리가 없다. 믿을 수가 없군.","","False","DIA_Pyrokar_PotionofDeath_Potion_11_01","",""
"Scripts/Content/Story/Dialoge/DIA_KDF_500_Pyrokar.d:2313","Was ist denn?","무슨 일이라도 있습니까?","","False","DIA_Pyrokar_PotionofDeath_Potion_15_02","",""
"Scripts/Content/Story/Dialoge/DIA_KDF_500_Pyrokar.d:2314","Wenn das wirklich die echten Tränen Innos' sind, dann ...","이것이 정말 진짜 이노스의 눈물이라면...","","False","DIA_Pyrokar_PotionofDeath_Potion_11_03","",""
"Scripts/Content/Story/Dialoge/DIA_KDF_500_Pyrokar.d:2315","(unterbricht) Wohl kaum.","(말을 끊으며) 그럴 리가요.","","False","DIA_Pyrokar_PotionofDeath_Potion_15_04","",""
"Scripts/Content/Story/Dialoge/DIA_KDF_500_Pyrokar.d:2316","Unterbrich mich nicht. Wenn das die echten Tränen Innos' sind, dann haben wir eine mächtige Waffe gegen den Feind.","내 말을 끊지 마라. 만약 이것이 진짜 이노스의 눈물이라면, 우리에게는 적에 맞설 강력한 무기가 생기는 것이다.","","False","DIA_Pyrokar_PotionofDeath_Potion_11_05","",""
"Scripts/Content/Story/Dialoge/DIA_KDF_500_Pyrokar.d:2320","Und was sind jetzt die Tränen Innos?","그래서 이노스의 눈물이란 게 뭡니까?","","False","DIA_Pyrokar_PotionofDeath_Potion.DIA_Pyrokar_PotionofDeath.DIA_Pyrokar_PotionofDeath_Teardrops","Info_AddChoice",""
"Scripts/Content/Story/Dialoge/DIA_KDF_500_Pyrokar.d:2321","Was meinst du mit Waffe?","무기라니 무슨 뜻입니까?","","False","DIA_Pyrokar_PotionofDeath_Potion.DIA_Pyrokar_PotionofDeath.DIA_Pyrokar_PotionofDeath_Weapon","Info_AddChoice",""
"Scripts/Content/Story/Dialoge/DIA_KDF_500_Pyrokar.d:2331","Was sind jetzt die Tränen Innos'?","그래서 이노스의 눈물이란 게 뭡니까?","","False","DIA_Pyrokar_PotionofDeath_Teardrops_15_00","",""
"Scripts/Content/Story/Dialoge/DIA_KDF_500_Pyrokar.d:2332","Als Innos erkannte, dass er Beliar, seinen eigenen Bruder, bekämpfen musste, um die Schöpfung zu erhalten, wurde er sehr traurig.","창조를 지키기 위해 자신의 형제인 벨리알과 싸워야 한다는 것을 깨달았을 때, 이노스는 너무나 큰 슬픔에 잠겼다.","","False","DIA_Pyrokar_PotionofDeath_Teardrops_11_01","",""
"Scripts/Content/Story/Dialoge/DIA_KDF_500_Pyrokar.d:2333","Er begann zu weinen und seine Tränen fielen herab auf die Welt. Es waren viele Tränen, denn sein Herz war so voll Trauer, dass er 13 Jahre weinte.","그는 울기 시작했고, 그의 눈물은 세상 위로 떨어졌다. 심장이 너무나 슬픔으로 가득 차서 13년 동안 눈물을 흘렸기에 그 양은 아주 많았다.","","False","DIA_Pyrokar_PotionofDeath_Teardrops_11_02","",""
"Scripts/Content/Story/Dialoge/DIA_KDF_500_Pyrokar.d:2334","Komm zum Punkt.","본론으로 들어가 주십시오.","","False","DIA_Pyrokar_PotionofDeath_Teardrops_15_03","",""
"Scripts/Content/Story/Dialoge/DIA_KDF_500_Pyrokar.d:2335","Die Menschen, die seine Tränen fanden und von ihnen kosteten, wurden erfüllt von einer übernatürlichen Kraft und Klarheit. Sie erkannten die Weisheit von Innos' Schöpfung und begannen, ihm zu dienen.","그의 눈물을 찾아 맛본 사람들은 초자연적인 힘과 명료함으로 채워졌다. 그들은 이노스 창조의 지혜를 깨닫고 그를 섬기기 시작했다.","","False","DIA_Pyrokar_PotionofDeath_Teardrops_11_04","",""
"Scripts/Content/Story/Dialoge/DIA_KDF_500_Pyrokar.d:2336","Sie waren die ersten Mitglieder der Gemeinschaft des Feuers. Die Tränen gaben ihnen Kraft, Mut und Weisheit. Doch das ist alles sehr lange her und schon seit über 250 Jahren hat niemand mehr eine Träne Innos' zu Gesicht bekommen.","그들이 불꽃 공동체의 최초의 구성원들이었다. 눈물은 그들에게 힘과 용기, 지혜를 주었다. 하지만 그 모든 것은 아주 오래전 일이며, 250년이 넘도록 이노스의 눈물을 본 사람은 아무도 없었다.","","False","DIA_Pyrokar_PotionofDeath_Teardrops_11_05","",""
"Scripts/Content/Story/Dialoge/DIA_KDF_500_Pyrokar.d:2343","Was meinst du mit Waffe?","무기라니 무슨 뜻입니까?","","False","DIA_Pyrokar_PotionofDeath_Weapon_15_00","",""
"Scripts/Content/Story/Dialoge/DIA_KDF_500_Pyrokar.d:2344","Es ist überliefert, dass die Streiter Innos' unter dem Einfluss dieser Substanz zu fast übermenschlichen Leistungen im Stande wahren.","이노스의 전사들은 이 물질의 영향 아래서 거의 초인적인 위업을 행할 수 있었다고 전해진다.","","False","DIA_Pyrokar_PotionofDeath_Weapon_11_01","",""
"Scripts/Content/Story/Dialoge/DIA_KDF_500_Pyrokar.d:2345","Sie waren immun gegen alle Arten der Erschöpfung und hatten die Kraft zweier Bären.","그들은 모든 피로에 면역이었으며 곰 두 마리의 힘을 지니고 있었다.","","False","DIA_Pyrokar_PotionofDeath_Weapon_11_02","",""
"Scripts/Content/Story/Dialoge/DIA_KDF_500_Pyrokar.d:2346","Die größten Heldentaten vergangener Tage waren nur durch die Tränen Innos' möglich.","과거의 가장 위대한 영웅적 업적들은 오직 이노스의 눈물을 통해서만 가능했던 것이다.","","False","DIA_Pyrokar_PotionofDeath_Weapon_11_03","",""
"Scripts/Content/Story/Dialoge/DIA_KDF_500_Pyrokar.d:2347","Verstehe.","이해했습니다.","","False","DIA_Pyrokar_PotionofDeath_Weapon_15_04","",""
"Scripts/Content/Story/Dialoge/DIA_KDF_500_Pyrokar.d:2348","Doch die Tränen könne ebenso Leid und Tod bringen. Nur Angehörigen unseres Ordens ist es möglich, diesen Trank zu trinken.","하지만 그 눈물은 고통과 죽음을 가져올 수도 있다. 우리 교단의 구성원들만이 이 포션을 마실 수 있다.","","False","DIA_Pyrokar_PotionofDeath_Weapon_11_05","",""
"Scripts/Content/Story/Dialoge/DIA_KDF_500_Pyrokar.d:2349","Alle anderen, ja selbst den Paladinen unseres Herren, stünde ein grausamer Tod bevor.","다른 이들이라면, 심지어 우리 주님의 팔라딘들조차도 끔찍한 죽음을 맞이하게 될 것이다.","","False","DIA_Pyrokar_PotionofDeath_Weapon_11_06","",""
"Scripts/Content/Story/Dialoge/DIA_KDF_501_Serpentes.d:51","(zurechtweisend) Was wagst du es, mich anzusprechen, Novize? Geh zurück an deine Arbeit.","(질책하며) 감히 어디에 대고 말을 걸느냐, 견습생? 네 일이나 하러 가거라.","","False","DIA_Serpentes_NOTALK_10_00","",""
"Scripts/Content/Story/Dialoge/DIA_KDF_501_Serpentes.d:54","Ich wollte gerade gehen (ENDE)","마침 가려던 참이었습니다 (종료)","","False","DIA_Serpentes_NOTALK_Info.DIA_Serpentes_NOTALK.DIA_Serpentes_NOTALK_EXIT","Info_AddChoice",""
"Scripts/Content/Story/Dialoge/DIA_KDF_501_Serpentes.d:55","Ich hätte noch eine Frage... ","아직 질문이 남아 있습니다... ","","False","DIA_Serpentes_NOTALK_Info.DIA_Serpentes_NOTALK.DIA_Serpentes_NOTALK_QUESTION","Info_AddChoice",""
"Scripts/Content/Story/Dialoge/DIA_KDF_501_Serpentes.d:60","Ich hätte noch eine Frage ...","아직 질문이 남아 있습니다...","","False","DIA_Serpentes_NOTALK_QUESTION_15_00","",""
"Scripts/Content/Story/Dialoge/DIA_KDF_501_Serpentes.d:61","(aufgebracht) Du scheinst nicht verstehen zu wollen. Ich entscheide, wann ich mit dir rede. Was glaubst du, wer du bist?","(화가 나서) 내 말을 이해하지 못하는 모양이구나. 내가 너와 대화할지 말지는 내가 결정한다. 네가 대체 누구라고 생각하는 거냐?","","False","DIA_Serpentes_NOTALK_QUESTION_10_01","",""
"Scripts/Content/Story/Dialoge/DIA_KDF_501_Serpentes.d:62","Und jetzt geh zurück an deine Arbeit!","당장 네 일이나 하러 가거라!","","False","DIA_Serpentes_NOTALK_QUESTION_10_02","",""
"Scripts/Content/Story/Dialoge/DIA_KDF_501_Serpentes.d:98","Deine Anwesenheit zeugt nicht nur von deinem Mangel an Respekt, sondern auch von deiner Dummheit, Novize!","네가 여기에 있는 것은 무례할 뿐만 아니라 어리석기까지 하다는 걸 보여주는 증거다, 견습생!","","False","DIA_Serpentes_GOAWAY_10_00","",""
"Scripts/Content/Story/Dialoge/DIA_KDF_501_Serpentes.d:111","Ich hörte, du hast die Prüfung des Feuers bestanden.","당신이 불의 시험을 통과했다고 들었습니다.","","False","DIA_Serpentes_YOURSTORY.description","",""
"Scripts/Content/Story/Dialoge/DIA_KDF_501_Serpentes.d:127","Ich hörte, du hast die Prüfung des Feuers bestanden.","당신이 불의 시험을 통과했다고 들었습니다.","","False","DIA_Serpentes_YOURSTORY_15_00","",""
"Scripts/Content/Story/Dialoge/DIA_KDF_501_Serpentes.d:128","(selbstgefällig) In aller Demut kann ich dies bestätigen. Jeder andere der es versucht hat, ist dabei gestorben.","(거만하게) 모든 겸손을 담아 이를 확인해 주지. 시도했던 다른 이들은 모두 죽었다.","","False","DIA_Serpentes_YOURSTORY_10_01","",""
"Scripts/Content/Story/Dialoge/DIA_KDF_501_Serpentes.d:129","(herablassend) Du solltest nicht versuchen, diese Prüfung abzulegen. Dein Geist ist schwach. Diene lieber dem Kloster und vielleicht wirst du in ein paar Jahren erwählt.","(우쭐거리며) 이 시험을 치르려고 하지 않는 게 좋을 것이다. 네 정신은 약하다. 차라리 수도원을 섬겨라. 어쩌면 몇 년 뒤에 선택받을지도 모르는 일이니까.","","False","DIA_Serpentes_YOURSTORY_10_02","",""
"Scripts/Content/Story/Dialoge/DIA_KDF_501_Serpentes.d:130","Ich werde die Prüfung bestehen.","나는 시험을 통과할 겁니다.","","False","DIA_Serpentes_YOURSTORY_15_03","",""
"Scripts/Content/Story/Dialoge/DIA_KDF_501_Serpentes.d:131","Wenn es Innos Wille ist, wirst du das. Aber wenn nicht - dann wirst du versagen.","이노스의 뜻이라면 그렇게 되겠지. 하지만 그렇지 않다면, 너는 실패할 것이다.","","False","DIA_Serpentes_YOURSTORY_10_04","",""
"Scripts/Content/Story/Dialoge/DIA_KDF_501_Serpentes.d:143","Ich stelle mich deiner Prüfung, Meister","당신의 시험에 응하겠습니다, 스승님.","","False","DIA_Serpentes_TEST.description","",""
"Scripts/Content/Story/Dialoge/DIA_KDF_501_Serpentes.d:157","Ich stelle mich deiner Prüfung, Meister.","당신의 시험에 응하겠습니다, 스승님.","","False","DIA_Serpentes_TEST_15_00","",""
"Scripts/Content/Story/Dialoge/DIA_KDF_501_Serpentes.d:158","So, du willst es also wissen. Nur ein mutiger Novize fordert die Prüfung. Aber Mut ist nicht alles, was du brauchst.","그래, 정말로 알고 싶단 말이지. 용기 있는 견습생만이 시험을 요구하는 법이다. 하지만 용기만이 전부가 아니야.","","False","DIA_Serpentes_TEST_10_01","",""
"Scripts/Content/Story/Dialoge/DIA_KDF_501_Serpentes.d:159","Bist du auch schlau genug, die Prüfung zu bestehen? Bist du stark genug, gegen die Gefahren anzutreten, die auf dich warten?","시험을 통과할 만큼 영리한가? 너를 기다리는 위험에 맞설 만큼 강한가?","","False","DIA_Serpentes_TEST_10_02","",""
"Scripts/Content/Story/Dialoge/DIA_KDF_501_Serpentes.d:160","Falls nicht, wirst du dafür mit deinem Leben bezahlen.","그렇지 못하다면, 목숨으로 대가를 치르게 될 것이다.","","False","DIA_Serpentes_TEST_10_03","",""
"Scripts/Content/Story/Dialoge/DIA_KDF_501_Serpentes.d:161","Also höre nun deine Prüfung: Suche am Platz der Steine den, der nicht geboren, finde ihn, der einst gerufen.","자, 이제 시험 내용을 들어라: 돌의 광장에서 태어난 적 없는 자를 찾아라. 한때 불렸던 자를 찾아내라.","","False","DIA_Serpentes_TEST_10_04","",""
"Scripts/Content/Story/Dialoge/DIA_KDF_501_Serpentes.d:162","Bezwinge den, der nicht bezwungen werden kann - messe dich mit dem lebenden Fels, kämpfe mit dem niemals sterbenden Stein - und zerstöre ihn.","정복될 수 없는 자를 굴복시켜라. 살아있는 바위와 겨루고, 결코 죽지 않는 돌과 싸워... 그것을 파괴해라.","","False","DIA_Serpentes_TEST_10_05","",""
"Scripts/Content/Story/Dialoge/DIA_KDF_501_Serpentes.d:183","Was für ein Wesen meinst du?","어떤 존재를 말씀하시는 겁니까?","","False","DIA_Serpentes_NOIDEA.description","",""
"Scripts/Content/Story/Dialoge/DIA_KDF_501_Serpentes.d:197","Lebender Fels ... ? Was für ein Wesen meinst du?","살아있는 바위라니...? 어떤 존재를 말씀하시는 겁니까?","","False","DIA_Serpentes_NOIDEA_15_00","",""
"Scripts/Content/Story/Dialoge/DIA_KDF_501_Serpentes.d:198","Ich habe dir alles gesagt. (spöttisch) Oder findest du diese Prüfung etwa zu schwer?","할 말은 다 했다. (조롱하며) 아니면 이 시험이 너무 어렵기라도 한가?","","False","DIA_Serpentes_NOIDEA_10_01","",""
"Scripts/Content/Story/Dialoge/DIA_KDF_501_Serpentes.d:199","Jetzt wirst du erfahren, was es bedeutet, die Prüfung des Feuers abzulegen - Ich werde dir keine weiteren Fragen beantworten.","이제 불의 시험을 치르는 게 무슨 뜻인지 알게 될 것이다. 더 이상 네 질문에 대답해주지 않겠다.","","False","DIA_Serpentes_NOIDEA_10_02","",""
"Scripts/Content/Story/Dialoge/DIA_KDF_501_Serpentes.d:232","(verächtlich) Geh und stelle dich deiner Aufgabe, Novize!","(경멸하듯) 가서 네 임무를 완수해라, 견습생!","","False","DIA_Serpentes_NOHELP_10_00","",""
"Scripts/Content/Story/Dialoge/DIA_KDF_501_Serpentes.d:245","Ich habe den Golem besiegt","골렘을 쓰러뜨렸습니다.","","False","DIA_Serpentes_SUCCESS.description","",""
"Scripts/Content/Story/Dialoge/DIA_KDF_501_Serpentes.d:263","Ich habe den Golem besiegt.","골렘을 쓰러뜨렸습니다.","","False","DIA_Serpentes_SUCCESS_15_00","",""
"Scripts/Content/Story/Dialoge/DIA_KDF_501_Serpentes.d:264","Was? Du hast es tatsächlich geschafft? Aber ohne den Hammer von Innos hättest du den Golem nie vernichten können.","뭐라고? 네가 정말 해냈단 말인가? 하지만 이노스의 망치가 없었다면 골렘을 파괴하는 건 불가능했을 텐데.","","False","DIA_Serpentes_SUCCESS_10_01","",""
"Scripts/Content/Story/Dialoge/DIA_KDF_501_Serpentes.d:268","(triumphierend) Aber genau das hat dich verraten! Du warst es, der Garwig umgebracht hat!","(의기양양하게) 하지만 바로 그 점 때문에 네 정체가 드러났다! 가르비히를 죽인 건 바로 너였어!","","False","DIA_Serpentes_SUCCESS_10_02","",""
"Scripts/Content/Story/Dialoge/DIA_KDF_501_Serpentes.d:269","EMPFANGE DIE STRAFE FÜR DEN MORD AN EINEM DIENER INNOS'!!!","이노스의 하인을 살해한 대가를 치르게 될 것이다!!!","","False","DIA_Serpentes_SUCCESS_10_03","",""
"Scripts/Content/Story/Dialoge/DIA_KDF_501_Serpentes.d:276","(zerknirscht) Dennoch muss ich dir zugestehen, dass du die Aufgabe erfüllt hast, vor die ich dich gestellt habe.","(씁쓸하게) 그럼에도 불구하고, 네가 내게 받은 임무를 완수했다는 사실은 인정해야겠지.","","False","DIA_Serpentes_SUCCESS_10_04","",""
"Scripts/Content/Story/Dialoge/DIA_KDF_501_Serpentes.d:281","Und den Hammer nehme ich mal besser an mich.","그리고 그 망치는 내가 직접 보관하는 게 좋겠군.","","False","DIA_Serpentes_SUCCESS_10_05","",""
"Scripts/Content/Story/Dialoge/DIA_KDF_501_Serpentes.d:301","Hast du mir noch etwas zu sagen?","전하실 말씀이라도 있으십니까?","","False","DIA_Serpentes_PERM.description","",""
"Scripts/Content/Story/Dialoge/DIA_KDF_501_Serpentes.d:315","Hast du mir noch etwas zu sagen?","전하실 말씀이라도 있으십니까?","","False","DIA_Serpentes_PERM_15_00","",""
"Scripts/Content/Story/Dialoge/DIA_KDF_501_Serpentes.d:319","Nein. Im Moment nicht, Bruder.","아니. 지금은 없다, 형제여.","","False","DIA_Serpentes_PERM_10_01","",""
"Scripts/Content/Story/Dialoge/DIA_KDF_501_Serpentes.d:323","Entferne dich. Du weißt, was du zu tun hast.","물러가라. 자신이 해야 할 일이 무엇인지 알겠지.","","False","DIA_Serpentes_PERM_10_02","",""
"Scripts/Content/Story/Dialoge/DIA_KDF_501_Serpentes.d:417","Nicht so schnell. Ich habe noch eine Aufgabe für dich.","그렇게 서두르지 마라. 아직 네게 맡길 임무가 하나 더 있다.","","False","DIA_Serpentes_MinenAnteile_10_00","",""
"Scripts/Content/Story/Dialoge/DIA_KDF_501_Serpentes.d:421","(seufzt) Und das wäre?","(한숨을 쉬며) 그것이 무엇입니까?","","False","DIA_Serpentes_MinenAnteile_15_01","",""
"Scripts/Content/Story/Dialoge/DIA_KDF_501_Serpentes.d:422","Jetzt, da du der Gemeinschaft des Feuers angehörst, wirst du auch den Pflichten einer solchen nachkommen müssen.","이제 네가 불꽃 공동체의 일원이 되었으니, 그에 걸맞은 임무도 다해야 할 것이다.","","False","DIA_Serpentes_MinenAnteile_10_02","",""
"Scripts/Content/Story/Dialoge/DIA_KDF_501_Serpentes.d:423","Die Kirche hat sich nicht nur um die Belange der Magie zu kümmern, sie ist auch die letzte Instanz in der Rechtsprechung, wie du weißt.","교단은 마법에 관한 일만 돌보는 것이 아니라, 알다시피 사법 집행의 최종 기관이기도 하다.","","False","DIA_Serpentes_MinenAnteile_10_03","",""
"Scripts/Content/Story/Dialoge/DIA_KDF_501_Serpentes.d:424","Der jüngste Fall, der uns vorgetragen wurde, ist ein bodenloser Schlund und muss aus der Welt geschaffen werden.","우리에게 제기된 가장 최근의 사건은 아주 깊은 나락과도 같으니 반드시 해결해야 한다.","","False","DIA_Serpentes_MinenAnteile_10_04","",""
"Scripts/Content/Story/Dialoge/DIA_KDF_501_Serpentes.d:436","Ich habe schon genug zu tun. Sucht dir jemand anderen.","이미 할 일이 충분히 많습니다. 다른 사람을 찾으시죠.","","False","DIA_Serpentes_MinenAnteile_Info.DIA_Serpentes_MinenAnteile.DIA_Serpentes_MinenAnteile_nein","Info_AddChoice",""
"Scripts/Content/Story/Dialoge/DIA_KDF_501_Serpentes.d:428","Worum geht´s?","무슨 일입니까?","","False","DIA_Serpentes_MinenAnteile_Info.DIA_Serpentes_MinenAnteile.DIA_Serpentes_MinenAnteile_was","Info_AddChoice",""
"Scripts/Content/Story/Dialoge/DIA_KDF_501_Serpentes.d:429","Ist das nicht die Angelegenheit der Miliz?","그건 민병대가 처리할 일 아닙니까?","","False","DIA_Serpentes_MinenAnteile_Info.DIA_Serpentes_MinenAnteile.DIA_Serpentes_MinenAnteile_miliz","Info_AddChoice",""
"Scripts/Content/Story/Dialoge/DIA_KDF_501_Serpentes.d:433","Ein käuflicher Söldner deines Schlages könnte uns in dieser Angelegenheit von Nutzen sein.","너 같은 사병 출신의 용병이라면 이 일에 유용하게 쓰일 수 있을 것이다.","","False","DIA_Serpentes_MinenAnteile_10_05","",""
"Scripts/Content/Story/Dialoge/DIA_KDF_501_Serpentes.d:437","Wen soll ich töten?","누구를 죽이면 됩니까?","","False","DIA_Serpentes_MinenAnteile_Info.DIA_Serpentes_MinenAnteile.DIA_Serpentes_MinenAnteile_KillSLD","Info_AddChoice",""
"Scripts/Content/Story/Dialoge/DIA_KDF_501_Serpentes.d:443","Ist das nicht die Angelegenheit der Miliz?","그건 민병대가 처리할 일 아닙니까?","","False","DIA_Serpentes_MinenAnteile_miliz_15_00","",""
"Scripts/Content/Story/Dialoge/DIA_KDF_501_Serpentes.d:444","Die Miliz ist allein für die Stadt verantwortlich. Diese Angelegenheit hat weitreichendere Konsequenzen.","민병대는 오직 도시만을 담당할 뿐이다. 이번 사건은 훨씬 더 광범위한 여파를 불러일으킬 수 있어.","","False","DIA_Serpentes_MinenAnteile_miliz_10_01","",""
"Scripts/Content/Story/Dialoge/DIA_KDF_501_Serpentes.d:449","Ich habe schon genug zu tun. Such dir jemand anderen.","이미 할 일이 충분히 많습니다. 다른 사람을 찾으시죠.","","False","DIA_Serpentes_MinenAnteile_nein_15_00","",""
"Scripts/Content/Story/Dialoge/DIA_KDF_501_Serpentes.d:450","(erbost) Das ist ja ungeheuerlich. So wirst du nie die höheren Kreise der Magie erreichen, wenn du nicht gewillt bist, der Gemeinschaft einen Dienst zu erweisen.","(분노하며) 기가 막히는군. 공동체를 위해 봉사할 의지가 없다면 너는 결코 마법의 더 높은 경지에 이르지 못할 것이다.","","False","DIA_Serpentes_MinenAnteile_nein_10_01","",""
"Scripts/Content/Story/Dialoge/DIA_KDF_501_Serpentes.d:451","Ich erteile dir hiermit einen Verweis. Ich hoffe, das wird sich nicht wiederholen, sonst wird das noch böse enden mit dir.","이 시간부로 너를 견책한다. 앞으로 이런 일이 다시는 없기를 바란다. 그렇지 않으면 너는 곤경에 처하게 될 것이다.","","False","DIA_Serpentes_MinenAnteile_nein_10_02","",""
"Scripts/Content/Story/Dialoge/DIA_KDF_501_Serpentes.d:457","Worum geht's?","무슨 일입니까?","","False","DIA_Serpentes_MinenAnteile_was_15_00","",""
"Scripts/Content/Story/Dialoge/DIA_KDF_501_Serpentes.d:458","Es gibt jemanden in der Stadt, der gefälschte Anteile für die Erzminen der ehemaligen Sträflingskolonie verkauft.","도시 안에 옛 죄수 교도소의 광산에 대한 위조 광산 주식을 팔고 다니는 자가 있다.","","False","DIA_Serpentes_MinenAnteile_was_10_01","",""
"Scripts/Content/Story/Dialoge/DIA_KDF_501_Serpentes.d:459","Diese Papiere sind völlig wertlos und haben auch keine Relevanz, doch schüren sie unter den Leuten ein gewisses Streitpotential, das wir uns jetzt nicht leisten können.","이 증서들은 완전히 가치 없고 아무런 의미도 없지만, 지금 우리가 감당할 수 없는 분쟁의 불씨를 사람들 사이에 지피고 있지.","","False","DIA_Serpentes_MinenAnteile_was_10_02","",""
"Scripts/Content/Story/Dialoge/DIA_KDF_501_Serpentes.d:460","Der Betrüger soll an alle namhaften Händler in der Stadt und auf dem Land herangetreten sein und bei einigen scheint er seine gefälschten Minenanteile sogar verkauft zu haben.","그 사기꾼은 도시와 지방의 모든 저명한 상인들에게 접근했으며, 그중 몇몇에게는 위조된 광산 주식을 실제로 팔아넘기까지 한 것 같다.","","False","DIA_Serpentes_MinenAnteile_was_10_03","",""
"Scripts/Content/Story/Dialoge/DIA_KDF_501_Serpentes.d:461","Finde diesen Übeltäter und bringe ihn vor dieses Podium. In solchen schweren Zeiten dürfen wir keine Betrüger und Plünderer dulden.","이 악당을 찾아내어 이 단상 앞으로 끌고 오너라. 이토록 힘든 시기에 사기꾼들과 약탈자들을 용납할 수는 없다.","","False","DIA_Serpentes_MinenAnteile_was_10_04","",""
"Scripts/Content/Story/Dialoge/DIA_KDF_501_Serpentes.d:462","Wir werden an ihm ein Exempel statuieren müssen, um den restlichen Pöbel abzuschrecken.","나머지 폭도들에게 본보기로 삼기 위해서라도 그를 본보기로 처벌해야 한다.","","False","DIA_Serpentes_MinenAnteile_was_10_05","",""
"Scripts/Content/Story/Dialoge/DIA_KDF_501_Serpentes.d:464","Ich werde versuchen, die Sache zu klären.","사건을 해결해 보도록 하겠습니다.","","False","DIA_Serpentes_MinenAnteile_was.DIA_Serpentes_MinenAnteile.DIA_Serpentes_MinenAnteile_was_ja","Info_AddChoice",""
"Scripts/Content/Story/Dialoge/DIA_KDF_501_Serpentes.d:469","Ich werde versuchen, die Sache zu klären.","사건을 해결해 보도록 하겠습니다.","","False","DIA_Serpentes_MinenAnteile_was_ja_15_00","",""
"Scripts/Content/Story/Dialoge/DIA_KDF_501_Serpentes.d:470","Vielleicht noch eine Anmerkung. Wenn du die Händler des Landes aufsuchst, dann lass sie nicht merken, dass du nach den Minenanteilen suchst.","한 가지만 더 일러두마. 지방의 상인들을 찾아갈 때, 광산 주식을 찾고 있다는 티를 내서는 안 된다.","","False","DIA_Serpentes_MinenAnteile_was_ja_10_01","",""
"Scripts/Content/Story/Dialoge/DIA_KDF_501_Serpentes.d:471","Ich denke, sie werden sie weiter verkaufen wollen und würden sie dir sicherlich nicht mehr anbieten, wenn sie merken, dass du im Auftrag der Kirche mit ihnen handelst, verstehst du?","그들은 주식을 계속 팔아넘기고 싶어 할 테니, 네가 교단의 명을 받아 그들과 거래하러 온 것을 알면 더 이상 주식을 제안하지 않을 것이다. 알겠느냐?","","False","DIA_Serpentes_MinenAnteile_was_ja_10_02","",""
"Scripts/Content/Story/Dialoge/DIA_KDF_501_Serpentes.d:472","Ja.","네.","","False","DIA_Serpentes_MinenAnteile_was_ja_15_03","",""
"Scripts/Content/Story/Dialoge/DIA_KDF_501_Serpentes.d:473","Dann mach dich an die Arbeit. Ich wüsche dir viel Erfolg, Bruder.","그럼 가서 일에 착수해라. 행운을 빈다, 형제여.","","False","DIA_Serpentes_MinenAnteile_was_ja_10_04","",""
"Scripts/Content/Story/Dialoge/DIA_KDF_501_Serpentes.d:541","Wen soll ich töten?","누구를 죽이면 됩니까?","","False","DIA_Serpentes_MinenAnteile_Kill_15_00","",""
"Scripts/Content/Story/Dialoge/DIA_KDF_501_Serpentes.d:542","Um Innos willen. Natürlich niemanden. Die Sache verlangt schon ein wenig mehr Feingefühl, du grober Klotz.","이노스 맙소사. 당연히 아무도 죽이지 않는다. 이번 일은 좀 더 섬세한 수완이 필요하다고, 이 둔탱아.","","False","DIA_Serpentes_MinenAnteile_Kill_10_01","",""
"Scripts/Content/Story/Dialoge/DIA_KDF_501_Serpentes.d:543","Salandril, der Alchemist des oberen Viertels der Stadt, hat sich eines schweren Verbrechens schuldig gemacht und muss dafür bestraft werden.","도시 상층 구역의 연금술사 살란드릴은 중대한 범죄를 저질렀으므로 그에 상응하는 처벌을 받아야 한다.","","False","DIA_Serpentes_MinenAnteile_Kill_10_02","",""
"Scripts/Content/Story/Dialoge/DIA_KDF_501_Serpentes.d:544","Doch er weigert sich, ins Kloster zu kommen, um sich verurteilen zu lassen. Bringe ihn hierher.","하지만 그는 심판을 받기 위해 수도원으로 오는 것을 거부하고 있다. 그를 이리로 끌고 와라.","","False","DIA_Serpentes_MinenAnteile_Kill_10_03","",""
"Scripts/Content/Story/Dialoge/DIA_KDF_501_Serpentes.d:545","Wie du das anstellst, ist uns gleich. Du sollst natürlich auch dafür belohnt werden.","어떻게 해내든 우리로서는 상관없다. 물론 그에 대한 보상도 받을 것이다.","","False","DIA_Serpentes_MinenAnteile_Kill_10_04","",""
"Scripts/Content/Story/Dialoge/DIA_KDF_501_Serpentes.d:547","Ist das nicht die Angelegenheit der Miliz?","그건 민병대가 할 일 아닌가요?","","False","DIA_Serpentes_MinenAnteile_KillSLD.DIA_Serpentes_MinenAnteile.DIA_Serpentes_MinenAnteile_miliz","Info_AddChoice",""
"Scripts/Content/Story/Dialoge/DIA_KDF_501_Serpentes.d:548","Kein Problem. Ich kümmere mich darum.","문제없습니다. 제가 처리하죠.","","False","DIA_Serpentes_MinenAnteile_KillSLD.DIA_Serpentes_MinenAnteile.DIA_Serpentes_MinenAnteile_was_jaSLD","Info_AddChoice",""
"Scripts/Content/Story/Dialoge/DIA_KDF_501_Serpentes.d:554","Kein Problem. Ich kümmere mich darum.","문제없습니다. 제가 처리하죠.","","False","DIA_Serpentes_MinenAnteile_was_jaSLD_15_00","",""
"Scripts/Content/Story/Dialoge/DIA_KDF_501_Serpentes.d:555","Gut. Wir erwarten von dir in ein paar Tagen zu hören.","좋다. 며칠 안에 네 소식을 들을 수 있기를 기대하지.","","False","DIA_Serpentes_MinenAnteile_was_jaSLD_10_01","",""
"Scripts/Content/Story/Dialoge/DIA_KDF_501_Serpentes.d:574","Wegen der gefälschten Erzminenanteile...","위조된 광산 주식에 관해서...","","False","DIA_Serpentes_MinenAnteileBringen.description","",""
"Scripts/Content/Story/Dialoge/DIA_KDF_501_Serpentes.d:600","Ich habe einen Minenanteil ausmachen können.","광산 주식을 하나 찾아냈습니다.","","False","DIA_Serpentes_MinenAnteileBringen_15_00","",""
"Scripts/Content/Story/Dialoge/DIA_KDF_501_Serpentes.d:607","Ich habe einige Minenanteile ausmachen können.","광산 주식 몇 장을 찾아냈습니다.","","False","DIA_Serpentes_MinenAnteileBringen_15_01","",""
"Scripts/Content/Story/Dialoge/DIA_KDF_501_Serpentes.d:627","Sehr gut. Du musst sie alle aus dem Verkehr ziehen. Das ist Gift für das Volk. Bring sie mir alle her.","아주 좋군. 그것들을 전부 회수해야 한다. 그것은 백성들에게 독이나 다름없어. 전부 내게 가져오너라.","","False","DIA_Serpentes_MinenAnteileBringen_10_02","",""
"Scripts/Content/Story/Dialoge/DIA_KDF_501_Serpentes.d:628","Hier. Ich gebe dir die Mittel dazu.","여기 있다. 여기에 필요한 수단을 주마.","","False","DIA_Serpentes_MinenAnteileBringen_10_03","",""
"Scripts/Content/Story/Dialoge/DIA_KDF_501_Serpentes.d:632","Ich schätze, das waren alle.","이게 전부인 것 같습니다.","","False","DIA_Serpentes_MinenAnteileBringen_15_04","",""
"Scripts/Content/Story/Dialoge/DIA_KDF_501_Serpentes.d:633","Gut gemacht. Du hast dir eine Belohnung verdient.","잘했다. 보상을 받을 자격이 충분하다.","","False","DIA_Serpentes_MinenAnteileBringen_10_05","",""
"Scripts/Content/Story/Dialoge/DIA_KDF_501_Serpentes.d:634","Nimm dieses Schutzamulett. Es wird dir weiterhelfen auf den Wegen, die du noch beschreiten wirst.","이 보호 부적을 받도록 해라. 앞으로 네가 걸어갈 길에 큰 도움이 될 것이다.","","False","DIA_Serpentes_MinenAnteileBringen_10_06","",""
"Scripts/Content/Story/Dialoge/DIA_KDF_501_Serpentes.d:640","Das ist jetzt doch aber wirklich das letzte, oder?","이게 정말 마지막인 거죠?","","False","DIA_Serpentes_MinenAnteileBringen_10_07","",""
"Scripts/Content/Story/Dialoge/DIA_KDF_501_Serpentes.d:658","Ich weiß, wer die Minenanteile in Umlauf gebracht hat.","광산 주식을 유통한 사람이 누군지 알고 있습니다.","","False","DIA_Serpentes_GOTSalandril.description","",""
"Scripts/Content/Story/Dialoge/DIA_KDF_501_Serpentes.d:672","Ich weiß, wer die Minenanteile in Umlauf gebracht hat. Es war Salandril, der Alchemist im oberen Viertel der Stadt.","광산 주식을 유통한 사람이 누군지 알고 있습니다. 도시 상층 구역의 연금술사 살란드릴입니다.","","False","DIA_Serpentes_GOTSalandril_15_00","",""
"Scripts/Content/Story/Dialoge/DIA_KDF_501_Serpentes.d:673","Dann bringe ihn hierher. Wir haben mit ihm zu reden.","그럼 그를 이리로 데려와라. 할 말이 있으니까.","","False","DIA_Serpentes_GOTSalandril_10_01","",""
"Scripts/Content/Story/Dialoge/DIA_KDF_501_Serpentes.d:686","Salandril ist hier im Kloster.","살란드릴은 지금 수도원에 있습니다.","","False","DIA_Serpentes_SalandrilHERE.description","",""
"Scripts/Content/Story/Dialoge/DIA_KDF_501_Serpentes.d:711","Salandril ist hier im Kloster.","살란드릴은 지금 수도원에 있습니다.","","False","DIA_Serpentes_SalandrilHERE_15_00","",""
"Scripts/Content/Story/Dialoge/DIA_KDF_501_Serpentes.d:712","Gut gemacht. Wir werden uns später mit ihm befassen.","잘했다. 그에 대한 처우는 우리가 알아서 하겠다.","","False","DIA_Serpentes_SalandrilHERE_10_01","",""
"Scripts/Content/Story/Dialoge/DIA_KDF_501_Serpentes.d:716","Hier hast du deine Belohnung. Und jetzt kein Wort mehr darüber, verstanden?","여기 네 보상이다. 그리고 이제 이 일에 대해선 더 이상 입 밖에 내지 마라, 알겠나?","","False","DIA_Serpentes_SalandrilHERE_10_02","",""
"Scripts/Content/Story/Dialoge/DIA_KDF_501_Serpentes.d:734","Salandril ist tot.","살란드릴은 죽었습니다.","","False","DIA_Serpentes_SalandrilDEAD.description","",""
"Scripts/Content/Story/Dialoge/DIA_KDF_501_Serpentes.d:754","Salandril ist tot.","살란드릴은 죽었습니다.","","False","DIA_Serpentes_SalandrilDEAD_15_00","",""
"Scripts/Content/Story/Dialoge/DIA_KDF_501_Serpentes.d:755","Nun, dann ist seine Tat nicht ungesühnt geblieben. Innos sei seiner armen Seele gnädig.","그렇다면 그의 죄가 씻기지 않은 채 남지는 않았겠군요. 이노스께서 그의 불쌍한 영혼에 자비를 베푸시기를.","","False","DIA_Serpentes_SalandrilDEAD_10_01","",""
"Scripts/Content/Story/Dialoge/DIA_KDF_502_Ulthar.d:51","Schau an, der neue Novize erscheint vor dem hohen Rat. Innos sei mit dir, Sohn.","이거 보게, 새로운 견습생이 최고 평의회 앞에 나타났군. 이노스께서 함께하시기를, 아들이여.","","False","DIA_Ulthar_GREET_05_00","",""
"Scripts/Content/Story/Dialoge/DIA_KDF_502_Ulthar.d:52","Was genau ist die Aufgabe des Hohen Rates?","최고 평의회의 임무는 정확히 무엇입니까?","","False","DIA_Ulthar_GREET_15_01","",""
"Scripts/Content/Story/Dialoge/DIA_KDF_502_Ulthar.d:53","Unsere Pflicht ist es, den Willen Innos' zu verkünden. So benennen wir die erwählten Novizen, denen die Prüfung der Magie auferlegt wird.","우리의 임무는 이노스의 뜻을 선포하는 것이다. 그리하여 마법의 시험을 치르게 될 선택된 견습생들을 지명하지.","","False","DIA_Ulthar_GREET_05_02","",""
"Scripts/Content/Story/Dialoge/DIA_KDF_502_Ulthar.d:54","Auch wenn wir sehr zurückgezogen leben, richten wir unsere Blicke auf die Geschehnisse der Welt, denn die Kirche Innos' vertritt das oberste weltliche Gesetz.","비록 우리는 세상과 단절되어 살아가지만 세상의 일에도 눈을 돌리고 있다. 이노스의 교회가 최고 세속법을 대변하기 때문이다.","","False","DIA_Ulthar_GREET_05_03","",""
"Scripts/Content/Story/Dialoge/DIA_KDF_502_Ulthar.d:55","So, die Geschehnisse der Welt interessieren euch also ...","그렇군요, 세상 돌아가는 일에 관심이 있으시다...","","False","DIA_Ulthar_GREET_15_04","",""
"Scripts/Content/Story/Dialoge/DIA_KDF_502_Ulthar.d:56","Was sagt ihr dann dazu, dass Drachen im Minental sitzen und ihre Armee jeden Tag wächst?","그렇다면 광산 계곡에 드래곤들이아 도사리고 있고 그들의 군대가 나날이 불어나는 것에 대해서는 어떻게 생각하십니까?","","False","DIA_Ulthar_GREET_15_05","",""
"Scripts/Content/Story/Dialoge/DIA_KDF_502_Ulthar.d:57","Ich verstehe, dass du aufgebracht bist, doch wir müssen deine Worte erst prüfen, bevor wir Schritte einleiten.","네가 화가 난 것은 이해하지만, 어떤 조치를 취하기 전에 네 말을 먼저 검토해 보아야 한다.","","False","DIA_Ulthar_GREET_05_06","",""
"Scripts/Content/Story/Dialoge/DIA_KDF_502_Ulthar.d:58","Wenn wir uns jetzt zu unüberlegten Handlungen hinreißen lassen, erreichen wir gar nichts. Also erfülle deine Aufgaben - und wir beraten, was zu tun ist.","지금 성급한 행동에 휩쓸린다면 아무것도 이루지 못할 것이다. 그러니 네 임무를 다해라. 그럼 무엇을 해야 할지 논의해 볼 테니.","","False","DIA_Ulthar_GREET_05_07","",""
"Scripts/Content/Story/Dialoge/DIA_KDF_502_Ulthar.d:70","Erzähl mir über die Prüfung der Magie.","마법의 시험에 대해 말해 주십시오.","","False","DIA_Ulthar_MAGETEST.description","",""
"Scripts/Content/Story/Dialoge/DIA_KDF_502_Ulthar.d:83","Erzähl mir über die Prüfung der Magie.","마법의 시험에 대해 말해 주십시오.","","False","DIA_Ulthar_MAGETEST_15_00","",""
"Scripts/Content/Story/Dialoge/DIA_KDF_502_Ulthar.d:84","Es ist die Chance für den erwählten Novizen, in die Gilde der Magier einzutreten. Aber nur einer kann die Prüfung bestehen.","선택된 견습생이 마법사의 길드에 들어갈 수 있는 기회다. 하지만 오직 한 사람만이 시험을 통과할 수 있지.","","False","DIA_Ulthar_MAGETEST_05_01","",""
"Scripts/Content/Story/Dialoge/DIA_KDF_502_Ulthar.d:85","Und nur Innos allein wählt die Novizen dafür aus.","그리고 오직 이노스만이 그럴 견습생들을 선택하신다.","","False","DIA_Ulthar_MAGETEST_05_02","",""
"Scripts/Content/Story/Dialoge/DIA_KDF_502_Ulthar.d:98","Wann findet die Prüfung statt?","시험은 언제 치러집니까?","","False","DIA_Ulthar_WHEN.description","",""
"Scripts/Content/Story/Dialoge/DIA_KDF_502_Ulthar.d:112","Wann findet die Prüfung statt?","시험은 언제 치러집니까?","","False","DIA_Ulthar_WHEN_15_00","",""
"Scripts/Content/Story/Dialoge/DIA_KDF_502_Ulthar.d:113","Sobald wir den Willen Innos' vernommen haben. Die erwählten Novizen erfahren es von uns und wir stellen sie vor die Prüfung.","이노스의 뜻을 전해 들은 즉시. 선택된 견습생들은 우리에게서 통보를 받고 시험을 치르게 될 것이다.","","False","DIA_Ulthar_WHEN_05_01","",""
"Scripts/Content/Story/Dialoge/DIA_KDF_502_Ulthar.d:125","Ich stelle mich deiner Prüfung, Meister","당신의 시험을 받겠습니다, 스승님.","","False","DIA_Ulthar_TEST.description","",""
"Scripts/Content/Story/Dialoge/DIA_KDF_502_Ulthar.d:138","Ich stelle mich deiner Prüfung, Meister.","당신의 시험을 받겠습니다, 스승님.","","False","DIA_Ulthar_TEST_15_00","",""
"Scripts/Content/Story/Dialoge/DIA_KDF_502_Ulthar.d:139","Es verwundert mich nicht, dass du das alte Gesetz kennst.","네가 고대의 율법을 알고 있다고 해도 놀랍지 않군.","","False","DIA_Ulthar_TEST_05_01","",""
"Scripts/Content/Story/Dialoge/DIA_KDF_502_Ulthar.d:140","Aber ich schätze, du hast keine Ahnung, auf was du dich eingelassen hast. Bedenke, dass ein ungeduldiger Geist nicht vor der Prüfung des Feuers bestehen wird.","하지만 넌 자신이 무슨 일에 뛰어들었는지 전혀 모르는 것 같군. 참을성 없는 정신으로는 불의 시험을 통과할 수 없음을 명심해라.","","False","DIA_Ulthar_TEST_05_02","",""
"Scripts/Content/Story/Dialoge/DIA_KDF_502_Ulthar.d:141","Es ist lange her, dass diese Prüfung abgelegt wurde. Und es gibt nur einen Mann, der sie je überlebt und auch bestanden hat.","이 시험이 치러진 지는 꽤 오래되었다. 그리고 그 시험에서 살아남아 통과한 사람은 단 한 명뿐이지.","","False","DIA_Ulthar_TEST_05_03","",""
"Scripts/Content/Story/Dialoge/DIA_KDF_502_Ulthar.d:142","Damals war er noch ein junger aufstrebender Novize, heute hat er längst seinen Platz im hohen Rat gefunden - ich spreche von Serpentes.","당시 그는 패기 넘치는 어린 견습생에 불과했지만 지금은 최고 평의회에서 확고한 자리를 잡고 있다. 바로 세르펜테스 말이다.","","False","DIA_Ulthar_TEST_05_04","",""
"Scripts/Content/Story/Dialoge/DIA_KDF_502_Ulthar.d:143","Er wird nicht mehr lange der Einzige sein, der die Prüfung bestanden hat.","그 시험을 통과한 유일한 사람이 되는 것도 이제 얼마 남지 않았군요.","","False","DIA_Ulthar_TEST_15_05","",""
"Scripts/Content/Story/Dialoge/DIA_KDF_502_Ulthar.d:144","Dann will ich dich nicht länger warten lassen. Höre meine Prüfung an dich:","그렇다면 더 이상 기다리게 하지 않겠다. 내 시험을 들어라:","","False","DIA_Ulthar_TEST_05_06","",""
"Scripts/Content/Story/Dialoge/DIA_KDF_502_Ulthar.d:145","Erschaffe eine Feuerpfeil - Rune. Das ist alles - möge Innos dir beistehen.","화염 화살 룬을 제작하라. 그것뿐이다. 이노스께서 너를 돕기를.","","False","DIA_Ulthar_TEST_05_07","",""
"Scripts/Content/Story/Dialoge/DIA_KDF_502_Ulthar.d:180","Du kennst deine Aufgabe. Erledige sie.","자신의 임무를 알았을 테니, 수행하도록.","","False","DIA_Ulthar_RUNNING_05_00","",""
"Scripts/Content/Story/Dialoge/DIA_KDF_502_Ulthar.d:194","Ich habe die Rune erschaffen!","룬을 제작했습니다!","","False","DIA_Ulthar_SUCCESS.description","",""
"Scripts/Content/Story/Dialoge/DIA_KDF_502_Ulthar.d:208","Ich habe die Rune erschaffen!","룬을 제작했습니다!","","False","DIA_Ulthar_SUCCESS_15_00","",""
"Scripts/Content/Story/Dialoge/DIA_KDF_502_Ulthar.d:209","Gut gemacht, Novize. Du sollst diese, deine erste Rune behalten.","잘했다, 견습생이여. 네가 만든 첫 번째 룬이니 가지도록 해라.","","False","DIA_Ulthar_SUCCESS_05_01","",""
"Scripts/Content/Story/Dialoge/DIA_KDF_502_Ulthar.d:210","Wenn du den ersten Kreis des Feuers erreicht hast, wirst du ihre Kraft nutzen können.","불의 서클에 도달하면 그 힘을 사용할 수 있을 것이다.","","False","DIA_Ulthar_SUCCESS_05_02","",""
"Scripts/Content/Story/Dialoge/DIA_KDF_502_Ulthar.d:211","Diese Prüfung hast du zu meiner Zufriedenheit erfüllt.","너는 내 마음에 들 정도로 이 시험을 완수했다.","","False","DIA_Ulthar_SUCCESS_05_03","",""
"Scripts/Content/Story/Dialoge/DIA_KDF_502_Ulthar.d:216","Aber die gefährliche Aufgabe, die Serpentes dir gestellt hat, liegt noch vor dir!","하지만 세르펜테스가 네게 내린 위험한 임무가 아직 남아 있다!","","False","DIA_Ulthar_SUCCESS_05_04","",""
"Scripts/Content/Story/Dialoge/DIA_KDF_502_Ulthar.d:267","Gibt's was Neues?","새로운 소식이라도 있습니까?","","False","DIA_Ulthar_PermAbKap3.description","",""
"Scripts/Content/Story/Dialoge/DIA_KDF_502_Ulthar.d:281","Gibt's was Neues?","새로운 소식이라도 있습니까?","","False","DIA_Ulthar_PermAbKap3_15_00","",""
"Scripts/Content/Story/Dialoge/DIA_KDF_502_Ulthar.d:285","Zurzeit nicht. Geh und erledige deine Aufgaben. Du hast noch viel zu tun.","지금은 없다. 가서 네 임무를 완수해라. 아직 할 일이 많다.","","False","DIA_Ulthar_PermAbKap3_05_01","",""
"Scripts/Content/Story/Dialoge/DIA_KDF_502_Ulthar.d:289","Nein. Nichts, was du nicht schon wüsstest, Bruder.","아니. 네가 이미 알고 있는 것 외에는 없다, 형제여.","","False","DIA_Ulthar_PermAbKap3_05_02","",""
"Scripts/Content/Story/Dialoge/DIA_KDF_502_Ulthar.d:319","Eine Sache noch. Einige der von Innos geweihten Wegschreine sind vom Feind geschändet worden. Sie haben ihre magische Weihe verloren.","한 가지 더. 이노스께 바쳐진 길가의 성소 중 일부가 적들에 의해 더럽혀졌다. 그것들은 마법의 축복을 잃었지.","","False","DIA_Ulthar_SCHREINEVERGIFTET_05_00","",""
"Scripts/Content/Story/Dialoge/DIA_KDF_502_Ulthar.d:320","Verstehe. Und nun?","알겠습니다. 그래서요?","","False","DIA_Ulthar_SCHREINEVERGIFTET_15_01","",""
"Scripts/Content/Story/Dialoge/DIA_KDF_502_Ulthar.d:321","Es ist an dir, diese Schreine wieder zu reinigen, um die Situation nicht eskalieren zu lassen.","상황이 악화되지 않도록 이 성소들을 다시 정화하는 것은 네 몫이다.","","False","DIA_Ulthar_SCHREINEVERGIFTET_05_02","",""
"Scripts/Content/Story/Dialoge/DIA_KDF_502_Ulthar.d:324","Nimm dieses geweihte Wasser und träufle es auf den Sockel des Schreins.","이 성수를 가지고 성소의 받침대에 떨어뜨려라.","","False","DIA_Ulthar_SCHREINEVERGIFTET_05_03","",""
"Scripts/Content/Story/Dialoge/DIA_KDF_502_Ulthar.d:325","Mit den heiligen Worten der Reinigung wird der Schrein seine alte Macht wieder zurückerlangen.","성스러운 정화의 말과 함께라면 성소는 예전의 힘을 되찾을 것이다.","","False","DIA_Ulthar_SCHREINEVERGIFTET_05_04","",""
"Scripts/Content/Story/Dialoge/DIA_KDF_502_Ulthar.d:332","Gorax kann dir eine Karte verkaufen, auf der unsere Schreine eingezeichnet sind.","고락스에게 가면 우리의 성소들이 표시된 지도를 살 수 있을 것이다.","","False","DIA_Ulthar_SCHREINEVERGIFTET_05_05","",""
"Scripts/Content/Story/Dialoge/DIA_KDF_502_Ulthar.d:336","Ich habe hier eine Karte für dich. Darauf sind die Schreine, die wir aufgestellt haben, eingezeichnet.","여기 지도가 있다. 우리가 세운 성소들이 그 위에 표시되어 있지.","","False","DIA_Ulthar_SCHREINEVERGIFTET_05_06","",""
"Scripts/Content/Story/Dialoge/DIA_KDF_502_Ulthar.d:342","Gehe nun hin und verrichte deine Aufgaben.","이제 가보거라. 그리고 네 임무를 수행하도록.","","False","DIA_Ulthar_SCHREINEVERGIFTET_05_07","",""
"Scripts/Content/Story/Dialoge/DIA_KDF_502_Ulthar.d:353","Noch eine Kleinigkeit. Halte dich von den Wegschreinen fern. Uns ist zu Ohren gekommen, dass einige von ihnen geschändet worden sind.","사소한 것 하나 더. 길가의 성소들에는 가까이 가지 마라. 그중 일부가 더럽혀졌다는 소문이 들려오고 있으니.","","False","DIA_Ulthar_SCHREINEVERGIFTET_05_08","",""
"Scripts/Content/Story/Dialoge/DIA_KDF_502_Ulthar.d:354","Niemand vermag zu sagen, was sie nun bewirken.","그것들이 어떤 결과를 초래할지는 아무도 장담할 수 없다.","","False","DIA_Ulthar_SCHREINEVERGIFTET_05_09","",""
"Scripts/Content/Story/Dialoge/DIA_KDF_502_Ulthar.d:355","Es ist nicht deine Aufgabe, dieses Problem zu lösen. Die Paladine werden sich der Sache annehmen.","이 문제를 해결하는 것은 네 임무가 아니다. 팔라딘들이 이 일을 맡을 것이다.","","False","DIA_Ulthar_SCHREINEVERGIFTET_05_10","",""
"Scripts/Content/Story/Dialoge/DIA_KDF_502_Ulthar.d:369","Ich habe alle Schreine gereinigt.","모든 성소를 정화했습니다.","","False","DIA_Ulthar_SchreineGeheilt.description","",""
"Scripts/Content/Story/Dialoge/DIA_KDF_502_Ulthar.d:382","Ich habe alle Schreine gereinigt.","모든 성소를 정화했습니다.","","False","DIA_Ulthar_SchreineGeheilt_15_00","",""
"Scripts/Content/Story/Dialoge/DIA_KDF_502_Ulthar.d:383","Vortrefflich gemacht, mein Sohn. Ich bin stolz auf dich. Möge Innos über dich wachen.","훌륭하게 해냈구나, 내 아들아. 네가 자랑스럽다. 이노스께서 너를 보살피시기를.","","False","DIA_Ulthar_SchreineGeheilt_05_01","",""
"Scripts/Content/Story/Dialoge/DIA_KDF_502_Ulthar.d:384","Nimm dieses Amulett der Macht an dich, auf dass es dir im Kampf gegen den Feind nutzen möge.","적과의 전투에서 유용하게 쓰일 수 있도록 이 힘의 부적을 가지도록 해라.","","False","DIA_Ulthar_SchreineGeheilt_05_02","",""
"Scripts/Content/Story/Dialoge/DIA_KDF_502_Ulthar.d:448","Gute Nachrichten. Die Wegschreine sind wieder gereinigt. Innos' Kraft hat den Paladinen geholfen, dieses Problem endlich aus der Welt zu schaffen.","좋은 소식이군. 길가의 성소들이 다시 정화되었다. 이노스의 힘 덕분에 팔라딘들도 이 문제를 마침내 해결할 수 있었어.","","False","DIA_Ulthar_SchreineGeheiltNoPAL_05_00","",""
"Scripts/Content/Story/Dialoge/DIA_KDF_502_Ulthar.d:449","Du darfst also deine Spenden wieder ohne Bedenken und Reue an Innos entrichten.","그러니 이제 걱정이나 후회 없이 이노스께 다시 기부를 해도 좋다.","","False","DIA_Ulthar_SchreineGeheiltNoPAL_05_01","",""
"Scripts/Content/Story/Dialoge/DIA_KDF_503_Karras.d:52","Was kann ich für dich tun, Novize?","내가 뭘 도와주면 되겠나, 견습생?","","False","DIA_Karras_Hello_10_00","",""
"Scripts/Content/Story/Dialoge/DIA_KDF_503_Karras.d:56","Was kann ich für dich tun, Bruder?","내가 뭘 도와주면 되겠나, 형제여?","","False","DIA_Karras_Hello_10_01","",""
"Scripts/Content/Story/Dialoge/DIA_KDF_503_Karras.d:60","Die ehrenvollen Streiter Innos verirren sich selten in diese Räume.","이노스의 명예로운 전사들이 이 방에 발을 들이는 일은 드문데 말이지.","","False","DIA_Karras_Hello_10_02","",""
"Scripts/Content/Story/Dialoge/DIA_KDF_503_Karras.d:61","Was kann ich für dich tun?","내가 뭘 도와줄까?","","False","DIA_Karras_Hello_10_03","",""
"Scripts/Content/Story/Dialoge/DIA_KDF_503_Karras.d:65","(misstrauisch) Was suchst du hier?","(의심스럽다는 듯이) 여기서 뭘 찾는 거냐?","","False","DIA_Karras_Hello_10_04","",""
"Scripts/Content/Story/Dialoge/DIA_KDF_503_Karras.d:78","Ich bin hier, um die Schriften zu lesen.","문서를 읽으러 왔습니다.","","False","DIA_Karras_Mission.description","",""
"Scripts/Content/Story/Dialoge/DIA_KDF_503_Karras.d:91","Ich bin hier, um die Schriften zu lesen.","문서를 읽으러 왔습니다.","","False","DIA_Karras_Mission_15_00","",""
"Scripts/Content/Story/Dialoge/DIA_KDF_503_Karras.d:92","Verstehe. Wenn du zwischen deinen langwierigen Studien mal Zeit haben solltest, komm zu mir.","그렇군. 지루한 학업 중에 잠깐이라도 시간이 난다면 나를 찾아오거라.","","False","DIA_Karras_Mission_10_01","",""
"Scripts/Content/Story/Dialoge/DIA_KDF_503_Karras.d:93","Ich hätte da noch eine Sache, für die ich einen verschwiegenen Novizen gebrauchen könnte.","입이 무거운 견습생에게 부탁하고 싶은 일이 하나 더 있어서 말이다.","","False","DIA_Karras_Mission_10_02","",""
"Scripts/Content/Story/Dialoge/DIA_KDF_503_Karras.d:105","Du hast eine Aufgabe für mich? ","제게 맡길 임무라도 있으십니까? ","","False","DIA_Karras_Aufgabe.description","",""
"Scripts/Content/Story/Dialoge/DIA_KDF_503_Karras.d:118","Du hast eine Aufgabe für mich?","제게 맡길 임무라도 있으십니까?","","False","DIA_Karras_Aufgabe_15_00","",""
"Scripts/Content/Story/Dialoge/DIA_KDF_503_Karras.d:119","Ja. Es geht um diesen verrückten Ignaz. Er lebt in Khorinis und forscht an verschiedenen Tränken und Heilmitteln. Aber auch an Zaubersprüchen.","그렇다. 그 미치광이 이그나츠에 관한 이야기다. 그는 코리니스에 살면서 다양한 물약과 치유제를 연구하고 있지. 마법 주문도 연구하고 있고.","","False","DIA_Karras_Aufgabe_10_01","",""
"Scripts/Content/Story/Dialoge/DIA_KDF_503_Karras.d:120","Und gerade das bereitet mir Sorgen. Ich frage mich, ob seine Magie Innos gefällig ist.","바로 그 점이 내 걱정거리다. 그의 마법이 이노스 보시기에 마땅할지 의문이 드는군.","","False","DIA_Karras_Aufgabe_10_02","",""
"Scripts/Content/Story/Dialoge/DIA_KDF_503_Karras.d:121","Um das zu prüfen, brauche ich einige seiner Spruchrollen.","그것을 확인하기 위해 그의 주문 두루마리 몇 개가 필요하다.","","False","DIA_Karras_Aufgabe_10_03","",""
"Scripts/Content/Story/Dialoge/DIA_KDF_503_Karras.d:122","Ich will, dass du in die Stadt gehst und mir drei Spruchrollen von ihm besorgst.","네가 도시에 가서 그의 주문 두루마리 세 개를 구해 왔으면 좋겠구나.","","False","DIA_Karras_Aufgabe_10_04","",""
"Scripts/Content/Story/Dialoge/DIA_KDF_503_Karras.d:123","Aber zu niemanden ein Wort - klar?","하지만 절대 아무에게도 발설하지 마라. 알겠나?","","False","DIA_Karras_Aufgabe_10_05","",""
"Scripts/Content/Story/Dialoge/DIA_KDF_503_Karras.d:124","Klar.","알겠습니다.","","False","DIA_Karras_Aufgabe_15_06","",""
"Scripts/Content/Story/Dialoge/DIA_KDF_503_Karras.d:125","Hier sind 150 Goldstücke. Das wird deine Auslagen wohl decken.","여기 150개의 금화가 있다. 경비 충당으로는 충분할 거다.","","False","DIA_Karras_Aufgabe_10_07","",""
"Scripts/Content/Story/Dialoge/DIA_KDF_503_Karras.d:145","Ich habe hier die Spruchrollen, die du wolltest.","원하시던 주문 두루마리를 가져왔습니다.","","False","DIA_Karras_Success.description","",""
"Scripts/Content/Story/Dialoge/DIA_KDF_503_Karras.d:159","Ich habe hier die Spruchrollen, die du wolltest.","원하시던 주문 두루마리를 가져왔습니다.","","False","DIA_Karras_Success_15_00","",""
"Scripts/Content/Story/Dialoge/DIA_KDF_503_Karras.d:160","Gut gemacht, junger Freund.","잘했다, 젊은 친구.","","False","DIA_Karras_Success_10_01","",""
"Scripts/Content/Story/Dialoge/DIA_KDF_503_Karras.d:161","Jetzt wird es aber Zeit, dass du dich deinen Studien widmest.","이제 학업에 전념할 시간이다.","","False","DIA_Karras_Success_10_02","",""
"Scripts/Content/Story/Dialoge/DIA_KDF_503_Karras.d:162","Und nimm diese Spruchrolle als Belohnung.","그리고 보답으로 이 두루마리를 가지도록 해라.","","False","DIA_Karras_Success_10_03","",""
"Scripts/Content/Story/Dialoge/DIA_KDF_503_Karras.d:181","Zeig mir deine Ware.","물건을 보여 주십시오.","","False","DIA_Karras_Trade.description","",""
"Scripts/Content/Story/Dialoge/DIA_KDF_503_Karras.d:195","Zeig mir deine Ware.","물건을 보여 주십시오.","","False","DIA_Karras_Trade_15_00","",""
"Scripts/Content/Story/Dialoge/DIA_KDF_503_Karras.d:207","Was genau ist deine Aufgabe?","당신의 임무는 정확히 무엇입니까?","","False","DIA_Karras_JOB.description","",""
"Scripts/Content/Story/Dialoge/DIA_KDF_503_Karras.d:217","Was genau ist deine Aufgabe?","당신의 임무는 정확히 무엇입니까?","","False","DIA_Karras_JOB_15_00","",""
"Scripts/Content/Story/Dialoge/DIA_KDF_503_Karras.d:218","Mir obliegt die Ausbildung der Magier in der Kunst der sphärischen Manifestation.","나는 마법사들에게 구체화의 기술을 가르치는 임무를 맡고 있다.","","False","DIA_Karras_JOB_10_01","",""
"Scripts/Content/Story/Dialoge/DIA_KDF_503_Karras.d:219","Was heißt das?","그게 무슨 뜻입니까?","","False","DIA_Karras_JOB_15_02","",""
"Scripts/Content/Story/Dialoge/DIA_KDF_503_Karras.d:220","Nun, ich lehre sie Kreaturen oder Wesenheiten anderer Zustände oder Sphären herbeizurufen.","음, 다른 상태나 차원에 있는 피조물이나 존재를 소환하는 방법을 가르친다는 뜻이다.","","False","DIA_Karras_JOB_10_03","",""
"Scripts/Content/Story/Dialoge/DIA_KDF_503_Karras.d:221","Für gewöhnlich spricht man von Beschwörungen, obwohl dieser Ausdruck allein unzureichend ist für die Kunst, einen Diener zu rufen.","보통은 소환술이라고 부르지만, 부하를 불러내는 기술을 설명하기에는 이 표현만으로는 부족하지.","","False","DIA_Karras_JOB_10_04","",""
"Scripts/Content/Story/Dialoge/DIA_KDF_503_Karras.d:222","Zudem besitze ich einige interessante Spruchrollen, die Gorax nicht hat.","게다가 나한테는 고락스에게는 없는 흥미로운 주문 두루마리들이 좀 있지.","","False","DIA_Karras_JOB_10_05","",""
"Scripts/Content/Story/Dialoge/DIA_KDF_503_Karras.d:226","Aber die stelle ich nur Angehörigen des Ordens zur Verfügung.","하지만 그것들은 우리 오더의 구성원들에게만 제공한다.","","False","DIA_Karras_JOB_10_06","",""
"Scripts/Content/Story/Dialoge/DIA_KDF_503_Karras.d:243","Unterrichte mich (Runen erschaffen)","날 가르쳐 다오 (룬 제작)","","False","DIA_Karras_TEACH.description","",""
"Scripts/Content/Story/Dialoge/DIA_KDF_503_Karras.d:258","Unterrichte mich.","가르쳐 주십시오.","","False","DIA_Karras_TEACH_15_00","",""
"Scripts/Content/Story/Dialoge/DIA_KDF_503_Karras.d:306","Du kannst momentan nichts von mir lernen.","지금은 내게서 배울 수 있는 게 없다.","","False","DIA_Karras_TEACH_10_01","",""
"Scripts/Content/Story/Dialoge/DIA_KDF_503_Karras.d:359","Ich will den vierten Kreis der Magie lernen.","제4서클의 마법을 배우고 싶습니다.","","False","DIA_Karras_CIRCLE4.description","",""
"Scripts/Content/Story/Dialoge/DIA_KDF_503_Karras.d:372","Ich will den vierten Kreis der Magie lernen.","제4서클의 마법을 배우고 싶습니다.","","False","DIA_Karras_CIRCLE4_15_00","",""
"Scripts/Content/Story/Dialoge/DIA_KDF_503_Karras.d:378","Gut. Alle Zeichen sind erfüllt. Tritt nun ein in den vierten Kreis, auf dass dir die Macht der neuen Zauber inne ist.","좋다. 모든 조건이 충족되었다. 이제 제4서클로 들어서서 새로운 주문의 힘을 네 안에 깃들게 하라.","","False","DIA_Karras_CIRCLE4_10_01","",""
"Scripts/Content/Story/Dialoge/DIA_KDF_503_Karras.d:379","Du bist einen weiten Weg gegangen und Innos wird ihn auch weiterhin erleuchten.","너는 먼 길을 걸어왔고 이노스께서도 계속해서 네 길을 비춰주실 것이다.","","False","DIA_Karras_CIRCLE4_10_02","",""
"Scripts/Content/Story/Dialoge/DIA_KDF_503_Karras.d:384","Noch ist es nicht soweit.","아직 때는 아니다.","","False","DIA_Karras_CIRCLE4_10_03","",""
"Scripts/Content/Story/Dialoge/DIA_KDF_503_Karras.d:398","Ich will den fünften Kreis der Magie lernen.","제5서클의 마법을 배우고 싶습니다.","","False","DIA_Karras_CIRCLE5.description","",""
"Scripts/Content/Story/Dialoge/DIA_KDF_503_Karras.d:411","Ich will den fünften Kreis der Magie lernen.","제5서클의 마법을 배우고 싶습니다.","","False","DIA_Karras_CIRCLE5_15_00","",""
"Scripts/Content/Story/Dialoge/DIA_KDF_503_Karras.d:417","Dann tritt nun ein, in den fünften Kreis der Magie. Du wirst nun mächtigere Zauber als je zuvor beherrschen.","그렇다면 이제 제5서클의 마법에 들어서라. 이제 너는 그 어느 때보다 강력한 마법을 부릴 수 있게 될 것이다.","","False","DIA_Karras_CIRCLE5_10_01","",""
"Scripts/Content/Story/Dialoge/DIA_KDF_503_Karras.d:418","Nutze ihre Macht weise, Bruder - denn die Dunkelheit ist noch immer stark und so sind deine Feinde.","그 힘을 현명하게 사용해라, 형제여. 어둠은 여전히 강하고, 네 적들도 마찬가지니까.","","False","DIA_Karras_CIRCLE5_10_02","",""
"Scripts/Content/Story/Dialoge/DIA_KDF_503_Karras.d:419","In den sechsten und höchsten Kreis der Magie kann ich dich nicht mehr begleiten. Pyrokar selbst wird dich weihen, wenn die Zeit gekommen ist.","마법의 제6서클이자 가장 높은 서클에는 내가 동행할 수 없다. 때가 되면 파이로카 직접 너를 서임할 것이다.","","False","DIA_Karras_CIRCLE5_10_03","",""
"Scripts/Content/Story/Dialoge/DIA_KDF_503_Karras.d:426","Die Zeit ist noch nicht reif dafür.","아직 그럴 때가 아니다.","","False","DIA_Karras_CIRCLE4_10_04","",""
"Scripts/Content/Story/Dialoge/DIA_KDF_503_Karras.d:520","Bruder, du darfst keine Zeit verlieren. Du musst Pedro zur Strecke bringen und das Auge Innos zurück ins Kloster bringen.","형제여, 지체할 시간이 없다. 페드로를 뒤쫓아 이노스의 눈을 수도원으로 되가져와야 한다.","","False","DIA_Karras_ChasePedro_10_00","",""
"Scripts/Content/Story/Dialoge/DIA_KDF_503_Karras.d:521","Wenn wir das Auge nicht wiederbekommen, sind wir alle verloren.","이노스의 눈을 되찾지 못하면 우리 모두 끝장이다.","","False","DIA_Karras_ChasePedro_10_01","",""
"Scripts/Content/Story/Dialoge/DIA_KDF_503_Karras.d:525","Was machst du hier? Solltest du nicht unterwegs sein und den hinterhältigen Verräter Pedro suchen?","여기서 뭐 하는 건가? 당장 길을 떠나 그 비열한 배신자 페드로를 찾아야 하는 것 아니었나?","","False","DIA_Karras_ChasePedro_10_02","",""
"Scripts/Content/Story/Dialoge/DIA_KDF_503_Karras.d:528","Später. Erst muss ich noch was erledigen.","나중에요. 먼저 끝내야 할 일이 있습니다.","","False","DIA_Karras_ChasePedro_Info.DIA_Karras_ChasePedro.DIA_Karras_ChasePedro_Later","Info_AddChoice",""
"Scripts/Content/Story/Dialoge/DIA_KDF_503_Karras.d:529","Er wird nicht weit kommen.","그는 멀리 가지 못할 겁니다.","","False","DIA_Karras_ChasePedro_Info.DIA_Karras_ChasePedro.DIA_Karras_ChasePedro_WontEscape","Info_AddChoice",""
"Scripts/Content/Story/Dialoge/DIA_KDF_503_Karras.d:535","Später. Erst muss ich noch was erledigen.","나중에요. 먼저 끝내야 할 일이 있습니다.","","False","DIA_Karras_ChasePedro_Later_15_00","",""
"Scripts/Content/Story/Dialoge/DIA_KDF_503_Karras.d:536","Weißt du überhaupt, was der Verlust für das Kloster bedeutet? Das Auge Innos ist eine mächtige Waffe.","이 손실이 수도원에 무엇을 의미하는지 알고는 있는가? 이노스의 눈은 강력한 무기다.","","False","DIA_Karras_ChasePedro_Later_10_01","",""
"Scripts/Content/Story/Dialoge/DIA_KDF_503_Karras.d:537","Niemand kann vorhersagen, was der Feind mit dem Amulett vorhat, aber er hat etwas vor, und das müssen wir vereiteln.","적들이 그 부적으로 무엇을 꾸미려는지 아무도 예측할 수 없지만, 무언가를 계획하고 있는 것은 분명하며 우리는 그것을 저지해야 한다.","","False","DIA_Karras_ChasePedro_Later_10_02","",""
"Scripts/Content/Story/Dialoge/DIA_KDF_503_Karras.d:538","Also setz dich unverzüglich in Bewegung und spür den Dieb auf!","그러니 당장 움직여서 그 도둑을 찾아내라!","","False","DIA_Karras_ChasePedro_Later_10_03","",""
"Scripts/Content/Story/Dialoge/DIA_KDF_503_Karras.d:545","Er wird nicht weit kommen.","그는 멀리 가지 못할 겁니다.","","False","DIA_Karras_ChasePedro_WontEscape_15_00","",""
"Scripts/Content/Story/Dialoge/DIA_KDF_503_Karras.d:546","Das will ich für dich hoffen. Wenn er entkommt, weil du hier rumstehst, werde ich dich persönlich vors Tribunal schleifen.","그랬으면 좋겠군. 네가 여기서 빈둥대다 그가 도망치기라도 한다면, 내 손으로 직접 너를 재판정에 끌고 갈 테니.","","False","DIA_Karras_ChasePedro_WontEscape_10_01","",""
"Scripts/Content/Story/Dialoge/DIA_KDF_503_Karras.d:547","Was willst du mir vorwerfen?","무슨 죄목으로요?","","False","DIA_Karras_ChasePedro_WontEscape_15_02","",""
"Scripts/Content/Story/Dialoge/DIA_KDF_503_Karras.d:548","Verschwörung mit dem Feind. Die Strafe für so ein Vergehen kannst du dir ja wohl ohne viel Phantasie selbst ausmalen.","적과의 공모다. 그런 죄를 지었을 때의 처벌이 어떨지는 굳이 상상하지 않아도 잘 알겠지.","","False","DIA_Karras_ChasePedro_WontEscape_10_03","",""
"Scripts/Content/Story/Dialoge/DIA_KDF_503_Karras.d:549","Und jetzt solltest du zusehen, dass du keine weitere Zeit verschwendest, sonst sehen wir uns das nächste Mal auf dem Scheiterhaufen wieder.","이제 더 이상 시간을 낭비하지 않는 게 좋을 것이다. 그렇지 않으면 다음에는 화형장에서 만나게 될 테니까.","","False","DIA_Karras_ChasePedro_WontEscape_10_04","",""
"Scripts/Content/Story/Dialoge/DIA_KDF_503_Karras.d:581","Du weißt alles, was du wissen musst. Jetzt mach dich auf den Weg!","알아야 할 것은 다 알았을 것이다. 이제 길을 떠나라!","","False","DIA_Karras_NeedInfo_10_00","",""
"Scripts/Content/Story/Dialoge/DIA_KDF_503_Karras.d:599","Ich habe das Auge Innos' zurückgebracht.","이노스의 눈을 되찾아왔습니다.","","False","DIA_Karras_InnosEyeRetrieved.description","",""
"Scripts/Content/Story/Dialoge/DIA_KDF_503_Karras.d:613","Ich habe das Auge Innos' zurückgebracht.","이노스의 눈을 되찾아왔습니다.","","False","DIA_Karras_InnosEyeRetrieved_15_00","",""
"Scripts/Content/Story/Dialoge/DIA_KDF_503_Karras.d:614","Ich bin erleichtert, dass es dir gelungen ist, dem Feind das Auge zu entreißen.","네가 적의 손에서 이노스의 눈을 빼내오는 데 성공했다니 안심이다.","","False","DIA_Karras_InnosEyeRetrieved_10_01","",""
"Scripts/Content/Story/Dialoge/DIA_KDF_503_Karras.d:615","Aber die Gefahr ist nicht gebannt. Das Böse schmiedet weiterhin Pläne und geht ungewöhnlich aggressiv vor.","하지만 위험이 사라진 것은 아니다. 악은 여전히 음모를 꾸미고 있으며 유례없이 공격적으로 행동하고 있어.","","False","DIA_Karras_InnosEyeRetrieved_10_02","",""
"Scripts/Content/Story/Dialoge/DIA_KDF_503_Karras.d:616","Das ist mir auch schon aufgefallen.","저도 이미 눈치채고 있었습니다.","","False","DIA_Karras_InnosEyeRetrieved_15_03","",""
"Scripts/Content/Story/Dialoge/DIA_KDF_503_Karras.d:617","Mach dich nicht über mich lustig. Die Lage ist ernst, sehr ernst, und wir wissen nicht, auf wen wir uns verlassen können.","나를 놀리지 마라. 상황은 심각하다. 아주 심각해. 우리가 누구를 믿어야 할지 알 수 없을 정도다.","","False","DIA_Karras_InnosEyeRetrieved_10_04","",""
"Scripts/Content/Story/Dialoge/DIA_KDF_503_Karras.d:618","Dem Feind ist es schon gelungen, den Novizen Pedro in Versuchung zu führen, auch bei vielen anderen könnte er Erfolg haben.","적은 이미 견습생 페드로를 유혹하는 데 성공했어. 다른 많은 이들에게도 성공할지 모른다.","","False","DIA_Karras_InnosEyeRetrieved_10_05","",""
"Scripts/Content/Story/Dialoge/DIA_KDF_503_Karras.d:633","Was macht das Studium?","학습은 어떻게 되어 가고 있나?","","False","DIA_Karras_KAP3_Perm.description","",""
"Scripts/Content/Story/Dialoge/DIA_KDF_503_Karras.d:647","Was macht das Studium?","학습은 어떻게 되어 가고 있나?","","False","DIA_Karras_KAP3_Perm_15_00","",""
"Scripts/Content/Story/Dialoge/DIA_KDF_503_Karras.d:653","Es ist mir gelungen, etwas über die Suchenden herauszufinden.","시커들에 대해 몇 가지 알아내는 데 성공했습니다.","","False","DIA_Karras_KAP3_Perm_10_01","",""
"Scripts/Content/Story/Dialoge/DIA_KDF_503_Karras.d:654","Und das wäre?","그게 뭔가?","","False","DIA_Karras_KAP3_Perm_15_02","",""
"Scripts/Content/Story/Dialoge/DIA_KDF_503_Karras.d:655","Sie sind ganz offensichtlich dämonischen Ursprungs. Na ja, zumindest stehen sie oder standen sie unter dämonischem Einfluss.","그들은 명백히 악마의 기원을 가지고 있습니다. 음, 적어도 악마의 영향을 받고 있거나 받았던 것 같습니다.","","False","DIA_Karras_KAP3_Perm_10_03","",""
"Scripts/Content/Story/Dialoge/DIA_KDF_503_Karras.d:656","Pass auf, wenn du ihnen begegnest.","그들을 만나거든 조심해라.","","False","DIA_Karras_KAP3_Perm_10_04","",""
"Scripts/Content/Story/Dialoge/DIA_KDF_503_Karras.d:657","Das ist ja mal ganz was Neues.","아주 참신한 발견이군요.","","False","DIA_Karras_KAP3_Perm_15_05","",""
"Scripts/Content/Story/Dialoge/DIA_KDF_503_Karras.d:658","Tut mir Leid, aber ich habe noch nicht genug Material, um genauere Aussagen zu treffen.","미안하지만, 더 정확한 결론을 내리기엔 아직 자료가 부족하다.","","False","DIA_Karras_KAP3_Perm_10_06","",""
"Scripts/Content/Story/Dialoge/DIA_KDF_503_Karras.d:659","Aber wenn es dir gelingen würde, mir etwas von ihnen zu bringen, das ich untersuchen könnte ...","하지만 네가 그들의 물건 중에서 내가 조사할 수 있는 것을 가져다줄 수만 있다면...","","False","DIA_Karras_KAP3_Perm_10_07","",""
"Scripts/Content/Story/Dialoge/DIA_KDF_503_Karras.d:666","Ich werde sehen, was ich machen kann.","할 수 있는 데까지 해보겠습니다.","","False","DIA_Karras_KAP3_Perm_Info.DIA_Karras_KAP3_Perm.DIA_Karras_KAP3_Perm_WillSee","Info_AddChoice",""
"Scripts/Content/Story/Dialoge/DIA_KDF_503_Karras.d:667","Könnte der Schläfer seine Finger im Spiel haben?","슬리퍼가 개입했을 가능성이 있을까요?","","False","DIA_Karras_KAP3_Perm_Info.DIA_Karras_KAP3_Perm.DIA_Karras_KAP3_Perm_Sleeper","Info_AddChoice",""
"Scripts/Content/Story/Dialoge/DIA_KDF_503_Karras.d:668","Welches Material benötigst du?","어떤 자료가 필요하십니까?","","False","DIA_Karras_KAP3_Perm_Info.DIA_Karras_KAP3_Perm.DIA_Karras_KAP3_Perm_Material","Info_AddChoice",""
"Scripts/Content/Story/Dialoge/DIA_KDF_503_Karras.d:672","Ich bin noch mit der Auswertung der Indizien über die Suchenden beschäftigt.","나는 여전히 시커들에 대한 단서들을 분석하는 중이다.","","False","DIA_Karras_KAP3_Perm_10_08","",""
"Scripts/Content/Story/Dialoge/DIA_KDF_503_Karras.d:673","Sobald ich was weiß, werde ich dich natürlich direkt unterrichten.","무언가 알게 되는 대로 당연히 네게 직접 알려주마.","","False","DIA_Karras_KAP3_Perm_10_09","",""
"Scripts/Content/Story/Dialoge/DIA_KDF_503_Karras.d:677","Der Feind hat viele Gesichter. Welche unter ihnen die größte Bedrohung für das Kloster darstellen, ist verdammt schwierig zu bestimmen.","적은 수많은 얼굴을 가지고 있지. 그중 어떤 것이 수도원에 가장 큰 위협이 되는지 알아내기는 지독하게 어렵다.","","False","DIA_Karras_KAP3_Perm_10_10","",""
"Scripts/Content/Story/Dialoge/DIA_KDF_503_Karras.d:688","Könnte der Schläfer seine Finger im Spiel haben?","슬리퍼가 개입했을 가능성이 있을까요?","","False","DIA_Karras_KAP3_Perm_Sleeper_15_00","",""
"Scripts/Content/Story/Dialoge/DIA_KDF_503_Karras.d:689","Ich habe die Geschichte mit dem Schläfer gehört. Aber aus der Ferne kann ich dazu keine Aussage treffen.","슬리퍼에 대한 이야기는 들었다. 하지만 멀리 떨어져 있어서 그것에 대해 무어라 말할 수는 없다.","","False","DIA_Karras_KAP3_Perm_Sleeper_10_01","",""
"Scripts/Content/Story/Dialoge/DIA_KDF_503_Karras.d:690","Es gibt unzählige Dämonen und jeder von ihnen könnte beteiligt sein.","세상에는 수많은 악마가 있고 그들 중 누구라도 연루되어 있을 수 있어.","","False","DIA_Karras_KAP3_Perm_Sleeper_10_02","",""
"Scripts/Content/Story/Dialoge/DIA_KDF_503_Karras.d:695","Soll ich dir eine Leiche bringen?","시체라도 가져다드릴까요?","","False","DIA_Karras_KAP3_Perm_Corpse_15_00","",""
"Scripts/Content/Story/Dialoge/DIA_KDF_503_Karras.d:696","Nein, bist du wahnsinnig. Die Gefahren eines dämonischen Wesens innerhalb der Klostermauern sind viel zu groß.","아니, 제정신이냐? 수도원 성벽 안에 악마의 존재를 들였다간 위험이 너무나 커진다.","","False","DIA_Karras_KAP3_Perm_Corpse_10_01","",""
"Scripts/Content/Story/Dialoge/DIA_KDF_503_Karras.d:697","Es reicht, wenn du Gegenstände, welche typisch für diese Wesen sind, ausfindig machst.","그런 존재들에게 전형적인 물건들을 찾아내는 것만으로도 충분하다.","","False","DIA_Karras_KAP3_Perm_Corpse_10_02","",""
"Scripts/Content/Story/Dialoge/DIA_KDF_503_Karras.d:698","Die Reste der anhaftenden dämonischen Aura sollten genug Anhaltspunkte für eine Untersuchung bieten.","그것들에 묻어 있는 악마적 오라의 잔재만으로도 조사를 위한 단서가 충분히 될 거야.","","False","DIA_Karras_KAP3_Perm_Corpse_10_03","",""
"Scripts/Content/Story/Dialoge/DIA_KDF_503_Karras.d:703","Welches Material benötigst du?","어떤 자료가 필요하십니까?","","False","DIA_Karras_KAP3_Perm_Material_15_00","",""
"Scripts/Content/Story/Dialoge/DIA_KDF_503_Karras.d:704","Was weiß ich, irgendwelche Gegenstände, die speziell zu diesen Wesen gehören.","내 가야 알겠나, 그런 존재들에게 특별히 속하는 물건들이라면 뭐든 좋다.","","False","DIA_Karras_KAP3_Perm_Material_10_01","",""
"Scripts/Content/Story/Dialoge/DIA_KDF_503_Karras.d:706","Soll ich dir eine Leiche bringen?","시체라도 가져다드릴까요?","","False","DIA_Karras_KAP3_Perm_Material.DIA_Karras_KAP3_Perm.DIA_Karras_KAP3_Perm_Corpse","Info_AddChoice",""
"Scripts/Content/Story/Dialoge/DIA_KDF_503_Karras.d:711","Ich werde sehen, was ich tun kann.","최선을 다해보겠습니다.","","False","DIA_Karras_KAP3_Perm_WillSee_15_00","",""
"Scripts/Content/Story/Dialoge/DIA_KDF_503_Karras.d:712","Es wäre sicher von großem Nutzen. Ich werde derweil meine persönlichen Forschungen vorantreiben.","분명 큰 도움이 될 거다. 그동안 나는 개인적인 연구를 진척시키마.","","False","DIA_Karras_KAP3_Perm_WillSee_10_01","",""
"Scripts/Content/Story/Dialoge/DIA_KDF_503_Karras.d:725","Ich habe hier einen Almanach der Besessenen.","여기에 빙의된 자들의 연감이 있습니다.","","False","DIA_Karras_HaveBook.description","",""
"Scripts/Content/Story/Dialoge/DIA_KDF_503_Karras.d:741","Ich habe hier einen Almanach der Besessenen. Vielleicht kannst du damit was anfangen.","여기에 빙의된 자들의 연감이 있습니다. 어쩌면 연구에 도움이 될지도 모르겠군요.","","False","DIA_Karras_HaveBook_15_00","",""
"Scripts/Content/Story/Dialoge/DIA_KDF_503_Karras.d:742","Zeig mal her.","어디 보자.","","False","DIA_Karras_HaveBook_10_01","",""
"Scripts/Content/Story/Dialoge/DIA_KDF_503_Karras.d:747","Ja, das könnte gehen. Ich werde das Buch untersuchen.","그래, 이거면 되겠어. 이 책을 조사해 보마.","","False","DIA_Karras_HaveBook_10_02","",""
"Scripts/Content/Story/Dialoge/DIA_KDF_503_Karras.d:748","Bei einer Sache bin ich mir allerdings jetzt schon sicher.","하지만 한 가지 벌써 확실해진 점이 있다.","","False","DIA_Karras_HaveBook_10_03","",""
"Scripts/Content/Story/Dialoge/DIA_KDF_503_Karras.d:749","Meines Erachtens handelt es sich bei den Suchenden um eine von Beliar geschaffene, völlig pervertierte Lebensform.","내 생각에 시커들은 벨리알이 창조한, 완전히 타락한 생명체다.","","False","DIA_Karras_HaveBook_10_04","",""
"Scripts/Content/Story/Dialoge/DIA_KDF_503_Karras.d:750","Diese Wesen sind zum Teil dämonischen und zum Teil menschlichen Ursprungs.","이 존재들은 일부는 악마의, 일부는 인간의 기원을 가지고 있어.","","False","DIA_Karras_HaveBook_10_05","",""
"Scripts/Content/Story/Dialoge/DIA_KDF_503_Karras.d:751","Doch ob es sich um eine Art der geistigen Besessenheit oder gar eine rein körperliche Mutation handelt, bin ich mir noch nicht sicher.","하지만 이게 일종의 정신적 빙의인지, 아니면 순수한 육체적 돌연변이인지에 대해서는 아직 확실하지 않다.","","False","DIA_Karras_HaveBook_10_06","",""
"Scripts/Content/Story/Dialoge/DIA_KDF_503_Karras.d:752","Komm später noch mal wieder. Dann weiß ich sicherlich mehr.","나중에 다시 오너라. 그때쯤이면 더 많은 것을 알 수 있을 것이다.","","False","DIA_Karras_HaveBook_10_07","",""
"Scripts/Content/Story/Dialoge/DIA_KDF_503_Karras.d:769","Schon was neues über die Suchenden herausgefunden?","시커들에 대해 새로운 걸 알아내셨나요?","","False","DIA_Karras_ResearchDMTEnd.description","",""
"Scripts/Content/Story/Dialoge/DIA_KDF_503_Karras.d:784","Schon was Neues über die Suchenden herausgefunden?","시커들에 대해 새로운 걸 알아내셨나요?","","False","DIA_Karras_ResearchDMTEnd_15_00","",""
"Scripts/Content/Story/Dialoge/DIA_KDF_503_Karras.d:788","Ja. Ich weiß jetzt, wer oder was die Suchenden wirklich sind.","그래. 이제 시커들이 진정 누구인지, 혹은 무엇인지 알게 되었다.","","False","DIA_Karras_ResearchDMTEnd_10_01","",""
"Scripts/Content/Story/Dialoge/DIA_KDF_503_Karras.d:789","Schieß los.","말씀해 보십시오.","","False","DIA_Karras_ResearchDMTEnd_15_02","",""
"Scripts/Content/Story/Dialoge/DIA_KDF_503_Karras.d:790","Sie waren einmal Menschen wie du und ich. Sie haben den verabscheuungswürdigen Fehler begangen, sich der unreinen Magie eines sehr mächtigen Erzdämonen zu widmen.","그들도 한때는 나와 너 같은 인간이었다. 그들은 아주 강력한 대악마의 불순한 마법에 헌신하는 혐오스러운 실수를 저질렀지.","","False","DIA_Karras_ResearchDMTEnd_10_03","",""
"Scripts/Content/Story/Dialoge/DIA_KDF_503_Karras.d:791","Unter dem Einfluss dieses Erzdämonen und sehr starken Drogen fristeten sie ihr Dasein nur, um ihm zu dienen, bis sie selbst zu einem Schatten ihrer selbst wurden.","그 대악마의 영향과 아주 강력한 약물에 굴복한 그들은 스스로의 그림자가 될 때까지 오직 그를 섬기기 위해서만 연명했다.","","False","DIA_Karras_ResearchDMTEnd_10_04","",""
"Scripts/Content/Story/Dialoge/DIA_KDF_503_Karras.d:792","Heute sind sie nur noch Werkzeuge des Bösen ohne eigenen Willen und werden niemals damit aufhören, die Anhänger Innos' zu jagen.","오늘날 그들은 자신만의 의지조차 없는 악의 도구일 뿐이며, 이노스의 추종자들을 사냥하는 것을 결코 멈추지 않을 것이다.","","False","DIA_Karras_ResearchDMTEnd_10_05","",""
"Scripts/Content/Story/Dialoge/DIA_KDF_503_Karras.d:793","Wir müssen vorsichtig sein. Noch scheinen sie diese geheiligten Hallen Innos zu meiden.","우리는 조심해야 한다. 아직까지는 그들이 이노스의 신성한 홀을 꺼리는 것처럼 보이지만.","","False","DIA_Karras_ResearchDMTEnd_10_06","",""
"Scripts/Content/Story/Dialoge/DIA_KDF_503_Karras.d:794","Doch wenn ihre Macht noch weiter anwächst, weiß ich nicht, ob wir hier dann noch länger sicher sind.","하지만 그들의 힘이 더 커진다면 우리가 이곳에서 안전할 수 있을지 모르겠구나.","","False","DIA_Karras_ResearchDMTEnd_10_07","",""
"Scripts/Content/Story/Dialoge/DIA_KDF_503_Karras.d:795","Danke. Das war sehr aufschlussreich.","감사합니다. 아주 유익한 정보군요.","","False","DIA_Karras_ResearchDMTEnd_15_08","",""
"Scripts/Content/Story/Dialoge/DIA_KDF_503_Karras.d:796","Tatsächlich? Für mich wirft das nur noch mehr Fragen auf. Zum Beispiel, wer waren sie vorher und welcher Erzdämon hat sie zu dem gemacht, was sie nun sind.","정말인가? 나한테는 의문만 더 늘어날 뿐인데. 예를 들어, 그들은 이전에 누구였으며, 어떤 대악마가 그들을 지금의 모습으로 만들었는지 말이다.","","False","DIA_Karras_ResearchDMTEnd_10_09","",""
"Scripts/Content/Story/Dialoge/DIA_KDF_503_Karras.d:797","Ich habe eine Vermutung. Das alles klingt nach der Bruderschaft des Schläfers. Die Jungs kenne ich.","짐작 가는 데가 있습니다. 전부 슬리퍼의 형제단 이야기 같군요. 난 그 녀석들을 잘 압니다.","","False","DIA_Karras_ResearchDMTEnd_15_10","",""
"Scripts/Content/Story/Dialoge/DIA_KDF_503_Karras.d:798","Ich hoffe, du weißt, worauf du dich da einlässt. Pass auf dich auf, mein Bruder.","네가 무슨 일에 휘말렸는지 알고 있기를 바란다. 조심해라, 내 형제여.","","False","DIA_Karras_ResearchDMTEnd_10_11","",""
"Scripts/Content/Story/Dialoge/DIA_KDF_503_Karras.d:799","Aber ja. Hier hast du deinen Almanach zurück. Ich benötige ihn jetzt nicht mehr.","그럼. 여기 네 연감을 돌려주마. 난 이제 필요 없으니까.","","False","DIA_Karras_ResearchDMTEnd_10_12","",""
"Scripts/Content/Story/Dialoge/DIA_KDF_503_Karras.d:810","Ich arbeite dran. Komm später wieder.","연구 중이다. 나중에 다시 오너라.","","False","DIA_Karras_ResearchDMTEnd_10_13","",""
"Scripts/Content/Story/Dialoge/DIA_KDF_503_Karras.d:824","Gibt es einen Schutz gegen die mentalen Angriffe der Suchenden?","시커들의 정신 공격에 대한 보호책이 있을까요?","","False","DIA_Karras_Prot_BlackEye.description","",""
"Scripts/Content/Story/Dialoge/DIA_KDF_503_Karras.d:840","Gibt es einen Schutz gegen die mentalen Angriffe der Suchenden?","시커들의 정신 공격에 대한 보호책이 있을까요?","","False","DIA_Karras_Prot_BlackEye_15_00","",""
"Scripts/Content/Story/Dialoge/DIA_KDF_503_Karras.d:844","In der Tat. Ein Amulett, das mit Gestein aus gesegneter Erde angefertigt wurde, könnte eine schützende Wirkung haben.","그렇지 않아도. 축성된 대지의 돌로 만든 부적이라면 보호 효과가 있을지도 모른다.","","False","DIA_Karras_Prot_BlackEye_10_01","",""
"Scripts/Content/Story/Dialoge/DIA_KDF_503_Karras.d:845","Leider habe ich nicht genug von diesem Gestein vorrätig.","안타깝게도 내게는 그런 돌이 충분히 남아 있지 않다.","","False","DIA_Karras_Prot_BlackEye_10_02","",""
"Scripts/Content/Story/Dialoge/DIA_KDF_503_Karras.d:846","Einige unserer Gebetsschreine, die wir errichtet haben, sind daraus gefertigt worden.","우리가 세운 기도 제단 중 일부가 그것으로 만들어져 있지.","","False","DIA_Karras_Prot_BlackEye_10_03","",""
"Scripts/Content/Story/Dialoge/DIA_KDF_503_Karras.d:847","Alles klar. Ich werde etwas davon auftreiben.","알겠습니다. 제가 좀 구해오죠.","","False","DIA_Karras_Prot_BlackEye_15_04","",""
"Scripts/Content/Story/Dialoge/DIA_KDF_503_Karras.d:848","Ja, tu das. Aber lass dir bloß nicht einfallen, die Schreine zu beschädigen, hörst du?","그래, 그렇게 해다오. 하지만 제단을 훼손할 생각 따위는 감히 하지 마라, 알겠느냐?","","False","DIA_Karras_Prot_BlackEye_10_05","",""
"Scripts/Content/Story/Dialoge/DIA_KDF_503_Karras.d:854","Kein Ahnung. Dazu weiß ich noch zu wenig. Frag mich später noch mal danach.","모르겠군. 그에 대해 아는 게 너무 적다. 나중에 다시 물어보아라.","","False","DIA_Karras_Prot_BlackEye_10_06","",""
"Scripts/Content/Story/Dialoge/DIA_KDF_503_Karras.d:867","Ich habe hier Gestein aus gesegneter Erde.","축성된 대지의 돌을 가져왔습니다.","","False","DIA_Karras_KarrasBlessedStone.description","",""
"Scripts/Content/Story/Dialoge/DIA_KDF_503_Karras.d:883","Ich habe hier Gestein aus gesegneter Erde.","축성된 대지의 돌을 가져왔습니다.","","False","DIA_Karras_KarrasBlessedStone_15_00","",""
"Scripts/Content/Story/Dialoge/DIA_KDF_503_Karras.d:885","Gut. Ich hoffe, die Gebetsschreine sind noch alle an ihrem Platz.","좋아. 기도 제단들이 아직 모두 제자리에 있기를 바란다.","","False","DIA_Karras_KarrasBlessedStone_10_01","",""
"Scripts/Content/Story/Dialoge/DIA_KDF_503_Karras.d:886","In Ordnung. Ich fertige dir das Schutzamulett gegen den schwarzen Blick der Suchenden.","좋다. 시커들의 검은 눈을 막아줄 보호 부적을 만들어 주마.","","False","DIA_Karras_KarrasBlessedStone_10_02","",""
"Scripts/Content/Story/Dialoge/DIA_KDF_503_Karras.d:887","Gib mir etwas Zeit. Ich mach mich auch gleich an die Arbeit.","시간을 좀 다오. 당장 작업에 착수할 테니.","","False","DIA_Karras_KarrasBlessedStone_10_03","",""
"Scripts/Content/Story/Dialoge/DIA_KDF_503_Karras.d:905","Wie steht's mit dem versprochenen Schutzamulett?","약속했던 보호 부적은 어떻게 되었습니까?","","False","DIA_Karras_ItAm_Prot_BlackEye_Mis.description","",""
"Scripts/Content/Story/Dialoge/DIA_KDF_503_Karras.d:921","Wie steht's mit dem versprochenen Schutzamulett?","약속했던 보호 부적은 어떻게 되었습니까?","","False","DIA_Karras_ItAm_Prot_BlackEye_Mis_15_00","",""
"Scripts/Content/Story/Dialoge/DIA_KDF_503_Karras.d:925","Ich bin fertig. Hier, sieh es dir an. Es ist ein schönes Stück geworden.","다 끝났다. 여기, 한번 보아라. 아주 잘 만들어졌어.","","False","DIA_Karras_ItAm_Prot_BlackEye_Mis_10_01","",""
"Scripts/Content/Story/Dialoge/DIA_KDF_503_Karras.d:928","Trage es immer bei dir und die Suchenden werden dich nicht in ihre mentalen Abgründe ziehen können.","항상 지니고 다녀라. 그러면 시커들이 너를 그들의 정신적 심연 속으로 끌어들이지 못할 것이다.","","False","DIA_Karras_ItAm_Prot_BlackEye_Mis_10_02","",""
"Scripts/Content/Story/Dialoge/DIA_KDF_503_Karras.d:929","Ich danke dir.","고맙네.","","False","DIA_Karras_ItAm_Prot_BlackEye_Mis_15_03","",""
"Scripts/Content/Story/Dialoge/DIA_KDF_503_Karras.d:936","Noch etwas Geduld. Ich arbeite noch daran.","조금만 더 참아라. 아직 작업 중이다.","","False","DIA_Karras_ItAm_Prot_BlackEye_Mis_10_04","",""
"Scripts/Content/Story/Dialoge/DIA_KDF_504_Parlan.d:35","(streng) Warte einen Augenblick, mein Sohn.","(엄격하게) 잠깐 기다려라, 내 아들아.","","False","DIA_Parlan_HAMMER_05_00","",""
"Scripts/Content/Story/Dialoge/DIA_KDF_504_Parlan.d:36","Ich hörte, dass ein wertvolles Artefakt aus dem Heiligtum 'verschwunden' sein soll.","성소에서 값진 유물이 '사라졌다'는 소문을 들었다.","","False","DIA_Parlan_HAMMER_05_01","",""
"Scripts/Content/Story/Dialoge/DIA_KDF_504_Parlan.d:37","Ich will gar nicht mehr darüber wissen - ich erwarte, dass es wieder an seinen Platz gelangt.","그에 대해 더는 캐묻고 싶지 않다만, 유물이 제자리로 돌아오기를 기대하마.","","False","DIA_Parlan_HAMMER_05_02","",""
"Scripts/Content/Story/Dialoge/DIA_KDF_504_Parlan.d:81","Du hast gegen die Regeln unserer Gemeinschaft verstoßen.","너는 우리 공동체의 규칙을 어겼다.","","False","DIA_Parlan_PMSchulden_05_00","",""
"Scripts/Content/Story/Dialoge/DIA_KDF_504_Parlan.d:85","Und obwohl du bereits angeklagt warst, hast du noch mehr Schuld auf dich geladen!","이미 고발되었음에도 불구하고, 너는 더 큰 죄를 짊어지게 되었구나!","","False","DIA_Parlan_PMSchulden_05_01","",""
"Scripts/Content/Story/Dialoge/DIA_KDF_504_Parlan.d:89","Deine Schuld kann nur durch eine noch höhere Spende an das Kloster bereinigt werden.","네 죄는 수도원에 더 많은 기부를 해야만 씻을 수 있다.","","False","DIA_Parlan_PMSchulden_05_02","",""
"Scripts/Content/Story/Dialoge/DIA_KDF_504_Parlan.d:90","Wieviel?","얼마나 내야 합니까?","","False","DIA_Parlan_PMAdd_15_00","",""
"Scripts/Content/Story/Dialoge/DIA_KDF_504_Parlan.d:104","Was glaubst du eigentlich, wer du bist? Bitte Innos um Verzeihung für deine Taten!","네가 대체 누구라고 생각하는 거냐? 네 행동에 대해 이노스께 용서를 빌어라!","","False","DIA_Parlan_PMSchulden_05_03","",""
"Scripts/Content/Story/Dialoge/DIA_KDF_504_Parlan.d:109","Deine Situation hat sich geändert.","네 처지가 달라졌더군.","","False","DIA_Parlan_PMSchulden_05_04","",""
"Scripts/Content/Story/Dialoge/DIA_KDF_504_Parlan.d:113","Es gibt keinen Zeugen mehr für deinen Mord!","네 살인을 증언할 증인이 더 이상 없지!","","False","DIA_Parlan_PMSchulden_05_05","",""
"Scripts/Content/Story/Dialoge/DIA_KDF_504_Parlan.d:119","Niemand bezeugt mehr, dass du gestohlen hast!","네가 훔쳤다고 증언할 사람이 이제 아무도 없어!","","False","DIA_Parlan_PMSchulden_05_06","",""
"Scripts/Content/Story/Dialoge/DIA_KDF_504_Parlan.d:125","Es gibt keinen Ankläger mehr, der deine Schlägerei bezeugt!","네 난투극을 증언해 줄 고발자가 더 이상 없다!","","False","DIA_Parlan_PMSchulden_05_07","",""
"Scripts/Content/Story/Dialoge/DIA_KDF_504_Parlan.d:130","Sämtliche Anklagen gegen dich sind fallengelassen worden!","너를 향한 모든 고발이 취소되었다!","","False","DIA_Parlan_PMSchulden_05_08","",""
"Scripts/Content/Story/Dialoge/DIA_KDF_504_Parlan.d:133","Mir kannst du vielleicht was vormachen - aber Innos kennt deine Taten!","나야 속일 수 있을지 몰라도, 이노스께서는 네 행동을 다 알고 계신다!","","False","DIA_Parlan_PMSchulden_05_09","",""
"Scripts/Content/Story/Dialoge/DIA_KDF_504_Parlan.d:138","Deine Schulden sind dir nun erlassen.","이제 네 죄는 용서받았다.","","False","DIA_Parlan_PMSchulden_05_10","",""
"Scripts/Content/Story/Dialoge/DIA_KDF_504_Parlan.d:139","Sorge dafür, dass es so bleibt!","앞으로도 이 상태가 유지되도록 주의해라!","","False","DIA_Parlan_PMSchulden_05_11","",""
"Scripts/Content/Story/Dialoge/DIA_KDF_504_Parlan.d:147","Du wirst für deine Strafe bezahlen - so wie Innos es will!","너는 그 대가를 치르게 될 것이다. 이노스의 뜻에 따라!","","False","DIA_Parlan_PMSchulden_05_12","",""
"Scripts/Content/Story/Dialoge/DIA_KDF_504_Parlan.d:149","Befreie dich von deiner Schuld!","네 죄에서 벗어나거라!","","False","DIA_Parlan_PMSchulden_05_13","",""
"Scripts/Content/Story/Dialoge/DIA_KDF_504_Parlan.d:158","Ich habe nicht genug Gold!","금이 충분하지 않습니다!","","False","DIA_Parlan_PMSchulden_Info.DIA_Parlan_PMSchulden.DIA_Parlan_PETZMASTER_PayLater","Info_AddChoice",""
"Scripts/Content/Story/Dialoge/DIA_KDF_504_Parlan.d:159","Wieviel war es nochmal?","얼마였더라?","","False","DIA_Parlan_PMSchulden_Info.DIA_Parlan_PMSchulden.DIA_Parlan_PMSchulden_HowMuchAgain","Info_AddChoice",""
"Scripts/Content/Story/Dialoge/DIA_KDF_504_Parlan.d:162","Ich will die Strafe zahlen.","벌금을 내겠습니다.","","False","DIA_Parlan_PMSchulden_Info.DIA_Parlan_PMSchulden.DIA_Parlan_PETZMASTER_PayNow","Info_AddChoice",""
"Scripts/Content/Story/Dialoge/DIA_KDF_504_Parlan.d:169","Wie viel war es noch mal?","얼마였더라?","","False","DIA_Parlan_PMSchulden_HowMuchAgain_15_00","",""
"Scripts/Content/Story/Dialoge/DIA_KDF_504_Parlan.d:174","Ich habe nicht genug Gold!","금이 충분하지 않습니다!","","False","DIA_Parlan_PMSchulden_HowMuchAgain.DIA_Parlan_PMSchulden.DIA_Parlan_PETZMASTER_PayLater","Info_AddChoice",""
"Scripts/Content/Story/Dialoge/DIA_KDF_504_Parlan.d:175","Wieviel war es nochmal?","얼마였더라?","","False","DIA_Parlan_PMSchulden_HowMuchAgain.DIA_Parlan_PMSchulden.DIA_Parlan_PMSchulden_HowMuchAgain","Info_AddChoice",""
"Scripts/Content/Story/Dialoge/DIA_KDF_504_Parlan.d:178","Ich will die Strafe zahlen.","벌금을 내겠습니다.","","False","DIA_Parlan_PMSchulden_HowMuchAgain.DIA_Parlan_PMSchulden.DIA_Parlan_PETZMASTER_PayNow","Info_AddChoice",""
"Scripts/Content/Story/Dialoge/DIA_KDF_504_Parlan.d:221","Wir haben noch nicht miteinander gesprochen und doch hast du bereits Schuld auf dich geladen!","우리는 아직 서로 대화조차 나누지 않았건만, 너는 벌써 죄를 지었구나!","","False","DIA_Parlan_PETZMASTER_05_00","",""
"Scripts/Content/Story/Dialoge/DIA_KDF_504_Parlan.d:226","Du hast dich des schwersten aller Verbrechen schuldig gemacht! Mord!","너는 가장 무거운 죄를 저질렀다! 바로 살인이다!","","False","DIA_Parlan_PETZMASTER_05_01","",""
"Scripts/Content/Story/Dialoge/DIA_KDF_504_Parlan.d:232","Und zudem hast du noch weitere Schuld auf dich geladen!","게다가 너는 다른 죄까지 지었더군요!","","False","DIA_Parlan_PETZMASTER_05_02","",""
"Scripts/Content/Story/Dialoge/DIA_KDF_504_Parlan.d:235","Wenn es nach mir ginge, würdest du auf der Stelle gerichtet, du Mörder!","내 뜻대로 된다면 너를 당장 처형할 것이다, 이 살인마야!","","False","DIA_Parlan_PETZMASTER_05_03","",""
"Scripts/Content/Story/Dialoge/DIA_KDF_504_Parlan.d:236","Wenn du jedoch die Strafe für dein Vergehen bezahlst, werde ich dich von deiner Schuld freisprechen!","하지만 네가 저지른 죄에 대한 벌금을 낸다면, 너를 용서해 주겠다!","","False","DIA_Parlan_PETZMASTER_05_04","",""
"Scripts/Content/Story/Dialoge/DIA_KDF_504_Parlan.d:241","Diebstahl ist ein Verstoß gegen die Regeln des Klosters!","도둑질은 수도원의 규칙을 위반하는 짓이다!","","False","DIA_Parlan_PETZMASTER_05_05","",""
"Scripts/Content/Story/Dialoge/DIA_KDF_504_Parlan.d:244","Abgesehen davon, dass du auch gegen andere Regeln gehandelt hast.","그 외에도 너는 다른 규칙들을 어겼다.","","False","DIA_Parlan_PETZMASTER_05_06","",""
"Scripts/Content/Story/Dialoge/DIA_KDF_504_Parlan.d:247","Diese Verfehlungen müssen bestraft werden. So will es das Gesetz Innos'.","이러한 잘못은 처벌받아야 한다. 그것이 이노스의 율법이다.","","False","DIA_Parlan_PETZMASTER_05_07","",""
"Scripts/Content/Story/Dialoge/DIA_KDF_504_Parlan.d:248","Du wirst eine entsprechende Spende an das Kloster zahlen!","너는 수도원에당당한 기부금을 내야 할 것이다!","","False","DIA_Parlan_PETZMASTER_05_08","",""
"Scripts/Content/Story/Dialoge/DIA_KDF_504_Parlan.d:255","Wir dulden keine Schlägereien im Kloster. Ein solches Verhalten verstößt gegen unsere Regeln.","우리는 수도원 내에서 싸움박질을 용납하지 않는다. 그런 행동은 우리의 규칙을 위배한다.","","False","DIA_Parlan_PETZMASTER_05_09","",""
"Scripts/Content/Story/Dialoge/DIA_KDF_504_Parlan.d:259","Und warum tötest du unsere Schafe?","그리고 어째서 우리의 양을 죽인 것이냐?","","False","DIA_Parlan_PETZMASTER_05_10","",""
"Scripts/Content/Story/Dialoge/DIA_KDF_504_Parlan.d:262","Wir leben hier nach Regeln. Und die gelten auch für dich.","우리는 이곳에서 규칙에 따라 살아간다. 그리고 그 규칙은 너에게도 적용된다.","","False","DIA_Parlan_PETZMASTER_05_11","",""
"Scripts/Content/Story/Dialoge/DIA_KDF_504_Parlan.d:263","Für deine Vergehen wirst eine Spende an das Kloster entrichten.","네가 저지른 죄에 대해 수도원에 기부금을 납부해야 할 것이다.","","False","DIA_Parlan_PETZMASTER_05_12","",""
"Scripts/Content/Story/Dialoge/DIA_KDF_504_Parlan.d:271","Du hast unsere Schafe getötet. Dafür wirst du eine Entschädigung zahlen!","너는 우리의 양을 죽였다. 그에 대한 배상금을 지불해야 할 것이다!","","False","DIA_Parlan_PETZMASTER_05_13","",""
"Scripts/Content/Story/Dialoge/DIA_KDF_504_Parlan.d:276","Wie viel?","얼마나?","","False","DIA_Parlan_PETZMASTER_15_14","",""
"Scripts/Content/Story/Dialoge/DIA_KDF_504_Parlan.d:283","Ich habe nicht genug Gold!","금화가 충분하지 않습니다!","","False","DIA_Parlan_PETZMASTER_Info.DIA_Parlan_PETZMASTER.DIA_Parlan_PETZMASTER_PayLater","Info_AddChoice",""
"Scripts/Content/Story/Dialoge/DIA_KDF_504_Parlan.d:286","Ich will die Strafe zahlen.","벌금을 내겠습니다.","","False","DIA_Parlan_PETZMASTER_Info.DIA_Parlan_PETZMASTER.DIA_Parlan_PETZMASTER_PayNow","Info_AddChoice",""
"Scripts/Content/Story/Dialoge/DIA_KDF_504_Parlan.d:292","Ich will die Strafe zahlen!","벌금을 내겠습니다!","","False","DIA_Parlan_PETZMASTER_PayNow_15_00","",""
"Scripts/Content/Story/Dialoge/DIA_KDF_504_Parlan.d:294","Ich nehme deine Spende an. Deine Verfehlungen sind dir vergeben. Möge Innos dir die Weisheit schenken, nicht noch mal den gleichen Fehler zu machen.","네 기부를 받아들이마. 네 과오를 용서하노라. 이노스께서 네게 다시는 같은 실수를 반복하지 않을 지혜를 내려주시기를.","","False","DIA_Parlan_PETZMASTER_PayNow_05_01","",""
"Scripts/Content/Story/Dialoge/DIA_KDF_504_Parlan.d:308","Ich habe nicht genug Gold!","금화가 충분하지 않다!","","False","DIA_Parlan_PETZMASTER_PayLater_15_00","",""
"Scripts/Content/Story/Dialoge/DIA_KDF_504_Parlan.d:309","Daran hättest du denken können, bevor du dich schuldig gemacht hast.","죄를 짓기 전에 그 점을 생각했어야지.","","False","DIA_Parlan_PETZMASTER_PayLater_05_01","",""
"Scripts/Content/Story/Dialoge/DIA_KDF_504_Parlan.d:310","Vielleicht lernst du ja daraus. Handle dir keinen Ärger mehr ein, dann musst du auch nicht zahlen.","이번 일로 무언가 배웠기를 바란다. 앞으로는 문제를 일으키지 마라. 그러면 지불할 일도 없을 테니.","","False","DIA_Parlan_PETZMASTER_PayLater_05_02","",""
"Scripts/Content/Story/Dialoge/DIA_KDF_504_Parlan.d:531","Wenn du das erledigt hast, sprechen wir über deine Arbeit hier im Kloster.","그 일이 끝나면, 여기서 네가 할 일에 대해 이야기하자꾸나.","","False","DIA_Parlan_WELCOME_05_09","",""
"Scripts/Content/Story/Dialoge/DIA_KDF_504_Parlan.d:348","Bring deinen Tribut ans Kloster umgehend zu Gorax. Er wird dafür sorgen, dass es an seinen Platz gelangt.","수도원에 바칠 공물을 당장 고락스에게 가져가거라. 그가 알맞은 장소에 둘 것이다.","","False","DIA_Addon_Parlan_WELCOME_05_00","",""
"Scripts/Content/Story/Dialoge/DIA_KDF_504_Parlan.d:353","Willkommen, neuer Novize, ich bin Parlan.","새로운 견습생이여, 환영한다. 나는 파를란이다.","","False","DIA_Parlan_WELCOME_05_00","",""
"Scripts/Content/Story/Dialoge/DIA_KDF_504_Parlan.d:354","Ich bin ...","저는...","","False","DIA_Parlan_WELCOME_15_01","",""
"Scripts/Content/Story/Dialoge/DIA_KDF_504_Parlan.d:355","(unterbricht) ... ein NOVIZE. Es ist nicht wichtig, wer du vorher warst. Jetzt bist du ein Diener Innos. Das ist alles, was zählt.","(말을 끊으며) ...견습생이다. 네가 전에 누구였는지는 중요하지 않다. 지금 너는 이노스의 종이다. 그게 전부야.","","False","DIA_Parlan_WELCOME_05_02","",""
"Scripts/Content/Story/Dialoge/DIA_KDF_504_Parlan.d:356","Und mit der Aufnahme in die Gemeinschaft des Feuers werden dir nun all deine bisherigen Verfehlungen vergeben.","그리고 불의 공동체에 받아들여짐으로써, 네가 지금까지 저지른 모든 과오는 용서될 것이다.","","False","DIA_Parlan_WELCOME_05_03","",""
"Scripts/Content/Story/Dialoge/DIA_KDF_504_Parlan.d:357","Innos segne diesen Mann, der sein Leben in seinen Dienst stellt, und wasche seine Sünden rein!","이노스여, 이 몸을 바쳐 섬기려는 이 자를 축복하시고 그의 죄를 씻어주소서!","","False","DIA_Parlan_WELCOME_05_04","",""
"Scripts/Content/Story/Dialoge/DIA_KDF_504_Parlan.d:358","Und jetzt?","그리고요?","","False","DIA_Parlan_WELCOME_15_05","",""
"Scripts/Content/Story/Dialoge/DIA_KDF_504_Parlan.d:512","Zunächst wirst du die Pflichten eines Novizen erfüllen. Du wirst arbeiten und der Gemeinschaft dienen.","먼저 견습생의 의무를 다해야 한다. 너는 일하고 공동체를 위해 봉사할 것이다.","","False","DIA_Parlan_WELCOME_05_06","",""
"Scripts/Content/Story/Dialoge/DIA_KDF_504_Parlan.d:516","Doch bring zunächst dein Schaf zu Opolos, er wird sich darum kümmern.","하지만 우선 네 양을 오폴로스에게 데려가거라. 그가 돌볼 것이다.","","False","DIA_Parlan_WELCOME_05_07","",""
"Scripts/Content/Story/Dialoge/DIA_KDF_504_Parlan.d:530","Du kannst dein Gold bei Gorax, unserem Verwalter, abgeben. Du findest ihn in der Weinkellerei.","우리의 관리인인 고락스에게 금을 맡기면 된다. 와인 양조장에 가면 찾을 수 있을 것이다.","","False","DIA_Parlan_WELCOME_05_08","",""
"Scripts/Content/Story/Dialoge/DIA_KDF_504_Parlan.d:403","Ich suche nach dem Auge Innos'.","이노스의 눈을 찾고 있습니다.","","False","DIA_Parlan_Auge.description","",""
"Scripts/Content/Story/Dialoge/DIA_KDF_504_Parlan.d:416","Ich suche nach dem Auge Innos'.","이노스의 눈을 찾고 있습니다.","","False","DIA_Parlan_Auge_15_00","",""
"Scripts/Content/Story/Dialoge/DIA_KDF_504_Parlan.d:417","Ich weiß zwar nicht, wer dir davon erzählt hat - aber das göttliche Artefakt ist für niemanden zugänglich.","누가 너에게 그 이야기를 해줬는지는 모르겠지만, 그 신성한 유물은 아무나 접근할 수 있는 게 아니다.","","False","DIA_Parlan_Auge_05_01","",""
"Scripts/Content/Story/Dialoge/DIA_KDF_504_Parlan.d:418","Wo befindet sich das Auge Innos'?","이노스의 눈은 어디에 있습니까?","","False","DIA_Parlan_Auge_15_02","",""
"Scripts/Content/Story/Dialoge/DIA_KDF_504_Parlan.d:419","Je weniger Köpfe dieses Geheimnis kennen, desto besser ist es geschützt. Suche danach - und du wirst es nicht finden.","이 비밀을 아는 사람이 적을수록, 유물은 더 잘 보호된다. 찾아보거라. 하지만 찾지 못할 것이다.","","False","DIA_Parlan_Auge_05_03","",""
"Scripts/Content/Story/Dialoge/DIA_KDF_504_Parlan.d:431","Erzähl mir vom Auge Innos'.","이노스의 눈에 대해 이야기해 주세요.","","False","DIA_Parlan_Amulett.description","",""
"Scripts/Content/Story/Dialoge/DIA_KDF_504_Parlan.d:445","Erzähl mir vom Auge Innos'.","이노스의 눈에 대해 이야기해 주세요.","","False","DIA_Parlan_Amulett_15_00","",""
"Scripts/Content/Story/Dialoge/DIA_KDF_504_Parlan.d:446","Nun gut. Das Auge Innos enthält einen Teil der göttlichen Kraft Innos. Es ist nur EINEM erwählten Diener Innos bestimmt, das Amulett zu tragen.","좋다. 이노스의 눈에는 이노스의 신성한 힘의 일부가 담겨 있다. 이 부적을 지닐 수 있는 자는 이노스의 선택받은 단 한 명의 하인뿐이다.","","False","DIA_Parlan_Amulett_05_01","",""
"Scripts/Content/Story/Dialoge/DIA_KDF_504_Parlan.d:447","Es wurde geschaffen, um uns vor den Mächten des Bösen zu schützen, wenn die Zeit gekommen ist.","그것은 때가 되었을 때 악의 세력으로부터 우리를 지키기 위해 만들어졌다.","","False","DIA_Parlan_Amulett_05_02","",""
"Scripts/Content/Story/Dialoge/DIA_KDF_504_Parlan.d:459","Ich muss mit dem Anführer der Paladine sprechen!","팔라딘들의 지도자와 이야기해야 합니다!","","False","DIA_Parlan_Hagen.description","",""
"Scripts/Content/Story/Dialoge/DIA_KDF_504_Parlan.d:473","Ich muss mit dem Anführer der Paladine sprechen!","팔라딘들의 지도자와 이야기해야 합니다!","","False","DIA_Parlan_Hagen_15_00","",""
"Scripts/Content/Story/Dialoge/DIA_KDF_504_Parlan.d:474","Lord Hagen empfängt keine Novizen - nur uns Magiern ist es erlaubt, bei ihm vorgelassen zu werden.","헤이건 경께서는 견습생을 만나지 않으신다. 우리 마법사들만이 그를 뵐 수 있다.","","False","DIA_Parlan_Hagen_05_01","",""
"Scripts/Content/Story/Dialoge/DIA_KDF_504_Parlan.d:487","Wie kann ich der Gemeinschaft dienen?","어떻게 공동체를 도울 수 있습니까?","","False","DIA_Parlan_WORK.description","",""
"Scripts/Content/Story/Dialoge/DIA_KDF_504_Parlan.d:506","Wie kann ich der Gemeinschaft dienen?","공동체를 위해 어떻게 봉사하면 되겠습니까?","","False","DIA_Parlan_WORK_15_00","",""
"Scripts/Content/Story/Dialoge/DIA_KDF_504_Parlan.d:539","Es ist die Zeit der Ruhe. Die Arbeit der Novizen beginnt morgens und geht bis zur Dunkelheit.","지금은 휴식 시간이다. 견습생들의 일은 아침부터 어두워질 때까지 이어진다.","","False","DIA_Parlan_WORK_NIGHT_05_01","",""
"Scripts/Content/Story/Dialoge/DIA_KDF_504_Parlan.d:540","Du solltest auch schlafen. Komm wieder, wenn die Zeit der Arbeit beginnt.","너도 잠을 자야 한다. 일할 시간이 되면 다시 오거라.","","False","DIA_Parlan_WORK_NIGHT_05_02","",""
"Scripts/Content/Story/Dialoge/DIA_KDF_504_Parlan.d:546","Sprich mit den anderen Magiern. Sie werden dir Aufgaben geben.","다른 마법사들과 이야기해 보아라. 그들이 네게 임무를 줄 것이다.","","False","DIA_Parlan_WORK_05_03","",""
"Scripts/Content/Story/Dialoge/DIA_KDF_504_Parlan.d:547","Ich werde dabei über dich wachen, und wenn du deine Pflichten zur Genüge erfüllt hast, bekommst du die Erlaubnis, in der Bibliothek das Wort Innos zu studieren.","내가 네 일을 감독할 것이다. 네가 의무를 충분히 완수하고 나면, 도서관에서 이노스의 말씀을 공부할 수 있도록 허가하겠다.","","False","DIA_Parlan_WORK_05_04","",""
"Scripts/Content/Story/Dialoge/DIA_KDF_504_Parlan.d:565","Bekomme ich Zugang zur Bibliothek?","도서관에 들어갈 수 있습니까?","","False","DIA_Parlan_Stand.description","",""
"Scripts/Content/Story/Dialoge/DIA_KDF_504_Parlan.d:581","Bekomme ich Zugang zur Bibliothek?","도서관에 들어갈 수 있습니까?","","False","DIA_Parlan_Stand_15_00","",""
"Scripts/Content/Story/Dialoge/DIA_KDF_504_Parlan.d:585","Du hast Bruder Neoras die Feuernesseln besorgt.","너는 니오라스 형제를 위해 파이어 네틀을 구해 왔다.","","False","DIA_Parlan_Stand_05_01","",""
"Scripts/Content/Story/Dialoge/DIA_KDF_504_Parlan.d:591","Du hast Neoras' Rezept wiedergefunden.","너는 니오라스의 레시피를 찾아냈다.","","False","DIA_Parlan_Stand_05_02","",""
"Scripts/Content/Story/Dialoge/DIA_KDF_504_Parlan.d:597","Den schwarzen Wolf, der den Schrein gefährdete, hast du besiegt.","신단을 위협하던 검은 늑대를 물리쳤다.","","False","DIA_Parlan_Stand_05_03","",""
"Scripts/Content/Story/Dialoge/DIA_KDF_504_Parlan.d:603","Es ist dir gelungen, vier Novizen zu finden und so die Kammern zu reinigen.","견습생 네 명을 찾아내어 방을 청소하는 데 성공했다.","","False","DIA_Parlan_Stand_05_04","",""
"Scripts/Content/Story/Dialoge/DIA_KDF_504_Parlan.d:609","Du hast die Nahrung gerecht an die Novizen verteilt, wie Bruder Gorax es dir aufgetragen hat.","너는 고락스 형제가 지시한 대로 견습생들에게 음식을 공평하게 나누어 주었다.","","False","DIA_Parlan_Stand_05_05","",""
"Scripts/Content/Story/Dialoge/DIA_KDF_504_Parlan.d:614","Gorax war gar nicht zufrieden mit dir, weil du die Nahrung nicht gerecht verteilt hast.","고락스는 네가 음식을 공평하게 나누어 주지 않아 전혀 만족하지 않았다.","","False","DIA_Parlan_Stand_05_06","",""
"Scripts/Content/Story/Dialoge/DIA_KDF_504_Parlan.d:619","Du hast den Wein zu Gorax' Zufriedenheit verkauft.","너는 고락스가 만족할 만큼 와인을 팔았다.","","False","DIA_Parlan_Stand_05_07","",""
"Scripts/Content/Story/Dialoge/DIA_KDF_504_Parlan.d:624","Schweigen wir lieber über die Sache mit dem Wein ...","와인에 관한 일은 침묵하는 게 좋겠군...","","False","DIA_Parlan_Stand_05_08","",""
"Scripts/Content/Story/Dialoge/DIA_KDF_504_Parlan.d:629","Ja, du hast genug gearbeitet. Jetzt ist es Zeit, dass du die Lehren Innos studierst. Sprich mit Meister Hyglas in der Bibliothek.","그래, 너는 충분히 일했다. 이제 이노스의 가르침을 공부할 시간이다. 도서관에 있는 히글라스 대사부와 이야기해라.","","False","DIA_Parlan_Stand_05_09","",""
"Scripts/Content/Story/Dialoge/DIA_KDF_504_Parlan.d:630","Ich übergebe dir jetzt den Schlüssel.","이제 네게 열쇠를 넘겨주마.","","False","DIA_Parlan_Stand_05_10","",""
"Scripts/Content/Story/Dialoge/DIA_KDF_504_Parlan.d:676","Du hast zwar gearbeitet, aber deine Pflicht ist es, noch weiter der Gemeinschaft zu dienen.","일은 했지만, 공동체를 위해 더 봉사하는 것이 너의 의무다.","","False","DIA_Parlan_Stand_05_11","",""
"Scripts/Content/Story/Dialoge/DIA_KDF_504_Parlan.d:680","Erfülle zunächst deine Pflichten im Dienst an der Gemeinschaft. Wenn du gearbeitet hast, sprechen wir noch mal darüber.","먼저 공동체에 봉사하는 의무를 다해라. 일하고 나면, 그때 다시 이야기하자.","","False","DIA_Parlan_Stand_05_12","",""
"Scripts/Content/Story/Dialoge/DIA_KDF_504_Parlan.d:693","Hast du eine Aufgabe für mich?","제게 맡길 임무가 있습니까?","","False","DIA_Parlan_Aufgabe.description","",""
"Scripts/Content/Story/Dialoge/DIA_KDF_504_Parlan.d:706","Hast du eine Aufgabe für mich?","제게 맡길 임무가 있습니까?","","False","DIA_Parlan_Aufgabe_15_00","",""
"Scripts/Content/Story/Dialoge/DIA_KDF_504_Parlan.d:707","Hmm ... Ja, es gibt da tatsächlich etwas, was du für die Gemeinschaft tun könntest.","음... 그래, 네가 공동체를 위해 할 수 있는 일이 실제로 하나 있긴 하다.","","False","DIA_Parlan_Aufgabe_05_01","",""
"Scripts/Content/Story/Dialoge/DIA_KDF_504_Parlan.d:708","Die vier Novizenkammern müssten mal wieder ausgefegt werden. Erledige das.","네 명의 견습생 방을 다시 쓸어 야 할 때가 되었다. 그것을 해내거라.","","False","DIA_Parlan_Aufgabe_05_02","",""
"Scripts/Content/Story/Dialoge/DIA_KDF_504_Parlan.d:709","Aber das dauert ewig ...","하지만 그거는 영원히 걸릴 텐데요...","","False","DIA_Parlan_Aufgabe_15_03","",""
"Scripts/Content/Story/Dialoge/DIA_KDF_504_Parlan.d:710","Dann solltest du am Besten gleich damit anfangen, nicht wahr?","그렇다면 지금 당장 시작하는 게 좋겠군, 그렇지 않나?","","False","DIA_Parlan_Aufgabe_05_04","",""
"Scripts/Content/Story/Dialoge/DIA_KDF_504_Parlan.d:729","Wegen der Novizenkammern...","견습생들의 방에 대해서 말입니다만...","","False","DIA_Parlan_Fegen.description","",""
"Scripts/Content/Story/Dialoge/DIA_KDF_504_Parlan.d:746","Wegen der Novizenkammern ...","견습생들의 방 일 말인데...","","False","DIA_Parlan_Fegen_15_00","",""
"Scripts/Content/Story/Dialoge/DIA_KDF_504_Parlan.d:750","Du hast tatsächlich vier Novizen gefunden, die dir helfen. Ich denke, sie können jetzt wieder ihrem Tagewerk nachgehen.","정말 네게 도움을 줄 견습생 네 명을 찾았구나. 이제 그들도 다시 일상적인 업무로 돌아갈 수 있겠어.","","False","DIA_Parlan_Fegen_05_01","",""
"Scripts/Content/Story/Dialoge/DIA_KDF_504_Parlan.d:751","Gut gemacht, Novize. Du hast die Aufgabe gelöst, vor die ich dich gestellt habe.","잘했다, 견습생이여. 내가 네게 맡긴 임무를 완수했구나.","","False","DIA_Parlan_Fegen_05_02","",""
"Scripts/Content/Story/Dialoge/DIA_KDF_504_Parlan.d:763","Unbestritten - es ist keine einfache Aufgabe. Aber mit Innos Hilfe wirst du es schon schaffen.","틀림없다. 쉬운 일은 아니지. 하지만 이노스의 가호가 있다면 너도 해낼 수 있을 것이다.","","False","DIA_Parlan_Fegen_05_03","",""
"Scripts/Content/Story/Dialoge/DIA_KDF_504_Parlan.d:776","Wie kann ich die Kunst der Magie lernen?","마법의 기술을 배우려면 어떻게 해야 합니까?","","False","DIA_Parlan_LEARN.description","",""
"Scripts/Content/Story/Dialoge/DIA_KDF_504_Parlan.d:790","Wie kann ich die Kunst der Magie lernen?","어떻게 하면 마법의 기술을 배울 수 있습니까?","","False","DIA_Parlan_LEARN_15_00","",""
"Scripts/Content/Story/Dialoge/DIA_KDF_504_Parlan.d:791","Du bist nicht hier, um die Gabe der Magie zu empfangen, du bist hier, um Innos zu dienen.","너는 마법의 재능을 받으러 온 게 아니다. 이노스를 섬기러 온 것이지.","","False","DIA_Parlan_LEARN_05_01","",""
"Scripts/Content/Story/Dialoge/DIA_KDF_504_Parlan.d:792","Aber ich kann dir zeigen, wie du deine magische Kraft steigern kannst.","하지만 네 마법력을 키우는 법은 가르쳐 줄 수 있다.","","False","DIA_Parlan_LEARN_05_02","",""
"Scripts/Content/Story/Dialoge/DIA_KDF_504_Parlan.d:806","Ich will die Prüfung des Feuers ablegen.","불의 시험을 치르고 싶습니다.","","False","DIA_Parlan_KNOWSJUDGE.description","",""
"Scripts/Content/Story/Dialoge/DIA_KDF_504_Parlan.d:821","Ich will die Prüfung des Feuers ablegen.","불의 시험을 치르고 싶습니다.","","False","DIA_Parlan_KNOWSJUDGE_15_00","",""
"Scripts/Content/Story/Dialoge/DIA_KDF_504_Parlan.d:822","Was ...? Hm ... (eindringlich) Ist das wirklich dein Ernst?","뭐...? 흠... (간절하게) 진심인가?","","False","DIA_Parlan_KNOWSJUDGE_05_01","",""
"Scripts/Content/Story/Dialoge/DIA_KDF_504_Parlan.d:823","Ich bestehe darauf.","진심입니다.","","False","DIA_Parlan_KNOWSJUDGE_15_02","",""
"Scripts/Content/Story/Dialoge/DIA_KDF_504_Parlan.d:824","Du bist ein außergewöhnlicher Novize. Nun gut, wenn es dein Ernst ist, dann sprich mit Meister Pyrokar.","너는 특출난 견습생이로구나. 좋아, 진심이라면 파이로카 대사부와 이야기해 보아라.","","False","DIA_Parlan_KNOWSJUDGE_05_03","",""
"Scripts/Content/Story/Dialoge/DIA_KDF_504_Parlan.d:839","Ich will meine magische Kraft steigern.","마법력을 높이고 싶습니다.","","False","DIA_Parlan_TEACH_MANA.description","",""
"Scripts/Content/Story/Dialoge/DIA_KDF_504_Parlan.d:856","Ich will meine magische Kraft steigern.","마법력을 높이고 싶습니다.","","False","DIA_Parlan_TEACH_MANA_15_00","",""
"Scripts/Content/Story/Dialoge/DIA_KDF_504_Parlan.d:868","Deine magische Kraft ist gewachsen. Ich kann dir nun nicht mehr helfen, sie zu erhöhen.","네 마법력이 성장했구나. 이제 내가 더는 네 마법력을 키워줄 수 없다.","","False","DIA_Parlan_TEACH_MANA_05_00","",""
"Scripts/Content/Story/Dialoge/DIA_KDF_504_Parlan.d:869","Wenn du mehr lernen willst, dann wende dich an Pyrokar.","더 배우고 싶다면, 파이로카에게 가거라.","","False","DIA_Parlan_TEACH_MANA_05_01","",""
"Scripts/Content/Story/Dialoge/DIA_KDF_504_Parlan.d:919","Du hast den Schwur geleistet, Bruder. Willkommen in unseren Reihen.","서약을 마쳤구나, 형제여. 우리의 대열에 합류한 것을 환영한다.","","False","DIA_Parlan_MAGE_05_00","",""
"Scripts/Content/Story/Dialoge/DIA_KDF_504_Parlan.d:920","Ich werde dich nun in den Kreisen der Magie unterweisen, wenn du genügend Erfahrung mitbringst.","이제 네게 충분한 경험이 쌓였다면, 마법의 서클에 대해 가르쳐 주겠다.","","False","DIA_Parlan_MAGE_05_01","",""
"Scripts/Content/Story/Dialoge/DIA_KDF_504_Parlan.d:921","Nimm diesen Runenstein als Zeichen, dass die Macht nun in deinen Händen liegt.","이 빈 룬석을 힘이 이제 네 손에 있다는 표식으로 받거라.","","False","DIA_Parlan_MAGE_05_02","",""
"Scripts/Content/Story/Dialoge/DIA_KDF_504_Parlan.d:936","Lehre mich den ersten Kreis der Magie.","제1서클의 마법을 가르쳐 주십시오.","","False","DIA_Parlan_CIRCLE1.description","",""
"Scripts/Content/Story/Dialoge/DIA_KDF_504_Parlan.d:951","Lehre mich den ersten Kreis der Magie.","제1서클의 마법을 가르쳐 주십시오.","","False","DIA_Parlan_TECH_CIRCLE1_15_00","",""
"Scripts/Content/Story/Dialoge/DIA_KDF_504_Parlan.d:955","Der erste Kreis des Feuers erlaubt es dir, Runen, die du erschaffen hast, anzuwenden.","불의 제1서클을 통해 네가 창조한 룬을 사용할 수 있게 된다.","","False","DIA_Parlan_TECH_CIRCLE1_05_01","",""
"Scripts/Content/Story/Dialoge/DIA_KDF_504_Parlan.d:956","Du kannst jetzt die Formeln der Zaubersprüche lernen, um deine eigenen Runen herzustellen.","이제 자신만의 룬을 만들기 위해 주문 공식을 배울 수 있다.","","False","DIA_Parlan_TECH_CIRCLE1_05_02","",""
"Scripts/Content/Story/Dialoge/DIA_KDF_504_Parlan.d:957","Jeder von uns hat sich auf ein Gebiet der Magie spezialisiert. Überlege dir also gut, von welcher Art deine Zauber sein sollen.","우리 중 누구든 마법의 한 분야를 전문으로 삼지. 그러니 네 주문이 어떤 종류가 되어야 할지 잘 생각해 보아라.","","False","DIA_Parlan_TECH_CIRCLE1_05_03","",""
"Scripts/Content/Story/Dialoge/DIA_KDF_504_Parlan.d:971","Lehre mich den zweiten Kreis der Magie.","제2서클의 마법을 가르쳐 주십시오.","","False","DIA_Parlan_CIRCLE2.description","",""
"Scripts/Content/Story/Dialoge/DIA_KDF_504_Parlan.d:986","Lehre mich den zweiten Kreis der Magie.","제2서클의 마법을 가르쳐 주십시오.","","False","DIA_Parlan_TECH_CIRCLE2_15_00","",""
"Scripts/Content/Story/Dialoge/DIA_KDF_504_Parlan.d:992","Tritt nun in den zweiten Kreis und lerne, noch mächtigere Zauber zu wirken.","이제 제2서클에 들어서서 더욱 강력한 주문을 구사하는 법을 배워라.","","False","DIA_Parlan_TECH_CIRCLE2_05_01","",""
"Scripts/Content/Story/Dialoge/DIA_KDF_504_Parlan.d:993","Doch bedenke auch, dass du eine Verantwortung trägst. Nicht mir gegenüber und auch nicht Pyrokar - sondern Innos.","하지만 네게 책임이 따른다는 점도 명심해라. 나나 파이로카에게 지는 책임이 아니라, 바로 이노스께 지는 책임이다.","","False","DIA_Parlan_TECH_CIRCLE2_05_02","",""
"Scripts/Content/Story/Dialoge/DIA_KDF_504_Parlan.d:994","Er zeigt dir die Richtung - doch deine Taten formen den Weg.","그분이 방향을 보여주시지만, 길을 만드는 것은 네 행동이다.","","False","DIA_Parlan_TECH_CIRCLE2_05_03","",""
"Scripts/Content/Story/Dialoge/DIA_KDF_504_Parlan.d:999","Die Zeit ist noch nicht gekommen.","아직 때는 이르다.","","False","DIA_Parlan_TECH_CIRCLE2_05_04","",""
"Scripts/Content/Story/Dialoge/DIA_KDF_504_Parlan.d:1013","Lehre mich den dritten Kreis der Magie.","제3서클의 마법을 가르쳐 주십시오.","","False","DIA_Parlan_CIRCLE3.description","",""
"Scripts/Content/Story/Dialoge/DIA_KDF_504_Parlan.d:1028","Lehre mich den dritten Kreis der Magie.","제3서클의 마법을 가르쳐 주십시오.","","False","DIA_Parlan_TECH_CIRCLE3_15_00","",""
"Scripts/Content/Story/Dialoge/DIA_KDF_504_Parlan.d:1034","Ja, die Zeit ist gekommen. Tritt ein in den dritten Kreis der Magie. Neue Zauber erwarten dich.","그래, 때가 되었다. 마법의 제3서클에 들어가거라. 새로운 주문들이 너를 기다리고 있다.","","False","DIA_Parlan_TECH_CIRCLE3_05_01","",""
"Scripts/Content/Story/Dialoge/DIA_KDF_504_Parlan.d:1035","Du wirst sie brauchen, denn das Böse ist nahe gekommen und nur mit der Macht Innos kann es aufgehalten werden.","그것들이 필요할 것이다. 악이 가까이 다가왔으며 오직 이노스의 힘으로만 저지할 수 있으니.","","False","DIA_Parlan_TECH_CIRCLE3_05_02","",""
"Scripts/Content/Story/Dialoge/DIA_KDF_504_Parlan.d:1036","Ich habe dich nun alle Kreise gelehrt, die ich weitergeben kann. In die höheren Kreise wird dich Karas geleiten.","나는 이제 내가 전할 수 있는 모든 서클을 가르쳐 주었다. 더 높은 서클은 카라스가 인도해 줄 것이다.","","False","DIA_Parlan_TECH_CIRCLE3_05_03","",""
"Scripts/Content/Story/Dialoge/DIA_KDF_504_Parlan.d:1043","Es ist noch nicht an der Zeit für dich, den dritten Kreis zu lernen.","네가 제3서클을 배우기에는 아직 때가 아니다.","","False","DIA_Parlan_TECH_CIRCLE3_05_04","",""
"Scripts/Content/Story/Dialoge/DIA_KDF_504_Parlan.d:1057","Unterweise mich! (Runen erschaffen)","가르쳐 주십시오! (룬 제작)","","False","DIA_Parlan_TEACH.description","",""
"Scripts/Content/Story/Dialoge/DIA_KDF_504_Parlan.d:1073","Unterweise mich!","가르쳐 주십시오!","","False","DIA_Parlan_TEACH_15_00","",""
"Scripts/Content/Story/Dialoge/DIA_KDF_504_Parlan.d:1136","Ich kann dir zurzeit keine weiteren Formeln beibringen.","지금은 네게 더 가르쳐 줄 수 있는 주문 공식이 없다.","","False","DIA_Parlan_TEACH_05_01","",""
"Scripts/Content/Story/Dialoge/DIA_KDF_504_Parlan.d:1225","Möge Innos dich schützen.","이노스께서 너를 지켜주시기를.","","False","DIA_Parlan_EXIT_05_00","",""
"Scripts/Content/Story/Dialoge/DIA_KDF_504_Parlan.d:1288","Wie ich sehe, hast du dich entschlossen, auf unserer Seite zu kämpfen. Das freut mich.","보니 우리 편에서 싸우기로 결심한 모양이군. 기쁘군요.","","False","DIA_Parlan_IAmParlan_05_00","",""
"Scripts/Content/Story/Dialoge/DIA_KDF_504_Parlan.d:1289","Wir können jeden Mann brauchen. Rede am besten direkt mit Marduk, er ist für euch Paladine zuständig.","우리는 한 명의 일라도 아쉽습니다. 마르두크와 직접 이야기하는 게 좋겠군요. 그가 팔라딘들을 담당하고 있으니까요.","","False","DIA_Parlan_IAmParlan_05_01","",""
"Scripts/Content/Story/Dialoge/DIA_KDF_504_Parlan.d:1293","Ich weiß nicht, warum man dir erlaubt hat, das Kloster zu betreten. Ich bin Parlan und verantwortlich für unsere Novizen.","네가 무슨 이유로 수도원에 들어올 허락을 받았는지는 모르겠지만. 나는 파를란이며 견습생들을 관리하고 있다.","","False","DIA_Parlan_IAmParlan_05_02","",""
"Scripts/Content/Story/Dialoge/DIA_KDF_504_Parlan.d:1294","Ich möchte nicht, dass du sie durch dumme Fragen von der Arbeit abhältst. Ist das klar?","네놈이 쓸데없는 질문으로 그들의 일을 방해하는 건 용납하지 않겠다. 알겠나?","","False","DIA_Parlan_IAmParlan_05_03","",""
"Scripts/Content/Story/Dialoge/DIA_KDF_504_Parlan.d:1299","Ich werde tun, was mir gefällt.","내 마음대로 할 거요.","","False","DIA_Parlan_IAmParlan_Info.DIA_Parlan_IAmParlan.DIA_Parlan_IAmParlan_MyChoice","Info_AddChoice",""
"Scripts/Content/Story/Dialoge/DIA_KDF_504_Parlan.d:1300","Klar.","좋아.","","False","DIA_Parlan_IAmParlan_Info.DIA_Parlan_IAmParlan.DIA_Parlan_IAmParlan_OK","Info_AddChoice",""
"Scripts/Content/Story/Dialoge/DIA_KDF_504_Parlan.d:1308","Ich werde tun, was mir gefällt.","내 마음대로 하겠어.","","False","DIA_Parlan_IAmParlan_MyChoice_15_00","",""
"Scripts/Content/Story/Dialoge/DIA_KDF_504_Parlan.d:1309","Es wird seine Gründe haben, warum du hier geduldet wirst, aber alles hat seine Grenzen.","네가 여기서 묵인되는 이유가 있겠지만, 모든 것에는 한계가 있는 법이다.","","False","DIA_Parlan_IAmParlan_MyChoice_05_01","",""
"Scripts/Content/Story/Dialoge/DIA_KDF_504_Parlan.d:1310","Wenn du Ärger machst, bekommst du welchen. Also halte dich von den Novizen fern.","말썽을 피우면 대가를 치르게 될 거다. 그러니 수련생들은 멀리해라.","","False","DIA_Parlan_IAmParlan_MyChoice_05_02","",""
"Scripts/Content/Story/Dialoge/DIA_KDF_504_Parlan.d:1317","Klar.","물론이지.","","False","DIA_Parlan_IAmParlan_OK_15_00","",""
"Scripts/Content/Story/Dialoge/DIA_KDF_504_Parlan.d:1318","Das will ich hoffen.","그러길 바라마.","","False","DIA_Parlan_IAmParlan_OK_05_01","",""
"Scripts/Content/Story/Dialoge/DIA_KDF_504_Parlan.d:1332","Hast du sonst noch was für mich?","나한테 다른 할 말이라도 있나?","","False","DIA_Parlan_Bibliothek.description","",""
"Scripts/Content/Story/Dialoge/DIA_KDF_504_Parlan.d:1348","Hast du sonst noch was für mich?","나한테 다른 할 말이라도 있나?","","False","DIA_Parlan_Bibliothek_15_00","",""
"Scripts/Content/Story/Dialoge/DIA_KDF_504_Parlan.d:1349","Ja. Als Angehöriger des Ordens bekommst du den Schlüssel zur Bibliothek. Dort findest du die Brüder Karas und Hyglas.","그래. 교단의 일원으로서 도서관 열쇠를 주겠다. 그곳에 가면 카라스와 히글라스 형제가 있을 거다.","","False","DIA_Parlan_Bibliothek_05_01","",""
"Scripts/Content/Story/Dialoge/DIA_KDF_504_Parlan.d:1350","Falls du es wünschst, kannst du dort mit ihnen sprechen.","원한다면 그곳에서 그들과 이야기해 봐도 좋다.","","False","DIA_Parlan_Bibliothek_05_02","",""
"Scripts/Content/Story/Dialoge/DIA_KDF_504_Parlan.d:1354","Aber lass meine Novizen in Ruhe!","하지만 내 수련생들은 내버려둬라!","","False","DIA_Parlan_DontDisturb_05_03","",""
"Scripts/Content/Story/Dialoge/DIA_KDF_504_Parlan.d:1387","(drohend) Ich wiederhole mich nicht gerne. Lass die Novizen in Ruhe.","(위협적으로) 나는 같은 말을 두 번 하는 걸 좋아하지 않는다. 수련생들은 내버려둬라.","","False","DIA_Parlan_DontDisturb_05_00","",""
"Scripts/Content/Story/Dialoge/DIA_KDF_504_Parlan.d:1388","Sie sollen durch die körperliche Arbeit ihren Geist reinigen und sich auf das Leben im Kloster vorbereiten.","그들은 육체노동을 통해 정신을 정화하고 수도원에서의 삶을 준비해야 한다.","","False","DIA_Parlan_DontDisturb_05_01","",""
"Scripts/Content/Story/Dialoge/DIA_KDF_504_Parlan.d:1389","(energisch) Ich werde keine weitere Ablenkung dulden!","(강조하며) 더 이상의 방해는 용납하지 않겠다!","","False","DIA_Parlan_DontDisturb_05_02","",""
"Scripts/Content/Story/Dialoge/DIA_KDF_504_Parlan.d:1404","Wo finde ich,...","어디서 찾을 수 있지...","","False","DIA_Parlan_Kap3U4U5_PERM.description","",""
"Scripts/Content/Story/Dialoge/DIA_KDF_504_Parlan.d:1418","Wo finde ich...","어디서 찾을 수 있나...","","False","DIA_Parlan_Kap3_PERM_15_00","",""
"Scripts/Content/Story/Dialoge/DIA_KDF_504_Parlan.d:1422","...die Kirche?","...교회는?","","False","DIA_Parlan_Kap3U4U5_PERM_Info.DIA_Parlan_Kap3U4U5_PERM.DIA_Parlan_Kap3U4U5_PERM_Church","Info_AddChoice",""
"Scripts/Content/Story/Dialoge/DIA_KDF_504_Parlan.d:1423","...die Bibliothek?","...도서관은?","","False","DIA_Parlan_Kap3U4U5_PERM_Info.DIA_Parlan_Kap3U4U5_PERM.DIA_Parlan_Kap3U4U5_PERM_Library","Info_AddChoice",""
"Scripts/Content/Story/Dialoge/DIA_KDF_504_Parlan.d:1424","...die Kapelle?","...예배당은?","","False","DIA_Parlan_Kap3U4U5_PERM_Info.DIA_Parlan_Kap3U4U5_PERM.DIA_Parlan_Kap3U4U5_PERM_Chapel","Info_AddChoice",""
"Scripts/Content/Story/Dialoge/DIA_KDF_504_Parlan.d:1425","...die Kellergewölbe?","...지하 감옥은?","","False","DIA_Parlan_Kap3U4U5_PERM_Info.DIA_Parlan_Kap3U4U5_PERM.DIA_Parlan_Kap3U4U5_PERM_Cellar","Info_AddChoice",""
"Scripts/Content/Story/Dialoge/DIA_KDF_504_Parlan.d:1435","... die Kirche?","... 교회는?","","False","DIA_Parlan_Kap3U4U5_PERM_Church_15_00","",""
"Scripts/Content/Story/Dialoge/DIA_KDF_504_Parlan.d:1437","Grundgütiger! Hat Innos dich mit Blindheit geschlagen?","지극히 높으신 분이시여! 이노스께서 네 눈을 멀게 하셨느냐?","","False","DIA_Parlan_Add_05_00","",""
"Scripts/Content/Story/Dialoge/DIA_KDF_504_Parlan.d:1438","(zynisch) Wo ist die Kirche? Ja, wo ist sie denn bloß?","(냉소적으로) 교회가 어디 있냐고? 그래, 대체 어디에 있단 말인가?","","False","DIA_Parlan_Add_05_01","",""
"Scripts/Content/Story/Dialoge/DIA_KDF_504_Parlan.d:1443","... die Bibliothek?","... 도서관은?","","False","DIA_Parlan_Kap3U4U5_PERM_Library_15_00","",""
"Scripts/Content/Story/Dialoge/DIA_KDF_504_Parlan.d:1445","Die Bibliothek ist am Ende des linken Säulenganges, direkt gegenüber der Kirche.","도서관은 왼쪽 회랑의 끝, 교회 바로 맞은편에 있다.","","False","DIA_Parlan_Add_05_02","",""
"Scripts/Content/Story/Dialoge/DIA_KDF_504_Parlan.d:1450","... die Kapelle?","... 예배당은?","","False","DIA_Parlan_Kap3U4U5_PERM_Chapel_15_00","",""
"Scripts/Content/Story/Dialoge/DIA_KDF_504_Parlan.d:1452","Die Kapelle ist der Raum in der Mitte des linken Säulenganges. Dort beten die Paladine zu Innos.","예배당은 왼쪽 회랑 중간에 있는 방이다. 팔라딘들이 이노스께 기도하는 곳이지.","","False","DIA_Parlan_Add_05_03","",""
"Scripts/Content/Story/Dialoge/DIA_KDF_504_Parlan.d:1457","... die Kellergewölbe?","... 지하 감옥은?","","False","DIA_Parlan_Kap3U4U5_PERM_Cellar_15_00","",""
"Scripts/Content/Story/Dialoge/DIA_KDF_504_Parlan.d:1459","In der Mitte des rechten Säulenganges ist der Eingang zum Kellergewölbe.","오른쪽 회랑의 중간에 지하 감옥으로 통하는 입구가 있다.","","False","DIA_Parlan_Add_05_04","",""
"Scripts/Content/Story/Dialoge/DIA_KDF_505_Marduk.d:36","Was ist deine Aufgabe hier?","여기서 맡은 임무는 무엇인가?","","False","DIA_Marduk_JOB.description","",""
"Scripts/Content/Story/Dialoge/DIA_KDF_505_Marduk.d:46","Was ist deine Aufgabe hier?","여기서 맡은 임무는 무엇인가?","","False","DIA_Marduk_JOB_15_00","",""
"Scripts/Content/Story/Dialoge/DIA_KDF_505_Marduk.d:47","Ich bereite die Paladine auf den Kampf gegen das Böse vor.","나는 팔라딘들이 악과의 싸움을 준비할 수 있도록 돕고 있다.","","False","DIA_Marduk_JOB_05_01","",""
"Scripts/Content/Story/Dialoge/DIA_KDF_505_Marduk.d:59","Kann ich etwas für dich tun, Meister?","제가 도울 일이 있습니까, 스승님?","","False","DIA_Marduk_Arbeit.description","",""
"Scripts/Content/Story/Dialoge/DIA_KDF_505_Marduk.d:72","Kann ich etwas für dich tun, Meister?","제가 도울 일이 있습니까, 스승님?","","False","DIA_Marduk_Arbeit_15_00","",""
"Scripts/Content/Story/Dialoge/DIA_KDF_505_Marduk.d:73","Für mich? Nein, ich bedarf deiner Hilfe nicht. Bete lieber für das Heil der Streiter Innos, die ins Minental gezogen sind.","내 일 말인가? 아니, 너의 도움은 필요 없다. 차라리 광산 계곡으로 떠난 이노스의 전사들을 위해 기도를 올려라.","","False","DIA_Marduk_Arbeit_05_01","",""
"Scripts/Content/Story/Dialoge/DIA_KDF_505_Marduk.d:92","Ich habe für die Paladine gebetet.","팔라딘들을 위해 기도했습니다.","","False","DIA_Marduk_Gebetet.description","",""
"Scripts/Content/Story/Dialoge/DIA_KDF_505_Marduk.d:106","Ich habe für die Paladine gebetet.","팔라딘들을 위해 기도했습니다.","","False","DIA_Marduk_Gebetet_15_00","",""
"Scripts/Content/Story/Dialoge/DIA_KDF_505_Marduk.d:107","Daran hast du gut getan. Nun geh und verrichte weiter deine Arbeiten.","잘했다. 이제 가서 네 일을 계속하거라.","","False","DIA_Marduk_Gebetet_05_01","",""
"Scripts/Content/Story/Dialoge/DIA_KDF_505_Marduk.d:124","Was ist das 'Böse'?","'악'이란 무엇입니까?","","False","DIA_Marduk_Evil.description","",""
"Scripts/Content/Story/Dialoge/DIA_KDF_505_Marduk.d:137","Was ist das 'Böse'?","'악'이란 무엇입니까?","","False","DIA_Marduk_Evil_15_00","",""
"Scripts/Content/Story/Dialoge/DIA_KDF_505_Marduk.d:138","Das Böse ist allgegenwärtig. Es ist die Kraft Beliars, des ewigen Widersachers von Innos.","악은 어디에나 존재한다. 그것은 이노스의 영원한 숙적, 벨리알의 힘이다.","","False","DIA_Marduk_Evil_05_01","",""
"Scripts/Content/Story/Dialoge/DIA_KDF_505_Marduk.d:139","Es ist die allumfassende Schwärze, die versucht, das heilige Licht Innos für immer zu verdunkeln.","그것은 이노스의 성스러운 빛을 영원히 어둡게 만들려는 모든 것을 집어삼키는 어둠이다.","","False","DIA_Marduk_Evil_05_02","",""
"Scripts/Content/Story/Dialoge/DIA_KDF_505_Marduk.d:140","Beliar ist der Herr der Dunkelheit, des Hasses und der Zerstörung.","벨리알은 어둠과 증오, 파괴의 군주다.","","False","DIA_Marduk_Evil_05_03","",""
"Scripts/Content/Story/Dialoge/DIA_KDF_505_Marduk.d:141","Nur diejenigen unter uns, in deren Herzen Innos heiliges Feuer lodert, werden Innos strahlendes Licht in die Welt tragen und die Dunkelheit vertreiben.","우리 마음속에 이노스의 성스러운 불꽃이 타오르는 자들만이 이노스의 찬란한 빛을 세상에 전하고 어둠을 쫓아낼 수 있다.","","False","DIA_Marduk_Evil_05_04","",""
"Scripts/Content/Story/Dialoge/DIA_KDF_505_Marduk.d:153","Im Kloster leben doch nur Magier und Novizen.","하지만 수도원에는 마법사와 수련생들만 살고 있지 않습니까.","","False","DIA_Marduk_Pal.description","",""
"Scripts/Content/Story/Dialoge/DIA_KDF_505_Marduk.d:166","Im Kloster leben doch nur Magier und Novizen.","하지만 수도원에는 마법사와 수련생들만 살고 있지 않습니까.","","False","DIA_Marduk_Pal_15_00","",""
"Scripts/Content/Story/Dialoge/DIA_KDF_505_Marduk.d:167","Das ist richtig. Im Gegensatz zu unserer Gemeinschaft, die das Wort von Innos verehrt, ...","맞다. 이노스의 말씀을 숭배하는 우리 공동체와는 달리...","","False","DIA_Marduk_Pal_05_01","",""
"Scripts/Content/Story/Dialoge/DIA_KDF_505_Marduk.d:168","... verehren die Paladine vor allem die großen Taten unseres Herrn.","...팔라딘들은 무엇보다도 우리 주님의 위대한 업적을 숭배하지.","","False","DIA_Marduk_Pal_05_02","",""
"Scripts/Content/Story/Dialoge/DIA_KDF_505_Marduk.d:169","Wir sind die Vertreter Innos, die Paladine aber sind seine Streiter, die in seinem Namen in die Schlacht ziehen und seinen Ruhm mehren.","우리가 이노스의 대변자라면, 팔라딘들은 그의 이름으로 전투에 임하고 그의 영광을 높이는 그의 전사들이다.","","False","DIA_Marduk_Pal_05_03","",""
"Scripts/Content/Story/Dialoge/DIA_KDF_505_Marduk.d:181","Kannst du mir auch was beibringen?","저에게 가르쳐 주실 것도 있습니까?","","False","DIA_Marduk_BEFORETEACH.description","",""
"Scripts/Content/Story/Dialoge/DIA_KDF_505_Marduk.d:194","Kannst du mir auch was beibringen?","저에게 가르쳐 주실 것도 있습니까?","","False","DIA_Marduk_BEFORETEACH_15_00","",""
"Scripts/Content/Story/Dialoge/DIA_KDF_505_Marduk.d:195","Ich verstehe mich auf die Magie von Eis und Donner. Ihre Kraft kann ich dich lehren.","나는 얼음과 번개의 마법에 정통하다. 그 힘을 너에게 가르쳐 줄 수 있지.","","False","DIA_Marduk_BEFORETEACH_05_01","",""
"Scripts/Content/Story/Dialoge/DIA_KDF_505_Marduk.d:199","Jedoch unterrichte ich nur Magier.","하지만 나는 마법사들만 가르친다.","","False","DIA_Marduk_BEFORETEACH_05_02","",""
"Scripts/Content/Story/Dialoge/DIA_KDF_505_Marduk.d:213","Unterrichte mich (Runen erschaffen)","가르쳐 주십시오 (룬 제작)","","False","DIA_Marduk_TEACH.description","",""
"Scripts/Content/Story/Dialoge/DIA_KDF_505_Marduk.d:231","Unterrichte mich.","가르쳐 주십시오.","","False","DIA_Marduk_TEACH_15_00","",""
"Scripts/Content/Story/Dialoge/DIA_KDF_505_Marduk.d:279","Zurzeit kann ich dir nichts beibringen.","지금은 너에게 가르쳐 줄 수 있는 게 없다.","","False","DIA_Marduk_TEACH_05_01","",""
"Scripts/Content/Story/Dialoge/DIA_KDF_505_Marduk.d:410","Willkommen, mein Sohn.","환영한다, 내 아들아.","","False","DIA_Marduk_Kap3_Hello_Info_05_00","",""
"Scripts/Content/Story/Dialoge/DIA_KDF_505_Marduk.d:414","Seit wann bist du Mitglied der Paladine?","팔라딘이 된 지는 얼마나 되었나?","","False","DIA_Marduk_Kap3_Hello_Info_05_01","",""
"Scripts/Content/Story/Dialoge/DIA_KDF_505_Marduk.d:419","Wo kommst du her?","어디서 왔나?","","False","DIA_Marduk_Kap3_Hello_Info_05_02","",""
"Scripts/Content/Story/Dialoge/DIA_KDF_505_Marduk.d:423","Das geht dich nichts an.","당신이 상관할 바 아니요.","","False","DIA_Marduk_Kap3_Hello_Info.DIA_Marduk_Kap3_Hello.DIA_Marduk_Kap3_Hello_NotYourConcern","Info_AddChoice",""
"Scripts/Content/Story/Dialoge/DIA_KDF_505_Marduk.d:427","Noch nicht lange.","별로 오래되지 않았습니다.","","False","DIA_Marduk_Kap3_Hello_Info.DIA_Marduk_Kap3_Hello.DIA_Marduk_Kap3_Hello_Soon","Info_AddChoice",""
"Scripts/Content/Story/Dialoge/DIA_KDF_505_Marduk.d:432","Ich komme von den Höfen.","농장들에서 왔습니다.","","False","DIA_Marduk_Kap3_Hello_Info.DIA_Marduk_Kap3_Hello.DIA_Marduk_Kap3_Hello_DJG","Info_AddChoice",""
"Scripts/Content/Story/Dialoge/DIA_KDF_505_Marduk.d:438","Das geht dich gar nichts an.","당신이 상관할 바가 아니다.","","False","DIA_Marduk_Kap3_Hello_NotYourConcern_15_00","",""
"Scripts/Content/Story/Dialoge/DIA_KDF_505_Marduk.d:442","(tadelnd) Ein Paladin sollte stets höflich und bescheiden sein. Deine Aufgabe ist es, diejenigen zu beschützen, die sich nicht selbst schützen können.","(꾸짖으며) 팔라딘은 언제나 정중하고 겸손해야 한다. 네 임무는 스스로를 지킬 수 없는 자들을 보호하는 것이다.","","False","DIA_Marduk_Kap3_Hello_NotYourConcern_05_01","",""
"Scripts/Content/Story/Dialoge/DIA_KDF_505_Marduk.d:443","(tadelnd) Das ist eine Privileg und du solltest dankbar sein, dass Innos dir diese Möglichkeit bietet. Denk darüber nach!","(꾸짖으며) 그것은 특권이며 이노스께서 너에게 이 기회를 주신 것에 감사해야 한다. 잘 생각해 보거라!","","False","DIA_Marduk_Kap3_Hello_NotYourConcern_05_02","",""
"Scripts/Content/Story/Dialoge/DIA_KDF_505_Marduk.d:448","(erbost) Es gab Zeiten, da war es für den Pöbel nicht möglich, unser heiliges Kloster zu betreten. Du bist der Beweis, dass es bessere Zeiten waren.","(화내며) 한때는 오합지졸들이 감히 우리의 성스러운 수도원에 들어올 수 없던 시절도 있었다. 네가 바로 그때가 더 좋았다는 증거로구나.","","False","DIA_Marduk_Kap3_Hello_NotYourConcern_05_03","",""
"Scripts/Content/Story/Dialoge/DIA_KDF_505_Marduk.d:449","(warnend) Ich warne dich, stell hier nichts an, oder du wirst umgehend bestraft, wir werden keine falsche Milde walten lassen.","(경고하며) 경고하건대, 여기서 짓궂은 짓을 벌였다간 즉시 처벌을 받을 것이며, 우리는 어설픈 자비를 베풀지 않을 것이다.","","False","DIA_Marduk_Kap3_Hello_NotYourConcern_05_04","",""
"Scripts/Content/Story/Dialoge/DIA_KDF_505_Marduk.d:457","Noch nicht lange.","별로 오래되지 않았습니다.","","False","DIA_Marduk_Kap3_Hello_Soon_15_00","",""
"Scripts/Content/Story/Dialoge/DIA_KDF_505_Marduk.d:458","Dann heiße ich dich willkommen. In diesem Kampf brauchen wir jeden Mann, der den Mut hat, sich dem Bösen entgegenzustellen.","그렇다면 환영한다. 이 싸움에서는 감히 악에 맞설 용기를 가진 모든 사람이 필요하다.","","False","DIA_Marduk_Kap3_Hello_Soon_05_01","",""
"Scripts/Content/Story/Dialoge/DIA_KDF_505_Marduk.d:459","In den Händen von Männern wie dir liegt das Schicksal von uns allen. Möge Innos dir immer den nötigen Mut spenden.","우리 모두의 운명은 너와 같은 사람들의 손에 달려 있다. 이노스께서 항상 필요한 용기를 불어넣어 주시기를.","","False","DIA_Marduk_Kap3_Hello_Soon_05_02","",""
"Scripts/Content/Story/Dialoge/DIA_KDF_505_Marduk.d:466","Ich komme von den Höfen.","농장들에서 왔습니다.","","False","DIA_Marduk_Kap3_Hello_DJG_15_00","",""
"Scripts/Content/Story/Dialoge/DIA_KDF_505_Marduk.d:467","Dann heiße ich dich im Namen der Gastfreundschaft willkommen. Ich hoffe, du weißt das zu schätzen.","그렇다면 환대의 이름으로 너를 환영한다. 네가 그것을 고맙게 여기기를 바란다.","","False","DIA_Marduk_Kap3_Hello_DJG_05_01","",""
"Scripts/Content/Story/Dialoge/DIA_KDF_505_Marduk.d:468","Missbrauche dein Gastrecht nicht, oder du wirst große Probleme bekommen.","손님으로서의 권리를 남용하지 마라. 그러다간 큰 곤경에 처할 것이다.","","False","DIA_Marduk_Kap3_Hello_DJG_05_02","",""
"Scripts/Content/Story/Dialoge/DIA_KDF_505_Marduk.d:483","Was kannst du mir beibringen?","어떤 것을 가르쳐 주실 수 있습니까?","","False","DIA_Marduk_TrainPals.description","",""
"Scripts/Content/Story/Dialoge/DIA_KDF_505_Marduk.d:500","Was kannst du mir beibringen?","어떤 것을 가르쳐 주실 수 있습니까?","","False","DIA_Marduk_TrainPals_15_00","",""
"Scripts/Content/Story/Dialoge/DIA_KDF_505_Marduk.d:501","Deine Kampffertigkeiten kann ich dich natürlich nicht lehren.","물론 네 전투 기술을 가르쳐 줄 수는 없다.","","False","DIA_Marduk_TrainPals_05_01","",""
"Scripts/Content/Story/Dialoge/DIA_KDF_505_Marduk.d:502","Wohl aber ist es mir möglich, dir das Wesen Innos und seiner Gaben näher zu bringen.","하지만 이노스의 본질과 그의 축복에 대해 더 깊이 이해하도록 도울 수는 있지.","","False","DIA_Marduk_TrainPals_05_02","",""
"Scripts/Content/Story/Dialoge/DIA_KDF_505_Marduk.d:503","Außerdem ist es meine Aufgabe, dich auf die Schwertweihe vorzubereiten.","게다가 검의 축성을 준비하는 것도 나의 임무다.","","False","DIA_Marduk_TrainPals_05_03","",""
"Scripts/Content/Story/Dialoge/DIA_KDF_505_Marduk.d:504","Und die Magie?","마법은요?","","False","DIA_Marduk_TrainPals_15_04","",""
"Scripts/Content/Story/Dialoge/DIA_KDF_505_Marduk.d:505","Hier lehren wir nur unsere Magie. Die Magie der Paladine wirst du in der Stadt lernen müssen.","우리는 이곳에서 우리 마법만을 가르친다. 팔라딘의 마법은 도시에서 배워야 할 것이다.","","False","DIA_Marduk_TrainPals_05_05","",""
"Scripts/Content/Story/Dialoge/DIA_KDF_505_Marduk.d:508","Später vielleicht.","나중에요.","","False","DIA_Marduk_TrainPals_Info.DIA_Marduk_TrainPals.DIA_Marduk_TrainPals_Later","Info_AddChoice",""
"Scripts/Content/Story/Dialoge/DIA_KDF_505_Marduk.d:509","Was meinst du damit?","무슨 뜻입니까?","","False","DIA_Marduk_TrainPals_Info.DIA_Marduk_TrainPals.DIA_Marduk_TrainPals_Meaning","Info_AddChoice",""
"Scripts/Content/Story/Dialoge/DIA_KDF_505_Marduk.d:510","Was ist die Schwertweihe?","검의 축성이란 무엇입니까?","","False","DIA_Marduk_TrainPals_Info.DIA_Marduk_TrainPals.DIA_Marduk_TrainPals_Blessing","Info_AddChoice",""
"Scripts/Content/Story/Dialoge/DIA_KDF_505_Marduk.d:515","Vielleicht später.","나중에 하겠다.","","False","DIA_Marduk_TrainPals_Later_15_00","",""
"Scripts/Content/Story/Dialoge/DIA_KDF_505_Marduk.d:516","Du bist mir jederzeit herzlich willkommen.","언제든 환영한다.","","False","DIA_Marduk_TrainPals_Later_05_01","",""
"Scripts/Content/Story/Dialoge/DIA_KDF_505_Marduk.d:523","Was meinst du damit?","무슨 뜻인가?","","False","DIA_Marduk_TrainPals_Meaning_15_00","",""
"Scripts/Content/Story/Dialoge/DIA_KDF_505_Marduk.d:524","Als Innos unsere Welt verlassen musste, ließ er den Menschen einen Teil seiner göttlichen Macht.","이노스께서 우리의 세상을 떠나셔야 했을 때, 그는 인간들에게 자신의 신성한 힘의 일부를 남겨주셨다.","","False","DIA_Marduk_TrainPals_Meaning_05_01","",""
"Scripts/Content/Story/Dialoge/DIA_KDF_505_Marduk.d:525","Es ist nur wenigen von uns Menschen erlaubt, sich seiner Kraft zu bedienen und in Innos Namen für Gerechtigkeit zu sorgen.","우리 인간들 중 극소수만이 그의 힘을 사용하여 이노스의 이름으로 정의를 집행할 수 있도록 허락받았지.","","False","DIA_Marduk_TrainPals_Meaning_05_02","",""
"Scripts/Content/Story/Dialoge/DIA_KDF_505_Marduk.d:526","Und was willst du mir näher bringen?","그럼 무엇을 더 알려주겠다는 건가?","","False","DIA_Marduk_TrainPals_Meaning_15_03","",""
"Scripts/Content/Story/Dialoge/DIA_KDF_505_Marduk.d:527","Ich kann dich auf den richtigen Weg bringen, Innos Wesen zu erkennen und ihm zu folgen.","나는 네가 이노스의 본질을 깨닫고 그를 따를 수 있도록 올바른 길로 인도할 수 있다.","","False","DIA_Marduk_TrainPals_Meaning_05_04","",""
"Scripts/Content/Story/Dialoge/DIA_KDF_505_Marduk.d:532","Was ist die Schwertweihe?","검의 축성이란 무엇인가?","","False","DIA_Marduk_TrainPals_Blessing_15_00","",""
"Scripts/Content/Story/Dialoge/DIA_KDF_505_Marduk.d:533","Die Schwertweihe ist eines der heiligsten Rituale der Paladine.","검의 축성은 팔라딘의 가장 신성한 의식 중 하나다.","","False","DIA_Marduk_TrainPals_Blessing_05_01","",""
"Scripts/Content/Story/Dialoge/DIA_KDF_505_Marduk.d:534","Während dieser Zeremonie fließt Innos heilige Kraft durch die Schwertklinge des Paladins und gibt dem Schwert dadurch ungeahnte Kräfte.","이 의식 동안 이노스의 신성한 힘이 팔라딘의 칼날을 관통하여 검에 상상도 못한 힘을 불어넣어 준다.","","False","DIA_Marduk_TrainPals_Blessing_05_02","",""
"Scripts/Content/Story/Dialoge/DIA_KDF_505_Marduk.d:535","So ein geweihtes Schwert ist der wertvollste Besitz eines Paladins und wird ihn sein ganzes Leben lang begleiten.","그렇게 축성된 검은 팔라딘의 가장 소중한 소유물이며 평생을 함께하게 될 것이다.","","False","DIA_Marduk_TrainPals_Blessing_05_03","",""
"Scripts/Content/Story/Dialoge/DIA_KDF_505_Marduk.d:550","Ich will mein Schwert weihen.","제 검을 축성하고 싶습니다.","","False","DIA_Marduk_SwordBlessing.description","",""
"Scripts/Content/Story/Dialoge/DIA_KDF_505_Marduk.d:563","Ich will mein Schwert weihen.","제 검을 축성하고 싶습니다.","","False","DIA_Marduk_SwordBlessing_15_00","",""
"Scripts/Content/Story/Dialoge/DIA_KDF_505_Marduk.d:564","Wenn du dich zu diesem Schritt entschlossen hast, brauchst du zuerst eine Erzklinge.","이 단계를 밟기로 결심했다면, 우선 제련된 광석 칼날이 필요하다.","","False","DIA_Marduk_SwordBlessing_05_01","",""
"Scripts/Content/Story/Dialoge/DIA_KDF_505_Marduk.d:565","Mit dieser solltest du dich dann zum Gebet in die Kapelle zurückziehen.","그것을 가지고 예배당으로 물러나 기도를 드려야 한다.","","False","DIA_Marduk_SwordBlessing_05_02","",""
"Scripts/Content/Story/Dialoge/DIA_KDF_505_Marduk.d:566","Während des Gebets und nach einer angemessen Spende an unseren Herrn Innos sollst du Innos um seine Gande und Führung im Kampf gegen das Böse bitten.","기도하는 동안 그리고 주님이신 이노스께 적절한 기부를 한 후에, 너는 악과의 싸움에서 이노스의 자비와 인도를 구해야 한다.","","False","DIA_Marduk_SwordBlessing_05_03","",""
"Scripts/Content/Story/Dialoge/DIA_KDF_505_Marduk.d:567","Wenn Innos dir wohlgesonnen ist, wird dein Schwert von dem Moment an unserem Herrn geweiht sein.","이노스께서 너를 어여삐 여긴다면, 그 순간부터 네 검은 우리 주님께 축성될 것이다.","","False","DIA_Marduk_SwordBlessing_05_04","",""
"Scripts/Content/Story/Dialoge/DIA_KDF_505_Marduk.d:571","Was für eine Spende?","어떤 기부 말입니까?","","False","DIA_Marduk_SwordBlessing_Info.DIA_Marduk_SwordBlessing.DIA_Marduk_SwordBlessing_Donation","Info_AddChoice",""
"Scripts/Content/Story/Dialoge/DIA_KDF_505_Marduk.d:572","Wo bekomme ich eine Erzklinge her?","광석 칼날은 어디서 구할 수 있습니까?","","False","DIA_Marduk_SwordBlessing_Info.DIA_Marduk_SwordBlessing.DIA_Marduk_SwordBlessing_OreBlade","Info_AddChoice",""
"Scripts/Content/Story/Dialoge/DIA_KDF_505_Marduk.d:582","Was für eine Spende?","어떤 기부 말인가?","","False","DIA_Marduk_SwordBlessing_Donation_15_00","",""
"Scripts/Content/Story/Dialoge/DIA_KDF_505_Marduk.d:583","Nun, angesichts der Gnade, die dir zuteil wird, ist eine Summe von 5000 Goldstücken mehr als angemessen.","글쎄, 너에게 내려질 은혜를 생각한다면 5000 골드 정도의 금액이 적당할 것이다.","","False","DIA_Marduk_SwordBlessing_Donation_05_01","",""
"Scripts/Content/Story/Dialoge/DIA_KDF_505_Marduk.d:584","Es ist dir natürlich freigestellt, mehr zu geben.","물론 더 많이 주는 것도 네 자유다.","","False","DIA_Marduk_SwordBlessing_Donation_05_02","",""
"Scripts/Content/Story/Dialoge/DIA_KDF_505_Marduk.d:589","Wo bekomme ich eine Erzklinge her?","마법의 칼날은 어디서 구할 수 있나?","","False","DIA_Marduk_SwordBlessing_OreBlade_15_00","",""
"Scripts/Content/Story/Dialoge/DIA_KDF_505_Marduk.d:590","Versuch es in der Stadt bei Harad, dem Schmied.","도시의 대장장이 하라드에게 가보아라.","","False","DIA_Marduk_SwordBlessing_OreBlade_05_01","",""
"Scripts/Content/Story/Dialoge/DIA_KDF_505_Marduk.d:591","Er versorgt die Paladine mit den Erzklingen, solange sie auf der Insel sind.","그는 팔라딘들이 섬에 있는 동안 그들에게 마법의 칼날을 공급해 준다.","","False","DIA_Marduk_SwordBlessing_OreBlade_05_02","",""
"Scripts/Content/Story/Dialoge/DIA_KDF_505_Marduk.d:594","Harad ist tot.","하라드는 죽었습니다.","","False","DIA_Marduk_SwordBlessing_OreBlade_15_03","",""
"Scripts/Content/Story/Dialoge/DIA_KDF_505_Marduk.d:595","Das tut mir Leid, dann wirst du wohl warten müssen, bis du mit den anderen Paladinen wieder auf das Festland zurückkehrst.","유감이로군. 그렇다면 다른 팔라딘들과 함께 본토로 돌아갈 때까지 기다려야 할 것이다.","","False","DIA_Marduk_SwordBlessing_OreBlade_05_04","",""
"Scripts/Content/Story/Dialoge/DIA_KDF_505_Marduk.d:609","Gibt es Neuigkeiten?","새로운 소식이라도 있습니까?","","False","DIA_Marduk_Kap3_PERM.description","",""
"Scripts/Content/Story/Dialoge/DIA_KDF_505_Marduk.d:622","Gibt es Neuigkeiten?","새로운 소식이라도 있습니까?","","False","DIA_Marduk_Kap3_PERM_15_00","",""
"Scripts/Content/Story/Dialoge/DIA_KDF_505_Marduk.d:626","Allerdings, dem Feind ist es gelungen, einen Verräter in unsere heiligen Hallen zu schleusen.","그렇다, 적들이 우리의 성스러운 전당에 배신자를 잠입시키는 데 성공했다.","","False","DIA_Marduk_Kap3_PERM_05_01","",""
"Scripts/Content/Story/Dialoge/DIA_KDF_505_Marduk.d:627","Er hat das Auge Innos gestohlen, eines unserer wichtigsten Artefakte. Und das ist nur die Spitze des Eisbergs.","그는 우리의 가장 중요한 유물 중 하나인 이노스의 눈을 훔쳐갔다. 그리고 이건 빙산의 일각일 뿐이지.","","False","DIA_Marduk_Kap3_PERM_05_02","",""
"Scripts/Content/Story/Dialoge/DIA_KDF_505_Marduk.d:631","(besorgt) Der Feind ist anscheinend schon bis in die Stadt vorgedrungen.","(걱정스럽게) 적들은 이미 도시까지 침투한 모양이다.","","False","DIA_Marduk_Kap3_PERM_05_04","",""
"Scripts/Content/Story/Dialoge/DIA_KDF_505_Marduk.d:632","Was meinst du?","무슨 말씀이십니까?","","False","DIA_Marduk_Kap3_PERM_15_05","",""
"Scripts/Content/Story/Dialoge/DIA_KDF_505_Marduk.d:633","Einer der Paladine, Lothar, ist auf offener Straße ermordet worden.","팔라딘 중 한 명인 로타르가 대낮에 거리에서 살해당했다.","","False","DIA_Marduk_Kap3_PERM_05_06","",""
"Scripts/Content/Story/Dialoge/DIA_KDF_505_Marduk.d:634","(aufgebracht) Am helllichten Tag! Es ist schon weit gekommen, aber ich fürchte, das ist erst der Anfang.","(화내며) 대낮에 말이다! 이미 상황이 심각해졌지만, 유감스럽게도 이건 시작에 불과할 뿐이다.","","False","DIA_Marduk_Kap3_PERM_05_07","",""
"Scripts/Content/Story/Dialoge/DIA_KDF_505_Marduk.d:638","Was wird jetzt passieren?","이제 어떻게 되는 겁니까?","","False","DIA_Marduk_Kap3_PERM_Info.DIA_Marduk_Kap3_PERM.DIA_Marduk_Kap3_PERM_AndNow","Info_AddChoice",""
"Scripts/Content/Story/Dialoge/DIA_KDF_505_Marduk.d:641","Bennet ist unschuldig.","베넷은 무죄입니다.","","False","DIA_Marduk_Kap3_PERM_Info.DIA_Marduk_Kap3_PERM.DIA_Marduk_Kap3_PERM_BennetisNotGuilty","Info_AddChoice",""
"Scripts/Content/Story/Dialoge/DIA_KDF_505_Marduk.d:645","Hat man der Mörder gefasst?","살인범은 잡혔나?","","False","DIA_Marduk_Kap3_PERM_Info.DIA_Marduk_Kap3_PERM.DIA_Marduk_Kap3_PERM_Murderer","Info_AddChoice",""
"Scripts/Content/Story/Dialoge/DIA_KDF_505_Marduk.d:650","Wo ist der Dieb hin?","도둑은 어디로 갔나?","","False","DIA_Marduk_Kap3_PERM_Info.DIA_Marduk_Kap3_PERM.DIA_Marduk_Kap3_PERM_thief","Info_AddChoice",""
"Scripts/Content/Story/Dialoge/DIA_KDF_505_Marduk.d:661","Was wird jetzt geschehen?","이제 어떻게 되는 거지?","","False","DIA_Marduk_Kap3_PERM_AndNow_15_00","",""
"Scripts/Content/Story/Dialoge/DIA_KDF_505_Marduk.d:664","Wir werden den Dieb verfolgen, egal wohin. Wir werden ihn zur Strecke bringen und seiner gerechten Strafe zuführen.","우리는 어디든 그 도둑을 뒤쫓을 것이다. 반드시 찾아내어 마땅한 벌을 내릴 것이다.","","False","DIA_Marduk_Kap3_PERM_AndNow_05_01","",""
"Scripts/Content/Story/Dialoge/DIA_KDF_505_Marduk.d:665","Dazu müssten wir erst einmal wissen, wo der Dieb ist.","그러려면 먼저 도둑이 어디에 있는지 알아야 하겠지만 말이다.","","False","DIA_Marduk_Kap3_PERM_AndNow_15_02","",""
"Scripts/Content/Story/Dialoge/DIA_KDF_505_Marduk.d:666","Das werden wir schon rausfinden. Und wenn es auch noch lange dauern mag, wir werden ihn finden.","곧 알아내게 될 것이다. 아무리 오래 걸리더라도 반드시 찾아내고 말 것이다.","","False","DIA_Marduk_Kap3_PERM_AndNow_05_03","",""
"Scripts/Content/Story/Dialoge/DIA_KDF_505_Marduk.d:667","Das schwöre ich bei Innos.","이노스의 이름으로 맹세한다.","","False","DIA_Marduk_Kap3_PERM_AndNow_05_04","",""
"Scripts/Content/Story/Dialoge/DIA_KDF_505_Marduk.d:671","Ein Mord, zudem an einem Paladin, ist ohne Zweifel eines der schwersten Verbrechen überhaupt.","살인, 그것도 팔라딘을 향한 살인은 의심할 여지 없이 가장 끔찍한 범죄 중 하나다.","","False","DIA_Marduk_Kap3_PERM_AndNow_05_05","",""
"Scripts/Content/Story/Dialoge/DIA_KDF_505_Marduk.d:672","Der Mörder wird ohne jeden Zweifel zum Tode verurteilt werden.","살인범은 의심의 여지 없이 사형에 처해질 것이다.","","False","DIA_Marduk_Kap3_PERM_AndNow_05_06","",""
"Scripts/Content/Story/Dialoge/DIA_KDF_505_Marduk.d:678","Bennet ist unschuldig. Der Zeuge hat gelogen.","베넷은 무죄야. 증인이 거짓말을 했어.","","False","DIA_Marduk_Kap3_PERM_BennetisNotGuilty_15_00","",""
"Scripts/Content/Story/Dialoge/DIA_KDF_505_Marduk.d:679","Woher weißt du das?","그걸 어떻게 아나?","","False","DIA_Marduk_Kap3_PERM_BennetisNotGuilty_05_01","",""
"Scripts/Content/Story/Dialoge/DIA_KDF_505_Marduk.d:680","Ich habe Beweise gefunden.","증거를 찾았어.","","False","DIA_Marduk_Kap3_PERM_BennetisNotGuilty_15_02","",""
"Scripts/Content/Story/Dialoge/DIA_KDF_505_Marduk.d:681","Manchmal glaube ich, dass Verrat und Gier unsere größten Feinde sind.","배신과 탐욕이야말로 우리의 가장 큰 적이라는 생각이 들 때가 있군.","","False","DIA_Marduk_Kap3_PERM_BennetisNotGuilty_05_03","",""
"Scripts/Content/Story/Dialoge/DIA_KDF_505_Marduk.d:686","Hat man den Mörder gefasst?","살인범은 잡혔나?","","False","DIA_Marduk_Kap3_PERM_Murderer_15_00","",""
"Scripts/Content/Story/Dialoge/DIA_KDF_505_Marduk.d:687","Zum Glück, ja. Es war einer von den Halsabschneidern von Onars Hof.","다행히도 그렇다. 오나르의 농장에 있던 자객 중 하나였다더군.","","False","DIA_Marduk_Kap3_PERM_Murderer_05_01","",""
"Scripts/Content/Story/Dialoge/DIA_KDF_505_Marduk.d:688","Wer?","누구지?","","False","DIA_Marduk_Kap3_PERM_Murderer_15_02","",""
"Scripts/Content/Story/Dialoge/DIA_KDF_505_Marduk.d:689","Den Namen kenne ich nicht. Aber bei den Söldnern sind durchaus ein paar Gestalten, denen man eine solche Tat zutrauen könnte.","이름은 모른다. 하지만 용병들 중에는 그런 짓을 벌이고도 남을 자들이 분명히 몇 명 있지.","","False","DIA_Marduk_Kap3_PERM_Murderer_05_03","",""
"Scripts/Content/Story/Dialoge/DIA_KDF_505_Marduk.d:694","Wo ist der Dieb hin?","도둑은 어디로 갔나?","","False","DIA_Marduk_Kap3_PERM_thief_15_00","",""
"Scripts/Content/Story/Dialoge/DIA_KDF_505_Marduk.d:695","Das weiß ich doch nicht, er ist wie ein Besessener zum Tor gestürmt und dann verschwunden.","그건 나도 모른다. 미친 사람처럼 문 쪽으로 질주하더니 사라져 버렸어.","","False","DIA_Marduk_Kap3_PERM_thief_05_01","",""
"Scripts/Content/Story/Dialoge/DIA_KDF_505_Marduk.d:696","Egal, wohin er sich verkriecht, unter welchem Stein er sich auch versteckt, Innos Zorn wir ihn treffen und seine schwarze Seele verbrennen.","녀석이 어디로 숨든, 어떤 바위 밑에 기어 들어가든, 이노스의 분노가 녀석을 덮쳐 시커먼 영혼을 태워버릴 것이다.","","False","DIA_Marduk_Kap3_PERM_thief_05_02","",""
"Scripts/Content/Story/Dialoge/DIA_KDF_505_Marduk.d:741","Gibt es Neuigkeiten?","새로운 소식이라도 있습니까?","","False","DIA_Marduk_Kap4U5_PERM.description","",""
"Scripts/Content/Story/Dialoge/DIA_KDF_505_Marduk.d:755","Gibt es Neuigkeiten?","새로운 소식이라도 있습니까?","","False","DIA_Marduk_Kap4U5_PERM_15_00","",""
"Scripts/Content/Story/Dialoge/DIA_KDF_505_Marduk.d:756","Nein, leider nicht, die Lage ist unvermindert kritisch.","아니, 유감스럽게도 없다. 상황은 여전히 심각하다.","","False","DIA_Marduk_Kap4U5_PERM_05_01","",""
"Scripts/Content/Story/Dialoge/DIA_KDF_506_Neoras.d:49","Was ... was ist los? Warum störst du mich? Siehst du nicht, dass ich gerade an einem äußerst komplexen Experiment arbeite?","무… 무슨 짓이야? 왜 방해하는 거지? 내가 지금 극도로 복잡한 실험을 하고 있는 게 안 보이나?","","False","DIA_Neoras_Hallo_01_00","",""
"Scripts/Content/Story/Dialoge/DIA_KDF_506_Neoras.d:50","Ich wollte dich nicht stören.","방해하려던 건 아니었어요.","","False","DIA_Neoras_Hallo_15_01","",""
"Scripts/Content/Story/Dialoge/DIA_KDF_506_Neoras.d:51","Das hast du bereits. (seufz) Also, was willst du?","이미 방해했어. (한숨) 그래, 무슨 일이지?","","False","DIA_Neoras_Hallo_01_02","",""
"Scripts/Content/Story/Dialoge/DIA_KDF_506_Neoras.d:63","Hast du Arbeit für mich?","제게 맡길 일이 있습니까?","","False","DIA_Neoras_Arbeit.description","",""
"Scripts/Content/Story/Dialoge/DIA_KDF_506_Neoras.d:76","Hast du Arbeit für mich?","제게 맡길 일이 있습니까?","","False","DIA_Neoras_Arbeit_15_00","",""
"Scripts/Content/Story/Dialoge/DIA_KDF_506_Neoras.d:77","Ja, ich brauche Pflanzen für meine Experimente. Wir züchten zwar selbst Pflanzen, doch haben wir keine Feuernesseln mehr.","그래, 실험에 쓸 식물이 필요하다. 우리도 직접 식물을 기르고는 있지만, 파이어 네틀이 다 떨어졌거든.","","False","DIA_Neoras_Arbeit_01_01","",""
"Scripts/Content/Story/Dialoge/DIA_KDF_506_Neoras.d:78","Sieben Blüten sollten reichen. Bring sie mir - ach, noch was: Ich vermisse ein Rezept zur Herstellung von magischen Tränken","일곱 송이면 충분할 거다. 그걸 가져다다오. 아, 그리고 또 하나: 마법 포션 제조법을 잃어버렸어.","","False","DIA_Neoras_Arbeit_01_02","",""
"Scripts/Content/Story/Dialoge/DIA_KDF_506_Neoras.d:79","Falls du es findest, wäre ich dir sehr dankbar.","찾아준다면 정말 고맙겠군.","","False","DIA_Neoras_Arbeit_01_03","",""
"Scripts/Content/Story/Dialoge/DIA_KDF_506_Neoras.d:108","Wegen deines Rezepts...","레시피에 대해 얘기할 게 있는데요...","","False","DIA_Neoras_Rezept.description","",""
"Scripts/Content/Story/Dialoge/DIA_KDF_506_Neoras.d:121","Wegen deines Rezepts...","레시피에 대해 얘기할 게 있는데요...","","False","DIA_Neoras_Rezept_15_00","",""
"Scripts/Content/Story/Dialoge/DIA_KDF_506_Neoras.d:125","Ich habe es gefunden.","찾았습니다.","","False","DIA_Neoras_Rezept_15_01","",""
"Scripts/Content/Story/Dialoge/DIA_KDF_506_Neoras.d:126","Gut. Ich hatte schon befürchtet, es wäre verschollen.","좋아. 영영 사라진 줄 알았더군.","","False","DIA_Neoras_Rezept_01_02","",""
"Scripts/Content/Story/Dialoge/DIA_KDF_506_Neoras.d:127","Hier, nimm diesen magischen Trank als Zeichen meines Dankes.","자, 감사의 표시로 이 마법 포션을 받도록 해라.","","False","DIA_Neoras_Rezept_01_03","",""
"Scripts/Content/Story/Dialoge/DIA_KDF_506_Neoras.d:135","Ich habe es noch nicht gefunden.","아직 못 찾았습니다.","","False","DIA_Neoras_Rezept_15_04","",""
"Scripts/Content/Story/Dialoge/DIA_KDF_506_Neoras.d:136","Nun, dann hoffe ich, du findest es noch.","흠, 그럼 마저 찾아주길 바라네.","","False","DIA_Neoras_Rezept_01_05","",""
"Scripts/Content/Story/Dialoge/DIA_KDF_506_Neoras.d:150","Ich habe Feuernesseln für dich.","파이어 네틀을 가져왔습니다.","","False","DIA_Neoras_Flieder.description","",""
"Scripts/Content/Story/Dialoge/DIA_KDF_506_Neoras.d:163","Ich habe Feuernesseln für dich.","파이어 네틀을 가져왔습니다.","","False","DIA_Neoras_Flieder_15_00","",""
"Scripts/Content/Story/Dialoge/DIA_KDF_506_Neoras.d:167","Ausgezeichnet, damit kann ich arbeiten. Nimm diese 'Windfaust'-Spruchrolle für deine Hilfe.","아주 훌륭해, 이걸로 작업할 수 있겠어. 도와준 보답으로 이 '바람의 주먹' 두루마리를 받으려무나.","","False","DIA_Neoras_Flieder_01_01","",""
"Scripts/Content/Story/Dialoge/DIA_KDF_506_Neoras.d:175","Ach ja? Du hast aber nicht genug dabei. Ich brauche SIEBEN Pflanzen.","그래? 하지만 충분하지 않잖아. 내가 필요한 건 일곱 송이라고.","","False","DIA_Neoras_Flieder_01_02","",""
"Scripts/Content/Story/Dialoge/DIA_KDF_506_Neoras.d:189","Kann ich bei dir lernen?","당신에게 배울 수 있습니까?","","False","DIA_Neoras_TEACH.description","",""
"Scripts/Content/Story/Dialoge/DIA_KDF_506_Neoras.d:199","Kann ich bei dir lernen?","당신에게 배울 수 있습니까?","","False","DIA_Neoras_TEACH_15_00","",""
"Scripts/Content/Story/Dialoge/DIA_KDF_506_Neoras.d:204","Ich werde dich in die Geheimnisse der Alchemie einweihen.","연금술의 비밀을 전수해 주지.","","False","DIA_Neoras_TEACH_01_01","",""
"Scripts/Content/Story/Dialoge/DIA_KDF_506_Neoras.d:257","Ich unterweise keine Novizen. Wenn du eines Tages in den Kreis des Feuers aufgenommen wirst ...","난 견습생은 가르치지 않아. 언젠가 불의 서클에 받아들여진다면…","","False","DIA_Neoras_TEACH_01_02","",""
"Scripts/Content/Story/Dialoge/DIA_KDF_506_Neoras.d:258","... dann kann ich dir zeigen, wie du in der Lage bist, mächtige Tränke herzustellen.","…그때 강력한 포션을 만드는 법을 알려주마.","","False","DIA_Neoras_TEACH_01_03","",""
"Scripts/Content/Story/Dialoge/DIA_KDF_506_Neoras.d:262","Ich gebe mein Wissen nur an Angehörige unserer Kirche weiter.","내 지식은 오직 우리 교회의 구성원들에게만 전수한다.","","False","DIA_Neoras_TEACH_01_04","",""
"Scripts/Content/Story/Dialoge/DIA_KDF_506_Neoras.d:385","Kannst du mir einen Trank brauen?","포션을 만들어 주실 수 있습니까?","","False","DIA_Neoras_BrewPotion.description","",""
"Scripts/Content/Story/Dialoge/DIA_KDF_506_Neoras.d:398","Kannst du mir einen Trank brauen?","포션을 만들어 주실 수 있습니까?","","False","DIA_Neoras_BrewPotion_15_00","",""
"Scripts/Content/Story/Dialoge/DIA_KDF_506_Neoras.d:402","Für einen Novizen bist du ganz schön vorlaut. Verrichte deine Arbeit.","견습생 주제에 꽤 건방지군. 네 임무나 수행해.","","False","DIA_Neoras_BrewPotion_01_01","",""
"Scripts/Content/Story/Dialoge/DIA_KDF_506_Neoras.d:403","Alles, was du brauchst, kannst du bei Gorax kaufen.","필요한 건 전부 고락스에게 살 수 있다.","","False","DIA_Neoras_BrewPotion_01_02","",""
"Scripts/Content/Story/Dialoge/DIA_KDF_506_Neoras.d:407","Zweifelst du an meinen Fähigkeiten? Ich kann jeden Trank brauen.","내 실력을 의심하는 건가? 난 어떤 포션이든 만들 수 있어.","","False","DIA_Neoras_BrewPotion_01_03","",""
"Scripts/Content/Story/Dialoge/DIA_KDF_506_Neoras.d:408","Gut.","알겠습니다.","","False","DIA_Neoras_BrewPotion_15_04","",""
"Scripts/Content/Story/Dialoge/DIA_KDF_506_Neoras.d:409","Nicht so schnell, du müsstest mir natürlich die Zutaten liefern und eine kleine Aufwandsentschädigung sowie das Material bezahlen.","그렇게 서두르지 마. 물론 네가 재료를 가져와야 하고, 재료비와 약간의 수고비도 지불해야 하네.","","False","DIA_Neoras_BrewPotion_01_05","",""
"Scripts/Content/Story/Dialoge/DIA_KDF_506_Neoras.d:410","Wie viel verlangst du?","얼마나 요구하시는 거죠?","","False","DIA_Neoras_BrewPotion_15_06","",""
"Scripts/Content/Story/Dialoge/DIA_KDF_506_Neoras.d:411","Für das Brauen selbst bekomme ich 10 Goldstücke.","제조 비용으로 10 골드를 받는다.","","False","DIA_Neoras_BrewPotion_01_07","",""
"Scripts/Content/Story/Dialoge/DIA_KDF_506_Neoras.d:487","Braue mir...","만들어 주십시오...","","False","DIA_Neoras_BrewForMe.description","",""
"Scripts/Content/Story/Dialoge/DIA_KDF_506_Neoras.d:502","...einen Trank der Geschwindigkeit.","...속도 포션 하나.","","False","DIA_Neoras_BrewForMe_Info.DIA_Neoras_BrewForMe.DIA_Neoras_BrewForMe_Speed","Info_AddChoice",""
"Scripts/Content/Story/Dialoge/DIA_KDF_506_Neoras.d:503","...ein Mana Extrakt.","...마나 추출물 하나.","","False","DIA_Neoras_BrewForMe_Info.DIA_Neoras_BrewForMe.DIA_Neoras_BrewForMe_Mana","Info_AddChoice",""
"Scripts/Content/Story/Dialoge/DIA_KDF_506_Neoras.d:504","...ein Extrakt der Heilung.","...치유의 추출물 하나.","","False","DIA_Neoras_BrewForMe_Info.DIA_Neoras_BrewForMe.DIA_Neoras_BrewForMe_Health","Info_AddChoice",""
"Scripts/Content/Story/Dialoge/DIA_KDF_506_Neoras.d:514","Braue mir einen Trank der Geschwindigkeit.","속도 포션을 만들어 주십시오.","","False","DIA_Neoras_BrewForMe_Speed_15_00","",""
"Scripts/Content/Story/Dialoge/DIA_KDF_506_Neoras.d:515","In Ordnung, hast du die Zutaten und das Gold?","좋아, 재료와 골드는 가지고 있나?","","False","DIA_Neoras_BrewForMe_Speed_01_01","",""
"Scripts/Content/Story/Dialoge/DIA_KDF_506_Neoras.d:521","Ja, hier.","네, 여기요.","","False","DIA_Neoras_BrewForMe_Speed_15_02","",""
"Scripts/Content/Story/Dialoge/DIA_KDF_506_Neoras.d:527","Gut, danke, ich geb' dir jetzt schon einen Trank, dann musst du nicht so lange warten.","좋다, 고마워. 포션을 미리 줄 테니 그렇게 오래 기다릴 필요는 없을 거다.","","False","DIA_Neoras_BrewForMe_Speed_01_03","",""
"Scripts/Content/Story/Dialoge/DIA_KDF_506_Neoras.d:533","Dir fehlen die nötigen Zutaten, komm wieder, wenn du sie beisammen hast.","필요한 재료가 부족하군. 재료를 모두 모아서 다시 오게.","","False","DIA_Neoras_BrewForMe_Speed_01_04","",""
"Scripts/Content/Story/Dialoge/DIA_KDF_506_Neoras.d:538","Braue mir einen Trank der Geschwindigkeit.","속도 포션을 만들어다오.","","False","DIA_Neoras_BrewForMe_Speed.DIA_Neoras_BrewForMe.DIA_Neoras_BrewForMe_Speed","Info_AddChoice",""
"Scripts/Content/Story/Dialoge/DIA_KDF_506_Neoras.d:539","Braue mir ein Mana Extrakt.","마나 추출물을 만들어다오.","","False","DIA_Neoras_BrewForMe_Speed.DIA_Neoras_BrewForMe.DIA_Neoras_BrewForMe_Mana","Info_AddChoice",""
"Scripts/Content/Story/Dialoge/DIA_KDF_506_Neoras.d:540","Braue mir ein Extrakt der Heilung.","치유의 추출물을 만들어다오.","","False","DIA_Neoras_BrewForMe_Speed.DIA_Neoras_BrewForMe.DIA_Neoras_BrewForMe_Health","Info_AddChoice",""
"Scripts/Content/Story/Dialoge/DIA_KDF_506_Neoras.d:545","Braue mir ein Mana-Extrakt.","마나 추출물을 만들어 주십시오.","","False","DIA_Neoras_BrewForMe_Mana_15_00","",""
"Scripts/Content/Story/Dialoge/DIA_KDF_506_Neoras.d:546","In Ordnung, hast du die Zutaten und das Gold?","좋아, 재료와 골드는 가지고 있나?","","False","DIA_Neoras_BrewForMe_Mana_01_01","",""
"Scripts/Content/Story/Dialoge/DIA_KDF_506_Neoras.d:552","Ja, hier.","네, 여기요.","","False","DIA_Neoras_BrewForMe_Mana_15_02","",""
"Scripts/Content/Story/Dialoge/DIA_KDF_506_Neoras.d:558","Gut, ich werde dir jetzt gleich einen Trank geben, dann musst du nicht so lange warten.","좋아, 포션을 바로 줄 테니 그렇게 오래 기다릴 필요는 없을 거다.","","False","DIA_Neoras_BrewForMe_Mana_01_03","",""
"Scripts/Content/Story/Dialoge/DIA_KDF_506_Neoras.d:564","Dir fehlen die nötigen Zutaten, komm wieder, wenn du sie beisammen hast.","필요한 재료가 부족하군. 재료를 모두 모아서 다시 오게.","","False","DIA_Neoras_BrewForMe_Mana_01_04","",""
"Scripts/Content/Story/Dialoge/DIA_KDF_506_Neoras.d:569","Braue mir einen Trank der Geschwindigkeit.","속도 포션을 만들어다오.","","False","DIA_Neoras_BrewForMe_Mana.DIA_Neoras_BrewForMe.DIA_Neoras_BrewForMe_Speed","Info_AddChoice",""
"Scripts/Content/Story/Dialoge/DIA_KDF_506_Neoras.d:570","Braue mir ein Mana Extrakt.","마나 추출물을 만들어다오.","","False","DIA_Neoras_BrewForMe_Mana.DIA_Neoras_BrewForMe.DIA_Neoras_BrewForMe_Mana","Info_AddChoice",""
"Scripts/Content/Story/Dialoge/DIA_KDF_506_Neoras.d:571","Braue mir ein Extrakt der Heilung.","치유의 추출물을 만들어다오.","","False","DIA_Neoras_BrewForMe_Mana.DIA_Neoras_BrewForMe.DIA_Neoras_BrewForMe_Health","Info_AddChoice",""
"Scripts/Content/Story/Dialoge/DIA_KDF_506_Neoras.d:576","Braue mir ein Extrakt der Heilung.","치유의 추출물을 만들어 주십시오.","","False","DIA_Neoras_BrewForMe_Health_15_00","",""
"Scripts/Content/Story/Dialoge/DIA_KDF_506_Neoras.d:577","In Ordnung, hast du die Zutaten und das Gold?","좋아, 재료와 골드는 가지고 있나?","","False","DIA_Neoras_BrewForMe_Health_01_01","",""
"Scripts/Content/Story/Dialoge/DIA_KDF_506_Neoras.d:583","Ja, hier.","네, 여기요.","","False","DIA_Neoras_BrewForMe_Health_15_02","",""
"Scripts/Content/Story/Dialoge/DIA_KDF_506_Neoras.d:589","Gut, ich gebe dir jetzt gleich einen Trank, dann musst du nicht so lange warten.","좋아, 포션을 바로 줄 테니 그렇게 오래 기다릴 필요는 없을 거다.","","False","DIA_Neoras_BrewForMe_Health_01_03","",""
"Scripts/Content/Story/Dialoge/DIA_KDF_506_Neoras.d:595","Dir fehlen die nötigen Zutaten. Komm wieder, wenn du sie beisammen hast.","필요한 재료가 부족하군. 재료를 모두 모아서 다시 오게.","","False","DIA_Neoras_BrewForMe_Health_01_04","",""
"Scripts/Content/Story/Dialoge/DIA_KDF_506_Neoras.d:600","Braue mir einen Trank der Geschwindigkeit.","속도 포션을 만들어다오.","","False","DIA_Neoras_BrewForMe_Health.DIA_Neoras_BrewForMe.DIA_Neoras_BrewForMe_Speed","Info_AddChoice",""
"Scripts/Content/Story/Dialoge/DIA_KDF_506_Neoras.d:601","Braue mir ein Mana Extrakt.","마나 추출물을 만들어다오.","","False","DIA_Neoras_BrewForMe_Health.DIA_Neoras_BrewForMe.DIA_Neoras_BrewForMe_Mana","Info_AddChoice",""
"Scripts/Content/Story/Dialoge/DIA_KDF_506_Neoras.d:602","Braue mir ein Extrakt der Heilung.","치유의 추출물을 만들어다오.","","False","DIA_Neoras_BrewForMe_Health.DIA_Neoras_BrewForMe.DIA_Neoras_BrewForMe_Health","Info_AddChoice",""
"Scripts/Content/Story/Dialoge/DIA_KDF_506_Neoras.d:647","Du siehst so verschwitzt aus.","땀을 뻘뻘 흘리고 계시네요.","","False","DIA_Neoras_DRACHENEIER.description","",""
"Scripts/Content/Story/Dialoge/DIA_KDF_506_Neoras.d:662","Du siehst so verschwitzt aus.","땀을 뻘뻘 흘리고 계시네요.","","False","DIA_Neoras_DRACHENEIER_15_00","",""
"Scripts/Content/Story/Dialoge/DIA_KDF_506_Neoras.d:663","Ich bin auch völlig fertig. Seit Tagen versuch ich schon, dieses verflixte Gebräu hinzukriegen. Es will einfach nicht gelingen.","녹초가 다 됐어. 며칠 전부터 이 지랄맞은 물약을 완성하려고 애쓰고 있는데, 도무지 성공하질 못하겠군.","","False","DIA_Neoras_DRACHENEIER_01_01","",""
"Scripts/Content/Story/Dialoge/DIA_KDF_506_Neoras.d:666","Nicht mein Problem.","제 알 바 아니죠.","","False","DIA_Neoras_DRACHENEIER_Info.DIA_Neoras_DRACHENEIER.DIA_Neoras_DRACHENEIER_no","Info_AddChoice",""
"Scripts/Content/Story/Dialoge/DIA_KDF_506_Neoras.d:667","Was für ein Trank soll das werden?","어떤 포션을 만드시려는 건데요?","","False","DIA_Neoras_DRACHENEIER_Info.DIA_Neoras_DRACHENEIER.DIA_Neoras_DRACHENEIER_trank","Info_AddChoice",""
"Scripts/Content/Story/Dialoge/DIA_KDF_506_Neoras.d:668","Was ist das Problem?","무슨 문제라도 있나요?","","False","DIA_Neoras_DRACHENEIER_Info.DIA_Neoras_DRACHENEIER.DIA_Neoras_DRACHENEIER_ei","Info_AddChoice",""
"Scripts/Content/Story/Dialoge/DIA_KDF_506_Neoras.d:673","Was ist das Problem?","무슨 문제라도 있습니까?","","False","DIA_Neoras_DRACHENEIER_ei_15_00","",""
"Scripts/Content/Story/Dialoge/DIA_KDF_506_Neoras.d:674","In dem Rezept steht etwas von einem Drachenei. Ich habe natürlich keins von diesen Dingern.","레시피에 드래곤의 알이라는 게 들어가거든. 물론 난 그런 물건이 없지.","","False","DIA_Neoras_DRACHENEIER_ei_01_01","",""
"Scripts/Content/Story/Dialoge/DIA_KDF_506_Neoras.d:675","Also versuche ich, diese Zutat zu simulieren. Allerdings bisher mit wenig Erfolg.","그래서 그 재료를 흉내 내려고 애쓰는 중이다. 하지만 지금까지는 신변의 변화가 없어.","","False","DIA_Neoras_DRACHENEIER_ei_01_02","",""
"Scripts/Content/Story/Dialoge/DIA_KDF_506_Neoras.d:676","Sollte dir einmal so ein Ding in irgendeiner Grabhöhle über den Weg rollen, dann denk an mich.","어떤 무덤 동굴에서든 그런 물건을 우연히 발견하게 된다면 날 기억해 주게.","","False","DIA_Neoras_DRACHENEIER_ei_01_03","",""
"Scripts/Content/Story/Dialoge/DIA_KDF_506_Neoras.d:678","Was verwendest du denn statt dem Drachenei?","그럼 드래곤의 알 대신 뭘 사용하고 계신가요?","","False","DIA_Neoras_DRACHENEIER_ei.DIA_Neoras_DRACHENEIER.DIA_Neoras_DRACHENEIER_ei_statt","Info_AddChoice",""
"Scripts/Content/Story/Dialoge/DIA_KDF_506_Neoras.d:679","Ich werde sehen, was ich tun kann.","할 수 있는 데까지 도와보죠.","","False","DIA_Neoras_DRACHENEIER_ei.DIA_Neoras_DRACHENEIER.DIA_Neoras_DRACHENEIER_ei_jep","Info_AddChoice",""
"Scripts/Content/Story/Dialoge/DIA_KDF_506_Neoras.d:684","Ich werde sehen, was ich tun kann.","할 수 있는 데까지 도와보겠습니다.","","False","DIA_Neoras_DRACHENEIER_ei_jep_15_00","",""
"Scripts/Content/Story/Dialoge/DIA_KDF_506_Neoras.d:685","Hey. Das war nur ein Witz. Ich glaube nicht, dass du tatsächlich ein Drachenei finden wirst.","이런. 그냥 농담이었네. 자네가 정말로 드래곤의 알을 찾아낼 거라고는 생각지 않아.","","False","DIA_Neoras_DRACHENEIER_ei_jep_01_01","",""
"Scripts/Content/Story/Dialoge/DIA_KDF_506_Neoras.d:686","Abwarten.","두고 보라고요.","","False","DIA_Neoras_DRACHENEIER_ei_jep_15_02","",""
"Scripts/Content/Story/Dialoge/DIA_KDF_506_Neoras.d:698","Was verwendest du denn statt dem Drachenei?","그럼 드래곤의 알 대신 뭘 사용하고 계신가?","","False","DIA_Neoras_DRACHENEIER_ei_statt_15_00","",""
"Scripts/Content/Story/Dialoge/DIA_KDF_506_Neoras.d:699","Glaub mir, das willst du nicht wissen.","믿어라, 자네는 알고 싶지 않을 거다.","","False","DIA_Neoras_DRACHENEIER_ei_statt_01_01","",""
"Scripts/Content/Story/Dialoge/DIA_KDF_506_Neoras.d:704","Was für ein Trank soll das werden?","어떤 포션을 만드시려는 겁니까?","","False","DIA_Neoras_DRACHENEIER_trank_15_00","",""
"Scripts/Content/Story/Dialoge/DIA_KDF_506_Neoras.d:705","Ich habe das Rezept einem reisenden Händler abgekauft. Es stehen einige seltsame, aber interessante Dinge darin.","떠돌이 상인에게 레시피를 샀어. 그 안에 기괴하지만 흥미로운 내용들이 적혀 있더군.","","False","DIA_Neoras_DRACHENEIER_trank_01_01","",""
"Scripts/Content/Story/Dialoge/DIA_KDF_506_Neoras.d:706","Ich bin mir nicht sicher, ob dieser Trank tatsächlich etwas bewirkt, aber allein mein Forscherdrang veranlasst mich, weiter zu machen.","이 포션이 실제로 무슨 효과가 있는지는 확실치 않지만, 나의 탐구열 때문에 계속 파고들고 있는 거지.","","False","DIA_Neoras_DRACHENEIER_trank_01_02","",""
"Scripts/Content/Story/Dialoge/DIA_KDF_506_Neoras.d:711","Nicht mein Problem.","제 알 바 아니죠.","","False","DIA_Neoras_DRACHENEIER_no_15_00","",""
"Scripts/Content/Story/Dialoge/DIA_KDF_506_Neoras.d:712","Dann störe mich auch nicht weiter.","그럼 더 이상 나를 방해하지 말게.","","False","DIA_Neoras_DRACHENEIER_no_01_01","",""
"Scripts/Content/Story/Dialoge/DIA_KDF_506_Neoras.d:725","Ich habe hier ein Drachenei für dich.","여기 드래곤의 알을 가져왔습니다.","","False","DIA_Neoras_FOUNDDRAGONEGG.description","",""
"Scripts/Content/Story/Dialoge/DIA_KDF_506_Neoras.d:740","Ich habe hier ein Drachenei für dich.","여기 드래곤의 알을 가져왔습니다.","","False","DIA_Neoras_FOUNDDRAGONEGG_15_00","",""
"Scripts/Content/Story/Dialoge/DIA_KDF_506_Neoras.d:741","Du willst mich auf den Arm nehmen.","나를 놀리려는 거겠지.","","False","DIA_Neoras_FOUNDDRAGONEGG_01_01","",""
"Scripts/Content/Story/Dialoge/DIA_KDF_506_Neoras.d:743","Wahrhaftig. Das hätte ich nicht für möglich gehalten. Wo hast du es gefunden?","정말이잖아. 이런 일이 가능할 줄이야. 어디서 난 건가?","","False","DIA_Neoras_FOUNDDRAGONEGG_01_02","",""
"Scripts/Content/Story/Dialoge/DIA_KDF_506_Neoras.d:744","Das behalte ich lieber für mich.","그건 비밀로 해두죠.","","False","DIA_Neoras_FOUNDDRAGONEGG_15_03","",""
"Scripts/Content/Story/Dialoge/DIA_KDF_506_Neoras.d:745","Großartig. Was willst du dafür haben?","대단하군. 대가로 뭘 원하지?","","False","DIA_Neoras_FOUNDDRAGONEGG_01_04","",""
"Scripts/Content/Story/Dialoge/DIA_KDF_506_Neoras.d:751","Überrasch´ mich.","알아서 주세요.","","False","DIA_Neoras_FOUNDDRAGONEGG_Info.DIA_Neoras_FOUNDDRAGONEGG.DIA_Neoras_FOUNDDRAGONEGG_irgendwas","Info_AddChoice",""
"Scripts/Content/Story/Dialoge/DIA_KDF_506_Neoras.d:752","Wie wär´s mit ein paar Heiltränken.","치유 포션 몇 개는 어때요.","","False","DIA_Neoras_FOUNDDRAGONEGG_Info.DIA_Neoras_FOUNDDRAGONEGG.DIA_Neoras_FOUNDDRAGONEGG_heil","Info_AddChoice",""
"Scripts/Content/Story/Dialoge/DIA_KDF_506_Neoras.d:753","Gib mir etwas von dem Rezepttrank, wenn er fertig ist.","포션이 완성되면 좀 주십시오.","","False","DIA_Neoras_FOUNDDRAGONEGG_Info.DIA_Neoras_FOUNDDRAGONEGG.DIA_Neoras_FOUNDDRAGONEGG_trank","Info_AddChoice",""
"Scripts/Content/Story/Dialoge/DIA_KDF_506_Neoras.d:759","Gib mir etwas von dem Trank, wenn er fertig ist.","포션이 완성되면 좀 주게나.","","False","DIA_Neoras_FOUNDDRAGONEGG_trank_15_00","",""
"Scripts/Content/Story/Dialoge/DIA_KDF_506_Neoras.d:760","Also gut. Aber wie gesagt, ich habe keine Ahnung, was dabei heraus kommen wird.","좋다. 하지만 말했듯 결과가 어떻게 나올지는 나도 전혀 모른다네.","","False","DIA_Neoras_FOUNDDRAGONEGG_trank_01_01","",""
"Scripts/Content/Story/Dialoge/DIA_KDF_506_Neoras.d:761","Komm später wieder, wenn ich ihn vollendet habe.","완성되면 나중에 다시 오게.","","False","DIA_Neoras_FOUNDDRAGONEGG_trank_01_02","",""
"Scripts/Content/Story/Dialoge/DIA_KDF_506_Neoras.d:770","Wie wär's mit ein paar Heiltränken.","치유 포션 몇 개는 어떤가.","","False","DIA_Neoras_FOUNDDRAGONEGG_heil_15_00","",""
"Scripts/Content/Story/Dialoge/DIA_KDF_506_Neoras.d:771","Eine gute Wahl. Hier, nimm. Mögen sie dir helfen.","좋은 선택이군. 자, 받게나. 도움이 될 거야.","","False","DIA_Neoras_FOUNDDRAGONEGG_heil_01_01","",""
"Scripts/Content/Story/Dialoge/DIA_KDF_506_Neoras.d:780","Überrasch mich.","어디 한번 놀래켜 보시지.","","False","DIA_Neoras_FOUNDDRAGONEGG_irgendwas_15_00","",""
"Scripts/Content/Story/Dialoge/DIA_KDF_506_Neoras.d:781","Mmh. Gut. Dann nimm diesen magischen Ring. Er wird dir sicherlich helfen, deine Feinde zu bezwingen.","음. 좋아. 그럼 이 마법 반지를 받게. 적들을 물리치는 데 분명 도움이 될 테니까.","","False","DIA_Neoras_FOUNDDRAGONEGG_irgendwas_01_01","",""
"Scripts/Content/Story/Dialoge/DIA_KDF_506_Neoras.d:782","Er schützt dich vor Angriffen magischer Wesen.","마법 생물의 공격으로부터 자네를 지켜줄 거네.","","False","DIA_Neoras_FOUNDDRAGONEGG_irgendwas_01_02","",""
"Scripts/Content/Story/Dialoge/DIA_KDF_506_Neoras.d:799","Ich komme, um den ominösen Dracheneitrank abzuholen.","그 수상쩍은 드래곤 포션을 가지러 왔습니다.","","False","DIA_Neoras_DRAGONEGGDRINK.description","",""
"Scripts/Content/Story/Dialoge/DIA_KDF_506_Neoras.d:813","Ich komme, um den ominösen Dracheneitrank abzuholen.","그 수상쩍은 드래곤 포션을 가지러 왔습니다.","","False","DIA_Neoras_DRAGONEGGDRINK_15_00","",""
"Scripts/Content/Story/Dialoge/DIA_KDF_506_Neoras.d:814","Ja. Ich habe ihn gerade fertig gestellt. Hab ihn noch nicht ausprobiert und übernehme keine Verantwortung, hörst du?","그래. 방금 막 완성했지. 아직 시험해 보지도 않았고 책임도 안 질 거네, 알겠나?","","False","DIA_Neoras_DRAGONEGGDRINK_01_01","",""
"Scripts/Content/Story/Dialoge/DIA_KDF_506_Neoras.d:815","Gib schon her.","일단 이리 내놔.","","False","DIA_Neoras_DRAGONEGGDRINK_15_02","",""
"Scripts/Content/Story/Dialoge/DIA_KDF_506_Neoras.d:816","Na gut. Hoffentlich fliegt dir nicht die Schädeldecke weg von dem Zeug.","좋아. 그 물건 때문에 머통이 날아가 버리지 않기를 바라네만.","","False","DIA_Neoras_DRAGONEGGDRINK_01_03","",""
"Scripts/Content/Story/Dialoge/DIA_KDF_506_Neoras.d:830","Ich habe dein Dracheneigebräu ausprobiert.","네가 만든 드래곤 드링크를 마셔봤어.","","False","DIA_Neoras_USEDDRAGONEGGDRINK.description","",""
"Scripts/Content/Story/Dialoge/DIA_KDF_506_Neoras.d:843","Ich habe dein Dracheneigebräu ausprobiert. Das Zeug ist gut.","네가 만든 드래곤 드링크를 마셔봤어. 물건이 아주 좋더군.","","False","DIA_Neoras_USEDDRAGONEGGDRINK_15_00","",""
"Scripts/Content/Story/Dialoge/DIA_KDF_506_Neoras.d:844","Mmh. Sehr interessant. Ich muss unbedingt meine Forschungen daran fortsetzen.","음. 아주 흥미롭군. 이 연구는 꼭 계속해 봐야겠어.","","False","DIA_Neoras_USEDDRAGONEGGDRINK_01_01","",""
"Scripts/Content/Story/Dialoge/DIA_KDF_506_Neoras.d:845","Kannst du mir noch mehr davon machen?","이거 더 만들어 주실 수 있습니까?","","False","DIA_Neoras_USEDDRAGONEGGDRINK_15_02","",""
"Scripts/Content/Story/Dialoge/DIA_KDF_506_Neoras.d:846","Besser ist, wir beide versuchen das Ganze in ein paar Wochen noch mal. Sonst wachsen dir möglicherweise noch Hörner.","몇 주 뒤에 우리 둘이서 다시 시도해 보는 게 좋겠어. 자칫하면 머리에 뿔이 돋아날지도 모르니까.","","False","DIA_Neoras_USEDDRAGONEGGDRINK_01_03","",""
"Scripts/Content/Story/Dialoge/DIA_KDF_507_Talamon.d:57","Es ist dir nicht gestattet, weiter zu gehen. Kehr um!","더 이상 나아가는 것은 허용되지 않는다. 돌아가라!","","False","DIA_KDF_507_Talamon_FirstWarn_04_00","",""
"Scripts/Content/Story/Dialoge/DIA_KDF_507_Talamon.d:93","Innos wird seinen Zorn auf dich richten, wenn du nicht umkehrst!","돌아가지 않는다면 이노스의 진노가 너를 향할 것이다!","","False","DIA_KDF_507_Talamon_SecondWarn_04_00","",""
"Scripts/Content/Story/Dialoge/DIA_KDF_507_Talamon.d:260","Es ist dir nicht gestattet, weiter zu gehen. Kehr um!","더 이상 나아가는 것은 허용되지 않는다. 돌아가라!","","False","DIA_Talamon_KAP5_Stop_04_00","",""
"Scripts/Content/Story/Dialoge/DIA_KDF_507_Talamon.d:261","Pyrokar sagt, dass ich das Buch von Xardas untersuchen darf.","파이로카가 자다스의 책을 조사해도 된다고 했어.","","False","DIA_Talamon_KAP5_Stop_15_01","",""
"Scripts/Content/Story/Dialoge/DIA_KDF_507_Talamon.d:262","So, sagt er das. In Ordnung, du darfst eintreten. Das Buch, das du suchst, liegt dort drüben auf dem Alchemietisch.","그래, 그분이 그렇게 말씀하셨단 말이지. 좋아, 들어가도 좋다. 네가 찾는 책은 저기 연금술 작업대 위에 있다.","","False","DIA_Talamon_KAP5_Stop_04_02","",""
"Scripts/Content/Story/Dialoge/DIA_KDF_507_Talamon.d:276","Ich habe eine Geheimtür gefunden.","비밀의 문을 찾았어.","","False","DIA_Talamon_FoundSecretDoor.description","",""
"Scripts/Content/Story/Dialoge/DIA_KDF_507_Talamon.d:289","Ich habe eine Geheimtür gefunden.","비밀의 문을 찾았어.","","False","DIA_Talamon_FoundSecretDoor_15_00","",""
"Scripts/Content/Story/Dialoge/DIA_KDF_507_Talamon.d:290","(überrascht) Was? Wo?","(놀라며) 뭐? 어디에?","","False","DIA_Talamon_FoundSecretDoor_04_01","",""
"Scripts/Content/Story/Dialoge/DIA_KDF_507_Talamon.d:291","Hinter einem Bücherregal.","책장 뒤쪽에.","","False","DIA_Talamon_FoundSecretDoor_15_02","",""
"Scripts/Content/Story/Dialoge/DIA_KDF_507_Talamon.d:292","Was ist dahinter?","그 뒤에는 뭐가 있나?","","False","DIA_Talamon_FoundSecretDoor_04_03","",""
"Scripts/Content/Story/Dialoge/DIA_KDF_507_Talamon.d:293","Es sieht aus wie ein altes Kellergewölbe.","오래된 지하실처럼 보여.","","False","DIA_Talamon_FoundSecretDoor_15_04","",""
"Scripts/Content/Story/Dialoge/DIA_KDF_507_Talamon.d:294","Das ist eine wichtige Neuigkeit, ich werde sofort Pyrokar davon unterrichten.","중요한 소식이군, 당장 파이로카님께 알리마.","","False","DIA_Talamon_FoundSecretDoor_04_05","",""
"Scripts/Content/Story/Dialoge/DIA_KDF_507_Talamon.d:295","Du musst derweil rausfinden, was in diesem Keller ist.","그동안 너는 그 지하실에 무엇이 있는지 알아내도록 해라.","","False","DIA_Talamon_FoundSecretDoor_04_06","",""
"Scripts/Content/Story/Dialoge/DIA_KDF_507_Talamon.d:310","Ich war im Gewölbe.","지하실에 다녀왔어.","","False","DIA_Talamon_ScoutSecretLibrary.description","",""
"Scripts/Content/Story/Dialoge/DIA_KDF_507_Talamon.d:324","Ich war im Gewölbe.","지하실에 다녀왔어.","","False","DIA_Talamon_ScoutSecretLibrary_15_00","",""
"Scripts/Content/Story/Dialoge/DIA_KDF_507_Talamon.d:325","Und was hast du gefunden?","그래서 무얼 찾았나?","","False","DIA_Talamon_ScoutSecretLibrary_04_01","",""
"Scripts/Content/Story/Dialoge/DIA_KDF_507_Talamon.d:329","Dort unten war ein Skelettkrieger, der eine Tür bewacht. Ich habe ihn getötet.","저 아래에 문을 지키고 있는 스켈레톤 전사가 있더군. 내가 해치웠어.","","False","DIA_Talamon_ScoutSecretLibrary_15_02","",""
"Scripts/Content/Story/Dialoge/DIA_KDF_507_Talamon.d:330","Gut gemacht.","잘했다.","","False","DIA_Talamon_ScoutSecretLibrary_04_03","",""
"Scripts/Content/Story/Dialoge/DIA_KDF_507_Talamon.d:331","Wir werden uns mit dem Gewölbe beschäftigen, wenn wir das Böse besiegt haben.","우리가 악을 무찌르고 나면 그 지하실도 처리할 것이다.","","False","DIA_Talamon_ScoutSecretLibrary_04_04","",""
"Scripts/Content/Story/Dialoge/DIA_KDF_507_Talamon.d:338","Dort unten ist alles voller Monster.","저 아래는 온통 괴물들뿐이야.","","False","DIA_Talamon_ScoutSecretLibrary_15_05","",""
"Scripts/Content/Story/Dialoge/DIA_KDF_507_Talamon.d:339","Da muss etwas sein, suche weiter. Und lass bei diesen Viechern keine Gnade walten.","분명 뭔가 더 있을 것이다, 계속 찾아봐라. 그리고 그 짐승들에게 자비를 베풀지 마라.","","False","DIA_Talamon_ScoutSecretLibrary_04_06","",""
"Scripts/Content/Story/Dialoge/DIA_KDF_508_Gorax.d:37","(Es wäre schwierig seinen Schlüssel zu stehlen)","(그의 열쇠를 훔치기는 어려울 것이다)","","False","DIA_Gorax_PICKPOCKET.description","",""
"Scripts/Content/Story/Dialoge/DIA_KDF_508_Gorax.d:102","Kann ich dir behilflich sein?","도와드릴 일이 있습니까?","","False","DIA_Gorax_HELP_14_00","",""
"Scripts/Content/Story/Dialoge/DIA_KDF_508_Gorax.d:115","Ich hab einen Haufen Gold mitgebracht","금더미를 잔뜩 가져왔어.","","False","DIA_Gorax_GOLD.description","",""
"Scripts/Content/Story/Dialoge/DIA_KDF_508_Gorax.d:133","Ich hab einen Haufen Gold mitgebracht.","금더미를 잔뜩 가져왔어.","","False","DIA_Gorax_GOLD_15_00","",""
"Scripts/Content/Story/Dialoge/DIA_KDF_508_Gorax.d:137","(freudige Erwartung) Ah - du bringst mir deine Gabe für Innos. So ist es recht, mein Sohn.","(기쁜 기색으로) 아, 이노스님께 바칠 기부금을 가져왔구나. 잘했다, 내 아들아.","","False","DIA_Gorax_GOLD_14_01","",""
"Scripts/Content/Story/Dialoge/DIA_KDF_508_Gorax.d:138","Ich werde deine Gabe für das Wohl des Klosters einsetzen, so wie es Innos gefällt.","이노스께서 기뻐하시도록 네가 바친 기부금을 수도원의 안녕을 위해 쓰마.","","False","DIA_Gorax_GOLD_14_02","",""
"Scripts/Content/Story/Dialoge/DIA_KDF_508_Gorax.d:385","Was hast du mit dem Gold gemacht? Hast du es ausgegeben? Hol es und komm wieder!","그 금은 어떻게 한 거냐? 다 써버리기라도 했나? 당장 가져와서 다시 돌아오도록 해라!","","False","DIA_Gorax_Orlan_14_02","",""
"Scripts/Content/Story/Dialoge/DIA_KDF_508_Gorax.d:159","Ich habe hier die Statuette, die Daron ins Kloster bringen sollte.","다론이 수도원으로 가져와야 했던 조각상을 가져왔습니다.","","False","DIA_Addon_Gorax_DaronsStatue.description","",""
"Scripts/Content/Story/Dialoge/DIA_KDF_508_Gorax.d:174","Ich habe hier die Statuette, die Daron zum Kloster bringen sollte.","다론이 수도원으로 가져와야 했던 조각상을 가져왔습니다.","","False","DIA_Addon_Gorax_DaronsStatue_15_00","",""
"Scripts/Content/Story/Dialoge/DIA_KDF_508_Gorax.d:178","(seufz) Es ist schon sehr beschämend, dass ein solch wertvolles Stück von einem Novizenanwärter seinen Weg zu uns findet.","(한숨) 견습생 지망생이 그런 귀중한 물건을 우리에게 가져오게 되다니, 참으로 부끄러운 일이 아닐 수 없구나.","","False","DIA_Addon_Gorax_DaronsStatue_14_01","",""
"Scripts/Content/Story/Dialoge/DIA_KDF_508_Gorax.d:179","Nichtsdestotrotz zeugt das von deiner Entschlossenheit, Innos zu dienen.","그럼에도 불구하고 이노스를 섬기겠다는 너의 결의는 증명된 셈이로구나.","","False","DIA_Addon_Gorax_DaronsStatue_14_02","",""
"Scripts/Content/Story/Dialoge/DIA_KDF_508_Gorax.d:187","Sei dir meines Dankes gewiss, junger Novize.","나의 감사를 받아두어라, 어린 견습생이여.","","False","DIA_Addon_Gorax_DaronsStatue_14_03","",""
"Scripts/Content/Story/Dialoge/DIA_KDF_508_Gorax.d:194","Statuette? Ich sehe keine Statuette. Bring sie mir, dann glaube ich dir deine kleine Geschichte.","조각상이라니? 조각상은 보이지도 않는구나. 내게 가져오너라, 그러면 네 짧은 이야기도 믿어줄 테니.","","False","DIA_Addon_Gorax_DaronsStatue_14_04","",""
"Scripts/Content/Story/Dialoge/DIA_KDF_508_Gorax.d:207","Ich suche einen Platz zum Schlafen.","잘 곳을 찾고 있습니다.","","False","DIA_Gorax_SLEEP.description","",""
"Scripts/Content/Story/Dialoge/DIA_KDF_508_Gorax.d:221","Ich suche einen Platz zum Schlafen.","잘 곳을 찾고 있습니다.","","False","DIA_Gorax_SLEEP_15_00","",""
"Scripts/Content/Story/Dialoge/DIA_KDF_508_Gorax.d:222","Direkt nebenan ist noch ein Bett frei. Das erste auf der rechten Seite, neben dem Eingang. Dort kannst du schlafen.","바로 옆에 빈 침대가 하나 있네. 입구 옆, 오른쪽에서 첫 번째 침이지. 거기서 자면 되네.","","False","DIA_Gorax_SLEEP_14_01","",""
"Scripts/Content/Story/Dialoge/DIA_KDF_508_Gorax.d:223","Deine Habseligkeiten kannst du in einer der unbenutzten Truhen verstauen.","소지품은 사용하지 않는 상자 중 하나에 보관하게나.","","False","DIA_Gorax_SLEEP_14_02","",""
"Scripts/Content/Story/Dialoge/DIA_KDF_508_Gorax.d:224","Und denk daran - in den Schlafräumen der Magier hast du nichts zu suchen. Ebenso ist es dir nicht gestattet, die Bibliothek zu betreten, solange du keine Erlaubnis dafür besitzt.","그리고 명심하게 - 마법사들의 침소에는 얼씬도 하지 말도록. 마찬가지로 허락 없이는 도서관에도 들어갈 수 없네.","","False","DIA_Gorax_SLEEP_14_03","",""
"Scripts/Content/Story/Dialoge/DIA_KDF_508_Gorax.d:236","Hast du eine Aufgabe für mich?","내게 시킬 일이라도 있나요?","","False","DIA_Gorax_Aufgabe.description","",""
"Scripts/Content/Story/Dialoge/DIA_KDF_508_Gorax.d:249","Hast du eine Aufgabe für mich?","내게 시킬 일이라도 있나요?","","False","DIA_Gorax_Aufgabe_15_00","",""
"Scripts/Content/Story/Dialoge/DIA_KDF_508_Gorax.d:250","Ihr Novizen habt in den letzten Tagen viel gearbeitet. Und wer viel arbeitet, soll auch essen.","자네들 견습생들은 지난 며칠 동안 열심히 일했지. 그리고 많이 일한 자는 그만큼 먹어야 하는 법이야.","","False","DIA_Gorax_Aufgabe_14_01","",""
"Scripts/Content/Story/Dialoge/DIA_KDF_508_Gorax.d:251","Ich gebe dir den Schlüssel zur Vorratskammer. Dort findest du Schafswürste. Verteile diese an die Novizen - aber verteile sie gerecht!","식료품 저장실 열쇠를 주마. 그곳에 가면 양고기 소시지가 있을 것이다. 그것을 견습생들에게 나누어 주어라. 단, 공평하게 나누어 주도록!","","False","DIA_Gorax_Aufgabe_14_02","",""
"Scripts/Content/Story/Dialoge/DIA_KDF_508_Gorax.d:252","Wenn du das getan hast, darfst du dich wieder bei mir melden.","그 일을 마치면 내게 다시 오도록 해라.","","False","DIA_Gorax_Aufgabe_14_03","",""
"Scripts/Content/Story/Dialoge/DIA_KDF_508_Gorax.d:273","Ich habe die Würste verteilt. (Aufgabe beenden)","소시지를 다 나누어 주었습니다. (임무 완료)","","False","DIA_Gorax_Wurst.description","",""
"Scripts/Content/Story/Dialoge/DIA_KDF_508_Gorax.d:287","Ich habe die Würste verteilt.","소시지를 다 나누어 주었습니다.","","False","DIA_Gorax_Wurst_15_00","",""
"Scripts/Content/Story/Dialoge/DIA_KDF_508_Gorax.d:291","Und du hast es gerecht getan. Nimm diese Spruchrollen der Heilung - und verrichte weiterhin deine Arbeiten.","그리고 공평하게 나누어 주었더군요. 이 치유의 두루마리를 받으세요. 그리고 계속해서 일에 매진하도록 하세요.","","False","DIA_Gorax_Wurst_14_01","",""
"Scripts/Content/Story/Dialoge/DIA_KDF_508_Gorax.d:299","Ach ja? Dann bist du bei deiner Aufgabe aber nicht sehr gründlich gewesen.","그래? 그럼 네 임무를 아주 꼼꼼하게 수행하지는 않은 모양이구나.","","False","DIA_Gorax_Wurst_14_02","",""
"Scripts/Content/Story/Dialoge/DIA_KDF_508_Gorax.d:300","Also entweder hast du die Würste selber gegessen oder hast irgendjemandem mehr gegeben.","소시지를 네가 직접 먹어치웠거나 누군가에게 더 많이 주었나 보군.","","False","DIA_Gorax_Wurst_14_03","",""
"Scripts/Content/Story/Dialoge/DIA_KDF_508_Gorax.d:301","Hör zu, weil du neu bist - und nur, weil du neu bist, lass ich dir das durchgehen. Merk dir das, Novize!","들어라, 네가 새로 왔으니... 그리고 오직 네가 새로 왔기 때문에 이번만은 그냥 넘어가 주마. 명심하도록 해라, 견습생!","","False","DIA_Gorax_Wurst_14_04","",""
"Scripts/Content/Story/Dialoge/DIA_KDF_508_Gorax.d:316","Hast du noch eine Aufgabe für mich?","다른 임무는 없습니까?","","False","DIA_Gorax_Aufgabe2.description","",""
"Scripts/Content/Story/Dialoge/DIA_KDF_508_Gorax.d:331","Hast du noch eine Aufgabe für mich?","다른 임무는 없습니까?","","False","DIA_Gorax_Aufgabe2_15_00","",""
"Scripts/Content/Story/Dialoge/DIA_KDF_508_Gorax.d:332","Ja. Wie du weißt, keltern wir hier einen hervorragenden Wein, den wir auch verkaufen.","그래. 알다시피 우리는 이곳에서 훌륭한 포도주를 담그고 있고, 그것을 판매하기도 하지.","","False","DIA_Gorax_Aufgabe2_14_01","",""
"Scripts/Content/Story/Dialoge/DIA_KDF_508_Gorax.d:333","Orlan, der Wirt der Herberge 'Zur Toten Harpie', hat eine Lieferung bestellt. Ausgemacht sind 240 Goldstücke für die Flaschen.","'죽은 하피' 여관의 주인인 오를란이 배송품을 주문했네. 병값으로 240개의 금화를 받기로 약속되어 있지.","","False","DIA_Gorax_Aufgabe2_14_02","",""
"Scripts/Content/Story/Dialoge/DIA_KDF_508_Gorax.d:334","Bring ihm diese Flaschen - aber lass dich nicht von ihm über's Ohr hauen.","이 병들을 그에게 가져다주게. 하지만 속아 넘어가서는 안 되네.","","False","DIA_Gorax_Aufgabe2_14_03","",""
"Scripts/Content/Story/Dialoge/DIA_KDF_508_Gorax.d:354","Ich war bei Orlan.","오를란을 만나고 왔습니다.","","False","DIA_Gorax_Orlan.description","",""
"Scripts/Content/Story/Dialoge/DIA_KDF_508_Gorax.d:374","Ich war bei Orlan.","오를란을 만나고 왔습니다.","","False","DIA_Gorax_Orlan_15_00","",""
"Scripts/Content/Story/Dialoge/DIA_KDF_508_Gorax.d:375","Und, hast du die 240 Goldstück bekommen?","그래, 240개의 금화는 받아 왔나?","","False","DIA_Gorax_Orlan_14_01","",""
"Scripts/Content/Story/Dialoge/DIA_KDF_508_Gorax.d:380","Er hat mich über's Ohr gehauen! (100 Gold geben)","그 자가 뒤통수를 쳤어요! (100 금화 주기)","","False","DIA_Gorax_Orlan_Info.DIA_Gorax_Orlan.DIA_Gorax_Orlan_100","Info_AddChoice",""
"Scripts/Content/Story/Dialoge/DIA_KDF_508_Gorax.d:381","Ich habe das Gold bekommen. (240 Gold geben)","금화를 받아왔습니다. (240 금화 주기)","","False","DIA_Gorax_Orlan_Info.DIA_Gorax_Orlan.DIA_Gorax_Orlan_240","Info_AddChoice",""
"Scripts/Content/Story/Dialoge/DIA_KDF_508_Gorax.d:391","Er hat mich über's Ohr gehauen!","그 자가 뒤통수를 쳤어요!","","False","DIA_Gorax_Orlan_100_15_00","",""
"Scripts/Content/Story/Dialoge/DIA_KDF_508_Gorax.d:392","Du hast es ihm billiger verkauft? Oh nein, warum habe ich auch ausgerechnet DICH damit beauftragt?","싸게 팔아넘겼다고? 오 안 돼, 내가 하필 왜 하필 너 같은 녀석에게 이런 일을 맡겼던 걸까?","","False","DIA_Gorax_Orlan_100_14_01","",""
"Scripts/Content/Story/Dialoge/DIA_KDF_508_Gorax.d:393","Du bist wirklich zu gar nichts zu gebrauchen. Jetzt geh mir aus den Augen!","너는 정말 아무 쓸모가 없구나. 당장 내 눈앞에서 꺼져라!","","False","DIA_Gorax_Orlan_100_14_02","",""
"Scripts/Content/Story/Dialoge/DIA_KDF_508_Gorax.d:405","Ich habe das Gold bekommen.","금화를 받아왔습니다.","","False","DIA_Gorax_Orlan_240_15_00","",""
"Scripts/Content/Story/Dialoge/DIA_KDF_508_Gorax.d:409","Ausgezeichnet. Du bist zu gebrauchen. Nimm diese Spruchrolle der Heilung als Belohnung. Und nun geh und widme dich anderen Arbeiten.","훌륭하군. 쓸모 있는 녀석이야. 보답으로 이 치유의 두루마리를 받도록 해라. 자, 이제 가서 다른 일에 전념하거라.","","False","DIA_Gorax_Orlan_240_14_01","",""
"Scripts/Content/Story/Dialoge/DIA_KDF_508_Gorax.d:415","Aber einen Teil des Goldes hast du wohl schon ausgegeben, wie? Du bist zu nichts zu gebrauchen - jetzt verschwinde!","하지만 금화의 일부는 벌써 써버린 모양이지? 너는 정말 쓸모가 없구나. 당장 꺼져라!","","False","DIA_Gorax_Orlan_240_14_02","",""
"Scripts/Content/Story/Dialoge/DIA_KDF_508_Gorax.d:432","Was ist deine Aufgabe hier?","여기서 맡고 계신 임무가 무엇인가요?","","False","DIA_Gorax_JOB.description","",""
"Scripts/Content/Story/Dialoge/DIA_KDF_508_Gorax.d:442","Was ist deine Aufgabe hier?","여기서 맡고 계신 임무가 무엇인가요?","","False","DIA_Gorax_JOB_15_00","",""
"Scripts/Content/Story/Dialoge/DIA_KDF_508_Gorax.d:443","Meine Aufgaben sind sehr vielseitig. Ich führe nicht nur das Amt des Verwalters, sondern auch das des Schatzmeisters.","내 임무는 아주 다양하다네. 관리인 직무뿐만 아니라 재무관의 임무도 맡고 있지.","","False","DIA_Gorax_JOB_14_01","",""
"Scripts/Content/Story/Dialoge/DIA_KDF_508_Gorax.d:444","Zudem organisiere ich die Weinkellerei und überwache die Vorräte des Klosters.","게다가 포도주 저장소를 관리하고 수도원의 식량 비축량도 감독하고 있네.","","False","DIA_Gorax_JOB_14_02","",""
"Scripts/Content/Story/Dialoge/DIA_KDF_508_Gorax.d:445","Also, wenn du etwas benötigst, bei mir kannst du dich mit allem versorgen - natürlich nur gegen eine angemessene Spende.","그러니 필요한 게 있다면 내게 오게. 무엇이든 구할 수 있을 테니. 물론 적절한 기부금만 낸다면 말이지.","","False","DIA_Gorax_JOB_14_03","",""
"Scripts/Content/Story/Dialoge/DIA_KDF_508_Gorax.d:462","Ich brauche ein paar Dinge...","필요한 물건이 좀 있는데요...","","False","DIA_Gorax_TRADE.description","",""
"Scripts/Content/Story/Dialoge/DIA_KDF_508_Gorax.d:476","Ich brauche ein paar Dinge...","필요한 물건이 좀 있는데요...","","False","DIA_Gorax_TRADE_15_00","",""
"Scripts/Content/Story/Dialoge/DIA_KDF_508_Gorax.d:488","Ich brauche einen neuen Schlafplatz.","새로운 침소가 필요합니다.","","False","DIA_Gorax_KDF.description","",""
"Scripts/Content/Story/Dialoge/DIA_KDF_508_Gorax.d:501","Ich brauche einen neuen Schlafplatz.","새로운 침소가 필요합니다.","","False","DIA_Gorax_KDF_15_00","",""
"Scripts/Content/Story/Dialoge/DIA_KDF_508_Gorax.d:502","Hier auf der rechten Seite ist noch ein Gemach frei. Nimm den Schlüssel, du wirst dort alles finden, was du benötigst.","여기 오른쪽에 빈 방이 하나 있다. 열쇠를 받도록 해라, 필요한 것은 모두 그곳에 있을 것이다.","","False","DIA_Gorax_KDF_14_01","",""
"Scripts/Content/Story/Dialoge/DIA_KDF_508_Gorax.d:595","Halte ein, Söldner. Ich hab mit dir zu reden.","거기 멈춰라, 용병. 할 말이 있다.","","False","DIA_Gorax_KILLPEDRO_14_00","",""
"Scripts/Content/Story/Dialoge/DIA_KDF_508_Gorax.d:596","Was willst du?","무슨 볼일이지?","","False","DIA_Gorax_KILLPEDRO_15_01","",""
"Scripts/Content/Story/Dialoge/DIA_KDF_508_Gorax.d:597","Es ist eine höchst delikate Situation hier im Kloster.","지금 수도원은 매우 민감한 상황에 처해 있다.","","False","DIA_Gorax_KILLPEDRO_14_02","",""
"Scripts/Content/Story/Dialoge/DIA_KDF_508_Gorax.d:598","Jeder scheint hier momentan jedem zu misstrauen. Und dann noch dieser Vorfall mit Pedro, das ist äußerst ... (schluckt)","지금 다들 서로를 불신하고 있는 것 같단 말이지. 게다가 페드로 그 일까지 터졌으니, 이건 정말... (침을 삼킨다)","","False","DIA_Gorax_KILLPEDRO_14_03","",""
"Scripts/Content/Story/Dialoge/DIA_KDF_508_Gorax.d:599","Ich habe einen Auftrag von höchster Stelle für dich. Du bist kein Mitglied der Gemeinschaft des Feuers und bist deshalb der einzige hier, der diese Angelegenheit für uns regeln kann.","최고위층으로부터 너에게 전할 임무를 맡았다. 너는 불꽃의 공동체 일원이 아니므로, 이 일을 우리 대신 처리할 수 있는 유일한 자다.","","False","DIA_Gorax_KILLPEDRO_14_04","",""
"Scripts/Content/Story/Dialoge/DIA_KDF_508_Gorax.d:600","Aber ich muss dich warnen. Wenn ich dir diesen Auftrag erteile, hast du ihn auch auszuführen. Du wirst keine Wahl haben, wenn du weißt, worum es geht, verstanden?","하지만 경고해 두마. 내가 이 임무를 맡기면, 너는 반드시 수행해야 한다. 무슨 일인지 알게 되면, 너에게는 다른 선택지가 없을 것이다. 이해했나?","","False","DIA_Gorax_KILLPEDRO_14_05","",""
"Scripts/Content/Story/Dialoge/DIA_KDF_508_Gorax.d:603","Vergiss es. Das ist mir zu riskant.","됐어. 너무 위험해.","","False","DIA_Gorax_KILLPEDRO_Info.DIA_Gorax_KILLPEDRO.DIA_Gorax_KILLPEDRO_nein","Info_AddChoice",""
"Scripts/Content/Story/Dialoge/DIA_KDF_508_Gorax.d:604","Sag´ mir, was du willst.","원하는 게 뭔지 말해봐.","","False","DIA_Gorax_KILLPEDRO_Info.DIA_Gorax_KILLPEDRO.DIA_Gorax_KILLPEDRO_ja","Info_AddChoice",""
"Scripts/Content/Story/Dialoge/DIA_KDF_508_Gorax.d:609","Vergiss es. Das ist mir zu riskant.","됐어. 너무 위험해.","","False","DIA_Gorax_KILLPEDRO_nein_15_00","",""
"Scripts/Content/Story/Dialoge/DIA_KDF_508_Gorax.d:610","Gut. Dann habe ich nichts gesagt.","좋다. 그럼 아무 말도 안 한 거로 하지.","","False","DIA_Gorax_KILLPEDRO_nein_14_01","",""
"Scripts/Content/Story/Dialoge/DIA_KDF_508_Gorax.d:616","Sag, was du willst.","말해봐, 뭘 원하지?","","False","DIA_Gorax_KILLPEDRO_ja_15_00","",""
"Scripts/Content/Story/Dialoge/DIA_KDF_508_Gorax.d:617","Gut. Dann höre genau zu, denn ich sage es nur ein einziges Mal.","좋다. 그럼 잘 듣도록 해라, 단 한 번만 말할 테니.","","False","DIA_Gorax_KILLPEDRO_ja_14_01","",""
"Scripts/Content/Story/Dialoge/DIA_KDF_508_Gorax.d:618","Serpentes will, dass du Pedro für seinen Verrat tötest, wenn er dir in die Hände fällt.","세르펜테스는 페드로를 손에 넣게 되면 그의 배신에 대한 대가로 죽이기를 원한다.","","False","DIA_Gorax_KILLPEDRO_ja_14_02","",""
"Scripts/Content/Story/Dialoge/DIA_KDF_508_Gorax.d:619","Bezahlung erhältst du, sobald der Auftrag erledigt ist.","임무가 완수되는 대로 보상을 받게 될 것이다.","","False","DIA_Gorax_KILLPEDRO_ja_14_03","",""
"Scripts/Content/Story/Dialoge/DIA_KDF_508_Gorax.d:620","Das habe ich nicht gesagt. Und du hast auch nichts gehört, verstanden?","난 그런 말 한 적 없다. 그리고 너도 아무것도 들은 적이 없어, 알겠나?","","False","DIA_Gorax_KILLPEDRO_ja_14_04","",""
"Scripts/Content/Story/Dialoge/DIA_KDF_509_Isgaroth.d:21","Möge Innos allzeit über dich wachen.","이노스께서 언제나 너를 보살피시기를.","","False","DIA_Isgaroth_EXIT_01_00","",""
"Scripts/Content/Story/Dialoge/DIA_KDF_509_Isgaroth.d:47","Innos zum Gruß. Was kann ich für dich tun, Wanderer?","이노스의 축복이 있기를. 방랑자여, 내가 무엇을 도와주면 되겠나?","","False","DIA_Isgaroth_Hello_01_00","",""
"Scripts/Content/Story/Dialoge/DIA_KDF_509_Isgaroth.d:60","Segne mich!","축복을 내려주소서!","","False","DIA_Isgaroth_Segen.description","",""
"Scripts/Content/Story/Dialoge/DIA_KDF_509_Isgaroth.d:70","Segne mich!","축복을 내려주소서!","","False","DIA_Isgaroth_Segen_15_00","",""
"Scripts/Content/Story/Dialoge/DIA_KDF_509_Isgaroth.d:71","Ich segne dich im Namen Innos'. Der Herr lasse sein Feuer in deinem Herzen brennen und gebe dir die Kraft, nach seinem Recht zu handeln.","이노스의 이름으로 너에게 축복을 내리노라. 주님의 불꽃이 네 가슴속에서 타오르며 그의 정의에 따라 행동할 힘을 주기를.","","False","DIA_Isgaroth_Segen_01_01","",""
"Scripts/Content/Story/Dialoge/DIA_KDF_509_Isgaroth.d:85","Sergio schickt mich...","세르지오가 보냈습니다...","","False","DIA_Isgaroth_Wolf.description","",""
"Scripts/Content/Story/Dialoge/DIA_KDF_509_Isgaroth.d:100","Sergio schickt mich. Ich habe seine Aufgabe übernommen. Also, was gibt's?","세르지오가 보냈습니다. 그분이 맡았던 임무를 제가 이어받았죠. 그래서, 뭘 하면 됩니까?","","False","DIA_Isgaroth_Wolf_15_00","",""
"Scripts/Content/Story/Dialoge/DIA_KDF_509_Isgaroth.d:101","Hier in der Gegend streift seit kurzer Zeit ein dunkler Wolf herum. Spüre ihn auf und erlege ihn.","요즘 이 근처를 어슬렁거리는 검은 늑대가 한 마리 있다. 찾아내서 처치해라.","","False","DIA_Isgaroth_Wolf_01_01","",""
"Scripts/Content/Story/Dialoge/DIA_KDF_509_Isgaroth.d:117","Ich habe den Wolf erlegt.","늑대를 처치했습니다.","","False","DIA_Isgaroth_tot.description","",""
"Scripts/Content/Story/Dialoge/DIA_KDF_509_Isgaroth.d:133","Ich habe den Wolf erlegt.","늑대를 처치했습니다.","","False","DIA_Isgaroth_tot_15_00","",""
"Scripts/Content/Story/Dialoge/DIA_KDF_509_Isgaroth.d:134","Gute Arbeit, Novize. Du bist ein mutiger Mann. Doch nun geh wieder zurück ins Kloster und verrichte deine Arbeit.","잘했다, 견습생. 너는 용기 있는 자로구나. 자, 이제 수도원으로 돌아가서 네 임무를 수행하도록 해라.","","False","DIA_Isgaroth_tot_01_01","",""
"Scripts/Content/Story/Dialoge/DIA_KDF_509_Isgaroth.d:150","Was machst du hier?","여기서 무슨 일을 하십니까?","","False","DIA_Isgaroth_Job.description","",""
"Scripts/Content/Story/Dialoge/DIA_KDF_509_Isgaroth.d:163","Was machst du hier?","여기서 무슨 일을 하십니까?","","False","DIA_Isgaroth_Job_15_00","",""
"Scripts/Content/Story/Dialoge/DIA_KDF_509_Isgaroth.d:164","Ich bin ein Magier des Feuers. Ein Priester unseres Gottes Innos'.","나는 불꽃의 마법사이자, 우리의 신 이노스를 모시는 사제다.","","False","DIA_Isgaroth_Job_01_01","",""
"Scripts/Content/Story/Dialoge/DIA_KDF_509_Isgaroth.d:165","Dieser Schrein ist IHM, dem obersten Gott, dem Schöpfer des Feuers und Herrn der Gerichtsbarkeit geweiht.","이 제단은 최고신이자 불의 창조자이시며 심판의 주님이신 그분께 바쳐진 곳이다.","","False","DIA_Isgaroth_Job_01_02","",""
"Scripts/Content/Story/Dialoge/DIA_KDF_509_Isgaroth.d:166","Zu mir kommen die Menschen, um zu Innos zu beten und sich segnen zu lassen.","사람들은 이노스에게 기도하고 축복을 받기 위해 나를 찾아온다네.","","False","DIA_Isgaroth_Job_01_03","",""
"Scripts/Content/Story/Dialoge/DIA_KDF_509_Isgaroth.d:167","Und für eine kleine Spende bekommst du bei mir verschiedene nützliche Dinge.","그리고 소액의 기부를 하면 내게서 여러 가지 유용한 물건을 얻을 수 있지.","","False","DIA_Isgaroth_Job_01_04","",""
"Scripts/Content/Story/Dialoge/DIA_KDF_509_Isgaroth.d:184","Zeig mir deine Ware.","네 물건을 보여다오.","","False","DIA_Isgaroth_Trade.description","",""
"Scripts/Content/Story/Dialoge/DIA_KDF_509_Isgaroth.d:198","Zeig mir deine Ware.","네 물건을 보여다오.","","False","DIA_Isgaroth_Trade_15_00","",""
"Scripts/Content/Story/Dialoge/DIA_KDF_509_Isgaroth.d:210","Wohin komme ich, wenn ich diesen Weg weitergehe?","이 길을 따라가면 어디로 가나?","","False","DIA_Isgaroth_Kloster.description","",""
"Scripts/Content/Story/Dialoge/DIA_KDF_509_Isgaroth.d:224","Wohin komme ich, wenn ich diesen Weg weitergehe?","이 길을 따라가면 어디로 가나?","","False","DIA_Isgaroth_Kloster_15_00","",""
"Scripts/Content/Story/Dialoge/DIA_KDF_509_Isgaroth.d:225","Der Weg führt zum Kloster der Feuermagier. Doch der Zutritt ist nur den Dienern Innos' gestattet.","이 길은 화염 마법사들의 수도원으로 통한다. 하지만 출입은 이노스의 하인들에게만 허용되지.","","False","DIA_Isgaroth_Kloster_01_01","",""
"Scripts/Content/Story/Dialoge/DIA_KDF_509_Isgaroth.d:229","Und wenn du als Novize im Kloster aufgenommen werden willst, musst du ein Schaf mitbringen und ...","그리고 수도원의 견습생으로 받아들여지기를 원한다면, 양 한 마리를 데려와야 하고...","","False","DIA_Isgaroth_Kloster_01_02","",""
"Scripts/Content/Story/Dialoge/DIA_KDF_509_Isgaroth.d:238","Da du dich bereits einer anderen Gruppe angeschlossen hast, wird dir der Zugang verwehrt bleiben.","너는 이미 다른 무리에 가담했으니, 출입이 거부될 것이다.","","False","DIA_Isgaroth_Kloster_01_03","",""
"Scripts/Content/Story/Dialoge/DIA_KDF_509_Isgaroth.d:252","Ich habe eine Botschaft von Vatras.","바트라스의 전언을 가지고 왔다.","","False","DIA_Isgaroth_Vatras.description","",""
"Scripts/Content/Story/Dialoge/DIA_KDF_509_Isgaroth.d:267","Ich habe eine Botschaft von Vatras.","바트라스의 전언을 가지고 왔다.","","False","DIA_ISgaroth_Vatras_15_00","",""
"Scripts/Content/Story/Dialoge/DIA_KDF_509_Isgaroth.d:268","Wie lautet diese Botschaft?","그 메시지의 내용은 무엇인가?","","False","DIA_Isgaroth_Vatras_01_01","",""
"Scripts/Content/Story/Dialoge/DIA_KDF_509_Isgaroth.d:269","Es ist ein Brief. Hier.","편지다. 여기.","","False","DIA_Isgaroth_Vatras_15_02","",""
"Scripts/Content/Story/Dialoge/DIA_KDF_509_Isgaroth.d:280","Gut, du kannst Vatras ausrichten, dass ich die Nachricht erhalten habe.","좋다. 바트라스에게 메시지를 잘 받았다고 전해라.","","False","DIA_Isgaroth_Vatras_01_03","",""
"Scripts/Content/Story/Dialoge/DIA_KDF_509_Isgaroth.d:281","Als Belohnung für deine Dienste nimm diese Tränke, sie werden dir sicher noch nützlich sein.","네 임무에 대한 보답으로 이 포션들을 가져가거라. 분명 도움이 될 것이다.","","False","DIA_Isgaroth_Vatras_01_04","",""
"Scripts/Content/Story/Dialoge/DIA_KDF_509_Isgaroth.d:297","Das Siegel ist gebrochen. Was fällt dir ein, du Narr.","봉인이 깨졌구나. 이 바보 녀석, 제정신이냐.","","False","DIA_Isgaroth_Vatras_01_05","",""
"Scripts/Content/Story/Dialoge/DIA_KDF_509_Isgaroth.d:298","Geh und sage Vatras, dass ich seine Nachricht erhalten habe.","가서 바트라스에게 메시지를 받았다고 전해라.","","False","DIA_Isgaroth_Vatras_01_06","",""
"Scripts/Content/Story/Dialoge/DIA_KDF_510_Hyglas.d:36","Ich fordere die Prüfung des Feuers. ","불의 시험을 요구한다. ","","False","DIA_Hyglas_Feuer.description","",""
"Scripts/Content/Story/Dialoge/DIA_KDF_510_Hyglas.d:51","Ich fordere die Prüfung des Feuers.","불의 시험을 요구한다.","","False","DIA_Hyglas_Feuer_15_00","",""
"Scripts/Content/Story/Dialoge/DIA_KDF_510_Hyglas.d:52","Die Prüfung des Feuers stammt aus alten Tagen und ist schon lange nicht mehr abgehalten worden.","불의 시험은 오랜 옛날부터 내려온 것으로, 치러진 지 꽤 오래되었다네.","","False","DIA_Hyglas_Feuer_14_01","",""
"Scripts/Content/Story/Dialoge/DIA_KDF_510_Hyglas.d:53","Was du da forderst, ist viel zu gefährlich. Also denke besser nicht weiter darüber nach.","네가 요구하는 것은 너무 위험해. 그러니 더 이상 생각하지 않는 게 좋을 것이다.","","False","DIA_Hyglas_Feuer_14_02","",""
"Scripts/Content/Story/Dialoge/DIA_KDF_510_Hyglas.d:78","Ich bin Meister Hyglas, Hüter des Feuers und Bewahrer des Wissens.","나는 불의 수호자이자 지식의 보존자인 히글라스 마법사라네.","","False","DIA_Hyglas_Hallo_14_00","",""
"Scripts/Content/Story/Dialoge/DIA_KDF_510_Hyglas.d:82","Es ist dir also von Meister Parlan gestattet worden, die Schriften zu studieren.","파를란 마법사에게 문서를 연구할 허락을 받았군.","","False","DIA_Hyglas_Hallo_14_01","",""
"Scripts/Content/Story/Dialoge/DIA_KDF_510_Hyglas.d:83","Dann ist es jetzt an dir, genau das zu tun. Lerne, auf dass du Erleuchtung in der Schrift findest.","그렇다면 이제 정확히 그것을 실천할 차례다. 문서 속에서 깨달음을 얻을 수 있도록 공부하도록 해라.","","False","DIA_Hyglas_Hallo_14_02","",""
"Scripts/Content/Story/Dialoge/DIA_KDF_510_Hyglas.d:96","Was studierst du, Meister?","무엇을 연구하고 계십니까, 마법사님?","","False","DIA_Hyglas_JOB.description","",""
"Scripts/Content/Story/Dialoge/DIA_KDF_510_Hyglas.d:106","Was studierst du, Meister?","무엇을 연구하고 계십니까, 마법사님?","","False","DIA_Hyglas_JOB_15_00","",""
"Scripts/Content/Story/Dialoge/DIA_KDF_510_Hyglas.d:107","Meine Forschungen beziehen sich auf das Feuer - die Macht Innos'.","내 연구는 불, 즉 이노스의 힘에 관한 것이라네.","","False","DIA_Hyglas_JOB_14_01","",""
"Scripts/Content/Story/Dialoge/DIA_KDF_510_Hyglas.d:108","Es ist sein Geschenk und zugleich eine mächtige Waffe - und ich erschaffe Runen, in denen diese Kraft ruht.","그것은 그분의 선물인 동시에 강력한 무기이지. 그리고 나는 이 힘이 깃든 룬을 제작한다네.","","False","DIA_Hyglas_JOB_14_02","",""
"Scripts/Content/Story/Dialoge/DIA_KDF_510_Hyglas.d:112","Aufschlussreich. Kannst du mir das beibringen?","유익한 말씀이군요. 저에게 그것을 가르쳐 주실 수 있습니까?","","False","DIA_Hyglas_JOB_15_03","",""
"Scripts/Content/Story/Dialoge/DIA_KDF_510_Hyglas.d:113","Die Magie wird von Innos verliehen. Nur seinen Dienern, den Feuermagiern, ist es möglich, zu lernen, diese Macht zu beherrschen.","마법은 이노스께서 부여하시는 것이다. 오직 그분의 하인인 화염 마법사들만이 이 힘을 다루는 법을 배울 수 있지.","","False","DIA_Hyglas_JOB_14_04","",""
"Scripts/Content/Story/Dialoge/DIA_KDF_510_Hyglas.d:126","Ich habe die Prüfung des Feuers gefordert.","나는 불의 시험을 요구했다.","","False","DIA_Hyglas_CONTEST.description","",""
"Scripts/Content/Story/Dialoge/DIA_KDF_510_Hyglas.d:139","Ich habe die Prüfung des Feuers gefordert. Ulthar hat mir die Aufgabe gestellt, eine Feuerpfeil-Rune zu erschaffen.","나는 불의 시험을 요구했다. 울타르가 화염 화살 룬을 제작하라는 과제를 주었다.","","False","DIA_Hyglas_CONTEST_15_00","",""
"Scripts/Content/Story/Dialoge/DIA_KDF_510_Hyglas.d:140","Und jetzt willst du, dass ich dir die Formel beibringe?","그래서 내가 주문 제작법을 가르쳐 주길 바란다는 건가?","","False","DIA_Hyglas_CONTEST_14_01","",""
"Scripts/Content/Story/Dialoge/DIA_KDF_510_Hyglas.d:141","Ich weiß nicht, wie ich es sonst schaffen soll.","다른 방법으로는 어떻게 해내야 할지 모르겠습니다.","","False","DIA_Hyglas_CONTEST_15_02","",""
"Scripts/Content/Story/Dialoge/DIA_KDF_510_Hyglas.d:142","Hm ...","흠...","","False","DIA_Hyglas_CONTEST_14_03","",""
"Scripts/Content/Story/Dialoge/DIA_KDF_510_Hyglas.d:143","Gut, ich bringe dir die Formel bei. Aber erst, wenn du alle Rohstoffe dafür besorgt hast.","좋다, 주문 제작법을 가르쳐 주마. 하지만 먼저 필요한 재료를 모두 구해 온 뒤에야.","","False","DIA_Hyglas_CONTEST_14_04","",""
"Scripts/Content/Story/Dialoge/DIA_KDF_510_Hyglas.d:157","Welche Rohstoffe brauche ich für eine Feuerpfeil-Rune?","화염 화살 룬에는 어떤 재료들이 필요합니까?","","False","DIA_Hyglas_FIREBOLT.description","",""
"Scripts/Content/Story/Dialoge/DIA_KDF_510_Hyglas.d:172","Welche Rohstoffe brauche ich für eine Feuerpfeil-Rune?","화염 화살 룬에는 어떤 재료들이 필요합니까?","","False","DIA_Hyglas_FIREBOLT_15_00","",""
"Scripts/Content/Story/Dialoge/DIA_KDF_510_Hyglas.d:173","Lies es nach - es steht in den Büchern.","직접 읽어 보아라. 책에 나와 있다.","","False","DIA_Hyglas_FIREBOLT_14_01","",""
"Scripts/Content/Story/Dialoge/DIA_KDF_510_Hyglas.d:186","Lehre mich, die Rune FEUERPFEIL zu erschaffen.","화염 화살 룬을 만드는 법을 가르쳐 주십시오.","","False","DIA_Hyglas_TALENT_FIREBOLT.description","",""
"Scripts/Content/Story/Dialoge/DIA_KDF_510_Hyglas.d:203","Lehre mich, die Rune FEUERPFEIL zu erschaffen.","화염 화살 룬을 만드는 법을 가르쳐 주십시오.","","False","DIA_Hyglas_TALENT_FIREBOLT_15_00","",""
"Scripts/Content/Story/Dialoge/DIA_KDF_510_Hyglas.d:207","Um eine Feuerpfeil-Rune zu erschaffen, musst du am Runentisch den Schwefel mit dem Runenstein verbinden.","화염 화살 룬을 만들려면 룬 작업대에서 유황과 빈 룬석을 결합해야 한다.","","False","DIA_Hyglas_TALENT_FIREBOLT_14_01","",""
"Scripts/Content/Story/Dialoge/DIA_KDF_510_Hyglas.d:208","Die Kraft der Spruchrolle des Feuerpfeils wird in die Rune einfließen und du besitzt ein Werkzeug Innos'.","화염 화살 두루마리의 힘이 룬 속으로 흘러 들어가 너는 이노스의 도구를 갖추게 될 것이다.","","False","DIA_Hyglas_TALENT_FIREBOLT_14_02","",""
"Scripts/Content/Story/Dialoge/DIA_KDF_510_Hyglas.d:209","Wenn du also alle Rohstoffe besitzt, gehe zum Runentisch und du kannst die Rune erschaffen.","그러니 모든 원료를 갖추었다면 룬 작업대로 가서 룬을 제작하면 된다.","","False","DIA_Hyglas_TALENT_FIREBOLT_14_03","",""
"Scripts/Content/Story/Dialoge/DIA_KDF_510_Hyglas.d:222","Woher bekomme ich einen Runenstein? ","빈 룬석은 어디서 구할 수 있습니까? ","","False","DIA_Hyglas_BLANK_RUNE.description","",""
"Scripts/Content/Story/Dialoge/DIA_KDF_510_Hyglas.d:238","Woher bekomme ich einen Runenstein?","빈 룬석은 어디서 구할 수 있습니까?","","False","DIA_Hyglas_BLANK_RUNE_15_00","",""
"Scripts/Content/Story/Dialoge/DIA_KDF_510_Hyglas.d:239","Hey, du hast die Prüfung des Feuers gefordert - nicht ich. Es ist Teil deiner Prüfung, das herauszufinden.","이런, 불의 시험을 요구한 건 내가 아니라 너다. 그것을 알아내는 것도 네 시험의 일부야.","","False","DIA_Hyglas_BLANK_RUNE_14_01","",""
"Scripts/Content/Story/Dialoge/DIA_KDF_510_Hyglas.d:251","Ich habe die Rune erschaffen.","룬을 제작했습니다.","","False","DIA_Hyglas_GOTRUNE.description","",""
"Scripts/Content/Story/Dialoge/DIA_KDF_510_Hyglas.d:266","Ich habe die Rune erschaffen.","룬을 제작했습니다.","","False","DIA_Hyglas_GOTRUNE_15_00","",""
"Scripts/Content/Story/Dialoge/DIA_KDF_510_Hyglas.d:267","Schön, schön. Diese Prüfung hast du wohl bestanden. Das war ja auch nicht besonders schwierig.","좋고 말고. 이 시험은 잘 통과한 것 같군. 그리 특별히 어렵지도 않았겠지만 말이야.","","False","DIA_Hyglas_GOTRUNE_14_01","",""
"Scripts/Content/Story/Dialoge/DIA_KDF_510_Hyglas.d:268","Dann geh jetzt zu Ulthar und zeige ihm dein Werk.","그럼 이제 울타르에게 가서 네가 만든 것을 보여 주어라.","","False","DIA_Hyglas_GOTRUNE_14_02","",""
"Scripts/Content/Story/Dialoge/DIA_KDF_510_Hyglas.d:283","Unterrichte mich","날 가르쳐 주십시오.","","False","DIA_Hyglas_TEACH.description","",""
"Scripts/Content/Story/Dialoge/DIA_KDF_510_Hyglas.d:299","Unterrichte mich.","날 가르쳐 주십시오.","","False","DIA_Hyglas_TEACH_15_00","",""
"Scripts/Content/Story/Dialoge/DIA_KDF_510_Hyglas.d:449","Gibt es Neuigkeiten?","새로운 소식이라도 있습니까?","","False","DIA_Hyglas_BringBook.description","",""
"Scripts/Content/Story/Dialoge/DIA_KDF_510_Hyglas.d:464","Gibt es Neuigkeiten?","새로운 소식이라도 있습니까?","","False","DIA_Hyglas_BringBook_15_00","",""
"Scripts/Content/Story/Dialoge/DIA_KDF_510_Hyglas.d:465","Hm, ja. Also, dir sind ja sicherlich diese Gestalten in den schwarzen Roben aufgefallen.","음, 그래. 음, 너도 검은 로브를 입은 자들을 분명 보았겠지.","","False","DIA_Hyglas_BringBook_14_01","",""
"Scripts/Content/Story/Dialoge/DIA_KDF_510_Hyglas.d:466","Ich bin ihnen begegnet.","만난 적이 있습니다.","","False","DIA_Hyglas_BringBook_15_02","",""
"Scripts/Content/Story/Dialoge/DIA_KDF_510_Hyglas.d:467","Da kommen wir auch schon zum Kern des Ganzen. Zurzeit haben wir eine äußerst seltene Konstellation der Gestirne.","거기서 바로 본론으로 들어가세. 현재 우리는 매우 드문 별들의 정렬 상태를 관측하고 있다네.","","False","DIA_Hyglas_BringBook_14_03","",""
"Scripts/Content/Story/Dialoge/DIA_KDF_510_Hyglas.d:468","Um genauer zu sein, steht das Sternbild des Ochsen in direkter Korrelation zum Sternbild des Kriegers. Ich nehme an, du weißt, was das bedeutet.","더 정확히 말하자면, 황소자리가 전사자리와 직접적인 연관을 맺고 있지. 그게 무슨 뜻인지 알겠지.","","False","DIA_Hyglas_BringBook_14_04","",""
"Scripts/Content/Story/Dialoge/DIA_KDF_510_Hyglas.d:469","Hm. Nun, um ehrlich zu sein ...","음. 음, 솔직히 말해서...","","False","DIA_Hyglas_BringBook_15_05","",""
"Scripts/Content/Story/Dialoge/DIA_KDF_510_Hyglas.d:470","Ja ja, schon verstanden. Also, ich kann jetzt nicht alle Hintergründe offen legen, aber es bedeutet definitiv eine große Veränderung. Und ich mag keine Veränderungen.","그래 그래, 이해했네. 음, 모든 배경을 지금 다 밝힐 수는 없지만, 그것은 분명 커다란 변화를 의미해. 그리고 난 변화를 싫어하지.","","False","DIA_Hyglas_BringBook_14_06","",""
"Scripts/Content/Story/Dialoge/DIA_KDF_510_Hyglas.d:471","Deshalb möchte ich, dass du mir ein Buch aus der Stadt besorgst. Es heißt 'Die göttliche Kraft der Gestirne'. Es kann sein, dass du ein bisschen suchen musst, aber du wirst es schon finden.","그래서 말인데, 도시에서 책 한 권을 구해다 주었으면 하네. '별들의 신성한 힘'이라는 책이지. 조금 찾아봐야겠지만, 너라면 찾을 수 있을 거야.","","False","DIA_Hyglas_BringBook_14_07","",""
"Scripts/Content/Story/Dialoge/DIA_KDF_510_Hyglas.d:474","Besorg dir dein Buch selbst.","책은 직접 알아서 구해라.","","False","DIA_Hyglas_BringBook_Info.DIA_Hyglas_BringBook.DIA_Hyglas_BringBook_GetItYourself","Info_AddChoice",""
"Scripts/Content/Story/Dialoge/DIA_KDF_510_Hyglas.d:475","Was bekomm ich dafür?","내게 뭐가 떨어지나?","","False","DIA_Hyglas_BringBook_Info.DIA_Hyglas_BringBook.DIA_Hyglas_BringBook_GetForIt","Info_AddChoice",""
"Scripts/Content/Story/Dialoge/DIA_KDF_510_Hyglas.d:476","Ich werde gucken, ob ich es finde.","찾을 수 있는지 알아볼게.","","False","DIA_Hyglas_BringBook_Info.DIA_Hyglas_BringBook.DIA_Hyglas_BringBook_Yes","Info_AddChoice",""
"Scripts/Content/Story/Dialoge/DIA_KDF_510_Hyglas.d:481","Besorg dir dein Buch selbst.","책은 직접 알아서 구해라.","","False","DIA_Hyglas_BringBook_GetItYourself_15_00","",""
"Scripts/Content/Story/Dialoge/DIA_KDF_510_Hyglas.d:482","Du wagst es, in so einem Ton mit mir zu sprechen? Dein Verhalten zeigt nicht den mir gebührenden Respekt.","감히 그런 말투로 나에게 말하는가? 네 태도에는 내게 마땅히 보여야 할 존중이 없다.","","False","DIA_Hyglas_BringBook_GetItYourself_14_01","",""
"Scripts/Content/Story/Dialoge/DIA_KDF_510_Hyglas.d:483","Geh mir aus den Augen und denk über dein Verhalten nach.","내 눈앞에서 꺼져서 네 태도나 깊이 반성해라.","","False","DIA_Hyglas_BringBook_GetItYourself_14_02","",""
"Scripts/Content/Story/Dialoge/DIA_KDF_510_Hyglas.d:492","Was bekomme ich dafür?","내게 뭐가 떨어지나?","","False","DIA_Hyglas_BringBook_GetForIt_15_00","",""
"Scripts/Content/Story/Dialoge/DIA_KDF_510_Hyglas.d:493","Was meinst du?","무슨 뜻이지?","","False","DIA_Hyglas_BringBook_GetForIt_14_01","",""
"Scripts/Content/Story/Dialoge/DIA_KDF_510_Hyglas.d:494","Ich will wissen, was ich bekomme, wenn ich dir das Buch bringe.","책을 가져다주면 뭘 줄 건지 묻는 거다.","","False","DIA_Hyglas_BringBook_GetForIt_15_02","",""
"Scripts/Content/Story/Dialoge/DIA_KDF_510_Hyglas.d:495","Gar nichts. Was willst du denn bekommen? Wenn du Zeit hast, für mich in Stadt zu gehen, ist es sogar deine Pflicht, mir zu helfen.","아무것도 없다. 뭘 바란 거지? 날 위해 도시 심부름을 해 줄 시간이 있다면, 날 돕는 건 당연한 의무다.","","False","DIA_Hyglas_BringBook_GetForIt_14_03","",""
"Scripts/Content/Story/Dialoge/DIA_KDF_510_Hyglas.d:502","Ich werde sehen, ob ich es finde.","찾을 수 있는지 알아볼게.","","False","DIA_Hyglas_BringBook_Yes_15_00","",""
"Scripts/Content/Story/Dialoge/DIA_KDF_510_Hyglas.d:503","Das ist gut und es verschafft mir die nötige Zeit, noch anderen Spuren nachzugehen.","좋아, 덕분에 다른 단서들을 추적할 여유가 생기겠군.","","False","DIA_Hyglas_BringBook_Yes_14_01","",""
"Scripts/Content/Story/Dialoge/DIA_KDF_510_Hyglas.d:504","Aber lass dir nicht zu viel Zeit, ich fürchte, Zeit ist das, was wir am wenigsten haben.","하지만 너무 지체하지는 마라. 지금 우리에게 가장 부족한 게 바로 시간인 것 같으니 말이다.","","False","DIA_Hyglas_BringBook_Yes_14_02","",""
"Scripts/Content/Story/Dialoge/DIA_KDF_510_Hyglas.d:524","Ich habe das Buch für dich.","당신을 위해 책을 가져왔습니다.","","False","DIA_Hyglas_HaveBook.description","",""
"Scripts/Content/Story/Dialoge/DIA_KDF_510_Hyglas.d:538","Ich habe das Buch für dich.","당신을 위해 책을 가져왔습니다.","","False","DIA_Hyglas_HaveBook_15_00","",""
"Scripts/Content/Story/Dialoge/DIA_KDF_510_Hyglas.d:542","Sehr gut, gib her.","아주 좋군, 이리 주게.","","False","DIA_Hyglas_HaveBook_14_01","",""
"Scripts/Content/Story/Dialoge/DIA_KDF_510_Hyglas.d:546","Hast du es dir also doch noch mal überlegt. Sehr gut. Wo hast du denn das Buch?","결국 마음을 고쳐먹었군. 아주 좋아. 그래서 그 책은 어디 있나?","","False","DIA_Hyglas_HaveBook_14_02","",""
"Scripts/Content/Story/Dialoge/DIA_KDF_510_Hyglas.d:554","Du darfst dich jetzt entfernen. Ich werde mich zum Studium zurückziehen.","이만 물러가도 좋다. 나는 학문에 매진할 테니.","","False","DIA_Hyglas_HaveBook_14_03","",""
"Scripts/Content/Story/Dialoge/DIA_KDF_510_Hyglas.d:599","Schon was rausgefunden?","뭐 좀 알아내셨습니까?","","False","DIA_Hyglas_Kap4_PERM.description","",""
"Scripts/Content/Story/Dialoge/DIA_KDF_510_Hyglas.d:612","Schon was rausgefunden?","뭐 좀 알아내셨습니까?","","False","DIA_Hyglas_Kap4_PERM_15_00","",""
"Scripts/Content/Story/Dialoge/DIA_KDF_510_Hyglas.d:616","Also, ich bin mir ja nicht sicher, aber die derzeitige Konstellation der Gestirne birgt eine Menge Gefahren.","음, 확실치는 않지만, 현재의 별자리 정렬은 엄청난 위험을 내포하고 있네.","","False","DIA_Hyglas_Kap4_PERM_14_01","",""
"Scripts/Content/Story/Dialoge/DIA_KDF_510_Hyglas.d:617","Welche?","어떤 위험 말입니까?","","False","DIA_Hyglas_Kap4_PERM_15_02","",""
"Scripts/Content/Story/Dialoge/DIA_KDF_510_Hyglas.d:618","Nun, das Gefüge zwischen den Welten scheint sehr schwach zu sein. Es bedarf nur einen Bruchteil der sonst erforderlichen Kraft, um ein Loch in dieses Gefüge zu reißen.","음, 세계들 사이의 구조가 매우 취약해진 것 같아. 이 구조에 구멍을 뚫는 데는 평소에 필요한 힘의 극히 일부분만으로도 충분하지.","","False","DIA_Hyglas_Kap4_PERM_14_03","",""
"Scripts/Content/Story/Dialoge/DIA_KDF_510_Hyglas.d:619","Dämonen könnten ungehindert durch diese Portale in unsere Welt gelangen.","악마들이 그 포털을 통해 아무런 저항도 받지 않고 우리 세계로 넘어올 수 있어.","","False","DIA_Hyglas_Kap4_PERM_14_04","",""
"Scripts/Content/Story/Dialoge/DIA_KDF_510_Hyglas.d:625","Nein, ich warte immer noch auf das Buch.","아니, 난 아직도 그 책을 기다리고 있다.","","False","DIA_Hyglas_Kap4_PERM_14_05","",""
"Scripts/Content/Story/Dialoge/DIA_KDF_510_Hyglas.d:629","Ich habe dir doch gesagt, dass ich noch Nachforschungen anstelle, aber ohne das nötige Material dauert das halt länger.","여전히 조사를 계속하고 있다고 말했을 텐데, 필요한 자료가 없으면 시간이 더 걸리는 법이지.","","False","DIA_Hyglas_Kap4_PERM_14_06","",""
"Scripts/Content/Story/Dialoge/DIA_KDF_511_Daron.d:102","Was kann ich für dich tun? Suchst du geistigen Beistand?","내가 뭘 도와줄까? 영적인 위안이라도 구하는가?","","False","DIA_Daron_Hallo_10_00","",""
"Scripts/Content/Story/Dialoge/DIA_KDF_511_Daron.d:103","Willst du ein Gebet an unseren Herrn Innos richten oder etwas Gold für seine Kirche spenden?","우리 주님이신 이노스께 기도를 올리거나, 그분의 교회를 위해 약간의 금을 기부하겠는가?","","False","DIA_Daron_Hallo_10_01","",""
"Scripts/Content/Story/Dialoge/DIA_KDF_511_Daron.d:115","Ich muss mit den Paladinen sprechen...","팔라딘들과 이야기를 해야 합니다...","","False","DIA_Daron_Paladine.description","",""
"Scripts/Content/Story/Dialoge/DIA_KDF_511_Daron.d:129","Ich muss mit den Paladinen sprechen. Kannst du mir helfen, zu ihnen zu kommen?","팔라딘과 이야기를 해야 합니다. 그들을 만날 수 있게 도와주실 수 있나요?","","False","DIA_Daron_Paladine_15_00","",""
"Scripts/Content/Story/Dialoge/DIA_KDF_511_Daron.d:130","Tja, du brauchst Zugang zum oberen Viertel. Doch der ist nur den Bürgern und der Stadtwache erlaubt.","음, 상류 지구 출입 허가가 필요하겠지. 하지만 그곳은 시민들과 도시 경비병들만 출입할 수 있다네.","","False","DIA_Daron_Paladine_10_01","",""
"Scripts/Content/Story/Dialoge/DIA_KDF_511_Daron.d:131","Und natürlich uns Feuermagiern.","물론 우리 화염 마법사들도 말이지.","","False","DIA_Daron_Paladine_10_02","",""
"Scripts/Content/Story/Dialoge/DIA_KDF_511_Daron.d:132","Wie kann ich Feuermagier werden?","어떻게 하면 화염 마법사가 될 수 있습니까?","","False","DIA_Daron_Paladine_15_03","",""
"Scripts/Content/Story/Dialoge/DIA_KDF_511_Daron.d:133","Du musst unserem Orden als Novize beitreten. Wenn du eine Zeitlang gedient hast, wirst du vielleicht in die Reihen der Magier aufgenommen.","우리 교단의 견습생으로 들어와야 하네. 한동안 봉사하고 나면, 어쩌면 마법사들의 대열에 받아들여질지도 모르지.","","False","DIA_Daron_Paladine_10_04","",""
"Scripts/Content/Story/Dialoge/DIA_KDF_511_Daron.d:134","Doch bis zur Aufnahme ist es ein langer Weg des Arbeitens und Studierens.","하지만 받아들여지기까지는 오랜 노동과 학문의 길이 기다리고 있다네.","","False","DIA_Daron_Paladine_10_05","",""
"Scripts/Content/Story/Dialoge/DIA_KDF_511_Daron.d:146","Ich will mir deinen Segen holen!","당신의 축복을 받으러 왔습니다!","","False","DIA_Daron_AboutSegen.description","",""
"Scripts/Content/Story/Dialoge/DIA_KDF_511_Daron.d:161","Ich will mir deinen Segen holen!","당신의 축복을 받으러 왔습니다!","","False","DIA_Daron_AboutSegen_15_00","",""
"Scripts/Content/Story/Dialoge/DIA_KDF_511_Daron.d:162","Das ist gut, das ist gut - dann willst du vermutlich Gold an die heilige Kirche Innos spenden, ja?","좋고 말고, 좋고 말고―그렇다면 이노스의 거룩한 교회에 금을 기부하고 싶다는 뜻이겠지?","","False","DIA_Daron_AboutSegen_10_01","",""
"Scripts/Content/Story/Dialoge/DIA_KDF_511_Daron.d:163","Eigentlich wollte ich deinen Segen, um als Lehrling in der Unterstadt anfangen zu können ...","사실 하층 지구에서 수공업자 견습생으로 일하려면 당신의 축복이 필요해서요...","","False","DIA_Daron_AboutSegen_15_02","",""
"Scripts/Content/Story/Dialoge/DIA_KDF_511_Daron.d:166","Ich habe dir meinen Segen doch schon gegeben, mein Sohn.","내가 이미 축복을 주지 않았느냐, 내 아들아.","","False","DIA_Daron_AboutSegen_10_03","",""
"Scripts/Content/Story/Dialoge/DIA_KDF_511_Daron.d:167","Gehe mit Innos, mein Sohn!","이노스와 함께 가거라, 내 아들아!","","False","DIA_Daron_AboutSegen_10_04","",""
"Scripts/Content/Story/Dialoge/DIA_KDF_511_Daron.d:171","Aber mein Sohn! Ohne eine bescheidene Spende an die Kirche kann ich dich unmöglich segnen.","이러지 말게나, 내 아들아! 교회에 소박한 기부도 하지 않고서야 내가 자네를 축복해 줄 방도가 없지 않은가.","","False","DIA_Daron_AboutSegen_10_05","",""
"Scripts/Content/Story/Dialoge/DIA_KDF_511_Daron.d:172","Wie soll ich mich denn sonst deiner guten Absichten gegenüber der heiligen Kirche Innos' versichern?","이노스의 거룩한 교회를 향한 자네의 선한 마음을 내가 달리 어떻게 확신하겠나?","","False","DIA_Daron_AboutSegen_10_06","",""
"Scripts/Content/Story/Dialoge/DIA_KDF_511_Daron.d:185","Wieviel ist denn eine übliche Spende?","일반적으로 기부금은 얼마 정도입니까?","","False","DIA_Daron_Spenden.description","",""
"Scripts/Content/Story/Dialoge/DIA_KDF_511_Daron.d:197","Wieviel ist denn eine übliche Spende?","일반적으로 기부금은 얼마 정도입니까?","","False","DIA_Daron_Spenden_15_00","",""
"Scripts/Content/Story/Dialoge/DIA_KDF_511_Daron.d:198","Nun, das kommt darauf an, welchen Teil du geben willst. Lass mich sehen, was du dabei hast.","음, 자네가 얼마나 베풀고 싶으냐에 달렸지. 가진 걸 좀 보세나.","","False","DIA_Daron_Spenden_10_01","",""
"Scripts/Content/Story/Dialoge/DIA_KDF_511_Daron.d:199","(guckt in Geldbeutel) Aaaah jaaa ...","(주머니를 들여다보며) 아아아 하아...","","False","DIA_Daron_Spenden_10_02","",""
"Scripts/Content/Story/Dialoge/DIA_KDF_511_Daron.d:203","Hm, du bist ein armer Schlucker, was? Behalte das bisschen, was du hast.","흠, 빈털터리 신세인가? 가진 것도 별로 없는데 그냥 두게.","","False","DIA_Daron_Spenden_10_03","",""
"Scripts/Content/Story/Dialoge/DIA_KDF_511_Daron.d:214","Nun, du hast nicht viel, aber arm bist du auch nicht. 10 Goldstücke für Innos - wir sind ja genügsam.","흠, 가진 건 별로 없지만 거지도 아니로구나. 이노스를 위해 10 골드를 기부하도록 해라. 우린 검소하니까.","","False","DIA_Daron_Spenden_10_04","",""
"Scripts/Content/Story/Dialoge/DIA_KDF_511_Daron.d:219","Du hast mehr als 50 goldene Münzen. Spende 25 davon Innos und empfange seinen Segen.","골드화가 50개 넘게 있구나. 그중 25개를 이노스께 기부하고 그분의 축복을 받아라.","","False","DIA_Daron_Spenden_10_05","",""
"Scripts/Content/Story/Dialoge/DIA_KDF_511_Daron.d:224","Du hast über hundert Goldstücke - der Herr sagt, gebt wenn ihr habt.","백 골드가 넘는 돈을 가지고 있군. 주님께서 이르시기를, 가진 자는 베풀라 하셨느니라.","","False","DIA_Daron_Spenden_10_06","",""
"Scripts/Content/Story/Dialoge/DIA_KDF_511_Daron.d:225","Die Kirche empfängt deine großzügige Spende.","교회에서 자네의 관대한 기부를 받겠네.","","False","DIA_Daron_Spenden_10_07","",""
"Scripts/Content/Story/Dialoge/DIA_KDF_511_Daron.d:229","Ich segne dich im Namen Innos'. Denn er ist das Licht und die Gerechtigkeit.","이노스의 이름으로 자네를 축복하노라. 그분은 빛이자 곧 정의이시니.","","False","DIA_Daron_Spenden_10_08","",""
"Scripts/Content/Story/Dialoge/DIA_KDF_511_Daron.d:249","Wo kommst du her?","어디서 오셨습니까?","","False","DIA_Daron_Woher.description","",""
"Scripts/Content/Story/Dialoge/DIA_KDF_511_Daron.d:263","Wo kommst du her?","어디서 오셨습니까?","","False","DIA_Daron_Woher_15_00","",""
"Scripts/Content/Story/Dialoge/DIA_KDF_511_Daron.d:264","Ich komme aus dem Kloster der Magier, das in den Bergen liegt.","나는 산속에 있는 마법사들의 수도원에서 왔다네.","","False","DIA_Daron_Woher_10_01","",""
"Scripts/Content/Story/Dialoge/DIA_KDF_511_Daron.d:268","Wir nehmen dort jeden auf, der reinen Herzens ist und den Wunsch verspürt, unserem allmächtigen Herrn Innos zu dienen.","우리는 마음이 순수하고 전능하신 주 이노스를 섬기고자 하는 열망을 품은 이라면 누구든지 받아들이지.","","False","DIA_Daron_Woher_10_02","",""
"Scripts/Content/Story/Dialoge/DIA_KDF_511_Daron.d:281","Erzähl mir von Innos.","이노스에 대해 말해 주십시오.","","False","DIA_Daron_Innos.description","",""
"Scripts/Content/Story/Dialoge/DIA_KDF_511_Daron.d:296","Erzähl mir von Innos.","이노스에 대해 말해 주십시오.","","False","DIA_Daron_Innos_15_00","",""
"Scripts/Content/Story/Dialoge/DIA_KDF_511_Daron.d:297","Innos, unser allmächtiger Herr, ist das Licht und das Feuer.","전능하신 우리의 주 이노스는 빛이자 불이시다.","","False","DIA_Daron_Innos_10_01","",""
"Scripts/Content/Story/Dialoge/DIA_KDF_511_Daron.d:298","Er wählte den Mensch als sein Werkzeug und gab ihm die Magie und die Gesetze.","그분은 인간을 도구로 택하시어 그들에게 마법과 율법을 주셨다.","","False","DIA_Daron_Innos_10_02","",""
"Scripts/Content/Story/Dialoge/DIA_KDF_511_Daron.d:299","In seinem Namen handeln wir. Nach seinem Willen sprechen wir Recht und sein Wort wird verkündet.","우리는 그분의 이름으로 행동한다. 그분의 뜻에 따라 정의를 집행하고 그분의 말씀을 전파한다.","","False","DIA_Daron_Innos_10_03","",""
"Scripts/Content/Story/Dialoge/DIA_KDF_511_Daron.d:311","Erzähl mir mehr über das Kloster.","수도원에 대해 더 말해 줘.","","False","DIA_Daron_Kloster.description","",""
"Scripts/Content/Story/Dialoge/DIA_KDF_511_Daron.d:327","Erzähl mir mehr über das Kloster.","수도원에 대해 더 말해 줘.","","False","DIA_Daron_Kloster_15_00","",""
"Scripts/Content/Story/Dialoge/DIA_KDF_511_Daron.d:328","Wir unterrichten unsere Schüler in allen Formen der Magie. Aber nicht nur das alleine sind die Künste der Feuermagier.","우리는 학생들에게 모든 형태의 마법을 가르친다. 하지만 그것만이 불의 마법사의 기술의 전부는 아니다.","","False","DIA_Daron_Kloster_10_01","",""
"Scripts/Content/Story/Dialoge/DIA_KDF_511_Daron.d:329","Wir verstehen uns ebenso auf die Kunst der Alchimie, wie auf das Erschaffen mächtiger Runen.","우리는 강력한 룬을 창조하는 것뿐만 아니라 연금술 기술에도 능통하다.","","False","DIA_Daron_Kloster_10_02","",""
"Scripts/Content/Story/Dialoge/DIA_KDF_511_Daron.d:330","Zudem keltern wir einen hervorragenden Wein.","게다가 우리는 훌륭한 와인도 양조한다.","","False","DIA_Daron_Kloster_10_03","",""
"Scripts/Content/Story/Dialoge/DIA_KDF_511_Daron.d:342","Was machst du in der Stadt?","도시에서는 무슨 일인가?","","False","DIA_Daron_Stadt.description","",""
"Scripts/Content/Story/Dialoge/DIA_KDF_511_Daron.d:355","Was machst du in der Stadt?","도시에서는 무슨 일인가?","","False","DIA_Daron_Stadt_15_00","",""
"Scripts/Content/Story/Dialoge/DIA_KDF_511_Daron.d:356","Ich führe Gespräche mit den Paladinen und stehe den Bürgern mit meinem Rat und helfenden Worten zur Seite.","나는 팔라딘들과 논의하고 내 조언과 도움이 되는 말로 시민들을 지원하고 있다.","","False","DIA_Daron_Stadt_10_01","",""
"Scripts/Content/Story/Dialoge/DIA_KDF_511_Daron.d:357","Gerade in diesen schwierigen Zeiten ist es unsere Pflicht, für das Volk da zu sein und den Bedürftigen zu helfen.","특히 이처럼 어려운 시기에는 사람들을 곁에서 지키고 가난한 이들을 돕는 것이 우리의 임무다.","","False","DIA_Daron_Stadt_10_02","",""
"Scripts/Content/Story/Dialoge/DIA_KDF_511_Daron.d:369","Ich habe da etwas von einer Statuette gehört...","작은 조각상에 대한 얘기를 들었는데...","","False","DIA_Addon_Daron_GuildHelp.description","",""
"Scripts/Content/Story/Dialoge/DIA_KDF_511_Daron.d:383","Ich habe da etwas von einer Statuette gehört, die du verloren haben sollst.","당신이 잃어버렸다는 작은 조각상에 대한 소문을 들었어.","","False","DIA_Addon_Daron_GuildHelp_15_00","",""
"Scripts/Content/Story/Dialoge/DIA_KDF_511_Daron.d:384","Soso. Das kannst du nur von Vatras dem Wassermagier gehört haben.","그래? 그것에 대해 들을 수 있는 사람은 물의 마법사 바트라스뿐일 텐데.","","False","DIA_Addon_Daron_GuildHelp_10_01","",""
"Scripts/Content/Story/Dialoge/DIA_KDF_511_Daron.d:385","Wo ist das Problem?","뭐가 문제지?","","False","DIA_Addon_Daron_GuildHelp_15_02","",""
"Scripts/Content/Story/Dialoge/DIA_KDF_511_Daron.d:386","Dem Kloster ist eine sehr wertvolle Statuette vom Festland geschickt worden. Sie ist aber niemals im Kloster angekommen.","본토에서 수도원으로 아주 귀중한 조각상을 보냈어. 하지만 그 조각상은 결코 수도원에 도착하지 않았지.","","False","DIA_Addon_Daron_GuildHelp_10_03","",""
"Scripts/Content/Story/Dialoge/DIA_KDF_511_Daron.d:387","Hat man das Schiff geentert?","배가 습격이라도 받았나?","","False","DIA_Addon_Daron_GuildHelp_15_04","",""
"Scripts/Content/Story/Dialoge/DIA_KDF_511_Daron.d:388","(beschämt) Nein. Sie ist wohlbehalten in Khorinis angekommen und ich habe sie abgeholt.","(부끄러워하며) 아니. 무사히 코리니스에 도착했고 내가 직접 수령했지.","","False","DIA_Addon_Daron_GuildHelp_10_05","",""
"Scripts/Content/Story/Dialoge/DIA_KDF_511_Daron.d:389","Doch sie ist einer Gruppe Goblins in die Hände gefallen, als ich auf dem Weg zum Kloster war.","하지만 내가 수도원으로 가는 길에 고블린 무리의 손에 넘어가 버렸어.","","False","DIA_Addon_Daron_GuildHelp_10_06","",""
"Scripts/Content/Story/Dialoge/DIA_KDF_511_Daron.d:390","(sauer) Jetzt sieh mich nicht so an. Wir Magier sind auch nicht unfehlbar.","(화내며) 그렇게 쳐다보지 마. 우리 마법사들도 완벽하지는 않으니까.","","False","DIA_Addon_Daron_GuildHelp_10_07","",""
"Scripts/Content/Story/Dialoge/DIA_KDF_511_Daron.d:396","Du sagtest, die Goblins haben sie jetzt?","고블린들이 그것을 가지고 있다고 했나?","","False","DIA_Addon_Daron_GuildHelp_Info.DIA_Addon_Daron_GuildHelp.DIA_Addon_Daron_GuildHelp_gobbos","Info_AddChoice",""
"Scripts/Content/Story/Dialoge/DIA_KDF_511_Daron.d:397","Wo hast du die Statuette verloren?","조각상을 어디서 잃어버렸지?","","False","DIA_Addon_Daron_GuildHelp_Info.DIA_Addon_Daron_GuildHelp.DIA_Addon_Daron_GuildHelp_wo","Info_AddChoice",""
"Scripts/Content/Story/Dialoge/DIA_KDF_511_Daron.d:398","Hast du nicht versucht, die Statuette wieder zu bekommen?","그 조각상을 되찾으려고 시도하지 않았나?","","False","DIA_Addon_Daron_GuildHelp_Info.DIA_Addon_Daron_GuildHelp.DIA_Addon_Daron_GuildHelp_wiederholen","Info_AddChoice",""
"Scripts/Content/Story/Dialoge/DIA_KDF_511_Daron.d:403","Hast du nicht versucht, die Statuette wieder zu bekommen?","그 조각상을 되찾으려고 시도하지 않았나?","","False","DIA_Addon_Daron_GuildHelp_wiederholen_15_00","",""
"Scripts/Content/Story/Dialoge/DIA_KDF_511_Daron.d:404","Oh doch! Ich habe die ganze Gegend abgesucht. Leider ohne Erfolg.","물론 그랬지! 온 지역을 샅샅이 뒤졌어. 하지만 소용없었지.","","False","DIA_Addon_Daron_GuildHelp_wiederholen_10_01","",""
"Scripts/Content/Story/Dialoge/DIA_KDF_511_Daron.d:409","Du sagtest, die Goblins haben sie jetzt?","고블린들이 그것을 가지고 있다고 했나?","","False","DIA_Addon_Daron_GuildHelp_gobbos_15_00","",""
"Scripts/Content/Story/Dialoge/DIA_KDF_511_Daron.d:410","Sie haben sie gestohlen und sind damit im Unterholz verschwunden.","그것을 훔쳐서 덤불 속으로 달아나 버렸어.","","False","DIA_Addon_Daron_GuildHelp_gobbos_10_01","",""
"Scripts/Content/Story/Dialoge/DIA_KDF_511_Daron.d:411","Ich habe sie nie wieder gesehen. Sie haben sich wahrscheinlich in irgendeinem Erdloch verkrochen.","다시는 그들을 보지 못했지. 아마 어딘가 땅굴 속에 숨어 있을 거야.","","False","DIA_Addon_Daron_GuildHelp_gobbos_10_02","",""
"Scripts/Content/Story/Dialoge/DIA_KDF_511_Daron.d:416","Wo hast du die Statuette verloren?","조각상을 어디서 잃어버렸지?","","False","DIA_Addon_Daron_GuildHelp_wo_15_00","",""
"Scripts/Content/Story/Dialoge/DIA_KDF_511_Daron.d:417","Ich war auf dem Weg zum Kloster. In der Nähe von Orlans Taverne.","수도원으로 가는 길이었어. 오를란의 선술집 근처였지.","","False","DIA_Addon_Daron_GuildHelp_wo_10_01","",""
"Scripts/Content/Story/Dialoge/DIA_KDF_511_Daron.d:419","Ich hab genug gehört. Ich finde das Ding für dich.","설명은 충분히 들었어. 내가 그 물건을 찾아주지.","","False","DIA_Addon_Daron_GuildHelp_wo.DIA_Addon_Daron_GuildHelp.DIA_Addon_Daron_GuildHelp_auftrag","Info_AddChoice",""
"Scripts/Content/Story/Dialoge/DIA_KDF_511_Daron.d:420","Orlans Taverne? Wo ist das?","오를란의 선술집? 그게 어디지?","","False","DIA_Addon_Daron_GuildHelp_wo.DIA_Addon_Daron_GuildHelp.DIA_Addon_Daron_GuildHelp_woTaverne","Info_AddChoice",""
"Scripts/Content/Story/Dialoge/DIA_KDF_511_Daron.d:425","Orlans Taverne? Wo ist das?","오를란의 선술집? 그게 어디지?","","False","DIA_Addon_Daron_GuildHelp_woTaverne_15_00","",""
"Scripts/Content/Story/Dialoge/DIA_KDF_511_Daron.d:426","Du gehst hier aus dem Stadttor und folgst einfach dem Pfad, bis du ein freistehendes Haus siehst.","여기서 도시 문을 나서서 길을 따라가다 보면 홀로 서 있는 집이 보일 거다.","","False","DIA_Addon_Daron_GuildHelp_woTaverne_10_01","",""
"Scripts/Content/Story/Dialoge/DIA_KDF_511_Daron.d:427","Das ist Orlans Taverne. 'Zur Toten Harpie'.","그곳이 오를란의 선술집 '죽은 하피'야.","","False","DIA_Addon_Daron_GuildHelp_woTaverne_10_02","",""
"Scripts/Content/Story/Dialoge/DIA_KDF_511_Daron.d:432","Ich hab genug gehört. Ich finde das Ding für dich.","설명은 충분히 들었어. 내가 그 물건을 찾아주지.","","False","DIA_Addon_Daron_GuildHelp_auftrag_15_00","",""
"Scripts/Content/Story/Dialoge/DIA_KDF_511_Daron.d:433","Möge Innos dich leiten und behüten vor den Gefahren, die draußen vor'm Stadttor auf dich lauern.","도시 성문 밖에서 도사리고 있는 위험으로부터 이노스께서 너를 인도하고 보호해 주시기를.","","False","DIA_Addon_Daron_GuildHelp_auftrag_10_01","",""
"Scripts/Content/Story/Dialoge/DIA_KDF_511_Daron.d:450","Ich habe deine Statuette gefunden.","네 조각상을 찾았다.","","False","DIA_Addon_Daron_FoundStatue.description","",""
"Scripts/Content/Story/Dialoge/DIA_KDF_511_Daron.d:465","Ich habe deine Statuette gefunden.","네 조각상을 찾았다.","","False","DIA_Addon_Daron_FoundStatue_15_00","",""
"Scripts/Content/Story/Dialoge/DIA_KDF_511_Daron.d:466","Innos sei Dank!","이노스 감사합니다!","","False","DIA_Addon_Daron_FoundStatue_10_01","",""
"Scripts/Content/Story/Dialoge/DIA_KDF_511_Daron.d:467","Was wirst du damit nun tun?","이제 이걸 어떻게 할 건가?","","False","DIA_Addon_Daron_FoundStatue_15_02","",""
"Scripts/Content/Story/Dialoge/DIA_KDF_511_Daron.d:468","Gar nichts. Sie hat mir nur Unglück gebracht.","아무것도 안 하지. 내게 불행밖에는 가져다주지 않았으니까.","","False","DIA_Addon_Daron_FoundStatue_10_03","",""
"Scripts/Content/Story/Dialoge/DIA_KDF_511_Daron.d:469","DU wirst sie für mich in's Kloster bringen, mein Sohn.","네가 나 대신 그것을 수도원으로 가져다줄 것이다, 내 아들아.","","False","DIA_Addon_Daron_FoundStatue_10_04","",""
"Scripts/Content/Story/Dialoge/DIA_KDF_511_Daron.d:472","Selbstverständlich wirst du nur eingelassen, wenn du dein restliches Leben in den Dienst des Klosters stellst.","물론 남은 생을 수도원을 섬기는 데 바치지 않는다면 들여보내 주지 않겠지만.","","False","DIA_Addon_Daron_FoundStatue_10_05","",""
"Scripts/Content/Story/Dialoge/DIA_KDF_511_Daron.d:473","Aber ich bin mir sicher, um MIR einen Dienst erfüllen zu können, bist du dazu bereit, nicht wahr?","하지만 나를 위해 한 가지 일을 해줄 수 있다면 기꺼이 그렇게 할 수 있겠지, 그렇지 않나?","","False","DIA_Addon_Daron_FoundStatue_10_06","",""
"Scripts/Content/Story/Dialoge/DIA_KDF_511_Daron.d:476","Geh mit Innos, mein Sohn!","이노스와 함께 가거라, 내 아들아!","","False","DIA_Addon_Daron_FoundStatue_10_07","",""
"Scripts/Content/Story/Dialoge/DIA_KDF_511_Daron.d:488","Ich habe deine Statuette ins Kloster gebracht.","네 조각상을 수도원에 가져다주었어.","","False","DIA_Addon_Daron_ReturnedStatue.description","",""
"Scripts/Content/Story/Dialoge/DIA_KDF_511_Daron.d:502","Ich hab deine Statuette ins Kloster gebracht. Du kannst dich wieder entspannen.","네 조각상을 수도원에 가져다주었어. 이제 안심해도 좋아.","","False","DIA_Addon_Daron_ReturnedStatue_15_00","",""
"Scripts/Content/Story/Dialoge/DIA_KDF_511_Daron.d:503","Da sind gute Neuigkeiten. Innos möge dich beschützen.","좋은 소식이군. 이노스께서 너를 보살펴 주시기를.","","False","DIA_Addon_Daron_ReturnedStatue_10_01","",""
"Scripts/Content/Story/Dialoge/DIA_KDF_511_Daron.d:504","Nimm dies als meine kleine Anerkennung, mein Sohn.","내 작은 감사의 표시로 이걸 받으려무나, 내 아들아.","","False","DIA_Addon_Daron_ReturnedStatue_10_02","",""
"Scripts/Content/Story/Dialoge/DIA_KDF_511_Daron.d:520","Ich bin bedürftig!","나는 가난합니다!","","False","DIA_Daron_arm.description","",""
"Scripts/Content/Story/Dialoge/DIA_KDF_511_Daron.d:535","Ich bin bedürftig!","나는 가난합니다!","","False","DIA_Daron_arm_15_00","",""
"Scripts/Content/Story/Dialoge/DIA_KDF_511_Daron.d:536","So, du bist also verarmt. Kein Wunder in diesen Zeiten. Nimm dieses Gold, es soll dir helfen.","그래, 빈털터리가 되었단 말이지. 요즘 같은 시기에는 놀랄 일도 아니지. 이 금화를 받으거라, 도움이 될 것이다.","","False","DIA_Daron_arm_10_01","",""
"Scripts/Content/Story/Dialoge/DIA_KDF_511_Daron.d:537","Aber du solltest dir eine Arbeit suchen, dann wirst du sehen, dass du schnell zu Gold kommst. Und dann darfst du der Kirche Innos spenden, so wie sie dir gespendet hat.","하지만 일거리를 찾아보도록 해라. 그러면 금화가 얼마나 빨리 모이는지 알게 될 것이다. 그런 다음 이노스의 교회에 베풀어 준 것처럼 기부할 수 있을 것이다.","","False","DIA_Daron_arm_10_02","",""
"Scripts/Content/Story/Dialoge/DIA_KDF_511_Daron.d:552","Ich möchte spenden...","기부하고 싶습니다...","","False","DIA_Daron_Spende.description","",""
"Scripts/Content/Story/Dialoge/DIA_KDF_511_Daron.d:571","Ich möchte spenden...","기부하고 싶습니다...","","False","DIA_Daron_Spende_15_00","",""
"Scripts/Content/Story/Dialoge/DIA_KDF_511_Daron.d:577","Aber ich habe nicht genug Gold dabei...(ZURÜCK)","하지만 가진 금화가 충분하지 않군요...(뒤로)","","False","DIA_Daron_Spende_Info.DIA_Daron_Spende.DIA_Daron_Spende_BACK","Info_AddChoice",""
"Scripts/Content/Story/Dialoge/DIA_KDF_511_Daron.d:579","(50  Gold )","(50 금화 )","","False","DIA_Daron_Spende_Info.DIA_Daron_Spende.DIA_Daron_Spende_50","Info_AddChoice",""
"Scripts/Content/Story/Dialoge/DIA_KDF_511_Daron.d:580","(100 Gold )","(100 금화 )","","False","DIA_Daron_Spende_Info.DIA_Daron_Spende.DIA_Daron_Spende_100","Info_AddChoice",""
"Scripts/Content/Story/Dialoge/DIA_KDF_511_Daron.d:581","(200 Gold )","(200 금화 )","","False","DIA_Daron_Spende_Info.DIA_Daron_Spende.DIA_Daron_Spende_200","Info_AddChoice",""
"Scripts/Content/Story/Dialoge/DIA_KDF_511_Daron.d:585","Du hast mir jetzt insgesamt über 1000 Goldstücke gespendet.","너는 지금까지 내게 총 1000 개가 넘는 금화를 기부했다.","","False","DIA_Daron_Spende_10_01","",""
"Scripts/Content/Story/Dialoge/DIA_KDF_511_Daron.d:586","Der Segen des Herrn Innos ist aller Zeit bei dir.","주 이노스의 축복이 항상 너와 함께할 것이다.","","False","DIA_Daron_Spende_10_02","",""
"Scripts/Content/Story/Dialoge/DIA_KDF_511_Daron.d:595","Aber ich habe nicht genug Gold dabei ...","하지만 가진 금화가 충분하지 않군요...","","False","DIA_Daron_Spende_BACK_15_00","",""
"Scripts/Content/Story/Dialoge/DIA_KDF_511_Daron.d:596","Das macht nichts, mein Sohn. Du kannst auch später noch so viel spenden, wie du willst.","상관없다, 내 아들아. 나중에 원하는 만큼 기부해도 된다.","","False","DIA_Daron_Spende_BACK_10_01","",""
"Scripts/Content/Story/Dialoge/DIA_KDF_511_Daron.d:608","Ich segne dich im Namen Innos'. Denn er ist das Licht und die Gerechtigkeit.","이노스의 이름으로 너를 축복한다. 그분은 빛이자 정의이시기 때문이다.","","False","DIA_Daron_Spende_50_10_00","",""
"Scripts/Content/Story/Dialoge/DIA_KDF_511_Daron.d:619","Du kannst jederzeit spenden, wenn du genug Gold dabei hast.","가진 금화가 충분하다면 언제든지 기부할 수 있다.","","False","DIA_Daron_Spende_50_10_01","",""
"Scripts/Content/Story/Dialoge/DIA_KDF_511_Daron.d:629","Innos, du bist das Licht, das den Pfad der Gerechten erleuchtet.","이노스여, 당신은 의로운 자의 길을 비추는 빛이십니다.","","False","DIA_Daron_Spende_100_10_00","",""
"Scripts/Content/Story/Dialoge/DIA_KDF_511_Daron.d:630","In deinem Namen segne ich diesen Mann. Möge dein Licht über ihm erstrahlen.","당신의 이름으로 이 사람을 축복합니다. 당신의 빛이 그를 비추게 하소서.","","False","DIA_Daron_Spende_100_10_01","",""
"Scripts/Content/Story/Dialoge/DIA_KDF_511_Daron.d:641","Der Herr sagt - wenn du beten willst, öffne deinen Geist. Und wenn du spenden willst, bringe deine Gabe mit.","주께서 말씀하시기를 - 기도하고 싶다면 정신을 열고, 기부하고 싶거든 예물을 가져오라고 하셨다.","","False","DIA_Daron_Spende_100_10_02","",""
"Scripts/Content/Story/Dialoge/DIA_KDF_511_Daron.d:651","Innos segne diesen Mann. Lass dein Licht über ihn leuchten.","이노스여, 이 사람을 축복하소서. 당신의 빛이 그를 비추게 하소서.","","False","DIA_Daron_Spende_200_10_00","",""
"Scripts/Content/Story/Dialoge/DIA_KDF_511_Daron.d:652","Schenke ihm Kraft, nach der Gerechtigkeit zu handeln.","정의에 따라 행동할 수 있는 힘을 그에게 주소서.","","False","DIA_Daron_Spende_200_10_01","",""
"Scripts/Content/Story/Dialoge/DIA_KDF_511_Daron.d:663","Wenn du so viel Gold spenden willst, solltest du auch welches mitbringen.","그렇게 많은 금화를 기부하고 싶다면 직접 가져와야지.","","False","DIA_Daron_Spende_200_10_02","",""
