"location","source","target","id","fuzzy","context","translator_comments","developer_comments"
"Scripts/Content/Story/Dialoge/DIA_Addon_BDT_10004_Finn.d:70","Wieder bei der Arbeit?","다시 일하는 건가?","","False","DIA_Addon_Finn_Hacker.description","",""
"Scripts/Content/Story/Dialoge/DIA_Addon_BDT_10004_Finn.d:83","Wieder bei der Arbeit?","다시 일하는 건가?","","False","DIA_Addon_BDT_10004_Finn_Hacker_15_00","",""
"Scripts/Content/Story/Dialoge/DIA_Addon_BDT_10004_Finn.d:84","Ja, jetzt hole ich auch noch das letzte Stück Gold aus dieser Mine.","그래, 이제 이 광산에서 마지막 금덩이까지 마저 캐내려고.","","False","DIA_Addon_BDT_10004_Finn_Hacker_07_01","",""
"Scripts/Content/Story/Dialoge/DIA_Addon_BDT_10004_Finn.d:109","Hi!","안녕!","","False","DIA_Addon_BDT_10004_Finn_Hi_15_00","",""
"Scripts/Content/Story/Dialoge/DIA_Addon_BDT_10004_Finn.d:110","(brummig) Was willst du?","(투덜거리며) 뭐 원하는 거라도 있나?","","False","DIA_Addon_BDT_10004_Finn_Hi_07_01","",""
"Scripts/Content/Story/Dialoge/DIA_Addon_BDT_10004_Finn.d:122","Wo kriege ich 'ne Spitzhacke her?","곡괭이는 어디서 구할 수 있지?","","False","DIA_Addon_Finn_Hacke.description","",""
"Scripts/Content/Story/Dialoge/DIA_Addon_BDT_10004_Finn.d:132","Wo kriege ich 'ne Spitzhacke her?","곡괭이는 어디서 구할 수 있지?","","False","DIA_Addon_Finn_Hacke_15_00","",""
"Scripts/Content/Story/Dialoge/DIA_Addon_BDT_10004_Finn.d:133","Geh zu Huno dem Schmied. Aber selbst wenn du eine Hacke hast, heißt das noch nicht, dass du auch in die Mine kommst.","대장장이 후노에게 가봐. 하지만 곡괭이가 있다고 해서 광산에 들어갈 수 있는 건 아니야.","","False","DIA_Addon_Finn_Hacke_07_01","",""
"Scripts/Content/Story/Dialoge/DIA_Addon_BDT_10004_Finn.d:134","Wenn du rein willst, musst du mit Esteban sprechen.","안으로 들어가고 싶다면, 에스테반과 대화해야 해.","","False","DIA_Addon_Finn_Hacke_07_02","",""
"Scripts/Content/Story/Dialoge/DIA_Addon_BDT_10004_Finn.d:135","Zu Thorus brauchst du gar nicht erst zu gehen - der lässt dich nur rein, wenn du 'nen roten Stein hast.","토러스한테는 갈 필요도 없어. 그자는 붉은 돌이 있을 때만 들여보내 주니까.","","False","DIA_Addon_Finn_Hacke_07_03","",""
"Scripts/Content/Story/Dialoge/DIA_Addon_BDT_10004_Finn.d:147","Sag mal, was hältst du von Esteban?","말해봐, 에스테반에 대해 어떻게 생각하지?","","False","DIA_Addon_Finn_Esteban.description","",""
"Scripts/Content/Story/Dialoge/DIA_Addon_BDT_10004_Finn.d:160","Sag mal, was hältst du von Esteban?","말해봐, 에스테반에 대해 어떻게 생각하지?","","False","DIA_Addon_Finn_Esteban_15_00","",""
"Scripts/Content/Story/Dialoge/DIA_Addon_BDT_10004_Finn.d:161","(vorsichtig) Er ist der Boss hier ... er ... ist ganz okay, denke ich.","(조심스럽게) 그는 여기 보스야... 내 생각엔... 꽤 괜찮은 사람이지.","","False","DIA_Addon_Finn_Esteban_07_01","",""
"Scripts/Content/Story/Dialoge/DIA_Addon_BDT_10004_Finn.d:162","(zögernd) Die guten Jungs lässt er immer in die Mine. Die was vom Schürfen verstehen, meine ich.","(머뭇거리며) 그는 실력 좋은 녀석들만 광산으로 들여보내. 채광에 대해 좀 아는 녀석들 말이야.","","False","DIA_Addon_Finn_Esteban_07_02","",""
"Scripts/Content/Story/Dialoge/DIA_Addon_BDT_10004_Finn.d:174","Und du verstehst was vom Schürfen?","그럼 넌 채광에 대해 좀 아나?","","False","DIA_Addon_Finn_Profi.description","",""
"Scripts/Content/Story/Dialoge/DIA_Addon_BDT_10004_Finn.d:187","Und du verstehst was vom Schürfen?","그럼 넌 채광에 대해 좀 아나?","","False","DIA_Addon_Finn_Profi_15_00","",""
"Scripts/Content/Story/Dialoge/DIA_Addon_BDT_10004_Finn.d:188","Ich bin der Beste!","내가 최고지!","","False","DIA_Addon_Finn_Profi_07_01","",""
"Scripts/Content/Story/Dialoge/DIA_Addon_BDT_10004_Finn.d:217","Alles klar, Chef. Du willst den Besten in der Mine sehen? Dann will ich mal wieder ...","알겠어, 보스. 광산에서 최고인 녀석을 보고 싶다고? 그럼 이만 가봐야겠군...","","False","DIA_Addon_BDT_10004_Finn_Mine_07_00","",""
"Scripts/Content/Story/Dialoge/DIA_Addon_BDT_10004_Finn.d:219","Ach, noch was. Ich verrate dir mal ein Buddlergeheimnis.","아, 그리고 또 하나. 광부들만의 비밀을 하나 알려주지.","","False","DIA_Addon_BDT_10004_Finn_Mine_07_01","",""
"Scripts/Content/Story/Dialoge/DIA_Addon_BDT_10004_Finn.d:220","Ab und zu bietet es sich an, einen Trümmerschlag anzusetzen.","가끔은 광석을 강하게 내리치는 게 좋을 때가 있어.","","False","DIA_Addon_BDT_10004_Finn_Mine_07_02","",""
"Scripts/Content/Story/Dialoge/DIA_Addon_BDT_10004_Finn.d:221","Wenn du ein paar mal gehackt hast und es ist nichts dabei rumgekommen, dann zieh die Spitze der Hacke quer über den Fels.","곡괭이질을 몇 번 했는데도 아무것도 나오지 않는다면, 곡괭이 끝을 바위 표면을 가로질러 긁어봐.","","False","DIA_Addon_BDT_10004_Finn_Mine_07_03","",""
"Scripts/Content/Story/Dialoge/DIA_Addon_BDT_10004_Finn.d:222","Mit etwas Glück kriegst du so gleich mehrere Brocken.","운이 좋다면 한 번에 여러 개의 광석 조각을 얻을 수 있을 거야.","","False","DIA_Addon_BDT_10004_Finn_Mine_07_04","",""
"Scripts/Content/Story/Dialoge/DIA_Addon_BDT_10004_Finn.d:256","Na, da gibt's einiges zu wissen. Gold ist kein Erz. Das ist ein verdammt wichtiger Unterschied.","음, 알아둬야 할 게 있지. 금은 광석이 아니야. 엄청나게 중요한 차이지.","","False","DIA_Addon_Finn_Gold_07_00","",""
"Scripts/Content/Story/Dialoge/DIA_Addon_BDT_10004_Finn.d:257","Ich meine, welche Frau hängt sich schon 'ne Kette aus Erz um den Hals? (lacht)","내 말은, 어떤 여자가 목에 광석 목걸이를 걸고 다니겠어? (웃음)","","False","DIA_Addon_Finn_Gold_07_01","",""
"Scripts/Content/Story/Dialoge/DIA_Addon_BDT_10004_Finn.d:258","Beim Hacken arbeitet man von oben nach unten. So kannst du die Nuggets am besten freilegen.","곡괭이질은 위에서 아래로 해야 해. 그래야 금괴를 가장 잘 캐낼 수 있거든.","","False","DIA_Addon_Finn_Gold_07_02","",""
"Scripts/Content/Story/Dialoge/DIA_Addon_BDT_10004_Finn.d:259","Es gibt auch Buddler, die es umgekehrt machen - aber das ist ungleich schwieriger.","반대로 하는 광부들도 있지만... 그건 훨씬 더 어렵지.","","False","DIA_Addon_Finn_Gold_07_03","",""
"Scripts/Content/Story/Dialoge/DIA_Addon_BDT_10004_Finn.d:274","Kannst du meine Fähigkeit im Goldhacken einschätzen?","내 금 채광 실력을 평가해 줄 수 있나?","","False","DIA_Addon_Finn_ein.description","",""
"Scripts/Content/Story/Dialoge/DIA_Addon_BDT_10004_Finn.d:289","Kannst du meine Fähigkeit im Goldhacken einschätzen?","내 금 채광 실력을 평가해 줄 수 있나?","","False","DIA_Addon_Finn_ein_15_00","",""
"Scripts/Content/Story/Dialoge/DIA_Addon_BDT_10004_Finn.d:293","Klar. Ich mache das schon seit über 35 Jahren. Es gibt nichts, das ich nicht erkenne!","물론이지. 내가 이런 일을 한 지가 35년이 넘었어. 내가 못 알아채는 건 없다고!","","False","DIA_Addon_Finn_ein_07_01","",""
"Scripts/Content/Story/Dialoge/DIA_Addon_BDT_10004_Finn.d:297","Bei dir würde ich sagen, du bist ein ...","너를 보니, 넌...","","False","DIA_Addon_Finn_ein_07_02","",""
"Scripts/Content/Story/Dialoge/DIA_Addon_BDT_10004_Finn.d:301","blutiger Anfänger.","풋내기 초보군.","","False","DIA_Addon_Finn_ein_07_03","",""
"Scripts/Content/Story/Dialoge/DIA_Addon_BDT_10004_Finn.d:305","ganz passabler Schürfer.","꽤 쓸만한 광부야.","","False","DIA_Addon_Finn_ein_07_04","",""
"Scripts/Content/Story/Dialoge/DIA_Addon_BDT_10004_Finn.d:309","erfahrener Goldschürfer.","노련한 금 광부야.","","False","DIA_Addon_Finn_ein_07_05","",""
"Scripts/Content/Story/Dialoge/DIA_Addon_BDT_10004_Finn.d:313","wachechter Buddler.","진짜 광부군.","","False","DIA_Addon_Finn_ein_07_06","",""
"Scripts/Content/Story/Dialoge/DIA_Addon_BDT_10004_Finn.d:317","verdammt guter Buddler.","제법 실력 있는 광부야.","","False","DIA_Addon_Finn_ein_07_07","",""
"Scripts/Content/Story/Dialoge/DIA_Addon_BDT_10004_Finn.d:321","Meister Buddler.","광부 마스터야.","","False","DIA_Addon_Finn_ein_07_08","",""
"Scripts/Content/Story/Dialoge/DIA_Addon_BDT_10004_Finn.d:325","Guru - unter den Buddlern.","광부들의 구루지.","","False","DIA_Addon_Finn_ein_07_09","",""
"Scripts/Content/Story/Dialoge/DIA_Addon_BDT_10004_Finn.d:329","Damit bist du jetzt so gut wie ich. Herzlichen Glückwunsch, Partner!","이제 나만큼 잘하는군. 축하해, 파트너!","","False","DIA_Addon_Finn_ein_07_10","",""
"Scripts/Content/Story/Dialoge/DIA_Addon_BDT_10004_Finn.d:352","Wegen des Attentats auf Esteban...","에스테반을 향한 암살 시도에 대해...","","False","DIA_Addon_Finn_Attentat.description","",""
"Scripts/Content/Story/Dialoge/DIA_Addon_BDT_10004_Finn.d:366","(misstrauisch) Ja?","(의심스럽게) 그래?","","False","DIA_Addon_Finn_Attentat_07_00","",""
"Scripts/Content/Story/Dialoge/DIA_Addon_BDT_10004_Finn.d:367","Hast du 'ne Ahnung, wer dahinter steckt?","누가 배후에 있는지 아나?","","False","DIA_Addon_Finn_Attentat_15_01","",""
"Scripts/Content/Story/Dialoge/DIA_Addon_BDT_10004_Finn.d:368","Warum willst du das wissen?","그걸 왜 알으려고 하지?","","False","DIA_Addon_Finn_Attentat_07_02","",""
"Scripts/Content/Story/Dialoge/DIA_Addon_BDT_10004_Finn.d:371","Ich will mit dem Typen reden...","그 자와 대화하고 싶어서...","","False","DIA_Addon_Finn_Attentat_Info.DIA_Addon_Finn_Attentat.DIA_Addon_Finn_Attentat_WannaTalk","Info_AddChoice",""
"Scripts/Content/Story/Dialoge/DIA_Addon_BDT_10004_Finn.d:372","Esteban will ihn tot sehen!","에스테반이 그 녀석이 죽는 걸 보고 싶어 해!","","False","DIA_Addon_Finn_Attentat_Info.DIA_Addon_Finn_Attentat.DIA_Addon_Finn_Attentat_ForTheBoss","Info_AddChoice",""
"Scripts/Content/Story/Dialoge/DIA_Addon_BDT_10004_Finn.d:377","(erzählt) Als das Attentat passierte, wollte ich mir von Huno, dem Schmied, meine Spitzhacke abholen.","(설명하며) 암살 사건이 일어났을 때, 난 대장장이 후노에게 곡괭이를 가지러 가려고 했어.","","False","DIA_Addon_Finn_TellAll_07_00","",""
"Scripts/Content/Story/Dialoge/DIA_Addon_BDT_10004_Finn.d:378","Aber er war nicht da.","하지만 그는 거기에 없었지.","","False","DIA_Addon_Finn_TellAll_07_01","",""
"Scripts/Content/Story/Dialoge/DIA_Addon_BDT_10004_Finn.d:379","Und?","그리고?","","False","DIA_Addon_Finn_TellAll_15_02","",""
"Scripts/Content/Story/Dialoge/DIA_Addon_BDT_10004_Finn.d:380","Er ist sonst IMMER da. SEHR verdächtig, wenn du mich fragst.","그는 평소에 항상 그 자리에 있거든. 내게 묻는다면, 아주 수상해.","","False","DIA_Addon_Finn_TellAll_07_03","",""
"Scripts/Content/Story/Dialoge/DIA_Addon_BDT_10004_Finn.d:388","Esteban will ihn tot sehen!","에스테반이 그 녀석이 죽는 걸 보고 싶어 해!","","False","DIA_Addon_Finn_ForTheBoss_15_00","",""
"Scripts/Content/Story/Dialoge/DIA_Addon_BDT_10004_Finn.d:389","Oh! Du arbeitest für den Boss?","오! 보스를 위해 일하는 건가?","","False","DIA_Addon_Finn_ForTheBoss_07_01","",""
"Scripts/Content/Story/Dialoge/DIA_Addon_BDT_10004_Finn.d:390","Dann werd' ich dir sagen, was ich weiß.","그럼 내가 아는 걸 말해주지.","","False","DIA_Addon_Finn_ForTheBoss_07_02","",""
"Scripts/Content/Story/Dialoge/DIA_Addon_BDT_10004_Finn.d:399","Ich will mit dem Typen reden ...","그 자와 대화하고 싶다...","","False","DIA_Addon_Finn_WannaTalk_15_00","",""
"Scripts/Content/Story/Dialoge/DIA_Addon_BDT_10004_Finn.d:400","(misstrauisch) So? Und was willst du von ihm?","(의심스럽게) 그래? 그런데 그에게 뭘 원하는 거지?","","False","DIA_Addon_Finn_WannaTalk_07_01","",""
"Scripts/Content/Story/Dialoge/DIA_Addon_BDT_10004_Finn.d:403","Das geht dich nichts an!","네가 상관할 바 아니야!","","False","DIA_Addon_Finn_Attentat_WannaTalk.DIA_Addon_Finn_Attentat.DIA_Addon_Finn_Attentat_ForgetIt","Info_AddChoice",""
"Scripts/Content/Story/Dialoge/DIA_Addon_BDT_10004_Finn.d:404","Ich habe interessante Informationen für ihn!","그에게 흥미로운 정보가 있거든!","","False","DIA_Addon_Finn_Attentat_WannaTalk.DIA_Addon_Finn_Attentat.DIA_Addon_Finn_Attentat_HaveInfos","Info_AddChoice",""
"Scripts/Content/Story/Dialoge/DIA_Addon_BDT_10004_Finn.d:405","Ich will Esteban umlegen und suche einen Verbündeten!","에스테반을 없애고 싶어서 동맹을 찾는 중이야!","","False","DIA_Addon_Finn_Attentat_WannaTalk.DIA_Addon_Finn_Attentat.DIA_Addon_Finn_Attentat_KillEsteban","Info_AddChoice",""
"Scripts/Content/Story/Dialoge/DIA_Addon_BDT_10004_Finn.d:410","Ich will Esteban umlegen und suche einen Verbündeten!","에스테반을 없애고 싶어서 동맹을 찾는 중이야!","","False","DIA_Addon_Finn_KillEsteban_15_00","",""
"Scripts/Content/Story/Dialoge/DIA_Addon_BDT_10004_Finn.d:411","Damit will ich nichts zu tun haben!","난 그런 일에 휘말리고 싶지 않아!","","False","DIA_Addon_Finn_KillEsteban_07_01","",""
"Scripts/Content/Story/Dialoge/DIA_Addon_BDT_10004_Finn.d:421","Ich habe interessante Informationen für ihn!","그에게 흥미로운 정보가 있거든!","","False","DIA_Addon_Finn_HaveInfos_15_00","",""
"Scripts/Content/Story/Dialoge/DIA_Addon_BDT_10004_Finn.d:422","Du steckst doch nicht etwa mit dem Auftraggeber unter einer Decke, was?","너 혹시 배후에 있는 녀석과 한통속인 거 아니야?","","False","DIA_Addon_Finn_HaveInfos_07_01","",""
"Scripts/Content/Story/Dialoge/DIA_Addon_BDT_10004_Finn.d:425","Ich will Esteban umlegen und suche einen Verbündeten!","에스테반을 없애고 싶어서 동맹을 찾는 중이야!","","False","DIA_Addon_Finn_Attentat_HaveInfos.DIA_Addon_Finn_Attentat.DIA_Addon_Finn_Attentat_KillEsteban","Info_AddChoice",""
"Scripts/Content/Story/Dialoge/DIA_Addon_BDT_10004_Finn.d:426","Das geht dich nichts an!","네가 상관할 바 아니야!","","False","DIA_Addon_Finn_Attentat_HaveInfos.DIA_Addon_Finn_Attentat.DIA_Addon_Finn_Attentat_ForgetIt","Info_AddChoice",""
"Scripts/Content/Story/Dialoge/DIA_Addon_BDT_10004_Finn.d:427","Auf keinen Fall!","절대 아니야!","","False","DIA_Addon_Finn_Attentat_HaveInfos.DIA_Addon_Finn_Attentat.DIA_Addon_Finn_Attentat_NoNo","Info_AddChoice",""
"Scripts/Content/Story/Dialoge/DIA_Addon_BDT_10004_Finn.d:432","Auf keinen Fall!","절대 아니야!","","False","DIA_Addon_Finn_NoNo_15_00","",""
"Scripts/Content/Story/Dialoge/DIA_Addon_BDT_10004_Finn.d:433","(abschätzend) Gut! Ich werde dir sagen, was ich weiß.","(가늠하듯) 좋아! 내가 아는 것을 말해주지.","","False","DIA_Addon_Finn_NoNo_07_01","",""
"Scripts/Content/Story/Dialoge/DIA_Addon_BDT_10004_Finn.d:441","Das geht dich nichts an!","네가 상관할 바 아니야!","","False","DIA_Addon_Finn_ForgetIt_15_00","",""
"Scripts/Content/Story/Dialoge/DIA_Addon_BDT_10004_Finn.d:442","So? Tja, dann weiß ich auch nichts über die Sache.","그래? 음, 그럼 나도 그 일에 대해 아는 게 없지.","","False","DIA_Addon_Finn_ForgetIt_07_01","",""
"Scripts/Content/Story/Dialoge/DIA_Addon_BDT_10004_Finn.d:457","Nochmal wegen des Attentats...","암살 사건에 대해 다시 이야기하자...","","False","DIA_Addon_Finn_Again.description","",""
"Scripts/Content/Story/Dialoge/DIA_Addon_BDT_10004_Finn.d:471","Nochmal wegen des Attentats ...","암살 사건에 대해 다시 이야기하자...","","False","DIA_Addon_Finn_Again_15_00","",""
"Scripts/Content/Story/Dialoge/DIA_Addon_BDT_10004_Finn.d:474","Ich hab dir alles gesagt, was ich weiß.","내가 아는 건 전부 말해줬잖아.","","False","DIA_Addon_Finn_Again_07_01","",""
"Scripts/Content/Story/Dialoge/DIA_Addon_BDT_10004_Finn.d:477","Okay... (zurück)","알았어... (뒤로)","","False","DIA_Addon_Finn_Again_Info.DIA_Addon_Finn_Again.DIA_Addon_Finn_Again_Exit","Info_AddChoice",""
"Scripts/Content/Story/Dialoge/DIA_Addon_BDT_10004_Finn.d:478","Dann erzähl's mir nochmal!","그럼 다시 말해줘!","","False","DIA_Addon_Finn_Again_Info.DIA_Addon_Finn_Again.DIA_Addon_Finn_Again_Nochmal","Info_AddChoice",""
"Scripts/Content/Story/Dialoge/DIA_Addon_BDT_10004_Finn.d:482","Lass mich bloß in Ruhe mit der Scheiße!","제발 그 따위 소리로 나를 귀찮게 하지 마!","","False","DIA_Addon_Finn_Again_07_02","",""
"Scripts/Content/Story/Dialoge/DIA_Addon_BDT_10004_Finn.d:489","(abschätzend) Okay ...","(가늠하듯) 알았어...","","False","DIA_Addon_Finn_Again_Exit_15_00","",""
"Scripts/Content/Story/Dialoge/DIA_Addon_BDT_10004_Finn.d:495","Dann erzähl's mir noch mal!","그럼 다시 말해줘!","","False","DIA_Addon_Finn_Again_Nochmal_15_00","",""
"Scripts/Content/Story/Dialoge/DIA_Addon_BDT_10005_Wache_02.d:69","Wie sieht's aus?","어떻게 지내나?","","False","DIA_Addon_Wache_02_Hi.description","",""
"Scripts/Content/Story/Dialoge/DIA_Addon_BDT_10005_Wache_02.d:79","Wie sieht's aus?","어떻게 지내나?","","False","DIA_Addon_Wache_02_Hi_15_00","",""
"Scripts/Content/Story/Dialoge/DIA_Addon_BDT_10005_Wache_02.d:80","Warte mal, kenne ich dich nicht irgendwo her?","잠깐만, 내가 어디서 너를 본 적이 있던가?","","False","DIA_Addon_Wache_02_Hi_13_01","",""
"Scripts/Content/Story/Dialoge/DIA_Addon_BDT_10005_Wache_02.d:82","Hmm ... nein. Das bist du nicht. Los, verpiss dich.","음... 아니. 네가 아니야. 자, 꺼져.","","False","DIA_Addon_Wache_02_Hi_13_02","",""
"Scripts/Content/Story/Dialoge/DIA_Addon_BDT_10005_Wache_02.d:94","Was weißt du über das Attentat?","암살 사건에 대해 뭘 알고 있나?","","False","DIA_Addon_Wache_02_Attentat.description","",""
"Scripts/Content/Story/Dialoge/DIA_Addon_BDT_10005_Wache_02.d:108","Was weißt du über das Attentat?","암살 사건에 대해 뭘 알고 있나?","","False","DIA_Addon_Wache_02_Attentat_15_00","",""
"Scripts/Content/Story/Dialoge/DIA_Addon_BDT_10005_Wache_02.d:109","Was ich darüber weiß? (lacht) Ich hab dem Kerl die Beine gebrochen.","내가 아는 거냐고? (웃음) 내가 그 녀석 다리를 부러뜨렸지.","","False","DIA_Addon_Wache_02_Attentat_13_01","",""
"Scripts/Content/Story/Dialoge/DIA_Addon_BDT_10005_Wache_02.d:110","(droht) Und das werde ich auch mit jedem anderen machen, der sich mit Esteban anlegen will ...","(위협하며) 그리고 에스테반에게 감히 대들려는 다른 녀석들에게도 똑같이 해줄 거야...","","False","DIA_Addon_Wache_02_Attentat_13_02","",""
"Scripts/Content/Story/Dialoge/DIA_Addon_BDT_10005_Wache_02.d:123","Wie sieht's aus?","어떻게 지내나?","","False","DIA_Addon_Wache_02_perm.description","",""
"Scripts/Content/Story/Dialoge/DIA_Addon_BDT_10005_Wache_02.d:136","Wie sieht's aus?","어떻게 지내나?","","False","DIA_Addon_Wache_02_perm_15_00","",""
"Scripts/Content/Story/Dialoge/DIA_Addon_BDT_10005_Wache_02.d:137","Bisher ist alles ruhig.","지금까지는 조용해.","","False","DIA_Addon_Wache_02_perm_13_01","",""
"Scripts/Content/Story/Dialoge/DIA_Addon_BDT_10005_Wache_02.d:141","Such du mal den Verräter - wir werden uns dann um ihn kümmern ...","너는 배신자나 찾아봐 - 나머지는 우리가 처리할 테니까...","","False","DIA_Addon_Wache_02_perm_13_02","",""
"Scripts/Content/Story/Dialoge/DIA_Addon_BDT_10008_Bandit.d:84","NICHT wecken!","깨우지 마!","","False","DIA_Addon_10008_Bandit_Hi_01_00","",""
"Scripts/Content/Story/Dialoge/DIA_Addon_BDT_10008_Bandit.d:85","Was???","뭐???","","False","DIA_Addon_10008_Bandit_Hi_15_01","",""
"Scripts/Content/Story/Dialoge/DIA_Addon_BDT_10008_Bandit.d:86","Wenn du dir selbst einen Gefallen tun willst, dann halte dich von Skinner fern.","스스로를 위하고 싶다면, 스키너는 멀리하는 게 좋을 거야.","","False","DIA_Addon_10008_Bandit_Hi_01_02","",""
"Scripts/Content/Story/Dialoge/DIA_Addon_BDT_10008_Bandit.d:87","Der Kerl ist unberechenbar. Den Letzten, der ihn geweckt hat, hat er umgebracht.","그 자식은 종잡을 수가 없어. 지난번에 그를 깨웠던 녀석은 죽어버렸거든.","","False","DIA_Addon_10008_Bandit_Hi_01_03","",""
"Scripts/Content/Story/Dialoge/DIA_Addon_BDT_10008_Bandit.d:88","Lass ihn schlafen, das ist das Beste für alle.","그냥 내버려 두라고, 그게 모두를 위한 최선이야.","","False","DIA_Addon_10008_Bandit_Hi_01_04","",""
"Scripts/Content/Story/Dialoge/DIA_Addon_BDT_10008_Bandit.d:100","Bist du ein Buddler?","광부인가?","","False","DIA_Addon_10008_Bandit_soup.description","",""
"Scripts/Content/Story/Dialoge/DIA_Addon_BDT_10008_Bandit.d:110","Bist du ein Buddler?","광부인가?","","False","DIA_Addon_10008_Bandit_soup_15_00","",""
"Scripts/Content/Story/Dialoge/DIA_Addon_BDT_10008_Bandit.d:111","Wegen der Hose? Nein, ich trage sie nur, weil sie bequem ist.","바지 때문인가? 아니, 그냥 편해서 입는 것뿐이야.","","False","DIA_Addon_10008_Bandit_soup_01_01","",""
"Scripts/Content/Story/Dialoge/DIA_Addon_BDT_10008_Bandit.d:112","Ich koche hier nur Fleischsuppe. Hier, kannst ja mal probieren - die macht stark.","난 여기서 고기 스튜를 끓일 뿐이지. 자, 맛봐도 좋아. 이걸 먹으면 힘이 솟거든.","","False","DIA_Addon_10008_Bandit_soup_01_02","",""
"Scripts/Content/Story/Dialoge/DIA_Addon_BDT_10008_Bandit.d:114","Es ist immer wichtig, seine eigene Stärke zu trainieren - draußen gibt's viele Gefahren.","자신의 힘을 단련하는 건 언제나 중요해. 밖에는 위험이 도사리고 있으니까.","","False","DIA_Addon_10008_Bandit_soup_01_03","",""
"Scripts/Content/Story/Dialoge/DIA_Addon_BDT_10008_Bandit.d:115","Wenn du willst, kann ich dir helfen, stärker zu werden.","원한다면 네가 더 강해지도록 도와줄 수 있어.","","False","DIA_Addon_10008_Bandit_soup_01_04","",""
"Scripts/Content/Story/Dialoge/DIA_Addon_BDT_10008_Bandit.d:131","Ich will stärker werden","더 강해지고 싶다.","","False","DIA_Addon_10008_Bandit_Teach.description","",""
"Scripts/Content/Story/Dialoge/DIA_Addon_BDT_10008_Bandit.d:144","Ich will stärker werden.","더 강해지고 싶다.","","False","DIA_Addon_10008_Bandit_Teach_15_00","",""
"Scripts/Content/Story/Dialoge/DIA_Addon_BDT_10014_Thorus.d:46","Du kennst die Regel. Ohne rote Steintafel kommt keiner in die Mine.","규칙은 알 거다. 붉은 석판이 없으면 아무도 광산에 들어갈 수 없어.","","False","DIA_Addon_BDT_10014_Thorus_Hi_12_00","",""
"Scripts/Content/Story/Dialoge/DIA_Addon_BDT_10014_Thorus.d:47","Vergiss die Mine - ich muss zu Raven.","광산 따위는 집어치워 - 난 레이븐을 만나야겠어.","","False","DIA_Addon_BDT_10014_Thorus_Hi_15_01","",""
"Scripts/Content/Story/Dialoge/DIA_Addon_BDT_10014_Thorus.d:48","Selbst wenn. Wir haben hier Regeln und die gelten für alle. Auch für dich.","그렇다 해도 말이지. 우리에게는 규칙이 있고 그것은 모두에게 적용된다. 너도 예외는 아니야.","","False","DIA_Addon_BDT_10014_Thorus_Hi_12_02","",""
"Scripts/Content/Story/Dialoge/DIA_Addon_BDT_10014_Thorus.d:49","Kehr wieder um. Wenn du versuchst, ohne Erlaubnis den oberen Platz zu betreten, werden die anderen Gardisten dich umbringen. DAS sind die Regeln.","돌아가라. 허락 없이 위쪽 광장에 들어가려고 하면 다른 경비병들이 널 죽일 거다. 그게 규칙이다.","","False","DIA_Addon_BDT_10014_Thorus_Hi_12_03","",""
"Scripts/Content/Story/Dialoge/DIA_Addon_BDT_10014_Thorus.d:53","Wenn du was zu beanstanden hast, geh und sprich mit Esteban. Er ist für das Lager zuständig.","불만이 있다면 에스테반에게 가서 이야기해라. 캠프를 담당하고 있는 건 그 자니까.","","False","DIA_Addon_BDT_10014_Thorus_Hi_12_04","",""
"Scripts/Content/Story/Dialoge/DIA_Addon_BDT_10014_Thorus.d:69","Es ist wichtig, das ich Raven erreiche...","내가 레이븐에게 가야만 하는 중요한 이유가 있어...","","False","DIA_Addon_BDT_10014_Thorus_Raven.description","",""
"Scripts/Content/Story/Dialoge/DIA_Addon_BDT_10014_Thorus.d:82","Es ist wichtig, dass ich Raven erreiche ...","내가 레이븐에게 가야만 하는 중요한 이유가 있어...","","False","DIA_Addon_BDT_10014_Thorus_Raven_15_00","",""
"Scripts/Content/Story/Dialoge/DIA_Addon_BDT_10014_Thorus.d:83","Ach ja? Glaubst du etwa du kannst bis zu ihm vordringen?","그래? 네가 그 자에게 도달할 수 있을 거라고 진심으로 믿는 건가?","","False","DIA_Addon_BDT_10014_Thorus_Raven_12_01","",""
"Scripts/Content/Story/Dialoge/DIA_Addon_BDT_10014_Thorus.d:84","Seine Garde hat Anordnung, NIEMANDEN vorzulassen. Du wärst tot, bevor du ihn auch nur zu Gesicht bekommen würdest.","그의 경비병들은 아무도 들여보내지 말라는 명령을 받았어. 그를 보기도 전에 죽게 될 거다.","","False","DIA_Addon_BDT_10014_Thorus_Raven_12_02","",""
"Scripts/Content/Story/Dialoge/DIA_Addon_BDT_10014_Thorus.d:85","Also schlag dir das aus dem Kopf.","그러니 그런 생각은 머릿속에서 지워버려.","","False","DIA_Addon_BDT_10014_Thorus_Raven_12_03","",""
"Scripts/Content/Story/Dialoge/DIA_Addon_BDT_10014_Thorus.d:101","Erkennst du mich nicht? Aus dem alten Lager?","내가 기억나지 않나? 옛 영지에서 온...","","False","DIA_Addon_BDT_10014_Thorus_Zeit.description","",""
"Scripts/Content/Story/Dialoge/DIA_Addon_BDT_10014_Thorus.d:114","Erkennst du mich nicht? Aus dem alten Lager ...","내가 기억나지 않나? 옛 영지에서 온...","","False","DIA_Addon_BDT_10014_Thorus_Zeit_15_00","",""
"Scripts/Content/Story/Dialoge/DIA_Addon_BDT_10014_Thorus.d:115","Du bist einer der Gefangenen?! Vielleicht warst du einer meiner Gardisten. Und? Macht uns das jetzt zu Verbündeten?","죄수 중 한 명이었다는 건가?! 어쩌면 내 경비병 중 한 명이었을지도 모르겠군. 그래? 그래서 우리가 동맹이라도 된다는 건가?","","False","DIA_Addon_BDT_10014_Thorus_Zeit_12_01","",""
"Scripts/Content/Story/Dialoge/DIA_Addon_BDT_10014_Thorus.d:116","Nein, das macht es uns nicht.","아니, 그렇진 않지.","","False","DIA_Addon_BDT_10014_Thorus_Zeit_12_02","",""
"Scripts/Content/Story/Dialoge/DIA_Addon_BDT_10014_Thorus.d:117","Vielleicht bist du der Typ, der die Barriere zum Einsturz gebracht hat - vielleicht hast du auch meine Kumpels umgebracht.","어쩌면 장벽을 무너뜨린 녀석이 너일 수도 있겠지. 내 동료들을 죽인 녀석일 수도 있고.","","False","DIA_Addon_BDT_10014_Thorus_Zeit_12_03","",""
"Scripts/Content/Story/Dialoge/DIA_Addon_BDT_10014_Thorus.d:118","Na und?","그래서?","","False","DIA_Addon_BDT_10014_Thorus_Zeit_12_04","",""
"Scripts/Content/Story/Dialoge/DIA_Addon_BDT_10014_Thorus.d:119","Die Zeiten sind vorbei.","그런 시절은 지났어.","","False","DIA_Addon_BDT_10014_Thorus_Zeit_12_05","",""
"Scripts/Content/Story/Dialoge/DIA_Addon_BDT_10014_Thorus.d:123","Du willst rein? Dann besorg dir einen roten Stein und verschwende nicht meine Zeit.","들어가고 싶나? 그렇다면 붉은 돌을 구해오고 내 시간을 낭비하게 하지 마.","","False","DIA_Addon_BDT_10014_Thorus_Zeit_12_06","",""
"Scripts/Content/Story/Dialoge/DIA_Addon_BDT_10014_Thorus.d:139","Komm, lass mich rein. Um der guten alten Zeiten Willen.","이봐, 들여보내 주라. 예전의 정을 생각해서 말이야.","","False","DIA_Addon_BDT_10014_Thorus_GoodOldPerm.description","",""
"Scripts/Content/Story/Dialoge/DIA_Addon_BDT_10014_Thorus.d:154","Komm, lass mich rein. Um der guten alten Zeiten Willen.","이봐, 들여보내 주라. 예전의 정을 생각해서 말이야.","","False","DIA_Addon_Thorus_Add_15_00","",""
"Scripts/Content/Story/Dialoge/DIA_Addon_BDT_10014_Thorus.d:157","Jetzt will ich dir mal was erklären. Weißt du, warum ich noch am Leben bin?","내 말 좀 들어봐라. 내가 아직도 살아있는 이유가 뭔지 아나?","","False","DIA_Addon_Thorus_Add_12_01","",""
"Scripts/Content/Story/Dialoge/DIA_Addon_BDT_10014_Thorus.d:158","Weil ich immer zu meinen Leuten loyal war.","내 사람들에게 언제나 충실했기 때문이다.","","False","DIA_Addon_Thorus_Add_12_02","",""
"Scripts/Content/Story/Dialoge/DIA_Addon_BDT_10014_Thorus.d:159","Ich muß nicht mit allem einverstanden sein, was Raven tut. Aber ich werde mich an die Regeln halten.","레이븐이 하는 모든 일에 동의할 필요는 없어. 하지만 난 규칙을 따를 것이다.","","False","DIA_Addon_Thorus_Add_12_03","",""
"Scripts/Content/Story/Dialoge/DIA_Addon_BDT_10014_Thorus.d:160","Und das wirst du auch!","너도 그래야 하고!","","False","DIA_Addon_Thorus_Add_12_04","",""
"Scripts/Content/Story/Dialoge/DIA_Addon_BDT_10014_Thorus.d:165","(bestimmt) Nein!","(단호하게) 안 돼!","","False","DIA_Addon_Thorus_Add_12_05","",""
"Scripts/Content/Story/Dialoge/DIA_Addon_BDT_10014_Thorus.d:197","Ich habe hier eine Steintafel für dich ...","여기 너를 위한 석판이 있다...","","False","DIA_Addon_BDT_10014_Thorus_Stein.description","",""
"Scripts/Content/Story/Dialoge/DIA_Addon_BDT_10014_Thorus.d:213","Ich habe hier eine Steintafel für dich ...","여기 너를 위한 석판이 있다...","","False","DIA_Addon_BDT_10014_Thorus_Stein_15_00","",""
"Scripts/Content/Story/Dialoge/DIA_Addon_BDT_10014_Thorus.d:214","Du hast nicht den richtigen Stein. Nur die Roten sind von Bedeutung.","올바른 돌이 아니야. 붉은 것들만이 의미가 있다.","","False","DIA_Addon_BDT_10014_Thorus_Stein_12_01","",""
"Scripts/Content/Story/Dialoge/DIA_Addon_BDT_10014_Thorus.d:226","Ich habe hier eine rote Steintafel ...","여기에 붉은 석판이 있소...","","False","DIA_Addon_BDT_10014_Thorus_Rein.description","",""
"Scripts/Content/Story/Dialoge/DIA_Addon_BDT_10014_Thorus.d:240","Ich habe hier eine rote Steintafel ...","여기에 붉은 석판이 있소...","","False","DIA_Addon_BDT_10014_Thorus_Rein_15_00","",""
"Scripts/Content/Story/Dialoge/DIA_Addon_BDT_10014_Thorus.d:241","Okay.","좋아.","","False","DIA_Addon_BDT_10014_Thorus_Rein_12_01","",""
"Scripts/Content/Story/Dialoge/DIA_Addon_BDT_10014_Thorus.d:242","Du hast Esteban erledigt - dann wirst DU jetzt seinen Job machen.","네가 에스테반을 해치웠으니, 이제 네가 그의 일을 맡도록 해라.","","False","DIA_Addon_BDT_10014_Thorus_Rein_12_02","",""
"Scripts/Content/Story/Dialoge/DIA_Addon_BDT_10014_Thorus.d:243","In der Mine haben sie ein paar Probleme mit Minecrawlern.","광산에서 마인크롤러 때문에 골치를 썩고 있다.","","False","DIA_Addon_BDT_10014_Thorus_Rein_12_03","",""
"Scripts/Content/Story/Dialoge/DIA_Addon_BDT_10014_Thorus.d:244","Drei Buddler hat's bereits erwischt. Es ist deine Aufgabe, für Nachschub zu sorgen.","벌써 광부 세 명이 당했어. 인원을 보충하는 게 네 임무다.","","False","DIA_Addon_BDT_10014_Thorus_Rein_12_04","",""
"Scripts/Content/Story/Dialoge/DIA_Addon_BDT_10014_Thorus.d:245","Und wann kann ich endlich in die verdammte Mine?","도대체 언제쯤 저 저주받은 광산에 들어갈 수 있는 건가요?","","False","DIA_Addon_BDT_10014_Thorus_Rein_15_05","",""
"Scripts/Content/Story/Dialoge/DIA_Addon_BDT_10014_Thorus.d:246","Mach deinen Job - danach kannst du machen, was du willst.","네 임무부터 해라. 그러고 나서 네가 원하는 걸 하든 말든 해라.","","False","DIA_Addon_BDT_10014_Thorus_Rein_12_06","",""
"Scripts/Content/Story/Dialoge/DIA_Addon_BDT_10014_Thorus.d:263","Ich habe drei Kerle losgeschickt.","사람 셋을 보냈습니다.","","False","DIA_Addon_BDT_10014_Thorus_Sent.description","",""
"Scripts/Content/Story/Dialoge/DIA_Addon_BDT_10014_Thorus.d:277","Ich habe drei Kerle losgeschickt.","사람 셋을 보냈습니다.","","False","DIA_Addon_BDT_10014_Thorus_Sent_15_00","",""
"Scripts/Content/Story/Dialoge/DIA_Addon_BDT_10014_Thorus.d:278","Alles klar. Dann kannst du wegen mir rein.","좋다. 그럼 내 생각엔 들어가도 좋다.","","False","DIA_Addon_BDT_10014_Thorus_Sent_12_01","",""
"Scripts/Content/Story/Dialoge/DIA_Addon_BDT_10014_Thorus.d:293","Hey, was ist mit deiner Rüstung? Wo kriege ich so eine Rüstung her?","이봐, 네 방어구는 왜 그 모양이지? 그런 방어구는 어디서 구할 수 있나?","","False","DIA_Addon_BDT_10014_Thorus_Armor.description","",""
"Scripts/Content/Story/Dialoge/DIA_Addon_BDT_10014_Thorus.d:306","Hey, was ist mit deiner Rüstung? Wo kriege ich so eine Rüstung her?","이봐, 네 방어구는 왜 그 모양이지? 그런 방어구는 어디서 구할 수 있나?","","False","DIA_Addon_BDT_10014_Thorus_Armor_15_00","",""
"Scripts/Content/Story/Dialoge/DIA_Addon_BDT_10014_Thorus.d:307","Gar nicht. Die Rüstungen sind Ravens Garde vorbehalten.","없어. 이 방어구들은 레이븐의 경비병 전용이다.","","False","DIA_Addon_BDT_10014_Thorus_Armor_12_01","",""
"Scripts/Content/Story/Dialoge/DIA_Addon_BDT_10014_Thorus.d:308","Ich glaube kaum, dass es eine Aufnahmeprüfung für neue Anwärter gibt. Aber letztendlich liegt die Entscheidung nicht bei mir, sondern bei Raven.","새 지원자를 위한 입단 시험 같은 건 없다고 보는 게 좋을걸. 하지만 결국 결정은 내가 아니라 레이븐이 하는 거다.","","False","DIA_Addon_BDT_10014_Thorus_Armor_12_02","",""
"Scripts/Content/Story/Dialoge/DIA_Addon_BDT_10014_Thorus.d:320","Wie sieht's mit den Gefangenen aus?","죄수들은 어떻게 됐나?","","False","DIA_Addon_Thorus_Gefangene.description","",""
"Scripts/Content/Story/Dialoge/DIA_Addon_BDT_10014_Thorus.d:334","Wie sieht's mit den Gefangenen aus?","죄수들은 어떻게 됐나?","","False","DIA_Addon_BDT_10014_Thorus_Gefangene_15_00","",""
"Scripts/Content/Story/Dialoge/DIA_Addon_BDT_10014_Thorus.d:335","Mmh, ihre Arbeit haben sie erledigt. Soweit ich weiß, sollen sie jetzt Gold hacken.","음, 할 일은 끝마쳤어. 내 알기로는 지금쯤 금을 캐고 있을 거다.","","False","DIA_Addon_BDT_10014_Thorus_Gefangene_12_01","",""
"Scripts/Content/Story/Dialoge/DIA_Addon_BDT_10014_Thorus.d:336","Und wenn sie abhauen würden ...?","그들이 도망치기라도 한다면...?","","False","DIA_Addon_BDT_10014_Thorus_Gefangene_15_02","",""
"Scripts/Content/Story/Dialoge/DIA_Addon_BDT_10014_Thorus.d:337","... würde Bloodwyn seine Garde hinterher schicken. Aber ich glaube auch kaum, dass sie verrückt genug wären, einen Fluchtversuch zu wagen.","...블러드윈이 경비병들을 뒤쫓아 보내겠지. 하지만 그들이 탈출을 감행할 만큼 제정신이 아닐 거라고는 생각 안 한다.","","False","DIA_Addon_BDT_10014_Thorus_Gefangene_12_03","",""
"Scripts/Content/Story/Dialoge/DIA_Addon_BDT_10014_Thorus.d:338","Es sei denn ...","...만약에 말이지...","","False","DIA_Addon_BDT_10014_Thorus_Gefangene_12_04","",""
"Scripts/Content/Story/Dialoge/DIA_Addon_BDT_10014_Thorus.d:339","Es sei denn, was?","만약에 뭐?","","False","DIA_Addon_BDT_10014_Thorus_Gefangene_15_05","",""
"Scripts/Content/Story/Dialoge/DIA_Addon_BDT_10014_Thorus.d:340","... jemand anders würde sie dazu anstiften. Aber ich kenne niemanden, der dumm genug wäre, das zu tun ... jedenfalls solange Bloodwyn hier ist.","...누군가 부추기기라도 했다면 모르지. 하지만 블러드윈이 여기에 있는 한, 그렇게 멍청한 짓을 할 녀석은 없을 거다.","","False","DIA_Addon_BDT_10014_Thorus_Gefangene_12_06","",""
"Scripts/Content/Story/Dialoge/DIA_Addon_BDT_10014_Thorus.d:366","Was hast du eigentlich vor?","자네 도대체 무슨 꿍꿍이야?","","False","DIA_Addon_Thorus_Speech_12_00","",""
"Scripts/Content/Story/Dialoge/DIA_Addon_BDT_10014_Thorus.d:367","Was??","뭐??","","False","DIA_Addon_Thorus_Speech_15_01","",""
"Scripts/Content/Story/Dialoge/DIA_Addon_BDT_10014_Thorus.d:371","Du hast jetzt auch noch Bloodwyn aus dem Weg geräumt. Ich frag mich nur, wer der nächste ist. Raven? Oder ich?","너는 이제 블러드윈마저 치워버렸어. 다음은 누구일지 궁금하군. 레이븐? 아니면 나인가?","","False","DIA_Addon_Thorus_Speech_12_02","",""
"Scripts/Content/Story/Dialoge/DIA_Addon_BDT_10014_Thorus.d:372","Hast du Angst?","공포스러운가?","","False","DIA_Addon_Thorus_Speech_15_03","",""
"Scripts/Content/Story/Dialoge/DIA_Addon_BDT_10014_Thorus.d:373","Vor einem Kampf fürchte ich mich nicht. Aber vor den Konsequenzen deiner Taten.","싸움이 두려운 건 아니다. 네 행동이 불러올 결과가 두려울 뿐이지.","","False","DIA_Addon_Thorus_Speech_12_04","",""
"Scripts/Content/Story/Dialoge/DIA_Addon_BDT_10014_Thorus.d:376","Dieses Lager ist das Einzige, was uns noch geblieben ist.","이 캠프는 우리에게 남은 유일한 안식처야.","","False","DIA_Addon_Thorus_Speech_12_05","",""
"Scripts/Content/Story/Dialoge/DIA_Addon_BDT_10014_Thorus.d:377","Es hat vielleicht nicht zur Zufriedenheit aller funktioniert, aber es HAT funktioniert.","모두가 만족스럽진 않았겠지만, 그래도 '굴러는' 갔단 말이다.","","False","DIA_Addon_Thorus_Speech_12_06","",""
"Scripts/Content/Story/Dialoge/DIA_Addon_BDT_10014_Thorus.d:378","Und mit jedem, den du tötest, bricht ein Stück unserer Gemeinschaft auseinander.","네가 사람을 죽일 때마다 우리 공동체의 조각이 하나씩 부서지고 있어.","","False","DIA_Addon_Thorus_Speech_12_07","",""
"Scripts/Content/Story/Dialoge/DIA_Addon_BDT_10014_Thorus.d:379","Wir sind Banditen. Ausgeschlossene, Gesetzlose, Verachtete.","우린 범죄자일 뿐이다. 낙오자이자, 무법자요, 멸시받는 자들이지.","","False","DIA_Addon_Thorus_Speech_12_08","",""
"Scripts/Content/Story/Dialoge/DIA_Addon_BDT_10014_Thorus.d:380","Wo wir auch hingehen, man wird uns jagen, einsperren und töten.","우리가 어디를 가든 사냥당하고, 갇히고, 죽임을 당할 거다.","","False","DIA_Addon_Thorus_Speech_12_09","",""
"Scripts/Content/Story/Dialoge/DIA_Addon_BDT_10014_Thorus.d:381","Es gibt keinen besseren Ort für uns als diesen, keine bessere Zeit als jetzt.","우리에게 여기보다 더 나은 장소는 없어, 지금보다 더 나은 때도 없고.","","False","DIA_Addon_Thorus_Speech_12_10","",""
"Scripts/Content/Story/Dialoge/DIA_Addon_BDT_10014_Thorus.d:382","Worauf willst du hinaus?","무슨 말을 하고 싶은 거야?","","False","DIA_Addon_Thorus_Speech_15_11","",""
"Scripts/Content/Story/Dialoge/DIA_Addon_BDT_10014_Thorus.d:383","Diese Männer brauchen jemanden, der sie führt. Wer soll das machen? Du? Du, der ständig von Ort zu Ort zieht?","이 사람들을 이끌어줄 누군가가 필요해. 누가 그 역할을 해야 하지? 너? 끊임없이 이리저리 떠돌아다니는 네가?","","False","DIA_Addon_Thorus_Speech_12_12","",""
"Scripts/Content/Story/Dialoge/DIA_Addon_BDT_10014_Thorus.d:395","Dann übernimm du doch die Führung des Lagers. ","그럼 자네가 이 캠프의 지도자를 맡아. ","","False","DIA_Addon_Thorus_Answer.description","",""
"Scripts/Content/Story/Dialoge/DIA_Addon_BDT_10014_Thorus.d:408","Dann übernimm du doch die Führung des Lagers.","그럼 자네가 이 캠프의 지도자를 맡아.","","False","DIA_Addon_BDT_10014_Thorus_Answer_15_00","",""
"Scripts/Content/Story/Dialoge/DIA_Addon_BDT_10014_Thorus.d:412","Okay, aber was ist mit Raven?","알겠어. 하지만 레이븐은 어떻게 하고?","","False","DIA_Addon_BDT_10014_Thorus_Answer_12_01","",""
"Scripts/Content/Story/Dialoge/DIA_Addon_BDT_10014_Thorus.d:413","Raven wird bald ganz andere Sorgen haben. Ich werde mich um ihn kümmern.","레이븐도 곧 다른 걱정거리가 생길 거다. 내가 처리할 테니까.","","False","DIA_Addon_BDT_10014_Thorus_Answer_15_02","",""
"Scripts/Content/Story/Dialoge/DIA_Addon_BDT_10014_Thorus.d:416","Ach ja, und sorg dafür, dass die Gefangenen das Lager unbehelligt verlassen können.","아 맞다, 죄수들이 방해받지 않고 캠프를 떠날 수 있게 해 줘.","","False","DIA_Addon_BDT_10014_Thorus_Answer_15_03","",""
"Scripts/Content/Story/Dialoge/DIA_Addon_BDT_10014_Thorus.d:417","Geht klar. Ich werde mich um alle Wachen hier draußen kümmern.","알겠다. 바깥에 있는 경비병들은 내가 알아서 처리하지.","","False","DIA_Addon_BDT_10014_Thorus_Answer_12_04","",""
"Scripts/Content/Story/Dialoge/DIA_Addon_BDT_10014_Thorus.d:440","Ich hab's geschafft. Raven ist erledigt.","해냈어. 레이븐은 끝이야.","","False","DIA_Addon_Thorus_Raventot.description","",""
"Scripts/Content/Story/Dialoge/DIA_Addon_BDT_10014_Thorus.d:453","Ich hab's geschafft. Raven ist erledigt.","해냈어. 레이븐은 끝이야.","","False","DIA_Addon_BDT_10014_Thorus_Raventot_15_00","",""
"Scripts/Content/Story/Dialoge/DIA_Addon_BDT_10014_Thorus.d:454","Damit hast du Beliar einen kräftigen Tritt verpasst.","벨리알의 뒤통수를 제대로 날려줬군 그래.","","False","DIA_Addon_BDT_10014_Thorus_Raventot_12_01","",""
"Scripts/Content/Story/Dialoge/DIA_Addon_BDT_10014_Thorus.d:455","Dann wirst du jetzt weiter ziehen?","그럼 이제 떠나는 건가?","","False","DIA_Addon_BDT_10014_Thorus_Raventot_12_02","",""
"Scripts/Content/Story/Dialoge/DIA_Addon_BDT_10014_Thorus.d:456","Meine Aufgabe in diesem Tal ist beendet. Ich könnte mich mal ein paar Tage ausruhen.","이 계곡에서의 임무는 끝났어. 며칠 정도 푹 쉬어야겠군.","","False","DIA_Addon_BDT_10014_Thorus_Raventot_15_03","",""
"Scripts/Content/Story/Dialoge/DIA_Addon_BDT_10014_Thorus.d:457","(lacht) Ja, du bist ständig unterwegs, was? (ernst) Ich wünsche dir eine gute Reise.","(웃음) 그래, 넌 늘 돌아다니잖아, 안 그래? (진지하게) 좋은 여행이 되길 바라마.","","False","DIA_Addon_BDT_10014_Thorus_Raventot_12_04","",""
"Scripts/Content/Story/Dialoge/DIA_Addon_BDT_10014_Thorus.d:458","Wer weiß, vielleicht laufen wir uns nochmal über'n Weg.","누가 알겠어, 언젠가 또 우연히 마주치게 될지.","","False","DIA_Addon_BDT_10014_Thorus_Raventot_15_05","",""
"Scripts/Content/Story/Dialoge/DIA_Addon_BDT_10014_Thorus.d:459","Wer weiß. Es gibt eine Menge Tore und Durchgänge, die du durchqueren wirst. Und an einem solchen wirst du mich finden ...","그러게. 네가 통과해야 할 문과 통로는 수도 없이 많을 테니까. 그리고 그중 어딘가에서 나를 보게 되겠지...","","False","DIA_Addon_BDT_10014_Thorus_Raventot_12_06","",""
"Scripts/Content/Story/Dialoge/DIA_Addon_BDT_10015_Emilio.d:69","Du siehst aus wie ein Buddler.","당신, 광부처럼 생겼군요.","","False","DIA_Addon_BDT_10015_Emilio_Hi.description","",""
"Scripts/Content/Story/Dialoge/DIA_Addon_BDT_10015_Emilio.d:79","Du siehst aus wie ein Buddler.","당신, 광부처럼 생겼군요.","","False","DIA_Addon_BDT_10015_Emilio_Hi_15_00","",""
"Scripts/Content/Story/Dialoge/DIA_Addon_BDT_10015_Emilio.d:80","Ich BIN ein Buddler. Als ich das letzte mal in der Mine war, habe ich geschuftet wie ein Blöder.","난 광부맞다오. 지난번에 광산에 갔을 때는 정말 미친 듯이 일했지.","","False","DIA_Addon_BDT_10015_Emilio_Hi_10_01","",""
"Scripts/Content/Story/Dialoge/DIA_Addon_BDT_10015_Emilio.d:101","Was passiert mit dem Gold aus der Mine?","광산에서 캐낸 금은 어떻게 되는 거지?","","False","DIA_Addon_BDT_10015_Emilio_Gold.description","",""
"Scripts/Content/Story/Dialoge/DIA_Addon_BDT_10015_Emilio.d:114","Was passiert mit dem Gold aus der Mine?","광산에서 캐낸 금은 어떻게 되는 거지?","","False","DIA_Addon_BDT_10015_Emilio_Gold_15_00","",""
"Scripts/Content/Story/Dialoge/DIA_Addon_BDT_10015_Emilio.d:115","Thorus sammelt es ein und verteilt es. Keiner darf behalten, was er geschürft hat.","토러스가 거둬서 나눠준다오. 아무도 자기가 캔 걸 가질 수는 없지.","","False","DIA_Addon_BDT_10015_Emilio_Gold_10_01","",""
"Scripts/Content/Story/Dialoge/DIA_Addon_BDT_10015_Emilio.d:116","Jeder bekommt nur einen Teil des Goldes - damit auch die Jäger und Wachen nicht leer ausgehen.","다들 금의 일부만 갖게 돼 — 사냥꾼들과 경비병들도 헛고생하지 않도록 말이야.","","False","DIA_Addon_BDT_10015_Emilio_Gold_10_02","",""
"Scripts/Content/Story/Dialoge/DIA_Addon_BDT_10015_Emilio.d:117","Ich find's okay. Seit dieser Regelung gibt's weniger Tote und die Schürfer bekommen immer noch mehr als die Typen, die draußen rumhängen.","난 괜찮다고 보네. 이 규칙이 생긴 이후로 죽는 사람도 줄었고, 채굴꾼들은 여전히 바깥에서 빈둥거리는 녀석들보다 더 많이 받으니까.","","False","DIA_Addon_BDT_10015_Emilio_Gold_10_03","",""
"Scripts/Content/Story/Dialoge/DIA_Addon_BDT_10015_Emilio.d:129","Was hat es mit diesen roten Steinen auf sich?","이 붉은 돌들은 다 뭐지?","","False","DIA_Addon_BDT_10015_Emilio_Stein.description","",""
"Scripts/Content/Story/Dialoge/DIA_Addon_BDT_10015_Emilio.d:142","Was hat es mit diesen roten Steinen auf sich?","이 붉은 돌들은 다 뭐지?","","False","DIA_Addon_BDT_10015_Emilio_Stein_15_00","",""
"Scripts/Content/Story/Dialoge/DIA_Addon_BDT_10015_Emilio.d:143","Das ist 'ne Sache die sich Thorus und Esteban ausgedacht haben.","토러스랑 에스테반이 생각해 낸 거라오.","","False","DIA_Addon_BDT_10015_Emilio_Stein_10_01","",""
"Scripts/Content/Story/Dialoge/DIA_Addon_BDT_10015_Emilio.d:144","Thorus kümmert sich um die Goldverteilung und Esteban organsisiert die Arbeiter für die Mine.","토러스는 금 분배를 담당하고 에스테반은 광산에 보낼 노동자들을 조직하지.","","False","DIA_Addon_BDT_10015_Emilio_Stein_10_02","",""
"Scripts/Content/Story/Dialoge/DIA_Addon_BDT_10015_Emilio.d:145","Er will natürlich nicht jedesmal zu Thorus rennen, wenn er jemanden in die Mine schickt.","물론 누군가를 광산으로 보낼 때마다 토러스한테 달려갈 수는 없으니 말이야.","","False","DIA_Addon_BDT_10015_Emilio_Stein_10_03","",""
"Scripts/Content/Story/Dialoge/DIA_Addon_BDT_10015_Emilio.d:146","Deshalb drückt er uns einfach eine dieser roten Steintafeln in die Hand und Thorus lässt uns dann rein. Ist wie 'ne Eintrittskarte.","그래서 우리 손에 붉은 석판 중 하나를 쥐여주는 거요. 그럼 토러스가 들여보내 주지. 입장권 같은 거라 보면 돼.","","False","DIA_Addon_BDT_10015_Emilio_Stein_10_04","",""
"Scripts/Content/Story/Dialoge/DIA_Addon_BDT_10015_Emilio.d:160","Was weißt du über das Attentat?","암살에 대해 아는 게 있나?","","False","DIA_Addon_Emilio_Attentat.description","",""
"Scripts/Content/Story/Dialoge/DIA_Addon_BDT_10015_Emilio.d:182","Was weißt du über das Attentat?","암살에 대해 아는 게 있나?","","False","DIA_Addon_Emilio_Attentat_15_00","",""
"Scripts/Content/Story/Dialoge/DIA_Addon_BDT_10015_Emilio.d:185","(ängstlich) Hey Mann, damit habe ich nichts zu tun!","(겁에 질려) 이봐 친구, 난 상관없어!","","False","DIA_Addon_Emilio_Attentat_10_01","",""
"Scripts/Content/Story/Dialoge/DIA_Addon_BDT_10015_Emilio.d:190","(ängstlich) GAR NICHTS!","(겁에 질려) 아무것도 모른다고!","","False","DIA_Addon_Emilio_Attentat_10_02","",""
"Scripts/Content/Story/Dialoge/DIA_Addon_BDT_10015_Emilio.d:219","(forschend) Sag mal, WARUM hat Senyan gerufen 'Seht mal, wen wir hier haben'?","(캐묻듯) 말해봐, 센얀이 왜 '이것 봐, 누가 왔는지'라고 소리친 거지?","","False","DIA_Addon_BDT_10015_Emilio_Senyan_10_00","",""
"Scripts/Content/Story/Dialoge/DIA_Addon_BDT_10015_Emilio.d:220","(trocken) Unbezahlte Rechnungen.","(건조하게) 갚지 않은 빚이 있었나 보지.","","False","DIA_Addon_BDT_10015_Emilio_Senyan_15_01","",""
"Scripts/Content/Story/Dialoge/DIA_Addon_BDT_10015_Emilio.d:224","Du hast Senyan umgelegt!","네가 센얀을 해치웠잖아!","","False","DIA_Addon_BDT_10015_Emilio_Senyan_10_02","",""
"Scripts/Content/Story/Dialoge/DIA_Addon_BDT_10015_Emilio.d:227","Hast du damit ein Problem?","뭐 불만이라도 있나?","","False","DIA_Addon_BDT_10015_Emilio_Senyan_15_03","",""
"Scripts/Content/Story/Dialoge/DIA_Addon_BDT_10015_Emilio.d:228","(eilig) Nein Mann, damit hab ich kein Problem.","(황급히) 아니 친구, 불만은 없어.","","False","DIA_Addon_BDT_10015_Emilio_Senyan_10_04","",""
"Scripts/Content/Story/Dialoge/DIA_Addon_BDT_10015_Emilio.d:229","Ganz im Gegenteil. (abfällig) Der Mistkerl hat für Esteban gearbeitet.","오히려 그 반대지. (경멸하듯) 그 새끼는 에스테반 밑에서 일했으니까.","","False","DIA_Addon_BDT_10015_Emilio_Senyan_10_05","",""
"Scripts/Content/Story/Dialoge/DIA_Addon_BDT_10015_Emilio.d:244","Warum bist du jetzt nicht in der Mine?","왜 지금 광산에 있지 않은 거지?","","False","DIA_Addon_Emilio_Jetzt.description","",""
"Scripts/Content/Story/Dialoge/DIA_Addon_BDT_10015_Emilio.d:257","Warum bist du jetzt nicht in der Mine?","왜 지금 광산에 있지 않은 거지?","","False","DIA_Addon_Emilio_Jetzt_15_00","",""
"Scripts/Content/Story/Dialoge/DIA_Addon_BDT_10015_Emilio.d:258","(etwas unsicher) Ich war lang genug in der Mine und hab' bis zum Umfallen geackert. Jetzt brauche ich erst mal ein paar Tage Ruhe.","(약간 불안해하며) 광산에 충분히 오래 있었고 쓰러질 때까지 일했어. 이제 며칠 동안은 좀 쉬어야겠어.","","False","DIA_Addon_Emilio_Jetzt_10_01","",""
"Scripts/Content/Story/Dialoge/DIA_Addon_BDT_10015_Emilio.d:259","(seufzt, etwas unsicher) Bevor ich mir meinen nächsten roten Stein hole.","(한숨을 쉬며, 다소 불안하게) 다음 붉은 돌을 가지러 가기 전에 말이야.","","False","DIA_Addon_Emilio_Jetzt_10_02","",""
"Scripts/Content/Story/Dialoge/DIA_Addon_BDT_10015_Emilio.d:271","Lennar hat mir ein bißchen was über dich erzählt...","레나르가 너에 대해 조금 이야기해 주던데...","","False","DIA_Addon_Emilio_VonEmilio.description","",""
"Scripts/Content/Story/Dialoge/DIA_Addon_BDT_10015_Emilio.d:285","Lennar hat mir ein bisschen was über dich erzählt ...","레나르가 너에 대해 조금 이야기해 주던데...","","False","DIA_Addon_Emilio_VonEmilio_15_00","",""
"Scripts/Content/Story/Dialoge/DIA_Addon_BDT_10015_Emilio.d:286","Lennar? Der Typ ist ein Idiot! Das musst du doch gemerkt haben.","레나르? 그 녀석은 얼간이야! 너도 눈치챘을 거 아니야.","","False","DIA_Addon_Emilio_VonEmilio_10_01","",""
"Scripts/Content/Story/Dialoge/DIA_Addon_BDT_10015_Emilio.d:287","Er sagt, du warst nicht mehr in der Mine, seit das Attentat passiert ist.","그 자가 말하길, 암살 사건이 일어난 이후로 네가 광산에 가지 않았다고 하더군.","","False","DIA_Addon_Emilio_VonEmilio_15_02","",""
"Scripts/Content/Story/Dialoge/DIA_Addon_BDT_10015_Emilio.d:288","(eingeschüchtert) Ich ... weiß nichts!","(겁에 질려) 난... 아무것도 몰라!","","False","DIA_Addon_Emilio_VonEmilio_10_03","",""
"Scripts/Content/Story/Dialoge/DIA_Addon_BDT_10015_Emilio.d:292","Du arbeitest doch mit diesem Senyan zusammen!","넌 그 센얀과 한통속이잖아!","","False","DIA_Addon_Emilio_VonEmilio_10_04","",""
"Scripts/Content/Story/Dialoge/DIA_Addon_BDT_10015_Emilio.d:293","Ihr steckt doch beide mit Esteban unter einer Decke! Ich hab genau gehört, was ihr gequatscht habt!","너희 둘 다 에스테반과 짜고 치고 있는 거잖아! 너희가 뭐라고 떠들었는지 다 들었다고!","","False","DIA_Addon_Emilio_VonEmilio_10_05","",""
"Scripts/Content/Story/Dialoge/DIA_Addon_BDT_10015_Emilio.d:294","Bisher hat Esteban sich einen Dreck um ums gekümmert. Warum sollte ich seinen Leuten trauen?","지금까지 에스테반은 우리한테 눈길도 안 줬어. 내가 왜 그의 부하들을 믿어야 하지?","","False","DIA_Addon_Emilio_VonEmilio_10_06","",""
"Scripts/Content/Story/Dialoge/DIA_Addon_BDT_10015_Emilio.d:295","Lass mich in Ruhe!","날 내버려 둬!","","False","DIA_Addon_Emilio_VonEmilio_10_07","",""
"Scripts/Content/Story/Dialoge/DIA_Addon_BDT_10015_Emilio.d:311","Hilf mir, den Auftraggeber des Attentats zu finden!","암살 배후를 찾는 걸 도와줘!","","False","DIA_Addon_Emilio_HilfMir.description","",""
"Scripts/Content/Story/Dialoge/DIA_Addon_BDT_10015_Emilio.d:325","Hilf mir, den Auftraggeber des Attentats zu finden!","암살 배후를 찾는 걸 도와줘!","","False","DIA_Addon_Emilio_HilfMir_15_00","",""
"Scripts/Content/Story/Dialoge/DIA_Addon_BDT_10015_Emilio.d:326","Nein! Damit will ich nichts zu tun haben!","싫어! 그런 일엔 엮이고 싶지 않다고!","","False","DIA_Addon_Emilio_HilfMir_10_01","",""
"Scripts/Content/Story/Dialoge/DIA_Addon_BDT_10015_Emilio.d:327","Wenn einem Idioten wie Lennar auffällt, dass du dich merkwürdig verhältst, kann es nicht mehr lange dauern, bis auch Esteban dahinter kommt.","레나르 같은 얼간이도 네가 이상하게 행동한다는 걸 눈치챘다면, 에스테반이 알게 되기까지도 그리 오래 걸리지 않겠지.","","False","DIA_Addon_Emilio_HilfMir_15_02","",""
"Scripts/Content/Story/Dialoge/DIA_Addon_BDT_10015_Emilio.d:328","(windet sich) Ich ... Scheiße! Ich sag dir nur einen Namen. Mehr nicht.","(안절부절못하며) 나... 젠장! 이름 하나만 알려줄게. 그게 전부야.","","False","DIA_Addon_Emilio_HilfMir_10_03","",""
"Scripts/Content/Story/Dialoge/DIA_Addon_BDT_10015_Emilio.d:329","Ich höre.","어디 들어보지.","","False","DIA_Addon_Emilio_HilfMir_15_04","",""
"Scripts/Content/Story/Dialoge/DIA_Addon_BDT_10015_Emilio.d:330","Huno ... geh zu Huno. Er muss was über die Sache wissen.","후노... 후노에게 가봐. 그 일에 대해 뭔가 알고 있을 거야.","","False","DIA_Addon_Emilio_HilfMir_10_05","",""
"Scripts/Content/Story/Dialoge/DIA_Addon_BDT_10015_Emilio.d:345","Was hast du gegen Esteban?","에스테반에게 무슨 불만이라도 있나?","","False","DIA_Addon_Emilio_GegenEsteban.description","",""
"Scripts/Content/Story/Dialoge/DIA_Addon_BDT_10015_Emilio.d:358","Was hast du gegen Esteban?","에스테반에게 무슨 불만이라도 있나?","","False","DIA_Addon_Emilio_GegenEsteban_15_00","",""
"Scripts/Content/Story/Dialoge/DIA_Addon_BDT_10015_Emilio.d:359","Das Schwein denkt nur an's Abkassieren.","그 돼지새끼는 돈 챙길 생각밖에 없거든.","","False","DIA_Addon_Emilio_GegenEsteban_10_01","",""
"Scripts/Content/Story/Dialoge/DIA_Addon_BDT_10015_Emilio.d:360","Alle paar Tage wird einer von uns von einem Crawler gefressen.","며칠에 한 번씩 우리 중 누군가가 크롤러한테 잡아먹히고 있어.","","False","DIA_Addon_Emilio_GegenEsteban_10_02","",""
"Scripts/Content/Story/Dialoge/DIA_Addon_BDT_10015_Emilio.d:361","Aber Esteban will einfach keine Kämpfer in die Mine schicken.","하지만 에스테반은 광산에 싸움꾼들을 보낼 생각조차 안 해.","","False","DIA_Addon_Emilio_GegenEsteban_10_03","",""
"Scripts/Content/Story/Dialoge/DIA_Addon_BDT_10015_Emilio.d:362","Und warum? Die Typen gehören zu 'Ravens Leibgarde' und Esteban hat Schiss, ihnen was zu sagen.","왜냐고? 그 녀석들은 '레이븐의 친위대' 소속인데 에스테반은 그들에게 말 한마디 꺼내는 것조차 쫄아있거든.","","False","DIA_Addon_Emilio_GegenEsteban_10_04","",""
"Scripts/Content/Story/Dialoge/DIA_Addon_BDT_10015_Emilio.d:363","Stattdessen lässt er uns lieber verrecken!","대신 우리보고 개죽음을 당하라는 거지!","","False","DIA_Addon_Emilio_GegenEsteban_10_05","",""
"Scripts/Content/Story/Dialoge/DIA_Addon_BDT_10015_Emilio.d:393","So, du bist jetzt also der Boss hier. Okay, dann werde ich mal losziehen.","그래, 네가 여기서 대장이란 말씀이지. 좋아, 그럼 난 이만 가보겠어.","","False","DIA_Addon_BDT_10015_Emilio_Mine_10_00","",""
"Scripts/Content/Story/Dialoge/DIA_Addon_BDT_10015_Emilio.d:411","Wie läuft's?","요즘 어때?","","False","DIA_Addon_Emilio_Hacker.description","",""
"Scripts/Content/Story/Dialoge/DIA_Addon_BDT_10015_Emilio.d:424","Wie läuft's?","요즘 어때?","","False","DIA_Addon_BDT_10004_Emilio_Hacker_15_00","",""
"Scripts/Content/Story/Dialoge/DIA_Addon_BDT_10015_Emilio.d:425","Ich rackere mich ganz schön ab, na Hauptsache, ich werd nicht von einem Crawler gefressen.","아주 죽어라 일하고 있지, 뭐. 크롤러한테 잡아먹히지만 않는다면야 다행이지만.","","False","DIA_Addon_BDT_10004_Emilio_Hacker_10_01","",""
"Scripts/Content/Story/Dialoge/DIA_Addon_BDT_10017_Juan.d:69","Wie sieht's aus?","어떻게 지내나?","","False","DIA_Addon_Juan_HI.description","",""
"Scripts/Content/Story/Dialoge/DIA_Addon_BDT_10017_Juan.d:79","Wie sieht's aus?","어떻게 지내나?","","False","DIA_Addon_Juan_HI_15_00","",""
"Scripts/Content/Story/Dialoge/DIA_Addon_BDT_10017_Juan.d:80","Was willst du? Hast du mir was zu sagen? Wenn nicht, kannst du direkt wieder gehen.","뭐라는 거야? 할 말이라도 있나? 없으면 당장 꺼져.","","False","DIA_Addon_Juan_HI_13_01","",""
"Scripts/Content/Story/Dialoge/DIA_Addon_BDT_10017_Juan.d:84","Sonst macht mein Freund hier Kleinholz aus dir. Also was ist?","아니면 내 친구가 너를 가만두지 않을 테니까. 그래서, 무슨 볼일이지?","","False","DIA_Addon_Juan_HI_13_02","",""
"Scripts/Content/Story/Dialoge/DIA_Addon_BDT_10017_Juan.d:98","Es heißt, du hast einige interessante Waren im Angebot...","흥미로운 물품들을 가지고 있다던데...","","False","DIA_Addon_Juan_Losung.description","",""
"Scripts/Content/Story/Dialoge/DIA_Addon_BDT_10017_Juan.d:112","Es heißt, du hast einige interessante Waren im Angebot ...","흥미로운 물품들을 가지고 있다던데...","","False","DIA_Addon_Juan_Losung_15_00","",""
"Scripts/Content/Story/Dialoge/DIA_Addon_BDT_10017_Juan.d:113","Ach was? Esteban will mich wohl verarschen, was? Ich habe die ganze Arbeit und verstecke mich tagelang in diesem miesen Loch ...","정말? 에스테반이 나를 우습게 보는 모양이지? 일은 내가 다 하고 며칠 동안 이 거지같은 구덩이에 숨어 지내는데...","","False","DIA_Addon_Juan_Losung_13_01","",""
"Scripts/Content/Story/Dialoge/DIA_Addon_BDT_10017_Juan.d:114","... und er schickt einfach jemanden, der das Zeug abholt? Ich bin doch kein Lagerhaus!","...물건을 가지러 올 사람을 그냥 보낸다고? 내가 창고 주인이라도 되는 줄 아나!","","False","DIA_Addon_Juan_Losung_13_02","",""
"Scripts/Content/Story/Dialoge/DIA_Addon_BDT_10017_Juan.d:115","Ja und? Das ist nicht mein Problem.","그래서? 내 알 바 아니야.","","False","DIA_Addon_Juan_Losung_15_03","",""
"Scripts/Content/Story/Dialoge/DIA_Addon_BDT_10017_Juan.d:116","Ich MACHE es aber zu deinem Problem. Du willst die Lieferung - schön, du kannst sie kaufen.","하지만 '내'가 알 바를 만들어 주지. 배송품을 원한다고— 좋아, 돈을 내고 사시지.","","False","DIA_Addon_Juan_Losung_13_04","",""
"Scripts/Content/Story/Dialoge/DIA_Addon_BDT_10017_Juan.d:117","Hol dir das Gold doch von Esteban oder von Raven oder was weiß ich woher. Mir egal. Wer die Waren will, der zahlt dafür!","금은 에스테반한테 받든 레이븐한테 받든 알아서 해. 내 알 바 아니니까. 물건을 원하면 그 값을 치러야지!","","False","DIA_Addon_Juan_Losung_13_05","",""
"Scripts/Content/Story/Dialoge/DIA_Addon_BDT_10017_Juan.d:129","Ich komme nicht von Esteban.","난 에스테반 밑에서 온 게 아니다.","","False","DIA_Addon_Juan_AufsMaul.description","",""
"Scripts/Content/Story/Dialoge/DIA_Addon_BDT_10017_Juan.d:142","Ich komme nicht von Esteban!","난 에스테반 밑에서 온 게 아니다.","","False","DIA_Addon_Juan_AufsMaul_15_00","",""
"Scripts/Content/Story/Dialoge/DIA_Addon_BDT_10017_Juan.d:143","Oh? Ja dann ... eh ... Moment! Halt mal kurz still, du hast da 'n Viech auf der Schulter ...","오? 그래... 음... 잠깐! 가만히 있어 봐, 어깨에 벌레가 붙어 있으니까...","","False","DIA_Addon_Juan_AufsMaul_13_01","",""
"Scripts/Content/Story/Dialoge/DIA_Addon_BDT_10018_Torwache.d:11","Wir sprechen uns noch. (ENDE)","나중에 또 보지. (종료)","","False","DIA_Addon_BDT_10018_Torwache_EXIT.description","",""
"Scripts/Content/Story/Dialoge/DIA_Addon_BDT_10018_Torwache.d:21","Wir sprechen uns noch.","다음에 또 얘기하자고.","","False","DIA_Addon_BDT_10018_Torwache_EXIT_15_00","",""
"Scripts/Content/Story/Dialoge/DIA_Addon_BDT_10018_Torwache.d:25","Du kannst dir denken, was ich dir dann sagen werde ...","그때 내가 무슨 말을 할지 너도 짐작은 가겠지...","","False","DIA_Addon_BDT_10018_Torwache_EXIT_04_01","",""
"Scripts/Content/Story/Dialoge/DIA_Addon_BDT_10018_Torwache.d:30","Verschwinde.","꺼져.","","False","DIA_Addon_BDT_10018_Torwache_EXIT_04_02","",""
"Scripts/Content/Story/Dialoge/DIA_Addon_BDT_10018_Torwache.d:74","Hey, langsam! Du kommst nicht rein - also verschwinde!","이봐, 진정해! 안에는 못 들어가니까 꺼지라고!","","False","DIA_Addon_BDT_10018_Torwache_FirstWarn_04_00","",""
"Scripts/Content/Story/Dialoge/DIA_Addon_BDT_10018_Torwache.d:75","Geh aus dem Weg - ich muss zu Raven.","비켜. 난 레이븐을 만나야겠어.","","False","DIA_Addon_BDT_10018_Torwache_FirstWarn_15_01","",""
"Scripts/Content/Story/Dialoge/DIA_Addon_BDT_10018_Torwache.d:76","Niemand betritt diese Gemächer. Klare Anordnung von Raven persönlich.","그 누구도 이 방에 들어갈 수 없다. 레이븐 님 직접 내리신 엄명이다.","","False","DIA_Addon_BDT_10018_Torwache_FirstWarn_04_02","",""
"Scripts/Content/Story/Dialoge/DIA_Addon_BDT_10018_Torwache.d:85","Du schon wieder? Du nervst!","또 너야? 슬슬 짜증 나려고 하는데!","","False","DIA_Addon_BDT_10018_Torwache_FirstWarn_04_03","",""
"Scripts/Content/Story/Dialoge/DIA_Addon_BDT_10018_Torwache.d:119","Mach noch einen Schritt und es ist dein Letzter!","한 걸음만 더 내디디면 거기가 네 유언장이 될 줄 알아라!","","False","DIA_Addon_BDT_10018_Torwache_SecondWarn_04_00","",""
"Scripts/Content/Story/Dialoge/DIA_Addon_BDT_10018_Torwache.d:156","Für Raven!","레이븐 님을 위하여!","","False","DIA_Addon_BDT_10018_Torwache_Attack_04_00","",""
"Scripts/Content/Story/Dialoge/DIA_Addon_BDT_10018_Torwache.d:171","Es ist verdammt wichtig das ich ihn erreiche.","내가 그를 만나야만 하는 아주 중요한 이유가 있어.","","False","DIA_Addon_BDT_10018_Torwache_Hi.description","",""
"Scripts/Content/Story/Dialoge/DIA_Addon_BDT_10018_Torwache.d:181","Es ist verdammt wichtig, dass ich ihn erreiche.","내가 그를 만나야만 하는 아주 중요한 이유가 있어.","","False","DIA_Addon_BDT_10018_Torwache_Hi_15_00","",""
"Scripts/Content/Story/Dialoge/DIA_Addon_BDT_10018_Torwache.d:182","Nein. Ist es nicht. Nur Bloodwyn hat die Erlaubnis, sich drin aufzuhalten.","아니. 그렇지 않아. 블러드윈만이 그곳에 머무를 허락을 받았거든.","","False","DIA_Addon_BDT_10018_Torwache_Hi_04_01","",""
"Scripts/Content/Story/Dialoge/DIA_Addon_BDT_10018_Torwache.d:196","Bloodwyn? Sollte der nicht tot sein?","블러드윈? 그 녀석 죽었어야 하는 거 아니야?","","False","DIA_Addon_BDT_10018_Torwache_Bloodwyn.description","",""
"Scripts/Content/Story/Dialoge/DIA_Addon_BDT_10018_Torwache.d:210","Bloodwyn? Sollte der nicht tot sein?","블러드윈? 그 녀석 죽었어야 하는 거 아니야?","","False","DIA_Addon_BDT_10018_Torwache_Bloodwyn_15_00","",""
"Scripts/Content/Story/Dialoge/DIA_Addon_BDT_10018_Torwache.d:211","Er ist stärker als jemals zuvor. Und wenn er erfährt, dass hier jemand Ärger macht, macht er Kleinholz aus dir.","그는 그 어느 때보다 강해. 그리고 여기서 누군가 말썽을 부린다는 걸 알게 되면, 널 가루로 만들어 버릴걸.","","False","DIA_Addon_BDT_10018_Torwache_Bloodwyn_04_01","",""
"Scripts/Content/Story/Dialoge/DIA_Addon_BDT_10018_Torwache.d:223","Ich gebe dir tausend Goldstücke, wenn du mich reinläßt.","들여보내 준다면 금화 1천 닢을 주지.","","False","DIA_Addon_BDT_10018_Torwache_Bribe.description","",""
"Scripts/Content/Story/Dialoge/DIA_Addon_BDT_10018_Torwache.d:237","Ich gebe dir tausend Goldstücke, wenn du mich reinlässt.","들여보내 준다면 금화 1천 닢을 주지.","","False","DIA_Addon_BDT_10018_Torwache_Bribe_15_00","",""
"Scripts/Content/Story/Dialoge/DIA_Addon_BDT_10018_Torwache.d:238","Du verschwendest deine Zeit, Penner.","시간 낭비하지 마라, 거지 새끼야.","","False","DIA_Addon_BDT_10018_Torwache_Bribe_04_01","",""
"Scripts/Content/Story/Dialoge/DIA_Addon_BDT_10018_Torwache.d:250","Bloodwyn ist drin? Dann hol ihn raus. ","블러드윈이 안에 있다고? 그럼 당장 밖으로 끌어내. ","","False","DIA_Addon_BDT_10018_Torwache_Drin.description","",""
"Scripts/Content/Story/Dialoge/DIA_Addon_BDT_10018_Torwache.d:264","Bloodwyn ist drin? Dann hol ihn raus.","블러드윈이 안에 있다고? 그럼 당장 밖으로 끌어내.","","False","DIA_Addon_BDT_10018_Torwache_Drin_15_00","",""
"Scripts/Content/Story/Dialoge/DIA_Addon_BDT_10018_Torwache.d:265","Ha! Glaubst du im Ernst, ich würde das tun?","하! 내가 그럴 거라고 진심으로 믿는 건가?","","False","DIA_Addon_BDT_10018_Torwache_Drin_04_01","",""
"Scripts/Content/Story/Dialoge/DIA_Addon_BDT_10018_Torwache.d:266","Mag ja sein, dass du jetzt ein wichtiger Mann im Lager bist. Aber deine Macht endet GENAU HIER. Begriffen?","지금 이 야영지에서 네가 꽤 잘나가는 인물일 수도 있겠지. 하지만 네 권력은 정확히 여기서 끝이다. 무슨 말인지 알겠나?","","False","DIA_Addon_BDT_10018_Torwache_Drin_04_02","",""
"Scripts/Content/Story/Dialoge/DIA_Addon_BDT_10018_Torwache.d:267","Also geh in die Mine und buddel nach Gold oder mach sonst was - aber steh hier nicht im Weg rum!","그러니 광산으로 가서 금을 캐든가 다른 짓을 하라고. 여기서 길을 가로막고 서 있지 말고!","","False","DIA_Addon_BDT_10018_Torwache_Drin_04_03","",""
"Scripts/Content/Story/Dialoge/DIA_Addon_BDT_10018_Torwache.d:283","(Bloodwyn's Kopf zeigen)","(블러드윈의 머리를 보여준다)","","False","DIA_Addon_BDT_10018_Torwache_kopf.description","",""
"Scripts/Content/Story/Dialoge/DIA_Addon_BDT_10018_Torwache.d:296","Hier! Willst du mich jetzt immer noch aufhalten!?","자! 이제 날 막아설 건가!?","","False","DIA_Addon_BDT_10018_Torwache_kopf_15_00","",""
"Scripts/Content/Story/Dialoge/DIA_Addon_BDT_10018_Torwache.d:297","Ist das ... ist das ... Bloodwyn? ... buah, das ist ja ...","설마... 설마... 블러드윈? ...으, 이거 참...","","False","DIA_Addon_BDT_10018_Torwache_kopf_04_01","",""
"Scripts/Content/Story/Dialoge/DIA_Addon_BDT_10018_Torwache.d:298","Äh ... ja, äh nein. Ich meine ... Äh ... du kannst durch ...","어... 그래, 아니. 내 말은... 어... 들어가도 좋아...","","False","DIA_Addon_BDT_10018_Torwache_kopf_04_02","",""
"Scripts/Content/Story/Dialoge/DIA_Addon_BDT_10019_Wache.d:43","Na, bist du auf dem Weg in die Mine?","그래, 광산으로 가는 길인가?","","False","DIA_Addon_BDT_10019_Wache_Hi_06_00","",""
"Scripts/Content/Story/Dialoge/DIA_Addon_BDT_10019_Wache.d:46","Eigentlich will ich zu Raven.","사실은 레이븐을 만나러 가야 해.","","False","DIA_Addon_10019_Wache_Hi_Info.DIA_Addon_BDT_10019_Wache_Hi.DIA_Addon_BDT_10019_Wache_Hi_Raven","Info_AddChoice",""
"Scripts/Content/Story/Dialoge/DIA_Addon_BDT_10019_Wache.d:47","Ja","그래","","False","DIA_Addon_10019_Wache_Hi_Info.DIA_Addon_BDT_10019_Wache_Hi.DIA_Addon_BDT_10019_Wache_Hi_Ja","Info_AddChoice",""
"Scripts/Content/Story/Dialoge/DIA_Addon_BDT_10019_Wache.d:52","Warum sind sie tot?","어째서 다들 죽어 있는 거지?","","False","DIA_Addon_BDT_10019_Wache_kaputt_15_00","",""
"Scripts/Content/Story/Dialoge/DIA_Addon_BDT_10019_Wache.d:53","(lacht hämisch) Die haben sich kaputt geschuftet.","(짓궂게 웃으며) 일하다가 제풀에 곯아떨어진 거지.","","False","DIA_Addon_BDT_10019_Wache_kaputt_06_01","",""
"Scripts/Content/Story/Dialoge/DIA_Addon_BDT_10019_Wache.d:60","Eigentlich will ich zu Raven.","사실은 레이븐을 만나러 가야 해.","","False","DIA_Addon_BDT_10019_Wache_Hi_Raven_15_00","",""
"Scripts/Content/Story/Dialoge/DIA_Addon_BDT_10019_Wache.d:61","(warnt) Hey - versuch den Tempel zu betreten und du bist so tot wie die Gefangenen hier.","(경고하듯) 이봐, 성전 안으로 들어가려고 했다간 저기 널브러진 죄인들 꼴이 될 줄 알아.","","False","DIA_Addon_BDT_10019_Wache_Hi_Raven_06_01","",""
"Scripts/Content/Story/Dialoge/DIA_Addon_BDT_10019_Wache.d:62","Sieh lieber zu, dass du in die Mine kommst.","차라리 광산으로 들어갈 생각이나 하는 게 좋을 걸.","","False","DIA_Addon_BDT_10019_Wache_Hi_Raven_06_02","",""
"Scripts/Content/Story/Dialoge/DIA_Addon_BDT_10019_Wache.d:70","Ja.","그래.","","False","DIA_Addon_BDT_10019_Wache_Hi_Ja_15_00","",""
"Scripts/Content/Story/Dialoge/DIA_Addon_BDT_10019_Wache.d:71","Dann pass gut auf dich auf. Pass besser auf als die Typen, die hier überall rumliegen.","그럼 조심하는 게 좋을 거야. 사방에 널브러진 저 녀석들보다는 조심하라고.","","False","DIA_Addon_BDT_10019_Wache_Hi_Ja_06_01","",""
"Scripts/Content/Story/Dialoge/DIA_Addon_BDT_10022_Miguel.d:69","Was machst du hier?","여기서 뭐 하는 거지?","","False","DIA_Addon_Miguel_Hi.description","",""
"Scripts/Content/Story/Dialoge/DIA_Addon_BDT_10022_Miguel.d:79","Was machst du hier?","여기서 뭐 하는 거지?","","False","DIA_Addon_Miguel_Hi_15_00","",""
"Scripts/Content/Story/Dialoge/DIA_Addon_BDT_10022_Miguel.d:83","Suchst du irgendwas?","찾는 거라도 있나?","","False","DIA_Addon_Miguel_Hi_15_01","",""
"Scripts/Content/Story/Dialoge/DIA_Addon_BDT_10022_Miguel.d:84","Pflanzen - ich suche Pflanzen.","식물 - 식물을 찾고 있지.","","False","DIA_Addon_Miguel_Hi_11_02","",""
"Scripts/Content/Story/Dialoge/DIA_Addon_BDT_10022_Miguel.d:88","Für gewöhnlich suche ich Pflanzen.","보통은 식물을 찾지.","","False","DIA_Addon_Miguel_Hi_11_03","",""
"Scripts/Content/Story/Dialoge/DIA_Addon_BDT_10022_Miguel.d:91","Das meiste Zeug, was hier wächst, lässt sich für irgendwas gebrauchen.","여기서 자라는 대부분의 잡동사니는 어디엔가 쓰일 데가 있거든.","","False","DIA_Addon_Miguel_Hi_11_04","",""
"Scripts/Content/Story/Dialoge/DIA_Addon_BDT_10022_Miguel.d:92","Viele Pflanzen haben Heilwirkung und Sumpfkrautstängel kannst du rauchen.","많은 식물에는 치유 효과가 있고, 늪초 줄기는 피울 수도 있지.","","False","DIA_Addon_Miguel_Hi_11_05","",""
"Scripts/Content/Story/Dialoge/DIA_Addon_BDT_10022_Miguel.d:93","Vor meiner Zeit in der Barriere habe ich bei einem Alchemisten gearbeitet.","장벽 뒤로 오기 전에는 연금술사 밑에서 일했었어.","","False","DIA_Addon_Miguel_Hi_11_06","",""
"Scripts/Content/Story/Dialoge/DIA_Addon_BDT_10022_Miguel.d:105","Warum haben sie dich in die Barriere gebracht? ","어쩌다 장벽 안으로 끌려오게 된 거지? ","","False","DIA_Addon_Miguel_Story.description","",""
"Scripts/Content/Story/Dialoge/DIA_Addon_BDT_10022_Miguel.d:118","Warum haben sie dich in die Barriere gebracht?","어쩌다 장벽 안으로 끌려오게 된 거지?","","False","DIA_Addon_Miguel_Story_15_00","",""
"Scripts/Content/Story/Dialoge/DIA_Addon_BDT_10022_Miguel.d:119","Ich habe viel mit Tränken gearbeitet, die den Verstand beeinflussen.","정신을 조종하는 포션을 가지고 많이 연구했었거든.","","False","DIA_Addon_Miguel_Story_11_01","",""
"Scripts/Content/Story/Dialoge/DIA_Addon_BDT_10022_Miguel.d:120","Mein Lehrmeister Ignaz hat eines Abends anstatt seinem Wein mein 'Experiment' getrunken.","어느 날 저녁에 내 스승 이그나츠가 포도주 대신 내 '실험체'를 마셔버렸지 뭐야.","","False","DIA_Addon_Miguel_Story_11_02","",""
"Scripts/Content/Story/Dialoge/DIA_Addon_BDT_10022_Miguel.d:121","Das hat ihn zweitweise ... äh ... unberechenbar gemacht und seitdem ist er etwas verwirrt.","그 일 때문에 한동안... 뭐랄까... 종잡을 수 없게 되었고, 그 뒤로 좀 정신이 나갔어.","","False","DIA_Addon_Miguel_Story_11_03","",""
"Scripts/Content/Story/Dialoge/DIA_Addon_BDT_10022_Miguel.d:122","(abfällig) Die Magier haben mich daraufhin in die Barriere werfen lassen. 'Forschung an verbotenem Wissen' haben sie es genannt.","(경멸하듯) 그 일 때문에 마법사들이 나를 장벽 너머로 처넣어 버렸지. '금지된 지식에 대한 연구'라나 뭐라나.","","False","DIA_Addon_Miguel_Story_11_04","",""
"Scripts/Content/Story/Dialoge/DIA_Addon_BDT_10022_Miguel.d:134","Was kannst du mir über das Lager erzählen?","야영지에 대해 뭘 좀 아나?","","False","DIA_Addon_Miguel_Lager.description","",""
"Scripts/Content/Story/Dialoge/DIA_Addon_BDT_10022_Miguel.d:144","Was kannst du mir über das Lager erzählen?","야영지에 대해 뭘 좀 아나?","","False","DIA_Addon_Miguel_Lager_15_00","",""
"Scripts/Content/Story/Dialoge/DIA_Addon_BDT_10022_Miguel.d:145","Nicht viel. Ich war selber noch nicht drin.","별로. 나도 안에는 가본 적이 없거든.","","False","DIA_Addon_Miguel_Lager_11_01","",""
"Scripts/Content/Story/Dialoge/DIA_Addon_BDT_10022_Miguel.d:146","Nur Ravens Leute waren von Anfang an dabei. Alle anderen, die später kamen, so wie ich, müssen warten, bis neue Leute angefordert werden.","처음부터 함께했던 건 레이븐의 부하들뿐이야. 나처럼 나중에 온 사람들은 전부 새로운 인력을 요구할 때까지 기다려야 해.","","False","DIA_Addon_Miguel_Lager_11_02","",""
"Scripts/Content/Story/Dialoge/DIA_Addon_BDT_10022_Miguel.d:158","Woher bist du gekommen?","어디서 온 거지?","","False","DIA_Addon_Miguel_WhereFrom.description","",""
"Scripts/Content/Story/Dialoge/DIA_Addon_BDT_10022_Miguel.d:172","Woher bist du gekommen?","어디서 온 거지?","","False","DIA_Addon_Miguel_WhereFrom_15_00","",""
"Scripts/Content/Story/Dialoge/DIA_Addon_BDT_10022_Miguel.d:173","Na, den selben Weg wie du, nehme ich an. Mit den Piraten. Übers Meer.","글쎄, 너랑 똑같은 길로 왔겠지, 뭐. 해적들과 함께 바다를 건너서.","","False","DIA_Addon_Miguel_WhereFrom_11_01","",""
"Scripts/Content/Story/Dialoge/DIA_Addon_BDT_10022_Miguel.d:174","Das Tal hier ist komplett abgeschieden. Über Land gibt es keine Verbindung.","이 계곡은 완전히 고립되어 있어. 육지로 통하는 길은 없다고.","","False","DIA_Addon_Miguel_WhereFrom_11_02","",""
"Scripts/Content/Story/Dialoge/DIA_Addon_BDT_10022_Miguel.d:175","(bedächtig) Genau.","(곰곰이 생각하며) 그렇군.","","False","DIA_Addon_Miguel_WhereFrom_15_03","",""
"Scripts/Content/Story/Dialoge/DIA_Addon_BDT_10022_Miguel.d:187","Wann werden neue Leute angefordert?","새로운 인력은 언제쯤 요청하지?","","False","DIA_Addon_Miguel_Angefordert.description","",""
"Scripts/Content/Story/Dialoge/DIA_Addon_BDT_10022_Miguel.d:200","Wann werden neue Leute angefordert?","새로운 인력은 언제쯤 요청하지?","","False","DIA_Addon_Miguel_Angefordert_15_00","",""
"Scripts/Content/Story/Dialoge/DIA_Addon_BDT_10022_Miguel.d:201","Na, wenn drinnen welche fehlen.","글쎄, 안에서 일손이 부족해질 때지.","","False","DIA_Addon_Miguel_Angefordert_11_01","",""
"Scripts/Content/Story/Dialoge/DIA_Addon_BDT_10022_Miguel.d:202","Wenn sich ein Buddler von 'nem Minecrawler fressen lässt, wird einer von uns reingelassen.","광부가 마인크롤러한테 잡아먹히기라도 하면, 우리 중 한 명이 그 자리를 메우러 들어가는 거야.","","False","DIA_Addon_Miguel_Angefordert_11_02","",""
"Scripts/Content/Story/Dialoge/DIA_Addon_BDT_10022_Miguel.d:203","Manchmal bringen sie sich auch gegenseitig um. Aber das ist in letzter Zeit besser geworden.","가끔은 서로 죽고 죽이기도 하고 말이야. 뭐, 요즘엔 그런 일도 많이 줄었지만.","","False","DIA_Addon_Miguel_Angefordert_11_03","",""
"Scripts/Content/Story/Dialoge/DIA_Addon_BDT_10022_Miguel.d:204","Raven hat den Zugang zur Mine irgendwie geregelt, so dass nicht alle gleichzeitig reinkommen.","레이븐이 광산 출입을 어떻게든 통제하고 있어서 다들 한꺼번에 들어가지는 못하거든.","","False","DIA_Addon_Miguel_Angefordert_11_04","",""
"Scripts/Content/Story/Dialoge/DIA_Addon_BDT_10022_Miguel.d:205","Aber wie das genau funktioniert, weiß ich nicht. War ja noch nie drinnen.","하지만 그게 정확히 어떻게 돌아가는지는 나도 몰라. 한 번도 들어가 본 적이 없으니.","","False","DIA_Addon_Miguel_Angefordert_11_05","",""
"Scripts/Content/Story/Dialoge/DIA_Addon_BDT_10022_Miguel.d:217","Wegen Fortuno ...","포르투노에 관해...","","False","DIA_Addon_Miguel_Fortuno.description","",""
"Scripts/Content/Story/Dialoge/DIA_Addon_BDT_10022_Miguel.d:230","Fortuno ist ziemlich verwirrt und könnte einen Trank vertragen, der ihm seine Erinnerung zurückgibt.","포르투노는 상태가 꽤 심각해. 기억을 되찾아줄 포션이 필요할지도 몰라.","","False","DIA_Addon_Miguel_Fortuno_15_00","",""
"Scripts/Content/Story/Dialoge/DIA_Addon_BDT_10022_Miguel.d:231","Fortuno? Das ist doch der Diener von Raven.","포르투노? 레이븐의 하인 아니었나?","","False","DIA_Addon_Miguel_Fortuno_11_01","",""
"Scripts/Content/Story/Dialoge/DIA_Addon_BDT_10022_Miguel.d:232","Er war es. Jetzt ist er nur noch ein Wrack. Und das ist Ravens Schuld.","그랬었지. 지금은 그냥 폐인이 됐어. 레이븐 탓에 말이야.","","False","DIA_Addon_Miguel_Fortuno_15_02","",""
"Scripts/Content/Story/Dialoge/DIA_Addon_BDT_10022_Miguel.d:233","Raven? Ich habe bisher große Stücke auf ihn gehalten. Hm, gut. Aber hier im Sumpf kann ich keinen Trank brauen.","레이븐이라고? 난 그 자를 꽤 괜찮게 생각했는데. 음, 알았어. 하지만 이 늪지대에서는 포션을 달일 수가 없어.","","False","DIA_Addon_Miguel_Fortuno_11_03","",""
"Scripts/Content/Story/Dialoge/DIA_Addon_BDT_10022_Miguel.d:234","ICH könnte den Trank brauen. Im Lager steht ein Labor- Tisch. Ich brauche nur das Rezept.","내가 그 포션을 달일 수 있어. 야영지 안에 실험실 탁자가 있거든. 나한테는 레시피만 있으면 돼.","","False","DIA_Addon_Miguel_Fortuno_15_04","",""
"Scripts/Content/Story/Dialoge/DIA_Addon_BDT_10022_Miguel.d:235","Sei vorsichtig mit diesem Rezept. Es ist gefährlich, diesen Trank zu brauen.","그 레시피는 조심해서 다뤄. 이 포션을 달이는 건 위험하니까.","","False","DIA_Addon_Miguel_Fortuno_11_05","",""
"Scripts/Content/Story/Dialoge/DIA_Addon_BDT_10022_Miguel.d:237","Wenn irgendwas beim Brauen schiefgeht, oder eine Zutat nicht stimmt, wirkt der Trank tödlich.","제조 과정에서 뭔가 잘못되거나 재료가 틀리면, 그 포션은 치명적인 독이 될 거야.","","False","DIA_Addon_Miguel_Fortuno_11_06","",""
"Scripts/Content/Story/Dialoge/DIA_Addon_BDT_10022_Miguel.d:238","Ich werde vorsichtig sein.","조심하지.","","False","DIA_Addon_Miguel_Fortuno_15_07","",""
"Scripts/Content/Story/Dialoge/DIA_Addon_BDT_10022_Miguel.d:252","Kannst du mir was beibringen?  ","뭐 좀 가르쳐 줄 수 있나?  ","","False","DIA_Addon_Miguel_BRAU.description","",""
"Scripts/Content/Story/Dialoge/DIA_Addon_BDT_10022_Miguel.d:265","Kannst du mir was beibringen?","뭐 좀 가르쳐 줄 수 있나?","","False","DIA_Addon_Miguel_BRAU_15_00","",""
"Scripts/Content/Story/Dialoge/DIA_Addon_BDT_10022_Miguel.d:266","Keine Zeit. Ich bin hier, um an Gold zu kommen. Und solange ich nicht ins Lager komme, verdien' ich mir eben was mit meinen Kräutern.","시간 없어. 난 금을 챙기러 여기에 온 거니까. 야영지 안으로 들어가지 못하는 동안에는 내 약초들을 팔아서 입에 풀칠이라도 해야지.","","False","DIA_Addon_Miguel_BRAU_11_01","",""
"Scripts/Content/Story/Dialoge/DIA_Addon_BDT_10022_Miguel.d:267","Aber wenn du ein paar Tränke brauchst, ich hab noch welche dabei.","하지만 포션이 몇 개 필요하다면, 아직 가지고 있는 것들이 좀 있지.","","False","DIA_Addon_Miguel_BRAU_11_02","",""
"Scripts/Content/Story/Dialoge/DIA_Addon_BDT_10023_Wache.d:46","Hey, wo willst du hin? Willst du in diesen Gang?","이봐, 어디 가는 거지? 이 통로로 들어가려는 건가?","","False","DIA_Addon_10023_Wache_Hi_11_00","",""
"Scripts/Content/Story/Dialoge/DIA_Addon_BDT_10023_Wache.d:47","Naja, warum nicht?","그래, 안 될 건 뭐야?","","False","DIA_Addon_10023_Wache_Hi_15_01","",""
"Scripts/Content/Story/Dialoge/DIA_Addon_BDT_10023_Wache.d:48","Dahinten sind noch mehr Sklaven. Wegen mir kannst du rein, aber schlag sie nicht so fest, dass sie nicht mehr arbeiten können.","저 안에는 노예들이 더 있어. 들어가도 상관은 없지만, 일 못 할 정도로 너무 심하게 패지는 마라고.","","False","DIA_Addon_10023_Wache_Hi_11_02","",""
"Scripts/Content/Story/Dialoge/DIA_Addon_BDT_10023_Wache.d:49","Schließlich wollen wir ja nicht, dass sie hier nur noch rumsitzen. Sie müssen Gold hacken.","기왕이면 그자들이 여기서 멍하니 빈둥거리게 내버려 두고 싶진 않거든. 금을 캐야 하니까.","","False","DIA_Addon_10023_Wache_Hi_11_03","",""
"Scripts/Content/Story/Dialoge/DIA_Addon_BDT_10023_Wache.d:50","Verstehe. Und wer hat das angeordnet?","그렇군. 누가 그런 명령을 내렸지?","","False","DIA_Addon_10023_Wache_Hi_15_04","",""
"Scripts/Content/Story/Dialoge/DIA_Addon_BDT_10023_Wache.d:51","Das ist ein direkter Befehl von Bloodwyn.","블러드윈의 직접적인 명령이다.","","False","DIA_Addon_10023_Wache_Hi_11_05","",""
"Scripts/Content/Story/Dialoge/DIA_Addon_BDT_10023_Wache.d:52","Ich dachte, Raven wäre hier der Chef.","난 레이븐이 여기 대장인 줄 알았는데.","","False","DIA_Addon_10023_Wache_Hi_15_06","",""
"Scripts/Content/Story/Dialoge/DIA_Addon_BDT_10023_Wache.d:53","Richtig - aber er hat die Sklaven Bloodwyn geschenkt. Er hat wohl keine Verwendung mehr für sie.","맞아. 하지만 그는 노예들을 블러드윈에게 넘겼어. 아마 더는 쓸모가 없다고 생각했겠지.","","False","DIA_Addon_10023_Wache_Hi_11_07","",""
"Scripts/Content/Story/Dialoge/DIA_Addon_BDT_10023_Wache.d:71","Lass die Sklaven frei!","노예들을 풀어줘라!","","False","DIA_Addon_10023_Wache_go.description","",""
"Scripts/Content/Story/Dialoge/DIA_Addon_BDT_10023_Wache.d:81","Lass die Sklaven frei!","노예들을 풀어줘라!","","False","DIA_Addon_10023_Wache_go_15_00","",""
"Scripts/Content/Story/Dialoge/DIA_Addon_BDT_10023_Wache.d:85","Pass mal auf. Bloodwyn hat hier das Kommando. Ihm gehören die Sklaven, also hat er das Recht, sie freizulassen.","잘 들어봐. 여기선 블러드윈이 지휘관이야. 노예들은 그 사람 소유고, 그러니까 풀어주든 말든 그 사람 권리라고.","","False","DIA_Addon_10023_Wache_go_11_01","",""
"Scripts/Content/Story/Dialoge/DIA_Addon_BDT_10023_Wache.d:86","Außerdem hat Thorus da auch noch ein Wort mitzureden. Und was ist mit dir?","게다가 토러스도 이 건에 대해 한마디 할 자격이 있어. 그런데 넌 뭐야?","","False","DIA_Addon_10023_Wache_go_11_02","",""
"Scripts/Content/Story/Dialoge/DIA_Addon_BDT_10023_Wache.d:91","Hast DU hier irgendwas zu sagen?","네가 뭔데 이래라저래라야?","","False","DIA_Addon_10023_Wache_go_11_03","",""
"Scripts/Content/Story/Dialoge/DIA_Addon_BDT_10023_Wache.d:98","Ich habe mit Thorus gesprochen.","난 토러스와 얘기를 끝냈어.","","False","DIA_Addon_10023_Wache_go_Info.DIA_Addon_10023_Wache_go.DIA_Addon_10023_Wache_go_Thorus","Info_AddChoice",""
"Scripts/Content/Story/Dialoge/DIA_Addon_BDT_10023_Wache.d:103","(Bloodwyn's Kopf zeigen)","(블러드윈의 머리를 보여준다)","","False","DIA_Addon_10023_Wache_go_Info.DIA_Addon_10023_Wache_go.DIA_Addon_10023_Wache_go_Blood","Info_AddChoice",""
"Scripts/Content/Story/Dialoge/DIA_Addon_BDT_10023_Wache.d:107","Ich entscheide WER in die Mine kommt.","광산에 누가 들어갈지는 내가 결정한다.","","False","DIA_Addon_10023_Wache_go_Info.DIA_Addon_10023_Wache_go.DIA_Addon_10023_Wache_go_WER","Info_AddChoice",""
"Scripts/Content/Story/Dialoge/DIA_Addon_BDT_10023_Wache.d:118","Ich entscheide, WER in die Mine kommt.","광산에 누가 들어갈지는 내가 결정한다.","","False","DIA_Addon_10023_Wache_go_WER_15_00","",""
"Scripts/Content/Story/Dialoge/DIA_Addon_BDT_10023_Wache.d:119","Du machst Estebans alten Job? Dann hast du hier GAR NICHTS zu melden. Schwirr ab.","네가 에스테반의 예전 자리라도 이어받았다는 거야? 그럼 넌 여기서 아무런 결정권도 없어. 꺼져.","","False","DIA_Addon_10023_Wache_go_WER_11_01","",""
"Scripts/Content/Story/Dialoge/DIA_Addon_BDT_10023_Wache.d:128","Hier reicht das?","이거면 충분한가?","","False","DIA_Addon_10023_Wache_go_Blood_15_00","",""
"Scripts/Content/Story/Dialoge/DIA_Addon_BDT_10023_Wache.d:129","(würgt) Steck das wieder weg. DAS will ich nicht sehen.","(구역질하며) 그거 당장 치워. 그런 건 보고 싶지 않으니까.","","False","DIA_Addon_10023_Wache_go_Blood_11_01","",""
"Scripts/Content/Story/Dialoge/DIA_Addon_BDT_10023_Wache.d:130","Es wäre besser für dich, wenn du die Sklaven JETZT freilässt.","지금 당장 노예들을 풀어주는 게 너한테도 신상에 좋을걸.","","False","DIA_Addon_10023_Wache_go_Blood_15_02","",""
"Scripts/Content/Story/Dialoge/DIA_Addon_BDT_10023_Wache.d:131","Warte mal. Bloodwyn ist nicht der Einzige, der hier was zu sagen hat. Solange ich keinen Befehl von Thorus habe, wird hier niemand freigelassen.","잠깐만. 여기서 발언권이 있는 건 블러드윈뿐만이 아니야. 토러스의 명령이 떨어지기 전에는 아무도 풀어줄 수 없어.","","False","DIA_Addon_10023_Wache_go_Blood_11_03","",""
"Scripts/Content/Story/Dialoge/DIA_Addon_BDT_10023_Wache.d:136","Ich habe mit Thorus gesprochen.","난 토러스와 얘기를 끝냈어.","","False","DIA_Addon_10023_Wache_go_Blood.DIA_Addon_10023_Wache_go.DIA_Addon_10023_Wache_go_Thorus","Info_AddChoice",""
"Scripts/Content/Story/Dialoge/DIA_Addon_BDT_10023_Wache.d:142","Du hast doch gesagt, dass die Sklaven Bloodwyn gehören.","하지만 방금 그 노예들은 블러드윈의 것이라고 하지 않았나.","","False","DIA_Addon_10023_Wache_go_Blood_15_04","",""
"Scripts/Content/Story/Dialoge/DIA_Addon_BDT_10023_Wache.d:143","Ja. Ich habe aber auch gesagt, dass ich ohne Befehl von Thorus niemanden freilassen werde.","그래. 하지만 토러스의 명령 없이는 아무도 풀어주지 않겠다고도 했지.","","False","DIA_Addon_10023_Wache_go_Blood_11_05","",""
"Scripts/Content/Story/Dialoge/DIA_Addon_BDT_10023_Wache.d:144","Du gehörst zu den Typen, die ohne Befehl nicht mal pinkeln gehen, was?","너는 명령 없이는 오줌도 안 누러 갈 녀석들이로군, 그래?","","False","DIA_Addon_10023_Wache_go_Blood_15_06","",""
"Scripts/Content/Story/Dialoge/DIA_Addon_BDT_10023_Wache.d:149","Ja, ich habe aber auch gesagt ...","그래, 하지만 나도 방금...","","False","DIA_Addon_10023_Wache_go_Blood_11_07","",""
"Scripts/Content/Story/Dialoge/DIA_Addon_BDT_10023_Wache.d:150","... schon gut, erspar mir den Rest.","...됐어, 잔소리는 집어치워.","","False","DIA_Addon_10023_Wache_go_Blood_15_08","",""
"Scripts/Content/Story/Dialoge/DIA_Addon_BDT_10023_Wache.d:159","Ich habe mit Thorus gesprochen. Er befiehlt, die Sklaven freizulassen.","토러스와 얘기가 끝났다. 그가 노예들을 풀어주라고 명령했어.","","False","DIA_Addon_10023_Wache_go_Thorus_15_00","",""
"Scripts/Content/Story/Dialoge/DIA_Addon_BDT_10023_Wache.d:160","Okay, wenn Thorus das befiehlt. Ich frage mich zwar, warum er so was entscheidet ...","좋아, 토러스의 명령이라면야. 왜 그런 결정을 내렸는지 의문이 들긴 하지만...","","False","DIA_Addon_10023_Wache_go_Thorus_11_01","",""
"Scripts/Content/Story/Dialoge/DIA_Addon_BDT_10023_Wache.d:161","... aber für deine Fragen wirst du nicht bezahlt.","...네 질문에 대답하자고 돈을 받는 건 아니니까.","","False","DIA_Addon_10023_Wache_go_Thorus_15_02","",""
"Scripts/Content/Story/Dialoge/DIA_Addon_BDT_10023_Wache.d:162","Ist ja schon gut - ich werd hier also nicht mehr gebraucht, dann hole ich mir mal 'ne Suppe.","알았어, 알았어. 그럼 이제 난 여기서 쓸모없어진 모양이니 수프나 좀 먹으러 가야겠군.","","False","DIA_Addon_10023_Wache_go_Thorus_11_03","",""
"Scripts/Content/Story/Dialoge/DIA_Addon_BDT_10024_Garaz.d:79","Warte mal.","잠깐만.","","False","DIA_Addon_Garaz_Probleme_08_00","",""
"Scripts/Content/Story/Dialoge/DIA_Addon_BDT_10024_Garaz.d:80","Gibt's Probleme?","무슨 문제라도 있나?","","False","DIA_Addon_Garaz_Probleme_15_01","",""
"Scripts/Content/Story/Dialoge/DIA_Addon_BDT_10024_Garaz.d:81","Minecrawler. Jede Menge Minecrawler. Wir sind hier auf ein Nest gestoßen.","마인크롤러야. 마인크롤러가 사방에 널렸어. 여기서 녀석들의 둥지를 발견했다고.","","False","DIA_Addon_Garaz_Probleme_08_02","",""
"Scripts/Content/Story/Dialoge/DIA_Addon_BDT_10024_Garaz.d:93","Warum greifen wir die Crawler nicht an? ","어째서 크롤러들을 공격하지 않는 거지? ","","False","DIA_Addon_Garaz_Hi.description","",""
"Scripts/Content/Story/Dialoge/DIA_Addon_BDT_10024_Garaz.d:107","Warum greifen wir die Crawler nicht an?","어째서 크롤러들을 공격하지 않는 거지?","","False","DIA_Addon_Garaz_Hi_15_00","",""
"Scripts/Content/Story/Dialoge/DIA_Addon_BDT_10024_Garaz.d:108","Hab ich auch gefragt. Aber die Garde hatte 'Wichtigeres' zu tun.","나도 물어봤지. 하지만 근위병들은 '더 중요한 일'이 있다더군.","","False","DIA_Addon_Garaz_Hi_08_01","",""
"Scripts/Content/Story/Dialoge/DIA_Addon_BDT_10024_Garaz.d:109","Bloodwyn es mir überlassen, dieses Problem aus der Welt zu schaffen.","블러드윈은 이 문제를 해결하는 일을 나에게 떠맡겼어.","","False","DIA_Addon_Garaz_Hi_08_02","",""
"Scripts/Content/Story/Dialoge/DIA_Addon_BDT_10024_Garaz.d:110","Ich schätze, du hast nicht vor, dich mit den Crawlern anzulegen.","네가 직접 크롤러들을 상대할 생각은 아닌가 보네.","","False","DIA_Addon_Garaz_Hi_15_03","",""
"Scripts/Content/Story/Dialoge/DIA_Addon_BDT_10024_Garaz.d:111","Warum sollte ich? Damit wir an das Gold kommen, das in der Höhle ist?","왜 그렇지? 동굴에 있는 금을 차지하려고?","","False","DIA_Addon_Garaz_Hi_08_04","",""
"Scripts/Content/Story/Dialoge/DIA_Addon_BDT_10024_Garaz.d:112","Das Meiste wird sich eh Bloodwyn reinziehen. Und für das bisschen, das ich kriege, riskiere ich nicht meinen Hals.","어차피 대부분은 블러드윈이 챙길 거야. 내가 얻을 그 얼마 안 되는 몫 때문에 목숨을 걸 순 없지.","","False","DIA_Addon_Garaz_Hi_08_05","",""
"Scripts/Content/Story/Dialoge/DIA_Addon_BDT_10024_Garaz.d:113","Wenn DU dich mit den Crawlern anlegen willst - lass dich nicht aufhalten. Nur - lock sie nicht alle hier rauf, ja?","네가 크롤러들과 한판 붙고 싶다면야 말리진 않겠어. 다만, 그놈들을 전부 이 위로 끌어들이진 마, 알았지?","","False","DIA_Addon_Garaz_Hi_08_06","",""
"Scripts/Content/Story/Dialoge/DIA_Addon_BDT_10024_Garaz.d:125","Kannst du mir noch was über Bloodwyn sagen?","블러드윈에 대해 더 해줄 말이 있나?","","False","DIA_Addon_Garaz_Bloodwyn.description","",""
"Scripts/Content/Story/Dialoge/DIA_Addon_BDT_10024_Garaz.d:140","Kannst du mir noch was über Bloodwyn sagen?","블러드윈에 대해 더 해줄 말이 있나?","","False","DIA_Addon_Garaz_Bloodwyn_15_00","",""
"Scripts/Content/Story/Dialoge/DIA_Addon_BDT_10024_Garaz.d:141","Ja. Er ist ein goldgieriger Bastard. Er kontrolliert jede neue Ader und jeden Klumpen.","그래. 그는 금에 환장한 녀석이야. 새로운 광맥과 금덩어리는 모조리 그가 통제하지.","","False","DIA_Addon_Garaz_Bloodwyn_08_01","",""
"Scripts/Content/Story/Dialoge/DIA_Addon_BDT_10024_Garaz.d:142","Für Gold ist ihm kein Weg zu weit. Aber wir sind ihm scheißegal.","금이라면 사족을 못 쓰지. 하지만 우리 같은 건 안중에도 없어.","","False","DIA_Addon_Garaz_Bloodwyn_08_02","",""
"Scripts/Content/Story/Dialoge/DIA_Addon_BDT_10024_Garaz.d:143","Und sonst?","그 밖에 또 있나?","","False","DIA_Addon_Garaz_Bloodwyn_15_03","",""
"Scripts/Content/Story/Dialoge/DIA_Addon_BDT_10024_Garaz.d:144","Er hält sich für den Größten und kann's nicht leiden, wenn jemand besser da steht als er. Okay - ich würde trotzdem nicht gegen ihn antreten wollen.","자기가 최고인 줄 알거든. 남이 자기보다 더 잘 나가는 꼴을 못 봐. 뭐, 그렇다고 내가 그 녀석과 맞서고 싶진 않지만.","","False","DIA_Addon_Garaz_Bloodwyn_08_04","",""
"Scripts/Content/Story/Dialoge/DIA_Addon_BDT_10024_Garaz.d:145","Geh ihm am Besten aus dem Weg und reize ihn nicht - es sei denn, du willst, dass er wütend wird und seine Beherrschung verliert ...","가능하면 그 녀석 눈에 띄지 말고 자극하지도 마. 그가 뚜껑이 열려서 이성을 잃게 만들고 싶은 게 아니라면 말이야...","","False","DIA_Addon_Garaz_Bloodwyn_08_05","",""
"Scripts/Content/Story/Dialoge/DIA_Addon_BDT_10024_Garaz.d:160","Die Crawler sind erledigt.","크롤러들은 해치웠어.","","False","DIA_Addon_Garaz_Sieg.description","",""
"Scripts/Content/Story/Dialoge/DIA_Addon_BDT_10024_Garaz.d:174","So, das sollte es gewesen sein. Die Crawler sind erledigt.","좋아, 이걸로 끝이야. 크롤러들은 해치웠어.","","False","DIA_Addon_Garaz_Sieg_15_00","",""
"Scripts/Content/Story/Dialoge/DIA_Addon_BDT_10024_Garaz.d:175","Bloodwyn ist schon auf dem Weg. Das ist doch das, was du wolltest, oder?","블러드윈은 벌써 오고 있어. 네가 원하던 게 바로 이거였잖아, 그렇지?","","False","DIA_Addon_Garaz_Sieg_08_01","",""
"Scripts/Content/Story/Dialoge/DIA_Addon_BDT_10024_Garaz.d:176","Ich meine, du hast die Crawler abgemetzelt, damit Bloodwyn herkommt. Also, was immer du vorhast, tu es JETZT.","내 말은, 블러드윈이 오게 하려고 네가 크롤러들을 싹 쓸어버렸단 말이지. 그러니 무슨 꿍꿍이든 간에, 지금 해치워.","","False","DIA_Addon_Garaz_Sieg_08_02","",""
"Scripts/Content/Story/Dialoge/DIA_Addon_BDT_10024_Garaz.d:204","Du hast es diesem Penner ja ordentlich gezeigt. Saubere Leistung.","그 자식 아주 톡톡히 골려줬더만. 훌륭한 솜씨야.","","False","DIA_Addon_Garaz_Blood_08_00","",""
"Scripts/Content/Story/Dialoge/DIA_Addon_BDT_10024_Garaz.d:205","Dann werde ich mich mal in der Höhle umsehen.","그럼 동굴 안이나 좀 둘러봐야겠어.","","False","DIA_Addon_Garaz_Blood_08_01","",""
"Scripts/Content/Story/Dialoge/DIA_Addon_BDT_10024_Garaz.d:236","Wow, Mann, hier gibt's echt 'ne Menge Gold.","와, 이봐, 여기 금이 정말 널렸는걸.","","False","DIA_Addon_Garaz_Gold_08_00","",""
"Scripts/Content/Story/Dialoge/DIA_Addon_BDT_10024_Garaz.d:237","Um an die Brocken ganz oben zu kommen, bräuchten wir schon eine Leiter.","저 맨 위에 있는 조각들을 캐내려면 사다리가 있어야겠어.","","False","DIA_Addon_Garaz_Gold_08_01","",""
"Scripts/Content/Story/Dialoge/DIA_Addon_BDT_10024_Garaz.d:238","Aber seit dem Fall der Barriere benutzt niemand mehr Leitern ... ist eigentlich sehr schade ...","하지만 장벽이 무너진 이후로는 아무도 사다리를 쓰지 않지... 정말 아쉬운 일이야...","","False","DIA_Addon_Garaz_Gold_08_02","",""
"Scripts/Content/Story/Dialoge/DIA_Addon_BDT_10025_Wache.d:34","Wie sieht's aus?","어떻게 지내나?","","False","DIA_Addon_BDT_10025_Wache_Hi.description","",""
"Scripts/Content/Story/Dialoge/DIA_Addon_BDT_10025_Wache.d:44","Wie sieht's aus?","어떻게 지내나?","","False","DIA_Addon_BDT_10025_Wache_Hi_15_00","",""
"Scripts/Content/Story/Dialoge/DIA_Addon_BDT_10025_Wache.d:45","Ich koche hier leckeren Eintopf für die Buddler und die Wachen.","광부들과 경비병들을 먹일 맛있는 스튜를 끓이고 있지.","","False","DIA_Addon_BDT_10025_Wache_Hi_07_01","",""
"Scripts/Content/Story/Dialoge/DIA_Addon_BDT_10025_Wache.d:49","Aber die Sklaven - die kriegen nichts. Höchstens mal etwas schales Wasser und altes Brot.","하지만 노예들한테는 - 아무것도 안 주지. 기껏해야 김빠진 물이랑 곰팡이 핀 빵이나 줄까.","","False","DIA_Addon_BDT_10025_Wache_Hi_07_02","",""
"Scripts/Content/Story/Dialoge/DIA_Addon_BDT_10025_Wache.d:50","Das kann diesen Typen aus der Stadt nicht schaden.","그 도시 녀석들한테는 그 정도면 충분해.","","False","DIA_Addon_BDT_10025_Wache_Hi_07_03","",""
"Scripts/Content/Story/Dialoge/DIA_Addon_BDT_10026_Wache.d:34","Wie sieht's aus?","어떻게 지내나?","","False","DIA_Addon_BDT_10026_Wache_Hi.description","",""
"Scripts/Content/Story/Dialoge/DIA_Addon_BDT_10026_Wache.d:44","Wie sieht's aus?","어떻게 지내나?","","False","DIA_Addon_BDT_10026_Wache_Hi_15_00","",""
"Scripts/Content/Story/Dialoge/DIA_Addon_BDT_10026_Wache.d:49","Schade, dass wir nur noch so wenig Sklaven haben. Wir müssen bald mal neue holen.","노예가 이렇게 적다니 유감이군. 조만간 새로 좀 데려와야겠어.","","False","DIA_Addon_BDT_10026_Wache_Hi_13_01","",""
"Scripts/Content/Story/Dialoge/DIA_Addon_BDT_10026_Wache.d:50","Die Typen sind schon völlig kaputt. Liegt wohl daran, dass sie so wenig zu fressen kriegen. (lacht)","저 녀석들은 이미 녹초가 다 됐어. 먹는 게 부실해서 그런가 봐. (웃음)","","False","DIA_Addon_BDT_10026_Wache_Hi_13_02","",""
"Scripts/Content/Story/Dialoge/DIA_Addon_BDT_10026_Wache.d:53","Aber eher schicke ich die Buddler wieder an die Arbeit, als dass ich den Hunden ein Stück Fleisch abgebe.","하지만 저 녀석들에게 고기 조각을 주느니, 차라리 광부들을 일하러 다시 보내겠어.","","False","DIA_Addon_BDT_10026_Wache_Hi_13_03","",""
"Scripts/Content/Story/Dialoge/DIA_Addon_BDT_10026_Wache.d:57","Die Sklaven sind weg - schade. Naja, dann müssen wir halt wieder die Buddler schlagen.","노예들이 도망쳤다니 유감이네. 뭐, 그럼 다시 광부들을 채찍질하면 되지.","","False","DIA_Addon_BDT_10026_Wache_Hi_13_04","",""
"Scripts/Content/Story/Dialoge/DIA_Addon_BDT_10026_Wache.d:73","Weißt du was über die Gruft?","무덤에 대해 아는 게 있나?","","False","DIA_Addon_BDT_10026_Wache_Gruft.description","",""
"Scripts/Content/Story/Dialoge/DIA_Addon_BDT_10026_Wache.d:83","Weißt du was über die Gruft?","무덤에 대해 아는 게 있나?","","False","DIA_Addon_BDT_10026_Wache_Gruft_15_00","",""
"Scripts/Content/Story/Dialoge/DIA_Addon_BDT_10026_Wache.d:84","Ja. Die Gruft liegt hinten in diesem Gang.","그래. 무덤은 저 복도 안쪽에 있어.","","False","DIA_Addon_BDT_10026_Wache_Gruft_13_01","",""
"Scripts/Content/Story/Dialoge/DIA_Addon_BDT_10026_Wache.d:85","(unberührt) Immer den Leichen nach, dann wirst du sie schon finden.","(무덤덤하게) 시체들을 따라가기만 하면 찾을 수 있을걸.","","False","DIA_Addon_BDT_10026_Wache_Gruft_13_02","",""
"Scripts/Content/Story/Dialoge/DIA_Addon_BDT_10027_Buddler.d:34","Wie sieht's aus?","어떻게 지내나?","","False","DIA_Addon_BDT_10027_Buddler_Hi.description","",""
"Scripts/Content/Story/Dialoge/DIA_Addon_BDT_10027_Buddler.d:44","Wie sieht's aus?","어떻게 지내나?","","False","DIA_Addon_BDT_10027_Buddler_Hi_15_00","",""
"Scripts/Content/Story/Dialoge/DIA_Addon_BDT_10027_Buddler.d:48","Ich habe lange genug für die Erzbarone geknechtet. Gut, dass jetzt andere buddeln.","광석 남작들을 위해 부려먹힌 건 진작에 족해. 이제 다른 녀석들이 광질을 한다니 다행이지.","","False","DIA_Addon_BDT_10027_Buddler_Hi_11_01","",""
"Scripts/Content/Story/Dialoge/DIA_Addon_BDT_10027_Buddler.d:52","Verdammt. Jetzt müssen wir wohl wieder selber hacken, was?","젠장. 이제 우리도 직접 곡괭이질을 해야 한다는 소리야?","","False","DIA_Addon_BDT_10027_Buddler_Hi_11_02","",""
"Scripts/Content/Story/Dialoge/DIA_Addon_BDT_10027_Buddler.d:76","Kopfarbeit, Junge. Goldhacken ist reine Kopfsache. Versuch nicht, den Fels zu bezwingen - er ist härter als du.","머리를 써야지, 얘야. 금 캐는 건 온전히 정신 작용이거든. 바위를 억지로 뚫으려 하지 마. 바위가 너보다 단단하니까.","","False","DIA_Addon_10027_Buddler_Hacken_11_00","",""
"Scripts/Content/Story/Dialoge/DIA_Addon_BDT_10027_Buddler.d:77","Mach dich von allem frei - und versuche, eins zu werden mit dem Gold. Dann ist es ist wie ein Gebet, eine Meditation.","모든 잡념을 비워내고 금과 하나가 되도록 해봐. 그럼 그건 명상이나 기도와 같아질 거야.","","False","DIA_Addon_10027_Buddler_Hacken_11_01","",""
"Scripts/Content/Story/Dialoge/DIA_Addon_BDT_10028_Buddler.d:34","Wie sieht's aus?","어떻게 지내나?","","False","DIA_Addon_BDT_10028_Buddler_Hi.description","",""
"Scripts/Content/Story/Dialoge/DIA_Addon_BDT_10028_Buddler.d:44","Wie sieht's aus?","어떻게 지내나?","","False","DIA_Addon_BDT_10028_Buddler_Hi_15_00","",""
"Scripts/Content/Story/Dialoge/DIA_Addon_BDT_10028_Buddler.d:48","Ich mache mir nicht die Mühe und hacke selber. Wir haben genug Sklaven, die das für uns erledigen.","내가 직접 힘들게 채광할 필요는 없지. 우릴 대신해 줄 노예들이 충분히 있으니까.","","False","DIA_Addon_BDT_10028_Buddler_Hi_12_01","",""
"Scripts/Content/Story/Dialoge/DIA_Addon_BDT_10028_Buddler.d:49","(lacht) So leicht sind wir noch nie an unser Gold gekommen.","(웃음) 이렇게 쉽게 금을 손에 넣은 적은 없었어.","","False","DIA_Addon_BDT_10028_Buddler_Hi_12_02","",""
"Scripts/Content/Story/Dialoge/DIA_Addon_BDT_10028_Buddler.d:53","Grmpf. Welcher Idiot hat die Sklaven befreit?","빌어먹을. 어떤 얼간이가 노예들을 풀어준 거야?","","False","DIA_Addon_BDT_10028_Buddler_Hi_12_03","",""
"Scripts/Content/Story/Dialoge/DIA_Addon_BDT_10028_Buddler.d:78","Immer von unten nach oben hacken.","언제나 아래에서 위로 곡괭이질을 해라.","","False","DIA_Addon_10028_Buddler_Hacken_12_00","",""
"Scripts/Content/Story/Dialoge/DIA_Addon_BDT_10028_Buddler.d:79","Das ist zwar schwierig, aber auf diese Weise kriegst du mehr Gold aus dem Gestein.","힘들긴 하겠지만, 그래야 바위에서 더 많은 금을 얻을 수 있어.","","False","DIA_Addon_10028_Buddler_Hacken_12_01","",""
"Scripts/Content/Story/Dialoge/DIA_Addon_BDT_10029_Buddler.d:34","Wie läuft's ?","어떻게 지내나?","","False","DIA_Addon_BDT_10029_Buddler_Hi.description","",""
"Scripts/Content/Story/Dialoge/DIA_Addon_BDT_10029_Buddler.d:44","Wie läuft's ?","어떻게 지내나?","","False","DIA_Addon_BDT_10029_Buddler_Hi_15_00","",""
"Scripts/Content/Story/Dialoge/DIA_Addon_BDT_10029_Buddler.d:48","Solange die Sklaven arbeiten, rühre ich keinen Finger.","노예들이 일하는 동안엔 손가락 하나 까딱 안 할 거야.","","False","DIA_Addon_BDT_10029_Buddler_Hi_06_01","",""
"Scripts/Content/Story/Dialoge/DIA_Addon_BDT_10029_Buddler.d:52","Ich muss mal ein bisschen hacken, damit ich wieder in Schwung komme.","감각을 유지하려면 나도 조금은 캐봐야겠지만.","","False","DIA_Addon_BDT_10029_Buddler_Hi_06_02","",""
"Scripts/Content/Story/Dialoge/DIA_Addon_BDT_10029_Buddler.d:77","Beinarbeit, das ist alles Beinarbeit.","다리야, 전부 다리 힘으로 하는 거라고.","","False","DIA_Addon_10029_Buddler_Hacken_06_00","",""
"Scripts/Content/Story/Dialoge/DIA_Addon_BDT_10029_Buddler.d:78","Die Kraft und der Schwung kommen aus den Beinen.","힘과 탄력은 다리에서 나오는 법이지.","","False","DIA_Addon_10029_Buddler_Hacken_06_01","",""
"Scripts/Content/Story/Dialoge/DIA_Addon_BDT_10030_Buddler.d:34","Alles klar bei dir?","별일 없지?","","False","DIA_Addon_BDT_10030_Buddler_Hi.description","",""
"Scripts/Content/Story/Dialoge/DIA_Addon_BDT_10030_Buddler.d:44","Alles klar bei dir?","별일 없지?","","False","DIA_Addon_BDT_10030_Buddler_Hi_15_00","",""
"Scripts/Content/Story/Dialoge/DIA_Addon_BDT_10030_Buddler.d:48","Die Sklaven machen uns die großen Brocken weg.","노예들이 큰 덩어리들을 치워주고 있거든.","","False","DIA_Addon_BDT_10030_Buddler_Hi_08_01","",""
"Scripts/Content/Story/Dialoge/DIA_Addon_BDT_10030_Buddler.d:49","(grinst) Wir ernten dann später die goldenen Früchte.","(씩 웃음) 우리는 나중에 황금의 결실을 거두기만 하면 돼.","","False","DIA_Addon_BDT_10030_Buddler_Hi_08_02","",""
"Scripts/Content/Story/Dialoge/DIA_Addon_BDT_10030_Buddler.d:53","Jetzt holen wir uns das süße Gold.","이제 달콤한 금을 손에 넣는 거야.","","False","DIA_Addon_BDT_10030_Buddler_Hi_08_03","",""
"Scripts/Content/Story/Dialoge/DIA_Addon_BDT_10031_Wache.d:43","Hey, willst du buddeln gehen? Dann vergiss nicht, dich bei Scatty einzudecken.","이봐, 채광하러 갈 생각인가? 그렇다면 스캐티에게 가서 장비를 챙기는 걸 잊지 마.","","False","DIA_Addon_BDT_10031_Wache_Scatty_06_00","",""
"Scripts/Content/Story/Dialoge/DIA_Addon_BDT_10031_Wache.d:44","Was brauche ich denn?","무엇이 필요한가?","","False","DIA_Addon_BDT_10031_Wache_Scatty_15_01","",""
"Scripts/Content/Story/Dialoge/DIA_Addon_BDT_10031_Wache.d:45","Nun zumindest 'ne Spitzhacke. Etwas Proviant kann auch nicht schaden.","음, 최소한 곡괭이는 있어야지. 식량을 좀 챙겨두는 것도 나쁘지 않을걸.","","False","DIA_Addon_BDT_10031_Wache_Scatty_06_02","",""
"Scripts/Content/Story/Dialoge/DIA_Addon_BDT_10031_Wache.d:46","Oder wie wäre es mit Heiltränken? Da unten gibt's Minecrawler.","치유 포션은 어때? 저 아래에는 마인크롤러가 있거든.","","False","DIA_Addon_BDT_10031_Wache_Scatty_06_03","",""
"Scripts/Content/Story/Dialoge/DIA_Addon_BDT_10031_Wache.d:62","Alles klar?","다들 잘 지내나?","","False","DIA_Addon_BDT_10031_Wache_Hi.description","",""
"Scripts/Content/Story/Dialoge/DIA_Addon_BDT_10031_Wache.d:72","Alles klar?","다들 잘 지내나?","","False","DIA_Addon_BDT_10031_Wache_Hi_15_00","",""
"Scripts/Content/Story/Dialoge/DIA_Addon_BDT_10031_Wache.d:77","Junge, Junge. Die Sklaven hatten es aber ziemlich eilig.","이런, 이런. 노예 녀석들이 아주 서두르더만.","","False","DIA_Addon_BDT_10031_Wache_Hi_06_01","",""
"Scripts/Content/Story/Dialoge/DIA_Addon_BDT_10031_Wache.d:78","Als sie gehört haben, dass sie frei sind, sind sie gerannt wie die Hasen!","풀려났다는 소리를 듣자마자 토끼처럼 달아나더라고!","","False","DIA_Addon_BDT_10031_Wache_Hi_06_02","",""
"Scripts/Content/Story/Dialoge/DIA_Addon_BDT_10031_Wache.d:82","Ja. Also mach keinen Ärger, dann bleibt auch alles klar.","그래. 그러니까 말썽 피우지 마, 그럼 문제없을 테니까.","","False","DIA_Addon_BDT_10031_Wache_Hi_06_03","",""
"Scripts/Content/Story/Dialoge/DIA_Addon_BDT_1064_L.d:60","Es gibt nur EINEN Weg für dich, lebendig in unser Lager zu kommen, und der führt über die Brücke!","네가 우리 캠프에 살아 들어올 방법은 단 하나뿐이다. 바로 저 다리를 건너는 거지!","","False","DIA_Addon_Dexwache_Add_04_00","",""
"Scripts/Content/Story/Dialoge/DIA_Addon_BDT_1064_L.d:94","Du brauchst wohl Schläge? Mach noch EINEN Schritt weiter und ich werf dich die Klippe runter!","매가 아주 약이 올랐나 보지? 한 걸음만 더 내디뎌봐라, 절벽 아래로 던져버릴 테니!","","False","DIA_Addon_Dexwache_Add_04_01","",""
"Scripts/Content/Story/Dialoge/DIA_Addon_BDT_1064_L.d:131","Ganz wie du willst...","원하신다면 기꺼이...","","False","DIA_Addon_Dexwache_Add_04_02","",""
"Scripts/Content/Story/Dialoge/DIA_Addon_BDT_1064_L.d:161","Quatsch mich bloss nicht voll!","시끄럽게 굴지 마!","","False","DIA_Addon_Dexwache_Add_04_03","",""
"Scripts/Content/Story/Dialoge/DIA_Addon_BDT_1070_Paul.d:69","Handelst du mit Schmiedezubehör?","대장간 장비를 다루나?","","False","DIA_Addon_Paul_Hi.description","",""
"Scripts/Content/Story/Dialoge/DIA_Addon_BDT_1070_Paul.d:79","Handelst du mit Schmiedezubehör?","대장간 장비를 다루나?","","False","DIA_Addon_Paul_Hi_15_00","",""
"Scripts/Content/Story/Dialoge/DIA_Addon_BDT_1070_Paul.d:80","Stahl gibt's bei Huno. Ich habe nur ein paar Brocken Erz.","강철은 후노한테 있어. 난 광석 몇 덩어리밖에 없다고.","","False","DIA_Addon_Paul_Hi_03_01","",""
"Scripts/Content/Story/Dialoge/DIA_Addon_BDT_1070_Paul.d:81","Aber die gebe ich nicht her. Es ist das einzige von Wert, was ich habe.","하지만 이건 줄 수 없어. 내게 남은 유일한 재산이니까.","","False","DIA_Addon_Paul_Hi_03_02","",""
"Scripts/Content/Story/Dialoge/DIA_Addon_BDT_1070_Paul.d:93","Arbeitest du für Huno?","후노 밑에서 일하나?","","False","DIA_Addon_Paul_Huno.description","",""
"Scripts/Content/Story/Dialoge/DIA_Addon_BDT_1070_Paul.d:106","Arbeitest du für Huno?","후노 밑에서 일하나?","","False","DIA_Addon_Paul_Huno_15_00","",""
"Scripts/Content/Story/Dialoge/DIA_Addon_BDT_1070_Paul.d:107","Ich wollte ein bisschen Gold machen und hab bei Huno angefangen. Aber seitdem kriege ich von Esteban gar nichts mehr.","금을 좀 만져보려고 후노 밑으로 들어갔지. 하지만 그 이후로 에스테반은 내게 아무것도 주지 않고 있어.","","False","DIA_Addon_Paul_Huno_03_01","",""
"Scripts/Content/Story/Dialoge/DIA_Addon_BDT_1070_Paul.d:108","Er hat gesagt, er kann mich nicht mehr gebrauchen.","더 이상 날 쓸모가 없대나.","","False","DIA_Addon_Paul_Huno_03_02","",""
"Scripts/Content/Story/Dialoge/DIA_Addon_BDT_1070_Paul.d:109","Was bleibt mir übrig, als weiterhin für Huno zu schuften?","계속 후노를 위해 부려먹히는 것 말고 내게 무슨 수가 있겠어?","","False","DIA_Addon_Paul_Huno_03_03","",""
"Scripts/Content/Story/Dialoge/DIA_Addon_BDT_1070_Paul.d:135","Gar nichts Mann! Ich habe damit nichts zu tun! Was willst du von mir?","아무것도 없어, 이 친구야! 난 아무 상관도 없다고! 대체 나한테 왜 이러는 거야?","","False","DIA_Addon_Paul_Attentat_03_00","",""
"Scripts/Content/Story/Dialoge/DIA_Addon_BDT_1070_Paul.d:147","Huno wird verdächtigt, was mit dem Attentat zu tun zu haben...","후노가 암살 사건과 관련이 있다는 의심을 받고 있는데...","","False","DIA_Addon_Paul_HunoVerdacht.description","",""
"Scripts/Content/Story/Dialoge/DIA_Addon_BDT_1070_Paul.d:161","Huno wird verdächtigt, was mit dem Attentat zu tun zu haben ...","후노가 암살 사건과 관련이 있다는 의심을 받고 있는데...","","False","DIA_Addon_Paul_HunoVerdacht_15_00","",""
"Scripts/Content/Story/Dialoge/DIA_Addon_BDT_1070_Paul.d:162","Ich weiß nichts darüber!","난 아는 게 없어!","","False","DIA_Addon_Paul_HunoVerdacht_03_01","",""
"Scripts/Content/Story/Dialoge/DIA_Addon_BDT_1070_Paul.d:174","Du arbeitest für Huno! Also weißt du auch was!","너는 후노 밑에서 일하잖아! 그러니까 뭘 좀 알겠지!","","False","DIA_Addon_Paul_HunoArbeit.description","",""
"Scripts/Content/Story/Dialoge/DIA_Addon_BDT_1070_Paul.d:189","Du arbeitest doch für Huno! Also weißt du auch was!","너는 후노 밑에서 일하잖아! 그러니까 뭘 좀 알겠지!","","False","DIA_Addon_Paul_HunoArbeit_15_00","",""
"Scripts/Content/Story/Dialoge/DIA_Addon_BDT_1070_Paul.d:190","(verzweifelt) Ich weiß nichts - ehrlich! Ich muss jetzt weitermachen!","(절망하며) 아는 게 없어 - 정말이야! 이제 일하러 가야겠어!","","False","DIA_Addon_Paul_HunoArbeit_03_01","",""
"Scripts/Content/Story/Dialoge/DIA_Addon_BDT_1070_Paul.d:204","Weißt du, was Esteban mit dir macht, wenn er erfährt, daß du Huno deckst?","네가 후노를 감싸고 있다는 걸 에스테반이 알게 되면 어떻게 나올지 알고 있나?","","False","DIA_Addon_Paul_FearEsteban.description","",""
"Scripts/Content/Story/Dialoge/DIA_Addon_BDT_1070_Paul.d:218","Weißt du, was Esteban mit dir macht, wenn er erfährt, dass du Huno deckst?","네가 후노를 감싸고 있다는 걸 에스테반이 알게 되면 어떻게 나올지 알고 있나?","","False","DIA_Addon_Paul_FearEsteban_15_00","",""
"Scripts/Content/Story/Dialoge/DIA_Addon_BDT_1070_Paul.d:219","Mann! Lass mich in Ruhe. Ich hab doch nichts mit der Sache zu tun.","이봐! 날 내버려둬. 난 그 일과 아무런 상관이 없다고.","","False","DIA_Addon_Paul_FearEsteban_03_01","",""
"Scripts/Content/Story/Dialoge/DIA_Addon_BDT_1070_Paul.d:233","Du sagst mit jetzt, was du weißt!","아는 걸 지금 당장 말해라!","","False","DIA_Addon_Paul_MaulPaul.description","",""
"Scripts/Content/Story/Dialoge/DIA_Addon_BDT_1070_Paul.d:247","(freundlich) Du sagst mit jetzt, was du weißt, oder es gibt'n paar aufs Maul, Paul!","(다정하게) 아는 걸 지금 당장 불지 그래, 폴? 아니면 뺨이 몇 대 으스러질 줄 알아!","","False","DIA_Addon_Paul_MaulPaul_15_00","",""
"Scripts/Content/Story/Dialoge/DIA_Addon_BDT_1070_Paul.d:248","Nur, weil du für den Boss arbeitest, kannst du noch lange nicht so mit mir umspringen!","보스 밑에서 일한다고 해서 나한테 이런 식으로 함부로 대할 순 없어!","","False","DIA_Addon_Paul_MaulPaul_03_01","",""
"Scripts/Content/Story/Dialoge/DIA_Addon_BDT_1070_Paul.d:249","(nett) Ich kann!","(상냥하게) 난 그래도 되는데!","","False","DIA_Addon_Paul_MaulPaul_15_02","",""
"Scripts/Content/Story/Dialoge/DIA_Addon_BDT_1070_Paul.d:250","Mach kein' Scheiß!","헛소리 집어쳐!","","False","DIA_Addon_Paul_MaulPaul_03_03","",""
"Scripts/Content/Story/Dialoge/DIA_Addon_BDT_1070_Paul.d:251","(ungeduldig) Paul ...","(참을성 없게) 폴...","","False","DIA_Addon_Paul_MaulPaul_15_04","",""
"Scripts/Content/Story/Dialoge/DIA_Addon_BDT_1070_Paul.d:252","(hektisch) Alles was ich weiß, ist, dass Huno nicht gut auf Esteban zu sprechen ist.","(황급하게) 내가 아는 거라곤 후노가 에스테반을 고깝게 보고 있다는 것뿐이야.","","False","DIA_Addon_Paul_MaulPaul_03_05","",""
"Scripts/Content/Story/Dialoge/DIA_Addon_BDT_1070_Paul.d:253","(hektisch) Dauernd liegt er mir in den Ohren über diesen Esteban. dass er ihm sein Geschäft versaut und so ...","(황급하게) 그 에스테반 때문에 자기 사업을 망치고 어쩌고 하면서 늘 불만을 늘어놓았거든...","","False","DIA_Addon_Paul_MaulPaul_03_06","",""
"Scripts/Content/Story/Dialoge/DIA_Addon_BDT_1070_Paul.d:254","Ich hab nur zugehört und nie was gesagt.","난 그냥 듣기만 했을 뿐, 아무 말도 안 했어.","","False","DIA_Addon_Paul_MaulPaul_03_07","",""
"Scripts/Content/Story/Dialoge/DIA_Addon_BDT_1070_Paul.d:255","Ganz bestimmt! Siehst du. War doch gar nicht so schlimm.","그럼! 봤지. 그렇게 어려운 일 아니잖아.","","False","DIA_Addon_Paul_MaulPaul_15_08","",""
"Scripts/Content/Story/Dialoge/DIA_Addon_BDT_1070_Paul.d:289","Endlich! Hier, du sollst mein Erz dafür haben.","드디어! 자, 그 대가로 내 광석을 가져가.","","False","DIA_Addon_BDT_1070_Paul_Mine_03_00","",""
"Scripts/Content/Story/Dialoge/DIA_Addon_BDT_1070_Paul.d:308","Sonst alles klar bei dir?","그 외엔 별일 없나?","","False","DIA_Addon_Paul_PERM.description","",""
"Scripts/Content/Story/Dialoge/DIA_Addon_BDT_1070_Paul.d:321","Sonst alles klar bei dir?","그 외엔 별일 없나?","","False","DIA_Addon_Paul_PERM_15_00","",""
"Scripts/Content/Story/Dialoge/DIA_Addon_BDT_1070_Paul.d:325","Ja, ich werde einen Haufen Gold aus diesem Fels holen!","그래, 이 바위에서 금더미를 한가득 캐낼 거야!","","False","DIA_Addon_Paul_PERM_03_01","",""
"Scripts/Content/Story/Dialoge/DIA_Addon_BDT_1070_Paul.d:332","Ich hab dir alles gesagt, was ich weiß!","내가 아는 건 다 말해줬잖아!","","False","DIA_Addon_Paul_PERM_03_02","",""
"Scripts/Content/Story/Dialoge/DIA_Addon_BDT_1070_Paul.d:336","Ich will hier nur meine Arbeit machen, Mann!","난 그저 내 일을 하고 싶을 뿐이야, 이 친구야!","","False","DIA_Addon_Paul_PERM_03_03","",""
"Scripts/Content/Story/Dialoge/DIA_Addon_BDT_1071_Ramon.d:62","Hey, was ist da unten passiert?","이봐, 저 아래에서 무슨 일이 있었던 거지?","","False","DIA_Addon_Ramon_FirstWarn_07_00","",""
"Scripts/Content/Story/Dialoge/DIA_Addon_BDT_1071_Ramon.d:63","Ich habe Franco umgehauen.","내가 프랑코를 쓰러뜨렸어.","","False","DIA_Addon_Ramon_FirstWarn_15_01","",""
"Scripts/Content/Story/Dialoge/DIA_Addon_BDT_1071_Ramon.d:64","So? Dann ist es jetzt DEINE Aufgabe, dafür zu sorgen, dass die faulen Säcke jeden Tag ihre Arbeit machen.","그래? 그렇다면 이제 게으름뱅이들이 매일 제 역할을 다하도록 관리하는 게 네 임무다.","","False","DIA_Addon_Ramon_FirstWarn_07_02","",""
"Scripts/Content/Story/Dialoge/DIA_Addon_BDT_1071_Ramon.d:65","Hey, ich bin nicht hier, um mich mit Jägern rumzuärgern. Ich will in's Lager.","이봐, 사냥꾼들 뒷바라지나 하려고 여기 온 게 아니야. 난 캠프 안으로 들어가겠어.","","False","DIA_Addon_Ramon_FirstWarn_15_03","",""
"Scripts/Content/Story/Dialoge/DIA_Addon_BDT_1071_Ramon.d:66","Nichts da. Du hast Franco umgehauen - du bist jetzt der Anführer. Also mach deinen Job.","어림없는 소리. 네가 프랑코를 해치웠으니 - 이제 네가 우두머리다. 그러니 네 임무나 완수해.","","False","DIA_Addon_Ramon_FirstWarn_07_04","",""
"Scripts/Content/Story/Dialoge/DIA_Addon_BDT_1071_Ramon.d:67","Wenn ich der Anführer bin, dann kann ich bestimmen, wer als Nächstes reinkommt.","내가 우두머리라면, 다음에 누가 들어갈지 결정할 수도 있겠군.","","False","DIA_Addon_Ramon_FirstWarn_15_05","",""
"Scripts/Content/Story/Dialoge/DIA_Addon_BDT_1071_Ramon.d:68","Und ich bestimme, dass ICH als Nächster reinkomme.","그리고 다음은 내가 들어가는 걸로 결정하겠어.","","False","DIA_Addon_Ramon_FirstWarn_15_06","",""
"Scripts/Content/Story/Dialoge/DIA_Addon_BDT_1071_Ramon.d:69","(lacht) Ganz so einfach ist es nicht. Wir haben NIEMANDEN angefordert, also kommt auch NIEMAND rein.","(웃음) 그렇게 간단하지 않아. 우리는 그 누구도 요청한 적이 없으니, 들어올 수 있는 사람도 없다.","","False","DIA_Addon_Ramon_FirstWarn_07_07","",""
"Scripts/Content/Story/Dialoge/DIA_Addon_BDT_1071_Ramon.d:70","Thorus kann doch einen neuen Anführer für die Jäger schicken, dann wird drinnen ein Platz für mich frei.","토러스가 사냥꾼들을 이끌 새 우두머리를 보낼 수도 있잖아, 그럼 안쪽에 내 자리가 하나 비겠지.","","False","DIA_Addon_Ramon_FirstWarn_15_08","",""
"Scripts/Content/Story/Dialoge/DIA_Addon_BDT_1071_Ramon.d:71","(lacht) Du gibst nicht auf, was? Okay, dann schieb deinen Hintern rein.","(웃음) 포기를 모르는군, 그래? 좋아, 그럼 안으로 꺼져.","","False","DIA_Addon_Ramon_FirstWarn_07_09","",""
"Scripts/Content/Story/Dialoge/DIA_Addon_BDT_1071_Ramon.d:72","Thorus wird sich darum kümmern, dass die Jäger nicht ohne Anführer leben müssen.","사냥꾼들이 우두머리 없이 지내지 않도록 토러스가 조치를 취할 것이다.","","False","DIA_Addon_Ramon_FirstWarn_07_10","",""
"Scripts/Content/Story/Dialoge/DIA_Addon_BDT_1071_Ramon.d:73","Worauf wartest du noch? Und besorg dir 'ne Spitzhacke!","뭘 망설이고 있지? 그리고 곡괭이도 하나 챙겨라!","","False","DIA_Addon_Ramon_FirstWarn_07_11","",""
"Scripts/Content/Story/Dialoge/DIA_Addon_BDT_1071_Ramon.d:87","Hey, was willst du? Kann mir nicht vorstellen, dass du 'ne Erlaubnis für's Lager hast.","이봐, 뭘 원하는 거지? 캠프에 들어갈 허가증이라도 가지고 있다는 소리는 하지 마라.","","False","DIA_Addon_Ramon_FirstWarn_07_12","",""
"Scripts/Content/Story/Dialoge/DIA_Addon_BDT_1071_Ramon.d:91","Franco schickt mich. Er will wissen, ob jemand im Lager gebraucht wird.","프랑코의 보증을 받고 왔어. 캠프에 일손이 필요한지 물어보라더군.","","False","DIA_Addon_Ramon_FirstWarn_15_13","",""
"Scripts/Content/Story/Dialoge/DIA_Addon_BDT_1071_Ramon.d:94","Ja, wir brauchen jemanden. Gestern hat wieder einer von den Kerlen den Löffel abgegeben.","그래, 누군가 필요하긴 해. 어제도 녀석들 중 하나가 숟가락을 놨거든.","","False","DIA_Addon_Ramon_FirstWarn_07_14","",""
"Scripts/Content/Story/Dialoge/DIA_Addon_BDT_1071_Ramon.d:95","Dieser Idiot hat sich mit Esteban angelegt.","그 멍청이가 에스테반한테 덤볐지 뭐야.","","False","DIA_Addon_Ramon_FirstWarn_07_15","",""
"Scripts/Content/Story/Dialoge/DIA_Addon_BDT_1071_Ramon.d:96","Wer ist Esteban?","에스테반이 누군데?","","False","DIA_Addon_Ramon_FirstWarn_15_16","",""
"Scripts/Content/Story/Dialoge/DIA_Addon_BDT_1071_Ramon.d:97","Der Anführer des unteren Lagers. Er entscheidet, wer in die Mine kommt.","아래쪽 캠프의 우두머리야. 누가 광산에 들어갈 수 있는지 그가 결정하지.","","False","DIA_Addon_Ramon_FirstWarn_07_17","",""
"Scripts/Content/Story/Dialoge/DIA_Addon_BDT_1071_Ramon.d:98","Also sag Franco, dass Thorus nach einem neuen Mann verlangt. Alles klar?","그러니까 프랑코한테 토러스가 새 사람을 찾고 있다고 전해. 알았어?","","False","DIA_Addon_Ramon_FirstWarn_07_18","",""
"Scripts/Content/Story/Dialoge/DIA_Addon_BDT_1071_Ramon.d:105","Thorus? DER Thorus?","토러스? 그 토러스 말이야?","","False","DIA_Addon_Ramon_FirstWarn_Info.DIA_Addon_Ramon_FirstWarn.DIA_Addon_Ramon_FirstWarn_YES","Info_AddChoice",""
"Scripts/Content/Story/Dialoge/DIA_Addon_BDT_1071_Ramon.d:106","Thorus? Nie gehört...","토러스? 들어본 적 없는데...","","False","DIA_Addon_Ramon_FirstWarn_Info.DIA_Addon_Ramon_FirstWarn.DIA_Addon_Ramon_FirstWarn_NO","Info_AddChoice",""
"Scripts/Content/Story/Dialoge/DIA_Addon_BDT_1071_Ramon.d:112","Hey, langsam! Du kommst nicht rein - also verschwinde!","이봐, 진정해! 안에는 들여보내 줄 수 없으니까 - 꺼져!","","False","DIA_Addon_Ramon_FirstWarn_07_19","",""
"Scripts/Content/Story/Dialoge/DIA_Addon_BDT_1071_Ramon.d:122","Thorus? DER Thorus?","토러스? 그 토러스 말이야?","","False","DIA_Addon_Ramon_FirstWarn_YES_15_00","",""
"Scripts/Content/Story/Dialoge/DIA_Addon_BDT_1071_Ramon.d:123","Ja. DER Thorus. DER Mann, der die neuen Leute anfordert.","그래. 그 토러스 말이다. 새사람들을 요구하는 그 사람이 맞아.","","False","DIA_Addon_Ramon_FirstWarn_YES_07_01","",""
"Scripts/Content/Story/Dialoge/DIA_Addon_BDT_1071_Ramon.d:124","Der Mann, der entscheidet, ob und wann ein neuer Typ aus dem Sumpf ins Lager kommt.","늪에 있는 새로운 녀석이 언제 캠프로 들어올 수 있는지 결정하는 사람이지.","","False","DIA_Addon_Ramon_FirstWarn_YES_07_02","",""
"Scripts/Content/Story/Dialoge/DIA_Addon_BDT_1071_Ramon.d:125","Du willst mir doch nicht erzählen, dass du ihn von früher kennst?","설마 옛날부터 그를 알기라도 했다는 소린 아니겠지?","","False","DIA_Addon_Ramon_FirstWarn_YES_07_03","",""
"Scripts/Content/Story/Dialoge/DIA_Addon_BDT_1071_Ramon.d:126","Naja, ... Ja ...","글쎄, ... 그래 ...","","False","DIA_Addon_Ramon_FirstWarn_YES_15_04","",""
"Scripts/Content/Story/Dialoge/DIA_Addon_BDT_1071_Ramon.d:127","Pass auf - JEDER kennt Thorus.","잘 들어 - 토러스를 모르는 사람은 없어.","","False","DIA_Addon_Ramon_FirstWarn_YES_07_05","",""
"Scripts/Content/Story/Dialoge/DIA_Addon_BDT_1071_Ramon.d:128","Trotzdem kommst du nicht rein - und ich werde ihm NICHTS ausrichten!","그렇다 해도 들여보내 줄 순 없어 - 그리고 난 그에게 아무 전갈도 전하지 않을 거고!","","False","DIA_Addon_Ramon_FirstWarn_YES_07_06","",""
"Scripts/Content/Story/Dialoge/DIA_Addon_BDT_1071_Ramon.d:135","Thorus? Nie gehört ...","토러스? 들어본 적 없는데...","","False","DIA_Addon_Ramon_FirstWarn_NO_15_00","",""
"Scripts/Content/Story/Dialoge/DIA_Addon_BDT_1071_Ramon.d:136","Oh Mann, du kennst ihn nicht? Er war Chef der Gardisten im alten Lager.","이런 젠장, 그를 몰라? 그는 옛 캠프의 경비병 대장이었어.","","False","DIA_Addon_Ramon_FirstWarn_NO_07_01","",""
"Scripts/Content/Story/Dialoge/DIA_Addon_BDT_1071_Ramon.d:137","Er ist der Mann, der das Vertrauen von allen genießt.","모두가 신뢰하는 사람이라고.","","False","DIA_Addon_Ramon_FirstWarn_NO_07_02","",""
"Scripts/Content/Story/Dialoge/DIA_Addon_BDT_1071_Ramon.d:138","Er fordert die neuen Leute an und er entscheidet, ob und wann ein neuer Mann in's Lager geholt wird.","그가 새 사람들을 요구하고, 새로운 녀석을 캠프에 들일지 말지 결정하는 사람이야.","","False","DIA_Addon_Ramon_FirstWarn_NO_07_03","",""
"Scripts/Content/Story/Dialoge/DIA_Addon_BDT_1071_Ramon.d:139","Wenn du lange genug lebst, wirst du ihn kennenlernen.","살아남는다면 그를 알게 될 거다.","","False","DIA_Addon_Ramon_FirstWarn_NO_07_04","",""
"Scripts/Content/Story/Dialoge/DIA_Addon_BDT_1071_Ramon.d:170","Mach noch einen Schritt und es ist dein Letzter!","한 걸음만 더 내디디면 거기가 네 유언비가 될 줄 알아!","","False","DIA_Addon_Ramon_SecondWarn_07_00","",""
"Scripts/Content/Story/Dialoge/DIA_Addon_BDT_1071_Ramon.d:207","Manche lernen es nie ...","정신 못 차리는 녀석들이 꼭 있단 말이야...","","False","DIA_Addon_Ramon_Attack_07_00","",""
"Scripts/Content/Story/Dialoge/DIA_Addon_BDT_1071_Ramon.d:222","Ich bin der neue Mann.","내가 새로 온 사람이야.","","False","DIA_Addon_Ramon_News.description","",""
"Scripts/Content/Story/Dialoge/DIA_Addon_BDT_1071_Ramon.d:235","Ich bin der neue Mann.","내가 새로 온 사람이야.","","False","DIA_Addon_Ramon_News_15_00","",""
"Scripts/Content/Story/Dialoge/DIA_Addon_BDT_1071_Ramon.d:236","Hey, versuch nicht, mich zu verarschen. Es entscheidet immer noch Franco, wer von euch in's Lager kommt.","이봐, 나를 속이려 들지 마. 너희들 중 누가 캠프에 들어갈지 결정하는 건 여전히 프랑코니까.","","False","DIA_Addon_Ramon_News_07_01","",""
"Scripts/Content/Story/Dialoge/DIA_Addon_BDT_1071_Ramon.d:248","Franco hat mich geschickt...","프랑코가 날 보냈어...","","False","DIA_Addon_Ramon_Lie.description","",""
"Scripts/Content/Story/Dialoge/DIA_Addon_BDT_1071_Ramon.d:262","Franco hat mich geschickt ...","프랑코가 날 보냈어...","","False","DIA_Addon_Ramon_Lie_15_00","",""
"Scripts/Content/Story/Dialoge/DIA_Addon_BDT_1071_Ramon.d:263","Hat er nicht. Also verschwinde, sonst brech ich dir die Knochen ...","그럴 리가 없는데. 당장 꺼져, 아니면 뼈를 부러뜨려 줄 테니까...","","False","DIA_Addon_Ramon_Lie_07_01","",""
"Scripts/Content/Story/Dialoge/DIA_Addon_BDT_1071_Ramon.d:278","Und? Hast du alles im Griff?","그래서? 상황은 잘 통제하고 있나?","","False","DIA_Addon_Ramon_Perm.description","",""
"Scripts/Content/Story/Dialoge/DIA_Addon_BDT_1071_Ramon.d:292","Und? Hast du alles im Griff?","그래서? 상황은 잘 통제하고 있나?","","False","DIA_Addon_Ramon_Perm_15_00","",""
"Scripts/Content/Story/Dialoge/DIA_Addon_BDT_1071_Ramon.d:293","Hier ist alles in Ordnung - solange niemand rein will, der nicht rein SOLL.","여긴 아무 문제 없어 - 들어오면 안 되는 녀석이 들어오려고만 안 한다면 말이지.","","False","DIA_Addon_Ramon_Perm_07_01","",""
"Scripts/Content/Story/Dialoge/DIA_Addon_BDT_1072_Logan.d:11","Ich komme später wieder... (ENDE)","나중에 다시 올게... (종료)","","False","DIA_Addon_Logan_EXIT.description","",""
"Scripts/Content/Story/Dialoge/DIA_Addon_BDT_1072_Logan.d:21","Ich komme später wieder ...","나중에 다시 올게...","","False","DIA_Addon_Logan_EXIT_15_00","",""
"Scripts/Content/Story/Dialoge/DIA_Addon_BDT_1072_Logan.d:27","(knurrt) Jaaa, lauf du nur weg. Ich werde hier stehen und alles aufhalten, was zu dicht rankommt.","(으르렁거리며) 그래, 도망치시겠다? 난 여기 서서 가까이 접근하는 건 모조리 막아버릴 테니까.","","False","DIA_Addon_Logan_EXIT_10_01","",""
"Scripts/Content/Story/Dialoge/DIA_Addon_BDT_1072_Logan.d:96","Du hast es also geschafft, hm? Okay, gut, dass du mich nicht hängen lässt.","해냈단 말이지, 그래? 좋아, 날 내버려두지 않아서 다행이군.","","False","DIA_Addon_BDT_1072_Logan_Mine_10_00","",""
"Scripts/Content/Story/Dialoge/DIA_Addon_BDT_1072_Logan.d:113","Wie läuft's bei dir?","요즘 어때?","","False","DIA_Addon_Logan_How2.description","",""
"Scripts/Content/Story/Dialoge/DIA_Addon_BDT_1072_Logan.d:127","Wie läuft's bei dir?","요즘 어때?","","False","DIA_Addon_Logan_How2_15_00","",""
"Scripts/Content/Story/Dialoge/DIA_Addon_BDT_1072_Logan.d:128","Na ja, wenigstens bin ich schon mal drin. Lucia brennt einen harten Schnaps.","글쎄, 적어도 안으로 들어오긴 했잖아. 루시아가 독한 술을 빚고 있거든.","","False","DIA_Addon_Logan_How2_10_01","",""
"Scripts/Content/Story/Dialoge/DIA_Addon_BDT_1072_Logan.d:129","Aber Esteban lässt mich nicht in die Mine. Jedenfalls noch nicht. Er hat mir noch 'ne andere Aufgabe gegeben.","하지만 에스테반은 나를 광산에 들여보내 주지 않아. 적어도 지금은 말이야. 다른 일을 맡겼거든.","","False","DIA_Addon_Logan_How2_10_02","",""
"Scripts/Content/Story/Dialoge/DIA_Addon_BDT_1072_Logan.d:130","Und? Was will er von dir?","그래? 너한테 뭘 원하는데?","","False","DIA_Addon_Logan_How2_15_03","",""
"Scripts/Content/Story/Dialoge/DIA_Addon_BDT_1072_Logan.d:131","Es wurde ein Attentat auf Esteban verübt. Er will wissen, wer dahinter steckt.","에스테반을 노린 암살 시도가 있었어. 배후에 누가 있는지 알고 싶어 하더군.","","False","DIA_Addon_Logan_How2_10_04","",""
"Scripts/Content/Story/Dialoge/DIA_Addon_BDT_1072_Logan.d:132","(leise) Esteban glaubt, daß Snaf da mit drin hängt. Ich soll ihn im Auge behalten...","(낮은 목소리로) 스나프가 연루되어 있다고 에스테반은 믿고 있어. 내가 그를 감시해야 해...","","False","DIA_Addon_Logan_How2_10_05","",""
"Scripts/Content/Story/Dialoge/DIA_Addon_BDT_1072_Logan.d:159","Du suchst nach den Typen, die dahinter stecken, was?","배후에 있는 녀석들을 찾고 있는 거지, 그렇지?","","False","DIA_Addon_Logan_Attentat_10_00","",""
"Scripts/Content/Story/Dialoge/DIA_Addon_BDT_1072_Logan.d:160","Aber ich weiß nichts darüber. Wie sollte ich auch? Zu der Zeit saß ich noch im Sumpf ...","하지만 난 아는 게 없어. 어떻게 알겠어? 그때 난 아직 늪에 있었는걸...","","False","DIA_Addon_Logan_Attentat_10_01","",""
"Scripts/Content/Story/Dialoge/DIA_Addon_BDT_1072_Logan.d:186","Schau an, ein neues Gesicht.","이봐, 낯선 얼굴이네.","","False","DIA_Addon_Logan_HI_10_00","",""
"Scripts/Content/Story/Dialoge/DIA_Addon_BDT_1072_Logan.d:187","Willst du nur im Weg rumstehen oder bist du gekommen, um mir zu helfen?","그냥 구경하러 온 거야, 아니면 나를 도와주러 온 거야?","","False","DIA_Addon_Logan_HI_10_01","",""
"Scripts/Content/Story/Dialoge/DIA_Addon_BDT_1072_Logan.d:191","Franco schickt mich. Er meint, du kannst Hilfe brauchen. Also was gibt's?","프랑코가 보냈어. 네가 도움이 필요할 거래. 그래서 무슨 일인데?","","False","DIA_Addon_Logan_HI_15_02","",""
"Scripts/Content/Story/Dialoge/DIA_Addon_BDT_1072_Logan.d:195","Kommt darauf an - wobei brauchst du denn Hilfe?","상황에 따라 다르지 - 어떤 도움이 필요한데?","","False","DIA_Addon_Logan_HI_15_03","",""
"Scripts/Content/Story/Dialoge/DIA_Addon_BDT_1072_Logan.d:198","Die Sumpfhaie kommen mir ein bisschen zu nahe - wird Zeit, ein paar von ihnen zu erledigen.","늪상어들이 너무 가까이 기어오고 있어 - 녀석들 중 몇 마리를 해치울 때가 됐어.","","False","DIA_Addon_Logan_HI_10_04","",""
"Scripts/Content/Story/Dialoge/DIA_Addon_BDT_1072_Logan.d:214","Was kriege ich für meine Hilfe?","내가 도와주면 뭐가 떨어지나?","","False","DIA_Addon_Logan_Why.description","",""
"Scripts/Content/Story/Dialoge/DIA_Addon_BDT_1072_Logan.d:228","Was kriege ich für meine Hilfe?","내가 도와주면 뭐가 떨어지나?","","False","DIA_Addon_Logan_Why_15_00","",""
"Scripts/Content/Story/Dialoge/DIA_Addon_BDT_1072_Logan.d:229","(knurrt) Franco lässt dich hier verschimmeln, wenn du nichts tust.","(으르렁거리며) 아무것도 안 하면 프랑코가 너를 여기서 썩게 만들걸.","","False","DIA_Addon_Logan_Why_10_01","",""
"Scripts/Content/Story/Dialoge/DIA_Addon_BDT_1072_Logan.d:230","Wenn du in's Lager willst, musst du schon mit anpacken. Nur mit Worten kommst du hier nicht weiter.","캠프에 들어가고 싶다면 네 손으로 직접 일을 해야 해. 말만으로는 여기서 아무것도 못 해.","","False","DIA_Addon_Logan_Why_10_02","",""
"Scripts/Content/Story/Dialoge/DIA_Addon_BDT_1072_Logan.d:231","Außerdem kann ich dir zeigen, wie du die Viecher ausweiden kannst.","게다가 짐승들의 배를 갈라 가죽을 벗기는 법도 가르쳐 줄 수 있지.","","False","DIA_Addon_Logan_Why_10_03","",""
"Scripts/Content/Story/Dialoge/DIA_Addon_BDT_1072_Logan.d:232","Aber bild' dir ja nicht ein, dass Franco dich direkt ins Lager schickt, nur weil wir beide hier ein bisschen Spaß mit Sumpfhaien hatten.","하지만 우리 둘이 여기서 늪상어랑 좀 놀았다고 해서 프랑코가 널 곧바로 캠프에 들여보내 줄 거라고 착각하지는 마.","","False","DIA_Addon_Logan_Why_10_04","",""
"Scripts/Content/Story/Dialoge/DIA_Addon_BDT_1072_Logan.d:233","Es gibt Leute hier draußen, die warten schon 'ne ganze Weile darauf, reinzukommen.","이 바깥에는 안으로 들어가려고 꽤 오래 기다린 녀석들이 있거든.","","False","DIA_Addon_Logan_Why_10_05","",""
"Scripts/Content/Story/Dialoge/DIA_Addon_BDT_1072_Logan.d:234","Und der Nächste, der reinkommt, bin ich ... (knurrt) ... und wehe nicht ...","그리고 다음에 들어갈 사람은 바로 나야... (으르렁거리며)... 안 그러기만 해봐라...","","False","DIA_Addon_Logan_Why_10_06","",""
"Scripts/Content/Story/Dialoge/DIA_Addon_BDT_1072_Logan.d:249","Was gibt's denn im Lager?","캠프에는 뭐가 있는데?","","False","DIA_Addon_Logan_Lager.description","",""
"Scripts/Content/Story/Dialoge/DIA_Addon_BDT_1072_Logan.d:263","Was gibt's denn im Lager?","캠프에는 뭐가 있는데?","","False","DIA_Addon_Logan_Lager_15_00","",""
"Scripts/Content/Story/Dialoge/DIA_Addon_BDT_1072_Logan.d:264","(knurrt) Die Frage ist doch was gibt es NICHT im Lager. Es gibt dort keine Sumpfhaie, keine Sumpflöcher ... keinen SUMPF halt.","(으르렁거리며) 질문이 틀렸지. 캠프에 '없는' 게 뭔지를 물어야지. 거긴 늪상어도 없고, 늪 구덩이도 없어... 한마디로 늪이 없단 말이다.","","False","DIA_Addon_Logan_Lager_10_01","",""
"Scripts/Content/Story/Dialoge/DIA_Addon_BDT_1072_Logan.d:265","Stattdessen haben sie Schnaps und Gold. Soviel ich weiß, haben sie da auch eine Frau. Alles klar?","대신에 술이랑 금이 있지. 내 알기로는 여자도 한 명 있어. 알겠어?","","False","DIA_Addon_Logan_Lager_10_02","",""
"Scripts/Content/Story/Dialoge/DIA_Addon_BDT_1072_Logan.d:277","Lass uns die Sumpfhaie angreifen.","늪상어들을 공격하자.","","False","DIA_Addon_Logan_MIS.description","",""
"Scripts/Content/Story/Dialoge/DIA_Addon_BDT_1072_Logan.d:290","Lass uns die Sumpfhaie angreifen.","늪상어들을 공격하자.","","False","DIA_Addon_Logan_MIS_15_00","",""
"Scripts/Content/Story/Dialoge/DIA_Addon_BDT_1072_Logan.d:291","(knurrt) Du hast begriffen, wie du hier weiterkommst. Gefällt mir. Psst ... hörst du das? Jaaa, ich höre sie.","(으르렁거리며) 여기서 살아남는 법을 깨달았군. 마음에 들어. 쉿... 들리나? 그래, 들리는군.","","False","DIA_Addon_Logan_MIS_10_01","",""
"Scripts/Content/Story/Dialoge/DIA_Addon_BDT_1072_Logan.d:292","Verstehe - und was machen wir jetzt?","알았어 - 그럼 이제 뭘 하지?","","False","DIA_Addon_Logan_MIS_15_02","",""
"Scripts/Content/Story/Dialoge/DIA_Addon_BDT_1072_Logan.d:293","Sie kommen. Sie haben Appetit auf 'nen Happen Menschenfleisch. Wollen wir doch mal sehen, WER hier wen fressen wird ... Auf geht's","녀석들이 온다. 인간 고기를 좀 씹어 먹고 싶어 하는 눈치군. 누가 누구를 씹어 먹게 될지 어디 한번 볼까... 가자고!","","False","DIA_Addon_Logan_MIS_10_03","",""
"Scripts/Content/Story/Dialoge/DIA_Addon_BDT_1072_Logan.d:332","Nur tote Sumpfhaie sind gute Sumpfhaie. Das wird ihren Brüdern eine Warnung sein!","죽은 늪상어만이 좋은 늪상어지. 녀석들의 동료들에게 좋은 경고가 될 거야!","","False","DIA_Addon_Logan_tot_10_00","",""
"Scripts/Content/Story/Dialoge/DIA_Addon_BDT_1072_Logan.d:333","Alles klar, gibt's noch was zu tun? Sonst hau ich mal wieder ab ...","좋아, 더 할 일은 없어? 없으면 난 이만 가볼게...","","False","DIA_Addon_Logan_tot_15_01","",""
"Scripts/Content/Story/Dialoge/DIA_Addon_BDT_1072_Logan.d:334","Mach das. Wenn du noch was lernen willst - du weißt, wo du mich finden kannst.","그래라. 더 배우고 싶다면 - 내가 어디 있는지 알겠지.","","False","DIA_Addon_Logan_tot_10_02","",""
"Scripts/Content/Story/Dialoge/DIA_Addon_BDT_1072_Logan.d:354","Zeig mir, wie ich Tiere ausnehmen kann ...","동물들의 가죽을 벗기는 법을 가르쳐 줘...","","False","DIA_Addon_Logan_Lern.description","",""
"Scripts/Content/Story/Dialoge/DIA_Addon_BDT_1072_Logan.d:367","Zeig mir, wie ich Tiere ausnehmen kann ...","동물들의 가죽을 벗기는 법을 가르쳐 줘...","","False","DIA_Addon_Logan_Lern_15_00","",""
"Scripts/Content/Story/Dialoge/DIA_Addon_BDT_1072_Logan.d:368","Wenn du was über Blutfliegen wissen willst, geh zu Edgor. Der Mann hat Ahnung davon.","흡혈파리에 대해 알고 싶다면 에드고르에게 가봐. 그 녀석이 그 방면으로는 잘 알거든.","","False","DIA_Addon_Logan_Lern_10_01","",""
"Scripts/Content/Story/Dialoge/DIA_Addon_BDT_1072_Logan.d:369","Und wenn du Sumpfhaie oder Echsen ausnehmen willst, musst du wissen, wie du Felle und Zähne reißen kannst. Das kann ich dir zeigen.","그리고 늪상어나 도마뱀을 손질하고 싶다면 가죽을 벗기고 이빨을 뽑는 법을 알아야 해. 그건 내가 가르쳐 줄 수 있지.","","False","DIA_Addon_Logan_Lern_10_02","",""
"Scripts/Content/Story/Dialoge/DIA_Addon_BDT_1072_Logan.d:382","Ich will lernen ...","배우고 싶어...","","False","DIA_Addon_Logan_Allg.description","",""
"Scripts/Content/Story/Dialoge/DIA_Addon_BDT_1072_Logan.d:452","Wie läuft's?","어떻게 지내?","","False","DIA_Addon_Logan_Hacker.description","",""
"Scripts/Content/Story/Dialoge/DIA_Addon_BDT_1072_Logan.d:465","Wie läuft's?","어떻게 지내?","","False","DIA_Addon_BDT_10004_Logan_Hacker_15_00","",""
"Scripts/Content/Story/Dialoge/DIA_Addon_BDT_1072_Logan.d:466","Hey, dank dir habe ich es geschafft. Ich bin in der Mine!","이봐, 덕분에 해냈어. 내가 광산에 들어왔다고!","","False","DIA_Addon_BDT_10004_Logan_Hacker_10_01","",""
"Scripts/Content/Story/Dialoge/DIA_Addon_BDT_1072_Logan.d:467","Ich hab zwar noch nicht viel Ahnung vom Goldhacken, aber das wird schon.","금 채굴에 대해선 아직 잘 모르지만, 곧 익숙해지겠지.","","False","DIA_Addon_BDT_10004_Logan_Hacker_10_02","",""
"Scripts/Content/Story/Dialoge/DIA_Addon_BDT_1072_Logan.d:471","Ich habe schon das Wichtigste gelernt. Beine fest auf den Boden und immer feste drauf kloppen!","가장 중요한 건 배웠어. 다리에 힘을 단단히 주고 정신없이 내리치는 거지!","","False","DIA_Addon_BDT_10004_Logan_Hacker_10_03","",""
"Scripts/Content/Story/Dialoge/DIA_Addon_BDT_1073_Sancho.d:79","Scheiße, noch ein Neuer. (lacht) Auch wegen des Goldes hier, was?","젠장, 또 뉴비가 왔군. (웃음) 너도 금 때문에 온 거지, 그렇지?","","False","DIA_Addon_Sancho_HI_06_00","",""
"Scripts/Content/Story/Dialoge/DIA_Addon_BDT_1073_Sancho.d:80","Gold?","금?","","False","DIA_Addon_Sancho_HI_15_01","",""
"Scripts/Content/Story/Dialoge/DIA_Addon_BDT_1073_Sancho.d:81","(lachend) Jetzt hör auf mich zu verarschen!","(웃으며) 그만 놀려라!","","False","DIA_Addon_Sancho_HI_06_02","",""
"Scripts/Content/Story/Dialoge/DIA_Addon_BDT_1073_Sancho.d:82","Alle Neuen, die herkommen, wollen in die Mine.","여기에 오는 뉴비들은 다 광산에 들어가고 싶어 하니까.","","False","DIA_Addon_Sancho_HI_06_03","",""
"Scripts/Content/Story/Dialoge/DIA_Addon_BDT_1073_Sancho.d:83","Aber stell dir das bloß nicht so einfach vor!","하지만 그렇게 만만하게 생각하진 마!","","False","DIA_Addon_Sancho_HI_06_04","",""
"Scripts/Content/Story/Dialoge/DIA_Addon_BDT_1073_Sancho.d:104","Wie komme ich zum Lager?","캠프에는 어떻게 가나?","","False","DIA_Addon_Sancho_Lager.description","",""
"Scripts/Content/Story/Dialoge/DIA_Addon_BDT_1073_Sancho.d:114","Wie komme ich zum Lager?","캠프에는 어떻게 가나?","","False","DIA_Addon_Sancho_Lager_15_00","",""
"Scripts/Content/Story/Dialoge/DIA_Addon_BDT_1073_Sancho.d:115","Folge einfach dem Steg!","그냥 나무다리를 따라가!","","False","DIA_Addon_Sancho_Lager_06_01","",""
"Scripts/Content/Story/Dialoge/DIA_Addon_BDT_1073_Sancho.d:118","Aber wenn du in die Mine willst, musst du an Franco vorbei.","하지만 광산에 들어가려면 프랑코를 거쳐야 할 거야.","","False","DIA_Addon_Sancho_Lager_06_02","",""
"Scripts/Content/Story/Dialoge/DIA_Addon_BDT_1073_Sancho.d:119","Er erwartet von allen Neuen, dass sie sich erstmal 'ne Weile hier draußen abrackern!","그는 모든 뉴비들이 여기서 한동안 죽어라 일하기를 바라거든!","","False","DIA_Addon_Sancho_Lager_06_03","",""
"Scripts/Content/Story/Dialoge/DIA_Addon_BDT_1073_Sancho.d:136","Erzähl mir mehr über die Mine...","광산에 대해 더 말해줘...","","False","DIA_Addon_Sancho_Mine.description","",""
"Scripts/Content/Story/Dialoge/DIA_Addon_BDT_1073_Sancho.d:149","Erzähl mir mehr über die Mine ...","광산에 대해 더 말해줘...","","False","DIA_Addon_Sancho_Mine_15_00","",""
"Scripts/Content/Story/Dialoge/DIA_Addon_BDT_1073_Sancho.d:150","Ich geb dir 'nen guten Rat: Wenn du rein willst, stell dich gut mit Franco. Er ist hier draußen der Boss.","좋은 충고 하나 해주지. 안으로 들어가고 싶다면 프랑코와 잘 지내는 게 좋을 거야. 그가 이 바깥의 보스니까.","","False","DIA_Addon_Sancho_Mine_06_01","",""
"Scripts/Content/Story/Dialoge/DIA_Addon_BDT_1073_Sancho.d:151","Er entscheidet, wer als Nächster rein darf.","누가 다음에 들어갈지 그가 결정해.","","False","DIA_Addon_Sancho_Mine_06_02","",""
"Scripts/Content/Story/Dialoge/DIA_Addon_BDT_1073_Sancho.d:152","Aber er wird dich nur reinlassen, wenn du hier draußen nicht die Eier schaukelst.","하지만 여기서 뺀질거리지만 않는다면야 들여보내 주겠지.","","False","DIA_Addon_Sancho_Mine_06_03","",""
"Scripts/Content/Story/Dialoge/DIA_Addon_BDT_1073_Sancho.d:153","Also geh zu ihm, und lass dir 'ne Aufgabe geben!","그러니 그에게 가서 할 일을 받아내라고!","","False","DIA_Addon_Sancho_Mine_06_04","",""
"Scripts/Content/Story/Dialoge/DIA_Addon_BDT_1073_Sancho.d:167","Wo finde ich diesen Franco?","그 프랑코란 자는 어디서 찾을 수 있지?","","False","DIA_Addon_Sancho_Franco.description","",""
"Scripts/Content/Story/Dialoge/DIA_Addon_BDT_1073_Sancho.d:181","Wo finde ich diesen Franco?","그 프랑코란 자는 어디서 찾을 수 있지?","","False","DIA_Addon_Sancho_Franco_15_00","",""
"Scripts/Content/Story/Dialoge/DIA_Addon_BDT_1073_Sancho.d:182","Er hängt meistens auf dem Vorplatz zum Lager rum.","대개는 캠프 앞마당에서 빈둥거리고 있어.","","False","DIA_Addon_Sancho_Franco_06_01","",""
"Scripts/Content/Story/Dialoge/DIA_Addon_BDT_1073_Sancho.d:183","Stell dich bloß gut mit ihm, sonst bekommst du am Ende noch so'n Scheißjob wie ich!","웬만하면 그와 잘 지내두라고, 안 그러면 나처럼 거지 같은 일을 떠맡게 될 테니까!","","False","DIA_Addon_Sancho_Franco_06_02","",""
"Scripts/Content/Story/Dialoge/DIA_Addon_BDT_1073_Sancho.d:197","Mußt du hier die ganze Zeit rumhängen?","너 여기서 내내 빈둥거리고 있어야 해?","","False","DIA_Addon_Sancho_Spitzel.description","",""
"Scripts/Content/Story/Dialoge/DIA_Addon_BDT_1073_Sancho.d:211","Musst du hier die ganze Zeit rumhängen?","너 여기서 내내 빈둥거리고 있어야 해?","","False","DIA_Addon_Sancho_Spitzel_15_00","",""
"Scripts/Content/Story/Dialoge/DIA_Addon_BDT_1073_Sancho.d:212","Ich soll alle Neuen untersuchen, damit sich bei uns kein Spitzel einschleicht.","우리 중에 스파이가 숨어들지 못하도록 새로 온 녀석들을 전부 조사하라는 명이 있거든.","","False","DIA_Addon_Sancho_Spitzel_06_01","",""
"Scripts/Content/Story/Dialoge/DIA_Addon_BDT_1073_Sancho.d:213","Aber das kannst du vergessen. Ich meine, wir sind hier am Ende der Welt - mitten im Sumpf.","하지만 꿈도 못 꿀 소리지. 내 말은, 여긴 세상의 끝이잖아 - 늪 한가운데라고.","","False","DIA_Addon_Sancho_Spitzel_06_02","",""
"Scripts/Content/Story/Dialoge/DIA_Addon_BDT_1073_Sancho.d:214","Niemand kann uns finden, niemand wird uns finden - und warum sollte sich jemand die Mühe machen, einen Spitzel zu uns schicken.","아무도 우리를 찾을 수 없고, 찾지도 못할 거야 - 애초에 누가 우리한테 스파이를 보낸다고 고생을 하겠어.","","False","DIA_Addon_Sancho_Spitzel_06_03","",""
"Scripts/Content/Story/Dialoge/DIA_Addon_BDT_1073_Sancho.d:227","Was gibt's neues?","새로운 소식 있어?","","False","DIA_Addon_Sancho_Perm.description","",""
"Scripts/Content/Story/Dialoge/DIA_Addon_BDT_1073_Sancho.d:242","Was gibt's neues?","새로운 소식 있어?","","False","DIA_Addon_Sancho_Perm_15_00","",""
"Scripts/Content/Story/Dialoge/DIA_Addon_BDT_1073_Sancho.d:247","Ich hab gehört, du hast Franco umgelegt. Saubere Arbeit ...","네가 프랑코를 해치웠다면서. 깔끔한 솜씨더군...","","False","DIA_Addon_Sancho_Perm_06_01","",""
"Scripts/Content/Story/Dialoge/DIA_Addon_BDT_1073_Sancho.d:251","... aber jetzt haben wir diesen Carlos am Hals. Mit dem ist auch nicht zu spaßen ...","...하지만 이제 우리 목엔 이 카를로스가 걸려 있어. 저 자도 만만치 않다고...","","False","DIA_Addon_Sancho_Perm_06_02","",""
"Scripts/Content/Story/Dialoge/DIA_Addon_BDT_1073_Sancho.d:255","Und Carlos hast du auch umgebracht? Alter, du bist ein ganz übler Mörder, was? Lass mich bloß in Ruhe.","설마 카를로스까지 죽인 거야? 이봐, 너 아주 악랄한 살인마구나? 제발 나를 내버려 둬.","","False","DIA_Addon_Sancho_Perm_06_03","",""
"Scripts/Content/Story/Dialoge/DIA_Addon_BDT_1073_Sancho.d:263","Ich hab gehört, du hast Esteban umgelegt. Hey Mann, du hast es vor, was?","네가 에스테반을 해치웠다는 소릴 들었어. 이봐 친구, 뭔가 단단히 꾸미고 있는 거지?","","False","DIA_Addon_Sancho_Perm_06_04","",""
"Scripts/Content/Story/Dialoge/DIA_Addon_BDT_1073_Sancho.d:269","Nee, im Moment gibt's nichts Neues.","아니, 지금은 별다른 소식 없어.","","False","DIA_Addon_Sancho_Perm_06_05","",""
"Scripts/Content/Story/Dialoge/DIA_Addon_BDT_1074_Edgor.d:22","War schön, dich gekannt zu haben ...","알게 돼서 반가웠다...","","False","DIA_Addon_Edgor_EXIT_06_00","",""
"Scripts/Content/Story/Dialoge/DIA_Addon_BDT_1074_Edgor.d:75","Wie läuft's?","어떻게 지내?","","False","DIA_Addon_Edgor_Hi.description","",""
"Scripts/Content/Story/Dialoge/DIA_Addon_BDT_1074_Edgor.d:85","Wie läuft's?","어떻게 지내?","","False","DIA_Addon_Edgor_Hi_15_00","",""
"Scripts/Content/Story/Dialoge/DIA_Addon_BDT_1074_Edgor.d:86","Du willst wissen, wie es läuft? Ich sage dir, wie es läuft.","어떻게 지내는지 알고 싶어? 어떻게 지내는지 말해주지.","","False","DIA_Addon_Edgor_Hi_06_01","",""
"Scripts/Content/Story/Dialoge/DIA_Addon_BDT_1074_Edgor.d:87","Zuerst haben mich irgendwelche Piraten in stürmischer Nacht hergebracht. Mann, ich hab die ganze Nussschale vollgekotzt.","일단 어떤 해적들이 폭풍우 치는 밤에 나를 여기로 끌고 왔어. 이 작은 배 안에서 토할 뻔했다고.","","False","DIA_Addon_Edgor_Hi_06_02","",""
"Scripts/Content/Story/Dialoge/DIA_Addon_BDT_1074_Edgor.d:88","Dann lässt Raven die Mine absperren, weil irgendwelche Idioten zu gierig auf das Gold sind.","그러더니 몇몇 멍청이들이 금에 눈이 멀어 욕심을 부린다는 이유로 레이븐이 광산을 폐쇄해 버렸지.","","False","DIA_Addon_Edgor_Hi_06_03","",""
"Scripts/Content/Story/Dialoge/DIA_Addon_BDT_1074_Edgor.d:89","Und dann wird Franco Anführer der Jäger und bringt jeden um, der dagegen ist.","그리고 프랑코가 사냥꾼들의 우두머리가 되어서 반대하는 자들은 모조리 죽여버렸고.","","False","DIA_Addon_Edgor_Hi_06_04","",""
"Scripts/Content/Story/Dialoge/DIA_Addon_BDT_1074_Edgor.d:90","Ich würde sagen, es läuft ziemlich mies.","아주 개판으로 지내고 있다고 보면 돼.","","False","DIA_Addon_Edgor_Hi_06_05","",""
"Scripts/Content/Story/Dialoge/DIA_Addon_BDT_1074_Edgor.d:111","Wie ist Franco zum Anführer geworden?","프랑코는 어떻게 우두머리가 된 거야?","","False","DIA_Addon_Edgor_Franco.description","",""
"Scripts/Content/Story/Dialoge/DIA_Addon_BDT_1074_Edgor.d:124","Wie ist Franco zum Anführer geworden?","프랑코가 어떻게 우두머리가 된 거지?","","False","DIA_Addon_Edgor_Franco_15_00","",""
"Scripts/Content/Story/Dialoge/DIA_Addon_BDT_1074_Edgor.d:125","Ganz einfach. Er hat Fletcher umgelegt. Der war vorher Anführer der Jäger.","아주 간단하지. 플레처를 해치웠거든. 녀석이 전에는 사냥꾼들의 우두머리였어.","","False","DIA_Addon_Edgor_Franco_06_01","",""
"Scripts/Content/Story/Dialoge/DIA_Addon_BDT_1074_Edgor.d:126","Fletcher war okay. Franco verarscht uns doch alle nur.","플레처는 괜찮은 녀석이었어. 프랑코는 우리를 아주 놀려먹고 있는 거라고.","","False","DIA_Addon_Edgor_Franco_06_02","",""
"Scripts/Content/Story/Dialoge/DIA_Addon_BDT_1074_Edgor.d:138","Franco schickt mich wegen dieser Steintafel..","프랑코가 이 석판 때문에 나를 보냈어...","","False","DIA_Addon_Edgor_MIS2.description","",""
"Scripts/Content/Story/Dialoge/DIA_Addon_BDT_1074_Edgor.d:152","Franco schickt mich wegen dieser Steintafel. Hast du sie gefunden?","프랑코가 그 석판 일로 나를 보냈어. 찾았나?","","False","DIA_Addon_Edgor_MIS2_15_00","",""
"Scripts/Content/Story/Dialoge/DIA_Addon_BDT_1074_Edgor.d:153","Mann, ich hab sie nicht mal gesucht. Alles was ich weiß ist, sie soll in diesem alten Gebäude tief im Sumpf liegen.","이봐, 난 찾지도 않았어. 내가 아는 거라곤 늪 깊은 곳에 있는 이 오래된 건물에 있다는 것뿐이야.","","False","DIA_Addon_Edgor_MIS2_06_01","",""
"Scripts/Content/Story/Dialoge/DIA_Addon_BDT_1074_Edgor.d:154","Und meine innere Stimme sagt mir - Edgor, halte dich fern von alten Gebäuden, die tief im Sumpf liegen.","그리고 내 내면의 목소리가 말해주지. '에드고르, 늪 깊은 곳에 있는 오래된 건물들로부터 멀리 떨어져 있어.'라고 말이야.","","False","DIA_Addon_Edgor_MIS2_06_02","",""
"Scripts/Content/Story/Dialoge/DIA_Addon_BDT_1074_Edgor.d:155","Ich werde meinen Arsch bestimmt nicht für diesen Penner Franco riskieren!","그 자식 프랑코 녀석을 위해 내 엉덩이를 걸 생각은 절대 없어!","","False","DIA_Addon_Edgor_MIS2_06_03","",""
"Scripts/Content/Story/Dialoge/DIA_Addon_BDT_1074_Edgor.d:169","Wo ist dieses alte Gebäude noch gleich?","그 오래된 건물이 어디쯤에 있지?","","False","DIA_Addon_Edgor_Weg.description","",""
"Scripts/Content/Story/Dialoge/DIA_Addon_BDT_1074_Edgor.d:182","Wo ist dieses alte Gebäude noch gleich?","그 오래된 건물이 정확히 어디에 있지?","","False","DIA_Addon_Edgor_Weg_15_00","",""
"Scripts/Content/Story/Dialoge/DIA_Addon_BDT_1074_Edgor.d:183","Geh einfach links an dem großen Felsen hier vorbei. Nach einer Weile kommst du zu 'nem weiteren großen Felsen.","여기 커다란 바위를 지나 왼쪽으로 가. 잠시 후면 또 다른 커다란 바위가 나올 거야.","","False","DIA_Addon_Edgor_Weg_06_01","",""
"Scripts/Content/Story/Dialoge/DIA_Addon_BDT_1074_Edgor.d:184","Da musst du dann links oder rechts dran vorbei - ich weiß es nicht mehr, das ist schon zu lange her.","거기서 왼쪽이든 오른쪽이든 지나쳐야 해. 잘 기억이 안 나, 너무 오래전 일이라서 말이야.","","False","DIA_Addon_Edgor_Weg_06_02","",""
"Scripts/Content/Story/Dialoge/DIA_Addon_BDT_1074_Edgor.d:185","Aber die Ruine soll auf einer Art Anhöhe liegen. Ziemlich versteckt zwischen Pflanzen.","하지만 그 유적은 일종의 언덕 위에 있다고 해. 식물들 사이에 꽤 잘 숨겨져 있지.","","False","DIA_Addon_Edgor_Weg_06_03","",""
"Scripts/Content/Story/Dialoge/DIA_Addon_BDT_1074_Edgor.d:186","Vielleicht hast du Glück, und du findest sie nicht ...","운이 좋다면, 못 찾을지도 모르지...","","False","DIA_Addon_Edgor_Weg_06_04","",""
"Scripts/Content/Story/Dialoge/DIA_Addon_BDT_1074_Edgor.d:198","Ich habe die Steintafel gefunden!","석판을 찾았어!","","False","DIA_Addon_Edgor_Found.description","",""
"Scripts/Content/Story/Dialoge/DIA_Addon_BDT_1074_Edgor.d:213","(erfreut) Ich habe die Steintafel gefunden!","(기뻐하며) 석판을 찾았어!","","False","DIA_Addon_Edgor_Found_15_00","",""
"Scripts/Content/Story/Dialoge/DIA_Addon_BDT_1074_Edgor.d:214","(gelangweilt) Wirklich? Du bist ja ein mutiger Kerl.","(지루한 듯) 그래? 제법 용감한 녀석이네.","","False","DIA_Addon_Edgor_Found_06_01","",""
"Scripts/Content/Story/Dialoge/DIA_Addon_BDT_1074_Edgor.d:215","(gelangweilt) Damit hast du dir bestimmt deinen Eintritt in's Lager verdient. (gähnt)","(지루한 듯) 이걸로 야영지 들어갈 자격은 확실히 얻은 셈이네. (하품)","","False","DIA_Addon_Edgor_Found_06_02","",""
"Scripts/Content/Story/Dialoge/DIA_Addon_BDT_1074_Edgor.d:227","Kannst du mir was beibringen?","나한테 뭘 좀 가르쳐 줄 수 있나?","","False","DIA_Addon_Edgor_Teach.description","",""
"Scripts/Content/Story/Dialoge/DIA_Addon_BDT_1074_Edgor.d:240","Kannst du mir was beibringen?","나한테 뭘 좀 가르쳐 줄 수 있나?","","False","DIA_Addon_Edgor_Teach_15_00","",""
"Scripts/Content/Story/Dialoge/DIA_Addon_BDT_1074_Edgor.d:241","Ich kenne mich mit Blutfliegen aus. Ich hasse diesen miesen Biester noch mehr als Franco!","난 흡혈파리에 대해 잘 알지. 난 프랑코보다 이 지독한 녀석들이 더 싫어!","","False","DIA_Addon_Edgor_Teach_06_01","",""
"Scripts/Content/Story/Dialoge/DIA_Addon_BDT_1074_Edgor.d:242","Aber ich weiß, wie ich ihren toten Körpern die Stacheln und Flügel entreißen kann. (irre) Ja, entreißen ...","하지만 녀석들의 시체에서 침과 날개를 뜯어내는 법은 알지. (미친 듯이) 그래, 뜯어내는 법 말이야...","","False","DIA_Addon_Edgor_Teach_06_02","",""
"Scripts/Content/Story/Dialoge/DIA_Addon_BDT_1074_Edgor.d:243","Außerdem weiß ich, wie man das Sekret aus dem Stachel entfernt.","게다가 침에서 분비물을 제거하는 법도 알지.","","False","DIA_Addon_Edgor_Teach_06_03","",""
"Scripts/Content/Story/Dialoge/DIA_Addon_BDT_1074_Edgor.d:244","Wenn du willst, kann ich dir den ganzen Kram beibringen.","원한다면 그 모든 걸 가르쳐 줄 수 있어.","","False","DIA_Addon_Edgor_Teach_06_04","",""
"Scripts/Content/Story/Dialoge/DIA_Addon_BDT_1074_Edgor.d:245","Umsonst ist hier draußen allerdings nichts ...","물론 이 바닥에서 공짜란 없지만 말이야...","","False","DIA_Addon_Edgor_Teach_06_05","",""
"Scripts/Content/Story/Dialoge/DIA_Addon_BDT_1074_Edgor.d:254","Besorg mir das Gold. Ich will nur Münzen, keine Brocken.","금을 가져와. 난 금괴가 아니라 주화만 원한다고.","","False","DIA_Addon_Edgor_NotEnoughGold_06_00","",""
"Scripts/Content/Story/Dialoge/DIA_Addon_BDT_1074_Edgor.d:267","Wegen den Blutfliegen ...","흡혈파리에 대해...","","False","DIA_Addon_Edgor_TrainStart.description","",""
"Scripts/Content/Story/Dialoge/DIA_Addon_BDT_1074_Edgor.d:280","Wegen der Blutfliegen ...","흡혈파리에 대해...","","False","DIA_Addon_Edgor_TrainStart_SEKRET_15_00","",""
"Scripts/Content/Story/Dialoge/DIA_Addon_BDT_1074_Edgor.d:281","Was willst du wissen?","무엇을 알고 싶지?","","False","DIA_Addon_Edgor_TrainStart_SEKRET_06_01","",""
"Scripts/Content/Story/Dialoge/DIA_Addon_BDT_1074_Edgor.d:288","Blutfliegen Stachel ziehen. (Kosten: 1 LP, 100 Gold)","흡혈파리의 침 뽑기 (비용: 1 LP, 100 금)","","False","DIA_Addon_Edgor_Start_Info.DIA_Addon_Edgor_TrainStart.DIA_Addon_Edgor_TrainStart_Sting","Info_AddChoice",""
"Scripts/Content/Story/Dialoge/DIA_Addon_BDT_1074_Edgor.d:293","Blutfliegen Flügel reißen. (Kosten: 1 LP, 100 Gold)","흡혈파리의 날개 뜯기 (비용: 1 LP, 100 금)","","False","DIA_Addon_Edgor_Start_Info.DIA_Addon_Edgor_TrainStart.DIA_Addon_Edgor_TrainStart_Wing","Info_AddChoice",""
"Scripts/Content/Story/Dialoge/DIA_Addon_BDT_1074_Edgor.d:298","Sekret aus dem Stachel entnehmen (Kosten: 1 LP, 100 Gold)","침에서 분비물 채취하기 (비용: 1 LP, 100 금)","","False","DIA_Addon_Edgor_Start_Info.DIA_Addon_Edgor_TrainStart.DIA_Addon_Edgor_TrainStart_GIFT","Info_AddChoice",""
"Scripts/Content/Story/Dialoge/DIA_Addon_BDT_1074_Edgor.d:313","Wie komme ich an den Stachel der Blutfliegen?","흡혈파리의 침은 어떻게 얻지?","","False","DIA_Addon_Edgor_TrainStart_Sting_15_00","",""
"Scripts/Content/Story/Dialoge/DIA_Addon_BDT_1074_Edgor.d:314","Dreh die toten Viecher auf den Bauch und schneide sie quer auf. Greif in die Innereien und durchtrenne das komplette Gewebe am Hinterteil.","죽은 녀석들을 배가 보이게 뒤집고 가로로 갈라. 내장을 손으로 움켜쥐고 꼬리 부분의 조직을 완전히 끊어내면 돼.","","False","DIA_Addon_Edgor_TrainStart_Sting_06_01","",""
"Scripts/Content/Story/Dialoge/DIA_Addon_BDT_1074_Edgor.d:315","Dann kannst du den Stachel mit einem Ruck entfernen.","그러면 단숨에 침을 뽑아낼 수 있지.","","False","DIA_Addon_Edgor_TrainStart_Sting_06_02","",""
"Scripts/Content/Story/Dialoge/DIA_Addon_BDT_1074_Edgor.d:332","Wie kann ich mir die Flügel nehmen?","날개는 어떻게 떼어내지?","","False","DIA_Addon_Edgor_TrainStart_Wing_15_00","",""
"Scripts/Content/Story/Dialoge/DIA_Addon_BDT_1074_Edgor.d:333","Greif dir die Flügel mit einer Hand. Mit der anderen schneidest du sie mit der obersten Hautschicht einfach raus.","한 손으로 날개를 잡아. 그리고 다른 손으로 바깥쪽 피부 층을 따라 잘라내면 돼.","","False","DIA_Addon_Edgor_TrainStart_Wing_06_01","",""
"Scripts/Content/Story/Dialoge/DIA_Addon_BDT_1074_Edgor.d:350","Wie kann ich das Sekret der Blutfliegen entnehmen?","흡혈파리의 분비물은 어떻게 채취하지?","","False","DIA_Addon_Edgor_TrainStart_GIFT_15_00","",""
"Scripts/Content/Story/Dialoge/DIA_Addon_BDT_1074_Edgor.d:351","Schneide die oberste Schicht des Stachels längs auf - dann läuft das heilende Sekret schon raus.","침의 바깥쪽을 길게 갈라내면, 치유 효과가 있는 분비물이 흘러나오지.","","False","DIA_Addon_Edgor_TrainStart_GIFT_06_01","",""
"Scripts/Content/Story/Dialoge/DIA_Addon_BDT_1074_Edgor.d:352","So ist es völlig ungefährlich, einen Stachel auszulutschen - oder ihn für irgendwelche Tränke zu verwenden.","그렇게 하면 침을 빨아먹거나 포션을 만드는 데 쓰더라도 완전히 안전해.","","False","DIA_Addon_Edgor_TrainStart_GIFT_06_02","",""
"Scripts/Content/Story/Dialoge/DIA_Addon_BDT_1075_Fortuno.d:86","(ängstlich) Eine schwarze Wolke über dem Haus ... der Eine kommt...","(불안해하며) 집 위로 드리운 검은 구름... 그분이 오신다...","","False","DIA_Addon_Fortuno_Hi_13_00","",""
"Scripts/Content/Story/Dialoge/DIA_Addon_BDT_1075_Fortuno.d:87","Mit Blut ... gebraucht, ihn zu rufen ... IHN, der mich sieht ... er sieht mich ... oh nein, geh weg, verschwinde ...","피와 함께... 그분을 부르기 위해 필요했지... 나를 바라보는 그분... 그분이 나를 보고 계셔... 오 안 돼, 저리 가, 꺼져...","","False","DIA_Addon_Fortuno_Hi_13_01","",""
"Scripts/Content/Story/Dialoge/DIA_Addon_BDT_1075_Fortuno.d:88","Alles klar bei dir?","정신이 좀 들어?","","False","DIA_Addon_Fortuno_Hi_15_02","",""
"Scripts/Content/Story/Dialoge/DIA_Addon_BDT_1075_Fortuno.d:97","Grün ... grüner Novize ... ich kann ihn nicht finden ...","초록... 초록 견습생... 찾을 수가 없어...","","False","DIA_Addon_Fortuno_Hi_13_03","",""
"Scripts/Content/Story/Dialoge/DIA_Addon_BDT_1075_Fortuno.d:100","Ich komme später wieder ...(ENDE)","나중에 다시 올게...(종료)","","False","DIA_Addon_Fortuno_Hi_Info.DIA_Addon_Fortuno_Hi.DIA_Addon_Fortuno_Hi_BACK","Info_AddChoice",""
"Scripts/Content/Story/Dialoge/DIA_Addon_BDT_1075_Fortuno.d:102","Wie kann ich dir helfen?","내가 어떻게 도와주면 될까?","","False","DIA_Addon_Fortuno_Hi_Info.DIA_Addon_Fortuno_Hi.DIA_Addon_Fortuno_Hi_HILFE","Info_AddChoice",""
"Scripts/Content/Story/Dialoge/DIA_Addon_BDT_1075_Fortuno.d:106","Hier, nimm dieses Sumpfkraut.","여기, 이 늪초를 가져가.","","False","DIA_Addon_Fortuno_Hi_Info.DIA_Addon_Fortuno_Hi.DIA_Addon_Fortuno_Hi_JOINT","Info_AddChoice",""
"Scripts/Content/Story/Dialoge/DIA_Addon_BDT_1075_Fortuno.d:111","Hier, nimm diesen 'Grünen Novizen'.","여기, 이 '초록 견습생'을 가져가.","","False","DIA_Addon_Fortuno_Hi_Info.DIA_Addon_Fortuno_Hi.DIA_Addon_Fortuno_Hi_GREEN","Info_AddChoice",""
"Scripts/Content/Story/Dialoge/DIA_Addon_BDT_1075_Fortuno.d:123","Wie kann ich dir helfen?","내가 어떻게 도와주면 될까?","","False","DIA_Addon_Fortuno_Hi_HILFE_15_00","",""
"Scripts/Content/Story/Dialoge/DIA_Addon_BDT_1075_Fortuno.d:124","Der grüne ... der grüne Novize hilft dem Novizen ...","초록... 초록 견습생이 견습생을 도울 거야...","","False","DIA_Addon_Fortuno_Hi_HILFE_13_01","",""
"Scripts/Content/Story/Dialoge/DIA_Addon_BDT_1075_Fortuno.d:129","Hier, nimm dieses Sumpfkraut.","여기, 이 늪초를 가져가.","","False","DIA_Addon_Fortuno_Hi_JOINT_15_00","",""
"Scripts/Content/Story/Dialoge/DIA_Addon_BDT_1075_Fortuno.d:136","Nicht grün, nicht stark, nicht grün, nicht stark ...","초록색이 아니야, 강하지 않아, 초록색이 아니야, 강하지 않아...","","False","DIA_Addon_Fortuno_Hi_JOINT_13_01","",""
"Scripts/Content/Story/Dialoge/DIA_Addon_BDT_1075_Fortuno.d:141","Hier, nimm diesen 'Grünen Novizen'.","여기, 이 '초록 견습생'을 가져가.","","False","DIA_Addon_Fortuno_Hi_GREEN_15_00","",""
"Scripts/Content/Story/Dialoge/DIA_Addon_BDT_1075_Fortuno.d:148","(gesundend) AAAHHH ...","(기력을 차리며) 으아아악...","","False","DIA_Addon_Fortuno_Hi_GREEN_13_01","",""
"Scripts/Content/Story/Dialoge/DIA_Addon_BDT_1075_Fortuno.d:149","Mein Kopf ... wer ... ich bin ... Fortuno ... was ... was ist los?","내 머리가... 누구... 난... 포르투노... 무... 무슨 일이지?","","False","DIA_Addon_Fortuno_Hi_GREEN_13_02","",""
"Scripts/Content/Story/Dialoge/DIA_Addon_BDT_1075_Fortuno.d:168","So, jetzt erzähl mir mal was mit dir los ist.","자, 이제 네게 무슨 일이 있었는지 말해줘.","","False","DIA_Addon_Fortuno_wer.description","",""
"Scripts/Content/Story/Dialoge/DIA_Addon_BDT_1075_Fortuno.d:181","So, jetzt erzähl mir mal, was mit dir los ist.","자, 이제 네게 무슨 일이 있었는지 말해줘.","","False","DIA_Addon_Fortuno_wer_15_00","",""
"Scripts/Content/Story/Dialoge/DIA_Addon_BDT_1075_Fortuno.d:182","Einst gehörte ich zur Bruderschaft des Schläfers. Da war noch alles in Ordnung.","한때 난 잠자의 형제단에 속해 있었어. 그때는 모든 게 괜찮았지.","","False","DIA_Addon_Fortuno_wer_13_01","",""
"Scripts/Content/Story/Dialoge/DIA_Addon_BDT_1075_Fortuno.d:183","Gut, wir waren alle verurteilte Verbrecher, aber für uns Novizen war das Leben recht unbeschwert ...","그래, 우린 모두 유죄 판결을 받은 범죄자들이었지만, 우리 견습생들의 삶은 꽤 평온했어...","","False","DIA_Addon_Fortuno_wer_13_02","",""
"Scripts/Content/Story/Dialoge/DIA_Addon_BDT_1075_Fortuno.d:184","Hey, ich war selbst im Minental gefangen. Erzähl mir was Neues.","이봐, 나도 광산 계곡에 갇혀 있었어. 새로운 얘기 좀 해줘.","","False","DIA_Addon_Fortuno_wer_15_03","",""
"Scripts/Content/Story/Dialoge/DIA_Addon_BDT_1075_Fortuno.d:185","Ich ... ich erinnere mich an nichts. Dunkelheit liegt über meinem Verstand ...","난... 아무것도 기억나지 않아. 어둠이 내 정신을 짓누르고 있어...","","False","DIA_Addon_Fortuno_wer_13_04","",""
"Scripts/Content/Story/Dialoge/DIA_Addon_BDT_1075_Fortuno.d:186","Komm schon, konzentriere dich. Was ist passiert? Wann bist du wieder zu dir gekommen?","이봐, 정신을 집중해 봐. 무슨 일이 있었지? 언제 정신이 든 거야?","","False","DIA_Addon_Fortuno_wer_15_05","",""
"Scripts/Content/Story/Dialoge/DIA_Addon_BDT_1075_Fortuno.d:187","Raven ... ich erinnere mich nur an Raven und an ... an dunkle Räume.","레이븐... 기억나는 건 레이븐과... 그리고 어두운 방들뿐이야.","","False","DIA_Addon_Fortuno_wer_13_06","",""
"Scripts/Content/Story/Dialoge/DIA_Addon_BDT_1075_Fortuno.d:188","Was ist mit Raven? Was hat er mit dir gemacht?","레이븐이 어쨌다는 거지? 그가 너한테 무슨 짓을 한 거야?","","False","DIA_Addon_Fortuno_wer_15_07","",""
"Scripts/Content/Story/Dialoge/DIA_Addon_BDT_1075_Fortuno.d:189","(seufzt) Tut mir Leid. Mir ist, als ob mein Verstand gefangen wäre ... ich verstehe es selbst nicht ...","(한숨) 미안해. 내 정신이 사로잡힌 것 같아... 나도 무슨 일인지 모르겠어...","","False","DIA_Addon_Fortuno_wer_13_08","",""
"Scripts/Content/Story/Dialoge/DIA_Addon_BDT_1075_Fortuno.d:201","Es muss eine Möglichkeit geben, deine Erinnerung wieder aufzufrischen.","네 기억을 되살릴 방법이 있을 거야.","","False","DIA_Addon_Fortuno_FREE.description","",""
"Scripts/Content/Story/Dialoge/DIA_Addon_BDT_1075_Fortuno.d:214","Es muss eine Möglichkeit geben, deine Erinnerung wieder aufzufrischen.","네 기억을 되살릴 방법이 있을 거야.","","False","DIA_Addon_Fortuno_FREE_15_00","",""
"Scripts/Content/Story/Dialoge/DIA_Addon_BDT_1075_Fortuno.d:215","Ja ... ja vielleicht gibt es eine Möglichkeit.","그래... 그래, 어쩌면 방법이 있을지도 몰라.","","False","DIA_Addon_Fortuno_FREE_13_01","",""
"Scripts/Content/Story/Dialoge/DIA_Addon_BDT_1075_Fortuno.d:216","Die Gurus verstanden sich auf verschiedene Arten der Geist - und Willensveränderung.","구루들은 정신과 의지를 변화시키는 다양한 방법을 알고 있었지.","","False","DIA_Addon_Fortuno_FREE_13_02","",""
"Scripts/Content/Story/Dialoge/DIA_Addon_BDT_1075_Fortuno.d:217","Weißt DU noch was darüber?","너는 그에 대해 아는 게 더 없나?","","False","DIA_Addon_Fortuno_FREE_15_03","",""
"Scripts/Content/Story/Dialoge/DIA_Addon_BDT_1075_Fortuno.d:218","Nein, ich befürchte dieses Wissen ist mit den Gurus verschwunden ...","아니, 그 지식은 구루들과 함께 사라져 버렸을 거야...","","False","DIA_Addon_Fortuno_FREE_13_04","",""
"Scripts/Content/Story/Dialoge/DIA_Addon_BDT_1075_Fortuno.d:219","Verdammt. Nun - wenn es einen Weg gibt, deinen Geist zu befreien, werde ich ihn finden.","젠장. 좋아, 네 정신을 해방시킬 방법이 있다면, 내가 찾아내겠어.","","False","DIA_Addon_Fortuno_FREE_15_05","",""
"Scripts/Content/Story/Dialoge/DIA_Addon_BDT_1075_Fortuno.d:239","Brauchst du mehr Sumpfkraut?","늪초가 더 필요한가?","","False","DIA_Addon_Fortuno_Herb.description","",""
"Scripts/Content/Story/Dialoge/DIA_Addon_BDT_1075_Fortuno.d:252","Brauchst du mehr Sumpfkraut?","늪초가 더 필요한가?","","False","DIA_Addon_Fortuno_Herb_15_00","",""
"Scripts/Content/Story/Dialoge/DIA_Addon_BDT_1075_Fortuno.d:253","Jaaa, unbedingt. Alles, was du an Sumpfkraut auftreiben kannst, werde ich dir abkaufen.","으응, 반드시. 네가 구해오는 늪초는 전부 다 사들일게.","","False","DIA_Addon_Fortuno_Herb_13_01","",""
"Scripts/Content/Story/Dialoge/DIA_Addon_BDT_1075_Fortuno.d:254","Ich zahle dir sogar mehr dafür als Fisk.","피스크가 주는 것보다 더 많은 돈을 쳐주지.","","False","DIA_Addon_Fortuno_Herb_13_02","",""
"Scripts/Content/Story/Dialoge/DIA_Addon_BDT_1075_Fortuno.d:263","(Alles Sumpfkraut abgeben) ","(모든 늪초 넘기기) ","","False","B_Fortuno_InfoManager.DIA_Addon_Fortuno_Trade.DIA_Addon_Fortuno_Trade_all","Info_AddChoice",""
"Scripts/Content/Story/Dialoge/DIA_Addon_BDT_1075_Fortuno.d:264","(1 Sumpfkraut abgeben) ","(1 늪초 넘기기) ","","False","B_Fortuno_InfoManager.DIA_Addon_Fortuno_Trade.DIA_Addon_Fortuno_Trade_1","Info_AddChoice",""
"Scripts/Content/Story/Dialoge/DIA_Addon_BDT_1075_Fortuno.d:278","Ich habe Sumpfkraut für dich...","너 줄 늪초를 가져왔어...","","False","DIA_Addon_Fortuno_Trade.description","",""
"Scripts/Content/Story/Dialoge/DIA_Addon_BDT_1075_Fortuno.d:292","Ich habe Sumpfkraut für dich ...","너 줄 늪초를 가져왔어...","","False","DIA_Addon_Fortuno_Trade_15_00","",""
"Scripts/Content/Story/Dialoge/DIA_Addon_BDT_1075_Fortuno.d:339","Ich habe einen Trank für dich ...","네게 줄 포션이 있어...","","False","DIA_Addon_Fortuno_Trank.description","",""
"Scripts/Content/Story/Dialoge/DIA_Addon_BDT_1075_Fortuno.d:355","Ich habe einen Trank für dich. Das wird dir helfen, dich zu erinnern.","네게 줄 포션이 있어. 기억을 떠올리는 데 도움이 될 거야.","","False","DIA_Addon_Fortuno_Trank_15_00","",""
"Scripts/Content/Story/Dialoge/DIA_Addon_BDT_1075_Fortuno.d:356","Ich vertraue dir.","너를 믿지.","","False","DIA_Addon_Fortuno_Trank_13_01","",""
"Scripts/Content/Story/Dialoge/DIA_Addon_BDT_1075_Fortuno.d:387","Und...?","그래서...?","","False","DIA_Addon_Fortuno_more.description","",""
"Scripts/Content/Story/Dialoge/DIA_Addon_BDT_1075_Fortuno.d:400","Und ... ?","그래서...?","","False","DIA_Addon_Fortuno_more_15_00","",""
"Scripts/Content/Story/Dialoge/DIA_Addon_BDT_1075_Fortuno.d:401","Aah! Ich ... ich erinnere mich wieder! Jetzt sehe ich ... Adanos steh mir bei - was habe ich getan!?","아아! 난... 기억이 돌아왔어! 이제 보여... 아다노스여 도우소서 - 내가 무슨 짓을 한 거지!?","","False","DIA_Addon_Fortuno_more_13_01","",""
"Scripts/Content/Story/Dialoge/DIA_Addon_BDT_1075_Fortuno.d:402","Ja, was hast du getan? Und vor allem - was hat Raven getan?","그래, 뭘 한 거지? 그리고 무엇보다 레이븐은 뭘 한 거지?","","False","DIA_Addon_Fortuno_more_15_02","",""
"Scripts/Content/Story/Dialoge/DIA_Addon_BDT_1075_Fortuno.d:403","Ich habe ihm geholfen ... Kontakt aufzunehmen. Zu IHM. Er wollte verschiedene Elixiere ... ich braute sie ihm.","나는 그를 도왔어... 접촉할 수 있도록 말이야. 그분과. 그는 다양한 비약을 원했고... 내가 만들어 바쳤지.","","False","DIA_Addon_Fortuno_more_13_03","",""
"Scripts/Content/Story/Dialoge/DIA_Addon_BDT_1075_Fortuno.d:404","Er hat versucht, das Portal zu öffnen, um in den Tempel zu gelangen.","그는 신전에 들어가기 위해 포털을 열려고 했어.","","False","DIA_Addon_Fortuno_more_13_04","",""
"Scripts/Content/Story/Dialoge/DIA_Addon_BDT_1075_Fortuno.d:405","Wieso? Was will er in dem Tempel?","어째서지? 신전에서 뭘 하려는 거지?","","False","DIA_Addon_Fortuno_more_15_05","",""
"Scripts/Content/Story/Dialoge/DIA_Addon_BDT_1075_Fortuno.d:406","Ein mächtiges Artefakt ... es liegt begraben, zusammen mit dem, der es einst trug. Ein großer Krieger, der IHM verfallen ist ...","엄청난 유물... 그것을 지녔던 이와 함께 묻혀 있지. 그분께 굴복한 위대한 전사의 유물이...","","False","DIA_Addon_Fortuno_more_13_06","",""
"Scripts/Content/Story/Dialoge/DIA_Addon_BDT_1075_Fortuno.d:407","Und weiter?","그래서 어떻게 됐지?","","False","DIA_Addon_Fortuno_more_15_07","",""
"Scripts/Content/Story/Dialoge/DIA_Addon_BDT_1075_Fortuno.d:408","Wir konnten das Portal nicht öffnen ...","우린 포털을 열지 못했어...","","False","DIA_Addon_Fortuno_more_13_08","",""
"Scripts/Content/Story/Dialoge/DIA_Addon_BDT_1075_Fortuno.d:409","Aber Raven war sicher, DASS er es könnte, wenn er die Gruft des Priesters ausheben lässt.","하지만 레이븐은 사제의 무덤을 파헤치면 열 수 있을 거라고 확신했지.","","False","DIA_Addon_Fortuno_more_13_09","",""
"Scripts/Content/Story/Dialoge/DIA_Addon_BDT_1075_Fortuno.d:410","Deshalb brachte er die Sklaven her. Opfer, die er zwingen konnte, dort zu buddeln, wo die Mächte der Zeit ruhen.","그래서 그가 노예들을 끌고 온 거야. 시간의 힘이 잠들어 있는 곳을 파헤치도록 강제할 희생양들을 말이지.","","False","DIA_Addon_Fortuno_more_13_10","",""
"Scripts/Content/Story/Dialoge/DIA_Addon_BDT_1075_Fortuno.d:411","Gruft des Priesters?","사제의 무덤이라고?","","False","DIA_Addon_Fortuno_more_15_11","",""
"Scripts/Content/Story/Dialoge/DIA_Addon_BDT_1075_Fortuno.d:412","Die Ruhestätte eines Adanos-Priesters. Sie liegt in der Mine.","아다노스 사제의 안식처야. 광산 안에 있지.","","False","DIA_Addon_Fortuno_more_13_12","",""
"Scripts/Content/Story/Dialoge/DIA_Addon_BDT_1075_Fortuno.d:413","Ich erinnere mich auch an die Steintafeln. Er glaubte, dass sie ihm den Weg zeigen würden.","석판에 대해서도 기억나. 그는 그것들이 자신에게 길을 보여줄 거라고 믿었어.","","False","DIA_Addon_Fortuno_more_13_13","",""
"Scripts/Content/Story/Dialoge/DIA_Addon_BDT_1075_Fortuno.d:414","Und als er die Schriftzeichen darauf entziffern konnte, brauchte er mich nicht mehr.","그리고 석판의 글자를 해독할 수 있게 되자, 그는 더 이상 나를 필요로 하지 않았지.","","False","DIA_Addon_Fortuno_more_13_14","",""
"Scripts/Content/Story/Dialoge/DIA_Addon_BDT_1075_Fortuno.d:415","Er hat einen Zauber des Vergessens auf mich gewirkt und ... und du hast mich befreit.","그는 내게 망각의 마법을 걸었고... 그리고 네가 나를 구해준 거야.","","False","DIA_Addon_Fortuno_more_13_15","",""
"Scripts/Content/Story/Dialoge/DIA_Addon_BDT_1075_Fortuno.d:451","Attentat? Tut mir Leid, ich war einige Zeit ... abwesend ... ich weiß nichts darüber.","암살 사건? 미안하지만, 난 한동안... 정신이 나가 있어서... 아는 게 없어.","","False","DIA_Addon_Fortuno_Attentat_13_00","",""
"Scripts/Content/Story/Dialoge/DIA_Addon_BDT_1079_Carlos.d:11","Wir sehen uns.","나중에 보라고.","","False","DIA_Addon_Carlos_EXIT.description","",""
"Scripts/Content/Story/Dialoge/DIA_Addon_BDT_1079_Carlos.d:82","Hey, bist du der Neue, der Franco umgehauen hat?","이봐, 프랑코를 쓰러뜨렸다는 그 새로 온 녀석이 너인가?","","False","DIA_Addon_Carlos_HI_12_00","",""
"Scripts/Content/Story/Dialoge/DIA_Addon_BDT_1079_Carlos.d:85","Was? Ich? Nein!","뭐? 나? 아니!","","False","DIA_Addon_Carlos_HI_Info.DIA_Addon_Carlos_HI.DIA_Addon_Carlos_HI_No","Info_AddChoice",""
"Scripts/Content/Story/Dialoge/DIA_Addon_BDT_1079_Carlos.d:86","Ja. Warum?","그래. 왜?","","False","DIA_Addon_Carlos_HI_Info.DIA_Addon_Carlos_HI.DIA_Addon_Carlos_HI_Yes","Info_AddChoice",""
"Scripts/Content/Story/Dialoge/DIA_Addon_BDT_1079_Carlos.d:91","Ja, warum?","그래, 왜 그렇지?","","False","DIA_Addon_Carlos_HI_Yes_15_00","",""
"Scripts/Content/Story/Dialoge/DIA_Addon_BDT_1079_Carlos.d:92","(sauer) Weil ich jetzt seinen Job übernehmen muss. Hast du ganz toll gemacht! Vielen Dank!","(화내며) 이제 내가 그의 일을 떠맡아야 하니까. 아주 멋지게 해냈더군! 정말 고맙네!","","False","DIA_Addon_Carlos_HI_Yes_12_01","",""
"Scripts/Content/Story/Dialoge/DIA_Addon_BDT_1079_Carlos.d:98","Was? Ich? Nein!","뭐? 나? 아니!","","False","DIA_Addon_Carlos_HI_No_15_00","",""
"Scripts/Content/Story/Dialoge/DIA_Addon_BDT_1079_Carlos.d:99","Ah! Nichts für ungut!","아! 악의는 없어!","","False","DIA_Addon_Carlos_HI_No_12_01","",""
"Scripts/Content/Story/Dialoge/DIA_Addon_BDT_1079_Carlos.d:127","Nachdem der Attentäter tot war, hat Thorus mich beauftragt einen neuen Mann in's Lager zu holen.","암살자가 죽은 뒤에, 토러스가 야영지에 새로 들어올 사람을 데려오라고 나에게 지시했지.","","False","DIA_Addon_Carlos_Attentat_12_00","",""
"Scripts/Content/Story/Dialoge/DIA_Addon_BDT_1079_Carlos.d:131","Und Franco hat Logan geschickt.","그리고 프랑코가 로건을 보냈고.","","False","DIA_Addon_Carlos_Attentat_12_01","",""
"Scripts/Content/Story/Dialoge/DIA_Addon_BDT_1079_Carlos.d:135","Und Franco hat einen neuen Kerl geschickt.","그리고 프랑코가 새 녀석을 보냈지.","","False","DIA_Addon_Carlos_Attentat_12_02","",""
"Scripts/Content/Story/Dialoge/DIA_Addon_BDT_1079_Carlos.d:138","Hey, ich mach nur das was Thorus mir sagt. Über das Attentat selbst weiß ich nichts.","이봐, 난 토러스가 시키는 일만 할 뿐이야. 암살 사건 그 자체에 대해서는 아는 게 없어.","","False","DIA_Addon_Carlos_Attentat_12_03","",""
"Scripts/Content/Story/Dialoge/DIA_Addon_BDT_1079_Carlos.d:151","Und wie ist es so, Anführer der Jäger zu sein?","사냥꾼들의 우두머리가 된 소감이 어때?","","False","DIA_Addon_Carlos_PERM.description","",""
"Scripts/Content/Story/Dialoge/DIA_Addon_BDT_1079_Carlos.d:161","Und wie ist es so, Anführer der Jäger zu sein?","사냥꾼들의 우두머리가 된 소감이 어때?","","False","DIA_Addon_Carlos_PERM_15_00","",""
"Scripts/Content/Story/Dialoge/DIA_Addon_BDT_1079_Carlos.d:162","Lass mich bloß in Ruhe!","제발 날 내버려 둬!","","False","DIA_Addon_Carlos_PERM_12_00","",""
"Scripts/Content/Story/Dialoge/DIA_Addon_BDT_1080_Tom.d:69","Warum sitzt du hier rum?","여기서 뭐 하고 있는 거야?","","False","DIA_Addon_Tom_HI.description","",""
"Scripts/Content/Story/Dialoge/DIA_Addon_BDT_1080_Tom.d:79","Warum sitzt du hier rum?","여기서 뭐 하고 있는 거야?","","False","DIA_Addon_Tom_HI_15_00","",""
"Scripts/Content/Story/Dialoge/DIA_Addon_BDT_1080_Tom.d:80","Ich habe Ärger am Hals. Momentan ist es gesünder, wenn ich mich nicht mehr im Lager blicken lasse.","골치 아픈 일이 생겼어. 지금은 야영지에 얼씬거리지 않는 게 건강에 이로울 거야.","","False","DIA_Addon_Tom_HI_11_01","",""
"Scripts/Content/Story/Dialoge/DIA_Addon_BDT_1080_Tom.d:81","Was ist los?","무슨 일인데?","","False","DIA_Addon_Tom_HI_15_02","",""
"Scripts/Content/Story/Dialoge/DIA_Addon_BDT_1080_Tom.d:82","Ich hatte ziemlich gute Beziehungen zu einigen der Piraten, verstehst du?","난 해적들 중 몇 명이랑 꽤 친분이 있었어, 알겠나?","","False","DIA_Addon_Tom_HI_11_03","",""
"Scripts/Content/Story/Dialoge/DIA_Addon_BDT_1080_Tom.d:83","Hab' mich mit den Jungs immer vor ihrem Lager getroffen und gehandelt.","항상 그 녀석들의 캠프 밖에서 만나서 거래를 하곤 했지.","","False","DIA_Addon_Tom_HI_11_04","",""
"Scripts/Content/Story/Dialoge/DIA_Addon_BDT_1080_Tom.d:84","Mann! Ich hab' für das halbe Lager eingekauft. 'Tom bring mir dies - Tom, bring mir das'.","이런! 캠프 절반의 물건을 내가 사들였다고. '톰, 이거 가져와 - 톰, 저거 가져와' 하는 식이었지.","","False","DIA_Addon_Tom_HI_11_05","",""
"Scripts/Content/Story/Dialoge/DIA_Addon_BDT_1080_Tom.d:85","Und dann haut dieser Mistkerl Esteban dazwischen!","그러다 그 자식 에스테반이 끼어든 거야!","","False","DIA_Addon_Tom_HI_11_06","",""
"Scripts/Content/Story/Dialoge/DIA_Addon_BDT_1080_Tom.d:97","Was ist passiert?","무슨 일이야?","","False","DIA_Addon_Tom_Juan.description","",""
"Scripts/Content/Story/Dialoge/DIA_Addon_BDT_1080_Tom.d:110","Was ist passiert?","무슨 일이야?","","False","DIA_Addon_Tom_Juan_15_00","",""
"Scripts/Content/Story/Dialoge/DIA_Addon_BDT_1080_Tom.d:111","Esteban hat Juan geschickt - einen von seinen Jungs. Der Mistkerl hat uns aufgelauert.","에스테반이 부하 중 하나인 후안을 보냈어. 그 자식이 우리를 매복해서 노렸지.","","False","DIA_Addon_Tom_Juan_11_01","",""
"Scripts/Content/Story/Dialoge/DIA_Addon_BDT_1080_Tom.d:112","Ich war gerade dabei, mit den Piraten den Deal zu machen, da kam er aus dem Dunkeln und hat sie mit zwei Schlägen niedergemacht!","해적들과 거래를 막 끝내려던 참이었는데, 그 녀석이 어둠 속에서 튀어나오더니 두 방 만에 쓰러뜨렸어!","","False","DIA_Addon_Tom_Juan_11_02","",""
"Scripts/Content/Story/Dialoge/DIA_Addon_BDT_1080_Tom.d:113","Mann, der Typ ist schnell! Aber nicht schnell genug. Ich konnte ihm entwischen.","이런, 녀석 엄청 빠르다고! 하지만 충분히 빠르진 않았지. 난 그 자식한테서 빠져나올 수 있었어.","","False","DIA_Addon_Tom_Juan_11_03","",""
"Scripts/Content/Story/Dialoge/DIA_Addon_BDT_1080_Tom.d:128","Und seit dem Überfall versteckst du dich hier?","그 습격 이후로 여기에 숨어 지내고 있는 건가?","","False","DIA_Addon_Tom_Esteban.description","",""
"Scripts/Content/Story/Dialoge/DIA_Addon_BDT_1080_Tom.d:141","Und seit dem Überfall versteckst du dich hier?","그 습격 이후로 여기에 숨어 지내고 있는 건가?","","False","DIA_Addon_Tom_Esteban_15_00","",""
"Scripts/Content/Story/Dialoge/DIA_Addon_BDT_1080_Tom.d:142","Ich bin zuerst zurück ins Lager und hab' Fisk, Huno und den anderen Bescheid gesagt, dass sie ihre Lieferung vergessen können.","처음엔 캠프로 돌아가서 피스크, 후노 그리고 다른 녀석들에게 배송품은 잊어버리라고 전해 줬어.","","False","DIA_Addon_Tom_Esteban_11_01","",""
"Scripts/Content/Story/Dialoge/DIA_Addon_BDT_1080_Tom.d:143","Und dass Esteban hinter der Sache steckt.","그리고 이 모든 일 뒤에 에스테반이 있다는 것도 알려줬지.","","False","DIA_Addon_Tom_Esteban_11_02","",""
"Scripts/Content/Story/Dialoge/DIA_Addon_BDT_1080_Tom.d:144","Wenn Esteban rausfindet, dass ich den anderen gesagt habe, dass ER für die Sache verantwortlich ist, bin ich tot.","에스테반이 내가 다른 녀석들에게 그 자가 배후라고 말한 걸 알게 되면, 난 끝장이야.","","False","DIA_Addon_Tom_Esteban_11_03","",""
"Scripts/Content/Story/Dialoge/DIA_Addon_BDT_1080_Tom.d:145","Deswegen geh ich nicht zurück in's Lager.","그래서 캠프로 돌아가지 않는 거라고.","","False","DIA_Addon_Tom_Esteban_11_04","",""
"Scripts/Content/Story/Dialoge/DIA_Addon_BDT_1080_Tom.d:159","Esteban ist tot.","에스테반은 죽었어.","","False","DIA_Addon_Tom_Dead.description","",""
"Scripts/Content/Story/Dialoge/DIA_Addon_BDT_1080_Tom.d:173","Esteban ist tot.","에스테반은 죽었어.","","False","DIA_Addon_Tom_Dead_15_00","",""
"Scripts/Content/Story/Dialoge/DIA_Addon_BDT_1080_Tom.d:174","Echt? Mann, DAS nenn ich Glück!","정말? 이야, 이걸 운좋다고 해야겠네!","","False","DIA_Addon_Tom_Dead_11_01","",""
"Scripts/Content/Story/Dialoge/DIA_Addon_BDT_1080_Tom.d:175","Wer hat das getan?","누가 그런 거지?","","False","DIA_Addon_Tom_Dead_11_02","",""
"Scripts/Content/Story/Dialoge/DIA_Addon_BDT_1080_Tom.d:176","(verschmitzt) Sagen wir einfach, jemand, den du kennst ...","(능청스럽게) 그냥 네가 아는 누군가라고 해두자...","","False","DIA_Addon_Tom_Dead_15_03","",""
"Scripts/Content/Story/Dialoge/DIA_Addon_BDT_1080_Tom.d:177","Danke, dass du zu mir gekommen bist. Jetzt kann ich wieder in's Lager ...","나를 찾아와 줘서 고마워. 이제 난 다시 캠프로 갈 수 있겠어...","","False","DIA_Addon_Tom_Dead_11_04","",""
"Scripts/Content/Story/Dialoge/DIA_Addon_BDT_1080_Tom.d:194","Und sonst?","그 밖에 또 무슨 일 있어?","","False","DIA_Addon_Tom_PERM.description","",""
"Scripts/Content/Story/Dialoge/DIA_Addon_BDT_1080_Tom.d:207","Und sonst?","그 밖에 또 무슨 일 있어?","","False","DIA_Addon_Tom_PERM_15_00","",""
"Scripts/Content/Story/Dialoge/DIA_Addon_BDT_1080_Tom.d:211","Jetzt kann ich wieder ganz in Ruhe Lucias Schnaps trinken.","이제 마음 편히 루시아의 럼을 다시 마실 수 있겠어.","","False","DIA_Addon_Tom_PERM_11_01","",""
"Scripts/Content/Story/Dialoge/DIA_Addon_BDT_1080_Tom.d:217","Jetzt kann ich mich endlich wieder im Lager blicken lassen!","이제 드디어 캠프에 당당히 얼굴을 비출 수 있게 됐다고!","","False","DIA_Addon_Tom_PERM_11_02","",""
"Scripts/Content/Story/Dialoge/DIA_Addon_BDT_1080_Tom.d:221","Sonst? Sonst sitz ich hier rum und zähle Steine ...","그 밖에라니? 그 밖에라니 여기 앉아서 돌이나 세고 있지...","","False","DIA_Addon_Tom_PERM_11_03","",""
"Scripts/Content/Story/Dialoge/DIA_Addon_BDT_1081_Wache_01.d:70","Alles klar?","별 일 없지?","","False","DIA_Addon_Wache_01_Hi.description","",""
"Scripts/Content/Story/Dialoge/DIA_Addon_BDT_1081_Wache_01.d:80","Alles klar?","별 일 없지?","","False","DIA_Addon_Wache_01_Hi_15_00","",""
"Scripts/Content/Story/Dialoge/DIA_Addon_BDT_1081_Wache_01.d:81","Pack Esteban an und ich hau dich in Stücke.","에스테반을 건드리면 가만두지 않겠다.","","False","DIA_Addon_Wache_01_Hi_04_01","",""
"Scripts/Content/Story/Dialoge/DIA_Addon_BDT_1082_Skinner.d:84","Warum weckst du mich, hä? Ich wette, du weißt es nicht mal ...","왜 나를 깨우는 거냐, 어? 네가 무슨 짓을 했는지 알기나 하는지 내기라도 할까...","","False","DIA_Addon_Skinner_Hi_08_00","",""
"Scripts/Content/Story/Dialoge/DIA_Addon_BDT_1082_Skinner.d:85","Nein - sag nichts. Jetzt ist es zu spät für Ausreden.","아니 - 아무 말도 하지 마. 변명하기엔 이미 늦었어.","","False","DIA_Addon_Skinner_Hi_08_01","",""
"Scripts/Content/Story/Dialoge/DIA_Addon_BDT_1082_Skinner.d:86","Jetzt hast du zwei Möglichkeiten. Du kämpfst gegen mich und meine Betty. Oder du versuchst, wegzulaufen.","이제 네겐 두 가지 선택지가 있다. 나와 내 베티를 상대하는 것. 아니면 도망치려고 애쓰는 것.","","False","DIA_Addon_Skinner_Hi_08_02","",""
"Scripts/Content/Story/Dialoge/DIA_Addon_BDT_1082_Skinner.d:87","An deiner Stelle würde ich laufen ...","나였다면 도망쳤을 거다...","","False","DIA_Addon_Skinner_Hi_08_03","",""
"Scripts/Content/Story/Dialoge/DIA_Addon_BDT_1082_Skinner.d:102","Wegen dem Attentat ...","암살에 대해 말인데...","","False","DIA_Addon_Skinner_Attentat.description","",""
"Scripts/Content/Story/Dialoge/DIA_Addon_BDT_1082_Skinner.d:115","Wegen des Attentats ...","암살에 대해 말인데...","","False","DIA_Addon_Skinner_Attentat_15_00","",""
"Scripts/Content/Story/Dialoge/DIA_Addon_BDT_1082_Skinner.d:116","Was willst du?","무슨 짓이지?","","False","DIA_Addon_Skinner_Attentat_08_01","",""
"Scripts/Content/Story/Dialoge/DIA_Addon_BDT_1082_Skinner.d:120","Esteban aus dem Weg schaffen","에스테반을 없애기","","False","DIA_Addon_Skinner_Attentat_Info.DIA_Addon_Skinner_Attentat.DIA_Addon_Skinner_ATTENTAT_ADDON_CONTRA","Info_AddChoice",""
"Scripts/Content/Story/Dialoge/DIA_Addon_BDT_1082_Skinner.d:121","Den Verräter zur Strecke bringen","배신자 처단하기","","False","DIA_Addon_Skinner_Attentat_Info.DIA_Addon_Skinner_Attentat.DIA_Addon_Skinner_ATTENTAT_ADDON_PRO","Info_AddChoice",""
"Scripts/Content/Story/Dialoge/DIA_Addon_BDT_1082_Skinner.d:126","Ich will Esteban aus dem Weg schaffen.","난 에스테반을 없애버리고 싶어.","","False","DIA_Addon_Skinner_ATTENTAT_ADDON_CONTRA_15_00","",""
"Scripts/Content/Story/Dialoge/DIA_Addon_BDT_1082_Skinner.d:127","Super.","아주 좋지.","","False","DIA_Addon_Skinner_ATTENTAT_ADDON_CONTRA_08_01","",""
"Scripts/Content/Story/Dialoge/DIA_Addon_BDT_1082_Skinner.d:136","Ich werde den Verräter zur Strecke bringen.","내가 배신자를 처단하겠어.","","False","DIA_Addon_Skinner_ATTENTAT_ADDON_PRO_15_00","",""
"Scripts/Content/Story/Dialoge/DIA_Addon_BDT_1082_Skinner.d:137","Scheiße.","젠장.","","False","DIA_Addon_Skinner_ATTENTAT_ADDON_PRO_08_01","",""
"Scripts/Content/Story/Dialoge/DIA_Addon_BDT_1083_Esteban.d:86","Du bist also der Kerl, der sich ins Lager gekämpft hat.","그러니까 네가 싸우며 이 캠프까지 기어들어 온 녀석이군.","","False","DIA_Addon_Esteban_Hi_07_00","",""
"Scripts/Content/Story/Dialoge/DIA_Addon_BDT_1083_Esteban.d:87","Das hat sich ja schnell rumgesprochen ...","소문이 아주 빠르네...","","False","DIA_Addon_Esteban_Hi_15_01","",""
"Scripts/Content/Story/Dialoge/DIA_Addon_BDT_1083_Esteban.d:88","Franco war 'ne harte Nuss. Niemand hat sich mit ihm angelegt. Niemand - außer dir.","프랑코는 다루기 힘든 상대였지. 감히 그에게 덤비는 녀석은 없었어. 아무도 말이야 - 너를 빼곤.","","False","DIA_Addon_Esteban_Hi_07_02","",""
"Scripts/Content/Story/Dialoge/DIA_Addon_BDT_1083_Esteban.d:89","Nur damit das klar ist, wenn du versuchst, den gleichen Scheiß bei mir abzuziehen, dann mache ich dich fertig.","확실히 해두는데, 나한테도 똑같은 짓을 벌이려 들었다가는 가만두지 않을 거야.","","False","DIA_Addon_Esteban_Hi_07_03","",""
"Scripts/Content/Story/Dialoge/DIA_Addon_BDT_1083_Esteban.d:101","Ich will in die Mine!","광산으로 들어가고 싶다!","","False","DIA_Addon_Esteban_Mine.description","",""
"Scripts/Content/Story/Dialoge/DIA_Addon_BDT_1083_Esteban.d:114","Ich will in die Mine!","광산으로 들어가고 싶다!","","False","DIA_Addon_Esteban_Mine_15_00","",""
"Scripts/Content/Story/Dialoge/DIA_Addon_BDT_1083_Esteban.d:115","(grinst) Natürlich willst du das. Da bist du bei mir genau richtig.","(씩 웃는다) 당연히 그렇겠지. 그렇다면 제대로 찾아왔어.","","False","DIA_Addon_Esteban_Mine_07_01","",""
"Scripts/Content/Story/Dialoge/DIA_Addon_BDT_1083_Esteban.d:116","Denn jeder, der in der Mine schürft, darf einen fetten Anteil vom Gold behalten.","광산에서 캐낸 자는 누구나 금의 상당한 몫을 챙길 수 있으니까.","","False","DIA_Addon_Esteban_Mine_07_02","",""
"Scripts/Content/Story/Dialoge/DIA_Addon_BDT_1083_Esteban.d:117","Und ich verteile die roten Steine, die du brauchst, damit Thorus dich durchlässt.","그리고 토러스가 통과시켜 주는 데 필요한 붉은 돌은 내가 나눠주고 있지.","","False","DIA_Addon_Esteban_Mine_07_03","",""
"Scripts/Content/Story/Dialoge/DIA_Addon_BDT_1083_Esteban.d:129","Gib mir so einen roten Stein.","그 붉은 돌을 하나 다오.","","False","DIA_Addon_Esteban_Rot.description","",""
"Scripts/Content/Story/Dialoge/DIA_Addon_BDT_1083_Esteban.d:142","Gib mir so einen roten Stein.","그 붉은 돌을 하나 다오.","","False","DIA_Addon_Esteban_Rot_15_00","",""
"Scripts/Content/Story/Dialoge/DIA_Addon_BDT_1083_Esteban.d:143","Okay, aber den gibt's nicht umsonst.","좋아, 하지만 공짜로 주지는 않아.","","False","DIA_Addon_Esteban_Rot_07_01","",""
"Scripts/Content/Story/Dialoge/DIA_Addon_BDT_1083_Esteban.d:144","Für gewöhnlich verlange ich einen Teil des Goldes, den die Jungs für's Schürfen bekommen.","보통은 광부들이 채굴로 얻는 금의 일부를 요구하지.","","False","DIA_Addon_Esteban_Rot_07_02","",""
"Scripts/Content/Story/Dialoge/DIA_Addon_BDT_1083_Esteban.d:145","(abschätzend) Wie sieht's denn mit deinen Kenntnissen über's Goldhacken aus, hm?","(가늠하듯) 금 채굴에 대해선 얼마나 알고 있나, 어?","","False","DIA_Addon_Esteban_Rot_07_03","",""
"Scripts/Content/Story/Dialoge/DIA_Addon_BDT_1083_Esteban.d:148","Du hast dir schon ein paar Tricks erzählen lassen, was?","누가 요령이라도 좀 가르쳐 주던가?","","False","DIA_Addon_Esteban_Rot_07_04","",""
"Scripts/Content/Story/Dialoge/DIA_Addon_BDT_1083_Esteban.d:152","Du verstehst ja nicht gerade viel davon ...","제대로 아는 것도 별로 없는 것 같은데...","","False","DIA_Addon_Esteban_Rot_07_05","",""
"Scripts/Content/Story/Dialoge/DIA_Addon_BDT_1083_Esteban.d:155","(abfällig) Wenn ich dir einen roten Stein gebe, dann nicht, weil du so ein toller Buddler bist.","(경멸하듯) 내가 네게 붉은 돌을 준다면, 그건 네가 대단한 광부여서가 아니야.","","False","DIA_Addon_Esteban_Rot_07_06","",""
"Scripts/Content/Story/Dialoge/DIA_Addon_BDT_1083_Esteban.d:156","Nein, für dich habe eine andere Aufgabe ...","아니, 널 위해 맡길 다른 일이 있어서지...","","False","DIA_Addon_Esteban_Rot_07_07","",""
"Scripts/Content/Story/Dialoge/DIA_Addon_BDT_1083_Esteban.d:168","Was für eine Aufgabe ist das?","어떤 일 말인가?","","False","DIA_Addon_Esteban_MIS.description","",""
"Scripts/Content/Story/Dialoge/DIA_Addon_BDT_1083_Esteban.d:181","Was für eine Aufgabe ist das?","어떤 일 말인가?","","False","DIA_Addon_Esteban_MIS_15_00","",""
"Scripts/Content/Story/Dialoge/DIA_Addon_BDT_1083_Esteban.d:182","Einer der Banditen hatte vor, mich zu töten. Aber stattdessen haben meine Wachen IHN getötet.","밴딧 중 하나가 날 죽이려 들었어. 하지만 내 경비병들이 그를 죽여버렸지.","","False","DIA_Addon_Esteban_MIS_07_01","",""
"Scripts/Content/Story/Dialoge/DIA_Addon_BDT_1083_Esteban.d:183","Er war wohl scharf auf deinen Posten, was?","네 자리를 탐냈던 모양이지?","","False","DIA_Addon_Esteban_MIS_15_02","",""
"Scripts/Content/Story/Dialoge/DIA_Addon_BDT_1083_Esteban.d:184","Er war ein Idiot! Ein Schläger ohne Verstand. Von alleine wäre er nie auf die Idee gekommen, sich mit mir anzulegen.","멍청한 자식이지! 생각 없는 건달이야. 혼자 힘으로 나한테 덤빌 생각은 꿈도 못 꿨을 거다.","","False","DIA_Addon_Esteban_MIS_07_03","",""
"Scripts/Content/Story/Dialoge/DIA_Addon_BDT_1083_Esteban.d:185","Nein, er hat den Auftrag nur ausgeführt - geschickt wurde er von jemand anders ...","아냐, 녀석은 지시를 받았을 뿐이야 - 다른 놈이 보낸 거지...","","False","DIA_Addon_Esteban_MIS_07_04","",""
"Scripts/Content/Story/Dialoge/DIA_Addon_BDT_1083_Esteban.d:186","Ich soll also rausfinden, wer dahinter steckt.","그럼 배후가 누군지 알아내라는 거군.","","False","DIA_Addon_Esteban_MIS_15_05","",""
"Scripts/Content/Story/Dialoge/DIA_Addon_BDT_1083_Esteban.d:187","Wer auch immer mir diesen Attentäter geschickt hat, er muss dafür bezahlen. Finde ihn - und ich lasse dich in die Mine.","내게 이 암살자를 보낸 자가 누구든 그 대가를 치르게 할 거야. 그 놈을 찾아내 - 그럼 광산에 들여보내 주지.","","False","DIA_Addon_Esteban_MIS_07_06","",""
"Scripts/Content/Story/Dialoge/DIA_Addon_BDT_1083_Esteban.d:192","Wegen dieser Sache hat Senyan mich zu dir geschickt.","이 일 때문에 센얀이 날 당신에게 보냈소.","","False","DIA_Addon_Esteban_MIS_15_07","",""
"Scripts/Content/Story/Dialoge/DIA_Addon_BDT_1083_Esteban.d:193","Senyan? Er arbeitet auch für mich. Ich habe ihm gesagt, er soll die Augen aufhalten.","센얀? 그 녀석도 날 위해 일해. 눈을 크게 뜨고 있으라고 일러뒀지.","","False","DIA_Addon_Esteban_MIS_07_08","",""
"Scripts/Content/Story/Dialoge/DIA_Addon_BDT_1083_Esteban.d:211","Wie soll ich vorgehen?","어떻게 접근해야 하지?","","False","DIA_Addon_Esteban_Kerl.description","",""
"Scripts/Content/Story/Dialoge/DIA_Addon_BDT_1083_Esteban.d:224","Wie soll ich vorgehen?","어떻게 접근해야 하지?","","False","DIA_Addon_Esteban_Kerl_15_00","",""
"Scripts/Content/Story/Dialoge/DIA_Addon_BDT_1083_Esteban.d:225","Jeder hier im Lager weiß davon. Du spielst also mit offenen Karten.","캠프의 모두가 이 일을 알고 있어. 그러니 정정당당하게 부딪혀 보라고.","","False","DIA_Addon_Esteban_Kerl_07_01","",""
"Scripts/Content/Story/Dialoge/DIA_Addon_BDT_1083_Esteban.d:226","Versuche rauszufinden, wer auf meiner Seite steht und wer nicht und lass dich nicht von den Kerlen verarschen!","누가 내 편이고 누가 아닌지 알아내도록 해. 그 자식들에게 놀아나지 말고!","","False","DIA_Addon_Esteban_Kerl_07_02","",""
"Scripts/Content/Story/Dialoge/DIA_Addon_BDT_1083_Esteban.d:227","Sprich mit Snaf. Der dicke Koch kriegt 'ne Menge mit.","스나프와 대화해 봐. 그 뚱뚱한 요리사는 아는 게 많거든.","","False","DIA_Addon_Esteban_Kerl_07_03","",""
"Scripts/Content/Story/Dialoge/DIA_Addon_BDT_1083_Esteban.d:241","Ich brauche 'ne bessere Rüstung. ","더 나은 방어구가 필요하다. ","","False","DIA_Addon_Esteban_Armor.description","",""
"Scripts/Content/Story/Dialoge/DIA_Addon_BDT_1083_Esteban.d:254","Ich brauch 'ne bessere Rüstung.","더 나은 방어구가 필요하다.","","False","DIA_Addon_Esteban_Armor_15_00","",""
"Scripts/Content/Story/Dialoge/DIA_Addon_BDT_1083_Esteban.d:255","Wieso? Du hast doch schon eine. Die ist für's erste gut genug für dich!","왜? 이미 걸치고 있잖아. 당분간은 그걸로 충분해!","","False","DIA_Addon_Esteban_Armor_07_01","",""
"Scripts/Content/Story/Dialoge/DIA_Addon_BDT_1083_Esteban.d:258","Wenn du deinen Auftrag erledigt hast, reden wir noch mal darüber ...","임무를 완수하고 나면, 그때 다시 얘기해 보자고...","","False","DIA_Addon_Esteban_Armor_07_02","",""
"Scripts/Content/Story/Dialoge/DIA_Addon_BDT_1083_Esteban.d:272","Wegen dem Auftrag ...","그 임무에 대해 말인데...","","False","DIA_Addon_Esteban_Auftrag.description","",""
"Scripts/Content/Story/Dialoge/DIA_Addon_BDT_1083_Esteban.d:287","Wegen des Auftrags ...","그 임무에 대해 말인데...","","False","DIA_Addon_Esteban_Auftrag_15_00","",""
"Scripts/Content/Story/Dialoge/DIA_Addon_BDT_1083_Esteban.d:288","Pass auf, ich hab noch andere Sachen, um die ich mich kümmern muss.","이봐, 내겐 처리해야 할 다른 일들이 많다고.","","False","DIA_Addon_Esteban_Auftrag_07_01","",""
"Scripts/Content/Story/Dialoge/DIA_Addon_BDT_1083_Esteban.d:292","Ich dachte, es interessiert dich vielleicht, wer hinter dem Attentat steckt ...","암살의 배후가 누군지 알면 흥미로울 거라 생각했는데...","","False","DIA_Addon_Esteban_Auftrag_15_02","",""
"Scripts/Content/Story/Dialoge/DIA_Addon_BDT_1083_Esteban.d:293","Wer ist es? Sag mir seinen Namen, damit meine Wachen ihm den Hals umdrehen können ...","누군가? 내 경비병들이 녀석의 목을 비틀 수 있게 이름을 대라...","","False","DIA_Addon_Esteban_Auftrag_07_03","",""
"Scripts/Content/Story/Dialoge/DIA_Addon_BDT_1083_Esteban.d:294","Der Händler Fisk steckt dahinter. Zur Zeit steht er allerdings ahnungslos in der Kneipe und säuft ...","상인 피스크가 배후야. 지금은 술집에서 아무것도 모른 채 술을 마시고 있지...","","False","DIA_Addon_Esteban_Auftrag_15_04","",""
"Scripts/Content/Story/Dialoge/DIA_Addon_BDT_1083_Esteban.d:295","HA! Gut gemacht, Kleiner. Meine Wachen werden sich um ihn kümmern ...","하! 잘했어, 꼬마야. 내 경비병들이 그 자를 처리해 줄 거다...","","False","DIA_Addon_Esteban_Auftrag_07_05","",""
"Scripts/Content/Story/Dialoge/DIA_Addon_BDT_1083_Esteban.d:298","Ihr habt's gehört Jungs. Schnappt euch diesen Fisk.","들었지 얘들아. 저 피스크 녀석을 잡아 와라.","","False","DIA_Addon_Esteban_Auftrag_07_06","",""
"Scripts/Content/Story/Dialoge/DIA_Addon_BDT_1083_Esteban.d:305","Komm wieder, wenn du rausgefunden hast, wer der Kerl ist.","범인이 누군지 알아내면 다시 오라고.","","False","DIA_Addon_Esteban_Auftrag_07_07","",""
"Scripts/Content/Story/Dialoge/DIA_Addon_BDT_1083_Esteban.d:319","Und wie geht's jetzt weiter?","이제 어떻게 되지?","","False","DIA_Addon_Esteban_Away.description","",""
"Scripts/Content/Story/Dialoge/DIA_Addon_BDT_1083_Esteban.d:332","Und wie geht's jetzt weiter?","이제 어떻게 되지?","","False","DIA_Addon_Esteban_Away_15_00","",""
"Scripts/Content/Story/Dialoge/DIA_Addon_BDT_1083_Esteban.d:333","Wie es jetzt weitergeht? Ich sage dir, wie es weitergeht.","어떻게 되냐고? 어떻게 되는지 알려주지.","","False","DIA_Addon_Esteban_Away_07_01","",""
"Scripts/Content/Story/Dialoge/DIA_Addon_BDT_1083_Esteban.d:334","Fisk ist wird einen schmerzvollen Tod erleiden. Und jeder im Lager wird davon erfahren.","피스크는 끔찍한 최후를 맞이할 것이다. 그리고 캠프의 모두가 그 사실을 알게 되겠지.","","False","DIA_Addon_Esteban_Away_07_02","",""
"Scripts/Content/Story/Dialoge/DIA_Addon_BDT_1083_Esteban.d:335","Das wird ihnen allen eine Warnung sein.","그게 녀석들 모두에게 경고가 될 거다.","","False","DIA_Addon_Esteban_Away_07_03","",""
"Scripts/Content/Story/Dialoge/DIA_Addon_BDT_1083_Esteban.d:350","Kriege ich jetzt einen roten Stein?","이제 붉은 돌을 받을 수 있나?","","False","DIA_Addon_Esteban_Stone.description","",""
"Scripts/Content/Story/Dialoge/DIA_Addon_BDT_1083_Esteban.d:364","Kriege ich jetzt einen roten Stein?","이제 붉은 돌을 받을 수 있나?","","False","DIA_Addon_Esteban_Stone_15_00","",""
"Scripts/Content/Story/Dialoge/DIA_Addon_BDT_1083_Esteban.d:365","Du hast deine Sache gut gemacht. Jemand wie du hat in der Mine nichts verloren.","일 처리는 훌륭하게 해냈어. 하지만 너 같은 녀석이 광산에 갈 필요는 없지.","","False","DIA_Addon_Esteban_Stone_07_01","",""
"Scripts/Content/Story/Dialoge/DIA_Addon_BDT_1083_Esteban.d:366","Ich kann dich hier viel besser gebrauchen. Du wirst im Lager bleiben und weiterhin für mich arbeiten.","난 여기서 널 훨씬 더 유용하게 써먹을 수 있거든. 넌 캠프에 남아서 계속 날 위해 일하게 될 거다.","","False","DIA_Addon_Esteban_Stone_07_02","",""
"Scripts/Content/Story/Dialoge/DIA_Addon_BDT_1083_Esteban.d:378","Ich denk' darüber nach.","생각해 보겠소.","","False","DIA_Addon_Esteban_not.description","",""
"Scripts/Content/Story/Dialoge/DIA_Addon_BDT_1083_Esteban.d:391","Ich denk' darüber nach.","생각해 보겠소.","","False","DIA_Addon_Esteban_not_15_00","",""
"Scripts/Content/Story/Dialoge/DIA_Addon_BDT_1083_Esteban.d:392","Du vergisst, vor wem du stehst. Ich habe hier das Sagen und du wirst genau das tun, was ich dir sage.","지금 누구와 얘기하는지 잊었나 보군. 여기서 명령을 내리는 건 나야. 넌 내가 시키는 대로 정확히 하게 될 거다.","","False","DIA_Addon_Esteban_not_07_01","",""
"Scripts/Content/Story/Dialoge/DIA_Addon_BDT_1083_Esteban.d:393","Und ich sage, du arbeitest für mich und niemanden sonst. Ist das jetzt klar?","그리고 내 말은, 넌 나를 위해서만 일할 거라는 거다. 이제 분명해졌나?","","False","DIA_Addon_Esteban_not_07_02","",""
"Scripts/Content/Story/Dialoge/DIA_Addon_BDT_1083_Esteban.d:405","Willst du mich verarschen?","나를 놀리는 거냐?","","False","DIA_Addon_Esteban_fight.description","",""
"Scripts/Content/Story/Dialoge/DIA_Addon_BDT_1083_Esteban.d:418","Willst du mich verarschen? Es war nie die Rede davon, dass ich für dich arbeite.","지금 나를 가지고 노는 건가? 내가 너를 위해 일한다는 이야기는 꺼낸 적도 없어.","","False","DIA_Addon_Esteban_fight_15_00","",""
"Scripts/Content/Story/Dialoge/DIA_Addon_BDT_1083_Esteban.d:419","So ein Angebot bekommt nicht jeder. Aber wenn du nicht willst, steht es dir auch frei, das Lager zu verlassen ...","이런 제안을 받는 건 아무나 하는 게 아니야. 하지만 싫다면 당장 이 캠프를 떠나도 좋다...","","False","DIA_Addon_Esteban_fight_07_01","",""
"Scripts/Content/Story/Dialoge/DIA_Addon_BDT_1083_Esteban.d:420","Wie wäre es, wenn du dein Wort hältst und mir einen roten Stein gibst?","약속을 지켜서 붉은 돌을 주는 건 어때?","","False","DIA_Addon_Esteban_fight_15_02","",""
"Scripts/Content/Story/Dialoge/DIA_Addon_BDT_1083_Esteban.d:421","Hey - noch ein Wort und meine Wachen müssen dir auch noch weh tun.","이봐 - 한 마디만 더 했다가는 내 경비병들이 너를 꽤 아프게 만들어야 할걸.","","False","DIA_Addon_Esteban_fight_07_03","",""
"Scripts/Content/Story/Dialoge/DIA_Addon_BDT_1083_Esteban.d:422","(grinst) Welche Wachen ... ?","(씩 웃는다) 무슨 경비병 말이지...?","","False","DIA_Addon_Esteban_fight_15_04","",""
"Scripts/Content/Story/Dialoge/DIA_Addon_BDT_1083_Esteban.d:423","Was ... ? Ah, ich verstehe ... du versuchst mich reinzulegen, na warte ...","뭐...? 아, 그렇군... 날 속이려고 들겠다 이거지, 어디 보자...","","False","DIA_Addon_Esteban_fight_07_05","",""
"Scripts/Content/Story/Dialoge/DIA_Addon_BDT_1083_Esteban.d:443","Gib mir JETZT den Stein oder ich werde ihn mir holen!","당장 돌을 넘겨라, 아니면 직접 가져가겠다!","","False","DIA_Addon_Esteban_Duell.description","",""
"Scripts/Content/Story/Dialoge/DIA_Addon_BDT_1083_Esteban.d:457","Gib mir JETZT den Stein oder ich werde ihn mir holen!","당장 돌을 넘겨라, 아니면 직접 가져가겠다!","","False","DIA_Addon_Esteban_Duell_15_00","",""
"Scripts/Content/Story/Dialoge/DIA_Addon_BDT_1083_Esteban.d:458","Oh, du bist lebensmüde. Na schön, ich tu dir den Gefallen und erlöse dich von deiner Dummheit!","오호, 제 발로 무덤을 파는구나. 좋아, 네 그 멍청함을 호되게 고쳐주마!","","False","DIA_Addon_Esteban_Duell_07_01","",""
"Scripts/Content/Story/Dialoge/DIA_Addon_BDT_1084_Senyan.d:11","Bis dann...","나중에 보라고...","","False","DIA_Addon_Senyan_EXIT.description","",""
"Scripts/Content/Story/Dialoge/DIA_Addon_BDT_1084_Senyan.d:23","Du weißt, was du zu tun hast ...","뭘 해야 할지는 알겠지...","","False","DIA_Addon_Senyan_EXIT_12_00","",""
"Scripts/Content/Story/Dialoge/DIA_Addon_BDT_1084_Senyan.d:68","(verachtend) Wozu brauche ich dich dann noch, du Penner?","(경멸하며) 그럼 네가 왜 더 필요하지, 이 건달 새끼야?","","False","DIA_Addon_Senyan_Attack_12_00","",""
"Scripts/Content/Story/Dialoge/DIA_Addon_BDT_1084_Senyan.d:69","(ruft) Hey Leute, seht mal, wen wir hier haben!","(소리친다) 이봐들, 여기 누구 왔나 좀 보라고!","","False","DIA_Addon_Senyan_Attack_12_01","",""
"Scripts/Content/Story/Dialoge/DIA_Addon_BDT_1084_Senyan.d:82","Wie viel willst du?","얼마를 원하지?","","False","DIA_Addon_Senyan_Erpressung_15_00","",""
"Scripts/Content/Story/Dialoge/DIA_Addon_BDT_1084_Senyan.d:83","(spielt gekränkt) Oh nein, bitte. Ich will doch kein Gold von dir erpressen. Das würde mir im Traum nicht einfallen.","(상처받은 연기를 하며) 오 아니, 제발. 내가 네게서 금을 뜯어내려 한다니. 꿈에도 생각 못한 소리군.","","False","DIA_Addon_Senyan_Erpressung_12_01","",""
"Scripts/Content/Story/Dialoge/DIA_Addon_BDT_1084_Senyan.d:84","Was willst du dann?","그럼 뭘 원하지?","","False","DIA_Addon_Senyan_Erpressung_15_02","",""
"Scripts/Content/Story/Dialoge/DIA_Addon_BDT_1084_Senyan.d:85","Vor kurzem hat jemand versucht, Esteban aus dem Weg zu räumen. Er ist jedoch an seinen Leibwachen gescheitert.","얼마 전에 누군가 에스테반을 없애려고 했었어. 하지만 그의 경비병들 때문에 실패했지.","","False","DIA_Addon_Senyan_Erpressung_12_03","",""
"Scripts/Content/Story/Dialoge/DIA_Addon_BDT_1084_Senyan.d:86","Geh zu Esteban und sprich mit ihm. Danach unterhalten wir uns noch einmal.","에스테반에게 가서 그와 대화해 봐. 그런 다음 다시 얘기하자고.","","False","DIA_Addon_Senyan_Erpressung_12_04","",""
"Scripts/Content/Story/Dialoge/DIA_Addon_BDT_1084_Senyan.d:118","Ah! Wen haben wir denn da?","아! 누굴 만났더라?","","False","DIA_Addon_BDT_1084_Senyan_Hi_12_00","",""
"Scripts/Content/Story/Dialoge/DIA_Addon_BDT_1084_Senyan.d:120","Sieh an, sieh an. Das bist ja du. Ich habe eine gute und schlechte Nachricht für dich.","이거 봐라, 이거 봐. 바로 너잖아. 네게 좋은 메시지와 나쁜 메시지가 각각 하나씩 있어.","","False","DIA_Addon_BDT_1084_Senyan_Hi_12_01","",""
"Scripts/Content/Story/Dialoge/DIA_Addon_BDT_1084_Senyan.d:123","Ich will erst die gute Nachricht hören.","좋은 메시지부터 듣고 싶어.","","False","DIA_Addon_Senyan_Hi_Info.DIA_Addon_BDT_1084_Senyan_Hi.DIA_Addon_BDT_1084_Senyan_Hi_good","Info_AddChoice",""
"Scripts/Content/Story/Dialoge/DIA_Addon_BDT_1084_Senyan.d:124","Sag mir zuerst die schlechte Nachricht.","나쁜 메시지부터 말해 줘.","","False","DIA_Addon_Senyan_Hi_Info.DIA_Addon_BDT_1084_Senyan_Hi.DIA_Addon_BDT_1084_Senyan_Hi_bad","Info_AddChoice",""
"Scripts/Content/Story/Dialoge/DIA_Addon_BDT_1084_Senyan.d:131","Ich will erst die gute Nachricht hören.","좋은 메시지부터 듣고 싶어.","","False","DIA_Addon_BDT_1084_Senyan_Hi_good_15_00","",""
"Scripts/Content/Story/Dialoge/DIA_Addon_BDT_1084_Senyan.d:136","Und was ist die gute Nachricht?","그래, 좋은 메시지라는 게 뭔데?","","False","DIA_Addon_BDT_1084_Senyan_Hi_good_15_01","",""
"Scripts/Content/Story/Dialoge/DIA_Addon_BDT_1084_Senyan.d:139","Nun, ich weiß zwar nicht warum, aber du hast dir ein paar mächtige Feinde gemacht.","글쎄, 이유는 잘 모르겠지만 네가 아주 강력한 적들을 만들었더라고.","","False","DIA_Addon_BDT_1084_Senyan_Hi_good_12_02","",""
"Scripts/Content/Story/Dialoge/DIA_Addon_BDT_1084_Senyan.d:140","Du kannst von Glück reden, dass ICH dich erkannt habe und kein anderer.","다른 사람이 아니라 나 자신이 너를 알아본 걸 행운으로 알아야 할걸.","","False","DIA_Addon_BDT_1084_Senyan_Hi_good_12_03","",""
"Scripts/Content/Story/Dialoge/DIA_Addon_BDT_1084_Senyan.d:141","Denn ich bin verständnisvoll und umgänglich.","난 마음이 넓고 사교적인 사람이거든.","","False","DIA_Addon_BDT_1084_Senyan_Hi_good_12_04","",""
"Scripts/Content/Story/Dialoge/DIA_Addon_BDT_1084_Senyan.d:153","Und was ist die schlechte Nachricht?","그럼 나쁜 메시지는 뭔데?","","False","DIA_Addon_BDT_1084_Senyan_Hi_good.DIA_Addon_BDT_1084_Senyan_Hi.DIA_Addon_BDT_1084_Senyan_Hi_bad","Info_AddChoice",""
"Scripts/Content/Story/Dialoge/DIA_Addon_BDT_1084_Senyan.d:161","Sag mir zuerst die schlechte Nachricht.","나쁜 메시지부터 말해 줘.","","False","DIA_Addon_BDT_1084_Senyan_Hi_bad_15_00","",""
"Scripts/Content/Story/Dialoge/DIA_Addon_BDT_1084_Senyan.d:166","Und was ist die schlechte Nachricht?","그럼 나쁜 메시지는 뭔데?","","False","DIA_Addon_BDT_1084_Senyan_Hi_bad_15_01","",""
"Scripts/Content/Story/Dialoge/DIA_Addon_BDT_1084_Senyan.d:169","Raven sucht dich. Seine Gardisten suchen dich. Eigentlich suchen dich alle Banditen ...","레이븐이 널 찾고 있어. 그의 수호자들도 널 찾고 있지. 사실상 모든 산적들이 널 찾고 있어...","","False","DIA_Addon_BDT_1084_Senyan_Hi_bad_12_02","",""
"Scripts/Content/Story/Dialoge/DIA_Addon_BDT_1084_Senyan.d:170","Und wenn sie dich entdecken, werden sie dich töten.","그리고 그들이 널 발견하면 널 죽일 거야.","","False","DIA_Addon_BDT_1084_Senyan_Hi_bad_12_03","",""
"Scripts/Content/Story/Dialoge/DIA_Addon_BDT_1084_Senyan.d:171","Das haben schon viele versucht.","시도해 본 녀석들은 많지.","","False","DIA_Addon_BDT_1084_Senyan_Hi_bad_15_04","",""
"Scripts/Content/Story/Dialoge/DIA_Addon_BDT_1084_Senyan.d:172","Dann ist deine Kamfkunst so groß wie deine Gerissenheit. Mit einer unserer Rüstungen in's Lager zu kommen, das ist wie ...","그럼 네 전투 기술은 교활함만큼이나 대단하겠군. 우리 방어구 중 하나를 걸치고 야영지로 들어오는 건 마치...","","False","DIA_Addon_BDT_1084_Senyan_Hi_bad_12_05","",""
"Scripts/Content/Story/Dialoge/DIA_Addon_BDT_1084_Senyan.d:173","... das Schaf, das zu den Wölfen kommt. Dein Leben hängt an einem dünnen Faden, Sohn der Gefahr.","...이리와 다름없는 양 꼴이지. 위험의 아들이여, 네 목숨은 풍비박산 직전이라고.","","False","DIA_Addon_BDT_1084_Senyan_Hi_bad_12_06","",""
"Scripts/Content/Story/Dialoge/DIA_Addon_BDT_1084_Senyan.d:185","Und was ist die gute Nachricht?","좋은 메시지는 뭐야?","","False","DIA_Addon_BDT_1084_Senyan_Hi_bad.DIA_Addon_BDT_1084_Senyan_Hi.DIA_Addon_BDT_1084_Senyan_Hi_good","Info_AddChoice",""
"Scripts/Content/Story/Dialoge/DIA_Addon_BDT_1084_Senyan.d:199","Wegen Esteban ...","에스테반에 관해...","","False","DIA_Addon_Senyan_unterwegs.description","",""
"Scripts/Content/Story/Dialoge/DIA_Addon_BDT_1084_Senyan.d:213","Wegen Esteban ...","에스테반에 관해선...","","False","DIA_Addon_Senyan_unterwegs_15_00","",""
"Scripts/Content/Story/Dialoge/DIA_Addon_BDT_1084_Senyan.d:214","Hast du schon mit ihm gesprochen?","그와 이미 얘기는 해봤나?","","False","DIA_Addon_Senyan_unterwegs_12_01","",""
"Scripts/Content/Story/Dialoge/DIA_Addon_BDT_1084_Senyan.d:215","Bisher noch nicht.","아직은 아니야.","","False","DIA_Addon_Senyan_unterwegs_15_02","",""
"Scripts/Content/Story/Dialoge/DIA_Addon_BDT_1084_Senyan.d:216","Nun, das solltest du aber bald tun.","음, 그럼 곧 그러는 게 좋을 걸.","","False","DIA_Addon_Senyan_unterwegs_12_03","",""
"Scripts/Content/Story/Dialoge/DIA_Addon_BDT_1084_Senyan.d:228","Ich habe mit Esteban gesprochen.","에스테반과 얘기했어.","","False","DIA_Addon_Senyan_Attentat.description","",""
"Scripts/Content/Story/Dialoge/DIA_Addon_BDT_1084_Senyan.d:242","Ich habe mit Esteban gesprochen.","에스테반과 얘기했어.","","False","DIA_Addon_Senyan_Attentat_15_00","",""
"Scripts/Content/Story/Dialoge/DIA_Addon_BDT_1084_Senyan.d:243","Und er hat dir von dem Attentat erzählt?","그래서 그 암살 사건에 대해 말해 주던가?","","False","DIA_Addon_Senyan_Attentat_12_01","",""
"Scripts/Content/Story/Dialoge/DIA_Addon_BDT_1084_Senyan.d:244","Er hat mich beauftragt, denjenigen zu finden, der den Attentäter geschickt hat. Weißt du was darüber?","암살자를 보낸 자를 찾아내라는 명령을 받았어. 그에 대해 아는 거 있어?","","False","DIA_Addon_Senyan_Attentat_15_02","",""
"Scripts/Content/Story/Dialoge/DIA_Addon_BDT_1084_Senyan.d:245","Nicht mehr als du. Ich bin ebenfalls auf der Suche nach diesem Auftraggeber. Und jetzt kommen wir zum interessanten Teil.","너만큼이나 나도 모르는걸. 나 역시 그 배후를 쫓고 있거든. 자, 이제 흥미로운 부분으로 가볼까.","","False","DIA_Addon_Senyan_Attentat_12_03","",""
"Scripts/Content/Story/Dialoge/DIA_Addon_BDT_1084_Senyan.d:246","Lass hören.","어디 들어보지.","","False","DIA_Addon_Senyan_Attentat_15_04","",""
"Scripts/Content/Story/Dialoge/DIA_Addon_BDT_1084_Senyan.d:247","Ich will, dass du deinen Job gut machst. Ich will, dass du diesen Verräter findest.","난 네가 네 일을 잘 해냈으면 좋겠어. 그 배신자를 찾아내길 바란다고.","","False","DIA_Addon_Senyan_Attentat_12_05","",""
"Scripts/Content/Story/Dialoge/DIA_Addon_BDT_1084_Senyan.d:248","(kalt) Und wenn du ihn gefunden hast - will ich, dass du ihn für mich tötest.","(냉소적으로) 그리고 그를 찾으면 — 내 대신 그를 처치해 줬으면 좋겠군.","","False","DIA_Addon_Senyan_Attentat_12_06","",""
"Scripts/Content/Story/Dialoge/DIA_Addon_BDT_1084_Senyan.d:249","Die Belohnung kassiere dann ICH.","보상은 내가 챙길 테니까.","","False","DIA_Addon_Senyan_Attentat_12_07","",""
"Scripts/Content/Story/Dialoge/DIA_Addon_BDT_1084_Senyan.d:250","Ich habe deinen Steckbrief - vergiss das nicht. Mach deine Arbeit und mach sie gut. Du kannst dir denken, was sonst passiert.","나한텐 네 수배 전단이 있어 — 그걸 잊지 마. 네 일을 제대로 해내라고. 그렇지 않으면 어떻게 될지 상상할 수 있을걸.","","False","DIA_Addon_Senyan_Attentat_12_08","",""
"Scripts/Content/Story/Dialoge/DIA_Addon_BDT_1084_Senyan.d:253","Mir bleibt wohl nichts anderes übrig...","선택의 여지가 없는 것 같군...","","False","DIA_Addon_Senyan_Attentat_Info.DIA_Addon_Senyan_Attentat.DIA_Addon_Senyan_Attentat_JA","Info_AddChoice",""
"Scripts/Content/Story/Dialoge/DIA_Addon_BDT_1084_Senyan.d:254","Vergiß es!","집어치워!","","False","DIA_Addon_Senyan_Attentat_Info.DIA_Addon_Senyan_Attentat.DIA_Addon_Senyan_Attentat_NO","Info_AddChoice",""
"Scripts/Content/Story/Dialoge/DIA_Addon_BDT_1084_Senyan.d:259","Vergiss es!","헛소리 집어치워!","","False","DIA_Addon_Senyan_Attentat_NO_15_00","",""
"Scripts/Content/Story/Dialoge/DIA_Addon_BDT_1084_Senyan.d:267","Mir bleibt wohl nichts anderes übrig ...","선택의 여지가 없는 것 같군...","","False","DIA_Addon_Senyan_Attentat_JA_15_00","",""
"Scripts/Content/Story/Dialoge/DIA_Addon_BDT_1084_Senyan.d:268","Ich wusste, dass wir uns verstehen würden.","우리가 말이 잘 통할 줄 알았지.","","False","DIA_Addon_Senyan_Attentat_JA_12_01","",""
"Scripts/Content/Story/Dialoge/DIA_Addon_BDT_1084_Senyan.d:269","(barsch) Wenn du rausgefunden hast, wer der Kerl ist - erledigen wir diese Zecke zusammmen. Und jetzt verschwinde!","(퉁명스럽게) 그 녀석이 누군지 알아내면 — 그 진드기 같은 녀석을 함께 처리하는 거야. 자, 이제 꺼져!","","False","DIA_Addon_Senyan_Attentat_JA_12_02","",""
"Scripts/Content/Story/Dialoge/DIA_Addon_BDT_1084_Senyan.d:286","Ich hab's mir anders überlegt. Wir arbeiten ab jetzt nicht mehr zusammen!","생각이 바뀌었어. 우리는 이제 협력하지 않아!","","False","DIA_Addon_Senyan_ChangePlan.description","",""
"Scripts/Content/Story/Dialoge/DIA_Addon_BDT_1084_Senyan.d:300","Ich hab's mir anders überlegt. Wir arbeiten jetzt nicht mehr zusammen!","생각이 바뀌었어. 우리는 이제 협력하지 않아!","","False","DIA_Addon_Senyan_ChangePlan_15_00","",""
"Scripts/Content/Story/Dialoge/DIA_Addon_BDT_1084_Senyan.d:315","Ich habe den Verräter gefunden. Es ist Fisk.","배신자를 찾았어. 피스크야.","","False","DIA_Addon_BDT_1084_Senyan_Found.description","",""
"Scripts/Content/Story/Dialoge/DIA_Addon_BDT_1084_Senyan.d:329","Ich habe den Verräter gefunden. Es ist Fisk.","배신자를 찾았어. 피스크야.","","False","DIA_Addon_BDT_1084_Senyan_Found_15_00","",""
"Scripts/Content/Story/Dialoge/DIA_Addon_BDT_1084_Senyan.d:358","(wütend) Du hast unsere Abmachung nicht eingehalten.","(격노하며) 넌 우리와의 약속을 어겼어.","","False","DIA_Addon_BDT_1084_Senyan_derbe_12_00","",""
"Scripts/Content/Story/Dialoge/DIA_Addon_BDT_1085_Bloodwyn.d:82","Hey, wie bist du hier reingekommen?","이봐, 여긴 어떻게 들어온 거지?","","False","DIA_Addon_Bloodwyn_Dead_04_00","",""
"Scripts/Content/Story/Dialoge/DIA_Addon_BDT_1085_Bloodwyn.d:83","Durch den Eingang.","입구를 통해서.","","False","DIA_Addon_Bloodwyn_Dead_15_01","",""
"Scripts/Content/Story/Dialoge/DIA_Addon_BDT_1085_Bloodwyn.d:84","Witzig ... ich HASSE Witze.","웃기는군... 난 농담 따먹기 질색이야.","","False","DIA_Addon_Bloodwyn_Dead_04_02","",""
"Scripts/Content/Story/Dialoge/DIA_Addon_BDT_1085_Bloodwyn.d:95","Und ich dachte ich hätte dich erwischt.","네가 나를 잡았다고 생각했나 보지.","","False","Bloodwyn_Choices_1.DIA_Addon_Bloodwyn_Wait.DIA_Addon_Bloodwyn_Wait_GOOD1","Info_AddChoice",""
"Scripts/Content/Story/Dialoge/DIA_Addon_BDT_1085_Bloodwyn.d:96","Alles hat mal ein Ende.","모든 것에는 끝이 있는 법이지.","","False","Bloodwyn_Choices_1.DIA_Addon_Bloodwyn_Wait.DIA_Addon_Bloodwyn_Wait_BAD1","Info_AddChoice",""
"Scripts/Content/Story/Dialoge/DIA_Addon_BDT_1085_Bloodwyn.d:103","Und wer glaubst du hat die Barriere zum Einsturz gebracht?","그럼 장벽을 무너뜨린 게 누구라고 생각하나?","","False","Bloodwyn_Choices_2.DIA_Addon_Bloodwyn_Wait.DIA_Addon_Bloodwyn_Wait_GOOD2","Info_AddChoice",""
"Scripts/Content/Story/Dialoge/DIA_Addon_BDT_1085_Bloodwyn.d:104","Du und viele andere Typen auch...","너랑 다른 수많은 녀석들이겠지...","","False","Bloodwyn_Choices_2.DIA_Addon_Bloodwyn_Wait.DIA_Addon_Bloodwyn_Wait_BAD2","Info_AddChoice",""
"Scripts/Content/Story/Dialoge/DIA_Addon_BDT_1085_Bloodwyn.d:111","Er hatte wohl keine Zeit, um wählerisch zu sein...","까다롭게 굴 시간이 없었던 모양이군...","","False","Bloodwyn_Choices_3.DIA_Addon_Bloodwyn_Wait.DIA_Addon_Bloodwyn_Wait_GOOD3","Info_AddChoice",""
"Scripts/Content/Story/Dialoge/DIA_Addon_BDT_1085_Bloodwyn.d:112","Ja, das war wohl sein größter Fehler...","그래, 그게 아마 그의 가장 큰 실수였을 거야...","","False","Bloodwyn_Choices_3.DIA_Addon_Bloodwyn_Wait.DIA_Addon_Bloodwyn_Wait_BAD3","Info_AddChoice",""
"Scripts/Content/Story/Dialoge/DIA_Addon_BDT_1085_Bloodwyn.d:138","Du hast die Minecrawler getötet? Gut. Ich übernehme jetzt. Los, verschwinde.","마인크롤러를 처치했다고? 좋아. 이제 내가 맡지. 자, 꺼져.","","False","DIA_Addon_Bloodwyn_Wait_04_00","",""
"Scripts/Content/Story/Dialoge/DIA_Addon_BDT_1085_Bloodwyn.d:139","Warte mal.","잠깐만.","","False","DIA_Addon_Bloodwyn_Wait_15_01","",""
"Scripts/Content/Story/Dialoge/DIA_Addon_BDT_1085_Bloodwyn.d:140","Du bist noch nicht weg?","아직도 안 떠났나?","","False","DIA_Addon_Bloodwyn_Wait_04_02","",""
"Scripts/Content/Story/Dialoge/DIA_Addon_BDT_1085_Bloodwyn.d:142","Wir haben noch was zu klären.","아직 끝내지 못한 이야기가 있어서.","","False","DIA_Addon_Bloodwyn_Wait_15_03","",""
"Scripts/Content/Story/Dialoge/DIA_Addon_BDT_1085_Bloodwyn.d:146","Ich suche Raven.","난 레이븐을 찾고 있어.","","False","DIA_Addon_Bloodwyn_Wait_Info.DIA_Addon_Bloodwyn_Wait.DIA_Addon_Bloodwyn_Wait_Raven","Info_AddChoice",""
"Scripts/Content/Story/Dialoge/DIA_Addon_BDT_1085_Bloodwyn.d:151","Ich suche Raven.","난 레이븐을 찾고 있어.","","False","DIA_Addon_Bloodwyn_Wait_Raven_15_00","",""
"Scripts/Content/Story/Dialoge/DIA_Addon_BDT_1085_Bloodwyn.d:152","Ja - und warum glaubst, dass Raven ausgerechnet mit DIR ... warte mal DU bist ... DU bist das????","그래 — 그런데 왜 하필 레이븐이 너와... 잠깐만. 네가... 설마 네가 그 녀석이야??? 네가 누군지 알았어?","","False","DIA_Addon_Bloodwyn_Wait_Raven_04_01","",""
"Scripts/Content/Story/Dialoge/DIA_Addon_BDT_1085_Bloodwyn.d:153","Du bist der Kerl, den wir die ganze Zeit gesucht haben. Was machst DU hier? Du solltest längst tot sein!","우리가 그토록 찾아다니던 녀석이 바로 너였군. 네가 왜 여기에 있지? 진작에 죽었어야 할 놈이!","","False","DIA_Addon_Bloodwyn_Wait_Raven_04_02","",""
"Scripts/Content/Story/Dialoge/DIA_Addon_BDT_1085_Bloodwyn.d:154","Das sagt man mir dauernd.","다들 그런 소릴 하더군.","","False","DIA_Addon_Bloodwyn_Wait_Raven_15_03","",""
"Scripts/Content/Story/Dialoge/DIA_Addon_BDT_1085_Bloodwyn.d:155","Diese Pünten haben alle versagt - aber an mir wirst du nicht vorbeikommen. Dieses Mal erledige ich dich!","그 바보 녀석들은 다 실패했지만 — 내겐 당해내지 못할걸. 이번엔 내가 끝장내주마!","","False","DIA_Addon_Bloodwyn_Wait_Raven_04_04","",""
"Scripts/Content/Story/Dialoge/DIA_Addon_BDT_1085_Bloodwyn.d:156","Wie ich bereits sagte - es ist Raven, den ich suche - du bist nicht wichtig für mich.","이미 말했듯이 — 내가 찾는 건 레이븐이야. 넌 내게 중요하지 않아.","","False","DIA_Addon_Bloodwyn_Wait_Raven_15_05","",""
"Scripts/Content/Story/Dialoge/DIA_Addon_BDT_1085_Bloodwyn.d:157","Ich werde dich töten - Ich habe bis jetzt jeden Kampf überlebt!","널 죽여주마 — 난 지금까지 모든 전투에서 살아남았다고!","","False","DIA_Addon_Bloodwyn_Wait_Raven_04_06","",""
"Scripts/Content/Story/Dialoge/DIA_Addon_BDT_1085_Bloodwyn.d:164","Genug geredet. Lass uns kämpfen.","말은 그만하자. 싸우자고.","","False","DIA_Addon_Bloodwyn_Wait_Raven_FIGHT_15_00","",""
"Scripts/Content/Story/Dialoge/DIA_Addon_BDT_1085_Bloodwyn.d:165","(triumphierend) Es ist sowieso zu spät für dich! Raven ist gerade dabei, den Tempel zu öffnen! Hahahaha - Stirb Mistkerl!","(의기양양하게) 넌 이미 늦었어! 레이븐이 지금 사원을 열고 있거든! 하하하하 — 죽어라, 이 자식아!","","False","DIA_Addon_Bloodwyn_Wait_Raven_FIGHT_04_01","",""
"Scripts/Content/Story/Dialoge/DIA_Addon_BDT_1085_Bloodwyn.d:173","HAHAHA - ich werde dich trotzdem besiegen!","하하하 — 그래도 널 쓰러뜨려 주마!","","False","DIA_Addon_Bloodwyn_Lach_04_00","",""
"Scripts/Content/Story/Dialoge/DIA_Addon_BDT_1085_Bloodwyn.d:178","AARGH! Du mieser Hund!","크윽! 이 더러운 녀석!","","False","DIA_Addon_Bloodwyn_Wut_04_00","",""
"Scripts/Content/Story/Dialoge/DIA_Addon_BDT_1085_Bloodwyn.d:187","Und ich habe die Explosion der Barriere ohne einen Kratzer überlebt!","그리고 난 생채기 하나 없이 장벽의 폭발에서 살아남았지!","","False","DIA_Addon_Bloodwyn_SayChoice_2_04_00","",""
"Scripts/Content/Story/Dialoge/DIA_Addon_BDT_1085_Bloodwyn.d:192","Du kannst mich nicht besiegen, ich bin Ravens engster Vertrauter! Seine rechte Hand!","날 쓰러뜨릴 순 없을걸. 난 레이븐의 최측근이니까! 그의 오른팔이라고!","","False","DIA_Addon_Bloodwyn_SayChoice_3_04_00","",""
"Scripts/Content/Story/Dialoge/DIA_Addon_BDT_1085_Bloodwyn.d:198","Und ich dachte, ich hätte dich erwischt.","그리고 내가 널 잡았다고 생각했지.","","False","DIA_Addon_Bloodwyn_Wait_Raven_GOOD1_15_00","",""
"Scripts/Content/Story/Dialoge/DIA_Addon_BDT_1085_Bloodwyn.d:207","Alles hat mal ein Ende.","모든 것에는 끝이 있는 법.","","False","DIA_Addon_Bloodwyn_Wait_Raven_BAD1_15_00","",""
"Scripts/Content/Story/Dialoge/DIA_Addon_BDT_1085_Bloodwyn.d:217","Und wer glaubst du hat die Barriere zum Einsturz gebracht?","그리고 장벽을 무너뜨린 게 누구라고 생각하나?","","False","DIA_Addon_Bloodwyn_Wait_Raven_GOOD2_15_00","",""
"Scripts/Content/Story/Dialoge/DIA_Addon_BDT_1085_Bloodwyn.d:226","Du und viele andere Typen auch ...","너랑 다른 수많은 녀석들이겠지...","","False","DIA_Addon_Bloodwyn_Wait_Raven_BAD2_15_00","",""
"Scripts/Content/Story/Dialoge/DIA_Addon_BDT_1085_Bloodwyn.d:236","Er hat wohl keine Zeit, um wählerisch zu sein ...","까다롭게 굴 시간이 없었던 모양이군...","","False","DIA_Addon_Bloodwyn_Wait_Raven_GOOD3_15_00","",""
"Scripts/Content/Story/Dialoge/DIA_Addon_BDT_1085_Bloodwyn.d:244","Ja, das war wohl sein größter Fehler ...","그래, 그게 아마 그의 가장 큰 실수였을 거야...","","False","DIA_Addon_Bloodwyn_Wait_Raven_BAD3_15_00","",""
"Scripts/Content/Story/Dialoge/DIA_Addon_BDT_1086_Scatty.d:76","Wie läuft das Geschäft?","장사는 좀 어때?","","False","DIA_Addon_Scatty_Hi.description","",""
"Scripts/Content/Story/Dialoge/DIA_Addon_BDT_1086_Scatty.d:86","Wie läuft das Geschäft?","장사는 좀 어때?","","False","DIA_Addon_Scatty_Hi_15_00","",""
"Scripts/Content/Story/Dialoge/DIA_Addon_BDT_1086_Scatty.d:87","Seitdem die Gruft offen ist, werde ich nicht mehr viel los.","무덤이 열린 이후로는 찾아오는 손님이 별로 없어.","","False","DIA_Addon_Scatty_Hi_01_01","",""
"Scripts/Content/Story/Dialoge/DIA_Addon_BDT_1086_Scatty.d:88","Raven hat keine Verwendung mehr für die Sklaven, deshalb hacken sie jetzt das Gold. Auf Anordnung von Bloodwyn.","레이븐은 더 이상 노예들을 쓸모없다고 여겨서, 이제 그들은 블러드윈의 명령에 따라 금을 캐고 있지.","","False","DIA_Addon_Scatty_Hi_01_02","",""
"Scripts/Content/Story/Dialoge/DIA_Addon_BDT_1086_Scatty.d:89","Und die Buddler ruhen sich aus. (murmelt) Buddler, die sich ausruhen, sind nicht gut für's Geschäft.","그리고 광부들은 빈둥거리고 있고. (혼잣말로) 빈둥거리는 광부들은 장사에 도움이 안 된단 말이지.","","False","DIA_Addon_Scatty_Hi_01_03","",""
"Scripts/Content/Story/Dialoge/DIA_Addon_BDT_1086_Scatty.d:108","Bloodwyn? Hat der hier was zu sagen? ","블러드윈? 그 자가 여기서 뭔가 결정할 권한이 있나? ","","False","DIA_Addon_Scatty_last.description","",""
"Scripts/Content/Story/Dialoge/DIA_Addon_BDT_1086_Scatty.d:122","Bloodwyn? Hat der hier was zu sagen?","블러드윈? 그 자가 여기서 뭔가 결정할 권한이 있나?","","False","DIA_Addon_Scatty_last_15_00","",""
"Scripts/Content/Story/Dialoge/DIA_Addon_BDT_1086_Scatty.d:123","Er hat die Aufsicht über die Mine. Aber er ist so gut wie nie hier unten. Die meiste Zeit verbringt er bei Raven im Tempel.","그가 광산을 관리하지. 하지만 아래층엔 거의 내려오지 않아. 대부분의 시간은 사원에서 레이븐과 함께 보낸다고.","","False","DIA_Addon_Scatty_last_01_01","",""
"Scripts/Content/Story/Dialoge/DIA_Addon_BDT_1086_Scatty.d:124","Was genau bedeutet 'so gut wie nie'?","'거의 내려오지 않는다'는 게 정확히 무슨 뜻이지?","","False","DIA_Addon_Scatty_last_15_02","",""
"Scripts/Content/Story/Dialoge/DIA_Addon_BDT_1086_Scatty.d:125","Das letzte Mal habe ich ihn gesehen, als er aus der Gruft kam ...","마지막으로 본 건 그가 무덤에서 나올 때였어...","","False","DIA_Addon_Scatty_last_01_03","",""
"Scripts/Content/Story/Dialoge/DIA_Addon_BDT_1086_Scatty.d:126","(eilig) ... Nein, warte! Das letzte Mal war er hier, als er die Sklaven zum Goldhacken geschickt hat.","(서둘러) ...아니, 잠깐! 마지막으로 본 건 그가 노예들을 금 캐러 보낼 때였군.","","False","DIA_Addon_Scatty_last_01_04","",""
"Scripts/Content/Story/Dialoge/DIA_Addon_BDT_1086_Scatty.d:127","Im Gegensatz zu Raven hat ER ein großes Interesse an Gold.","레이븐과 달리 그는 금에 엄청난 관심이 있거든.","","False","DIA_Addon_Scatty_last_01_05","",""
"Scripts/Content/Story/Dialoge/DIA_Addon_BDT_1086_Scatty.d:139","Was ist das für eine Gruft?","그 무덤은 대체 뭔가?","","False","DIA_Addon_Scatty_Gruft.description","",""
"Scripts/Content/Story/Dialoge/DIA_Addon_BDT_1086_Scatty.d:152","Was ist das für eine Gruft?","그 무덤은 대체 뭔가?","","False","DIA_Addon_Scatty_Gruft_15_00","",""
"Scripts/Content/Story/Dialoge/DIA_Addon_BDT_1086_Scatty.d:153","Eine verfluchte Unglücksgruft. Die Wächter der Gruft haben viele Männer getötet!","저주받은 불길한 무덤이야. 무덤의 수호자들이 많은 이들을 죽였지!","","False","DIA_Addon_Scatty_Gruft_01_01","",""
"Scripts/Content/Story/Dialoge/DIA_Addon_BDT_1086_Scatty.d:154","Wächter? Redest du von Wesen aus Stein? Ziemlich flach mit rundem Kopf?","수호자라고? 돌로 만든 피조물 말하는 건가? 머리가 둥글고 꽤 납작하게 생긴?","","False","DIA_Addon_Scatty_Gruft_15_02","",""
"Scripts/Content/Story/Dialoge/DIA_Addon_BDT_1086_Scatty.d:155","Genau die meine ich! Zu Dutzenden kamen sie aus den Tiefen des Steins.","딱 그 녀석들이야! 돌무더기 깊은 곳에서 수십 마리씩 기어 나왔다고.","","False","DIA_Addon_Scatty_Gruft_01_03","",""
"Scripts/Content/Story/Dialoge/DIA_Addon_BDT_1086_Scatty.d:156","Ich wusste von Anfang an, dass es nicht gut ist, die Gruft auszubuddeln.","애초에 그 무덤을 파헤치는 건 좋지 않다는 걸 알고 있었어.","","False","DIA_Addon_Scatty_Gruft_01_04","",""
"Scripts/Content/Story/Dialoge/DIA_Addon_BDT_1086_Scatty.d:157","Aber Raven war wie besessen von der Idee dort zu graben. Und als die Gruft endlich freigelegt war, ist er mit seiner Garde dort reinmarschiert.","하지만 레이븐은 거기서 파낼 생각에 사로잡혀 있었지. 그리고 무덤이 마침내 드러나자, 그는 수호자들을 이끌고 그 안으로 진격했어.","","False","DIA_Addon_Scatty_Gruft_01_05","",""
"Scripts/Content/Story/Dialoge/DIA_Addon_BDT_1086_Scatty.d:169","Was wollte Raven in der Gruft?","레이븐이 무덤에서 원하던 게 뭐였지?","","False","DIA_Addon_Scatty_GruftAgain.description","",""
"Scripts/Content/Story/Dialoge/DIA_Addon_BDT_1086_Scatty.d:182","Was wollte Raven in der Gruft?","레이븐이 무덤에서 원하던 게 뭐였지?","","False","DIA_Addon_Scatty_GruftAgain_15_00","",""
"Scripts/Content/Story/Dialoge/DIA_Addon_BDT_1086_Scatty.d:183","(stutzt) Hm ... du bist ziemlich neugierig. Erinnerst mich an einen Kerl, den ich mal kannte.","(움찔하며) 흠... 넌 꽤 호기심이 많군. 내가 알던 어떤 녀석을 떠올리게 하는걸.","","False","DIA_Addon_Scatty_GruftAgain_01_01","",""
"Scripts/Content/Story/Dialoge/DIA_Addon_BDT_1086_Scatty.d:184","Der war genau so neugierig. Und das ist ihm irgendwann zum Verhängnis geworden.","그 녀석도 딱 너처럼 호기심이 많았지. 그리고 결국 그게 화근이 되었어.","","False","DIA_Addon_Scatty_GruftAgain_01_02","",""
"Scripts/Content/Story/Dialoge/DIA_Addon_BDT_1086_Scatty.d:185","Komm zur Sache. Was ist in der Gruft passiert?","본론으로 들어가자고. 무덤에서 무슨 일이 있었지?","","False","DIA_Addon_Scatty_GruftAgain_15_03","",""
"Scripts/Content/Story/Dialoge/DIA_Addon_BDT_1086_Scatty.d:186","Nun ... Ähm ... ich habe 'ne ziemlich trockene Kehle ...","글쎄... 음... 목이 꽤 타들어가는데...","","False","DIA_Addon_Scatty_GruftAgain_01_04","",""
"Scripts/Content/Story/Dialoge/DIA_Addon_BDT_1086_Scatty.d:187","Hey Scatty, NICHT JETZT. Das hier ist wichtig, also was hat Raven dort gemacht?","이봐 스캐티, 지금 그럴 때가 아니야. 이건 아주 중요한 문제라고. 그래서 레이븐이 거기서 뭘 했지?","","False","DIA_Addon_Scatty_GruftAgain_15_05","",""
"Scripts/Content/Story/Dialoge/DIA_Addon_BDT_1086_Scatty.d:188","Na schön. (atmet tief durch) Er ... er hat etwas gerufen ... beschworen. Er rief immer wieder Worte in einer fremden Sprache.","좋아. (깊게 숨을 내쉬며) 그가... 뭔가를 불렀어... 소환했지. 낯선 언어로 된 주문을 계속 외쳐댔어.","","False","DIA_Addon_Scatty_GruftAgain_01_06","",""
"Scripts/Content/Story/Dialoge/DIA_Addon_BDT_1086_Scatty.d:189","Helles Licht drang aus der Gruft und dann hörte ich einen Schrei, der mir durch Mark und Bein ging - ein dämonischer Schrei.","무덤에서 밝은 빛이 뿜어져 나왔고, 이어서 뼛속까지 스며드는 비명 소리가 들렸지 — 악마의 비명 소리가.","","False","DIA_Addon_Scatty_GruftAgain_01_07","",""
"Scripts/Content/Story/Dialoge/DIA_Addon_BDT_1086_Scatty.d:190","Und weiter?","그래서 다음은?","","False","DIA_Addon_Scatty_GruftAgain_15_08","",""
"Scripts/Content/Story/Dialoge/DIA_Addon_BDT_1086_Scatty.d:191","Mehr weiß ich nicht. In dem Augenblick kam Bloodwyn aus der Gruft und hat mir gesagt ich soll verschwinden. Und das habe ich dann auch getan.","그 이상은 몰라. 그 순간 블러드윈이 무덤에서 나와선 당장 꺼지라고 하더군. 그래서 그대로 따랐지.","","False","DIA_Addon_Scatty_GruftAgain_01_09","",""
"Scripts/Content/Story/Dialoge/DIA_Addon_BDT_1086_Scatty.d:192","Es hat auch gar nicht solange gedauert, und Raven ist mit seinen Jungs wieder im Tempel verschwunden. Seitdem hat sich Raven nicht mehr blicken lassen.","그리고 얼마 지나지 않아 레이븐과 부하들은 다시 사원으로 사라졌어. 그 후론 레이븐의 그림자도 본 적 없다고.","","False","DIA_Addon_Scatty_GruftAgain_01_10","",""
"Scripts/Content/Story/Dialoge/DIA_Addon_BDT_1086_Scatty.d:204","Willst du was trinken?","뭐 좀 마실래?","","False","DIA_Addon_Scatty_Trinken.description","",""
"Scripts/Content/Story/Dialoge/DIA_Addon_BDT_1086_Scatty.d:217","Willst du was trinken?","뭐 좀 마실래?","","False","DIA_Addon_Scatty_Trinken_15_00","",""
"Scripts/Content/Story/Dialoge/DIA_Addon_BDT_1086_Scatty.d:218","Wenn du ein Bier hast, das wäre jetzt genau das Richtige. Bier gibt's nämlich kaum hier im Lager.","맥주가 있다면 지금 딱이겠는데. 이 야영지엔 맥주가 거의 없거든.","","False","DIA_Addon_Scatty_Trinken_01_01","",""
"Scripts/Content/Story/Dialoge/DIA_Addon_BDT_1086_Scatty.d:219","Aber vielleicht hat Lucia noch 'ne Flasche ...","어쩌면 루시아한테 한 병 남아있을지도 모르지만...","","False","DIA_Addon_Scatty_Trinken_01_02","",""
"Scripts/Content/Story/Dialoge/DIA_Addon_BDT_1086_Scatty.d:231","Wohl bekommt's. (Bier geben)","시원하게 마셔. (맥주 건네기)","","False","DIA_Addon_Scatty_Bier.description","",""
"Scripts/Content/Story/Dialoge/DIA_Addon_BDT_1086_Scatty.d:245","Wohl bekomm's.","맛있게 마셔.","","False","DIA_Addon_Scatty_Bier_15_00","",""
"Scripts/Content/Story/Dialoge/DIA_Addon_BDT_1086_Scatty.d:252","Oh, schmeckt das gut. Danke Mann. Du bist mein Held.","오, 맛이 아주 죽이는데. 고마워, 친구. 넌 내 구원자야.","","False","DIA_Addon_Scatty_Bier_01_01","",""
"Scripts/Content/Story/Dialoge/DIA_Addon_BDT_1086_Scatty.d:277","Eine Spitzhacke in die Hand nehmen und auf 'nen Goldklumpen draufschlagen, das kann jeder.","곡괭이를 집어 들고 금덩이를 내리치는 건 누구나 할 수 있지.","","False","DIA_Addon_Scatty_Gold_01_00","",""
"Scripts/Content/Story/Dialoge/DIA_Addon_BDT_1086_Scatty.d:278","Aber dabei zersplittern viele Nuggets. Deshalb sollten nur Leute hacken, die was davon verstehen.","하지만 그러다간 많은 금덩이들이 산조각 나버려. 그러니까 제대로 아는 사람만이 금을 캐야 하는 거야.","","False","DIA_Addon_Scatty_Gold_01_01","",""
"Scripts/Content/Story/Dialoge/DIA_Addon_BDT_1086_Scatty.d:279","Ich kann dir noch mehr erzählen, wenn du etwas Erfahrung mitbringst.","네가 경험을 좀 더 쌓는다면 더 많은 걸 알려줄 수 있을 거야.","","False","DIA_Addon_Scatty_Gold_01_02","",""
"Scripts/Content/Story/Dialoge/DIA_Addon_BDT_1086_Scatty.d:296","Goldhacken lernen (Kosten: 1 LP/10 Prozent)","금 채광 배우기 (비용: 1 LP/10 퍼센트)","","False","DIA_Addon_Scatty_teach.description","",""
"Scripts/Content/Story/Dialoge/DIA_Addon_BDT_1086_Scatty.d:310","Erzähl mir mehr über's Goldhacken.","금 채광에 대해 더 말해 줘.","","False","DIA_Addon_Scatty_teach_15_00","",""
"Scripts/Content/Story/Dialoge/DIA_Addon_BDT_1086_Scatty.d:314","Als vor allem solltest du wissen, dass Gold kein Erz ist. Es ist weich wie Butter. Wenn du zu hart schlägst, zersplittert dir alles.","무엇보다 알아야 할 건, 금은 광석이 아니라는 거야. 버터처럼 부드럽지. 너무 세게 내리치면 완전히 부서져 버려.","","False","DIA_Addon_Scatty_teach_01_01","",""
"Scripts/Content/Story/Dialoge/DIA_Addon_BDT_1086_Scatty.d:315","Jeder Buddler hat seine eigenen Tricks, um ein paar schöne Nuggets aus dem Fels zu kloppen.","광부라면 누구나 바위에서 제법 괜찮은 금덩이를 캐내기 위한 자신만의 요령이 있지.","","False","DIA_Addon_Scatty_teach_01_02","",""
"Scripts/Content/Story/Dialoge/DIA_Addon_BDT_1086_Scatty.d:316","Diese Tricks sind es, die letztendlich den Unterschied zwischen einem Buddler und einem guten Buddler ausmachen.","결국 이런 요령들이 평범한 광부와 훌륭한 광부를 갈라놓는 차이야.","","False","DIA_Addon_Scatty_teach_01_03","",""
"Scripts/Content/Story/Dialoge/DIA_Addon_BDT_1086_Scatty.d:317","Außerdem: Übung macht den Meister. Wenn du erst mal 'ne Weile gehackt hast, wirst du auch besser.","게다가 연습이 완벽을 만드는 법이지. 한동안 곡괭이질을 해보면 너도 실력이 늘 거다.","","False","DIA_Addon_Scatty_teach_01_04","",""
"Scripts/Content/Story/Dialoge/DIA_Addon_BDT_1086_Scatty.d:338","Bloodwyn ist tot.","블러드윈이 죽었다.","","False","DIA_Addon_Scatty_tot.description","",""
"Scripts/Content/Story/Dialoge/DIA_Addon_BDT_1086_Scatty.d:351","Bloodwyn ist tot.","블러드윈이 죽었다.","","False","DIA_Addon_Scatty_tot_15_00","",""
"Scripts/Content/Story/Dialoge/DIA_Addon_BDT_1086_Scatty.d:352","Hm, gibt ja nicht viele, denen ich das wünsche - aber Bloodwyn ist besser dran, wenn er tot ist.","흠, 그런 일을 바랄 만한 사람이 많지는 않지만... 블러드윈은 죽는 게 나을 거야.","","False","DIA_Addon_Scatty_tot_01_01","",""
"Scripts/Content/Story/Dialoge/DIA_Addon_BDT_1088_Torwache.d:60","HALT!","멈춰라!","","False","DIA_Addon_BDT_1088_Addon_Torwache_FirstWarn_06_00","",""
"Scripts/Content/Story/Dialoge/DIA_Addon_BDT_1088_Torwache.d:66","Geh mir aus dem Weg, Wache.","비켜라, 경비병.","","False","DIA_Addon_BDT_1088_Torwache_FirstWarn_15_01","",""
"Scripts/Content/Story/Dialoge/DIA_Addon_BDT_1088_Torwache.d:67","Ahh, in Ordnung, du kannst passieren.","아, 좋아, 지나가도 좋다.","","False","DIA_Addon_BDT_10018_Torwache_FirstWarn_06_02","",""
"Scripts/Content/Story/Dialoge/DIA_Addon_BDT_1088_Torwache.d:76","Solange du Thorus keinen roten Stein gegeben hast, bist du hier unerwünscht.","토러스에게서 붉은 돌을 받기 전까지는, 여기서 환영받지 못할 거다.","","False","DIA_Addon_BDT_1088_Addon_Torwache_FirstWarn_06_03","",""
"Scripts/Content/Story/Dialoge/DIA_Addon_BDT_1088_Torwache.d:81","Hast du mich nicht verstanden? (eindringlich) GEH WEG!","내 말이 이해 안 되나? (엄포를 놓으며) 꺼져!","","False","DIA_Addon_BDT_1088_Addon_Torwache_FirstWarn_06_04","",""
"Scripts/Content/Story/Dialoge/DIA_Addon_BDT_1088_Torwache.d:86","(eindringlich) GEH WEG!","(엄포를 놓으며) 꺼져!","","False","DIA_Addon_BDT_1088_Addon_Torwache_FirstWarn_06_05","",""
"Scripts/Content/Story/Dialoge/DIA_Addon_BDT_1088_Torwache.d:91","Hey, solange Thorus sein Okay nicht gegeben hat, kommst du nicht durch.","이봐, 토러스가 허락하기 전에는 들여보내 줄 수 없어.","","False","DIA_Addon_BDT_1088_Addon_Torwache_FirstWarn_06_06","",""
"Scripts/Content/Story/Dialoge/DIA_Addon_BDT_1088_Torwache.d:126","Okay, bleib ganz ruhig. Du hast jetzt noch eine letzte Chance. Du gehst SOFORT zurück, oder du stirbst ...","좋아, 진정해. 마지막 기회를 주지. 당장 돌아가지 않으면, 죽게 될 거다...","","False","DIA_Addon_BDT_1088_Addon_Torwache_SecondWarn_06_00","",""
"Scripts/Content/Story/Dialoge/DIA_Addon_BDT_1088_Torwache.d:163","(seufzt) Du glaubst wohl, ich mache Spaß? Dir werd ich's zeigen ...","(한숨을 쉬며) 내가 농담하는 것 같나? 맛을 보여주지...","","False","DIA_Addon_BDT_1088_Addon_Torwache_Attack_06_00","",""
"Scripts/Content/Story/Dialoge/DIA_Addon_BDT_1090_Raven.d:46","Seht wer gekommen ist.","누가 왔는지 보아라.","","False","DIA_Addon_Raven_Add_10_00","",""
"Scripts/Content/Story/Dialoge/DIA_Addon_BDT_1090_Raven.d:54","Mein Meister hat mich davor gewarnt, daß Innos seine Schergen schicken würde.","내 주인께서는 이노스가 부하들을 보낼 거라고 경고하셨지.","","False","DIA_Addon_Raven_Add_10_01","",""
"Scripts/Content/Story/Dialoge/DIA_Addon_BDT_1090_Raven.d:55","Aber das du so früh auftauchst, hätte ich nicht erwartet.","하지만 이렇게 일찍 나타날 줄은 몰랐군.","","False","DIA_Addon_Raven_Add_10_02","",""
"Scripts/Content/Story/Dialoge/DIA_Addon_BDT_1090_Raven.d:56","Nun, da du so schnell warst (lacht) werde ich dir auch einen schnellen Tod schenken.","이렇게 서둘러 왔으니, (웃음) 너에게 빠른 죽음을 선사해 주마.","","False","DIA_Addon_Raven_Add_10_03","",""
"Scripts/Content/Story/Dialoge/DIA_Addon_BDT_1090_Raven.d:59","DU bist derjenige der sterben wird.","죽게 될 자는 바로 너다.","","False","DIA_Addon_Raven_Hi_Info.DIA_Addon_Raven_Hi.DIA_Addon_Raven_Hi_DU","Info_AddChoice",""
"Scripts/Content/Story/Dialoge/DIA_Addon_BDT_1090_Raven.d:60","Du hast deine Seele an Beliar verkauft!","네 영혼을 벨리알에게 팔았구나!","","False","DIA_Addon_Raven_Hi_Info.DIA_Addon_Raven_Hi.DIA_Addon_Raven_Hi_Soul","Info_AddChoice",""
"Scripts/Content/Story/Dialoge/DIA_Addon_BDT_1090_Raven.d:65","DU bist derjenige der sterben wird.","죽게 될 자는 바로 너다.","","False","DIA_Addon_Raven_Add_15_00","",""
"Scripts/Content/Story/Dialoge/DIA_Addon_BDT_1090_Raven.d:66","(lacht) Du bist keine Bedrohung für mich. Ich trage Beliars Schwert.","(웃음) 넌 나를 위협하지 못한다. 난 벨리알의 검을 들고 있다.","","False","DIA_Addon_Raven_Add_10_04","",""
"Scripts/Content/Story/Dialoge/DIA_Addon_BDT_1090_Raven.d:67","Ich werde die Drachen auf's Festland führen. Zusammen werden wir die Welt der Menschen in tiefste Dunkelheit tauchen.","나는 드래곤들을 본토로 이끌 것이다. 우리 함께 인간들의 세상을 가장 깊은 어둠 속으로 빠뜨릴 것이다.","","False","DIA_Addon_Raven_Add_10_05","",""
"Scripts/Content/Story/Dialoge/DIA_Addon_BDT_1090_Raven.d:72","Du hast deine Seele an Beliar verkauft!","네 영혼을 벨리알에게 팔았구나!","","False","DIA_Addon_Raven_Add_15_01","",""
"Scripts/Content/Story/Dialoge/DIA_Addon_BDT_1090_Raven.d:73","Zu einem guten Preis. Als General werde ich seine Armeen befehligen.","아주 좋은 값에 말이지. 나는 그의 장군으로서 군대를 지휘할 것이다.","","False","DIA_Addon_Raven_Add_10_06","",""
"Scripts/Content/Story/Dialoge/DIA_Addon_BDT_1090_Raven.d:74","Und was ist mit dir? Weißt du wieviel DEINE Seele wert ist?","그럼 너는 어떠냐? 네 영혼이 얼마짜리인지 아나?","","False","DIA_Addon_Raven_Add_10_07","",""
"Scripts/Content/Story/Dialoge/DIA_Addon_BDT_1090_Raven.d:77","Mir reichts jetzt. Lass uns anfangen...","이제 진절머리가 나는군. 시작하자...","","False","DIA_Addon_Raven_Hi_Soul.DIA_Addon_Raven_Hi.DIA_Addon_Raven_Hi_Attack","Info_AddChoice",""
"Scripts/Content/Story/Dialoge/DIA_Addon_BDT_1090_Raven.d:78","Ich mache nur das, was getan werden muss.","나는 그저 해야 할 일을 할 뿐이다.","","False","DIA_Addon_Raven_Hi_Soul.DIA_Addon_Raven_Hi.DIA_Addon_Raven_Hi_only","Info_AddChoice",""
"Scripts/Content/Story/Dialoge/DIA_Addon_BDT_1090_Raven.d:83","Ich mache nur das, was getan werden muss.","나는 그저 해야 할 일을 할 뿐이다.","","False","DIA_Addon_Raven_Add_15_02","",""
"Scripts/Content/Story/Dialoge/DIA_Addon_BDT_1090_Raven.d:84","(lacht) Hört ihn euch an. Einen bescheidenen Diener schickst du mir Innos! (Lacht laut)","(웃음) 저 자의 말을 들어보아라. 이노스께서 초라한 하인을 보내셨구나! (크게 웃음)","","False","DIA_Addon_Raven_Add_10_08","",""
"Scripts/Content/Story/Dialoge/DIA_Addon_BDT_1090_Raven.d:87","Mir reichts jetzt. Lass uns anfangen...","이제 진절머리가 나는군. 시작하자...","","False","DIA_Addon_Raven_Hi_only.DIA_Addon_Raven_Hi.DIA_Addon_Raven_Hi_Attack","Info_AddChoice",""
"Scripts/Content/Story/Dialoge/DIA_Addon_BDT_1090_Raven.d:88","Bist du sicher, dass ich ein Diener Innos bin?","내가 정말 이노스의 하인이라고 확신하나?","","False","DIA_Addon_Raven_Hi_only.DIA_Addon_Raven_Hi.DIA_Addon_Raven_Hi_Sure","Info_AddChoice",""
"Scripts/Content/Story/Dialoge/DIA_Addon_BDT_1090_Raven.d:93","Bist du sicher, dass ich ein Diener Innos bin?","내가 정말 이노스의 하인이라고 확신하나?","","False","DIA_Addon_Raven_Add_15_03","",""
"Scripts/Content/Story/Dialoge/DIA_Addon_BDT_1090_Raven.d:94","Was? Was redest du da?","뭐? 무슨 소리를 하는 거냐?","","False","DIA_Addon_Raven_Add_10_09","",""
"Scripts/Content/Story/Dialoge/DIA_Addon_BDT_1090_Raven.d:95","Hältst du es nicht für möglich das ich ein Diener Adanos bin?","내가 아다노스의 하일 수도 있다는 생각은 안 해봤나?","","False","DIA_Addon_Raven_Add_15_04","",""
"Scripts/Content/Story/Dialoge/DIA_Addon_BDT_1090_Raven.d:96","(lacht) Unsinn!","(웃음) 말도 안 되는 소리!","","False","DIA_Addon_Raven_Add_10_10","",""
"Scripts/Content/Story/Dialoge/DIA_Addon_BDT_1090_Raven.d:97","Vielleicht diene auch ICH Beliar - oder nur mir selbst.","어쩌면 나도 벨리알을 섬기고 있을지 몰라, 혹은 나 자신만을 위해서거나.","","False","DIA_Addon_Raven_Add_15_05","",""
"Scripts/Content/Story/Dialoge/DIA_Addon_BDT_1090_Raven.d:98","(höhnt) Nun, in diesem Fall wirst du nicht einmal ein würdiger Gegner für mich sein!","(코웃음 치며) 글쎄, 그렇다면 넌 내게 상대조차 되지 않겠군!","","False","DIA_Addon_Raven_Add_10_11","",""
"Scripts/Content/Story/Dialoge/DIA_Addon_BDT_1090_Raven.d:101","Mir reichts jetzt. Lass uns anfangen...","이제 진절머리가 나는군. 시작하자...","","False","DIA_Addon_Raven_Hi_Sure.DIA_Addon_Raven_Hi.DIA_Addon_Raven_Hi_Attack","Info_AddChoice",""
"Scripts/Content/Story/Dialoge/DIA_Addon_BDT_1090_Raven.d:106","Mir reichts jetzt. Lass uns anfangen...","이제 진절머리가 나는군. 시작하자...","","False","DIA_Addon_Raven_Add_15_06","",""
"Scripts/Content/Story/Dialoge/DIA_Addon_BDT_1090_Raven.d:107","(höhnt) Hast du es so eilig zu sterben? Ganz, wie du willst...","(코웃음 치며) 그렇게 죽고 싶어 안달이 났나? 네 뜻대로 해주마...","","False","DIA_Addon_Raven_Add_10_12","",""
"Scripts/Content/Story/Dialoge/DIA_Addon_BDT_1091_Lucia.d:69","Und? Wie sieht's aus?","그래? 어떻게 지내나?","","False","DIA_Addon_Lucia_Hi.description","",""
"Scripts/Content/Story/Dialoge/DIA_Addon_BDT_1091_Lucia.d:79","Und? Wie sieht's aus?","그래? 어떻게 지내나?","","False","DIA_Addon_Lucia_Hi_15_00","",""
"Scripts/Content/Story/Dialoge/DIA_Addon_BDT_1091_Lucia.d:80","Hör zu. Wenn du was essen willst, geh zu Snaf. Wenn du was trinken willst, bist du bei mir richtig.","잘 들어. 먹을 걸 찾고 있다면 스나프에게 가. 마실 걸 찾고 있다면 제대로 찾아왔고.","","False","DIA_Addon_Lucia_Hi_16_01","",""
"Scripts/Content/Story/Dialoge/DIA_Addon_BDT_1091_Lucia.d:92","Was trinkt ihr denn hier so?","여선 주로 뭘 마시나?","","False","DIA_Addon_Lucia_was.description","",""
"Scripts/Content/Story/Dialoge/DIA_Addon_BDT_1091_Lucia.d:105","Was trinkt ihr denn hier so?","여선 주로 뭘 마시나?","","False","DIA_Addon_Lucia_was_15_00","",""
"Scripts/Content/Story/Dialoge/DIA_Addon_BDT_1091_Lucia.d:106","Wir haben nur wenig Bier. Das einzige Bier auf der Insel haben die Paladine migebracht.","맥주는 얼마 없어. 이 섬에 있는 유일한 맥주는 팔라딘들이 가져온 것뿐이거든.","","False","DIA_Addon_Lucia_was_16_01","",""
"Scripts/Content/Story/Dialoge/DIA_Addon_BDT_1091_Lucia.d:107","Naja, wenigtens etwas Gutes, das die Kerle mitgebracht haben ...","뭐, 그 작자들이 가져온 것 중에는 그나마 쓸만한 거지만...","","False","DIA_Addon_Lucia_was_16_02","",""
"Scripts/Content/Story/Dialoge/DIA_Addon_BDT_1091_Lucia.d:108","Ansonsten trinken wir Schnaps. Ich hab' Selbstgebrauten, Grog, und weißen Rum -","그게 아니면 독주를 마셔. 내가 직접 담근 술, 그로그, 그리고 화이트 럼이 있지-","","False","DIA_Addon_Lucia_was_16_03","",""
"Scripts/Content/Story/Dialoge/DIA_Addon_BDT_1091_Lucia.d:109","(köstlich) hmmm ... DEN solltest du probieren - das Rezept habe ich von Samuel. Der Alte versteht wirklich sein Handwerk.","(맛을 보며) 으음... 이건 꼭 마셔봐야 해. 레시피는 사무엘한테 얻었거든. 그 영감탱이도 아주 술을 잘 빚는단 말이야.","","False","DIA_Addon_Lucia_was_16_04","",""
"Scripts/Content/Story/Dialoge/DIA_Addon_BDT_1091_Lucia.d:124","Kommst du nicht aus Khorinis?","코리니스 출신이 아니야?","","False","DIA_Addon_Lucia_Khorinis.description","",""
"Scripts/Content/Story/Dialoge/DIA_Addon_BDT_1091_Lucia.d:139","Kommst du nicht aus Khorinis?","코리니스 출신이 아니야?","","False","DIA_Addon_Lucia_Khorinis_15_00","",""
"Scripts/Content/Story/Dialoge/DIA_Addon_BDT_1091_Lucia.d:140","Erinner mich bloß nicht daran! Mein Leben in dieser Stadt war schrecklich.","아이고, 그 얘기는 꺼내지도 마! 그 도시에서의 내 삶은 끔찍했으니까.","","False","DIA_Addon_Lucia_Khorinis_16_01","",""
"Scripts/Content/Story/Dialoge/DIA_Addon_BDT_1091_Lucia.d:141","Als noch die Schiffe mit den neuen Verurteilten ankamen, da war in der Stadt noch was los.","새 죄수들을 태운 배들이 계속 들어올 때만 해도 도시에 활기가 넘쳤지.","","False","DIA_Addon_Lucia_Khorinis_16_02","",""
"Scripts/Content/Story/Dialoge/DIA_Addon_BDT_1091_Lucia.d:142","Aber diese ganzen anderen Typen ... (lacht) Nein danke. Vielleicht liegt's daran, das wir auf 'ner Insel sind, ... naja die Zeiten sind vorbei.","하지만 그딴 작자들은 전부... (웃음) 사양하겠어. 우리가 섬에 갇혀 있어서 그런 건지... 뭐, 그런 시절도 다 지나갔지.","","False","DIA_Addon_Lucia_Khorinis_16_03","",""
"Scripts/Content/Story/Dialoge/DIA_Addon_BDT_1091_Lucia.d:148","Mit Elvrich bin ich fertig!","난 엘브리히와는 끝이야!","","False","DIA_Addon_Lucia_Khorinis_16_06","",""
"Scripts/Content/Story/Dialoge/DIA_Addon_BDT_1091_Lucia.d:149","Warum?","왜?","","False","DIA_Addon_Lucia_Khorinis_15_04","",""
"Scripts/Content/Story/Dialoge/DIA_Addon_BDT_1091_Lucia.d:150","Er ist ein Schlappschwanz! Als ich von den Banditen verschleppt wurde, hat er keinen Finger krumm gemacht, um mir zu helfen.","그 남자는 겁쟁이야! 내가 산적들에게 납치당했을 때, 나를 돕기 위해 손가락 하나 까딱 안 했거든.","","False","DIA_Addon_Lucia_Khorinis_16_05","",""
"Scripts/Content/Story/Dialoge/DIA_Addon_BDT_1091_Lucia.d:167","Was hast du jetzt vor?","이제 어쩔 생각이지?","","False","DIA_Addon_Lucia_Jetzt.description","",""
"Scripts/Content/Story/Dialoge/DIA_Addon_BDT_1091_Lucia.d:180","Was hast du jetzt vor?","이제 어쩔 생각이지?","","False","DIA_Addon_Lucia_Jetzt_15_00","",""
"Scripts/Content/Story/Dialoge/DIA_Addon_BDT_1091_Lucia.d:181","Mal schauen. Ich bleib erst mal hier, bei Snaf, Fisk und den anderen.","글쎄. 당분간은 여기 남아서 스나프, 피스크랑 다른 사람들과 지내려고.","","False","DIA_Addon_Lucia_Jetzt_16_01","",""
"Scripts/Content/Story/Dialoge/DIA_Addon_BDT_1091_Lucia.d:182","Hast du schon mit Thorus gesprochen? (verdreht die Augen) Oh Innos, ist das ein wahrer Baum von einem Kerl!","토러스랑은 얘기해 봤어? (눈을 굴리며) 오 이노스, 그야말로 상남자라니까!","","False","DIA_Addon_Lucia_Jetzt_16_02","",""
"Scripts/Content/Story/Dialoge/DIA_Addon_BDT_1091_Lucia.d:183","(lacht) Entschuldige ... kommen wir auf deine Frage zurück ... ich habe kein festes Ziel, ich lasse mich treiben.","(웃음) 미안... 질문으로 돌아가서... 정해진 목표는 없어, 그냥 흘러가는 대로 살 뿐이지.","","False","DIA_Addon_Lucia_Jetzt_16_03","",""
"Scripts/Content/Story/Dialoge/DIA_Addon_BDT_1091_Lucia.d:195","Du magst die Paladine nicht besonders, was?","팔라딘들을 별로 좋아하지 않는군, 그렇지?","","False","DIA_Addon_Lucia_Paladine.description","",""
"Scripts/Content/Story/Dialoge/DIA_Addon_BDT_1091_Lucia.d:208","Du magst die Paladine nicht besonders, was?","팔라딘들을 별로 좋아하지 않는군, 그렇지?","","False","DIA_Addon_Lucia_Paladine_15_00","",""
"Scripts/Content/Story/Dialoge/DIA_Addon_BDT_1091_Lucia.d:209","Diese fanatischen Mörder im Auftrag der Feuermagier? Nein.","불의 마법사들의 고용을 받아 광신적으로 살인을 저지르는 작자들 말인가? 당연히 아니지.","","False","DIA_Addon_Lucia_Paladine_16_01","",""
"Scripts/Content/Story/Dialoge/DIA_Addon_BDT_1091_Lucia.d:210","Dieser Lord Hagen besetzt mit seinen Schlägern die Stadt und alle buckeln vor ihnen.","그 헤이건 경이란 자는 부하들을 이끌고 도시를 점거했고, 모두가 그들 앞에 굽실거리고 있어.","","False","DIA_Addon_Lucia_Paladine_16_02","",""
"Scripts/Content/Story/Dialoge/DIA_Addon_BDT_1091_Lucia.d:211","Und das wollte ich nicht. Ich wollte nicht darauf warten, dass sie die rote Laterne zumachen und mich einsperren.","난 그 꼴을 보기 싫었어. 레드 랜턴을 폐업시키고 나를 가둘 때까지 가만히 기다리고 싶진 않았거든.","","False","DIA_Addon_Lucia_Paladine_16_03","",""
"Scripts/Content/Story/Dialoge/DIA_Addon_BDT_1091_Lucia.d:217","Gespräch beenden.","대화를 마친다.","","False","DIA_Addon_Lucia_Paladine_Info.DIA_Addon_Lucia_Paladine.DIA_Addon_Lucia_Paladine_BACK","Info_AddChoice",""
"Scripts/Content/Story/Dialoge/DIA_Addon_BDT_1091_Lucia.d:218","Die Paladine kämpfen nicht nur in seinem Namen. Innos erwählt seine Krieger. ","팔라딘들이 싸우는 건 그의 이름을 위해서만이 아니다. 이노스께서 전사들을 택하시는 거지. ","","False","DIA_Addon_Lucia_Paladine_Info.DIA_Addon_Lucia_Paladine.DIA_Addon_Lucia_Paladine_WAHL","Info_AddChoice",""
"Scripts/Content/Story/Dialoge/DIA_Addon_BDT_1091_Lucia.d:219","Die Paladine sind die Kämpfer Innos. Es sind keine Mörder. ","팔라딘들은 이노스의 전사들이다. 살인마가 아니야. ","","False","DIA_Addon_Lucia_Paladine_Info.DIA_Addon_Lucia_Paladine.DIA_Addon_Lucia_Paladine_MURDER","Info_AddChoice",""
"Scripts/Content/Story/Dialoge/DIA_Addon_BDT_1091_Lucia.d:230","Die Paladine kämpfen nicht nur in seinem Namen. Innos erwählt seine Krieger.","팔라딘들이 싸우는 건 그의 이름을 위해서만이 아니다. 이노스께서 전사들을 택하시는 거지.","","False","DIA_Addon_Lucia_Paladine_WAHL_15_00","",""
"Scripts/Content/Story/Dialoge/DIA_Addon_BDT_1091_Lucia.d:231","So? Ich glaube, es sind die Menschen, die sich selbst erwählen.","그래? 내 생각엔 스스로를 택하는 건 인간들 같은데.","","False","DIA_Addon_Lucia_Paladine_WAHL_16_01","",""
"Scripts/Content/Story/Dialoge/DIA_Addon_BDT_1091_Lucia.d:232","Jedoch, deine Worte verwundern mich. Du sprichst fast so, als wärst du einer von ihnen.","하지만 네 말에는 놀라게 되는군. 마치 그들 중 한 사람인 것처럼 말하잖아.","","False","DIA_Addon_Lucia_Paladine_WAHL_16_02","",""
"Scripts/Content/Story/Dialoge/DIA_Addon_BDT_1091_Lucia.d:234","Hast du schon mal einem Menschen getötet? ","사람을 죽여 본 적이 있나? ","","False","DIA_Addon_Lucia_Paladine_WAHL.DIA_Addon_Lucia_Paladine.DIA_Addon_Lucia_Paladine_KILL","Info_AddChoice",""
"Scripts/Content/Story/Dialoge/DIA_Addon_BDT_1091_Lucia.d:239","Hast du schon mal einem Menschen getötet?","사람을 죽여 본 적이 있나?","","False","DIA_Addon_Lucia_Paladine_KILL_15_00","",""
"Scripts/Content/Story/Dialoge/DIA_Addon_BDT_1091_Lucia.d:240","Nein, und ich bin auch sehr froh darum.","아니, 그리고 아주 다행스럽게 생각하고 있지.","","False","DIA_Addon_Lucia_Paladine_KILL_16_01","",""
"Scripts/Content/Story/Dialoge/DIA_Addon_BDT_1091_Lucia.d:241","Bitte, lass uns nicht länger solch ernste Worte wechseln.","부디, 더 이상 이런 진지한 얘기는 하지 말자고.","","False","DIA_Addon_Lucia_Paladine_KILL_16_02","",""
"Scripts/Content/Story/Dialoge/DIA_Addon_BDT_1091_Lucia.d:242","Trinken wir lieber und erfreuen wir uns an jedem Augenblick, den uns die Götter schenken.","그 대신 술이나 마시면서 신들이 내려준 이 순간을 즐기자구.","","False","DIA_Addon_Lucia_Paladine_KILL_16_03","",""
"Scripts/Content/Story/Dialoge/DIA_Addon_BDT_1091_Lucia.d:249","Verleugnest du etwa Innos, Weib?","이노스를 부인하는 거냐, 계집?","","False","DIA_Addon_Lucia_Paladine_WEIB_15_00","",""
"Scripts/Content/Story/Dialoge/DIA_Addon_BDT_1091_Lucia.d:250","Wie könnte ich das tun? Es sind Menschen, die seinen Namen mißbrauchen.","내가 그럴 리가 있겠어? 그의 이름을 더럽히는 건 인간들일 뿐이야.","","False","DIA_Addon_Lucia_Paladine_WEIB_16_01","",""
"Scripts/Content/Story/Dialoge/DIA_Addon_BDT_1091_Lucia.d:251","Doch zweifle ich keine Sekunde an Innos' göttlicher Herrlichkeit.","하지만 이노스의 신성한 영광을 단 1초도 의심한 적은 없어.","","False","DIA_Addon_Lucia_Paladine_WEIB_16_02","",""
"Scripts/Content/Story/Dialoge/DIA_Addon_BDT_1091_Lucia.d:256","Die Paladine sind die Kämpfer Innos'. Es sind keine Mörder.","팔라딘들은 이노스의 전사들이다. 살인마가 아니야.","","False","DIA_Addon_Lucia_Paladine_MURDER_15_00","",""
"Scripts/Content/Story/Dialoge/DIA_Addon_BDT_1091_Lucia.d:257","So? An ihren Schwertern klebt auch Blut - genau wie an den Waffen der Banditen oder Piraten.","그래? 그들의 검에도 피가 묻어 있어. 산적이나 해적들의 무기와 똑같이 말이야.","","False","DIA_Addon_Lucia_Paladine_MURDER_16_01","",""
"Scripts/Content/Story/Dialoge/DIA_Addon_BDT_1091_Lucia.d:258","Der einzige Unterschied ist, sie tun es in Innos' Namen und nicht, weil sie überleben wollen.","유일한 차이점이라면, 그들은 살아남기 위해서가 아니라 이노스의 이름으로 그걸 한다는 거지.","","False","DIA_Addon_Lucia_Paladine_MURDER_16_02","",""
"Scripts/Content/Story/Dialoge/DIA_Addon_BDT_1091_Lucia.d:260","Verleugnest du etwa Innos, Weib?","이노스를 부인하는 거냐, 계집?","","False","DIA_Addon_Lucia_Paladine_MURDER.DIA_Addon_Lucia_Paladine.DIA_Addon_Lucia_Paladine_WEIB","Info_AddChoice",""
"Scripts/Content/Story/Dialoge/DIA_Addon_BDT_1091_Lucia.d:286","Gar nichts.","아무것도 아니야.","","False","DIA_Addon_Lucia_Attentat_16_00","",""
"Scripts/Content/Story/Dialoge/DIA_Addon_BDT_1091_Lucia.d:300","Gib mir was zu trinken.","마실 것을 좀 다오.","","False","DIA_Addon_Lucia_Trade.description","",""
"Scripts/Content/Story/Dialoge/DIA_Addon_BDT_1091_Lucia.d:313","Gib mir was zu trinken.","마실 것을 좀 다오.","","False","DIA_Addon_Lucia_Trade_15_00","",""
"Scripts/Content/Story/Dialoge/DIA_Addon_BDT_1091_Lucia.d:326","Kannst du mir was beibringen?","내게 뭐 좀 가르쳐 줄 수 있나?","","False","DIA_Addon_Lucia_lernen.description","",""
"Scripts/Content/Story/Dialoge/DIA_Addon_BDT_1091_Lucia.d:339","Kannst du mir was beibringen?","내게 뭐 좀 가르쳐 줄 수 있나?","","False","DIA_Addon_Lucia_lernen_15_00","",""
"Scripts/Content/Story/Dialoge/DIA_Addon_BDT_1091_Lucia.d:340","(lacht) Nur zu gerne. Bei mir kannst du deine GESCHICKLICHKEIT trainieren.","(웃음) 기꺼이. 나한테서는 민첩성을 훈련할 수 있어.","","False","DIA_Addon_Lucia_lernen_16_01","",""
"Scripts/Content/Story/Dialoge/DIA_Addon_BDT_1091_Lucia.d:356","Ich will geschickter werden","더 민첩해지고 싶다.","","False","DIA_Addon_Lucia_TEACH.description","",""
"Scripts/Content/Story/Dialoge/DIA_Addon_BDT_1091_Lucia.d:369","Ich will geschickter werden.","더 민첩해지고 싶다.","","False","DIA_Addon_Lucia_TEACH_15_00","",""
"Scripts/Content/Story/Dialoge/DIA_Addon_BDT_1093_Franco.d:24","Verlauf dich nicht, sonst endest du noch als Futter für die Haie.","길 잃지 마라, 상어 밥으로 끝장나고 싶지 않다면.","","False","DIA_Addon_Franco_EXIT_08_00","",""
"Scripts/Content/Story/Dialoge/DIA_Addon_BDT_1093_Franco.d:41","(Es wäre gewagt sein Amulett zu stehlen)","(그의 부적을 훔치는 것은 너무 위험할 것이다)","","False","DIA_Franco_PICKPOCKET.description","",""
"Scripts/Content/Story/Dialoge/DIA_Addon_BDT_1093_Franco.d:109","Hey, was willst du hier? Willst du ins Lager?","이봐, 여기서 뭐 하는 거지? 캠프로 들어가고 싶은 건가?","","False","DIA_Addon_Franco_HI_08_00","",""
"Scripts/Content/Story/Dialoge/DIA_Addon_BDT_1093_Franco.d:110","Ja, ich bin ...","그래, 난...","","False","DIA_Addon_Franco_HI_15_01","",""
"Scripts/Content/Story/Dialoge/DIA_Addon_BDT_1093_Franco.d:111","Interessiert mich nicht, wer du bist. Ich bin Franco, ich bin hier der Anführer.","네가 누군지는 관심 없어. 난 프랑코고, 여기가 내 구역이지.","","False","DIA_Addon_Franco_HI_08_02","",""
"Scripts/Content/Story/Dialoge/DIA_Addon_BDT_1093_Franco.d:112","Also, wenn du hier draußen einen guten Job machst, bringe ich dich ins Lager.","그러니 여기서 훌륭히 제몫을 해낸다면, 캠프로 들여보내 주지.","","False","DIA_Addon_Franco_HI_08_03","",""
"Scripts/Content/Story/Dialoge/DIA_Addon_BDT_1093_Franco.d:116","Ramon, der Torwächter, wird dir sagen, ob sie im Lager neue Leute brauchen. Sprich mit ihm.","문지기 라몬이 캠프에 새 사람이 필요한지 알려줄 거다. 그와 얘기해 봐.","","False","DIA_Addon_Franco_HI_08_04","",""
"Scripts/Content/Story/Dialoge/DIA_Addon_BDT_1093_Franco.d:130","Thorus braucht einen neuen Mann. ","토러스에게 새 부하가 필요하다. ","","False","DIA_Addon_Franco_Hai.description","",""
"Scripts/Content/Story/Dialoge/DIA_Addon_BDT_1093_Franco.d:143","Thorus braucht einen neuen Mann.","토러스에게 새 부하가 필요하다.","","False","DIA_Addon_Franco_Hai_15_00","",""
"Scripts/Content/Story/Dialoge/DIA_Addon_BDT_1093_Franco.d:144","Gut. Ich werde mich darum kümmern.","좋아. 내가 알아서 하지.","","False","DIA_Addon_Franco_Hai_08_01","",""
"Scripts/Content/Story/Dialoge/DIA_Addon_BDT_1093_Franco.d:145","Moment, was ist mit mir?","잠깐, 나는 어떻게 되는 거지?","","False","DIA_Addon_Franco_Hai_15_02","",""
"Scripts/Content/Story/Dialoge/DIA_Addon_BDT_1093_Franco.d:146","Du hast noch nichts geleistet.","넌 아직 아무것도 한 게 없잖아.","","False","DIA_Addon_Franco_Hai_08_03","",""
"Scripts/Content/Story/Dialoge/DIA_Addon_BDT_1093_Franco.d:147","Ich hab schon 'ne Menge geleistet, nur weißt DU nichts davon ...","이미 많은 걸 해냈는데, 네가 모를 뿐이야...","","False","DIA_Addon_Franco_Hai_15_04","",""
"Scripts/Content/Story/Dialoge/DIA_Addon_BDT_1093_Franco.d:148","Okay, du willst eine Chance? Du kriegst deine Chance. Schwing deinen Hintern zu Logan. Die Sumpfhaie rücken ihm zu sehr auf die Pelle.","좋아, 기회를 원하나? 기회를 주지. 당장 로건에게 가봐라. 늪상어들 때문에 곤욕을 치르고 있거든.","","False","DIA_Addon_Franco_Hai_08_05","",""
"Scripts/Content/Story/Dialoge/DIA_Addon_BDT_1093_Franco.d:149","Hilf ihm, mit den Viechern fertig zu werden, dann bist du schon so gut wie im Lager.","그 녀석들을 처리하는 걸 도와준다면, 캠프에 들어온 거나 다름없을 거다.","","False","DIA_Addon_Franco_Hai_08_06","",""
"Scripts/Content/Story/Dialoge/DIA_Addon_BDT_1093_Franco.d:163","Wo finde ich Logan?","로건은 어디서 찾을 수 있지?","","False","DIA_Addon_Franco_Wo.description","",""
"Scripts/Content/Story/Dialoge/DIA_Addon_BDT_1093_Franco.d:178","Wo finde ich Logan?","로건은 어디서 찾을 수 있지?","","False","DIA_Addon_Franco_Wo_15_00","",""
"Scripts/Content/Story/Dialoge/DIA_Addon_BDT_1093_Franco.d:179","Wenn du vorm Lagereingang stehst, geh an der Felswand links entlang. Es ist ein Stück weit im Sumpf.","캠프 입구에 서서 왼쪽 바위 벽을 따라가 봐. 늪 안으로 조금 더 들어가야 할 거야.","","False","DIA_Addon_Franco_Wo_08_01","",""
"Scripts/Content/Story/Dialoge/DIA_Addon_BDT_1093_Franco.d:192","Logan ist tot.","로건이 죽었다.","","False","DIA_Addon_Franco_tot.description","",""
"Scripts/Content/Story/Dialoge/DIA_Addon_BDT_1093_Franco.d:207","Logan ist tot.","로건이 죽었다.","","False","DIA_Addon_Franco_tot_15_00","",""
"Scripts/Content/Story/Dialoge/DIA_Addon_BDT_1093_Franco.d:208","Verdammt. Er war der beste Jäger, den wir draußen hatten. Verfluchter Mist.","젠장. 그 녀석은 우리가 밖에서 부리던 최고의 사냥꾼이었는데. 빌어먹을.","","False","DIA_Addon_Franco_tot_08_01","",""
"Scripts/Content/Story/Dialoge/DIA_Addon_BDT_1093_Franco.d:209","Wie dem auch sei, ich habe schon jemand anders ins Lager geschickt.","뭐 어쨌든, 이미 다른 녀석을 캠프I로 보냈지만 말이야.","","False","DIA_Addon_Franco_tot_08_02","",""
"Scripts/Content/Story/Dialoge/DIA_Addon_BDT_1093_Franco.d:227","Ich hab' Logan geholfen...","로건을 도왔다...","","False","DIA_Addon_Franco_HaiSuccess.description","",""
"Scripts/Content/Story/Dialoge/DIA_Addon_BDT_1093_Franco.d:241","Ich hab' Logan geholfen ...","로건을 도왔지만...","","False","DIA_Addon_Franco_HaiSuccess_15_00","",""
"Scripts/Content/Story/Dialoge/DIA_Addon_BDT_1093_Franco.d:245","... aber er hat's nicht überlebt.","...하지만 살아남지 못했어.","","False","DIA_Addon_Franco_HaiSuccess_15_01","",""
"Scripts/Content/Story/Dialoge/DIA_Addon_BDT_1093_Franco.d:248","Okay, du hast gegen die Sumpfhaie gekämpft - du bist zu gebrauchen - zumindest mehr, als die meisten Typen hier.","좋아, 늪상어들과 싸웠단 말이지. 쓸 만하겠어. 적어도 여기 있는 대부분의 녀석들보다는 훨씬 나아.","","False","DIA_Addon_Franco_HaiSuccess_08_02","",""
"Scripts/Content/Story/Dialoge/DIA_Addon_BDT_1093_Franco.d:263","Also kann ich jetzt ins Lager?","그럼 이제 야영지에 들어갈 수 있어?","","False","DIA_Addon_Franco_Mis2.description","",""
"Scripts/Content/Story/Dialoge/DIA_Addon_BDT_1093_Franco.d:277","Also kann ich jetzt ins Lager?","그럼 이제 야영지에 들어갈 수 있어?","","False","DIA_Addon_Franco_MIS2_15_00","",""
"Scripts/Content/Story/Dialoge/DIA_Addon_BDT_1093_Franco.d:278","Pass auf - es gibt da noch eine Sache, für die ich dich brauche.","들어봐. 네가 해줬으면 하는 일이 또 하나 있어.","","False","DIA_Addon_Franco_MIS2_08_01","",""
"Scripts/Content/Story/Dialoge/DIA_Addon_BDT_1093_Franco.d:279","Vor ein paar Tagen habe ich Edgor in den Sumpf geschickt.","며칠 전에 에드고르를 늪지로 보냈어.","","False","DIA_Addon_Franco_MIS2_08_02","",""
"Scripts/Content/Story/Dialoge/DIA_Addon_BDT_1093_Franco.d:280","Er sollte mir eine alte Steintafel besorgen - aber seitdem hat er sich nicht mehr blicken lassen.","내게 낡은 석판을 가져오기로 되어 있었는데, 그 뒤로 코빼기도 안 보이지 뭐야.","","False","DIA_Addon_Franco_MIS2_08_03","",""
"Scripts/Content/Story/Dialoge/DIA_Addon_BDT_1093_Franco.d:281","Sieh nach, was er treibt, und bring mir diese verdammte Steintafel.","녀석이 무얼 하고 있는지 알아보고 그 저주받을 석판을 가져와.","","False","DIA_Addon_Franco_MIS2_08_04","",""
"Scripts/Content/Story/Dialoge/DIA_Addon_BDT_1093_Franco.d:301","Wie sieht's aus mit Gold?","금은 어떻게 되지?","","False","DIA_Addon_Franco_While.description","",""
"Scripts/Content/Story/Dialoge/DIA_Addon_BDT_1093_Franco.d:314","Wie sieht's aus mit Gold?","금은 어떻게 되지?","","False","DIA_Addon_Franco_While_15_00","",""
"Scripts/Content/Story/Dialoge/DIA_Addon_BDT_1093_Franco.d:315","Was?","뭐?","","False","DIA_Addon_Franco_While_08_01","",""
"Scripts/Content/Story/Dialoge/DIA_Addon_BDT_1093_Franco.d:316","Kriege ich auch was für meine Arbeit hier im Sumpf?","여기 늪지에서 일하는 대가로 뭔가 받는 건 없나?","","False","DIA_Addon_Franco_While_15_02","",""
"Scripts/Content/Story/Dialoge/DIA_Addon_BDT_1093_Franco.d:317","(superfreundlich) Du willst Gold? Klar, wie viel willst du? Fünfzig Goldbrocken? Hundert? Ich gebe dir soviel Gold, wie du tragen kannst ...","(매우 친절하게) 금을 원한다고? 물론이지, 얼마나 원해? 금덩이 오십 개? 백 개? 네가 들 수 있는 만큼 금을 주지...","","False","DIA_Addon_Franco_While_08_03","",""
"Scripts/Content/Story/Dialoge/DIA_Addon_BDT_1093_Franco.d:318","(laut) Was glaubst du, wer du bist? Willst du mich verarschen?","(큰 소리로) 네가 누굴 상대로 감히? 나를 놀리는 거야?","","False","DIA_Addon_Franco_While_08_04","",""
"Scripts/Content/Story/Dialoge/DIA_Addon_BDT_1093_Franco.d:319","Jetzt schieb ab und tu was! Sonst gibt's nicht mal einen GOLDKRÜMEL für dich!!","이제 꺼져서 일이나 해! 안 그러면 금 부스러기 한 톨도 없을 줄 알아라!!","","False","DIA_Addon_Franco_While_08_05","",""
"Scripts/Content/Story/Dialoge/DIA_Addon_BDT_1093_Franco.d:333","Also, WO finde ich diesen Edgor? ","그래서, 그 에드고르는 어디서 찾을 수 있지? ","","False","DIA_Addon_Franco_WOEDGOR.description","",""
"Scripts/Content/Story/Dialoge/DIA_Addon_BDT_1093_Franco.d:347","(seufzt) Also, WO finde ich diesen Edgor?","(한숨을 쉬며) 그래, 그 에드고르는 어디서 찾을 수 있지?","","False","DIA_Addon_Franco_WOEDGOR_15_00","",""
"Scripts/Content/Story/Dialoge/DIA_Addon_BDT_1093_Franco.d:348","Willst du den einfachen Weg oder den schnellen?","쉬운 길로 갈래, 아니면 빠른 길로 갈래?","","False","DIA_Addon_Franco_WOEDGOR_08_01","",""
"Scripts/Content/Story/Dialoge/DIA_Addon_BDT_1093_Franco.d:351","Ich nehme den schnellen.","빠른 길로 가지.","","False","DIA_Addon_Franco_WOEDGOR_Info.DIA_Addon_Franco_WOEDGOR.DIA_Addon_Franco_WOEDGOR_Fast","Info_AddChoice",""
"Scripts/Content/Story/Dialoge/DIA_Addon_BDT_1093_Franco.d:352","Erklär mir den einfachen Weg.","쉬운 길을 설명해 줘.","","False","DIA_Addon_Franco_WOEDGOR_Info.DIA_Addon_Franco_WOEDGOR.DIA_Addon_Franco_WOEDGOR_Easy","Info_AddChoice",""
"Scripts/Content/Story/Dialoge/DIA_Addon_BDT_1093_Franco.d:357","Da sind überall Ruinen. Irgendwo dort sitzt er rum.","사방에 폐허가 있어. 그 어딘가에 처박혀 있겠지.","","False","DIA_Addon_Franco_There_08_00","",""
"Scripts/Content/Story/Dialoge/DIA_Addon_BDT_1093_Franco.d:358","Ich denke mal, er war schlau genug, sich ein Feuer anzumachen, DAS wirst du ja wohl finden.","스스로 모닥불을 피울 정도로 영리하긴 했을 테니, 그걸 찾으면 될 거야.","","False","DIA_Addon_Franco_There_08_01","",""
"Scripts/Content/Story/Dialoge/DIA_Addon_BDT_1093_Franco.d:363","Erklär mir den einfachen Weg.","쉬운 길을 설명해 줘.","","False","DIA_Addon_Franco_WOEDGOR_Easy_15_00","",""
"Scripts/Content/Story/Dialoge/DIA_Addon_BDT_1093_Franco.d:364","Folge dem Steg bis zum vorderen Tor. Da müsste Sancho stehen.","인도를 따라 앞쪽 문까지 가. 산초가 그곳에 서 있을 거야.","","False","DIA_Addon_Franco_WOEDGOR_Easy_08_01","",""
"Scripts/Content/Story/Dialoge/DIA_Addon_BDT_1093_Franco.d:365","Geh dort links und folge dem Steg.","거기서 왼쪽으로 꺾어 나무 판자로 된 길을 따라가.","","False","DIA_Addon_Franco_WOEDGOR_Easy_08_02","",""
"Scripts/Content/Story/Dialoge/DIA_Addon_BDT_1093_Franco.d:373","Ich nehme den schnellen.","빠른 길로 가지.","","False","DIA_Addon_Franco_WOEDGOR_Fast_15_00","",""
"Scripts/Content/Story/Dialoge/DIA_Addon_BDT_1093_Franco.d:374","Okay. Geh von hier aus schräg links am Steg vorbei in den Sumpf.","좋아. 여기서부터 나무 판자 길을 비껴서 대각선 방향으로 늪지 안쪽으로 들어가.","","False","DIA_Addon_Franco_WOEDGOR_Fast_08_01","",""
"Scripts/Content/Story/Dialoge/DIA_Addon_BDT_1093_Franco.d:389","Hier ist die Steintafel.","여기에 석판이 있어.","","False","DIA_Addon_Franco_tafel.description","",""
"Scripts/Content/Story/Dialoge/DIA_Addon_BDT_1093_Franco.d:403","Hier ist die Steintafel.","여기에 석판이 있어.","","False","DIA_Addon_Franco_tafel_15_00","",""
"Scripts/Content/Story/Dialoge/DIA_Addon_BDT_1093_Franco.d:406","Gut, sehr gut. Raven wird mit dir zufrieden sein.","좋아, 아주 좋아. 레이븐도 네 마음에 들어 할 거야.","","False","DIA_Addon_Franco_tafel_08_01","",""
"Scripts/Content/Story/Dialoge/DIA_Addon_BDT_1093_Franco.d:422","Was ist jetzt mit dem Lager? Kann ich endlich rein?","야영지는 어떻게 된 거야? 드디어 들어갈 수 있는 거야?","","False","DIA_Addon_Franco_JemandAnderen.description","",""
"Scripts/Content/Story/Dialoge/DIA_Addon_BDT_1093_Franco.d:435","Was ist jetzt mit dem Lager? Kann ich endlich rein?","야영지는 어떻게 된 거야? 드디어 들어갈 수 있는 거야?","","False","DIA_Addon_Franco_JemandAnderen_15_00","",""
"Scripts/Content/Story/Dialoge/DIA_Addon_BDT_1093_Franco.d:439","Nein, ich habe Logan reingeschickt. Er stand vor dir auf der Liste.","아니, 로건을 들여보냈어. 걔가 목록상 너보다 앞이었거든.","","False","DIA_Addon_Franco_JemandAnderen_08_01","",""
"Scripts/Content/Story/Dialoge/DIA_Addon_BDT_1093_Franco.d:447","Nein, ich habe bereits jemand anderen geschickt.","아니, 이미 다른 녀석을 들여보냈어.","","False","DIA_Addon_Franco_JemandAnderen_08_02","",""
"Scripts/Content/Story/Dialoge/DIA_Addon_BDT_1093_Franco.d:450","Und für einen weiteren Mann ist zurzeit kein Bedarf im Lager.","그리고 지금은 야영지에 다른 사람이 더 필요하지 않아.","","False","DIA_Addon_Franco_JemandAnderen_08_03","",""
"Scripts/Content/Story/Dialoge/DIA_Addon_BDT_1093_Franco.d:451","Außerdem kann ich dich hier gut gebrauchen, (grinst) jetzt, wo Logan nicht mehr da ist.","게다가 로건도 없어졌으니, (씨익 웃으며) 네가 여기서 아주 유용하게 쓰일 수 있겠어.","","False","DIA_Addon_Franco_JemandAnderen_08_04","",""
"Scripts/Content/Story/Dialoge/DIA_Addon_BDT_1093_Franco.d:466","Schick mich JETZT rein!","당장 들여보내 줘!","","False","DIA_Addon_Franco_Fight.description","",""
"Scripts/Content/Story/Dialoge/DIA_Addon_BDT_1093_Franco.d:476","Schick mich JETZT rein!","당장 들여보내 줘!","","False","DIA_Addon_Franco_Fight_15_00","",""
"Scripts/Content/Story/Dialoge/DIA_Addon_BDT_1093_Franco.d:477","(gefährlich freundlich) Und was, wenn ich nein sage?","(위험할 정도로 다정하게) 내가 안 된다고 하면 어쩔 건데?","","False","DIA_Addon_Franco_Fight_08_01","",""
"Scripts/Content/Story/Dialoge/DIA_Addon_BDT_1093_Franco.d:480","Dann warte ich eben noch ein bißchen...","그럼 좀 더 기다리지 뭐...","","False","DIA_Addon_Franco_Fight_Info.DIA_Addon_Franco_Fight.DIA_Addon_Franco_Fight_Nothing","Info_AddChoice",""
"Scripts/Content/Story/Dialoge/DIA_Addon_BDT_1093_Franco.d:481","Dann wirst du es eben bereuen.","그럼 넌 아주 후회하게 될 거야.","","False","DIA_Addon_Franco_Fight_Info.DIA_Addon_Franco_Fight.DIA_Addon_Franco_Fight_Duel","Info_AddChoice",""
"Scripts/Content/Story/Dialoge/DIA_Addon_BDT_1093_Franco.d:486","Dann wirst du es eben bereuen.","그럼 넌 아주 후회하게 될 거야.","","False","DIA_Addon_Franco_Fight_Duel_15_00","",""
"Scripts/Content/Story/Dialoge/DIA_Addon_BDT_1093_Franco.d:487","Willst du mir drohen? DU? Willst MIR drohen? - Es ist wohl Zeit für eine Lektion ...","지금 나를 협박하는 거야? 네가? 나를 협박하겠다고? - 쓴맛을 좀 보여줘야겠군...","","False","DIA_Addon_Franco_Fight_Duel_08_01","",""
"Scripts/Content/Story/Dialoge/DIA_Addon_BDT_1093_Franco.d:495","Dann warte ich eben noch ein bisschen ...","그럼 조금 더 기다리지 뭐...","","False","DIA_Addon_Franco_Fight_Nothing_15_00","",""
"Scripts/Content/Story/Dialoge/DIA_Addon_BDT_1093_Franco.d:496","(spöttisch) Genau.","(조롱하듯) 그러시겠지.","","False","DIA_Addon_Franco_Fight_Nothing_08_01","",""
"Scripts/Content/Story/Dialoge/DIA_Addon_BDT_1093_Franco.d:512","Du Schwein! Ich mach dich fertig!","이 자식! 박살 내주마!","","False","DIA_Addon_Franco_Pig.description","",""
"Scripts/Content/Story/Dialoge/DIA_Addon_BDT_1093_Franco.d:525","Du Schwein! Ich mach dich fertig!","이 자식! 박살 내주마!","","False","DIA_Addon_Franco_Pig_15_00","",""
"Scripts/Content/Story/Dialoge/DIA_Addon_BDT_1093_Franco.d:526","(gepreßt) Du mieser kleiner Wicht willst dich mit MIR anlegen? Na warte!","(이를 악물며) 건방진 자식이 나와 겨루려 들다니? 어디 맛 좀 봐라!","","False","DIA_Addon_Franco_Pig_08_01","",""
"Scripts/Content/Story/Dialoge/DIA_Addon_BDT_1095_Crimson.d:70","Was machst du? Schmilzt du Gold ein?","무슨 짓을 하고 있는 거야? 금을 녹이고 있는 건가?","","False","DIA_Addon_Crimson_Hi.description","",""
"Scripts/Content/Story/Dialoge/DIA_Addon_BDT_1095_Crimson.d:80","Was machst du? Schmilzt du dein Gold ein?","무슨 짓을 하고 있는 거야? 네 금을 녹이고 있는 건가?","","False","DIA_Addon_Crimson_Hi_15_00","",""
"Scripts/Content/Story/Dialoge/DIA_Addon_BDT_1095_Crimson.d:81","Nein, ich putze Gemüse. Natürlich schmelze ich Gold ein - und ich mache Münzen daraus.","아니, 채소 씻고 있다. 당연히 금을 녹이고 있지 - 그리고 이걸로 동전을 만들고 있어.","","False","DIA_Addon_Crimson_Hi_10_01","",""
"Scripts/Content/Story/Dialoge/DIA_Addon_BDT_1095_Crimson.d:82","Denn stell dir vor: Eines schönen Abends kommt Raven um die Ecke und drückt mir einen Münzstempel in die Hand.","상상도 못 할걸. 어느 아름다운 저녁에 레이븐이 불쑥 나타나서는 내 손에 동전 주조용 각인을 쥐여줬거든.","","False","DIA_Addon_Crimson_Hi_10_02","",""
"Scripts/Content/Story/Dialoge/DIA_Addon_BDT_1095_Crimson.d:83","Aus einem einzigen Goldbrocken kann ich einen Haufen Münzen prägen - ich bin so gut, dass man den Unterschied nicht mal merkt!","금덩이 하나만으로도 산더미 같은 동전을 찍어낼 수 있지. 난 너무 솜씨가 좋아서 남들이 차이점을 알아채지도 못할 정도야!","","False","DIA_Addon_Crimson_Hi_10_03","",""
"Scripts/Content/Story/Dialoge/DIA_Addon_BDT_1095_Crimson.d:95","Wieviel Münzen gibst du mir für einen Brocken?","금덩이 하나당 동전을 얼마나 주지?","","False","DIA_Addon_Crimson_How.description","",""
"Scripts/Content/Story/Dialoge/DIA_Addon_BDT_1095_Crimson.d:108","Wie viele Münzen gibst du mir für einen Brocken?","금덩이 하나당 동전을 얼마나 주지?","","False","DIA_Addon_Crimson_How_15_00","",""
"Scripts/Content/Story/Dialoge/DIA_Addon_BDT_1095_Crimson.d:109","Na ja, ich kenne dich zwar nicht, aber ich mach dir einen Freundschaftspreis. Für einen Brocken gebe ich dir ...","글쎄, 너에겐 전혀 아는 바가 없지만 특별히 친구 셈 치고 쳐주지. 금덩이 하나당 이만큼...","","False","DIA_Addon_Crimson_How_10_01","",""
"Scripts/Content/Story/Dialoge/DIA_Addon_BDT_1095_Crimson.d:122","Lass uns feilschen! ","흥정해 보자고! ","","False","DIA_Addon_Crimson_Feilsch.description","",""
"Scripts/Content/Story/Dialoge/DIA_Addon_BDT_1095_Crimson.d:135","Lass uns feilschen!","흥정해 보자고!","","False","DIA_Addon_Crimson_Feilsch_15_00","",""
"Scripts/Content/Story/Dialoge/DIA_Addon_BDT_1095_Crimson.d:136","Hmm ... nein. Das ist ein Standard Preis den JEDER kriegt.","음... 아니. 이건 누구나 받는 표준 가격이야.","","False","DIA_Addon_Crimson_Feilsch_10_01","",""
"Scripts/Content/Story/Dialoge/DIA_Addon_BDT_1095_Crimson.d:137","Ich dachte, das wäre ein Freundschaftspreis.","친구 셈 치고 주는 가격이라고 생각했는데.","","False","DIA_Addon_Crimson_Feilsch_15_02","",""
"Scripts/Content/Story/Dialoge/DIA_Addon_BDT_1095_Crimson.d:138","Ist es auch. Wir sind doch alle Freunde hier.","그래, 맞잖아. 우린 다들 친구니까.","","False","DIA_Addon_Crimson_Feilsch_10_03","",""
"Scripts/Content/Story/Dialoge/DIA_Addon_BDT_1095_Crimson.d:151","Goldbrocken tauschen ...","금덩이 교환하기...","","False","DIA_Addon_Crimson_Gold.description","",""
"Scripts/Content/Story/Dialoge/DIA_Addon_BDT_1095_Crimson.d:164","Lass uns tauschen ...","교환하자...","","False","DIA_Addon_Crimson_Gold_15_00","",""
"Scripts/Content/Story/Dialoge/DIA_Addon_BDT_1095_Crimson.d:171","Alle Goldbrocken tauschen","금덩이 전부 교환하기","","False","DIA_Addon_Crimson_Gold_Info.DIA_Addon_Crimson_Gold.DIA_Addon_Crimson_Gold_ALLE","Info_AddChoice",""
"Scripts/Content/Story/Dialoge/DIA_Addon_BDT_1095_Crimson.d:172","1 Goldbrocken tauschen","금덩이 1개 교환하기","","False","DIA_Addon_Crimson_Gold_Info.DIA_Addon_Crimson_Gold.DIA_Addon_Crimson_Gold_1","Info_AddChoice",""
"Scripts/Content/Story/Dialoge/DIA_Addon_BDT_1095_Crimson.d:176","Du hast aber keinen Goldbrocken dabei.","하지만 가진 금덩이가 하나도 없잖아.","","False","DIA_Addon_Crimson_Gold_10_01","",""
"Scripts/Content/Story/Dialoge/DIA_Addon_BDT_1095_Crimson.d:198","Alle Goldbrocken tauschen","금덩이 전부 교환하기","","False","DIA_Addon_Crimson_Gold_ALLE.DIA_Addon_Crimson_Gold.DIA_Addon_Crimson_Gold_ALLE","Info_AddChoice",""
"Scripts/Content/Story/Dialoge/DIA_Addon_BDT_1095_Crimson.d:199","   1 Goldbrocken tauschen","   금덩이 1개 교환하기","","False","DIA_Addon_Crimson_Gold_ALLE.DIA_Addon_Crimson_Gold.DIA_Addon_Crimson_Gold_1","Info_AddChoice",""
"Scripts/Content/Story/Dialoge/DIA_Addon_BDT_1095_Crimson.d:213","Alle Goldbrocken tauschen","금덩이 전부 교환하기","","False","DIA_Addon_Crimson_Gold_1.DIA_Addon_Crimson_Gold.DIA_Addon_Crimson_Gold_ALLE","Info_AddChoice",""
"Scripts/Content/Story/Dialoge/DIA_Addon_BDT_1095_Crimson.d:214","   1 Goldbrocken tauschen","   금덩이 1개 교환하기","","False","DIA_Addon_Crimson_Gold_1.DIA_Addon_Crimson_Gold.DIA_Addon_Crimson_Gold_1","Info_AddChoice",""
"Scripts/Content/Story/Dialoge/DIA_Addon_BDT_1095_Crimson.d:220","(beschwörend) KHARDIMON FATAGN SCHATAR FATAGN BELIAR.","(주문을 외우듯) 카르디몬 파타그 샤타르 파타그 벨리알.","","False","DIA_Addon_Crimson_FATAGN_LOS_10_00","",""
"Scripts/Content/Story/Dialoge/DIA_Addon_BDT_1095_Crimson.d:232","Was weißt du über Raven? ","레이븐에 대해 아는 게 있나? ","","False","DIA_Addon_Crimson_Raven.description","",""
"Scripts/Content/Story/Dialoge/DIA_Addon_BDT_1095_Crimson.d:245","Was weißt du über Raven?","레이븐에 대해 아는 게 있나?","","False","DIA_Addon_Crimson_Raven_15_00","",""
"Scripts/Content/Story/Dialoge/DIA_Addon_BDT_1095_Crimson.d:246","Du glaubst es nicht. Ich war dabei. Ich habe gesehen, was er in der Gruft gemacht hat!","믿기지 않겠지만, 난 거기 있었어. 그가 무덤에서 무슨 짓을 했는지 직접 봤다고!","","False","DIA_Addon_Crimson_Raven_10_01","",""
"Scripts/Content/Story/Dialoge/DIA_Addon_BDT_1095_Crimson.d:247","(furchtsam) Er hat seltsame Worte gemurmelt und gerufen. Immer wieder ...","(겁에 질려) 그 자는 이상한 말들을 중얼거리며 소리쳤어. 계속해서 말이야...","","False","DIA_Addon_Crimson_Raven_10_02","",""
"Scripts/Content/Story/Dialoge/DIA_Addon_BDT_1095_Crimson.d:249","(laut) Und dann kam ein gleißendes Licht aus der Gruft und ich hörte ich den SCHREI.","(큰 소리로) 그러더니 무덤에서 눈이 멀 정도로 찬란한 빛이 뿜어져 나왔고, 비명 소리가 들려왔어.","","False","DIA_Addon_Crimson_Raven_10_03","",""
"Scripts/Content/Story/Dialoge/DIA_Addon_BDT_1095_Crimson.d:250","(ruft) Oh ihr Götter, diese Stimme. Das war der Klang des Untergangs der Welt!","(외치며) 오, 신들이시여, 그 목소리란. 그것은 세상의 종말을 알리는 소리였어!","","False","DIA_Addon_Crimson_Raven_10_04","",""
"Scripts/Content/Story/Dialoge/DIA_Addon_BDT_1095_Crimson.d:251","Raven hat mit ihr gesprochen, sie haben sich unterhalten - Raven und DIE Stimme!","레이븐은 그 목소리와 대화를 나눴어. 서로 이야기를 주고받았다고—레이븐과 그 목소리가 말이야!","","False","DIA_Addon_Crimson_Raven_10_05","",""
"Scripts/Content/Story/Dialoge/DIA_Addon_BDT_1095_Crimson.d:252","Ich weiß nicht mehr, was sie erzählt haben - ich weiß nur, dass ich erst viele Stunden später wieder in der Lage war, meine Knochen zu bewegen.","그들이 무슨 말을 나눴는지는 기억도 안 나. 다만 야영지로 돌아와서도 몇 시간이 지나서야 겨우 몸을 움직일 수 있었다는 것뿐이지.","","False","DIA_Addon_Crimson_Raven_10_06","",""
"Scripts/Content/Story/Dialoge/DIA_Addon_BDT_1095_Crimson.d:265","Kannst du Raven's Worte noch mal wiederholen?","레이븐이 했던 말을 다시 한번 읊어줄 수 있나?","","False","DIA_Addon_Crimson_FATAGN.description","",""
"Scripts/Content/Story/Dialoge/DIA_Addon_BDT_1095_Crimson.d:281","Kannst du Ravens Worte noch mal wiederholen?","레이븐이 했던 말을 다시 한번 읊어줄 수 있나?","","False","DIA_Addon_Crimson_FATAGN_15_00","",""
"Scripts/Content/Story/Dialoge/DIA_Addon_BDT_1095_Crimson.d:285","Klar. Bist du bereit?","물론이지. 준비됐어?","","False","DIA_Addon_Crimson_FATAGN_10_01","",""
"Scripts/Content/Story/Dialoge/DIA_Addon_BDT_1095_Crimson.d:288","Okay.","좋아.","","False","DIA_Addon_Crimson_FATAGN_Info.DIA_Addon_Crimson_FATAGN.DIA_Addon_Crimson_FATAGN_LOS","Info_AddChoice",""
"Scripts/Content/Story/Dialoge/DIA_Addon_BDT_1095_Crimson.d:292","Ich glaube, wir lassen das mal besser ...","그만두는 게 좋겠어...","","False","DIA_Addon_Crimson_FATAGN_10_02","",""
"Scripts/Content/Story/Dialoge/DIA_Addon_BDT_1096_Lennar.d:11","Ich muss weiter ...","가봐야겠어...","","False","DIA_Addon_Lennar_EXIT.description","",""
"Scripts/Content/Story/Dialoge/DIA_Addon_BDT_1096_Lennar.d:69","Hi.","안녕.","","False","DIA_Addon_Lennar_Hi.description","",""
"Scripts/Content/Story/Dialoge/DIA_Addon_BDT_1096_Lennar.d:79","Hi.","안녕.","","False","DIA_Addon_Lennar_Hi_15_00","",""
"Scripts/Content/Story/Dialoge/DIA_Addon_BDT_1096_Lennar.d:80","Hi, ich bin Lennar. Willkommen im Lager der Buddler.","안녕, 난 레나르야. 광부들의 야영지에 온 걸 환영해.","","False","DIA_Addon_Lennar_Hi_01_01","",""
"Scripts/Content/Story/Dialoge/DIA_Addon_BDT_1096_Lennar.d:81","Buddler? Ich dachte, das wär das Lager der Banditen ...","광부들? 난 여기 산적들의 야영지인 줄 알았는데...","","False","DIA_Addon_Lennar_Hi_15_02","",""
"Scripts/Content/Story/Dialoge/DIA_Addon_BDT_1096_Lennar.d:82","Richtig, aber die Banditen sind auch nur hier um zu buddeln. (Schulterzucken) Also ...","맞아, 하지만 산적들도 결국 채광을 하러 온 것뿐이거든. (어깨를 으쓱하며) 그러니까...","","False","DIA_Addon_Lennar_Hi_01_03","",""
"Scripts/Content/Story/Dialoge/DIA_Addon_BDT_1096_Lennar.d:94","Wegen des Attentats auf Esteban...","에스테반 암살 미수 사건에 대해 말인데...","","False","DIA_Addon_Lennar_Attentat.description","",""
"Scripts/Content/Story/Dialoge/DIA_Addon_BDT_1096_Lennar.d:108","(naiv) Ja?","(순진하게) 그래?","","False","DIA_Addon_Lennar_ATTENTAT_01_00","",""
"Scripts/Content/Story/Dialoge/DIA_Addon_BDT_1096_Lennar.d:109","Hast du 'ne Ahnung, wer dahinter steckt?","누가 배후에 있는지 감이 좀 있나?","","False","DIA_Addon_Lennar_ATTENTAT_15_01","",""
"Scripts/Content/Story/Dialoge/DIA_Addon_BDT_1096_Lennar.d:110","(begeistert) Klar!","(열광하며) 물론이지!","","False","DIA_Addon_Lennar_ATTENTAT_01_02","",""
"Scripts/Content/Story/Dialoge/DIA_Addon_BDT_1096_Lennar.d:111","(hektisch) Ich werd's dir sagen: Bestimmt steckt dieser Emilio dahinter!","(호들갑을 떨며) 알려줄게. 분명 이 에밀리오라는 녀석이 배후에 있을 거야!","","False","DIA_Addon_Lennar_ATTENTAT_01_03","",""
"Scripts/Content/Story/Dialoge/DIA_Addon_BDT_1096_Lennar.d:112","(hektisch) Er ist immer wie ein Bescheuerter in die Mine gerannt. Er hat geschürft, was das Zeug hält.","(호들갑을 떨며) 이 녀석은 늘 미친 사람처럼 광산으로 달려가곤 했거든. 힘이 닿는 대로 광석을 캐냈지.","","False","DIA_Addon_Lennar_ATTENTAT_01_04","",""
"Scripts/Content/Story/Dialoge/DIA_Addon_BDT_1096_Lennar.d:113","(schlau) Aber seit das Attentat passiert ist, sitzt er auf seiner Bank und rührt sich nicht mehr weg.","(교활하게) 하지만 그 암살 사건이 일어난 이후로는 벤치에 떡하니 앉아서 꼼짝도 안 하고 있어.","","False","DIA_Addon_Lennar_ATTENTAT_01_05","",""
"Scripts/Content/Story/Dialoge/DIA_Addon_BDT_1096_Lennar.d:114","(erkennt) Ist ja klar! Um in die Mine zu kommen, muss er sich von Esteban 'nen roten Stein abholen.","(깨달으며) 뻔하잖아! 광산에 들어가려면 에스테반에게서 붉은 돌을 받아야 하거든.","","False","DIA_Addon_Lennar_ATTENTAT_01_06","",""
"Scripts/Content/Story/Dialoge/DIA_Addon_BDT_1096_Lennar.d:115","(verschwörerisch) Ich wette, er traut sich nicht mehr, ihm in die Augen zu sehen.","(은밀하게) 켕기는 게 있으니 이제 그의 눈을 똑바로 마주치지 못하는 거지.","","False","DIA_Addon_Lennar_ATTENTAT_01_07","",""
"Scripts/Content/Story/Dialoge/DIA_Addon_BDT_1096_Lennar.d:129","Was könnte Emilio von Estebans Tod haben?","에스테반이 죽으면 에밀리오에게 무슨 이득이 있지?","","False","DIA_Addon_Lennar_Inspektor.description","",""
"Scripts/Content/Story/Dialoge/DIA_Addon_BDT_1096_Lennar.d:142","Was könnte Emilio von Estebans Tod haben?","에스테반이 죽으면 에밀리오에게 무슨 이득이 있지?","","False","DIA_Addon_Lennar_Inspektor_15_00","",""
"Scripts/Content/Story/Dialoge/DIA_Addon_BDT_1096_Lennar.d:143","Was weiß ich? Vielleicht hat er 'nen Kumpel in der Mine, der dann Estebans Platz einnehmen würde.","내가 뭘 알겠어? 광산 안에 자기 친구가 있어서 에스테반의 자리를 차지하게 될지도 모르는 일이지.","","False","DIA_Addon_Lennar_Inspektor_01_01","",""
"Scripts/Content/Story/Dialoge/DIA_Addon_BDT_1096_Lennar.d:144","(zu sich) Ja, das würde Sinn machen ...","(혼잣말로) 그래, 그럴싸한 얘기군...","","False","DIA_Addon_Lennar_Inspektor_01_02","",""
"Scripts/Content/Story/Dialoge/DIA_Addon_BDT_1096_Lennar.d:173","Du hast ja tatsächlich einen roten Stein für mich.","정말로 나를 위해 붉은 돌을 가져왔구나.","","False","DIA_Addon_Lennar_Mine_01_00","",""
"Scripts/Content/Story/Dialoge/DIA_Addon_BDT_1096_Lennar.d:174","Ausgezeichnet. Jetzt werde ich diesen verdammten Fels zu Krümeln verarbeiten - ich weiß auch schon genau, wo ich hingehe!","훌륭해. 이제 저 저주받을 바위를 박살 내주겠어. 어디로 가야 할지도 이미 딱 정해뒀지!","","False","DIA_Addon_Lennar_Mine_01_01","",""
"Scripts/Content/Story/Dialoge/DIA_Addon_BDT_1096_Lennar.d:175","Noch eine Sache - wenn du schürfen gehst, pass auf, dass du nicht zu FESTE draufhaust. Sonst verkeilt sich deine Spitzhacke im Gold!","한 가지 더—채광하러 갈 때 너무 세게 내리치지 않도록 조심해. 그러다간 곡괭이가 금에 박혀버릴 테니까!","","False","DIA_Addon_Lennar_Mine_01_02","",""
"Scripts/Content/Story/Dialoge/DIA_Addon_BDT_1096_Lennar.d:194","Kannst du mir was über's Goldschürfen beibringen?","금 채광에 대해 좀 가르쳐 줄 수 있나?","","False","DIA_Addon_Lennar_Gold.description","",""
"Scripts/Content/Story/Dialoge/DIA_Addon_BDT_1096_Lennar.d:207","Kannst du mir was über das Goldschürfen beibringen?","금 채광에 대해 좀 가르쳐 줄 수 있나?","","False","DIA_Addon_Lennar_Gold_15_00","",""
"Scripts/Content/Story/Dialoge/DIA_Addon_BDT_1096_Lennar.d:208","Klar, aber wenn ich dir was beibringe, wirst du mehr Gold schürfen können.","물론이지. 하지만 내가 가르쳐 주면 더 많은 금을 캘 수 있게 될 거야.","","False","DIA_Addon_Lennar_Gold_01_01","",""
"Scripts/Content/Story/Dialoge/DIA_Addon_BDT_1096_Lennar.d:209","Darum frag ich ja.","그러니까 묻는 거지.","","False","DIA_Addon_Lennar_Gold_15_02","",""
"Scripts/Content/Story/Dialoge/DIA_Addon_BDT_1096_Lennar.d:210","Sicher. Aber wenn du mehr schürfen kannst, ist es doch nur fair, wenn ich einen Teil davon abbekomme.","그렇겠지. 하지만 네가 더 많이 캘 수 있게 된다면, 그중 일부를 내게 떼어주는 게 공평하지 않겠어?","","False","DIA_Addon_Lennar_Gold_01_03","",""
"Scripts/Content/Story/Dialoge/DIA_Addon_BDT_1096_Lennar.d:211","Nun ...","글쎄...","","False","DIA_Addon_Lennar_Gold_15_04","",""
"Scripts/Content/Story/Dialoge/DIA_Addon_BDT_1096_Lennar.d:212","Am Besten, du gibst mir meinen Anteil im Voraus. Sagen wir ...","내 몫은 미리 받아두는 게 좋겠어. 예를 들면...","","False","DIA_Addon_Lennar_Gold_01_05","",""
"Scripts/Content/Story/Dialoge/DIA_Addon_BDT_1096_Lennar.d:213","Fünfzig Goldstücke.","금화 오십 개.","","False","DIA_Addon_Lennar_Gold_01_06","",""
"Scripts/Content/Story/Dialoge/DIA_Addon_BDT_1096_Lennar.d:228","Bring mir was über's Goldhacken bei! (50 Gold)","금 채광에 대해 가르쳐 줘! (금화 50개)","","False","DIA_Addon_Lennar_Train.description","",""
"Scripts/Content/Story/Dialoge/DIA_Addon_BDT_1096_Lennar.d:242","Bring mir was über's Goldhacken bei!","금 채광에 대해 가르쳐 줘!","","False","DIA_Addon_Lennar_Train_15_00","",""
"Scripts/Content/Story/Dialoge/DIA_Addon_BDT_1096_Lennar.d:246","Gut. Gleichmäßiges Hacken bringt dich vorwärts. Nichts überstürzen - aber auch nicht beim Hacken einschlafen.","좋아. 일정한 속도로 곡괭이질을 하는 게 중요해. 너무 서두르지도 말고—렇다고 곡괭이질을 하다 졸지도 말고.","","False","DIA_Addon_Lennar_Train_01_01","",""
"Scripts/Content/Story/Dialoge/DIA_Addon_BDT_1096_Lennar.d:247","Und schlag nicht immer auf die gleiche Stelle - versuch, um ein schönes Nuggetstück herumzuarbeiten.","그리고 늘 같은 곳만 치지 말고—괜찮은 금덩이를 비켜가며 작업하도록 해.","","False","DIA_Addon_Lennar_Train_01_02","",""
"Scripts/Content/Story/Dialoge/DIA_Addon_BDT_1096_Lennar.d:248","Befolge das und du bist auf dem Weg, ein wahrer Meister- Buddler zu werden.","그렇게만 하면 진정한 숙련 광부의 길로 들어서게 될 거야.","","False","DIA_Addon_Lennar_Train_01_03","",""
"Scripts/Content/Story/Dialoge/DIA_Addon_BDT_1096_Lennar.d:255","Erst will ich meinen Anteil sehen!","내 몫부터 보고 얘기하지!","","False","DIA_Addon_Lennar_Train_01_04","",""
"Scripts/Content/Story/Dialoge/DIA_Addon_BDT_1096_Lennar.d:269","Alles klar?","별일 없나?","","False","DIA_Addon_Lennar_Hacker.description","",""
"Scripts/Content/Story/Dialoge/DIA_Addon_BDT_1096_Lennar.d:282","Alles klar?","별일 없나?","","False","DIA_Addon_BDT_10004_Lennar_Hacker_15_00","",""
"Scripts/Content/Story/Dialoge/DIA_Addon_BDT_1096_Lennar.d:283","Immer schön gleichmäßig - so kommst du an die dicken Nuggets!","꾸준하고 균일하게 해야지, 그래야 큼직한 금괴를 캘 수 있는 법이야!","","False","DIA_Addon_BDT_10004_Lennar_Hacker_01_01","",""
"Scripts/Content/Story/Dialoge/DIA_Addon_BDT_1097_Fisk.d:82","Hey, wenn du hier im Lager einen anständigen Händler suchst, dann hast du ihn gerade gefunden.","이 야영지에서 제대로 된 상인을 찾고 있다면, 아주 잘 찾아왔네.","","False","DIA_Addon_Fisk_Hi_12_00","",""
"Scripts/Content/Story/Dialoge/DIA_Addon_BDT_1097_Fisk.d:83","Meine Hütte steht direkt hinter Esteban. Also, wenn du was brauchst, komm vorbei.","내 오두막은 에스테반 바로 뒤에 있어. 필요한 게 있으면 들리라고.","","False","DIA_Addon_Fisk_Hi_12_01","",""
"Scripts/Content/Story/Dialoge/DIA_Addon_BDT_1097_Fisk.d:155","Hör zu, ich will mit der Sache nichts zu tun haben, klar!","들어봐, 난 이 일에 아무런 상관도 없어. 알겠어?","","False","DIA_Addon_Fisk_Attentat_12_00","",""
"Scripts/Content/Story/Dialoge/DIA_Addon_BDT_1097_Fisk.d:156","(unschuldig) Ich habe meine eigenen Sorgen, ich bin selbst ein Opfer.","(순진한 척) 내 코가 석 자라고, 나도 피해자란 말이야.","","False","DIA_Addon_Fisk_Attentat_12_01","",""
"Scripts/Content/Story/Dialoge/DIA_Addon_BDT_1097_Fisk.d:157","Inwiefern?","어째서?","","False","DIA_Addon_Fisk_Attentat_15_02","",""
"Scripts/Content/Story/Dialoge/DIA_Addon_BDT_1097_Fisk.d:158","Hab' ne Menge Gold bezahlt für meine letzte Lieferung.","마지막 배송품을 받으려고 금을 엄청나게 줬거든.","","False","DIA_Addon_Fisk_Attentat_12_03","",""
"Scripts/Content/Story/Dialoge/DIA_Addon_BDT_1097_Fisk.d:159","Aber die kam nie an! Irgendein Schwein hat sie sich unter den Nagel gerissen.","그런데 그게 오지 않았어! 어떤 새끼가 훔쳐 간 거지.","","False","DIA_Addon_Fisk_Attentat_12_04","",""
"Scripts/Content/Story/Dialoge/DIA_Addon_BDT_1097_Fisk.d:160","(empört) Ich bin bestohlen worden - wahrscheinlich von einem unserer eigenen Leute!","(격분하며) 도둑맞았다고! 아마 우리 동료 짓일 거야!","","False","DIA_Addon_Fisk_Attentat_12_05","",""
"Scripts/Content/Story/Dialoge/DIA_Addon_BDT_1097_Fisk.d:172","Was war das für 'ne Lieferung?","어떤 배송품이었는데?","","False","DIA_Addon_Fisk_Lieferung.description","",""
"Scripts/Content/Story/Dialoge/DIA_Addon_BDT_1097_Fisk.d:185","Was war das für 'ne Lieferung?","어떤 배송품이었는데?","","False","DIA_Addon_Fisk_Lieferung_15_00","",""
"Scripts/Content/Story/Dialoge/DIA_Addon_BDT_1097_Fisk.d:186","Ein Paket Dietriche. Jemand sollte sie für mich von den Piraten abholen.","자물쇠 따개 꾸러미. 해적들에게서 내 몫을 가져오기로 되어 있었어.","","False","DIA_Addon_Fisk_Lieferung_12_01","",""
"Scripts/Content/Story/Dialoge/DIA_Addon_BDT_1097_Fisk.d:187","Aber ein Kerl namens Juan hat es mir weggeschnappt. (sauer) Mitsamt dem Gold, das ich dafür bezahlt habe!","그런데 후안이라는 녀석이 채어가 버렸지. (화내며) 내가 지불한 금까지 모조리 말이야!","","False","DIA_Addon_Fisk_Lieferung_12_02","",""
"Scripts/Content/Story/Dialoge/DIA_Addon_BDT_1097_Fisk.d:188","Der Mistkerl versteckt sich irgendwo im Sumpf ...","그 자식은 늪지 어딘가에 숨어 있을 거야...","","False","DIA_Addon_Fisk_Lieferung_12_03","",""
"Scripts/Content/Story/Dialoge/DIA_Addon_BDT_1097_Fisk.d:205","Er ist tot.","그는 죽었어.","","False","DIA_Addon_Fisk_AboutJuan_15_00","",""
"Scripts/Content/Story/Dialoge/DIA_Addon_BDT_1097_Fisk.d:206","Gut, dann kann er mir keinen Ärger mehr machen!","잘됐군, 그럼 더는 나를 귀찮게 하지 못할 테니까!","","False","DIA_Addon_Fisk_AboutJuan_12_01","",""
"Scripts/Content/Story/Dialoge/DIA_Addon_BDT_1097_Fisk.d:210","Er lebt noch ...","아직 살아 있어...","","False","DIA_Addon_Fisk_AboutJuan_15_02","",""
"Scripts/Content/Story/Dialoge/DIA_Addon_BDT_1097_Fisk.d:211","Du hast das Schwein leben lassen?","그 돼지 같은 녀석을 살려뒀다고?","","False","DIA_Addon_Fisk_AboutJuan_12_03","",""
"Scripts/Content/Story/Dialoge/DIA_Addon_BDT_1097_Fisk.d:212","Er war nicht allein ...","혼자가 아니었거든...","","False","DIA_Addon_Fisk_AboutJuan_15_04","",""
"Scripts/Content/Story/Dialoge/DIA_Addon_BDT_1097_Fisk.d:213","Egal - ich werde auch so mit den Drecksäcken fertig ...","상관없어. 그런 쓰레기쯤은 나 혼자서도 상대할 수 있으니까...","","False","DIA_Addon_Fisk_AboutJuan_12_05","",""
"Scripts/Content/Story/Dialoge/DIA_Addon_BDT_1097_Fisk.d:220","Was dich betrifft ...","너에 대한 보답으로는...","","False","DIA_Addon_Fisk_Belohnung_12_00","",""
"Scripts/Content/Story/Dialoge/DIA_Addon_BDT_1097_Fisk.d:221","Ich habe ziemlich gute Beziehungen zu Huno.","난 후노와 꽤 친한 사이거든.","","False","DIA_Addon_Fisk_Belohnung_12_01","",""
"Scripts/Content/Story/Dialoge/DIA_Addon_BDT_1097_Fisk.d:222","Ich werde dafür sorgen, dass du ab jetzt billig an deine Rüstungen rankommst.","네가 앞으로 방어구를 싸게 살 수 있도록 손을 써두지.","","False","DIA_Addon_Fisk_Belohnung_12_02","",""
"Scripts/Content/Story/Dialoge/DIA_Addon_BDT_1097_Fisk.d:227","Und hier, diesen Stein habe ich einst von Corristo bekommen.","그리고 이거, 이 돌은 예전에 코리스토에게 받은 거야.","","False","DIA_Addon_Fisk_Belohnung_12_03","",""
"Scripts/Content/Story/Dialoge/DIA_Addon_BDT_1097_Fisk.d:228","Es ist das einzige, was meine Flucht aus der Barriere überlebt hat. Ich denke, du kannst mehr damit anfangen als ich.","장벽에서 탈출할 때 살아남은 건 이것뿐이지. 네가 나보다 더 유용하게 쓸 수 있을 거야.","","False","DIA_Addon_Fisk_Belohnung_12_04","",""
"Scripts/Content/Story/Dialoge/DIA_Addon_BDT_1097_Fisk.d:233","Außerdem geb ich dir eine von meinen Waffen.","게다가 내 무기 중 하나를 주겠어.","","False","DIA_Addon_Fisk_Belohnung_12_05","",""
"Scripts/Content/Story/Dialoge/DIA_Addon_BDT_1097_Fisk.d:245","(verschmitzt) Eine Hand wäscht die andere - das hat sich seit damals nicht geändert.","(능청스럽게) 뺨도 부딪쳐야 소리가 나는 법이지. 그때부터 지금까지 변한 건 없어.","","False","DIA_Addon_Fisk_Belohnung_12_06","",""
"Scripts/Content/Story/Dialoge/DIA_Addon_BDT_1097_Fisk.d:255","Ich habe dein Paket.","네 꾸러미를 가지고 있어.","","False","DIA_Addon_Fisk_GivePaket.description","",""
"Scripts/Content/Story/Dialoge/DIA_Addon_BDT_1097_Fisk.d:269","Ich habe dein Paket.","네 꾸러미를 가지고 있어.","","False","DIA_Addon_Fisk_GivePaket_15_00","",""
"Scripts/Content/Story/Dialoge/DIA_Addon_BDT_1097_Fisk.d:275","(erfreut) Tatsache! (argwöhnisch) Was ist mit Juan?","(기뻐하며) 정말이군! (의심스럽게) 후안은 어떻게 됐지?","","False","DIA_Addon_Fisk_GivePaket_12_01","",""
"Scripts/Content/Story/Dialoge/DIA_Addon_BDT_1097_Fisk.d:291","Ich habe dein Paket geöffnet!","네 꾸러미를 열어봤어!","","False","DIA_Addon_Fisk_PaketOpen.description","",""
"Scripts/Content/Story/Dialoge/DIA_Addon_BDT_1097_Fisk.d:305","Ich habe dein Paket geöffnet!","네 꾸러미를 열어봤어!","","False","DIA_Addon_Fisk_PaketOpen_15_00","",""
"Scripts/Content/Story/Dialoge/DIA_Addon_BDT_1097_Fisk.d:306","(lacht) War ja klar! Konntest es nicht abwarten, was?","(웃음) 그럴 줄 알았지! 참을 수가 없었겠지, 안 그래?","","False","DIA_Addon_Fisk_PaketOpen_12_01","",""
"Scripts/Content/Story/Dialoge/DIA_Addon_BDT_1097_Fisk.d:307","Hast du wenigstens die Dietriche noch?","자물쇠 따개들은 아직 잘 있지?","","False","DIA_Addon_Fisk_PaketOpen_12_02","",""
"Scripts/Content/Story/Dialoge/DIA_Addon_BDT_1097_Fisk.d:308","Und was viel wichtiger ist: Was ist mit Juan?","그리고 더 중요한 건, 후안은 어떻게 됐냐는 거야.","","False","DIA_Addon_Fisk_PaketOpen_12_03","",""
"Scripts/Content/Story/Dialoge/DIA_Addon_BDT_1097_Fisk.d:323","Hier hat du ein Dutzend Dietriche...","여기 자물쇠 따개 열두 개가 있어...","","False","DIA_Addon_Fisk_GivePicks.description","",""
"Scripts/Content/Story/Dialoge/DIA_Addon_BDT_1097_Fisk.d:337","Hier hat du ein Dutzend Dietriche ...","여기 자물쇠 따개 열두 개가 있어...","","False","DIA_Addon_Fisk_GivePicks_15_00","",""
"Scripts/Content/Story/Dialoge/DIA_Addon_BDT_1097_Fisk.d:341","Sehr gut. Einige Leute warten schon auf neue Ware.","아주 좋군. 새로운 상품을 기다리는 사람들이 벌써 있거든.","","False","DIA_Addon_Fisk_GivePicks_12_01","",""
"Scripts/Content/Story/Dialoge/DIA_Addon_BDT_1097_Fisk.d:349","Das ist kein Dutzend! (schlau) Du willst mir doch wohl nicht die Reste andrehen, hm?","이건 한 더미가 아니잖아! (교활하게) 설마 남은 찌꺼기로 나를 속이려는 건 아니겠지?","","False","DIA_Addon_Fisk_GivePicks_12_02","",""
"Scripts/Content/Story/Dialoge/DIA_Addon_BDT_1097_Fisk.d:362","Juan hat für Esteban gearbeitet!","후안은 에스테반을 위해 일했어!","","False","DIA_Addon_Fisk_Inspektor.description","",""
"Scripts/Content/Story/Dialoge/DIA_Addon_BDT_1097_Fisk.d:376","Juan hat für Esteban gearbeitet!","후안은 에스테반을 위해 일했어!","","False","DIA_Addon_Fisk_Inspektor_15_00","",""
"Scripts/Content/Story/Dialoge/DIA_Addon_BDT_1097_Fisk.d:377","(verblüfft) Was?","(깜짝 놀라며) 뭐라고?","","False","DIA_Addon_Fisk_Inspektor_12_01","",""
"Scripts/Content/Story/Dialoge/DIA_Addon_BDT_1097_Fisk.d:378","Spiel keine Spielchen mit mir! Du wusstest davon!","장난치지 마! 너도 알고 있었잖아!","","False","DIA_Addon_Fisk_Inspektor_15_02","",""
"Scripts/Content/Story/Dialoge/DIA_Addon_BDT_1097_Fisk.d:379","(gefaßt) Gut. Du hast Recht. Aber dir ist auch hoffentlich klar, warum ich's dir nicht erzählt hab.","(담담하게) 좋아. 네 말이 맞다. 하지만 내가 왜 네게 말하지 않았는지 너도 이해하겠지.","","False","DIA_Addon_Fisk_Inspektor_12_03","",""
"Scripts/Content/Story/Dialoge/DIA_Addon_BDT_1097_Fisk.d:380","Jeder hier im Lager weiß, dass du für Esteban arbeitest.","이 야영지에 있는 사람이라면 누구나 네가 에스테반 밑에서 일한다는 걸 알아.","","False","DIA_Addon_Fisk_Inspektor_12_04","",""
"Scripts/Content/Story/Dialoge/DIA_Addon_BDT_1097_Fisk.d:381","Ich habe keine Lust, in die Sache mit reingezogen zu werden, nur weil du scharf auf 'nen roten Stein bist!","네가 붉은 돌에 눈이 멀었다고 해서, 이 일에 휘말리고 싶진 않다고!","","False","DIA_Addon_Fisk_Inspektor_12_05","",""
"Scripts/Content/Story/Dialoge/DIA_Addon_BDT_1097_Fisk.d:384","Ich arbeite nicht wirklich für Esteban... ","난 정말로 에스테반을 위해 일하는 게 아니야... ","","False","DIA_Addon_Fisk_Inspektor_Info.DIA_Addon_Fisk_Inspektor.DIA_Addon_Fisk_Inspektor_AntiEsteban","Info_AddChoice",""
"Scripts/Content/Story/Dialoge/DIA_Addon_BDT_1097_Fisk.d:385","Ich glaube dir nicht!","안 믿어!","","False","DIA_Addon_Fisk_Inspektor_Info.DIA_Addon_Fisk_Inspektor.DIA_Addon_Fisk_Inspektor_DontBelieve","Info_AddChoice",""
"Scripts/Content/Story/Dialoge/DIA_Addon_BDT_1097_Fisk.d:386","Verstehe!","알겠어!","","False","DIA_Addon_Fisk_Inspektor_Info.DIA_Addon_Fisk_Inspektor.DIA_Addon_Fisk_Inspektor_ISee","Info_AddChoice",""
"Scripts/Content/Story/Dialoge/DIA_Addon_BDT_1097_Fisk.d:391","Verstehe!","알겠어!","","False","DIA_Addon_Fisk_Inspektor_ISee_15_00","",""
"Scripts/Content/Story/Dialoge/DIA_Addon_BDT_1097_Fisk.d:392","Gut! Dann hör auch auf damit. Sonst hört uns noch einer!","좋아! 그럼 그만해. 다른 사람이 들을라!","","False","DIA_Addon_Fisk_Inspektor_ISee_12_01","",""
"Scripts/Content/Story/Dialoge/DIA_Addon_BDT_1097_Fisk.d:399","Ich glaube dir nicht!","안 믿어!","","False","DIA_Addon_Fisk_Inspektor_DontBelieve_15_00","",""
"Scripts/Content/Story/Dialoge/DIA_Addon_BDT_1097_Fisk.d:400","Glaub, was du willst! Aber ich warne dich: Wenn du vorhast, Esteban irgendwelche Märchen über mich zu erzählen, bist du dran!","믿고 싶은 대로 믿어라! 하지만 경고하는데, 에스테반에게 나에 대한 헛소문을 지껄였다가는 가만두지 않겠어!","","False","DIA_Addon_Fisk_Inspektor_DontBelieve_12_01","",""
"Scripts/Content/Story/Dialoge/DIA_Addon_BDT_1097_Fisk.d:407","Ich arbeite nicht wirklich für Esteban ...","난 정말로 에스테반을 위해 일하는 게 아니야...","","False","DIA_Addon_Fisk_Inspektor_AntiEsteban_15_00","",""
"Scripts/Content/Story/Dialoge/DIA_Addon_BDT_1097_Fisk.d:408","So? Du willst den alten Sack übers Ohr hauen?","그래? 그 늙은 영감탱이를 골탕 먹이기라도 하겠다는 거야?","","False","DIA_Addon_Fisk_Inspektor_AntiEsteban_12_01","",""
"Scripts/Content/Story/Dialoge/DIA_Addon_BDT_1097_Fisk.d:409","Dann geb ich dir 'nen guten Rat: Behalt es für dich.","그럼 충고 하나 하지. 혼자서만 알고 있어.","","False","DIA_Addon_Fisk_Inspektor_AntiEsteban_12_02","",""
"Scripts/Content/Story/Dialoge/DIA_Addon_BDT_1097_Fisk.d:410","Wenn es um Esteban geht, solltest du NIEMANDEM trauen - nicht mal mir, klar?","에스테반과 관련된 일이라면, 그 누구도 믿지 마. 나조차도 말이야. 알겠어?","","False","DIA_Addon_Fisk_Inspektor_AntiEsteban_12_03","",""
"Scripts/Content/Story/Dialoge/DIA_Addon_BDT_1097_Fisk.d:411","Und jetzt genug davon - sonst hört uns noch einer!","이 얘기는 이제 그만하자고. 다른 사람이 들을라!","","False","DIA_Addon_Fisk_Inspektor_AntiEsteban_12_04","",""
"Scripts/Content/Story/Dialoge/DIA_Addon_BDT_1097_Fisk.d:425","DU steckst also hinter dem Attentat.","그러니까 네가 그 습격 배후에 있단 말이지.","","False","DIA_Addon_Fisk_Meeting.description","",""
"Scripts/Content/Story/Dialoge/DIA_Addon_BDT_1097_Fisk.d:440","DU steckst also hinter dem Attentat.","그러니까 네가 그 습격 배후에 있단 말이지.","","False","DIA_Addon_Fisk_Meeting_15_00","",""
"Scripts/Content/Story/Dialoge/DIA_Addon_BDT_1097_Fisk.d:441","Ja. Esteban steht meinen Geschäften im Weg.","그래. 에스테반이 내 사업에 방해가 되거든.","","False","DIA_Addon_Fisk_Meeting_12_01","",""
"Scripts/Content/Story/Dialoge/DIA_Addon_BDT_1097_Fisk.d:442","Alle Banditen, die für mich arbeiten, lässt er nicht mehr in die Mine. Er sorgt dafür, dass ALLE für ihn arbeiten - und nur für ihn.","그는 나를 위해 일하는 도적들은 광산에 들여보내지 않고 있어. 모든 사람이 오직 자기만을 위해서 일하게 만들고 있지.","","False","DIA_Addon_Fisk_Meeting_12_02","",""
"Scripts/Content/Story/Dialoge/DIA_Addon_BDT_1097_Fisk.d:443","So kann er von jedem Geschäft seinen Teil abkassieren und kontrolliert das gesamte Lager.","그런 식로 모든 거래에서 몫을 챙기며 야영지 전체를 통제하려는 거야.","","False","DIA_Addon_Fisk_Meeting_12_03","",""
"Scripts/Content/Story/Dialoge/DIA_Addon_BDT_1097_Fisk.d:447","Was hast du jetzt vor?","이제 어쩔 셈이지?","","False","DIA_Addon_Fisk_Meeting_Info.DIA_Addon_Fisk_Meeting.DIA_Addon_Fisk_Meeting_now","Info_AddChoice",""
"Scripts/Content/Story/Dialoge/DIA_Addon_BDT_1097_Fisk.d:448","Willst du an seine Stelle treten?","그의 자리를 차지하고 싶나?","","False","DIA_Addon_Fisk_Meeting_Info.DIA_Addon_Fisk_Meeting.DIA_Addon_Fisk_Meeting_You","Info_AddChoice",""
"Scripts/Content/Story/Dialoge/DIA_Addon_BDT_1097_Fisk.d:451","Ich könnte dich an Esteban verkaufen ...","너를 에스테반에게 팔아넘길 수도 있는데...","","False","DIA_Addon_Fisk_Meeting_Info.DIA_Addon_Fisk_Meeting.DIA_Addon_Fisk_Meeting_sell","Info_AddChoice",""
"Scripts/Content/Story/Dialoge/DIA_Addon_BDT_1097_Fisk.d:457","Willst du an seine Stelle treten?","그의 자리를 차지하고 싶나?","","False","DIA_Addon_Fisk_Meeting_You_15_00","",""
"Scripts/Content/Story/Dialoge/DIA_Addon_BDT_1097_Fisk.d:458","Nein, ich bin Händler - ich will nur in Ruhe meinen Geschäften nachgehen.","아니, 난 상인이야. 조용히 내 사업이나 계속하고 싶을 뿐이라고.","","False","DIA_Addon_Fisk_Meeting_You_12_01","",""
"Scripts/Content/Story/Dialoge/DIA_Addon_BDT_1097_Fisk.d:463","Ich könnte dich an Esteban verkaufen ...","너를 에스테반에게 팔아넘길 수도 있는데...","","False","DIA_Addon_Fisk_Meeting_sell_15_00","",""
"Scripts/Content/Story/Dialoge/DIA_Addon_BDT_1097_Fisk.d:464","Und dann? Was glaubst du wird dann passieren? Glaubst du, er gibt dir das, was du willst?","그리고는? 그다음엔 어떻게 될 것 같아? 그 자가 네가 원하는 걸 줄 것 같나?","","False","DIA_Addon_Fisk_Meeting_sell_12_01","",""
"Scripts/Content/Story/Dialoge/DIA_Addon_BDT_1097_Fisk.d:465","Vergiss es - ich habe einen besseren Plan.","집어치워. 나한테 더 나은 계획이 있으니까.","","False","DIA_Addon_Fisk_Meeting_sell_12_02","",""
"Scripts/Content/Story/Dialoge/DIA_Addon_BDT_1097_Fisk.d:470","Was hast du jetzt vor?","이제 어쩔 셈이지?","","False","DIA_Addon_Fisk_Meeting_now_15_00","",""
"Scripts/Content/Story/Dialoge/DIA_Addon_BDT_1097_Fisk.d:474","Wir werden Esteban aus dem Weg räumen. Das heißt, DU wirst ihn umlegen und seine Position übernehmen.","우린 에스테반을 없애야 해. 즉, 네가 그를 해치우고 그의 자리를 차지하는 거지.","","False","DIA_Addon_Fisk_Meeting_now_12_01","",""
"Scripts/Content/Story/Dialoge/DIA_Addon_BDT_1097_Fisk.d:475","Solange seine Leibwächter bei ihm sind, hab ich keine Chance.","그의 경호원들이 곁에 있는 한 내게는 승산이 없어.","","False","DIA_Addon_Fisk_Meeting_now_15_02","",""
"Scripts/Content/Story/Dialoge/DIA_Addon_BDT_1097_Fisk.d:476","Dann müssen wir sie dazu kriegen, dass sie abhauen. Und zwar mit der Wahrheit.","그렇다면 그들이 떠나게 만들어야지. 진실을 말해서 말이야.","","False","DIA_Addon_Fisk_Meeting_now_12_03","",""
"Scripts/Content/Story/Dialoge/DIA_Addon_BDT_1097_Fisk.d:477","Welche Wahrheit?","무슨 진실?","","False","DIA_Addon_Fisk_Meeting_now_15_04","",""
"Scripts/Content/Story/Dialoge/DIA_Addon_BDT_1097_Fisk.d:478","Du hast deinen Job erledigt. Du weißt, dass ich hinter dem Attentat stecke.","너는 할 일을 다 했어. 내가 그 습격의 배후라는 것도 알지.","","False","DIA_Addon_Fisk_Meeting_now_12_05","",""
"Scripts/Content/Story/Dialoge/DIA_Addon_BDT_1097_Fisk.d:479","Erzähle das Esteban und er wird seine Jungs schicken, um mich zu töten. Ich werde sie hier erwarten.","에스테반에게 그 사실을 말해. 그러면 그는 나를 죽이기 위해 부하들을 보낼 거야. 난 여기서 기다리고 있을 테니까.","","False","DIA_Addon_Fisk_Meeting_now_12_06","",""
"Scripts/Content/Story/Dialoge/DIA_Addon_BDT_1097_Fisk.d:480","Wenn sie weg sind, kannst du dir den Mistkerl vornehmen und ich kümmere mich um die Wachen.","그들이 떠나면, 넌 그 자식을 처리하고 난 경호원들을 상대하면 돼.","","False","DIA_Addon_Fisk_Meeting_now_12_07","",""
"Scripts/Content/Story/Dialoge/DIA_Addon_BDT_1097_Fisk.d:484","Esteban ist tot. Ich werde mich wieder dem Handel widmen ...","에스테반은 죽었다. 이제 다시 장사에 집중할 수 있겠어...","","False","DIA_Addon_Fisk_Meeting_now_12_08","",""
"Scripts/Content/Story/Dialoge/DIA_Addon_BDT_1097_Fisk.d:485","Hier, das ist für dich ...","자, 이건 네 몫이야...","","False","DIA_Addon_Fisk_Meeting_now_12_09","",""
"Scripts/Content/Story/Dialoge/DIA_Addon_BDT_1097_Fisk.d:505","Esteban ist erledigt.","에스테반은 끝났어.","","False","DIA_Addon_Fisk_Sieg.description","",""
"Scripts/Content/Story/Dialoge/DIA_Addon_BDT_1097_Fisk.d:519","Esteban ist erledigt.","에스테반은 끝났어.","","False","DIA_Addon_Fisk_Sieg_15_00","",""
"Scripts/Content/Story/Dialoge/DIA_Addon_BDT_1097_Fisk.d:520","Darauf habe ich lange gewartet.","이 순간을 얼마나 기다렸던가.","","False","DIA_Addon_Fisk_Sieg_12_01","",""
"Scripts/Content/Story/Dialoge/DIA_Addon_BDT_1097_Fisk.d:521","Ich denke, du hast jetzt einiges zu tun und ich muss mich auch wieder um meine Geschäfte kümmern.","너도 이제 바쁠 테고, 나도 내 장사를 다시 시작해야겠어.","","False","DIA_Addon_Fisk_Sieg_12_02","",""
"Scripts/Content/Story/Dialoge/DIA_Addon_BDT_1097_Fisk.d:522","Also, wenn du noch was brauchst, du weißt, wo du mich findest.","필요한 게 생기면 내가 어디 있는지 알겠지.","","False","DIA_Addon_Fisk_Sieg_12_03","",""
"Scripts/Content/Story/Dialoge/DIA_Addon_BDT_1098_Snaf.d:83","Willst du futtern oder quatschen? Was darf's sein?","밥을 먹으러 왔나, 아니면 수다라도 떨러 왔나? 뭐가 필요하지?","","False","DIA_Addon_Snaf_Hi_01_00","",""
"Scripts/Content/Story/Dialoge/DIA_Addon_BDT_1098_Snaf.d:95","Was gibt's denn leckeres?","맛있는 거라도 있나?","","False","DIA_Addon_Snaf_Cook.description","",""
"Scripts/Content/Story/Dialoge/DIA_Addon_BDT_1098_Snaf.d:105","Was gibt's denn Leckeres?","맛있는 거라도 있나?","","False","DIA_Addon_Snaf_Cook_15_00","",""
"Scripts/Content/Story/Dialoge/DIA_Addon_BDT_1098_Snaf.d:106","Ich will ein neues Gericht ausprobieren - 'Feuergeschnetzeltes in Hammersauce'.","새로운 요리를 시도해 보려고 해. '망치 소스를 곁들인 화염 고기볶음'이지.","","False","DIA_Addon_Snaf_Cook_01_01","",""
"Scripts/Content/Story/Dialoge/DIA_Addon_BDT_1098_Snaf.d:109","Feuer- Geschnetzeltes? ","화염 고기볶음이라고? ","","False","DIA_Addon_Snaf_Cook_Info.DIA_Addon_Snaf_Cook.DIA_Addon_Snaf_Cook_FEUER","Info_AddChoice",""
"Scripts/Content/Story/Dialoge/DIA_Addon_BDT_1098_Snaf.d:110","Hammer Sauce? ","망치 소스라고? ","","False","DIA_Addon_Snaf_Cook_Info.DIA_Addon_Snaf_Cook.DIA_Addon_Snaf_Cook_HAMMER","Info_AddChoice",""
"Scripts/Content/Story/Dialoge/DIA_Addon_BDT_1098_Snaf.d:116","Feuergeschnetzeltes?","화염 고기볶음?","","False","DIA_Addon_Snaf_Cook_FEUER_15_00","",""
"Scripts/Content/Story/Dialoge/DIA_Addon_BDT_1098_Snaf.d:117","Knusprig zart gebratenes Fleisch, vermengt mit eingelegtem Feuerkraut.","겉은 바삭하고 속은 부드럽게 구운 고기에 절인 파이어위드를 섞은 거지.","","False","DIA_Addon_Snaf_Cook_FEUER_01_01","",""
"Scripts/Content/Story/Dialoge/DIA_Addon_BDT_1098_Snaf.d:118","Aber keine Sorge - die Zutaten dafür habe ich bereits.","하지만 걱정 마, 재료는 이미 다 있으니까.","","False","DIA_Addon_Snaf_Cook_FEUER_01_02","",""
"Scripts/Content/Story/Dialoge/DIA_Addon_BDT_1098_Snaf.d:123","Hammersauce?","망치 소스?","","False","DIA_Addon_Snaf_Cook_HAMMER_15_00","",""
"Scripts/Content/Story/Dialoge/DIA_Addon_BDT_1098_Snaf.d:124","Eine Sauce aus hammerhartem Schnaps. Ich habe ein Rezept von einem Typen namens Lou.","망치처럼 묵직한 술로 만든 소스야. 루라는 녀석에게 레시피를 얻었지.","","False","DIA_Addon_Snaf_Cook_HAMMER_01_01","",""
"Scripts/Content/Story/Dialoge/DIA_Addon_BDT_1098_Snaf.d:125","Besorg du die Zutaten und brenn den Schnaps oben am Labor- Tisch, dann mache ich daraus eine Sauce. Was meinst du?","네가 재료를 구해다가 저 위 실험대에서 술을 증류해 오면, 내가 소스를 만들어 주지. 어때?","","False","DIA_Addon_Snaf_Cook_HAMMER_01_02","",""
"Scripts/Content/Story/Dialoge/DIA_Addon_BDT_1098_Snaf.d:127","Dafür habe ich keine Zeit.","그럴 시간이 없어.","","False","DIA_Addon_Snaf_Cook_HAMMER.DIA_Addon_Snaf_Cook.DIA_Addon_Snaf_Cook_NO","Info_AddChoice",""
"Scripts/Content/Story/Dialoge/DIA_Addon_BDT_1098_Snaf.d:128","Okay, ich mach's. ","좋아, 내가 하지. ","","False","DIA_Addon_Snaf_Cook_HAMMER.DIA_Addon_Snaf_Cook.DIA_Addon_Snaf_Cook_YES","Info_AddChoice",""
"Scripts/Content/Story/Dialoge/DIA_Addon_BDT_1098_Snaf.d:133","Dafür habe ich keine Zeit.","그럴 시간이 없어.","","False","DIA_Addon_Snaf_Cook_HAMMER_NO_15_00","",""
"Scripts/Content/Story/Dialoge/DIA_Addon_BDT_1098_Snaf.d:134","Dann vergiss es.","그럼 됐어.","","False","DIA_Addon_Snaf_Cook_HAMMER_NO_01_01","",""
"Scripts/Content/Story/Dialoge/DIA_Addon_BDT_1098_Snaf.d:142","Okay, ich mach's.","좋아, 내가 하지.","","False","DIA_Addon_Snaf_Cook_HAMMER_YES_15_00","",""
"Scripts/Content/Story/Dialoge/DIA_Addon_BDT_1098_Snaf.d:143","Alles klar. Hier ist das Rezept.","좋아. 여기 레시피가 있어.","","False","DIA_Addon_Snaf_Cook_HAMMER_YES_01_01","",""
"Scripts/Content/Story/Dialoge/DIA_Addon_BDT_1098_Snaf.d:165","Ich habe den Schnaps gebrannt.","술을 증류했어.","","False","DIA_Addon_Snaf_Booze.description","",""
"Scripts/Content/Story/Dialoge/DIA_Addon_BDT_1098_Snaf.d:179","Ich habe den Schnaps gebrannt.","술을 증류했어.","","False","DIA_Addon_Snaf_Booze_15_00","",""
"Scripts/Content/Story/Dialoge/DIA_Addon_BDT_1098_Snaf.d:184","Ausgezeichnet, dann mache ich das mal fertig.","아주 좋군, 그럼 마저 준비해 볼까.","","False","DIA_Addon_Snaf_Booze_01_01","",""
"Scripts/Content/Story/Dialoge/DIA_Addon_BDT_1098_Snaf.d:185","Hier, du kannst direkt eine Portion probieren. Das macht 'nen starken Arm.","자, 한 그릇 맛보라고. 팔뚝에 힘이 불끈 솟아날 테니까.","","False","DIA_Addon_Snaf_Booze_01_02","",""
"Scripts/Content/Story/Dialoge/DIA_Addon_BDT_1098_Snaf.d:186","Ach, und wenn ich dir nochmal helfen kann ... Alle Informationen sind ab jetzt für dich umsonst.","아, 그리고 또 도와줄 일이 있다면... 이제부터 모든 정보는 공짜로 주겠네.","","False","DIA_Addon_Snaf_Booze_01_03","",""
"Scripts/Content/Story/Dialoge/DIA_Addon_BDT_1098_Snaf.d:202","Was weißt du über dieses Attentat?","이 습격에 대해 뭘 알고 있지?","","False","DIA_Addon_Snaf_Attentat.description","",""
"Scripts/Content/Story/Dialoge/DIA_Addon_BDT_1098_Snaf.d:215","Was weißt du über dieses Attentat?","이 습격에 대해 뭘 알고 있지?","","False","DIA_Addon_Snaf_Attentat_15_00","",""
"Scripts/Content/Story/Dialoge/DIA_Addon_BDT_1098_Snaf.d:216","Die Sache mit Esteban?","에스테반 말인가?","","False","DIA_Addon_Snaf_Attentat_01_01","",""
"Scripts/Content/Story/Dialoge/DIA_Addon_BDT_1098_Snaf.d:217","Du weißt doch, wie das läuft. Der Wirt kriegt alles mit, aber ergreift nie Partei für eine Seite ...","알다시피 여관 주인은 세상 돌아가는 걸 다 알면서도 누구 편도 들지 않는 법이지...","","False","DIA_Addon_Snaf_Attentat_01_02","",""
"Scripts/Content/Story/Dialoge/DIA_Addon_BDT_1098_Snaf.d:220","Sag mir wenigstens zu wem ich gehen kann.","적어도 누구를 찾아가야 할지는 알려줘.","","False","DIA_Addon_Snaf_Attentat_Info.DIA_Addon_Snaf_Attentat.DIA_Addon_Snaf_Attentat_GoWhere","Info_AddChoice",""
"Scripts/Content/Story/Dialoge/DIA_Addon_BDT_1098_Snaf.d:221","Wenn du an meiner Stelle wärst, was würdest du tun?","네가 나였다면 어떻게 하겠나?","","False","DIA_Addon_Snaf_Attentat_Info.DIA_Addon_Snaf_Attentat.DIA_Addon_Snaf_Attentat_YouBeingMe","Info_AddChoice",""
"Scripts/Content/Story/Dialoge/DIA_Addon_BDT_1098_Snaf.d:222","Also weißt du etwas?","그럼 아는 게 있다는 거야?","","False","DIA_Addon_Snaf_Attentat_Info.DIA_Addon_Snaf_Attentat.DIA_Addon_Snaf_Attentat_Something","Info_AddChoice",""
"Scripts/Content/Story/Dialoge/DIA_Addon_BDT_1098_Snaf.d:227","Also weißt du etwas?","그럼 아는 게 있다는 거야?","","False","DIA_Addon_Snaf_Attentat_Something_15_00","",""
"Scripts/Content/Story/Dialoge/DIA_Addon_BDT_1098_Snaf.d:228","DAS hab ich nicht gesagt.","그런 말 한 적 없어.","","False","DIA_Addon_Snaf_Attentat_Something_01_01","",""
"Scripts/Content/Story/Dialoge/DIA_Addon_BDT_1098_Snaf.d:233","Sag mir wenigstens, zu wem ich gehen kann.","차라리 내가 누구한테 가야 하는지라도 알려 줘.","","False","DIA_Addon_Snaf_Attentat_GoWhere_15_00","",""
"Scripts/Content/Story/Dialoge/DIA_Addon_BDT_1098_Snaf.d:234","Oh Mann! Das kommt doch auf's selbe raus! Vergiss das!","아이참! 결국 똑같잖아! 됐어, 잊어버려!","","False","DIA_Addon_Snaf_Attentat_GoWhere_01_01","",""
"Scripts/Content/Story/Dialoge/DIA_Addon_BDT_1098_Snaf.d:239","Wenn du an meiner Stelle wärst, was würdest du tun?","네가 내 입장이라면 어떻게 하겠어?","","False","DIA_Addon_Snaf_Attentat_YouBeingMe_15_00","",""
"Scripts/Content/Story/Dialoge/DIA_Addon_BDT_1098_Snaf.d:240","Ich würde mir überlegen, was ich über den Auftraggeber weiß.","내가 그 배후에 대해 뭘 알고 있는지부터 생각해 보겠지.","","False","DIA_Addon_Snaf_Attentat_YouBeingMe_01_01","",""
"Scripts/Content/Story/Dialoge/DIA_Addon_BDT_1098_Snaf.d:241","Erstens: Es war wahrscheinlich einer der Banditen, das heißt er ist hier im Lager.","첫째, 그 녀석은 아마도 이 영지의 죄수들 중 하나일 거야. 즉, 이 야영지에 있다는 뜻이지.","","False","DIA_Addon_Snaf_Attentat_YouBeingMe_01_02","",""
"Scripts/Content/Story/Dialoge/DIA_Addon_BDT_1098_Snaf.d:242","Zweitens: Dass er hier im Lager ist, heißt, er beobachtet dich.","둘째, 그 녀석이 이 야영지에 있다는 건 너를 지켜보고 있다는 뜻이야.","","False","DIA_Addon_Snaf_Attentat_YouBeingMe_01_03","",""
"Scripts/Content/Story/Dialoge/DIA_Addon_BDT_1098_Snaf.d:243","Drittens: Wenn er der Meinung ist, dass du auf Estebans Seite stehst, wird er sich dir nie zu erkennen geben.","셋째, 네가 에스테반의 편이라고 생각하는 한, 그 녀석은 절대 정체를 드러내지 않을 거야.","","False","DIA_Addon_Snaf_Attentat_YouBeingMe_01_04","",""
"Scripts/Content/Story/Dialoge/DIA_Addon_BDT_1098_Snaf.d:244","Die INTERESSANTE Frage ist also: Wie stehen deine Chancen, den Auftraggeber zu finden.","그러니 진짜 중요한 질문은 이거지. 과연 네가 그 배후를 찾아낼 가능성이 얼마나 되느냐 하는 거야.","","False","DIA_Addon_Snaf_Attentat_YouBeingMe_01_05","",""
"Scripts/Content/Story/Dialoge/DIA_Addon_BDT_1098_Snaf.d:259","Wie stehen meine Chancen, den Auftraggeber zu finden?","배후를 찾아낼 가능성이 얼마나 되지?","","False","DIA_Addon_Snaf_Abrechnung.description","",""
"Scripts/Content/Story/Dialoge/DIA_Addon_BDT_1098_Snaf.d:274","Wie stehen meine Chancen, den Auftraggeber zu finden?","내가 그 배후를 찾아낼 가능성이 얼마나 되지?","","False","DIA_Addon_Snaf_Abrechnung_15_00","",""
"Scripts/Content/Story/Dialoge/DIA_Addon_BDT_1098_Snaf.d:275","Hmmm ...","글쎄...","","False","DIA_Addon_Snaf_Abrechnung_01_01","",""
"Scripts/Content/Story/Dialoge/DIA_Addon_BDT_1098_Snaf.d:280","Ziemlich mies. Einige Leute haben mitbekommen, dass du dich mit Senyan eingelassen hast.","끔찍하게 낮지. 네가 센얀과 어울린다는 걸 눈치챈 사람들이 꽤 있거든.","","False","DIA_Addon_Snaf_Abrechnung_01_02","",""
"Scripts/Content/Story/Dialoge/DIA_Addon_BDT_1098_Snaf.d:281","Du wirst deine Beziehung zu ihm abbrechen müssen, sonst hast du keine Chance, den Auftraggeber des Attentats zu finden.","그와의 관계를 끊어야 할 거야. 그렇지 않으면 암살 배후를 찾을 가능성은 전혀 없어.","","False","DIA_Addon_Snaf_Abrechnung_01_03","",""
"Scripts/Content/Story/Dialoge/DIA_Addon_BDT_1098_Snaf.d:291","Du hast einen von Estebans Leuten abserviert. Der Mann, den du suchst, wird glauben, du stehst auf seiner Seite.","너는 에스테반의 부하 중 한 명을 해치웠어. 네가 찾고 있는 자는 네가 자기 편이라고 믿을 거다.","","False","DIA_Addon_Snaf_Abrechnung_01_04","",""
"Scripts/Content/Story/Dialoge/DIA_Addon_BDT_1098_Snaf.d:292","Aber er wird sich dir nicht einfach so zu erkennen geben. Du musst schon noch mehr rausfinden.","하지만 그 녀석이 쉽게 정체를 드러내진 않을 거야. 좀 더 알아내야만 해.","","False","DIA_Addon_Snaf_Abrechnung_01_05","",""
"Scripts/Content/Story/Dialoge/DIA_Addon_BDT_1098_Snaf.d:296","Finn scheint ziemlich aufgeregt zu sein, seit du mit ihm geredet hast.","핀은 네가 말을 건 이후로 꽤 불안해하는 것 같더군.","","False","DIA_Addon_Snaf_Abrechnung_01_06","",""
"Scripts/Content/Story/Dialoge/DIA_Addon_BDT_1098_Snaf.d:297","Und jeder hier weiß, dass er gut mit Esteban steht.","그리고 그가 에스테반과 사이가 좋다는 건 여기 있는 누구나 다 알지.","","False","DIA_Addon_Snaf_Abrechnung_01_07","",""
"Scripts/Content/Story/Dialoge/DIA_Addon_BDT_1098_Snaf.d:298","Das heißt, du hast ihm wahrscheinlich was erzählt, was er nicht hören wollte.","즉, 너는 그가 듣고 싶어 하지 않는 말을 했을 가능성이 크다는 거야.","","False","DIA_Addon_Snaf_Abrechnung_01_08","",""
"Scripts/Content/Story/Dialoge/DIA_Addon_BDT_1098_Snaf.d:299","Dem Mann, den du suchst, wird das gefallen ...","네가 찾고 있는 그 녀석은 그 소릴 아주 좋아하겠지...","","False","DIA_Addon_Snaf_Abrechnung_01_09","",""
"Scripts/Content/Story/Dialoge/DIA_Addon_BDT_1098_Snaf.d:300","Allerdings besteht die Gefahr, dass er damit zu Esteban rennt - (ironisch) aber das weißt du ja selbst ...","하지만 그 녀석이 그걸 가지고 에스테반에게 달려갈 위험도 있어. (비꼬며) 뭐, 이건 너도 잘 알겠지만 말이야...","","False","DIA_Addon_Snaf_Abrechnung_01_10","",""
"Scripts/Content/Story/Dialoge/DIA_Addon_BDT_1098_Snaf.d:305","Es heißt, du hättest Finn gesagt, du würdest für Esteban arbeiten.","네가 핀에게 에스테반을 위해 일하고 있다고 말했다는 소문이 돌더군.","","False","DIA_Addon_Snaf_Abrechnung_01_11","",""
"Scripts/Content/Story/Dialoge/DIA_Addon_BDT_1098_Snaf.d:306","Ich weiß ja nicht, was du wirklich vorhast, aber der Mann, den du suchst, wird von jetzt an mit Sicherheit vorsichtiger sein.","네가 정말 무슨 속셈인지는 모르겠지만, 네가 찾는 그 녀석은 지금부터 훨씬 더 조심할 거다.","","False","DIA_Addon_Snaf_Abrechnung_01_12","",""
"Scripts/Content/Story/Dialoge/DIA_Addon_BDT_1098_Snaf.d:310","Bis jetzt ist noch alles offen.","아직까진 모든 게 미궁 속이야.","","False","DIA_Addon_Snaf_Abrechnung_01_13","",""
"Scripts/Content/Story/Dialoge/DIA_Addon_BDT_1098_Snaf.d:318","Danke.","고마워.","","False","DIA_Addon_Snaf_Abschied_15_14","",""
"Scripts/Content/Story/Dialoge/DIA_Addon_BDT_1098_Snaf.d:319","(schroff) Hey! Ich hab dir nichts erzählt, was du nicht schon längst wusstest, klar?!","(퉁명스럽게) 이봐! 난 네가 이미 다 알고 있던 것 외에는 아무것도 말해준 게 없어, 알겠어?!","","False","DIA_Addon_Snaf_Abschied_01_15","",""
"Scripts/Content/Story/Dialoge/DIA_Addon_BDT_1098_Snaf.d:325","Wußte ich's doch ...","그럴 줄 알았지...","","False","DIA_Addon_Snaf_Abschied_15_16","",""
"Scripts/Content/Story/Dialoge/DIA_Addon_BDT_1098_Snaf.d:326","Eben.","그렇지.","","False","DIA_Addon_Snaf_Abschied_01_17","",""
"Scripts/Content/Story/Dialoge/DIA_Addon_BDT_1098_Snaf.d:340","Huno sagt, ich soll hier jemanden treffen...","후노가 여기서 누굴 만나라고 하던데...","","False","DIA_Addon_Snaf_HOCH.description","",""
"Scripts/Content/Story/Dialoge/DIA_Addon_BDT_1098_Snaf.d:353","Huno schickt mich","후노의 소개로 왔어.","","False","DIA_Addon_Snaf_HOCH_15_00","",""
"Scripts/Content/Story/Dialoge/DIA_Addon_BDT_1098_Snaf.d:354","Sieht aus, als hättest du deinen Mann gefunden.","네가 찾던 사람을 찾은 것 같군.","","False","DIA_Addon_Snaf_HOCH_01_01","",""
"Scripts/Content/Story/Dialoge/DIA_Addon_BDT_1098_Snaf.d:355","Geh doch mal eine Etage höher, dort wartet jemand auf dich.","한 층 위로 올라가 봐. 누군가 기다리고 있을 거야.","","False","DIA_Addon_Snaf_HOCH_01_02","",""
"Scripts/Content/Story/Dialoge/DIA_Addon_BDT_1098_Snaf.d:376","Was halten die Leute hier von Esteban?","사람들은 에스테반을 어떻게 생각하지?","","False","DIA_Addon_Snaf_People.description","",""
"Scripts/Content/Story/Dialoge/DIA_Addon_BDT_1098_Snaf.d:390","Was halten die Leute hier von Esteban?","사람들은 에스테반을 어떻게 생각하지?","","False","DIA_Addon_Snaf_People_15_00","",""
"Scripts/Content/Story/Dialoge/DIA_Addon_BDT_1098_Snaf.d:391","Da musst du schon etwas genauer werden ...","좀 더 구체적으로 말해 줘야겠는데...","","False","DIA_Addon_Snaf_People_01_01","",""
"Scripts/Content/Story/Dialoge/DIA_Addon_BDT_1098_Snaf.d:395","Jede Information kostet dich 'ne Kleinigkeit.","정보를 얻으려면 약간의 대가가 필요해.","","False","DIA_Addon_Snaf_People_01_02","",""
"Scripts/Content/Story/Dialoge/DIA_Addon_BDT_1098_Snaf.d:396","Wie viel?","얼마지?","","False","DIA_Addon_Snaf_People_15_03","",""
"Scripts/Content/Story/Dialoge/DIA_Addon_BDT_1098_Snaf.d:397","10 Goldstücke!","10 금화!","","False","DIA_Addon_Snaf_People_01_04","",""
"Scripts/Content/Story/Dialoge/DIA_Addon_BDT_1098_Snaf.d:405","Paul.","폴.","","False","DIA_Addon_Snaf_People_Info.DIA_Addon_Snaf_People.DIA_Addon_Snaf_People_Paul","Info_AddChoice",""
"Scripts/Content/Story/Dialoge/DIA_Addon_BDT_1098_Snaf.d:406","Huno.","후노.","","False","DIA_Addon_Snaf_People_Info.DIA_Addon_Snaf_People.DIA_Addon_Snaf_People_Huno","Info_AddChoice",""
"Scripts/Content/Story/Dialoge/DIA_Addon_BDT_1098_Snaf.d:407","Fisk.","피스크.","","False","DIA_Addon_Snaf_People_Info.DIA_Addon_Snaf_People.DIA_Addon_Snaf_People_Fisk","Info_AddChoice",""
"Scripts/Content/Story/Dialoge/DIA_Addon_BDT_1098_Snaf.d:408","Emilio.","에밀리오.","","False","DIA_Addon_Snaf_People_Info.DIA_Addon_Snaf_People.DIA_Addon_Snaf_People_Emilio","Info_AddChoice",""
"Scripts/Content/Story/Dialoge/DIA_Addon_BDT_1098_Snaf.d:411","Senyan.","센얀.","","False","DIA_Addon_Snaf_People_Info.DIA_Addon_Snaf_People.DIA_Addon_Snaf_People_Senyan","Info_AddChoice",""
"Scripts/Content/Story/Dialoge/DIA_Addon_BDT_1098_Snaf.d:414","Lennar.","레나르.","","False","DIA_Addon_Snaf_People_Info.DIA_Addon_Snaf_People.DIA_Addon_Snaf_People_Lennar","Info_AddChoice",""
"Scripts/Content/Story/Dialoge/DIA_Addon_BDT_1098_Snaf.d:415","Finn.","핀.","","False","DIA_Addon_Snaf_People_Info.DIA_Addon_Snaf_People.DIA_Addon_Snaf_People_Finn","Info_AddChoice",""
"Scripts/Content/Story/Dialoge/DIA_Addon_BDT_1098_Snaf.d:421","Du hast nicht genug Gold, Junge!","금화가 부족하잖아, 이 친구야!","","False","DIA_Addon_Snaf_NotEnough_01_00","",""
"Scripts/Content/Story/Dialoge/DIA_Addon_BDT_1098_Snaf.d:431","Was ist mit Paul?","폴은 어때?","","False","DIA_Addon_Snaf_People_Paul_15_00","",""
"Scripts/Content/Story/Dialoge/DIA_Addon_BDT_1098_Snaf.d:434","Ich glaube, er mag Esteban nicht besonders. Seit er für Huno arbeitet, kommt er nicht mehr in die Mine.","내 생각엔 그도 에스테반을 별로 좋아하지 않는 것 같아. 후노 밑에서 일한 뒤로는 광산에도 안 가니까.","","False","DIA_Addon_Snaf_People_Paul_01_01","",""
"Scripts/Content/Story/Dialoge/DIA_Addon_BDT_1098_Snaf.d:444","Was denkt Huno über Esteban?","후노는 에스테반에 대해 어떻게 생각하지?","","False","DIA_Addon_Snaf_People_Huno_15_00","",""
"Scripts/Content/Story/Dialoge/DIA_Addon_BDT_1098_Snaf.d:445","Ah! Huno. Über den weiß ich so gut wie nichts.","아! 후노 말인가. 그 자에 대해서는 아는 게 거의 없지.","","False","DIA_Addon_Snaf_People_Huno_01_01","",""
"Scripts/Content/Story/Dialoge/DIA_Addon_BDT_1098_Snaf.d:446","(grinst) Diese Information ist natürlich gratis.","(씩 웃으며) 물론 이 정보는 공짜야.","","False","DIA_Addon_Snaf_People_Huno_01_02","",""
"Scripts/Content/Story/Dialoge/DIA_Addon_BDT_1098_Snaf.d:451","Was ist mit Fisk?","피스크는 어때?","","False","DIA_Addon_Snaf_People_Fisk_15_00","",""
"Scripts/Content/Story/Dialoge/DIA_Addon_BDT_1098_Snaf.d:454","Fisk ist Fisk. Er bezahlt seinen Teil an Esteban und verteilt die Waren, die er größtenteils von den Piraten bekommt.","피스크는 그냥 피스크야. 에스테반에게 낼 몫을 내고, 주로 해적들에게서 얻은 물건들을 유통하지.","","False","DIA_Addon_Snaf_People_Fisk_01_01","",""
"Scripts/Content/Story/Dialoge/DIA_Addon_BDT_1098_Snaf.d:455","Ich denke, Esteban ist ihm ziemlich egal.","내 생각엔 그도 에스테반에겐 별 관심이 없어.","","False","DIA_Addon_Snaf_People_Fisk_01_02","",""
"Scripts/Content/Story/Dialoge/DIA_Addon_BDT_1098_Snaf.d:465","Emilio. Was denkt er über Esteban?","에밀리오. 그는 에스테반에 대해 어떻게 생각하지?","","False","DIA_Addon_Snaf_People_Emilio_15_00","",""
"Scripts/Content/Story/Dialoge/DIA_Addon_BDT_1098_Snaf.d:468","Ich denke, er würde nicht gerade Blumen an Estebans Grab bringen, wenn du verstehst, was ich meine.","내 생각에 그는 에스테반의 무덤에 꽃을 바치러 갈 놈은 아니야. 내 말 뜻 알겠지?","","False","DIA_Addon_Snaf_People_Emilio_01_01","",""
"Scripts/Content/Story/Dialoge/DIA_Addon_BDT_1098_Snaf.d:478","Was ist mit Senyan?","센얀은 어때?","","False","DIA_Addon_Snaf_People_Senyan_15_00","",""
"Scripts/Content/Story/Dialoge/DIA_Addon_BDT_1098_Snaf.d:481","Senyan ist einer von Estebans Jungs. Er arbeitet schon 'ne ganze Weile für ihn.","센얀은 에스테반의 부하 중 하나야. 꽤 오래전부터 그를 위해 일해 왔지.","","False","DIA_Addon_Snaf_People_Senyan_01_01","",""
"Scripts/Content/Story/Dialoge/DIA_Addon_BDT_1098_Snaf.d:491","Was denkt Lennar über Esteban?","레나르는 에스테반에 대해 어떻게 생각하지?","","False","DIA_Addon_Snaf_People_Lennar_15_00","",""
"Scripts/Content/Story/Dialoge/DIA_Addon_BDT_1098_Snaf.d:492","So wie ich das beurteilen kann, denkt Lennar GAR nicht.","내가 보기엔 레나르는 생각을 전혀 안 하고 살아.","","False","DIA_Addon_Snaf_People_Lennar_01_01","",""
"Scripts/Content/Story/Dialoge/DIA_Addon_BDT_1098_Snaf.d:497","Was ist mit Finn?","핀은 어때?","","False","DIA_Addon_Snaf_People_Finn_15_00","",""
"Scripts/Content/Story/Dialoge/DIA_Addon_BDT_1098_Snaf.d:500","Ein guter Buddler. Er hat 'ne Nase für's Gold.","훌륭한 광부지. 금을 찾아내는 데는 타고난 감이 있어.","","False","DIA_Addon_Snaf_People_Finn_01_01","",""
"Scripts/Content/Story/Dialoge/DIA_Addon_BDT_1098_Snaf.d:501","Esteban bevorzugt ihn deswegen. Ich denke, er steht ganz gut mit ihm.","그래서 에스테반도 그를 아끼지. 내 생각엔 사이도 꽤 좋은 것 같아.","","False","DIA_Addon_Snaf_People_Finn_01_02","",""
"Scripts/Content/Story/Dialoge/DIA_Addon_BDT_1098_Snaf.d:518","Was hältst DU von Esteban?","너는 에스테반을 어떻게 생각하지?","","False","DIA_Addon_Snaf_Himself.description","",""
"Scripts/Content/Story/Dialoge/DIA_Addon_BDT_1098_Snaf.d:532","Was hältst DU von Esteban?","너는 에스테반을 어떻게 생각하지?","","False","DIA_Addon_Snaf_Himself_15_00","",""
"Scripts/Content/Story/Dialoge/DIA_Addon_BDT_1098_Snaf.d:533","Wer über ihn redet, ist schnell tot ...","그에 대해 입에 올리는 자는 금방 죽게 되지...","","False","DIA_Addon_Snaf_Himself_01_01","",""
"Scripts/Content/Story/Dialoge/DIA_Addon_BDT_1098_Snaf.d:548","Wie läuft der Laden?","요즘 장사 어때?","","False","DIA_Addon_Snaf_PERM.description","",""
"Scripts/Content/Story/Dialoge/DIA_Addon_BDT_1098_Snaf.d:561","Wie läuft der Laden?","요즘 장사 어때?","","False","DIA_Addon_Snaf_PERM_15_00","",""
"Scripts/Content/Story/Dialoge/DIA_Addon_BDT_1098_Snaf.d:562","Gut! Estebans Ableben dürfte wohl für einige hier ein Grund zum Feiern sein ...","좋아! 에스테반이 죽은 건 여기 몇몇 사람들에게는 축하할 일일 테니까...","","False","DIA_Addon_Snaf_PERM_01_01","",""
"Scripts/Content/Story/Dialoge/DIA_Addon_BDT_1099_Huno.d:92","Was willst du noch? Verpiss dich!","더 할 말 있어? 꺼져!","","False","DIA_Addon_Huno_Abwimmeln_06_00","",""
"Scripts/Content/Story/Dialoge/DIA_Addon_BDT_1099_Huno.d:96","Worauf wartest du? Geh in die Kneipe!","뭘 망설이고 있어? 술집으로 가라니까!","","False","DIA_Addon_Huno_Abwimmeln_06_01","",""
"Scripts/Content/Story/Dialoge/DIA_Addon_BDT_1099_Huno.d:114","Wie's aussieht, beherrschst du dein Handwerk.","제법 솜씨가 대단한 것 같군.","","False","DIA_Addon_Huno_Hi.description","",""
"Scripts/Content/Story/Dialoge/DIA_Addon_BDT_1099_Huno.d:124","Wie's aussieht, beherrschst du dein Handwerk.","제법 솜씨가 대단한 것 같군.","","False","DIA_Addon_Huno_Hi_15_00","",""
"Scripts/Content/Story/Dialoge/DIA_Addon_BDT_1099_Huno.d:125","Das habe ich doch schon mal gehört ... bringst du den Stahl?","전에도 이런 소리 들은 적이 있는데... 강철은 가져왔나?","","False","DIA_Addon_Huno_Hi_06_01","",""
"Scripts/Content/Story/Dialoge/DIA_Addon_BDT_1099_Huno.d:126","Stahl? Nein, ich denke, du verwechselst mich ...","강철? 아니, 사람이 사람을 잘못 본 것 같은데...","","False","DIA_Addon_Huno_Hi_15_02","",""
"Scripts/Content/Story/Dialoge/DIA_Addon_BDT_1099_Huno.d:127","Hm ... irgendwie kommst du mir bekannt vor. Kennen wir uns irgendwo her?","흠... 왠지 낯이 익은 얼굴인데. 어디서 본 적 있던가?","","False","DIA_Addon_Huno_Hi_06_03","",""
"Scripts/Content/Story/Dialoge/DIA_Addon_BDT_1099_Huno.d:130","Klar, aus dem alten Lager.","그럼, 구영지에서 봤지.","","False","DIA_Addon_Huno_Hi_Info.DIA_Addon_Huno_Hi.DIA_Addon_Huno_Hi_JA","Info_AddChoice",""
"Scripts/Content/Story/Dialoge/DIA_Addon_BDT_1099_Huno.d:131","Ich wüßte nicht woher.","기억에 없는데.","","False","DIA_Addon_Huno_Hi_Info.DIA_Addon_Huno_Hi.DIA_Addon_Huno_Hi_NO","Info_AddChoice",""
"Scripts/Content/Story/Dialoge/DIA_Addon_BDT_1099_Huno.d:139","Klar, aus dem alten Lager.","그럼, 구영지에서 봤지.","","False","DIA_Addon_Huno_Hi_JA_15_00","",""
"Scripts/Content/Story/Dialoge/DIA_Addon_BDT_1099_Huno.d:140","Das alte Lager ... richtig ... du bist dieser neugierige Typ ... ich dachte, du wärst tot.","구영지라... 맞다... 그 호기심 많던 녀석이군... 난 네가 죽은 줄 알았어.","","False","DIA_Addon_Huno_Hi_JA_06_01","",""
"Scripts/Content/Story/Dialoge/DIA_Addon_BDT_1099_Huno.d:141","Ja, das denken alle. Wer hat sonst noch überlebt?","그래, 다들 그렇게 생각하지. 또 살아남은 사람이 누가 있나?","","False","DIA_Addon_Huno_Hi_JA_15_02","",""
"Scripts/Content/Story/Dialoge/DIA_Addon_BDT_1099_Huno.d:142","Wenige. Ein paar sind wie ich, mit Raven geflohen. Für viele andere wurde das alte Lager zum Grab.","몇 명 안 돼. 나처럼 레이븐을 따라 도망친 녀석들이 좀 있지. 하지만 대다수에게 구영지는 무덤이 되었어.","","False","DIA_Addon_Huno_Hi_JA_06_03","",""
"Scripts/Content/Story/Dialoge/DIA_Addon_BDT_1099_Huno.d:151","Ich wüsste nicht, woher.","기억에 없는데.","","False","DIA_Addon_Huno_Hi_NO_15_00","",""
"Scripts/Content/Story/Dialoge/DIA_Addon_BDT_1099_Huno.d:152","Hm ... mein Gedächtnis ist ein Sieb ... was soll's ...","흠... 내 기억력이 갈수록 형편없어져서 원... 됐어...","","False","DIA_Addon_Huno_Hi_NO_06_01","",""
"Scripts/Content/Story/Dialoge/DIA_Addon_BDT_1099_Huno.d:166","Erzähl mir von deiner Flucht.","탈출할 때 얘기를 들려줘.","","False","DIA_Addon_Huno_Blitz.description","",""
"Scripts/Content/Story/Dialoge/DIA_Addon_BDT_1099_Huno.d:180","Erzähl mir von deiner Flucht.","탈출할 때 얘기를 들려줘.","","False","DIA_Addon_Huno_Blitz_15_00","",""
"Scripts/Content/Story/Dialoge/DIA_Addon_BDT_1099_Huno.d:181","An dem Tag als die Barriere fiel, brach Chaos aus.","장벽이 무너진 날, 야영지는 아수라장이 되었지.","","False","DIA_Addon_Huno_Blitz_06_01","",""
"Scripts/Content/Story/Dialoge/DIA_Addon_BDT_1099_Huno.d:182","Einige versteckten sich - andere flohen und überall wurde geplündert.","숨는 자도 있었고, 도망치는 자도 있었어. 사방에서 약탈이 벌어졌지.","","False","DIA_Addon_Huno_Blitz_06_02","",""
"Scripts/Content/Story/Dialoge/DIA_Addon_BDT_1099_Huno.d:183","Was hast du gemacht?","넌 뭘 했지?","","False","DIA_Addon_Huno_Blitz_15_03","",""
"Scripts/Content/Story/Dialoge/DIA_Addon_BDT_1099_Huno.d:184","Ich wollte gerade das Lager verlassen, da wird es schlagartig hell und ein sengender Schmerz fraß sich durch meine Haut.","마침 야영지를 떠나려던 참이었는데, 갑자기 눈이 번쩍하더니 살을 에는 듯한 극심한 고통이 몰려왔어.","","False","DIA_Addon_Huno_Blitz_06_04","",""
"Scripts/Content/Story/Dialoge/DIA_Addon_BDT_1099_Huno.d:185","Ein verdammter Blitz hatte mich erwischt! Es ist mir so, als könnte ich ihn immer noch hören ...","빌어먹을 번개에 맞았던 거야! 아직도 그때 그 소리가 들리는 것 같아...","","False","DIA_Addon_Huno_Blitz_06_05","",""
"Scripts/Content/Story/Dialoge/DIA_Addon_BDT_1099_Huno.d:187","Später erzählte man mir, dass Thorus mich gefunden und mitgenommen hat.","나중에 들으니 토러스가 날 발견하고 데리고 탈출했다고 하더군.","","False","DIA_Addon_Huno_Blitz_06_06","",""
"Scripts/Content/Story/Dialoge/DIA_Addon_BDT_1099_Huno.d:202","Ich brauch 'ne bessere Rüstung.","더 나은 방어구가 필요해.","","False","DIA_Addon_Huno_Armor.description","",""
"Scripts/Content/Story/Dialoge/DIA_Addon_BDT_1099_Huno.d:219","Ich brauch 'ne bessere Rüstung.","더 나은 방어구가 필요해.","","False","DIA_Addon_Huno_Armor_15_00","",""
"Scripts/Content/Story/Dialoge/DIA_Addon_BDT_1099_Huno.d:222","So - die kannst du haben. Dass sie so teuer ist, liegt an Esteban.","좋아, 이걸 가져가도록 해. 이렇게 비싼 건 다 에스테반 그 녀석 때문이지만 말이야.","","False","DIA_Addon_Huno_Armor_06_01","",""
"Scripts/Content/Story/Dialoge/DIA_Addon_BDT_1099_Huno.d:223","Dieser verfluchte Hund kassiert nämlich von jeder Rüstung, die ich verkaufe, seinen Teil ab.","그 저주받을 작자는 내가 파는 방어구마다 꼬박꼬박 몫을 떼어 가거든.","","False","DIA_Addon_Huno_Armor_06_02","",""
"Scripts/Content/Story/Dialoge/DIA_Addon_BDT_1099_Huno.d:227","Schwere Banditenrüstung kaufen (Schutz vor Waffen: 45, Pfeilen: 45, Kosten: 2100","무거운 죄수 방어구 구매 (무기 방어: 45, 활 방어: 45, 비용: 2100금)","","False","DIA_Addon_Huno_Armor_Info.DIA_Addon_Huno_Armor_BUY_1","","format!<DIA_Addon_Huno_Armor_Info.DIA_Addon_Huno_Armor_BUY_1>()"
"Scripts/Content/Story/Dialoge/DIA_Addon_BDT_1099_Huno.d:231","Fisk hat gesagt, du würdest mir 'nen guten Preis machen?","피스크가 네가 좋은 값에 쳐줄 거라고 하던데?","","False","DIA_Addon_Huno_Armor_15_03","",""
"Scripts/Content/Story/Dialoge/DIA_Addon_BDT_1099_Huno.d:232","Fisk sagst du? Hm, gut, ich schulde ihm noch einen Gefallen.","피스크가 그랬어? 흠, 좋아. 마침 그 자에게 빚진 게 있으니.","","False","DIA_Addon_Huno_Armor_06_04","",""
"Scripts/Content/Story/Dialoge/DIA_Addon_BDT_1099_Huno.d:236","Schwere Banditenrüstung kaufen (Schutz vor Waffen: 45, Pfeilen: 45, Kosten: 1400","무거운 죄수 방어구 구매 (무기 방어: 45, 활 방어: 45, 비용: 1400금)","","False","DIA_Addon_Huno_Armor_Info.DIA_Addon_Huno_Armor_BUY_2","","format!<DIA_Addon_Huno_Armor_Info.DIA_Addon_Huno_Armor_BUY_2>()"
"Scripts/Content/Story/Dialoge/DIA_Addon_BDT_1099_Huno.d:247","Okay, ich nehme die Rüstung.","좋아, 그 방어구로 하겠어.","","False","DIA_Addon_Huno_Armor_Buy_15_00","",""
"Scripts/Content/Story/Dialoge/DIA_Addon_BDT_1099_Huno.d:251","Alles klar.","좋아.","","False","DIA_Addon_Huno_Armor_Buy_06_01","",""
"Scripts/Content/Story/Dialoge/DIA_Addon_BDT_1099_Huno.d:257","Kein Gold, keine Rüstung.","금이 없으면 방어구도 없어.","","False","DIA_Addon_Huno_Armor_Buy_06_02","",""
"Scripts/Content/Story/Dialoge/DIA_Addon_BDT_1099_Huno.d:277","Wegen des Attentats auf Esteban...","에스테반을 향한 암살 시도에 관해서 말인데...","","False","DIA_Addon_Huno_Attentat.description","",""
"Scripts/Content/Story/Dialoge/DIA_Addon_BDT_1099_Huno.d:291","(gefährlich) Was willst du von mir?","(살벌하게) 내게 볼일이라도 있나?","","False","DIA_Addon_Huno_Attentat_06_00","",""
"Scripts/Content/Story/Dialoge/DIA_Addon_BDT_1099_Huno.d:292","Ich suche den Auftraggeber ...","그 배후를 찾고 있거든...","","False","DIA_Addon_Huno_Attentat_15_01","",""
"Scripts/Content/Story/Dialoge/DIA_Addon_BDT_1099_Huno.d:293","Und warum kommst du damit zu mir?","그런데 왜 그걸 나한테 와서 묻는 거지?","","False","DIA_Addon_Huno_Attentat_06_02","",""
"Scripts/Content/Story/Dialoge/DIA_Addon_BDT_1099_Huno.d:294","Ich hab gedacht, du weißt vielleicht was über die Sache.","네가 그 일에 대해 뭔가 알고 있을지 몰라서.","","False","DIA_Addon_Huno_Attentat_15_03","",""
"Scripts/Content/Story/Dialoge/DIA_Addon_BDT_1099_Huno.d:295","Weiß ich NICHT!","아무것도 몰라!","","False","DIA_Addon_Huno_Attentat_06_04","",""
"Scripts/Content/Story/Dialoge/DIA_Addon_BDT_1099_Huno.d:308","(seufzt) Jetzt hör mal zu! Du bewegst jetzt deinen Arsch hier weg, bevor ich mich vergesse!","(한숨을 쉬며) 이제 그만 듣지! 이성 잃기 전에 당장 이 눈앞에서 꺼져버려!","","False","DIA_Addon_Huno_Stress_06_00","",""
"Scripts/Content/Story/Dialoge/DIA_Addon_BDT_1099_Huno.d:318","Ich habe da ein paar Dinge über dich gehört...","너에 대한 소문을 몇 가지 들었는데...","","False","DIA_Addon_Huno_SomeThings.description","",""
"Scripts/Content/Story/Dialoge/DIA_Addon_BDT_1099_Huno.d:333","Ich habe da ein paar Dinge über dich gehört ...","너에 대한 소문을 몇 가지 들었는데...","","False","DIA_Addon_Huno_SomeThings_15_00","",""
"Scripts/Content/Story/Dialoge/DIA_Addon_BDT_1099_Huno.d:337","So?","그래?","","False","DIA_Addon_Huno_SomeThings_06_01","",""
"Scripts/Content/Story/Dialoge/DIA_Addon_BDT_1099_Huno.d:342","Schon wieder? (droht) Hoffentlich ist diesmal was wichtiges dabei ...","또 시작인가? (위협하며)이번에는 들을 만한 중요한 얘기겠지...","","False","DIA_Addon_Huno_SomeThings_06_02","",""
"Scripts/Content/Story/Dialoge/DIA_Addon_BDT_1099_Huno.d:349","Ich hab gehört, du warst nicht an deinem Platz, als das Attentat passiert ist!","암살 사건이 일어났을 때 네가 네 자리에 없었다고 하더군!","","False","DIA_Addon_Huno_SomeThings_15_03","",""
"Scripts/Content/Story/Dialoge/DIA_Addon_BDT_1099_Huno.d:350","(gefährlich) Und weiter?","(험악하게) 그래서 그 다음은?","","False","DIA_Addon_Huno_SomeThings_06_04","",""
"Scripts/Content/Story/Dialoge/DIA_Addon_BDT_1099_Huno.d:356","Paul hat gesagt, du würdest Esteban hassen.","폴이 네가 에스테반을 몹시 미워한다고 하던데.","","False","DIA_Addon_Huno_SomeThings_15_05","",""
"Scripts/Content/Story/Dialoge/DIA_Addon_BDT_1099_Huno.d:357","(gefährlich) So? Hat er das? Und weiter?","(험악하게) 그래? 그 자가 그런 소릴 하던가? 그래서?","","False","DIA_Addon_Huno_SomeThings_06_06","",""
"Scripts/Content/Story/Dialoge/DIA_Addon_BDT_1099_Huno.d:363","Emilio hat deinen Namen ausgespuckt! Du weißt auf jeden Fall was über's Attentat!","에밀리오가 네 이름을 불렀어! 너 분명히 이번 암살에 대해 뭔가 알고 있잖아!","","False","DIA_Addon_Huno_SomeThings_15_07","",""
"Scripts/Content/Story/Dialoge/DIA_Addon_BDT_1099_Huno.d:364","(ruhig) Du hast dich ein bisschen mit dem alten Emilio unterhalten, was?","(차분하게) 늙은 에밀리오와 꽤 노닥거렸나 보지?","","False","DIA_Addon_Huno_SomeThings_06_08","",""
"Scripts/Content/Story/Dialoge/DIA_Addon_BDT_1099_Huno.d:368","Und er ist nicht er Einzige, der dich verdächtigt!","너를 의심하는 사람은 그뿐만이 아니야!","","False","DIA_Addon_Huno_SomeThings_15_09","",""
"Scripts/Content/Story/Dialoge/DIA_Addon_BDT_1099_Huno.d:370","Was soll das werden, hm?","이게 무슨 소리야, 응?","","False","DIA_Addon_Huno_SomeThings_06_10","",""
"Scripts/Content/Story/Dialoge/DIA_Addon_BDT_1099_Huno.d:374","Ich will mit dem Attentäter gemeinsame Sache machen!","암살자와 한 편이 되겠어!","","False","DIA_Addon_Huno_SomeThings_Info.DIA_Addon_Huno_SomeThings.DIA_Addon_Huno_SomeThings_Contra","Info_AddChoice",""
"Scripts/Content/Story/Dialoge/DIA_Addon_BDT_1099_Huno.d:375","Wenn du hinter dem Attentat steckst, wirst du dafür bezahlen!","네가 그 암살 배후에 있다면, 그 대가를 치르게 될 거다!","","False","DIA_Addon_Huno_SomeThings_Info.DIA_Addon_Huno_SomeThings.DIA_Addon_Huno_SomeThings_Pro","Info_AddChoice",""
"Scripts/Content/Story/Dialoge/DIA_Addon_BDT_1099_Huno.d:381","(droht) Vielleicht sollte ich mich auch mal mit ihm unterhalten. Ich bin mir sicher, DANACH behauptet er genau das Gegenteil!","(위협적으로) 나도 그놈과 이야기를 좀 나눠봐야겠군. 끝난 다음에는 그놈이 딴소릴 못 하게 만들어 줄 테니까!","","False","DIA_Addon_Huno_SomeThings_06_11","",""
"Scripts/Content/Story/Dialoge/DIA_Addon_BDT_1099_Huno.d:388","Weiter nichts ...","그게 다야...","","False","DIA_Addon_Huno_SomeThings_15_12","",""
"Scripts/Content/Story/Dialoge/DIA_Addon_BDT_1099_Huno.d:396","Wenn du hinter dem Attentat steckst, wirst du dafür bezahlen!","네가 그 암살 배후에 있다면, 그 대가를 치르게 될 거다!","","False","DIA_Addon_Huno_SomeThings_Pro_15_00","",""
"Scripts/Content/Story/Dialoge/DIA_Addon_BDT_1099_Huno.d:397","(genervt) Du bist ja so ein Idiot! Glaubst du wirklich, du kannst dich bei Esteban einschleimen?","(짜증 내며) 너 정말 구제 불능이구나! 에스테반한테 빌붙으면 뭔가 될 줄 알았냐?","","False","DIA_Addon_Huno_SomeThings_Pro_06_01","",""
"Scripts/Content/Story/Dialoge/DIA_Addon_BDT_1099_Huno.d:398","Mach, dass du wegkommst!","당장 꺼져!","","False","DIA_Addon_Huno_SomeThings_Pro_06_02","",""
"Scripts/Content/Story/Dialoge/DIA_Addon_BDT_1099_Huno.d:406","Ich will mit dem Attentäter gemeinsame Sache machen!","암살자와 한 편이 되겠어!","","False","DIA_Addon_Huno_SomeThings_Contra_15_00","",""
"Scripts/Content/Story/Dialoge/DIA_Addon_BDT_1099_Huno.d:407","Gegen Esteban? Wirklich? Dann beweise es!","에스테반을 상대로? 정말로? 그럼 증명해 봐!","","False","DIA_Addon_Huno_SomeThings_Contra_06_01","",""
"Scripts/Content/Story/Dialoge/DIA_Addon_BDT_1099_Huno.d:408","Ich warte schon zu lange auf eine Lieferung Stahl von den Piraten.","나는 해적들로부터 철 배송품이 오기를 너무 오래 기다렸어.","","False","DIA_Addon_Huno_SomeThings_Contra_06_02","",""
"Scripts/Content/Story/Dialoge/DIA_Addon_BDT_1099_Huno.d:409","Ich vermute, dass Esteban sie abgefangen hat, um sie mir später teuer zu verkaufen.","에스테반이 나중에 나한테 비싸게 팔려고 그걸 가로챘다고 의심하고 있지.","","False","DIA_Addon_Huno_SomeThings_Contra_06_03","",""
"Scripts/Content/Story/Dialoge/DIA_Addon_BDT_1099_Huno.d:410","Das macht er natürlich nicht selbst. Ein paar der Banditen im Sumpf stehen auf seiner Lohnliste.","물론 그가 직접 하진 않아. 늪지대에 있는 산적 몇 놈이 그의 급여 명단에 올라 있거든.","","False","DIA_Addon_Huno_SomeThings_Contra_06_04","",""
"Scripts/Content/Story/Dialoge/DIA_Addon_BDT_1099_Huno.d:411","Woher weißt du das?","그걸 어떻게 알지?","","False","DIA_Addon_Huno_SomeThings_Contra_15_05","",""
"Scripts/Content/Story/Dialoge/DIA_Addon_BDT_1099_Huno.d:412","Betrunkene Banditen quatschen zuviel ...","술 취한 산적들은 쓸데없는 소릴 너무 많이 하거든...","","False","DIA_Addon_Huno_SomeThings_Contra_06_06","",""
"Scripts/Content/Story/Dialoge/DIA_Addon_BDT_1099_Huno.d:413","Hat der gesprächige Bandit auch einen Namen?","그 수다쟁이 산적 이름이 뭔데?","","False","DIA_Addon_Huno_SomeThings_Contra_15_07","",""
"Scripts/Content/Story/Dialoge/DIA_Addon_BDT_1099_Huno.d:414","Sein Name geht dich nichts an. Aber der Kerl, den du SUCHST, heißt Juan. Allerdings habe ich ihn schon lange nicht mehr im Lager gesehen.","그 녀석 이름은 네가 알 바 아니야. 하지만 네가 찾는 녀석의 이름은 후안이야. 아무튼 난 그 녀석을 야영지에서 본 지 꽤 오래됐어.","","False","DIA_Addon_Huno_SomeThings_Contra_06_08","",""
"Scripts/Content/Story/Dialoge/DIA_Addon_BDT_1099_Huno.d:415","Du wirst im Sumpf nach ihm suchen müssen.","늪지대에서 그를 찾아봐야 할 거다.","","False","DIA_Addon_Huno_SomeThings_Contra_06_09","",""
"Scripts/Content/Story/Dialoge/DIA_Addon_BDT_1099_Huno.d:425","Du verrätst mir erst, wer der Auftraggeger ist!","배후가 누군지부터 말해!","","False","DIA_Addon_Huno_SomeThings_Contra.DIA_Addon_Huno_SomeThings.DIA_Addon_Huno_SomeThings_TellMeNow","Info_AddChoice",""
"Scripts/Content/Story/Dialoge/DIA_Addon_BDT_1099_Huno.d:426","Okay, ich mach die Sache für dich!","좋아, 네 일을 도와주지!","","False","DIA_Addon_Huno_SomeThings_Contra.DIA_Addon_Huno_SomeThings.DIA_Addon_Huno_SomeThings_Mission","Info_AddChoice",""
"Scripts/Content/Story/Dialoge/DIA_Addon_BDT_1099_Huno.d:431","Okay, ich mache die Sache für dich!","좋아, 네 일을 도와주지!","","False","DIA_Addon_Huno_SomeThings_Mission_15_00","",""
"Scripts/Content/Story/Dialoge/DIA_Addon_BDT_1099_Huno.d:432","Gut. Wir werden ja sehen, ob man dir trauen kann.","좋아. 네놈을 믿을 수 있을지 어디 한번 보자고.","","False","DIA_Addon_Huno_SomeThings_Mission_06_01","",""
"Scripts/Content/Story/Dialoge/DIA_Addon_BDT_1099_Huno.d:439","Du verrätst mir erst, wer der Auftraggeber ist!","배후가 누군지부터 말해!","","False","DIA_Addon_Huno_SomeThings_TellMeNow_15_00","",""
"Scripts/Content/Story/Dialoge/DIA_Addon_BDT_1099_Huno.d:440","Nein. Ich traue dir nicht.","아니. 너 못 믿겠어.","","False","DIA_Addon_Huno_SomeThings_TellMeNow_06_01","",""
"Scripts/Content/Story/Dialoge/DIA_Addon_BDT_1099_Huno.d:441","Pass auf. Die nächste Unterhaltung, die ich führen werde, ist entweder mit dem Auftraggeber oder mit Esteban.","잘 들어. 내가 다음에 대화할 상대는 그 배후의 인물이거나, 아니면 에스테반이야.","","False","DIA_Addon_Huno_SomeThings_TellMeNow_15_02","",""
"Scripts/Content/Story/Dialoge/DIA_Addon_BDT_1099_Huno.d:442","Mit wem ich rede, ist deine Wahl.","누구랑 얘기할지는 네 선택에 달렸어.","","False","DIA_Addon_Huno_SomeThings_TellMeNow_15_03","",""
"Scripts/Content/Story/Dialoge/DIA_Addon_BDT_1099_Huno.d:443","(seufzt) Na gut. Ich werde dich mit dem Auftraggeber zusammenbringen. Aber es passiert so, wie ich es sage, klar?","(한숨을 쉰다) 알았어. 그 배후의 인물과 만나게 해 주지. 하지만 내 말대로 해야 해, 알겠어?","","False","DIA_Addon_Huno_SomeThings_TellMeNow_06_04","",""
"Scripts/Content/Story/Dialoge/DIA_Addon_BDT_1099_Huno.d:444","Geh in die Kneipe und sprich mit dem Wirt. Alles Weitere wirst du von ihm erfahren.","선술집으로 가서 여관 주인을 만나. 자세한 건 그자에게 들을 수 있을 거야.","","False","DIA_Addon_Huno_SomeThings_TellMeNow_06_05","",""
"Scripts/Content/Story/Dialoge/DIA_Addon_BDT_1099_Huno.d:461","Ich habe den Stahl.","철을 가져왔어.","","False","DIA_Addon_Huno_Paket.description","",""
"Scripts/Content/Story/Dialoge/DIA_Addon_BDT_1099_Huno.d:475","Ich habe den Stahl.","철을 가져왔어.","","False","DIA_Addon_Huno_Paket_15_00","",""
"Scripts/Content/Story/Dialoge/DIA_Addon_BDT_1099_Huno.d:477","Und? War Juan auch da?","그래? 후안도 거기 있었나?","","False","DIA_Addon_Huno_Paket_06_01","",""
"Scripts/Content/Story/Dialoge/DIA_Addon_BDT_1099_Huno.d:478","War er.","있었어.","","False","DIA_Addon_Huno_Paket_15_02","",""
"Scripts/Content/Story/Dialoge/DIA_Addon_BDT_1099_Huno.d:479","Wusste ich es doch. Esteban, die Ratte, steckte dahinter.","내 그럴 줄 알았지. 그 쥐새끼 같은 에스테반 짓이었어.","","False","DIA_Addon_Huno_Paket_06_03","",""
"Scripts/Content/Story/Dialoge/DIA_Addon_BDT_1099_Huno.d:483","Du bist doch in Ordnung. Wenn ich ehrlich bin, hätte ich das von dir nicht erwartet.","너 제법 괜찮은 녀석이네. 솔직히 네가 이럴 줄은 몰랐어.","","False","DIA_Addon_Huno_Paket_06_04","",""
"Scripts/Content/Story/Dialoge/DIA_Addon_BDT_1099_Huno.d:484","Hier, nimm das hier als Belohnung.","자, 보답으로 이걸 받으라고.","","False","DIA_Addon_Huno_Paket_06_05","",""
"Scripts/Content/Story/Dialoge/DIA_Addon_BDT_1099_Huno.d:489","Was ist jetzt mit unserer Abmachung?","우리 약속은 어떻게 된 거지?","","False","DIA_Addon_Huno_Paket_15_06","",""
"Scripts/Content/Story/Dialoge/DIA_Addon_BDT_1099_Huno.d:490","Der Mann, mit dem du reden willst, wartet auf dich in der Kneipe. Sprich mit dem Wirt.","네가 만나고 싶어 하는 사람이 선술집에서 기다리고 있어. 여관 주인을 찾아가 봐.","","False","DIA_Addon_Huno_Paket_06_07","",""
"Scripts/Content/Story/Dialoge/DIA_BDT_1013_Bandit_L.d:24","Geh lieber nicht in die Höhle hier oben, meine Kollegen, die da sitzen, werden dir das Fell gerben. Und die verstehen was vom Kämpfen.","나 같으면 저 위에 있는 동굴에는 안 들어갈걸. 안에 있는 내 동료들이 가만두지 않을 테니까. 그 녀석들은 싸움이라면 꽤 하거든.","","False","DIA_BDT_1013_BANDIT_FIRSTEXIT_01_00","",""
"Scripts/Content/Story/Dialoge/DIA_BDT_1013_Bandit_L.d:75","Hey - wo kommst du denn her, hm?","이봐, 넌 어디서 온 거냐, 응?","","False","DIA_BDT_1013_BANDIT_WHERE_01_00","",""
"Scripts/Content/Story/Dialoge/DIA_BDT_1013_Bandit_L.d:79","Ich komme aus den Bergen.","산에서 왔어.","","False","DIA_BDT_1013_BANDIT_WHERE_Info.DIA_BDT_1013_BANDIT_WHERE.DIA_BDT_1013_BANDIT_WHERE_MOUNTAIN","Info_AddChoice",""
"Scripts/Content/Story/Dialoge/DIA_BDT_1013_Bandit_L.d:80","Ich komme von Xardas...","자다스에게서 왔다...","","False","DIA_BDT_1013_BANDIT_WHERE_Info.DIA_BDT_1013_BANDIT_WHERE.DIA_BDT_1013_BANDIT_WHERE_XARDAS","Info_AddChoice",""
"Scripts/Content/Story/Dialoge/DIA_BDT_1013_Bandit_L.d:86","Ich komme aus den Bergen.","산에서 왔어.","","False","DIA_BDT_1013_BANDIT_WHERE_MOUNTAIN_15_00","",""
"Scripts/Content/Story/Dialoge/DIA_BDT_1013_Bandit_L.d:87","Genau. Du kommst aus den Bergen. Und das ist schlecht für dich.","그렇군. 산에서 왔다고. 그거 안 좋은 소식인데.","","False","DIA_BDT_1013_BANDIT_WHERE_MOUNTAIN_01_01","",""
"Scripts/Content/Story/Dialoge/DIA_BDT_1013_Bandit_L.d:89","Ganz schlecht.","아주 안 좋아.","","False","DIA_BDT_1013_BANDIT_WHERE_MOUNTAIN_01_02","",""
"Scripts/Content/Story/Dialoge/DIA_BDT_1013_Bandit_L.d:90","Du wirst gesucht - und zwar von einem ganzen Haufen übler Kerle.","너를 찾는 사람들이 있거든—아주 험악한 녀석들이 잔뜩 말이야.","","False","DIA_BDT_1013_BANDIT_WHERE_MOUNTAIN_01_03","",""
"Scripts/Content/Story/Dialoge/DIA_BDT_1013_Bandit_L.d:91","Es gibt da jemanden, mit dem du unbedingt sprechen solltest. Folge mir!","꼭 만나봐야 할 사람이 있어. 날 따라와!","","False","DIA_BDT_1013_BANDIT_WHERE_MOUNTAIN_01_04","",""
"Scripts/Content/Story/Dialoge/DIA_BDT_1013_Bandit_L.d:94","Vielleicht später...","다음에 하지...","","False","DIA_BDT_1013_BANDIT_WHERE_MOUNTAIN.DIA_BDT_1013_BANDIT_WHERE.DIA_BDT_1013_BANDIT_WHERE_LATER","Info_AddChoice",""
"Scripts/Content/Story/Dialoge/DIA_BDT_1013_Bandit_L.d:95","Wer sucht mich?","누가 날 찾지?","","False","DIA_BDT_1013_BANDIT_WHERE_MOUNTAIN.DIA_BDT_1013_BANDIT_WHERE.DIA_BDT_1013_BANDIT_WHERE_WHO","Info_AddChoice",""
"Scripts/Content/Story/Dialoge/DIA_BDT_1013_Bandit_L.d:96","Gut! Geh voran!","좋아! 앞장서!","","False","DIA_BDT_1013_BANDIT_WHERE_MOUNTAIN.DIA_BDT_1013_BANDIT_WHERE.DIA_BDT_1013_BANDIT_WHERE_YES","Info_AddChoice",""
"Scripts/Content/Story/Dialoge/DIA_BDT_1013_Bandit_L.d:101","Ich komme von Xardas ...","자다스에게서 왔다...","","False","DIA_BDT_1013_BANDIT_WHERE_XARDAS_15_00","",""
"Scripts/Content/Story/Dialoge/DIA_BDT_1013_Bandit_L.d:102","Ist das der alte Hexer? Xardas heißt er ... das wird Brago interessieren ...","그 늙은 마법사 말인가? 자다스라... 브라고가 아주 흥미로워하겠군...","","False","DIA_BDT_1013_BANDIT_WHERE_XARDAS_01_01","",""
"Scripts/Content/Story/Dialoge/DIA_BDT_1013_Bandit_L.d:110","Gut! Geh voran!","좋아! 앞장서!","","False","DIA_BDT_1013_BANDIT_WHERE_YES_15_00","",""
"Scripts/Content/Story/Dialoge/DIA_BDT_1013_Bandit_L.d:111","Dann folge mir einfach, die Höhle ist direkt hier oben.","그럼 날 따라와, 동굴은 바로 저 위에 있으니까.","","False","DIA_BDT_1013_BANDIT_WHERE_YES_01_01","",""
"Scripts/Content/Story/Dialoge/DIA_BDT_1013_Bandit_L.d:120","Wer sucht mich?","누가 날 찾지?","","False","DIA_BDT_1013_BANDIT_WHERE_WHO_15_00","",""
"Scripts/Content/Story/Dialoge/DIA_BDT_1013_Bandit_L.d:121","Halb Khorinis ist hinter dir her, und du willst mir erzählen, du hättest keine Ahnung?","코리니스의 절반이 너를 찾아 혈안이 되어 있는데, 아무것도 모른다는 소릴 하려는 거냐?","","False","DIA_BDT_1013_BANDIT_WHERE_WHO_01_01","",""
"Scripts/Content/Story/Dialoge/DIA_BDT_1013_Bandit_L.d:122","Ah! Verstehe! Du willst nur nicht mit mir drüber reden, hm? Na gut - deine Sache.","아! 알겠다! 나한테 말하기 싫다는 거지, 응? 좋아, 네 마음대로 해.","","False","DIA_BDT_1013_BANDIT_WHERE_WHO_01_02","",""
"Scripts/Content/Story/Dialoge/DIA_BDT_1013_Bandit_L.d:123","Also, kommst du jetzt oder nicht?","그래서, 갈 거야 말 거야?","","False","DIA_BDT_1013_BANDIT_WHERE_WHO_01_03","",""
"Scripts/Content/Story/Dialoge/DIA_BDT_1013_Bandit_L.d:126","Vielleicht später...","다음에 하지...","","False","DIA_BDT_1013_BANDIT_WHERE_WHO.DIA_BDT_1013_BANDIT_WHERE.DIA_BDT_1013_BANDIT_WHERE_LATER","Info_AddChoice",""
"Scripts/Content/Story/Dialoge/DIA_BDT_1013_Bandit_L.d:127","Mit wem soll ich sprechen?","누구랑 얘기하라는 거지?","","False","DIA_BDT_1013_BANDIT_WHERE_WHO.DIA_BDT_1013_BANDIT_WHERE.DIA_BDT_1013_BANDIT_WHERE_TALKPARTNER","Info_AddChoice",""
"Scripts/Content/Story/Dialoge/DIA_BDT_1013_Bandit_L.d:128","Gut! Geh voran!","좋아! 앞장서!","","False","DIA_BDT_1013_BANDIT_WHERE_WHO.DIA_BDT_1013_BANDIT_WHERE.DIA_BDT_1013_BANDIT_WHERE_YES","Info_AddChoice",""
"Scripts/Content/Story/Dialoge/DIA_BDT_1013_Bandit_L.d:133","Mit wem soll ich sprechen?","누구랑 얘기하라는 거지?","","False","DIA_BDT_1013_BANDIT_WHERE_TALKPARTNER_15_00","",""
"Scripts/Content/Story/Dialoge/DIA_BDT_1013_Bandit_L.d:134","Mit meinem Anführer. Er heißt Brago. Er kann dir alles besser erklären als ich.","우리 우두머리야. 이름은 브라고지. 나보다 그자가 너한테 자세히 설명해 줄 거야.","","False","DIA_BDT_1013_BANDIT_WHERE_TALKPARTNER_01_01","",""
"Scripts/Content/Story/Dialoge/DIA_BDT_1013_Bandit_L.d:135","Also was ist - gehen wir?","어때, 갈 건가?","","False","DIA_BDT_1013_BANDIT_WHERE_TALKPARTNER_01_02","",""
"Scripts/Content/Story/Dialoge/DIA_BDT_1013_Bandit_L.d:138","Vielleicht später...","다음에 하지...","","False","DIA_BDT_1013_BANDIT_WHERE_TALKPARTNER.DIA_BDT_1013_BANDIT_WHERE.DIA_BDT_1013_BANDIT_WHERE_LATER","Info_AddChoice",""
"Scripts/Content/Story/Dialoge/DIA_BDT_1013_Bandit_L.d:139","Woher weiß ich, das es keine Falle ist?","이게 함정이 아니란 걸 어떻게 알지?","","False","DIA_BDT_1013_BANDIT_WHERE_TALKPARTNER.DIA_BDT_1013_BANDIT_WHERE.DIA_BDT_1013_BANDIT_WHERE_NOTRAP","Info_AddChoice",""
"Scripts/Content/Story/Dialoge/DIA_BDT_1013_Bandit_L.d:140","Gut! Geh voran!","좋아! 앞장서!","","False","DIA_BDT_1013_BANDIT_WHERE_TALKPARTNER.DIA_BDT_1013_BANDIT_WHERE.DIA_BDT_1013_BANDIT_WHERE_YES","Info_AddChoice",""
"Scripts/Content/Story/Dialoge/DIA_BDT_1013_Bandit_L.d:145","Woher weiß ich, dass es keine Falle ist?","이게 함정이 아니란 걸 어떻게 알지?","","False","DIA_BDT_1013_BANDIT_WHERE_NOTRAP_15_00","",""
"Scripts/Content/Story/Dialoge/DIA_BDT_1013_Bandit_L.d:146","Also so langsam reicht's mir mit dir. Wenn du meine Hilfe nicht willst, dann geh doch zur Stadt und lass dich einlochen!","이거 참, 너한테도 아주 진저리가 나는군. 내 도움이 필요 없으면 도시로 가서 감방에 처박히기나 하시지!","","False","DIA_BDT_1013_BANDIT_WHERE_NOTRAP_01_01","",""
"Scripts/Content/Story/Dialoge/DIA_BDT_1013_Bandit_L.d:147","Du kommst JETZT mit, oder du lässt es bleiben, klar?","지금 당장 같이 가든지, 아니면 관두든지 해라, 알겠냐?","","False","DIA_BDT_1013_BANDIT_WHERE_NOTRAP_01_02","",""
"Scripts/Content/Story/Dialoge/DIA_BDT_1013_Bandit_L.d:150","Vielleicht später...","다음에 하지...","","False","DIA_BDT_1013_BANDIT_WHERE_NOTRAP.DIA_BDT_1013_BANDIT_WHERE.DIA_BDT_1013_BANDIT_WHERE_LATER","Info_AddChoice",""
"Scripts/Content/Story/Dialoge/DIA_BDT_1013_Bandit_L.d:151","Es hat schon mal einer versucht mich reinzulegen...","전에 나를 속이려던 녀석이 있었는데...","","False","DIA_BDT_1013_BANDIT_WHERE_NOTRAP.DIA_BDT_1013_BANDIT_WHERE.DIA_BDT_1013_BANDIT_WHERE_DAMALS","Info_AddChoice",""
"Scripts/Content/Story/Dialoge/DIA_BDT_1013_Bandit_L.d:152","Gut! Geh voran!","좋아! 앞장서!","","False","DIA_BDT_1013_BANDIT_WHERE_NOTRAP.DIA_BDT_1013_BANDIT_WHERE.DIA_BDT_1013_BANDIT_WHERE_YES","Info_AddChoice",""
"Scripts/Content/Story/Dialoge/DIA_BDT_1013_Bandit_L.d:157","Langsam, Freundchen! Es hat schon mal einer versucht, mich reinzulegen ...","진정해, 친구! 전에 나를 속이려던 녀석이 있었거든...","","False","DIA_BDT_1013_BANDIT_WHERE_DAMALS_15_00","",""
"Scripts/Content/Story/Dialoge/DIA_BDT_1013_Bandit_L.d:158","Ach?","그래?","","False","DIA_BDT_1013_BANDIT_WHERE_DAMALS_01_01","",""
"Scripts/Content/Story/Dialoge/DIA_BDT_1013_Bandit_L.d:159","So'n Kerl hat mit vorgeschlagen, zusammen mit ihm ein Amulett zu holen und den Gewinn zu teilen.","어떤 녀석이 부적을 같이 찾아서 이익을 나누자고 제안하더군.","","False","DIA_BDT_1013_BANDIT_WHERE_DAMALS_15_02","",""
"Scripts/Content/Story/Dialoge/DIA_BDT_1013_Bandit_L.d:160","Als wir am Ziel angekommen waren, haben er und seine Freunde mich angegriffen.","막상 목적지에 도착하니까 그놈과 친구들이 나를 공격했어.","","False","DIA_BDT_1013_BANDIT_WHERE_DAMALS_15_03","",""
"Scripts/Content/Story/Dialoge/DIA_BDT_1013_Bandit_L.d:161","Klingt ganz so, als hättest du dich mit den falschen Leuten eingelassen - wo war das?","잘못된 사람들과 어울렸던 모양이군—거기가 어디였지?","","False","DIA_BDT_1013_BANDIT_WHERE_DAMALS_01_04","",""
"Scripts/Content/Story/Dialoge/DIA_BDT_1013_Bandit_L.d:164","Das ist nicht wichtig.","그건 중요하지 않아.","","False","DIA_BDT_1013_BANDIT_WHERE_DAMALS.DIA_BDT_1013_BANDIT_WHERE.DIA_BDT_1013_BANDIT_WHERE_NOTIMPORTANT","Info_AddChoice",""
"Scripts/Content/Story/Dialoge/DIA_BDT_1013_Bandit_L.d:165","Ich war Sträfling in der Minenkolonie.","나는 광산 군도의 죄수였어.","","False","DIA_BDT_1013_BANDIT_WHERE_DAMALS.DIA_BDT_1013_BANDIT_WHERE.DIA_BDT_1013_BANDIT_WHERE_PRISONER","Info_AddChoice",""
"Scripts/Content/Story/Dialoge/DIA_BDT_1013_Bandit_L.d:170","Ich war Sträfling in der Minenkolonie.","나는 광산 군도의 죄수였어.","","False","DIA_BDT_1013_BANDIT_WHERE_PRISONER_15_00","",""
"Scripts/Content/Story/Dialoge/DIA_BDT_1013_Bandit_L.d:171","(verblüfft) Du kommst aus der Barriere? Mann, dann haben wir ja zusammen gesessen.","(깜짝 놀라며) 장벽 저편에서 왔다고? 이봐, 그럼 우리 안에서 같이 지냈었겠네.","","False","DIA_BDT_1013_BANDIT_WHERE_PRISONER_01_01","",""
"Scripts/Content/Story/Dialoge/DIA_BDT_1013_Bandit_L.d:172","Ich kenne dich nicht ...","너는 모르는 얼굴인데...","","False","DIA_BDT_1013_BANDIT_WHERE_PRISONER_15_02","",""
"Scripts/Content/Story/Dialoge/DIA_BDT_1013_Bandit_L.d:173","Ich war Buddler im Alten Lager. Hab mit der ganzen Sache nicht viel zu tun gehabt.","나는 구영지의 광부였어. 그 일과는 별로 연관이 없었지.","","False","DIA_BDT_1013_BANDIT_WHERE_PRISONER_01_03","",""
"Scripts/Content/Story/Dialoge/DIA_BDT_1013_Bandit_L.d:174","(verschwörerisch) Aber was jetzt viel wichtiger ist - du hast mächtigen Ärger!","(음흉하게) 하지만 지금 더 중요한 건—네가 엄청난 곤경에 처했다는 거야!","","False","DIA_BDT_1013_BANDIT_WHERE_PRISONER_01_04","",""
"Scripts/Content/Story/Dialoge/DIA_BDT_1013_Bandit_L.d:175","Irgendwer hat ein hübsches Sümmchen auf deinen Kopf ausgesetzt. Und er hat ein paar Zettel verteilt - mit deiner Visage darauf!","누군가 너의 목에 꽤 큰 현상금을 걸었거든. 게다가 네 얼굴이 그려진 전단지까지 돌렸지!","","False","DIA_BDT_1013_BANDIT_WHERE_PRISONER_01_05","",""
"Scripts/Content/Story/Dialoge/DIA_BDT_1013_Bandit_L.d:176","Wenn ich du wäre, dann würde ich sehr, sehr vorsichtig sein. Es gibt Leute bei uns, die würden für das Gold ihre Mutter umbringen.","나라면 아주, 아주 조심할 거다. 우리 중에는 금을 위해서라면 친어머니도 죽일 녀석들이 있거든.","","False","DIA_BDT_1013_BANDIT_WHERE_PRISONER_01_06","",""
"Scripts/Content/Story/Dialoge/DIA_BDT_1013_Bandit_L.d:177","Aber ich finde, wir Jungs aus der Strafkolonie müssen zusammenhalten!","하지만 형벌 식민지 출신인 우리끼리는 서로 뭉쳐야 한다고 생각해!","","False","DIA_BDT_1013_BANDIT_WHERE_PRISONER_01_07","",""
"Scripts/Content/Story/Dialoge/DIA_BDT_1013_Bandit_L.d:178","Dann sollte ich mich wohl jetzt besser bei dir bedanken ...","그렇다면 너한테 고마워해야겠군...","","False","DIA_BDT_1013_BANDIT_WHERE_PRISONER_15_08","",""
"Scripts/Content/Story/Dialoge/DIA_BDT_1013_Bandit_L.d:179","Geschenkt. Sieh lieber zu, dass du am Leben bleibst.","별것 아니야. 살아남는 데나 신경 쓰라고.","","False","DIA_BDT_1013_BANDIT_WHERE_PRISONER_01_09","",""
"Scripts/Content/Story/Dialoge/DIA_BDT_1013_Bandit_L.d:191","Das ist nicht wichtig.","그건 중요하지 않아.","","False","DIA_BDT_1013_BANDIT_WHERE_NOTIMPORTANT_15_00","",""
"Scripts/Content/Story/Dialoge/DIA_BDT_1013_Bandit_L.d:192","Wie du meinst. Also, gehen wir jetzt oder nicht?","마음대로 해. 그래서, 갈 거야 말 거야?","","False","DIA_BDT_1013_BANDIT_WHERE_NOTIMPORTANT_01_01","",""
"Scripts/Content/Story/Dialoge/DIA_BDT_1013_Bandit_L.d:195","Vielleicht später...","다음에 하지...","","False","DIA_BDT_1013_BANDIT_WHERE_NOTIMPORTANT.DIA_BDT_1013_BANDIT_WHERE.DIA_BDT_1013_BANDIT_WHERE_LATER","Info_AddChoice",""
"Scripts/Content/Story/Dialoge/DIA_BDT_1013_Bandit_L.d:196","Gut! Geh voran!","좋아! 앞장서!","","False","DIA_BDT_1013_BANDIT_WHERE_NOTIMPORTANT.DIA_BDT_1013_BANDIT_WHERE.DIA_BDT_1013_BANDIT_WHERE_YES","Info_AddChoice",""
"Scripts/Content/Story/Dialoge/DIA_BDT_1013_Bandit_L.d:201","Vielleicht später ...","다음에 하지...","","False","DIA_BDT_1013_BANDIT_WHERE_LATER_15_00","",""
"Scripts/Content/Story/Dialoge/DIA_BDT_1013_Bandit_L.d:202","Später wird es für dich nicht mehr geben, Freundchen!","네게 다음 기회란 없을걸, 친구!","","False","DIA_BDT_1013_BANDIT_WHERE_LATER_01_01","",""
"Scripts/Content/Story/Dialoge/DIA_BDT_1013_Bandit_L.d:234","Es war sehr dumm von dir, mir zu folgen ...","나를 따라오다니 정말 멍청하군...","","False","DIA_1013_BANDIT_AMBUSH_01_00","",""
"Scripts/Content/Story/Dialoge/DIA_BDT_1013_Bandit_L.d:240","Hey Leute, schaut mal, wen ich hier habe ...","이봐들, 내가 누구를 데려왔는지 보라고...","","False","DIA_1013_BANDIT_AMBUSH_01_01","",""
"Scripts/Content/Story/Dialoge/DIA_BDT_1013_Bandit_L.d:254","Wer ist der Kerl, der das Kopfgeld zahlt?","현상금을 내건 녀석이 누구지?","","False","DIA_1013_BANDIT_NAME.description","",""
"Scripts/Content/Story/Dialoge/DIA_BDT_1013_Bandit_L.d:267","Wer ist der Kerl, der das Kopfgeld zahlt?","현상금을 내건 녀석이 누구지?","","False","DIA_1013_BANDIT_NAME_15_00","",""
"Scripts/Content/Story/Dialoge/DIA_BDT_1013_Bandit_L.d:268","Das weiß ich nicht, es gibt nur einen von uns, der ihn kennt.","그건 나도 몰라. 우리 중에 그를 아는 사람은 딱 한 명뿐이야.","","False","DIA_1013_BANDIT_NAME_01_01","",""
"Scripts/Content/Story/Dialoge/DIA_BDT_1013_Bandit_L.d:269","Und wer ist das?","그게 누구지?","","False","DIA_1013_BANDIT_NAME_15_02","",""
"Scripts/Content/Story/Dialoge/DIA_BDT_1013_Bandit_L.d:270","Hey, Mann - das kann ich dir nicht sagen. Du weißt doch, wie so was läuft ...","이봐, 친구—그건 말해줄 수 없어. 세상 돌아가는 이치, 알잖아...","","False","DIA_1013_BANDIT_NAME_01_03","",""
"Scripts/Content/Story/Dialoge/DIA_BDT_1013_Bandit_L.d:288","10 Goldstücke für den Namen des Kerls, der das Kopfgeld ausgesetzt hat!","10 금화면 현상금을 건 녀석의 이름을 알려주겠나?","","False","DIA_1013_BANDIT_DEXTER.description","",""
"Scripts/Content/Story/Dialoge/DIA_BDT_1013_Bandit_L.d:303","10 Goldstücke für den Namen des Kerls, der das Kopfgeld ausgesetzt hat!","10 금화면 현상금을 건 녀석의 이름을 알려주겠나?","","False","DIA_1013_BANDIT_DEXTER_15_00","",""
"Scripts/Content/Story/Dialoge/DIA_BDT_1013_Bandit_L.d:304","Ach, Mann, das kann ich echt nicht machen ...","아, 이봐, 난 정말 그럴 수 없어...","","False","DIA_1013_BANDIT_DEXTER_01_01","",""
"Scripts/Content/Story/Dialoge/DIA_BDT_1013_Bandit_L.d:305","Nun spuck's schon aus!","어서 불지 못해!","","False","DIA_1013_BANDIT_DEXTER_15_02","",""
"Scripts/Content/Story/Dialoge/DIA_BDT_1013_Bandit_L.d:306","(holt tief Luft) Oh Mann! Na gut. Dexter ist sein Name. In der Nähe des Großbauern gibt es einen steilen Felsen.","(크게 숨을 내쉰다) 아이참! 좋았어. 덱스터가 그 녀석 이름이야. 대농장 근처에 가파른 바위산이 있어.","","False","DIA_1013_BANDIT_DEXTER_01_03","",""
"Scripts/Content/Story/Dialoge/DIA_BDT_1013_Bandit_L.d:307","Da oben gibt's 'nen Wachturm und ein paar Minen. Irgendwo da hat er sein Versteck.","거기 꼭대기에 망루랑 광산 몇 개가 있거든. 그 근처 어딘가에 은신처가 있을 거야.","","False","DIA_1013_BANDIT_DEXTER_01_04","",""
"Scripts/Content/Story/Dialoge/DIA_BDT_1013_Bandit_L.d:313","Na bitte! Hier hast du dein Gold.","거 봐! 여기 네 금화다.","","False","DIA_1013_BANDIT_DEXTER_15_05","",""
"Scripts/Content/Story/Dialoge/DIA_BDT_1013_Bandit_L.d:317","Äh - ich merke gerade, ich hab keine 10 Goldstücke mehr.","어—생각해 보니 10 금화가 다 없네.","","False","DIA_1013_BANDIT_DEXTER_15_06","",""
"Scripts/Content/Story/Dialoge/DIA_BDT_1013_Bandit_L.d:318","Was?! Ich ... Ach - vergiss es - ich bin selbst Schuld. Was sag ich dir auch den Namen, bevor ich das Gold gesehen hab ...","뭐?! 내가... 아— 됐어— 내 잘못이지 뭐. 금화를 보기 전에 이름을 불어버린 내가 바보지...","","False","DIA_1013_BANDIT_DEXTER_01_07","",""
"Scripts/Content/Story/Dialoge/DIA_BDT_1013_Bandit_L.d:321","Und sag ihnen bloß nicht, wer dir das gesteckt hat.","그리고 이 사실을 누가 알려줬는지 딴 데 가서 발고하지 마라.","","False","DIA_1013_BANDIT_DEXTER_01_08","",""
"Scripts/Content/Story/Dialoge/DIA_BDT_1013_Bandit_L.d:335","Kann ich das Bild haben?","그 그림 좀 가질 수 있을까?","","False","DIA_1013_BANDIT_PIC.description","",""
"Scripts/Content/Story/Dialoge/DIA_BDT_1013_Bandit_L.d:348","Kann ich das Bild haben?","그 그림 좀 가질 수 있을까?","","False","DIA_1013_BANDIT_PIC_15_00","",""
"Scripts/Content/Story/Dialoge/DIA_BDT_1013_Bandit_L.d:349","Klar (grinst) - ist ja schließlich DEINE Visage drauf.","물론이지 (씩 웃는다)—결국 네 얼굴이 그려진 거니까 말이야.","","False","DIA_1013_BANDIT_PIC_01_01","",""
"Scripts/Content/Story/Dialoge/DIA_BDT_1013_Bandit_L.d:362","Einer der Bauern vor der Stadt hat mich geschickt...","성 밖 농부 중 한 명이 날 보냈어...","","False","DIA_1013_BANDIT_FromMaleth.description","",""
"Scripts/Content/Story/Dialoge/DIA_BDT_1013_Bandit_L.d:376","Einer der Bauern vor der Stadt hat mich geschickt...","성 밖 농부 중 한 명이 날 보냈어...","","False","DIA_1013_BANDIT_FromMaleth_15_00","",""
"Scripts/Content/Story/Dialoge/DIA_BDT_1013_Bandit_L.d:377","Was? Die Bauern kennen das Versteck?","뭐? 농부들이 은신처를 알고 있다고?","","False","DIA_1013_BANDIT_FromMaleth_01_01","",""
"Scripts/Content/Story/Dialoge/DIA_BDT_1013_Bandit_L.d:378","Die Sache mit den Schafen ist aufgefallen.","양들이 사라진 걸 들켰어.","","False","DIA_1013_BANDIT_FromMaleth_15_02","",""
"Scripts/Content/Story/Dialoge/DIA_BDT_1013_Bandit_L.d:386","Verdammt! Na, dann werd ich mal umziehen. Wenn die Typen das Versteck leer vorfinden, suchen sie vielleicht nicht weiter nach mir.","젠장! 좋지, 그럼 이사라도 가야겠군. 녀석들이 텅 빈 은신처를 발견하면 나를 더는 쫓지 않을지도 모르지.","","False","DIA_1013_BANDIT_FromMaleth_01_03","",""
"Scripts/Content/Story/Dialoge/DIA_BDT_1013_Bandit_L.d:390","Er will euch alle tot sehen ...","그 녀석은 너희 전부가 죽기를 바라고 있어...","","False","DIA_1013_BANDIT_FromMaleth_15_04","",""
"Scripts/Content/Story/Dialoge/DIA_BDT_1013_Bandit_L.d:391","Moment - du willst mir doch wohl keins überbraten - wo ich dir geholfen hab?","잠깐 - 내가 도와줬는데 나한테 이러는 건 아니겠지?","","False","DIA_1013_BANDIT_FromMaleth_01_05","",""
"Scripts/Content/Story/Dialoge/DIA_BDT_1013_Bandit_L.d:392","Geh rein und leg die anderen um, wenn du unbedingt Blut sehen willst - ich verzieh mich!","정 피를 보고 싶으면 안으로 들어가서 다른 녀석들을 해치워. 난 빠질 테니까!","","False","DIA_1013_BANDIT_FromMaleth_01_06","",""
"Scripts/Content/Story/Dialoge/DIA_BDT_1013_Bandit_L.d:412","Bald wird es hier ziemlichen Ärger geben!","곧 여기서 엄청난 소동이 벌어질 거야!","","False","DIA_1013_BANDIT_FromCavalorn.description","",""
"Scripts/Content/Story/Dialoge/DIA_BDT_1013_Bandit_L.d:426","Bald wird es hier ziemlichen Ärger geben!","곧 여기서 엄청난 소동이 벌어질 거야!","","False","DIA_ADDON_1013_BANDIT_FromCavalorn_15_00","",""
"Scripts/Content/Story/Dialoge/DIA_BDT_1013_Bandit_L.d:427","Was ist los?","무슨 일이야?","","False","DIA_ADDON_1013_BANDIT_FromCavalorn_01_01","",""
"Scripts/Content/Story/Dialoge/DIA_BDT_1013_Bandit_L.d:428","Ein Typ namens Cavalorn kommt euch holen!","카발론이라는 자가 너희를 잡으러 올 거다!","","False","DIA_ADDON_1013_BANDIT_FromCavalorn_15_02","",""
"Scripts/Content/Story/Dialoge/DIA_BDT_1013_Bandit_L.d:429","Mist! Der Typ hat überlebt? Ich bin weg.","젠장! 그 자가 살아있다고? 난 이만 튀어야겠어.","","False","DIA_ADDON_1013_BANDIT_FromCavalorn_01_03","",""
"Scripts/Content/Story/Dialoge/DIA_BDT_1013_Bandit_L.d:453","Gibt's noch was interessantes für mich?","내게 흥미로운 소식이라도 있나?","","False","DIA_1013_BANDIT_PERM.description","",""
"Scripts/Content/Story/Dialoge/DIA_BDT_1013_Bandit_L.d:466","Gibt's noch was Interessantes für mich?","내게 흥미로운 소식이라도 있나?","","False","DIA_1013_BANDIT_PERM_15_00","",""
"Scripts/Content/Story/Dialoge/DIA_BDT_1013_Bandit_L.d:470","Du meinst über die Gegend hier? Wenn du am Leben bleiben willst, halte dich auf den Wegen.","이 지역에 대해 묻는 건가? 살고 싶다면 길로만 다녀.","","False","DIA_1013_BANDIT_PERM_01_01","",""
"Scripts/Content/Story/Dialoge/DIA_BDT_1013_Bandit_L.d:471","Je weiter du dich in die Wildnis begibst, desto gefährlicher wird es.","야생 깊숙이 들어갈수록 더 위험해지지.","","False","DIA_1013_BANDIT_PERM_01_02","",""
"Scripts/Content/Story/Dialoge/DIA_BDT_1013_Bandit_L.d:476","Ich hab dir alles erzählt, was ich dir sagen kann.","내가 해줄 수 있는 말은 다 했어.","","False","DIA_1013_BANDIT_PERM_01_03","",""
"Scripts/Content/Story/Dialoge/DIA_BDT_1014_Bandit_L.d:49","Das ist der Kerl! Machen wir ihn fertig!","틀림없는 그 녀석이야! 혼내주자고!","","False","DIA_BDT_1014_BANDIT_KILLER_06_00","",""
"Scripts/Content/Story/Dialoge/DIA_BDT_1015_Bandit_L.d:47","Deine Visage kenn ich doch!","이봐, 어디서 본 얼굴인데?","","False","DIA_1015_BANDIT_AMBUSH_06_00","",""
"Scripts/Content/Story/Dialoge/DIA_BDT_1020_Wegelagerer.d:52","Hey du, bleib stehen.","이봐, 거기 멈춰.","","False","DIA_BDT_1020_Wegelagerer_FirstWarn_06_00","",""
"Scripts/Content/Story/Dialoge/DIA_BDT_1020_Wegelagerer.d:53","Was willst du?","원하는 게 뭐지?","","False","DIA_BDT_1020_Wegelagerer_FirstWarn_15_01","",""
"Scripts/Content/Story/Dialoge/DIA_BDT_1020_Wegelagerer.d:54","Wenn du nicht willst, dass ich dir die Fresse poliere, solltest du schleunigst ein paar Goldmünzen in meine Taschen wandern lassen.","얼굴이 박살나고 싶지 않다면, 주머니에 든 금화를 당장 내 주머니로 옮기는 게 좋을 거다.","","False","DIA_BDT_1020_Wegelagerer_FirstWarn_06_02","",""
"Scripts/Content/Story/Dialoge/DIA_BDT_1020_Wegelagerer.d:60","Wieviel willst Du?","얼마나 원하지?","","False","DIA_BDT_1020_Wegelagerer_FirstWarn_Info.DIA_BDT_1020_Wegelagerer_FirstWarn.DIA_BDT_1020_Wegelagerer_FirstWarn_HowMuch","Info_AddChoice",""
"Scripts/Content/Story/Dialoge/DIA_BDT_1020_Wegelagerer.d:61","Du machst Witze.","농담이겠지.","","False","DIA_BDT_1020_Wegelagerer_FirstWarn_Info.DIA_BDT_1020_Wegelagerer_FirstWarn.DIA_BDT_1020_Wegelagerer_FirstWarn_Joke","Info_AddChoice",""
"Scripts/Content/Story/Dialoge/DIA_BDT_1020_Wegelagerer.d:62","Geh mir aus dem Weg!","길 비켜!","","False","DIA_BDT_1020_Wegelagerer_FirstWarn_Info.DIA_BDT_1020_Wegelagerer_FirstWarn.DIA_BDT_1020_Wegelagerer_PissOff","Info_AddChoice",""
"Scripts/Content/Story/Dialoge/DIA_BDT_1020_Wegelagerer.d:66","Sag mal, hast du einen Novizen gesehen?","혹시 견습생을 본 적 있나?","","False","DIA_BDT_1020_Wegelagerer_FirstWarn_Info.DIA_BDT_1020_Wegelagerer_FirstWarn.DIA_BDT_1020_Wegelagerer_AGON","Info_AddChoice",""
"Scripts/Content/Story/Dialoge/DIA_BDT_1020_Wegelagerer.d:72","Sag mal, hast du einen Novizen gesehen?","혹시 견습생을 본 적 있나?","","False","DIA_BDT_1020_Wegelagerer_AGON_15_00","",""
"Scripts/Content/Story/Dialoge/DIA_BDT_1020_Wegelagerer.d:73","(verblüfft) äh - was? hmm... (überlegt) kann schon sein.","(당황하며) 어... 뭐라고? 흠... (골똘히 생각하며) 그럴지도 모르지.","","False","DIA_BDT_1020_Wegelagerer_AGON_06_01","",""
"Scripts/Content/Story/Dialoge/DIA_BDT_1020_Wegelagerer.d:74","Gib mir 20 Goldstücke, dann sag ich es dir!","20개의 금화를 주면 알려주지!","","False","DIA_BDT_1020_Wegelagerer_AGON_06_02","",""
"Scripts/Content/Story/Dialoge/DIA_BDT_1020_Wegelagerer.d:80","In Ordnung, hier ist dein Geld.","좋아, 여기 돈이다.","","False","DIA_BDT_1020_Wegelagerer_AGON.DIA_BDT_1020_Wegelagerer_FirstWarn.DIA_BDT_1020_Wegelagerer_FirstWarn_GiveMoney","Info_AddChoice",""
"Scripts/Content/Story/Dialoge/DIA_BDT_1020_Wegelagerer.d:83","Tut mir leid, ich hab kein Geld.","미안하지만, 돈이 없어.","","False","DIA_BDT_1020_Wegelagerer_AGON.DIA_BDT_1020_Wegelagerer_FirstWarn.DIA_BDT_1020_Wegelagerer_FirstWarn_NoMoney","Info_AddChoice",""
"Scripts/Content/Story/Dialoge/DIA_BDT_1020_Wegelagerer.d:84","Sieh zu, dass Du verschwindest.","썩 꺼지는 게 좋을 거다.","","False","DIA_BDT_1020_Wegelagerer_AGON.DIA_BDT_1020_Wegelagerer_FirstWarn.DIA_BDT_1020_Wegelagerer_FirstWarn_Never","Info_AddChoice",""
"Scripts/Content/Story/Dialoge/DIA_BDT_1020_Wegelagerer.d:89","Wie viel willst du?","얼마나 원하지?","","False","DIA_BDT_1020_Wegelagerer_FirstWarn_HowMuch_15_00","",""
"Scripts/Content/Story/Dialoge/DIA_BDT_1020_Wegelagerer.d:90","(grinst) 20 Goldstücke und wir können Freunde werden.","(씩 웃으며) 20개의 금화라면 우리가 친구가 될 수 있을걸.","","False","DIA_BDT_1020_Wegelagerer_FirstWarn_HowMuch_06_01","",""
"Scripts/Content/Story/Dialoge/DIA_BDT_1020_Wegelagerer.d:96","In Ordnung, hier ist dein Geld.","좋아, 여기 돈이다.","","False","DIA_BDT_1020_Wegelagerer_FirstWarn_HowMuch.DIA_BDT_1020_Wegelagerer_FirstWarn.DIA_BDT_1020_Wegelagerer_FirstWarn_GiveMoney","Info_AddChoice",""
"Scripts/Content/Story/Dialoge/DIA_BDT_1020_Wegelagerer.d:99","Tut mir leid, ich hab kein Geld.","미안하지만, 돈이 없어.","","False","DIA_BDT_1020_Wegelagerer_FirstWarn_HowMuch.DIA_BDT_1020_Wegelagerer_FirstWarn.DIA_BDT_1020_Wegelagerer_FirstWarn_NoMoney","Info_AddChoice",""
"Scripts/Content/Story/Dialoge/DIA_BDT_1020_Wegelagerer.d:100","Sieh zu, dass Du verschwindest.","썩 꺼지는 게 좋을 거다.","","False","DIA_BDT_1020_Wegelagerer_FirstWarn_HowMuch.DIA_BDT_1020_Wegelagerer_FirstWarn.DIA_BDT_1020_Wegelagerer_FirstWarn_Never","Info_AddChoice",""
"Scripts/Content/Story/Dialoge/DIA_BDT_1020_Wegelagerer.d:105","Du machst Witze.","농담이겠지.","","False","DIA_BDT_1020_Wegelagerer_FirstWarn_Joke_15_00","",""
"Scripts/Content/Story/Dialoge/DIA_BDT_1020_Wegelagerer.d:106","Seh ich so aus?","내가 농담하는 걸로 보이나?","","False","DIA_BDT_1020_Wegelagerer_FirstWarn_Joke_06_01","",""
"Scripts/Content/Story/Dialoge/DIA_BDT_1020_Wegelagerer.d:107","Wenn ich nicht 20 Goldstücke sehe, bevor du auch nur einen Schritt näher kommst, ...","당장 한 걸음이라도 더 다가오기 전에 20개의 금화를 내놓지 않으면...","","False","DIA_BDT_1020_Wegelagerer_FirstWarn_Joke_06_02","",""
"Scripts/Content/Story/Dialoge/DIA_BDT_1020_Wegelagerer.d:108","Dann mach ich dich platt. Also jetzt rück die Kohle raus.","가만두지 않을 거야. 그러니까 당장 금을 내놔.","","False","DIA_BDT_1020_Wegelagerer_FirstWarn_Joke_06_03","",""
"Scripts/Content/Story/Dialoge/DIA_BDT_1020_Wegelagerer.d:115","In Ordnung, hier ist dein Geld.","좋아, 여기 돈이다.","","False","DIA_BDT_1020_Wegelagerer_FirstWarn_Joke.DIA_BDT_1020_Wegelagerer_FirstWarn.DIA_BDT_1020_Wegelagerer_FirstWarn_GiveMoney","Info_AddChoice",""
"Scripts/Content/Story/Dialoge/DIA_BDT_1020_Wegelagerer.d:118","Tut mir leid, ich hab kein Geld.","미안하지만, 돈이 없어.","","False","DIA_BDT_1020_Wegelagerer_FirstWarn_Joke.DIA_BDT_1020_Wegelagerer_FirstWarn.DIA_BDT_1020_Wegelagerer_FirstWarn_NoMoney","Info_AddChoice",""
"Scripts/Content/Story/Dialoge/DIA_BDT_1020_Wegelagerer.d:119","Sieh zu, dass Du verschwindest.","썩 꺼지는 게 좋을 거다.","","False","DIA_BDT_1020_Wegelagerer_FirstWarn_Joke.DIA_BDT_1020_Wegelagerer_FirstWarn.DIA_BDT_1020_Wegelagerer_FirstWarn_Never","Info_AddChoice",""
"Scripts/Content/Story/Dialoge/DIA_BDT_1020_Wegelagerer.d:124","Geh mir aus dem Weg!","길 비켜!","","False","DIA_BDT_1020_Wegelagerer_PissOff_15_00","",""
"Scripts/Content/Story/Dialoge/DIA_BDT_1020_Wegelagerer.d:125","Du hast 'ne ganz schön große Klappe, Kleiner.","입만 살았군, 꼬마야.","","False","DIA_BDT_1020_Wegelagerer_PissOff_06_01","",""
"Scripts/Content/Story/Dialoge/DIA_BDT_1020_Wegelagerer.d:126","Es wird Zeit, dass ich sie dir stopfe.","그 입을 다물게 해줄 때가 된 것 같군.","","False","DIA_BDT_1020_Wegelagerer_PissOff_06_02","",""
"Scripts/Content/Story/Dialoge/DIA_BDT_1020_Wegelagerer.d:135","In Ordnung, hier ist dein Geld.","좋아, 여기 돈이다.","","False","DIA_BDT_1020_Wegelagerer_FirstWarn_GiveMoney_15_00","",""
"Scripts/Content/Story/Dialoge/DIA_BDT_1020_Wegelagerer.d:139","(höhnisch) 20 Goldstücke war doch auch nicht zu viel für dein Leben. Du kannst passieren.","(비웃으며) 목숨 값으로 20개의 금화면 아깝지 않지. 지나가도 좋다.","","False","DIA_BDT_1020_Wegelagerer_FirstWarn_GiveMoney_06_01","",""
"Scripts/Content/Story/Dialoge/DIA_BDT_1020_Wegelagerer.d:144","Okay, da ist vor knapp 'ner Stunde so'n Novize vorbeigekommen.","그래, 한 시간쯤 전에 어떤 견습생이 지나갔어.","","False","DIA_BDT_1020_Wegelagerer_FirstWarn_GiveMoney_06_02","",""
"Scripts/Content/Story/Dialoge/DIA_BDT_1020_Wegelagerer.d:145","Der hatte es ziemlich eilig und hat sich die ganze Zeit umgesehen. Jetzt verpiss dich.","꽤 급해 보였고 계속 뒤를 훔쳐보더라고. 이제 꺼져.","","False","DIA_BDT_1020_Wegelagerer_FirstWarn_GiveMoney_06_03","",""
"Scripts/Content/Story/Dialoge/DIA_BDT_1020_Wegelagerer.d:156","Tut mir Leid, ich hab kein Geld.","미안하지만, 돈이 없어.","","False","DIA_BDT_1020_Wegelagerer_FirstWarn_NoMoney_15_00","",""
"Scripts/Content/Story/Dialoge/DIA_BDT_1020_Wegelagerer.d:157","Jaja, das sind schon schlimme Zeiten.","그래, 세상 살기 험해졌지.","","False","DIA_BDT_1020_Wegelagerer_FirstWarn_NoMoney_06_01","",""
"Scripts/Content/Story/Dialoge/DIA_BDT_1020_Wegelagerer.d:161","Aber ich sag dir was, gib mir einfach deine Waffe. Dann lass ich dich durch.","하지만 좋은 제안을 하지. 네 무기를 넘겨라. 그럼 지나가게 해 주지.","","False","DIA_BDT_1020_Wegelagerer_FirstWarn_NoMoney_06_02","",""
"Scripts/Content/Story/Dialoge/DIA_BDT_1020_Wegelagerer.d:164","Vergiss es.","어림없지.","","False","DIA_BDT_1020_Wegelagerer_FirstWarn_NoMoney.DIA_BDT_1020_Wegelagerer_FirstWarn.DIA_BDT_1020_Wegelagerer_FirstWarn_NoWeapon","Info_AddChoice",""
"Scripts/Content/Story/Dialoge/DIA_BDT_1020_Wegelagerer.d:165","Hier hast du meine Waffe.","여기 내 무기다.","","False","DIA_BDT_1020_Wegelagerer_FirstWarn_NoMoney.DIA_BDT_1020_Wegelagerer_FirstWarn.DIA_BDT_1020_Wegelagerer_FirstWarn_GiveWeapon","Info_AddChoice",""
"Scripts/Content/Story/Dialoge/DIA_BDT_1020_Wegelagerer.d:169","Ich sag dir was: Komm wieder, wenn du Geld hast. Kein Geld, keine Brücke.","이러지, 돈이 생기면 다시 와. 돈이 없으면 이 다리도 없어.","","False","DIA_BDT_1020_Wegelagerer_FirstWarn_NoMoney_06_03","",""
"Scripts/Content/Story/Dialoge/DIA_BDT_1020_Wegelagerer.d:178","Sieh zu, dass du verschwindest.","썩 꺼지는 게 좋을 거다.","","False","DIA_BDT_1020_Wegelagerer_FirstWarn_Never_15_00","",""
"Scripts/Content/Story/Dialoge/DIA_BDT_1020_Wegelagerer.d:179","Du willst es wohl auf die harte Tour.","고생을 사서 하겠다는 거군.","","False","DIA_BDT_1020_Wegelagerer_FirstWarn_Never_06_01","",""
"Scripts/Content/Story/Dialoge/DIA_BDT_1020_Wegelagerer.d:187","Vergiss es.","어림없지.","","False","DIA_BDT_1020_Wegelagerer_FirstWarn_NoWeapon_15_00","",""
"Scripts/Content/Story/Dialoge/DIA_BDT_1020_Wegelagerer.d:188","Dann eben auf die harte Tour.","좋아, 그럼 힘으로 해결해야겠군.","","False","DIA_BDT_1020_Wegelagerer_FirstWarn_NoWeapon_06_01","",""
"Scripts/Content/Story/Dialoge/DIA_BDT_1020_Wegelagerer.d:196","Hier hast du meine Waffe.","여기 내 무기다.","","False","DIA_BDT_1020_Wegelagerer_FirstWarn_GiveWeapon_15_00","",""
"Scripts/Content/Story/Dialoge/DIA_BDT_1020_Wegelagerer.d:200","Finger weg von der Waffe. Na warte!","그 무기에서 손 떼. 두고 보자!","","False","DIA_BDT_1020_Wegelagerer_FirstWarn_GiveWeapon_06_01","",""
"Scripts/Content/Story/Dialoge/DIA_BDT_1020_Wegelagerer.d:231","Du willst es wirklich drauf ankommen lassen. Also wie sieht's aus?","끝까지 가겠다는 거냐? 어떻게 할 테냐?","","False","DIA_BDT_1020_Wegelagerer_SecondWarn_06_00","",""
"Scripts/Content/Story/Dialoge/DIA_BDT_1020_Wegelagerer.d:236","Hier ist das Geld.","여기 돈이다.","","False","DIA_BDT_1020_Wegelagerer_SecondWarn_Info.DIA_BDT_1020_Wegelagerer_SecondWarn.DIA_BDT_1020_Wegelagerer_SecondWarn_GiveMoney","Info_AddChoice",""
"Scripts/Content/Story/Dialoge/DIA_BDT_1020_Wegelagerer.d:239","Du kriegst keinen Heller von mir.","한 푼도 줄 수 없다.","","False","DIA_BDT_1020_Wegelagerer_SecondWarn_Info.DIA_BDT_1020_Wegelagerer_SecondWarn.DIA_BDT_1020_Wegelagerer_SecondWarn_NoMoney","Info_AddChoice",""
"Scripts/Content/Story/Dialoge/DIA_BDT_1020_Wegelagerer.d:247","Hier ist dein Geld.","여기 네 돈이다.","","False","DIA_BDT_1020_Wegelagerer_SecondWarn_GiveMoney_15_00","",""
"Scripts/Content/Story/Dialoge/DIA_BDT_1020_Wegelagerer.d:248","Warum denn nicht gleich so?","진작 이럴 것이지.","","False","DIA_BDT_1020_Wegelagerer_SecondWarn_GiveMoney_06_01","",""
"Scripts/Content/Story/Dialoge/DIA_BDT_1020_Wegelagerer.d:257","Du kriegst keinen Heller von mir.","한 푼도 줄 수 없다.","","False","DIA_BDT_1020_Wegelagerer_SecondWarn_NoMoney_15_00","",""
"Scripts/Content/Story/Dialoge/DIA_BDT_1020_Wegelagerer.d:258","Dann werd ich mir den eben holen.","그럼 직접 뺏어주마.","","False","DIA_BDT_1020_Wegelagerer_SecondWarn_NoMoney_06_01","",""
"Scripts/Content/Story/Dialoge/DIA_BDT_1025_Bandit_H.d:44","Hey, du Landstreicher. Du bist doch nicht etwa wegen dem Schaf gekommen, oder?","이봐, 부랑자. 설마 그 양 때문에 온 건 아니겠지?","","False","DIA_NAME_BANDIT_SCHAFBLEIBTHIER_09_00","",""
"Scripts/Content/Story/Dialoge/DIA_BDT_1025_Bandit_H.d:48","Schaf? Was für ein Schaf?","양? 무슨 양?","","False","DIA_NAME_BANDIT_SCHAFBLEIBTHIER_15_01","",""
"Scripts/Content/Story/Dialoge/DIA_BDT_1025_Bandit_H.d:49","So ist's richtig. Und jetzt verschwinde. Hier gibt's nichts für dich.","그래, 바로 그 태도야. 이제 꺼져. 여긴 네가 올 곳이 아니니까.","","False","DIA_NAME_BANDIT_SCHAFBLEIBTHIER_09_02","",""
"Scripts/Content/Story/Dialoge/DIA_BDT_1025_Bandit_H.d:75","Ey! Ich hab dir was gesagt.","이봐! 내 말 안 들려?","","False","DIA_NAME_BANDIT_SchafKlau_09_00","",""
"Scripts/Content/Story/Dialoge/DIA_BDT_1025_Bandit_H.d:98","Ihr habt das Schaf beim Bauern Akil gestohlen.","너희들이 농부 아킬의 양을 훔쳤잖아.","","False","DIA_NAME_BANDIT_RUECKDASSCHAFRAUS.description","",""
"Scripts/Content/Story/Dialoge/DIA_BDT_1025_Bandit_H.d:113","Ihr habt das Schaf beim Bauern Akil gestohlen.","너희들이 농부 아킬의 양을 훔쳤잖아.","","False","DIA_NAME_BANDIT_RUECKDASSCHAFRAUS_15_00","",""
"Scripts/Content/Story/Dialoge/DIA_BDT_1025_Bandit_H.d:114","Ja und? Was willst du jetzt tun?","그래서? 어쩔 건데?","","False","DIA_NAME_BANDIT_RUECKDASSCHAFRAUS_09_01","",""
"Scripts/Content/Story/Dialoge/DIA_BDT_1025_Bandit_H.d:117","Gar nichts. Was interessiert mich das dämliche Schaf?","아무것도 아니야. 멍청한 양 따위에 내가 왜 신경 쓰겠어?","","False","DIA_NAME_BANDIT_RUECKDASSCHAFRAUS_Info.DIA_NAME_BANDIT_RUECKDASSCHAFRAUS.DIA_NAME_BANDIT_RUECKDASSCHAFRAUS_nichts","Info_AddChoice",""
"Scripts/Content/Story/Dialoge/DIA_BDT_1025_Bandit_H.d:118","Rück das Schaf raus, oder ich hau dir auf´s Maul.","당장 양을 내놔, 안 그럼 뼈도 못 추릴 줄 알아.","","False","DIA_NAME_BANDIT_RUECKDASSCHAFRAUS_Info.DIA_NAME_BANDIT_RUECKDASSCHAFRAUS.DIA_NAME_BANDIT_RUECKDASSCHAFRAUS_schaf","Info_AddChoice",""
"Scripts/Content/Story/Dialoge/DIA_BDT_1025_Bandit_H.d:123","Rück das Schaf raus, oder ich hau dir aufs Maul.","당장 양을 내놔, 안 그럼 뼈도 못 추릴 줄 알아.","","False","DIA_NAME_BANDIT_RUECKDASSCHAFRAUS_schaf_15_00","",""
"Scripts/Content/Story/Dialoge/DIA_BDT_1025_Bandit_H.d:124","Dann pass mal gut auf, Kleiner. Jetzt fängt der Affentanz an.","그럼 어디 잘해봐, 꼬마야. 지옥을 구경시켜 줄 테니.","","False","DIA_NAME_BANDIT_RUECKDASSCHAFRAUS_schaf_09_01","",""
"Scripts/Content/Story/Dialoge/DIA_BDT_1025_Bandit_H.d:135","Gar nichts. Was interessiert mich das dämliche Schaf?","아무것도 아니야. 멍청한 양 따위에 내가 왜 신경 쓰겠어?","","False","DIA_NAME_BANDIT_RUECKDASSCHAFRAUS_nichts_15_00","",""
"Scripts/Content/Story/Dialoge/DIA_BDT_1025_Bandit_H.d:136","Dann geh mir nicht auf die Nerven. Hau ab!","그럼 귀찮게 하지 말고 꺼져!","","False","DIA_NAME_BANDIT_RUECKDASSCHAFRAUS_nichts_09_01","",""
"Scripts/Content/Story/Dialoge/DIA_BDT_1030_Morgahard.d:33","Du bist Morgahard.","네가 모르가하드구나.","","False","DIA_Morgahard_HALLO.description","",""
"Scripts/Content/Story/Dialoge/DIA_BDT_1030_Morgahard.d:43","Du bist Morgahard.","네가 모르가하드구나.","","False","DIA_Morgahard_HALLO_15_00","",""
"Scripts/Content/Story/Dialoge/DIA_BDT_1030_Morgahard.d:44","Woher kennst du meinen Namen?","내 이름을 어떻게 알지?","","False","DIA_Morgahard_HALLO_07_01","",""
"Scripts/Content/Story/Dialoge/DIA_BDT_1030_Morgahard.d:45","Der Richter sucht nach dir. Du bist aus seinem Gefängnis geflohen.","판사가 너를 찾고 있어. 감옥에서 탈옥했다고 하더군.","","False","DIA_Morgahard_HALLO_15_02","",""
"Scripts/Content/Story/Dialoge/DIA_BDT_1030_Morgahard.d:46","Was hast du angestellt? Seine Brieftasche geklaut?","대체 무슨 짓을 저지른 거냐? 판사 지갑이라도 훔쳤나?","","False","DIA_Morgahard_HALLO_15_03","",""
"Scripts/Content/Story/Dialoge/DIA_BDT_1030_Morgahard.d:47","Nicht seine. Die des Stadthalters. Und das auch noch in seinem Auftrag.","그 자의 지갑이 아니야. 총독의 지갑이지. 그것도 그 자의 사주를 받아서 말이야.","","False","DIA_Morgahard_HALLO_07_04","",""
"Scripts/Content/Story/Dialoge/DIA_BDT_1030_Morgahard.d:48","Nachdem wir den Stadthalter überfallen haben, wollte er die Beute nicht mit uns teilen und hat uns verhaften lassen.","우리가 총독을 습격했더니, 그 자는 전리품을 나누기 싫어하며 우리를 체포해 버렸어.","","False","DIA_Morgahard_HALLO_07_05","",""
"Scripts/Content/Story/Dialoge/DIA_BDT_1030_Morgahard.d:49","Wir wollten nicht am Galgen enden, also sind wir geflohen.","교수대에 매달려 죽을 수는 없었기에 탈옥한 거다.","","False","DIA_Morgahard_HALLO_07_06","",""
"Scripts/Content/Story/Dialoge/DIA_BDT_1030_Morgahard.d:50","Wir dachten, so würden sie uns niemals kriegen. Das war wohl ein Irrtum.","그렇게 하면 우리를 절대 찾지 못할 거라 생각했지. 착각이었던 모양이지만.","","False","DIA_Morgahard_HALLO_07_07","",""
"Scripts/Content/Story/Dialoge/DIA_BDT_1030_Morgahard.d:53","Hör auf zu jammern und zieh deine Waffe.","투덜대지 말고 무기를 꺼내라.","","False","DIA_Morgahard_HALLO_Info.DIA_Morgahard_HALLO.DIA_Morgahard_HALLO_attack","Info_AddChoice",""
"Scripts/Content/Story/Dialoge/DIA_BDT_1030_Morgahard.d:54","Was können wir gegen den Richter unternehmen?","판사를 상대할 방법은 없을까?","","False","DIA_Morgahard_HALLO_Info.DIA_Morgahard_HALLO.DIA_Morgahard_HALLO_richter","Info_AddChoice",""
"Scripts/Content/Story/Dialoge/DIA_BDT_1030_Morgahard.d:55","Der Richter gab mir den Auftrag, dich zu töten.","판사가 네놈을 죽여달라고 의뢰하더군.","","False","DIA_Morgahard_HALLO_Info.DIA_Morgahard_HALLO.DIA_Morgahard_HALLO_tot","Info_AddChoice",""
"Scripts/Content/Story/Dialoge/DIA_BDT_1030_Morgahard.d:63","Der Richter gab mir den Auftrag, dich zu töten.","판사가 네놈을 죽여달라고 의뢰하더군.","","False","DIA_Morgahard_HALLO_tot_15_00","",""
"Scripts/Content/Story/Dialoge/DIA_BDT_1030_Morgahard.d:64","Ja sicher. Deswegen bist du doch hier, oder?","그렇겠지. 그래서 여기에 온 거 아니겠나?","","False","DIA_Morgahard_HALLO_tot_07_01","",""
"Scripts/Content/Story/Dialoge/DIA_BDT_1030_Morgahard.d:69","Was können wir gegen den Richter unternehmen?","판사를 상대할 방법은 없을까?","","False","DIA_Morgahard_HALLO_richter_15_00","",""
"Scripts/Content/Story/Dialoge/DIA_BDT_1030_Morgahard.d:70","Gar nichts. Der sitzt wie die Spinne im Netz da oben im oberen Viertel und ist unantastbar.","전혀 없지. 그 자는 위쪽 구역에서 거미줄에 앉은 거미처럼 똬리를 틀고 있어서 건드릴 수가 없거든.","","False","DIA_Morgahard_HALLO_richter_07_01","",""
"Scripts/Content/Story/Dialoge/DIA_BDT_1030_Morgahard.d:71","Das würde ich nicht sagen. Man bräuchte nur einen Beweis seiner Schuld bei der Sache mit dem Statthalter.","그렇지도 않아. 총독 건에 그 자가 공모했다는 증거만 있으면 돼.","","False","DIA_Morgahard_HALLO_richter_15_02","",""
"Scripts/Content/Story/Dialoge/DIA_BDT_1030_Morgahard.d:72","Einen Beweis, sagst du? Den habe ich. Aber wer würde schon auf einen verurteilten Verbrecher hören.","증거라니? 내게는 있지. 하지만 유죄 선고를 받은 범죄자의 말을 누가 믿어주겠나.","","False","DIA_Morgahard_HALLO_richter_07_03","",""
"Scripts/Content/Story/Dialoge/DIA_BDT_1030_Morgahard.d:73","Gib mir deinen Beweis, und ich werde dafür sorgen, dass dich niemand mehr jagen wird.","네가 가진 증거를 넘겨라. 그럼 아무도 너를 쫓지 못하게 손을 써주마.","","False","DIA_Morgahard_HALLO_richter_15_04","",""
"Scripts/Content/Story/Dialoge/DIA_BDT_1030_Morgahard.d:74","Bist du sicher? Na gut. Hier nimm diesen Brief. Er trägt die Unterschrift des Richters.","정말이냐? 좋아. 이 편지를 가져가라. 판사의 서명이 담겨 있다.","","False","DIA_Morgahard_HALLO_richter_07_05","",""
"Scripts/Content/Story/Dialoge/DIA_BDT_1030_Morgahard.d:76","Auch wenn es an meiner Schuld nichts ändert, wird er doch ausreichen, seine Mittäterschaft bei der Sache zu bestätigen.","내 죄가 사라지는 건 아니지만, 이 사건에 판사가 공모했다는 사실을 증명하기엔 충분할 거다.","","False","DIA_Morgahard_HALLO_richter_07_06","",""
"Scripts/Content/Story/Dialoge/DIA_BDT_1030_Morgahard.d:84","Hör auf zu jammern und zieh deine Waffe. Wir werden das jetzt beenden.","투덜대지 말고 무기를 꺼내라. 이 일도 이제 끝을 내자고.","","False","DIA_Morgahard_HALLO_attack_15_00","",""
"Scripts/Content/Story/Dialoge/DIA_BDT_1030_Morgahard.d:85","Wie du meinst. Ich habe sowieso nichts mehr zu verlieren.","마음대로 해라. 어차피 나도 잃을 건 없으니까.","","False","DIA_Morgahard_HALLO_attack_07_01","",""
"Scripts/Content/Story/Dialoge/DIA_BDT_1030_Morgahard.d:116","Irgendwann werde ich dieses Richterschwein noch mal am Galgen baumeln sehen.","언젠가 저 판사 돼지 새끼가 교수대에 매달리는 걸 꼭 보고야 말겠어.","","False","DIA_Morgahard_Perm_07_00","",""
"Scripts/Content/Story/Dialoge/DIA_BDT_1030_Morgahard.d:144","Warum verschwindest du nicht einfach?","그냥 여기서 떠나지 그러냐?","","False","DIA_Morgahard_Perm2_07_00","",""
"Scripts/Content/Story/Dialoge/DIA_BDT_1050_Landstreicher.d:43","Was soll das werden?","지금 뭐 하는 거지?","","False","DIA_Landstreicher_HALLO_09_00","",""
"Scripts/Content/Story/Dialoge/DIA_BDT_1050_Landstreicher.d:44","Was meinst du?","무슨 소리야?","","False","DIA_Landstreicher_HALLO_15_01","",""
"Scripts/Content/Story/Dialoge/DIA_BDT_1050_Landstreicher.d:45","Du bist jetzt schon der Zweite, der hier vorbeihastet, als hätten ihn die Blutfliegen gestochen.","흡혈파리에 쏘인 것처럼 이 길을 황급히 지나쳐간 자는 네가 두 번째야.","","False","DIA_Landstreicher_HALLO_09_02","",""
"Scripts/Content/Story/Dialoge/DIA_BDT_1050_Landstreicher.d:49","Ich muß weiter.","난 가 봐야겠어.","","False","DIA_Landstreicher_HALLO_Info.DIA_Landstreicher_HALLO.DIA_Landstreicher_HALLO_weg","Info_AddChoice",""
"Scripts/Content/Story/Dialoge/DIA_BDT_1050_Landstreicher.d:50","Wo ist der andere hin?","다른 녀석은 어디로 갔지?","","False","DIA_Landstreicher_HALLO_Info.DIA_Landstreicher_HALLO.DIA_Landstreicher_HALLO_wo","Info_AddChoice",""
"Scripts/Content/Story/Dialoge/DIA_BDT_1050_Landstreicher.d:51","Wer war der andere?","다른 녀석은 누구지?","","False","DIA_Landstreicher_HALLO_Info.DIA_Landstreicher_HALLO.DIA_Landstreicher_HALLO_wer","Info_AddChoice",""
"Scripts/Content/Story/Dialoge/DIA_BDT_1050_Landstreicher.d:56","Wo ist der andere hin?","다른 녀석은 어디로 갔지?","","False","DIA_Landstreicher_HALLO_wo_15_00","",""
"Scripts/Content/Story/Dialoge/DIA_BDT_1050_Landstreicher.d:57","Er ist wie der Blitz den Weg da oben raufgerannt.","번개처럼 저 위쪽 길로 뛰어 올라갔어.","","False","DIA_Landstreicher_HALLO_wo_09_01","",""
"Scripts/Content/Story/Dialoge/DIA_BDT_1050_Landstreicher.d:62","Wer war der andere?","다른 녀석은 누구지?","","False","DIA_Landstreicher_HALLO_wer_15_00","",""
"Scripts/Content/Story/Dialoge/DIA_BDT_1050_Landstreicher.d:63","Er sah aus wie einer dieser durchgeistigten Novizen aus dem Kloster da hinten.","저 뒤쪽에 있는 수도원의 정신 나간 견습생 중 하나처럼 생겼더군.","","False","DIA_Landstreicher_HALLO_wer_09_01","",""
"Scripts/Content/Story/Dialoge/DIA_BDT_1050_Landstreicher.d:64","Du kannst mir erzählen, was du willst, aber irgendwie sind die Burschen nicht ganz richtig in der Birne.","네가 뭐라고 하든 상관없지만, 저 녀석들은 제정신이 아니야.","","False","DIA_Landstreicher_HALLO_wer_09_02","",""
"Scripts/Content/Story/Dialoge/DIA_BDT_1050_Landstreicher.d:68","Guck dir doch alleine mal ihre albernen Klamotten an. Damit würde ich mich nicht einmal bei Nacht auf die Straße trauen. (lacht)","입고 있는 우스꽝스러운 옷 꼬락서니를 보라고. 밤거리에서 그런 옷을 입고 돌아다닐 엄두는 안 날걸. (웃음)","","False","DIA_Landstreicher_HALLO_wer_09_03","",""
"Scripts/Content/Story/Dialoge/DIA_BDT_1050_Landstreicher.d:69","Sei vorsichtig, was du sagst.","말 조심해.","","False","DIA_Landstreicher_HALLO_wer.DIA_Landstreicher_HALLO.DIA_Landstreicher_HALLO_wer_vorsicht","Info_AddChoice",""
"Scripts/Content/Story/Dialoge/DIA_BDT_1050_Landstreicher.d:75","Sei vorsichtig, was du sagst. Ich war auch einmal Novize im Kloster.","말 조심해. 나도 한때는 수도원의 견습생이었으니까.","","False","DIA_Landstreicher_HALLO_wer_vorsicht_15_00","",""
"Scripts/Content/Story/Dialoge/DIA_BDT_1050_Landstreicher.d:76","(lacht) Du armes Schwein. Jetzt wird mir allerdings einiges klar.","(웃음) 불쌍한 인간 같으니라고. 이제야 뭔가 좀 이해가 가네.","","False","DIA_Landstreicher_HALLO_wer_vorsicht_09_01","",""
"Scripts/Content/Story/Dialoge/DIA_BDT_1050_Landstreicher.d:77","Nichts für ungut. Geh ruhig weiter. Reisende Leute soll man nicht aufhalten.","기분 나빠하지 마. 가던 길 가라고. 떠나는 사람 붙잡는 거 아니니까.","","False","DIA_Landstreicher_HALLO_wer_vorsicht_09_02","",""
"Scripts/Content/Story/Dialoge/DIA_BDT_1050_Landstreicher.d:79","Dir sollte jemand Manieren beibringen.","누군가 너한테 예의를 좀 가르쳐야겠군.","","False","DIA_Landstreicher_HALLO_wer_vorsicht.DIA_Landstreicher_HALLO.DIA_Landstreicher_HALLO_wer_vorsicht_Manieren","Info_AddChoice",""
"Scripts/Content/Story/Dialoge/DIA_BDT_1050_Landstreicher.d:84","Dir sollte jemand Manieren beibringen.","누군가 너한테 예의를 좀 가르쳐야겠군.","","False","DIA_Landstreicher_HALLO_wer_vorsicht_Manieren_15_00","",""
"Scripts/Content/Story/Dialoge/DIA_BDT_1050_Landstreicher.d:85","Jetzt sei doch nicht gleich beleidigt. Aber gut, wenn du dich unbedingt prügeln willst.","너무 기분 나빠하지 마. 하지만 꼭 한 판 붙고 싶다면야.","","False","DIA_Landstreicher_HALLO_wer_vorsicht_Manieren_09_01","",""
"Scripts/Content/Story/Dialoge/DIA_BDT_1050_Landstreicher.d:86","Dann zeig mal, was du draufhast, Novize.","어디 실력을 좀 보여봐라, 견습생.","","False","DIA_Landstreicher_HALLO_wer_vorsicht_Manieren_09_02","",""
"Scripts/Content/Story/Dialoge/DIA_BDT_1050_Landstreicher.d:94","Ich muss weiter.","난 가봐야겠어.","","False","DIA_Landstreicher_HALLO_weg_15_00","",""
"Scripts/Content/Story/Dialoge/DIA_BDT_1050_Landstreicher.d:95","Hey. Kein Problem.","그래. 상관없어.","","False","DIA_Landstreicher_HALLO_weg_09_01","",""
"Scripts/Content/Story/Dialoge/DIA_BDT_1050_Landstreicher.d:110","Was suchst du hier?","여기서 뭐 하는 거지?","","False","DIA_Landstreicher_WASMACHSTDU.description","",""
"Scripts/Content/Story/Dialoge/DIA_BDT_1050_Landstreicher.d:120","Was suchst du hier?","여기서 뭐 하는 거지?","","False","DIA_Landstreicher_WASMACHSTDU_15_00","",""
"Scripts/Content/Story/Dialoge/DIA_BDT_1050_Landstreicher.d:124","Für so einen Schnösel stellst du verdammt viele Fragen.","애송이치고는 질문이 아주 많단 말이야.","","False","DIA_Landstreicher_WASMACHSTDU_09_01","",""
"Scripts/Content/Story/Dialoge/DIA_BDT_1050_Landstreicher.d:127","Sag mir, durch welche Goblinhöhle wir beide zusammen gekrochen sind und ich erzähl dir meine Geheimnisse.","우리 둘이 같이 기어들어갔던 고블린 동굴 이름이라도 대면 내 비밀을 말해 주지.","","False","DIA_Landstreicher_WASMACHSTDU_09_02","",""
"Scripts/Content/Story/Dialoge/DIA_BDT_1050_Landstreicher.d:128","Andernfalls kümmere dich um deine Angelegenheiten.","그게 아니라면 네 일이나 신경 쓰시지.","","False","DIA_Landstreicher_WASMACHSTDU_09_03","",""
"Scripts/Content/Story/Dialoge/DIA_BDT_1051_Wegelagerer.d:45","Was macht ihr hier?","여기서 뭐 하고 있지?","","False","DIA_1051_Wegelagerer_Hello.description","",""
"Scripts/Content/Story/Dialoge/DIA_BDT_1051_Wegelagerer.d:58","Was macht ihr hier?","여기서 뭐 하고 있지?","","False","DIA_1051_Wegelagerer_Hello_15_00","",""
"Scripts/Content/Story/Dialoge/DIA_BDT_1051_Wegelagerer.d:59","Was geht dich das an?","그게 네 알 바인가?","","False","DIA_1051_Wegelagerer_Hello_07_01","",""
"Scripts/Content/Story/Dialoge/DIA_BDT_1051_Wegelagerer.d:71","Ich suche einen Novizen.","견습생을 찾고 있다.","","False","DIA_1051_Wegelagerer_Novice.description","",""
"Scripts/Content/Story/Dialoge/DIA_BDT_1051_Wegelagerer.d:86","Ich suche einen Novizen.","견습생을 찾고 있다.","","False","DIA_1051_Wegelagerer_Novice_15_00","",""
"Scripts/Content/Story/Dialoge/DIA_BDT_1051_Wegelagerer.d:87","Das ist ja interessant. Wir suchen nämlich auch jemanden.","흥미롭군. 마침 우리도 찾고 있는 사람이 있거든.","","False","DIA_1051_Wegelagerer_Novice_07_01","",""
"Scripts/Content/Story/Dialoge/DIA_BDT_1051_Wegelagerer.d:90","Wen sucht ihr?","누굴 찾고 있지?","","False","DIA_Wegelagerer_Novice_Info.DIA_1051_Wegelagerer_Novice.DIA_1051_Wegelagerer_Question_Novice_Who","Info_AddChoice",""
"Scripts/Content/Story/Dialoge/DIA_BDT_1051_Wegelagerer.d:102","War nur 'ne Frage.","그냥 물어본 거야.","","False","DIA_1051_Wegelagerer_Question.description","",""
"Scripts/Content/Story/Dialoge/DIA_BDT_1051_Wegelagerer.d:116","War nur 'ne Frage.","그냥 물어본 거야.","","False","DIA_1051_Wegelagerer_Question_15_00","",""
"Scripts/Content/Story/Dialoge/DIA_BDT_1051_Wegelagerer.d:117","Schon verstanden. Aber was machst DU denn hier?","알았다 이거지. 그런데 너는 여기서 뭐 하는 거지?","","False","DIA_1051_Wegelagerer_Question_07_01","",""
"Scripts/Content/Story/Dialoge/DIA_BDT_1051_Wegelagerer.d:118","Schließlich ist das unsere Straße und wir haben's nicht gern, wenn man uns hier belästigt.","결국 여긴 우리 길이고, 우리는 누군가 얼쩡거리는 걸 딱 질색하거든.","","False","DIA_1051_Wegelagerer_Question_07_02","",""
"Scripts/Content/Story/Dialoge/DIA_BDT_1051_Wegelagerer.d:124","Ich suche einen Novizen.","견습생을 찾고 있다.","","False","DIA_Wegelagerer_Question_Info.DIA_1051_Wegelagerer_Question.DIA_1051_Wegelagerer_Question_Novice","Info_AddChoice",""
"Scripts/Content/Story/Dialoge/DIA_BDT_1051_Wegelagerer.d:127","Das geht dich gar nichts an.","네가 알 바 아니야.","","False","DIA_Wegelagerer_Question_Info.DIA_1051_Wegelagerer_Question.DIA_1051_Wegelagerer_Question_MyConcern","Info_AddChoice",""
"Scripts/Content/Story/Dialoge/DIA_BDT_1051_Wegelagerer.d:128","Ich seh mich nur mal um.","그냥 둘러보는 중이다.","","False","DIA_Wegelagerer_Question_Info.DIA_1051_Wegelagerer_Question.DIA_1051_Wegelagerer_Question_LookAround","Info_AddChoice",""
"Scripts/Content/Story/Dialoge/DIA_BDT_1051_Wegelagerer.d:133","Ich suche einen Novizen.","견습생을 찾고 있다.","","False","DIA_1051_Wegelagerer_Question_Novice_15_00","",""
"Scripts/Content/Story/Dialoge/DIA_BDT_1051_Wegelagerer.d:134","Das ist ja interessant. Wir suchen nämlich auch jemanden.","흥미롭군. 마침 우리도 찾고 있는 사람이 있거든.","","False","DIA_1051_Wegelagerer_Question_Novice_07_01","",""
"Scripts/Content/Story/Dialoge/DIA_BDT_1051_Wegelagerer.d:137","Wen sucht ihr?","누굴 찾고 있지?","","False","DIA_1051_Wegelagerer_Question_Novice.DIA_1051_Wegelagerer_Question.DIA_1051_Wegelagerer_Question_Novice_Who","Info_AddChoice",""
"Scripts/Content/Story/Dialoge/DIA_BDT_1051_Wegelagerer.d:142","Ach ja, wen denn?","그래, 누굴 말이야?","","False","DIA_1051_Wegelagerer_Question_Novice_Who_15_00","",""
"Scripts/Content/Story/Dialoge/DIA_BDT_1051_Wegelagerer.d:143","Dich!","너 말이야!","","False","DIA_1051_Wegelagerer_Question_Novice_Who_07_01","",""
"Scripts/Content/Story/Dialoge/DIA_BDT_1051_Wegelagerer.d:151","Das geht dich gar nichts an.","네가 알 바 아니야.","","False","DIA_1051_Wegelagerer_Question_MyConcern_15_00","",""
"Scripts/Content/Story/Dialoge/DIA_BDT_1051_Wegelagerer.d:152","Was soll das? Willst du Ärger?","무슨 소리야? 싸우고 싶어 안달이라도 났나?","","False","DIA_1051_Wegelagerer_Question_MyConcern_07_01","",""
"Scripts/Content/Story/Dialoge/DIA_BDT_1051_Wegelagerer.d:155","Nein, schon gut. Kein Ärger.","아니, 됐어. 싸울 일은 없어.","","False","DIA_1051_Wegelagerer_Question_MyConcern.DIA_1051_Wegelagerer_Question.DIA_1051_Wegelagerer_Question_MyConcern_No","Info_AddChoice",""
"Scripts/Content/Story/Dialoge/DIA_BDT_1051_Wegelagerer.d:156","Wenn es sein muss.","그렇다면야.","","False","DIA_1051_Wegelagerer_Question_MyConcern.DIA_1051_Wegelagerer_Question.DIA_1051_Wegelagerer_Question_MyConcern_Yes","Info_AddChoice",""
"Scripts/Content/Story/Dialoge/DIA_BDT_1051_Wegelagerer.d:161","Nein, schon gut. Kein Ärger.","아니, 됐어. 싸울 일은 없어.","","False","DIA_1051_Wegelagerer_Question_MyConcern_No_15_00","",""
"Scripts/Content/Story/Dialoge/DIA_BDT_1051_Wegelagerer.d:162","Kann verstehen, dass du die Hosen voll hast. Jetzt verzieh dich.","쫄았나 보네. 그럼 꺼져.","","False","DIA_1051_Wegelagerer_Question_MyConcern_No_07_01","",""
"Scripts/Content/Story/Dialoge/DIA_BDT_1051_Wegelagerer.d:169","Wenn es sein muss.","그렇다면야.","","False","DIA_1051_Wegelagerer_Question_MyConcern_Yes_15_00","",""
"Scripts/Content/Story/Dialoge/DIA_BDT_1051_Wegelagerer.d:170","Hoho, ganz schön große Klappe.","오호, 제법 큰소리를 치시네.","","False","DIA_1051_Wegelagerer_Question_MyConcern_Yes_07_01","",""
"Scripts/Content/Story/Dialoge/DIA_BDT_1051_Wegelagerer.d:171","Wird Zeit, dass ich sie dir stopfe.","그 입을 다물게 해 줄 시간인 것 같군.","","False","DIA_1051_Wegelagerer_Question_MyConcern_Yes_07_02","",""
"Scripts/Content/Story/Dialoge/DIA_BDT_1051_Wegelagerer.d:180","Ich seh mich nur mal um.","그냥 둘러보는 중이다.","","False","DIA_1051_Wegelagerer_Question_LookAround_15_00","",""
"Scripts/Content/Story/Dialoge/DIA_BDT_1051_Wegelagerer.d:181","Tu das, aber hör auf uns zu nerven.","그러시든지. 대신 우리를 귀찮게 하진 마.","","False","DIA_1051_Wegelagerer_Question_LookAround_07_01","",""
"Scripts/Content/Story/Dialoge/DIA_BDT_1051_Wegelagerer.d:213","Jetzt bist du reif.","이제 임자 만났어.","","False","DIA_Wegelagerer_ANGRIFF_07_00","",""
"Scripts/Content/Story/Dialoge/DIA_BDT_1052_Wegelagerer.d:33","Wer bist du?","너는 누구지?","","False","DIA_1052_Wegelagerer_Hello.description","",""
"Scripts/Content/Story/Dialoge/DIA_BDT_1052_Wegelagerer.d:49","Wer bist du?","너는 누구지?","","False","DIA_1052_Wegelagerer_Hello_15_00","",""
"Scripts/Content/Story/Dialoge/DIA_BDT_1052_Wegelagerer.d:50","Was soll das werden? Ein Verhör?","이거 왜 이래? 심문이라도 하는 거야?","","False","DIA_1052_Wegelagerer_Hello_06_01","",""
"Scripts/Content/Story/Dialoge/DIA_BDT_1052_Wegelagerer.d:51","Ich hab dir nichts zu sagen, aber du kannst ja mal mit meinem Kumpel reden.","너한테 해줄 말은 없어. 내 친구랑 얘기해보든가.","","False","DIA_1052_Wegelagerer_Hello_06_02","",""
"Scripts/Content/Story/Dialoge/DIA_BDT_1052_Wegelagerer.d:52","Aber sei vorsichtig, er mag keine Fremden.","하지만 조심하는 게 좋을걸. 녀석은 낯가림이 심하거든.","","False","DIA_1052_Wegelagerer_Hello_06_03","",""
"Scripts/Content/Story/Dialoge/DIA_BDT_1052_Wegelagerer.d:79","So, Freundchen. Jetzt bist du dran.","좋아, 친구. 이제 네 차례다.","","False","DIA_Wegelagerer_ANGRIFF2_06_00","",""
"Scripts/Content/Story/Dialoge/DIA_BDT_1060_Dexter.d:46","Sieh an, wer da ist. Der große Befreier. Na du Held - was suchst du hier?","이게 누구야. 위대한 해방자시네. 그래, 영웅님 — 여기서 뭘 하고 있지?","","False","DIA_Dexter_Hallo_09_00","",""
"Scripts/Content/Story/Dialoge/DIA_BDT_1060_Dexter.d:47","Ich suche ein paar Antworten.","몇 가지 대답을 찾으러 왔다.","","False","DIA_Dexter_Hallo_15_01","",""
"Scripts/Content/Story/Dialoge/DIA_BDT_1060_Dexter.d:52","Ich hatte nicht damit gerechnet, dass du freiwillig hierher kommst.","네 발로 직접 찾아올 줄은 몰랐는데.","","False","DIA_Addon_Dexter_Hallo_09_00","",""
"Scripts/Content/Story/Dialoge/DIA_BDT_1060_Dexter.d:53","Was soll das heißen?","무슨 뜻이지?","","False","DIA_Addon_Dexter_Hallo_15_01","",""
"Scripts/Content/Story/Dialoge/DIA_BDT_1060_Dexter.d:54","Das soll heißen, dass ich dich hab suchen lassen. Noch keinen von meinen Steckbriefen gesehen?","내가 널 찾고 있었다는 뜻이지. 내 수배서 못 봤나?","","False","DIA_Addon_Dexter_Hallo_09_02","",""
"Scripts/Content/Story/Dialoge/DIA_BDT_1060_Dexter.d:55","DEINE Visage ist da drauf. Ja ... du bist ein begehrter Mann. Hast du das nicht gewusst?","거기에 네 얼굴이 딱 박혀 있거든. 그래... 넌 아주 인기남이야. 몰랐나?","","False","DIA_Addon_Dexter_Hallo_09_03","",""
"Scripts/Content/Story/Dialoge/DIA_BDT_1060_Dexter.d:60","Irgendjemand verteilt Zettel mit meinem Gesicht drauf. Irgendjemand meint, dass du das wärst.","누군가 내 얼굴이 그려진 쪽지를 돌리고 다니더군. 그리고 그게 너라고 하던데.","","False","DIA_Dexter_Hallo_15_02","",""
"Scripts/Content/Story/Dialoge/DIA_BDT_1060_Dexter.d:61","Irgendjemand redet zuviel.","누가 입이 좀 가볍네.","","False","DIA_Dexter_Hallo_09_03","",""
"Scripts/Content/Story/Dialoge/DIA_BDT_1060_Dexter.d:63","Aber du hast Recht. Ich habe die Steckbriefe verteilt. Und siehe da, du bist hier.","하지만 네 말이 맞다. 내가 수배서를 돌렸지. 그리고 봐라, 네가 이렇게 와 있잖아.","","False","DIA_Addon_Dexter_Hallo_09_04","",""
"Scripts/Content/Story/Dialoge/DIA_BDT_1060_Dexter.d:79","Was willst du denn von mir?","그래서 나한테 원하는 게 뭐지?","","False","DIA_Addon_Dexter_Hallo_15_05","",""
"Scripts/Content/Story/Dialoge/DIA_BDT_1060_Dexter.d:80","Ich? Gar nichts. Aber mein Boss, der ist ganz heiß drauf, dich zu töten.","나? 난 아무것도 없어. 하지만 내 보스가 널 죽이고 싶어 안달이 났거든.","","False","DIA_Addon_Dexter_Hallo_09_06","",""
"Scripts/Content/Story/Dialoge/DIA_BDT_1060_Dexter.d:81","Deswegen soll ich dich finden und deinen Kopf zu ihm bringen.","그래서 내가 널 찾아내서 목을 가져다주기로 했지.","","False","DIA_Addon_Dexter_Hallo_09_07","",""
"Scripts/Content/Story/Dialoge/DIA_BDT_1060_Dexter.d:93","Ich glaube dir kein Wort.","한 마디도 믿을 수 없군.","","False","DIA_Dexter_Glaube.description","",""
"Scripts/Content/Story/Dialoge/DIA_BDT_1060_Dexter.d:106","Ich glaube dir kein Wort.","한 마디도 믿을 수 없군.","","False","DIA_Dexter_Glaube_15_00","",""
"Scripts/Content/Story/Dialoge/DIA_BDT_1060_Dexter.d:107","Hey, es ist wahr. Ich schwöre beim Grab meiner Mutter!","이봐, 진짜야. 우리 엄마 무덤을 걸고 맹세하지!","","False","DIA_Dexter_Glaube_09_01","",""
"Scripts/Content/Story/Dialoge/DIA_BDT_1060_Dexter.d:119","Ein Söldner namens Patrick soll hier gewesen sein.","패트릭이라는 용병이 여기 다녀갔다고 하던데.","","False","DIA_Addon_Dexter_Patrick.description","",""
"Scripts/Content/Story/Dialoge/DIA_BDT_1060_Dexter.d:133","Ein Söldner namens Patrick soll hier gewesen sein.","패트릭이라는 용병이 여기 다녀갔다고 하던데.","","False","DIA_Addon_Dexter_Patrick_15_00","",""
"Scripts/Content/Story/Dialoge/DIA_BDT_1060_Dexter.d:134","Patrick, he? Keine Ahnung, was du meinst.","패트릭이라고? 무슨 소리 하는지 모르겠는데.","","False","DIA_Addon_Dexter_Patrick_09_01","",""
"Scripts/Content/Story/Dialoge/DIA_BDT_1060_Dexter.d:135","Ich kann mich an ein Großmaul von Söldner erinnern, der gelegentlich bei den Jungs draußen 'rumhing.","바깥에 있는 녀석들과 어울려 다니던 입만 산 용병 녀석은 기억이 나기도 하네.","","False","DIA_Addon_Dexter_Patrick_09_02","",""
"Scripts/Content/Story/Dialoge/DIA_BDT_1060_Dexter.d:136","(lügt auffällig) Den hab ich aber schon lange nicht mehr gesehen.","(티 나게 거짓말을 하며) 하지만 그 녀석 본 지는 꽤 오래됐어.","","False","DIA_Addon_Dexter_Patrick_09_03","",""
"Scripts/Content/Story/Dialoge/DIA_BDT_1060_Dexter.d:137","(scheinheilig) Vielleicht haben die Jungs ihn am Ende noch aufgeknüpft. Ich habe keine Ahnung.","(위선적으로) 어쩌면 그 녀석이 결국 목이라도 매달았을지 모르지. 난 몰라.","","False","DIA_Addon_Dexter_Patrick_09_04","",""
"Scripts/Content/Story/Dialoge/DIA_BDT_1060_Dexter.d:156","Da ist so'n Kerl mit Augenklappe. Der sucht DICH!","안대를 한 녀석이 있어. 그 자가 널 찾고 있던데!","","False","DIA_Addon_Dexter_Greg.description","",""
"Scripts/Content/Story/Dialoge/DIA_BDT_1060_Dexter.d:170","Da gibt's so'n Kerl mit Augenklappe. Der sucht DICH!","안대를 한 녀석이 있어. 그 자가 널 찾고 있던데!","","False","DIA_Addon_Dexter_Greg_15_00","",""
"Scripts/Content/Story/Dialoge/DIA_BDT_1060_Dexter.d:171","Alle suchen mich. Das schert mich einen Dreck.","다들 날 찾는군. 하지만 콧방귀도 안 뀌어.","","False","DIA_Addon_Dexter_Greg_09_01","",""
"Scripts/Content/Story/Dialoge/DIA_BDT_1060_Dexter.d:172","Wenn der Kerl was von mir will, soll er her kommen.","그 자가 내게 볼일이 있다면, 직접 찾아오라고 해.","","False","DIA_Addon_Dexter_Greg_09_02","",""
"Scripts/Content/Story/Dialoge/DIA_BDT_1060_Dexter.d:185","Man erzählt sich, dass du Leute aus Khorinis verschleppst.","코리니스 주민들을 납치하고 다닌다는 소문이 있던데.","","False","DIA_Addon_Dexter_missingPeople.description","",""
"Scripts/Content/Story/Dialoge/DIA_BDT_1060_Dexter.d:199","Man erzählt sich, dass du Leute aus Khorinis verschleppst.","코리니스 주민들을 납치하고 다닌다는 소문이 있던데.","","False","DIA_Addon_Dexter_missingPeople_15_00","",""
"Scripts/Content/Story/Dialoge/DIA_BDT_1060_Dexter.d:200","Dahinter bist du also auch schon gekommen. Saubere Arbeit kann ich da nur sagen.","거기까지 알아냈단 말이지. 솜씨가 아주 깔끔하구만, 버스터.","","False","DIA_Addon_Dexter_missingPeople_09_01","",""
"Scripts/Content/Story/Dialoge/DIA_BDT_1060_Dexter.d:201","Ich dachte, ich hätte meine Spuren besser verwischt.","흔적을 잘 지웠다고 생각했는데 말이야.","","False","DIA_Addon_Dexter_missingPeople_09_02","",""
"Scripts/Content/Story/Dialoge/DIA_BDT_1060_Dexter.d:204","Wer gab dir diesen Auftrag?","누가 그런 지시를 내렸지?","","False","DIA_Addon_Dexter_missingPeople_Info.DIA_Addon_Dexter_missingPeople.DIA_Addon_Dexter_missingPeople_wer","Info_AddChoice",""
"Scripts/Content/Story/Dialoge/DIA_BDT_1060_Dexter.d:205","Wo sind die Leute geblieben?","사람들은 어디로 끌려간 거지? 혹시 이 근처 광산 같은 곳인가?","","False","DIA_Addon_Dexter_missingPeople_Info.DIA_Addon_Dexter_missingPeople.DIA_Addon_Dexter_missingPeople_Wo","Info_AddChoice",""
"Scripts/Content/Story/Dialoge/DIA_BDT_1060_Dexter.d:210","Wo sind die Leute geblieben? Hier irgendwo in den Minen?","사람들은 어디로 끌려간 거지? 혹시 이 근처 광산 같은 곳인가?","","False","DIA_Addon_Dexter_missingPeople_Wo_15_00","",""
"Scripts/Content/Story/Dialoge/DIA_BDT_1060_Dexter.d:211","(lacht) Sie sind schon längst über alle Berge im Nordosten und unerreichbar für dich.","(웃음) 그들은 북동쪽 산 너머로 오래 전에 떠났고, 네가 닿을 수 없는 곳에 있지.","","False","DIA_Addon_Dexter_missingPeople_Wo_09_01","",""
"Scripts/Content/Story/Dialoge/DIA_BDT_1060_Dexter.d:212","Ich könnte dir zeigen, wo genau, aber ich wüsste nicht, warum ich das tun sollte.","정확히 어디인지 알려줄 수도 있지만, 왜 그래야 하는지 모르겠는걸.","","False","DIA_Addon_Dexter_missingPeople_Wo_09_02","",""
"Scripts/Content/Story/Dialoge/DIA_BDT_1060_Dexter.d:217","Wer gab dir diesen Auftrag?","누가 그런 지시를 내렸지?","","False","DIA_Addon_Dexter_missingPeople_wer_15_00","",""
"Scripts/Content/Story/Dialoge/DIA_BDT_1060_Dexter.d:218","Mein Boss. Ein gefährlicher Mann. Du kennst ihn. Es ist Raven, einer der ehemaligen Erzbarone aus dem alten Lager im Minental.","내 보스야. 위험한 인물이지. 넌 그를 잘 알 걸. 광산 골레이의 옛 영지 출신 전직 광산 남작 중 하나인 레이븐이야.","","False","DIA_Addon_Dexter_missingPeople_wer_09_01","",""
"Scripts/Content/Story/Dialoge/DIA_BDT_1060_Dexter.d:219","Er braucht die Leute für seine Pläne. Und das ist auch schon alles, was du wissen musst.","그는 자신의 계획을 위해 사람들이 필요해. 네가 알아야 할 건 그게 전부야.","","False","DIA_Addon_Dexter_missingPeople_wer_09_02","",""
"Scripts/Content/Story/Dialoge/DIA_BDT_1060_Dexter.d:221","Raven gefährlich? Naja...","레이븐이 위험하다고? 그래봤자...","","False","DIA_Addon_Dexter_missingPeople_wer.DIA_Addon_Dexter_missingPeople.DIA_Addon_Dexter_missingPeople_Raven","Info_AddChoice",""
"Scripts/Content/Story/Dialoge/DIA_BDT_1060_Dexter.d:222","Ein Erzbaron hier in Khorinis?","광산 남작이 코리니스에 있다고?","","False","DIA_Addon_Dexter_missingPeople_wer.DIA_Addon_Dexter_missingPeople.DIA_Addon_Dexter_missingPeople_RavenTot","Info_AddChoice",""
"Scripts/Content/Story/Dialoge/DIA_BDT_1060_Dexter.d:227","Raven gefährlich? Naja ...","레이븐이 위험하다고? 그래봤자...","","False","DIA_Addon_Dexter_missingPeople_Raven_15_00","",""
"Scripts/Content/Story/Dialoge/DIA_BDT_1060_Dexter.d:228","(verärgert) Was weißt DU denn schon? Du kennst ihn nicht so, wie ich ihn kenne.","(짜증 내며) 네가 뭘 아는데? 넌 그를 나만큼 잘 알지도 못하잖아.","","False","DIA_Addon_Dexter_missingPeople_Raven_09_01","",""
"Scripts/Content/Story/Dialoge/DIA_BDT_1060_Dexter.d:229","(verunsichert) Er war damals schon ein mieses Schwein, aber heute ...","(불안해하며) 그는 예전에도 비열한 새끼였지만, 지금은...","","False","DIA_Addon_Dexter_missingPeople_Raven_09_02","",""
"Scripts/Content/Story/Dialoge/DIA_BDT_1060_Dexter.d:230","Er hat sich verändert, seit die Barriere gefallen ist. Ein schwarzer Schatten liegt auf seinem Gesicht.","장벽이 무너진 이후로 그는 변했어. 그의 얼굴엔 검은 그림자가 드리워져 있지.","","False","DIA_Addon_Dexter_missingPeople_Raven_09_03","",""
"Scripts/Content/Story/Dialoge/DIA_BDT_1060_Dexter.d:231","(eingeschüchtert) Sein scharfer Blick durchdringt dich wie die Krallen eines Greifvogels, wenn du ihm zu lange in die Augen schaust.","(겁에 질려) 그와 너무 오래 눈을 마주치고 있으면, 그의 날카로운 시선이 마치 맹禽의 발톱처럼 너를 꿰뚫을 거다.","","False","DIA_Addon_Dexter_missingPeople_Raven_09_04","",""
"Scripts/Content/Story/Dialoge/DIA_BDT_1060_Dexter.d:232","Ich kann dir nur den einen Rat geben: Verlasse Khorinis, so schnell wie du nur kannst, bevor es zu spät ist.","충고하겠는데, 너무 늦기 전에 당장 코리니스를 떠나는 게 좋을 거야.","","False","DIA_Addon_Dexter_missingPeople_Raven_09_05","",""
"Scripts/Content/Story/Dialoge/DIA_BDT_1060_Dexter.d:233","(finster) Hier gibt es nichts für dich. Nur den sicheren Tod.","(음산하게) 여기엔 너를 위한 건 없어. 확실한 죽음뿐이지.","","False","DIA_Addon_Dexter_missingPeople_Raven_09_06","",""
"Scripts/Content/Story/Dialoge/DIA_BDT_1060_Dexter.d:244","Ein Erzbaron hier in Khorinis?","광산 남작이 코리니스에 있다고?","","False","DIA_Addon_Dexter_missingPeople_RavenTot_15_00","",""
"Scripts/Content/Story/Dialoge/DIA_BDT_1060_Dexter.d:245","Er ist kein Erzbaron mehr. Er hat seine eigenen Pläne und das wird Khorinis auch schon bald zu spüren bekommen.","그는 더 이상 광산 남작이 아니야. 그만의 계획이 있고, 코리니스도 곧 그 대가를 톡톡히 치르게 될 거다.","","False","DIA_Addon_Dexter_missingPeople_RavenTot_09_01","",""
"Scripts/Content/Story/Dialoge/DIA_BDT_1060_Dexter.d:257","Dein Boss? Wer soll das sein?","네 보스라니? 대체 누구지?","","False","DIA_Addon_Dexter_Boss.description","",""
"Scripts/Content/Story/Dialoge/DIA_BDT_1060_Dexter.d:271","Dein Boss? Wer soll das sein?","네 보스라니? 대체 누구지?","","False","DIA_Addon_Dexter_Boss_15_00","",""
"Scripts/Content/Story/Dialoge/DIA_BDT_1060_Dexter.d:272","(lacht) Das möchtest du gerne wissen, was? Ja, das kann ich mir vorstellen.","(웃음) 정말 알고 싶나? 그래, 그럴 줄 알았지.","","False","DIA_Addon_Dexter_Boss_09_01","",""
"Scripts/Content/Story/Dialoge/DIA_BDT_1060_Dexter.d:273","(ernst) Ich wüsste keinen Grund, warum ich dir das sagen sollte.","(진지하게) 하지만 내가 너한테 그걸 알려줘야 할 이유는 없군.","","False","DIA_Addon_Dexter_Boss_09_02","",""
"Scripts/Content/Story/Dialoge/DIA_BDT_1060_Dexter.d:285","Und was hast du jetzt vor?","그래서 이제 어쩔 셈이지?","","False","DIA_Dexter_Vor.description","",""
"Scripts/Content/Story/Dialoge/DIA_BDT_1060_Dexter.d:298","Und was hast du jetzt vor? Willst du mich töten?","그래서 이제 어쩔 셈이지? 날 죽이기라도 하려나?","","False","DIA_Dexter_Vor_15_00","",""
"Scripts/Content/Story/Dialoge/DIA_BDT_1060_Dexter.d:299","Ja. Aber du hast uns alle befreit. Deshalb gebe ich dir noch eine Chance. Hau ab - verschwinde, mach dich unsichtbar. Geh und lauf mir nie wieder übern Weg.","그래. 하지만 넌 우리 모두를 구해줬어. 그래서 한 번 더 기회를 주지. 꺼져라 — 눈에 띄지 말고 사라져. 두 번 다시 내 앞에 나타나지 마.","","False","DIA_Dexter_Vor_09_01","",""
"Scripts/Content/Story/Dialoge/DIA_BDT_1060_Dexter.d:300","Ich muss wissen, wohin du die Leute verschleppt hast.","사람들을 어디로 납치해 갔는지 알아야겠어.","","False","DIA_Addon_Dexter_Vor_15_00","",""
"Scripts/Content/Story/Dialoge/DIA_BDT_1060_Dexter.d:301","(lacht) Tja. Kannst ja versuchen, es aus mir raus zu prügeln.","(웃음) 글쎄. 내게서 직접 두들겨 맞고 알아내 보시지...","","False","DIA_Addon_Dexter_Vor_09_01","",""
"Scripts/Content/Story/Dialoge/DIA_BDT_1060_Dexter.d:302","(droht) Es ist besser für dich, wenn du jetzt gehst.","(협박조로) 지금 떠나는 게 신상에 좋을 거다.","","False","DIA_Addon_Dexter_Vor_09_02","",""
"Scripts/Content/Story/Dialoge/DIA_BDT_1060_Dexter.d:303","Lässt du dich hier noch mal blicken, werde nicht zögern, dich zu töten.","여기서 다시 얼쩡거리면, 그땐 망설이지 않고 죽여버릴 테니까.","","False","DIA_Dexter_Vor_09_02","",""
"Scripts/Content/Story/Dialoge/DIA_BDT_1060_Dexter.d:334","(greift an) Du hast es nicht anders gewollt...","(공격하며) 네가 자초한 일이다...","","False","DIA_Addon_Dexter_Add_09_02","",""
"Scripts/Content/Story/Dialoge/DIA_BDT_1060_Dexter.d:338","Oh Mann, du wärst hier besser nicht aufgetaucht. Du bist der falsche Mann am falschen Ort.","이런, 여기에 나타나지 않는 게 좋았을 텐데. 번지수를 잘못 찾아왔어.","","False","DIA_Dexter_Kill_09_01","",""
"Scripts/Content/Story/Dialoge/DIA_BDT_1060_Dexter.d:370","Du willst meinen Kopf? Komm und hol ihn dir!","내 목을 원하나? 와서 가져가 봐라!","","False","DIA_Dexter_Kopf.description","",""
"Scripts/Content/Story/Dialoge/DIA_BDT_1060_Dexter.d:383","Du willst meinen Kopf? Komm und hol ihn dir!","내 목을 원하나? 와서 가져가 봐라!","","False","DIA_Addon_Dexter_Add_15_00","",""
"Scripts/Content/Story/Dialoge/DIA_BDT_1060_Dexter.d:384","(greift an) Ganz wie du willst...","(공격하며) 원하던 대로 해주지...","","False","DIA_Addon_Dexter_Add_09_01","",""
"Scripts/Content/Story/Dialoge/DIA_BDT_1061_Wache.d:43","Halt - du kannst hier nicht vorbei.","멈춰라 — 이 앞으로는 지나갈 수 없다.","","False","DIA_1061_Wache_Hallo_01_00","",""
"Scripts/Content/Story/Dialoge/DIA_BDT_1061_Wache.d:44","Ich will mit deinem Anführer sprechen.","너희 우두머리와 얘기를 좀 해야겠어.","","False","DIA_1061_Wache_Hallo_15_01","",""
"Scripts/Content/Story/Dialoge/DIA_BDT_1061_Wache.d:45","(ironisch) Ach so, du willst mit meinem Boss sprechen. Ja, dann lasse ich dich NATÜRLICH durch.","(비꼬듯) 아, 그래, 내 보스와 얘기를 하고 싶으시겠다. 그럼 당.연.히. 들여보내 드려야지.","","False","DIA_1061_Wache_Hallo_01_02","",""
"Scripts/Content/Story/Dialoge/DIA_BDT_1061_Wache.d:46","(todernst) Aber nur wenn du seinen Namen kennst - denn wenn nicht, muss ich dich töten! Also?","(정색하며) 하지만 그 자의 이름을 알고 있을 때 얘기지. 모른다면 널 죽여버릴 수밖에 없거든! 어때?","","False","DIA_1061_Wache_Hallo_01_03","",""
"Scripts/Content/Story/Dialoge/DIA_BDT_1061_Wache.d:49","Lee","리","","False","DIA_1061_Wache_Hallo_Info.DIA_1061_Wache_Hallo.DIA_1061_Wache_Hallo_Lee","Info_AddChoice",""
"Scripts/Content/Story/Dialoge/DIA_BDT_1061_Wache.d:53","Dexter","덱스터","","False","DIA_1061_Wache_Hallo_Info.DIA_1061_Wache_Hallo.DIA_1061_Wache_Hallo_Dexter","Info_AddChoice",""
"Scripts/Content/Story/Dialoge/DIA_BDT_1061_Wache.d:56","Diego","디에고","","False","DIA_1061_Wache_Hallo_Info.DIA_1061_Wache_Hallo.DIA_1061_Wache_Hallo_Diego","Info_AddChoice",""
"Scripts/Content/Story/Dialoge/DIA_BDT_1061_Wache.d:57","Keine Ahnung","모르겠는데","","False","DIA_1061_Wache_Hallo_Info.DIA_1061_Wache_Hallo.DIA_1061_Wache_Hallo_Ahnung","Info_AddChoice",""
"Scripts/Content/Story/Dialoge/DIA_BDT_1061_Wache.d:62","Lee.","리.","","False","DIA_1061_Wache_Hallo_Lee_15_00","",""
"Scripts/Content/Story/Dialoge/DIA_BDT_1061_Wache.d:63","Tja, wie soll ich sagen? Du hast gerade dein Leben verwirkt, Mann!","글쎄, 뭐라고 해야 할까? 네 목숨은 방금 끝났다, 이 친구야!","","False","DIA_1061_Wache_Hallo_Lee_01_01","",""
"Scripts/Content/Story/Dialoge/DIA_BDT_1061_Wache.d:72","Dexter.","덱스터.","","False","DIA_1061_Wache_Hallo_Dexter_15_00","",""
"Scripts/Content/Story/Dialoge/DIA_BDT_1061_Wache.d:73","Tja ... Schätze, du kennst meinen Boss. Okay, ich lasse dich durch. Aber ich warne dich.","흠... 내 보스를 아나 보군. 좋아, 들여보내 주지. 하지만 경고하겠어.","","False","DIA_1061_Wache_Hallo_Dexter_01_01","",""
"Scripts/Content/Story/Dialoge/DIA_BDT_1061_Wache.d:74","Kommst du irgendjemandem zu nahe, kommst du hier nicht mehr lebend raus!","누구에게든 함부로 다가간다면, 여길 살아서 나가지 못할 거다!","","False","DIA_1061_Wache_Hallo_Dexter_01_02","",""
"Scripts/Content/Story/Dialoge/DIA_BDT_1061_Wache.d:75","Also atme tief durch und lass die Waffen stecken. Dexter findest du im Haus.","그러니 심호흡을 하고 무기는 집어넣어라. 덱스터는 저 안 가옥에 있다.","","False","DIA_1061_Wache_Hallo_Dexter_01_03","",""
"Scripts/Content/Story/Dialoge/DIA_BDT_1061_Wache.d:85","Diego.","디에고.","","False","DIA_1061_Wache_Hallo_Diego_15_00","",""
"Scripts/Content/Story/Dialoge/DIA_BDT_1061_Wache.d:86","Richtig!","맞다!","","False","DIA_1061_Wache_Hallo_Diego_01_01","",""
"Scripts/Content/Story/Dialoge/DIA_BDT_1061_Wache.d:87","Nein, war nur ein Scherz. Du hast keine Ahnung, wer mein Boss ist.","아니, 농담이야. 넌 내 보스가 누군지 전혀 모르는군.","","False","DIA_1061_Wache_Hallo_Diego_01_02","",""
"Scripts/Content/Story/Dialoge/DIA_BDT_1061_Wache.d:88","Dann gibt's auch keinen Grund mehr, warum ich dich nicht töten sollte.","그럼 내가 널 죽이지 않을 이유가 없겠지.","","False","DIA_1061_Wache_Hallo_Diego_01_03","",""
"Scripts/Content/Story/Dialoge/DIA_BDT_1061_Wache.d:97","Keine Ahnung.","모르겠는데.","","False","DIA_1061_Wache_Hallo_Ahnung_15_00","",""
"Scripts/Content/Story/Dialoge/DIA_BDT_1061_Wache.d:98","Dann wirst du wohl dumm sterben.","그럼 멍청한 상태로 죽게 되겠군.","","False","DIA_1061_Wache_Hallo_Ahnung_01_01","",""
"Scripts/Content/Story/Dialoge/DIA_BDT_1061_Wache.d:129","Denk dran, immer schön ruhig bleiben, dann kommst hier auch lebend wieder raus.","기억해라, 항상 진정하고 있어야 여기서 살아서 나갈 수 있을 것이다.","","False","DIA_1061_Wache_Perm_01_00","",""
