"location","source","target","id","fuzzy","context","translator_comments","developer_comments"
"Scripts/Content/Story/Dialoge/DIA_Addon_PIR_1300_Greg_NW.d:55","Psst. Hey du. Komm mal her.","쉿. 이봐, 자네. 이리 와봐.","","False","DIA_Addon_Greg_NW_Hallo_01_00","",""
"Scripts/Content/Story/Dialoge/DIA_Addon_PIR_1300_Greg_NW.d:56","Was ist?","왜 그러지?","","False","DIA_Addon_Greg_NW_Hallo_15_01","",""
"Scripts/Content/Story/Dialoge/DIA_Addon_PIR_1300_Greg_NW.d:57","Unterwegs in die Stadt? Schwer beschäftigt noch dazu.","도시로 가는 길인가? 게다가 아주 바빠 보이군.","","False","DIA_Addon_Greg_NW_Hallo_01_02","",""
"Scripts/Content/Story/Dialoge/DIA_Addon_PIR_1300_Greg_NW.d:58","(schleimig) Hör mal. Du siehst mir wie ein schlaues Kerlchen aus. Ich schätze, du wirst es noch mal sehr weit bringen.","(능글맞게) 들어봐. 자네는 똑똑한 녀석 같아 보여. 장차 크게 될 사람 같군.","","False","DIA_Addon_Greg_NW_Hallo_01_03","",""
"Scripts/Content/Story/Dialoge/DIA_Addon_PIR_1300_Greg_NW.d:59","Dir macht doch bestimmt keiner was vor. So was erkenne ich sofort.","자네 같은 사람은 속여 넘길 수 없지. 보면 바로 알 수 있거든.","","False","DIA_Addon_Greg_NW_Hallo_01_04","",""
"Scripts/Content/Story/Dialoge/DIA_Addon_PIR_1300_Greg_NW.d:60","Sag mal, du willst dir doch bestimmt ein paar Goldstücke verdienen, nicht wahr?","말인데, 자네 분명 금화를 몇 푼 벌고 싶겠지, 안 그래?","","False","DIA_Addon_Greg_NW_Hallo_01_05","",""
"Scripts/Content/Story/Dialoge/DIA_Addon_PIR_1300_Greg_NW.d:66","Ich muss weiter.","난 가봐야겠어.","","False","DIA_Addon_Greg_NW_Hallo_Info.DIA_Addon_Greg_NW_Hallo.DIA_Addon_Greg_NW_Hallo_weg","Info_AddChoice",""
"Scripts/Content/Story/Dialoge/DIA_Addon_PIR_1300_Greg_NW.d:67","Lass das Gefasel. Sag mir, was du willst.","헛소리 집어치워. 원하는 게 뭔지 말해.","","False","DIA_Addon_Greg_NW_Hallo_Info.DIA_Addon_Greg_NW_Hallo.DIA_Addon_Greg_NW_Hallo_schleim","Info_AddChoice",""
"Scripts/Content/Story/Dialoge/DIA_Addon_PIR_1300_Greg_NW.d:68","Du siehst nicht aus wie jemand, der Goldstücke hat.","금화를 가진 사람처럼 안 보이는데.","","False","DIA_Addon_Greg_NW_Hallo_Info.DIA_Addon_Greg_NW_Hallo.DIA_Addon_Greg_NW_Hallo_vorsicht","Info_AddChoice",""
"Scripts/Content/Story/Dialoge/DIA_Addon_PIR_1300_Greg_NW.d:69","Versteckst du dich vor jemandem?","누군가에게 쫓기기라도 하남?","","False","DIA_Addon_Greg_NW_Hallo_Info.DIA_Addon_Greg_NW_Hallo.DIA_Addon_Greg_NW_Hallo_hide","Info_AddChoice",""
"Scripts/Content/Story/Dialoge/DIA_Addon_PIR_1300_Greg_NW.d:70","Warum nicht?","왜 안 되겠어?","","False","DIA_Addon_Greg_NW_Hallo_Info.DIA_Addon_Greg_NW_Hallo.DIA_Addon_Greg_NW_Hallo_ja","Info_AddChoice",""
"Scripts/Content/Story/Dialoge/DIA_Addon_PIR_1300_Greg_NW.d:75","Ich muss weiter.","난 가봐야겠어.","","False","DIA_Addon_Greg_NW_Hallo_weg_15_00","",""
"Scripts/Content/Story/Dialoge/DIA_Addon_PIR_1300_Greg_NW.d:76","(verärgert) Du willst mir also nicht helfen. Das werde ich mir merken, Freundchen. Wir sehen uns noch mal wieder.","(짜증 내며) 내 안을 도와주지 않겠다 이거지. 기억해 두마, 친구. 우리 다시 보게 될 거야.","","False","DIA_Addon_Greg_NW_Hallo_weg_01_01","",""
"Scripts/Content/Story/Dialoge/DIA_Addon_PIR_1300_Greg_NW.d:84","Warum nicht?","왜 안 되겠어?","","False","DIA_Addon_Greg_NW_Hallo_ja_15_00","",""
"Scripts/Content/Story/Dialoge/DIA_Addon_PIR_1300_Greg_NW.d:85","Du musst es einem unwissenden alten Seemann schon nachsehen, ich bin fremd in dieser Gegend hier und kenne mich noch nicht so gut mit hier herrschenden Regeln aus.","무지한 늙은 선원의 실례를 용서해주게. 나는 이 동네가 처음이라 여기 규칙을 잘 모른다네.","","False","DIA_Addon_Greg_NW_Hallo_ja_01_01","",""
"Scripts/Content/Story/Dialoge/DIA_Addon_PIR_1300_Greg_NW.d:86","So musste ich schmerzlich erfahren, dass man als fremder Reisender in der Hafenstadt nicht willkommen ist.","그래서 항구 도시에 외지 여행자는 환영받지 못한다는 걸 뼈저리게 깨달았지.","","False","DIA_Addon_Greg_NW_Hallo_ja_01_02","",""
"Scripts/Content/Story/Dialoge/DIA_Addon_PIR_1300_Greg_NW.d:87","(übertrieben mitleidig) Nun stehe ich hier und bin völlig ratlos, wie ich in die Stadt kommen soll.","(과장되게 불쌍한 척하며) 이제 여기에 멍하니 서서 어떻게 도시로 들어가야 할지 막막할 뿐이라네.","","False","DIA_Addon_Greg_NW_Hallo_ja_01_03","",""
"Scripts/Content/Story/Dialoge/DIA_Addon_PIR_1300_Greg_NW.d:88","Ich habe äußerst wichtige Geschäfte zu erledigen und meine Auftraggeber dulden keinen Aufschub, verstehst du?","내게는 아주 중요한 용무가 있고 고용주분들께서 지체를 용납하지 않으신단 말이야, 알겠나?","","False","DIA_Addon_Greg_NW_Hallo_ja_01_04","",""
"Scripts/Content/Story/Dialoge/DIA_Addon_PIR_1300_Greg_NW.d:89","Du wirst mir doch sicher helfen, einen Weg zu finden, an den Stadtwachen vorbei zu kommen, hab' ich recht?","도시 경비병들을 피해 들어갈 방법을 찾는 걸 도와주겠지, 내 말이 맞지?","","False","DIA_Addon_Greg_NW_Hallo_ja_01_05","",""
"Scripts/Content/Story/Dialoge/DIA_Addon_PIR_1300_Greg_NW.d:101","Du siehst nicht aus wie jemand, der Goldstücke hat.","금화를 가진 사람처럼 안 보이는데.","","False","DIA_Addon_Greg_NW_Hallo_vorsicht_15_00","",""
"Scripts/Content/Story/Dialoge/DIA_Addon_PIR_1300_Greg_NW.d:102","(übertrieben bescheiden) Nun, ich bin sicherlich nicht der Umgang, den ein Herr wie du gewohnt ist.","(과장되게 겸손한 척하며) 글쎄, 자네 같은 나리들이 어울리는 부류는 확실히 아니지.","","False","DIA_Addon_Greg_NW_Hallo_vorsicht_01_01","",""
"Scripts/Content/Story/Dialoge/DIA_Addon_PIR_1300_Greg_NW.d:103","Aber meinen kleinen Beitrag zu deinem sicherlich beträchtlichen Vermögen wirst du doch nicht ausschlagen, oder?","하지만 자네의 상당한 재산에 내 작은 보탬을 거절하진 않겠지?","","False","DIA_Addon_Greg_NW_Hallo_vorsicht_01_02","",""
"Scripts/Content/Story/Dialoge/DIA_Addon_PIR_1300_Greg_NW.d:104","Nun, was sagst du? Kann ich mit dir rechnen?","자, 무슨 생각인가? 자네를 믿어도 되겠나?","","False","DIA_Addon_Greg_NW_Hallo_vorsicht_01_03","",""
"Scripts/Content/Story/Dialoge/DIA_Addon_PIR_1300_Greg_NW.d:109","Lass das Gefasel. Sag mir, was du willst.","헛소리 집어치워. 원하는 게 뭔지 말해.","","False","DIA_Addon_Greg_NW_Hallo_schleim_15_00","",""
"Scripts/Content/Story/Dialoge/DIA_Addon_PIR_1300_Greg_NW.d:110","Siehst du? Genau das meine ich.","보라고? 내 말이 그 말이야.","","False","DIA_Addon_Greg_NW_Hallo_schleim_01_01","",""
"Scripts/Content/Story/Dialoge/DIA_Addon_PIR_1300_Greg_NW.d:111","Nur mit schönen Worten allein kann man bei dir nichts werden.","감언이설만으로는 자네에게 아무것도 얻어낼 수 없겠군.","","False","DIA_Addon_Greg_NW_Hallo_schleim_01_02","",""
"Scripts/Content/Story/Dialoge/DIA_Addon_PIR_1300_Greg_NW.d:112","Ich habe es gleich gewusst. Ich habe es hier mit einem knallharten Geschäftsmann zu tun.","처음부터 알아봤어. 다루기 힘든 장사꾼과 상대하고 있구만.","","False","DIA_Addon_Greg_NW_Hallo_schleim_01_03","",""
"Scripts/Content/Story/Dialoge/DIA_Addon_PIR_1300_Greg_NW.d:113","Du bist doch ein Geschäftsmann und hast bestimmt Interesse an einer kleinen Aufbesserung deines Geldbeutels, oder?","자네도 장사꾼이니 주머니를 좀 두둑하게 채우는 데 관심이 있겠지, 안 그래?","","False","DIA_Addon_Greg_NW_Hallo_schleim_01_04","",""
"Scripts/Content/Story/Dialoge/DIA_Addon_PIR_1300_Greg_NW.d:118","Versteckst du dich vor jemandem?","누군가에게 쫓기기라도 하남?","","False","DIA_Addon_Greg_NW_Hallo_hide_15_00","",""
"Scripts/Content/Story/Dialoge/DIA_Addon_PIR_1300_Greg_NW.d:119","Ach was. So ein Unsinn? Ich stehe nur gerne zwischen den Bäumen, damit mir der Wind nicht direkt ins Gesicht weht.","설마 그럴 리가. 무슨 헛소리야? 바람이 얼굴에 직접 불어오지 않도록 나무 사이에 서 있는 걸 좋아할 뿐이라네.","","False","DIA_Addon_Greg_NW_Hallo_hide_01_01","",""
"Scripts/Content/Story/Dialoge/DIA_Addon_PIR_1300_Greg_NW.d:120","Aber was ist jetzt mit dir? Willst du den Job?","그런데 자네는 어때? 일할 생각 있나?","","False","DIA_Addon_Greg_NW_Hallo_hide_01_02","",""
"Scripts/Content/Story/Dialoge/DIA_Addon_PIR_1300_Greg_NW.d:133","Wegen den Stadtwachen...","도시 경비병들에 관해서...","","False","DIA_Addon_Greg_NW_Stadtwachen.description","",""
"Scripts/Content/Story/Dialoge/DIA_Addon_PIR_1300_Greg_NW.d:151","Wegen der Stadtwachen ...","도시 경비병들에 관해서...","","False","DIA_Addon_Greg_NW_Stadtwachen_15_00","",""
"Scripts/Content/Story/Dialoge/DIA_Addon_PIR_1300_Greg_NW.d:152","Ja? Schon eine Idee?","그래? 벌써 좋은 생각이라도 있나?","","False","DIA_Addon_Greg_NW_Stadtwachen_01_01","",""
"Scripts/Content/Story/Dialoge/DIA_Addon_PIR_1300_Greg_NW.d:155","Ich muss darüber erst nochmal nachdenken.","조금 더 생각해 봐야겠어.","","False","DIA_Addon_Greg_NW_Stadtwachen_Info.DIA_Addon_Greg_NW_Stadtwachen.DIA_Addon_Greg_NW_Stadtwachen_nochnicht","Info_AddChoice",""
"Scripts/Content/Story/Dialoge/DIA_Addon_PIR_1300_Greg_NW.d:159","Wie wär's mit Bestechung?","매수는 어때?","","False","DIA_Addon_Greg_NW_Stadtwachen_Info.DIA_Addon_Greg_NW_Stadtwachen.DIA_Addon_Greg_NW_Stadtwachen_geld","Info_AddChoice",""
"Scripts/Content/Story/Dialoge/DIA_Addon_PIR_1300_Greg_NW.d:165","Ich hab hier einen Passierschein für die Stadt.","내게 도시 통행증이 있어.","","False","DIA_Addon_Greg_NW_Stadtwachen_Info.DIA_Addon_Greg_NW_Stadtwachen.DIA_Addon_Greg_NW_Stadtwachen_Schein","Info_AddChoice",""
"Scripts/Content/Story/Dialoge/DIA_Addon_PIR_1300_Greg_NW.d:171","Als Kräutersammler würdest du in die Stadt kommen.","약초 채집꾼인 척하면 도시로 들어갈 수 있을 거야.","","False","DIA_Addon_Greg_NW_Stadtwachen_Info.DIA_Addon_Greg_NW_Stadtwachen.DIA_Addon_Greg_NW_Stadtwachen_constantino","Info_AddChoice",""
"Scripts/Content/Story/Dialoge/DIA_Addon_PIR_1300_Greg_NW.d:176","Mit dieser Bauernkleidung hier sollten sie dich vorbei lassen.","이 농부 옷을 입고 가면 들여보내 줄 거야.","","False","DIA_Addon_Greg_NW_Stadtwachen_Info.DIA_Addon_Greg_NW_Stadtwachen.DIA_Addon_Greg_NW_Stadtwachen_klamotten","Info_AddChoice",""
"Scripts/Content/Story/Dialoge/DIA_Addon_PIR_1300_Greg_NW.d:182","Mit dieser Bauernkleidung hier sollten sie dich vorbei lassen.","이 농부 옷을 입고 가면 들여보내 줄 거야.","","False","DIA_Addon_Greg_NW_Stadtwachen_klamotten_15_00","",""
"Scripts/Content/Story/Dialoge/DIA_Addon_PIR_1300_Greg_NW.d:193","Das ist genau das, was ich jetzt brauche. Mensch, ich wusste, ich kann mich auf dich verlassen.","딱 내가 찾던 거로군. 이봐, 자네를 믿을 수 있을 줄 알았지.","","False","DIA_Addon_Greg_NW_Stadtwachen_klamotten_01_01","",""
"Scripts/Content/Story/Dialoge/DIA_Addon_PIR_1300_Greg_NW.d:194","(hämisch) Getarnt als einheimischer Bauerntölpel wird mich hier niemand mehr behelligen. Ha ha.","(심술궂게) 토박이 농부 녀석들로 변장하면 아무도 나를 귀찮게 하지 않겠지. 하하.","","False","DIA_Addon_Greg_NW_Stadtwachen_klamotten_01_02","",""
"Scripts/Content/Story/Dialoge/DIA_Addon_PIR_1300_Greg_NW.d:205","Ausgezeichnet. Das hast du wirklich gut gemacht. Hier hast du deine versprochene Belohnung.","훌륭해. 정말 잘해줬어. 자, 약속한 보상이다.","","False","DIA_Addon_Greg_NW_Stadtwachen_klamotten_01_03","",""
"Scripts/Content/Story/Dialoge/DIA_Addon_PIR_1300_Greg_NW.d:211","(verärgert) Was denn? 50 läppische Goldmünzen? Das ist doch wohl nicht dein Ernst?","(짜증 내며) 뭐라고? 겨우 50 금화라니? 진심은 아니겠지?","","False","DIA_Addon_Greg_NW_Stadtwachen_klamotten_15_04","",""
"Scripts/Content/Story/Dialoge/DIA_Addon_PIR_1300_Greg_NW.d:212","(gönnerhaft) Gold ist nicht alles, mein Freund. Nimm sie erst mal.","(점잖게) 금이 전부가 아니야, 내 친구. 일단 받아두라고.","","False","DIA_Addon_Greg_NW_Stadtwachen_klamotten_01_05","",""
"Scripts/Content/Story/Dialoge/DIA_Addon_PIR_1300_Greg_NW.d:213","Ich hab' so das Gefühl, dass wir uns bald wieder begegnen werden.","우리 곧 다시 만나게 될 것 같은 예감이 드는군.","","False","DIA_Addon_Greg_NW_Stadtwachen_klamotten_01_06","",""
"Scripts/Content/Story/Dialoge/DIA_Addon_PIR_1300_Greg_NW.d:214","Und wer weiß? Vielleicht werde ich mich noch mal revanchieren. Mach's gut.","그리고 누가 아나? 언젠가 이 은혜를 갚을지도 모르지. 잘 지내라고.","","False","DIA_Addon_Greg_NW_Stadtwachen_klamotten_01_07","",""
"Scripts/Content/Story/Dialoge/DIA_Addon_PIR_1300_Greg_NW.d:226","Ich muss darüber erst noch mal nachdenken.","조금 더 생각해 봐야겠어.","","False","DIA_Addon_Greg_NW_Stadtwachen_nochnicht_15_00","",""
"Scripts/Content/Story/Dialoge/DIA_Addon_PIR_1300_Greg_NW.d:227","(ernst) Na schön. Aber beeil dich damit. Ich hab' keine Zeit zu verlieren.","(진지하게) 좋아. 하지만 서두르라고. 나도 낭비할 시간이 없으니까.","","False","DIA_Addon_Greg_NW_Stadtwachen_nochnicht_01_01","",""
"Scripts/Content/Story/Dialoge/DIA_Addon_PIR_1300_Greg_NW.d:233","Ich hab hier einen Passierschein für die Stadt.","내게 도시 통행증이 있어.","","False","DIA_Addon_Greg_NW_Stadtwachen_Schein_15_00","",""
"Scripts/Content/Story/Dialoge/DIA_Addon_PIR_1300_Greg_NW.d:234","(zynisch) Ach so. Ich soll jetzt so tun, als ob ich ein Bürger der Stadt wär', oder wie?","(냉소적으로) 아 그렇군. 내가 도시 시민인 척해야 한다는 건가, 뭐 그런 건가?","","False","DIA_Addon_Greg_NW_Stadtwachen_Schein_01_01","",""
"Scripts/Content/Story/Dialoge/DIA_Addon_PIR_1300_Greg_NW.d:235","(verärgert) Jetzt kuck mich doch mal an, Junge. Das glaubt mir doch keine Sau.","(짜증 내며) 이봐, 날 좀 보라고, 얘야. 그 누구도 그걸 믿진 않을걸.","","False","DIA_Addon_Greg_NW_Stadtwachen_Schein_01_02","",""
"Scripts/Content/Story/Dialoge/DIA_Addon_PIR_1300_Greg_NW.d:241","Als Kräutersammler würdest du in die Stadt kommen.","약초 채집꾼인 척하면 도시로 들어갈 수 있을 거야.","","False","DIA_Addon_Greg_NW_Stadtwachen_constantino_15_00","",""
"Scripts/Content/Story/Dialoge/DIA_Addon_PIR_1300_Greg_NW.d:242","(verärgert) Was? Sehe ich etwa so aus, als würde ich im Wald Blümchen pflücken?","(짜증 내며) 뭐라고? 내가 숲에서 꽃이나 꺾을 사람으로 보이나?","","False","DIA_Addon_Greg_NW_Stadtwachen_constantino_01_01","",""
"Scripts/Content/Story/Dialoge/DIA_Addon_PIR_1300_Greg_NW.d:248","Wie wär's mit Bestechung?","매수는 어때?","","False","DIA_Addon_Greg_NW_Stadtwachen_geld_15_00","",""
"Scripts/Content/Story/Dialoge/DIA_Addon_PIR_1300_Greg_NW.d:249","(verschmitzt) Tja, wenn das bei mir funktionieren würde, hätte ich das sicher schon versucht.","(능청스럽게) 글쎄, 그게 나한테 통할 녀석들이었다면 벌써 써먹었겠지.","","False","DIA_Addon_Greg_NW_Stadtwachen_geld_01_01","",""
"Scripts/Content/Story/Dialoge/DIA_Addon_PIR_1300_Greg_NW.d:263","Eine Sache noch...","한 가지만 더...","","False","DIA_Addon_Greg_NW_PERM.description","",""
"Scripts/Content/Story/Dialoge/DIA_Addon_PIR_1300_Greg_NW.d:277","Eine Sache noch ...","한 가지만 더...","","False","DIA_Addon_Greg_NW_PERM_15_00","",""
"Scripts/Content/Story/Dialoge/DIA_Addon_PIR_1300_Greg_NW.d:278","(überheblich) Hör zu, Kleiner. Ich hab im Moment wichtige Dinge zu erledigen.","(거만하게) 잘 들어, 꼬마야. 지금은 중요한 일을 처리해야 하거든.","","False","DIA_Addon_Greg_NW_PERM_01_01","",""
"Scripts/Content/Story/Dialoge/DIA_Addon_PIR_1300_Greg_NW.d:279","(drohend) Wir werden uns später unterhalten. Klar?","(위협적으로) 얘기는 나중에 하자고. 알겠나?","","False","DIA_Addon_Greg_NW_PERM_01_02","",""
"Scripts/Content/Story/Dialoge/DIA_Addon_PIR_1300_Greg_NW.d:313","Sieh mal an, wer da reingeschneit kommt.","이거 굴러들어온 게 누구인가.","","False","DIA_Addon_Greg_NW_MeetGregSecondTime_01_00","",""
"Scripts/Content/Story/Dialoge/DIA_Addon_PIR_1300_Greg_NW.d:317","Der Bauernjunge.","농부 꼬마로군.","","False","DIA_Addon_Greg_NW_MeetGregSecondTime_01_01","",""
"Scripts/Content/Story/Dialoge/DIA_Addon_PIR_1300_Greg_NW.d:321","Der Kerl, der mich so schnöde hat abblitzen lassen. So sieht man sich wieder, was?","날 그렇게 매몰차게 퇴짜 놓던 녀석이군. 이렇게 다시 만나게 되다니, 그치?","","False","DIA_Addon_Greg_NW_MeetGregSecondTime_01_02","",""
"Scripts/Content/Story/Dialoge/DIA_Addon_PIR_1300_Greg_NW.d:325","(sauer) Ich dachte, du wolltest mir helfen. Und was macht du? Verpisst dich einfach.","(화내며) 날 도와주겠다고 생각했는데. 그런데 자네가 한 짓이 뭐라고? 그냥 쌩 까버렸잖아.","","False","DIA_Addon_Greg_NW_MeetGregSecondTime_01_03","",""
"Scripts/Content/Story/Dialoge/DIA_Addon_PIR_1300_Greg_NW.d:326","Hast wohl gedacht, ich würde da ewig versauern, was?","내가 거기서 영원히 썩을 줄 알았겠지, 그렇지?","","False","DIA_Addon_Greg_NW_MeetGregSecondTime_01_04","",""
"Scripts/Content/Story/Dialoge/DIA_Addon_PIR_1300_Greg_NW.d:327","Das sieht man's mal wieder. Hilf dir selbst, sonst hilft dir niemand. Aber noch mal lass ich dir das nicht durchgehen.","이래서 세상 일은 모른다니까. 스스로 돕지 않으면 아무도 도와주지 않지. 하지만 이번엔 그냥 넘어가 주지 않겠어.","","False","DIA_Addon_Greg_NW_MeetGregSecondTime_01_05","",""
"Scripts/Content/Story/Dialoge/DIA_Addon_PIR_1300_Greg_NW.d:330","Du kommst mir gerade recht.","마침 잘 나타났어.","","False","DIA_Addon_Greg_NW_MeetGregSecondTime_01_06","",""
"Scripts/Content/Story/Dialoge/DIA_Addon_PIR_1300_Greg_NW.d:343","Wer bist du überhaupt?","애초에 당신은 누구지?","","False","DIA_Addon_Greg_NW_wer.description","",""
"Scripts/Content/Story/Dialoge/DIA_Addon_PIR_1300_Greg_NW.d:356","Wer bist du überhaupt?","애초에 당신은 누구지?","","False","DIA_Addon_Greg_NW_wer_15_00","",""
"Scripts/Content/Story/Dialoge/DIA_Addon_PIR_1300_Greg_NW.d:357","Das geht dich einen feuchten Dreck an.","그건 알 바 없잖아.","","False","DIA_Addon_Greg_NW_wer_01_01","",""
"Scripts/Content/Story/Dialoge/DIA_Addon_PIR_1300_Greg_NW.d:358","Wenn ich dir erzählen wollte, wer ich bin, dann hätte ich das schon getan, klar?","내가 누군지 말해줄 생각이 있었다면 벌써 그랬겠지, 알겠나?","","False","DIA_Addon_Greg_NW_wer_01_02","",""
"Scripts/Content/Story/Dialoge/DIA_Addon_PIR_1300_Greg_NW.d:370","Was willst du denn von mir?","내게 원하는 게 뭔가?","","False","DIA_Addon_Greg_NW_was.description","",""
"Scripts/Content/Story/Dialoge/DIA_Addon_PIR_1300_Greg_NW.d:383","Ich suche einen Kerl. In der Stadt war er nicht zu finden und die Geigen hier haben auch keine Ahnung.","찾는 녀석이 하나 있거든. 도시에서도 찾을 수 없고 여기 얼중이들도 아무것도 모르더군.","","False","DIA_Addon_Greg_NW_Search_Dexter_01_00","",""
"Scripts/Content/Story/Dialoge/DIA_Addon_PIR_1300_Greg_NW.d:384","Er ist schlank, dunkelhaarig und trägt meist eine rote Rüstung.","마르고 흑발이며 보통 붉은 방어구를 입고 있지.","","False","DIA_Addon_Greg_NW_Search_Dexter_01_01","",""
"Scripts/Content/Story/Dialoge/DIA_Addon_PIR_1300_Greg_NW.d:385","Soviel ich weiß, war er damals ein Sträfling in der Kolonie. Ich glaube, seine Name beginnt mit einem 'D'.","내가 알기로는 예전에 영지의 죄수였어. 이름이 'D'로 시작하는 것 같아.","","False","DIA_Addon_Greg_NW_Search_Dexter_01_02","",""
"Scripts/Content/Story/Dialoge/DIA_Addon_PIR_1300_Greg_NW.d:396","Was willst du denn von mir?","내게 원하는 게 뭔가?","","False","DIA_Addon_Greg_NW_was_15_00","",""
"Scripts/Content/Story/Dialoge/DIA_Addon_PIR_1300_Greg_NW.d:400","Hast du immer noch Probleme mit den Stadtwachen?","도시 경비병들 때문에 아직도 골치 아픈가?","","False","DIA_Addon_Greg_NW_was_15_01","",""
"Scripts/Content/Story/Dialoge/DIA_Addon_PIR_1300_Greg_NW.d:401","(droht) Ich GEB' dir gleich Probleme, du Wicht.","(위협하며) 골치 아픈 일을 겪게 해 주마, 이 풋내기 자식.","","False","DIA_Addon_Greg_NW_was_01_02","",""
"Scripts/Content/Story/Dialoge/DIA_Addon_PIR_1300_Greg_NW.d:407","Du redest von Diego.","디에고 말하는 거로군요.","","False","DIA_Addon_Greg_NW_was_Info.DIA_Addon_Greg_NW_was.DIA_Addon_Greg_NW_was_Diego","Info_AddChoice",""
"Scripts/Content/Story/Dialoge/DIA_Addon_PIR_1300_Greg_NW.d:412","Heißt er vielleicht Dexter?","혹시 이름이 덱스터인가요?","","False","DIA_Addon_Greg_NW_was_Info.DIA_Addon_Greg_NW_was.DIA_Addon_Greg_NW_was_Dexter","Info_AddChoice",""
"Scripts/Content/Story/Dialoge/DIA_Addon_PIR_1300_Greg_NW.d:415","Ich kenne niemanden, auf den die Beschreibung passt.","그런 묘사에 맞는 사람은 누군지 모르겠는데.","","False","DIA_Addon_Greg_NW_was_Info.DIA_Addon_Greg_NW_was.DIA_Addon_Greg_NW_was_no","Info_AddChoice",""
"Scripts/Content/Story/Dialoge/DIA_Addon_PIR_1300_Greg_NW.d:420","Kann sein, dass das sein Name ist. Ich bin mir nicht sicher.","그게 그 녀석 이름일지도 모르지. 확실하진 않지만.","","False","DIA_Addon_Greg_NW_was_GregUnsicher_01_00","",""
"Scripts/Content/Story/Dialoge/DIA_Addon_PIR_1300_Greg_NW.d:421","Ich werd's wohl erst wissen, wenn ich vor ihm stehe.","직접 눈으로 봐야 알 수 있겠지.","","False","DIA_Addon_Greg_NW_was_GregUnsicher_01_01","",""
"Scripts/Content/Story/Dialoge/DIA_Addon_PIR_1300_Greg_NW.d:426","Sonst noch was?","그 밖에 또 있나?","","False","DIA_Addon_Greg_NW_was_UnNun_15_00","",""
"Scripts/Content/Story/Dialoge/DIA_Addon_PIR_1300_Greg_NW.d:427","(sauer) Ja, du Großmaul. Ich hab' noch was.","(화내며) 그래, 이 입만 살은 녀석아. 또 있지.","","False","DIA_Addon_Greg_NW_was_UnNun_01_01","",""
"Scripts/Content/Story/Dialoge/DIA_Addon_PIR_1300_Greg_NW.d:428","Ich brauche Waffen. Ich brauche Proviant. Gold wäre auch nicht schlecht.","무기가 필요해. 식량도 필요하고. 금도 있으면 나쁘지 않겠지.","","False","DIA_Addon_Greg_NW_was_UnNun_01_02","",""
"Scripts/Content/Story/Dialoge/DIA_Addon_PIR_1300_Greg_NW.d:431","Ich kann dir nicht helfen.","도와줄 수가 없겠는걸.","","False","DIA_Addon_Greg_NW_was_UnNun.DIA_Addon_Greg_NW_was.DIA_Addon_Greg_NW_was_NoHelp","Info_AddChoice",""
"Scripts/Content/Story/Dialoge/DIA_Addon_PIR_1300_Greg_NW.d:432","Proviant? Du bist hier in einer Taverne.","식량이라고? 여긴 주막이야.","","False","DIA_Addon_Greg_NW_was_UnNun.DIA_Addon_Greg_NW_was.DIA_Addon_Greg_NW_was_Orlan","Info_AddChoice",""
"Scripts/Content/Story/Dialoge/DIA_Addon_PIR_1300_Greg_NW.d:433","Waffen? Die Söldner haben Waffen.","무기? 용병들이 무기를 갖고 있지.","","False","DIA_Addon_Greg_NW_was_UnNun.DIA_Addon_Greg_NW_was.DIA_Addon_Greg_NW_was_SLD","Info_AddChoice",""
"Scripts/Content/Story/Dialoge/DIA_Addon_PIR_1300_Greg_NW.d:434","Hier hast du 10 Goldmünzen.","여기 10 금화가 있어.","","False","DIA_Addon_Greg_NW_was_UnNun.DIA_Addon_Greg_NW_was.DIA_Addon_Greg_NW_was_HierGold","Info_AddChoice",""
"Scripts/Content/Story/Dialoge/DIA_Addon_PIR_1300_Greg_NW.d:435","Hast du in der Stadt keinen Waffenhändler gefunden?","도시에서 무기 상인을 못 찾았나?","","False","DIA_Addon_Greg_NW_was_UnNun.DIA_Addon_Greg_NW_was.DIA_Addon_Greg_NW_was_Waffenhaendler","Info_AddChoice",""
"Scripts/Content/Story/Dialoge/DIA_Addon_PIR_1300_Greg_NW.d:436","Gold? Wir alle wollen Gold.","금? 우리 모두 금을 원하지.","","False","DIA_Addon_Greg_NW_was_UnNun.DIA_Addon_Greg_NW_was.DIA_Addon_Greg_NW_was_Gold","Info_AddChoice",""
"Scripts/Content/Story/Dialoge/DIA_Addon_PIR_1300_Greg_NW.d:441","Ich kann dir nicht helfen.","도와줄 수가 없겠는걸.","","False","DIA_Addon_Greg_NW_was_NoHelp_15_00","",""
"Scripts/Content/Story/Dialoge/DIA_Addon_PIR_1300_Greg_NW.d:442","(verärgert) So. Du WILLST also nicht.","(짜증 내며) 그렇군. 그러니까 안 도와주겠다 이거지.","","False","DIA_Addon_Greg_NW_was_NoHelp_01_01","",""
"Scripts/Content/Story/Dialoge/DIA_Addon_PIR_1300_Greg_NW.d:446","Das ist jetzt schon das zweite Mal, dass du mich hängen lässt.","나를 엿먹인 게 벌써 두 번째야.","","False","DIA_Addon_Greg_NW_was_NoHelp_01_02","",""
"Scripts/Content/Story/Dialoge/DIA_Addon_PIR_1300_Greg_NW.d:447","Ich kann dir nur den guten Rat geben: Sorge dafür, dass wir uns nicht nochmal begegnen.","충고 하나 하지: 두 번 다시 마주치지 않는 게 좋을 거야.","","False","DIA_Addon_Greg_NW_was_NoHelp_01_03","",""
"Scripts/Content/Story/Dialoge/DIA_Addon_PIR_1300_Greg_NW.d:451","Das werde ich mir merken. Da kannst du dich drauf verlassen.","명심하지. 기대해도 좋을 거야.","","False","DIA_Addon_Greg_NW_was_NoHelp_01_04","",""
"Scripts/Content/Story/Dialoge/DIA_Addon_PIR_1300_Greg_NW.d:464","Gold? Wir alle wollen Gold.","금? 우리 모두 금을 원하지.","","False","DIA_Addon_Greg_NW_was_Gold_15_00","",""
"Scripts/Content/Story/Dialoge/DIA_Addon_PIR_1300_Greg_NW.d:465","Mag schon sein. Und was machst du damit? Versäufst dein Gold in der Kneipe oder verprasst es im Bordell, so wie ich dich einschätze.","그렇겠지. 그래서 그걸로 뭘 할 셈이지? 네 꼴을 보니 술집에서 금을 다 술값으로 날리거나 사창가에서 탕진하겠지.","","False","DIA_Addon_Greg_NW_was_Gold_01_01","",""
"Scripts/Content/Story/Dialoge/DIA_Addon_PIR_1300_Greg_NW.d:466","Und du hast einen besseren Plan, ja?","그럼 자네한테 더 좋은 계획이라도 있다는 건가?","","False","DIA_Addon_Greg_NW_was_Gold_15_02","",""
"Scripts/Content/Story/Dialoge/DIA_Addon_PIR_1300_Greg_NW.d:467","(sauer) Du würdest dich unter einem Stein verkriechen, wenn du wüsstest, was ich schon alles auf die Beine gestellt habe.","(화내며) 내가 그동안 이뤄낸 것들을 알면 자네는 돌 틈에 기어들어가고 싶을 걸.","","False","DIA_Addon_Greg_NW_was_Gold_01_03","",""
"Scripts/Content/Story/Dialoge/DIA_Addon_PIR_1300_Greg_NW.d:468","Also sei nicht so vorlaut, sonst stopf ich dir dein großes Maul.","그러니 건방 떨지 마라, 아니면 그 큰 입을 다물게 해 줄 테니까.","","False","DIA_Addon_Greg_NW_was_Gold_01_04","",""
"Scripts/Content/Story/Dialoge/DIA_Addon_PIR_1300_Greg_NW.d:473","Hast du in der Stadt keinen Waffenhändler gefunden?","도시에서 무기 상인을 못 찾았나?","","False","DIA_Addon_Greg_NW_was_Waffenhaendler_15_00","",""
"Scripts/Content/Story/Dialoge/DIA_Addon_PIR_1300_Greg_NW.d:474","Das ist nicht dein Ernst, oder? Die haben doch nur Schrott.","진심은 아니겠지? 그 작자들이 가진 건 고물뿐이잖아.","","False","DIA_Addon_Greg_NW_was_Waffenhaendler_01_01","",""
"Scripts/Content/Story/Dialoge/DIA_Addon_PIR_1300_Greg_NW.d:479","Hier hast du 10 Goldmünzen.","여기 10 금화가 있어.","","False","DIA_Addon_Greg_NW_was_HierGold_15_00","",""
"Scripts/Content/Story/Dialoge/DIA_Addon_PIR_1300_Greg_NW.d:480","(lacht) Du armer Schlucker kannst deine Kröten behalten. Ich habe da eine bessere Idee.","(웃음) 불쌍한 녀석, 그 푼돈이나 가져가지 그래. 나한테 더 좋은 생각이 있거든.","","False","DIA_Addon_Greg_NW_was_HierGold_01_01","",""
"Scripts/Content/Story/Dialoge/DIA_Addon_PIR_1300_Greg_NW.d:481","Nicht weit von hier gibt es eine Höhle! Ich bin früher schon mal hier gewesen und habe an einigen Stellen meinen Kram vergraben.","여기서 멀지 않은 곳에 동굴이 있어! 예전에 여기 왔을 때 몇 군데에 내 물건을 묻어두었지.","","False","DIA_Addon_Greg_NW_was_HierGold_01_02","",""
"Scripts/Content/Story/Dialoge/DIA_Addon_PIR_1300_Greg_NW.d:482","Die Höhle ist mir alleine ein wenig zu gefährlich. Ich will, dass du mir dabei hilfst.","그 동굴은 혼자 가기엔 좀 위험해. 자네가 좀 도와줬으면 좋겠어.","","False","DIA_Addon_Greg_NW_was_HierGold_01_03","",""
"Scripts/Content/Story/Dialoge/DIA_Addon_PIR_1300_Greg_NW.d:494","Waffen? Die Söldner haben Waffen.","무기? 용병들이 무기를 갖고 있지.","","False","DIA_Addon_Greg_NW_was_SLD_15_00","",""
"Scripts/Content/Story/Dialoge/DIA_Addon_PIR_1300_Greg_NW.d:495","Interessant. Ich hörte davon, dass Onar der fette Bauer die Jungs angeheuert hat.","흥미롭군. 뚱뚱한 농부 오나르가 그 녀석들을 고용했다는 소문은 들었지.","","False","DIA_Addon_Greg_NW_was_SLD_01_01","",""
"Scripts/Content/Story/Dialoge/DIA_Addon_PIR_1300_Greg_NW.d:496","(lacht) Gar nicht so übel für so eine Landratte.","(웃음) 뭍 사내치고는 나쁘지 않단 말이야.","","False","DIA_Addon_Greg_NW_was_SLD_01_02","",""
"Scripts/Content/Story/Dialoge/DIA_Addon_PIR_1300_Greg_NW.d:497","Keine schlechte Idee. Ich sollte sie vielleicht wirklich mal aufsuchen.","나쁘지 않은 생각이군. 정말로 찾아가 봐야겠어.","","False","DIA_Addon_Greg_NW_was_SLD_01_03","",""
"Scripts/Content/Story/Dialoge/DIA_Addon_PIR_1300_Greg_NW.d:502","Proviant? Du bist hier in einer Taverne.","식량이라고? 여긴 주막이야.","","False","DIA_Addon_Greg_NW_was_Orlan_15_00","",""
"Scripts/Content/Story/Dialoge/DIA_Addon_PIR_1300_Greg_NW.d:503","Der dämliche Wirt rückt doch nichts raus, wenn du ihn nicht dafür bezahlst.","그 멍청한 여관 주인은 돈을 주지 않으면 아무것도 내놓지 않는다고.","","False","DIA_Addon_Greg_NW_was_Orlan_01_01","",""
"Scripts/Content/Story/Dialoge/DIA_Addon_PIR_1300_Greg_NW.d:508","Ich kenne niemanden, auf den die Beschreibung passt.","그런 묘사에 맞는 사람은 누군지 모르겠는데.","","False","DIA_Addon_Greg_NW_was_no_15_00","",""
"Scripts/Content/Story/Dialoge/DIA_Addon_PIR_1300_Greg_NW.d:509","Hätte ich mir fast denken können.","내 그럴 줄 알았지.","","False","DIA_Addon_Greg_NW_was_no_01_01","",""
"Scripts/Content/Story/Dialoge/DIA_Addon_PIR_1300_Greg_NW.d:515","Du redest von Diego.","디에고 말하는 거로군요.","","False","DIA_Addon_Greg_NW_was_Diego_15_00","",""
"Scripts/Content/Story/Dialoge/DIA_Addon_PIR_1300_Greg_NW.d:522","Heißt er vielleicht Dexter?","혹시 이름이 덱스터인가요?","","False","DIA_Addon_Greg_NW_was_Dexter_15_00","",""
"Scripts/Content/Story/Dialoge/DIA_Addon_PIR_1300_Greg_NW.d:536","Lass uns deine Höhle aufsuchen.","동굴로 가자.","","False","DIA_Addon_Greg_NW_RakeCaveLos.description","",""
"Scripts/Content/Story/Dialoge/DIA_Addon_PIR_1300_Greg_NW.d:551","Lass uns deine Höhle aufsuchen.","동굴로 가자.","","False","DIA_Addon_Greg_NW_RakeCaveLos_15_00","",""
"Scripts/Content/Story/Dialoge/DIA_Addon_PIR_1300_Greg_NW.d:552","Komm mit.","따라와.","","False","DIA_Addon_Greg_NW_RakeCaveLos_01_01","",""
"Scripts/Content/Story/Dialoge/DIA_Addon_PIR_1300_Greg_NW.d:563","(befiehlt) Worauf wartest du noch? Geh rein und hol das Zeug.","(명령하듯) 뭘 망설이고 있나? 안으로 들어가서 물건을 가져와.","","False","DIA_Addon_Greg_NW_RakeCaveThere_01_03","",""
"Scripts/Content/Story/Dialoge/DIA_Addon_PIR_1300_Greg_NW.d:589","So, mein Freund. Hier ist die Höhle.","자, 친구. 여기가 그 동굴이야.","","False","DIA_Addon_Greg_NW_RakeCaveThere_01_00","",""
"Scripts/Content/Story/Dialoge/DIA_Addon_PIR_1300_Greg_NW.d:590","Ich gebe dir schon mal eine Hacke.","곡괭이는 미리 하나 주지.","","False","DIA_Addon_Greg_NW_RakeCaveThere_01_01","",""
"Scripts/Content/Story/Dialoge/DIA_Addon_PIR_1300_Greg_NW.d:592","Irgendwo da drin habe ich den Kram vergraben. Ich hab' die Stelle mit einem Kreuz markiert.","그 물건들은 저 안 어딘가에 파묻어 뒀어. 엑스 자로 표시해 뒀으니 알 수 있을 거야.","","False","DIA_Addon_Greg_NW_RakeCaveThere_01_02","",""
"Scripts/Content/Story/Dialoge/DIA_Addon_PIR_1300_Greg_NW.d:594","Was ist mit dir?","당신은요?","","False","DIA_Addon_Greg_NW_RakeCaveThere_15_04","",""
"Scripts/Content/Story/Dialoge/DIA_Addon_PIR_1300_Greg_NW.d:595","Jemand muss doch auf unseren Rückzug achten. So, und jetzt rein mit dir.","누군가는 후방을 경계해야지. 자, 이제 들어가라고.","","False","DIA_Addon_Greg_NW_RakeCaveThere_01_05","",""
"Scripts/Content/Story/Dialoge/DIA_Addon_PIR_1300_Greg_NW.d:630","Wo warst du denn so lange? Hast du schon was gefunden?","왜 이렇게 오래 걸렸어? 뭐 좀 찾았나?","","False","DIA_Addon_Greg_NW_RakeCavePlundered_01_00","",""
"Scripts/Content/Story/Dialoge/DIA_Addon_PIR_1300_Greg_NW.d:634","Ja. Ich habe ein Säckchen mit Gold gefunden.","네. 금이 든 주머니를 찾았어요.","","False","DIA_Addon_Greg_NW_RakeCavePlundered_Info.DIA_Addon_Greg_NW_RakeCavePlundered.DIA_Addon_Greg_NW_RakeCavePlundered_gold","Info_AddChoice",""
"Scripts/Content/Story/Dialoge/DIA_Addon_PIR_1300_Greg_NW.d:637","Nein.","아니요.","","False","DIA_Addon_Greg_NW_RakeCavePlundered_Info.DIA_Addon_Greg_NW_RakeCavePlundered.DIA_Addon_Greg_NW_RakeCavePlundered_No","Info_AddChoice",""
"Scripts/Content/Story/Dialoge/DIA_Addon_PIR_1300_Greg_NW.d:642","Nein.","아니요.","","False","DIA_Addon_Greg_NW_RakeCavePlundered_No_15_00","",""
"Scripts/Content/Story/Dialoge/DIA_Addon_PIR_1300_Greg_NW.d:645","Willst du mich etwa verarschen?","나를 놀리는 건가?","","False","DIA_Addon_Greg_NW_RakeCavePlundered_No_01_01","",""
"Scripts/Content/Story/Dialoge/DIA_Addon_PIR_1300_Greg_NW.d:646","(heuchelt) Da WAR nichts.","(순진한 체하며) 아무것도 없었는데요.","","False","DIA_Addon_Greg_NW_RakeCavePlundered_No_15_02","",""
"Scripts/Content/Story/Dialoge/DIA_Addon_PIR_1300_Greg_NW.d:649","Verdammt. Ich hab's ja gewusst. Da waren die Aasgeier wieder schneller als ich.","젠장. 그럴 줄 알았어. 그 하이에나 녀석들이 나보다 또 한 발짝 빨랐군.","","False","DIA_Addon_Greg_NW_RakeCavePlundered_No_01_03","",""
"Scripts/Content/Story/Dialoge/DIA_Addon_PIR_1300_Greg_NW.d:650","Naja. Nichts für ungut, Kleiner. Ich muss weiter. Wir sehen später.","그래. 악의는 없다고, 꼬마야. 난 가봐야겠어. 나중에 보라고.","","False","DIA_Addon_Greg_NW_RakeCavePlundered_No_01_04","",""
"Scripts/Content/Story/Dialoge/DIA_Addon_PIR_1300_Greg_NW.d:660","Also. Auf dem kleinen See mit den zwei Wasserfällen ist eine kleine Insel, da müsste ein Versteck von mir sein.","어디 보자. 폭포가 두 개 있는 작은 호수 위에 작은 섬이 하나 있어. 내 은닉처 중 하나가 거기 있을 거야.","","False","DIA_Addon_Greg_NW_RakePlaceBriefing_01_00","",""
"Scripts/Content/Story/Dialoge/DIA_Addon_PIR_1300_Greg_NW.d:661","Weiter oben auf dem Weidenplateau habe ich auch 2 Stellen, an denen ich was vergraben habe.","저 위쪽의 목초지에도 내가 물건을 파묻어 둔 곳이 2 군데 더 있어.","","False","DIA_Addon_Greg_NW_RakePlaceBriefing_01_01","",""
"Scripts/Content/Story/Dialoge/DIA_Addon_PIR_1300_Greg_NW.d:662","Die eine Stelle ist hinter'm Bauernhof da oben und die zweite neben dem Eingang zum Pass bei den Wasserfällen.","한 곳은 저기 위쪽 농장 뒤편에 있고, 두 번째는 폭포 근처의 통행증 입구 옆이야.","","False","DIA_Addon_Greg_NW_RakePlaceBriefing_01_02","",""
"Scripts/Content/Story/Dialoge/DIA_Addon_PIR_1300_Greg_NW.d:663","Es führt eine Treppe hinunter von den Feldern des Bauern dort oben zu denen des Großbauern.","저 위쪽 농부의 농장 경작지에서 대농부의 경작지로 내려가는 계단이 하나 있지.","","False","DIA_Addon_Greg_NW_RakePlaceBriefing_01_03","",""
"Scripts/Content/Story/Dialoge/DIA_Addon_PIR_1300_Greg_NW.d:664","In dem Talkessel am Ende der Treppe ist eine weitere Stelle.","계단이 끝나는 지점의 계곡 분지에 또 다른 장소가 있어.","","False","DIA_Addon_Greg_NW_RakePlaceBriefing_01_04","",""
"Scripts/Content/Story/Dialoge/DIA_Addon_PIR_1300_Greg_NW.d:675","Ja. Ich habe ein Säckchen mit Gold ausgegraben.","네. 금이 든 주머니를 파냈어요.","","False","DIA_Addon_Greg_NW_RakeCavePlundered_gold_15_00","",""
"Scripts/Content/Story/Dialoge/DIA_Addon_PIR_1300_Greg_NW.d:676","(gierig) Her damit.","(욕심스럽게) 이리 내놔.","","False","DIA_Addon_Greg_NW_RakeCavePlundered_gold_01_01","",""
"Scripts/Content/Story/Dialoge/DIA_Addon_PIR_1300_Greg_NW.d:682","Hier hast du es.","여기 있어요.","","False","DIA_Addon_Greg_NW_RakeCavePlundered_gold_15_02","",""
"Scripts/Content/Story/Dialoge/DIA_Addon_PIR_1300_Greg_NW.d:686","Es waren 25 Goldstücke darin. Hier hast du sie.","그 안에는 25개의 금화가 들어 있었어. 자, 여기 있어.","","False","DIA_Addon_Greg_NW_RakeCavePlundered_gold_15_03","",""
"Scripts/Content/Story/Dialoge/DIA_Addon_PIR_1300_Greg_NW.d:689","Das ist gut. Dann sind sie immer noch da.","좋아. 그럼 아직 거기에 있단 소리군.","","False","DIA_Addon_Greg_NW_RakeCavePlundered_gold_01_04","",""
"Scripts/Content/Story/Dialoge/DIA_Addon_PIR_1300_Greg_NW.d:690","Bist ja doch zu was zu gebrauchen.","그래도 쓸모가 아예 없진 않단 말이지.","","False","DIA_Addon_Greg_NW_RakeCavePlundered_gold_01_05","",""
"Scripts/Content/Story/Dialoge/DIA_Addon_PIR_1300_Greg_NW.d:691","Ok, hör zu. Ich habe noch mehr vergraben. Und du wirst es mir wieder beschaffen.","좋아, 들어봐. 파묻어 둔 게 더 있어. 네가 또 가져와야겠어.","","False","DIA_Addon_Greg_NW_RakeCavePlundered_gold_01_06","",""
"Scripts/Content/Story/Dialoge/DIA_Addon_PIR_1300_Greg_NW.d:694","Ich werde bei der großen Kreuzung bei den Feldern des Großbauern auf dich warten. Enttäusch mich nicht. Das würdest du bereuen, klar?","대농부의 농장 근처 큰 교차로에서 널 기다리고 있겠다. 날 실망시키지 마. 후회하게 될 테니까, 알겠나?","","False","DIA_Addon_Greg_NW_RakeCavePlundered_gold_01_07","",""
"Scripts/Content/Story/Dialoge/DIA_Addon_PIR_1300_Greg_NW.d:702","Ich hab' es nicht mehr.","이제 가지고 있지 않아요.","","False","DIA_Addon_Greg_NW_RakeCavePlundered_gold_15_08","",""
"Scripts/Content/Story/Dialoge/DIA_Addon_PIR_1300_Greg_NW.d:703","Erzähl keinen Unsinn. Ich muss es wohl aus dir rausprügeln, was?","헛소리 집어치워. 매를 좀 벌어야 정신을 차리겠나?","","False","DIA_Addon_Greg_NW_RakeCavePlundered_gold_01_09","",""
"Scripts/Content/Story/Dialoge/DIA_Addon_PIR_1300_Greg_NW.d:754","Wo genau hast du nochmal deine Sachen vergraben?","물건들을 정확히 어디에 파묻어 뒀다고 했지?","","False","DIA_Addon_Greg_NW_WhereTreasures.description","",""
"Scripts/Content/Story/Dialoge/DIA_Addon_PIR_1300_Greg_NW.d:768","Wo genau hast du noch mal deine Sachen vergraben?","물건들을 정확히 어디에 파묻어 뒀다고 했지?","","False","DIA_Addon_Greg_NW_WhereTreasures_15_00","",""
"Scripts/Content/Story/Dialoge/DIA_Addon_PIR_1300_Greg_NW.d:782","Eine Sache noch...","한 가지 더...","","False","DIA_Addon_Greg_NW_PermTaverne.description","",""
"Scripts/Content/Story/Dialoge/DIA_Addon_PIR_1300_Greg_NW.d:803","Eine Sache noch ...","한 가지 더...","","False","DIA_Addon_Greg_NW_PermTaverne_15_00","",""
"Scripts/Content/Story/Dialoge/DIA_Addon_PIR_1300_Greg_NW.d:808","Du besorgst mir erst mal meine vergrabenen Sachen. Dann können wir weiter reden.","내가 파묻어 둔 물건부터 가져와. 그런 다음에 더 얘기하자고.","","False","DIA_Addon_Greg_NW_PermTaverne_01_01","",""
"Scripts/Content/Story/Dialoge/DIA_Addon_PIR_1300_Greg_NW.d:812","Ich bin dir dankbar, dass du mir geholfen hast. Das macht uns aber noch lange nicht zu Freunden, klar?","도와준 건 고맙게 생각하지만, 그렇다고 우리가 친구가 되는 건 아니야, 알겠나?","","False","DIA_Addon_Greg_NW_PermTaverne_01_02","",""
"Scripts/Content/Story/Dialoge/DIA_Addon_PIR_1300_Greg_NW.d:816","Wir haben schon genug gequatscht.","기분 탓인진 몰라도 이미 꽤 떠들었군.","","False","DIA_Addon_Greg_NW_PermTaverne_01_03","",""
"Scripts/Content/Story/Dialoge/DIA_Addon_PIR_1300_Greg_NW.d:837","Alles klar?","잘 지내나?","","False","DIA_Addon_Greg_NW_Bigcross.description","",""
"Scripts/Content/Story/Dialoge/DIA_Addon_PIR_1300_Greg_NW.d:853","Sieh an, der Unzuverlässige.","이거 봐, 믿음직스럽지 못한 양반이 오셨군.","","False","DIA_Addon_Greg_NW_Bigcross_01_00","",""
"Scripts/Content/Story/Dialoge/DIA_Addon_PIR_1300_Greg_NW.d:856","Alles klar?","잘 지내나?","","False","DIA_Addon_Greg_NW_Bigcross_15_01","",""
"Scripts/Content/Story/Dialoge/DIA_Addon_PIR_1300_Greg_NW.d:857","Wie man's nimmt. Die Söldner sind nicht wirklich eine große Hilfe für mich.","글쎄다. 저 용병들은 내게 별로 도움이 안 돼.","","False","DIA_Addon_Greg_NW_Bigcross_01_02","",""
"Scripts/Content/Story/Dialoge/DIA_Addon_PIR_1300_Greg_NW.d:858","Ich hatte erwartet, die hätten ja wenigstens ein bisschen Mumm in den Knochen.","최소한 뱃심이라도 좀 있을 줄 알았는데 말이야.","","False","DIA_Addon_Greg_NW_Bigcross_01_03","",""
"Scripts/Content/Story/Dialoge/DIA_Addon_PIR_1300_Greg_NW.d:859","Aber wenn du mich fragst, sind das alles nur Aufschneider und Großmäuler.","하지만 내게 묻는다면, 저것들은 다 허풍선이들에 입만 산 작자들이야.","","False","DIA_Addon_Greg_NW_Bigcross_01_04","",""
"Scripts/Content/Story/Dialoge/DIA_Addon_PIR_1300_Greg_NW.d:864","Was ist denn jetzt mit meinen vergrabenen Sachen? Hast du sie schon gefunden?","그래서 내가 파묻어 둔 물건들은 어찌 됐나? 벌써 찾았어?","","False","DIA_Addon_Greg_NW_Bigcross_01_05","",""
"Scripts/Content/Story/Dialoge/DIA_Addon_PIR_1300_Greg_NW.d:871","Nein, noch nicht alles.","아니요, 아직 다 찾지는 못했어요.","","False","DIA_Addon_Greg_NW_Bigcross_15_06","",""
"Scripts/Content/Story/Dialoge/DIA_Addon_PIR_1300_Greg_NW.d:872","Dann mach mal ein bisschen schneller. Das kann doch wohl nicht so schwer sein.","그럼 좀 서두르지 그래. 그렇게 어려운 일도 아닐 텐데.","","False","DIA_Addon_Greg_NW_Bigcross_01_07","",""
"Scripts/Content/Story/Dialoge/DIA_Addon_PIR_1300_Greg_NW.d:886","Was wolltest du denn von den Söldnern?","용병들에게 바라는 게 뭐였지?","","False","DIA_Addon_Greg_NW_WhatWantFromSLD.description","",""
"Scripts/Content/Story/Dialoge/DIA_Addon_PIR_1300_Greg_NW.d:901","Was wolltest du denn von den Söldnern?","용병들에게 바라는 게 뭐였지?","","False","DIA_Addon_Greg_NW_WhatWantFromSLD_15_00","",""
"Scripts/Content/Story/Dialoge/DIA_Addon_PIR_1300_Greg_NW.d:909","Das weißt du doch. Ich suche diesen Kerl in roter Rüstung.","이미 말했을 텐데. 빨간 방어구를 입은 그 녀석을 찾고 있다고.","","False","DIA_Addon_Greg_NW_WhatWantFromSLD_01_01","",""
"Scripts/Content/Story/Dialoge/DIA_Addon_PIR_1300_Greg_NW.d:910","Aber die Idioten hier wissen auch nicht, wovon ich rede.","하지만 여기 있는 이 바보들은 내가 무슨 소리를 하는지도 몰라.","","False","DIA_Addon_Greg_NW_WhatWantFromSLD_01_02","",""
"Scripts/Content/Story/Dialoge/DIA_Addon_PIR_1300_Greg_NW.d:923","Ich vermute, du suchst einen Kerl namens Dexter.","덱스터라는 녀석을 찾고 있는 것 같군요.","","False","DIA_Addon_Greg_NW_DexterFound.description","",""
"Scripts/Content/Story/Dialoge/DIA_Addon_PIR_1300_Greg_NW.d:938","Ich vermute, du suchst einen Kerl namens Dexter.","덱스터라는 녀석을 찾고 있는 것 같군요.","","False","DIA_Addon_Greg_NW_DexterFound_15_00","",""
"Scripts/Content/Story/Dialoge/DIA_Addon_PIR_1300_Greg_NW.d:939","Verdammt. Ich hab keine Ahnung, wie der Kerl heißt.","젠장. 그 녀석 이름이 뭔지 알 게 뭐야.","","False","DIA_Addon_Greg_NW_DexterFound_01_01","",""
"Scripts/Content/Story/Dialoge/DIA_Addon_PIR_1300_Greg_NW.d:942","War nur so ein Gedanke.","그냥 해본 소리예요.","","False","DIA_Addon_Greg_NW_DexterFound_Info.DIA_Addon_Greg_NW_DexterFound.DIA_Addon_Greg_NW_DexterFound_weg","Info_AddChoice",""
"Scripts/Content/Story/Dialoge/DIA_Addon_PIR_1300_Greg_NW.d:943","Wie wär's, wenn wir gemeinsam zu ihm gehen.","함께 그 녀석을 찾아가는 건 어때요?","","False","DIA_Addon_Greg_NW_DexterFound_Info.DIA_Addon_Greg_NW_DexterFound.DIA_Addon_Greg_NW_DexterFound_together","Info_AddChoice",""
"Scripts/Content/Story/Dialoge/DIA_Addon_PIR_1300_Greg_NW.d:944","Ich weiß, wo du ihn finden kannst.","그가 어디 있는지 알고 있어요.","","False","DIA_Addon_Greg_NW_DexterFound_Info.DIA_Addon_Greg_NW_DexterFound.DIA_Addon_Greg_NW_DexterFound_wo","Info_AddChoice",""
"Scripts/Content/Story/Dialoge/DIA_Addon_PIR_1300_Greg_NW.d:949","War nur so ein Gedanke.","그냥 해본 소리예요.","","False","DIA_Addon_Greg_NW_DexterFound_weg_15_00","",""
"Scripts/Content/Story/Dialoge/DIA_Addon_PIR_1300_Greg_NW.d:955","Ich weiß, wo du ihn finden kannst.","그가 어디 있는지 알고 있어요.","","False","DIA_Addon_Greg_NW_DexterFound_wo_15_00","",""
"Scripts/Content/Story/Dialoge/DIA_Addon_PIR_1300_Greg_NW.d:956","(überrascht) Tatsächlich? ERZÄHL!","(놀라며) 정말인가? 말해 봐!","","False","DIA_Addon_Greg_NW_DexterFound_wo_01_01","",""
"Scripts/Content/Story/Dialoge/DIA_Addon_PIR_1300_Greg_NW.d:957","Nicht weit von hier.","여기서 멀지 않아요.","","False","DIA_Addon_Greg_NW_DexterFound_wo_15_02","",""
"Scripts/Content/Story/Dialoge/DIA_Addon_PIR_1300_Greg_NW.d:958","Er ist offensichtlich der Anführer einer üblen Bande von Banditen.","그는 악명 높은 산적 무리의 우두머리인 것 같아요.","","False","DIA_Addon_Greg_NW_DexterFound_wo_15_03","",""
"Scripts/Content/Story/Dialoge/DIA_Addon_PIR_1300_Greg_NW.d:959","(lacht hämisch) HAH. Ja. Das ist er.","(비웃으며) 하! 그래. 그 녀석이군.","","False","DIA_Addon_Greg_NW_DexterFound_wo_01_04","",""
"Scripts/Content/Story/Dialoge/DIA_Addon_PIR_1300_Greg_NW.d:960","Ich wusste, dass er sich hier irgendwo verkrochen hat, die alte Landratte.","이 늙은 뱃사람이 이 근처에 숨어있을 줄이야.","","False","DIA_Addon_Greg_NW_DexterFound_wo_01_05","",""
"Scripts/Content/Story/Dialoge/DIA_Addon_PIR_1300_Greg_NW.d:961","Ich muss jetzt nur noch in den Kellerlöchern und Rattennestern in der Gegend hier nachsehen.","이제 이 일대의 은신처와 쥐구멍들을 모조리 뒤지기만 하면 되겠어.","","False","DIA_Addon_Greg_NW_DexterFound_wo_01_06","",""
"Scripts/Content/Story/Dialoge/DIA_Addon_PIR_1300_Greg_NW.d:962","Den Schweinehund finde ich schon, da brauche ich deine Hilfe nicht mehr.","그 자식은 내가 알아서 찾을 테니, 네 도움은 더 이상 필요 없겠어.","","False","DIA_Addon_Greg_NW_DexterFound_wo_01_07","",""
"Scripts/Content/Story/Dialoge/DIA_Addon_PIR_1300_Greg_NW.d:969","Wie wär's, wenn wir gemeinsam zu ihm gehen.","함께 그 녀석을 찾아가는 건 어때요?","","False","DIA_Addon_Greg_NW_DexterFound_together_15_00","",""
"Scripts/Content/Story/Dialoge/DIA_Addon_PIR_1300_Greg_NW.d:970","Ich hab' mit ihm noch ein Hühnchen zu rupfen. Damit werde ich schon alleine fertig.","난 그 녀석과 끝내야 할 일이 있어. 혼자서도 충분히 처리할 수 있다고.","","False","DIA_Addon_Greg_NW_DexterFound_together_01_01","",""
"Scripts/Content/Story/Dialoge/DIA_Addon_PIR_1300_Greg_NW.d:1004","(laut) Wo ist das Schwein?","(크게) 그 돼지새끼는 어디 있지?","","False","DIA_Addon_Greg_NW_CaughtDexter_01_00","",""
"Scripts/Content/Story/Dialoge/DIA_Addon_PIR_1300_Greg_NW.d:1005","Wer? Der Hauptmann? Der ist hier.","누구 말씀이십니까? 대장장이 말씀이십니까? 여기 있습니다.","","False","DIA_Addon_Greg_NW_CaughtDexter_15_01","",""
"Scripts/Content/Story/Dialoge/DIA_Addon_PIR_1300_Greg_NW.d:1006","(laut) Dann geh mir aus dem Weg.","(크게) 그럼 비켜.","","False","DIA_Addon_Greg_NW_CaughtDexter_01_02","",""
"Scripts/Content/Story/Dialoge/DIA_Addon_PIR_1300_Greg_NW.d:1035","(sauer) Wo ist er denn jetzt?","(화내며) 대체 어디로 간 거야?","","False","DIA_Addon_Greg_NW_WodennNu_01_00","",""
"Scripts/Content/Story/Dialoge/DIA_Addon_PIR_1300_Greg_NW.d:1036","Er war hier.","여기 있었어요.","","False","DIA_Addon_Greg_NW_WodennNu_15_01","",""
"Scripts/Content/Story/Dialoge/DIA_Addon_PIR_1300_Greg_NW.d:1037","(befiehlt) Na dann geh und such ihn!","(명령하듯) 그럼 당장 찾아봐!","","False","DIA_Addon_Greg_NW_WodennNu_01_02","",""
"Scripts/Content/Story/Dialoge/DIA_Addon_PIR_1300_Greg_NW.d:1064","So. Dexter ist wohl erledigt, was?","음. 덱스터는 이제 끝장났단 소리겠지?","","False","DIA_Addon_Greg_NW_CaughtDexter2_01_00","",""
"Scripts/Content/Story/Dialoge/DIA_Addon_PIR_1300_Greg_NW.d:1065","Sieht so aus, als sei er tot.","죽은 것 같네요.","","False","DIA_Addon_Greg_NW_CaughtDexter2_15_01","",""
"Scripts/Content/Story/Dialoge/DIA_Addon_PIR_1300_Greg_NW.d:1066","Das wurde aber auch Zeit. Sieh mal nach, was er bei sich hat.","그럴 때도 됐지. 가진 게 뭐가 있는지 뒤져봐.","","False","DIA_Addon_Greg_NW_CaughtDexter2_01_02","",""
"Scripts/Content/Story/Dialoge/DIA_Addon_PIR_1300_Greg_NW.d:1080","Dexter hatte nur diesen Brief bei sich.","덱스터는 이 편지밖에 가지고 있지 않았어요.","","False","DIA_Addon_Greg_NW_RavensLetter.description","",""
"Scripts/Content/Story/Dialoge/DIA_Addon_PIR_1300_Greg_NW.d:1096","Dexter hatte nur diesen Brief bei sich.","덱스터는 이 편지밖에 가지고 있지 않았어요.","","False","DIA_Addon_Greg_NW_RavensLetter_15_00","",""
"Scripts/Content/Story/Dialoge/DIA_Addon_PIR_1300_Greg_NW.d:1097","Zeig mir das Ding mal.","그거 이리 줘봐.","","False","DIA_Addon_Greg_NW_RavensLetter_01_01","",""
"Scripts/Content/Story/Dialoge/DIA_Addon_PIR_1300_Greg_NW.d:1099","Ach, verdammt. Das hilft mir nicht weiter.","아, 젠장. 전혀 도움이 안 되는군.","","False","DIA_Addon_Greg_NW_RavensLetter_01_02","",""
"Scripts/Content/Story/Dialoge/DIA_Addon_PIR_1300_Greg_NW.d:1100","Wir hätten den Kerl nicht einfach verrecken lassen dürfen.","그 녀석을 그냥 그렇게 죽게 내버려 두는 게 아니었는데.","","False","DIA_Addon_Greg_NW_RavensLetter_01_03","",""
"Scripts/Content/Story/Dialoge/DIA_Addon_PIR_1300_Greg_NW.d:1101","Du weißt nicht zufällig, wie man über die Berge im Nordosten von Khorinis kommt?","코리니스 동북쪽 산맥을 넘어가는 법을 혹시 아나?","","False","DIA_Addon_Greg_NW_RavensLetter_01_04","",""
"Scripts/Content/Story/Dialoge/DIA_Addon_PIR_1300_Greg_NW.d:1106","Vielleicht durch einen unterirdischen Tunnel. Die Wassermagier studieren gerade ein Portal, das in die Berge im Nordosten führt.","지하 터널을 통하면 될지도 몰라요. 물의 마법사들이 동북쪽 산맥으로 이어지는 차원문을 연구하고 있거든요.","","False","DIA_Addon_Greg_NW_RavensLetter_15_05","",""
"Scripts/Content/Story/Dialoge/DIA_Addon_PIR_1300_Greg_NW.d:1107","(sauer) Was ist denn das für ein Blödsinn?","(화내며) 무슨 개소리야?","","False","DIA_Addon_Greg_NW_RavensLetter_01_06","",""
"Scripts/Content/Story/Dialoge/DIA_Addon_PIR_1300_Greg_NW.d:1108","(spottet) Pah. Wassermagier. Hast du keinen besseren Plan?","(놀리듯) 칫. 물의 마법사라니. 그보다 더 나은 계획은 없나?","","False","DIA_Addon_Greg_NW_RavensLetter_01_07","",""
"Scripts/Content/Story/Dialoge/DIA_Addon_PIR_1300_Greg_NW.d:1111","Nein.","없어요.","","False","DIA_Addon_Greg_NW_RavensLetter_15_08","",""
"Scripts/Content/Story/Dialoge/DIA_Addon_PIR_1300_Greg_NW.d:1112","(seufzt resigniert) Dann bin hier gestrandet.","(체념하며 한숨을 쉰다) 그럼 난 여기에 오도가도 못하게 된 거군.","","False","DIA_Addon_Greg_NW_RavensLetter_01_09","",""
"Scripts/Content/Story/Dialoge/DIA_Addon_PIR_1300_Greg_NW.d:1113","Dexter war meine letzte Hoffnung.","덱스터가 내 마지막 희망이었는데.","","False","DIA_Addon_Greg_NW_RavensLetter_01_10","",""
"Scripts/Content/Story/Dialoge/DIA_Addon_PIR_1300_Greg_NW.d:1125","Was wolltest du von Dexter?","덱스터에게 뭘 원했던 겁니까?","","False","DIA_Addon_Greg_NW_WasWillstDu.description","",""
"Scripts/Content/Story/Dialoge/DIA_Addon_PIR_1300_Greg_NW.d:1139","Was wolltest du von Dexter?","덱스터에게 뭘 원했던 겁니까?","","False","DIA_Addon_Greg_NW_WasWillstDu_15_00","",""
"Scripts/Content/Story/Dialoge/DIA_Addon_PIR_1300_Greg_NW.d:1140","Ich komme von jenseits der Berge im Nordosten dieser Insel. Und da will ich wieder hin.","나는 이 섬 동북쪽 산맥 너머에서 왔어. 그리고 다시 거기로 돌아가고 싶고.","","False","DIA_Addon_Greg_NW_WasWillstDu_01_01","",""
"Scripts/Content/Story/Dialoge/DIA_Addon_PIR_1300_Greg_NW.d:1141","Ich hatte gehofft, der Mistkerl wüsste, wie man da hin kommt, ohne mit dem Schiff fahren zu müssen.","그 작자가 배를 타지 않고도 거기로 가는 방법을 알고 있기를 바랐지.","","False","DIA_Addon_Greg_NW_WasWillstDu_01_02","",""
"Scripts/Content/Story/Dialoge/DIA_Addon_PIR_1300_Greg_NW.d:1146","Was gibt es da hinter den Bergen?","산 너머에는 뭐가 있나요?","","False","DIA_Addon_Greg_NW_WasWillstDu_Info.DIA_Addon_Greg_NW_WasWillstDu.DIA_Addon_Greg_NW_WasWillstDu_da","Info_AddChoice",""
"Scripts/Content/Story/Dialoge/DIA_Addon_PIR_1300_Greg_NW.d:1150","Ich habe einen Pirat namens Skip in der Nähe der Hafenstadt gesehen.","항구 도시 근처에서 스킵이라는 해적을 봤어요.","","False","DIA_Addon_Greg_NW_WasWillstDu_Info.DIA_Addon_Greg_NW_WasWillstDu.DIA_Addon_Greg_NW_WasWillstDu_Skip","Info_AddChoice",""
"Scripts/Content/Story/Dialoge/DIA_Addon_PIR_1300_Greg_NW.d:1156","Was gibt es da hinter den Bergen?","산 너머에는 뭐가 있나요?","","False","DIA_Addon_Greg_NW_WasWillstDu_da_15_00","",""
"Scripts/Content/Story/Dialoge/DIA_Addon_PIR_1300_Greg_NW.d:1157","Ich kann dir nur raten, nicht zu versuchen, das Land dort zu betreten.","거기에 발을 들일 생각은 아예 하지 않는 게 좋을 거다.","","False","DIA_Addon_Greg_NW_WasWillstDu_da_01_01","",""
"Scripts/Content/Story/Dialoge/DIA_Addon_PIR_1300_Greg_NW.d:1158","Es ist eine rauhe Gegend. Ein Wicht wie du, der wird da nicht lange überleben.","거긴 험한 곳이야. 너 같은 애송이는 거기서 오래 살아남지 못할걸.","","False","DIA_Addon_Greg_NW_WasWillstDu_da_01_02","",""
"Scripts/Content/Story/Dialoge/DIA_Addon_PIR_1300_Greg_NW.d:1163","Ich habe einen Piraten namens Skip in der Nähe der Hafenstadt gesehen.","항구 도시 근처에서 스킵이라는 해적을 봤어요.","","False","DIA_Addon_Greg_NW_WasWillstDu_Skip_15_00","",""
"Scripts/Content/Story/Dialoge/DIA_Addon_PIR_1300_Greg_NW.d:1164","Der Idiot. Ich habe 3 Tage dort gewartet. Warum kommt er denn jetzt erst?","그 얼간이 자식. 거기서 3일 동안 기다렸다고. 대체 왜 이제야 나타나는 거야?","","False","DIA_Addon_Greg_NW_WasWillstDu_Skip_01_01","",""
"Scripts/Content/Story/Dialoge/DIA_Addon_PIR_1300_Greg_NW.d:1165","Wenn ich wieder zu Kräften gekommen bin, kann er sein blaues Wunder erleben.","기운만 차려봐라, 쓴맛을 제대로 보여줄 테니까.","","False","DIA_Addon_Greg_NW_WasWillstDu_Skip_01_02","",""
"Scripts/Content/Story/Dialoge/DIA_Addon_PIR_1300_Greg_NW.d:1180","Ich habe deine vergrabenen Sachen gefunden.","파묻어 둔 물건들을 찾았어요.","","False","DIA_Addon_Greg_NW_FoundTreasure.description","",""
"Scripts/Content/Story/Dialoge/DIA_Addon_PIR_1300_Greg_NW.d:1199","Ich habe deine vergrabenen Sachen gefunden.","파묻어 둔 물건들을 찾았어요.","","False","DIA_Addon_Greg_NW_FoundTreasure_15_00","",""
"Scripts/Content/Story/Dialoge/DIA_Addon_PIR_1300_Greg_NW.d:1200","Dann müsstest du jetzt etwa 100 Goldmünzen, einen goldenen Kelch, eine silberne Schale und ein Amulett bei dir haben, die mir gehören. Her damit.","그럼 내 소유인 금화 약 100닢, 황금 성찬 배, 은 대접 그리고 부적을 지금 가지고 있어야겠네. 이리 내놔.","","False","DIA_Addon_Greg_NW_FoundTreasure_01_01","",""
"Scripts/Content/Story/Dialoge/DIA_Addon_PIR_1300_Greg_NW.d:1203","Ich habe es gerade nicht dabei.","지금 당장 가지고 있지는 않아요.","","False","DIA_Addon_Greg_NW_FoundTreasure_Info.DIA_Addon_Greg_NW_FoundTreasure.DIA_Addon_Greg_NW_FoundTreasure_not","Info_AddChoice",""
"Scripts/Content/Story/Dialoge/DIA_Addon_PIR_1300_Greg_NW.d:1210","Hier hast du die Sachen.","여기 물건들이 있어요.","","False","DIA_Addon_Greg_NW_FoundTreasure_Info.DIA_Addon_Greg_NW_FoundTreasure.DIA_Addon_Greg_NW_FoundTreasure_ja","Info_AddChoice",""
"Scripts/Content/Story/Dialoge/DIA_Addon_PIR_1300_Greg_NW.d:1216","Hier hast du die Sachen.","여기 물건들이 있어요.","","False","DIA_Addon_Greg_NW_FoundTreasure_ja_15_00","",""
"Scripts/Content/Story/Dialoge/DIA_Addon_PIR_1300_Greg_NW.d:1220","Ein Säckchen mit 100 Goldmünzen.","금화 100닢이 든 주머니.","","False","DIA_Addon_Greg_NW_FoundTreasure_ja_15_01","",""
"Scripts/Content/Story/Dialoge/DIA_Addon_PIR_1300_Greg_NW.d:1224","100 Goldmünzen.","금화 100닢.","","False","DIA_Addon_Greg_NW_FoundTreasure_ja_15_02","",""
"Scripts/Content/Story/Dialoge/DIA_Addon_PIR_1300_Greg_NW.d:1229","Einen Goldkelch.","황금 성찬 배 하나.","","False","DIA_Addon_Greg_NW_FoundTreasure_ja_15_03","",""
"Scripts/Content/Story/Dialoge/DIA_Addon_PIR_1300_Greg_NW.d:1234","Eine silberne Schale.","은 대접 하나.","","False","DIA_Addon_Greg_NW_FoundTreasure_ja_15_04","",""
"Scripts/Content/Story/Dialoge/DIA_Addon_PIR_1300_Greg_NW.d:1239","Und ein Amulett.","그리고 부적 하나.","","False","DIA_Addon_Greg_NW_FoundTreasure_ja_15_05","",""
"Scripts/Content/Story/Dialoge/DIA_Addon_PIR_1300_Greg_NW.d:1242","Sehr gut. Hast Glück, dass du nicht dumm genug bist, mit den Sachen einfach zu verschwinden.","아주 좋아. 그 물건들을 들고 튈 정도로 멍청하진 않다니 운 좋은 줄 알아라.","","False","DIA_Addon_Greg_NW_FoundTreasure_ja_01_06","",""
"Scripts/Content/Story/Dialoge/DIA_Addon_PIR_1300_Greg_NW.d:1243","Hier hast du deinen Anteil an der Beute.","여기 네 몫의 전리품이다.","","False","DIA_Addon_Greg_NW_FoundTreasure_ja_01_07","",""
"Scripts/Content/Story/Dialoge/DIA_Addon_PIR_1300_Greg_NW.d:1255","Ich habe sie gerade nicht dabei.","지금 당장 가지고 있지는 않아요.","","False","DIA_Addon_Greg_NW_FoundTreasure_not_15_00","",""
"Scripts/Content/Story/Dialoge/DIA_Addon_PIR_1300_Greg_NW.d:1256","Dann beschaff mir die Sachen, bevor ich böse werde.","그럼 내가 화내기 전에 그 물건들을 가져와.","","False","DIA_Addon_Greg_NW_FoundTreasure_not_01_01","",""
"Scripts/Content/Story/Dialoge/DIA_Addon_PIR_1301_Skip_NW.d:45","(verärgert) Da bist du ja endlich. Ich warte hier schon seit Stunden.","(짜증 내며) 드디어 왔네. 여기서 몇 시간이나 기다렸다고.","","False","DIA_Addon_Skip_NW_Hallo_08_00","",""
"Scripts/Content/Story/Dialoge/DIA_Addon_PIR_1301_Skip_NW.d:46","(irritiert) Aber Moment mal. Du bist gar kein Händler aus der Stadt, oder?","(황당해하며) 잠깐만. 너 도시 상인이 아니잖아, 그렇지?","","False","DIA_Addon_Skip_NW_Hallo_08_01","",""
"Scripts/Content/Story/Dialoge/DIA_Addon_PIR_1301_Skip_NW.d:47","(sauer) Wo ist Baltram?","(화내며) 발트람은 어디 있지?","","False","DIA_Addon_Skip_NW_Hallo_08_02","",""
"Scripts/Content/Story/Dialoge/DIA_Addon_PIR_1301_Skip_NW.d:59","Wer bist du?","당신은 누구죠?","","False","DIA_Addon_Skip_NW_WerBistDu.description","",""
"Scripts/Content/Story/Dialoge/DIA_Addon_PIR_1301_Skip_NW.d:69","Wer bist du?","당신은 누구죠?","","False","DIA_Addon_Skip_NW_WerBistDu_15_00","",""
"Scripts/Content/Story/Dialoge/DIA_Addon_PIR_1301_Skip_NW.d:70","Ich wüsste nicht, was dich das angeht. Aber wenn du es unbedingt wissen willst, mein Name ist Skip. Na klingelt's?","그게 너랑 무슨 상관인지 모르겠군. 하지만 정 알고 싶다면, 내 이름은 스킵이다. 이제 좀 기억이 나나?","","False","DIA_Addon_Skip_NW_WerBistDu_08_01","",""
"Scripts/Content/Story/Dialoge/DIA_Addon_PIR_1301_Skip_NW.d:71","(als hätte er es nicht verstanden) Wer?","(못 알아듣겠다는 듯이) 누구?","","False","DIA_Addon_Skip_NW_WerBistDu_15_02","",""
"Scripts/Content/Story/Dialoge/DIA_Addon_PIR_1301_Skip_NW.d:72","Jetzt sag bloß, du hast den Namen Skip noch nie gehört? Meine Fresse, wo lebst du denn?","설마 스킵이라는 이름도 못 들어본 건 아니겠지? 빌어먹을, 어디서 살다 온 거냐?","","False","DIA_Addon_Skip_NW_WerBistDu_08_03","",""
"Scripts/Content/Story/Dialoge/DIA_Addon_PIR_1301_Skip_NW.d:73","Ich bin einer der meist gesuchten Verbrecher in Khorinis. Meine Jungs und ich machen schon seit Jahren die Gewässer um diese lausige Insel hier unsicher.","난 코리니스에서 가장 악명 높은 범죄자 중 하나다. 나와 부하들은 수년 동안 이 허름한 섬 주변 바다를 누벼왔지.","","False","DIA_Addon_Skip_NW_WerBistDu_08_04","",""
"Scripts/Content/Story/Dialoge/DIA_Addon_PIR_1301_Skip_NW.d:74","(entrüstet) Das musst du doch schon mal gehört haben.","(분개하며) 설마 이걸 못 들어봤을 리가 없는데.","","False","DIA_Addon_Skip_NW_WerBistDu_08_05","",""
"Scripts/Content/Story/Dialoge/DIA_Addon_PIR_1301_Skip_NW.d:77","Du bist ein Pirat.","너는 해적이군.","","False","DIA_Addon_Skip_NW_WerBistDu_Info.DIA_Addon_Skip_NW_WerBistDu.DIA_Addon_Skip_NW_WerBistDu_pirat","Info_AddChoice",""
"Scripts/Content/Story/Dialoge/DIA_Addon_PIR_1301_Skip_NW.d:78","Muss ich dich kennen?","내가 널 알아야 해?","","False","DIA_Addon_Skip_NW_WerBistDu_Info.DIA_Addon_Skip_NW_WerBistDu.DIA_Addon_Skip_NW_WerBistDu_keineAhnung","Info_AddChoice",""
"Scripts/Content/Story/Dialoge/DIA_Addon_PIR_1301_Skip_NW.d:79","Ja. Natürlich. Jetzt fällt's mir wieder ein.","그래, 물론이지. 이제야 기억이 나네.","","False","DIA_Addon_Skip_NW_WerBistDu_Info.DIA_Addon_Skip_NW_WerBistDu.DIA_Addon_Skip_NW_WerBistDu_ja","Info_AddChoice",""
"Scripts/Content/Story/Dialoge/DIA_Addon_PIR_1301_Skip_NW.d:84","Ja. Natürlich. Jetzt fällt's mir wieder ein.","그래, 물론이지. 이제야 기억이 나네.","","False","DIA_Addon_Skip_NW_WerBistDu_ja_15_00","",""
"Scripts/Content/Story/Dialoge/DIA_Addon_PIR_1301_Skip_NW.d:85","(verblüfft) Ehrlich? Du hast wirklich schon von mir gehört.","(어리둥절해하며) 정말이야? 진짜로 내 소문을 들어본 적이 있다고?","","False","DIA_Addon_Skip_NW_WerBistDu_ja_08_01","",""
"Scripts/Content/Story/Dialoge/DIA_Addon_PIR_1301_Skip_NW.d:86","Ach du Scheiße! Ich hatte mir schon überlegt, in die Stadt zu marschieren.","이런 젠장! 마을로 걸어 들어가 볼까 생각 중이었는데.","","False","DIA_Addon_Skip_NW_WerBistDu_ja_08_02","",""
"Scripts/Content/Story/Dialoge/DIA_Addon_PIR_1301_Skip_NW.d:87","Ein Glück, dass ich das nicht gemacht hab'.","그러지 않은 게 다행이군.","","False","DIA_Addon_Skip_NW_WerBistDu_ja_08_03","",""
"Scripts/Content/Story/Dialoge/DIA_Addon_PIR_1301_Skip_NW.d:92","Die Miliz hätte mich sicher sofort in den Knast gesteckt.","민병대가 나를 당장 감옥에 처넣었을걸.","","False","DIA_Addon_Skip_NW_WerBistDu_ja_08_04","",""
"Scripts/Content/Story/Dialoge/DIA_Addon_PIR_1301_Skip_NW.d:96","Du bist doch nicht etwa hergekommen, um mich einzulochen, oder?","설마 나를 잡으러 온 건 아니겠지?","","False","DIA_Addon_Skip_NW_WerBistDu_ja_08_05","",""
"Scripts/Content/Story/Dialoge/DIA_Addon_PIR_1301_Skip_NW.d:97","Tjaaa ...","글쎄에...","","False","DIA_Addon_Skip_NW_WerBistDu_ja_15_06","",""
"Scripts/Content/Story/Dialoge/DIA_Addon_PIR_1301_Skip_NW.d:98","Will ich dir auch nicht geraten haben. Wer sich mit dem alten Skip anlegt, ist Fischfutter.","그렇다면 다행이군. 늙은 스킵에게 덤비면 물고기밥이 될 테니까.","","False","DIA_Addon_Skip_NW_WerBistDu_ja_08_07","",""
"Scripts/Content/Story/Dialoge/DIA_Addon_PIR_1301_Skip_NW.d:106","Muss ich dich kennen?","내가 널 알아야 해?","","False","DIA_Addon_Skip_NW_WerBistDu_keineAhnung_15_00","",""
"Scripts/Content/Story/Dialoge/DIA_Addon_PIR_1301_Skip_NW.d:107","Jetzt sei mal nicht so vorlaut, Bursche, sonst lernst du den alten Skip mal kennen.","이 버릇없는 녀석, 입조심해라. 안 그러면 늙은 스킵이 어떤 사람인지 뼈저리게 느끼게 될 테니.","","False","DIA_Addon_Skip_NW_WerBistDu_keineAhnung_08_01","",""
"Scripts/Content/Story/Dialoge/DIA_Addon_PIR_1301_Skip_NW.d:113","Du bist ein Pirat.","너는 해적이군.","","False","DIA_Addon_Skip_NW_WerBistDu_pirat_15_00","",""
"Scripts/Content/Story/Dialoge/DIA_Addon_PIR_1301_Skip_NW.d:114","(genervt) Ja, verdammt. Das siehst du doch. Und ein genervter noch dazu.","(짜증 내며) 그래, 젠장. 보면 모르나? 게다가 지금 엄청 짜증 나 있거든.","","False","DIA_Addon_Skip_NW_WerBistDu_pirat_08_01","",""
"Scripts/Content/Story/Dialoge/DIA_Addon_PIR_1301_Skip_NW.d:115","Ich könnte vor Langeweile noch in die Planken meiner Kogge beißen.","지루해 죽을 지경이야, 내 배의 널빤지라도 씹어 먹고 싶을 정도로.","","False","DIA_Addon_Skip_NW_WerBistDu_pirat_08_02","",""
"Scripts/Content/Story/Dialoge/DIA_Addon_PIR_1301_Skip_NW.d:128","Baltram? Wartest du auf einen Händler?","발트람? 상인을 기다리고 있나?","","False","DIA_Addon_Skip_NW_Baltram.description","",""
"Scripts/Content/Story/Dialoge/DIA_Addon_PIR_1301_Skip_NW.d:141","Baltram? Wartest du auf einen Händler?","발트람? 상인을 기다리고 있나?","","False","DIA_Addon_Skip_NW_Baltram_15_00","",""
"Scripts/Content/Story/Dialoge/DIA_Addon_PIR_1301_Skip_NW.d:142","Du bist wohl ein ganz Schlauer, was?","꽤 눈치가 빠른 녀석이네, 그래?","","False","DIA_Addon_Skip_NW_Baltram_08_01","",""
"Scripts/Content/Story/Dialoge/DIA_Addon_PIR_1301_Skip_NW.d:149","Das habe ich doch eben gesagt, oder etwa nicht?","방금 내가 그렇게 말하지 않았나?","","False","DIA_Addon_Skip_NW_Baltram_08_02","",""
"Scripts/Content/Story/Dialoge/DIA_Addon_PIR_1301_Skip_NW.d:150","Dieser Nichtsnutz von einem Kleinkrämer hat mich wohl vergessen, so wie es aussieht.","그 쓸모없는 잡상인 녀석이 날 까먹은 모양이군.","","False","DIA_Addon_Skip_NW_Baltram_08_03","",""
"Scripts/Content/Story/Dialoge/DIA_Addon_PIR_1301_Skip_NW.d:151","Der soll mir noch mal in die Finger kommen, sag ich dir.","내 손에 걸리기만 해봐라, 아주 뼈도 못 추리게 해줄 테니까.","","False","DIA_Addon_Skip_NW_Baltram_08_04","",""
"Scripts/Content/Story/Dialoge/DIA_Addon_PIR_1301_Skip_NW.d:169","Ich habe ein Paket von Baltram für dich.","발트람이 네게 보낸 소포가 있어.","","False","DIA_Addon_Skip_BaltramPaket.description","",""
"Scripts/Content/Story/Dialoge/DIA_Addon_PIR_1301_Skip_NW.d:183","Ich habe ein Paket von Baltram für dich.","발트람이 네게 보낸 소포가 있어.","","False","DIA_Addon_Skip_BaltramPaket_15_00","",""
"Scripts/Content/Story/Dialoge/DIA_Addon_PIR_1301_Skip_NW.d:184","Was denn? Jetzt schickt er schon einen Laufburschen zu mir.","뭐야? 이제 심부름꾼까지 보내는 거야?","","False","DIA_Addon_Skip_BaltramPaket_08_01","",""
"Scripts/Content/Story/Dialoge/DIA_Addon_PIR_1301_Skip_NW.d:185","Er hat die Hosen gestrichen voll, was? Naja. Was will man von so einer Händlerpfeife auch erwarten?","겁을 단단히 집어먹었나 보지? 뭐, 그런 째째한 상인 녀석한테 뭘 바라겠나.","","False","DIA_Addon_Skip_BaltramPaket_08_02","",""
"Scripts/Content/Story/Dialoge/DIA_Addon_PIR_1301_Skip_NW.d:187","Er sagte, er will 3 Flaschen von deinem Rum dafür.","그 대가로 네 럼주 3병을 달라고 하던데.","","False","DIA_Addon_Skip_BaltramPaket_15_03","",""
"Scripts/Content/Story/Dialoge/DIA_Addon_PIR_1301_Skip_NW.d:188","(lacht) Das hätte er wohl gerne. Erst lässt er mich hier ewig warten, kommt nicht einmal persönlich und stellt obendrein auch noch Forderungen.","(웃음) 그러고 싶겠지. 날 한참 동안 기다리게 해놓고, 직접 오지도 않고, 게다가 요구사항까지 내세우다니.","","False","DIA_Addon_Skip_BaltramPaket_08_04","",""
"Scripts/Content/Story/Dialoge/DIA_Addon_PIR_1301_Skip_NW.d:189","Hier, gib ihm 2 Flaschen. Damit soll er zufrieden sein.","자, 2병을 주마. 이걸로 만족하라고 해.","","False","DIA_Addon_Skip_BaltramPaket_08_05","",""
"Scripts/Content/Story/Dialoge/DIA_Addon_PIR_1301_Skip_NW.d:207","Wo kommst du her?","어디서 오는 길이지?","","False","DIA_Addon_Skip_NW_Woher.description","",""
"Scripts/Content/Story/Dialoge/DIA_Addon_PIR_1301_Skip_NW.d:220","Wo kommst du her?","어디서 오는 길이지?","","False","DIA_Addon_Skip_NW_Woher_15_00","",""
"Scripts/Content/Story/Dialoge/DIA_Addon_PIR_1301_Skip_NW.d:221","Du willst wissen, wo unser Unterschlupf ist?","우리 은신처가 어디 있는지 알고 싶다고?","","False","DIA_Addon_Skip_NW_Woher_08_01","",""
"Scripts/Content/Story/Dialoge/DIA_Addon_PIR_1301_Skip_NW.d:225","Das werde ich einem Typen von der Miliz ganz bestimmt nicht auf die Nase binden.","민병대 녀석한테 그딴 걸 불어버릴 일은 절대 없을 거다.","","False","DIA_Addon_Skip_NW_Woher_08_02","",""
"Scripts/Content/Story/Dialoge/DIA_Addon_PIR_1301_Skip_NW.d:229","Wenn ich dir das erzähle, dann könnte ich mich ja gleich der Miliz stellen.","그걸 네게 말해주느 차라리 민병대에 자수하고 말지.","","False","DIA_Addon_Skip_NW_Woher_08_03","",""
"Scripts/Content/Story/Dialoge/DIA_Addon_PIR_1301_Skip_NW.d:232","Außerdem würde dir das sowieso nichts nutzen, falls du vor haben solltest uns aufzusuchen.","애초에 우리를 찾아올 생각이라면, 그걸 알아봤자 아무 소용도 없을 거다.","","False","DIA_Addon_Skip_NW_Woher_08_04","",""
"Scripts/Content/Story/Dialoge/DIA_Addon_PIR_1301_Skip_NW.d:233","Die Insel Khorinis ist groß und da, wo wir sind, kommt sowieso niemand hin. Es sei denn, er fährt mit einer Kogge oder einem Schiff.","코리니스 섬은 크고, 우리가 있는 곳은 아무도 찾아올 수 없는 곳이거든. 코그선이나 배를 타지 않는 이상 말이지.","","False","DIA_Addon_Skip_NW_Woher_08_05","",""
"Scripts/Content/Story/Dialoge/DIA_Addon_PIR_1301_Skip_NW.d:234","Dann müsstest du auch noch ein Weg durch die Klippen finden. Niemand kommt da durch, es sei denn, er kennt den geheimen Weg.","게다가 벼랑 사이로 난 길도 직접 찾아야 할 거다. 비밀 통로를 모르면 아무도 지나가지 못해.","","False","DIA_Addon_Skip_NW_Woher_08_06","",""
"Scripts/Content/Story/Dialoge/DIA_Addon_PIR_1301_Skip_NW.d:235","Es gibt nur zwei Menschen, die den Weg kennen, und du bist keiner von ihnen.","그 길을 아는 사람은 딱 두 명뿐인데, 넌 그중 한 명이 아니야.","","False","DIA_Addon_Skip_NW_Woher_08_07","",""
"Scripts/Content/Story/Dialoge/DIA_Addon_PIR_1301_Skip_NW.d:247","Kennst du jemanden mit einer Augenklappe?","안대를 한 사람을 아나?","","False","DIA_Addon_Skip_SCSawGreg.description","",""
"Scripts/Content/Story/Dialoge/DIA_Addon_PIR_1301_Skip_NW.d:261","Kennst du jemanden mit einer Augenklappe?","안대를 한 사람을 아나?","","False","DIA_Addon_Skip_SCSawGreg_15_00","",""
"Scripts/Content/Story/Dialoge/DIA_Addon_PIR_1301_Skip_NW.d:262","Ich kenne eine Menge Männer mit Augenklappe.","안대를 한 녀석은 널리고 널렸어.","","False","DIA_Addon_Skip_SCSawGreg_08_01","",""
"Scripts/Content/Story/Dialoge/DIA_Addon_PIR_1301_Skip_NW.d:263","Da gibt es so jemanden, der über das Land von Khorinis läuft und er scheint dich gut zu kennen.","코리니스 땅을 돌아다니는 자가 있는데, 너를 꽤 잘 아는 것 같더군.","","False","DIA_Addon_Skip_SCSawGreg_15_02","",""
"Scripts/Content/Story/Dialoge/DIA_Addon_PIR_1301_Skip_NW.d:264","Kann ich mir nicht vorstellen. Die Männer, mit denen ich zu tun habe, sind keine Landratten.","상상이 안 되는군. 나와 어울리는 사람들은 뭍사마귀 같은 자들이 아니거든.","","False","DIA_Addon_Skip_SCSawGreg_08_03","",""
"Scripts/Content/Story/Dialoge/DIA_Addon_PIR_1301_Skip_NW.d:265","Aber ...","하지만...","","False","DIA_Addon_Skip_SCSawGreg_15_04","",""
"Scripts/Content/Story/Dialoge/DIA_Addon_PIR_1301_Skip_NW.d:266","Hör schon auf, mich interessiert das wirklich nicht.","그만해라, 정말 관심 없으니까.","","False","DIA_Addon_Skip_SCSawGreg_08_05","",""
"Scripts/Content/Story/Dialoge/DIA_Addon_PIR_1301_Skip_NW.d:279","Eine Menge Einwohner werden vermisst.","많은 주민들이 실종되었어.","","False","DIA_Addon_Skip_NW_MissingPeople.description","",""
"Scripts/Content/Story/Dialoge/DIA_Addon_PIR_1301_Skip_NW.d:293","Eine Menge Einwohner werden vermisst. Und alles deutet darauf hin, dass du daran nicht ganz unschuldig zu sein scheinst.","많은 주민들이 실종되었어. 그리고 모든 정황이 네가 이 일과 무관하지 않다는 걸 가리키고 있지.","","False","DIA_Addon_Skip_NW_MissingPeople_15_00","",""
"Scripts/Content/Story/Dialoge/DIA_Addon_PIR_1301_Skip_NW.d:294","(fühlt sich erwischt) Äh ... verdammt, aber die Sache ist nicht so, wie du denkst.","(들켰다는 듯이) 어... 젠장, 하지만 네가 생각하는 그런 게 아니야.","","False","DIA_Addon_Skip_NW_MissingPeople_08_01","",""
"Scripts/Content/Story/Dialoge/DIA_Addon_PIR_1301_Skip_NW.d:295","Seh ich etwa aus wie ein Menschenhändler? Nein, ich transportiere Waren, was das für Waren sind oder wo sie herkommen, geht mich nichts an.","내가 노예상인으로 보이나? 아니, 난 그저 물건을 운반할 뿐이야. 그게 무슨 물건이고 어디서 났는지는 내 알 바 아니라고.","","False","DIA_Addon_Skip_NW_MissingPeople_08_02","",""
"Scripts/Content/Story/Dialoge/DIA_Addon_PIR_1301_Skip_NW.d:296","Wir haben viele Dinge für diese Schweine geschippert.","우린 그 돼지 같은 녀석들을 위해 온갖 물건을 실어 나 줬지.","","False","DIA_Addon_Skip_NW_MissingPeople_08_03","",""
"Scripts/Content/Story/Dialoge/DIA_Addon_PIR_1301_Skip_NW.d:297","Am Anfang war es ganz normaler Kram. Naja, das eine oder andere war Schmuggelware.","처음에는 평범한 잡동사니였어. 뭐, 가끔은 밀수품일 때도 있었지만.","","False","DIA_Addon_Skip_NW_MissingPeople_08_04","",""
"Scripts/Content/Story/Dialoge/DIA_Addon_PIR_1301_Skip_NW.d:298","Doch irgendwann fingen sie an, die Bewohner der Stadt zu entführen. Keine Ahnung, was sie mit ihnen vorhaben.","하지만 언젠가부터 그 녀석들이 도시 주민들을 납치하기 시작하더군. 그들을 가지고 뭘 하려는 건지는 나도 몰라.","","False","DIA_Addon_Skip_NW_MissingPeople_08_05","",""
"Scripts/Content/Story/Dialoge/DIA_Addon_PIR_1301_Skip_NW.d:299","Wir haben sie nur übergefahren.","우린 그저 건네다 주기만 했을 뿐이야.","","False","DIA_Addon_Skip_NW_MissingPeople_08_06","",""
"Scripts/Content/Story/Dialoge/DIA_Addon_PIR_1301_Skip_NW.d:311","Von wem sprichst du?","누구를 말하는 거지?","","False","DIA_Addon_Skip_NW_Dexter.description","",""
"Scripts/Content/Story/Dialoge/DIA_Addon_PIR_1301_Skip_NW.d:324","Von wem sprichst du?","누구를 말하는 거지?","","False","DIA_Addon_Skip_NW_Dexter_15_00","",""
"Scripts/Content/Story/Dialoge/DIA_Addon_PIR_1301_Skip_NW.d:325","Von den Banditen, Mann. Von wem sonst? Das schmierige Pack, das sich hier überall auf der Insel breit macht.","당연히 산적 말이야, 이 사람아. 그 외에 누가 있겠어? 이 섬 곳곳에서 기어 다니는 그 더러운 쓰레기들 말이야.","","False","DIA_Addon_Skip_NW_Dexter_08_01","",""
"Scripts/Content/Story/Dialoge/DIA_Addon_PIR_1301_Skip_NW.d:326","Und nicht nur hier um Khorinis.","코리니스 근처뿐만이 아니라고.","","False","DIA_Addon_Skip_NW_Dexter_08_02","",""
"Scripts/Content/Story/Dialoge/DIA_Addon_PIR_1301_Skip_NW.d:331","Jetzt fällt mir auch sein Name wieder ein. Dexter. Ja, ich meine, sein Name war Dexter.","이제 그 녀석 이름도 기억났어. 덱스터. 그래, 덱스터라고 불렀던 것 같아.","","False","DIA_Addon_Skip_SaysDextersName_08_00","",""
"Scripts/Content/Story/Dialoge/DIA_Addon_PIR_1301_Skip_NW.d:350","'Banditen!' reicht mir nicht. Ich will einen Namen...","'산적'이라는 말로는 부족해. 나는 이름을 원한다고...","","False","DIA_Addon_Skip_NW_Name.description","",""
"Scripts/Content/Story/Dialoge/DIA_Addon_PIR_1301_Skip_NW.d:364","Banditen!' reicht mir nicht. Ich will einen Namen ...","'산적'이라는 말로는 부족해. 나는 이름을 원한다고...","","False","DIA_Addon_Skip_NW_Name_15_00","",""
"Scripts/Content/Story/Dialoge/DIA_Addon_PIR_1301_Skip_NW.d:365","Einen Namen? Du willst wissen, wer der Kopf der Banditen ist? Verdammt, wie hieß denn der Hund noch mal ...","이름이라고? 산적들의 우머리가 누구인지 알고 싶나? 젠장, 그 개자식 이름이 뭐였더라...","","False","DIA_Addon_Skip_NW_Name_08_01","",""
"Scripts/Content/Story/Dialoge/DIA_Addon_PIR_1301_Skip_NW.d:366","Mmh. Mir fällt der Name von dem Kerl nicht mehr ein. Dabei war er eigentlich ganz einfach zu merken.","음. 그 녀석 이름이 기억나지 않는군. 그리 외우기 어려운 이름도 아니었는데 말이야.","","False","DIA_Addon_Skip_NW_Name_08_02","",""
"Scripts/Content/Story/Dialoge/DIA_Addon_PIR_1301_Skip_NW.d:367","Aber ich kann dir zeigen, wo du den Boss der Bande in diesem Teil von Khorinis finden kannst.","하지만 이 코리니스 지역에서 그 산적 두목을 어디서 찾을 수 있는지 알려줄 수는 있지.","","False","DIA_Addon_Skip_NW_Name_08_03","",""
"Scripts/Content/Story/Dialoge/DIA_Addon_PIR_1301_Skip_NW.d:368","Hast du eine ordentliche Landkarte dabei?","쓸만한 지도라도 가지고 있나?","","False","DIA_Addon_Skip_NW_Name_08_04","",""
"Scripts/Content/Story/Dialoge/DIA_Addon_PIR_1301_Skip_NW.d:376","Ich hab hier eine Landkarte.","여기에 지도가 있어.","","False","DIA_Addon_Skip_NW_Name_15_05","",""
"Scripts/Content/Story/Dialoge/DIA_Addon_PIR_1301_Skip_NW.d:377","Die ist ja schon vollgemalt. Da macht mir das ja gar keinen Spaß, dir deine Karte zu verschandeln.","벌써 낙서가 잔뜩 되어 있잖아. 이러면 네 지도를 엉망으로 만드는 재미가 없는데.","","False","DIA_Addon_Skip_NW_Name_08_06","",""
"Scripts/Content/Story/Dialoge/DIA_Addon_PIR_1301_Skip_NW.d:381","Nein.","아니.","","False","DIA_Addon_Skip_NW_Name_15_07","",""
"Scripts/Content/Story/Dialoge/DIA_Addon_PIR_1301_Skip_NW.d:384","Dann werde ich's dir wohl beschreiben müssen, was?","그럼 말로 설명해 줄 수밖에 없겠군, 그래?","","False","DIA_Addon_Skip_NW_Name_08_08","",""
"Scripts/Content/Story/Dialoge/DIA_Addon_PIR_1301_Skip_NW.d:385","Weit im Osten gibt es einen sehr großen Bauernhof. Ich glaube, der Bauer dort heißt Onar.","저 멀리 동쪽에 아주 큰 농장이 있어. 그곳 농부 이름이 오나르였던가.","","False","DIA_Addon_Skip_NW_Name_08_09","",""
"Scripts/Content/Story/Dialoge/DIA_Addon_PIR_1301_Skip_NW.d:386","Er hat ziemliche große Felder da. Im Süden dieser Felder gibt es eine kleine Festung auf einem hohen Felsen.","거기에는 꽤 큰 밭이 있지. 그 밭들의 남쪽, 높은 바위 위에 작은 요새가 하나 있어.","","False","DIA_Addon_Skip_NW_Name_08_10","",""
"Scripts/Content/Story/Dialoge/DIA_Addon_PIR_1301_Skip_NW.d:387","Da sitzt der Typ, den du suchst.","네가 찾는 녀석이 바로 거기에 처박혀 있지.","","False","DIA_Addon_Skip_NW_Name_08_11","",""
"Scripts/Content/Story/Dialoge/DIA_Addon_PIR_1301_Skip_NW.d:401","Hier. Ich hab eine Landkarte von Khorinis.","여기. 코리니스 지도가 있어.","","False","DIA_Addon_Skip_NW_Landkarte.description","",""
"Scripts/Content/Story/Dialoge/DIA_Addon_PIR_1301_Skip_NW.d:416","Hier. Ich habe eine Landkarte von Khorinis.","좋아. 그럼 그 녀석의 소굴을 표시해 주지.","","False","DIA_Addon_Skip_NW_Landkarte_15_00","",""
"Scripts/Content/Story/Dialoge/DIA_Addon_PIR_1301_Skip_NW.d:417","Das ist gut. Dann werde ich dir den Sitz von diesem Kerl einzeichnen.","좋아. 그럼 그 녀석의 소굴을 표시해 주지.","","False","DIA_Addon_Skip_NW_Landkarte_08_01","",""
"Scripts/Content/Story/Dialoge/DIA_Addon_PIR_1301_Skip_NW.d:420","Hier. Deine Karte.","자, 네 지도야.","","False","DIA_Addon_Skip_NW_Landkarte_08_02","",""
"Scripts/Content/Story/Dialoge/DIA_Addon_PIR_1301_Skip_NW.d:437","Wo habt ihr die Leute hingebracht?","사람들을 어디로 데려갔지?","","False","DIA_Addon_Skip_NW_Wohin.description","",""
"Scripts/Content/Story/Dialoge/DIA_Addon_PIR_1301_Skip_NW.d:451","Wo habt ihr die Leute hingebracht?","사람들을 어디로 데려갔지?","","False","DIA_Addon_Skip_NW_Wohin_15_00","",""
"Scripts/Content/Story/Dialoge/DIA_Addon_PIR_1301_Skip_NW.d:452","Ich hab dir schon gesagt, ich werde dir nicht verraten, wo sich unsere Bucht befindet.","이미 말했잖아, 우리 만이 어디 있는지 불어버릴 일은 없을 거라고.","","False","DIA_Addon_Skip_NW_Wohin_08_01","",""
"Scripts/Content/Story/Dialoge/DIA_Addon_PIR_1320_Greg.d:79","(droht) Sag mal. Was machst du in meiner Hütte?","(위협하며) 이봐. 내 오막살이에서 뭘 하는 거냐?","","False","DIA_Addon_Greg_Hello_01_00","",""
"Scripts/Content/Story/Dialoge/DIA_Addon_PIR_1320_Greg.d:80","Ich ...","난...","","False","DIA_Addon_Greg_Hello_15_01","",""
"Scripts/Content/Story/Dialoge/DIA_Addon_PIR_1320_Greg.d:81","(wütend) Kaum ist man mal ein paar Tage nicht da, da glaubt jeder, er kann mir auf der Nase rumtanzen.","(분노하며) 자리를 비운 지 며칠이나 되었다고, 다들 기어오르려고 드는군.","","False","DIA_Addon_Greg_Hello_01_02","",""
"Scripts/Content/Story/Dialoge/DIA_Addon_PIR_1320_Greg.d:85","Was ist eigentlich hier los?","도대체 여기서 무슨 짓들이야?","","False","DIA_Addon_Greg_ImNew_01_03","",""
"Scripts/Content/Story/Dialoge/DIA_Addon_PIR_1320_Greg.d:86","Die Palisade ist noch nicht fertig? Der Canyon quillt fast über vor Viechern und alle machen sich einen schönen Tag.","방벽은 아직도 안 끝났어? 협곡에는 괴물들이 득실거리는데 다들 딴짓이나 하고 있고 말이야.","","False","DIA_Addon_Greg_ImNew_01_04","",""
"Scripts/Content/Story/Dialoge/DIA_Addon_PIR_1320_Greg.d:93","(laut) Ist das etwa alles, was du zustande gebracht hast, Francis?","(고함치며) 프랜시스, 네가 해낸 게 고작 이거야?","","False","DIA_Addon_Greg_ImNew_01_05","",""
"Scripts/Content/Story/Dialoge/DIA_Addon_PIR_1320_Greg.d:97","(laut) Verzieh dich sofort von meiner Bank!","(고함치며) 당장 내 벤치에서 꺼져!","","False","DIA_Addon_Greg_ImNew_01_06","",""
"Scripts/Content/Story/Dialoge/DIA_Addon_PIR_1320_Greg.d:103","Und DU? Was hast DU gemacht?","그리고 너는? 너는 뭘 했지?","","False","DIA_Addon_Greg_ImNew_01_07","",""
"Scripts/Content/Story/Dialoge/DIA_Addon_PIR_1320_Greg.d:106","Bisher noch nicht viel.","아직은 별로 한 게 없습니다.","","False","DIA_Addon_Greg_ImNew_Info.DIA_Addon_Greg_ImNew.DIA_Addon_Greg_ImNew_nich","Info_AddChoice",""
"Scripts/Content/Story/Dialoge/DIA_Addon_PIR_1320_Greg.d:119","Gearbeitet.","일했습니다.","","False","DIA_Addon_Greg_ImNew_Info.DIA_Addon_Greg_ImNew.DIA_Addon_Greg_ImNew_turm","Info_AddChoice",""
"Scripts/Content/Story/Dialoge/DIA_Addon_PIR_1320_Greg.d:129","Glaub jetzt aber bloß nicht, ich hätte vergessen, dass du mir noch was schuldig bist.","그렇다고 네가 내게 빚진 게 있다는 사실까지 잊은 건 아니겠지.","","False","DIA_Addon_Greg_UseRakeBilanz_01_00","",""
"Scripts/Content/Story/Dialoge/DIA_Addon_PIR_1320_Greg.d:130","Es waren Sachen im Wert von mehreren hundert Goldmünzen, die ich überall in Khorinis vergraben habe.","코리니스 곳곳에 파묻어 둔 수백 골드 상당의 물건 말이다.","","False","DIA_Addon_Greg_UseRakeBilanz_01_01","",""
"Scripts/Content/Story/Dialoge/DIA_Addon_PIR_1320_Greg.d:131","Die hast du dir alle eingesackt, was?","네가 그걸 다 챙겨갔겠지, 어?","","False","DIA_Addon_Greg_UseRakeBilanz_01_02","",""
"Scripts/Content/Story/Dialoge/DIA_Addon_PIR_1320_Greg.d:132","Das wirst du jetzt bei mir abarbeiten.","이제 여기서 일해서 빚을 갚아야 할 거다.","","False","DIA_Addon_Greg_UseRakeBilanz_01_03","",""
"Scripts/Content/Story/Dialoge/DIA_Addon_PIR_1320_Greg.d:136","Ab jetzt wirst du mal richtige Arbeit kennen lernen.","지금부터 진짜 노동이 뭔지 보여주마.","","False","DIA_Addon_Greg_UseRakeBilanz_01_04","",""
"Scripts/Content/Story/Dialoge/DIA_Addon_PIR_1320_Greg.d:152","Bisher noch nicht viel.","아직은 별로 한 게 없습니다.","","False","DIA_Addon_Greg_ImNew_nich_15_00","",""
"Scripts/Content/Story/Dialoge/DIA_Addon_PIR_1320_Greg.d:153","Macht nichts. Ich werde schon das Passende für dich finden, mein Freundchen.","상관없어. 네게 딱 알맞은 일을 찾아줄 테니까, 친구.","","False","DIA_Addon_Greg_ImNew_nich_01_01","",""
"Scripts/Content/Story/Dialoge/DIA_Addon_PIR_1320_Greg.d:159","Gearbeitet.","일했습니다.","","False","DIA_Addon_Greg_ImNew_turm_15_00","",""
"Scripts/Content/Story/Dialoge/DIA_Addon_PIR_1320_Greg.d:160","So? Was denn?","그래? 뭘 했는데?","","False","DIA_Addon_Greg_ImNew_turm_01_01","",""
"Scripts/Content/Story/Dialoge/DIA_Addon_PIR_1320_Greg.d:164","Ich habe die Banditen aus dem Turm erledigt.","탑에 있던 산적들을 처리했습니다.","","False","DIA_Addon_Greg_ImNew_turm_15_02","",""
"Scripts/Content/Story/Dialoge/DIA_Addon_PIR_1320_Greg.d:175","Der Strand im Norden ist von Viechern gesäubert.","북쪽 해변의 괴물들은 전부 소탕했어.","","False","DIA_Addon_Greg_ImNew_turm_15_03","",""
"Scripts/Content/Story/Dialoge/DIA_Addon_PIR_1320_Greg.d:178","Na ja. Das ist ja schon mal ein Anfang.","뭐, 시작 치고는 나쁘지 않군.","","False","DIA_Addon_Greg_ImNew_turm_01_04","",""
"Scripts/Content/Story/Dialoge/DIA_Addon_PIR_1320_Greg.d:192","Was gibt's zu tun?","뭘 하면 됩니까?","","False","DIA_Addon_Greg_JoinPirates.description","",""
"Scripts/Content/Story/Dialoge/DIA_Addon_PIR_1320_Greg.d:205","Was gibt's zu tun?","뭘 하면 됩니까?","","False","DIA_Addon_Greg_JoinPirates_15_00","",""
"Scripts/Content/Story/Dialoge/DIA_Addon_PIR_1320_Greg.d:206","Als erstes müssen wir hier wieder ein bisschen Schwung in den Laden bringen.","우선 여기서 다시 활기를 불어넣어야겠어.","","False","DIA_Addon_Greg_JoinPirates_01_01","",""
"Scripts/Content/Story/Dialoge/DIA_Addon_PIR_1320_Greg.d:210","Morgan, die faule Sau, schick ich zum Bretter sägen.","모건 저 게으른 돼지 녀석은 널빤지를 썰게 보낼 거다.","","False","DIA_Addon_Greg_JoinPirates_01_02","",""
"Scripts/Content/Story/Dialoge/DIA_Addon_PIR_1320_Greg.d:213","DU wirst Morgans Job übernehmen und den verdammten Canyon von Viechern säubern.","너는 모건의 일을 넘겨받아 저 저주받을 협곡의 괴물들을 소탕해라.","","False","DIA_Addon_Greg_JoinPirates_01_03","",""
"Scripts/Content/Story/Dialoge/DIA_Addon_PIR_1320_Greg.d:222","Dann werde ich mal aufbrechen.","그럼 가보겠습니다.","","False","DIA_Addon_Greg_JoinPirates_Info.DIA_Addon_Greg_JoinPirates.DIA_Addon_Greg_JoinPirates_Leave","Info_AddChoice",""
"Scripts/Content/Story/Dialoge/DIA_Addon_PIR_1320_Greg.d:227","Soll ich das etwa ganz alleine machen?","이걸 혼자서 다 하라고요?","","False","DIA_Addon_Greg_JoinPirates_Info.DIA_Addon_Greg_JoinPirates.DIA_Addon_Greg_JoinPirates_Compadres","Info_AddChoice",""
"Scripts/Content/Story/Dialoge/DIA_Addon_PIR_1320_Greg.d:230","Welche Viecher?","어떤 괴물 말입니까?","","False","DIA_Addon_Greg_JoinPirates_Info.DIA_Addon_Greg_JoinPirates.DIA_Addon_Greg_JoinPirates_ClearCanyon","Info_AddChoice",""
"Scripts/Content/Story/Dialoge/DIA_Addon_PIR_1320_Greg.d:235","Dann werde ich mal aufbrechen.","그럼 가보겠습니다.","","False","DIA_Addon_Greg_JoinPirates_Leave_15_00","",""
"Scripts/Content/Story/Dialoge/DIA_Addon_PIR_1320_Greg.d:236","Noch was. Du bist jetzt einer von uns.","하나 더. 넌 이제 우리 동료다.","","False","DIA_Addon_Greg_JoinPirates_Leave_01_01","",""
"Scripts/Content/Story/Dialoge/DIA_Addon_PIR_1320_Greg.d:237","Also ziehst du dir erst mal vernünftige Klamotten für die Jagd an.","그러니 사냥에 어울리는 제대로 된 옷부터 챙겨 입도록 해.","","False","DIA_Addon_Greg_JoinPirates_Leave_01_02","",""
"Scripts/Content/Story/Dialoge/DIA_Addon_PIR_1320_Greg.d:238","Hier hast du eine von unseren Rüstungen. Ich schätze, die wird dir passen.","여기 우리 방어구 중 하나를 주마. 네 몸에 맞을 거다.","","False","DIA_Addon_Greg_JoinPirates_Leave_01_03","",""
"Scripts/Content/Story/Dialoge/DIA_Addon_PIR_1320_Greg.d:242","Und trödel nicht so lange herum, klar?","꾸물거리지 말고 당장 출발해, 알았나?","","False","DIA_Addon_Greg_JoinPirates_Leave_01_04","",""
"Scripts/Content/Story/Dialoge/DIA_Addon_PIR_1320_Greg.d:249","Soll ich das etwa ganz alleine machen?","이걸 혼자서 다 하라고요?","","False","DIA_Addon_Greg_JoinPirates_Compadres_15_00","",""
"Scripts/Content/Story/Dialoge/DIA_Addon_PIR_1320_Greg.d:250","Am besten schanppst du dir ein paar von den Jungs.","부하들 중 몇 명을 데려가는 게 좋을 거야.","","False","DIA_Addon_Greg_JoinPirates_Compadres_01_01","",""
"Scripts/Content/Story/Dialoge/DIA_Addon_PIR_1320_Greg.d:251","Die sollen ihre Heuer verdienen, anstatt den ganzen Tag nur zu tratschen.","하루 종일 노닥거리는 것보다야 삯값을 해야지.","","False","DIA_Addon_Greg_JoinPirates_Compadres_01_02","",""
"Scripts/Content/Story/Dialoge/DIA_Addon_PIR_1320_Greg.d:258","Welche Viecher?","어떤 괴물 말입니까?","","False","DIA_Addon_Greg_JoinPirates_ClearCanyon_15_00","",""
"Scripts/Content/Story/Dialoge/DIA_Addon_PIR_1320_Greg.d:259","Die Razor im Canyon kommen immer näher an's Lager.","협곡의 레이저들이 점점 우리 야영지 쪽으로 다가오고 있어.","","False","DIA_Addon_Greg_JoinPirates_ClearCanyon_01_01","",""
"Scripts/Content/Story/Dialoge/DIA_Addon_PIR_1320_Greg.d:260","Ich habe keine Lust, dass einer meiner Männer im Suff von den Biester gefressen wird.","술에 취한 내 부하들 중 하나가 그 녀석들에게 잡아먹히는 꼴을 보고 싶진 않거든.","","False","DIA_Addon_Greg_JoinPirates_ClearCanyon_01_02","",""
"Scripts/Content/Story/Dialoge/DIA_Addon_PIR_1320_Greg.d:275","Wegen der Sache mit dem Canyon...","협곡 일에 대해서 말인데...","","False","DIA_Addon_Greg_AboutCanyon.description","",""
"Scripts/Content/Story/Dialoge/DIA_Addon_PIR_1320_Greg.d:288","Wegen der Sache mit dem Canyon ...","협곡 일에 대해서 말인데...","","False","DIA_Addon_Greg_AboutCanyon_15_00","",""
"Scripts/Content/Story/Dialoge/DIA_Addon_PIR_1320_Greg.d:289","Ja, was ist damit?","그래, 왜 그러지?","","False","DIA_Addon_Greg_AboutCanyon_01_01","",""
"Scripts/Content/Story/Dialoge/DIA_Addon_PIR_1320_Greg.d:298","Wer kann mir dabei helfen?","누가 이걸 도와줄 수 있지?","","False","DIA_Addon_Greg_AboutCanyon_Info.DIA_Addon_Greg_AboutCanyon.DIA_Addon_Greg_AboutCanyon_Compadres","Info_AddChoice",""
"Scripts/Content/Story/Dialoge/DIA_Addon_PIR_1320_Greg.d:301","Welche Viecher soll ich töten?","어떤 녀석들을 죽여야 하지?","","False","DIA_Addon_Greg_AboutCanyon_Info.DIA_Addon_Greg_AboutCanyon.DIA_Addon_Greg_AboutCanyon_Job","Info_AddChoice",""
"Scripts/Content/Story/Dialoge/DIA_Addon_PIR_1320_Greg.d:305","Ich habe alle Razor getötet.","레이저는 전부 처치했어.","","False","DIA_Addon_Greg_AboutCanyon_Info.DIA_Addon_Greg_AboutCanyon.DIA_Addon_Greg_AboutCanyon_RazorsDead","Info_AddChoice",""
"Scripts/Content/Story/Dialoge/DIA_Addon_PIR_1320_Greg.d:316","Wer kann mir dabei helfen?","누가 이걸 도와줄 수 있지?","","False","DIA_Addon_Greg_AboutCanyon_Compadres_15_00","",""
"Scripts/Content/Story/Dialoge/DIA_Addon_PIR_1320_Greg.d:317","Nimm dir ein paar von den Jungs mit.","녀석들 중 몇 명을 데려가.","","False","DIA_Addon_Greg_AboutCanyon_Compadres_01_01","",""
"Scripts/Content/Story/Dialoge/DIA_Addon_PIR_1320_Greg.d:318","Die hängen sonst die ganze Zeit nur herum.","어차피 그 녀석들은 맨날 빈둥거리기만 하니까.","","False","DIA_Addon_Greg_AboutCanyon_Compadres_01_02","",""
"Scripts/Content/Story/Dialoge/DIA_Addon_PIR_1320_Greg.d:324","Welche Viecher soll ich töten?","어떤 녀석들을 죽여야 하지?","","False","DIA_Addon_Greg_AboutCanyon_Job_15_00","",""
"Scripts/Content/Story/Dialoge/DIA_Addon_PIR_1320_Greg.d:325","Du sollst die Razor beseitigen! Das andere Viehzeug ist harmlos.","레이저들을 처치해! 다른 잡동사니 괴물들은 해치지 않아.","","False","DIA_Addon_Greg_AboutCanyon_Job_01_01","",""
"Scripts/Content/Story/Dialoge/DIA_Addon_PIR_1320_Greg.d:331","Ich habe alle Razor getötet.","레이저는 전부 처치했어.","","False","DIA_Addon_Greg_AboutCanyon_RazorsDead_15_00","",""
"Scripts/Content/Story/Dialoge/DIA_Addon_PIR_1320_Greg.d:332","Sehr gut. Du scheinst ja ganz brauchbar zu sein.","아주 좋아. 제법 쓸만한 녀석 같군.","","False","DIA_Addon_Greg_AboutCanyon_RazorsDead_01_01","",""
"Scripts/Content/Story/Dialoge/DIA_Addon_PIR_1320_Greg.d:352","Ich brauche die Banditenrüstung.","산적 방어구가 필요해.","","False","DIA_Addon_Greg_BanditArmor.description","",""
"Scripts/Content/Story/Dialoge/DIA_Addon_PIR_1320_Greg.d:365","Ich brauche die Banditenrüstung.","산적 방어구가 필요해.","","False","DIA_Addon_Greg_BanditArmor_15_00","",""
"Scripts/Content/Story/Dialoge/DIA_Addon_PIR_1320_Greg.d:368","Mach dich erst mal nützlich. Dann können wir darüber reden.","먼저 네 쓸모를 증명해 봐. 그럼 이야기해 주지.","","False","DIA_Addon_Greg_BanditArmor_01_01","",""
"Scripts/Content/Story/Dialoge/DIA_Addon_PIR_1320_Greg.d:371","Töte erst mal alle Razor im Canyon!","먼저 협곡의 레이저를 전부 처치해!","","False","DIA_Addon_Greg_BanditArmor_01_02","",""
"Scripts/Content/Story/Dialoge/DIA_Addon_PIR_1320_Greg.d:378","Hast mächtig was auf dem Kasten.","제법 대단한 솜씨를 가졌군.","","False","DIA_Addon_Greg_BanditArmor_01_03","",""
"Scripts/Content/Story/Dialoge/DIA_Addon_PIR_1320_Greg.d:379","Eigentlich sollte Bones mit der Rüstung die Banditen ausspionieren.","원래는 본즈가 그 방어구를 입고 산적들을 정탐하기로 되어 있었지.","","False","DIA_Addon_Greg_BanditArmor_01_04","",""
"Scripts/Content/Story/Dialoge/DIA_Addon_PIR_1320_Greg.d:380","Aber ich sollte besser DIR den Job überlassen.","하지만 그 일에는 네가 더 적합할 것 같군.","","False","DIA_Addon_Greg_BanditArmor_01_05","",""
"Scripts/Content/Story/Dialoge/DIA_Addon_PIR_1320_Greg.d:381","Du hast vielleicht sogar 'ne Chance, da heil wieder rauszukommen.","거기서 살아서 돌아올 가능성도 너라면 있을지 몰라.","","False","DIA_Addon_Greg_BanditArmor_01_06","",""
"Scripts/Content/Story/Dialoge/DIA_Addon_PIR_1320_Greg.d:382","Sprich mit Bones, er soll dir die Rüstung geben. Und dann gehst du damit zum Banditenlager.","본즈와 이야기해서 방어구를 받아. 그리고 그걸 입고 산적 야영지로 가는 거야.","","False","DIA_Addon_Greg_BanditArmor_01_07","",""
"Scripts/Content/Story/Dialoge/DIA_Addon_PIR_1320_Greg.d:383","Ich muss wissen, warum die Drecksäcke überhaupt in unser Tal gekommen sind.","그 개자식들이 대체 왜 우리 계곡으로 기어들어 왔는지 알아내야겠어.","","False","DIA_Addon_Greg_BanditArmor_01_08","",""
"Scripts/Content/Story/Dialoge/DIA_Addon_PIR_1320_Greg.d:384","Aye, Aye, Käpt'n!","알겠습니다, 대장!","","False","DIA_Addon_Greg_BanditArmor_15_09","",""
"Scripts/Content/Story/Dialoge/DIA_Addon_PIR_1320_Greg.d:405","Hast du sonst noch was zu tun für mich?","나한테 시킬 일은 또 없나?","","False","DIA_Addon_Greg_Auftraege2.description","",""
"Scripts/Content/Story/Dialoge/DIA_Addon_PIR_1320_Greg.d:429","Hast du sonst noch was zu tun für mich?","나한테 시킬 일은 또 없나?","","False","DIA_Addon_Greg_Auftraege2_15_00","",""
"Scripts/Content/Story/Dialoge/DIA_Addon_PIR_1320_Greg.d:438","Der Strand im Norden ist immer noch voller Viecher.","북쪽 해변은 여전히 괴물들로 들끓고 있어.","","False","DIA_Addon_Greg_Auftraege2_01_01","",""
"Scripts/Content/Story/Dialoge/DIA_Addon_PIR_1320_Greg.d:439","Morgan hat auch wirklich gar nichts getan.","모건은 정말 아무것도 하지 않았어.","","False","DIA_Addon_Greg_Auftraege2_01_02","",""
"Scripts/Content/Story/Dialoge/DIA_Addon_PIR_1320_Greg.d:450","Im südlichen Turm auf der Klippe sind immer noch Banditen.","절벽 위의 남쪽 탑에는 아직도 산적들이 있어.","","False","DIA_Addon_Greg_Auftraege2_01_03","",""
"Scripts/Content/Story/Dialoge/DIA_Addon_PIR_1320_Greg.d:451","Francis hätte sich eigentlich darum kümmern sollen.","원래는 프랜시스가 처리했어야 했는데 말이지.","","False","DIA_Addon_Greg_Auftraege2_01_04","",""
"Scripts/Content/Story/Dialoge/DIA_Addon_PIR_1320_Greg.d:460","Wenn du willst, kannst du das auch noch erledigen.","원한다면 네가 마저 처리해도 좋다.","","False","DIA_Addon_Greg_Auftraege2_01_05","",""
"Scripts/Content/Story/Dialoge/DIA_Addon_PIR_1320_Greg.d:472","Der Strand im Norden ist sauber.","북쪽 해변은 깨끗하다.","","False","DIA_Addon_Greg_Sauber2.description","",""
"Scripts/Content/Story/Dialoge/DIA_Addon_PIR_1320_Greg.d:491","Der Strand im Norden ist sauber.","북쪽 해변은 깨끗하다.","","False","DIA_Addon_Greg_Sauber2_15_00","",""
"Scripts/Content/Story/Dialoge/DIA_Addon_PIR_1320_Greg.d:492","Sehr gut. Hier ist die Belohnung.","아주 좋아. 여기 보상이다.","","False","DIA_Addon_Greg_Sauber2_01_01","",""
"Scripts/Content/Story/Dialoge/DIA_Addon_PIR_1320_Greg.d:511","Die Banditen im Turm sind erledigt.","탑에 있던 산적들은 처치했어.","","False","DIA_Addon_Greg_BanditPlatt2.description","",""
"Scripts/Content/Story/Dialoge/DIA_Addon_PIR_1320_Greg.d:525","Die Banditen im Turm sind erledigt.","탑에 있던 산적들은 처치했어.","","False","DIA_Addon_Greg_BanditPlatt2_15_00","",""
"Scripts/Content/Story/Dialoge/DIA_Addon_PIR_1320_Greg.d:526","Alles klar. Das war gute Arbeit. Hier ist dein Lohn.","좋아. 수고했어. 여기 네 몫의 보상이다.","","False","DIA_Addon_Greg_BanditPlatt2_01_01","",""
"Scripts/Content/Story/Dialoge/DIA_Addon_PIR_1320_Greg.d:546","Die Banditen haben eine Goldmine gefunden.","산적들이 금광을 발견했어.","","False","DIA_Addon_Greg_BanditGoldmine.description","",""
"Scripts/Content/Story/Dialoge/DIA_Addon_PIR_1320_Greg.d:560","Die Banditen haben eine Goldmine gefunden.","산적들이 금광을 발견했어.","","False","DIA_Addon_Greg_BanditGoldmine_15_00","",""
"Scripts/Content/Story/Dialoge/DIA_Addon_PIR_1320_Greg.d:561","Ich wusste es! DESHALB sind sie hierhergekommen.","그럴 줄 알았어! 그래서 이리로 기어들어 온 거였군.","","False","DIA_Addon_Greg_BanditGoldmine_01_01","",""
"Scripts/Content/Story/Dialoge/DIA_Addon_PIR_1320_Greg.d:562","Kein Mensch lebt freiwillig in dem monsterverseuchten Sumpf.","괴물들이 득실거리는 이 늪지에 자발적으로 살 사람이 어디 있겠어.","","False","DIA_Addon_Greg_BanditGoldmine_01_02","",""
"Scripts/Content/Story/Dialoge/DIA_Addon_PIR_1320_Greg.d:563","Gute Arbeit. Hier, ich hab etwas für dich.","수고했어. 자, 너 줄 게 좀 있거든.","","False","DIA_Addon_Greg_BanditGoldmine_01_03","",""
"Scripts/Content/Story/Dialoge/DIA_Addon_PIR_1320_Greg.d:582","Wer bist du?","당신은 누구지?","","False","DIA_Addon_Greg_WhoAreYou.description","",""
"Scripts/Content/Story/Dialoge/DIA_Addon_PIR_1320_Greg.d:596","Wer bist du?","당신은 누구지?","","False","DIA_Addon_Greg_WhoAreYou_15_00","",""
"Scripts/Content/Story/Dialoge/DIA_Addon_PIR_1320_Greg.d:597","Ich bin Greg, der Anführer von diesem Sauhaufen hier.","난 그렉이다. 이 게으른 녀석들의 우두머리지.","","False","DIA_Addon_Greg_WhoAreYou_01_01","",""
"Scripts/Content/Story/Dialoge/DIA_Addon_PIR_1320_Greg.d:598","Reicht dir das?","그것만으로 충분한가?","","False","DIA_Addon_Greg_WhoAreYou_01_02","",""
"Scripts/Content/Story/Dialoge/DIA_Addon_PIR_1320_Greg.d:610","Wie bist du eigentlich hier her gekommen?","여기는 어떻게 오게 된 거야?","","False","DIA_Addon_Greg_NiceToSeeYou.description","",""
"Scripts/Content/Story/Dialoge/DIA_Addon_PIR_1320_Greg.d:624","Wie bist eigentlich hierher gekommen?","여기는 어떻게 오게 된 거야?","","False","DIA_Addon_Greg_NiceToSeeYou_15_00","",""
"Scripts/Content/Story/Dialoge/DIA_Addon_PIR_1320_Greg.d:625","Mit mir hast du wohl nicht gerechnet, was?","내가 여기 있을 줄은 몰랐겠지, 안 그래?","","False","DIA_Addon_Greg_NiceToSeeYou_01_01","",""
"Scripts/Content/Story/Dialoge/DIA_Addon_PIR_1320_Greg.d:626","Nur damit wir das mal klar stellen. Ich bin Greg und das hier ist mein Lager.","확실히 해두자고. 난 그렉이고 여기는 내 야영지야.","","False","DIA_Addon_Greg_NiceToSeeYou_01_02","",""
"Scripts/Content/Story/Dialoge/DIA_Addon_PIR_1320_Greg.d:627","Genügt dir das?","이거면 충분하나?","","False","DIA_Addon_Greg_NiceToSeeYou_01_03","",""
"Scripts/Content/Story/Dialoge/DIA_Addon_PIR_1320_Greg.d:640","Eine Sache würde mich noch interesieren.","궁금한 게 하나 더 있어.","","False","DIA_Addon_Greg_Story.description","",""
"Scripts/Content/Story/Dialoge/DIA_Addon_PIR_1320_Greg.d:655","Eine Sache würde mich noch interesieren.","궁금한 게 하나 더 있어.","","False","DIA_Addon_Greg_Story_15_00","",""
"Scripts/Content/Story/Dialoge/DIA_Addon_PIR_1320_Greg.d:656","Was denn?","뭔데?","","False","DIA_Addon_Greg_Story_01_01","",""
"Scripts/Content/Story/Dialoge/DIA_Addon_PIR_1320_Greg.d:660","Wie bist du hierher gekommen?","여기는 어떻게 찾아온 거야?","","False","DIA_Addon_Greg_Story_Info.DIA_Addon_Greg_Story.DIA_Addon_Greg_Story_Way","Info_AddChoice",""
"Scripts/Content/Story/Dialoge/DIA_Addon_PIR_1320_Greg.d:661","Wo ist dein Schiff?","당신 배는 어디 있지?","","False","DIA_Addon_Greg_Story_Info.DIA_Addon_Greg_Story.DIA_Addon_Greg_Story_Ship","Info_AddChoice",""
"Scripts/Content/Story/Dialoge/DIA_Addon_PIR_1320_Greg.d:665","Was weisst du über Raven?","레이븐에 대해 아는 게 있나?","","False","DIA_Addon_Greg_Story_Info.DIA_Addon_Greg_Story.DIA_Addon_Greg_Story_Raven","Info_AddChoice",""
"Scripts/Content/Story/Dialoge/DIA_Addon_PIR_1320_Greg.d:676","Wie bist du hierher gekommen.","여기는 어떻게 찾아온 거야.","","False","DIA_Addon_Greg_Story_Way_15_00","",""
"Scripts/Content/Story/Dialoge/DIA_Addon_PIR_1320_Greg.d:677","Ich habe einen Tunnel gefunden. Bei der alten Pyramide, war von ein paar Magiern bewacht.","터널을 하나 찾았거든. 오래된 피라미드 근처에 있었는데, 마법사 몇 명이 지키고 있더군.","","False","DIA_Addon_Greg_Story_Way_01_01","",""
"Scripts/Content/Story/Dialoge/DIA_Addon_PIR_1320_Greg.d:678","Hab mich an den Blindfischen einfach vorbei geschlichen.","그 멍청이들 몰래 슬그머니 지나쳐 왔지.","","False","DIA_Addon_Greg_Story_Way_01_02","",""
"Scripts/Content/Story/Dialoge/DIA_Addon_PIR_1320_Greg.d:679","Zuerst dachte ich, das ist wär 'ne alte Grabkammer und wollte nur mal gucken, ob da was zu holen ist.","처음엔 고대의 무덤인 줄 알았지 뭐야. 안에 건질 게 좀 있나 보려고 들여다본 거였어.","","False","DIA_Addon_Greg_Story_Way_01_03","",""
"Scripts/Content/Story/Dialoge/DIA_Addon_PIR_1320_Greg.d:680","Hab nicht schlecht gestaunt, als ich plötzlich in meinem geliebten Tal rauskam.","눈을 떠보니 내가 그토록 좋아하는 이 계곡이 나오길래 얼마나 놀랐는지 몰라.","","False","DIA_Addon_Greg_Story_Way_01_04","",""
"Scripts/Content/Story/Dialoge/DIA_Addon_PIR_1320_Greg.d:681","Dachte schon, ich müsste den Rest meines Lebens vor der Miliz wegrennen.","남은 평생을 민병대를 피해 도망 다니며 살아야 하는 줄 알았다니까.","","False","DIA_Addon_Greg_Story_Way_01_05","",""
"Scripts/Content/Story/Dialoge/DIA_Addon_PIR_1320_Greg.d:686","Wo ist dein Schiff?","당신 배는 어디 있지?","","False","DIA_Addon_Greg_Story_Ship_15_00","",""
"Scripts/Content/Story/Dialoge/DIA_Addon_PIR_1320_Greg.d:687","Das glaubt mir kein Mensch. Da ist monatelang kein Schiff zwischen hier und dem Festland unterwegs.","정말 믿을 수가 없더군. 여기와 본토 사이를 오가는 배가 수개월 동안 한 척도 없었거든.","","False","DIA_Addon_Greg_Story_Ship_01_01","",""
"Scripts/Content/Story/Dialoge/DIA_Addon_PIR_1320_Greg.d:688","Monatelang! - Und das erste Schiff, dem man begegnet, ist ein vollbesetztes Kriegschiff des Königs.","수개월 동안 말이야! 그런데 마주친 첫 번째 배가 국왕의 완전무장한 군함이었지 뭐냐.","","False","DIA_Addon_Greg_Story_Ship_01_02","",""
"Scripts/Content/Story/Dialoge/DIA_Addon_PIR_1320_Greg.d:689","Vom Kiel bis zum Masttop voll mit Paladinen.","팔라딘들이 용골부터 돛대 꼭대기까지 바글바글하더군.","","False","DIA_Addon_Greg_Story_Ship_01_03","",""
"Scripts/Content/Story/Dialoge/DIA_Addon_PIR_1320_Greg.d:690","Das nennt man wohl Pech.","재수도 지독하지.","","False","DIA_Addon_Greg_Story_Ship_15_04","",""
"Scripts/Content/Story/Dialoge/DIA_Addon_PIR_1320_Greg.d:691","Das kannst du laut sagen. Die haben uns kurzerhand versenkt. Ich bin der Einzige, der es bis zum Ufer geschafft hat.","내 말이 그 말이야. 녀석들은 사정없이 우리를 가라앉혀 버렸어. 해안까지 살아남은 건 나 혼자뿐이야.","","False","DIA_Addon_Greg_Story_Ship_01_05","",""
"Scripts/Content/Story/Dialoge/DIA_Addon_PIR_1320_Greg.d:696","Was weißt du über Raven?","레이븐에 대해 아는 게 있나?","","False","DIA_Addon_Greg_Story_Raven_15_00","",""
"Scripts/Content/Story/Dialoge/DIA_Addon_PIR_1320_Greg.d:697","Soweit ich weiß, war er früher Erzbaron. Eine ziemlich große Nummer in der Kolonie.","내가 알기로 그는 예전에 광산 남작이었어. 식민지에서 꽤나 한가락 하던 녀석이지.","","False","DIA_Addon_Greg_Story_Raven_01_01","",""
"Scripts/Content/Story/Dialoge/DIA_Addon_PIR_1320_Greg.d:698","Ich habe keine Ahnung, warum er hier ist und warum die Leute ihm folgen.","그가 왜 여기에 와 있는지, 왜 사람들이 그를 따르는지는 전혀 모르겠어.","","False","DIA_Addon_Greg_Story_Raven_01_02","",""
"Scripts/Content/Story/Dialoge/DIA_Addon_PIR_1320_Greg.d:699","Aber ich bin mir sicher, er brütet etwas aus. Er ist nicht der Typ, der sich im Sumpf versteckt.","하지만 뭔가 꾸미고 있는 건 분명해. 늪 속에 숨어 지낼 만한 위인이 아니거든.","","False","DIA_Addon_Greg_Story_Raven_01_03","",""
"Scripts/Content/Story/Dialoge/DIA_Addon_PIR_1320_Greg.d:711","Raven ist erledigt.","레이븐은 끝장났어.","","False","DIA_Addon_Greg_RavenDead.description","",""
"Scripts/Content/Story/Dialoge/DIA_Addon_PIR_1320_Greg.d:724","Raven ist erledigt.","레이븐은 끝장났어.","","False","DIA_Addon_Greg_RavenDead_15_00","",""
"Scripts/Content/Story/Dialoge/DIA_Addon_PIR_1320_Greg.d:725","Donnerwetter. Das hätte ich ja nicht gedacht. Hast ihn kalt erwischt, was?","이런 젠장. 전혀 예상치 못한 소식이군. 허를 찔렀단 말이지?","","False","DIA_Addon_Greg_RavenDead_01_01","",""
"Scripts/Content/Story/Dialoge/DIA_Addon_PIR_1320_Greg.d:726","Das ist mir doch glatt 500 Golstücke wert.","그 정도라면 500 금화 정도는 족히 줄 만하지.","","False","DIA_Addon_Greg_RavenDead_01_02","",""
"Scripts/Content/Story/Dialoge/DIA_Addon_PIR_1320_Greg.d:729","Du bist ein wahrer Teufelskerl. Weiter so.","너 정말 대단한 녀석이군. 계속 그렇게 해라.","","False","DIA_Addon_Greg_RavenDead_01_03","",""
"Scripts/Content/Story/Dialoge/DIA_Addon_PIR_1350_Francis.d:39","Ist das deine Hütte?","이 오두막은 당신 건가?","","False","DIA_Addon_Francis_First.description","",""
"Scripts/Content/Story/Dialoge/DIA_Addon_PIR_1350_Francis.d:54","Ist das deine Hütte?","이 오두막은 당신 건가?","","False","DIA_Addon_Francis_GregsHut_15_00","",""
"Scripts/Content/Story/Dialoge/DIA_Addon_PIR_1350_Francis.d:55","Nein, sie gehört Greg.","아니, 그렉 거야.","","False","DIA_Addon_Francis_GregsHut_13_01","",""
"Scripts/Content/Story/Dialoge/DIA_Addon_PIR_1350_Francis.d:68","Ich muss in Gregs Hütte.","그렉의 오두막에 들어가야겠어.","","False","DIA_Addon_Francis_LetMeIn.description","",""
"Scripts/Content/Story/Dialoge/DIA_Addon_PIR_1350_Francis.d:83","Ich muss in Gregs Hütte.","그렉의 오두막에 들어가야겠어.","","False","DIA_Addon_Francis_LetMeIn_15_00","",""
"Scripts/Content/Story/Dialoge/DIA_Addon_PIR_1350_Francis.d:84","Vergiß es!","꿈도 꾸지 마!","","False","DIA_Addon_Francis_LetMeIn_13_01","",""
"Scripts/Content/Story/Dialoge/DIA_Addon_PIR_1350_Francis.d:85","Greg ist nicht da. Und ich hab' die Tür verschlossen und passe auf, dass niemand auf dumme Gedanken kommt und versucht, die Hütte zu plündern.","그렉은 지금 여기에 없어. 내가 문을 잠그고 엉뚱한 꿍꿍이를 품고 오두막을 털려는 녀석이 없나 지켜보고 있거든.","","False","DIA_Addon_Francis_LetMeIn_13_02","",""
"Scripts/Content/Story/Dialoge/DIA_Addon_PIR_1350_Francis.d:86","Also schipper wieder ab, oder ich mach dir Beine!","그러니까 꺼지는 게 좋을 거야. 아니면 뼈도 못 추리게 만들어 줄 테니까!","","False","DIA_Addon_Francis_LetMeIn_13_03","",""
"Scripts/Content/Story/Dialoge/DIA_Addon_PIR_1350_Francis.d:98","Greg ist dein Boss?","그렉이 당신 보스인가?","","False","DIA_Addon_Francis_AboutGreg.description","",""
"Scripts/Content/Story/Dialoge/DIA_Addon_PIR_1350_Francis.d:112","Greg ist dein Boss?","그렉이 당신 보스인가?","","False","DIA_Addon_Francis_AboutGreg_15_00","",""
"Scripts/Content/Story/Dialoge/DIA_Addon_PIR_1350_Francis.d:113","Jetzt komm mir bloß nicht damit, daß du ihn kennst!","그를 안다는 소리 따위는 꺼내지도 마!","","False","DIA_Addon_Francis_AboutGreg_13_01","",""
"Scripts/Content/Story/Dialoge/DIA_Addon_PIR_1350_Francis.d:114","Jeder Seefahrer, ach, was sag ich, jede verfluchte Landratte auf der Insel kennt den schrecklichen Käpt'n Greg!","어떤 선원이든, 아니 이 섬의 빌어먹을 촌놈이라면 누구나 끔찍한 그렉 대장님을 잘 알지!","","False","DIA_Addon_Francis_AboutGreg_13_02","",""
"Scripts/Content/Story/Dialoge/DIA_Addon_PIR_1350_Francis.d:115","(schnöselig) Er hat MIR das Kommando übergeben!","(거드름을 피우며) 그분이 내게 지휘권을 맡기셨단 말이다!","","False","DIA_Addon_Francis_AboutGreg_13_03","",""
"Scripts/Content/Story/Dialoge/DIA_Addon_PIR_1350_Francis.d:116","Ich bin ihm dafür verantwortlich, daß das faule Pack hier das macht, was er angeordnet hat!","여기 있는 게으른 송장들이 그분의 명령에 따르도록 감독할 책임이 나한테 있어!","","False","DIA_Addon_Francis_AboutGreg_13_04","",""
"Scripts/Content/Story/Dialoge/DIA_Addon_PIR_1350_Francis.d:117","Einige von den Jungs hier denken vielleicht, sie können machen was sie wollen, nur weil der Käpt'n nicht da ist.","여기에 있는 몇몇 녀석들은 대장님이 없다고 자기가 하고 싶은 대로 다 해도 되는 줄 알더군.","","False","DIA_Addon_Francis_AboutGreg_13_05","",""
"Scripts/Content/Story/Dialoge/DIA_Addon_PIR_1350_Francis.d:118","Aber DIE werden sich noch wundern, wenn Greg zurückkommt.","하지만 그렉이 돌아오면 녀석들도 깜짝 놀라게 될 거다.","","False","DIA_Addon_Francis_AboutGreg_13_06","",""
"Scripts/Content/Story/Dialoge/DIA_Addon_PIR_1350_Francis.d:119","Ich werde ihm alles erzählen, was hier vorgefallen ist, hörst du?","여기서 일어난 일은 전부 그분께 고해바칠 거야, 알겠어?","","False","DIA_Addon_Francis_AboutGreg_13_07","",""
"Scripts/Content/Story/Dialoge/DIA_Addon_PIR_1350_Francis.d:120","Auch, wer versucht hat in seine Hütte zu kommen.","그렉의 오두막에 들어가려고 했던 녀석이 누군지도 포함해서 말이지.","","False","DIA_Addon_Francis_AboutGreg_13_08","",""
"Scripts/Content/Story/Dialoge/DIA_Addon_PIR_1350_Francis.d:121","Also zieh Leine, oder du bekommst den Ärger deines Lebens.","그러니까 썩 꺼져, 아니면 평생 겪어보지 못한 곤경에 처하게 될 테니까.","","False","DIA_Addon_Francis_AboutGreg_13_09","",""
"Scripts/Content/Story/Dialoge/DIA_Addon_PIR_1350_Francis.d:135","Gib mir den Schlüssel zu Gregs Hütte!","그렉의 오두막 열쇠를 넘겨라!","","False","DIA_Addon_Francis_Key.description","",""
"Scripts/Content/Story/Dialoge/DIA_Addon_PIR_1350_Francis.d:149","Gib mir den Schlüssel zu Gregs Hütte!","그렉의 오두막 열쇠를 넘겨라!","","False","DIA_Addon_Francis_Key_15_00","",""
"Scripts/Content/Story/Dialoge/DIA_Addon_PIR_1350_Francis.d:150","Du machst wohl Witze!","농담이겠지!","","False","DIA_Addon_Francis_Key_13_01","",""
"Scripts/Content/Story/Dialoge/DIA_Addon_PIR_1350_Francis.d:153","Ich denk nochmal drüber nach...","다시 한번 생각해 보지...","","False","DIA_Addon_Francis_Key_Info.DIA_Addon_Francis_Key.DIA_Addon_Francis_Key_BACK","Info_AddChoice",""
"Scripts/Content/Story/Dialoge/DIA_Addon_PIR_1350_Francis.d:154","Ich gebe dir 2000 Goldstücke!","2000 금화를 주마!","","False","DIA_Addon_Francis_Key_Info.DIA_Addon_Francis_Key.DIA_Addon_Francis_Key_2000Gold","Info_AddChoice",""
"Scripts/Content/Story/Dialoge/DIA_Addon_PIR_1350_Francis.d:155","Ich gebe dir 1000 Goldstücke!","1000 금화를 주마!","","False","DIA_Addon_Francis_Key_Info.DIA_Addon_Francis_Key.DIA_Addon_Francis_Key_1000Gold","Info_AddChoice",""
"Scripts/Content/Story/Dialoge/DIA_Addon_PIR_1350_Francis.d:165","Ich gebe dir 1000 Goldstücke!","1000 금화를 주마!","","False","DIA_Addon_Francis_Key_1000Gold_15_00","",""
"Scripts/Content/Story/Dialoge/DIA_Addon_PIR_1350_Francis.d:166","Für den Verrat an meinen Kapitän ist das ein bisschen wenig. Findest du nicht?","내 대장님을 배신하기엔 좀 적은 금액인걸. 그렇지 않나?","","False","DIA_Addon_Francis_Key_1000Gold_13_01","",""
"Scripts/Content/Story/Dialoge/DIA_Addon_PIR_1350_Francis.d:167","Du solltest aufpassen, was du sagst! Sonst zieh ich dir das Fell über die Ohren!","입조심하는 게 좋을 거야! 아니면 가죽을 벗겨 버릴 테니까!","","False","DIA_Addon_Francis_Key_1000Gold_13_02","",""
"Scripts/Content/Story/Dialoge/DIA_Addon_PIR_1350_Francis.d:172","Ich gebe dir 2000 Goldstücke!","2000 금화를 주마!","","False","DIA_Addon_Francis_Key_2000Gold_15_00","",""
"Scripts/Content/Story/Dialoge/DIA_Addon_PIR_1350_Francis.d:176","Junge, was du verlangst, ist Meuterei!","이봐, 네가 요구하는 건 명백한 항명이야!","","False","DIA_Addon_Francis_Key_2000Gold_13_01","",""
"Scripts/Content/Story/Dialoge/DIA_Addon_PIR_1350_Francis.d:177","(zu sich) Aber, wenn ich es mir so recht überlege...","(혼잣말로) 하지만, 다시 생각해보니...","","False","DIA_Addon_Francis_Key_2000Gold_13_02","",""
"Scripts/Content/Story/Dialoge/DIA_Addon_PIR_1350_Francis.d:178","Ach, gib schon her. Muss ja keiner erfahren.","에라, 이리 내기나 해. 어차피 아무도 모를 테니까.","","False","DIA_Addon_Francis_Key_2000Gold_13_03","",""
"Scripts/Content/Story/Dialoge/DIA_Addon_PIR_1350_Francis.d:179","Hier hast du den Schlüssel!","여기 열쇠다!","","False","DIA_Addon_Francis_Key_2000Gold_13_04","",""
"Scripts/Content/Story/Dialoge/DIA_Addon_PIR_1350_Francis.d:180","Aber mach schnell, bevor Greg wiederkommt! Und kein Wort zu den anderen, klar?!","그렉이 돌아오기 전에 서두르라고! 그리고 다른 녀석들에게는 한 마디도 하지 마, 알겠나?!","","False","DIA_Addon_Francis_Key_2000Gold_13_05","",""
"Scripts/Content/Story/Dialoge/DIA_Addon_PIR_1350_Francis.d:187","(lacht) Ha! Soviel hast du doch gar nicht!","(웃음) 하! 그만큼이나 가지고 있지도 않으면서!","","False","DIA_Addon_FrancisNotEnoughGold_13_05","",""
"Scripts/Content/Story/Dialoge/DIA_Addon_PIR_1350_Francis.d:203","Na, dann lass mal sehen, was du drauf hast.","어디 네 실력을 볼까.","","False","DIA_Addon_Francis_AufsMaul.description","",""
"Scripts/Content/Story/Dialoge/DIA_Addon_PIR_1350_Francis.d:217","Na, dann lass mal sehen, was du drauf hast.","어디 네 실력을 볼까.","","False","DIA_Addon_Francis_AufsMaul_15_00","",""
"Scripts/Content/Story/Dialoge/DIA_Addon_PIR_1350_Francis.d:218","(schrill) Was? Ich bin hier der Käpt'n!","(날카롭게) 뭐라고? 내가 여기 대장이야!","","False","DIA_Addon_Francis_AufsMaul_13_01","",""
"Scripts/Content/Story/Dialoge/DIA_Addon_PIR_1350_Francis.d:219","Ich werde dir Respekt beibringen, du Landratte!","본때를 보여주마, 이 육송이 녀석!","","False","DIA_Addon_Francis_AufsMaul_13_02","",""
"Scripts/Content/Story/Dialoge/DIA_Addon_PIR_1350_Francis.d:235","Ich habe dein Versteck gefunden...","네 은닉처를 찾았다...","","False","DIA_Addon_Francis_Buch.description","",""
"Scripts/Content/Story/Dialoge/DIA_Addon_PIR_1350_Francis.d:248","Ich habe dein Versteck gefunden. Deinen Schatz und ein Heuerbuch. Das ist doch dein Buch, oder?","네 숨겨진 곳을 찾았다. 네 보물과 급료 장부도 말이지. 이거 네 장부 맞지?","","False","DIA_Addon_Francis_Key_Business_15_03","",""
"Scripts/Content/Story/Dialoge/DIA_Addon_PIR_1350_Francis.d:249","Äh... Das Buch hab ich noch nie gesehen...","어... 이 장부는 본 적도 없는데...","","False","DIA_Addon_Francis_Buch_13_01","",""
"Scripts/Content/Story/Dialoge/DIA_Addon_PIR_1350_Francis.d:250","Und.. äh... Und selbst WENN mir das Buch gehören würde...","그리고... 어... 설령 이 장부가 내 것이라 쳐도...","","False","DIA_Addon_Francis_Buch_13_02","",""
"Scripts/Content/Story/Dialoge/DIA_Addon_PIR_1350_Francis.d:251","Du glaubst doch nicht im ERNST, daß die Jungs DIR die Geschichte nur wegen ein paar vergilbter Zetteln abkaufen, oder?","설마 녀석들이 누런 종이쪼가리 몇 장 때문에 네 말을 곧이곧대로 믿을 거라고 생각하는 건 아니겠지?","","False","DIA_Addon_Francis_Buch_13_03","",""
"Scripts/Content/Story/Dialoge/DIA_Addon_PIR_1350_Francis.d:252","Du hast sie alle um ihren Anteil betrogen.","너는 녀석들의 몫을 다 가로챘어.","","False","DIA_Addon_Francis_Key_Business_15_01","",""
"Scripts/Content/Story/Dialoge/DIA_Addon_PIR_1350_Francis.d:253","Äh... Warte mal...","어... 잠깐만...","","False","DIA_Addon_Francis_Buch_13_04","",""
"Scripts/Content/Story/Dialoge/DIA_Addon_PIR_1350_Francis.d:258","(schleimig) Du wolltest doch den Schlüssel zu Gregs Hütte...","(비열하게) 그렉의 오동통한... 아니, 그렉의 오두막 열쇠를 원했잖아...","","False","DIA_Addon_Francis_Buch_13_05","",""
"Scripts/Content/Story/Dialoge/DIA_Addon_PIR_1350_Francis.d:261","Ich GEBE dir den Schlüssel zu Gregs Hütte!","그렉의 오두막 열쇠를 줄게!","","False","DIA_Addon_Francis_Buch_13_06","",""
"Scripts/Content/Story/Dialoge/DIA_Addon_PIR_1350_Francis.d:262","Da drinnen sind 'ne Menge wertvolle Sachen...","그 안에는 가치 있는 물건이 가득하다고...","","False","DIA_Addon_Francis_Buch_13_07","",""
"Scripts/Content/Story/Dialoge/DIA_Addon_PIR_1350_Francis.d:263","(nervös) Aber du gibst mir das Buch und hälst die Schnauze, klar?","(초조하게) 하지만 장부를 넘겨주고 입 다물어 주는 거다, 알았지?","","False","DIA_Addon_Francis_Buch_13_08","",""
"Scripts/Content/Story/Dialoge/DIA_Addon_PIR_1350_Francis.d:269","Mach bloß keinen Scheiß!","딴생각은 품지도 마!","","False","DIA_Addon_Francis_Buch_13_09","",""
"Scripts/Content/Story/Dialoge/DIA_Addon_PIR_1350_Francis.d:273","Hier sind deine 2000 Goldstücke!","여기 2000개의 금화가 있다!","","False","DIA_Addon_Francis_Buch_13_10","",""
"Scripts/Content/Story/Dialoge/DIA_Addon_PIR_1350_Francis.d:274","Und ich leg noch 500 drauf","여기에 500개를 더 주마.","","False","DIA_Addon_Francis_Buch_13_11","",""
"Scripts/Content/Story/Dialoge/DIA_Addon_PIR_1350_Francis.d:279","Hier sind 500 Goldstücke!","여기 금화 500개가 있다!","","False","DIA_Addon_Francis_Buch_13_12","",""
"Scripts/Content/Story/Dialoge/DIA_Addon_PIR_1350_Francis.d:283","(hastig) Und jetzt gib mir das Ding...","(급하게) 자, 이제 그 물건을 넘겨줘...","","False","DIA_Addon_Francis_Buch_13_13","",""
"Scripts/Content/Story/Dialoge/DIA_Addon_PIR_1350_Francis.d:300","(Es wäre einfach seinen Schlüssel zu stehlen)","(그의 열쇠를 훔치는 것은 식은 죽 먹기일 것이다)","","False","DIA_Francis_PICKPOCKET.description","",""
"Scripts/Content/Story/Dialoge/DIA_Addon_PIR_1350_Francis.d:370","(wütend) Wegen dir läßt mich Greg jetzt hier Bretter sägen, bis es auf der ganzen Insel kein Holz mehr gibt!","(분노하며) 너 때문에 그렉이 이 섬에 나무가 다 떨어질 때까지 널빤지를 켜라고 시키잖아!","","False","DIA_Addon_Francis_Ausgeschissen_13_00","",""
"Scripts/Content/Story/Dialoge/DIA_Addon_PIR_1350_Francis.d:373","Lass mich bloß in Ruhe!","당장 나를 내버려 두어라!","","False","DIA_Addon_Francis_Ausgeschissen_13_01","",""
"Scripts/Content/Story/Dialoge/DIA_Addon_PIR_1351_Samuel.d:47","Ah, ein neues Gesicht!","오, 낯선 얼굴이군!","","False","DIA_Addon_Samuel_Hello_14_00","",""
"Scripts/Content/Story/Dialoge/DIA_Addon_PIR_1351_Samuel.d:48","Was willst du Rum, - oder was Stärkeres?","럼을 찾나, 아니면 더 독한 걸 원하나?","","False","DIA_Addon_Samuel_Hello_14_01","",""
"Scripts/Content/Story/Dialoge/DIA_Addon_PIR_1351_Samuel.d:63","Ich will mit dir über Francis reden.","프랜시스에 대해 이야기하고 싶어.","","False","DIA_Addon_Samuel_Francis.description","",""
"Scripts/Content/Story/Dialoge/DIA_Addon_PIR_1351_Samuel.d:80","Ich will mit dir über Francis reden.","프랜시스에 대해 이야기하고 싶어.","","False","DIA_Addon_Samuel_Francis_15_00","",""
"Scripts/Content/Story/Dialoge/DIA_Addon_PIR_1351_Samuel.d:81","Hör mir bloß auf mit diesem Möchtegern-Käpt'n!","그 풋내기 선장 녀석 이야기는 꺼내지도 마라!","","False","DIA_Addon_Samuel_Francis_14_01","",""
"Scripts/Content/Story/Dialoge/DIA_Addon_PIR_1351_Samuel.d:82","Er sitzt sich den ganzen Tag den Hintern breit und kommt sich wichtig vor!","하루 종일 엉덩이를 붙이고 앉아서 잘난 척만 해대지!","","False","DIA_Addon_Samuel_Francis_14_02","",""
"Scripts/Content/Story/Dialoge/DIA_Addon_PIR_1351_Samuel.d:83","Wir würden alle gerne wissen, welcher Teufel den Käpt'n geritten hat, ausgerechnet IHM das Kommando zu übertragen!","선장이 대체 무슨 정신으로 하필 그 녀석에게 지휘권을 맡겼는지 우리 모두가 궁금해하고 있다고!","","False","DIA_Addon_Samuel_Francis_14_03","",""
"Scripts/Content/Story/Dialoge/DIA_Addon_PIR_1351_Samuel.d:84","Was willst du von dem Schnösel?","그 잘난 녀석한테 무슨 볼일이라도 있나?","","False","DIA_Addon_Samuel_Francis_14_04","",""
"Scripts/Content/Story/Dialoge/DIA_Addon_PIR_1351_Samuel.d:96","Ich muss in Gregs Hütte.","그렉의 오두막에 들어가야 해.","","False","DIA_Addon_Samuel_Versteck.description","",""
"Scripts/Content/Story/Dialoge/DIA_Addon_PIR_1351_Samuel.d:111","Ich muss in Gregs Hütte.","그렉의 오두막에 들어가야 해.","","False","DIA_Addon_Samuel_Francis_15_02","",""
"Scripts/Content/Story/Dialoge/DIA_Addon_PIR_1351_Samuel.d:112","(schlau) So? Und was willst du in der Hütte?","(교활하게) 그래? 그런데 오두막에는 왜 들어가려고 하지?","","False","DIA_Addon_Samuel_Francis_14_05","",""
"Scripts/Content/Story/Dialoge/DIA_Addon_PIR_1351_Samuel.d:113","Ich brauche eine Banditenrüstung.","단디 방어구가 필요해.","","False","DIA_Addon_Samuel_Francis_15_01","",""
"Scripts/Content/Story/Dialoge/DIA_Addon_PIR_1351_Samuel.d:114","(lacht) Francis würde ich NIE freiwillig in die Hütte lassen, damit du ein paar von Gregs Sachen mitgehen lassen kannst.","(웃음) 프랜시스가 네가 그렉의 물건을 몇 개 훔쳐 갈 수 있도록 오두막에 들여보내 줄 리는 절대 없지.","","False","DIA_Addon_Samuel_Francis_14_06","",""
"Scripts/Content/Story/Dialoge/DIA_Addon_PIR_1351_Samuel.d:115","Es sei denn...","하지만...","","False","DIA_Addon_Samuel_Francis_14_07","",""
"Scripts/Content/Story/Dialoge/DIA_Addon_PIR_1351_Samuel.d:116","Ja?","하지만?","","False","DIA_Addon_Samuel_Francis_15_03","",""
"Scripts/Content/Story/Dialoge/DIA_Addon_PIR_1351_Samuel.d:117","...du hast was, was er unbedingt haben will.","...그 녀석이 그토록 간절히 원하는 걸 네가 가지고 있다면 말이지.","","False","DIA_Addon_Samuel_Francis_14_08","",""
"Scripts/Content/Story/Dialoge/DIA_Addon_PIR_1351_Samuel.d:118","Ich weiß, das Francis in einer verlassenen Mine im Canyon irgendwas versteckt hat.","협니에 있는 버려진 광산에 프랜시스가 뭔가 숨겨두었다는 걸 알고 있어.","","False","DIA_Addon_Samuel_Francis_14_09","",""
"Scripts/Content/Story/Dialoge/DIA_Addon_PIR_1351_Samuel.d:119","Hab mal mit ihm zusammen Wache geschoben. Er ist wie immer eingepennt und hat im Schlaf davon gefaselt.","예전에 같이 경비병 근무를 선 적이 있었지. 늘 그렇듯이 졸다가 잠꼬대로 웅얼거리더군.","","False","DIA_Addon_Samuel_Francis_14_10","",""
"Scripts/Content/Story/Dialoge/DIA_Addon_PIR_1351_Samuel.d:120","Ich hab keine Ahnung, was es da verbuddelt hat, aber vielleicht ist es ihm so wichtig, daß er dich dafür in die Hütte läßt...","거기에 뭘 파묻어 둔 건지는 모르겠지만, 어쩌면 그 물건이 너무 중요해서 되찾기 위해 오두막 문을 열어줄지도 몰라...","","False","DIA_Addon_Samuel_Francis_14_11","",""
"Scripts/Content/Story/Dialoge/DIA_Addon_PIR_1351_Samuel.d:121","(freut sich) Wenn der Käpt'n wiederkommt, und ein paar von seinen Sachen fehlen, zieht er Francis das Fell über die Ohren.","(기뻐하며) 선장이 돌아왔는데 자기 물건이 몇 개 없어진 걸 알면, 프랜시스의 가죽을 벗겨버릴걸.","","False","DIA_Addon_Samuel_Francis_14_12","",""
"Scripts/Content/Story/Dialoge/DIA_Addon_PIR_1351_Samuel.d:139","Ich habe ein Rezept für dich!","네게 줄 레시피가 있어!","","False","DIA_Addon_Samuel_Recipe.description","",""
"Scripts/Content/Story/Dialoge/DIA_Addon_PIR_1351_Samuel.d:153","Ich hab ein Rezept für dich!","네게 줄 레시피가 있어!","","False","DIA_Addon_Samuel_Recipe_15_00","",""
"Scripts/Content/Story/Dialoge/DIA_Addon_PIR_1351_Samuel.d:154","Oh, lass mal sehen. Was den für ein Rezept?","오, 어디 보자. 어떤 레시피지?","","False","DIA_Addon_Samuel_Recipe_14_01","",""
"Scripts/Content/Story/Dialoge/DIA_Addon_PIR_1351_Samuel.d:160","Lou's Hammer","루의 해머","","False","DIA_Addon_Samuel_Recipe_Info.DIA_Addon_Samuel_Recipe.DIA_Addon_Samuel_Recipe_LousHammer","Info_AddChoice",""
"Scripts/Content/Story/Dialoge/DIA_Addon_PIR_1351_Samuel.d:166","Lou's Doppelhammer","루의 더블 해머","","False","DIA_Addon_Samuel_Recipe_Info.DIA_Addon_Samuel_Recipe.DIA_Addon_Samuel_Recipe_LousDoubleHammer","Info_AddChoice",""
"Scripts/Content/Story/Dialoge/DIA_Addon_PIR_1351_Samuel.d:177","Es ist von von Snaf.","스나프가 준 거야.","","False","DIA_Addon_Samuel_Recipe_LousHammer_15_00","",""
"Scripts/Content/Story/Dialoge/DIA_Addon_PIR_1351_Samuel.d:180","Das hört sich ja schrecklich an, das muss ich sofort ausprobieren.","끔찍한 물건인걸. 당장 만들어 봐야겠어.","","False","DIA_Addon_Samuel_Recipe_LousHammer_14_04","",""
"Scripts/Content/Story/Dialoge/DIA_Addon_PIR_1351_Samuel.d:188","Das ist das absolute Mörderzeug, pass auf!","사람 잡는 엄청난 물건이니까 조심해!","","False","DIA_Addon_Samuel_Recipe_LousDoubleHammer_15_00","",""
"Scripts/Content/Story/Dialoge/DIA_Addon_PIR_1351_Samuel.d:191","Du machst mir Angst. Ich glaube ich werde trotzdem einen Versuch starten.","겁나는군. 그래도 한번 시도는 해봐야겠어.","","False","DIA_Addon_Samuel_Recipe_LousDoubleHammer_14_04","",""
"Scripts/Content/Story/Dialoge/DIA_Addon_PIR_1351_Samuel.d:209","Ich will meine Ration Grog abholen! (10 Gold)","내 몫의 그로그를 받으러 왔어! (금화 10개)","","False","DIA_Addon_Samuel_Grog.description","",""
"Scripts/Content/Story/Dialoge/DIA_Addon_PIR_1351_Samuel.d:219","Ich will meine Ration Grog abholen.","내 몫의 그로그를 받으러 왔어.","","False","DIA_Addon_Samuel_Grog_15_00","",""
"Scripts/Content/Story/Dialoge/DIA_Addon_PIR_1351_Samuel.d:224","Ohne Grog macht ihr wohl gar nichts, wie? Richtig so, hier hast du.","너희들은 그로그 없이는 아무것도 못하지, 안 그래? 좋아, 여기 있다.","","False","DIA_Addon_Samuel_Grog_14_01","",""
"Scripts/Content/Story/Dialoge/DIA_Addon_PIR_1351_Samuel.d:229","Ich hoffe er ist genießbar. Ich hatte nicht genug Süßwasser. Aber ein bisschen Brackwasser hat noch keinem geschadet, oder?","마실 만하기를 바라네. 민물이 모자라거든. 하지만 갯벌 물 좀 섞였다고 죽기야 하겠나, 그렇지?","","False","DIA_Addon_Samuel_Grog_14_02","",""
"Scripts/Content/Story/Dialoge/DIA_Addon_PIR_1351_Samuel.d:234","Grog kannst du haben, soviel du willst!","그로그는 원하는 만큼 가져가라고!","","False","DIA_Addon_Samuel_Grog_14_03","",""
"Scripts/Content/Story/Dialoge/DIA_Addon_PIR_1351_Samuel.d:241","Ich verkaufe ihn billig, aber VERSCHENKEN werde ich ihn nicht. Besorg' dir erst etwas Gold, Junge!","싸게 팔긴 하지만 공짜로 주진 않아. 금화부터 좀 챙겨 오라고, 젊은 친구!","","False","DIA_Addon_Samuel_Grog_14_04","",""
"Scripts/Content/Story/Dialoge/DIA_Addon_PIR_1351_Samuel.d:257","Gib mir Rum (30 Gold)","럼을 내놔 (금화 30개)","","False","DIA_Addon_Samuel_Rum.description","",""
"Scripts/Content/Story/Dialoge/DIA_Addon_PIR_1351_Samuel.d:267","Gib mir Rum!","럼을 내놔!","","False","DIA_Addon_Samuel_Rum_15_00","",""
"Scripts/Content/Story/Dialoge/DIA_Addon_PIR_1351_Samuel.d:273","Ah! Die Muttermilch eines jeden Seemanns. Hier!","아! 모든 뱃사람들의 모유 같은 존재지. 여기 있네!","","False","DIA_Addon_Samuel_Rum_14_01","",""
"Scripts/Content/Story/Dialoge/DIA_Addon_PIR_1351_Samuel.d:278","Der Rum könnte ein bißchen nach Fisch schmecken. Wir haben hier nur alte Heringsfässer. Aber Rum bleibt Rum. Wohl bekomm's!","럼에서 생선 비린내가 좀 날 수도 있을 거야. 여기 있는 거라곤 낡은 청어 통뿐이거든. 하지만 럼은 럼이지. 자, 들게나!","","False","DIA_Addon_Samuel_Rum_14_02","",""
"Scripts/Content/Story/Dialoge/DIA_Addon_PIR_1351_Samuel.d:283","Hier hast du!","여기 있다!","","False","DIA_Addon_Samuel_Rum_14_03","",""
"Scripts/Content/Story/Dialoge/DIA_Addon_PIR_1351_Samuel.d:290","Du hast nicht genug Gold, Junge! Wie wärs mit 'nem Grog?","금화가 부족하잖아, 꼬마야! 그로그는 어때?","","False","DIA_Addon_Samuel_Rum_14_04","",""
"Scripts/Content/Story/Dialoge/DIA_Addon_PIR_1351_Samuel.d:307","Ich will was Stärkeres!","더 독한 걸로 줘!","","False","DIA_Addon_Samuel_Stronger.description","",""
"Scripts/Content/Story/Dialoge/DIA_Addon_PIR_1351_Samuel.d:317","Ich will was Stärkeres!","더 독한 걸로 줘!","","False","DIA_Addon_Samuel_Stronger_15_00","",""
"Scripts/Content/Story/Dialoge/DIA_Addon_PIR_1351_Samuel.d:321","Ah, ein Suchender! Ich bin auch immer auf der Suche nach neuen Rezepten!","오, 시커로군요! 나도 항상 새로운 레시피를 찾아다닌다네!","","False","DIA_Addon_Samuel_Stronger_14_01","",""
"Scripts/Content/Story/Dialoge/DIA_Addon_PIR_1351_Samuel.d:322","Ein echter Schnaps sollte klar und stark sein. Er muss die Kehle runterfliesen wir flüssiges Feuer.","제대로 된 술은 맑고 독해야 해. 액체로 된 불처럼 목구멍을 타고 흘러내려야지.","","False","DIA_Addon_Samuel_Stronger_14_02","",""
"Scripts/Content/Story/Dialoge/DIA_Addon_PIR_1351_Samuel.d:323","Das findet man verdammt selten. Aber ich rede wieder zu viel. Du willst was trinken!","그런 술은 정말 찾기 힘들지. 하지만 내가 말이 너무 많았군. 자네는 술을 마시고 싶을 뿐인데!","","False","DIA_Addon_Samuel_Stronger_14_03","",""
"Scripts/Content/Story/Dialoge/DIA_Addon_PIR_1351_Samuel.d:324","Hier! Mein eigenes Rezept! Wie findest du es? Es heißt 'Schneller Hering'","자! 내 특별 레시피야! 어때 마음에 드나? 이름은 '재빠른 청어'라 하지.","","False","DIA_Addon_Samuel_Stronger_14_04","",""
"Scripts/Content/Story/Dialoge/DIA_Addon_PIR_1351_Samuel.d:327","Beeindruckend!","인상적이군요!","","False","DIA_Addon_Samuel_Stronger_15_05","",""
"Scripts/Content/Story/Dialoge/DIA_Addon_PIR_1351_Samuel.d:328","(lacht) Ja, das will ich meinen!","(웃음) 하하, 내 말이 그 말이야!","","False","DIA_Addon_Samuel_Stronger_14_06","",""
"Scripts/Content/Story/Dialoge/DIA_Addon_PIR_1351_Samuel.d:329","Du kennst nicht zufällig selber gute Schnapsrezepte? Falls doch, mußt du sie mir unbedingt verraten.","혹시 자네도 좋은 술 레시피를 알고 있나? 그렇다면 내게 꼭 알려주어야 해.","","False","DIA_Addon_Samuel_Stronger_14_07","",""
"Scripts/Content/Story/Dialoge/DIA_Addon_PIR_1351_Samuel.d:330","Willst du noch einen?","한 잔 더 하겠나?","","False","DIA_Addon_Samuel_Stronger_14_08","",""
"Scripts/Content/Story/Dialoge/DIA_Addon_PIR_1351_Samuel.d:335","Was darf's sein?","어떤 걸로 주겠나?","","False","DIA_Addon_Samuel_Stronger_14_09","",""
"Scripts/Content/Story/Dialoge/DIA_Addon_PIR_1351_Samuel.d:342","Lou's Doppelhammer (60 Gold)","루의 더블 해머 (금화 60개)","","False","DIA_Addon_Samuel_Stronger_Info.DIA_Addon_Samuel_Stronger.DIA_Addon_Samuel_Stronger_LousDoubleHammer","Info_AddChoice",""
"Scripts/Content/Story/Dialoge/DIA_Addon_PIR_1351_Samuel.d:347","Lou's Hammer (30 Gold)","루의 해머 (금화 30개)","","False","DIA_Addon_Samuel_Stronger_Info.DIA_Addon_Samuel_Stronger.DIA_Addon_Samuel_Stronger_LousHammer","Info_AddChoice",""
"Scripts/Content/Story/Dialoge/DIA_Addon_PIR_1351_Samuel.d:350","Schneller Hering (30 Gold)","재빠른 청어 (금화 30개)","","False","DIA_Addon_Samuel_Stronger_Info.DIA_Addon_Samuel_Stronger.DIA_Addon_Samuel_Stronger_SchnellerHering","Info_AddChoice",""
"Scripts/Content/Story/Dialoge/DIA_Addon_PIR_1351_Samuel.d:356","Ohne Gold nichts zu saufen!","금이 없으면 술도 없다!","","False","DIA_Addon_Samuel_NoGold_14_00","",""
"Scripts/Content/Story/Dialoge/DIA_Addon_PIR_1351_Samuel.d:368","Gib mir was von dem schnellen Hering.","재빠른 청어 한 잔 줘.","","False","DIA_Addon_Samuel_Stronger_SchnellerHering_15_00","",""
"Scripts/Content/Story/Dialoge/DIA_Addon_PIR_1351_Samuel.d:371","Zeimlich üble Brühe, aber sie wirkt!","엉망진창인 술이지만 효과는 확실하지!","","False","DIa_Addon_Samuel_Stronger_SchnellerHering_14_01","",""
"Scripts/Content/Story/Dialoge/DIA_Addon_PIR_1351_Samuel.d:383","Lou's Doppelhammer (60 Gold)","루의 더블 해머 (금화 60개)","","False","DIA_Addon_Samuel_Stronger_SchnellerHering.DIA_Addon_Samuel_Stronger.DIA_Addon_Samuel_Stronger_LousDoubleHammer","Info_AddChoice",""
"Scripts/Content/Story/Dialoge/DIA_Addon_PIR_1351_Samuel.d:388","Lou's Hammer (30 Gold)","루의 해머 (금화 30개)","","False","DIA_Addon_Samuel_Stronger_SchnellerHering.DIA_Addon_Samuel_Stronger.DIA_Addon_Samuel_Stronger_LousHammer","Info_AddChoice",""
"Scripts/Content/Story/Dialoge/DIA_Addon_PIR_1351_Samuel.d:391","Schneller Hering (30 Gold)","재빠른 청어 (금화 30개)","","False","DIA_Addon_Samuel_Stronger_SchnellerHering.DIA_Addon_Samuel_Stronger.DIA_Addon_Samuel_Stronger_SchnellerHering","Info_AddChoice",""
"Scripts/Content/Story/Dialoge/DIA_Addon_PIR_1351_Samuel.d:396","Ich will Lous Hammer!","루의 해머를 원해!","","False","DIA_Addon_Samuel_Stronger_LousHammer_15_00","",""
"Scripts/Content/Story/Dialoge/DIA_Addon_PIR_1351_Samuel.d:399","Gutes Zeug! Schütt's dir rein!","끝내주는 물건이지! 쭉 들이켜라고!","","False","DIA_Addon_Samuel_Stronger_LousHammer_14_01","",""
"Scripts/Content/Story/Dialoge/DIA_Addon_PIR_1351_Samuel.d:411","Lou's Doppelhammer (60 Gold)","루의 더블 해머 (금화 60개)","","False","DIA_Addon_Samuel_Stronger_LousHammer.DIA_Addon_Samuel_Stronger.DIA_Addon_Samuel_Stronger_LousDoubleHammer","Info_AddChoice",""
"Scripts/Content/Story/Dialoge/DIA_Addon_PIR_1351_Samuel.d:416","Lou's Hammer (30 Gold)","루의 해머 (금화 30개)","","False","DIA_Addon_Samuel_Stronger_LousHammer.DIA_Addon_Samuel_Stronger.DIA_Addon_Samuel_Stronger_LousHammer","Info_AddChoice",""
"Scripts/Content/Story/Dialoge/DIA_Addon_PIR_1351_Samuel.d:419","Schneller Hering (30 Gold)","재빠른 청어 (금화 30개)","","False","DIA_Addon_Samuel_Stronger_LousHammer.DIA_Addon_Samuel_Stronger.DIA_Addon_Samuel_Stronger_SchnellerHering","Info_AddChoice",""
"Scripts/Content/Story/Dialoge/DIA_Addon_PIR_1351_Samuel.d:424","(lässig) Gib mir 'nen Doppelten. 'nen doppelten Hammer.","(태연하게) 더블로 줘. 더블 해머로 말이야.","","False","DIA_Addon_Samuel_Stronger_LousDoubleHammer_15_00","",""
"Scripts/Content/Story/Dialoge/DIA_Addon_PIR_1351_Samuel.d:429","Mach dich nicht unglücklich Kleiner. Ich hoffe, der ist nicht für dich.","쓸데없는 짓 하지 마라, 꼬마야. 설마 네가 마시려고 그러는 건 아니겠지.","","False","DIA_Addon_Samuel_Stronger_LousDoubleHammer_14_01","",""
"Scripts/Content/Story/Dialoge/DIA_Addon_PIR_1351_Samuel.d:433","(wild) Ja! Das weckt die müden Lebensgeister!","(거칠게) 크흐! 잠자는 영혼까지 깨우는 맛이군!","","False","DIa_Addon_Samuel_Stronger_LousDoubleHammer_14_02","",""
"Scripts/Content/Story/Dialoge/DIA_Addon_PIR_1351_Samuel.d:447","Lou's Doppelhammer (60 Gold)","루의 더블 해머 (금화 60개)","","False","DIA_Addon_Samuel_Stronger_LousDoubleHammer.DIA_Addon_Samuel_Stronger.DIA_Addon_Samuel_Stronger_LousDoubleHammer","Info_AddChoice",""
"Scripts/Content/Story/Dialoge/DIA_Addon_PIR_1351_Samuel.d:452","Lou's Hammer (30 Gold)","루의 해머 (금화 30개)","","False","DIA_Addon_Samuel_Stronger_LousDoubleHammer.DIA_Addon_Samuel_Stronger.DIA_Addon_Samuel_Stronger_LousHammer","Info_AddChoice",""
"Scripts/Content/Story/Dialoge/DIA_Addon_PIR_1351_Samuel.d:455","Schneller Hering (30 Gold)","재빠른 청어 (금화 30개)","","False","DIA_Addon_Samuel_Stronger_LousDoubleHammer.DIA_Addon_Samuel_Stronger.DIA_Addon_Samuel_Stronger_SchnellerHering","Info_AddChoice",""
"Scripts/Content/Story/Dialoge/DIA_Addon_PIR_1351_Samuel.d:469","Was hast du sonst noch?","그 밖에 또 뭐가 있나?","","False","DIA_Addon_Samuel_Trade.description","",""
"Scripts/Content/Story/Dialoge/DIA_Addon_PIR_1351_Samuel.d:484","Was hast du sonst noch?","그 밖에 또 뭐가 있나?","","False","DIA_Addon_Samuel_Trade_15_00","",""
"Scripts/Content/Story/Dialoge/DIA_Addon_PIR_1351_Samuel.d:485","Bei mir gibts's alles, was ein Pirat zum Überleben braucht!","내겐 해적에게 필요한 모든 게 다 있지!","","False","DIA_Addon_Samuel_Trade_14_01","",""
"Scripts/Content/Story/Dialoge/DIA_Addon_PIR_1351_Samuel.d:498","Was gibt's neues im Lager?","야영지엔 무슨 새로운 소식이라도 있나?","","False","DIA_Addon_Samuel_News.description","",""
"Scripts/Content/Story/Dialoge/DIA_Addon_PIR_1351_Samuel.d:508","Was gibt's Neues im Lager?","야영지엔 무슨 새로운 소식이라도 있나?","","False","DIA_Addon_Samuel_News_15_00","",""
"Scripts/Content/Story/Dialoge/DIA_Addon_PIR_1351_Samuel.d:513","Francis hat sein Fett weg! Du glaubst ja gar nicht, wie mich das freut!","프랜시스가 된통 당했더군! 얼마나 통쾌한지 몰라!","","False","DIA_Addon_Samuel_News_14_01","",""
"Scripts/Content/Story/Dialoge/DIA_Addon_PIR_1351_Samuel.d:514","Du bist in Ordnung. Komm, wir trinken einen - der geht auf mich!","너 제법 마음에 드는군. 이리 와, 한 잔 하자고—이번 건 내가 쏘는 거야!","","False","DIA_Addon_Samuel_News_14_02","",""
"Scripts/Content/Story/Dialoge/DIA_Addon_PIR_1351_Samuel.d:517","Und Greg ist endlich zurück. Er hat zwar das Schiff verloren, aber zumindest bringt er wieder Ordnung ins Lager.","그리고 그렉도 드디어 돌아왔어. 배는 잃어버렸지만, 적어도 야영지에 다시 질서가 잡히겠지.","","False","DIA_Addon_Samuel_News_14_03","",""
"Scripts/Content/Story/Dialoge/DIA_Addon_PIR_1351_Samuel.d:524","Seit Greg weg ist, pasiert hier nicht viel. Morgan und die meisten seiner Jungs lassen sich den ganzen Tag voll laufen.","그렉이 떠난 이후로는 이렇다 할 일이 없었어. 모건이랑 부하들 대부분은 하루 종일 술에 절어 살았지.","","False","DIA_Addon_Samuel_News_14_04","",""
"Scripts/Content/Story/Dialoge/DIA_Addon_PIR_1351_Samuel.d:529","Der einzige, der ein bisschen was macht, ist Henry. er zieht mit seinen Jungs die Palisade hoch.","그나마 유일하게 일 좀 하는 건 헨리뿐이야. 부하들을 데리고 방어책을 세우고 있거든.","","False","DIA_Addon_Samuel_News_14_05","",""
"Scripts/Content/Story/Dialoge/DIA_Addon_PIR_1351_Samuel.d:532","Wird Zeit, das Käpt'n Greg wiederkommt und diesem Francis mal ordentlich in den Hintern tritt!","그렉 선장이 돌아와서 프랜시스 녀석의 엉덩이를 아주 걷어차 줄 때가 됐어!","","False","DIA_Addon_Samuel_News_14_06","",""
"Scripts/Content/Story/Dialoge/DIA_Addon_PIR_1352_AlligatorJack.d:25","Wenn du mich suchst, ich bin meistens irgendwo in der Nähe meines Lagerplatzes vor den Palisaden.","날 찾고 싶다면 방어책 앞쪽에 있는 내 야영지 근처를 찾아보면 될 거야.","","False","DIA_Addon_AlligatorJack_Exit_12_00","",""
"Scripts/Content/Story/Dialoge/DIA_Addon_PIR_1352_AlligatorJack.d:29","Palisaden?","방어책이요?","","False","DIA_Addon_AlligatorJack_Exit_15_01","",""
"Scripts/Content/Story/Dialoge/DIA_Addon_PIR_1352_AlligatorJack.d:30","Geh einfach weiter Richtung Westen, dann siehst du, was ich meine.","서쪽으로 계속 가보면 내가 무슨 말 하는지 알게 될 거야.","","False","DIA_Addon_AlligatorJack_Exit_12_02","",""
"Scripts/Content/Story/Dialoge/DIA_Addon_PIR_1352_AlligatorJack.d:101","Was bist DU denn für einer. Du siehst nicht aus wie die anderen.","너는 대체 정체가 뭐냐? 다른 녀석들과는 다르게 생겼는데.","","False","DIA_Addon_AlligatorJack_Hello_12_00","",""
"Scripts/Content/Story/Dialoge/DIA_Addon_PIR_1352_AlligatorJack.d:102","Welche anderen?","다른 녀석들이라니?","","False","DIA_Addon_AlligatorJack_Hello_15_01","",""
"Scripts/Content/Story/Dialoge/DIA_Addon_PIR_1352_AlligatorJack.d:103","Na, die Magier, die sich da drüben bei den Ruinen herum treiben.","글쎄, 저쪽 유적가에서 서성거리는 마법사들 말이야.","","False","DIA_Addon_AlligatorJack_Hello_12_02","",""
"Scripts/Content/Story/Dialoge/DIA_Addon_PIR_1352_AlligatorJack.d:104","Gehörst du etwa auch zu dem Verein?","설마 너도 그 패거리 중 하나인가?","","False","DIA_Addon_AlligatorJack_Hello_12_03","",""
"Scripts/Content/Story/Dialoge/DIA_Addon_PIR_1352_AlligatorJack.d:105","Ziemlich mutig von dir hier alleine rumzulaufen.","혼자서 이런 곳을 돌아다니다니 꽤 대단한 녀석이군.","","False","DIA_Addon_AlligatorJack_Hello_12_04","",""
"Scripts/Content/Story/Dialoge/DIA_Addon_PIR_1352_AlligatorJack.d:117","Wer bist du?","너는 누구지?","","False","DIA_Addon_AlligatorJack_WerBistDu.description","",""
"Scripts/Content/Story/Dialoge/DIA_Addon_PIR_1352_AlligatorJack.d:127","Wer bist du?","너는 누구지?","","False","DIA_Addon_AlligatorJack_WerBistDu_15_00","",""
"Scripts/Content/Story/Dialoge/DIA_Addon_PIR_1352_AlligatorJack.d:128","Du hast sicher schon von mir gehört.","내 이름은 한 번쯤 들어봤겠지.","","False","DIA_Addon_AlligatorJack_WerBistDu_12_01","",""
"Scripts/Content/Story/Dialoge/DIA_Addon_PIR_1352_AlligatorJack.d:129","(stolz) Ich bin Alligator Jack.","(자랑스럽게) 난 앨리게이터 잭이다.","","False","DIA_Addon_AlligatorJack_WerBistDu_12_02","",""
"Scripts/Content/Story/Dialoge/DIA_Addon_PIR_1352_AlligatorJack.d:130","Gefürchtet im ganzen Land. Ich gehöre zu den wohl gefährlichsten Piraten in dieser Gegend.","온 나라가 두려워하는 인물이지. 이 일대에서 가장 위험한 해적 중 하나라고.","","False","DIA_Addon_AlligatorJack_WerBistDu_12_03","",""
"Scripts/Content/Story/Dialoge/DIA_Addon_PIR_1352_AlligatorJack.d:131","Mit unserem Kapitän Greg haben wir mehr Handelsschiffe geentert, als ich zählen kann.","우리의 그렉 선장과 함께 셀 수도 없이 많은 상선들을 나포했었지.","","False","DIA_Addon_AlligatorJack_WerBistDu_12_04","",""
"Scripts/Content/Story/Dialoge/DIA_Addon_PIR_1352_AlligatorJack.d:132","Du stehst hier sozusagen vor einer lebenden Legende.","너는 지금 살아있는 전설을 마주하고 있는 거야.","","False","DIA_Addon_AlligatorJack_WerBistDu_12_05","",""
"Scripts/Content/Story/Dialoge/DIA_Addon_PIR_1352_AlligatorJack.d:144","Kennst du einen Kerl namens Raven?","레이븐이라는 녀석을 아나?","","False","DIA_Addon_AlligatorJack_Vorschlag.description","",""
"Scripts/Content/Story/Dialoge/DIA_Addon_PIR_1352_AlligatorJack.d:158","Kennst du einen Kerl namens Raven?","레이븐이라는 녀석을 아나?","","False","DIA_Addon_AlligatorJack_Vorschlag_15_00","",""
"Scripts/Content/Story/Dialoge/DIA_Addon_PIR_1352_AlligatorJack.d:159","Na klar. Er ist der Anführer der Banditen im Osten.","물론이지. 그는 동쪽에 있는 산적들의 우두머리야.","","False","DIA_Addon_AlligatorJack_Vorschlag_12_01","",""
"Scripts/Content/Story/Dialoge/DIA_Addon_PIR_1352_AlligatorJack.d:160","Was willst du denn von DEM?","그 자식한테 무슨 볼일이라도 있나?","","False","DIA_Addon_AlligatorJack_Vorschlag_12_02","",""
"Scripts/Content/Story/Dialoge/DIA_Addon_PIR_1352_AlligatorJack.d:165","Ich will mich ihm anschließen.","그의 부하가 되고 싶어.","","False","DIA_Addon_AlligatorJack_Vorschlag_Info.DIA_Addon_AlligatorJack_Vorschlag.DIA_Addon_AlligatorJack_Vorschlag_join","Info_AddChoice",""
"Scripts/Content/Story/Dialoge/DIA_Addon_PIR_1352_AlligatorJack.d:166","Ich muss ihn töten.","그를 죽여야겠어.","","False","DIA_Addon_AlligatorJack_Vorschlag_Info.DIA_Addon_AlligatorJack_Vorschlag.DIA_Addon_AlligatorJack_Vorschlag_tot","Info_AddChoice",""
"Scripts/Content/Story/Dialoge/DIA_Addon_PIR_1352_AlligatorJack.d:171","Ich hab 'ne bessere Idee.","더 좋은 생각이 있어.","","False","DIA_Addon_AlligatorJack_Besser_12_00","",""
"Scripts/Content/Story/Dialoge/DIA_Addon_PIR_1352_AlligatorJack.d:172","Du kommst mit zu uns.","우리와 함께 가지 않겠나?","","False","DIA_Addon_AlligatorJack_Besser_12_01","",""
"Scripts/Content/Story/Dialoge/DIA_Addon_PIR_1352_AlligatorJack.d:173","Und da denkst du erst mal gründlich darüber nach.","그 점에 대해 곰곰이 생각할 시간을 좀 가지라고.","","False","DIA_Addon_AlligatorJack_Besser_12_02","",""
"Scripts/Content/Story/Dialoge/DIA_Addon_PIR_1352_AlligatorJack.d:174","Nachdem du erstmal unseren guten selbstgebrannten Rum probiert hast, sieht die Welt schon ganz anders aus.","우리가 직접 담근 맛있는 럼을 맛보고 나면 생각이 완전히 달라질걸.","","False","DIA_Addon_AlligatorJack_Besser_12_03","",""
"Scripts/Content/Story/Dialoge/DIA_Addon_PIR_1352_AlligatorJack.d:180","Ich muss ihn töten.","그를 죽여야겠어.","","False","DIA_Addon_AlligatorJack_Vorschlag_tot_15_00","",""
"Scripts/Content/Story/Dialoge/DIA_Addon_PIR_1352_AlligatorJack.d:181","(lacht) Was denn? DU? Wie willst du DAS denn anstellen?","(웃음) 뭐라고? 네가? 어떻게 그런 짓을 하겠다는 거지?","","False","DIA_Addon_AlligatorJack_Vorschlag_tot_12_01","",""
"Scripts/Content/Story/Dialoge/DIA_Addon_PIR_1352_AlligatorJack.d:182","Ist der Kerl nicht eine Nummer zu groß für dich?","그 녀석은 네가 감당하기엔 너무 벅찬 상대가 아니야?","","False","DIA_Addon_AlligatorJack_Vorschlag_tot_12_02","",""
"Scripts/Content/Story/Dialoge/DIA_Addon_PIR_1352_AlligatorJack.d:183","Du kommst ja nicht mal an ihn heran. Die Banditen, die er um sich geschart hat, werden dir vorher das Fell abziehen.","근처에 얼씬도 못 할걸. 그 주변에 버티고 선 산적들이 네 가죽 벗기기를 먼저 해치울 테니까.","","False","DIA_Addon_AlligatorJack_Vorschlag_tot_12_03","",""
"Scripts/Content/Story/Dialoge/DIA_Addon_PIR_1352_AlligatorJack.d:184","Du kommst doch noch nicht mal an ihrem ersten Vorposten vorbei.","녀석들의 첫 번째 전초기지조차 통과하지 못할걸.","","False","DIA_Addon_AlligatorJack_Vorschlag_tot_12_04","",""
"Scripts/Content/Story/Dialoge/DIA_Addon_PIR_1352_AlligatorJack.d:185","So wie du aussiehst, kriegen die Banditen doch schon das Jucken in den Fingern, wenn sie dich von weitem sehen.","그 꼴을 보니, 산적들도 멀리서 널 보기만 해도 손이 근질거릴걸.","","False","DIA_Addon_AlligatorJack_Vorschlag_tot_12_05","",""
"Scripts/Content/Story/Dialoge/DIA_Addon_PIR_1352_AlligatorJack.d:192","Ich will mich ihm anschließen.","그의 부하가 되고 싶어.","","False","DIA_Addon_AlligatorJack_Vorschlag_join_15_00","",""
"Scripts/Content/Story/Dialoge/DIA_Addon_PIR_1352_AlligatorJack.d:193","(lauernd) Tatsächlich?","(의심스럽다는 듯) 정말인가?","","False","DIA_Addon_AlligatorJack_Vorschlag_join_12_01","",""
"Scripts/Content/Story/Dialoge/DIA_Addon_PIR_1352_AlligatorJack.d:194","Du siehst aber gar nicht aus wie einer, der bei diesen Spinnern anheuern will.","하지만 그 미치광이들과 한 팀이 되고 싶어 하는 사람으로는 전혀 안 보이는데.","","False","DIA_Addon_AlligatorJack_Vorschlag_join_12_02","",""
"Scripts/Content/Story/Dialoge/DIA_Addon_PIR_1352_AlligatorJack.d:208","Ich brauche eine Banditenrüstung.","산적 방어구가 필요해.","","False","DIA_Addon_AlligatorJack_BDTRuestung.description","",""
"Scripts/Content/Story/Dialoge/DIA_Addon_PIR_1352_AlligatorJack.d:222","Ich brauche eine Banditenrüstung.","산적 방어구가 필요해.","","False","DIA_Addon_AlligatorJack_BDTRuestung_15_00","",""
"Scripts/Content/Story/Dialoge/DIA_Addon_PIR_1352_AlligatorJack.d:223","Was willst du denn DAMIT?","그런 걸 가지고 뭘 어쩌려는 거지?","","False","DIA_Addon_AlligatorJack_BDTRuestung_12_01","",""
"Scripts/Content/Story/Dialoge/DIA_Addon_PIR_1352_AlligatorJack.d:224","Die bringt dir nur Ärger ein, wenn du dich damit irgendwo sehen lässt.","그런 걸 입고 돌아다니면 곤란한 일만 생길걸.","","False","DIA_Addon_AlligatorJack_BDTRuestung_12_02","",""
"Scripts/Content/Story/Dialoge/DIA_Addon_PIR_1352_AlligatorJack.d:225","Jeder wird dich für einen Banditen halten und versuchen, dich zu töten.","누구나 널 산적이라 생각하고 죽이려 들 테니까.","","False","DIA_Addon_AlligatorJack_BDTRuestung_12_03","",""
"Scripts/Content/Story/Dialoge/DIA_Addon_PIR_1352_AlligatorJack.d:230","Hast du eine Ahnung, wo ich eine solche Rüstung finden kann?","그런 방어구를 어디서 구할 수 있는지 아나?","","False","DIA_Addon_AlligatorJack_BDTRuestung_Info.DIA_Addon_AlligatorJack_BDTRuestung.DIA_Addon_AlligatorJack_BDTRuestung_wo","Info_AddChoice",""
"Scripts/Content/Story/Dialoge/DIA_Addon_PIR_1352_AlligatorJack.d:231","Hört sich gut an.","솔깃한 이야기군.","","False","DIA_Addon_AlligatorJack_BDTRuestung_Info.DIA_Addon_AlligatorJack_BDTRuestung.DIA_Addon_AlligatorJack_BDTRuestung_gut","Info_AddChoice",""
"Scripts/Content/Story/Dialoge/DIA_Addon_PIR_1352_AlligatorJack.d:236","Hört sich gut an.","솔깃한 이야기군...","","False","DIA_Addon_AlligatorJack_BDTRuestung_gut_15_00","",""
"Scripts/Content/Story/Dialoge/DIA_Addon_PIR_1352_AlligatorJack.d:237","Ja, aber nur für jemand, der lebensmüde ist.","그래, 목숨이 아깝지 않은 사람한테나 그렇지.","","False","DIA_Addon_AlligatorJack_BDTRuestung_gut_12_01","",""
"Scripts/Content/Story/Dialoge/DIA_Addon_PIR_1352_AlligatorJack.d:242","Hast du eine Ahnung, wo ich eine solche Rüstung finden kann?","그런 방어구를 어디서 구할 수 있는지 아나?","","False","DIA_Addon_AlligatorJack_BDTRuestung_wo_15_00","",""
"Scripts/Content/Story/Dialoge/DIA_Addon_PIR_1352_AlligatorJack.d:243","Wir hatten mal eine bei uns im Piratenlager.","우리 해적 야영지에 하나 있었던 것 같은데.","","False","DIA_Addon_AlligatorJack_BDTRuestung_wo_12_01","",""
"Scripts/Content/Story/Dialoge/DIA_Addon_PIR_1352_AlligatorJack.d:245","Aber, ob sie noch da ist, weiß ich nicht.","하지만 아직도 거기에 있는지는 잘 모르겠군.","","False","DIA_Addon_AlligatorJack_BDTRuestung_wo_12_03","",""
"Scripts/Content/Story/Dialoge/DIA_Addon_PIR_1352_AlligatorJack.d:261","Euer Kapitän heißt Greg?","너희 선장의 이름이 그렉인가?","","False","DIA_Addon_AlligatorJack_Greg.description","",""
"Scripts/Content/Story/Dialoge/DIA_Addon_PIR_1352_AlligatorJack.d:275","Euer Kapitän heißt Greg?","너희 선장의 이름이 그렉인가?","","False","DIA_Addon_AlligatorJack_Greg_15_00","",""
"Scripts/Content/Story/Dialoge/DIA_Addon_PIR_1352_AlligatorJack.d:276","Richtig. Er ist der größte Pirat, den die See jemals hervor gebracht hat.","맞아. 그분은 바다가 배출한 최고의 해적이지.","","False","DIA_Addon_AlligatorJack_Greg_12_01","",""
"Scripts/Content/Story/Dialoge/DIA_Addon_PIR_1352_AlligatorJack.d:277","Ich glaube, ich kenne euren Kapitän. Er ist mir in Khorinis begegnet.","내 생각엔 너희 선장을 아는 것 같아. 코리니스에서 만났거든.","","False","DIA_Addon_AlligatorJack_Greg_15_02","",""
"Scripts/Content/Story/Dialoge/DIA_Addon_PIR_1352_AlligatorJack.d:278","(lacht) Greg? In Khorinis? Unsinn!","(웃음) 그렉이? 코리니스에서? 말도 안 돼!","","False","DIA_Addon_AlligatorJack_Greg_12_03","",""
"Scripts/Content/Story/Dialoge/DIA_Addon_PIR_1352_AlligatorJack.d:279","Greg ist mit einigen Jungs auf großer Kaperfahrt.","그렉은 부하들 몇 명을 데리고 약탈하러 나갔다고.","","False","DIA_Addon_AlligatorJack_Greg_12_04","",""
"Scripts/Content/Story/Dialoge/DIA_Addon_PIR_1352_AlligatorJack.d:280","Das einzige, was Greg nach Khorinis bringen würde, wäre eine Sträflingsgaleere des Königs.","그렉이 코리니스에 갈 만한 이유라곤 왕국의 죄수 호송선뿐일걸.","","False","DIA_Addon_AlligatorJack_Greg_12_05","",""
"Scripts/Content/Story/Dialoge/DIA_Addon_PIR_1352_AlligatorJack.d:281","Er ist einer der meistgesuchten Männer im Land.","그분은 이 땅에서 가장 악명 높은 현배범 중 한 분이시니까.","","False","DIA_Addon_AlligatorJack_Greg_12_06","",""
"Scripts/Content/Story/Dialoge/DIA_Addon_PIR_1352_AlligatorJack.d:282","Freiwillig geht er bestimmt nicht in die Stadt und lässt sich von der königlichen Garde in den Kerker werfen.","제 발로 도시로 들어가 왕실 근위병들에게 감옥에 쳐넣어 달라고 빌 리는 없지.","","False","DIA_Addon_AlligatorJack_Greg_12_07","",""
"Scripts/Content/Story/Dialoge/DIA_Addon_PIR_1352_AlligatorJack.d:283","Wenn du meinst.","뭐, 네가 그렇다면야.","","False","DIA_Addon_AlligatorJack_Greg_15_08","",""
"Scripts/Content/Story/Dialoge/DIA_Addon_PIR_1352_AlligatorJack.d:295","Wo ist euer Piratenlager?","너희 해적 야영지는 어디에 있지?","","False","DIA_Addon_AlligatorJack_PIRLager.description","",""
"Scripts/Content/Story/Dialoge/DIA_Addon_PIR_1352_AlligatorJack.d:309","Wo ist euer Piratenlager?","너희 해적 야영지는 어디에 있지?","","False","DIA_Addon_AlligatorJack_PIRLager_15_00","",""
"Scripts/Content/Story/Dialoge/DIA_Addon_PIR_1352_AlligatorJack.d:310","Siehst du den Höhlendurchgang da drüben. Wenn du da durch gehst und weiter nach Westen gehst, kommst du früher oder später zu unserem Strand.","저기 동굴 통로 보이지? 거기를 지나서 계속 서쪽으로 가면 언젠가 우리 해변이 나올 거야.","","False","DIA_Addon_AlligatorJack_PIRLager_12_01","",""
"Scripts/Content/Story/Dialoge/DIA_Addon_PIR_1352_AlligatorJack.d:311","Da haben wir unsere Blockhütten.","거기에 통나무집들이 있거든.","","False","DIA_Addon_AlligatorJack_PIRLager_12_02","",""
"Scripts/Content/Story/Dialoge/DIA_Addon_PIR_1352_AlligatorJack.d:312","Wenn du willst, kann ich dich hin bringen, wenn du mir einen Gefallen tust.","원한다면 데려다줄 수도 있어. 내 부탁을 하나 들어준다면 말이지.","","False","DIA_Addon_AlligatorJack_PIRLager_12_03","",""
"Scripts/Content/Story/Dialoge/DIA_Addon_PIR_1352_AlligatorJack.d:313","Und das wäre?","그게 뭔데?","","False","DIA_Addon_AlligatorJack_PIRLager_15_04","",""
"Scripts/Content/Story/Dialoge/DIA_Addon_PIR_1352_AlligatorJack.d:314","Bevor ich zum Lager zurück kann, muss ich erst noch Fleisch für die Jungs besorgen.","야영지로 돌아가기 전에 녀석들을 먹일 고기를 먼저 구해야 하거든.","","False","DIA_Addon_AlligatorJack_PIRLager_12_05","",""
"Scripts/Content/Story/Dialoge/DIA_Addon_PIR_1352_AlligatorJack.d:315","Du bist ein kräftiger Kerl.","너 제법 튼튼해 보이는군.","","False","DIA_Addon_AlligatorJack_PIRLager_12_06","",""
"Scripts/Content/Story/Dialoge/DIA_Addon_PIR_1352_AlligatorJack.d:316","Ich könnte deine Hilfe bei der Jagd gebrauchen. Interessiert?","사냥할 때 네 도움이 좀 필요할 것 같은데. 관심 있나?","","False","DIA_Addon_AlligatorJack_PIRLager_12_07","",""
"Scripts/Content/Story/Dialoge/DIA_Addon_PIR_1352_AlligatorJack.d:332","Was jagst du denn?","무엇을 사냥하지?","","False","DIA_Addon_AlligatorJack_WasJagen.description","",""
"Scripts/Content/Story/Dialoge/DIA_Addon_PIR_1352_AlligatorJack.d:345","Was jagst du denn?","무엇을 사냥하지?","","False","DIA_Addon_AlligatorJack_WasJagen_15_00","",""
"Scripts/Content/Story/Dialoge/DIA_Addon_PIR_1352_AlligatorJack.d:346","Normalerweise nur Alligatoren. Aber die kann man nicht essen.","보통은 앨리게이터뿐이지. 하지만 그건 먹을 수가 없어서 말이야.","","False","DIA_Addon_AlligatorJack_WasJagen_12_01","",""
"Scripts/Content/Story/Dialoge/DIA_Addon_PIR_1352_AlligatorJack.d:347","Außerdem gibt es hier in der Gegend auch gar keine mehr.","게다가 이 근처에는 이제 씨가 마0랐어.","","False","DIA_Addon_AlligatorJack_WasJagen_12_02","",""
"Scripts/Content/Story/Dialoge/DIA_Addon_PIR_1352_AlligatorJack.d:348","Also nehme ich das, was da ist. Sumpfratten.","그래서 있는 것들을 잡지. 늪쥐 말이야.","","False","DIA_Addon_AlligatorJack_WasJagen_12_03","",""
"Scripts/Content/Story/Dialoge/DIA_Addon_PIR_1352_AlligatorJack.d:349","Was?","뭐?","","False","DIA_Addon_AlligatorJack_WasJagen_15_04","",""
"Scripts/Content/Story/Dialoge/DIA_Addon_PIR_1352_AlligatorJack.d:350","Die meisten Viecher, die es hier gibt, schmecken wie eingeschlafene Füße oder sind zäh wie Alligatorfleisch.","여기에 있는 괴물들은 대부분 죽은 발 냄새가 나거나 앨리게이터 고기처럼 끈질기거든.","","False","DIA_Addon_AlligatorJack_WasJagen_12_05","",""
"Scripts/Content/Story/Dialoge/DIA_Addon_PIR_1352_AlligatorJack.d:351","Die fetten Sumpfratten sind das einzige, was einigermaßen geniesbar ist.","살이 통통하게 오른 늪쥐만이 유일하게 먹을 만한 고기지.","","False","DIA_Addon_AlligatorJack_WasJagen_12_06","",""
"Scripts/Content/Story/Dialoge/DIA_Addon_PIR_1352_AlligatorJack.d:365","Erzähl mir mehr über euch Piraten.","해적들에 대해 더 들려줘.","","False","DIA_Addon_AlligatorJack_Pirates.description","",""
"Scripts/Content/Story/Dialoge/DIA_Addon_PIR_1352_AlligatorJack.d:378","Erzähl mir mehr über euch Piraten.","해적들에 대해 더 들려줘.","","False","DIA_Addon_AlligatorJack_Pirates_15_00","",""
"Scripts/Content/Story/Dialoge/DIA_Addon_PIR_1352_AlligatorJack.d:379","Wir leben hier schon seit Jahren. Damals vor dem Krieg kannte uns jeder von hier bis zum Festland.","우린 여기서 수년 동안 살았어. 전쟁이 일어나기 전만 해도 여기서 본토까지 우리를 모르는 사람이 없었지.","","False","DIA_Addon_AlligatorJack_Pirates_12_01","",""
"Scripts/Content/Story/Dialoge/DIA_Addon_PIR_1352_AlligatorJack.d:380","Allein unsere Flagge verbreitete Angst und Schrecken unter den Kauffahrern.","우리 깃발만 봐도 상선 선원들은 공포에 떨었으니까.","","False","DIA_Addon_AlligatorJack_Pirates_12_02","",""
"Scripts/Content/Story/Dialoge/DIA_Addon_PIR_1352_AlligatorJack.d:381","Aber die Zeiten sind nun vorbei. Schon seit Wochen haben wir kein Handelsschiff mehr vor den Bug gekriegt.","하지만 그 시절도 다 옛말이지. 상선을 마주친 지도 벌써 몇 주나 지났어.","","False","DIA_Addon_AlligatorJack_Pirates_12_03","",""
"Scripts/Content/Story/Dialoge/DIA_Addon_PIR_1352_AlligatorJack.d:382","Unser Kapitän Greg ist los und versucht, noch mal eins zu erwischen.","우리 선장 그렉이 또 한 척 잡으려고 떠났거든.","","False","DIA_Addon_AlligatorJack_Pirates_12_04","",""
"Scripts/Content/Story/Dialoge/DIA_Addon_PIR_1352_AlligatorJack.d:383","Wir anderen sitzen in unserem Lager und drehen Däumchen, bis er wieder da ist.","나머지 부원들은 야영지에 앉아서 그가 돌아올 때까지 손가락이나 빨고 있는 형편이야.","","False","DIA_Addon_AlligatorJack_Pirates_12_05","",""
"Scripts/Content/Story/Dialoge/DIA_Addon_PIR_1352_AlligatorJack.d:384","Hoffentlich bringt er fette Beute mit.","두둑한 전리품을 가지고 돌아왔으면 좋겠군.","","False","DIA_Addon_AlligatorJack_Pirates_12_06","",""
"Scripts/Content/Story/Dialoge/DIA_Addon_PIR_1352_AlligatorJack.d:397","Lass uns jagen gehen.","사냥하러 가자.","","False","DIA_Addon_AlligatorJack_LetsGoHunting.description","",""
"Scripts/Content/Story/Dialoge/DIA_Addon_PIR_1352_AlligatorJack.d:412","Lass uns jagen gehen.","사냥하러 가자.","","False","DIA_Addon_AlligatorJack_LetsGoHunting_15_00","",""
"Scripts/Content/Story/Dialoge/DIA_Addon_PIR_1352_AlligatorJack.d:413","Gut. Zu zweit ist es ein Kinderspiel.","좋아. 둘이서 하면 식은 죽 먹기지.","","False","DIA_Addon_AlligatorJack_LetsGoHunting_12_01","",""
"Scripts/Content/Story/Dialoge/DIA_Addon_PIR_1352_AlligatorJack.d:414","Bist du bereit?","준비됐나?","","False","DIA_Addon_AlligatorJack_LetsGoHunting_12_02","",""
"Scripts/Content/Story/Dialoge/DIA_Addon_PIR_1352_AlligatorJack.d:417","Nein, noch nicht.","아니, 아직.","","False","DIA_Addon_AlligatorJack_LetsGoHunting_Info.DIA_Addon_AlligatorJack_LetsGoHunting.DIA_Addon_AlligatorJack_LetsGoHunting_No","Info_AddChoice",""
"Scripts/Content/Story/Dialoge/DIA_Addon_PIR_1352_AlligatorJack.d:418","Ja.","그래.","","False","DIA_Addon_AlligatorJack_LetsGoHunting_Info.DIA_Addon_AlligatorJack_LetsGoHunting.DIA_Addon_AlligatorJack_LetsGoHunting_Yes","Info_AddChoice",""
"Scripts/Content/Story/Dialoge/DIA_Addon_PIR_1352_AlligatorJack.d:427","Ja.","그래.","","False","DIA_Addon_AlligatorJack_LetsGoHunting_Yes_15_00","",""
"Scripts/Content/Story/Dialoge/DIA_Addon_PIR_1352_AlligatorJack.d:428","Gut. Bleib mir einfach auf den Fersen.","좋아. 내 뒤를 바짝 쫓아오라고.","","False","DIA_Addon_AlligatorJack_LetsGoHunting_Yes_12_01","",""
"Scripts/Content/Story/Dialoge/DIA_Addon_PIR_1352_AlligatorJack.d:450","Nein, noch nicht.","아니, 아직.","","False","DIA_Addon_AlligatorJack_LetsGoHunting_No_15_00","",""
"Scripts/Content/Story/Dialoge/DIA_Addon_PIR_1352_AlligatorJack.d:451","Dann beeil dich.","그럼 서두르라고.","","False","DIA_Addon_AlligatorJack_LetsGoHunting_No_12_01","",""
"Scripts/Content/Story/Dialoge/DIA_Addon_PIR_1352_AlligatorJack.d:479","Der Talkessel.","움푹 파인 분지야.","","False","DIA_Addon_AlligatorJack_AlligatorJackInter1_12_00","",""
"Scripts/Content/Story/Dialoge/DIA_Addon_PIR_1352_AlligatorJack.d:480","Hier müssten einige von den Biestern sein.","이 근처에 녀석들이 좀 있을 거다.","","False","DIA_Addon_AlligatorJack_AlligatorJackInter1_12_01","",""
"Scripts/Content/Story/Dialoge/DIA_Addon_PIR_1352_AlligatorJack.d:481","Folge mir.","날 따라와.","","False","DIA_Addon_AlligatorJack_AlligatorJackInter1_12_02","",""
"Scripts/Content/Story/Dialoge/DIA_Addon_PIR_1352_AlligatorJack.d:512","Das habe ich befürchtet.","이런, 우려했던 대로군.","","False","DIA_Addon_AlligatorJack_TheHunt_12_00","",""
"Scripts/Content/Story/Dialoge/DIA_Addon_PIR_1352_AlligatorJack.d:513","Was?","뭐가?","","False","DIA_Addon_AlligatorJack_TheHunt_15_01","",""
"Scripts/Content/Story/Dialoge/DIA_Addon_PIR_1352_AlligatorJack.d:514","Die paar Viecher hier sind grade mal die Hälfte von dem, was ich brauche.","여기 있는 녀석들이라곤 내가 필요한 양의 절반밖에 안 되잖아.","","False","DIA_Addon_AlligatorJack_TheHunt_12_02","",""
"Scripts/Content/Story/Dialoge/DIA_Addon_PIR_1352_AlligatorJack.d:515","Jetzt müssen wir in den Canyon.","이제 협곡으로 가야겠어.","","False","DIA_Addon_AlligatorJack_TheHunt_12_03","",""
"Scripts/Content/Story/Dialoge/DIA_Addon_PIR_1352_AlligatorJack.d:516","Pass auf, tiefer im Canyon wird's brandgefährlich.","조심해, 협곡 안쪽은 몹시 위험하니까.","","False","DIA_Addon_AlligatorJack_TheHunt_12_04","",""
"Scripts/Content/Story/Dialoge/DIA_Addon_PIR_1352_AlligatorJack.d:517","Wenn dir dein Leben lieb ist, bleib schön dicht bei mir.","목숨이 아깝다면 내 곁에 딱 붙어 있으라고.","","False","DIA_Addon_AlligatorJack_TheHunt_12_05","",""
"Scripts/Content/Story/Dialoge/DIA_Addon_PIR_1352_AlligatorJack.d:523","Was IST in dem Canyon?","협곡에 뭐가 있나?","","False","DIA_Addon_AlligatorJack_TheHunt_Info.DIA_Addon_AlligatorJack_TheHunt.DIA_Addon_AlligatorJack_TheHunt_Enough","Info_AddChoice",""
"Scripts/Content/Story/Dialoge/DIA_Addon_PIR_1352_AlligatorJack.d:524","Gut, lass uns gehen.","좋아, 가자고.","","False","DIA_Addon_AlligatorJack_TheHunt_Info.DIA_Addon_AlligatorJack_TheHunt.DIA_Addon_AlligatorJack_TheHunt_Running","Info_AddChoice",""
"Scripts/Content/Story/Dialoge/DIA_Addon_PIR_1352_AlligatorJack.d:529","Was IST im Canyon?","협곡에 뭐가 있지?","","False","DIA_Addon_AlligatorJack_TheHunt_Enough_15_00","",""
"Scripts/Content/Story/Dialoge/DIA_Addon_PIR_1352_AlligatorJack.d:530","Wenn es irgendwie geht, meiden wir das Gebiet.","가능하면 그 지역은 피하는 편이야.","","False","DIA_Addon_AlligatorJack_TheHunt_Enough_12_01","",""
"Scripts/Content/Story/Dialoge/DIA_Addon_PIR_1352_AlligatorJack.d:531","Dort gibt es Razor. Ziemlich zähe Biester. Halt dich von denen fern, wenn du an deinem Leben hängst.","거기엔 레이저들이 있거든. 꽤 끈질긴 녀석들이야. 살고 싶다면 그 녀석들과는 멀리 떨어져 있는 게 좋을 거야.","","False","DIA_Addon_AlligatorJack_TheHunt_Enough_12_02","",""
"Scripts/Content/Story/Dialoge/DIA_Addon_PIR_1352_AlligatorJack.d:536","Gut, lass uns gehen.","좋아, 가자고.","","False","DIA_Addon_AlligatorJack_TheHunt_Running_15_00","",""
"Scripts/Content/Story/Dialoge/DIA_Addon_PIR_1352_AlligatorJack.d:537","Alles klar.","알았어.","","False","DIA_Addon_AlligatorJack_TheHunt_Running_12_01","",""
"Scripts/Content/Story/Dialoge/DIA_Addon_PIR_1352_AlligatorJack.d:568","Komm schon.","이리 와.","","False","DIA_Addon_AlligatorJack_AlligatorJackInter2_12_00","",""
"Scripts/Content/Story/Dialoge/DIA_Addon_PIR_1352_AlligatorJack.d:601","Sag mal, kannst du mir sagen, wofür ich dich mitnehme?","말해봐, 내가 널 왜 데리고 갔던 것 같아?","","False","DIA_Addon_AlligatorJack_HuntEnd_12_00","",""
"Scripts/Content/Story/Dialoge/DIA_Addon_PIR_1352_AlligatorJack.d:602","Keine einzige Sumpfratte hast du getötet.","늪쥐는 단 한 마리도 잡지 못했잖아.","","False","DIA_Addon_AlligatorJack_HuntEnd_12_01","",""
"Scripts/Content/Story/Dialoge/DIA_Addon_PIR_1352_AlligatorJack.d:603","Naja. Vielleicht kannst du dich ja trotzdem noch nützlich machen.","뭐, 어쨌든 다른 일로 도움이 될 수도 있겠지.","","False","DIA_Addon_AlligatorJack_HuntEnd_12_02","",""
"Scripts/Content/Story/Dialoge/DIA_Addon_PIR_1352_AlligatorJack.d:607","Gut gemacht, so jemanden wie dich können wir brauchen.","잘했어, 우리에겐 자네 같은 사람이 필요하다고.","","False","DIA_Addon_AlligatorJack_HuntEnd_12_03","",""
"Scripts/Content/Story/Dialoge/DIA_Addon_PIR_1352_AlligatorJack.d:608","Bei deiner ersten Jagd gleich eins von diesen Biestern erlegt. Nicht schlecht.","첫 사냥에 그런 괴물을 해치우다니. 나쁘지 않은데.","","False","DIA_Addon_AlligatorJack_HuntEnd_12_04","",""
"Scripts/Content/Story/Dialoge/DIA_Addon_PIR_1352_AlligatorJack.d:612","Du bist ein Jagdtalent.","자네는 사냥 재능이 타고났군.","","False","DIA_Addon_AlligatorJack_HuntEnd_12_05","",""
"Scripts/Content/Story/Dialoge/DIA_Addon_PIR_1352_AlligatorJack.d:613","Meine Fresse, wenn du so weiter machst, kann ich demnächst im Lager bleiben.","제길, 이딴 식으로 계속하면 조만간 난 야영지에 박혀 있어도 되겠는걸.","","False","DIA_Addon_AlligatorJack_HuntEnd_12_06","",""
"Scripts/Content/Story/Dialoge/DIA_Addon_PIR_1352_AlligatorJack.d:616","Hier, nimm das Sumpfrattenfleisch und bringe es zu Morgan, dem Faulpelz.","자, 이 늪쥐 고기를 가지고 그 게으름뱅이 모건에게 갖다주라고.","","False","DIA_Addon_AlligatorJack_PassHenry_12_07","",""
"Scripts/Content/Story/Dialoge/DIA_Addon_PIR_1352_AlligatorJack.d:617","Du findest ihn bei uns im Lager.","우리 야영지에 가면 찾을 수 있을 거야.","","False","DIA_Addon_AlligatorJack_PassHenry_12_08","",""
"Scripts/Content/Story/Dialoge/DIA_Addon_PIR_1352_AlligatorJack.d:618","Er liegt sicher wieder irgendwo am Strand. Ich denke, er wartet schon darauf.","분명 해변가 어딘가에서 빈둥거리고 있을걸. 이걸 기다리고 있었을 거다.","","False","DIA_Addon_AlligatorJack_PassHenry_12_09","",""
"Scripts/Content/Story/Dialoge/DIA_Addon_PIR_1352_AlligatorJack.d:622","Am Eingang unseres Lagers steht meistens Henry und passt auf, dass uns die Banditen nicht angreifen.","야영지 입구에는 대개 헨리가 지키고 서서 산적들이 쳐들어오지 못하게 감시하고 있어.","","False","DIA_Addon_AlligatorJack_PassHenry_12_10","",""
"Scripts/Content/Story/Dialoge/DIA_Addon_PIR_1352_AlligatorJack.d:623","Wenn er dich nicht rein lassen will, sag ihm einfach, dass ich dich geschickt habe.","그가 들여보내 주지 않으려거든 내가 보냈다고 말해.","","False","DIA_Addon_AlligatorJack_PassHenry_12_11","",""
"Scripts/Content/Story/Dialoge/DIA_Addon_PIR_1352_AlligatorJack.d:624","Vielleicht ist er dann ein bisschen umgänglicher.","그럼 태도가 조금은 부드러워질지도 모르지.","","False","DIA_Addon_AlligatorJack_PassHenry_12_12","",""
"Scripts/Content/Story/Dialoge/DIA_Addon_PIR_1352_AlligatorJack.d:625","Henry ist etwas übereifrig und markiert immer gerne den Boss.","헨리는 약간 지나칠 정도로 열성적이고 늘 우두머리 행세를 하려 들거든.","","False","DIA_Addon_AlligatorJack_PassHenry_12_13","",""
"Scripts/Content/Story/Dialoge/DIA_Addon_PIR_1352_AlligatorJack.d:650","Kennst du Angus und seinen Freund Hank?","앵거스와 그의 친구 행크를 아나?","","False","DIA_Addon_AlligatorJack_Angus.description","",""
"Scripts/Content/Story/Dialoge/DIA_Addon_PIR_1352_AlligatorJack.d:663","Kennst du Angus und seinen Freund Hank?","앵거스와 그의 친구 행크를 아나?","","False","DIA_Addon_AlligatorJack_Angus_15_00","",""
"Scripts/Content/Story/Dialoge/DIA_Addon_PIR_1352_AlligatorJack.d:664","Ich hab sie schon länger nicht mehr gesehen.","그들을 못 본 지 좀 됐군.","","False","DIA_Addon_AlligatorJack_Angus_12_03","",""
"Scripts/Content/Story/Dialoge/DIA_Addon_PIR_1352_AlligatorJack.d:665","Außerdem hätte ich nichts dagegen, wenn die beiden auch nicht wieder auftauchen.","게다가 그 두 녀석이 다시 나타나지 않는다고 해도 난 상관없어.","","False","DIA_Addon_AlligatorJack_Angus_12_04","",""
"Scripts/Content/Story/Dialoge/DIA_Addon_PIR_1352_AlligatorJack.d:666","Warum?","어째서지?","","False","DIA_Addon_AlligatorJack_Angus_15_05","",""
"Scripts/Content/Story/Dialoge/DIA_Addon_PIR_1352_AlligatorJack.d:667","Ach, die Penner haben ständig am See rumgehangen und das Wild vertrieben.","글쎄, 그 건달들은 맨날 호숫가 주변을 서성거리며 사냥감을 쫓아내곤 했거든.","","False","DIA_Addon_AlligatorJack_Angus_12_06","",""
"Scripts/Content/Story/Dialoge/DIA_Addon_PIR_1352_AlligatorJack.d:679","An welchem See hängen sie ständig rum?","어느 호숫가를 서성거린다는 거지?","","False","DIA_Addon_AlligatorJack_Lake.description","",""
"Scripts/Content/Story/Dialoge/DIA_Addon_PIR_1352_AlligatorJack.d:693","An WELCHEM See hängen sie ständig rum?","어느 호숫가를 서성거린다는 거지?","","False","DIA_Addon_AlligatorJack_Lake_15_00","",""
"Scripts/Content/Story/Dialoge/DIA_Addon_PIR_1352_AlligatorJack.d:697","Erinnerst du dich an unsere Jagd?","우리의 사냥을 기억하나?","","False","DIA_Addon_AlligatorJack_Lake_12_01","",""
"Scripts/Content/Story/Dialoge/DIA_Addon_PIR_1352_AlligatorJack.d:698","Ja.","그래.","","False","DIA_Addon_AlligatorJack_Lake_15_02","",""
"Scripts/Content/Story/Dialoge/DIA_Addon_PIR_1352_AlligatorJack.d:699","Der See in dem Talkessel. Dort habe ich sie meistens gesehen.","움푹 파인 분지 안의 호수 말이야. 대개 그곳에서 녀석들을 보았지.","","False","DIA_Addon_AlligatorJack_Lake_12_03","",""
"Scripts/Content/Story/Dialoge/DIA_Addon_PIR_1352_AlligatorJack.d:703","Am See im großen Talkessel.","커다란 분지 안에 있는 호수 말이야.","","False","DIA_Addon_AlligatorJack_Lake_12_04","",""
"Scripts/Content/Story/Dialoge/DIA_Addon_PIR_1352_AlligatorJack.d:704","Du gehst von unserem Lager aus einfach nach Osten. Den Talkessel kannst du gar nicht übersehen.","우리 야영지에서 그냥 동쪽으로 가면 돼. 그 분지는 절대 놓칠 리가 없거든.","","False","DIA_Addon_AlligatorJack_Lake_12_05","",""
"Scripts/Content/Story/Dialoge/DIA_Addon_PIR_1352_AlligatorJack.d:705","Es gibt dort viel kleine Wasserfälle.","거기엔 작은 폭포들이 아주 많아.","","False","DIA_Addon_AlligatorJack_Lake_12_06","",""
"Scripts/Content/Story/Dialoge/DIA_Addon_PIR_1352_AlligatorJack.d:706","Aber pass auf, wenn du nur noch trockenen Sand unter den Füßen hast, bist du falsch abgebogen und in den Canyon gelaufen.","하지만 조심해. 발밑에 마른 모래밖에 없다면 길을 잘못 들어 협곡으로 들어간 거니까.","","False","DIA_Addon_AlligatorJack_Lake_12_07","",""
"Scripts/Content/Story/Dialoge/DIA_Addon_PIR_1352_AlligatorJack.d:722","Kannst du mir was beibringen?","날 가르쳐 줄 수 있나?","","False","DIA_Addon_AlligatorJack_CanLearn.description","",""
"Scripts/Content/Story/Dialoge/DIA_Addon_PIR_1352_AlligatorJack.d:739","Kannst du mir was beibringen?","날 가르쳐 줄 수 있나?","","False","DIA_Addon_AlligatorJack_CanLearn_15_00","",""
"Scripts/Content/Story/Dialoge/DIA_Addon_PIR_1352_AlligatorJack.d:743","Klar, ich bin ein guter Jäger, ich kann dir zeigen wie man Tiere enthäutet und ihnen die Zähne zieht.","물론이지, 난 훌륭한 사냥꾼이야. 동물의 가죽을 벗기고 이빨을 뽑는 법을 보여줄 수 있지.","","False","DIA_Addon_AlligatorJack_CanLearn_12_01","",""
"Scripts/Content/Story/Dialoge/DIA_Addon_PIR_1352_AlligatorJack.d:744","Wenn du willst, bring ich es dir bei.","원한다면 가르쳐 주마.","","False","DIA_Addon_AlligatorJack_CanLearn_12_02","",""
"Scripts/Content/Story/Dialoge/DIA_Addon_PIR_1352_AlligatorJack.d:753","Zeig mir erst mal, dass du bereit bist für die Jagd.","하지만 먼저 사냥할 준비가 되었다는 걸 증명해 봐.","","False","DIA_Addon_AlligatorJack_CanLearn_12_03","",""
"Scripts/Content/Story/Dialoge/DIA_Addon_PIR_1352_AlligatorJack.d:754","Wenn wir zusammen auf der Jagd waren, werde ich es vielleicht tun.","우리 함께 사냥을 나가게 된다면, 그때 생각해 보지.","","False","DIA_Addon_AlligatorJack_CanLearn_12_04","",""
"Scripts/Content/Story/Dialoge/DIA_Addon_PIR_1352_AlligatorJack.d:780","Unterrichte mich!","나를 가르쳐다오!","","False","DIA_Addon_AlligatorJack_Teach.description","",""
"Scripts/Content/Story/Dialoge/DIA_Addon_PIR_1352_AlligatorJack.d:793","Unterrichte mich!","나를 가르쳐다오!","","False","DIA_Addon_AlligatorJack_Teach_15_00","",""
"Scripts/Content/Story/Dialoge/DIA_Addon_PIR_1352_AlligatorJack.d:794","Was soll ich dir beibringen?","뭘 배우고 싶은 거지?","","False","DIA_Addon_AlligatorJack_Teach_12_01","",""
"Scripts/Content/Story/Dialoge/DIA_Addon_PIR_1352_AlligatorJack.d:825","Und immer nur am Bauch aufschneiden, sonst verminderst du die Qualität.","언제나 배를 갈라야 해, 그렇지 않으면 품질이 떨어지거든.","","False","DIA_Addon_AlligatorJack_Teach_Fur_12_00","",""
"Scripts/Content/Story/Dialoge/DIA_Addon_PIR_1352_AlligatorJack.d:860","Alles klar.","알았어.","","False","DIA_Addon_AlligatorJack_Anheuern_12_01","",""
"Scripts/Content/Story/Dialoge/DIA_Addon_PIR_1352_AlligatorJack.d:870","Lass uns jagen gehen.","사냥하러 가자.","","False","DIA_Addon_AlligatorJack_Anheuern.description","",""
"Scripts/Content/Story/Dialoge/DIA_Addon_PIR_1352_AlligatorJack.d:883","Lass uns jagen gehen.","사냥하러 가자.","","False","DIA_Addon_AlligatorJack_Anheuern_15_00","",""
"Scripts/Content/Story/Dialoge/DIA_Addon_PIR_1352_AlligatorJack.d:901","Komm mit.","따라와.","","False","DIA_Addon_AlligatorJack_ComeOn.description","",""
"Scripts/Content/Story/Dialoge/DIA_Addon_PIR_1352_AlligatorJack.d:916","Komm mit.","따라와.","","False","DIA_Addon_AlligatorJack_KommMit_15_00","",""
"Scripts/Content/Story/Dialoge/DIA_Addon_PIR_1352_AlligatorJack.d:941","Ich brauch dich nicht mehr.","더 이상 너는 필요 없어.","","False","DIA_Addon_AlligatorJack_GoHome.description","",""
"Scripts/Content/Story/Dialoge/DIA_Addon_PIR_1352_AlligatorJack.d:955","Ich brauch dich nicht mehr.","더 이상 너는 필요 없어.","","False","DIA_Addon_AlligatorJack_DontNeedYou_15_00","",""
"Scripts/Content/Story/Dialoge/DIA_Addon_PIR_1352_Morgan.d:25","Leg dich wieder hin.","다시 누워서 자.","","False","DIA_Addon_Morgan_Perm_15_00","",""
"Scripts/Content/Story/Dialoge/DIA_Addon_PIR_1352_Morgan.d:28","(gähnt) Hervorragende Idee.","(하품하며) 아주 좋은 생각이군.","","False","DIA_Addon_Morgan_Perm_07_01","",""
"Scripts/Content/Story/Dialoge/DIA_Addon_PIR_1352_Morgan.d:33","(verschlafen)Na dann, gute Nacht.","(졸린 목소리로) 그럼, 좋은 밤 되라고.","","False","DIA_Addon_Morgan_Perm_07_02","",""
"Scripts/Content/Story/Dialoge/DIA_Addon_PIR_1352_Morgan.d:38","(müde) Nichts lieber, als das.","(피곤한 듯) 이보다 더 좋을 순 없지.","","False","DIA_Addon_Morgan_Perm_07_03","",""
"Scripts/Content/Story/Dialoge/DIA_Addon_PIR_1352_Morgan.d:43","Weck mich, wenn irgendwas passiert.","무슨 일이 생기면 깨워줘.","","False","DIA_Addon_Morgan_Perm_07_04","",""
"Scripts/Content/Story/Dialoge/DIA_Addon_PIR_1352_Morgan.d:110","Toll, jetzt hat Greg mich zum Brettersägen verdonnert!","멋지군, 이제 그렉이 날더러 널빤지를 썰라고 야단이야!","","False","DIA_Addon_Morgan_Anheuern_07_00","",""
"Scripts/Content/Story/Dialoge/DIA_Addon_PIR_1352_Morgan.d:113","(sarkastisch) Viel Spass beim Monster schlachten!","(비꼬듯) 괴물들을 도살하는 걸 즐기라고!","","False","DIA_Addon_Morgan_Anheuern_07_01","",""
"Scripts/Content/Story/Dialoge/DIA_Addon_PIR_1352_Morgan.d:143","Hey du!","이봐, 거기!","","False","DIA_Addon_Morgan_Hello_15_00","",""
"Scripts/Content/Story/Dialoge/DIA_Addon_PIR_1352_Morgan.d:144","(verschlafen) Häh? Was willst du?","(졸린 목소리로) 하? 뭘 원하는 거지?","","False","DIA_Addon_Morgan_Hello_07_01","",""
"Scripts/Content/Story/Dialoge/DIA_Addon_PIR_1352_Morgan.d:145","(verschlafen) Ist Alligator Jack schon wieder da?","(졸린 목소리로) 앨리게이터 잭이 벌써 돌아왔나?","","False","DIA_Addon_Morgan_Hello_07_02","",""
"Scripts/Content/Story/Dialoge/DIA_Addon_PIR_1352_Morgan.d:146","(verschlafen) Nein? Dann wird er sicher bald kommen, gute Nacht.","(졸린 목소리로) 아니라고? 그럼 곧 오겠지, 잘 자라.","","False","DIA_Addon_Morgan_Hello_07_03","",""
"Scripts/Content/Story/Dialoge/DIA_Addon_PIR_1352_Morgan.d:159","Ich habe hier eine Lieferung Fleisch.","고기를 가져왔소.","","False","DIA_Addon_Morgan_Meat.description","",""
"Scripts/Content/Story/Dialoge/DIA_Addon_PIR_1352_Morgan.d:173","Ich habe hier eine Lieferung Fleisch.","고기를 가져왔소.","","False","DIA_Addon_Morgan_Meat_15_00","",""
"Scripts/Content/Story/Dialoge/DIA_Addon_PIR_1352_Morgan.d:177","(wird wach) Puh. Ich brauch erst mal einen Schluck zum Wachwerden.","(잠이 깨며) 으음. 정신을 차리려면 한 모금 마셔야겠어.","","False","DIA_Addon_Morgan_Meat_07_01","",""
"Scripts/Content/Story/Dialoge/DIA_Addon_PIR_1352_Morgan.d:182","So, besser. Also nochmal, was willst du?","좋아, 한결 낫군. 자, 다시 묻지. 뭘 원하는 거지?","","False","DIA_Addon_Morgan_Meat_07_02","",""
"Scripts/Content/Story/Dialoge/DIA_Addon_PIR_1352_Morgan.d:183","Ich bringe eine Lieferung Fleisch. Von Alligator Jack.","고기 배송품을 가져왔어. 앨리게이터 잭이 보냈지.","","False","DIA_Addon_Morgan_Meat_15_03","",""
"Scripts/Content/Story/Dialoge/DIA_Addon_PIR_1352_Morgan.d:186","Ich erinnere mich. Genau! Das Fleisch, gib her!","기억나는군. 그래! 고기 이리 내!","","False","DIA_Addon_Morgan_Meat_07_04","",""
"Scripts/Content/Story/Dialoge/DIA_Addon_PIR_1352_Morgan.d:199","Was, das ist alles? Hast den Rest Rest selber gefreesen was? Naja, egal...","뭐야, 이게 다야? 나머지는 네가 다 쳐먹기라도 한 거야? 뭐, 상관없지만...","","False","DIA_Addon_Morgan_Meat_07_05","",""
"Scripts/Content/Story/Dialoge/DIA_Addon_PIR_1352_Morgan.d:217","Was machst du hier?","여기서 뭐 하는 거지?","","False","DIA_Addon_Morgan_Job.description","",""
"Scripts/Content/Story/Dialoge/DIA_Addon_PIR_1352_Morgan.d:230","Was machst du hier?","여기서 뭐 하는 거지?","","False","DIA_Addon_Morgan_Job_15_01","",""
"Scripts/Content/Story/Dialoge/DIA_Addon_PIR_1352_Morgan.d:231","Greg hat mir das Kommando über einen der beiden Entertrupps gegeben.","그렉이 내게 두 습격 부대 중 한 곳의 지휘권을 맡겼어.","","False","DIA_Addon_Morgan_Job_07_01","",""
"Scripts/Content/Story/Dialoge/DIA_Addon_PIR_1352_Morgan.d:232","Ich bin für die Versorgung des Lagers zuständig - darum kümmert sich Alligator Jack.","난 야영지 보급을 책임지고 있지. 그건 앨리게이터 잭이 처리하고 있어.","","False","DIA_Addon_Morgan_Job_07_02","",""
"Scripts/Content/Story/Dialoge/DIA_Addon_PIR_1352_Morgan.d:233","Außerdem bin ich dafür verantwortlich, dass die Biester hier in der Gegend nicht zu nah ans Lager kommen.","게다가 난 이 근처의 괴물들이 야영지에 너무 가까이 오지 못하게 막는 임무도 맡고 있지.","","False","DIA_Addon_Morgan_Job_07_03","",""
"Scripts/Content/Story/Dialoge/DIA_Addon_PIR_1352_Morgan.d:234","Darum kümmern sich die JUNGS.","그 일은 녀석들이 처리해.","","False","DIA_Addon_Morgan_Job_07_04","",""
"Scripts/Content/Story/Dialoge/DIA_Addon_PIR_1352_Morgan.d:237","Ich hab ihnen gesagt, ich will hier kein einziges Vieh mehr in der Nähe sehen, (gähnt) wenn Greg zurückkommt.","난 녀석들에게 (하품하며) 그렉이 돌아왔을 때 근처에 단 한 마리의 짐승도 남아 있는 꼴을 보고 싶지 않다고 말해 두었지.","","False","DIA_Addon_Morgan_Job_07_05","",""
"Scripts/Content/Story/Dialoge/DIA_Addon_PIR_1352_Morgan.d:250","Tust du auch mal was?","너도 뭔가 좀 하긴 하는 거냐?","","False","DIA_Addon_Morgan_Sleep.description","",""
"Scripts/Content/Story/Dialoge/DIA_Addon_PIR_1352_Morgan.d:263","Tust du auch mal was?","너도 뭔가 좀 하긴 하는 거냐?","","False","DIA_Addon_Morgan_Sleep_15_00","",""
"Scripts/Content/Story/Dialoge/DIA_Addon_PIR_1352_Morgan.d:264","Hey, nicht frech werden!","이봐, 버릇없이 굴지 마!","","False","DIA_Addon_Morgan_Sleep_07_01","",""
"Scripts/Content/Story/Dialoge/DIA_Addon_PIR_1352_Morgan.d:265","Ich habe die wichtigste Aufgabe von allen.","내 임무가 그 무엇보다 가장 중요하다고.","","False","DIA_Addon_Morgan_Sleep_07_02","",""
"Scripts/Content/Story/Dialoge/DIA_Addon_PIR_1352_Morgan.d:266","Ich kümmere mich um die Ausbildung meiner Leute.","난 부하들을 훈련하고 있어.","","False","DIA_Addon_Morgan_Sleep_07_03","",""
"Scripts/Content/Story/Dialoge/DIA_Addon_PIR_1352_Morgan.d:267","Ich mache sie zu den besten und furchtlosesten Kämpfern, die jemals auf diesen Gewässern gekreuzt sind.","난 녀석들을 이 바다를 항해했던 자들 중 가장 훌륭하고 용맹한 전사로 만들고 있지.","","False","DIA_Addon_Morgan_Sleep_07_04","",""
"Scripts/Content/Story/Dialoge/DIA_Addon_PIR_1352_Morgan.d:268","Außerdem ist es ja nicht so, daß die Jungs nichts davon haben, ihre Arbeit zu machen.","게다가 녀석들이 일한 보상을 받지 못하는 것도 아니야.","","False","DIA_Addon_Morgan_Sleep_07_05","",""
"Scripts/Content/Story/Dialoge/DIA_Addon_PIR_1352_Morgan.d:269","Sie bekommen 'nen ordentlichen Sack voll Gold dafür.","그 대가로 묵직한 금 주머니를 챙기거든.","","False","DIA_Addon_Morgan_Sleep_07_06","",""
"Scripts/Content/Story/Dialoge/DIA_Addon_PIR_1352_Morgan.d:286","Ich will in deinen Trupp.","네 부대에 들어가고 싶어.","","False","DIA_Addon_Morgan_JoinMorgan.description","",""
"Scripts/Content/Story/Dialoge/DIA_Addon_PIR_1352_Morgan.d:300","Ich will in deinen Trupp.","네 부대에 들어가고 싶어.","","False","DIA_Addon_Morgan_JoinMorgan_15_00","",""
"Scripts/Content/Story/Dialoge/DIA_Addon_PIR_1352_Morgan.d:301","(lacht) Mein Trupp? Mein Trupp hängt am Strand rum.","(웃음) 내 부대? 내 부대원들은 해변에서 빈닥거리고 있다고.","","False","DIA_Addon_Morgan_JoinMorgan_07_01","",""
"Scripts/Content/Story/Dialoge/DIA_Addon_PIR_1352_Morgan.d:302","Die Jungs machen keinen Finger krumm, bis der Käpt'n wieder da ist, das kann ich dir versprechen.","녀석들은 대장이 돌아올 때까지 까딱도 안 할 거야. 장담하지.","","False","DIA_Addon_Morgan_JoinMorgan_07_03","",""
"Scripts/Content/Story/Dialoge/DIA_Addon_PIR_1352_Morgan.d:303","Aber wenn du allen zeigen willst, was du drauf hast, kannst du dir ja mal den Strand im Norden vornehmen.","하지만 네 실력을 모두에게 보여주고 싶다면, 북쪽 해변을 한 번 정리해 보지 그래.","","False","DIA_Addon_Morgan_JoinMorgan_07_04","",""
"Scripts/Content/Story/Dialoge/DIA_Addon_PIR_1352_Morgan.d:304","Der ist voller Lurker und was weiß ich noch allem.","거기엔 러커랑 그 외에도 온갖 녀석들이 득실거리거든.","","False","DIA_Addon_Morgan_JoinMorgan_07_05","",""
"Scripts/Content/Story/Dialoge/DIA_Addon_PIR_1352_Morgan.d:305","Zieh die Sache alleine durch und du verdienst dir den Respekt (gähnt) der Leute...","혼자서 그들을 해치우면 사람들의 (하품하며) 존경을 얻게 될 거야...","","False","DIA_Addon_Morgan_JoinMorgan_07_06","",""
"Scripts/Content/Story/Dialoge/DIA_Addon_PIR_1352_Morgan.d:306","Willommen in meinem Trupp. Ha! Ich hau mich wieder hin...","내 부대에 온 것을 환영한다. 하! 난 다시 누우러 가겠어...","","False","DIA_Addon_Morgan_JoinMorgan_07_07","",""
"Scripts/Content/Story/Dialoge/DIA_Addon_PIR_1352_Morgan.d:326","Der Strand im Norden ist sauber.","북쪽 해변은 소탕했어.","","False","DIA_Addon_Morgan_LurkerPlatt.description","",""
"Scripts/Content/Story/Dialoge/DIA_Addon_PIR_1352_Morgan.d:344","Der Strand im Norden ist sauber.","북쪽 해변은 소탕했어.","","False","DIA_Addon_Morgan_LurkerPlatt_15_00","",""
"Scripts/Content/Story/Dialoge/DIA_Addon_PIR_1352_Morgan.d:345","Was ist mit der Höhle? Warst du da auch schon?","동굴은 어쩌고? 거기에도 갔었나?","","False","DIA_Addon_Morgan_LurkerPlatt_07_01","",""
"Scripts/Content/Story/Dialoge/DIA_Addon_PIR_1352_Morgan.d:349","Klar.","물론이지.","","False","DIA_Addon_Morgan_LurkerPlatt_15_02","",""
"Scripts/Content/Story/Dialoge/DIA_Addon_PIR_1352_Morgan.d:350","Sauber. Bist ein guter Mann.","좋아. 자네는 훌륭한 사나이야.","","False","DIA_Addon_Morgan_LurkerPlatt_07_03","",""
"Scripts/Content/Story/Dialoge/DIA_Addon_PIR_1352_Morgan.d:351","Hier hast du deinen Lohn.","여기 보수다.","","False","DIA_Addon_Morgan_LurkerPlatt_07_04","",""
"Scripts/Content/Story/Dialoge/DIA_Addon_PIR_1352_Morgan.d:363","Äh ...","어...","","False","DIA_Addon_Morgan_LurkerPlatt_15_05","",""
"Scripts/Content/Story/Dialoge/DIA_Addon_PIR_1352_Morgan.d:364","Die gehört natürlich auch dazu. Komm wieder, wenn du das erledigt hast.","물론 그것도 포함되지. 다 끝내고 다시 오라고.","","False","DIA_Addon_Morgan_LurkerPlatt_07_06","",""
"Scripts/Content/Story/Dialoge/DIA_Addon_PIR_1352_Morgan.d:382","Gibt's sonst noch was zu tun für mich?","내가 할 일은 그게 전부인가?","","False","DIA_Addon_Morgan_Auftrag2.description","",""
"Scripts/Content/Story/Dialoge/DIA_Addon_PIR_1352_Morgan.d:395","Gibt's sonst noch was zu tun für mich?","내가 할 일은 그게 전부인가?","","False","DIA_Addon_Morgan_Auftrag2_15_00","",""
"Scripts/Content/Story/Dialoge/DIA_Addon_PIR_1352_Morgan.d:399","Im Moment nicht.","지금은 없어.","","False","DIA_Addon_Morgan_Auftrag2_07_01","",""
"Scripts/Content/Story/Dialoge/DIA_Addon_PIR_1352_Morgan.d:400","Such dir erst mal 'ne Koje und trink dir 'ne ordentliche Buddel Rum!","먼저 침상이나 찾아보고 럼주나 한 병 시원하게 들이켜라고!","","False","DIA_Addon_Morgan_Auftrag2_07_02","",""
"Scripts/Content/Story/Dialoge/DIA_Addon_PIR_1352_Morgan.d:403","Aaah. Das Zeug ist gut.","아아. 이 술이 예술이지.","","False","DIA_Addon_Morgan_Auftrag2_07_03","",""
"Scripts/Content/Story/Dialoge/DIA_Addon_PIR_1352_Morgan.d:407","Da fragst du am besten den Käpt'n.","그건 대장에게 묻는 게 좋을 거야.","","False","DIA_Addon_Morgan_Auftrag2_07_04","",""
"Scripts/Content/Story/Dialoge/DIA_Addon_PIR_1352_Morgan.d:425","Wegen Angus und Hank...","앵거스와 행크에 대해 말인데...","","False","DIA_Addon_Morgan_FOUNDTHEM.description","",""
"Scripts/Content/Story/Dialoge/DIA_Addon_PIR_1352_Morgan.d:439","Wegen Angus und Hank ...","앵거스와 행크에 대해 말인데...","","False","DIA_Addon_Morgan_FOUNDTHEM_15_00","",""
"Scripts/Content/Story/Dialoge/DIA_Addon_PIR_1352_Morgan.d:443","Hör bloß auf mit DER Sache.","그 녀석들 얘기는 꺼내지도 마.","","False","DIA_Addon_Morgan_FOUNDTHEM_07_01","",""
"Scripts/Content/Story/Dialoge/DIA_Addon_PIR_1352_Morgan.d:444","Die beiden haben sich wahrscheinlich von Banditen umbringen lassen.","두 사람은 아마 산적들에게 살해당했을 거야.","","False","DIA_Addon_Morgan_FOUNDTHEM_07_02","",""
"Scripts/Content/Story/Dialoge/DIA_Addon_PIR_1352_Morgan.d:445","Und Angus hatte meinen Ring dabei.","그리고 앵거스가 내 반지를 가지고 있었지.","","False","DIA_Addon_Morgan_FOUNDTHEM_07_03","",""
"Scripts/Content/Story/Dialoge/DIA_Addon_PIR_1352_Morgan.d:446","Na gut, eigentlich war es SEIN Ring. Er hat ihn beim Würfeln gewonnen.","아니, 사실 내 반지는 아니었어. 주사위 놀이에서 그가 내게서 딴 거거든.","","False","DIA_Addon_Morgan_FOUNDTHEM_07_04","",""
"Scripts/Content/Story/Dialoge/DIA_Addon_PIR_1352_Morgan.d:447","Aber ich hätte ihn mir wieder zurückgeholt und jetzt ist er WEG!","하지만 내가 다시 빼앗으려던 참이었는데 이제 사라져 버렸어!","","False","DIA_Addon_Morgan_FOUNDTHEM_07_05","",""
"Scripts/Content/Story/Dialoge/DIA_Addon_PIR_1352_Morgan.d:454","Ich habe sie gefunden.","내가 그들을 찾았어.","","False","DIA_Addon_Morgan_FOUNDTHEM_Info.DIA_Addon_Morgan_FOUNDTHEM.DIA_Addon_Morgan_FOUNDTHEM_Now","Info_AddChoice",""
"Scripts/Content/Story/Dialoge/DIA_Addon_PIR_1352_Morgan.d:458","Wenn du meinen Ring findest, dann bring ihn zu mir zurück. Du sollst es auch nicht umsonst gemacht haben!","내 반지를 찾으면 나한테 가져다주도록 해. 헛고생하게 만들진 않을 테니까!","","False","DIA_Addon_Morgan_FOUNDTHEM_07_06","",""
"Scripts/Content/Story/Dialoge/DIA_Addon_PIR_1352_Morgan.d:464","Ich habe sie gefunden.","내가 그들을 찾았어.","","False","DIA_Addon_Morgan_FOUNDTHEM_15_01","",""
"Scripts/Content/Story/Dialoge/DIA_Addon_PIR_1352_Morgan.d:465","Jetzt lass dir doch nicht jedes Wort aus der Nase ziehen. Wo sind sie?","자꾸 애태우지 말고 말해봐. 어디 있나?","","False","DIA_Addon_Morgan_FOUNDTHEM_07_07","",""
"Scripts/Content/Story/Dialoge/DIA_Addon_PIR_1352_Morgan.d:466","Sie sind tot.","그들은 죽었어.","","False","DIA_Addon_Morgan_FOUNDTHEM_15_03","",""
"Scripts/Content/Story/Dialoge/DIA_Addon_PIR_1352_Morgan.d:467","Der Ring, was ist mit dem Ring?","반지방, 반지는 어떻게 됐지?","","False","DIA_Addon_Morgan_FOUNDTHEM_07_08","",""
"Scripts/Content/Story/Dialoge/DIA_Addon_PIR_1352_Morgan.d:469","Hier ist er.","여기 있어.","","False","DIA_Addon_Morgan_FOUNDTHEM_Now.DIA_Addon_Morgan_FOUNDTHEM.DIA_Addon_Morgan_FOUNDTHEM_GiveRing","Info_AddChoice",""
"Scripts/Content/Story/Dialoge/DIA_Addon_PIR_1352_Morgan.d:470","Den hatten sie nicht dabei.","가지고 있지 않더군.","","False","DIA_Addon_Morgan_FOUNDTHEM_Now.DIA_Addon_Morgan_FOUNDTHEM.DIA_Addon_Morgan_FOUNDTHEM_NoRing","Info_AddChoice",""
"Scripts/Content/Story/Dialoge/DIA_Addon_PIR_1352_Morgan.d:475","Den hatten sie nicht dabei.","가지고 있지 않더군.","","False","DIA_Addon_Morgan_FOUNDTHEM_NoRing_15_00","",""
"Scripts/Content/Story/Dialoge/DIA_Addon_PIR_1352_Morgan.d:476","entsetzt) Was? Geh zurück und suche noch mal. Sie müssen ihn dabei gehabt haben.","(경악하며) 뭐라고? 돌아가서 다시 찾아봐. 가지고 있었을 거야.","","False","DIA_Addon_Morgan_FOUNDTHEM_NoRing_07_01","",""
"Scripts/Content/Story/Dialoge/DIA_Addon_PIR_1352_Morgan.d:477","Es ist ein kleiner Ring mit vielen kleinen Verzierungen.","정교한 장식이 많이 달린 작은 반지란 말이야.","","False","DIA_Addon_Morgan_FOUNDTHEM_NoRing_07_02","",""
"Scripts/Content/Story/Dialoge/DIA_Addon_PIR_1352_Morgan.d:478","Du MUSST ihn finden. Du MUSST!","반드시 찾아야 해. 꼭 찾아야 한다고!","","False","DIA_Addon_Morgan_FOUNDTHEM_NoRing_07_03","",""
"Scripts/Content/Story/Dialoge/DIA_Addon_PIR_1352_Morgan.d:484","Hier ist er.","여기 있어.","","False","DIA_Addon_Morgan_FOUNDTHEM_GiveRing_15_00","",""
"Scripts/Content/Story/Dialoge/DIA_Addon_PIR_1352_Morgan.d:486","(freut sich wie ein Kind) Ja, das ist er. Guter Mann!","(아이처럼 기뻐하며) 그래, 바로 이거야. 훌륭한 사나이군!","","False","DIA_Addon_Morgan_FOUNDTHEM_GiveRing_07_01","",""
"Scripts/Content/Story/Dialoge/DIA_Addon_PIR_1352_Morgan.d:487","Hier, nimm diese Steintafel. Sie sieht zwar aus wie alter Ramsch, aber Garett wird 'ne Menge Gold dafür springen lassen.","자, 이 석판을 받어. 고물처럼 보이겠지만, 가렛이 이걸 보면 금을 듬뿍 얹어줄 거야.","","False","DIA_Addon_Morgan_FOUNDTHEM_GiveRing_07_02","",""
"Scripts/Content/Story/Dialoge/DIA_Addon_PIR_1352_Morgan.d:506","Was hälst du von Francis?","프랜시스는 어떻게 생각해?","","False","DIA_Addon_Morgan_Francis.description","",""
"Scripts/Content/Story/Dialoge/DIA_Addon_PIR_1352_Morgan.d:523","Was hältst du von Francis?","프랜시스는 어떻게 생각해?","","False","DIA_Addon_Morgan_Francis_15_00","",""
"Scripts/Content/Story/Dialoge/DIA_Addon_PIR_1352_Morgan.d:524","Der ist mir egal, (gefährlich) solange er mich in Ruhe lässt!","그 녀석은 상관없어, (험악하게) 나를 내버려 두는 한 말이지!","","False","DIA_Addon_Morgan_Francis_07_01","",""
"Scripts/Content/Story/Dialoge/DIA_Addon_PIR_1352_Morgan.d:525","Ist er nicht der Boss hier?","그가 여기 우두머리 아니야?","","False","DIA_Addon_Morgan_Francis_15_02","",""
"Scripts/Content/Story/Dialoge/DIA_Addon_PIR_1352_Morgan.d:526","(lacht dreckig) Er HÄLT sich für den Boss.","(더럽게 웃으며) 자기가 우두머리인 줄 알지.","","False","DIA_Addon_Morgan_Francis_07_03","",""
"Scripts/Content/Story/Dialoge/DIA_Addon_PIR_1352_Morgan.d:527","(schadenfroh) Aber irgendwann ist Greg wieder da, und dann wird Francis wieder schön - brav - Bretter sägen.","(고소해하며) 하지만 언젠가 그렉이 돌아올 거고, 그럼 프랜시스는 다시 얌전히 널빤지를 썰게 될 거야.","","False","DIA_Addon_Morgan_Francis_07_04","",""
"Scripts/Content/Story/Dialoge/DIA_Addon_PIR_1352_Morgan.d:545","Kannst du mich auch trainieren?","내게도 훈련을 해줄 수 있나?","","False","DIA_Addon_Morgan_TRAIN.description","",""
"Scripts/Content/Story/Dialoge/DIA_Addon_PIR_1352_Morgan.d:558","Kannst du mich AUCH trainieren?","내게도 훈련을 해줄 수 있나?","","False","DIA_Addon_Morgan_TRAIN_15_00","",""
"Scripts/Content/Story/Dialoge/DIA_Addon_PIR_1352_Morgan.d:559","Klar, ich kann ich dir zeigen, wie man mit Einhandwaffen kämpft.","물론이지, 한손 무기로 싸우는 법을 보여줄 수 있어.","","False","DIA_Addon_Morgan_TRAIN_07_01","",""
"Scripts/Content/Story/Dialoge/DIA_Addon_PIR_1352_Morgan.d:580","Unterrichte mich!","나를 가르쳐다오!","","False","DIA_Addon_Morgan_Teach.description","",""
"Scripts/Content/Story/Dialoge/DIA_Addon_PIR_1352_Morgan.d:593","Unterrichte mich!","나를 가르쳐다오!","","False","DIA_Addon_Morgan_Teach_15_00","",""
"Scripts/Content/Story/Dialoge/DIA_Addon_PIR_1352_Morgan.d:609","Und denk dran, an diesem Geschwätz von Ehre ist nichts dran. Entweder du tötest ihn, oder er tötet dich.","그리고 명심해, 명예 같은 헛소리는 신경 쓰지 마. 네가 죽이든가, 아니면 그 녀석이 널 죽이든가 둘 중 하나니까.","","False","DIA_Addon_Morgan_CommentFightSkill_07_00","",""
"Scripts/Content/Story/Dialoge/DIA_Addon_PIR_1352_Morgan.d:614","In Zukunft musst du noch lernen mehr Kraft in deine Schläge zu legen.","앞으로는 타격에 더 힘을 싣는 법을 배워야 할 거다.","","False","DIA_Addon_Morgan_CommentFightSkill_07_01","",""
"Scripts/Content/Story/Dialoge/DIA_Addon_PIR_1352_Morgan.d:619","Hahaha, zumindest weisst du mittlerweile, wie man ein Schwert hält.","하하하, 적어도 검을 쥐는 법은 알게 되었군.","","False","DIA_Addon_Morgan_CommentFightSkill_07_02","",""
"Scripts/Content/Story/Dialoge/DIA_Addon_PIR_1352_Morgan.d:625","Wenn du noch besser werden willst, dann musst du dir 'nen Anderen suchen.","더 강해지고 싶다면, 다른 사람을 찾아봐야 할 거야.","","False","DIA_Addon_Morgan_Teach_Back_07_00","",""
"Scripts/Content/Story/Dialoge/DIA_Addon_PIR_1354_Henry.d:29","500 Goldstücke.","500 골드.","","False","DIA_Addon_Henry_Gold500_04_00","",""
"Scripts/Content/Story/Dialoge/DIA_Addon_PIR_1354_Henry.d:33","400 Goldstücke.","400 골드.","","False","DIA_Addon_Henry_Gold400_04_00","",""
"Scripts/Content/Story/Dialoge/DIA_Addon_PIR_1354_Henry.d:37","300 Goldstücke.","300 골드.","","False","DIA_Addon_Henry_Gold300_04_00","",""
"Scripts/Content/Story/Dialoge/DIA_Addon_PIR_1354_Henry.d:41","200 Goldstücke.","200 골드.","","False","DIA_Addon_Henry_Gold200_04_00","",""
"Scripts/Content/Story/Dialoge/DIA_Addon_PIR_1354_Henry.d:45","100 Goldstücke.","100 골드.","","False","DIA_Addon_Henry_Gold100_04_00","",""
"Scripts/Content/Story/Dialoge/DIA_Addon_PIR_1354_Henry.d:126","HALT!","멈춰라!","","False","DIA_Addon_Henry_Hello_04_00","",""
"Scripts/Content/Story/Dialoge/DIA_Addon_PIR_1354_Henry.d:127","Freund oder Feind?","아군인가, 적군인가?","","False","DIA_Addon_Henry_Hello_04_01","",""
"Scripts/Content/Story/Dialoge/DIA_Addon_PIR_1354_Henry.d:130","Feind!","적이다!","","False","DIA_Addon_Henry_Hello_Info.DIA_Addon_Henry_Hello.DIA_Addon_Henry_Hello_Feind","Info_AddChoice",""
"Scripts/Content/Story/Dialoge/DIA_Addon_PIR_1354_Henry.d:131","Freund!","친구다!","","False","DIA_Addon_Henry_Hello_Info.DIA_Addon_Henry_Hello.DIA_Addon_Henry_Hello_Freund","Info_AddChoice",""
"Scripts/Content/Story/Dialoge/DIA_Addon_PIR_1354_Henry.d:137","Feind!","적이다!","","False","DIA_Addon_Henry_Hello_Feind_15_00","",""
"Scripts/Content/Story/Dialoge/DIA_Addon_PIR_1354_Henry.d:138","Du willst wohl, dass ich dir den Arsch versohle, du Spassvogel?","엉덩짝이 매섭게 맞고 싶나, 이 광대 같은 녀석?","","False","DIA_Addon_Henry_Hello_Feind_04_01","",""
"Scripts/Content/Story/Dialoge/DIA_Addon_PIR_1354_Henry.d:139","Sag' was du hier willst oder verschwinde ganz schnell wieder.","여기에 온 이유를 말하거나, 당장 꺼져.","","False","DIA_Addon_Henry_Hello_Feind_04_02","",""
"Scripts/Content/Story/Dialoge/DIA_Addon_PIR_1354_Henry.d:151","Freund!","친구!","","False","DIA_Addon_Henry_Hello_Freund_15_00","",""
"Scripts/Content/Story/Dialoge/DIA_Addon_PIR_1354_Henry.d:152","Das kann ja jeder behaupten! Ich kenne dich nicht, was willst du hier?","그런 소린 누구나 할 수 있지! 난 너를 모르는데, 여기서 뭐 하는 거냐?","","False","DIA_Addon_Henry_Hello_Freund_04_01","",""
"Scripts/Content/Story/Dialoge/DIA_Addon_PIR_1354_Henry.d:186","Noch ein Schritt Richtung Lager, und ich werde dich den Haien zu Frass vorwerfen.","캠프 쪽으로 한 발자국만 더 움직이면, 상어 밥으로 만들어 버릴 테다.","","False","DIA_Addon_Henry_SecondWarn_04_00","",""
"Scripts/Content/Story/Dialoge/DIA_Addon_PIR_1354_Henry.d:223","Du hast es so gewollt ...","네가 자초한 일이다...","","False","DIA_Addon_Henry_Attack_04_00","",""
"Scripts/Content/Story/Dialoge/DIA_Addon_PIR_1354_Henry.d:245","Ich will da rein.","안으로 들어가고 싶어.","","False","DIA_Addon_Henry_WantEnter.description","",""
"Scripts/Content/Story/Dialoge/DIA_Addon_PIR_1354_Henry.d:258","Ich will da rein!","안으로 들어가고 싶다고!","","False","DIA_Addon_Henry_WantEnter_15_00","",""
"Scripts/Content/Story/Dialoge/DIA_Addon_PIR_1354_Henry.d:259","Tatsächlich? Das kostet dich aber 'ne Kleinigkeit.","그래? 하지만 통행료가 좀 들걸.","","False","DIA_Addon_Henry_WantEnter_04_01","",""
"Scripts/Content/Story/Dialoge/DIA_Addon_PIR_1354_Henry.d:265","Was? Wofür?","뭐? 무슨 통행료?","","False","DIA_Addon_Henry_WantEnter_15_02","",""
"Scripts/Content/Story/Dialoge/DIA_Addon_PIR_1354_Henry.d:266","Jetzt stell dich mal nicht so an.","너무 툴툴대지 마.","","False","DIA_Addon_Henry_WantEnter_04_03","",""
"Scripts/Content/Story/Dialoge/DIA_Addon_PIR_1354_Henry.d:267","Hier im Lager gibt's 'ne MENGE Sachen, die für dich interesant sein könnten...","이 캠프 안에는 너한테 흥미로울 만한 게 많다고...","","False","DIA_Addon_Henry_WantEnter_04_04","",""
"Scripts/Content/Story/Dialoge/DIA_Addon_PIR_1354_Henry.d:279","Und für mich siehst du aus, wie jemand, der Gold hat.","그리고 내 눈에는 네가 금을 좀 가지고 있는 사람으로 보인단 말이지.","","False","DIA_Addon_Henry_WantEnter_04_07","",""
"Scripts/Content/Story/Dialoge/DIA_Addon_PIR_1354_Henry.d:280","Also wird dich so ein kleiner Zoll nicht gleich umbringen.","그러니 이 정도 작은 통행료가 너를 죽이진 않을 거야.","","False","DIA_Addon_Henry_WantEnter_04_08","",""
"Scripts/Content/Story/Dialoge/DIA_Addon_PIR_1354_Henry.d:281","Oder sind deine feinen Klamotten etwa geklaut?","설마 그 번지르르한 옷도 훔친 건 아니겠지?","","False","DIA_Addon_Henry_WantEnter_04_09","",""
"Scripts/Content/Story/Dialoge/DIA_Addon_PIR_1354_Henry.d:285","Du hast doch Gold, oder?","금은 좀 가지고 있지, 그렇지?","","False","DIA_Addon_Henry_WantEnter_04_10","",""
"Scripts/Content/Story/Dialoge/DIA_Addon_PIR_1354_Henry.d:294","Wenn du vorhast, bei uns anzuheuern, muß ich dich enttäuschen, Junge!","우리한테 합류할 생각이었다면 실망하겠는걸, 얘야!","","False","DIA_Addon_Henry_Add_04_00","",""
"Scripts/Content/Story/Dialoge/DIA_Addon_PIR_1354_Henry.d:295","Der Käpt'n ist mir der halben Besatzung auf Kaperfahrt gegangen, und er ist der einzige, der entscheidet, wer bei uns anheuern darf..","선장은 선원 절반을 데리고 약탈하러 떠났고, 누가 우리한테 합류할 수 있는지 결정하는 건 오직 선장뿐이야.","","False","DIA_Addon_Henry_Add_04_01","",""
"Scripts/Content/Story/Dialoge/DIA_Addon_PIR_1354_Henry.d:296","Aber du kannst bleiben, bis er wieder da ist.","하지만 그가 돌아올 때까지는 머물러도 좋다.","","False","DIA_Addon_Henry_Add_04_02","",""
"Scripts/Content/Story/Dialoge/DIA_Addon_PIR_1354_Henry.d:297","Vorausgesetzt du machst hier keinen Ärger!","여기서 말썽을 피우지 않는다는 조건 하에 말이지!","","False","DIA_Addon_Henry_Add_04_03","",""
"Scripts/Content/Story/Dialoge/DIA_Addon_PIR_1354_Henry.d:307","Hier sind deine 500 Goldmünzen.","여기 500개의 금화가 있어.","","False","DIA_Addon_Henry_Einigen2.description","",""
"Scripts/Content/Story/Dialoge/DIA_Addon_PIR_1354_Henry.d:323","Hier sind deine 500 Goldmünzen.","여기 500개의 금화가 있어.","","False","DIA_Addon_Henry_Einigen2_15_00","",""
"Scripts/Content/Story/Dialoge/DIA_Addon_PIR_1354_Henry.d:325","Alles klar. Willkommen in unserem Lager.","좋아. 우리 캠프에 온 걸 환영한다.","","False","DIA_Addon_Henry_Einigen2_04_01","",""
"Scripts/Content/Story/Dialoge/DIA_Addon_PIR_1354_Henry.d:340","Können wir uns nicht irgendwie einigen?","어떻게 타협해 볼 수는 없을까?","","False","DIA_Addon_Henry_Einigen.description","",""
"Scripts/Content/Story/Dialoge/DIA_Addon_PIR_1354_Henry.d:354","Können wir uns nicht irgendwie einigen?","어떻게 타협해 볼 수는 없을까?","","False","DIA_Addon_Henry_Einigen_15_00","",""
"Scripts/Content/Story/Dialoge/DIA_Addon_PIR_1354_Henry.d:355","Nun. Gib mir einen Grund, dann wird's vielleicht billiger für dich.","글쎄. 그럴듯한 이유를 대면, 비용을 좀 깎아줄지도 모르지.","","False","DIA_Addon_Henry_Einigen_04_01","",""
"Scripts/Content/Story/Dialoge/DIA_Addon_PIR_1354_Henry.d:367","Ich soll Morgan dieses Fleisch bringen.","모건에게 이 고기를 가져다주기로 했어.","","False","DIA_Addon_Henry_MeatForMorgan.description","",""
"Scripts/Content/Story/Dialoge/DIA_Addon_PIR_1354_Henry.d:383","Ich soll Morgan dieses Fleisch bringen.","모건에게 이 고기를 가져다주기로 했어.","","False","DIA_Addon_Henry_MeatForMorgan_15_00","",""
"Scripts/Content/Story/Dialoge/DIA_Addon_PIR_1354_Henry.d:384","(barsch) Aha, und wer schickt dich?","(쌀쌀맞게) 그래, 누가 보냈지?","","False","DIA_Addon_Henry_MeatForMorgan_04_01","",""
"Scripts/Content/Story/Dialoge/DIA_Addon_PIR_1354_Henry.d:385","Alligator Jack. Er sagt, Morgan wartet schon darauf.","앨리게이터 잭. 모건이 기다리고 있다고 하더군.","","False","DIA_Addon_Henry_MeatForMorgan_15_02","",""
"Scripts/Content/Story/Dialoge/DIA_Addon_PIR_1354_Henry.d:386","So, so. Er selbst hat wohl keine Lust, was?","그렇군. 본인은 직접 움직이기 귀찮았던 모양이지?","","False","DIA_Addon_Henry_MeatForMorgan_04_03","",""
"Scripts/Content/Story/Dialoge/DIA_Addon_PIR_1354_Henry.d:398","Malcom schickt mich.","말콤이 보냈어.","","False","DIA_Addon_Henry_Malcom.description","",""
"Scripts/Content/Story/Dialoge/DIA_Addon_PIR_1354_Henry.d:413","Malcom schickt mich. Ich soll dir sagen, das mit dem Holz wird noch eine Weile dauern.","말콤이 보냈어. 나무 작업에는 시간이 좀 더 걸릴 거라고 전해달라더군.","","False","DIA_Addon_Henry_Malcom_15_00","",""
"Scripts/Content/Story/Dialoge/DIA_Addon_PIR_1354_Henry.d:414","(meckert) Ja, ja. Hätte ich mir ja denken können. Das dauert mal wieder ewig.","(투덜거리며) 그래, 그래. 내 그럴 줄 알았지. 또 한참 걸리겠군.","","False","DIA_Addon_Henry_Malcom_04_01","",""
"Scripts/Content/Story/Dialoge/DIA_Addon_PIR_1354_Henry.d:428","Ich hab hier eine Lieferung für Skip.","스킵에게 줄 배송품이 있는데.","","False","DIA_Addon_Henry_BaltramPack.description","",""
"Scripts/Content/Story/Dialoge/DIA_Addon_PIR_1354_Henry.d:443","Ich hab hier eine Lieferung für Skip. Ist der da?","스킵에게 줄 배송품이 있는데. 거기 있나?","","False","DIA_Addon_Henry_BaltramPack_15_00","",""
"Scripts/Content/Story/Dialoge/DIA_Addon_PIR_1354_Henry.d:444","Ja. Skip ist hier. Und weiter?","그래. 스킵은 여기 있어. 그래서?","","False","DIA_Addon_Henry_BaltramPack_04_01","",""
"Scripts/Content/Story/Dialoge/DIA_Addon_PIR_1354_Henry.d:459","Lass mich rein.","들여보내 줘.","","False","DIA_Addon_Henry_Tribut.description","",""
"Scripts/Content/Story/Dialoge/DIA_Addon_PIR_1354_Henry.d:475","Lass mich rein.","들여보내 줘.","","False","DIA_Addon_Henry_Tribut_15_00","",""
"Scripts/Content/Story/Dialoge/DIA_Addon_PIR_1354_Henry.d:477","Mmh...","으음...","","False","DIA_Addon_Henry_Tribut_04_01","",""
"Scripts/Content/Story/Dialoge/DIA_Addon_PIR_1354_Henry.d:481","Du hast mir eine Nachricht von unseren Holzfällern überbracht.","넌 우리 벌목꾼들의 메시지를 전해줬지.","","False","DIA_Addon_Henry_Tribut_04_02","",""
"Scripts/Content/Story/Dialoge/DIA_Addon_PIR_1354_Henry.d:487","Du willst für Alligator Jack den Laufburschen spielen und das Sumpfrattenfleisch zu Morgan bringen.","넌 앨리게이터 잭의 심부름꾼 노릇을 하며 늪쥐 고기를 모건에게 가져다주기도 했고.","","False","DIA_Addon_Henry_Tribut_04_03","",""
"Scripts/Content/Story/Dialoge/DIA_Addon_PIR_1354_Henry.d:493","Du hast ein Päckchen für Skip.","스킵에게 줄 꾸러미도 가지고 있지.","","False","DIA_Addon_Henry_Tribut_04_04","",""
"Scripts/Content/Story/Dialoge/DIA_Addon_PIR_1354_Henry.d:501","Und, was am bestsen von allem ist:","그리고 무엇보다 가장 좋은 건:","","False","DIA_Addon_Henry_Tribut_Add_04_00","",""
"Scripts/Content/Story/Dialoge/DIA_Addon_PIR_1354_Henry.d:504","Du hast uns die Galgenvögel am Turm vom Hals geschafft.","탑에 있던 그 건달 녀석들을 우리 눈앞에서 치워줬다는 거야.","","False","DIA_Addon_Henry_Tribut_Add_04_01","",""
"Scripts/Content/Story/Dialoge/DIA_Addon_PIR_1354_Henry.d:505","Hätte nicht gedacht, daß du das alleine schaffst!","혼자서 그 일을 해낼 줄은 생각도 못 했는데!","","False","DIA_Addon_Henry_Tribut_Add_04_02","",""
"Scripts/Content/Story/Dialoge/DIA_Addon_PIR_1354_Henry.d:511","Ich sag die was. Du kannst umsonst rein.","좋은 제안을 하지. 공짜로 들여보내 주마.","","False","DIA_Addon_Henry_Tribut_Add_04_03","",""
"Scripts/Content/Story/Dialoge/DIA_Addon_PIR_1354_Henry.d:521","...oder du verschwindest wieder. Ganz einfach.","...아니면 다시 꺼지든가. 간단하지 않나.","","False","DIA_Addon_Henry_Tribut_04_05","",""
"Scripts/Content/Story/Dialoge/DIA_Addon_PIR_1354_Henry.d:524","Das ist mir zuviel.","너무 비싼데.","","False","DIA_Addon_Henry_Tribut_Info.DIA_Addon_Henry_Tribut.DIA_Addon_Henry_Tribut_nein","Info_AddChoice",""
"Scripts/Content/Story/Dialoge/DIA_Addon_PIR_1354_Henry.d:528","Gut. Hier hast du das Gold.","좋아. 여기 금이야.","","False","DIA_Addon_Henry_Tribut_Info.DIA_Addon_Henry_Tribut.DIA_Addon_Henry_Tribut_ja","Info_AddChoice",""
"Scripts/Content/Story/Dialoge/DIA_Addon_PIR_1354_Henry.d:535","Gut. Hier hast du das Gold.","좋아. 여기 금이야.","","False","DIA_Addon_Henry_Tribut_ja_15_00","",""
"Scripts/Content/Story/Dialoge/DIA_Addon_PIR_1354_Henry.d:537","Danke. Willkommen in unserem Lager.","고마워. 우리 캠프에 온 걸 환영한다.","","False","DIA_Addon_Henry_Tribut_ja_04_01","",""
"Scripts/Content/Story/Dialoge/DIA_Addon_PIR_1354_Henry.d:546","Das ist mir zu viel.","너무 비싼데.","","False","DIA_Addon_Henry_Tribut_nein_15_00","",""
"Scripts/Content/Story/Dialoge/DIA_Addon_PIR_1354_Henry.d:549","Jetzt komm, ich hab's doch schon für dich billiger gemacht.","이봐, 이미 싸게 해 준 거라고.","","False","DIA_Addon_Henry_Tribut_nein_04_03","",""
"Scripts/Content/Story/Dialoge/DIA_Addon_PIR_1354_Henry.d:553","Dann verschwinde wieder.","그럼 꺼져.","","False","DIA_Addon_Henry_Tribut_nein_04_04","",""
"Scripts/Content/Story/Dialoge/DIA_Addon_PIR_1354_Henry.d:573","Was machst du hier?","여기서 뭐 하는 거야?","","False","DIA_Addon_Henry_Palisade.description","",""
"Scripts/Content/Story/Dialoge/DIA_Addon_PIR_1354_Henry.d:586","Was machst du hier?","여기서 뭐 하는 거야?","","False","DIA_Addon_Henry_Palisade_15_00","",""
"Scripts/Content/Story/Dialoge/DIA_Addon_PIR_1354_Henry.d:587","Wonach siehts denn aus? Ich muss dafür sorgen, das diese elende Jammerlappen hier die Palisade rechtzeitig fertig kriegen.","뭐처럼 보여? 이 불쌍한 얼간이들이 제때 울타리를 완성할 수 있게 감시하고 있다.","","False","DIA_Addon_Henry_Palisade_04_01","",""
"Scripts/Content/Story/Dialoge/DIA_Addon_PIR_1354_Henry.d:588","Wenn das nicht klappt, wird Kapitän Greg mir in den Arsch treten.","제대로 해내지 못하면 그렉 선장님이 내 엉덩이를 가만히 두지 않을 걸.","","False","DIA_Addon_Henry_Palisade_04_02","",""
"Scripts/Content/Story/Dialoge/DIA_Addon_PIR_1354_Henry.d:589","Nebenbei pass ich auf, daß nicht jeder hier einfach so reinstiefelt!","게다가 아무나 함부로 안으로 기어들어 오지 못하게 지키고 있지!","","False","DIA_Addon_Henry_Palisade_04_03","",""
"Scripts/Content/Story/Dialoge/DIA_Addon_PIR_1354_Henry.d:601","Wofür baut ihr die Palisade?","왜 울타리를 짓고 있는 거지?","","False","DIA_Addon_Henry_Palisade_WhatFor.description","",""
"Scripts/Content/Story/Dialoge/DIA_Addon_PIR_1354_Henry.d:614","Wofür baut ihr die Palisade?","왜 울타리를 짓고 있는 거지?","","False","DIA_Addon_Henry_Palisade_WhatFor_15_00","",""
"Scripts/Content/Story/Dialoge/DIA_Addon_PIR_1354_Henry.d:615","Na, um es den Banditen nicht zu leicht zu machen!","당연히, 산적들이 쉽게 쳐들어오지 못하게 하려는 거지!","","False","DIA_Addon_Henry_Palisade_WhatFor_04_10","",""
"Scripts/Content/Story/Dialoge/DIA_Addon_PIR_1354_Henry.d:616","Die Bastarde werden immer dreister. Sie streunen schon seit Tagen um unser Lager herum. Wie Haie um einen Schiffbrüchigen.","그 자식들은 갈수록 뻔뻔해지고 있어. 며칠 전부터 우리 캠프 주변을 어슬렁거리고 있다고. 난파선 주변의 상어들처럼 말이야.","","False","DIA_Addon_Henry_Palisade_WhatFor_04_02","",""
"Scripts/Content/Story/Dialoge/DIA_Addon_PIR_1354_Henry.d:617","Ein paar von den Mistkerlen haben sich beim Turm etwas südlich von hier verschanzt.","그 빌어먹을 녀석들 중 일부는 여기서 조금 남쪽에 있는 탑에 틀어박혀 있지.","","False","DIA_Addon_Henry_Palisade_WhatFor_04_11","",""
"Scripts/Content/Story/Dialoge/DIA_Addon_PIR_1354_Henry.d:618","Aber ich bin mir sicher, das ist nur die Vorhut.","하지만 이건 분명 선발대일 뿐이야.","","False","DIA_Addon_Henry_Palisade_WhatFor_04_12","",""
"Scripts/Content/Story/Dialoge/DIA_Addon_PIR_1354_Henry.d:619","Sollten sie tatsächlich so dumm sein und einen Angriff versuchen, werden wir sie gebührend empfangen.","정말로 멍청하게 공격해 온다면, 아주 뜨겁게 환영해 줄 테다.","","False","DIA_Addon_Henry_Palisade_WhatFor_04_03","",""
"Scripts/Content/Story/Dialoge/DIA_Addon_PIR_1354_Henry.d:631","Wo genau finde ich den Turm.","그 탑은 정확히 어디에 있지?","","False","DIA_Addon_Francis_BanditsDead_15_08","",""
"Scripts/Content/Story/Dialoge/DIA_Addon_PIR_1354_Henry.d:632","Du gehst von hier aus los und hältst dich rechts.","여기서 출발해서 오른쪽으로 가.","","False","DIA_Addon_Henry_Entercrew_Add_04_07","",""
"Scripts/Content/Story/Dialoge/DIA_Addon_PIR_1354_Henry.d:633","Auf der kleinen Klippe dort steht der Turm.","저기 작은 절벽 위에 탑이 보일 거야.","","False","DIA_Addon_Henry_Entercrew_Add_04_08","",""
"Scripts/Content/Story/Dialoge/DIA_Addon_PIR_1354_Henry.d:644","Wegen der Banditen im Turm...","탑에 있는 산적들 말인데...","","False","DIA_Addon_Henry_Turmbanditen.description","",""
"Scripts/Content/Story/Dialoge/DIA_Addon_PIR_1354_Henry.d:658","Wegen der Banditen im Turm...","탑에 있는 산적들 말인데...","","False","DIA_Addon_Henry_Turmbanditen_15_00","",""
"Scripts/Content/Story/Dialoge/DIA_Addon_PIR_1354_Henry.d:662","Ja?","그래?","","False","DIA_Addon_Henry_Turmbanditen_04_01","",""
"Scripts/Content/Story/Dialoge/DIA_Addon_PIR_1354_Henry.d:663","Sie sind erledigt.","처리했어.","","False","DIA_Addon_Francis_BanditsDead_15_01","",""
"Scripts/Content/Story/Dialoge/DIA_Addon_PIR_1354_Henry.d:666","Gut! Ein Problem weniger.","좋아! 골칫거리 하나가 줄었군.","","False","DIA_Addon_Henry_Turmbanditen_04_02","",""
"Scripts/Content/Story/Dialoge/DIA_Addon_PIR_1354_Henry.d:670","Hast du das ganz alleine fertiggebracht? Alle Achtung!","혼자서 그 일을 해낸 거야? 대단한데!","","False","DIA_Addon_Henry_Turmbanditen_04_03","",""
"Scripts/Content/Story/Dialoge/DIA_Addon_PIR_1354_Henry.d:671","Aus dir kann noch mal ein richtiger Pirat werden!","너라면 나중에 정말 멋진 해적이 될 수 있을지도 모르겠는걸!","","False","DIA_Addon_Henry_Turmbanditen_04_04","",""
"Scripts/Content/Story/Dialoge/DIA_Addon_PIR_1354_Henry.d:688","Was denn noch?","또 무슨 볼일이지?","","False","DIA_Addon_Henry_Turmbanditen_04_07","",""
"Scripts/Content/Story/Dialoge/DIA_Addon_PIR_1354_Henry.d:693","Wenn du vorhast, dich mit ihnen ALLEINE anzulegen, vergiß es!","혼자서 그 자들과 맞설 생각이라면, 꿈도 꾸지 마라!","","False","DIA_Addon_Henry_Turmbanditen_04_05","",""
"Scripts/Content/Story/Dialoge/DIA_Addon_PIR_1354_Henry.d:694","Ich werd' demnächst zwei Leute aus meinem Entertrupp schicken. Die sollen sich um die Banditen kümmern.","곧 내 돌격 부대에서 두 명을 보낼 거다. 그 녀석들이 산적들을 처리하게 할 거야.","","False","DIA_Addon_Henry_Turmbanditen_04_06","",""
"Scripts/Content/Story/Dialoge/DIA_Addon_PIR_1354_Henry.d:708","Warum sollten die Banditen euch angreifen?","산적들이 너희를 공격하는 이유가 뭐지?","","False","DIA_Addon_Henry_Palisade_Bandits.description","",""
"Scripts/Content/Story/Dialoge/DIA_Addon_PIR_1354_Henry.d:721","Warum sollten die Banditen euch angreifen?","산적들이 너희를 공격하는 이유가 뭐지?","","False","DIA_Addon_Henry_Palisade_Bandits_15_00","",""
"Scripts/Content/Story/Dialoge/DIA_Addon_PIR_1354_Henry.d:722","Weil KRIEG ist zwischen ihnen und uns! Was meinst du denn?","그 녀석들과 우리 사이에 전쟁이 벌어졌으니까! 무슨 소릴 하는 거야?","","False","DIA_Addon_Henry_Palisade_Bandits_04_04","",""
"Scripts/Content/Story/Dialoge/DIA_Addon_PIR_1354_Henry.d:723","Am Anfang war alles ganz locker. Wir haben sie hergebracht, sie sind in ihren Sumpf marschiert und haben uns ihn Ruhe gelassen.","처음에는 다들 평화로웠지. 우리가 그들을 데려왔고, 그들은 늪으로 걸어가 우리를 내버려 두었거든.","","False","DIA_Addon_Henry_Palisade_Bandits_04_05","",""
"Scripts/Content/Story/Dialoge/DIA_Addon_PIR_1354_Henry.d:724","Aber mittlerweile greifen die Mistkerle jeden an, der nicht zu ihnen gehört.","하지만 요즘엔 그 빌어먹을 녀석들이 우리 편이 아닌 자는 누구든 공격하고 있어.","","False","DIA_Addon_Henry_Palisade_Bandits_04_06","",""
"Scripts/Content/Story/Dialoge/DIA_Addon_PIR_1354_Henry.d:725","Was weiß ich, welcher Teufel sie reitet!","어떤 미친 바람이 불었는지 내가 어떻게 알겠어!","","False","DIA_Addon_Henry_Palisade_Bandits_04_07","",""
"Scripts/Content/Story/Dialoge/DIA_Addon_PIR_1354_Henry.d:726","Kann mir vorstellen, daß sie scharf auf unsere Boote sind. Es gibt nämlich keinen anderen Weg, um von hier wegzukommen.","우리의 배를 노리고 있는지도 모르지. 애초에 여기서 빠져나갈 다른 방법은 없으니까.","","False","DIA_Addon_Henry_Palisade_Bandits_04_08","",""
"Scripts/Content/Story/Dialoge/DIA_Addon_PIR_1354_Henry.d:727","Frag mal Skip zu dem Thema. Der war bei ihnen - und ist gerade mal eben so mit dem Leben davongekommen.","그 일에 대해선 스킵에게 물어보도록 해. 그 녀석은 그들을 상대해 봤고, 가까스로 목숨만 건져서 돌아왔으니까.","","False","DIA_Addon_Henry_Palisade_Bandits_04_09","",""
"Scripts/Content/Story/Dialoge/DIA_Addon_PIR_1354_Henry.d:728","Ist 'ne interessante Geschichte, die er da zu erzählen hat.","들려줄 만한 흥미로운 이야기가 꽤 있을걸.","","False","DIA_Addon_Henry_Palisade_Bandits_04_10","",""
"Scripts/Content/Story/Dialoge/DIA_Addon_PIR_1354_Henry.d:731","(verschmitzt) Nur schade, daß du sie nicht hören kannst. Du hast nämlich noch nicht deinen Wegzoll bezahlt.","(짓궂게) 안타깝게도 그 이야기를 직접 들을 순 없겠지만 말이야. 통행료를 아직 안 냈으니 말이지.","","False","DIA_Addon_Henry_Palisade_Bandits_04_11","",""
"Scripts/Content/Story/Dialoge/DIA_Addon_PIR_1354_Henry.d:753","Ich will in deinen Entertrupp.","너희 돌격 부대에 들어가고 싶어.","","False","DIA_Addon_Henry_Entercrew.description","",""
"Scripts/Content/Story/Dialoge/DIA_Addon_PIR_1354_Henry.d:767","Ich will in deinen Entertrupp.","너희 돌격 부대에 들어가고 싶어.","","False","DIA_Addon_Henry_Entercrew_15_00","",""
"Scripts/Content/Story/Dialoge/DIA_Addon_PIR_1354_Henry.d:771","(lacht) So einfach kommst du nicht an mir vorbei, Junge!","(웃음) 그렇게 쉽게 날 통과할 순 없을걸, 꼬마야!","","False","DIA_Addon_Henry_Entercrew_Add_04_00","",""
"Scripts/Content/Story/Dialoge/DIA_Addon_PIR_1354_Henry.d:772","Erst unterhalten wir uns mal darüber, ob du überhaupt ins LAGER kommst!","캠프에 들어올 자격이나 되는지부터 이야기해 보라고!","","False","DIA_Addon_Henry_Entercrew_Add_04_01","",""
"Scripts/Content/Story/Dialoge/DIA_Addon_PIR_1354_Henry.d:777","Tja, dann willkommen in meinem Entertrupp!","좋아, 그럼 내 돌격 부대에 온 걸 환영한다!","","False","DIA_Addon_Henry_Entercrew_04_06","",""
"Scripts/Content/Story/Dialoge/DIA_Addon_PIR_1354_Henry.d:778","Wieder einer mehr, der uns hilft, uns die Banditen vom Hals zu halten.","산적들이 우리를 건드리지 못하게 도울 전사가 또 하나 늘었군.","","False","DIA_Addon_Henry_Entercrew_04_07","",""
"Scripts/Content/Story/Dialoge/DIA_Addon_PIR_1354_Henry.d:781","Hmm, ich hätte jetzt gesagt, schnapp dir einen der Jungs und räucher die Mistkerle im Turn aus.","음, 부하들 중 한 명을 데리고 가서 탑에 있는 그 빌어먹을 녀석들을 소탕하라고 하려고 했는데 말이지.","","False","DIA_Addon_Henry_Entercrew_Add_04_02","",""
"Scripts/Content/Story/Dialoge/DIA_Addon_PIR_1354_Henry.d:782","Aber das hast du ja schon erledigt.","하지만 네가 이미 해치워 버렸잖아.","","False","DIA_Addon_Henry_Entercrew_Add_04_03","",""
"Scripts/Content/Story/Dialoge/DIA_Addon_PIR_1354_Henry.d:789","Tja, meine beiden Jungs sind tot. Dann mußt du's wohl doch alleine machen.","음, 내 부하 둘 다 죽어버렸군. 결국 네 혼자서 해내야겠어.","","False","DIA_Addon_Henry_Entercrew_Add_04_04","",""
"Scripts/Content/Story/Dialoge/DIA_Addon_PIR_1354_Henry.d:790","Schaff uns die Banditen im Turm vom Hals!","탑에 있는 산적들을 우리 눈앞에서 치워버려라!","","False","DIA_Addon_Henry_Entercrew_Add_04_05","",""
"Scripts/Content/Story/Dialoge/DIA_Addon_PIR_1354_Henry.d:796","Schnapp dir einen der Jungs und schaff uns die Banditen im Turm vom Hals.","부하들 중 한 명을 데리고 가서 탑에 있는 그 산적 녀석들을 단단히 손봐주라고.","","False","DIA_Addon_Henry_Entercrew_Add_04_06","",""
"Scripts/Content/Story/Dialoge/DIA_Addon_PIR_1354_Henry.d:804","Aye aye, Sir!","알겠습니다, 대장님!","","False","DIA_Addon_Henry_Entercrew_15_09","",""
"Scripts/Content/Story/Dialoge/DIA_Addon_PIR_1354_Henry.d:822","Gibt's sonst noch was zu tun für mich?","내가 할 만한 일은 더 없나?","","False","DIA_Addon_Henry_Owen.description","",""
"Scripts/Content/Story/Dialoge/DIA_Addon_PIR_1354_Henry.d:837","Gibt's sonst noch was zu tun für mich?","내가 할 만한 일은 더 없나?","","False","DIA_Addon_Henry_Owen_15_01","",""
"Scripts/Content/Story/Dialoge/DIA_Addon_PIR_1354_Henry.d:838","Wir warten schon seit Tagen auf unser Holz für die Palisade.","울타리에 쓸 나무를 며칠째 기다리고 있단 말이다.","","False","DIA_Addon_Henry_Owen_04_01","",""
"Scripts/Content/Story/Dialoge/DIA_Addon_PIR_1354_Henry.d:839","Malcom und Owen sollten schon längst wieder hier sein.","말콤과 오웬은 벌써 돌아왔어야 했어.","","False","DIA_Addon_Henry_Owen_04_05","",""
"Scripts/Content/Story/Dialoge/DIA_Addon_PIR_1354_Henry.d:842","Sie haben ihr Holzfällerlager nicht weit von hier im Südosten beim Talkessel.","그들의 벌목꾼 캠프는 남동쪽 골짜기 근처, 여기서 멀지 않은 곳에 있다.","","False","DIA_Addon_Henry_Owen_04_06","",""
"Scripts/Content/Story/Dialoge/DIA_Addon_PIR_1354_Henry.d:846","Malcom sagte, es würde noch ne WEILE dauern - nicht 'ne halbe EWIGKEIT!","말콤은 시간이 '조금' 걸릴 거라고 했지, 영원히 걸릴 거라고 한 게 아니라고!","","False","DIA_Addon_Henry_Owen_04_07","",""
"Scripts/Content/Story/Dialoge/DIA_Addon_PIR_1354_Henry.d:849","Sag den beiden, wir warten auf das Holz!","그 두 사람에게 나무를 기다리고 있다고 전해라!","","False","DIA_Addon_Henry_Owen_04_08","",""
"Scripts/Content/Story/Dialoge/DIA_Addon_PIR_1354_Henry.d:850","Nein, warte! Sag es OWEN. Auf Malcom ist kein Verlaß!","아니, 잠깐! 오웬에게 전해라. 말콤은 도무지 믿을 수가 없으니 말이야!","","False","DIA_Addon_Henry_Owen_04_09","",""
"Scripts/Content/Story/Dialoge/DIA_Addon_PIR_1354_Henry.d:866","Was ist mit Malcom?","말콤은 어떻게 됐지?","","False","DIA_Addon_Henry_Owen2_Add_04_00","",""
"Scripts/Content/Story/Dialoge/DIA_Addon_PIR_1354_Henry.d:867","Er ist tot.","죽었어.","","False","DIA_Addon_Henry_Owen2_Add_15_01","",""
"Scripts/Content/Story/Dialoge/DIA_Addon_PIR_1354_Henry.d:868","Tja, da hat er wohl Pech gehabt, was?","음, 운이 아주 나빴던 모양이군, 그래?","","False","DIA_Addon_Henry_Owen2_Add_04_02","",""
"Scripts/Content/Story/Dialoge/DIA_Addon_PIR_1354_Henry.d:879","Wegen des Holzfällers Owen...","벌목꾼 오웬에 관해서인데...","","False","DIA_Addon_Henry_Owen2.description","",""
"Scripts/Content/Story/Dialoge/DIA_Addon_PIR_1354_Henry.d:892","Wegen des Holzfällers Owen ...","벌목꾼 오웬에 관해서인데...","","False","DIA_Addon_Henry_Owen2_15_00","",""
"Scripts/Content/Story/Dialoge/DIA_Addon_PIR_1354_Henry.d:896","Er ist tot.","죽었어.","","False","DIA_Addon_Henry_Owen2_15_01","",""
"Scripts/Content/Story/Dialoge/DIA_Addon_PIR_1354_Henry.d:897","Verdammt! Dann werde ich wohl einen neuen Mann schicken müssen.","젠장! 그럼 새 사람을 보내야겠군.","","False","DIA_Addon_Henry_Owen2_04_02","",""
"Scripts/Content/Story/Dialoge/DIA_Addon_PIR_1354_Henry.d:898","(brummig) Wird Zeit, daß Morgan endlich seinen Job macht, und die Gegend von Viechern befreit.","(툴툴거리며) 모건이 당장 제 일 을 해서 주변 괴물들을 소탕할 때도 됐는데 말이야.","","False","DIA_Addon_Henry_Owen2_04_03","",""
"Scripts/Content/Story/Dialoge/DIA_Addon_PIR_1354_Henry.d:908","Owen wird dir das Holz bringen.","오웬이 나무를 가져올 거야.","","False","DIA_Addon_Henry_Owen2_15_03","",""
"Scripts/Content/Story/Dialoge/DIA_Addon_PIR_1354_Henry.d:909","Sehr gut. Das wurde aber auch Zeit.","아주 좋아. 그러고도 남았지.","","False","DIA_Addon_Henry_Owen2_04_04","",""
"Scripts/Content/Story/Dialoge/DIA_Addon_PIR_1354_Henry.d:911","Hier ist deine Belohnung.","여기 네 보상이다.","","False","DIA_Addon_Henry_Owen2_04_05","",""
"Scripts/Content/Story/Dialoge/DIA_Addon_PIR_1354_Henry.d:923","Wo war sein Lager nochmal?","그의 야영지가 어디였더라?","","False","DIA_Addon_Henry_Owen2_15_06","",""
"Scripts/Content/Story/Dialoge/DIA_Addon_PIR_1354_Henry.d:924","Es ist nicht weit von hier im Südosten beim Talkessel.","여기서 멀지 않아. 남동쪽 움푹 파인 곳 근처에 있어.","","False","DIA_Addon_Henry_Owen2_04_07","",""
"Scripts/Content/Story/Dialoge/DIA_Addon_PIR_1354_Henry.d:940","Brauchst du Hilfe?","도움이 필요해?","","False","DIA_Addon_Henry_Palisade_CanHelp.description","",""
"Scripts/Content/Story/Dialoge/DIA_Addon_PIR_1354_Henry.d:954","Brauchst du Hilfe?","도움이 필요해?","","False","DIA_Addon_Henry_Palisade_CanHelp_15_00","",""
"Scripts/Content/Story/Dialoge/DIA_Addon_PIR_1354_Henry.d:957","Verstehst du denn was vom Palisadenbau?","혹시 방어벽 건설에 대해 아는 게 있나?","","False","DIA_Addon_Henry_Palisade_CanHelp_04_01","",""
"Scripts/Content/Story/Dialoge/DIA_Addon_PIR_1354_Henry.d:958","Nein, eigentlich nicht.","아니, 별로.","","False","DIA_Addon_Henry_Palisade_CanHelp_15_02","",""
"Scripts/Content/Story/Dialoge/DIA_Addon_PIR_1354_Henry.d:959","Dann kann ich dich hier nicht gebrauchen. Geh und mach dich anderweitig nützlich.","그렇다면 넌 여기서 쓸모가 없겠군. 가서 다른 일이나 도우라고.","","False","DIA_Addon_Henry_Palisade_CanHelp_04_03","",""
"Scripts/Content/Story/Dialoge/DIA_Addon_PIR_1354_Henry.d:963","Ach, von mir aus lass dich vollaufen, aber steh hier nicht meinen Arbeitern im Weg.","내 알 바 아니니 진창이 되도록 술이나 마셔라. 다만 내 일꾼들 일하는 데 방해는 하지 말라고.","","False","DIA_Addon_Henry_Palisade_CanHelp_04_04","",""
"Scripts/Content/Story/Dialoge/DIA_Addon_PIR_1354_Henry.d:979","Kannst du mir beibringen, besser zu kämpfen?","싸우는 법을 좀 가르쳐 줄 수 있나?","","False","DIA_Addon_Henry_WhatTeach.description","",""
"Scripts/Content/Story/Dialoge/DIA_Addon_PIR_1354_Henry.d:993","Kannst du mir beibringen, besser zu kämpfen?","싸우는 법을 좀 가르쳐 줄 수 있나?","","False","DIA_Addon_Henry_WhatTeach_Add_15_00","",""
"Scripts/Content/Story/Dialoge/DIA_Addon_PIR_1354_Henry.d:996","(lacht) Bezahl erstmal deinen Zoll. Danach kann ich dir dann was über's kämpfen erzählen!","(웃음) 통행세부터 내라고. 그런 다음 싸움에 대해 알려줄 테니!","","False","DIA_Addon_Henry_WhatTeach_Add_04_01","",""
"Scripts/Content/Story/Dialoge/DIA_Addon_PIR_1354_Henry.d:997","(schlau) Ist alles im Preis inbegriffen.","(교활하게) 다 가격에 포함된 거요.","","False","DIA_Addon_Henry_WhatTeach_Add_04_02","",""
"Scripts/Content/Story/Dialoge/DIA_Addon_PIR_1354_Henry.d:1002","Klar, warum nicht?","좋아, 안 될 건 없지.","","False","DIA_Addon_Henry_WhatTeach_Add_04_03","",""
"Scripts/Content/Story/Dialoge/DIA_Addon_PIR_1354_Henry.d:1020","Du lernst schnell, aus dir wird nochmal ein richtiger Pirat","습득이 빠르군. 너도 꽤 훌륭한 해적이 되겠어.","","False","DIA_Addon_Henry_CommentFightSkill_04_01","",""
"Scripts/Content/Story/Dialoge/DIA_Addon_PIR_1354_Henry.d:1025","Wenn du so weiter machst, kannst du bald ganz allein ein Schiff entern.","이런 식으로 계속한다면, 곧 혼자서 배를 나포할 수 있게 되겠는걸.","","False","DIA_Addon_Henry_CommentFightSkill_04_02","",""
"Scripts/Content/Story/Dialoge/DIA_Addon_PIR_1354_Henry.d:1030","Denk daran, wer pariert lebt länger!","명심해라, 패링을 할 줄 아는 자가 더 오래 사는 법이다!","","False","DIA_Addon_Henry_CommentFightSkill_04_03","",""
"Scripts/Content/Story/Dialoge/DIA_Addon_PIR_1354_Henry.d:1043","Unterrichte mich!","가르쳐 다오!","","False","DIA_Addon_Henry_Teach.description","",""
"Scripts/Content/Story/Dialoge/DIA_Addon_PIR_1354_Henry.d:1056","Unterrichte mich!","가르쳐 다오!","","False","DIA_Addon_Henry_Teach_15_00","",""
"Scripts/Content/Story/Dialoge/DIA_Addon_PIR_1354_Henry.d:1076","Du bist wirklich gut geworden.","실력이 정말 많이 늘었군.","","False","DIA_Addon_Henry_Teach_Back_04_00","",""
"Scripts/Content/Story/Dialoge/DIA_Addon_PIR_1354_Henry.d:1139","Greg ist dein Boss?","그렉이 네 우두머리인가?","","False","DIA_Addon_Henry_Palisade_Train.description","",""
"Scripts/Content/Story/Dialoge/DIA_Addon_PIR_1354_Henry.d:1153","Greg ist dein Boss?","그렉이 네 우두머리인가?","","False","DIA_Addon_Henry_Palisade_Train_15_00","",""
"Scripts/Content/Story/Dialoge/DIA_Addon_PIR_1354_Henry.d:1154","Allerdings. Und für dich immer noch KAPITÄN Greg. Dass das klar ist.","그렇지. 그리고 너한테는 여전히 '캡틴' 그렉이다. 확실히 알아두라고.","","False","DIA_Addon_Henry_Palisade_Train_04_01","",""
"Scripts/Content/Story/Dialoge/DIA_Addon_PIR_1354_Henry.d:1155","Er ist ein grosser Mann. Wenn du Ihm begegnest, solltest du ihm nicht krumm kommen. Das würde dir nicht bekommen.","그분은 대단한 분이시다. 그분을 만나게 되거든, 눈에 거슬리는 짓은 하지 않는 게 좋을 거야. 후회할 시간도 없을 테니까.","","False","DIA_Addon_Henry_Palisade_Train_04_02","",""
"Scripts/Content/Story/Dialoge/DIA_Addon_PIR_1354_Henry.d:1159","Ich bin ihm schon begegnet.","이미 만난 적이 있는데.","","False","DIA_Addon_Henry_Palisade_Train_15_03","",""
"Scripts/Content/Story/Dialoge/DIA_Addon_PIR_1354_Henry.d:1160","Um so besser. Dann weißt du ja, wovon ich rede.","잘 됐군. 그럼 내가 무슨 말 하는지 알겠네.","","False","DIA_Addon_Henry_Palisade_Train_04_04","",""
"Scripts/Content/Story/Dialoge/DIA_Addon_PIR_1354_Henry.d:1163","Leider ist er momentan nicht im Lager.","안타깝게도 지금은 야영지에 없지만.","","False","DIA_Addon_Henry_Palisade_Train_04_05","",""
"Scripts/Content/Story/Dialoge/DIA_Addon_PIR_1354_Henry.d:1164","Sein Stellvertreter heißt Francis.","그의 대리는 프랜시스라고 한다.","","False","DIA_Addon_Henry_Palisade_Train_04_06","",""
"Scripts/Content/Story/Dialoge/DIA_Addon_PIR_1354_Henry.d:1165","Er sitzt den ganzen Tag vor Gregs Hütte und glotzt uns bei der Arbeit zu.","그 자는 온종일 그렉의 오두막 앞에 앉아서 우리가 일하는 걸 구경만 하지.","","False","DIA_Addon_Henry_Palisade_Train_04_07","",""
"Scripts/Content/Story/Dialoge/DIA_Addon_PIR_1354_Henry.d:1190","Der Käpt'n hat dir deinen eigenen Entertrupp gegeben, was?","캡틴이 네게 직접 수색대를 맡겼단 말이지?","","False","DIA_Addon_Henry_Add_04_04","",""
"Scripts/Content/Story/Dialoge/DIA_Addon_PIR_1354_Henry.d:1191","Dann sieh mal zu, daß die Jungs ordentlich was zu tun kriegen!","그렇다면 네 부하들이 할 일이 꽤 많아지도록 신경 쓰라고!","","False","DIA_Addon_Henry_Add_04_05","",""
"Scripts/Content/Story/Dialoge/DIA_Addon_PIR_1355_Skip.d:83","Sieh mal einer an, wer dem alten Skip hier über den Weg läuft.","이거 보게, 늙은 스킵의 길을 가로막는 자가 누구인가.","","False","DIA_Addon_Skip_Hello_08_00","",""
"Scripts/Content/Story/Dialoge/DIA_Addon_PIR_1355_Skip.d:84","(übertrieben) Ich kenne dich!","(과장되게) 너를 알지!","","False","DIA_Addon_Skip_Hello_08_01","",""
"Scripts/Content/Story/Dialoge/DIA_Addon_PIR_1355_Skip.d:85","Die Bucht in der Nähe der Stadt, erinnerst du dich?","도시 근처의 만 말이야, 기억 안 나나?","","False","DIA_Addon_Skip_Hello_08_02","",""
"Scripts/Content/Story/Dialoge/DIA_Addon_PIR_1355_Skip.d:86","Skip! Richtig?","스킵! 맞지?","","False","DIA_Addon_Skip_Hello_15_03","",""
"Scripts/Content/Story/Dialoge/DIA_Addon_PIR_1355_Skip.d:87","(stolz) Ich sehe, ich habe einen bleibenden Eindruck hinterlassen.","(자랑스럽게) 내가 아주 강렬한 인상을 남겼나 보군.","","False","DIA_Addon_Skip_Hello_08_04","",""
"Scripts/Content/Story/Dialoge/DIA_Addon_PIR_1355_Skip.d:88","Aber ich habe deine Visage zwischendurch NOCH irgendwo gesehen...","하지만 그 사이에 네 낯짝을 다른 곳에서도 봤는데...","","False","DIA_Addon_Skip_Hello_08_05","",""
"Scripts/Content/Story/Dialoge/DIA_Addon_PIR_1355_Skip.d:89","Ah! Sicher!","아! 틀림없어!","","False","DIA_Addon_Skip_Hello_08_06","",""
"Scripts/Content/Story/Dialoge/DIA_Addon_PIR_1355_Skip.d:91","Naja. Schlecht getroffen, aber du BIST es.","뭐, 그림은 엉망이지만 너인 건 확실해.","","False","DIA_Addon_Skip_Hello_08_07","",""
"Scripts/Content/Story/Dialoge/DIA_Addon_PIR_1355_Skip.d:92","Mach dir nichts draus. Mein Steckbrief sieht genau so dämlich aus.","마음 쓰지 마. 내 수배 전단도 저것만큼이나 멍청하게 나왔으니까.","","False","DIA_Addon_Skip_Hello_08_08","",""
"Scripts/Content/Story/Dialoge/DIA_Addon_PIR_1355_Skip.d:105","Ich habe ein Paket von Baltram für dich.","발트람이 네게 보내는 소포를 가져왔어.","","False","DIA_Addon_SkipADW_BaltramPaket.description","",""
"Scripts/Content/Story/Dialoge/DIA_Addon_PIR_1355_Skip.d:118","Ich habe ein Paket von Baltram für dich.","발트람이 네게 보내는 소포를 가져왔어.","","False","DIA_Addon_SkipADW_BaltramPaket_15_00","",""
"Scripts/Content/Story/Dialoge/DIA_Addon_PIR_1355_Skip.d:119","(grinst) Der Typ muß ganz schön scharf sein auf unseren Rum, wenn er seine Ware bis HIERHIN hinterherschippern läßt.","(씩 웃으며) 그 녀석도 여기까지 물건을 실어 나르게 만들다니, 우리 럼주가 꽤나 마시고 싶었나 보군.","","False","DIA_Addon_SkipADW_BaltramPaket_08_01","",""
"Scripts/Content/Story/Dialoge/DIA_Addon_PIR_1355_Skip.d:121","Hier, gib ihm die 2 Flaschen Rum. Die dritte habe ich gesoffen, als ich auf ihn gewartet habe.","자, 그에게 럼주 2병을 전해줘. 세 번째 병은 그를 기다리다 내가 다 마셔버렸거든.","","False","DIA_Addon_SkipADW_BaltramPaket_08_02","",""
"Scripts/Content/Story/Dialoge/DIA_Addon_PIR_1355_Skip.d:137","Was machst du hier?","여기서 뭐 하고 있는 거야?","","False","DIA_Addon_Skip_Job.description","",""
"Scripts/Content/Story/Dialoge/DIA_Addon_PIR_1355_Skip.d:147","Was machst du hier?","여기서 뭐 하고 있는 거야?","","False","DIA_Addon_Skip_Job_15_00","",""
"Scripts/Content/Story/Dialoge/DIA_Addon_PIR_1355_Skip.d:148","Ich bin gerade aus Khorinis zurück und jetzt warte ich darauf, dass Greg wiederkommt.","방금 코리니스에서 돌아와서 그렉이 돌아오기를 기다리는 중이야.","","False","DIA_Addon_Skip_Job_08_01","",""
"Scripts/Content/Story/Dialoge/DIA_Addon_PIR_1355_Skip.d:160","Ich hab Greg in Khorinis gesehen.","코리니스에서 그렉을 봤어.","","False","DIA_Addon_Skip_ADW_GregGetroffen.description","",""
"Scripts/Content/Story/Dialoge/DIA_Addon_PIR_1355_Skip.d:175","Ich hab Greg in Khorinis gesehen.","코리니스에서 그렉을 봤어.","","False","DIA_Addon_Skip_ADW_GregGetroffen_15_00","",""
"Scripts/Content/Story/Dialoge/DIA_Addon_PIR_1355_Skip.d:176","Wirklich? Verdammt! Dann muß was schiefgelaufen sein.","정말? 젠장! 그럼 뭔가 잘못된 게 틀림없어.","","False","DIA_Addon_Skip_ADW_GregGetroffen_08_01","",""
"Scripts/Content/Story/Dialoge/DIA_Addon_PIR_1355_Skip.d:177","Er sollte eigentlich längst mit unserem Schiff hier sein.","그는 벌써 우리 배를 타고 여기 도착해 있어야 했다고.","","False","DIA_Addon_Skip_ADW_GregGetroffen_08_02","",""
"Scripts/Content/Story/Dialoge/DIA_Addon_PIR_1355_Skip.d:178","(nachdenklich) Es wird wohl das Beste sein, wenn ich nach Khorinis zurückfahre und dort auf ihn warte...","(골똘히 생각하며) 코리니스1로 돌아가서 거기서 그를 기다리는 게 가장 좋겠어...","","False","DIA_Addon_Skip_ADW_GregGetroffen_08_03","",""
"Scripts/Content/Story/Dialoge/DIA_Addon_PIR_1355_Skip.d:179","(seufzt) Aber heute bestimmt nicht mehr. Ich bin ja gerade erst hier angekommen.","(한숨을 쉬며) 하지만 오늘은 절대 안 돼. 난 방금 여기에 도착했단 말이야.","","False","DIA_Addon_Skip_ADW_GregGetroffen_08_04","",""
"Scripts/Content/Story/Dialoge/DIA_Addon_PIR_1355_Skip.d:195","Kannst du mich nach Khorinis bringen?","나를 코리니스로 데려다줄 수 있나?","","False","DIA_Addon_Skip_Transport.description","",""
"Scripts/Content/Story/Dialoge/DIA_Addon_PIR_1355_Skip.d:209","Kannst du mich nach Khorinis bringen?","나를 코리니스로 데려다줄 수 있나?","","False","DIA_Addon_Skip_Transport_15_00","",""
"Scripts/Content/Story/Dialoge/DIA_Addon_PIR_1355_Skip.d:212","Nee. Ich fahre später. Werd' mir erstmal 'nen ordentlichen Schluck Grog genehmigen.","아니. 나중에 갈 거야. 그전에 제대로 된 그로그나 한 잔 걸치고.","","False","DIA_Addon_Skip_Transport_08_01","",""
"Scripts/Content/Story/Dialoge/DIA_Addon_PIR_1355_Skip.d:216","Bist du verrückt? Wir haben unser SCHIFF verloren, Mann!","제정신이야? 우리 배를 잃어버렸다고, 이 친구야!","","False","DIA_Addon_Skip_Transport_08_02","",""
"Scripts/Content/Story/Dialoge/DIA_Addon_PIR_1355_Skip.d:217","Mit unserem letzten Boot werd ich keine Spazierfahrt machen, nur weil du zu faul bist, deinen Hintern SELBER nach Khorinis zu schwingen!","네가 네 엉덩이를 직접 코리니스로 놀리기 귀찮다고 마지막 남은 보트를 유람 태우지는 않을 거다!","","False","DIA_Addon_Skip_Transport_08_03","",""
"Scripts/Content/Story/Dialoge/DIA_Addon_PIR_1355_Skip.d:222","Wie oft noch? Nein!","몇 번을 말해야 알아듣겠어? 싫어!","","False","DIA_Addon_Skip_Transport_08_04","",""
"Scripts/Content/Story/Dialoge/DIA_Addon_PIR_1355_Skip.d:238","Was kannst du mir über die Banditen erzählen?","산적들에 대해 무슨 아는 거라도 있어?","","False","DIA_Addon_Skip_Bandits.description","",""
"Scripts/Content/Story/Dialoge/DIA_Addon_PIR_1355_Skip.d:248","Was kannst du mir über die Banditen erzählen?","산적들에 대해 무슨 아는 거라도 있어?","","False","DIA_Addon_Skip_Bandits_15_00","",""
"Scripts/Content/Story/Dialoge/DIA_Addon_PIR_1355_Skip.d:249","Die Banditen?! Sie greifen uns AN!","산적들이라니?! 그 자들이 우리를 공격하고 있잖아!","","False","DIA_Addon_Skip_Bandits_08_01","",""
"Scripts/Content/Story/Dialoge/DIA_Addon_PIR_1355_Skip.d:250","Was meinst du, warum wir die Palisade bauen?","우리가 왜 방어벽을 짓고 있다고 생각하지?","","False","DIA_Addon_Skip_Bandits_08_02","",""
"Scripts/Content/Story/Dialoge/DIA_Addon_PIR_1355_Skip.d:251","Wir haben die Drecksäcke selber hier rübergeschippert.","우리 손으로 그 몹쓸 녀석들을 여기로 실어 날랐지.","","False","DIA_Addon_Skip_Bandits_08_03","",""
"Scripts/Content/Story/Dialoge/DIA_Addon_PIR_1355_Skip.d:252","Haben mit ihnen gehandelt. Junge, ich sag dir die haben soviel Gold, daß es ihnen aus den Ohren wieder rauskommt!","그자들과 거래도 했었어. 이봐, 장담컨대 그놈들은 귀에 지가 날 정도로 금을 많이 갖고 있다고!","","False","DIA_Addon_Skip_Bandits_08_04","",""
"Scripts/Content/Story/Dialoge/DIA_Addon_PIR_1355_Skip.d:253","Sie waren bereit, jeden Preis für ein Fass Rum zu bezahlen.","럼주 한 통을 위해서라면 어떤 대가라도 지불할 태세였지.","","False","DIA_Addon_Skip_Bandits_08_05","",""
"Scripts/Content/Story/Dialoge/DIA_Addon_PIR_1355_Skip.d:254","Aber die Zeiten sind vorbei. Jetzt ist Krieg!","하지만 그런 시절도 다 끝났어. 지금은 전쟁이라고!","","False","DIA_Addon_Skip_Bandits_08_06","",""
"Scripts/Content/Story/Dialoge/DIA_Addon_PIR_1355_Skip.d:255","Was ist passiert?","무슨 일이 있었던 거지?","","False","DIA_Addon_Erol_Bandits_15_06","",""
"Scripts/Content/Story/Dialoge/DIA_Addon_PIR_1355_Skip.d:256","Die Mistkerle hatten ihre letzte Lieferung nicht bezahlt.","그 작자들이 마지막 배송품 값을 치르지 않았거든.","","False","DIA_Addon_Skip_Bandits_08_07","",""
"Scripts/Content/Story/Dialoge/DIA_Addon_PIR_1355_Skip.d:257","Also bin ich hin und wollte sehen, wo unser Gold bleibt.","그래서 우리 금이 어디 있는지 확인하러 갔었지.","","False","DIA_Addon_Skip_Bandits_08_08","",""
"Scripts/Content/Story/Dialoge/DIA_Addon_PIR_1355_Skip.d:258","Aber als ich in den Sumpf kam, griffen die Schweine mich an!","하지만 늪에 도착했을 때, 그 돼지 같은 녀석들이 날 공격했어!","","False","DIA_Addon_Skip_Bandits_08_09","",""
"Scripts/Content/Story/Dialoge/DIA_Addon_PIR_1355_Skip.d:259","Und das ist noch nicht alles. Sie haben Angus und Hank umgelegt! Zwei von unseren besten Jungs!","그게 끝이 아니야. 그들이 앵거스와 행크를 해치웠어! 우리 최고의 동료 둘을 말이야!","","False","DIA_Addon_Skip_Bandits_08_10","",""
"Scripts/Content/Story/Dialoge/DIA_Addon_PIR_1355_Skip.d:260","Geh bloß nicht in den Sumpf, sag ich dir!","절대 늪 근처에는 가지 말라고 충고하지!","","False","DIA_Addon_Skip_Bandits_08_11","",""
"Scripts/Content/Story/Dialoge/DIA_Addon_PIR_1355_Skip.d:261","Die greifen alles an, was nicht so zerlumpt rumläuft wie sie.","자기들처럼 누더기를 걸치지 않은 자라면 누구든 공격할 테니까.","","False","DIA_Addon_Skip_Bandits_08_12","",""
"Scripts/Content/Story/Dialoge/DIA_Addon_PIR_1355_Skip.d:273","Ich brauche eine Banditenrüstung!","산적 방어구가 필요해!","","False","DIA_Addon_Skip_ArmorPrice.description","",""
"Scripts/Content/Story/Dialoge/DIA_Addon_PIR_1355_Skip.d:287","Ich brauche eine Banditenrüstung.","산적 방어구가 필요해.","","False","DIA_Addon_Skip_ArmorPrice_15_00","",""
"Scripts/Content/Story/Dialoge/DIA_Addon_PIR_1355_Skip.d:288","Du willst da reingehen? Bist du Wahnsinnig?","거기에 들어가겠다고? 제정신이야?","","False","DIA_Addon_Skip_ArmorPrice_08_01","",""
"Scripts/Content/Story/Dialoge/DIA_Addon_PIR_1355_Skip.d:289","Wenn die Typen rausfinden, daß du nicht zu ihnen gehörst, machen die Hackfleich aus dir!","그 자들이 네가 자기 편이 아니란 걸 알게 되면, 너를 다져서 고기완자로 만들어 버릴걸!","","False","DIA_Addon_Skip_ArmorPrice_08_02","",""
"Scripts/Content/Story/Dialoge/DIA_Addon_PIR_1355_Skip.d:290","Hast du eine Ahnung, wo ich so eine Rüstung finden kann?","그런 방어구를 구할 수 있는 곳이 어디인지 아나?","","False","DIA_Addon_Skip_ArmorPrice_15_02","",""
"Scripts/Content/Story/Dialoge/DIA_Addon_PIR_1355_Skip.d:291","(seufzt) Du läßt nicht locker, was? Also gut. Wir hatten mal eine hier.","(한숨) 포기할 줄을 모르는군, 그래? 좋아. 예전에 한 벌 있었어.","","False","DIA_Addon_Skip_ArmorPrice_08_03","",""
"Scripts/Content/Story/Dialoge/DIA_Addon_PIR_1355_Skip.d:292","Greg hat sie sicher noch irgendwo oben in seiner Hütte.","그렉이 아직 자기 오두막 위층 어디엔가 갖고 있을 거야.","","False","DIA_Addon_Skip_ArmorPrice_08_04","",""
"Scripts/Content/Story/Dialoge/DIA_Addon_PIR_1355_Skip.d:293","Wenn er wieder da ist, kannst du sie ihm vielleicht abkaufen...","그가 돌아오면, 그에게 사들일 수 있을지도 모르지...","","False","DIA_Addon_Skip_ArmorPrice_08_05","",""
"Scripts/Content/Story/Dialoge/DIA_Addon_PIR_1355_Skip.d:307","Hast du eine Ahnung, wie ich in Gregs Hütte komme?","그렉의 오두막에 들어갈 방법이라도 아나?","","False","DIA_Addon_Skip_GregsHut.description","",""
"Scripts/Content/Story/Dialoge/DIA_Addon_PIR_1355_Skip.d:321","Hast du eine Ahnung, wie ich in die Hütte komme?","그 오두막에 들어갈 방법이라도 아나?","","False","DIA_Addon_Skip_GregsHut_15_00","",""
"Scripts/Content/Story/Dialoge/DIA_Addon_PIR_1355_Skip.d:322","Hauahah! Immer langsam!","이런! 진정하라고!","","False","DIA_Addon_Skip_GregsHut_08_01","",""
"Scripts/Content/Story/Dialoge/DIA_Addon_PIR_1355_Skip.d:323","Du willst dich doch nicht einfach so an Gregs Krempel vergreifen?","설마 그렉의 물건을 멋대로 뒤지려는 건 아니겠지?","","False","DIA_Addon_Skip_GregsHut_08_02","",""
"Scripts/Content/Story/Dialoge/DIA_Addon_PIR_1355_Skip.d:324","Als er abfuhr, hat er Francis den Schlüssel gegeben, und ihm befohlen, NIEMANDEN in seine Hütte zu lassen.","그가 떠날 때 프랜시스에게 열쇠를 주면서, 그 누구도 오두막에 들여보내지 말라고 엄명했거든.","","False","DIA_Addon_Skip_GregsHut_08_03","",""
"Scripts/Content/Story/Dialoge/DIA_Addon_PIR_1355_Skip.d:340","Was kannst du mir über Francis erzählen?","프랜시스에 대해 무슨 말을 해줄 수 있나?","","False","DIA_Addon_Skip_Francis.description","",""
"Scripts/Content/Story/Dialoge/DIA_Addon_PIR_1355_Skip.d:353","Was kannst du mir über Francis erzählen?","프랜시스에 대해 무슨 말을 해줄 수 있나?","","False","DIA_Addon_Skip_Francis_15_00","",""
"Scripts/Content/Story/Dialoge/DIA_Addon_PIR_1355_Skip.d:354","Francis ist unser Schatzmeister.","프랜시스는 우리의 재무관이야.","","False","DIA_Addon_Skip_Francis_08_01","",""
"Scripts/Content/Story/Dialoge/DIA_Addon_PIR_1355_Skip.d:355","Der Käpt'n vertraut ihm. Deswegen hat er ihm auch wohl das Kommando übergeben.","캡틴이 그를 신임하지. 그래서 지휘권을 맡긴 모양이야.","","False","DIA_Addon_Skip_Francis_08_02","",""
"Scripts/Content/Story/Dialoge/DIA_Addon_PIR_1355_Skip.d:356","Obwohl ihn keiner von den Jungs hier wirklich ernst nimmt.","여기에 있는 녀석들 중 그를 진지하게 대하는 사람은 아무도 없지만 말이지.","","False","DIA_Addon_Skip_Francis_08_03","",""
"Scripts/Content/Story/Dialoge/DIA_Addon_PIR_1355_Skip.d:357","Wenn du mehr wissen willst, rede mit Samuel.","더 알고 싶다면 사무엘과 얘기해 봐.","","False","DIA_Addon_Skip_Francis_08_04","",""
"Scripts/Content/Story/Dialoge/DIA_Addon_PIR_1355_Skip.d:358","Er hat in der kleinen Höhle nördlich von hier seine Schnapsbrennerei.","그는 여기서 북쪽에 있는 작은 동굴에서 밀주를 제조하고 있거든.","","False","DIA_Addon_Skip_Francis_08_05","",""
"Scripts/Content/Story/Dialoge/DIA_Addon_PIR_1355_Skip.d:359","Es gibt niemanden hier im Lager, über den Samuel NICHT 'ne Menge weiß...","이 야영지에서 사무엘이 모르는 사람 일은 하나도 없어...","","False","DIA_Addon_Skip_Francis_08_06","",""
"Scripts/Content/Story/Dialoge/DIA_Addon_PIR_1355_Skip.d:376","Bist du Raven schon mal begegnet?","레이븐을 만난 적이 있나?","","False","DIA_Addon_Skip_Raven.description","",""
"Scripts/Content/Story/Dialoge/DIA_Addon_PIR_1355_Skip.d:389","Bist du Raven schon mal begegnet?","레이븐을 만난 적이 있나?","","False","DIA_Addon_Skip_Raven_15_00","",""
"Scripts/Content/Story/Dialoge/DIA_Addon_PIR_1355_Skip.d:390","Allerdings. Ich war bei Henry, vorne am Tor. Da hab' ich gesehen, wie Raven einige von seinen Jungs bei dem Turm im Süden postiert hat.","물론이지. 정문 앞에서 헨리와 함께 있을 때였어. 레이븐이 남쪽 탑에 부하 몇 명을 배치하는 걸 봤거든.","","False","DIA_Addon_Skip_Raven_08_01","",""
"Scripts/Content/Story/Dialoge/DIA_Addon_PIR_1355_Skip.d:391","Ganz in der Nähe des Lagers. (lacht) Ich schätze, die sollen uns ausspionieren.","야영지에서 아주 가까운 곳이었지. (웃음) 우리를 정탐하려는 수작이겠지.","","False","DIA_Addon_Skip_Raven_08_02","",""
"Scripts/Content/Story/Dialoge/DIA_Addon_PIR_1355_Skip.d:392","Ich hab auch gesehen, wie er seine Leute behandelt, wenn sie nicht tun, was er will.","게다가 그가 자기 부하들이 시키는 대로 안 할 때 어떻게 대하는지도 목격했어.","","False","DIA_Addon_Skip_Raven_08_03","",""
"Scripts/Content/Story/Dialoge/DIA_Addon_PIR_1355_Skip.d:393","Jeder, der ihm nicht auf's Wort gehorcht, bringt er er eiskalt um.","말 한마디 거역하는 자는 사정없이 죽여버리더군.","","False","DIA_Addon_Skip_Raven_08_04","",""
"Scripts/Content/Story/Dialoge/DIA_Addon_PIR_1355_Skip.d:394","Vor Raven musst du dich in Acht nehmen, sag ich dir.","레이븐은 정말 조심해야 할 거야, 충고하건대.","","False","DIA_Addon_Skip_Raven_08_05","",""
"Scripts/Content/Story/Dialoge/DIA_Addon_PIR_1355_Skip.d:412","Erzähl mir mehr über Angus und Hank.","앵거스와 행크에 대해 더 말해줘.","","False","DIA_Addon_Skip_AngusHank.description","",""
"Scripts/Content/Story/Dialoge/DIA_Addon_PIR_1355_Skip.d:425","Erzähl mir mehr über Angus und Hank.","앵거스와 행크에 대해 더 말해줘.","","False","DIA_Addon_Skip_AngusnHank_15_00","",""
"Scripts/Content/Story/Dialoge/DIA_Addon_PIR_1355_Skip.d:426","Angus und Hank sollten sich mit ein paar von den Banditen vorm Lager treffen.","앵거스와 행크는 야영지 앞에서 산적들과 만나기로 되어 있었어.","","False","DIA_Addon_Skip_AngusnHank_08_01","",""
"Scripts/Content/Story/Dialoge/DIA_Addon_PIR_1355_Skip.d:427","Sie hatten jede Menge Krempel dabei. Alles, was die Mistkerle bei uns bestellt hatten.","그들은 온갖 물건을 잔뜩 가지고 있었지. 그 몹쓸 녀석들이 우리한테 주문한 모든 것 말이야.","","False","DIA_Addon_Skip_AngusnHank_08_02","",""
"Scripts/Content/Story/Dialoge/DIA_Addon_PIR_1355_Skip.d:428","Schmiedestahl und Dietriche und so'n Zeug.","제련용 강철이랑 자물쇠 따개 같은 것들이었어.","","False","DIA_Addon_Skip_AngusnHank_08_03","",""
"Scripts/Content/Story/Dialoge/DIA_Addon_PIR_1355_Skip.d:429","Aber sie kamen nie zurück. Diese Banditenschweine haben sie mit Sicherheit um die Ecke gebracht!","하지만 그들은 돌아오지 않았어. 그 산적 돼지 녀석들이 분명 해치워 버렸을 거야!","","False","DIA_Addon_Skip_AngusnHank_08_04","",""
"Scripts/Content/Story/Dialoge/DIA_Addon_PIR_1355_Skip.d:430","Morgan und Bill haben die beiden gesucht - ohne Erfolg.","모건과 빌이 두 사람을 찾아 나섰지만 헛수고였지.","","False","DIA_Addon_Skip_AngusnHank_08_05","",""
"Scripts/Content/Story/Dialoge/DIA_Addon_PIR_1355_Skip.d:431","Bill war ziemlich fertig wegen der Sache. Er war mit den beiden befreundet.","빌은 그 일로 꽤 상심해 있었어. 두 사람과 친했거든.","","False","DIA_Addon_Skip_AngusnHank_08_06","",""
"Scripts/Content/Story/Dialoge/DIA_Addon_PIR_1355_Skip.d:432","Er ist noch jung, ihn nimmt sowas noch richtig mit.","아직 젊어서 그런 일에 타격을 크게 받지.","","False","DIA_Addon_Skip_AngusnHank_08_07","",""
"Scripts/Content/Story/Dialoge/DIA_Addon_PIR_1355_Skip.d:433","Wir anderen haben's mit Fassung getragen. Die Waren sind ja noch zu verschmerzen. (seufzt) Aber der Grog, den sie dabei hatten...","우리 나머지는 대수롭지 않게 여겼어. 물건이야 아깝지 않지만 말이야. (한숨) 하지만 그들이 가져갔던 그로그는...","","False","DIA_Addon_Skip_AngusnHank_08_08","",""
"Scripts/Content/Story/Dialoge/DIA_Addon_PIR_1355_Skip.d:434","(sauer) Das waren mindestens 20 Flaschen!","(화내며) 적어도 20병은 됐다고!","","False","DIA_Addon_Skip_AngusnHank_08_09","",""
"Scripts/Content/Story/Dialoge/DIA_Addon_PIR_1355_Skip.d:453","Wegen Angus und Hank.","앵거스와 행크 일 말인데.","","False","DIA_Addon_Skip_AngusHankDead.description","",""
"Scripts/Content/Story/Dialoge/DIA_Addon_PIR_1355_Skip.d:467","Wegen Angus und Hank...","앵거스와 행크 말인데...","","False","DIA_Addon_Skip_AngusnHankDead_15_00","",""
"Scripts/Content/Story/Dialoge/DIA_Addon_PIR_1355_Skip.d:468","Was?","뭐?","","False","DIA_Addon_Skip_AngusnHankDead_08_01","",""
"Scripts/Content/Story/Dialoge/DIA_Addon_PIR_1355_Skip.d:469","Ich habe sie gefunden.","내가 그들을 찾았어.","","False","DIA_Addon_Skip_AngusnHankDead_15_01","",""
"Scripts/Content/Story/Dialoge/DIA_Addon_PIR_1355_Skip.d:471","Sie sind tot.","죽었어.","","False","DIA_Addon_Skip_AngusnHankDead_15_03","",""
"Scripts/Content/Story/Dialoge/DIA_Addon_PIR_1355_Skip.d:472","(zu sich) Mausetot - die armen Teufel!","(혼잣말로) 꼼짝없이 죽었군 - 불쌍한 사람들!","","False","DIA_Addon_Skip_AngusnHankDead_08_03","",""
"Scripts/Content/Story/Dialoge/DIA_Addon_PIR_1355_Skip.d:473","Tja, hatte ich auch nicht anders erwartet.","뭐, 예상했던 대로지만.","","False","DIA_Addon_Skip_AngusnHankDead_08_04","",""
"Scripts/Content/Story/Dialoge/DIA_Addon_PIR_1355_Skip.d:474","Du solltest die Sache Bill erzählen, falls du's nicht schon getan hast.","아직 말 안 했다면 빌에게 이 사실을 알려주는 게 좋을 거야.","","False","DIA_Addon_Skip_AngusnHankDead_08_05","",""
"Scripts/Content/Story/Dialoge/DIA_Addon_PIR_1355_Skip.d:475","Aber bring's ihm schonend bei - er ist noch jung.","하지만 부드럽게 전해 줘. 그는 아직 젊으니까.","","False","DIA_Addon_Skip_AngusnHankDead_08_06","",""
"Scripts/Content/Story/Dialoge/DIA_Addon_PIR_1355_Skip.d:487","Ich kenne den Mörder von Angus und Hank.","나는 앵거스와 행크를 살해한 범인을 알고 있다.","","False","DIA_Addon_Skip_AngusHankMurder.description","",""
"Scripts/Content/Story/Dialoge/DIA_Addon_PIR_1355_Skip.d:501","Ich kenne den Mörder von Angus und Hank.","나는 앵거스와 행크를 살해한 범인을 알고 있다.","","False","DIA_Addon_Skip_JuanMurder_15_00","",""
"Scripts/Content/Story/Dialoge/DIA_Addon_PIR_1355_Skip.d:504","Schön für dich. Die beiden sind tot. Wen interessiert sowas dann noch?","잘됐군. 둘 다 죽었는데, 이제 와서 그런 걸 누가 신경 쓰겠나?","","False","DIA_Addon_Skip_AngusHankMurder_08_01","",""
"Scripts/Content/Story/Dialoge/DIA_Addon_PIR_1355_Skip.d:505","Rache hat noch keinen Piraten Reich gemacht.","복수로 부자가 된 해적은 없어.","","False","DIA_Addon_Skip_AngusHankMurder_08_02","",""
"Scripts/Content/Story/Dialoge/DIA_Addon_PIR_1355_Skip.d:506","Hauptsache ich hab meinen Grog wieder.","내 그로그를 되찾는 게 중요하지.","","False","DIA_Addon_Skip_AngusHankMurder_08_03","",""
"Scripts/Content/Story/Dialoge/DIA_Addon_PIR_1355_Skip.d:510","Der Mörder interessiert mich nicht! Was ist mit meinem Grog?!","범인 따위는 관심 없어! 내 그로그는 어딨어?!","","False","DIA_Addon_Skip_AngusHankMurder_08_04","",""
"Scripts/Content/Story/Dialoge/DIA_Addon_PIR_1355_Skip.d:524","Wegen des Grogs...","그로그 건 말인데...","","False","DIA_Addon_Skip_Grog.description","",""
"Scripts/Content/Story/Dialoge/DIA_Addon_PIR_1355_Skip.d:537","Wegen des Grogs ...","그로그 건 말인데...","","False","DIA_Addon_Skip_Grog_15_00","",""
"Scripts/Content/Story/Dialoge/DIA_Addon_PIR_1355_Skip.d:543","Hier hast du deine 20 Flaschen","여기 20병의 술이 있다.","","False","DIA_Addon_Skip_Grog_Info.DIA_Addon_Skip_Grog.DIA_Addon_Skip_Grog_geben","Info_AddChoice",""
"Scripts/Content/Story/Dialoge/DIA_Addon_PIR_1355_Skip.d:547","Dir fehlen 20 Flaschen, sagst du?","20병이 부족하다고 했나?","","False","DIA_Addon_Skip_Grog_15_01","",""
"Scripts/Content/Story/Dialoge/DIA_Addon_PIR_1355_Skip.d:548","Ja, verdammt. Das war mein gesamter Vorrat.","그래, 젠장. 내 전 재고였다고.","","False","DIA_Addon_Skip_Grog_08_02","",""
"Scripts/Content/Story/Dialoge/DIA_Addon_PIR_1355_Skip.d:559","Hier hast du deine 20 Flaschen.","여기 네20병이 있어.","","False","DIA_Addon_Skip_Grog_geben_15_00","",""
"Scripts/Content/Story/Dialoge/DIA_Addon_PIR_1355_Skip.d:567","Was denn? Umsonst?","뭐? 공짜로?","","False","DIA_Addon_Skip_Grog_geben_08_01","",""
"Scripts/Content/Story/Dialoge/DIA_Addon_PIR_1355_Skip.d:568","Naja ...","글쎄...","","False","DIA_Addon_Skip_Grog_geben_15_02","",""
"Scripts/Content/Story/Dialoge/DIA_Addon_PIR_1355_Skip.d:569","Ok. Ich werde sie dir bezahlen.","좋아. 값을 지불하지.","","False","DIA_Addon_Skip_Grog_geben_08_03","",""
"Scripts/Content/Story/Dialoge/DIA_Addon_PIR_1355_Skip.d:570","Hast du vielleicht irgendwas Interessanteres als Gold?","금보다 더 흥미로운 건 없나?","","False","DIA_Addon_Skip_Grog_geben_15_04","",""
"Scripts/Content/Story/Dialoge/DIA_Addon_PIR_1355_Skip.d:571","Mmh. Mal sehen. Ich habe hier so einen Ring.","음, 어디 보자. 이런 반지가 하나 있지.","","False","DIA_Addon_Skip_Grog_geben_08_05","",""
"Scripts/Content/Story/Dialoge/DIA_Addon_PIR_1355_Skip.d:572","Hab ich vor Jahren in einer stickigen Hafenkneipe beim Glückspiel gewonnen.","몇 년 전에 답답한 항구 선술집에서 도박하다 땄지.","","False","DIA_Addon_Skip_Grog_geben_08_06","",""
"Scripts/Content/Story/Dialoge/DIA_Addon_PIR_1355_Skip.d:573","Der Kerl sagte damals, er sei magisch. Keine Ahnung, ob das stimmt.","그때 그 녀석이 마법의 반지라고 하더군. 진짜인지는 모르겠지만.","","False","DIA_Addon_Skip_Grog_geben_08_07","",""
"Scripts/Content/Story/Dialoge/DIA_Addon_PIR_1355_Skip.d:574","Vielleicht willst du ihn statt dem Geld?","돈 대신 이걸 갖겠나?","","False","DIA_Addon_Skip_Grog_geben_08_08","",""
"Scripts/Content/Story/Dialoge/DIA_Addon_PIR_1355_Skip.d:577","Gib mir das Geld.","돈을 줘.","","False","DIA_Addon_Skip_Grog_geben.DIA_Addon_Skip_Grog.DIA_Addon_Skip_Grog_gold","Info_AddChoice",""
"Scripts/Content/Story/Dialoge/DIA_Addon_PIR_1355_Skip.d:578","Gib mir den Ring.","반지를 줘.","","False","DIA_Addon_Skip_Grog_geben.DIA_Addon_Skip_Grog.DIA_Addon_Skip_Grog_ring","Info_AddChoice",""
"Scripts/Content/Story/Dialoge/DIA_Addon_PIR_1355_Skip.d:583","Gib mir den Ring.","반지를 줘.","","False","DIA_Addon_Skip_Grog_ring_15_00","",""
"Scripts/Content/Story/Dialoge/DIA_Addon_PIR_1355_Skip.d:584","Hier hast du ihn.","여기 있어.","","False","DIA_Addon_Skip_Grog_ring_08_01","",""
"Scripts/Content/Story/Dialoge/DIA_Addon_PIR_1355_Skip.d:591","Gib mir das Geld.","돈을 줘.","","False","DIA_Addon_Skip_Grog_gold_15_00","",""
"Scripts/Content/Story/Dialoge/DIA_Addon_PIR_1355_Skip.d:592","In Ordnung.","좋아.","","False","DIA_Addon_Skip_Grog_gold_08_01","",""
"Scripts/Content/Story/Dialoge/DIA_Addon_PIR_1355_Skip.d:608","Hast du was zu verkaufen?","팔 물건이라도 있나?","","False","DIA_Addon_Skip_News.description","",""
"Scripts/Content/Story/Dialoge/DIA_Addon_PIR_1355_Skip.d:618","Hast du was zu verkaufen?","팔 물건이라도 있나?","","False","DIA_Addon_Skip_News_15_00","",""
"Scripts/Content/Story/Dialoge/DIA_Addon_PIR_1355_Skip.d:619","Wenn du handeln willst, geh zu Garrett. Der kümmert sich um unsere Lagerbestände.","거래하고 싶다면 가렛에게 가봐. 우리 재고는 그가 관리하니까.","","False","DIA_Addon_Skip_News_08_01","",""
"Scripts/Content/Story/Dialoge/DIA_Addon_PIR_1355_Skip.d:639","Du sollst mir helfen.","나를 도와줘야겠어.","","False","DIA_Addon_Skip_Anheuern.description","",""
"Scripts/Content/Story/Dialoge/DIA_Addon_PIR_1355_Skip.d:652","Du sollst mir helfen.","나를 도와줘야겠어.","","False","DIA_Addon_Skip_Anheuern_15_00","",""
"Scripts/Content/Story/Dialoge/DIA_Addon_PIR_1355_Skip.d:653","Worum geht's?","뭘 말이지?","","False","DIA_Addon_Skip_Anheuern_08_01","",""
"Scripts/Content/Story/Dialoge/DIA_Addon_PIR_1355_Skip.d:654","Der Canyon wartet.","협곡이 기다리고 있어.","","False","DIA_Addon_Skip_Anheuern_15_01","",""
"Scripts/Content/Story/Dialoge/DIA_Addon_PIR_1355_Skip.d:657","Ich sehe, du hast schon ein paar Jungs mit. Das ist gut!","이미 부하 몇 명을 데리고 있군. 잘됐어!","","False","DIA_Addon_Skip_Anheuern_08_02","",""
"Scripts/Content/Story/Dialoge/DIA_Addon_PIR_1355_Skip.d:661","Nimm bloß noch ein paar Jungs mit!","부하들을 더 데려가는 게 좋을걸!","","False","DIA_Addon_Skip_Anheuern_08_03","",""
"Scripts/Content/Story/Dialoge/DIA_Addon_PIR_1355_Skip.d:664","Der Canyon ist mordsgefährlich!","협곡은 지옥처럼 위험하다고!","","False","DIA_Addon_Skip_Anheuern_08_04","",""
"Scripts/Content/Story/Dialoge/DIA_Addon_PIR_1355_Skip.d:677","Komm mit.","나와 함께 가자.","","False","DIA_Addon_Skip_ComeOn.description","",""
"Scripts/Content/Story/Dialoge/DIA_Addon_PIR_1355_Skip.d:692","Komm mit.","나와 함께 가자.","","False","DIA_Addon_Skip_ComeOn_15_00","",""
"Scripts/Content/Story/Dialoge/DIA_Addon_PIR_1355_Skip.d:695","Warte. Lass uns erstmal in den Canyon zurückgehen...","잠깐. 일단 협곡으로 돌아가자고...","","False","DIA_Addon_Skip_ComeOn_08_02","",""
"Scripts/Content/Story/Dialoge/DIA_Addon_PIR_1355_Skip.d:700","Auf geht's!","가자고!","","False","DIA_Addon_Skip_ComeOn_08_01","",""
"Scripts/Content/Story/Dialoge/DIA_Addon_PIR_1355_Skip.d:726","Ich brauch dich nicht mehr.","이제 넌 필요 없어.","","False","DIA_Addon_Skip_GoHome.description","",""
"Scripts/Content/Story/Dialoge/DIA_Addon_PIR_1355_Skip.d:739","Ich brauch dich nicht mehr.","이제 넌 필요 없어.","","False","DIA_Addon_Skip_GoHome_15_00","",""
"Scripts/Content/Story/Dialoge/DIA_Addon_PIR_1355_Skip.d:740","Tja, das war's dann. Ich bin im Lager.","그래, 그럼 된 거야. 난 캠프에 있을게.","","False","DIA_Addon_Skip_GoHome_08_01","",""
"Scripts/Content/Story/Dialoge/DIA_Addon_PIR_1355_Skip.d:770","Das ist weit genug!","이 정도면 충분해!","","False","DIA_Addon_Skip_TooFar_08_01","",""
"Scripts/Content/Story/Dialoge/DIA_Addon_PIR_1355_Skip.d:773","Wenn du unbedingt weitergehen willst, dann ohne uns!","정말 더 나아가고 싶다면 우리 없이 가라고!","","False","DIA_Addon_Skip_TooFar_08_02","",""
"Scripts/Content/Story/Dialoge/DIA_Addon_PIR_1355_Skip.d:777","Wenn du unbedingt weitergehen willst, dann ohne mich.","정말 더 나아가고 싶다면 나 없이 가라고.","","False","DIA_Addon_Skip_TooFar_08_03","",""
"Scripts/Content/Story/Dialoge/DIA_Addon_PIR_1355_Skip.d:809","Wenn wir uns verlieren sollten, treffen wir und hier am Wasserloch wieder.","혹시라도 길을 잃으면 이 물웅덩이에서 다시 만나자고.","","False","DIA_Addon_Skip_Add_08_00","",""
"Scripts/Content/Story/Dialoge/DIA_Addon_PIR_1355_Skip.d:810","Lass uns weitergehen!","계속 가자!","","False","DIA_Addon_Skip_Add_08_02","",""
"Scripts/Content/Story/Dialoge/DIA_Addon_PIR_1355_Skip.d:838","Orks! Ich hasse die Biester!","오크들이다! 저 녀석들 정말 싫어!","","False","DIA_Addon_Skip_Add_08_01","",""
"Scripts/Content/Story/Dialoge/DIA_Addon_PIR_1355_Skip.d:866","Sieht so aus, als wenn wir alle Razor erwischt hätten.","레이저들은 다 처치한 것 같군.","","False","DIA_Addon_Skip_Add_08_03","",""
"Scripts/Content/Story/Dialoge/DIA_Addon_PIR_1355_Skip.d:867","Wir können noch ein bißchen durch die Gegend ziehen, wenn du willst.","원한다면 주변을 조금 더 둘러봐도 좋고.","","False","DIA_Addon_Skip_Add_08_04","",""
"Scripts/Content/Story/Dialoge/DIA_Addon_PIR_1355_Skip.d:868","Hauptsache, wir bleiben im Canyon.","협곡 안에만 있는다면야.","","False","DIA_Addon_Skip_Add_08_05","",""
"Scripts/Content/Story/Dialoge/DIA_Addon_PIR_1356_Bill.d:83","Alles klar bei dir?","요즘 어떻게 지내?","","False","DIA_Addon_Bill_Hello_15_00","",""
"Scripts/Content/Story/Dialoge/DIA_Addon_PIR_1356_Bill.d:84","Was ist los? Schickt Henry dich zu mir?","무슨 일이야? 헨리가 보냈어?","","False","DIA_Addon_Bill_Hello_03_01","",""
"Scripts/Content/Story/Dialoge/DIA_Addon_PIR_1356_Bill.d:85","Kannst ihm sagen, er bekommt seine Bretter sobald ich fertig bin.","끝내는 대로 널빤지를 가져다줄 거라고 전해.","","False","DIA_Addon_Bill_Hello_03_02","",""
"Scripts/Content/Story/Dialoge/DIA_Addon_PIR_1356_Bill.d:86","Wenn ihm das nicht passt, kann er sie auch gerne selber sägen.","그게 불만이라면 직접 톱질해서 쓰라 그래.","","False","DIA_Addon_Bill_Hello_03_03","",""
"Scripts/Content/Story/Dialoge/DIA_Addon_PIR_1356_Bill.d:100","Was machst du mit den Brettern?","그 널빤지들로 뭘 하는 거야?","","False","DIA_Addon_Bill_Planks.description","",""
"Scripts/Content/Story/Dialoge/DIA_Addon_PIR_1356_Bill.d:113","Was machst du mit den Brettern?","그 널빤지들로 뭘 하는 거야?","","False","DIA_Addon_Bill_Planks_15_00","",""
"Scripts/Content/Story/Dialoge/DIA_Addon_PIR_1356_Bill.d:114","Die sind für die Palisade, du Depp!","방책을 만드는 데 쓰잖아, 이 멍청아!","","False","DIA_Addon_Bill_Planks_03_01","",""
"Scripts/Content/Story/Dialoge/DIA_Addon_PIR_1356_Bill.d:115","Greg hielt es für 'ne gute Idee, unser Lager damit zu sichern.","그렉이 그걸로 우리 캠프를 방어하는 게 좋겠다고 생각했거든.","","False","DIA_Addon_Bill_Planks_03_02","",""
"Scripts/Content/Story/Dialoge/DIA_Addon_PIR_1356_Bill.d:116","Also, wenn du mich fragst, können wir uns die Arbeit sparen.","내 생각엔 그냥 헛고생하는 것 같지만 말이야.","","False","DIA_Addon_Bill_Planks_03_03","",""
"Scripts/Content/Story/Dialoge/DIA_Addon_PIR_1356_Bill.d:117","Falls die Banditen wirklich vorhaben uns anzugreifen, wird sie auch die lächerliche Palisade nicht aufhalten.","정말로 우리를 공격할 생각이라면, 고작 이런 허술한 방책으로 막을 순 없을걸.","","False","DIA_Addon_Bill_Planks_03_04","",""
"Scripts/Content/Story/Dialoge/DIA_Addon_PIR_1356_Bill.d:118","Wir hätten sie niemals in unserem Tal dulden dürfen.","애초에 그 녀석들이 우리 계곡에 발을 들이게 놔두지 말았어야 했어.","","False","DIA_Addon_Bill_Planks_03_05","",""
"Scripts/Content/Story/Dialoge/DIA_Addon_PIR_1356_Bill.d:119","Wenn ich das alles vorher gewusst hätte, dann wäre ich in Khorinis geblieben.","이럴 줄 알았더라면 코리니스에 남았을 텐데.","","False","DIA_Addon_Bill_Planks_03_06","",""
"Scripts/Content/Story/Dialoge/DIA_Addon_PIR_1356_Bill.d:133","Kann ich dir beim Sägen helfen?","톱질하는 거 도와줄까?","","False","DIA_Addon_Bill_Perm.description","",""
"Scripts/Content/Story/Dialoge/DIA_Addon_PIR_1356_Bill.d:147","Kann ich dir beim Sägen helfen?","톱질하는 거 도와줄까?","","False","DIA_Addon_Bill_Perm_15_00","",""
"Scripts/Content/Story/Dialoge/DIA_Addon_PIR_1356_Bill.d:148","Lass nur, ich schaff' das schon.","됐어, 혼자서도 할 수 있어.","","False","DIA_Addon_Bill_Perm_03_01","",""
"Scripts/Content/Story/Dialoge/DIA_Addon_PIR_1356_Bill.d:151","Ich bin noch nicht so lange dabei, und wenn ich andere meine Arbeit machen lasse, komme ich hier nicht weit, verstehst du?","여기에 합류한 지 얼마 안 됐는데 남한테 일까지 시키면 여기서 살아남기 힘들거든, 무슨 말인지 알지?","","False","DIA_Addon_Bill_Perm_03_02","",""
"Scripts/Content/Story/Dialoge/DIA_Addon_PIR_1356_Bill.d:166","Was machst du jetzt?","이제 뭘 할 거야?","","False","DIA_Addon_Bill_Perm2.description","",""
"Scripts/Content/Story/Dialoge/DIA_Addon_PIR_1356_Bill.d:179","Was machst du jetzt?","이제 뭘 할 거야?","","False","DIA_Addon_Bill_Perm2_15_00","",""
"Scripts/Content/Story/Dialoge/DIA_Addon_PIR_1356_Bill.d:180","Ich mach erst mal Pause.","일단 좀 쉬려고.","","False","DIA_Addon_Bill_Perm2_03_01","",""
"Scripts/Content/Story/Dialoge/DIA_Addon_PIR_1356_Bill.d:183","(schadenfroh) Francis hat meinen alten Job gekriegt.","(고소해하며) 프랜시스가 내 예전 일자리를 차지했거든.","","False","DIA_Addon_Bill_Perm2_03_02","",""
"Scripts/Content/Story/Dialoge/DIA_Addon_PIR_1356_Bill.d:184","Von mir aus soll er Bretter sägen bis er schwarz wird.","팔이 빠질 때까지 널빤지나 썰라지 그래.","","False","DIA_Addon_Bill_Perm2_03_03","",""
"Scripts/Content/Story/Dialoge/DIA_Addon_PIR_1356_Bill.d:202","Ich suche Angus und Hank.","앵거스와 행크를 찾고 있어.","","False","DIA_Addon_Bill_AngusnHank.description","",""
"Scripts/Content/Story/Dialoge/DIA_Addon_PIR_1356_Bill.d:216","Ich suche Angus und Hank.","앵거스와 행크를 찾고 있어.","","False","DIA_Addon_Bill_AngusnHank_15_00","",""
"Scripts/Content/Story/Dialoge/DIA_Addon_PIR_1356_Bill.d:217","(seufzt) Ich habe keine Ahnung, wo sie sind - wahrscheinlich wurden sie von den Banditen erwischt.","(한숨) 어디에 있는지는 몰라. 아마 밴디트들에게 당했을 거야.","","False","DIA_Addon_Bill_AngusnHank_03_01","",""
"Scripts/Content/Story/Dialoge/DIA_Addon_PIR_1356_Bill.d:218","Ihr wart doch befreundet, oder nicht?","너희들 친구였잖아, 아니야?","","False","DIA_Addon_Bill_AngusnHank_15_02","",""
"Scripts/Content/Story/Dialoge/DIA_Addon_PIR_1356_Bill.d:219","Alles, was ich weiß ist, daß sie sich in einer Höhle hier in der Nähe mit den Banditen treffen wollten.","내가 아는 건 그들이 이 근처 동굴에서 밴디트들을 만나기로 했다는 것뿐이야.","","False","DIA_Addon_Bill_AngusnHank_03_03","",""
"Scripts/Content/Story/Dialoge/DIA_Addon_PIR_1356_Bill.d:220","Sie muss irgendwo ausserhalb unseres Lagers im Osten sein.","우리 캠프 동쪽 어딘가에 있을 거야.","","False","DIA_Addon_Bill_AngusnHank_03_04","",""
"Scripts/Content/Story/Dialoge/DIA_Addon_PIR_1356_Bill.d:221","Wo genau, weiß ich nicht. Ich bin selbst nie da gewesen.","정확히 어디인지는 몰라. 나도 가본 적이 없거든.","","False","DIA_Addon_Bill_AngusnHank_03_05","",""
"Scripts/Content/Story/Dialoge/DIA_Addon_PIR_1356_Bill.d:222","Am besten du fragst Alligator Jack mal danach. Der treibt sich doch ständig vorm Lager herum.","앨리게이터 잭에게 물어보는 게 좋을 거야. 그는 항상 캠프 바깥을 돌아다니니까.","","False","DIA_Addon_Bill_AngusnHank_03_06","",""
"Scripts/Content/Story/Dialoge/DIA_Addon_PIR_1356_Bill.d:236","Ich habe deine Freunde gefunden.","네 친구들을 찾았어.","","False","DIA_Addon_Bill_FoundFriends.description","",""
"Scripts/Content/Story/Dialoge/DIA_Addon_PIR_1356_Bill.d:249","Ich habe deine Freunde gefunden.","네 친구들을 찾았어.","","False","DIA_Addon_Bill_FoundFriends_15_00","",""
"Scripts/Content/Story/Dialoge/DIA_Addon_PIR_1356_Bill.d:250","Und? Wo sind sie?","그래서? 어디 있나?","","False","DIA_Addon_Bill_FoundFriends_03_01","",""
"Scripts/Content/Story/Dialoge/DIA_Addon_PIR_1356_Bill.d:251","Sie sind tot.","죽었어.","","False","DIA_Addon_Bill_FoundFriends_15_02","",""
"Scripts/Content/Story/Dialoge/DIA_Addon_PIR_1356_Bill.d:252","(Hass) Das waren diese verfluchten Banditen!","(증오에 차서) 그 저주받을 밴디트 짓이군!","","False","DIA_Addon_Bill_FoundFriends_03_03","",""
"Scripts/Content/Story/Dialoge/DIA_Addon_PIR_1356_Bill.d:255","Möglich.","그럴 수도 있지.","","False","DIA_Addon_Bill_FoundFriends_15_06","",""
"Scripts/Content/Story/Dialoge/DIA_Addon_PIR_1356_Bill.d:258","Diese verdammten Mistkerle. Der Teufel soll sie holen.","빌어먹을 자식들. 지옥에나 떨어져라.","","False","DIA_Addon_Bill_FoundFriends_03_04","",""
"Scripts/Content/Story/Dialoge/DIA_Addon_PIR_1356_Bill.d:259","(zu sich, Hass) Ich wüßte zu gerne den Namen des Kerls, der das getan hat...","(혼잣말하듯 증오에 차서) 이런 짓을 벌인 자식의 이름을 알 수 있다면 좋을 텐데...","","False","DIA_Addon_Bill_FoundFriends_03_05","",""
"Scripts/Content/Story/Dialoge/DIA_Addon_PIR_1356_Bill.d:277","Ich kenne den Mörder von Angus und Hank.","나는 앵거스와 행크를 살해한 범인을 알고 있다.","","False","DIA_Addon_Bill_JuanMurder.description","",""
"Scripts/Content/Story/Dialoge/DIA_Addon_PIR_1356_Bill.d:291","Ich kenne den Mörder von Angus und Hank.","나는 앵거스와 행크를 살해한 범인을 알고 있다.","","False","DIA_Addon_Bill_JuanMurder_15_00","",""
"Scripts/Content/Story/Dialoge/DIA_Addon_PIR_1356_Bill.d:292","(aufgeregt) Wer? Wer war es?","(흥분하며) 누구야? 누구지?","","False","DIA_Addon_Bill_JuanMurder_03_01","",""
"Scripts/Content/Story/Dialoge/DIA_Addon_PIR_1356_Bill.d:293","Der Kerl heißt Juan und ist einer der Banditen.","후안이라는 밴디트 녀석이야.","","False","DIA_Addon_Bill_JuanMurder_15_02","",""
"Scripts/Content/Story/Dialoge/DIA_Addon_PIR_1356_Bill.d:294","Du musst das Schwein erledigen, hörst du?","그 자식의 숨통을 끊어놔야 해, 알겠어?","","False","DIA_Addon_Bill_JuanMurder_03_03","",""
"Scripts/Content/Story/Dialoge/DIA_Addon_PIR_1356_Bill.d:295","Er darf nicht mit der Sache ungeschoren davonkommen!","그냥 넘어가게 둬선 안 돼!","","False","DIA_Addon_Bill_JuanMurder_03_04","",""
"Scripts/Content/Story/Dialoge/DIA_Addon_PIR_1356_Bill.d:309","Juan ist erledigt.","후안은 끝장났어.","","False","DIA_Addon_Bill_KilledEsteban.description","",""
"Scripts/Content/Story/Dialoge/DIA_Addon_PIR_1356_Bill.d:323","Juan ist erledigt.","후안은 끝장났어.","","False","DIA_Addon_Bill_KilledEsteban_15_00","",""
"Scripts/Content/Story/Dialoge/DIA_Addon_PIR_1356_Bill.d:324","(eifrig) Und? Hat er gelitten?","(열성적으로) 그래? 괴로워하던가?","","False","DIA_Addon_Bill_KilledEsteban_03_01","",""
"Scripts/Content/Story/Dialoge/DIA_Addon_PIR_1356_Bill.d:325","Mach mal halblang.","너무 흥분하지 마.","","False","DIA_Addon_Bill_KilledEsteban_15_02","",""
"Scripts/Content/Story/Dialoge/DIA_Addon_PIR_1356_Bill.d:326","(seufzt) Schon gut. Hauptsache du hast das Schwein fertiggemacht.","(한숨) 됐어. 그 돼지 녀석을 처치했다면 그걸로 됐어.","","False","DIA_Addon_Bill_KilledEsteban_03_03","",""
"Scripts/Content/Story/Dialoge/DIA_Addon_PIR_1356_Bill.d:347","Du warst in Khorinis?","코리니스에 가본 적이 있다고?","","False","DIA_Addon_Bill_Khorinis.description","",""
"Scripts/Content/Story/Dialoge/DIA_Addon_PIR_1356_Bill.d:360","Du warst in Khorinis?","코리니스에 가본 적이 있다고?","","False","DIA_Addon_Bill_Khorinis_15_00","",""
"Scripts/Content/Story/Dialoge/DIA_Addon_PIR_1356_Bill.d:361","Ja, ich hab mich da mit Taschendiebstählen und kleinen Gaunereien über Wasser gehalten.","그래, 거기서 소매치기나 좀 하면서 근근이 살았지.","","False","DIA_Addon_Bill_Khorinis_03_01","",""
"Scripts/Content/Story/Dialoge/DIA_Addon_PIR_1356_Bill.d:362","Aber als immer weniger Schiffe kamen, gingen die Geschäfte immer schlechter.","하지만 드나드는 배가 점점 줄어들면서 먹고살기 힘들더라고.","","False","DIA_Addon_Bill_Khorinis_03_02","",""
"Scripts/Content/Story/Dialoge/DIA_Addon_PIR_1356_Bill.d:363","Irgendwann hatte ich keine Lust mehr für eine paar Brotkrumen vor der Miliz wegzulaufen.","언제부턴가는 빵 몇 조각 훔쳤다고 민병대를 피해 도망 다니는 것도 진절머리가 났고.","","False","DIA_Addon_Bill_Khorinis_03_03","",""
"Scripts/Content/Story/Dialoge/DIA_Addon_PIR_1356_Bill.d:364","Ich habe mich dann Greg angeschlossen. Jetzt sitze ich hier fest.","그래서 그렉 밑으로 들어간 거야. 지금은 이렇게 갇혀 지내고 있지만.","","False","DIA_Addon_Bill_Khorinis_03_04","",""
"Scripts/Content/Story/Dialoge/DIA_Addon_PIR_1356_Bill.d:368","(seufzt) Den ganzen Tag am Sägen, um eine Palisade zu bauen, die sowieso keinem was bringt.","(한숨) 아무짝에도 쓸모없는 방책을 만들겠다고 온종일 톱질이나 하고 있고.","","False","DIA_Addon_Bill_Khorinis_03_05","",""
"Scripts/Content/Story/Dialoge/DIA_Addon_PIR_1356_Bill.d:381","Kannst du mir was beibringen?","나한테 뭐 좀 가르쳐 줄 수 있어?","","False","DIA_Addon_Bill_TeachPlayer.description","",""
"Scripts/Content/Story/Dialoge/DIA_Addon_PIR_1356_Bill.d:394","Kannst du mir was beibringen?","나한테 뭐 좀 가르쳐 줄 수 있어?","","False","DIA_Addon_Bill_TeachPlayer_15_00","",""
"Scripts/Content/Story/Dialoge/DIA_Addon_PIR_1356_Bill.d:395","Nun, ich könnte dir zeigen, wie man anderer Leute Taschen plündert, ohne das sie etwas merken.","글쎄, 들키지 않고 남의 주머니를 털어내는 법을 알려줄 수는 있지.","","False","DIA_Addon_Bill_TeachPlayer_03_01","",""
"Scripts/Content/Story/Dialoge/DIA_Addon_PIR_1356_Bill.d:396","Aber du solltest einigermassen geschickt sein, sonst kannst du's vergessen.","하지만 손재주가 어느 정도는 있어야 할 거야. 아니면 꿈도 꾸지 마.","","False","DIA_Addon_Bill_TeachPlayer_03_02","",""
"Scripts/Content/Story/Dialoge/DIA_Addon_PIR_1356_Bill.d:411","Zeig mir den Taschendiebstahl. (10 LP)","도둑질을 가르쳐 줘. (10 LP)","","False","DIA_Addon_Bill_LearnTalent.description","",""
"Scripts/Content/Story/Dialoge/DIA_Addon_PIR_1356_Bill.d:425","Zeig mir den Taschendiebstahl.","도둑질을 가르쳐 줘.","","False","DIA_Addon_Bill_LearnTalent_15_00","",""
"Scripts/Content/Story/Dialoge/DIA_Addon_PIR_1356_Bill.d:431","Wenn du jemanden beklauen möchtest, musst du dein Opfer in Sicherheit wiegen.","누군가의 주머니를 털고 싶다면, 먼저 상대가 안심하게 만들어야 해.","","False","DIA_Addon_Bill_LearnTalent_03_01","",""
"Scripts/Content/Story/Dialoge/DIA_Addon_PIR_1356_Bill.d:432","Ich habe die Leute immer angequatscht. Das funktioniert prächtig.","난 항상 사람들에게 접근해서 말을 걸곤 했지. 아주 잘 먹혀들거든.","","False","DIA_Addon_Bill_LearnTalent_03_02","",""
"Scripts/Content/Story/Dialoge/DIA_Addon_PIR_1356_Bill.d:433","Wenn du zugreifst, dann sei dir sicher, dass dein Gegenüber nichts merkt.","그리고 손을 뻗을 때는 상대가 눈치채지 못하게 확실히 해야 해.","","False","DIA_Addon_Bill_LearnTalent_03_03","",""
"Scripts/Content/Story/Dialoge/DIA_Addon_PIR_1356_Bill.d:435","Sonst noch was?","그게 다야?","","False","DIA_Addon_Bill_LearnTalent_15_05","",""
"Scripts/Content/Story/Dialoge/DIA_Addon_PIR_1356_Bill.d:436","Ja, trainiere deine Geschicklichkeit. Je geschickter du bist, desto besser erkennst du eine gute Gelegenheit.","그래, 손재주를 갈고닦아라. 손재주가 좋을수록 좋은 기회를 더 잘 알아차릴 수 있을 테니.","","False","DIA_Addon_Bill_LearnTalent_03_06","",""
"Scripts/Content/Story/Dialoge/DIA_Addon_PIR_1356_Bill.d:437","Und desto eher kannst du deinem Opfer seine Sachen abnehmen, ohne dabei ERWISCHT zu werden!","그리고 들키지 않고 상대의 물건을 훔칠 수 있는 가능성도 커지겠지!","","False","DIA_Addon_Bill_LearnTalent_03_07","",""
"Scripts/Content/Story/Dialoge/DIA_Addon_PIR_1356_Bill.d:438","Das ist alles, zumindest in der Theorie.","이론상으로는 그게 전부야.","","False","DIA_Addon_Bill_LearnTalent_03_08","",""
"Scripts/Content/Story/Dialoge/DIA_Addon_PIR_1356_Bill.d:443","Vergiß es! Du bist nicht geschickt genug!","됐어! 넌 날렵하지 않아!","","False","DIA_Addon_Bill_LearnTalent_03_09","",""
"Scripts/Content/Story/Dialoge/DIA_Addon_PIR_1356_Bill.d:444","Du mußt entweder geschickter werden oder dir 'nen besseren Lehrer suchen.","손재주를 더 기르든가, 아니면 더 나은 스승을 찾아봐.","","False","DIA_Addon_Bill_LearnTalent_03_10","",""
"Scripts/Content/Story/Dialoge/DIA_Addon_PIR_1357_Garett.d:83","Komm bloß nicht auf die Idee, mich zu fragen, ob ich beim Entertrupp mitmache.","나보고 약탈 부대에 합류해 달라는 소리는 꿈도 꾸지 마.","","False","DIA_Addon_Garett_Anheuern_09_00","",""
"Scripts/Content/Story/Dialoge/DIA_Addon_PIR_1357_Garett.d:84","Was meinst du, was die anderen Jungs machen, wenn ich weg bin, hm?","내가 없는 동안 다른 녀석들이 뭘 할 것 같아, 응?","","False","DIA_Addon_Garett_Anheuern_09_01","",""
"Scripts/Content/Story/Dialoge/DIA_Addon_PIR_1357_Garett.d:85","Wenn ich wiederkomme, hab ich nicht EINE volle Kiste mehr in meiner Hütte!","내가 돌아왔을 때 내 오두막에 성한 나무 상자가 단 하나도 남아있지 않을 걸!","","False","DIA_Addon_Garett_Anheuern_09_02","",""
"Scripts/Content/Story/Dialoge/DIA_Addon_PIR_1357_Garett.d:86","Ich bleibe hier und passe auf unsere Vorräte auf!","난 여기 남아서 우리 물자를 지킬 거야!","","False","DIA_Addon_Garett_Anheuern_09_03","",""
"Scripts/Content/Story/Dialoge/DIA_Addon_PIR_1357_Garett.d:113","Sieh an, ein Neues Gesicht! Und keiner von den dreckigen Banditen, will ich doch hoffen!","이거 봐라, 새로운 얼굴이네! 그 더러운 산적 놈들 중 하나는 아니었으면 좋겠군.","","False","DIA_Addon_Garett_Hello_09_00","",""
"Scripts/Content/Story/Dialoge/DIA_Addon_PIR_1357_Garett.d:114","Ich bin Garett. Wenn du irgend etwas brauchen solltest, frag zuerst mich.","난 가렛이야. 필요한 게 있다면 나한테 먼저 물어보라고.","","False","DIA_Addon_Garett_Hello_09_01","",""
"Scripts/Content/Story/Dialoge/DIA_Addon_PIR_1357_Garett.d:115","Ich kann dir fast alles besorgen, Wein, Waffen und vieles, was man sonst so braucht.","포도주, 무기 그리고 그 밖에 필요한 웬만한 건 다 구해줄 수 있어.","","False","DIA_Addon_Garett_Hello_09_02","",""
"Scripts/Content/Story/Dialoge/DIA_Addon_PIR_1357_Garett.d:116","Außer Schnaps - wenn du 'nen ordentlichen Schnaps willst, geh zu Samuel.","독주는 빼고 말이야. 제대로 된 독주를 원한다면 사무엘에게 가보라고.","","False","DIA_Addon_Garett_Hello_09_03","",""
"Scripts/Content/Story/Dialoge/DIA_Addon_PIR_1357_Garett.d:131","Wer ist Samuel?","사무엘이 누구지?","","False","DIA_Addon_Garett_Samuel.description","",""
"Scripts/Content/Story/Dialoge/DIA_Addon_PIR_1357_Garett.d:145","Wer ist Samuel?","사무엘이 누구지?","","False","DIA_Addon_Garett_Samuel_15_00","",""
"Scripts/Content/Story/Dialoge/DIA_Addon_PIR_1357_Garett.d:146","Unser Schnapsbrenner. Er hat seine Höhle etwas abseits des Lagers direkt am Strand.","우리 밀주업자야. 야영지에서 조금 떨어진 해변가에 동굴이 있지.","","False","DIA_Addon_Garett_Samuel_09_01","",""
"Scripts/Content/Story/Dialoge/DIA_Addon_PIR_1357_Garett.d:147","Nicht schwer zu finden, geh einfach Richtung Norden.","찾기 어렵지 않을 거야, 그냥 북쪽으로 가.","","False","DIA_Addon_Garett_Samuel_09_02","",""
"Scripts/Content/Story/Dialoge/DIA_Addon_PIR_1357_Garett.d:148","Ich kann dir nur raten, dich gut mit Grog einzudecken.","그로그를 넉넉히 챙겨두는 게 좋을 거야.","","False","DIA_Addon_Garett_Samuel_09_03","",""
"Scripts/Content/Story/Dialoge/DIA_Addon_PIR_1357_Garett.d:149","Einige der Jungs hier sind Neuen gegenüber nicht gerade aufgeschlossen, verstehst du?","여기 녀석들 중 몇은 새로 온 사람들을 별로 반기지 않거든, 무슨 말인지 알겠어?","","False","DIA_Addon_Garett_Samuel_09_04","",""
"Scripts/Content/Story/Dialoge/DIA_Addon_PIR_1357_Garett.d:150","Da kann ein ordentlicher Schluck Grog Wunder wirken!","그럴 때 그로그 한 모금이 놀라운 효과를 발휘할 수 있지!","","False","DIA_Addon_Garett_Samuel_09_05","",""
"Scripts/Content/Story/Dialoge/DIA_Addon_PIR_1357_Garett.d:164","Wo bekommst du deine Waren her?","물건들은 어디서 구하는 거지?","","False","DIA_Addon_Garett_Warez.description","",""
"Scripts/Content/Story/Dialoge/DIA_Addon_PIR_1357_Garett.d:174","Wo bekommst du deine Waren her?","물건들은 어디서 구하는 거지?","","False","DIA_Addon_Garett_Warez_15_00","",""
"Scripts/Content/Story/Dialoge/DIA_Addon_PIR_1357_Garett.d:175","Skip bringt immer 'ne Menge aus Khorinis mit, wenn er 'rüberfährt.","스킵이 코리니스 건너올 때마다 잔뜩 가져오지.","","False","DIA_Addon_Garett_Warez_09_01","",""
"Scripts/Content/Story/Dialoge/DIA_Addon_PIR_1357_Garett.d:176","Bis vor kurzem hat er einiges davon direkt an die Banditen verkauft.","얼마 전까지만 해도 그중 일부를 산적들에게 직접 팔았었지.","","False","DIA_Addon_Garett_Warez_09_02","",""
"Scripts/Content/Story/Dialoge/DIA_Addon_PIR_1357_Garett.d:177","Aber seit es mit den Banditen Krieg gibt, landet der ganze Kram bei mir.","하지만 산적들과 전쟁이 시작된 이후로는 그 물건들이 전부 내 손에 들어오고 있어.","","False","DIA_Addon_Garett_Warez_09_03","",""
"Scripts/Content/Story/Dialoge/DIA_Addon_PIR_1357_Garett.d:189","Was weißt du über die Banditen?","산적들에 대해 아는 게 있나?","","False","DIA_Addon_Garett_Bandits.description","",""
"Scripts/Content/Story/Dialoge/DIA_Addon_PIR_1357_Garett.d:202","Was weißt du über die Banditen?","산적들에 대해 아는 게 있나?","","False","DIA_Addon_Garett_Bandits_15_00","",""
"Scripts/Content/Story/Dialoge/DIA_Addon_PIR_1357_Garett.d:203","Dazu frag am besten mal Skip.","그건 스킵한테 물어보는 게 좋을 거야.","","False","DIA_Addon_Garett_Bandits_09_01","",""
"Scripts/Content/Story/Dialoge/DIA_Addon_PIR_1357_Garett.d:204","Der hat 'nen ganz schönen Tanz mitgemacht mit den Kerlen, das kann ich dir sagen.","그 녀석들 때문에 꽤나 고생했거든, 정말이야.","","False","DIA_Addon_Garett_Bandits_09_02","",""
"Scripts/Content/Story/Dialoge/DIA_Addon_PIR_1357_Garett.d:205","Greg hat angeordnet, alle Banditen, die sich in der Nähe des Lagers blicken lassen, abzumurksen.","그렉은 야영지 근처에 얼씬거리는 산적은 모조리 처단하라는 명령을 내렸어.","","False","DIA_Addon_Garett_Bandits_09_03","",""
"Scripts/Content/Story/Dialoge/DIA_Addon_PIR_1357_Garett.d:222","Dein Kapitän Greg. Wie ist der so?","당신의 선장인 그렉 말이야. 어떤 사람이지?","","False","DIA_Addon_Garett_Greg.description","",""
"Scripts/Content/Story/Dialoge/DIA_Addon_PIR_1357_Garett.d:232","Dein Kapitän Greg. Wie ist der so?","당신의 선장인 그렉 말이야. 어떤 사람이지?","","False","DIA_Addon_Garett_Greg_15_00","",""
"Scripts/Content/Story/Dialoge/DIA_Addon_PIR_1357_Garett.d:233","Er ist 'n harter Knochen, das kann ich dir sagen.","아주 거친 늙은이야, 확실하지.","","False","DIA_Addon_Garett_Greg_09_01","",""
"Scripts/Content/Story/Dialoge/DIA_Addon_PIR_1357_Garett.d:234","Und rafffgierig bis auf's Blut.","그리고 뼛속까지 탐욕스럽지.","","False","DIA_Addon_Garett_Greg_09_02","",""
"Scripts/Content/Story/Dialoge/DIA_Addon_PIR_1357_Garett.d:235","Er läßt unseren Schatzmeister Francis immer gerade soviel zahlen, daß es zu keiner Meuterei kommt!","우리 경리인 프랜시스에게 반란이 일어나지 않을 만큼만 돈을 주게 하거든!","","False","DIA_Addon_Garett_Greg_09_03","",""
"Scripts/Content/Story/Dialoge/DIA_Addon_PIR_1357_Garett.d:236","Und wenn einer von uns mal was WIRKLICH wertvolles erbeutet, reißt er sich's selber unter'n Nagel.","그리고 우리 중 누군가가 정말로 값진 걸 손에 넣으면, 자기가 가로채 버리지.","","False","DIA_Addon_Garett_Greg_09_04","",""
"Scripts/Content/Story/Dialoge/DIA_Addon_PIR_1357_Garett.d:237","Ich hatte mal den Kompass von 'ner königlichen Fregatte mitgehen lassen.","언젠가 왕실 호위함에서 나침반을 슬쩍한 적이 있었어.","","False","DIA_Addon_Garett_Greg_09_05","",""
"Scripts/Content/Story/Dialoge/DIA_Addon_PIR_1357_Garett.d:238","Greg, der Mistkerl, hat ihn mir natürlich abgeknöpft.","그렉 그 작자가 당연히 나한테서 그걸 빼앗아 갔지.","","False","DIA_Addon_Garett_Greg_09_06","",""
"Scripts/Content/Story/Dialoge/DIA_Addon_PIR_1357_Garett.d:239","Pah! Vermutlich hat er ihn irgendwo verbuddelt, genau wie alle seine anderen Schätze.","하! 다른 보물들처럼 어디다 파묻어 놨겠지.","","False","DIA_Addon_Garett_Greg_09_07","",""
"Scripts/Content/Story/Dialoge/DIA_Addon_PIR_1357_Garett.d:251","Wo könnte Greg den Kompass vergraben haben?","그렉이 그 나침반을 어디다 파묻었을까?","","False","DIA_Addon_Garett_Tips.description","",""
"Scripts/Content/Story/Dialoge/DIA_Addon_PIR_1357_Garett.d:264","Wo könnte Greg den Kompass vergraben haben?","그렉이 그 나침반을 어디다 파묻었을까?","","False","DIA_Addon_Garett_Tips_15_00","",""
"Scripts/Content/Story/Dialoge/DIA_Addon_PIR_1357_Garett.d:265","Greg, sagte mir mal, dass der Tod über meinem Kompass wacht und hat mich ausgelacht.","그렉이 언젠가 내 나침반은 죽음 그 자체가지고 지키고 있다고 말하더니 웃더라고.","","False","DIA_Addon_Garett_Tips_09_01","",""
"Scripts/Content/Story/Dialoge/DIA_Addon_PIR_1357_Garett.d:266","Sonst noch was?","그게 다야?","","False","DIA_Addon_Garett_Tips_15_02","",""
"Scripts/Content/Story/Dialoge/DIA_Addon_PIR_1357_Garett.d:267","An der südlichen Küste gibt es einen Strand. Er ist nur über den Seeweg zu erreichen.","남쪽 해안에 해변이 하나 있어. 거기는 바닷길로만 갈 수 있지.","","False","DIA_Addon_Garett_Tips_09_03","",""
"Scripts/Content/Story/Dialoge/DIA_Addon_PIR_1357_Garett.d:268","Greg soll öfter mal dort gewesen sein. Vielleicht findest du da was.","그렉이 그곳에 종종 갔었다고 하더군. 어쩌면 무언가 찾을 수 있을지도 몰라.","","False","DIA_Addon_Garett_Tips_09_04","",""
"Scripts/Content/Story/Dialoge/DIA_Addon_PIR_1357_Garett.d:269","Ich hab mich selber schonmal dort umgesehen, aber die Gegend wimmelt von Monstern.","나도 직접 가본 적이 있지만, 그 지역은 괴물들로 들끓고 있어.","","False","DIA_Addon_Garett_Tips_09_05","",""
"Scripts/Content/Story/Dialoge/DIA_Addon_PIR_1357_Garett.d:270","Wenn du's wirklich wagen willst, vergiß nicht ne Hacke mitzunehmen.","정말 시도해 보고 싶다면, 곡괭이를 챙기는 걸 잊지 말라고.","","False","DIA_Addon_Garett_Tips_09_06","",""
"Scripts/Content/Story/Dialoge/DIA_Addon_PIR_1357_Garett.d:287","Hier ist dein Kompass.","여기 나침반이 있어.","","False","DIA_Addon_Garett_GiveKompass.description","",""
"Scripts/Content/Story/Dialoge/DIA_Addon_PIR_1357_Garett.d:301","Hier ist dein Kompass.","여기 나침반이 있어.","","False","DIA_Addon_Garett_GiveKompass_15_00","",""
"Scripts/Content/Story/Dialoge/DIA_Addon_PIR_1357_Garett.d:309","(freut sich) Ja, das ist er. Hätte nicht gedacht, dass ich ihn noch mal wiedersehe.","(기뻐하며) 그래, 바로 이거야. 다시 보게 될 줄은 몰랐는데.","","False","DIA_Addon_Garett_GiveKompass_09_01","",""
"Scripts/Content/Story/Dialoge/DIA_Addon_PIR_1357_Garett.d:310","Danke, Mann!","고마워, 친구!","","False","DIA_Addon_Garett_GiveKompass_09_02","",""
"Scripts/Content/Story/Dialoge/DIA_Addon_PIR_1357_Garett.d:314","Dieses Mal wird ihn Greg NICHT wieder in die Finger kriegen...","이번에는 그렉이 절대 손에 넣지 못할 거야...","","False","DIA_Addon_Garett_GiveKompass_09_03","",""
"Scripts/Content/Story/Dialoge/DIA_Addon_PIR_1357_Garett.d:315","Hier, nimm diesen Gürtel dafür. Er ist mein wertvollstes Stück.","자, 이걸 답례로 받어. 내 가장 값진 물건이야.","","False","DIA_Addon_Garett_GiveKompass_09_04","",""
"Scripts/Content/Story/Dialoge/DIA_Addon_PIR_1357_Garett.d:320","Du hast doch diesen Gürtel bei mir gekauft, erinnerst du dich?","네가 나한테 이 허리띠를 샀었지, 기억나?","","False","DIA_Addon_Garett_GiveKompass_09_05","",""
"Scripts/Content/Story/Dialoge/DIA_Addon_PIR_1357_Garett.d:321","Hast 'ne Menge dafü bezahlt - (hastig) und das war er auch wert. Hier - du sollst dein Gold zurückhaben.","돈을 꽤 많이 냈었지 - (황급히) 그만큼의 가치가 없었다는 건 아니야. 자, 네 금을 돌려줄게.","","False","DIA_Addon_Garett_GiveKompass_09_06","",""
"Scripts/Content/Story/Dialoge/DIA_Addon_PIR_1357_Garett.d:339","Was kannst du mir über Francis erzählen?","프랜시스에 대해 무슨 말 해줄 거 없어?","","False","DIA_Addon_Garett_Francis.description","",""
"Scripts/Content/Story/Dialoge/DIA_Addon_PIR_1357_Garett.d:352","Was kannst du mir über Francis erzählen?","프랜시스에 대해 무슨 말 해줄 거 없어?","","False","DIA_Addon_Garett_Francis_15_00","",""
"Scripts/Content/Story/Dialoge/DIA_Addon_PIR_1357_Garett.d:353","Greg hat ihm das Kommando übertragen, während er weg ist.","그렉이 자리를 비운 동안 그에게 지휘권을 맡겼어.","","False","DIA_Addon_Garett_Francis_09_01","",""
"Scripts/Content/Story/Dialoge/DIA_Addon_PIR_1357_Garett.d:354","Aber als Käpt'n ist Francis ein Versager!","하지만 프랜시스는 지도자로서는 낙제점이야!","","False","DIA_Addon_Garett_Francis_09_02","",""
"Scripts/Content/Story/Dialoge/DIA_Addon_PIR_1357_Garett.d:355","Er kriegt Morgan ja noch nicht mal dazu seinen Hintern aus dem Bett zu bewegen.","모건이 침대에서 엉덩이를 떼게 만들지도 못하니까.","","False","DIA_Addon_Garett_Francis_09_03","",""
"Scripts/Content/Story/Dialoge/DIA_Addon_PIR_1357_Garett.d:356","Henry und seine Jungs sind die einzigen, die hier was tun.","헨리와 부하들만이 여기서 뭔가 일을 하고 있지.","","False","DIA_Addon_Garett_Francis_09_04","",""
"Scripts/Content/Story/Dialoge/DIA_Addon_PIR_1357_Garett.d:357","Die anderen machen sich hier einen schönen Tag, statt zu arbeiten.","나머지 녀석들은 일할 생각은 안 하고 여기서 빈덕대고만 있어.","","False","DIA_Addon_Garett_Francis_09_05","",""
"Scripts/Content/Story/Dialoge/DIA_Addon_PIR_1357_Garett.d:360","Ich kann nur hoffen, dass Greg bald wieder da ist.","그렉이 어서 돌아오기만을 바랄 뿐이야.","","False","DIA_Addon_Garett_Francis_09_06","",""
"Scripts/Content/Story/Dialoge/DIA_Addon_PIR_1357_Garett.d:361","Der wird ihnen allen ordentlich in den Arsch treten.","그가 녀석들 엉덩이를 아주 단단히 차 줄 테니까.","","False","DIA_Addon_Garett_Francis_09_07","",""
"Scripts/Content/Story/Dialoge/DIA_Addon_PIR_1357_Garett.d:375","Gibt's was Neues?","새로운 소식이라도 있어?","","False","DIA_Addon_Garett_PERM.description","",""
"Scripts/Content/Story/Dialoge/DIA_Addon_PIR_1357_Garett.d:385","Gibt's was Neues?","새로운 소식이라도 있어?","","False","DIA_Addon_Garett_PERM_15_00","",""
"Scripts/Content/Story/Dialoge/DIA_Addon_PIR_1357_Garett.d:390","Seit Greg weg ist, passiert hier gar nichts.","그렉이 떠난 이후로는 여기 아무 일도 안 일어나.","","False","DIA_Addon_Garett_PERM_09_02","",""
"Scripts/Content/Story/Dialoge/DIA_Addon_PIR_1357_Garett.d:394","Jetzt wo Greg wieder da ist, weht hier ein anderer Wind.","그렉이 돌아오니 이제야 여기 분위기가 좀 사는군.","","False","DIA_Addon_Garett_PERM_09_01","",""
"Scripts/Content/Story/Dialoge/DIA_Addon_PIR_1360_HammerPirate.d:34","Alles klar?","다들 별일 없지?","","False","DIA_Addon_HammerPirate_Hello.description","",""
"Scripts/Content/Story/Dialoge/DIA_Addon_PIR_1360_HammerPirate.d:44","Alles klar?","다들 별일 없지?","","False","DIA_Addon_HammerPirate_Hello_15_00","",""
"Scripts/Content/Story/Dialoge/DIA_Addon_PIR_1360_HammerPirate.d:49","Jetzt haben wir's ja hinter uns! Die Msitkerle sind platt wie 'ne Flunder!","물론이지, 이제 다 끝났으니까! 그 쓰레기들은 납작하게 짓밟아 줬다고!","","False","DIA_Addon_HammerPirate_Hello_07_01","",""
"Scripts/Content/Story/Dialoge/DIA_Addon_PIR_1360_HammerPirate.d:53","Bringen wir's hinter uns!","끝내버리자고!","","False","DIA_Addon_HammerPirate_Hello_07_02","",""
"Scripts/Content/Story/Dialoge/DIA_Addon_PIR_1360_HammerPirate.d:58","Nein! Ich steh' nicht auf Hämmern!","아니! 난 망치질 따위는 딱 질색이야!","","False","DIA_Addon_HammerPirate_Hello_07_03","",""
"Scripts/Content/Story/Dialoge/DIA_Addon_PIR_1360_HammerPirate.d:76","Du sollst mir helfen.","나를 도와줘야겠어.","","False","DIA_Addon_HammerPirate_Anheuern.description","",""
"Scripts/Content/Story/Dialoge/DIA_Addon_PIR_1360_HammerPirate.d:89","Sag nichts! Du willst, daß ich mit dir die Banditen plattmache!","말 안 해도 알아! 나랑 같이 가서 산적들을 쳐부수자는 거지!","","False","DIA_Addon_HammerPirate_Anheuern_07_00","",""
"Scripts/Content/Story/Dialoge/DIA_Addon_PIR_1360_HammerPirate.d:90","Du hast es erfasst.","정답이다.","","False","DIA_Addon_PIR_6_JoinHenry_15_08","",""
"Scripts/Content/Story/Dialoge/DIA_Addon_PIR_1360_HammerPirate.d:93","Warum fragst du nicht den Typen an der Säge?","톱질하고 있는 녀석한테 가보지 그래?","","False","DIA_Addon_HammerPirate_Anheuern_07_01","",""
"Scripts/Content/Story/Dialoge/DIA_Addon_PIR_1360_HammerPirate.d:96","Ich... hab keine Lust auf den ganzen Stress...","난... 이런 골칫거리에 휘말리고 싶지 않아...","","False","DIA_Addon_HammerPirate_Anheuern_07_02","",""
"Scripts/Content/Story/Dialoge/DIA_Addon_PIR_1360_HammerPirate.d:109","Komm mit.","같이 가자.","","False","DIA_Addon_HammerPirate_ComeOn.description","",""
"Scripts/Content/Story/Dialoge/DIA_Addon_PIR_1360_HammerPirate.d:125","Komm mit.","같이 가자.","","False","DIA_Addon_HammerPirate_ComeOn_15_00","",""
"Scripts/Content/Story/Dialoge/DIA_Addon_PIR_1360_HammerPirate.d:128","Henry braucht einen von uns HIER...","헨리가 우리 중 누군가는 여기 남아야 한다고...","","False","DIA_Addon_HammerPirate_ComeOn_07_01","",""
"Scripts/Content/Story/Dialoge/DIA_Addon_PIR_1360_HammerPirate.d:132","Lass uns erst ein Stück zurück in Richtung Lager gehen.","일단 야영지 쪽으로 좀 돌아가자고.","","False","DIA_Addon_HammerPirate_ComeOn_07_02","",""
"Scripts/Content/Story/Dialoge/DIA_Addon_PIR_1360_HammerPirate.d:137","(seufzt) Aye, aye...","(한숨을 쉬며) 알았어...","","False","DIA_Addon_HammerPirate_ComeOn_07_03","",""
"Scripts/Content/Story/Dialoge/DIA_Addon_PIR_1360_HammerPirate.d:154","Ich brauch dich nicht mehr.","이제 넌 안 필요해.","","False","DIA_Addon_HammerPirate_GoHome.description","",""
"Scripts/Content/Story/Dialoge/DIA_Addon_PIR_1360_HammerPirate.d:167","Ich brauch dich nicht mehr.","이제 넌 안 필요해.","","False","DIA_Addon_HammerPirate_GoHome_15_00","",""
"Scripts/Content/Story/Dialoge/DIA_Addon_PIR_1360_HammerPirate.d:168","Wie du meinst...","그러시던가...","","False","DIA_Addon_HammerPirate_GoHome_07_01","",""
"Scripts/Content/Story/Dialoge/DIA_Addon_PIR_1360_HammerPirate.d:198","Wenn du weiter in die Richtung gehen willst, lass dich nicht aufhalten...","계속 그 방향으로 가고 싶다면, 말리진 않겠어...","","False","DIA_Addon_HammerPirate_TooFar_07_01","",""
"Scripts/Content/Story/Dialoge/DIA_Addon_PIR_1360_HammerPirate.d:199","Ich geh mal lieber wieder zurück.","난 이만 돌아가는 게 좋겠어.","","False","DIA_Addon_HammerPirate_GoHome_07_02","",""
"Scripts/Content/Story/Dialoge/DIA_Addon_PIR_1360_HammerPirate.d:231","Weißt da was, ich hab nachgedacht. Du bist doch ganz in Ordnung!","이거 봐, 생각해 봤는데. 너도 꽤 괜찮은 녀석이더라고!","","False","DIA_Addon_HammerPirate_Success_07_01","",""
"Scripts/Content/Story/Dialoge/DIA_Addon_PIR_1360_HammerPirate.d:232","Ich geh mal wieder zum Lager. Wir sehen uns!","난 다시 야영지로 갈게. 나중에 보자고!","","False","DIA_Addon_HammerPirate_Success_07_02","",""
"Scripts/Content/Story/Dialoge/DIA_Addon_PIR_1361_SawPirate.d:34","Wie sieht's aus?","어떻게 지내?","","False","DIA_Addon_SawPirate_Hello.description","",""
"Scripts/Content/Story/Dialoge/DIA_Addon_PIR_1361_SawPirate.d:44","Wie sieht's aus?","어떻게 지내?","","False","DIA_Addon_SawPirate_Hello_15_00","",""
"Scripts/Content/Story/Dialoge/DIA_Addon_PIR_1361_SawPirate.d:45","Quatsch mich nicht voll!","시끄러, 헛소리 집어치워!","","False","DIA_Addon_SawPirate_Hello_09_01","",""
"Scripts/Content/Story/Dialoge/DIA_Addon_PIR_1361_SawPirate.d:62","Gehörst du zu Henrys Jungs?","헨리의 부하인가?","","False","DIA_Addon_SawPirate_Anheuern.description","",""
"Scripts/Content/Story/Dialoge/DIA_Addon_PIR_1361_SawPirate.d:75","Gehörst du zu Henrys Jungs?","헨리의 부하인가?","","False","DIA_Addon_Bones_JoinHenry_15_00","",""
"Scripts/Content/Story/Dialoge/DIA_Addon_PIR_1361_SawPirate.d:76","Nein. Ich säge hier zum Spaß ein bißchen am Baum herum.","아니. 그냥 심심해서 여기서 나무를 썰고 있지.","","False","DIA_Addon_SawPirate_Anheuern_09_01","",""
"Scripts/Content/Story/Dialoge/DIA_Addon_PIR_1361_SawPirate.d:77","Was ist los? Hat Henry dir gesagt, was du zu tun hast?","무슨 일이야? 헨리가 할 일을 일러주던가?","","False","DIA_Addon_SawPirate_Anheuern_09_02","",""
"Scripts/Content/Story/Dialoge/DIA_Addon_PIR_1361_SawPirate.d:78","Ja. Ich soll für ihn einige Banditen aus dem Weg räumen.","그래. 그를 위해 산적 몇 놈을 처치해야 해.","","False","DIA_Addon_Bones_JoinHenry_15_04","",""
"Scripts/Content/Story/Dialoge/DIA_Addon_PIR_1361_SawPirate.d:79","(wehrt ab) Ooh nein! Sieh mich NICHT so an. Ich will da nicht hingehen.","(질색하며) 오 안 돼! 그런 눈으로 날 보지 마. 난 거기 가기 싫다고.","","False","DIA_Addon_SawPirate_Anheuern_09_03","",""
"Scripts/Content/Story/Dialoge/DIA_Addon_PIR_1361_SawPirate.d:80","Lass mich lieber weitersägen, okay?","그냥 마저 톱질이나 하게 내버려 두라고, 알겠어?","","False","DIA_Addon_SawPirate_Anheuern_09_04","",""
"Scripts/Content/Story/Dialoge/DIA_Addon_PIR_1361_SawPirate.d:95","Komm mit.","같이 가자.","","False","DIA_Addon_SawPirate_ComeOn.description","",""
"Scripts/Content/Story/Dialoge/DIA_Addon_PIR_1361_SawPirate.d:111","Komm mit.","같이 가자.","","False","DIA_Addon_SawPirate_ComeOn_15_00","",""
"Scripts/Content/Story/Dialoge/DIA_Addon_PIR_1361_SawPirate.d:114","Wieso? Du hast doch schon 'nen Mann dabei...","왜? 이미 데리고 있는 녀석이 있잖아...","","False","DIA_Addon_SawPirate_ComeOn_09_01","",""
"Scripts/Content/Story/Dialoge/DIA_Addon_PIR_1361_SawPirate.d:118","Erst gehen wir mal ein Stück zurück in Richtung Lager...","먼저 야영지 쪽으로 좀 뒤로 가자...","","False","DIA_Addon_SawPirate_ComeOn_09_04","",""
"Scripts/Content/Story/Dialoge/DIA_Addon_PIR_1361_SawPirate.d:124","(zu sich) Warum hat er nicht den ANDEREN gefragt...","(혼잣말로) 왜 하필 다른 녀석을 안 부르고...","","False","DIA_Addon_SawPirate_ComeOn_09_02","",""
"Scripts/Content/Story/Dialoge/DIA_Addon_PIR_1361_SawPirate.d:132","(seufzt) Aye, aye...","(한숨을 쉬며) 알았어...","","False","DIA_Addon_SawPirate_ComeOn_09_03","",""
"Scripts/Content/Story/Dialoge/DIA_Addon_PIR_1361_SawPirate.d:149","Ich brauch dich nicht mehr.","이제 넌 안 필요해.","","False","DIA_Addon_SawPirate_GoHome.description","",""
"Scripts/Content/Story/Dialoge/DIA_Addon_PIR_1361_SawPirate.d:162","Ich brauch dich nicht mehr.","이제 넌 안 필요해.","","False","DIA_Addon_SawPirate_GoHome_15_00","",""
"Scripts/Content/Story/Dialoge/DIA_Addon_PIR_1361_SawPirate.d:163","Dann werd ich mal ein bißchen weitersägen!","그럼 난 마저 톱질이나 하러 가겠어!","","False","DIA_Addon_SawPirate_GoHome_09_01","",""
"Scripts/Content/Story/Dialoge/DIA_Addon_PIR_1361_SawPirate.d:193","Wir sind zu weit weg vom Lager.","야영지에서 너무 멀리 떨어졌어.","","False","DIA_Addon_SawPirate_TooFar_09_01","",""
"Scripts/Content/Story/Dialoge/DIA_Addon_PIR_1361_SawPirate.d:194","Das gefällt mir gar nicht. Ich werd' mal wieder zurückgehen.","이거 마음에 안 드는데. 난 이만 돌아가겠어.","","False","DIA_Addon_SawPirate_GoHome_09_02","",""
"Scripts/Content/Story/Dialoge/DIA_Addon_PIR_1361_SawPirate.d:226","Weißt da was, ich hab nachgedacht. Du bist ein Arschloch!","이거 봐, 생각해 봤는데. 너 정말 재수 없는 자식이구나!","","False","DIA_Addon_SawPirate_Success_09_01","",""
"Scripts/Content/Story/Dialoge/DIA_Addon_PIR_1361_SawPirate.d:227","Ich geh zurück zum Lager. Wir sehen uns hoffentlich nie wieder!","야영지로 돌아갈 테니까, 다신 네 놈 얼굴 안 봤으면 좋겠군!","","False","DIA_Addon_SawPirate_Success_09_02","",""
"Scripts/Content/Story/Dialoge/DIA_Addon_PIR_1362_Bones.d:65","Tut mir Leid. Ich hab gerade keine Zeit.","미안해. 지금은 시간이 없거든.","","False","DIA_Addon_Bones_Train_01_01","",""
"Scripts/Content/Story/Dialoge/DIA_Addon_PIR_1362_Bones.d:66","Ich muss trainieren.","훈련을 해야 해.","","False","DIA_Addon_Bones_Train_01_02","",""
"Scripts/Content/Story/Dialoge/DIA_Addon_PIR_1362_Bones.d:76","Der Canyon wartet.","협곡이 기다리고 있다.","","False","DIA_Addon_Bones_Anheuern.description","",""
"Scripts/Content/Story/Dialoge/DIA_Addon_PIR_1362_Bones.d:89","Der Canyon wartet.","협곡이 기다리고 있다.","","False","DIA_Addon_Bones_Anheuern_15_01","",""
"Scripts/Content/Story/Dialoge/DIA_Addon_PIR_1362_Bones.d:102","Wie läuft's?","어떻게 지내?","","False","DIA_Addon_Bones_Hello.description","",""
"Scripts/Content/Story/Dialoge/DIA_Addon_PIR_1362_Bones.d:112","Wie läuft's?","어떻게 지내?","","False","DIA_Addon_Bones_Hello_15_00","",""
"Scripts/Content/Story/Dialoge/DIA_Addon_PIR_1362_Bones.d:113","Naja, ich komm klar. Is'n bisschen langweilig, aber wenigstens muss ich nicht arbeiten.","뭐, 그럭저럭 지내지. 좀 지루하긴 하지만, 적어도 일할 필요는 없으니까.","","False","DIA_Addon_Bones_Hello_01_01","",""
"Scripts/Content/Story/Dialoge/DIA_Addon_PIR_1362_Bones.d:114","Ich bereite mich gerade auf meinen nächsten Auftrag vor, den Greg mir gegeben hat.","그렉이 준 다음 임무를 준비하는 중이야.","","False","DIA_Addon_Bones_Work_01_01","",""
"Scripts/Content/Story/Dialoge/DIA_Addon_PIR_1362_Bones.d:115","Welchen Auftrag?","어떤 임무지?","","False","DIA_Addon_Bones_Work_15_02","",""
"Scripts/Content/Story/Dialoge/DIA_Addon_PIR_1362_Bones.d:116","Das darf ich nicht sagen.","그건 말할 수 없어.","","False","DIA_Addon_Bones_Work_01_03","",""
"Scripts/Content/Story/Dialoge/DIA_Addon_PIR_1362_Bones.d:117","Nichts für ungut, Kleiner. Aber ich habe mir das Privileg hart erarbeitet und habe keine Lust, es wieder zu verlieren.","악의는 없다고, 꼬마 친구. 하지만 난 그 특권을 얻으려고 뼈빠지게 일했거든. 다시 잃고 싶진 않아.","","False","DIA_Addon_Bones_Work_01_04","",""
"Scripts/Content/Story/Dialoge/DIA_Addon_PIR_1362_Bones.d:131","Kannst du mir was beibringen?","나한테 뭘 좀 가르쳐 줄 수 있어?","","False","DIA_Addon_Bones_Train.description","",""
"Scripts/Content/Story/Dialoge/DIA_Addon_PIR_1362_Bones.d:144","Kannst du mir was beibringen?","나한테 뭘 좀 가르쳐 줄 수 있어?","","False","DIA_Addon_Bones_Train_15_00","",""
"Scripts/Content/Story/Dialoge/DIA_Addon_PIR_1362_Bones.d:157","Wer kann mir hier was beibringen?","여기서 누굴 찾아가야 뭘 배울 수 있지?","","False","DIA_Addon_Bones_Teacher.description","",""
"Scripts/Content/Story/Dialoge/DIA_Addon_PIR_1362_Bones.d:170","Wer kann mir hier was beibringen?","여기서 누굴 찾아가야 뭘 배울 수 있지?","","False","DIA_Addon_Bones_Teacher_15_00","",""
"Scripts/Content/Story/Dialoge/DIA_Addon_PIR_1362_Bones.d:171","Henry und Morgan führen unsere Entertrupps an.","헨리랑 모건이 우리 약탈 부대를 이끌고 있지.","","False","DIA_Addon_Bones_Teacher_01_04","",""
"Scripts/Content/Story/Dialoge/DIA_Addon_PIR_1362_Bones.d:172","Sie können dir beibringen, wie du besser kämpfst.","그들이라면 네가 더 나은 전사가 되는 법을 가르쳐 줄 수 있을 거야.","","False","DIA_Addon_Bones_Teacher_01_05","",""
"Scripts/Content/Story/Dialoge/DIA_Addon_PIR_1362_Bones.d:173","Henrys Leute sind alle mit Zweihandwaffen ausgerüstet.","헨리의 사람들은 모두 양손 무기로 무장하고 있어.","","False","DIA_Addon_Bones_Teacher_01_07","",""
"Scripts/Content/Story/Dialoge/DIA_Addon_PIR_1362_Bones.d:174","Morgan mag mehr die schnelleren Einhandwaffen.","모건은 좀 더 빠른 한손 무기를 선호하지.","","False","DIA_Addon_Bones_Teacher_01_08","",""
"Scripts/Content/Story/Dialoge/DIA_Addon_PIR_1362_Bones.d:175","Wer noch?","또 누가 있지?","","False","DIA_Addon_Bones_Teacher_15_09","",""
"Scripts/Content/Story/Dialoge/DIA_Addon_PIR_1362_Bones.d:176","Keine Ahnung, für was anderes habe ich mich nie interessiert.","별로 관심이 없어서 다른 건 잘 몰라.","","False","DIA_Addon_Bones_Teacher_01_10","",""
"Scripts/Content/Story/Dialoge/DIA_Addon_PIR_1362_Bones.d:177","Aber ich bin mir sicher, dass Alligator Jack oder Samuel dir bestimmt noch den einen oder anderen Trick zeigen können.","하지만 앨리게이터 잭이나 사무엘이라면 너한테 한두 가지 기술쯤은 가르쳐 줄 수 있을 거야.","","False","DIA_Addon_Bones_Teacher_01_11","",""
"Scripts/Content/Story/Dialoge/DIA_Addon_PIR_1362_Bones.d:194","Kannst du mir was über Francis erzählen?","프랜시스에 대해 말해 줄 수 있어?","","False","DIA_Addon_Bones_Francis.description","",""
"Scripts/Content/Story/Dialoge/DIA_Addon_PIR_1362_Bones.d:211","Kannst du mir was über Francis erzählen?","프랜시스에 대해 말해 줄 수 있어?","","False","DIA_Addon_Bones_Francis_15_00","",""
"Scripts/Content/Story/Dialoge/DIA_Addon_PIR_1362_Bones.d:212","Guck dich doch mal um. Die Einzigen, die was tun, sind Henry und seine Jungs.","주위를 둘러봐. 일하는 사람이라곤 헨리랑 그 부하들뿐이잖아.","","False","DIA_Addon_Bones_Francis_01_03","",""
"Scripts/Content/Story/Dialoge/DIA_Addon_PIR_1362_Bones.d:213","Morgan liegt den ganzen Tag im Bett, oder lässt sich volllaufen.","모건은 온종일 침대에 누워 있거나 술에 쩔어 살고 있지.","","False","DIA_Addon_Bones_Francis_01_04","",""
"Scripts/Content/Story/Dialoge/DIA_Addon_PIR_1362_Bones.d:214","Bei Greg gibt's sowas nicht. Wer nicht spurt, kriegt einen Tritt in den Hintern, so ist das!","그렉 앞에선 어림도 없지. 말을 안 들으면 엉덩이를 걷어차이거든. 확실해!","","False","DIA_Addon_Bones_Francis_01_05","",""
"Scripts/Content/Story/Dialoge/DIA_Addon_PIR_1362_Bones.d:227","Gib mir die Banditenrüstung.","내게 방어구를 줘.","","False","DIA_Addon_Bones_WantArmor.description","",""
"Scripts/Content/Story/Dialoge/DIA_Addon_PIR_1362_Bones.d:241","Gib mir die Banditenrüstung.","내게 방어구를 줘.","","False","DIA_Addon_Bones_WantArmor_15_00","",""
"Scripts/Content/Story/Dialoge/DIA_Addon_PIR_1362_Bones.d:242","Ich bin doch nicht verrückt. Greg reißt mir den Kopf ab.","내가 미쳤냐? 그렉이 가만두지 않을 거야.","","False","DIA_Addon_Bones_WantArmor_01_01","",""
"Scripts/Content/Story/Dialoge/DIA_Addon_PIR_1362_Bones.d:243","Er hat ausdrücklich gesagt, dass ohne seinen Befehl niemand die Rüstung bekommt.","그의 명령이 없이는 누구도 방어구를 가질 수 없다고 분명히 말했어.","","False","DIA_Addon_Bones_WantArmor_01_02","",""
"Scripts/Content/Story/Dialoge/DIA_Addon_PIR_1362_Bones.d:246","Ich kann sie dir nicht geben. Vor allem nicht jetzt, wo er wieder da ist.","너한테 줄 순 없어. 특히 그가 돌아온 지금은 더더욱 안 되지.","","False","DIA_Addon_Bones_WantArmor_01_03","",""
"Scripts/Content/Story/Dialoge/DIA_Addon_PIR_1362_Bones.d:261","Du sollst mir die Banditenrüstung geben. Befehl von Greg.","방어구를 달라고 하더군. 그렉의 명령이야.","","False","DIA_Addon_Bones_GiveArmor.description","",""
"Scripts/Content/Story/Dialoge/DIA_Addon_PIR_1362_Bones.d:274","Du sollst mir die Banditenrüstung geben. Befehl von Greg.","방어구를 달라고 하더군. 그렉의 명령이야.","","False","DIA_Addon_Bones_GiveArmor_15_00","",""
"Scripts/Content/Story/Dialoge/DIA_Addon_PIR_1362_Bones.d:275","Von Greg? Puh, ich dachte schon, ich müsste doch noch gehen.","그렉이? 휴, 난 또 정말로 가야 하는 줄 알았잖아.","","False","DIA_Addon_Bones_GiveArmor_01_01","",""
"Scripts/Content/Story/Dialoge/DIA_Addon_PIR_1362_Bones.d:276","Dieser Späherjob im Banditenlager ist der reinste Selbstmord.","반란군 캠프에 정탐꾼으로 들어가는 건 자살 행위나 다름없다고.","","False","DIA_Addon_Bones_GiveArmor_01_02","",""
"Scripts/Content/Story/Dialoge/DIA_Addon_PIR_1362_Bones.d:277","Lieber hol ich mir den Strafdienst von Greg, als mich von diesen Banditen umbringen zu lassen.","저 도둑놈들한테 죽느니 차라리 그렉한테 벌을 받는 게 낫겠어.","","False","DIA_Addon_Bones_GiveArmor_01_03","",""
"Scripts/Content/Story/Dialoge/DIA_Addon_PIR_1362_Bones.d:278","(genervt) Die Rüstung.","(짜증 내며) 방어구나 줘.","","False","DIA_Addon_Bones_GiveArmor_15_04","",""
"Scripts/Content/Story/Dialoge/DIA_Addon_PIR_1362_Bones.d:279","Ach ja, hier hast du sie.","아 맞다, 여기 있어.","","False","DIA_Addon_Bones_GiveArmor_01_05","",""
"Scripts/Content/Story/Dialoge/DIA_Addon_PIR_1362_Bones.d:281","Sei bloß vorsichtig. Mit den Kerlen ist nicht zu spaßen.","정말 조심하라고. 그 녀석들은 장난이 아니니까.","","False","DIA_Addon_Bones_GiveArmor_01_06","",""
"Scripts/Content/Story/Dialoge/DIA_Addon_PIR_1363_BenchPirate.d:34","Wie sieht's aus?","요즘 어때?","","False","DIA_Addon_BenchPirate_Hello.description","",""
"Scripts/Content/Story/Dialoge/DIA_Addon_PIR_1363_BenchPirate.d:44","Wie sieht's aus?","요즘 어때?","","False","DIA_Addon_Pir_7_Hello_15_00","",""
"Scripts/Content/Story/Dialoge/DIA_Addon_PIR_1363_BenchPirate.d:52","Endlich ist Greg wieder da. Das wurde aber auch Zeit.","드디어 그렉이 돌아왔어. 때맞춰 잘 돌아왔지.","","False","DIA_Addon_Pir_7_Hello_07_01","",""
"Scripts/Content/Story/Dialoge/DIA_Addon_PIR_1363_BenchPirate.d:56","Francis soll mal Holz für die Palisade besorgen. Das wird er ja wohl noch können.","프랜시스는 방책용 나무나 좀 구해오라지. 그 정도는 할 수 있겠지.","","False","DIA_Addon_Pir_7_Hello_07_02","",""
"Scripts/Content/Story/Dialoge/DIA_Addon_PIR_1363_BenchPirate.d:60","Von mir können die Banditen jetzt kommen. Mit Greg an unserer Seite, können die uns gar nichts.","이제 도둑들이 쳐들어와도 상관없어. 우리 곁엔 그렉이 있으니 무서울 게 없다고.","","False","DIA_Addon_Pir_7_Hello_07_03","",""
"Scripts/Content/Story/Dialoge/DIA_Addon_PIR_1363_BenchPirate.d:67","Francis, der Lageranführer, ist 'ne Witzfigur. Den kann doch keiner Ernst nehmen.","캠프 우두머리라는 프랜시스는 완전히 광대 같아. 그 자를 진심으로 대하는 사람이 어디 있겠어?","","False","DIA_Addon_Pir_7_Hello_07_04","",""
"Scripts/Content/Story/Dialoge/DIA_Addon_PIR_1363_BenchPirate.d:71","Greg vertraut Francis, weil er zu dumm ist, um zu bescheißen! Aber ihn deswegen gleich zum Anführer zu machen....","그렉이 프랜시스를 믿는 건 그가 사기를 칠 줄도 모를 정도로 멍청하기 때문이야! 하지만 그렇다고 그를 우두머리로 삼다니...","","False","DIA_Addon_Pir_7_Hello_07_05","",""
"Scripts/Content/Story/Dialoge/DIA_Addon_PIR_1363_BenchPirate.d:75","Wenn Greg nicht bald wieder kommt und ich endlich wieder Planken unter den Füßen habe, werde ich noch landkrank.","그렉이 어서 돌아와서 다시 내 발밑에 갑판이 놓이지 않으면, 난 육지병에 걸려 죽어버릴지도 몰라.","","False","DIA_Addon_Pir_7_Hello_07_06","",""
"Scripts/Content/Story/Dialoge/DIA_Addon_PIR_1363_BenchPirate.d:94","Du sollst mir helfen.","날 도와야 할 거야.","","False","DIA_Addon_BenchPirate_Anheuern.description","",""
"Scripts/Content/Story/Dialoge/DIA_Addon_PIR_1363_BenchPirate.d:107","Du sollst mir helfen.","날 도와야 할 거야.","","False","DIA_Addon_BenchPirate_Anheuern_15_00","",""
"Scripts/Content/Story/Dialoge/DIA_Addon_PIR_1363_BenchPirate.d:108","Befehl von Greg?","그렉의 명령이라고?","","False","DIA_Addon_BenchPirate_Anheuern_07_01","",""
"Scripts/Content/Story/Dialoge/DIA_Addon_PIR_1363_BenchPirate.d:109","Du hast es erfasst.","맞아.","","False","DIA_Addon_BenchPirate_Anheuern_15_08","",""
"Scripts/Content/Story/Dialoge/DIA_Addon_PIR_1363_BenchPirate.d:122","Der Canyon wartet.","협곡이 기다리고 있어.","","False","DIA_Addon_BenchPirate_ComeOn.description","",""
"Scripts/Content/Story/Dialoge/DIA_Addon_PIR_1363_BenchPirate.d:137","Der Canyon wartet.","협곡이 기다리고 있어.","","False","DIA_Addon_BenchPirate_ComeOn_15_01","",""
"Scripts/Content/Story/Dialoge/DIA_Addon_PIR_1363_BenchPirate.d:140","Genau DAHIN gehe ich ja zurück...","정확히 그곳으로 돌아가는 길이다만...","","False","DIA_Addon_BenchPirate_ComeOn_07_02","",""
"Scripts/Content/Story/Dialoge/DIA_Addon_PIR_1363_BenchPirate.d:145","Aye, aye, Käpt'n!","알겠습니다, 선장님!","","False","DIA_Addon_BenchPirate_ComeOn_07_01","",""
"Scripts/Content/Story/Dialoge/DIA_Addon_PIR_1363_BenchPirate.d:169","Ich brauch dich nicht mehr.","이제 넌 필요 없어.","","False","DIA_Addon_BenchPirate_GoHome.description","",""
"Scripts/Content/Story/Dialoge/DIA_Addon_PIR_1363_BenchPirate.d:182","Ich brauch dich nicht mehr.","이제 넌 필요 없어.","","False","DIA_Addon_BenchPirate_GoHome_15_00","",""
"Scripts/Content/Story/Dialoge/DIA_Addon_PIR_1363_BenchPirate.d:183","Ich bin wieder im Lager, Käpt'n!","캠프로 돌아왔습니다, 선장님!","","False","DIA_Addon_BenchPirate_GoHome_07_01","",""
"Scripts/Content/Story/Dialoge/DIA_Addon_PIR_1363_BenchPirate.d:213","Wir sind zu weit weg vom Lager.","우린 캠프에서 너무 멀리 떨어졌어.","","False","DIA_Addon_BenchPirate_TooFar_07_01","",""
"Scripts/Content/Story/Dialoge/DIA_Addon_PIR_1363_BenchPirate.d:214","Das gefällt mir gar nicht.","이거 정말 마음에 안 드는데.","","False","DIA_Addon_BenchPirate_GoHome_07_02","",""
"Scripts/Content/Story/Dialoge/DIA_Addon_PIR_1363_BenchPirate.d:217","Ich geh zurück zum Lager!","난 캠프로 돌아갈 거야!","","False","DIA_Addon_Matt_TooFar_07_02","",""
"Scripts/Content/Story/Dialoge/DIA_Addon_PIR_1363_BenchPirate.d:221","Ich und die Jungs gehen zurück zum Lager!","나와 부하들은 캠프로 돌아간다!","","False","DIA_Addon_Matt_TooFar_07_03","",""
"Scripts/Content/Story/Dialoge/DIA_Addon_PIR_1364_RoastPirate.d:52","Puh, diese Hitze am Feuer macht durstig.","휴, 모닥불 열기 때문에 목이 바짝 타들어 가네.","","False","DIA_Addon_PIR_6_GimmeGrog_06_00","",""
"Scripts/Content/Story/Dialoge/DIA_Addon_PIR_1364_RoastPirate.d:53","Sag mal, hast du einen Grog für mich?","이봐, 나한테 줄 그로그 없어?","","False","DIA_Addon_PIR_6_GimmeGrog_06_01","",""
"Scripts/Content/Story/Dialoge/DIA_Addon_PIR_1364_RoastPirate.d:60","Nein, ich habe nichts.","아니, 없어.","","False","DIA_Addon_RoastPirate_GimmeGrog_Info.DIA_Addon_RoastPirate_GimmeGrog.DIA_Addon_RoastPirate_GimmeGrog_DontHaveAny","Info_AddChoice",""
"Scripts/Content/Story/Dialoge/DIA_Addon_PIR_1364_RoastPirate.d:64","Hier nimm einen Schluck.","자, 한 모금 마셔.","","False","DIA_Addon_RoastPirate_GimmeGrog_Info.DIA_Addon_RoastPirate_GimmeGrog.DIA_Addon_RoastPirate_GimmeGrog_HereIsGrog","Info_AddChoice",""
"Scripts/Content/Story/Dialoge/DIA_Addon_PIR_1364_RoastPirate.d:70","Nein, ich habe nichts.","아니, 없어.","","False","DIA_Addon_PIR_6_GimmeGrog_DontHaveAny_15_00","",""
"Scripts/Content/Story/Dialoge/DIA_Addon_PIR_1364_RoastPirate.d:71","Mist, ich verdurste noch.","젠장, 이러다 목말라 죽겠군.","","False","DIA_Addon_PIR_6_GimmeGrog_DontHaveAny_06_00","",""
"Scripts/Content/Story/Dialoge/DIA_Addon_PIR_1364_RoastPirate.d:79","Hier, nimm einen Schluck.","자, 한 모금 마셔.","","False","DIA_Addon_PIR_6_GimmeGrog_HereIsGrog_15_00","",""
"Scripts/Content/Story/Dialoge/DIA_Addon_PIR_1364_RoastPirate.d:81","Danke, Mann.","고마워, 친구.","","False","DIA_Addon_PIR_6_GimmeGrog_HereIsGrog_06_01","",""
"Scripts/Content/Story/Dialoge/DIA_Addon_PIR_1364_RoastPirate.d:101","Was macht du so?","뭐 하고 지내나?","","False","DIA_Addon_RoastPirate_SeichtesWasser.description","",""
"Scripts/Content/Story/Dialoge/DIA_Addon_PIR_1364_RoastPirate.d:111","Was macht du so?","뭐 하고 지내나?","","False","DIA_Addon_PIR_6_SeichtesWasser_15_00","",""
"Scripts/Content/Story/Dialoge/DIA_Addon_PIR_1364_RoastPirate.d:112","Ich muss mich um die gefrässige Mannschaft hier kümmern.","여기 이 대식가들 밥을 챙겨야 하거든.","","False","DIA_Addon_PIR_6_SeichtesWasser_06_01","",""
"Scripts/Content/Story/Dialoge/DIA_Addon_PIR_1364_RoastPirate.d:113","Deswegen steh ich hier Tag und Nacht und brate mir einen Wolf.","그래서 밤낮으로 여기서 프라이팬과 사투를 벌이고 있지.","","False","DIA_Addon_PIR_6_SeichtesWasser_06_02","",""
"Scripts/Content/Story/Dialoge/DIA_Addon_PIR_1364_RoastPirate.d:114","Dabei würde ich viel lieber am Strand und im seichten Wasser nach angespülten Treibgut suchen.","차라리 해변이나 얕은 물가에서 밀려온 잔해를 찾는 게 훨씬 낫겠어.","","False","DIA_Addon_PIR_6_SeichtesWasser_06_03","",""
"Scripts/Content/Story/Dialoge/DIA_Addon_PIR_1364_RoastPirate.d:115","Letzte Woche ist vor der Küste ein fettes Handelschiff auf's Riff gelaufen.","지난주에 해안가 근처에서 거대한 상선이 암초에 부딪혔거든.","","False","DIA_Addon_PIR_6_SeichtesWasser_06_04","",""
"Scripts/Content/Story/Dialoge/DIA_Addon_PIR_1364_RoastPirate.d:116","Und die ganzen guten Sachen werden jetzt an Land gespült.","그 덕에 온갖 좋은 물건들이 지금 해변으로 밀려오고 있다고.","","False","DIA_Addon_PIR_6_SeichtesWasser_06_05","",""
"Scripts/Content/Story/Dialoge/DIA_Addon_PIR_1364_RoastPirate.d:117","Hoffentlich löst mich hier bald mal einer ab.","누가 좀 얼른 날 교대해 줬으면 좋겠네.","","False","DIA_Addon_PIR_6_SeichtesWasser_06_06","",""
"Scripts/Content/Story/Dialoge/DIA_Addon_PIR_1364_RoastPirate.d:129","Was kannst du mir über Francis erzählen?","프랜시스에 대해 뭘 좀 말해줄 수 있어?","","False","DIA_Addon_RoastPirate_Francis.description","",""
"Scripts/Content/Story/Dialoge/DIA_Addon_PIR_1364_RoastPirate.d:146","Was kannst du mir über Francis erzählen?","프랜시스에 대해 뭘 좀 말해줄 수 있어?","","False","DIA_Addon_PIR_6_FRANCIS_15_00","",""
"Scripts/Content/Story/Dialoge/DIA_Addon_PIR_1364_RoastPirate.d:147","Francis? Der spielt sich auf, als wäre er unser Kapitän. Aber warte mal ab, wenn Greg wieder da ist.","프랜시스? 마치 자기가 우리 선장인 것처럼 굴지. 하지만 그렉이 돌아올 때까지만 참으시지.","","False","DIA_Addon_PIR_6_Francis_06_01","",""
"Scripts/Content/Story/Dialoge/DIA_Addon_PIR_1364_RoastPirate.d:148","Dann kriecht er wieder unter seinen Stein und ist klein wie ein Flusskrebs.","그렉이 돌아오면 돌 밑에 기어들어 가는 갯가라기 신세가 될 테니까.","","False","DIA_Addon_PIR_6_Francis_06_02","",""
"Scripts/Content/Story/Dialoge/DIA_Addon_PIR_1364_RoastPirate.d:149","Wenn du mich fragst, verarscht der uns alle. Ich wette, er arbeitet in die eigene Tasche.","내 생각엔 그 자가 우리를 속이고 있어. 분명 제 주머니를 채우고 있을걸.","","False","DIA_Addon_PIR_6_Francis_06_04","",""
"Scripts/Content/Story/Dialoge/DIA_Addon_PIR_1364_RoastPirate.d:150","Von mir hast du das nicht. Uns solange es keine Beweise gibt, würde ich das, an deiner Stelle, auch nicht laut rumerzählen.","내게 들은 건 잊어버려. 증거도 없는 마당에 너라면 그런 소릴 떠벌리고 다니진 않을 걸.","","False","DIA_Addon_PIR_6_Francis_06_05","",""
"Scripts/Content/Story/Dialoge/DIA_Addon_PIR_1364_RoastPirate.d:163","Und sonst?","그 밖에 또 무슨 소식 있어?","","False","DIA_Addon_RoastPirate_PERM.description","",""
"Scripts/Content/Story/Dialoge/DIA_Addon_PIR_1364_RoastPirate.d:176","Und sonst?","그 밖에 또 무슨 소식 있어?","","False","DIA_Addon_Matt_Job_15_00","",""
"Scripts/Content/Story/Dialoge/DIA_Addon_PIR_1364_RoastPirate.d:186","An Gregs Stelle würde ich Francis in den Sumpf schicken.","내가 그렉이라면 프랜시스를 늪지대로 보내버렸을 거야.","","False","DIA_Addon_PIR_6_Chef_06_02","",""
"Scripts/Content/Story/Dialoge/DIA_Addon_PIR_1364_RoastPirate.d:190","Jetzt wo Greg wieder da ist, werden sich die Banditen bestimmt nicht mehr trauen uns anzugreifen.","그렉이 돌아왔으니, 도둑놈들도 감히 우리를 공격할 생각은 못 할 거다.","","False","DIA_Addon_PIR_6_Chef_06_03","",""
"Scripts/Content/Story/Dialoge/DIA_Addon_PIR_1364_RoastPirate.d:194","Dass Greg wieder da ist, bedeutet zwar mehr Arbeit, aber wenigstens stimmt die Kohle.","그렉이 돌아와서 할 일이 더 많아지긴 했지만, 적어도 보수는 톡톡히 챙겨주니까.","","False","DIA_Addon_PIR_6_Chef_06_01","",""
"Scripts/Content/Story/Dialoge/DIA_Addon_PIR_1364_RoastPirate.d:202","Francis ist eine absolute Pfeife. Alles läuft hier drunter und drüber, seit er Lageranführer ist.","프랜시스는 정말 구제 불능이야. 그 자가 캠프 우두머리가 된 이후로 온통 엉망진창이라고.","","False","DIA_Addon_PIR_6_Chef_06_06","",""
"Scripts/Content/Story/Dialoge/DIA_Addon_PIR_1364_RoastPirate.d:206","Die Banditen sollen ruhig angreifen. Die werden ihr blaues Wunder erleben.","도둑놈들이 감히 쳐들어오겠다면 그러라 그래. 아주 쓴맛을 보여줄 테니까.","","False","DIA_Addon_PIR_6_Chef_06_05","",""
"Scripts/Content/Story/Dialoge/DIA_Addon_PIR_1364_RoastPirate.d:210","Hoffentlich ist Greg bald wieder da. Ich will wieder raus auf die offene See.","그렉이 어서 돌아왔으면 좋겠어. 다시 탁 트인 바다로 나가고 싶거든.","","False","DIA_Addon_PIR_6_Chef_06_04","",""
"Scripts/Content/Story/Dialoge/DIA_Addon_PIR_1364_RoastPirate.d:229","Du sollst mir helfen.","날 도와야 할 거야.","","False","DIA_Addon_RoastPirate_Anheuern.description","",""
"Scripts/Content/Story/Dialoge/DIA_Addon_PIR_1364_RoastPirate.d:242","Du sollst mir helfen.","날 도와야 할 거야.","","False","DIA_Addon_Matt_FollowMe_15_01","",""
"Scripts/Content/Story/Dialoge/DIA_Addon_PIR_1364_RoastPirate.d:243","Befehl von Greg.","그렉의 명령이다.","","False","DIA_Addon_Matt_FollowMe_15_03","",""
"Scripts/Content/Story/Dialoge/DIA_Addon_PIR_1364_RoastPirate.d:257","Komm mit.","나와 함께 가자.","","False","DIA_Addon_RoastPirate_ComeOn.description","",""
"Scripts/Content/Story/Dialoge/DIA_Addon_PIR_1364_RoastPirate.d:272","Komm mit.","나와 함께 가자.","","False","DIA_Addon_RoastPirate_ComeOn_15_00","",""
"Scripts/Content/Story/Dialoge/DIA_Addon_PIR_1364_RoastPirate.d:298","Ich brauch dich nicht mehr.","이제 넌 필요 없어.","","False","DIA_Addon_RoastPirate_GoHome.description","",""
"Scripts/Content/Story/Dialoge/DIA_Addon_PIR_1364_RoastPirate.d:311","Ich brauch dich nicht mehr.","이제 넌 필요 없어.","","False","DIA_Addon_RoastPirate_GoHome_15_00","",""
"Scripts/Content/Story/Dialoge/DIA_Addon_PIR_1366_Brandon.d:47","Sieh an. Ein Neuling.","이거 봐라. 신참이네.","","False","DIA_Addon_Brandon_Hello_04_00","",""
"Scripts/Content/Story/Dialoge/DIA_Addon_PIR_1366_Brandon.d:48","Und eine Landratte noch dazu!","거기다 풋내기잖아!","","False","DIA_Addon_Brandon_Hello_04_01","",""
"Scripts/Content/Story/Dialoge/DIA_Addon_PIR_1366_Brandon.d:49","Bist'n bißchen dürr für 'n Piraten.","해적치곤 몸이 좀 부실한데.","","False","DIA_Addon_Brandon_Hello_04_02","",""
"Scripts/Content/Story/Dialoge/DIA_Addon_PIR_1366_Brandon.d:62","Gibt's was Neues?","새로운 소식 있어?","","False","DIA_Addon_Brandon_AnyNews.description","",""
"Scripts/Content/Story/Dialoge/DIA_Addon_PIR_1366_Brandon.d:72","Gibt's was Neues?","새로운 소식 있어?","","False","DIA_Addon_Brandon_AnyNews_15_00","",""
"Scripts/Content/Story/Dialoge/DIA_Addon_PIR_1366_Brandon.d:78","Allerdings. Ich bin verletzt . Hast du noch einen Heiltrank?","그럼 있고 말고. 다쳤거든. 남는 치유 포션 있어?","","False","DIA_Addon_Brandon_Alright_04_01","",""
"Scripts/Content/Story/Dialoge/DIA_Addon_PIR_1366_Brandon.d:84","Was denn? Machen wir jetzt die Viecher fertig oder nicht?","뭐야? 그 짐승들을 해치우는 거야 마는 거야?","","False","DIA_Addon_Brandon_Alright_04_02","",""
"Scripts/Content/Story/Dialoge/DIA_Addon_PIR_1366_Brandon.d:88","Du kannst fragen stellen! Ich glaube im ganzen verdammten Canyon ist kein einziger Razor mehr!","말이라고 해? 이 저주받은 협곡에 레이저는 단 한 마리도 남지 않았을 걸!","","False","DIA_Addon_Brandon_Alright_04_03","",""
"Scripts/Content/Story/Dialoge/DIA_Addon_PIR_1366_Brandon.d:96","Nein, aber jetzt wo Greg jetzt zurück ist, wird sich das hoffentlich bald ändern.","아니, 하지만 그렉이 돌아왔으니 곧 달라지겠지.","","False","DIA_Addon_Brandon_AnyNews_04_04","",""
"Scripts/Content/Story/Dialoge/DIA_Addon_PIR_1366_Brandon.d:100","(verschwörerisch) Warte mal.","(음흉하게) 잠깐만.","","False","DIA_Addon_Brandon_AnyNews_04_06","",""
"Scripts/Content/Story/Dialoge/DIA_Addon_PIR_1366_Brandon.d:102","(lacht) Nee, kann nichts erkennen. Alles beim alten!","(웃음) 아니, 별거 없어. 늘 똑같지 뭐!","","False","DIA_Addon_Brandon_AnyNews_04_07","",""
"Scripts/Content/Story/Dialoge/DIA_Addon_PIR_1366_Brandon.d:120","Kannst du mir was beibringen?","나한테 뭘 좀 가르쳐 줄 수 있어?","","False","DIA_Addon_Brandon_WannaLearn.description","",""
"Scripts/Content/Story/Dialoge/DIA_Addon_PIR_1366_Brandon.d:130","Kannst du mir was beibringen?","나한테 뭘 좀 가르쳐 줄 수 있어?","","False","DIA_Addon_Brandon_WannaLearn_15_00","",""
"Scripts/Content/Story/Dialoge/DIA_Addon_PIR_1366_Brandon.d:131","Dir? Jede Wette! Ich könnte dir beibrigen, stärker und geschickter zu werden.","너한테? 당연하지! 힘을 기르고 민첩해지는 법을 가르쳐 줄 수는 있어.","","False","DIA_Addon_Brandon_WannaLearn_04_01","",""
"Scripts/Content/Story/Dialoge/DIA_Addon_PIR_1366_Brandon.d:132","Aber warum sollte ich das tun?","하지만 내가 왜 그래야 하지?","","False","DIA_Addon_Brandon_WannaLearn_04_02","",""
"Scripts/Content/Story/Dialoge/DIA_Addon_PIR_1366_Brandon.d:133","Weil ich dir einen Drink spendiere?","내가 한잔 사면 될까?","","False","DIA_Addon_Pir_7_HenrysCrew_OfferDrink_15_00","",""
"Scripts/Content/Story/Dialoge/DIA_Addon_PIR_1366_Brandon.d:134","(grinst) Nicht schlecht, Kleiner! Du hast direkt ins Schwarze getroffen.","(씨익 웃으며) 나쁘지 않네, 꼬마 친구! 정곡을 찔렀어.","","False","DIA_Addon_Brandon_WannaLearn_04_03","",""
"Scripts/Content/Story/Dialoge/DIA_Addon_PIR_1366_Brandon.d:135","Aber komm mir bloß nicht mit so'nem billigen Fusel an!","하지만 싸구려 밀주 같은 걸로 가져오진 마시지!","","False","DIA_Addon_Brandon_WannaLearn_04_04","",""
"Scripts/Content/Story/Dialoge/DIA_Addon_PIR_1366_Brandon.d:155","Ich besorge dir einen Grog.","그로그를 구해다 줄게.","","False","DIA_Addon_Brandon_HoleGrog.description","",""
"Scripts/Content/Story/Dialoge/DIA_Addon_PIR_1366_Brandon.d:168","Ich besorge dir einen Grog.","그로그를 구해다 줄게.","","False","DIA_Addon_Pir_7_HenrysCrew_BringGrog_15_00","",""
"Scripts/Content/Story/Dialoge/DIA_Addon_PIR_1366_Brandon.d:169","Willst du mich vergiften???","나를 독살할 작정이야???","","False","DIA_Addon_Brandon_HoleGrog_04_01","",""
"Scripts/Content/Story/Dialoge/DIA_Addon_PIR_1366_Brandon.d:170","Mit DER Brühe kannst du mich jagen! Weißt du was da drin ist?","그런 시궁창물은 사양하겠어! 그 안에 뭐가 들었는지 알기나 해?","","False","DIA_Addon_Brandon_HoleGrog_04_02","",""
"Scripts/Content/Story/Dialoge/DIA_Addon_PIR_1366_Brandon.d:171","Der alte Samuel hat auch GUTES Zeug! Hol was DAVON!","늙은 사무엘한테 좋은 술도 있단 말이지! 그걸로 가져와!","","False","DIA_Addon_Brandon_HoleGrog_04_03","",""
"Scripts/Content/Story/Dialoge/DIA_Addon_PIR_1366_Brandon.d:174","Du meinst den 'Schnellen Hering'?","'재빠른 청어' 말하는 거야?","","False","DIA_Addon_Brandon_Hello_15_05","",""
"Scripts/Content/Story/Dialoge/DIA_Addon_PIR_1366_Brandon.d:175","Aye, den meine ich!","그래, 그게 바로 내가 말한 거야!","","False","DIA_Addon_Brandon_HoleGrog_04_04","",""
"Scripts/Content/Story/Dialoge/DIA_Addon_PIR_1366_Brandon.d:179","Hast du schonmal Samuels Spezialrezept probiert?","사무엘의 특별 레시피를 맛본 적 있어?","","False","DIA_Addon_Brandon_HoleGrog_04_05","",""
"Scripts/Content/Story/Dialoge/DIA_Addon_PIR_1366_Brandon.d:180","Nein, noch nicht.","아니, 아직.","","False","DIA_Addon_Brandon_Hello_15_07","",""
"Scripts/Content/Story/Dialoge/DIA_Addon_PIR_1366_Brandon.d:181","Dann halt dich ran. Das MUSST du probiert haben.","그럼 서두르라고. 이건 꼭 마셔봐야 하니까.","","False","DIA_Addon_Brandon_HoleGrog_04_06","",""
"Scripts/Content/Story/Dialoge/DIA_Addon_PIR_1366_Brandon.d:184","Ich LIEBE das Teufelszeug!","난 이 악마의 술이 정말 좋아!","","False","DIA_Addon_Brandon_HoleGrog_04_08","",""
"Scripts/Content/Story/Dialoge/DIA_Addon_PIR_1366_Brandon.d:198","Nimm diesen schnellen Hering!","이 재빠른 청어를 받아!","","False","DIA_Addon_Brandon_SchnellerHering.description","",""
"Scripts/Content/Story/Dialoge/DIA_Addon_PIR_1366_Brandon.d:212","Nimm diesen.","자, 여기.","","False","DIA_Addon_Pir_7_HenrysCrew_GiveGrog_15_00","",""
"Scripts/Content/Story/Dialoge/DIA_Addon_PIR_1366_Brandon.d:215","Ahh! Geht runter wie flüssiges Feuer!","크으! 액체 불덩이가 목구멍을 타고 넘어가는군!","","False","DIA_Addon_Brandon_GiveGrog_04_01","",""
"Scripts/Content/Story/Dialoge/DIA_Addon_PIR_1366_Brandon.d:236","Bring mir was bei!","뭔가 좀 가르쳐줘!","","False","DIA_Addon_Brandon_TeachPlayer.description","",""
"Scripts/Content/Story/Dialoge/DIA_Addon_PIR_1366_Brandon.d:249","Bring mir was bei!","뭔가 좀 가르쳐줘!","","False","DIA_Addon_Francis_TeachPlayer_15_00","",""
"Scripts/Content/Story/Dialoge/DIA_Addon_PIR_1366_Brandon.d:265","Du wolltest mir was vernünftiges zu trinken bringen, Junge!","내게 마실 만한 걸 가져다주기로 했었잖아, 얘야!","","False","DIA_Addon_Brandon_TeachPlayer_04_01","",""
"Scripts/Content/Story/Dialoge/DIA_Addon_PIR_1366_Brandon.d:274","Gut, Junge! Du bist schon um einiges stärker geworden.","좋았어, 친구! 제법 튼튼해졌는데.","","False","DIA_Addon_Brandon_TeachPlayer_Back_04_00","",""
"Scripts/Content/Story/Dialoge/DIA_Addon_PIR_1366_Brandon.d:279","Je geschickter du bist, desto besser triffst du dein Ziel.","손재주가 좋아질수록 목표를 더 잘 맞추게 될 거다.","","False","DIA_Addon_Brandon_TeachPlayer_Back_04_01","",""
"Scripts/Content/Story/Dialoge/DIA_Addon_PIR_1366_Brandon.d:351","Du sollst mir helfen.","날 도와줘야겠어.","","False","DIA_Addon_Brandon_Anheuern.description","",""
"Scripts/Content/Story/Dialoge/DIA_Addon_PIR_1366_Brandon.d:364","Du sollst mir helfen.","날 도와줘야겠어.","","False","DIA_Addon_Brandon_FollowMe_15_00","",""
"Scripts/Content/Story/Dialoge/DIA_Addon_PIR_1366_Brandon.d:365","Das ist ja ganz was Neues. Wer sagt das?","이거 신선한 소리네. 누가 그래?","","False","DIA_Addon_Brandon_Anheuern_04_01","",""
"Scripts/Content/Story/Dialoge/DIA_Addon_PIR_1366_Brandon.d:366","Greg, wir sollen im Canyon Razor jagen.","그렉이요. 협곡으로 레이저를 사냥하러 갈 겁니다.","","False","DIA_Addon_Brandon_FollowMe_15_02","",""
"Scripts/Content/Story/Dialoge/DIA_Addon_PIR_1366_Brandon.d:367","(grinst) Endlich passiert hier mal was!","(씩 웃으며) 드디어 여기에 뭔가 재미있는 일이 생기는구만!","","False","DIA_Addon_Brandon_Anheuern_04_03","",""
"Scripts/Content/Story/Dialoge/DIA_Addon_PIR_1366_Brandon.d:368","Von mir aus, können wir sofort los, je eher wir die Biester erledigt haben, desto eher können wir wieder hier sein.","좋아, 난 당장이라도 출발할 수 있어. 저 괴물들을 빨리 해치울수록, 그만큼 빨리 여기로 돌아올 수 있을 테니까.","","False","DIA_Addon_Brandon_Anheuern_04_04","",""
"Scripts/Content/Story/Dialoge/DIA_Addon_PIR_1366_Brandon.d:381","Komm mit.","나를 따르라.","","False","DIA_Addon_Brandon_ComeOn.description","",""
"Scripts/Content/Story/Dialoge/DIA_Addon_PIR_1366_Brandon.d:396","Komm mit.","나를 따르라.","","False","DIA_Addon_Brandon_Weiter_15_00","",""
"Scripts/Content/Story/Dialoge/DIA_Addon_PIR_1366_Brandon.d:399","Lass uns erstmal ein Stück zurück gehen!","일단 뒤로 좀 물러나자고!","","False","DIA_Addon_Brandon_ComeOn_04_02","",""
"Scripts/Content/Story/Dialoge/DIA_Addon_PIR_1366_Brandon.d:404","Bin schon da!","이미 와 있다구!","","False","DIA_Addon_Brandon_ComeOn_04_01","",""
"Scripts/Content/Story/Dialoge/DIA_Addon_PIR_1366_Brandon.d:422","Ich brauch dich nicht mehr.","더 이상 너는 필요 없다.","","False","DIA_Addon_Brandon_GoHome.description","",""
"Scripts/Content/Story/Dialoge/DIA_Addon_PIR_1366_Brandon.d:435","Ich brauch dich nicht mehr.","더 이상 너는 필요 없다.","","False","DIA_Addon_Brandon_DontNeedYou_15_00","",""
"Scripts/Content/Story/Dialoge/DIA_Addon_PIR_1366_Brandon.d:436","Alles klar, kein Problem.","알겠어, 문제없지.","","False","DIA_Addon_Brandon_GoHome_04_01","",""
"Scripts/Content/Story/Dialoge/DIA_Addon_PIR_1366_Brandon.d:437","Vielleicht trinken wir ja mal einen zusammen.","나중에 같이 한잔이나 하자고.","","False","DIA_Addon_Brandon_GoHome_04_02","",""
"Scripts/Content/Story/Dialoge/DIA_Addon_PIR_1366_Brandon.d:468","Jetzt ist's gut! Willst du die ganze Insel entvölkern?","이 정도면 됐어! 이 섬의 씨를 말릴 작정이야?","","False","DIA_Addon_Brandon_TooFar_04_00","",""
"Scripts/Content/Story/Dialoge/DIA_Addon_PIR_1366_Brandon.d:471","Wir gehen zurück ins Lager.","우린 야영지로 돌아간다.","","False","DIA_Addon_Brandon_TooFar_04_01","",""
"Scripts/Content/Story/Dialoge/DIA_Addon_PIR_1366_Brandon.d:475","Ich geh zurück ins Lager.","난 야영지로 돌아간다.","","False","DIA_Addon_Brandon_TooFar_04_02","",""
"Scripts/Content/Story/Dialoge/DIA_Addon_PIR_1366_Matt.d:83","Bist neu hier, was? Gut. Wir können jeden Mann gebrauchen!","여긴 처음이지? 좋아. 우리에겐 일손이 하나라도 아쉬우니까!","","False","DIA_Addon_Matt_Hello_10_01","",""
"Scripts/Content/Story/Dialoge/DIA_Addon_PIR_1366_Matt.d:96","Wie sieht's aus?","요즘 어때?","","False","DIA_Addon_Matt_PERM.description","",""
"Scripts/Content/Story/Dialoge/DIA_Addon_PIR_1366_Matt.d:106","Wie sieht's aus?","요즘 어때?","","False","DIA_Addon_Matt_Alright_15_01","",""
"Scripts/Content/Story/Dialoge/DIA_Addon_PIR_1366_Matt.d:112","HEILTRANK! Was ist an Heiltrank nicht zu verstehen?!","치유 포션! 치유 포션이라는 말이 그렇게 이해하기 어려워?!","","False","DIA_Addon_Matt_Alright_10_02","",""
"Scripts/Content/Story/Dialoge/DIA_Addon_PIR_1366_Matt.d:116","Alles im Lot - (zynisch) Käpt'n!","아주 잘 돌아가고 있어 — (냉소적으로) 선장님!","","False","DIA_Addon_Matt_Alright_10_01","",""
"Scripts/Content/Story/Dialoge/DIA_Addon_PIR_1366_Matt.d:122","Komm mir nicht so! Wir haben kein Schiff mehr.","농담하지 마! 우린 이제 배가 없다고.","","False","DIA_Addon_Matt_Job_10_01","",""
"Scripts/Content/Story/Dialoge/DIA_Addon_PIR_1366_Matt.d:123","Ich werd mal abwarten, was Greg als nächstes macht.","그렉이 다음에 어떻게 나오는지 지켜볼 생각이야.","","False","DIA_Addon_Matt_Job_10_02","",""
"Scripts/Content/Story/Dialoge/DIA_Addon_PIR_1366_Matt.d:127","Im Moment ist es ruhig im Lager. Also werde ich mich mal ein bißchen entspannen.","지금은 야영지가 조용하니까. 나도 좀 쉴 겸 해서 말이야.","","False","DIA_Addon_Matt_Job_10_03","",""
"Scripts/Content/Story/Dialoge/DIA_Addon_PIR_1366_Matt.d:128","Und an deiner Stelle, würde ich dir das gleiche empfehlen.","내 생각엔 너도 똑같이 하는 게 좋을걸.","","False","DIA_Addon_Matt_Job_10_04","",""
"Scripts/Content/Story/Dialoge/DIA_Addon_PIR_1366_Matt.d:129","Seit die Banditen da sind, kann sich das schneller ändern, als uns lieb ist.","저기 녀석들이 나타난 이상, 상황은 우리가 바라는 것보다 훨씬 빠르게 바뀔 수 있어.","","False","DIA_Addon_Matt_Job_10_05","",""
"Scripts/Content/Story/Dialoge/DIA_Addon_PIR_1366_Matt.d:142","Was weißt du über die Banditen?","저 녀석들에 대해 아는 게 있나?","","False","DIA_Addon_Matt_Bandits.description","",""
"Scripts/Content/Story/Dialoge/DIA_Addon_PIR_1366_Matt.d:152","Was weißt du über die Banditen?","저 녀석들에 대해 아는 게 있나?","","False","DIA_Addon_Matt_Bandits_15_03","",""
"Scripts/Content/Story/Dialoge/DIA_Addon_PIR_1366_Matt.d:153","Du meinst, ausser daß sie mordsgefährlich und uns zahlenmäßig weit überlegen sind?","지독하게 위험하고 우리보다 수가 훨씬 많다는 사실 말고 또 뭐가 있냐고?","","False","DIA_Addon_Matt_Bandits_10_01","",""
"Scripts/Content/Story/Dialoge/DIA_Addon_PIR_1366_Matt.d:154","Ja.","그래.","","False","DIA_Addon_Matt_Bandits_15_02","",""
"Scripts/Content/Story/Dialoge/DIA_Addon_PIR_1366_Matt.d:155","Sie haben Gold wie Heu.","쟤네들은 금이 아주 썩어 넘쳐.","","False","DIA_Addon_Matt_Bandits_10_02","",""
"Scripts/Content/Story/Dialoge/DIA_Addon_PIR_1366_Matt.d:156","Nun, zumindest HATTEN sie Gold wie Heu. Ihre letzte Lieferung haben sie nicht bezahlt.","음, 적어도 썩어 넘치긴 했지. 마지막 배송품 값은 치르지 않았거든.","","False","DIA_Addon_Matt_Bandits_10_03","",""
"Scripts/Content/Story/Dialoge/DIA_Addon_PIR_1366_Matt.d:157","Aber ich bezweifele, dass das daran liegt, dass den Mistkerlen das Gold ausgegangen ist.","하지만 그 자식들의 금이 바닥나서 안 줬을 거라고는 생각지 않아.","","False","DIA_Addon_Matt_Bandits_10_04","",""
"Scripts/Content/Story/Dialoge/DIA_Addon_PIR_1366_Matt.d:158","Ich denke eher, sie sind komplett größenwahnsinnig geworden.","내 생각엔 녀석들이 완전히 눈이 돌아간 것 같아.","","False","DIA_Addon_Matt_Bandits_10_05","",""
"Scripts/Content/Story/Dialoge/DIA_Addon_PIR_1366_Matt.d:170","Was weißt du über Francis?","프랜시스에 대해 아는 게 있나?","","False","DIA_Addon_Matt_Francis.description","",""
"Scripts/Content/Story/Dialoge/DIA_Addon_PIR_1366_Matt.d:187","Was weißt du über Francis?","프랜시스에 대해 아는 게 있나?","","False","DIA_Addon_Brandon_Matt_15_00","",""
"Scripts/Content/Story/Dialoge/DIA_Addon_PIR_1366_Matt.d:188","Du meinst, ausser dass er faul und unfähig ist?","그 게으르고 무능하다는 사실 말고 또 뭘 말하는 거야?","","False","DIA_Addon_Matt_Francis_10_01","",""
"Scripts/Content/Story/Dialoge/DIA_Addon_PIR_1366_Matt.d:189","Ja.","그래.","","False","DIA_Addon_Brandon_Matt_15_02","",""
"Scripts/Content/Story/Dialoge/DIA_Addon_PIR_1366_Matt.d:190","Lass mich mal überlegen. Hmm... Nein. Mir fällt sonst nichts ein.","어디 보자... 흠. 아니. 달리 생각나는 건 없네.","","False","DIA_Addon_Matt_Francis_10_03","",""
"Scripts/Content/Story/Dialoge/DIA_Addon_PIR_1366_Matt.d:207","Komm mit.","나를 따르라.","","False","DIA_Addon_Matt_Anheuern.description","",""
"Scripts/Content/Story/Dialoge/DIA_Addon_PIR_1366_Matt.d:220","Komm mit.","나를 따르라.","","False","DIA_Addon_Matt_FollowMe_15_00","",""
"Scripts/Content/Story/Dialoge/DIA_Addon_PIR_1366_Matt.d:221","Ich kann nicht weg, ich versuche gerade, mich zu entspannen.","지금은 갈 수 없어, 이제 막 쉬려던 참이거든.","","False","DIA_Addon_Matt_FollowMe_10_01","",""
"Scripts/Content/Story/Dialoge/DIA_Addon_PIR_1366_Matt.d:222","Befehl von Greg.","그렉의 명령이다.","","False","DIA_Addon_Matt_FollowMe_15_02","",""
"Scripts/Content/Story/Dialoge/DIA_Addon_PIR_1366_Matt.d:223","(eilig) Ach so. Das ist natürlich was anderes. Ich meine, natürlich komme ich mit.","(황급히) 아, 그렇군. 그야 당연히 말이 다르지. 내 말은, 당연히 같이 가겠단 거야.","","False","DIA_Addon_Matt_FollowMe_10_03","",""
"Scripts/Content/Story/Dialoge/DIA_Addon_PIR_1366_Matt.d:224","Wo sollst denn hingehen?","어디로 가는 건데?","","False","DIA_Addon_Matt_FollowMe_10_04","",""
"Scripts/Content/Story/Dialoge/DIA_Addon_PIR_1366_Matt.d:227","Halt einfach die Klappe und komm mit.","잔소리 말고 따라와.","","False","DIA_Addon_Matt_Anheuern_Info.DIA_Addon_Matt_Anheuern.DIA_Addon_Matt_Anheuern_ShutUp","Info_AddChoice",""
"Scripts/Content/Story/Dialoge/DIA_Addon_PIR_1366_Matt.d:228","Wir sollen den Canyon säubern.","협곡을 소탕해야 해.","","False","DIA_Addon_Matt_Anheuern_Info.DIA_Addon_Matt_Anheuern.DIA_Addon_Matt_Anheuern_ClearCanyon","Info_AddChoice",""
"Scripts/Content/Story/Dialoge/DIA_Addon_PIR_1366_Matt.d:233","Halt einfach die Klappe und komm mit.","잔소리 말고 따라와.","","False","DIA_Addon_Matt_FollowMe_ShutUp_15_00","",""
"Scripts/Content/Story/Dialoge/DIA_Addon_PIR_1366_Matt.d:234","(mürrisch) Aye, aye - (sarkastisch) Käpt'n!","(툴툴거리며) 옛썰 — (비꼬듯) 선장님!","","False","DIA_Addon_Matt_FollowMe_ShutUp_10_01","",""
"Scripts/Content/Story/Dialoge/DIA_Addon_PIR_1366_Matt.d:244","Wir sollen den Canyon säubern.","협곡을 소탕해야 해.","","False","DIA_Addon_Matt_FollowMe_ClearCanyon_15_00","",""
"Scripts/Content/Story/Dialoge/DIA_Addon_PIR_1366_Matt.d:245","Du bist verrückt. Da gibts ein Haufen Viecher. Und Razor, die sind nicht ohne.","너 제정신이 아니구나. 거긴 괴물들이 바글바글하다고. 게다가 레이저들은 아주 위험해.","","False","DIA_Addon_Matt_FollowMe_ClearCanyon_10_01","",""
"Scripts/Content/Story/Dialoge/DIA_Addon_PIR_1366_Matt.d:246","Ich weiß, kommst du jetzt.","알아, 이제 올 거야?","","False","DIA_Addon_Matt_FollowMe_ClearCanyon_15_02","",""
"Scripts/Content/Story/Dialoge/DIA_Addon_PIR_1366_Matt.d:247","(seufzt) Pack bloss ein paar Heiltränke ein, wir werden sie brauchen!","(한숨을 쉬며) 치유 포션을 좀 챙기는 게 좋을 거야, 분명 필요할 테니까!","","False","DIA_Addon_Matt_FollowMe_ClearCanyon_10_03","",""
"Scripts/Content/Story/Dialoge/DIA_Addon_PIR_1366_Matt.d:265","Komm mit.","나를 따르라.","","False","DIA_Addon_Matt_ComeOn.description","",""
"Scripts/Content/Story/Dialoge/DIA_Addon_PIR_1366_Matt.d:280","Komm mit.","나를 따르라.","","False","DIA_Addon_Matt_ComeOn_15_00","",""
"Scripts/Content/Story/Dialoge/DIA_Addon_PIR_1366_Matt.d:289","Aye, aye - (zynisch) Käpt'n!","옛썰 — (냉소적으로) 선장님!","","False","DIA_Addon_Matt_ComeOn_10_01","",""
"Scripts/Content/Story/Dialoge/DIA_Addon_PIR_1366_Matt.d:307","Ich brauch dich nicht mehr.","더 이상 너는 필요 없다.","","False","DIA_Addon_Matt_GoHome.description","",""
"Scripts/Content/Story/Dialoge/DIA_Addon_PIR_1366_Matt.d:320","Ich brauch dich nicht mehr.","더 이상 너는 필요 없다.","","False","DIA_Addon_Matt_DontNeedYou_15_00","",""
"Scripts/Content/Story/Dialoge/DIA_Addon_PIR_1366_Matt.d:321","(stöht, zu sich) Ich brauch 'n ordentlichen Schluck Grog!","(신음하며 혼잣말로) 그로그를 시원하게 한잔 마셔야겠어!","","False","DIA_Addon_Matt_GoHome_10_01","",""
"Scripts/Content/Story/Dialoge/DIA_Addon_PIR_1366_Matt.d:352","Ab hier kannst du alleine weitermachen- (zynisch) Käpt'n.","여기서부턴 혼자 가라고 — (냉소적으로) 선장님.","","False","DIA_Addon_Matt_TooFar_10_01","",""
"Scripts/Content/Story/Dialoge/DIA_Addon_PIR_1366_Matt.d:355","Ich und die Jungs gehen zurück zum Lager!","나랑 녀석들은 야영지로 돌아간다!","","False","DIA_Addon_Matt_TooFar_10_03","",""
"Scripts/Content/Story/Dialoge/DIA_Addon_PIR_1366_Matt.d:359","Ich geh zurück zum Lager!","난 야영지로 돌아간다!","","False","DIA_Addon_Matt_TooFar_10_02","",""
"Scripts/Content/Story/Dialoge/DIA_Addon_PIR_1366_Matt.d:390","(zynisch) Hallo Käpt'n! Ich könnte 'nen Heiltrank gebrauchen!","(냉소적으로) 안녕, 선장님! 나한테 치유 포션이 좀 필요할 것 같은데!","","False","DIA_Addon_Matt_Healing_10_01","",""
"Scripts/Content/Story/Dialoge/DIA_Addon_PIR_1367_Owen.d:83","Alles klar?","어때?","","False","DIA_Addon_Owen_Hello_15_00","",""
"Scripts/Content/Story/Dialoge/DIA_Addon_PIR_1367_Owen.d:84","Wer bist DU denn? Bist du einer der Banditen?","너는 대체 누구냐? 혹시 밴디트 중 하나인가?","","False","DIA_Addon_Owen_Hello_13_01","",""
"Scripts/Content/Story/Dialoge/DIA_Addon_PIR_1367_Owen.d:85","Sehe ich etwa so aus?","내가 그렇게 생겼나?","","False","DIA_Addon_Owen_Hello_15_02","",""
"Scripts/Content/Story/Dialoge/DIA_Addon_PIR_1367_Owen.d:93","Du trägst zwar unsere Kleidung, aber ich kenne dich nicht.","우린 옷을 입고 있긴 한데, 네 얼굴은 처음 보는군.","","False","DIA_Addon_Owen_Hello_13_03","",""
"Scripts/Content/Story/Dialoge/DIA_Addon_PIR_1367_Owen.d:98","Um ehrlich zu sein, irgendwie schon.","솔직히 말해서, 좀 그런가.","","False","DIA_Addon_Owen_Hello_13_04","",""
"Scripts/Content/Story/Dialoge/DIA_Addon_PIR_1367_Owen.d:102","Nein. Nach deinen Klamotten zu urteilen, kommst du von weit her.","아니. 네 옷차림으로 봐선 먼 곳에서 온 모양이군.","","False","DIA_Addon_Owen_Hello_13_05","",""
"Scripts/Content/Story/Dialoge/DIA_Addon_PIR_1367_Owen.d:115","Was machst du hier?","여기서 뭐 하는 거지?","","False","DIA_Addon_Owen_WasMachen.description","",""
"Scripts/Content/Story/Dialoge/DIA_Addon_PIR_1367_Owen.d:128","Was machst du hier?","여기서 뭐 하는 거지?","","False","DIA_Addon_Owen_WasMachen_15_00","",""
"Scripts/Content/Story/Dialoge/DIA_Addon_PIR_1367_Owen.d:129","Ich bin Holzfäller und besorge Holz für unser Lager.","나는 나무꾼이야. 우리 야영지에 쓸 나무를 베고 있지.","","False","DIA_Addon_Owen_WasMachen_13_01","",""
"Scripts/Content/Story/Dialoge/DIA_Addon_PIR_1367_Owen.d:130","Ich schuffte hier, brech' mir fast das Kreuz und die anderen im Lager liegen in der Sonne.","여기서 허리가 부러져라 뼈 빠지게 일하고 있는데, 야영지에 있는 녀석들은 볕이나 쬐고 있으니 원.","","False","DIA_Addon_Owen_WasMachen_13_02","",""
"Scripts/Content/Story/Dialoge/DIA_Addon_PIR_1367_Owen.d:143","Und sonst?","그 밖에 또 무슨 일은?","","False","DIA_Addon_Owen_Perm.description","",""
"Scripts/Content/Story/Dialoge/DIA_Addon_PIR_1367_Owen.d:157","Und sonst?","그 밖에 또 무슨 일은?","","False","DIA_Addon_Owen_Perm_15_00","",""
"Scripts/Content/Story/Dialoge/DIA_Addon_PIR_1367_Owen.d:158","Wenn ich das alles vorher gewusst hätte, wär' ich niemals Pirat geworden.","이 모든 걸 미리 알았더라면, 난 절대 해적이 되지 않았을 거다.","","False","DIA_Addon_Owen_Perm_13_01","",""
"Scripts/Content/Story/Dialoge/DIA_Addon_PIR_1367_Owen.d:171","Henry wartet auf die Holzlieferung für die Palisade.","헨리가 방어벽에 쓸 목재 배송을 기다리고 있어.","","False","DIA_Addon_Owen_Henry.description","",""
"Scripts/Content/Story/Dialoge/DIA_Addon_PIR_1367_Owen.d:185","Henry wartet auf die Holzlieferung für die Palisade.","헨리가 방어벽에 쓸 목재 배송을 기다리고 있어.","","False","DIA_Addon_Owen_Henry_15_00","",""
"Scripts/Content/Story/Dialoge/DIA_Addon_PIR_1367_Owen.d:189","Ich will erst mal wissen, was mit meinem Kumpel Malcom passiert ist.","난 내 친구 말콤에게 무슨 일이 생겼는지부터 알아봐야겠어.","","False","DIA_Addon_Owen_Henry_13_01","",""
"Scripts/Content/Story/Dialoge/DIA_Addon_PIR_1367_Owen.d:193","Ja, ja. Ich werd' ihm das dämliche Holz schon noch bringen.","그래, 알았어. 그 멍청한 나무는 조만간 가져다줄 테니까.","","False","DIA_Addon_Owen_Henry_13_02","",""
"Scripts/Content/Story/Dialoge/DIA_Addon_PIR_1367_Owen.d:194","Geh hin und sag ihm das.","가서 그렇게 전해줘.","","False","DIA_Addon_Owen_Henry_13_03","",""
"Scripts/Content/Story/Dialoge/DIA_Addon_PIR_1367_Owen.d:217","Was ist los?","무슨 일이야?","","False","DIA_Addon_Owen_MalcomStunt.description","",""
"Scripts/Content/Story/Dialoge/DIA_Addon_PIR_1367_Owen.d:230","Was ist los?","무슨 일이야?","","False","DIA_Addon_Owen_MalcomStunt_15_00","",""
"Scripts/Content/Story/Dialoge/DIA_Addon_PIR_1367_Owen.d:231","Mein Kumpel Malcom ist weg.","내 친구 말콤이 사라졌어.","","False","DIA_Addon_Owen_MalcomStunt_13_01","",""
"Scripts/Content/Story/Dialoge/DIA_Addon_PIR_1367_Owen.d:232","Uns hat so ein Mistvieh von einem Lurker angegriffen.","러커라는 더러운 괴물 녀석이 우릴 공격했거든.","","False","DIA_Addon_Owen_MalcomStunt_13_02","",""
"Scripts/Content/Story/Dialoge/DIA_Addon_PIR_1367_Owen.d:233","Da sind wir in diese Höhle geflüchtet.","그래서 이 동굴로 도망쳐 왔지.","","False","DIA_Addon_Owen_MalcomStunt_13_03","",""
"Scripts/Content/Story/Dialoge/DIA_Addon_PIR_1367_Owen.d:234","Leider kam der Lurker uns nach.","불행히도 그 러커가 우리 뒤를 쫓아왔어.","","False","DIA_Addon_Owen_MalcomStunt_13_04","",""
"Scripts/Content/Story/Dialoge/DIA_Addon_PIR_1367_Owen.d:235","Malcom hat gegen ihn gekämpft und ist dann mit dem Biest zusammen in das Loch da hinten gefallen.","말콤이 그 녀석과 맞서 싸우다가 저 뒤편에 있는 구멍으로 괴물과 함께 떨어져 버렸어.","","False","DIA_Addon_Owen_MalcomStunt_13_05","",""
"Scripts/Content/Story/Dialoge/DIA_Addon_PIR_1367_Owen.d:236","Da unten scheint Wasser zu sein.","아래쪽에 물이 있는 모양이더라고.","","False","DIA_Addon_Owen_MalcomStunt_13_06","",""
"Scripts/Content/Story/Dialoge/DIA_Addon_PIR_1367_Owen.d:237","Der Lurker und Malcom kämpften da unten noch eine Weile. Dann war es still.","러커와 말콤은 한참 동안 그 아래에서 싸웠어. 그러다 조용해졌지.","","False","DIA_Addon_Owen_MalcomStunt_13_07","",""
"Scripts/Content/Story/Dialoge/DIA_Addon_PIR_1367_Owen.d:238","Ich weiß nicht, ob er noch lebt oder schon tot ist.","아직 살아 있는지 아니면 벌써 죽었는지 모르겠어.","","False","DIA_Addon_Owen_MalcomStunt_13_08","",""
"Scripts/Content/Story/Dialoge/DIA_Addon_PIR_1367_Owen.d:257","Wie kommt man denn die Felsspalte runter?","저 바위 틈으로 어떻게 내려가지?","","False","DIA_Addon_Owen_runter.description","",""
"Scripts/Content/Story/Dialoge/DIA_Addon_PIR_1367_Owen.d:272","Wie kommt man denn die Felsspalte runter?","저 바위 틈으로 어떻게 내려가지?","","False","DIA_Addon_Owen_runter_15_00","",""
"Scripts/Content/Story/Dialoge/DIA_Addon_PIR_1367_Owen.d:273","Keine Ahnung. Entweder man klettert runter oder man springt.","글쎄. 기어 내려가든가 아니면 뛰어내려야겠지.","","False","DIA_Addon_Owen_runter_13_01","",""
"Scripts/Content/Story/Dialoge/DIA_Addon_PIR_1367_Owen.d:285","Dein Kumpel Malcom ist tot.","네 친구 말콤은 죽었어.","","False","DIA_Addon_Owen_MalcomDead.description","",""
"Scripts/Content/Story/Dialoge/DIA_Addon_PIR_1367_Owen.d:300","Dein Kumpel Malcom ist tot.","네 친구 말콤은 죽었어.","","False","DIA_Addon_Owen_MalcomDead_15_00","",""
"Scripts/Content/Story/Dialoge/DIA_Addon_PIR_1367_Owen.d:301","Das hab ich mir schon gedacht. Armes Schwein. Ich hätte ihm doch helfen sollen.","그럴 줄 알았어. 불쌍한 녀석. 내가 도와줬어야 했는데.","","False","DIA_Addon_Owen_MalcomDead_13_01","",""
"Scripts/Content/Story/Dialoge/DIA_Addon_PIR_1367_Owen.d:304","Du bist echt mutig, weißt du das?","너 정말 용감하구나, 알고 있나?","","False","DIA_Addon_Owen_MalcomDead_13_02","",""
"Scripts/Content/Story/Dialoge/DIA_Addon_PIR_1367_Owen.d:305","Ich hätte das mit dem Felsspalte nicht fertig gebracht.","난 저 바위 틈으로는 엄두도 못 냈을 거야.","","False","DIA_Addon_Owen_MalcomDead_13_03","",""
"Scripts/Content/Story/Dialoge/DIA_Addon_PIR_1368_Malcom.d:11","Ich muss weiter.","이만 가봐야겠어.","","False","DIA_Addon_Malcom_EXIT.description","",""
"Scripts/Content/Story/Dialoge/DIA_Addon_PIR_1368_Malcom.d:21","Ich muss weiter.","이만 가봐야겠어.","","False","DIA_Addon_Malcom_perm_15_00","",""
"Scripts/Content/Story/Dialoge/DIA_Addon_PIR_1368_Malcom.d:25","Lass dich nicht von den Biestern fressen. Die Gegend hier ist sehr gefährlich.","괴물들한테 잡아먹히지 마라. 이 근처는 아주 위험하니까.","","False","DIA_Addon_Malcom_perm_04_01","",""
"Scripts/Content/Story/Dialoge/DIA_Addon_PIR_1368_Malcom.d:29","Hey! Wenn du zu unserem Lager gehst kannst du Henry von mir was ausrichten.","이봐! 우리 야영지로 갈 거면 헨리에게 내 말을 좀 전해줄래.","","False","DIA_Addon_Malcom_Add_04_03","",""
"Scripts/Content/Story/Dialoge/DIA_Addon_PIR_1368_Malcom.d:30","Die Bäume hier sind verdammt hartnäckig.","여기 나무들은 아주 지독하게 안 썰려.","","False","DIA_Addon_Malcom_Lager_04_04","",""
"Scripts/Content/Story/Dialoge/DIA_Addon_PIR_1368_Malcom.d:31","Er wird noch eine Weile auf sein Holz warten müssen. Sag ihm das.","나무를 얻으려면 좀 더 기다려야 할 거라고 해줘.","","False","DIA_Addon_Malcom_Lager_04_05","",""
"Scripts/Content/Story/Dialoge/DIA_Addon_PIR_1368_Malcom.d:97","Du kommst nicht von hier, oder?","여기에 사는 사람이 아니지, 그렇지?","","False","DIA_Addon_Malcom_Hello_04_01","",""
"Scripts/Content/Story/Dialoge/DIA_Addon_PIR_1368_Malcom.d:98","Scheinst 'ne weite Reise hinter dir zu haben.","멀리서 여행해 온 모양이네.","","False","DIA_Addon_Malcom_Hello_04_02","",""
"Scripts/Content/Story/Dialoge/DIA_Addon_PIR_1368_Malcom.d:110","Beschäftigt?","바쁘신가?","","False","DIA_Addon_Malcom_WasMachen.description","",""
"Scripts/Content/Story/Dialoge/DIA_Addon_PIR_1368_Malcom.d:120","Beschäftigt?","바쁘신가?","","False","DIA_Addon_Malcom_WasMachen_15_00","",""
"Scripts/Content/Story/Dialoge/DIA_Addon_PIR_1368_Malcom.d:121","Hör bloß auf. Henry will, dass ich hier die ganzen Bäume abholze.","말도 마. 헨리가 여기에 있는 나무를 다 베어버리라지 뭐야.","","False","DIA_Addon_Malcom_WasMachen_04_01","",""
"Scripts/Content/Story/Dialoge/DIA_Addon_PIR_1368_Malcom.d:124","Henry?","헨리라고?","","False","DIA_Addon_Malcom_WasMachen_15_02","",""
"Scripts/Content/Story/Dialoge/DIA_Addon_PIR_1368_Malcom.d:125","Er führt unseren Trupp an.","그가 우리 분대를 이끌고 있지.","","False","DIA_Addon_Malcom_Add_04_00","",""
"Scripts/Content/Story/Dialoge/DIA_Addon_PIR_1368_Malcom.d:128","Er steht die ganze Zeit vor unserm Lager und hält große Reden.","그 작자는 늘 우리 야영지 앞에서 잘난 척이나 늘어놓는다고.","","False","DIA_Addon_Malcom_WasMachen_04_04","",""
"Scripts/Content/Story/Dialoge/DIA_Addon_PIR_1368_Malcom.d:129","Mehr Einsatz für die Gemeinschaft und so'n Dreck.","공동체를 위해 더 헌신해야 한다느니 하는 그런 쓰잘데기 없는 소리 말이야.","","False","DIA_Addon_Malcom_WasMachen_04_05","",""
"Scripts/Content/Story/Dialoge/DIA_Addon_PIR_1368_Malcom.d:130","Dabei macht er selber keinen Finger krumm.","정작 본인은 손가락 하나 까딱 안 하면서 말이야.","","False","DIA_Addon_Malcom_WasMachen_04_06","",""
"Scripts/Content/Story/Dialoge/DIA_Addon_PIR_1368_Malcom.d:142","Henry ist euer Anführer?","헨리가 너희들의 우두머리라고?","","False","DIA_Addon_Malcom_Entertrupp.description","",""
"Scripts/Content/Story/Dialoge/DIA_Addon_PIR_1368_Malcom.d:155","Henry ist euer Anführer?","헨리가 너희들의 우두머리라고?","","False","DIA_Addon_Malcom_Entertrupp_15_00","",""
"Scripts/Content/Story/Dialoge/DIA_Addon_PIR_1368_Malcom.d:156","Ja, der Anführer von unserem Entertrupp.","그래, 우리 약탈 분대의 우두머리지.","","False","DIA_Addon_Malcom_WasMachen_04_03","",""
"Scripts/Content/Story/Dialoge/DIA_Addon_PIR_1368_Malcom.d:157","Unser KÄPT'N ist Greg.","우리 선장은 그렉이야.","","False","DIA_Addon_Malcom_Add_04_01","",""
"Scripts/Content/Story/Dialoge/DIA_Addon_PIR_1368_Malcom.d:160","Aber der ist zur Zeit nicht da.","하지만 지금은 여기에 없지.","","False","DIA_Addon_Malcom_Add_04_02","",""
"Scripts/Content/Story/Dialoge/DIA_Addon_PIR_1368_Malcom.d:173","Wo ist euer Lager?","너희 야영지는 어디에 있지?","","False","DIA_Addon_Malcom_Lager.description","",""
"Scripts/Content/Story/Dialoge/DIA_Addon_PIR_1368_Malcom.d:186","Wo ist euer Lager?","너희 야영지는 어디에 있지?","","False","DIA_Addon_Malcom_Lager_15_00","",""
"Scripts/Content/Story/Dialoge/DIA_Addon_PIR_1368_Malcom.d:187","Du gehst einfach den Weg hier weiter Richtung Westen.","이 길을 따라 서쪽으로 계속 가면 돼.","","False","DIA_Addon_Malcom_Lager_04_01","",""
"Scripts/Content/Story/Dialoge/DIA_Addon_PIR_1368_Malcom.d:188","Dann kannst du Henry schon herum stehen sehen.","그러면 서 있는 헨리를 금방 보게 될 거야.","","False","DIA_Addon_Malcom_Lager_04_02","",""
