"location","source","target","id","fuzzy","context","translator_comments","developer_comments"
"Scripts/Content/Items/IT_Amulette.d:46","Amulett der Flammen","화염의 부적","","False","ItAm_Prot_Fire_01.description","",""
"Scripts/Content/Items/IT_Amulette.d:47","","","","","ItAm_Prot_Fire_01.text[0]","",""
"Scripts/Content/Items/IT_Amulette.d:48","","","","","ItAm_Prot_Fire_01.text[1]","",""
"Scripts/Content/Items/IT_Amulette.d:50","","","","","ItAm_Prot_Fire_01.text[3]","",""
"Scripts/Content/Items/IT_Amulette.d:51","","","","","ItAm_Prot_Fire_01.text[4]","",""
"Scripts/Content/Items/IT_Amulette.d:86","Harnischamulett","하네스 부적","","False","ItAm_Prot_Edge_01.description","",""
"Scripts/Content/Items/IT_Amulette.d:87","","","","","ItAm_Prot_Edge_01.text[0]","",""
"Scripts/Content/Items/IT_Amulette.d:88","","","","","ItAm_Prot_Edge_01.text[1]","",""
"Scripts/Content/Items/IT_Amulette.d:90","","","","","ItAm_Prot_Edge_01.text[3]","",""
"Scripts/Content/Items/IT_Amulette.d:91","","","","","ItAm_Prot_Edge_01.text[4]","",""
"Scripts/Content/Items/IT_Amulette.d:128","Amulett der Eichenhaut","참나무 가죽의 부적","","False","ItAm_Prot_Point_01.description","",""
"Scripts/Content/Items/IT_Amulette.d:129","","","","","ItAm_Prot_Point_01.text[0]","",""
"Scripts/Content/Items/IT_Amulette.d:130","","","","","ItAm_Prot_Point_01.text[1]","",""
"Scripts/Content/Items/IT_Amulette.d:132","","","","","ItAm_Prot_Point_01.text[3]","",""
"Scripts/Content/Items/IT_Amulette.d:133","","","","","ItAm_Prot_Point_01.text[4]","",""
"Scripts/Content/Items/IT_Amulette.d:168","Amulett der Geisteskraft","정신력의 부적","","False","ItAm_Prot_Mage_01.description","",""
"Scripts/Content/Items/IT_Amulette.d:169","","","","","ItAm_Prot_Mage_01.text[0]","",""
"Scripts/Content/Items/IT_Amulette.d:170","","","","","ItAm_Prot_Mage_01.text[1]","",""
"Scripts/Content/Items/IT_Amulette.d:172","","","","","ItAm_Prot_Mage_01.text[3]","",""
"Scripts/Content/Items/IT_Amulette.d:173","","","","","ItAm_Prot_Mage_01.text[4]","",""
"Scripts/Content/Items/IT_Amulette.d:209","Amulett der Erzhaut","광석 가죽의 부적","","False","ItAm_Prot_Total_01.description","",""
"Scripts/Content/Items/IT_Amulette.d:210","","","","","ItAm_Prot_Total_01.text[0]","",""
"Scripts/Content/Items/IT_Amulette.d:257","Amulett der Wendigkeit","민첩의 부적","","False","ItAm_Dex_01.description","",""
"Scripts/Content/Items/IT_Amulette.d:258","","","","","ItAm_Dex_01.text[0]","",""
"Scripts/Content/Items/IT_Amulette.d:259","","","","","ItAm_Dex_01.text[1]","",""
"Scripts/Content/Items/IT_Amulette.d:261","","","","","ItAm_Dex_01.text[3]","",""
"Scripts/Content/Items/IT_Amulette.d:262","","","","","ItAm_Dex_01.text[4]","",""
"Scripts/Content/Items/IT_Amulette.d:298","Amulett der Kraft","힘의 부적","","False","ItAm_Strg_01.description","",""
"Scripts/Content/Items/IT_Amulette.d:299","","","","","ItAm_Strg_01.text[0]","",""
"Scripts/Content/Items/IT_Amulette.d:300","","","","","ItAm_Strg_01.text[1]","",""
"Scripts/Content/Items/IT_Amulette.d:302","","","","","ItAm_Strg_01.text[3]","",""
"Scripts/Content/Items/IT_Amulette.d:303","","","","","ItAm_Strg_01.text[4]","",""
"Scripts/Content/Items/IT_Amulette.d:339","Amulett der Lebenskraft","생명력의 부적","","False","ItAm_Hp_01.description","",""
"Scripts/Content/Items/IT_Amulette.d:340","","","","","ItAm_Hp_01.text[0]","",""
"Scripts/Content/Items/IT_Amulette.d:341","","","","","ItAm_Hp_01.text[1]","",""
"Scripts/Content/Items/IT_Amulette.d:343","","","","","ItAm_Hp_01.text[3]","",""
"Scripts/Content/Items/IT_Amulette.d:344","","","","","ItAm_Hp_01.text[4]","",""
"Scripts/Content/Items/IT_Amulette.d:388","Amulett der Magie","마법의 부적","","False","ItAm_Mana_01.description","",""
"Scripts/Content/Items/IT_Amulette.d:389","","","","","ItAm_Mana_01.text[0]","",""
"Scripts/Content/Items/IT_Amulette.d:390","","","","","ItAm_Mana_01.text[1]","",""
"Scripts/Content/Items/IT_Amulette.d:392","","","","","ItAm_Mana_01.text[3]","",""
"Scripts/Content/Items/IT_Amulette.d:393","","","","","ItAm_Mana_01.text[4]","",""
"Scripts/Content/Items/IT_Amulette.d:420","Amulett der Macht","권능의 부적","","False","ItAm_Dex_Strg_01.name","",""
"Scripts/Content/Items/IT_Amulette.d:438","","","","","ItAm_Dex_Strg_01.text[0]","",""
"Scripts/Content/Items/IT_Amulette.d:439","","","","","ItAm_Dex_Strg_01.text[1]","",""
"Scripts/Content/Items/IT_Amulette.d:442","","","","","ItAm_Dex_Strg_01.text[4]","",""
"Scripts/Content/Items/IT_Amulette.d:462","Amulett der Erleuchtung","깨달음의 부적","","False","ItAm_Hp_Mana_01.name","",""
"Scripts/Content/Items/IT_Amulette.d:480","","","","","ItAm_Hp_Mana_01.text[0]","",""
"Scripts/Content/Items/IT_Amulette.d:481","","","","","ItAm_Hp_Mana_01.text[1]","",""
"Scripts/Content/Items/IT_Amulette.d:484","","","","","ItAm_Hp_Mana_01.text[4]","",""
"Scripts/Content/Items/IT_AnimalTrophy.d:51","Kopf","머리","","False","ItAt_Addon_BCKopf.name","",""
"Scripts/Content/Items/IT_AnimalTrophy.d:61","Kopf der Fangheuschrecke","사마귀 머리","","False","ItAt_Addon_BCKopf.description","",""
"Scripts/Content/Items/IT_AnimalTrophy.d:62","","","","","ItAt_Addon_BCKopf.text[0]","",""
"Scripts/Content/Items/IT_AnimalTrophy.d:63","","","","","ItAt_Addon_BCKopf.text[1]","",""
"Scripts/Content/Items/IT_AnimalTrophy.d:64","","","","","ItAt_Addon_BCKopf.text[2]","",""
"Scripts/Content/Items/IT_AnimalTrophy.d:65","","","","","ItAt_Addon_BCKopf.text[3]","",""
"Scripts/Content/Items/IT_AnimalTrophy.d:66","","","","","ItAt_Addon_BCKopf.text[4]","",""
"Scripts/Content/Items/IT_AnimalTrophy.d:73","Wanzenfleisch","벌레 고기","","False","ItAt_Meatbugflesh.name","",""
"Scripts/Content/Items/IT_AnimalTrophy.d:87","","","","","ItAt_Meatbugflesh.text[0]","",""
"Scripts/Content/Items/IT_AnimalTrophy.d:89","","","","","ItAt_Meatbugflesh.text[2]","",""
"Scripts/Content/Items/IT_AnimalTrophy.d:90","","","","","ItAt_Meatbugflesh.text[3]","",""
"Scripts/Content/Items/IT_AnimalTrophy.d:91","","","","","ItAt_Meatbugflesh.text[4]","",""
"Scripts/Content/Items/IT_AnimalTrophy.d:103","Schafsfell","양 가죽","","False","ItAt_SheepFur.name","",""
"Scripts/Content/Items/IT_AnimalTrophy.d:114","","","","","ItAt_SheepFur.text[0]","",""
"Scripts/Content/Items/IT_AnimalTrophy.d:115","","","","","ItAt_SheepFur.text[1]","",""
"Scripts/Content/Items/IT_AnimalTrophy.d:116","","","","","ItAt_SheepFur.text[2]","",""
"Scripts/Content/Items/IT_AnimalTrophy.d:117","","","","","ItAt_SheepFur.text[3]","",""
"Scripts/Content/Items/IT_AnimalTrophy.d:118","","","","","ItAt_SheepFur.text[4]","",""
"Scripts/Content/Items/IT_AnimalTrophy.d:125","Wolfsfell","늑대 가죽","","False","ItAt_WolfFur.name","",""
"Scripts/Content/Items/IT_AnimalTrophy.d:136","","","","","ItAt_WolfFur.text[0]","",""
"Scripts/Content/Items/IT_AnimalTrophy.d:137","","","","","ItAt_WolfFur.text[1]","",""
"Scripts/Content/Items/IT_AnimalTrophy.d:138","","","","","ItAt_WolfFur.text[2]","",""
"Scripts/Content/Items/IT_AnimalTrophy.d:139","","","","","ItAt_WolfFur.text[3]","",""
"Scripts/Content/Items/IT_AnimalTrophy.d:140","","","","","ItAt_WolfFur.text[4]","",""
"Scripts/Content/Items/IT_AnimalTrophy.d:147","Feldräuberzangen","필드 레이더 집게발","","False","ItAt_BugMandibles.name","",""
"Scripts/Content/Items/IT_AnimalTrophy.d:158","","","","","ItAt_BugMandibles.text[0]","",""
"Scripts/Content/Items/IT_AnimalTrophy.d:159","","","","","ItAt_BugMandibles.text[1]","",""
"Scripts/Content/Items/IT_AnimalTrophy.d:160","","","","","ItAt_BugMandibles.text[2]","",""
"Scripts/Content/Items/IT_AnimalTrophy.d:161","","","","","ItAt_BugMandibles.text[3]","",""
"Scripts/Content/Items/IT_AnimalTrophy.d:162","","","","","ItAt_BugMandibles.text[4]","",""
"Scripts/Content/Items/IT_AnimalTrophy.d:169","Krallen","발톱","","False","ItAt_Claw.name","",""
"Scripts/Content/Items/IT_AnimalTrophy.d:180","","","","","ItAt_Claw.text[0]","",""
"Scripts/Content/Items/IT_AnimalTrophy.d:181","","","","","ItAt_Claw.text[1]","",""
"Scripts/Content/Items/IT_AnimalTrophy.d:182","","","","","ItAt_Claw.text[2]","",""
"Scripts/Content/Items/IT_AnimalTrophy.d:183","","","","","ItAt_Claw.text[3]","",""
"Scripts/Content/Items/IT_AnimalTrophy.d:184","","","","","ItAt_Claw.text[4]","",""
"Scripts/Content/Items/IT_AnimalTrophy.d:191","Lurker Klaue","러커 발톱","","False","ItAt_LurkerClaw.name","",""
"Scripts/Content/Items/IT_AnimalTrophy.d:202","","","","","ItAt_LurkerClaw.text[0]","",""
"Scripts/Content/Items/IT_AnimalTrophy.d:203","","","","","ItAt_LurkerClaw.text[1]","",""
"Scripts/Content/Items/IT_AnimalTrophy.d:204","","","","","ItAt_LurkerClaw.text[2]","",""
"Scripts/Content/Items/IT_AnimalTrophy.d:205","","","","","ItAt_LurkerClaw.text[3]","",""
"Scripts/Content/Items/IT_AnimalTrophy.d:206","","","","","ItAt_LurkerClaw.text[4]","",""
"Scripts/Content/Items/IT_AnimalTrophy.d:213","Zähne","이빨","","False","ItAt_Teeth.name","",""
"Scripts/Content/Items/IT_AnimalTrophy.d:224","","","","","ItAt_Teeth.text[0]","",""
"Scripts/Content/Items/IT_AnimalTrophy.d:225","","","","","ItAt_Teeth.text[1]","",""
"Scripts/Content/Items/IT_AnimalTrophy.d:226","","","","","ItAt_Teeth.text[2]","",""
"Scripts/Content/Items/IT_AnimalTrophy.d:227","","","","","ItAt_Teeth.text[3]","",""
"Scripts/Content/Items/IT_AnimalTrophy.d:228","","","","","ItAt_Teeth.text[4]","",""
"Scripts/Content/Items/IT_AnimalTrophy.d:235","Minecrawlerzangen","마인크롤러 집게발","","False","ItAt_CrawlerMandibles.name","",""
"Scripts/Content/Items/IT_AnimalTrophy.d:249","Die Zangen können aufgebrochen, ","집게발을 열어 ","","False","ItAt_CrawlerMandibles.text[0]","",""
"Scripts/Content/Items/IT_AnimalTrophy.d:250","und das Sekret darin geschlürft werden.","그 안에 있는 분비물을 마실 수 있다.","","False","ItAt_CrawlerMandibles.text[1]","",""
"Scripts/Content/Items/IT_AnimalTrophy.d:251","Es regeniert die magische Kraft.","마력을 회복해 준다.","","False","ItAt_CrawlerMandibles.text[2]","",""
"Scripts/Content/Items/IT_AnimalTrophy.d:252","Verliert mit der Zeit seine Wirkung.","시간이 지나면 효과가 사라진다.","","False","ItAt_CrawlerMandibles.text[3]","",""
"Scripts/Content/Items/IT_AnimalTrophy.d:253","","","","","ItAt_CrawlerMandibles.text[4]","",""
"Scripts/Content/Items/IT_AnimalTrophy.d:274","Flügel","날개","","False","ItAt_Wing.name","",""
"Scripts/Content/Items/IT_AnimalTrophy.d:285","","","","","ItAt_Wing.text[0]","",""
"Scripts/Content/Items/IT_AnimalTrophy.d:286","","","","","ItAt_Wing.text[1]","",""
"Scripts/Content/Items/IT_AnimalTrophy.d:287","","","","","ItAt_Wing.text[2]","",""
"Scripts/Content/Items/IT_AnimalTrophy.d:288","","","","","ItAt_Wing.text[3]","",""
"Scripts/Content/Items/IT_AnimalTrophy.d:289","","","","","ItAt_Wing.text[4]","",""
"Scripts/Content/Items/IT_AnimalTrophy.d:296","Stachel","침","","False","ItAt_Sting.name","",""
"Scripts/Content/Items/IT_AnimalTrophy.d:310","","","","","ItAt_Sting.text[0]","",""
"Scripts/Content/Items/IT_AnimalTrophy.d:311","Der Stachel","침에는","","False","ItAt_Sting.text[1]","",""
"Scripts/Content/Items/IT_AnimalTrophy.d:312","enthält ein giftiges Sekret","독성 분비물이 들어 있다.","","False","ItAt_Sting.text[2]","",""
"Scripts/Content/Items/IT_AnimalTrophy.d:313","","","","","ItAt_Sting.text[3]","",""
"Scripts/Content/Items/IT_AnimalTrophy.d:314","","","","","ItAt_Sting.text[4]","",""
"Scripts/Content/Items/IT_AnimalTrophy.d:348","Reptilienhaut","파충류 가죽","","False","itat_LurkerSkin.name","",""
"Scripts/Content/Items/IT_AnimalTrophy.d:358","Die Haut eines Reptils","파충류의 가죽","","False","itat_LurkerSkin.description","",""
"Scripts/Content/Items/IT_AnimalTrophy.d:359","","","","","itat_LurkerSkin.text[0]","",""
"Scripts/Content/Items/IT_AnimalTrophy.d:360","","","","","itat_LurkerSkin.text[1]","",""
"Scripts/Content/Items/IT_AnimalTrophy.d:361","","","","","itat_LurkerSkin.text[2]","",""
"Scripts/Content/Items/IT_AnimalTrophy.d:362","","","","","itat_LurkerSkin.text[3]","",""
"Scripts/Content/Items/IT_AnimalTrophy.d:363","","","","","itat_LurkerSkin.text[4]","",""
"Scripts/Content/Items/IT_AnimalTrophy.d:370","Wargfell","와르그 가죽","","False","ItAt_WargFur.name","",""
"Scripts/Content/Items/IT_AnimalTrophy.d:381","","","","","ItAt_WargFur.text[0]","",""
"Scripts/Content/Items/IT_AnimalTrophy.d:382","","","","","ItAt_WargFur.text[1]","",""
"Scripts/Content/Items/IT_AnimalTrophy.d:383","","","","","ItAt_WargFur.text[2]","",""
"Scripts/Content/Items/IT_AnimalTrophy.d:384","","","","","ItAt_WargFur.text[3]","",""
"Scripts/Content/Items/IT_AnimalTrophy.d:385","","","","","ItAt_WargFur.text[4]","",""
"Scripts/Content/Items/IT_AnimalTrophy.d:392","Keilerfell","멧돼지 가죽","","False","ItAt_Addon_KeilerFur.name","",""
"Scripts/Content/Items/IT_AnimalTrophy.d:403","","","","","ItAt_Addon_KeilerFur.text[0]","",""
"Scripts/Content/Items/IT_AnimalTrophy.d:404","","","","","ItAt_Addon_KeilerFur.text[1]","",""
"Scripts/Content/Items/IT_AnimalTrophy.d:405","","","","","ItAt_Addon_KeilerFur.text[2]","",""
"Scripts/Content/Items/IT_AnimalTrophy.d:406","","","","","ItAt_Addon_KeilerFur.text[3]","",""
"Scripts/Content/Items/IT_AnimalTrophy.d:407","","","","","ItAt_Addon_KeilerFur.text[4]","",""
"Scripts/Content/Items/IT_AnimalTrophy.d:414","Horn eines DrachenSnappers","드래곤 스내퍼의 뿔","","False","ItAt_DrgSnapperHorn.name","",""
"Scripts/Content/Items/IT_AnimalTrophy.d:425","","","","","ItAt_DrgSnapperHorn.text[0]","",""
"Scripts/Content/Items/IT_AnimalTrophy.d:426","","","","","ItAt_DrgSnapperHorn.text[1]","",""
"Scripts/Content/Items/IT_AnimalTrophy.d:427","","","","","ItAt_DrgSnapperHorn.text[2]","",""
"Scripts/Content/Items/IT_AnimalTrophy.d:428","","","","","ItAt_DrgSnapperHorn.text[3]","",""
"Scripts/Content/Items/IT_AnimalTrophy.d:429","","","","","ItAt_DrgSnapperHorn.text[4]","",""
"Scripts/Content/Items/IT_AnimalTrophy.d:436","Minecrawler Panzerplatten","마인크롤러 갑옷 판금","","False","ItAt_CrawlerPlate.name","",""
"Scripts/Content/Items/IT_AnimalTrophy.d:447","","","","","ItAt_CrawlerPlate.text[0]","",""
"Scripts/Content/Items/IT_AnimalTrophy.d:448","","","","","ItAt_CrawlerPlate.text[1]","",""
"Scripts/Content/Items/IT_AnimalTrophy.d:449","","","","","ItAt_CrawlerPlate.text[2]","",""
"Scripts/Content/Items/IT_AnimalTrophy.d:450","","","","","ItAt_CrawlerPlate.text[3]","",""
"Scripts/Content/Items/IT_AnimalTrophy.d:451","","","","","ItAt_CrawlerPlate.text[4]","",""
"Scripts/Content/Items/IT_AnimalTrophy.d:458","Fell eines Schattenläufers","쉐도우 비스트 가죽","","False","ItAt_ShadowFur.name","",""
"Scripts/Content/Items/IT_AnimalTrophy.d:469","","","","","ItAt_ShadowFur.text[0]","",""
"Scripts/Content/Items/IT_AnimalTrophy.d:470","","","","","ItAt_ShadowFur.text[1]","",""
"Scripts/Content/Items/IT_AnimalTrophy.d:471","","","","","ItAt_ShadowFur.text[2]","",""
"Scripts/Content/Items/IT_AnimalTrophy.d:472","","","","","ItAt_ShadowFur.text[3]","",""
"Scripts/Content/Items/IT_AnimalTrophy.d:473","","","","","ItAt_ShadowFur.text[4]","",""
"Scripts/Content/Items/IT_AnimalTrophy.d:480","Haut eines Sumpfhais","늪상어 가죽","","False","ItAt_SharkSkin.name","",""
"Scripts/Content/Items/IT_AnimalTrophy.d:491","","","","","ItAt_SharkSkin.text[0]","",""
"Scripts/Content/Items/IT_AnimalTrophy.d:492","","","","","ItAt_SharkSkin.text[1]","",""
"Scripts/Content/Items/IT_AnimalTrophy.d:493","","","","","ItAt_SharkSkin.text[2]","",""
"Scripts/Content/Items/IT_AnimalTrophy.d:494","","","","","ItAt_SharkSkin.text[3]","",""
"Scripts/Content/Items/IT_AnimalTrophy.d:495","","","","","ItAt_SharkSkin.text[4]","",""
"Scripts/Content/Items/IT_AnimalTrophy.d:502","Trollfell","트롤 가죽","","False","ItAt_TrollFur.name","",""
"Scripts/Content/Items/IT_AnimalTrophy.d:513","","","","","ItAt_TrollFur.text[0]","",""
"Scripts/Content/Items/IT_AnimalTrophy.d:514","","","","","ItAt_TrollFur.text[1]","",""
"Scripts/Content/Items/IT_AnimalTrophy.d:515","","","","","ItAt_TrollFur.text[2]","",""
"Scripts/Content/Items/IT_AnimalTrophy.d:516","","","","","ItAt_TrollFur.text[3]","",""
"Scripts/Content/Items/IT_AnimalTrophy.d:517","","","","","ItAt_TrollFur.text[4]","",""
"Scripts/Content/Items/IT_AnimalTrophy.d:524","Fell eines schwarzen Trolls","블랙 트롤 가죽","","False","ItAt_TrollBlackFur.name","",""
"Scripts/Content/Items/IT_AnimalTrophy.d:535","","","","","ItAt_TrollBlackFur.text[0]","",""
"Scripts/Content/Items/IT_AnimalTrophy.d:536","","","","","ItAt_TrollBlackFur.text[1]","",""
"Scripts/Content/Items/IT_AnimalTrophy.d:537","","","","","ItAt_TrollBlackFur.text[2]","",""
"Scripts/Content/Items/IT_AnimalTrophy.d:538","","","","","ItAt_TrollBlackFur.text[3]","",""
"Scripts/Content/Items/IT_AnimalTrophy.d:539","","","","","ItAt_TrollBlackFur.text[4]","",""
"Scripts/Content/Items/IT_AnimalTrophy.d:546","Flammenzunge","화염의 혀","","False","ItAt_WaranFiretongue.name","",""
"Scripts/Content/Items/IT_AnimalTrophy.d:557","","","","","ItAt_WaranFiretongue.text[0]","",""
"Scripts/Content/Items/IT_AnimalTrophy.d:558","","","","","ItAt_WaranFiretongue.text[1]","",""
"Scripts/Content/Items/IT_AnimalTrophy.d:559","","","","","ItAt_WaranFiretongue.text[2]","",""
"Scripts/Content/Items/IT_AnimalTrophy.d:560","","","","","ItAt_WaranFiretongue.text[3]","",""
"Scripts/Content/Items/IT_AnimalTrophy.d:561","","","","","ItAt_WaranFiretongue.text[4]","",""
"Scripts/Content/Items/IT_AnimalTrophy.d:568","Horn eines Schattenläufers","쉐도우 비스트의 뿔","","False","ItAt_ShadowHorn.name","",""
"Scripts/Content/Items/IT_AnimalTrophy.d:579","","","","","ItAt_ShadowHorn.text[0]","",""
"Scripts/Content/Items/IT_AnimalTrophy.d:580","","","","","ItAt_ShadowHorn.text[1]","",""
"Scripts/Content/Items/IT_AnimalTrophy.d:581","","","","","ItAt_ShadowHorn.text[2]","",""
"Scripts/Content/Items/IT_AnimalTrophy.d:582","","","","","ItAt_ShadowHorn.text[3]","",""
"Scripts/Content/Items/IT_AnimalTrophy.d:583","","","","","ItAt_ShadowHorn.text[4]","",""
"Scripts/Content/Items/IT_AnimalTrophy.d:590","Zähne eines Sumpfhais","늪상어의 이빨","","False","ItAt_SharkTeeth.name","",""
"Scripts/Content/Items/IT_AnimalTrophy.d:601","","","","","ItAt_SharkTeeth.text[0]","",""
"Scripts/Content/Items/IT_AnimalTrophy.d:602","","","","","ItAt_SharkTeeth.text[1]","",""
"Scripts/Content/Items/IT_AnimalTrophy.d:603","","","","","ItAt_SharkTeeth.text[2]","",""
"Scripts/Content/Items/IT_AnimalTrophy.d:604","","","","","ItAt_SharkTeeth.text[3]","",""
"Scripts/Content/Items/IT_AnimalTrophy.d:605","","","","","ItAt_SharkTeeth.text[4]","",""
"Scripts/Content/Items/IT_AnimalTrophy.d:612","Trollhauer","트롤 엄니","","False","ItAt_TrollTooth.name","",""
"Scripts/Content/Items/IT_AnimalTrophy.d:623","","","","","ItAt_TrollTooth.text[0]","",""
"Scripts/Content/Items/IT_AnimalTrophy.d:624","","","","","ItAt_TrollTooth.text[1]","",""
"Scripts/Content/Items/IT_AnimalTrophy.d:625","","","","","ItAt_TrollTooth.text[2]","",""
"Scripts/Content/Items/IT_AnimalTrophy.d:626","","","","","ItAt_TrollTooth.text[3]","",""
"Scripts/Content/Items/IT_AnimalTrophy.d:627","","","","","ItAt_TrollTooth.text[4]","",""
"Scripts/Content/Items/IT_AnimalTrophy.d:635","Herz eines Steingolems","돌 골렘의 심장","","False","ItAt_StoneGolemHeart.name","",""
"Scripts/Content/Items/IT_AnimalTrophy.d:648","","","","","ItAt_StoneGolemHeart.text[0]","",""
"Scripts/Content/Items/IT_AnimalTrophy.d:649","","","","","ItAt_StoneGolemHeart.text[1]","",""
"Scripts/Content/Items/IT_AnimalTrophy.d:650","","","","","ItAt_StoneGolemHeart.text[2]","",""
"Scripts/Content/Items/IT_AnimalTrophy.d:651","","","","","ItAt_StoneGolemHeart.text[3]","",""
"Scripts/Content/Items/IT_AnimalTrophy.d:652","","","","","ItAt_StoneGolemHeart.text[4]","",""
"Scripts/Content/Items/IT_AnimalTrophy.d:659","Herz eines Feuergolems","화염 골렘의 심장","","False","ItAt_FireGolemHeart.name","",""
"Scripts/Content/Items/IT_AnimalTrophy.d:672","","","","","ItAt_FireGolemHeart.text[0]","",""
"Scripts/Content/Items/IT_AnimalTrophy.d:673","","","","","ItAt_FireGolemHeart.text[1]","",""
"Scripts/Content/Items/IT_AnimalTrophy.d:674","","","","","ItAt_FireGolemHeart.text[2]","",""
"Scripts/Content/Items/IT_AnimalTrophy.d:675","","","","","ItAt_FireGolemHeart.text[3]","",""
"Scripts/Content/Items/IT_AnimalTrophy.d:676","","","","","ItAt_FireGolemHeart.text[4]","",""
"Scripts/Content/Items/IT_AnimalTrophy.d:683","Herz eines Eisgolems","얼음 골렘의 심장","","False","ItAt_IceGolemHeart.name","",""
"Scripts/Content/Items/IT_AnimalTrophy.d:696","","","","","ItAt_IceGolemHeart.text[0]","",""
"Scripts/Content/Items/IT_AnimalTrophy.d:697","","","","","ItAt_IceGolemHeart.text[1]","",""
"Scripts/Content/Items/IT_AnimalTrophy.d:698","","","","","ItAt_IceGolemHeart.text[2]","",""
"Scripts/Content/Items/IT_AnimalTrophy.d:699","","","","","ItAt_IceGolemHeart.text[3]","",""
"Scripts/Content/Items/IT_AnimalTrophy.d:700","","","","","ItAt_IceGolemHeart.text[4]","",""
"Scripts/Content/Items/IT_AnimalTrophy.d:707","Knochen eines Goblins","고블린의 뼈","","False","ItAt_GoblinBone.name","",""
"Scripts/Content/Items/IT_AnimalTrophy.d:718","","","","","ItAt_GoblinBone.text[0]","",""
"Scripts/Content/Items/IT_AnimalTrophy.d:719","","","","","ItAt_GoblinBone.text[1]","",""
"Scripts/Content/Items/IT_AnimalTrophy.d:720","","","","","ItAt_GoblinBone.text[2]","",""
"Scripts/Content/Items/IT_AnimalTrophy.d:721","","","","","ItAt_GoblinBone.text[3]","",""
"Scripts/Content/Items/IT_AnimalTrophy.d:722","","","","","ItAt_GoblinBone.text[4]","",""
"Scripts/Content/Items/IT_AnimalTrophy.d:729","Knochen eines Skeletts","해골의 뼈","","False","ItAt_SkeletonBone.name","",""
"Scripts/Content/Items/IT_AnimalTrophy.d:740","","","","","ItAt_SkeletonBone.text[0]","",""
"Scripts/Content/Items/IT_AnimalTrophy.d:741","","","","","ItAt_SkeletonBone.text[1]","",""
"Scripts/Content/Items/IT_AnimalTrophy.d:742","","","","","ItAt_SkeletonBone.text[2]","",""
"Scripts/Content/Items/IT_AnimalTrophy.d:743","","","","","ItAt_SkeletonBone.text[3]","",""
"Scripts/Content/Items/IT_AnimalTrophy.d:744","","","","","ItAt_SkeletonBone.text[4]","",""
"Scripts/Content/Items/IT_AnimalTrophy.d:751","Herz eines Dämonen","악마의 심장","","False","ItAt_DemonHeart.name","",""
"Scripts/Content/Items/IT_AnimalTrophy.d:762","","","","","ItAt_DemonHeart.text[0]","",""
"Scripts/Content/Items/IT_AnimalTrophy.d:763","","","","","ItAt_DemonHeart.text[1]","",""
"Scripts/Content/Items/IT_AnimalTrophy.d:764","","","","","ItAt_DemonHeart.text[2]","",""
"Scripts/Content/Items/IT_AnimalTrophy.d:765","","","","","ItAt_DemonHeart.text[3]","",""
"Scripts/Content/Items/IT_AnimalTrophy.d:766","","","","","ItAt_DemonHeart.text[4]","",""
"Scripts/Content/Items/IT_AnimalTrophy.d:775","Seelenstein des Untoten Drachens","언데드 드래곤의 영혼석","","False","ItAt_UndeadDragonSoulStone.name","",""
"Scripts/Content/Items/IT_AnimalTrophy.d:786","","","","","ItAt_UndeadDragonSoulStone.text[0]","",""
"Scripts/Content/Items/IT_AnimalTrophy.d:787","","","","","ItAt_UndeadDragonSoulStone.text[1]","",""
"Scripts/Content/Items/IT_AnimalTrophy.d:788","","","","","ItAt_UndeadDragonSoulStone.text[2]","",""
"Scripts/Content/Items/IT_AnimalTrophy.d:789","","","","","ItAt_UndeadDragonSoulStone.text[3]","",""
"Scripts/Content/Items/IT_AnimalTrophy.d:790","","","","","ItAt_UndeadDragonSoulStone.text[4]","",""
"Scripts/Content/Items/IT_AnimalTrophy.d:798","Herz eines Eisdrachen","얼음 드래곤의 심장","","False","ItAt_IcedragonHeart.name","",""
"Scripts/Content/Items/IT_AnimalTrophy.d:809","","","","","ItAt_IcedragonHeart.text[0]","",""
"Scripts/Content/Items/IT_AnimalTrophy.d:810","","","","","ItAt_IcedragonHeart.text[1]","",""
"Scripts/Content/Items/IT_AnimalTrophy.d:811","","","","","ItAt_IcedragonHeart.text[2]","",""
"Scripts/Content/Items/IT_AnimalTrophy.d:812","","","","","ItAt_IcedragonHeart.text[3]","",""
"Scripts/Content/Items/IT_AnimalTrophy.d:813","","","","","ItAt_IcedragonHeart.text[4]","",""
"Scripts/Content/Items/IT_AnimalTrophy.d:820","Herz eines Felsdrachen","바위 드래곤의 심장","","False","ItAt_RockdragonHeart.name","",""
"Scripts/Content/Items/IT_AnimalTrophy.d:831","","","","","ItAt_RockdragonHeart.text[0]","",""
"Scripts/Content/Items/IT_AnimalTrophy.d:832","","","","","ItAt_RockdragonHeart.text[1]","",""
"Scripts/Content/Items/IT_AnimalTrophy.d:833","","","","","ItAt_RockdragonHeart.text[2]","",""
"Scripts/Content/Items/IT_AnimalTrophy.d:834","","","","","ItAt_RockdragonHeart.text[3]","",""
"Scripts/Content/Items/IT_AnimalTrophy.d:835","","","","","ItAt_RockdragonHeart.text[4]","",""
"Scripts/Content/Items/IT_AnimalTrophy.d:842","Herz eines Sumpfdrachens","늪 드래곤의 심장","","False","ItAt_SwampdragonHeart.name","",""
"Scripts/Content/Items/IT_AnimalTrophy.d:853","","","","","ItAt_SwampdragonHeart.text[0]","",""
"Scripts/Content/Items/IT_AnimalTrophy.d:854","","","","","ItAt_SwampdragonHeart.text[1]","",""
"Scripts/Content/Items/IT_AnimalTrophy.d:855","","","","","ItAt_SwampdragonHeart.text[2]","",""
"Scripts/Content/Items/IT_AnimalTrophy.d:856","","","","","ItAt_SwampdragonHeart.text[3]","",""
"Scripts/Content/Items/IT_AnimalTrophy.d:857","","","","","ItAt_SwampdragonHeart.text[4]","",""
"Scripts/Content/Items/IT_AnimalTrophy.d:864","Herz eines Feuerdrachen","화염 드래곤의 심장","","False","ItAt_FiredragonHeart.name","",""
"Scripts/Content/Items/IT_AnimalTrophy.d:875","","","","","ItAt_FiredragonHeart.text[0]","",""
"Scripts/Content/Items/IT_AnimalTrophy.d:876","","","","","ItAt_FiredragonHeart.text[1]","",""
"Scripts/Content/Items/IT_AnimalTrophy.d:877","","","","","ItAt_FiredragonHeart.text[2]","",""
"Scripts/Content/Items/IT_AnimalTrophy.d:878","","","","","ItAt_FiredragonHeart.text[3]","",""
"Scripts/Content/Items/IT_AnimalTrophy.d:879","","","","","ItAt_FiredragonHeart.text[4]","",""
"Scripts/Content/Items/IT_AnimalTrophy.d:886","Drachenblut","드래곤의 피","","False","ItAt_DragonBlood.name","",""
"Scripts/Content/Items/IT_AnimalTrophy.d:897","","","","","ItAt_DragonBlood.text[0]","",""
"Scripts/Content/Items/IT_AnimalTrophy.d:898","","","","","ItAt_DragonBlood.text[1]","",""
"Scripts/Content/Items/IT_AnimalTrophy.d:899","","","","","ItAt_DragonBlood.text[2]","",""
"Scripts/Content/Items/IT_AnimalTrophy.d:900","","","","","ItAt_DragonBlood.text[3]","",""
"Scripts/Content/Items/IT_AnimalTrophy.d:901","","","","","ItAt_DragonBlood.text[4]","",""
"Scripts/Content/Items/IT_AnimalTrophy.d:909","Drachenschuppen","드래곤 비늘","","False","ItAt_DragonScale.name","",""
"Scripts/Content/Items/IT_AnimalTrophy.d:920","","","","","ItAt_DragonScale.text[0]","",""
"Scripts/Content/Items/IT_AnimalTrophy.d:921","","","","","ItAt_DragonScale.text[1]","",""
"Scripts/Content/Items/IT_AnimalTrophy.d:922","","","","","ItAt_DragonScale.text[2]","",""
"Scripts/Content/Items/IT_AnimalTrophy.d:923","","","","","ItAt_DragonScale.text[3]","",""
"Scripts/Content/Items/IT_AnimalTrophy.d:924","","","","","ItAt_DragonScale.text[4]","",""
"Scripts/Content/Items/IT_Armor.d:66","Wams des Statthalters","장관의 더블렛","","False","ITAR_Governor.name","",""
"Scripts/Content/Items/IT_Armor.d:87","","","","","ITAR_Governor.text[0]","",""
"Scripts/Content/Items/IT_Armor.d:98","Richterrobe","판사의 로브","","False","ITAR_JUDGE.name","",""
"Scripts/Content/Items/IT_Armor.d:119","","","","","ITAR_JUDGE.text[0]","",""
"Scripts/Content/Items/IT_Armor.d:130","Schmied Kleidung","대장장이 의복","","False","ITAR_SMITH.name","",""
"Scripts/Content/Items/IT_Armor.d:151","","","","","ITAR_SMITH.text[0]","",""
"Scripts/Content/Items/IT_Armor.d:162","Wirt Kleidung","여관 주인의 의복","","False","ITAR_BARKEEPER.name","",""
"Scripts/Content/Items/IT_Armor.d:183","","","","","ITAR_BARKEEPER.text[0]","",""
"Scripts/Content/Items/IT_Armor.d:194","Bürger Kleidung","시민의 의복","","False","ITAR_VLK_L.name","",""
"Scripts/Content/Items/IT_Armor.d:215","","","","","ITAR_VLK_L.text[0]","",""
"Scripts/Content/Items/IT_Armor.d:226","Bürger Kleidung","시민의 의복","","False","ITAR_VLK_M.name","",""
"Scripts/Content/Items/IT_Armor.d:247","","","","","ITAR_VLK_M.text[0]","",""
"Scripts/Content/Items/IT_Armor.d:258","Bürger Kleidung","시민의 의복","","False","ITAR_VLK_H.name","",""
"Scripts/Content/Items/IT_Armor.d:279","","","","","ITAR_VLK_H.text[0]","",""
"Scripts/Content/Items/IT_Armor.d:290","Bürgerin Kleidung 1","시민의 의복 1","","False","ITAR_VlkBabe_L.name","",""
"Scripts/Content/Items/IT_Armor.d:311","","","","","ITAR_VlkBabe_L.text[0]","",""
"Scripts/Content/Items/IT_Armor.d:322","Bürgerin Kleidung 2","시민의 의복 2","","False","ITAR_VlkBabe_M.name","",""
"Scripts/Content/Items/IT_Armor.d:343","","","","","ITAR_VlkBabe_M.text[0]","",""
"Scripts/Content/Items/IT_Armor.d:354","Bürgerin Kleidung 3","시민의 의복 3","","False","ITAR_VlkBabe_H.name","",""
"Scripts/Content/Items/IT_Armor.d:375","","","","","ITAR_VlkBabe_H.text[0]","",""
"Scripts/Content/Items/IT_Armor.d:386","Leichte Milizrüstung","경량 민병대 갑옷","","False","ITAR_MIL_L.name","",""
"Scripts/Content/Items/IT_Armor.d:410","","","","","ITAR_MIL_L.text[0]","",""
"Scripts/Content/Items/IT_Armor.d:455","Schwere Milizrüstung","중량 민병대 갑옷","","False","ITAR_MIL_M.name","",""
"Scripts/Content/Items/IT_Armor.d:479","","","","","ITAR_MIL_M.text[0]","",""
"Scripts/Content/Items/IT_Armor.d:524","Ritterrüstung","기사 갑옷","","False","ITAR_PAL_M.name","",""
"Scripts/Content/Items/IT_Armor.d:545","","","","","ITAR_PAL_M.text[0]","",""
"Scripts/Content/Items/IT_Armor.d:556","Paladinrüstung","팔라딘 갑옷","","False","ITAR_PAL_H.name","",""
"Scripts/Content/Items/IT_Armor.d:577","","","","","ITAR_PAL_H.text[0]","",""
"Scripts/Content/Items/IT_Armor.d:588","Bauernkleidung 1","농부의 의복 1","","False","ITAR_BAU_L.name","",""
"Scripts/Content/Items/IT_Armor.d:609","","","","","ITAR_BAU_L.text[0]","",""
"Scripts/Content/Items/IT_Armor.d:620","Bauernkleidung 2","농부의 의복 2","","False","ITAR_BAU_M.name","",""
"Scripts/Content/Items/IT_Armor.d:641","","","","","ITAR_BAU_M.text[0]","",""
"Scripts/Content/Items/IT_Armor.d:652","Bäuerin Tracht 1","농부의 드레스 1","","False","ITAR_BauBabe_L.name","",""
"Scripts/Content/Items/IT_Armor.d:673","","","","","ITAR_BauBabe_L.text[0]","",""
"Scripts/Content/Items/IT_Armor.d:684","Bäuerin Tracht 2","농부의 드레스 2","","False","ITAR_BauBabe_M.name","",""
"Scripts/Content/Items/IT_Armor.d:705","","","","","ITAR_BauBabe_M.text[0]","",""
"Scripts/Content/Items/IT_Armor.d:716","Leichte Söldnerrüstung","경량 용병 갑옷","","False","ITAR_SLD_L.name","",""
"Scripts/Content/Items/IT_Armor.d:740","","","","","ITAR_SLD_L.text[0]","",""
"Scripts/Content/Items/IT_Armor.d:785","Mittlere Söldnerrüstung","중량 용병 갑옷","","False","ITAR_SLD_M.name","",""
"Scripts/Content/Items/IT_Armor.d:809","","","","","ITAR_SLD_M.text[0]","",""
"Scripts/Content/Items/IT_Armor.d:854","Schwere Söldnerrüstung","중무장 용병 갑옷","","False","ITAR_SLD_H.name","",""
"Scripts/Content/Items/IT_Armor.d:878","","","","","ITAR_SLD_H.text[0]","",""
"Scripts/Content/Items/IT_Armor.d:923","Rüstung aus Crawlerplatten","크롤러 판금 갑옷","","False","ITAR_DJG_Crawler.name","",""
"Scripts/Content/Items/IT_Armor.d:947","","","","","ITAR_DJG_Crawler.text[0]","",""
"Scripts/Content/Items/IT_Armor.d:992","Leichte Drachenjägerrüstung","경량 드래곤 헌터 갑옷","","False","ITAR_DJG_L.name","",""
"Scripts/Content/Items/IT_Armor.d:1013","","","","","ITAR_DJG_L.text[0]","",""
"Scripts/Content/Items/IT_Armor.d:1024","Mittlere Drachenjägerrüstung","중량 드래곤 헌터 갑옷","","False","ITAR_DJG_M.name","",""
"Scripts/Content/Items/IT_Armor.d:1045","","","","","ITAR_DJG_M.text[0]","",""
"Scripts/Content/Items/IT_Armor.d:1056","Schwere Drachenjägerrüstung","중무장 드래곤 헌터 갑옷","","False","ITAR_DJG_H.name","",""
"Scripts/Content/Items/IT_Armor.d:1077","","","","","ITAR_DJG_H.text[0]","",""
"Scripts/Content/Items/IT_Armor.d:1088","Rüstung einer Drachenjägerin","여성용 드래곤 헌터 갑옷","","False","ITAR_DJG_BABE.name","",""
"Scripts/Content/Items/IT_Armor.d:1109","","","","","ITAR_DJG_BABE.text[0]","",""
"Scripts/Content/Items/IT_Armor.d:1120","Novizenrobe","견습생 로브","","False","ITAR_NOV_L.name","",""
"Scripts/Content/Items/IT_Armor.d:1144","","","","","ITAR_NOV_L.text[0]","",""
"Scripts/Content/Items/IT_Armor.d:1189","Feuermagierrobe","화염 마법사 로브","","False","ITAR_KDF_L.name","",""
"Scripts/Content/Items/IT_Armor.d:1213","","","","","ITAR_KDF_L.text[0]","",""
"Scripts/Content/Items/IT_Armor.d:1258","Schwere Feuerrobe","중급 화염 로브","","False","ITAR_KDF_H.name","",""
"Scripts/Content/Items/IT_Armor.d:1282","","","","","ITAR_KDF_H.text[0]","",""
"Scripts/Content/Items/IT_Armor.d:1327","Lederrüstung","가죽 갑옷","","False","ITAR_Leather_L.name","",""
"Scripts/Content/Items/IT_Armor.d:1351","","","","","ITAR_Leather_L.text[0]","",""
"Scripts/Content/Items/IT_Armor.d:1396","Mittlere Banditenrüstung","중급 도적 갑옷","","False","ITAR_BDT_M.name","",""
"Scripts/Content/Items/IT_Armor.d:1428","Schwere Banditenrüstung","상급 도적 갑옷","","False","ITAR_BDT_H.name","",""
"Scripts/Content/Items/IT_Armor.d:1460","Robe der Dunklen Künste","흑마법사 로브","","False","ITAR_XARDAS.name","",""
"Scripts/Content/Items/IT_Armor.d:1481","","","","","ITAR_XARDAS.text[0]","",""
"Scripts/Content/Items/IT_Armor.d:1492","Lesters Robe","레스터의 로브","","False","ITAR_LESTER.name","",""
"Scripts/Content/Items/IT_Armor.d:1513","","","","","ITAR_LESTER.text[0]","",""
"Scripts/Content/Items/IT_Armor.d:1524","Diegos Rüstung","디에고의 갑옷","","False","ITAR_Diego.name","",""
"Scripts/Content/Items/IT_Armor.d:1545","","","","","ITAR_Diego.text[0]","",""
"Scripts/Content/Items/IT_Armor.d:1556","Cor Angars Rüstung","앙가르의 갑옷","","False","ITAR_CorAngar.name","",""
"Scripts/Content/Items/IT_Armor.d:1577","","","","","ITAR_CorAngar.text[0]","",""
"Scripts/Content/Items/IT_Armor.d:1588","Dunkler Umhang","어두운 망토","","False","ITAR_Dementor.name","",""
"Scripts/Content/Items/IT_Armor.d:1609","","","","","ITAR_Dementor.text[0]","",""
"Scripts/Content/Items/IT_Armor.d:1620","Wassermagierrobe","물의 마법사 로브","","False","ITAR_KDW_H.name","",""
"Scripts/Content/Items/IT_Armor.d:1641","","","","","ITAR_KDW_H.text[0]","",""
"Scripts/Content/Items/IT_Armor.d:1652","Sträflings Kleidung","죄수의 의복","","False","ITAR_Prisoner.name","",""
"Scripts/Content/Items/IT_Armor.d:1673","","","","","ITAR_Prisoner.text[0]","",""
"Scripts/Content/Items/IT_FakeScroll.d:3","Letter","편지","","False","Fakescroll.name","",""
"Scripts/Content/Items/IT_FakeScroll.d:20","","","","","Fakescroll.text[0]","",""
"Scripts/Content/Items/IT_FakeScroll.d:21","","","","","Fakescroll.text[1]","",""
"Scripts/Content/Items/IT_FakeScroll.d:22","","","","","Fakescroll.text[2]","",""
"Scripts/Content/Items/IT_FakeScroll.d:23","","","","","Fakescroll.text[3]","",""
"Scripts/Content/Items/IT_FakeScroll.d:24","","","","","Fakescroll.text[4]","",""
"Scripts/Content/Items/IT_Food.d:29","Apfel","사과","","False","ItFo_Apple.name","",""
"Scripts/Content/Items/IT_Food.d:43","","","","","ItFo_Apple.text[0]","",""
"Scripts/Content/Items/IT_Food.d:45","","","","","ItFo_Apple.text[2]","",""
"Scripts/Content/Items/IT_Food.d:46","Ein frischer Apfel","신선한 사과,","","False","ItFo_Apple.text[3]","",""
"Scripts/Content/Items/IT_Food.d:47","knackig und saftig","단단하고 즙이 많다.","","False","ItFo_Apple.text[4]","",""
"Scripts/Content/Items/IT_Food.d:81","Käse","치즈","","False","ItFo_Cheese.name","",""
"Scripts/Content/Items/IT_Food.d:95","","","","","ItFo_Cheese.text[0]","",""
"Scripts/Content/Items/IT_Food.d:97","","","","","ItFo_Cheese.text[2]","",""
"Scripts/Content/Items/IT_Food.d:98","","","","","ItFo_Cheese.text[3]","",""
"Scripts/Content/Items/IT_Food.d:99","","","","","ItFo_Cheese.text[4]","",""
"Scripts/Content/Items/IT_Food.d:110","Schinken","햄","","False","ItFo_Bacon.name","",""
"Scripts/Content/Items/IT_Food.d:124","","","","","ItFo_Bacon.text[0]","",""
"Scripts/Content/Items/IT_Food.d:126","","","","","ItFo_Bacon.text[2]","",""
"Scripts/Content/Items/IT_Food.d:127","","","","","ItFo_Bacon.text[3]","",""
"Scripts/Content/Items/IT_Food.d:128","","","","","ItFo_Bacon.text[4]","",""
"Scripts/Content/Items/IT_Food.d:139","Brot","빵","","False","ItFo_Bread.name","",""
"Scripts/Content/Items/IT_Food.d:153","","","","","ItFo_Bread.text[0]","",""
"Scripts/Content/Items/IT_Food.d:155","","","","","ItFo_Bread.text[2]","",""
"Scripts/Content/Items/IT_Food.d:156","","","","","ItFo_Bread.text[3]","",""
"Scripts/Content/Items/IT_Food.d:157","","","","","ItFo_Bread.text[4]","",""
"Scripts/Content/Items/IT_Food.d:168","Fisch","생선","","False","ItFo_Fish.name","",""
"Scripts/Content/Items/IT_Food.d:182","","","","","ItFo_Fish.text[0]","",""
"Scripts/Content/Items/IT_Food.d:184","","","","","ItFo_Fish.text[2]","",""
"Scripts/Content/Items/IT_Food.d:185","","","","","ItFo_Fish.text[3]","",""
"Scripts/Content/Items/IT_Food.d:186","","","","","ItFo_Fish.text[4]","",""
"Scripts/Content/Items/IT_Food.d:197","Rohes Fleisch","날고기","","False","ItFoMuttonRaw.name","",""
"Scripts/Content/Items/IT_Food.d:211","","","","","ItFoMuttonRaw.text[0]","",""
"Scripts/Content/Items/IT_Food.d:213","","","","","ItFoMuttonRaw.text[2]","",""
"Scripts/Content/Items/IT_Food.d:214","","","","","ItFoMuttonRaw.text[3]","",""
"Scripts/Content/Items/IT_Food.d:215","","","","","ItFoMuttonRaw.text[4]","",""
"Scripts/Content/Items/IT_Food.d:226","Gebratenes Fleisch","구운 고기","","False","ItFoMutton.name","",""
"Scripts/Content/Items/IT_Food.d:240","","","","","ItFoMutton.text[0]","",""
"Scripts/Content/Items/IT_Food.d:242","","","","","ItFoMutton.text[2]","",""
"Scripts/Content/Items/IT_Food.d:243","","","","","ItFoMutton.text[3]","",""
"Scripts/Content/Items/IT_Food.d:244","","","","","ItFoMutton.text[4]","",""
"Scripts/Content/Items/IT_Food.d:255","Eintopf","스튜","","False","ItFo_Stew.name","",""
"Scripts/Content/Items/IT_Food.d:269","","","","","ItFo_Stew.text[0]","",""
"Scripts/Content/Items/IT_Food.d:271","","","","","ItFo_Stew.text[2]","",""
"Scripts/Content/Items/IT_Food.d:272","","","","","ItFo_Stew.text[3]","",""
"Scripts/Content/Items/IT_Food.d:273","","","","","ItFo_Stew.text[4]","",""
"Scripts/Content/Items/IT_Food.d:284","Thekla's Eintopf","테클라의 스튜","","False","ItFo_XPStew.name","",""
"Scripts/Content/Items/IT_Food.d:298","","","","","ItFo_XPStew.text[0]","",""
"Scripts/Content/Items/IT_Food.d:301","","","","","ItFo_XPStew.text[3]","",""
"Scripts/Content/Items/IT_Food.d:302","","","","","ItFo_XPStew.text[4]","",""
"Scripts/Content/Items/IT_Food.d:315","Bier","맥주","","False","ItFo_CoragonsBeer.name","",""
"Scripts/Content/Items/IT_Food.d:329","","","","","ItFo_CoragonsBeer.text[0]","",""
"Scripts/Content/Items/IT_Food.d:332","","","","","ItFo_CoragonsBeer.text[3]","",""
"Scripts/Content/Items/IT_Food.d:333","Coragons Spezial Bier","코라곤의 특제 맥주","","False","ItFo_CoragonsBeer.text[4]","",""
"Scripts/Content/Items/IT_Food.d:351","Fischsuppe","생선 수프","","False","ItFo_FishSoup.name","",""
"Scripts/Content/Items/IT_Food.d:365","","","","","ItFo_FishSoup.text[0]","",""
"Scripts/Content/Items/IT_Food.d:367","","","","","ItFo_FishSoup.text[2]","",""
"Scripts/Content/Items/IT_Food.d:368","","","","","ItFo_FishSoup.text[3]","",""
"Scripts/Content/Items/IT_Food.d:369","","","","","ItFo_FishSoup.text[4]","",""
"Scripts/Content/Items/IT_Food.d:380","Wurst","소시지","","False","ItFo_Sausage.name","",""
"Scripts/Content/Items/IT_Food.d:394","","","","","ItFo_Sausage.text[0]","",""
"Scripts/Content/Items/IT_Food.d:396","","","","","ItFo_Sausage.text[2]","",""
"Scripts/Content/Items/IT_Food.d:397","","","","","ItFo_Sausage.text[3]","",""
"Scripts/Content/Items/IT_Food.d:398","","","","","ItFo_Sausage.text[4]","",""
"Scripts/Content/Items/IT_Food.d:409","Honig","꿀","","False","ItFo_Honey.name","",""
"Scripts/Content/Items/IT_Food.d:423","","","","","ItFo_Honey.text[0]","",""
"Scripts/Content/Items/IT_Food.d:425","","","","","ItFo_Honey.text[2]","",""
"Scripts/Content/Items/IT_Food.d:426","","","","","ItFo_Honey.text[3]","",""
"Scripts/Content/Items/IT_Food.d:427","","","","","ItFo_Honey.text[4]","",""
"Scripts/Content/Items/IT_Food.d:442","Wasser","물","","False","ItFo_Water.name","",""
"Scripts/Content/Items/IT_Food.d:456","","","","","ItFo_Water.text[0]","",""
"Scripts/Content/Items/IT_Food.d:458","","","","","ItFo_Water.text[2]","",""
"Scripts/Content/Items/IT_Food.d:459","","","","","ItFo_Water.text[3]","",""
"Scripts/Content/Items/IT_Food.d:460","","","","","ItFo_Water.text[4]","",""
"Scripts/Content/Items/IT_Food.d:471","Bier","맥주","","False","ItFo_Beer.name","",""
"Scripts/Content/Items/IT_Food.d:485","","","","","ItFo_Beer.text[0]","",""
"Scripts/Content/Items/IT_Food.d:488","","","","","ItFo_Beer.text[3]","",""
"Scripts/Content/Items/IT_Food.d:489","Dunkles Paladiner","다크 팔라딘","","False","ItFo_Beer.text[4]","",""
"Scripts/Content/Items/IT_Food.d:501","Wacholder","진","","False","ItFo_Booze.name","",""
"Scripts/Content/Items/IT_Food.d:515","","","","","ItFo_Booze.text[0]","",""
"Scripts/Content/Items/IT_Food.d:518","","","","","ItFo_Booze.text[3]","",""
"Scripts/Content/Items/IT_Food.d:519","","","","","ItFo_Booze.text[4]","",""
"Scripts/Content/Items/IT_Food.d:531","Wein","포도주","","False","ItFo_Wine.name","",""
"Scripts/Content/Items/IT_Food.d:545","","","","","ItFo_Wine.text[0]","",""
"Scripts/Content/Items/IT_Food.d:548","","","","","ItFo_Wine.text[3]","",""
"Scripts/Content/Items/IT_Food.d:549","","","","","ItFo_Wine.text[4]","",""
"Scripts/Content/Items/IT_Food.d:561","Milch","우유","","False","ItFo_Milk.name","",""
"Scripts/Content/Items/IT_Food.d:575","","","","","ItFo_Milk.text[0]","",""
"Scripts/Content/Items/IT_Food.d:578","","","","","ItFo_Milk.text[3]","",""
"Scripts/Content/Items/IT_Food.d:579","","","","","ItFo_Milk.text[4]","",""
"Scripts/Content/Items/IT_Keys.d:12","Dietrich","자물쇠 따개","","False","ItKe_Lockpick.name","",""
"Scripts/Content/Items/IT_Keys.d:23","","","","","ItKe_Lockpick.text[0]","",""
"Scripts/Content/Items/IT_Keys.d:24","","","","","ItKe_Lockpick.text[1]","",""
"Scripts/Content/Items/IT_Keys.d:25","","","","","ItKe_Lockpick.text[2]","",""
"Scripts/Content/Items/IT_Keys.d:26","","","","","ItKe_Lockpick.text[3]","",""
"Scripts/Content/Items/IT_Keys.d:27","","","","","ItKe_Lockpick.text[4]","",""
"Scripts/Content/Items/IT_Keys.d:37","Schlüssel","열쇠","","False","ItKe_Key_01.name","",""
"Scripts/Content/Items/IT_Keys.d:48","","","","","ItKe_Key_01.text[0]","",""
"Scripts/Content/Items/IT_Keys.d:49","","","","","ItKe_Key_01.text[1]","",""
"Scripts/Content/Items/IT_Keys.d:50","","","","","ItKe_Key_01.text[2]","",""
"Scripts/Content/Items/IT_Keys.d:51","","","","","ItKe_Key_01.text[3]","",""
"Scripts/Content/Items/IT_Keys.d:52","","","","","ItKe_Key_01.text[4]","",""
"Scripts/Content/Items/IT_Keys.d:58","Schlüssel","열쇠","","False","ItKe_Key_02.name","",""
"Scripts/Content/Items/IT_Keys.d:69","","","","","ItKe_Key_02.text[0]","",""
"Scripts/Content/Items/IT_Keys.d:70","","","","","ItKe_Key_02.text[1]","",""
"Scripts/Content/Items/IT_Keys.d:71","","","","","ItKe_Key_02.text[2]","",""
"Scripts/Content/Items/IT_Keys.d:72","","","","","ItKe_Key_02.text[3]","",""
"Scripts/Content/Items/IT_Keys.d:73","","","","","ItKe_Key_02.text[4]","",""
"Scripts/Content/Items/IT_Keys.d:79","Schlüssel","열쇠","","False","ItKe_Key_03.name","",""
"Scripts/Content/Items/IT_Keys.d:90","","","","","ItKe_Key_03.text[0]","",""
"Scripts/Content/Items/IT_Keys.d:91","","","","","ItKe_Key_03.text[1]","",""
"Scripts/Content/Items/IT_Keys.d:92","","","","","ItKe_Key_03.text[2]","",""
"Scripts/Content/Items/IT_Keys.d:93","","","","","ItKe_Key_03.text[3]","",""
"Scripts/Content/Items/IT_Keys.d:94","","","","","ItKe_Key_03.text[4]","",""
"Scripts/Content/Items/IT_Keys.d:104","Turm Schlüssel","탑 열쇠","","False","ItKe_City_Tower_01.name","",""
"Scripts/Content/Items/IT_Keys.d:115","","","","","ItKe_City_Tower_01.text[0]","",""
"Scripts/Content/Items/IT_Keys.d:116","","","","","ItKe_City_Tower_01.text[1]","",""
"Scripts/Content/Items/IT_Keys.d:117","","","","","ItKe_City_Tower_01.text[2]","",""
"Scripts/Content/Items/IT_Keys.d:118","","","","","ItKe_City_Tower_01.text[3]","",""
"Scripts/Content/Items/IT_Keys.d:127","Turm Schlüssel","탑 열쇠","","False","ItKe_City_Tower_02.name","",""
"Scripts/Content/Items/IT_Keys.d:138","","","","","ItKe_City_Tower_02.text[0]","",""
"Scripts/Content/Items/IT_Keys.d:139","","","","","ItKe_City_Tower_02.text[1]","",""
"Scripts/Content/Items/IT_Keys.d:140","","","","","ItKe_City_Tower_02.text[2]","",""
"Scripts/Content/Items/IT_Keys.d:141","","","","","ItKe_City_Tower_02.text[3]","",""
"Scripts/Content/Items/IT_Keys.d:150","Turm Schlüssel","탑 열쇠","","False","ItKe_City_Tower_03.name","",""
"Scripts/Content/Items/IT_Keys.d:161","","","","","ItKe_City_Tower_03.text[0]","",""
"Scripts/Content/Items/IT_Keys.d:162","","","","","ItKe_City_Tower_03.text[1]","",""
"Scripts/Content/Items/IT_Keys.d:163","","","","","ItKe_City_Tower_03.text[2]","",""
"Scripts/Content/Items/IT_Keys.d:164","","","","","ItKe_City_Tower_03.text[3]","",""
"Scripts/Content/Items/IT_Keys.d:173","Turm Schlüssel","탑 열쇠","","False","ItKe_City_Tower_04.name","",""
"Scripts/Content/Items/IT_Keys.d:184","","","","","ItKe_City_Tower_04.text[0]","",""
"Scripts/Content/Items/IT_Keys.d:185","","","","","ItKe_City_Tower_04.text[1]","",""
"Scripts/Content/Items/IT_Keys.d:186","","","","","ItKe_City_Tower_04.text[2]","",""
"Scripts/Content/Items/IT_Keys.d:187","","","","","ItKe_City_Tower_04.text[3]","",""
"Scripts/Content/Items/IT_Keys.d:196","Turm Schlüssel","탑 열쇠","","False","ItKe_City_Tower_05.name","",""
"Scripts/Content/Items/IT_Keys.d:207","","","","","ItKe_City_Tower_05.text[0]","",""
"Scripts/Content/Items/IT_Keys.d:208","","","","","ItKe_City_Tower_05.text[1]","",""
"Scripts/Content/Items/IT_Keys.d:209","","","","","ItKe_City_Tower_05.text[2]","",""
"Scripts/Content/Items/IT_Keys.d:210","","","","","ItKe_City_Tower_05.text[3]","",""
"Scripts/Content/Items/IT_Keys.d:219","Turm Schlüssel","탑 열쇠","","False","ItKe_City_Tower_06.name","",""
"Scripts/Content/Items/IT_Keys.d:230","","","","","ItKe_City_Tower_06.text[0]","",""
"Scripts/Content/Items/IT_Keys.d:231","","","","","ItKe_City_Tower_06.text[1]","",""
"Scripts/Content/Items/IT_Keys.d:232","","","","","ItKe_City_Tower_06.text[2]","",""
"Scripts/Content/Items/IT_Keys.d:233","","","","","ItKe_City_Tower_06.text[3]","",""
"Scripts/Content/Items/IT_Melee_Weapons.d:34","Dolch","단검","","False","ItMw_1h_Vlk_Dagger.name","",""
"Scripts/Content/Items/IT_Melee_Weapons.d:52","","","","","ItMw_1h_Vlk_Dagger.text[0]","",""
"Scripts/Content/Items/IT_Melee_Weapons.d:53","","","","","ItMw_1h_Vlk_Dagger.text[1]","",""
"Scripts/Content/Items/IT_Melee_Weapons.d:63","Schürhaken","부지깽이","","False","ItMw_1H_Mace_L_01.name","",""
"Scripts/Content/Items/IT_Melee_Weapons.d:81","","","","","ItMw_1H_Mace_L_01.text[0]","",""
"Scripts/Content/Items/IT_Melee_Weapons.d:82","","","","","ItMw_1H_Mace_L_01.text[1]","",""
"Scripts/Content/Items/IT_Melee_Weapons.d:92","Sichel","낫","","False","ItMw_1h_Bau_Axe.name","",""
"Scripts/Content/Items/IT_Melee_Weapons.d:110","","","","","ItMw_1h_Bau_Axe.text[0]","",""
"Scripts/Content/Items/IT_Melee_Weapons.d:111","","","","","ItMw_1h_Bau_Axe.text[1]","",""
"Scripts/Content/Items/IT_Melee_Weapons.d:121","Gehstock","지팡이","","False","ItMw_1h_Vlk_Mace.name","",""
"Scripts/Content/Items/IT_Melee_Weapons.d:139","","","","","ItMw_1h_Vlk_Mace.text[0]","",""
"Scripts/Content/Items/IT_Melee_Weapons.d:140","","","","","ItMw_1h_Vlk_Mace.text[1]","",""
"Scripts/Content/Items/IT_Melee_Weapons.d:150","Belegnagel","곤봉","","False","ItMw_1H_Mace_L_03.name","",""
"Scripts/Content/Items/IT_Melee_Weapons.d:168","","","","","ItMw_1H_Mace_L_03.text[0]","",""
"Scripts/Content/Items/IT_Melee_Weapons.d:169","","","","","ItMw_1H_Mace_L_03.text[1]","",""
"Scripts/Content/Items/IT_Melee_Weapons.d:179","Schwerer Ast","두꺼운 나뭇가지","","False","ItMw_1h_Bau_Mace.name","",""
"Scripts/Content/Items/IT_Melee_Weapons.d:197","","","","","ItMw_1h_Bau_Mace.text[0]","",""
"Scripts/Content/Items/IT_Melee_Weapons.d:198","","","","","ItMw_1h_Bau_Mace.text[1]","",""
"Scripts/Content/Items/IT_Melee_Weapons.d:208","Beil","도끼","","False","ItMw_1h_Vlk_Axe.name","",""
"Scripts/Content/Items/IT_Melee_Weapons.d:226","","","","","ItMw_1h_Vlk_Axe.text[0]","",""
"Scripts/Content/Items/IT_Melee_Weapons.d:227","","","","","ItMw_1h_Vlk_Axe.text[1]","",""
"Scripts/Content/Items/IT_Melee_Weapons.d:237","Schmiedehammer","대장장이 망치","","False","ItMw_1H_Mace_L_04.name","",""
"Scripts/Content/Items/IT_Melee_Weapons.d:255","","","","","ItMw_1H_Mace_L_04.text[0]","",""
"Scripts/Content/Items/IT_Melee_Weapons.d:256","","","","","ItMw_1H_Mace_L_04.text[1]","",""
"Scripts/Content/Items/IT_Melee_Weapons.d:266","Kurzschwert der Miliz","민병대 단검","","False","ItMw_ShortSword1.name","",""
"Scripts/Content/Items/IT_Melee_Weapons.d:284","","","","","ItMw_ShortSword1.text[0]","",""
"Scripts/Content/Items/IT_Melee_Weapons.d:285","","","","","ItMw_ShortSword1.text[1]","",""
"Scripts/Content/Items/IT_Melee_Weapons.d:295","Nagelknüppel","못이 박힌 클럽","","False","ItMw_Nagelknueppel.name","",""
"Scripts/Content/Items/IT_Melee_Weapons.d:313","","","","","ItMw_Nagelknueppel.text[0]","",""
"Scripts/Content/Items/IT_Melee_Weapons.d:314","","","","","ItMw_Nagelknueppel.text[1]","",""
"Scripts/Content/Items/IT_Melee_Weapons.d:324","Wolfsklinge","울프 칼날","","False","ItMw_1H_Sword_L_03.name","",""
"Scripts/Content/Items/IT_Melee_Weapons.d:342","","","","","ItMw_1H_Sword_L_03.text[0]","",""
"Scripts/Content/Items/IT_Melee_Weapons.d:343","","","","","ItMw_1H_Sword_L_03.text[1]","",""
"Scripts/Content/Items/IT_Melee_Weapons.d:353","Grobes Kurzschwert","조잡한 단검","","False","ItMw_ShortSword2.name","",""
"Scripts/Content/Items/IT_Melee_Weapons.d:371","","","","","ItMw_ShortSword2.text[0]","",""
"Scripts/Content/Items/IT_Melee_Weapons.d:372","","","","","ItMw_ShortSword2.text[1]","",""
"Scripts/Content/Items/IT_Melee_Weapons.d:382","Kleine Sense","작은 낫","","False","ItMw_Sense.name","",""
"Scripts/Content/Items/IT_Melee_Weapons.d:400","","","","","ItMw_Sense.text[0]","",""
"Scripts/Content/Items/IT_Melee_Weapons.d:401","","","","","ItMw_Sense.text[1]","",""
"Scripts/Content/Items/IT_Melee_Weapons.d:411","Degen","검","","False","ItMw_1h_Vlk_Sword.name","",""
"Scripts/Content/Items/IT_Melee_Weapons.d:432","","","","","ItMw_1h_Vlk_Sword.text[0]","",""
"Scripts/Content/Items/IT_Melee_Weapons.d:433","","","","","ItMw_1h_Vlk_Sword.text[1]","",""
"Scripts/Content/Items/IT_Melee_Weapons.d:443","Kampfstab","전투용 장창","","False","ItMw_1h_Nov_Mace.name","",""
"Scripts/Content/Items/IT_Melee_Weapons.d:461","","","","","ItMw_1h_Nov_Mace.text[0]","",""
"Scripts/Content/Items/IT_Melee_Weapons.d:462","","","","","ItMw_1h_Nov_Mace.text[1]","",""
"Scripts/Content/Items/IT_Melee_Weapons.d:472","Holzfälleraxt","나무꾼의 도끼","","False","ItMw_2h_Bau_Axe.name","",""
"Scripts/Content/Items/IT_Melee_Weapons.d:490","","","","","ItMw_2h_Bau_Axe.text[0]","",""
"Scripts/Content/Items/IT_Melee_Weapons.d:491","","","","","ItMw_2h_Bau_Axe.text[1]","",""
"Scripts/Content/Items/IT_Melee_Weapons.d:501","Spitzhacke","곡괭이","","False","ItMw_2H_Axe_L_01.name","",""
"Scripts/Content/Items/IT_Melee_Weapons.d:519","","","","","ItMw_2H_Axe_L_01.text[0]","",""
"Scripts/Content/Items/IT_Melee_Weapons.d:520","","","","","ItMw_2H_Axe_L_01.text[1]","",""
"Scripts/Content/Items/IT_Melee_Weapons.d:530","Rostiges Schwert","녹슨 검","","False","ItMw_1h_MISC_Sword.name","",""
"Scripts/Content/Items/IT_Melee_Weapons.d:548","","","","","ItMw_1h_MISC_Sword.text[0]","",""
"Scripts/Content/Items/IT_Melee_Weapons.d:549","","","","","ItMw_1h_MISC_Sword.text[1]","",""
"Scripts/Content/Items/IT_Melee_Weapons.d:559","Rostige Axt","녹슨 도끼","","False","ItMw_1h_Misc_Axe.name","",""
"Scripts/Content/Items/IT_Melee_Weapons.d:577","","","","","ItMw_1h_Misc_Axe.text[0]","",""
"Scripts/Content/Items/IT_Melee_Weapons.d:578","","","","","ItMw_1h_Misc_Axe.text[1]","",""
"Scripts/Content/Items/IT_Melee_Weapons.d:588","Rostiger Zweihänder","녹슨 양손 무기","","False","ItMw_2H_Sword_M_01.name","",""
"Scripts/Content/Items/IT_Melee_Weapons.d:606","","","","","ItMw_2H_Sword_M_01.text[0]","",""
"Scripts/Content/Items/IT_Melee_Weapons.d:607","","","","","ItMw_2H_Sword_M_01.text[1]","",""
"Scripts/Content/Items/IT_Melee_Weapons.d:617","Grobes Breitschwert","조잡한 브로드소드","","False","ItMw_1h_Mil_Sword.name","",""
"Scripts/Content/Items/IT_Melee_Weapons.d:635","","","","","ItMw_1h_Mil_Sword.text[0]","",""
"Scripts/Content/Items/IT_Melee_Weapons.d:636","","","","","ItMw_1h_Mil_Sword.text[1]","",""
"Scripts/Content/Items/IT_Melee_Weapons.d:646","Grobes Kriegsbeil","조잡한 손도끼","","False","ItMw_1h_Sld_Axe.name","",""
"Scripts/Content/Items/IT_Melee_Weapons.d:664","","","","","ItMw_1h_Sld_Axe.text[0]","",""
"Scripts/Content/Items/IT_Melee_Weapons.d:665","","","","","ItMw_1h_Sld_Axe.text[1]","",""
"Scripts/Content/Items/IT_Melee_Weapons.d:675","Grobes Schwert","조잡한 검","","False","ItMw_1h_Sld_Sword.name","",""
"Scripts/Content/Items/IT_Melee_Weapons.d:693","","","","","ItMw_1h_Sld_Sword.text[0]","",""
"Scripts/Content/Items/IT_Melee_Weapons.d:694","","","","","ItMw_1h_Sld_Sword.text[1]","",""
"Scripts/Content/Items/IT_Melee_Weapons.d:705","Grobe Kriegsaxt","조잡한 전쟁도끼","","False","ItMw_2h_Sld_Axe.name","",""
"Scripts/Content/Items/IT_Melee_Weapons.d:723","","","","","ItMw_2h_Sld_Axe.text[0]","",""
"Scripts/Content/Items/IT_Melee_Weapons.d:724","","","","","ItMw_2h_Sld_Axe.text[1]","",""
"Scripts/Content/Items/IT_Melee_Weapons.d:734","Grober Zweihänder","조잡한 양손 무기","","False","ItMw_2h_Sld_Sword.name","",""
"Scripts/Content/Items/IT_Melee_Weapons.d:752","","","","","ItMw_2h_Sld_Sword.text[0]","",""
"Scripts/Content/Items/IT_Melee_Weapons.d:753","","","","","ItMw_2h_Sld_Sword.text[1]","",""
"Scripts/Content/Items/IT_Melee_Weapons.d:763","Paladinschwert","팔라딘 검","","False","ItMw_1h_Pal_Sword.name","",""
"Scripts/Content/Items/IT_Melee_Weapons.d:781","","","","","ItMw_1h_Pal_Sword.text[0]","",""
"Scripts/Content/Items/IT_Melee_Weapons.d:782","","","","","ItMw_1h_Pal_Sword.text[1]","",""
"Scripts/Content/Items/IT_Melee_Weapons.d:792","Paladin Zweihänder","팔라딘 양손 무기","","False","ItMw_2h_Pal_Sword.name","",""
"Scripts/Content/Items/IT_Melee_Weapons.d:810","","","","","ItMw_2h_Pal_Sword.text[0]","",""
"Scripts/Content/Items/IT_Melee_Weapons.d:811","","","","","ItMw_2h_Pal_Sword.text[1]","",""
"Scripts/Content/Items/IT_Melee_Weapons.d:827","Leichte Orkaxt","가벼운 오크 도끼","","False","ItMw_2H_OrcAxe_01.name","",""
"Scripts/Content/Items/IT_Melee_Weapons.d:845","","","","","ItMw_2H_OrcAxe_01.text[0]","",""
"Scripts/Content/Items/IT_Melee_Weapons.d:846","","","","","ItMw_2H_OrcAxe_01.text[1]","",""
"Scripts/Content/Items/IT_Melee_Weapons.d:856","Mittlere Orkaxt","중형 오크 도끼","","False","ItMw_2H_OrcAxe_02.name","",""
"Scripts/Content/Items/IT_Melee_Weapons.d:874","","","","","ItMw_2H_OrcAxe_02.text[0]","",""
"Scripts/Content/Items/IT_Melee_Weapons.d:875","","","","","ItMw_2H_OrcAxe_02.text[1]","",""
"Scripts/Content/Items/IT_Melee_Weapons.d:885","Schwere Orkaxt","무거운 오크 도끼","","False","ItMw_2H_OrcAxe_03.name","",""
"Scripts/Content/Items/IT_Melee_Weapons.d:903","","","","","ItMw_2H_OrcAxe_03.text[0]","",""
"Scripts/Content/Items/IT_Melee_Weapons.d:904","","","","","ItMw_2H_OrcAxe_03.text[1]","",""
"Scripts/Content/Items/IT_Melee_Weapons.d:914","Brutale Orkaxt","잔혹한 오크 도끼","","False","ItMw_2H_OrcAxe_04.name","",""
"Scripts/Content/Items/IT_Melee_Weapons.d:932","","","","","ItMw_2H_OrcAxe_04.text[0]","",""
"Scripts/Content/Items/IT_Melee_Weapons.d:933","","","","","ItMw_2H_OrcAxe_04.text[1]","",""
"Scripts/Content/Items/IT_Melee_Weapons.d:943","Echsenschwert","도마뱀 검","","False","ItMw_2H_OrcSword_01.name","",""
"Scripts/Content/Items/IT_Melee_Weapons.d:961","","","","","ItMw_2H_OrcSword_01.text[0]","",""
"Scripts/Content/Items/IT_Melee_Weapons.d:962","","","","","ItMw_2H_OrcSword_01.text[1]","",""
"Scripts/Content/Items/IT_Melee_Weapons.d:972","Orkisches Kriegschwert","오크식 전쟁검","","False","ItMw_2H_OrcSword_02.name","",""
"Scripts/Content/Items/IT_Melee_Weapons.d:990","","","","","ItMw_2H_OrcSword_02.text[0]","",""
"Scripts/Content/Items/IT_Melee_Weapons.d:991","","","","","ItMw_2H_OrcSword_02.text[1]","",""
"Scripts/Content/Items/IT_Melee_Weapons.d:1005","Kurzschwert","단검","","False","ItMw_ShortSword3.name","",""
"Scripts/Content/Items/IT_Melee_Weapons.d:1023","","","","","ItMw_ShortSword3.text[0]","",""
"Scripts/Content/Items/IT_Melee_Weapons.d:1024","","","","","ItMw_ShortSword3.text[1]","",""
"Scripts/Content/Items/IT_Melee_Weapons.d:1034","Nagelkeule","못이 박힌 곤봉","","False","ItMw_Nagelkeule.name","",""
"Scripts/Content/Items/IT_Melee_Weapons.d:1052","","","","","ItMw_Nagelkeule.text[0]","",""
"Scripts/Content/Items/IT_Melee_Weapons.d:1053","","","","","ItMw_Nagelkeule.text[1]","",""
"Scripts/Content/Items/IT_Melee_Weapons.d:1063","Wolfszahn","늑대 이빨","","False","ItMw_ShortSword4.name","",""
"Scripts/Content/Items/IT_Melee_Weapons.d:1081","","","","","ItMw_ShortSword4.text[0]","",""
"Scripts/Content/Items/IT_Melee_Weapons.d:1082","","","","","ItMw_ShortSword4.text[1]","",""
"Scripts/Content/Items/IT_Melee_Weapons.d:1092","Kriegskeule","전투용 곤봉","","False","ItMw_Kriegskeule.name","",""
"Scripts/Content/Items/IT_Melee_Weapons.d:1110","","","","","ItMw_Kriegskeule.text[0]","",""
"Scripts/Content/Items/IT_Melee_Weapons.d:1111","","","","","ItMw_Kriegskeule.text[1]","",""
"Scripts/Content/Items/IT_Melee_Weapons.d:1121","Richtstab","판사의 지팡이","","False","ItMw_Richtstab.name","",""
"Scripts/Content/Items/IT_Melee_Weapons.d:1139","","","","","ItMw_Richtstab.text[0]","",""
"Scripts/Content/Items/IT_Melee_Weapons.d:1140","","","","","ItMw_Richtstab.text[1]","",""
"Scripts/Content/Items/IT_Melee_Weapons.d:1150","edles Kurzschwert","고급 단검","","False","ItMw_ShortSword5.name","",""
"Scripts/Content/Items/IT_Melee_Weapons.d:1168","","","","","ItMw_ShortSword5.text[0]","",""
"Scripts/Content/Items/IT_Melee_Weapons.d:1169","","","","","ItMw_ShortSword5.text[1]","",""
"Scripts/Content/Items/IT_Melee_Weapons.d:1179","Kriegshammer","전쟁망치","","False","ItMw_Kriegshammer1.name","",""
"Scripts/Content/Items/IT_Melee_Weapons.d:1197","","","","","ItMw_Kriegshammer1.text[0]","",""
"Scripts/Content/Items/IT_Melee_Weapons.d:1198","","","","","ItMw_Kriegshammer1.text[1]","",""
"Scripts/Content/Items/IT_Melee_Weapons.d:1208","Hellebarde","미늘창","","False","ItMw_Hellebarde.name","",""
"Scripts/Content/Items/IT_Melee_Weapons.d:1226","","","","","ItMw_Hellebarde.text[0]","",""
"Scripts/Content/Items/IT_Melee_Weapons.d:1227","","","","","ItMw_Hellebarde.text[1]","",""
"Scripts/Content/Items/IT_Melee_Weapons.d:1237","Schwere Nagelkeule","무거운 못이 박힌 곤봉","","False","ItMw_Nagelkeule2.name","",""
"Scripts/Content/Items/IT_Melee_Weapons.d:1255","","","","","ItMw_Nagelkeule2.text[0]","",""
"Scripts/Content/Items/IT_Melee_Weapons.d:1256","","","","","ItMw_Nagelkeule2.text[1]","",""
"Scripts/Content/Items/IT_Melee_Weapons.d:1266","Schiffsaxt","선원 도끼","","False","ItMw_Schiffsaxt.name","",""
"Scripts/Content/Items/IT_Melee_Weapons.d:1284","","","","","ItMw_Schiffsaxt.text[0]","",""
"Scripts/Content/Items/IT_Melee_Weapons.d:1285","","","","","ItMw_Schiffsaxt.text[1]","",""
"Scripts/Content/Items/IT_Melee_Weapons.d:1295","Piratensäbel","해적 커틀러스","","False","ItMw_Piratensaebel.name","",""
"Scripts/Content/Items/IT_Melee_Weapons.d:1313","","","","","ItMw_Piratensaebel.text[0]","",""
"Scripts/Content/Items/IT_Melee_Weapons.d:1314","","","","","ItMw_Piratensaebel.text[1]","",""
"Scripts/Content/Items/IT_Melee_Weapons.d:1324","Grobes Langschwert","조잡한 장검","","False","ItMw_Schwert.name","",""
"Scripts/Content/Items/IT_Melee_Weapons.d:1342","","","","","ItMw_Schwert.text[0]","",""
"Scripts/Content/Items/IT_Melee_Weapons.d:1343","","","","","ItMw_Schwert.text[1]","",""
"Scripts/Content/Items/IT_Melee_Weapons.d:1377","","","","","ItMw_1H_Common_01.text[0]","",""
"Scripts/Content/Items/IT_Melee_Weapons.d:1378","","","","","ItMw_1H_Common_01.text[1]","",""
"Scripts/Content/Items/IT_Melee_Weapons.d:1391","Stabkeule","철퇴 지팡이","","False","ItMw_Stabkeule.name","",""
"Scripts/Content/Items/IT_Melee_Weapons.d:1409","","","","","ItMw_Stabkeule.text[0]","",""
"Scripts/Content/Items/IT_Melee_Weapons.d:1410","","","","","ItMw_Stabkeule.text[1]","",""
"Scripts/Content/Items/IT_Melee_Weapons.d:1420","Leichter Zweihänder","가벼운 양손 무기","","False","ItMw_Zweihaender1.name","",""
"Scripts/Content/Items/IT_Melee_Weapons.d:1438","","","","","ItMw_Zweihaender1.text[0]","",""
"Scripts/Content/Items/IT_Melee_Weapons.d:1439","","","","","ItMw_Zweihaender1.text[1]","",""
"Scripts/Content/Items/IT_Melee_Weapons.d:1449","Steinbrecher","석회암 파괴자","","False","ItMw_Steinbrecher.name","",""
"Scripts/Content/Items/IT_Melee_Weapons.d:1467","","","","","ItMw_Steinbrecher.text[0]","",""
"Scripts/Content/Items/IT_Melee_Weapons.d:1468","","","","","ItMw_Steinbrecher.text[1]","",""
"Scripts/Content/Items/IT_Melee_Weapons.d:1478","Schädelspicker","두개골 쪼개기","","False","ItMw_Spicker.name","",""
"Scripts/Content/Items/IT_Melee_Weapons.d:1496","","","","","ItMw_Spicker.text[0]","",""
"Scripts/Content/Items/IT_Melee_Weapons.d:1497","","","","","ItMw_Spicker.text[1]","",""
"Scripts/Content/Items/IT_Melee_Weapons.d:1507","Leichte Streitaxt","가벼운 전투도끼","","False","ItMw_Streitaxt1.name","",""
"Scripts/Content/Items/IT_Melee_Weapons.d:1525","","","","","ItMw_Streitaxt1.text[0]","",""
"Scripts/Content/Items/IT_Melee_Weapons.d:1526","","","","","ItMw_Streitaxt1.text[1]","",""
"Scripts/Content/Items/IT_Melee_Weapons.d:1536","Edles Schwert","고급 검","","False","ItMw_Schwert1.name","",""
"Scripts/Content/Items/IT_Melee_Weapons.d:1557","","","","","ItMw_Schwert1.text[0]","",""
"Scripts/Content/Items/IT_Melee_Weapons.d:1558","","","","","ItMw_Schwert1.text[1]","",""
"Scripts/Content/Items/IT_Melee_Weapons.d:1568","Langschwert","장검","","False","ItMw_Schwert2.name","",""
"Scripts/Content/Items/IT_Melee_Weapons.d:1586","","","","","ItMw_Schwert2.text[0]","",""
"Scripts/Content/Items/IT_Melee_Weapons.d:1587","","","","","ItMw_Schwert2.text[1]","",""
"Scripts/Content/Items/IT_Melee_Weapons.d:1597","Doppelaxt","양날도끼","","False","ItMw_Doppelaxt.name","",""
"Scripts/Content/Items/IT_Melee_Weapons.d:1615","","","","","ItMw_Doppelaxt.text[0]","",""
"Scripts/Content/Items/IT_Melee_Weapons.d:1616","","","","","ItMw_Doppelaxt.text[1]","",""
"Scripts/Content/Items/IT_Melee_Weapons.d:1626","Bartaxt","수염 도끼","","False","ItMw_Bartaxt.name","",""
"Scripts/Content/Items/IT_Melee_Weapons.d:1644","","","","","ItMw_Bartaxt.text[0]","",""
"Scripts/Content/Items/IT_Melee_Weapons.d:1645","","","","","ItMw_Bartaxt.text[1]","",""
"Scripts/Content/Items/IT_Melee_Weapons.d:1655","Morgenstern","모닝스타","","False","ItMw_Morgenstern.name","",""
"Scripts/Content/Items/IT_Melee_Weapons.d:1673","","","","","ItMw_Morgenstern.text[0]","",""
"Scripts/Content/Items/IT_Melee_Weapons.d:1674","","","","","ItMw_Morgenstern.text[1]","",""
"Scripts/Content/Items/IT_Melee_Weapons.d:1684","Grobes Bastardschwert","조잡한 바스타드 소드","","False","ItMw_Schwert3.name","",""
"Scripts/Content/Items/IT_Melee_Weapons.d:1702","","","","","ItMw_Schwert3.text[0]","",""
"Scripts/Content/Items/IT_Melee_Weapons.d:1703","","","","","ItMw_Schwert3.text[1]","",""
"Scripts/Content/Items/IT_Melee_Weapons.d:1713","Edles Langschwert","고급 장검","","False","ItMw_Schwert4.name","",""
"Scripts/Content/Items/IT_Melee_Weapons.d:1734","","","","","ItMw_Schwert4.text[0]","",""
"Scripts/Content/Items/IT_Melee_Weapons.d:1735","","","","","ItMw_Schwert4.text[1]","",""
"Scripts/Content/Items/IT_Melee_Weapons.d:1770","","","","","ItMw_1H_Special_01.text[1]","",""
"Scripts/Content/Items/IT_Melee_Weapons.d:1773","","","","","ItMw_1H_Special_01.text[4]","",""
"Scripts/Content/Items/IT_Melee_Weapons.d:1801","","","","","ItMw_2H_Special_01.text[0]","",""
"Scripts/Content/Items/IT_Melee_Weapons.d:1802","","","","","ItMw_2H_Special_01.text[1]","",""
"Scripts/Content/Items/IT_Melee_Weapons.d:1805","","","","","ItMw_2H_Special_01.text[4]","",""
"Scripts/Content/Items/IT_Melee_Weapons.d:1815","Rapier","레이피어","","False","ItMw_Rapier.name","",""
"Scripts/Content/Items/IT_Melee_Weapons.d:1836","","","","","ItMw_Rapier.text[0]","",""
"Scripts/Content/Items/IT_Melee_Weapons.d:1837","","","","","ItMw_Rapier.text[1]","",""
"Scripts/Content/Items/IT_Melee_Weapons.d:1847","Rubinklinge","루비 검","","False","ItMw_Rubinklinge.name","",""
"Scripts/Content/Items/IT_Melee_Weapons.d:1868","","","","","ItMw_Rubinklinge.text[0]","",""
"Scripts/Content/Items/IT_Melee_Weapons.d:1869","","","","","ItMw_Rubinklinge.text[1]","",""
"Scripts/Content/Items/IT_Melee_Weapons.d:1879","Streitkolben","철퇴","","False","ItMw_Streitkolben.name","",""
"Scripts/Content/Items/IT_Melee_Weapons.d:1897","","","","","ItMw_Streitkolben.text[0]","",""
"Scripts/Content/Items/IT_Melee_Weapons.d:1898","","","","","ItMw_Streitkolben.text[1]","",""
"Scripts/Content/Items/IT_Melee_Weapons.d:1908","Zweihänder","양손 무기","","False","ItMw_Zweihaender2.name","",""
"Scripts/Content/Items/IT_Melee_Weapons.d:1926","","","","","ItMw_Zweihaender2.text[0]","",""
"Scripts/Content/Items/IT_Melee_Weapons.d:1927","","","","","ItMw_Zweihaender2.text[1]","",""
"Scripts/Content/Items/IT_Melee_Weapons.d:1937","Runenschwert","룬 검","","False","ItMw_Runenschwert.name","",""
"Scripts/Content/Items/IT_Melee_Weapons.d:1955","","","","","ItMw_Runenschwert.text[0]","",""
"Scripts/Content/Items/IT_Melee_Weapons.d:1956","","","","","ItMw_Runenschwert.text[1]","",""
"Scripts/Content/Items/IT_Melee_Weapons.d:1966","Rabenschnabel","까마귀 부리","","False","ItMw_Rabenschnabel.name","",""
"Scripts/Content/Items/IT_Melee_Weapons.d:1984","","","","","ItMw_Rabenschnabel.text[0]","",""
"Scripts/Content/Items/IT_Melee_Weapons.d:1985","","","","","ItMw_Rabenschnabel.text[1]","",""
"Scripts/Content/Items/IT_Melee_Weapons.d:1995","Edles Bastardschwert","고급 바스타드 소드","","False","ItMw_Schwert5.name","",""
"Scripts/Content/Items/IT_Melee_Weapons.d:2013","","","","","ItMw_Schwert5.text[0]","",""
"Scripts/Content/Items/IT_Melee_Weapons.d:2014","","","","","ItMw_Schwert5.text[1]","",""
"Scripts/Content/Items/IT_Melee_Weapons.d:2024","Inquisitor","심문관","","False","ItMw_Inquisitor.name","",""
"Scripts/Content/Items/IT_Melee_Weapons.d:2042","","","","","ItMw_Inquisitor.text[0]","",""
"Scripts/Content/Items/IT_Melee_Weapons.d:2043","","","","","ItMw_Inquisitor.text[1]","",""
"Scripts/Content/Items/IT_Melee_Weapons.d:2053","Streitaxt","전투도끼","","False","ItMw_Streitaxt2.name","",""
"Scripts/Content/Items/IT_Melee_Weapons.d:2071","","","","","ItMw_Streitaxt2.text[0]","",""
"Scripts/Content/Items/IT_Melee_Weapons.d:2072","","","","","ItMw_Streitaxt2.text[1]","",""
"Scripts/Content/Items/IT_Melee_Weapons.d:2082","Runen - Macht","룬의 힘","","False","ItMw_Zweihaender3.name","",""
"Scripts/Content/Items/IT_Melee_Weapons.d:2100","","","","","ItMw_Zweihaender3.text[0]","",""
"Scripts/Content/Items/IT_Melee_Weapons.d:2101","","","","","ItMw_Zweihaender3.text[1]","",""
"Scripts/Content/Items/IT_Melee_Weapons.d:2135","","","","","ItMw_1H_Special_02.text[0]","",""
"Scripts/Content/Items/IT_Melee_Weapons.d:2136","","","","","ItMw_1H_Special_02.text[1]","",""
"Scripts/Content/Items/IT_Melee_Weapons.d:2167","","","","","ItMw_2H_Special_02.text[0]","",""
"Scripts/Content/Items/IT_Melee_Weapons.d:2168","","","","","ItMw_2H_Special_02.text[1]","",""
"Scripts/Content/Items/IT_Melee_Weapons.d:2181","El Bastardo","엘 바스타르도","","False","ItMw_ElBastardo.name","",""
"Scripts/Content/Items/IT_Melee_Weapons.d:2202","","","","","ItMw_ElBastardo.text[0]","",""
"Scripts/Content/Items/IT_Melee_Weapons.d:2203","","","","","ItMw_ElBastardo.text[1]","",""
"Scripts/Content/Items/IT_Melee_Weapons.d:2213","Schwerer Kriegshammer","무거운 전쟁망치","","False","ItMw_Kriegshammer2.name","",""
"Scripts/Content/Items/IT_Melee_Weapons.d:2231","","","","","ItMw_Kriegshammer2.text[0]","",""
"Scripts/Content/Items/IT_Melee_Weapons.d:2232","","","","","ItMw_Kriegshammer2.text[1]","",""
"Scripts/Content/Items/IT_Melee_Weapons.d:2242","Meisterdegen","명인의 검","","False","ItMw_Meisterdegen.name","",""
"Scripts/Content/Items/IT_Melee_Weapons.d:2263","","","","","ItMw_Meisterdegen.text[0]","",""
"Scripts/Content/Items/IT_Melee_Weapons.d:2264","","","","","ItMw_Meisterdegen.text[1]","",""
"Scripts/Content/Items/IT_Melee_Weapons.d:2274","Folteraxt","고문관의 도끼","","False","ItMw_Folteraxt.name","",""
"Scripts/Content/Items/IT_Melee_Weapons.d:2292","","","","","ItMw_Folteraxt.text[0]","",""
"Scripts/Content/Items/IT_Melee_Weapons.d:2293","","","","","ItMw_Folteraxt.text[1]","",""
"Scripts/Content/Items/IT_Melee_Weapons.d:2303","Orkschlächter","오크 학살자","","False","ItMw_Orkschlaechter.name","",""
"Scripts/Content/Items/IT_Melee_Weapons.d:2321","","","","","ItMw_Orkschlaechter.text[0]","",""
"Scripts/Content/Items/IT_Melee_Weapons.d:2322","","","","","ItMw_Orkschlaechter.text[1]","",""
"Scripts/Content/Items/IT_Melee_Weapons.d:2332","Schwerer Zweihänder","무거운 양손검","","False","ItMw_Zweihaender4.name","",""
"Scripts/Content/Items/IT_Melee_Weapons.d:2350","","","","","ItMw_Zweihaender4.text[0]","",""
"Scripts/Content/Items/IT_Melee_Weapons.d:2351","","","","","ItMw_Zweihaender4.text[1]","",""
"Scripts/Content/Items/IT_Melee_Weapons.d:2361","Schlachtaxt","전쟁도끼","","False","ItMw_Schlachtaxt.name","",""
"Scripts/Content/Items/IT_Melee_Weapons.d:2379","","","","","ItMw_Schlachtaxt.text[0]","",""
"Scripts/Content/Items/IT_Melee_Weapons.d:2380","","","","","ItMw_Schlachtaxt.text[1]","",""
"Scripts/Content/Items/IT_Melee_Weapons.d:2390","Krummschwert","커틀러스","","False","ItMw_Krummschwert.name","",""
"Scripts/Content/Items/IT_Melee_Weapons.d:2408","","","","","ItMw_Krummschwert.text[0]","",""
"Scripts/Content/Items/IT_Melee_Weapons.d:2409","","","","","ItMw_Krummschwert.text[1]","",""
"Scripts/Content/Items/IT_Melee_Weapons.d:2419","Barbarenstreitaxt","야만전사의 전투도끼","","False","ItMw_Barbarenstreitaxt.name","",""
"Scripts/Content/Items/IT_Melee_Weapons.d:2437","","","","","ItMw_Barbarenstreitaxt.text[0]","",""
"Scripts/Content/Items/IT_Melee_Weapons.d:2438","","","","","ItMw_Barbarenstreitaxt.text[1]","",""
"Scripts/Content/Items/IT_Melee_Weapons.d:2448","Sturmbringer","폭풍의 인도자","","False","ItMw_Sturmbringer.name","",""
"Scripts/Content/Items/IT_Melee_Weapons.d:2466","","","","","ItMw_Sturmbringer.text[0]","",""
"Scripts/Content/Items/IT_Melee_Weapons.d:2467","","","","","ItMw_Sturmbringer.text[1]","",""
"Scripts/Content/Items/IT_Melee_Weapons.d:2501","","","","","ItMw_1H_Special_03.text[0]","",""
"Scripts/Content/Items/IT_Melee_Weapons.d:2502","","","","","ItMw_1H_Special_03.text[1]","",""
"Scripts/Content/Items/IT_Melee_Weapons.d:2534","","","","","ItMw_2H_Special_03.text[1]","",""
"Scripts/Content/Items/IT_Melee_Weapons.d:2535","","","","","ItMw_2H_Special_03.text[2]","",""
"Scripts/Content/Items/IT_Melee_Weapons.d:2547","Berserkeraxt","광전사의 도끼","","False","ItMw_Berserkeraxt.name","",""
"Scripts/Content/Items/IT_Melee_Weapons.d:2565","","","","","ItMw_Berserkeraxt.text[0]","",""
"Scripts/Content/Items/IT_Melee_Weapons.d:2566","","","","","ItMw_Berserkeraxt.text[1]","",""
"Scripts/Content/Items/IT_Melee_Weapons.d:2576","Drachenschneide","드래곤 슬라이서","","False","ItMw_Drachenschneide.name","",""
"Scripts/Content/Items/IT_Melee_Weapons.d:2594","","","","","ItMw_Drachenschneide.text[0]","",""
"Scripts/Content/Items/IT_Melee_Weapons.d:2595","","","","","ItMw_Drachenschneide.text[1]","",""
"Scripts/Content/Items/IT_Melee_Weapons.d:2629","","","","","ItMw_1H_Special_04.text[0]","",""
"Scripts/Content/Items/IT_Melee_Weapons.d:2630","","","","","ItMw_1H_Special_04.text[1]","",""
"Scripts/Content/Items/IT_Melee_Weapons.d:2661","","","","","ItMw_2H_Special_04.text[0]","",""
"Scripts/Content/Items/IT_Melee_Weapons.d:2662","","","","","ItMw_2H_Special_04.text[1]","",""
"Scripts/Content/Items/IT_Melee_Weapons.d:2675","Rohe Erzklinge","조잡한 광석검","","False","ItMw_1H_Blessed_01.name","",""
"Scripts/Content/Items/IT_Melee_Weapons.d:2693","","","","","ItMw_1H_Blessed_01.text[0]","",""
"Scripts/Content/Items/IT_Melee_Weapons.d:2694","","","","","ItMw_1H_Blessed_01.text[1]","",""
"Scripts/Content/Items/IT_Melee_Weapons.d:2704","Gesegnete Erzklinge","축복받은 광석검","","False","ItMw_1H_Blessed_02.name","",""
"Scripts/Content/Items/IT_Melee_Weapons.d:2722","","","","","ItMw_1H_Blessed_02.text[0]","",""
"Scripts/Content/Items/IT_Melee_Weapons.d:2723","","","","","ItMw_1H_Blessed_02.text[1]","",""
"Scripts/Content/Items/IT_Melee_Weapons.d:2733","Innos Zorn","이노스의 분노","","False","ItMw_1H_Blessed_03.name","",""
"Scripts/Content/Items/IT_Melee_Weapons.d:2751","","","","","ItMw_1H_Blessed_03.text[0]","",""
"Scripts/Content/Items/IT_Melee_Weapons.d:2752","","","","","ItMw_1H_Blessed_03.text[1]","",""
"Scripts/Content/Items/IT_Melee_Weapons.d:2762","Rohe Erzklinge","조잡한 광석검","","False","ItMw_2H_Blessed_01.name","",""
"Scripts/Content/Items/IT_Melee_Weapons.d:2780","","","","","ItMw_2H_Blessed_01.text[0]","",""
"Scripts/Content/Items/IT_Melee_Weapons.d:2781","","","","","ItMw_2H_Blessed_01.text[1]","",""
"Scripts/Content/Items/IT_Melee_Weapons.d:2791","Ordensschwert","교단의 검","","False","ItMw_2H_Blessed_02.name","",""
"Scripts/Content/Items/IT_Melee_Weapons.d:2809","","","","","ItMw_2H_Blessed_02.text[0]","",""
"Scripts/Content/Items/IT_Melee_Weapons.d:2810","","","","","ItMw_2H_Blessed_02.text[1]","",""
"Scripts/Content/Items/IT_Melee_Weapons.d:2820","Heiliger Vollstrecker","성스러운 처형자","","False","ItMw_2H_Blessed_03.name","",""
"Scripts/Content/Items/IT_Melee_Weapons.d:2838","","","","","ItMw_2H_Blessed_03.text[0]","",""
"Scripts/Content/Items/IT_Melee_Weapons.d:2839","","","","","ItMw_2H_Blessed_03.text[1]","",""
"Scripts/Content/Items/IT_Misc.d:95","Krautstampfer","늪초 절구공이","","False","ItMi_Stomper.name","",""
"Scripts/Content/Items/IT_Misc.d:106","","","","","ItMi_Stomper.text[0]","",""
"Scripts/Content/Items/IT_Misc.d:107","","","","","ItMi_Stomper.text[1]","",""
"Scripts/Content/Items/IT_Misc.d:108","","","","","ItMi_Stomper.text[2]","",""
"Scripts/Content/Items/IT_Misc.d:109","","","","","ItMi_Stomper.text[3]","",""
"Scripts/Content/Items/IT_Misc.d:110","","","","","ItMi_Stomper.text[4]","",""
"Scripts/Content/Items/IT_Misc.d:118","Runenstein","빈 룬석","","False","ItMi_RuneBlank.name","",""
"Scripts/Content/Items/IT_Misc.d:129","","","","","ItMi_RuneBlank.text[0]","",""
"Scripts/Content/Items/IT_Misc.d:130","","","","","ItMi_RuneBlank.text[1]","",""
"Scripts/Content/Items/IT_Misc.d:131","","","","","ItMi_RuneBlank.text[2]","",""
"Scripts/Content/Items/IT_Misc.d:132","","","","","ItMi_RuneBlank.text[3]","",""
"Scripts/Content/Items/IT_Misc.d:133","","","","","ItMi_RuneBlank.text[4]","",""
"Scripts/Content/Items/IT_Misc.d:139","Zange","턱뼈","","False","ItMi_Pliers.name","",""
"Scripts/Content/Items/IT_Misc.d:150","","","","","ItMi_Pliers.text[0]","",""
"Scripts/Content/Items/IT_Misc.d:151","","","","","ItMi_Pliers.text[1]","",""
"Scripts/Content/Items/IT_Misc.d:152","","","","","ItMi_Pliers.text[2]","",""
"Scripts/Content/Items/IT_Misc.d:153","","","","","ItMi_Pliers.text[3]","",""
"Scripts/Content/Items/IT_Misc.d:154","","","","","ItMi_Pliers.text[4]","",""
"Scripts/Content/Items/IT_Misc.d:162","Laborwasserflasche","실험실 물병","","False","ItMi_Flask.name","",""
"Scripts/Content/Items/IT_Misc.d:173","","","","","ItMi_Flask.text[0]","",""
"Scripts/Content/Items/IT_Misc.d:174","","","","","ItMi_Flask.text[1]","",""
"Scripts/Content/Items/IT_Misc.d:175","","","","","ItMi_Flask.text[2]","",""
"Scripts/Content/Items/IT_Misc.d:176","","","","","ItMi_Flask.text[3]","",""
"Scripts/Content/Items/IT_Misc.d:177","","","","","ItMi_Flask.text[4]","",""
"Scripts/Content/Items/IT_Misc.d:185","Hammer","망치","","False","ItMi_Hammer.name","",""
"Scripts/Content/Items/IT_Misc.d:196","","","","","ItMi_Hammer.text[0]","",""
"Scripts/Content/Items/IT_Misc.d:197","","","","","ItMi_Hammer.text[1]","",""
"Scripts/Content/Items/IT_Misc.d:198","","","","","ItMi_Hammer.text[2]","",""
"Scripts/Content/Items/IT_Misc.d:199","","","","","ItMi_Hammer.text[3]","",""
"Scripts/Content/Items/IT_Misc.d:200","","","","","ItMi_Hammer.text[4]","",""
"Scripts/Content/Items/IT_Misc.d:208","Kochlöffel","요리용 숟가락","","False","ItMi_Scoop.name","",""
"Scripts/Content/Items/IT_Misc.d:219","","","","","ItMi_Scoop.text[0]","",""
"Scripts/Content/Items/IT_Misc.d:220","","","","","ItMi_Scoop.text[1]","",""
"Scripts/Content/Items/IT_Misc.d:221","","","","","ItMi_Scoop.text[2]","",""
"Scripts/Content/Items/IT_Misc.d:222","","","","","ItMi_Scoop.text[3]","",""
"Scripts/Content/Items/IT_Misc.d:223","","","","","ItMi_Scoop.text[4]","",""
"Scripts/Content/Items/IT_Misc.d:232","Pfanne","프라이팬","","False","ItMi_Pan.name","",""
"Scripts/Content/Items/IT_Misc.d:243","","","","","ItMi_Pan.text[0]","",""
"Scripts/Content/Items/IT_Misc.d:244","","","","","ItMi_Pan.text[1]","",""
"Scripts/Content/Items/IT_Misc.d:245","","","","","ItMi_Pan.text[2]","",""
"Scripts/Content/Items/IT_Misc.d:246","","","","","ItMi_Pan.text[3]","",""
"Scripts/Content/Items/IT_Misc.d:247","","","","","ItMi_Pan.text[4]","",""
"Scripts/Content/Items/IT_Misc.d:255","Pfanne","프라이팬","","False","ItMi_PanFull.name","",""
"Scripts/Content/Items/IT_Misc.d:266","","","","","ItMi_PanFull.text[0]","",""
"Scripts/Content/Items/IT_Misc.d:267","","","","","ItMi_PanFull.text[1]","",""
"Scripts/Content/Items/IT_Misc.d:268","","","","","ItMi_PanFull.text[2]","",""
"Scripts/Content/Items/IT_Misc.d:269","","","","","ItMi_PanFull.text[3]","",""
"Scripts/Content/Items/IT_Misc.d:270","","","","","ItMi_PanFull.text[4]","",""
"Scripts/Content/Items/IT_Misc.d:279","Säge","톱","","False","ItMi_Saw.name","",""
"Scripts/Content/Items/IT_Misc.d:290","","","","","ItMi_Saw.text[0]","",""
"Scripts/Content/Items/IT_Misc.d:291","","","","","ItMi_Saw.text[1]","",""
"Scripts/Content/Items/IT_Misc.d:292","","","","","ItMi_Saw.text[2]","",""
"Scripts/Content/Items/IT_Misc.d:293","","","","","ItMi_Saw.text[3]","",""
"Scripts/Content/Items/IT_Misc.d:294","","","","","ItMi_Saw.text[4]","",""
"Scripts/Content/Items/IT_Misc.d:303","Rohstahl","철","","False","ItMiSwordraw.name","",""
"Scripts/Content/Items/IT_Misc.d:314","","","","","ItMiSwordraw.text[0]","",""
"Scripts/Content/Items/IT_Misc.d:315","","","","","ItMiSwordraw.text[1]","",""
"Scripts/Content/Items/IT_Misc.d:316","","","","","ItMiSwordraw.text[2]","",""
"Scripts/Content/Items/IT_Misc.d:317","","","","","ItMiSwordraw.text[3]","",""
"Scripts/Content/Items/IT_Misc.d:318","","","","","ItMiSwordraw.text[4]","",""
"Scripts/Content/Items/IT_Misc.d:325","Glühender Stahl","달궈진 철","","False","ItMiSwordrawhot.name","",""
"Scripts/Content/Items/IT_Misc.d:336","","","","","ItMiSwordrawhot.text[0]","",""
"Scripts/Content/Items/IT_Misc.d:337","","","","","ItMiSwordrawhot.text[1]","",""
"Scripts/Content/Items/IT_Misc.d:338","","","","","ItMiSwordrawhot.text[2]","",""
"Scripts/Content/Items/IT_Misc.d:339","","","","","ItMiSwordrawhot.text[3]","",""
"Scripts/Content/Items/IT_Misc.d:340","","","","","ItMiSwordrawhot.text[4]","",""
"Scripts/Content/Items/IT_Misc.d:347","Glühende Klinge","달궈진 칼날","","False","ItMiSwordbladehot.name","",""
"Scripts/Content/Items/IT_Misc.d:358","","","","","ItMiSwordbladehot.text[0]","",""
"Scripts/Content/Items/IT_Misc.d:359","","","","","ItMiSwordbladehot.text[1]","",""
"Scripts/Content/Items/IT_Misc.d:360","","","","","ItMiSwordbladehot.text[2]","",""
"Scripts/Content/Items/IT_Misc.d:361","","","","","ItMiSwordbladehot.text[3]","",""
"Scripts/Content/Items/IT_Misc.d:362","","","","","ItMiSwordbladehot.text[4]","",""
"Scripts/Content/Items/IT_Misc.d:369","Klinge","칼날","","False","ItMiSwordblade.name","",""
"Scripts/Content/Items/IT_Misc.d:380","","","","","ItMiSwordblade.text[0]","",""
"Scripts/Content/Items/IT_Misc.d:381","","","","","ItMiSwordblade.text[1]","",""
"Scripts/Content/Items/IT_Misc.d:382","","","","","ItMiSwordblade.text[2]","",""
"Scripts/Content/Items/IT_Misc.d:383","","","","","ItMiSwordblade.text[3]","",""
"Scripts/Content/Items/IT_Misc.d:384","","","","","ItMiSwordblade.text[4]","",""
"Scripts/Content/Items/IT_Misc.d:398","Besen","빗자루","","False","ItMi_Broom.name","",""
"Scripts/Content/Items/IT_Misc.d:412","","","","","ItMi_Broom.text[0]","",""
"Scripts/Content/Items/IT_Misc.d:413","","","","","ItMi_Broom.text[1]","",""
"Scripts/Content/Items/IT_Misc.d:414","","","","","ItMi_Broom.text[2]","",""
"Scripts/Content/Items/IT_Misc.d:415","","","","","ItMi_Broom.text[3]","",""
"Scripts/Content/Items/IT_Misc.d:416","","","","","ItMi_Broom.text[4]","",""
"Scripts/Content/Items/IT_Misc.d:435","Laute","류트","","False","ItMi_Lute.name","",""
"Scripts/Content/Items/IT_Misc.d:449","","","","","ItMi_Lute.text[0]","",""
"Scripts/Content/Items/IT_Misc.d:450","","","","","ItMi_Lute.text[1]","",""
"Scripts/Content/Items/IT_Misc.d:451","","","","","ItMi_Lute.text[2]","",""
"Scripts/Content/Items/IT_Misc.d:452","","","","","ItMi_Lute.text[3]","",""
"Scripts/Content/Items/IT_Misc.d:453","","","","","ItMi_Lute.text[4]","",""
"Scripts/Content/Items/IT_Misc.d:465","Bürste","솔","","False","ItMi_Brush.name","",""
"Scripts/Content/Items/IT_Misc.d:479","","","","","ItMi_Brush.text[0]","",""
"Scripts/Content/Items/IT_Misc.d:480","","","","","ItMi_Brush.text[1]","",""
"Scripts/Content/Items/IT_Misc.d:481","","","","","ItMi_Brush.text[2]","",""
"Scripts/Content/Items/IT_Misc.d:482","","","","","ItMi_Brush.text[3]","",""
"Scripts/Content/Items/IT_Misc.d:483","","","","","ItMi_Brush.text[4]","",""
"Scripts/Content/Items/IT_Misc.d:494","Ein Stengel Sumpfkraut","늪초 한 줄기","","False","ItMi_Joint.name","",""
"Scripts/Content/Items/IT_Misc.d:508","","","","","ItMi_Joint.text[0]","",""
"Scripts/Content/Items/IT_Misc.d:509","","","","","ItMi_Joint.text[1]","",""
"Scripts/Content/Items/IT_Misc.d:510","","","","","ItMi_Joint.text[2]","",""
"Scripts/Content/Items/IT_Misc.d:511","","","","","ItMi_Joint.text[3]","",""
"Scripts/Content/Items/IT_Misc.d:512","","","","","ItMi_Joint.text[4]","",""
"Scripts/Content/Items/IT_Misc.d:561","Päckchen","꾸러미","","False","ItMi_Packet.name","",""
"Scripts/Content/Items/IT_Misc.d:575","","","","","ItMi_Packet.text[0]","",""
"Scripts/Content/Items/IT_Misc.d:576","","","","","ItMi_Packet.text[1]","",""
"Scripts/Content/Items/IT_Misc.d:577","","","","","ItMi_Packet.text[2]","",""
"Scripts/Content/Items/IT_Misc.d:578","","","","","ItMi_Packet.text[3]","",""
"Scripts/Content/Items/IT_Misc.d:579","","","","","ItMi_Packet.text[4]","",""
"Scripts/Content/Items/IT_Misc.d:590","Lederbeutel","가죽 주머니","","False","ItMi_Pocket.name","",""
"Scripts/Content/Items/IT_Misc.d:604","","","","","ItMi_Pocket.text[0]","",""
"Scripts/Content/Items/IT_Misc.d:605","","","","","ItMi_Pocket.text[1]","",""
"Scripts/Content/Items/IT_Misc.d:606","Ein schmaler Beutel,","가느다란 주머니,","","False","ItMi_Pocket.text[2]","",""
"Scripts/Content/Items/IT_Misc.d:607","wiegt nicht viel","그리 무겁지 않다.","","False","ItMi_Pocket.text[3]","",""
"Scripts/Content/Items/IT_Misc.d:608","","","","","ItMi_Pocket.text[4]","",""
"Scripts/Content/Items/IT_Misc.d:625","Erzbrocken","마법 광석 덩어리","","False","ItMi_Nugget.name","",""
"Scripts/Content/Items/IT_Misc.d:639","","","","","ItMi_Nugget.text[0]","",""
"Scripts/Content/Items/IT_Misc.d:640","","","","","ItMi_Nugget.text[1]","",""
"Scripts/Content/Items/IT_Misc.d:641","","","","","ItMi_Nugget.text[2]","",""
"Scripts/Content/Items/IT_Misc.d:642","","","","","ItMi_Nugget.text[3]","",""
"Scripts/Content/Items/IT_Misc.d:643","","","","","ItMi_Nugget.text[4]","",""
"Scripts/Content/Items/IT_Misc.d:651","Gold","금","","False","ItMi_Gold.name","",""
"Scripts/Content/Items/IT_Misc.d:662","","","","","ItMi_Gold.text[0]","",""
"Scripts/Content/Items/IT_Misc.d:663","","","","","ItMi_Gold.text[1]","",""
"Scripts/Content/Items/IT_Misc.d:664","","","","","ItMi_Gold.text[2]","",""
"Scripts/Content/Items/IT_Misc.d:665","","","","","ItMi_Gold.text[3]","",""
"Scripts/Content/Items/IT_Misc.d:666","","","","","ItMi_Gold.text[4]","",""
"Scripts/Content/Items/IT_Misc.d:674","Alte Münze","낡은 동전","","False","ItMi_OldCoin.name","",""
"Scripts/Content/Items/IT_Misc.d:685","","","","","ItMi_OldCoin.text[0]","",""
"Scripts/Content/Items/IT_Misc.d:686","","","","","ItMi_OldCoin.text[1]","",""
"Scripts/Content/Items/IT_Misc.d:687","","","","","ItMi_OldCoin.text[2]","",""
"Scripts/Content/Items/IT_Misc.d:688","","","","","ItMi_OldCoin.text[3]","",""
"Scripts/Content/Items/IT_Misc.d:689","","","","","ItMi_OldCoin.text[4]","",""
"Scripts/Content/Items/IT_Misc.d:697","Goldener Kerzenständer","금 촛대","","False","ItMi_GoldCandleHolder.name","",""
"Scripts/Content/Items/IT_Misc.d:708","","","","","ItMi_GoldCandleHolder.text[0]","",""
"Scripts/Content/Items/IT_Misc.d:709","","","","","ItMi_GoldCandleHolder.text[1]","",""
"Scripts/Content/Items/IT_Misc.d:710","","","","","ItMi_GoldCandleHolder.text[2]","",""
"Scripts/Content/Items/IT_Misc.d:711","","","","","ItMi_GoldCandleHolder.text[3]","",""
"Scripts/Content/Items/IT_Misc.d:712","","","","","ItMi_GoldCandleHolder.text[4]","",""
"Scripts/Content/Items/IT_Misc.d:719","Goldene Halskette","금목걸이","","False","ItMi_GoldNecklace.name","",""
"Scripts/Content/Items/IT_Misc.d:730","","","","","ItMi_GoldNecklace.text[0]","",""
"Scripts/Content/Items/IT_Misc.d:731","","","","","ItMi_GoldNecklace.text[1]","",""
"Scripts/Content/Items/IT_Misc.d:732","","","","","ItMi_GoldNecklace.text[2]","",""
"Scripts/Content/Items/IT_Misc.d:733","","","","","ItMi_GoldNecklace.text[3]","",""
"Scripts/Content/Items/IT_Misc.d:734","","","","","ItMi_GoldNecklace.text[4]","",""
"Scripts/Content/Items/IT_Misc.d:743","Silberner Ring","은반지","","False","ItMi_SilverRing.name","",""
"Scripts/Content/Items/IT_Misc.d:754","","","","","ItMi_SilverRing.text[0]","",""
"Scripts/Content/Items/IT_Misc.d:755","","","","","ItMi_SilverRing.text[1]","",""
"Scripts/Content/Items/IT_Misc.d:756","","","","","ItMi_SilverRing.text[2]","",""
"Scripts/Content/Items/IT_Misc.d:757","","","","","ItMi_SilverRing.text[3]","",""
"Scripts/Content/Items/IT_Misc.d:758","","","","","ItMi_SilverRing.text[4]","",""
"Scripts/Content/Items/IT_Misc.d:768","Silberkelch","은잔","","False","ItMi_SilverCup.name","",""
"Scripts/Content/Items/IT_Misc.d:779","","","","","ItMi_SilverCup.text[0]","",""
"Scripts/Content/Items/IT_Misc.d:780","","","","","ItMi_SilverCup.text[1]","",""
"Scripts/Content/Items/IT_Misc.d:781","","","","","ItMi_SilverCup.text[2]","",""
"Scripts/Content/Items/IT_Misc.d:782","","","","","ItMi_SilverCup.text[3]","",""
"Scripts/Content/Items/IT_Misc.d:783","","","","","ItMi_SilverCup.text[4]","",""
"Scripts/Content/Items/IT_Misc.d:790","Silberteller","은 접시","","False","ItMi_SilverPlate.name","",""
"Scripts/Content/Items/IT_Misc.d:801","","","","","ItMi_SilverPlate.text[0]","",""
"Scripts/Content/Items/IT_Misc.d:802","","","","","ItMi_SilverPlate.text[1]","",""
"Scripts/Content/Items/IT_Misc.d:803","","","","","ItMi_SilverPlate.text[2]","",""
"Scripts/Content/Items/IT_Misc.d:804","","","","","ItMi_SilverPlate.text[3]","",""
"Scripts/Content/Items/IT_Misc.d:805","","","","","ItMi_SilverPlate.text[4]","",""
"Scripts/Content/Items/IT_Misc.d:812","Goldener Teller","금 접시","","False","ItMi_GoldPlate.name","",""
"Scripts/Content/Items/IT_Misc.d:823","","","","","ItMi_GoldPlate.text[0]","",""
"Scripts/Content/Items/IT_Misc.d:824","","","","","ItMi_GoldPlate.text[1]","",""
"Scripts/Content/Items/IT_Misc.d:825","","","","","ItMi_GoldPlate.text[2]","",""
"Scripts/Content/Items/IT_Misc.d:826","","","","","ItMi_GoldPlate.text[3]","",""
"Scripts/Content/Items/IT_Misc.d:827","","","","","ItMi_GoldPlate.text[4]","",""
"Scripts/Content/Items/IT_Misc.d:834","Goldener Kelch","금잔","","False","ItMi_GoldCup.name","",""
"Scripts/Content/Items/IT_Misc.d:845","","","","","ItMi_GoldCup.text[0]","",""
"Scripts/Content/Items/IT_Misc.d:846","","","","","ItMi_GoldCup.text[1]","",""
"Scripts/Content/Items/IT_Misc.d:847","","","","","ItMi_GoldCup.text[2]","",""
"Scripts/Content/Items/IT_Misc.d:848","","","","","ItMi_GoldCup.text[3]","",""
"Scripts/Content/Items/IT_Misc.d:849","","","","","ItMi_GoldCup.text[4]","",""
"Scripts/Content/Items/IT_Misc.d:856","Blutkelch","피의 성배","","False","ItMi_BloodCup_MIS.name","",""
"Scripts/Content/Items/IT_Misc.d:866","Ein Blutkelch","피의 성배","","False","ItMi_BloodCup_MIS.description","",""
"Scripts/Content/Items/IT_Misc.d:867","","","","","ItMi_BloodCup_MIS.text[0]","",""
"Scripts/Content/Items/IT_Misc.d:868","","","","","ItMi_BloodCup_MIS.text[1]","",""
"Scripts/Content/Items/IT_Misc.d:869","","","","","ItMi_BloodCup_MIS.text[2]","",""
"Scripts/Content/Items/IT_Misc.d:870","","","","","ItMi_BloodCup_MIS.text[3]","",""
"Scripts/Content/Items/IT_Misc.d:871","","","","","ItMi_BloodCup_MIS.text[4]","",""
"Scripts/Content/Items/IT_Misc.d:878","Goldener Ring","금반지","","False","ItMi_GoldRing.name","",""
"Scripts/Content/Items/IT_Misc.d:889","","","","","ItMi_GoldRing.text[0]","",""
"Scripts/Content/Items/IT_Misc.d:890","","","","","ItMi_GoldRing.text[1]","",""
"Scripts/Content/Items/IT_Misc.d:891","","","","","ItMi_GoldRing.text[2]","",""
"Scripts/Content/Items/IT_Misc.d:892","","","","","ItMi_GoldRing.text[3]","",""
"Scripts/Content/Items/IT_Misc.d:893","","","","","ItMi_GoldRing.text[4]","",""
"Scripts/Content/Items/IT_Misc.d:903","Silberne Schale","은 대접","","False","ItMi_SilverChalice.name","",""
"Scripts/Content/Items/IT_Misc.d:914","","","","","ItMi_SilverChalice.text[0]","",""
"Scripts/Content/Items/IT_Misc.d:915","","","","","ItMi_SilverChalice.text[1]","",""
"Scripts/Content/Items/IT_Misc.d:916","","","","","ItMi_SilverChalice.text[2]","",""
"Scripts/Content/Items/IT_Misc.d:917","","","","","ItMi_SilverChalice.text[3]","",""
"Scripts/Content/Items/IT_Misc.d:918","","","","","ItMi_SilverChalice.text[4]","",""
"Scripts/Content/Items/IT_Misc.d:925","Juwelen Schatulle","보석함","","False","ItMi_JeweleryChest.name","",""
"Scripts/Content/Items/IT_Misc.d:936","","","","","ItMi_JeweleryChest.text[0]","",""
"Scripts/Content/Items/IT_Misc.d:937","","","","","ItMi_JeweleryChest.text[1]","",""
"Scripts/Content/Items/IT_Misc.d:938","","","","","ItMi_JeweleryChest.text[2]","",""
"Scripts/Content/Items/IT_Misc.d:939","","","","","ItMi_JeweleryChest.text[3]","",""
"Scripts/Content/Items/IT_Misc.d:940","","","","","ItMi_JeweleryChest.text[4]","",""
"Scripts/Content/Items/IT_Misc.d:947","Goldene Schale","금 대접","","False","ItMi_GoldChalice.name","",""
"Scripts/Content/Items/IT_Misc.d:958","","","","","ItMi_GoldChalice.text[0]","",""
"Scripts/Content/Items/IT_Misc.d:959","","","","","ItMi_GoldChalice.text[1]","",""
"Scripts/Content/Items/IT_Misc.d:960","","","","","ItMi_GoldChalice.text[2]","",""
"Scripts/Content/Items/IT_Misc.d:961","","","","","ItMi_GoldChalice.text[3]","",""
"Scripts/Content/Items/IT_Misc.d:962","","","","","ItMi_GoldChalice.text[4]","",""
"Scripts/Content/Items/IT_Misc.d:969","Schatulle","함","","False","ItMi_GoldChest.name","",""
"Scripts/Content/Items/IT_Misc.d:980","","","","","ItMi_GoldChest.text[0]","",""
"Scripts/Content/Items/IT_Misc.d:981","","","","","ItMi_GoldChest.text[1]","",""
"Scripts/Content/Items/IT_Misc.d:982","","","","","ItMi_GoldChest.text[2]","",""
"Scripts/Content/Items/IT_Misc.d:983","","","","","ItMi_GoldChest.text[3]","",""
"Scripts/Content/Items/IT_Misc.d:984","","","","","ItMi_GoldChest.text[4]","",""
"Scripts/Content/Items/IT_Misc.d:991","Innos Statue","이노스의 석상","","False","ItMi_InnosStatue.name","",""
"Scripts/Content/Items/IT_Misc.d:1002","","","","","ItMi_InnosStatue.text[0]","",""
"Scripts/Content/Items/IT_Misc.d:1003","","","","","ItMi_InnosStatue.text[1]","",""
"Scripts/Content/Items/IT_Misc.d:1004","","","","","ItMi_InnosStatue.text[2]","",""
"Scripts/Content/Items/IT_Misc.d:1005","","","","","ItMi_InnosStatue.text[3]","",""
"Scripts/Content/Items/IT_Misc.d:1006","","","","","ItMi_InnosStatue.text[4]","",""
"Scripts/Content/Items/IT_Misc.d:1013","Sextant","육분의","","False","ItMi_Sextant.name","",""
"Scripts/Content/Items/IT_Misc.d:1024","","","","","ItMi_Sextant.text[0]","",""
"Scripts/Content/Items/IT_Misc.d:1025","","","","","ItMi_Sextant.text[1]","",""
"Scripts/Content/Items/IT_Misc.d:1026","","","","","ItMi_Sextant.text[2]","",""
"Scripts/Content/Items/IT_Misc.d:1027","","","","","ItMi_Sextant.text[3]","",""
"Scripts/Content/Items/IT_Misc.d:1028","","","","","ItMi_Sextant.text[4]","",""
"Scripts/Content/Items/IT_Misc.d:1035","Silberner Kerzenständer","은 촛대","","False","ItMi_SilverCandleHolder.name","",""
"Scripts/Content/Items/IT_Misc.d:1046","","","","","ItMi_SilverCandleHolder.text[0]","",""
"Scripts/Content/Items/IT_Misc.d:1047","","","","","ItMi_SilverCandleHolder.text[1]","",""
"Scripts/Content/Items/IT_Misc.d:1048","","","","","ItMi_SilverCandleHolder.text[2]","",""
"Scripts/Content/Items/IT_Misc.d:1049","","","","","ItMi_SilverCandleHolder.text[3]","",""
"Scripts/Content/Items/IT_Misc.d:1050","","","","","ItMi_SilverCandleHolder.text[4]","",""
"Scripts/Content/Items/IT_Misc.d:1057","Silberkette","은목걸이","","False","ItMi_SilverNecklace.name","",""
"Scripts/Content/Items/IT_Misc.d:1068","","","","","ItMi_SilverNecklace.text[0]","",""
"Scripts/Content/Items/IT_Misc.d:1069","","","","","ItMi_SilverNecklace.text[1]","",""
"Scripts/Content/Items/IT_Misc.d:1070","","","","","ItMi_SilverNecklace.text[2]","",""
"Scripts/Content/Items/IT_Misc.d:1071","","","","","ItMi_SilverNecklace.text[3]","",""
"Scripts/Content/Items/IT_Misc.d:1072","","","","","ItMi_SilverNecklace.text[4]","",""
"Scripts/Content/Items/IT_Misc.d:1081","Schwefel","유황","","False","ItMi_Sulfur.name","",""
"Scripts/Content/Items/IT_Misc.d:1092","","","","","ItMi_Sulfur.text[0]","",""
"Scripts/Content/Items/IT_Misc.d:1093","","","","","ItMi_Sulfur.text[1]","",""
"Scripts/Content/Items/IT_Misc.d:1094","","","","","ItMi_Sulfur.text[2]","",""
"Scripts/Content/Items/IT_Misc.d:1095","","","","","ItMi_Sulfur.text[3]","",""
"Scripts/Content/Items/IT_Misc.d:1096","","","","","ItMi_Sulfur.text[4]","",""
"Scripts/Content/Items/IT_Misc.d:1103","Gletscher Quartz","빙하 석영","","False","ItMi_Quartz.name","",""
"Scripts/Content/Items/IT_Misc.d:1114","","","","","ItMi_Quartz.text[0]","",""
"Scripts/Content/Items/IT_Misc.d:1115","","","","","ItMi_Quartz.text[1]","",""
"Scripts/Content/Items/IT_Misc.d:1116","","","","","ItMi_Quartz.text[2]","",""
"Scripts/Content/Items/IT_Misc.d:1117","","","","","ItMi_Quartz.text[3]","",""
"Scripts/Content/Items/IT_Misc.d:1118","","","","","ItMi_Quartz.text[4]","",""
"Scripts/Content/Items/IT_Misc.d:1125","Pech","역청","","False","ItMi_Pitch.name","",""
"Scripts/Content/Items/IT_Misc.d:1136","","","","","ItMi_Pitch.text[0]","",""
"Scripts/Content/Items/IT_Misc.d:1137","","","","","ItMi_Pitch.text[1]","",""
"Scripts/Content/Items/IT_Misc.d:1138","","","","","ItMi_Pitch.text[2]","",""
"Scripts/Content/Items/IT_Misc.d:1139","","","","","ItMi_Pitch.text[3]","",""
"Scripts/Content/Items/IT_Misc.d:1140","","","","","ItMi_Pitch.text[4]","",""
"Scripts/Content/Items/IT_Misc.d:1146","Bergkristall","수정","","False","ItMi_Rockcrystal.name","",""
"Scripts/Content/Items/IT_Misc.d:1157","","","","","ItMi_Rockcrystal.text[0]","",""
"Scripts/Content/Items/IT_Misc.d:1158","","","","","ItMi_Rockcrystal.text[1]","",""
"Scripts/Content/Items/IT_Misc.d:1159","","","","","ItMi_Rockcrystal.text[2]","",""
"Scripts/Content/Items/IT_Misc.d:1160","","","","","ItMi_Rockcrystal.text[3]","",""
"Scripts/Content/Items/IT_Misc.d:1161","","","","","ItMi_Rockcrystal.text[4]","",""
"Scripts/Content/Items/IT_Misc.d:1167","Aquamarin","아쿠아마린","","False","ItMi_Aquamarine.name","",""
"Scripts/Content/Items/IT_Misc.d:1178","","","","","ItMi_Aquamarine.text[0]","",""
"Scripts/Content/Items/IT_Misc.d:1179","","","","","ItMi_Aquamarine.text[1]","",""
"Scripts/Content/Items/IT_Misc.d:1180","","","","","ItMi_Aquamarine.text[2]","",""
"Scripts/Content/Items/IT_Misc.d:1181","","","","","ItMi_Aquamarine.text[3]","",""
"Scripts/Content/Items/IT_Misc.d:1182","","","","","ItMi_Aquamarine.text[4]","",""
"Scripts/Content/Items/IT_Misc.d:1189","Geweihtes Wasser","성수","","False","ItMi_HolyWater.name","",""
"Scripts/Content/Items/IT_Misc.d:1200","","","","","ItMi_HolyWater.text[0]","",""
"Scripts/Content/Items/IT_Misc.d:1201","","","","","ItMi_HolyWater.text[1]","",""
"Scripts/Content/Items/IT_Misc.d:1202","","","","","ItMi_HolyWater.text[2]","",""
"Scripts/Content/Items/IT_Misc.d:1203","","","","","ItMi_HolyWater.text[3]","",""
"Scripts/Content/Items/IT_Misc.d:1204","","","","","ItMi_HolyWater.text[4]","",""
"Scripts/Content/Items/IT_Misc.d:1210","Kohle","석탄","","False","ItMi_Coal.name","",""
"Scripts/Content/Items/IT_Misc.d:1221","","","","","ItMi_Coal.text[0]","",""
"Scripts/Content/Items/IT_Misc.d:1222","","","","","ItMi_Coal.text[1]","",""
"Scripts/Content/Items/IT_Misc.d:1223","","","","","ItMi_Coal.text[2]","",""
"Scripts/Content/Items/IT_Misc.d:1224","","","","","ItMi_Coal.text[3]","",""
"Scripts/Content/Items/IT_Misc.d:1225","","","","","ItMi_Coal.text[4]","",""
"Scripts/Content/Items/IT_Misc.d:1232","Schwarze Perle","흑진주","","False","ItMi_DarkPearl.name","",""
"Scripts/Content/Items/IT_Misc.d:1243","","","","","ItMi_DarkPearl.text[0]","",""
"Scripts/Content/Items/IT_Misc.d:1244","","","","","ItMi_DarkPearl.text[1]","",""
"Scripts/Content/Items/IT_Misc.d:1245","","","","","ItMi_DarkPearl.text[2]","",""
"Scripts/Content/Items/IT_Misc.d:1246","","","","","ItMi_DarkPearl.text[3]","",""
"Scripts/Content/Items/IT_Misc.d:1247","","","","","ItMi_DarkPearl.text[4]","",""
"Scripts/Content/Items/IT_Misc.d:1258","Apfel Tabak","사과 담배","","False","ItMi_ApfelTabak.name","",""
"Scripts/Content/Items/IT_Misc.d:1269","","","","","ItMi_ApfelTabak.text[0]","",""
"Scripts/Content/Items/IT_Misc.d:1270","","","","","ItMi_ApfelTabak.text[1]","",""
"Scripts/Content/Items/IT_Misc.d:1271","Ein Beutel voll Apfeltabak","사과 담배 한 봉지.","","False","ItMi_ApfelTabak.text[2]","",""
"Scripts/Content/Items/IT_Misc.d:1272","","","","","ItMi_ApfelTabak.text[3]","",""
"Scripts/Content/Items/IT_Misc.d:1273","","","","","ItMi_ApfelTabak.text[4]","",""
"Scripts/Content/Items/IT_Misc.d:1282","Pilz Tabak","버섯 담배","","False","ItMi_PilzTabak.name","",""
"Scripts/Content/Items/IT_Misc.d:1293","","","","","ItMi_PilzTabak.text[0]","",""
"Scripts/Content/Items/IT_Misc.d:1294","","","","","ItMi_PilzTabak.text[1]","",""
"Scripts/Content/Items/IT_Misc.d:1295","Dunkler Apfel - Pilz Tabak","진한 사과 버섯 담배","","False","ItMi_PilzTabak.text[2]","",""
"Scripts/Content/Items/IT_Misc.d:1296","","","","","ItMi_PilzTabak.text[3]","",""
"Scripts/Content/Items/IT_Misc.d:1297","","","","","ItMi_PilzTabak.text[4]","",""
"Scripts/Content/Items/IT_Misc.d:1306","Doppelter Apfel","더블 애플","","False","ItMi_DoppelTabak.name","",""
"Scripts/Content/Items/IT_Misc.d:1317","","","","","ItMi_DoppelTabak.text[0]","",""
"Scripts/Content/Items/IT_Misc.d:1318","","","","","ItMi_DoppelTabak.text[1]","",""
"Scripts/Content/Items/IT_Misc.d:1319","Schmeckt stark nach Apfel...","사과 맛이 강하게 난다...","","False","ItMi_DoppelTabak.text[2]","",""
"Scripts/Content/Items/IT_Misc.d:1320","","","","","ItMi_DoppelTabak.text[3]","",""
"Scripts/Content/Items/IT_Misc.d:1321","","","","","ItMi_DoppelTabak.text[4]","",""
"Scripts/Content/Items/IT_Misc.d:1330","Honig Tabak","꿀 담배","","False","ItMi_Honigtabak.name","",""
"Scripts/Content/Items/IT_Misc.d:1341","","","","","ItMi_Honigtabak.text[0]","",""
"Scripts/Content/Items/IT_Misc.d:1342","","","","","ItMi_Honigtabak.text[1]","",""
"Scripts/Content/Items/IT_Misc.d:1343","Süßer Apfel Tabak","달콤한 사과 담배","","False","ItMi_Honigtabak.text[2]","",""
"Scripts/Content/Items/IT_Misc.d:1344","","","","","ItMi_Honigtabak.text[3]","",""
"Scripts/Content/Items/IT_Misc.d:1345","","","","","ItMi_Honigtabak.text[4]","",""
"Scripts/Content/Items/IT_Misc.d:1354","Krautabak","늪초 담배","","False","ItMi_SumpfTabak.name","",""
"Scripts/Content/Items/IT_Misc.d:1365","","","","","ItMi_SumpfTabak.text[0]","",""
"Scripts/Content/Items/IT_Misc.d:1366","","","","","ItMi_SumpfTabak.text[1]","",""
"Scripts/Content/Items/IT_Misc.d:1367","Sumpfkraut Mischung","늪초 혼합물","","False","ItMi_SumpfTabak.text[2]","",""
"Scripts/Content/Items/IT_Misc.d:1368","","","","","ItMi_SumpfTabak.text[3]","",""
"Scripts/Content/Items/IT_Misc.d:1369","","","","","ItMi_SumpfTabak.text[4]","",""
"Scripts/Content/Items/IT_Plants.d:36","Unkraut","잡초","","False","ItPl_Weed.name","",""
"Scripts/Content/Items/IT_Plants.d:49","","","","","ItPl_Weed.text[0]","",""
"Scripts/Content/Items/IT_Plants.d:50","","","","","ItPl_Weed.text[1]","",""
"Scripts/Content/Items/IT_Plants.d:51","","","","","ItPl_Weed.text[2]","",""
"Scripts/Content/Items/IT_Plants.d:52","","","","","ItPl_Weed.text[3]","",""
"Scripts/Content/Items/IT_Plants.d:53","","","","","ItPl_Weed.text[4]","",""
"Scripts/Content/Items/IT_Plants.d:61","Feldrübe","순무","","False","ItPl_Beet.name","",""
"Scripts/Content/Items/IT_Plants.d:75","","","","","ItPl_Beet.text[0]","",""
"Scripts/Content/Items/IT_Plants.d:76","","","","","ItPl_Beet.text[1]","",""
"Scripts/Content/Items/IT_Plants.d:77","","","","","ItPl_Beet.text[2]","",""
"Scripts/Content/Items/IT_Plants.d:78","","","","","ItPl_Beet.text[3]","",""
"Scripts/Content/Items/IT_Plants.d:79","","","","","ItPl_Beet.text[4]","",""
"Scripts/Content/Items/IT_Plants.d:91","Sumpfkraut","늪초","","False","ItPl_SwampHerb.name","",""
"Scripts/Content/Items/IT_Plants.d:105","","","","","ItPl_SwampHerb.text[0]","",""
"Scripts/Content/Items/IT_Plants.d:106","","","","","ItPl_SwampHerb.text[1]","",""
"Scripts/Content/Items/IT_Plants.d:107","","","","","ItPl_SwampHerb.text[2]","",""
"Scripts/Content/Items/IT_Plants.d:108","","","","","ItPl_SwampHerb.text[3]","",""
"Scripts/Content/Items/IT_Plants.d:109","","","","","ItPl_SwampHerb.text[4]","",""
"Scripts/Content/Items/IT_Plants.d:124","Feuernessel","파이어 네틀","","False","ItPl_Mana_Herb_01.name","",""
"Scripts/Content/Items/IT_Plants.d:138","","","","","ItPl_Mana_Herb_01.text[0]","",""
"Scripts/Content/Items/IT_Plants.d:140","","","","","ItPl_Mana_Herb_01.text[2]","",""
"Scripts/Content/Items/IT_Plants.d:141","","","","","ItPl_Mana_Herb_01.text[3]","",""
"Scripts/Content/Items/IT_Plants.d:142","","","","","ItPl_Mana_Herb_01.text[4]","",""
"Scripts/Content/Items/IT_Plants.d:154","Feuerkraut","파이어위드","","False","ItPl_Mana_Herb_02.name","",""
"Scripts/Content/Items/IT_Plants.d:168","","","","","ItPl_Mana_Herb_02.text[0]","",""
"Scripts/Content/Items/IT_Plants.d:170","","","","","ItPl_Mana_Herb_02.text[2]","",""
"Scripts/Content/Items/IT_Plants.d:171","","","","","ItPl_Mana_Herb_02.text[3]","",""
"Scripts/Content/Items/IT_Plants.d:172","","","","","ItPl_Mana_Herb_02.text[4]","",""
"Scripts/Content/Items/IT_Plants.d:184","Feuerwurzel","파이어 루트","","False","ItPl_Mana_Herb_03.name","",""
"Scripts/Content/Items/IT_Plants.d:198","","","","","ItPl_Mana_Herb_03.text[0]","",""
"Scripts/Content/Items/IT_Plants.d:200","","","","","ItPl_Mana_Herb_03.text[2]","",""
"Scripts/Content/Items/IT_Plants.d:201","","","","","ItPl_Mana_Herb_03.text[3]","",""
"Scripts/Content/Items/IT_Plants.d:202","","","","","ItPl_Mana_Herb_03.text[4]","",""
"Scripts/Content/Items/IT_Plants.d:214","Heilpflanze","힐링 플랜트","","False","ItPl_Health_Herb_01.name","",""
"Scripts/Content/Items/IT_Plants.d:228","","","","","ItPl_Health_Herb_01.text[0]","",""
"Scripts/Content/Items/IT_Plants.d:230","","","","","ItPl_Health_Herb_01.text[2]","",""
"Scripts/Content/Items/IT_Plants.d:231","","","","","ItPl_Health_Herb_01.text[3]","",""
"Scripts/Content/Items/IT_Plants.d:232","","","","","ItPl_Health_Herb_01.text[4]","",""
"Scripts/Content/Items/IT_Plants.d:244","Heilkraut","힐링 허브","","False","ItPl_Health_Herb_02.name","",""
"Scripts/Content/Items/IT_Plants.d:258","","","","","ItPl_Health_Herb_02.text[0]","",""
"Scripts/Content/Items/IT_Plants.d:260","","","","","ItPl_Health_Herb_02.text[2]","",""
"Scripts/Content/Items/IT_Plants.d:261","","","","","ItPl_Health_Herb_02.text[3]","",""
"Scripts/Content/Items/IT_Plants.d:262","","","","","ItPl_Health_Herb_02.text[4]","",""
"Scripts/Content/Items/IT_Plants.d:274","Heilwurzel","힐링 루트","","False","ItPl_Health_Herb_03.name","",""
"Scripts/Content/Items/IT_Plants.d:288","","","","","ItPl_Health_Herb_03.text[0]","",""
"Scripts/Content/Items/IT_Plants.d:290","","","","","ItPl_Health_Herb_03.text[2]","",""
"Scripts/Content/Items/IT_Plants.d:291","","","","","ItPl_Health_Herb_03.text[3]","",""
"Scripts/Content/Items/IT_Plants.d:292","","","","","ItPl_Health_Herb_03.text[4]","",""
"Scripts/Content/Items/IT_Plants.d:304","Goblin Beeren","고블린 베리","","False","ItPl_Dex_Herb_01.name","",""
"Scripts/Content/Items/IT_Plants.d:318","","","","","ItPl_Dex_Herb_01.text[0]","",""
"Scripts/Content/Items/IT_Plants.d:320","","","","","ItPl_Dex_Herb_01.text[2]","",""
"Scripts/Content/Items/IT_Plants.d:321","","","","","ItPl_Dex_Herb_01.text[3]","",""
"Scripts/Content/Items/IT_Plants.d:322","","","","","ItPl_Dex_Herb_01.text[4]","",""
"Scripts/Content/Items/IT_Plants.d:334","Drachenwurzel","드래곤루트","","False","ItPl_Strength_Herb_01.name","",""
"Scripts/Content/Items/IT_Plants.d:348","","","","","ItPl_Strength_Herb_01.text[0]","",""
"Scripts/Content/Items/IT_Plants.d:350","","","","","ItPl_Strength_Herb_01.text[2]","",""
"Scripts/Content/Items/IT_Plants.d:351","","","","","ItPl_Strength_Herb_01.text[3]","",""
"Scripts/Content/Items/IT_Plants.d:352","","","","","ItPl_Strength_Herb_01.text[4]","",""
"Scripts/Content/Items/IT_Plants.d:364","Snapperkraut","스내퍼위드","","False","ItPl_Speed_Herb_01.name","",""
"Scripts/Content/Items/IT_Plants.d:378","","","","","ItPl_Speed_Herb_01.text[0]","",""
"Scripts/Content/Items/IT_Plants.d:379","","","","","ItPl_Speed_Herb_01.text[1]","",""
"Scripts/Content/Items/IT_Plants.d:380","","","","","ItPl_Speed_Herb_01.text[2]","",""
"Scripts/Content/Items/IT_Plants.d:382","","","","","ItPl_Speed_Herb_01.text[4]","",""
"Scripts/Content/Items/IT_Plants.d:394","Dunkelpilz","다크 머슈룸","","False","ItPl_Mushroom_01.name","",""
"Scripts/Content/Items/IT_Plants.d:408","","","","","ItPl_Mushroom_01.text[0]","",""
"Scripts/Content/Items/IT_Plants.d:410","","","","","ItPl_Mushroom_01.text[2]","",""
"Scripts/Content/Items/IT_Plants.d:411","","","","","ItPl_Mushroom_01.text[3]","",""
"Scripts/Content/Items/IT_Plants.d:412","","","","","ItPl_Mushroom_01.text[4]","",""
"Scripts/Content/Items/IT_Plants.d:437","Buddlerfleisch","디거 밋","","False","ItPl_Mushroom_02.name","",""
"Scripts/Content/Items/IT_Plants.d:451","","","","","ItPl_Mushroom_02.text[0]","",""
"Scripts/Content/Items/IT_Plants.d:453","","","","","ItPl_Mushroom_02.text[2]","",""
"Scripts/Content/Items/IT_Plants.d:454","","","","","ItPl_Mushroom_02.text[3]","",""
"Scripts/Content/Items/IT_Plants.d:455","","","","","ItPl_Mushroom_02.text[4]","",""
"Scripts/Content/Items/IT_Plants.d:467","Blauflieder","블루 엘더","","False","ItPl_Blueplant.name","",""
"Scripts/Content/Items/IT_Plants.d:481","","","","","ItPl_Blueplant.text[0]","",""
"Scripts/Content/Items/IT_Plants.d:484","","","","","ItPl_Blueplant.text[3]","",""
"Scripts/Content/Items/IT_Plants.d:485","","","","","ItPl_Blueplant.text[4]","",""
"Scripts/Content/Items/IT_Plants.d:498","Waldbeere","우드랜드 베리","","False","ItPl_Forestberry.name","",""
"Scripts/Content/Items/IT_Plants.d:512","","","","","ItPl_Forestberry.text[0]","",""
"Scripts/Content/Items/IT_Plants.d:514","","","","","ItPl_Forestberry.text[2]","",""
"Scripts/Content/Items/IT_Plants.d:515","","","","","ItPl_Forestberry.text[3]","",""
"Scripts/Content/Items/IT_Plants.d:516","","","","","ItPl_Forestberry.text[4]","",""
"Scripts/Content/Items/IT_Plants.d:528","Weidenbeere","미도우 베리","","False","ItPl_Planeberry.name","",""
"Scripts/Content/Items/IT_Plants.d:542","","","","","ItPl_Planeberry.text[0]","",""
"Scripts/Content/Items/IT_Plants.d:544","","","","","ItPl_Planeberry.text[2]","",""
"Scripts/Content/Items/IT_Plants.d:545","","","","","ItPl_Planeberry.text[3]","",""
"Scripts/Content/Items/IT_Plants.d:546","","","","","ItPl_Planeberry.text[4]","",""
"Scripts/Content/Items/IT_Plants.d:563","Feldknöterich","미도우 놋위드","","False","ItPl_Temp_Herb.name","",""
"Scripts/Content/Items/IT_Plants.d:577","","","","","ItPl_Temp_Herb.text[0]","",""
"Scripts/Content/Items/IT_Plants.d:579","","","","","ItPl_Temp_Herb.text[2]","",""
"Scripts/Content/Items/IT_Plants.d:580","","","","","ItPl_Temp_Herb.text[3]","",""
"Scripts/Content/Items/IT_Plants.d:581","","","","","ItPl_Temp_Herb.text[4]","",""
"Scripts/Content/Items/IT_Plants.d:592","Kronstöckel","킹스 소럴","","False","ItPl_Perm_Herb.name","",""
"Scripts/Content/Items/IT_Plants.d:606","","","","","ItPl_Perm_Herb.text[0]","",""
"Scripts/Content/Items/IT_Plants.d:608","","","","","ItPl_Perm_Herb.text[2]","",""
"Scripts/Content/Items/IT_Plants.d:609","","","","","ItPl_Perm_Herb.text[3]","",""
"Scripts/Content/Items/IT_Plants.d:610","","","","","ItPl_Perm_Herb.text[4]","",""
"Scripts/Content/Items/IT_Potions.d:47","","","","","ItPo_Mana_01.text[0]","",""
"Scripts/Content/Items/IT_Potions.d:49","","","","","ItPo_Mana_01.text[2]","",""
"Scripts/Content/Items/IT_Potions.d:50","","","","","ItPo_Mana_01.text[3]","",""
"Scripts/Content/Items/IT_Potions.d:51","","","","","ItPo_Mana_01.text[4]","",""
"Scripts/Content/Items/IT_Potions.d:80","","","","","ItPo_Mana_02.text[0]","",""
"Scripts/Content/Items/IT_Potions.d:82","","","","","ItPo_Mana_02.text[2]","",""
"Scripts/Content/Items/IT_Potions.d:83","","","","","ItPo_Mana_02.text[3]","",""
"Scripts/Content/Items/IT_Potions.d:84","","","","","ItPo_Mana_02.text[4]","",""
"Scripts/Content/Items/IT_Potions.d:113","","","","","ItPo_Mana_03.text[0]","",""
"Scripts/Content/Items/IT_Potions.d:115","","","","","ItPo_Mana_03.text[2]","",""
"Scripts/Content/Items/IT_Potions.d:116","","","","","ItPo_Mana_03.text[3]","",""
"Scripts/Content/Items/IT_Potions.d:117","","","","","ItPo_Mana_03.text[4]","",""
"Scripts/Content/Items/IT_Potions.d:148","","","","","ItPo_Health_01.text[0]","",""
"Scripts/Content/Items/IT_Potions.d:150","","","","","ItPo_Health_01.text[2]","",""
"Scripts/Content/Items/IT_Potions.d:151","","","","","ItPo_Health_01.text[3]","",""
"Scripts/Content/Items/IT_Potions.d:152","","","","","ItPo_Health_01.text[4]","",""
"Scripts/Content/Items/IT_Potions.d:181","","","","","ItPo_Health_02.text[0]","",""
"Scripts/Content/Items/IT_Potions.d:183","","","","","ItPo_Health_02.text[2]","",""
"Scripts/Content/Items/IT_Potions.d:184","","","","","ItPo_Health_02.text[3]","",""
"Scripts/Content/Items/IT_Potions.d:185","","","","","ItPo_Health_02.text[4]","",""
"Scripts/Content/Items/IT_Potions.d:214","","","","","ItPo_Health_03.text[0]","",""
"Scripts/Content/Items/IT_Potions.d:216","","","","","ItPo_Health_03.text[2]","",""
"Scripts/Content/Items/IT_Potions.d:217","","","","","ItPo_Health_03.text[3]","",""
"Scripts/Content/Items/IT_Potions.d:218","","","","","ItPo_Health_03.text[4]","",""
"Scripts/Content/Items/IT_Potions.d:249","","","","","ItPo_Perm_STR.text[0]","",""
"Scripts/Content/Items/IT_Potions.d:251","","","","","ItPo_Perm_STR.text[2]","",""
"Scripts/Content/Items/IT_Potions.d:252","","","","","ItPo_Perm_STR.text[3]","",""
"Scripts/Content/Items/IT_Potions.d:253","","","","","ItPo_Perm_STR.text[4]","",""
"Scripts/Content/Items/IT_Potions.d:282","","","","","ItPo_Perm_DEX.text[0]","",""
"Scripts/Content/Items/IT_Potions.d:284","","","","","ItPo_Perm_DEX.text[2]","",""
"Scripts/Content/Items/IT_Potions.d:285","","","","","ItPo_Perm_DEX.text[3]","",""
"Scripts/Content/Items/IT_Potions.d:286","","","","","ItPo_Perm_DEX.text[4]","",""
"Scripts/Content/Items/IT_Potions.d:315","","","","","ItPo_Perm_Health.text[0]","",""
"Scripts/Content/Items/IT_Potions.d:317","","","","","ItPo_Perm_Health.text[2]","",""
"Scripts/Content/Items/IT_Potions.d:318","","","","","ItPo_Perm_Health.text[3]","",""
"Scripts/Content/Items/IT_Potions.d:319","","","","","ItPo_Perm_Health.text[4]","",""
"Scripts/Content/Items/IT_Potions.d:349","","","","","ItPo_Perm_Mana.text[0]","",""
"Scripts/Content/Items/IT_Potions.d:351","","","","","ItPo_Perm_Mana.text[2]","",""
"Scripts/Content/Items/IT_Potions.d:352","","","","","ItPo_Perm_Mana.text[3]","",""
"Scripts/Content/Items/IT_Potions.d:353","","","","","ItPo_Perm_Mana.text[4]","",""
"Scripts/Content/Items/IT_Potions.d:385","","","","","ItPo_Speed.text[0]","",""
"Scripts/Content/Items/IT_Potions.d:386","Ermöglicht kurzzeitiges Sprinten ","잠시 동안 이동 속도가 증가한다. ","","False","ItPo_Speed.text[1]","",""
"Scripts/Content/Items/IT_Potions.d:387","","","","","ItPo_Speed.text[2]","",""
"Scripts/Content/Items/IT_Potions.d:389","","","","","ItPo_Speed.text[4]","",""
"Scripts/Content/Items/IT_Potions.d:404","Embarla Firgasto","엠바를라 피르가스토","","False","ItPo_MegaDrink.name","",""
"Scripts/Content/Items/IT_Potions.d:421","","","","","ItPo_MegaDrink.text[0]","",""
"Scripts/Content/Items/IT_Potions.d:422","","","","","ItPo_MegaDrink.text[1]","",""
"Scripts/Content/Items/IT_Potions.d:423","","","","","ItPo_MegaDrink.text[2]","",""
"Scripts/Content/Items/IT_Potions.d:424","Wirkung unbekannt","효과는 알려지지 않았다.","","False","ItPo_MegaDrink.text[3]","",""
"Scripts/Content/Items/IT_Potions.d:425","","","","","ItPo_MegaDrink.text[4]","",""
"Scripts/Content/Items/IT_Ranged_Weapons.d:27","Pfeil","화살","","False","ItRw_Arrow.name","",""
"Scripts/Content/Items/IT_Ranged_Weapons.d:41","","","","","ItRw_Arrow.text[0]","",""
"Scripts/Content/Items/IT_Ranged_Weapons.d:42","","","","","ItRw_Arrow.text[1]","",""
"Scripts/Content/Items/IT_Ranged_Weapons.d:43","","","","","ItRw_Arrow.text[2]","",""
"Scripts/Content/Items/IT_Ranged_Weapons.d:44","","","","","ItRw_Arrow.text[3]","",""
"Scripts/Content/Items/IT_Ranged_Weapons.d:45","","","","","ItRw_Arrow.text[4]","",""
"Scripts/Content/Items/IT_Ranged_Weapons.d:51","Bolzen","볼트","","False","ItRw_Bolt.name","",""
"Scripts/Content/Items/IT_Ranged_Weapons.d:65","","","","","ItRw_Bolt.text[0]","",""
"Scripts/Content/Items/IT_Ranged_Weapons.d:66","","","","","ItRw_Bolt.text[1]","",""
"Scripts/Content/Items/IT_Ranged_Weapons.d:67","","","","","ItRw_Bolt.text[2]","",""
"Scripts/Content/Items/IT_Ranged_Weapons.d:68","","","","","ItRw_Bolt.text[3]","",""
"Scripts/Content/Items/IT_Ranged_Weapons.d:69","","","","","ItRw_Bolt.text[4]","",""
"Scripts/Content/Items/IT_Ranged_Weapons.d:77","Armbrust","석궁","","False","ItRw_Mil_Crossbow.name","",""
"Scripts/Content/Items/IT_Ranged_Weapons.d:96","","","","","ItRw_Mil_Crossbow.text[0]","",""
"Scripts/Content/Items/IT_Ranged_Weapons.d:97","","","","","ItRw_Mil_Crossbow.text[1]","",""
"Scripts/Content/Items/IT_Ranged_Weapons.d:100","","","","","ItRw_Mil_Crossbow.text[4]","",""
"Scripts/Content/Items/IT_Ranged_Weapons.d:106","Bogen","활","","False","ItRw_Sld_Bow.name","",""
"Scripts/Content/Items/IT_Ranged_Weapons.d:125","","","","","ItRw_Sld_Bow.text[0]","",""
"Scripts/Content/Items/IT_Ranged_Weapons.d:126","","","","","ItRw_Sld_Bow.text[1]","",""
"Scripts/Content/Items/IT_Ranged_Weapons.d:129","","","","","ItRw_Sld_Bow.text[4]","",""
"Scripts/Content/Items/IT_Ranged_Weapons.d:137","Kurzbogen","단궁","","False","ItRw_Bow_L_01.name","",""
"Scripts/Content/Items/IT_Ranged_Weapons.d:156","","","","","ItRw_Bow_L_01.text[0]","",""
"Scripts/Content/Items/IT_Ranged_Weapons.d:157","","","","","ItRw_Bow_L_01.text[1]","",""
"Scripts/Content/Items/IT_Ranged_Weapons.d:160","","","","","ItRw_Bow_L_01.text[4]","",""
"Scripts/Content/Items/IT_Ranged_Weapons.d:166","Weidenbogen","버드나무 활","","False","ItRw_Bow_L_02.name","",""
"Scripts/Content/Items/IT_Ranged_Weapons.d:185","","","","","ItRw_Bow_L_02.text[0]","",""
"Scripts/Content/Items/IT_Ranged_Weapons.d:186","","","","","ItRw_Bow_L_02.text[1]","",""
"Scripts/Content/Items/IT_Ranged_Weapons.d:189","","","","","ItRw_Bow_L_02.text[4]","",""
"Scripts/Content/Items/IT_Ranged_Weapons.d:196","Jagdbogen","사냥용 활","","False","ItRw_Bow_L_03.name","",""
"Scripts/Content/Items/IT_Ranged_Weapons.d:215","","","","","ItRw_Bow_L_03.text[0]","",""
"Scripts/Content/Items/IT_Ranged_Weapons.d:216","","","","","ItRw_Bow_L_03.text[1]","",""
"Scripts/Content/Items/IT_Ranged_Weapons.d:219","","","","","ItRw_Bow_L_03.text[4]","",""
"Scripts/Content/Items/IT_Ranged_Weapons.d:225","Ulmenbogen","느릅나무 활","","False","ItRw_Bow_L_04.name","",""
"Scripts/Content/Items/IT_Ranged_Weapons.d:244","","","","","ItRw_Bow_L_04.text[0]","",""
"Scripts/Content/Items/IT_Ranged_Weapons.d:245","","","","","ItRw_Bow_L_04.text[1]","",""
"Scripts/Content/Items/IT_Ranged_Weapons.d:248","","","","","ItRw_Bow_L_04.text[4]","",""
"Scripts/Content/Items/IT_Ranged_Weapons.d:256","Kompositbogen","복합궁","","False","ItRw_Bow_M_01.name","",""
"Scripts/Content/Items/IT_Ranged_Weapons.d:275","","","","","ItRw_Bow_M_01.text[0]","",""
"Scripts/Content/Items/IT_Ranged_Weapons.d:276","","","","","ItRw_Bow_M_01.text[1]","",""
"Scripts/Content/Items/IT_Ranged_Weapons.d:279","","","","","ItRw_Bow_M_01.text[4]","",""
"Scripts/Content/Items/IT_Ranged_Weapons.d:285","Eschenbogen","물푸레나무 활","","False","ItRw_Bow_M_02.name","",""
"Scripts/Content/Items/IT_Ranged_Weapons.d:304","","","","","ItRw_Bow_M_02.text[0]","",""
"Scripts/Content/Items/IT_Ranged_Weapons.d:305","","","","","ItRw_Bow_M_02.text[1]","",""
"Scripts/Content/Items/IT_Ranged_Weapons.d:308","","","","","ItRw_Bow_M_02.text[4]","",""
"Scripts/Content/Items/IT_Ranged_Weapons.d:316","Langbogen","장궁","","False","ItRw_Bow_M_03.name","",""
"Scripts/Content/Items/IT_Ranged_Weapons.d:335","","","","","ItRw_Bow_M_03.text[0]","",""
"Scripts/Content/Items/IT_Ranged_Weapons.d:336","","","","","ItRw_Bow_M_03.text[1]","",""
"Scripts/Content/Items/IT_Ranged_Weapons.d:339","","","","","ItRw_Bow_M_03.text[4]","",""
"Scripts/Content/Items/IT_Ranged_Weapons.d:345","Buchenbogen","너도밤나무 활","","False","ItRw_Bow_M_04.name","",""
"Scripts/Content/Items/IT_Ranged_Weapons.d:364","","","","","ItRw_Bow_M_04.text[0]","",""
"Scripts/Content/Items/IT_Ranged_Weapons.d:365","","","","","ItRw_Bow_M_04.text[1]","",""
"Scripts/Content/Items/IT_Ranged_Weapons.d:368","","","","","ItRw_Bow_M_04.text[4]","",""
"Scripts/Content/Items/IT_Ranged_Weapons.d:376","Knochenbogen","뼈 활","","False","ItRw_Bow_H_01.name","",""
"Scripts/Content/Items/IT_Ranged_Weapons.d:395","","","","","ItRw_Bow_H_01.text[0]","",""
"Scripts/Content/Items/IT_Ranged_Weapons.d:396","","","","","ItRw_Bow_H_01.text[1]","",""
"Scripts/Content/Items/IT_Ranged_Weapons.d:399","","","","","ItRw_Bow_H_01.text[4]","",""
"Scripts/Content/Items/IT_Ranged_Weapons.d:405","Eichenbogen","참나무 활","","False","ItRw_Bow_H_02.name","",""
"Scripts/Content/Items/IT_Ranged_Weapons.d:424","","","","","ItRw_Bow_H_02.text[0]","",""
"Scripts/Content/Items/IT_Ranged_Weapons.d:425","","","","","ItRw_Bow_H_02.text[1]","",""
"Scripts/Content/Items/IT_Ranged_Weapons.d:428","","","","","ItRw_Bow_H_02.text[4]","",""
"Scripts/Content/Items/IT_Ranged_Weapons.d:436","Kriegsbogen","전투용 활","","False","ItRw_Bow_H_03.name","",""
"Scripts/Content/Items/IT_Ranged_Weapons.d:455","","","","","ItRw_Bow_H_03.text[0]","",""
"Scripts/Content/Items/IT_Ranged_Weapons.d:456","","","","","ItRw_Bow_H_03.text[1]","",""
"Scripts/Content/Items/IT_Ranged_Weapons.d:459","","","","","ItRw_Bow_H_03.text[4]","",""
"Scripts/Content/Items/IT_Ranged_Weapons.d:465","Drachenbogen","드래곤 보우","","False","ItRw_Bow_H_04.name","",""
"Scripts/Content/Items/IT_Ranged_Weapons.d:484","","","","","ItRw_Bow_H_04.text[0]","",""
"Scripts/Content/Items/IT_Ranged_Weapons.d:485","","","","","ItRw_Bow_H_04.text[1]","",""
"Scripts/Content/Items/IT_Ranged_Weapons.d:488","","","","","ItRw_Bow_H_04.text[4]","",""
"Scripts/Content/Items/IT_Ranged_Weapons.d:498","Jagdarmbrust","사냥용 석궁","","False","ItRw_Crossbow_L_01.name","",""
"Scripts/Content/Items/IT_Ranged_Weapons.d:517","","","","","ItRw_Crossbow_L_01.text[0]","",""
"Scripts/Content/Items/IT_Ranged_Weapons.d:518","","","","","ItRw_Crossbow_L_01.text[1]","",""
"Scripts/Content/Items/IT_Ranged_Weapons.d:521","","","","","ItRw_Crossbow_L_01.text[4]","",""
"Scripts/Content/Items/IT_Ranged_Weapons.d:529","Leichte Armbrust","경량 석궁","","False","ItRw_Crossbow_L_02.name","",""
"Scripts/Content/Items/IT_Ranged_Weapons.d:548","","","","","ItRw_Crossbow_L_02.text[0]","",""
"Scripts/Content/Items/IT_Ranged_Weapons.d:549","","","","","ItRw_Crossbow_L_02.text[1]","",""
"Scripts/Content/Items/IT_Ranged_Weapons.d:552","","","","","ItRw_Crossbow_L_02.text[4]","",""
"Scripts/Content/Items/IT_Ranged_Weapons.d:560","Armbrust","석궁","","False","ItRw_Crossbow_M_01.name","",""
"Scripts/Content/Items/IT_Ranged_Weapons.d:579","","","","","ItRw_Crossbow_M_01.text[0]","",""
"Scripts/Content/Items/IT_Ranged_Weapons.d:580","","","","","ItRw_Crossbow_M_01.text[1]","",""
"Scripts/Content/Items/IT_Ranged_Weapons.d:583","","","","","ItRw_Crossbow_M_01.text[4]","",""
"Scripts/Content/Items/IT_Ranged_Weapons.d:591","Kriegsarmbrust","전투용 석궁","","False","ItRw_Crossbow_M_02.name","",""
"Scripts/Content/Items/IT_Ranged_Weapons.d:610","","","","","ItRw_Crossbow_M_02.text[0]","",""
"Scripts/Content/Items/IT_Ranged_Weapons.d:611","","","","","ItRw_Crossbow_M_02.text[1]","",""
"Scripts/Content/Items/IT_Ranged_Weapons.d:614","","","","","ItRw_Crossbow_M_02.text[4]","",""
"Scripts/Content/Items/IT_Ranged_Weapons.d:622","Schwere Armbrust","중형 석궁","","False","ItRw_Crossbow_H_01.name","",""
"Scripts/Content/Items/IT_Ranged_Weapons.d:641","","","","","ItRw_Crossbow_H_01.text[0]","",""
"Scripts/Content/Items/IT_Ranged_Weapons.d:642","","","","","ItRw_Crossbow_H_01.text[1]","",""
"Scripts/Content/Items/IT_Ranged_Weapons.d:645","","","","","ItRw_Crossbow_H_01.text[4]","",""
"Scripts/Content/Items/IT_Ranged_Weapons.d:653","Drachenjägerarmbrust","드래곤 헌터 석궁","","False","ItRw_Crossbow_H_02.name","",""
"Scripts/Content/Items/IT_Ranged_Weapons.d:672","","","","","ItRw_Crossbow_H_02.text[0]","",""
"Scripts/Content/Items/IT_Ranged_Weapons.d:673","","","","","ItRw_Crossbow_H_02.text[1]","",""
"Scripts/Content/Items/IT_Ranged_Weapons.d:676","","","","","ItRw_Crossbow_H_02.text[4]","",""
"Scripts/Content/Items/IT_Ringe.d:65"," Flammenschutzring","화염 보호 반지","","False","ItRi_Prot_Fire_01.description","",""
"Scripts/Content/Items/IT_Ringe.d:66","","","","","ItRi_Prot_Fire_01.text[0]","",""
"Scripts/Content/Items/IT_Ringe.d:67","","","","","ItRi_Prot_Fire_01.text[1]","",""
"Scripts/Content/Items/IT_Ringe.d:69","","","","","ItRi_Prot_Fire_01.text[3]","",""
"Scripts/Content/Items/IT_Ringe.d:70","","","","","ItRi_Prot_Fire_01.text[4]","",""
"Scripts/Content/Items/IT_Ringe.d:107","FeuerRing","화염의 반지","","False","ItRi_Prot_Fire_02.description","",""
"Scripts/Content/Items/IT_Ringe.d:108","","","","","ItRi_Prot_Fire_02.text[0]","",""
"Scripts/Content/Items/IT_Ringe.d:109","","","","","ItRi_Prot_Fire_02.text[1]","",""
"Scripts/Content/Items/IT_Ringe.d:111","","","","","ItRi_Prot_Fire_02.text[3]","",""
"Scripts/Content/Items/IT_Ringe.d:112","","","","","ItRi_Prot_Fire_02.text[4]","",""
"Scripts/Content/Items/IT_Ringe.d:149","Ring der Holzhaut","나무 가죽의 반지","","False","ItRi_Prot_Point_01.description","",""
"Scripts/Content/Items/IT_Ringe.d:150","","","","","ItRi_Prot_Point_01.text[0]","",""
"Scripts/Content/Items/IT_Ringe.d:151","","","","","ItRi_Prot_Point_01.text[1]","",""
"Scripts/Content/Items/IT_Ringe.d:153","","","","","ItRi_Prot_Point_01.text[3]","",""
"Scripts/Content/Items/IT_Ringe.d:154","","","","","ItRi_Prot_Point_01.text[4]","",""
"Scripts/Content/Items/IT_Ringe.d:191","Ring der Steinhaut","돌 가죽의 반지","","False","ItRi_Prot_Point_02.description","",""
"Scripts/Content/Items/IT_Ringe.d:192","","","","","ItRi_Prot_Point_02.text[0]","",""
"Scripts/Content/Items/IT_Ringe.d:193","","","","","ItRi_Prot_Point_02.text[1]","",""
"Scripts/Content/Items/IT_Ringe.d:195","","","","","ItRi_Prot_Point_02.text[3]","",""
"Scripts/Content/Items/IT_Ringe.d:196","","","","","ItRi_Prot_Point_02.text[4]","",""
"Scripts/Content/Items/IT_Ringe.d:233","Ring der Eisenhaut","무쇠 가죽의 반지","","False","ItRi_Prot_Edge_01.description","",""
"Scripts/Content/Items/IT_Ringe.d:234","","","","","ItRi_Prot_Edge_01.text[0]","",""
"Scripts/Content/Items/IT_Ringe.d:235","","","","","ItRi_Prot_Edge_01.text[1]","",""
"Scripts/Content/Items/IT_Ringe.d:237","","","","","ItRi_Prot_Edge_01.text[3]","",""
"Scripts/Content/Items/IT_Ringe.d:238","","","","","ItRi_Prot_Edge_01.text[4]","",""
"Scripts/Content/Items/IT_Ringe.d:277","Ring der Erzhaut","광석 가죽의 반지","","False","ItRi_Prot_Edge_02.description","",""
"Scripts/Content/Items/IT_Ringe.d:278","","","","","ItRi_Prot_Edge_02.text[0]","",""
"Scripts/Content/Items/IT_Ringe.d:279","","","","","ItRi_Prot_Edge_02.text[1]","",""
"Scripts/Content/Items/IT_Ringe.d:281","","","","","ItRi_Prot_Edge_02.text[3]","",""
"Scripts/Content/Items/IT_Ringe.d:282","","","","","ItRi_Prot_Edge_02.text[4]","",""
"Scripts/Content/Items/IT_Ringe.d:321","Ring der Geisteskraft","정신력의 반지","","False","ItRi_Prot_Mage_01.description","",""
"Scripts/Content/Items/IT_Ringe.d:322","","","","","ItRi_Prot_Mage_01.text[0]","",""
"Scripts/Content/Items/IT_Ringe.d:323","","","","","ItRi_Prot_Mage_01.text[1]","",""
"Scripts/Content/Items/IT_Ringe.d:325","","","","","ItRi_Prot_Mage_01.text[3]","",""
"Scripts/Content/Items/IT_Ringe.d:326","","","","","ItRi_Prot_Mage_01.text[4]","",""
"Scripts/Content/Items/IT_Ringe.d:363","Ring der Verteidigung","방어의 반지","","False","ItRi_Prot_Mage_02.description","",""
"Scripts/Content/Items/IT_Ringe.d:364","","","","","ItRi_Prot_Mage_02.text[0]","",""
"Scripts/Content/Items/IT_Ringe.d:365","","","","","ItRi_Prot_Mage_02.text[1]","",""
"Scripts/Content/Items/IT_Ringe.d:367","","","","","ItRi_Prot_Mage_02.text[3]","",""
"Scripts/Content/Items/IT_Ringe.d:368","","","","","ItRi_Prot_Mage_02.text[4]","",""
"Scripts/Content/Items/IT_Ringe.d:406","Ring der Unbezwingbarkeit","불굴의 반지","","False","ItRi_Prot_Total_01.description","",""
"Scripts/Content/Items/IT_Ringe.d:407","","","","","ItRi_Prot_Total_01.text[0]","",""
"Scripts/Content/Items/IT_Ringe.d:456","Ring der Unbesiegbarkeit","무적의 반지","","False","ItRi_Prot_Total_02.description","",""
"Scripts/Content/Items/IT_Ringe.d:457","","","","","ItRi_Prot_Total_02.text[0]","",""
"Scripts/Content/Items/IT_Ringe.d:506","Ring der Gewandtheit","기교의 반지","","False","ItRi_Dex_01.description","",""
"Scripts/Content/Items/IT_Ringe.d:507","","","","","ItRi_Dex_01.text[0]","",""
"Scripts/Content/Items/IT_Ringe.d:508","","","","","ItRi_Dex_01.text[1]","",""
"Scripts/Content/Items/IT_Ringe.d:510","","","","","ItRi_Dex_01.text[3]","",""
"Scripts/Content/Items/IT_Ringe.d:511","","","","","ItRi_Dex_01.text[4]","",""
"Scripts/Content/Items/IT_Ringe.d:548","Ring der Geschicklichkeit","손재주의 반지","","False","ItRi_Dex_02.description","",""
"Scripts/Content/Items/IT_Ringe.d:549","","","","","ItRi_Dex_02.text[0]","",""
"Scripts/Content/Items/IT_Ringe.d:550","","","","","ItRi_Dex_02.text[1]","",""
"Scripts/Content/Items/IT_Ringe.d:552","","","","","ItRi_Dex_02.text[3]","",""
"Scripts/Content/Items/IT_Ringe.d:553","","","","","ItRi_Dex_02.text[4]","",""
"Scripts/Content/Items/IT_Ringe.d:590","Ring der Lebenskraft","생명의 반지","","False","ItRi_Hp_01.description","",""
"Scripts/Content/Items/IT_Ringe.d:591","","","","","ItRi_Hp_01.text[0]","",""
"Scripts/Content/Items/IT_Ringe.d:592","","","","","ItRi_Hp_01.text[1]","",""
"Scripts/Content/Items/IT_Ringe.d:594","","","","","ItRi_Hp_01.text[3]","",""
"Scripts/Content/Items/IT_Ringe.d:595","","","","","ItRi_Hp_01.text[4]","",""
"Scripts/Content/Items/IT_Ringe.d:641","Ring der Lebendigkeit","활력의 반지","","False","ItRi_Hp_02.description","",""
"Scripts/Content/Items/IT_Ringe.d:642","","","","","ItRi_Hp_02.text[0]","",""
"Scripts/Content/Items/IT_Ringe.d:643","","","","","ItRi_Hp_02.text[1]","",""
"Scripts/Content/Items/IT_Ringe.d:645","","","","","ItRi_Hp_02.text[3]","",""
"Scripts/Content/Items/IT_Ringe.d:646","","","","","ItRi_Hp_02.text[4]","",""
"Scripts/Content/Items/IT_Ringe.d:692","Ring der Kraft","완력의 반지","","False","ItRi_Str_01.description","",""
"Scripts/Content/Items/IT_Ringe.d:693","","","","","ItRi_Str_01.text[0]","",""
"Scripts/Content/Items/IT_Ringe.d:694","","","","","ItRi_Str_01.text[1]","",""
"Scripts/Content/Items/IT_Ringe.d:696","","","","","ItRi_Str_01.text[3]","",""
"Scripts/Content/Items/IT_Ringe.d:697","","","","","ItRi_Str_01.text[4]","",""
"Scripts/Content/Items/IT_Ringe.d:734","Ring der Stärke","힘의 반지","","False","ItRi_Str_02.description","",""
"Scripts/Content/Items/IT_Ringe.d:735","","","","","ItRi_Str_02.text[0]","",""
"Scripts/Content/Items/IT_Ringe.d:736","","","","","ItRi_Str_02.text[1]","",""
"Scripts/Content/Items/IT_Ringe.d:738","","","","","ItRi_Str_02.text[3]","",""
"Scripts/Content/Items/IT_Ringe.d:739","","","","","ItRi_Str_02.text[4]","",""
"Scripts/Content/Items/IT_Ringe.d:776","Ring der Magie","마법의 반지","","False","ItRi_Mana_01.description","",""
"Scripts/Content/Items/IT_Ringe.d:777","","","","","ItRi_Mana_01.text[0]","",""
"Scripts/Content/Items/IT_Ringe.d:778","","","","","ItRi_Mana_01.text[1]","",""
"Scripts/Content/Items/IT_Ringe.d:780","","","","","ItRi_Mana_01.text[3]","",""
"Scripts/Content/Items/IT_Ringe.d:781","","","","","ItRi_Mana_01.text[4]","",""
"Scripts/Content/Items/IT_Ringe.d:828","Ring der astralen Kraft","정신력의 반지","","False","ItRi_Mana_02.description","",""
"Scripts/Content/Items/IT_Ringe.d:829","","","","","ItRi_Mana_02.text[0]","",""
"Scripts/Content/Items/IT_Ringe.d:830","","","","","ItRi_Mana_02.text[1]","",""
"Scripts/Content/Items/IT_Ringe.d:832","","","","","ItRi_Mana_02.text[3]","",""
"Scripts/Content/Items/IT_Ringe.d:833","","","","","ItRi_Mana_02.text[4]","",""
"Scripts/Content/Items/IT_Ringe.d:880","Ring der Erleuchtung","깨달음의 반지","","False","ItRi_Hp_Mana_01.description","",""
"Scripts/Content/Items/IT_Ringe.d:881","","","","","ItRi_Hp_Mana_01.text[0]","",""
"Scripts/Content/Items/IT_Ringe.d:882","","","","","ItRi_Hp_Mana_01.text[1]","",""
"Scripts/Content/Items/IT_Ringe.d:885","","","","","ItRi_Hp_Mana_01.text[4]","",""
"Scripts/Content/Items/IT_Ringe.d:944","Ring der Macht","권능의 반지","","False","ItRi_Dex_Strg_01.description","",""
"Scripts/Content/Items/IT_Ringe.d:945","","","","","ItRi_Dex_Strg_01.text[0]","",""
"Scripts/Content/Items/IT_Ringe.d:946","","","","","ItRi_Dex_Strg_01.text[1]","",""
"Scripts/Content/Items/IT_Ringe.d:949","","","","","ItRi_Dex_Strg_01.text[4]","",""
"Scripts/Content/Items/IT_Runen.d:93","","","","","ItRu_PalLight.text[4]","",""
"Scripts/Content/Items/IT_Runen.d:120","","","","","ItRu_PalLightHeal.text[4]","",""
"Scripts/Content/Items/IT_Runen.d:147","","","","","ItRu_PalMediumHeal.text[4]","",""
"Scripts/Content/Items/IT_Runen.d:174","","","","","ItRu_PalFullHeal.text[4]","",""
"Scripts/Content/Items/IT_Runen.d:201","","","","","ItRu_PalHolyBolt.text[4]","",""
"Scripts/Content/Items/IT_Runen.d:229","","","","","ItRu_PalRepelEvil.text[4]","",""
"Scripts/Content/Items/IT_Runen.d:256","","","","","ItRu_PalDestroyEvil.text[4]","",""
"Scripts/Content/Items/IT_Runen.d:282","","","","","ItRu_PalTeleportSecret.text[3]","",""
"Scripts/Content/Items/IT_Runen.d:283","","","","","ItRu_PalTeleportSecret.text[4]","",""
"Scripts/Content/Items/IT_Runen.d:306","","","","","ItRu_TeleportSeaport.text[0]","",""
"Scripts/Content/Items/IT_Runen.d:308","","","","","ItRu_TeleportSeaport.text[2]","",""
"Scripts/Content/Items/IT_Runen.d:309","","","","","ItRu_TeleportSeaport.text[3]","",""
"Scripts/Content/Items/IT_Runen.d:310","","","","","ItRu_TeleportSeaport.text[4]","",""
"Scripts/Content/Items/IT_Runen.d:333","","","","","ItRu_TeleportMonastery.text[0]","",""
"Scripts/Content/Items/IT_Runen.d:335","","","","","ItRu_TeleportMonastery.text[2]","",""
"Scripts/Content/Items/IT_Runen.d:336","","","","","ItRu_TeleportMonastery.text[3]","",""
"Scripts/Content/Items/IT_Runen.d:337","","","","","ItRu_TeleportMonastery.text[4]","",""
"Scripts/Content/Items/IT_Runen.d:360","","","","","ItRu_TeleportFarm.text[0]","",""
"Scripts/Content/Items/IT_Runen.d:362","","","","","ItRu_TeleportFarm.text[2]","",""
"Scripts/Content/Items/IT_Runen.d:363","","","","","ItRu_TeleportFarm.text[3]","",""
"Scripts/Content/Items/IT_Runen.d:364","","","","","ItRu_TeleportFarm.text[4]","",""
"Scripts/Content/Items/IT_Runen.d:387","","","","","ItRu_TeleportXardas.text[0]","",""
"Scripts/Content/Items/IT_Runen.d:389","","","","","ItRu_TeleportXardas.text[2]","",""
"Scripts/Content/Items/IT_Runen.d:390","","","","","ItRu_TeleportXardas.text[3]","",""
"Scripts/Content/Items/IT_Runen.d:391","","","","","ItRu_TeleportXardas.text[4]","",""
"Scripts/Content/Items/IT_Runen.d:414","","","","","ItRu_TeleportPassNW.text[0]","",""
"Scripts/Content/Items/IT_Runen.d:416","","","","","ItRu_TeleportPassNW.text[2]","",""
"Scripts/Content/Items/IT_Runen.d:417","","","","","ItRu_TeleportPassNW.text[3]","",""
"Scripts/Content/Items/IT_Runen.d:418","","","","","ItRu_TeleportPassNW.text[4]","",""
"Scripts/Content/Items/IT_Runen.d:441","","","","","ItRu_TeleportPassOW.text[0]","",""
"Scripts/Content/Items/IT_Runen.d:443","","","","","ItRu_TeleportPassOW.text[2]","",""
"Scripts/Content/Items/IT_Runen.d:444","","","","","ItRu_TeleportPassOW.text[3]","",""
"Scripts/Content/Items/IT_Runen.d:445","","","","","ItRu_TeleportPassOW.text[4]","",""
"Scripts/Content/Items/IT_Runen.d:468","","","","","ItRu_TeleportOC.text[0]","",""
"Scripts/Content/Items/IT_Runen.d:470","","","","","ItRu_TeleportOC.text[2]","",""
"Scripts/Content/Items/IT_Runen.d:471","","","","","ItRu_TeleportOC.text[3]","",""
"Scripts/Content/Items/IT_Runen.d:472","","","","","ItRu_TeleportOC.text[4]","",""
"Scripts/Content/Items/IT_Runen.d:496","","","","","ItRu_TeleportOWDemonTower.text[0]","",""
"Scripts/Content/Items/IT_Runen.d:498","","","","","ItRu_TeleportOWDemonTower.text[2]","",""
"Scripts/Content/Items/IT_Runen.d:499","","","","","ItRu_TeleportOWDemonTower.text[3]","",""
"Scripts/Content/Items/IT_Runen.d:500","","","","","ItRu_TeleportOWDemonTower.text[4]","",""
"Scripts/Content/Items/IT_Runen.d:522","","","","","ItRu_TeleportTaverne.text[0]","",""
"Scripts/Content/Items/IT_Runen.d:524","","","","","ItRu_TeleportTaverne.text[2]","",""
"Scripts/Content/Items/IT_Runen.d:525","","","","","ItRu_TeleportTaverne.text[3]","",""
"Scripts/Content/Items/IT_Runen.d:526","","","","","ItRu_TeleportTaverne.text[4]","",""
"Scripts/Content/Items/IT_Runen.d:549","","","","","ItRu_Teleport_3.text[0]","",""
"Scripts/Content/Items/IT_Runen.d:551","","","","","ItRu_Teleport_3.text[2]","",""
"Scripts/Content/Items/IT_Runen.d:552","","","","","ItRu_Teleport_3.text[3]","",""
"Scripts/Content/Items/IT_Runen.d:553","","","","","ItRu_Teleport_3.text[4]","",""
"Scripts/Content/Items/IT_Runen.d:581","","","","","ItRu_Light.text[3]","",""
"Scripts/Content/Items/IT_Runen.d:582","","","","","ItRu_Light.text[4]","",""
"Scripts/Content/Items/IT_Runen.d:609","","","","","ItRu_FireBolt.text[3]","",""
"Scripts/Content/Items/IT_Runen.d:610","","","","","ItRu_FireBolt.text[4]","",""
"Scripts/Content/Items/IT_Runen.d:637","","","","","ItRu_Zap.text[3]","",""
"Scripts/Content/Items/IT_Runen.d:638","","","","","ItRu_Zap.text[4]","",""
"Scripts/Content/Items/IT_Runen.d:665","","","","","ItRu_LightHeal.text[3]","",""
"Scripts/Content/Items/IT_Runen.d:666","","","","","ItRu_LightHeal.text[4]","",""
"Scripts/Content/Items/IT_Runen.d:692","Die wandernden Knochen","떠돌아다니는 뼈","","False","ItRu_SumGobSkel.text[2]","",""
"Scripts/Content/Items/IT_Runen.d:693","der toten Goblins","죽은 고블린의","","False","ItRu_SumGobSkel.text[3]","",""
"Scripts/Content/Items/IT_Runen.d:694","","","","","ItRu_SumGobSkel.text[4]","",""
"Scripts/Content/Items/IT_Runen.d:722","","","","","ItRu_InstantFireball.text[3]","",""
"Scripts/Content/Items/IT_Runen.d:723","","","","","ItRu_InstantFireball.text[4]","",""
"Scripts/Content/Items/IT_Runen.d:750","","","","","ItRu_Icebolt.text[3]","",""
"Scripts/Content/Items/IT_Runen.d:751","","","","","ItRu_Icebolt.text[4]","",""
"Scripts/Content/Items/IT_Runen.d:777","","","","","ItRu_SumWolf.text[2]","",""
"Scripts/Content/Items/IT_Runen.d:778","","","","","ItRu_SumWolf.text[3]","",""
"Scripts/Content/Items/IT_Runen.d:779","","","","","ItRu_SumWolf.text[4]","",""
"Scripts/Content/Items/IT_Runen.d:834","","","","","ItRu_Sleep.text[3]","",""
"Scripts/Content/Items/IT_Runen.d:835","","","","","ItRu_Sleep.text[4]","",""
"Scripts/Content/Items/IT_Runen.d:863","","","","","ItRu_MediumHeal.text[3]","",""
"Scripts/Content/Items/IT_Runen.d:864","","","","","ItRu_MediumHeal.text[4]","",""
"Scripts/Content/Items/IT_Runen.d:891","","","","","ItRu_LightningFlash.text[3]","",""
"Scripts/Content/Items/IT_Runen.d:892","","","","","ItRu_LightningFlash.text[4]","",""
"Scripts/Content/Items/IT_Runen.d:946","","","","","ItRu_SumSkel.text[2]","",""
"Scripts/Content/Items/IT_Runen.d:947","","","","","ItRu_SumSkel.text[3]","",""
"Scripts/Content/Items/IT_Runen.d:948","","","","","ItRu_SumSkel.text[4]","",""
"Scripts/Content/Items/IT_Runen.d:975","","","","","ItRu_Fear.text[3]","",""
"Scripts/Content/Items/IT_Runen.d:976","","","","","ItRu_Fear.text[4]","",""
"Scripts/Content/Items/IT_Runen.d:1059","","","","","ItRu_SumGol.text[2]","",""
"Scripts/Content/Items/IT_Runen.d:1060","","","","","ItRu_SumGol.text[3]","",""
"Scripts/Content/Items/IT_Runen.d:1061","","","","","ItRu_SumGol.text[4]","",""
"Scripts/Content/Items/IT_Runen.d:1088","","","","","ItRu_HarmUndead.text[3]","",""
"Scripts/Content/Items/IT_Runen.d:1089","","","","","ItRu_HarmUndead.text[4]","",""
"Scripts/Content/Items/IT_Runen.d:1145","","","","","ItRu_Firestorm.text[3]","",""
"Scripts/Content/Items/IT_Runen.d:1146","","","","","ItRu_Firestorm.text[4]","",""
"Scripts/Content/Items/IT_Runen.d:1200","","","","","ItRu_SumDemon.text[2]","",""
"Scripts/Content/Items/IT_Runen.d:1201","","","","","ItRu_SumDemon.text[3]","",""
"Scripts/Content/Items/IT_Runen.d:1202","","","","","ItRu_SumDemon.text[4]","",""
"Scripts/Content/Items/IT_Runen.d:1229","","","","","ItRu_FullHeal.text[3]","",""
"Scripts/Content/Items/IT_Runen.d:1230","","","","","ItRu_FullHeal.text[4]","",""
"Scripts/Content/Items/IT_Runen.d:1258","","","","","ItRu_Firerain.text[3]","",""
"Scripts/Content/Items/IT_Runen.d:1259","","","","","ItRu_Firerain.text[4]","",""
"Scripts/Content/Items/IT_Runen.d:1286","","","","","ItRu_BreathOfDeath.text[3]","",""
"Scripts/Content/Items/IT_Runen.d:1287","","","","","ItRu_BreathOfDeath.text[4]","",""
"Scripts/Content/Items/IT_Runen.d:1315","","","","","ItRu_MassDeath.text[3]","",""
"Scripts/Content/Items/IT_Runen.d:1316","","","","","ItRu_MassDeath.text[4]","",""
"Scripts/Content/Items/IT_Runen.d:1344","","","","","ItRu_MasterOfDisaster.text[3]","",""
"Scripts/Content/Items/IT_Runen.d:1345","","","","","ItRu_MasterOfDisaster.text[4]","",""
"Scripts/Content/Items/IT_Runen.d:1371","","","","","ItRu_ArmyOfDarkness.text[2]","",""
"Scripts/Content/Items/IT_Runen.d:1372","","","","","ItRu_ArmyOfDarkness.text[3]","",""
"Scripts/Content/Items/IT_Runen.d:1373","","","","","ItRu_ArmyOfDarkness.text[4]","",""
"Scripts/Content/Items/IT_Runen.d:1399","","","","","ItRu_Shrink.text[2]","",""
"Scripts/Content/Items/IT_Runen.d:1400","","","","","ItRu_Shrink.text[3]","",""
"Scripts/Content/Items/IT_Runen.d:1401","","","","","ItRu_Shrink.text[4]","",""
"Scripts/Content/Items/IT_Runen.d:1429","Deathbolt","죽음의 화살","","False","ItRu_Deathbolt.description","",""
"Scripts/Content/Items/IT_Runen.d:1433","","","","","ItRu_Deathbolt.text[3]","",""
"Scripts/Content/Items/IT_Runen.d:1434","","","","","ItRu_Deathbolt.text[4]","",""
"Scripts/Content/Items/IT_Runen.d:1456","Deathball","죽음의 구","","False","ItRu_Deathball.description","",""
"Scripts/Content/Items/IT_Runen.d:1460","","","","","ItRu_Deathball.text[3]","",""
"Scripts/Content/Items/IT_Runen.d:1461","","","","","ItRu_Deathball.text[4]","",""
"Scripts/Content/Items/IT_Runen.d:1483","Concussionbolt","충격의 화살","","False","ItRu_Concussionbolt.description","",""
"Scripts/Content/Items/IT_Runen.d:1487","","","","","ItRu_Concussionbolt.text[3]","",""
"Scripts/Content/Items/IT_Runen.d:1488","","","","","ItRu_Concussionbolt.text[4]","",""
"Scripts/Content/Items/IT_Scrolls.d:90","","","","","ItSc_PalLight.text[4]","",""
"Scripts/Content/Items/IT_Scrolls.d:119","","","","","ItSc_PalLightHeal.text[4]","",""
"Scripts/Content/Items/IT_Scrolls.d:148","","","","","ItSc_PalHolyBolt.text[4]","",""
"Scripts/Content/Items/IT_Scrolls.d:177","","","","","ItSc_PalMediumHeal.text[4]","",""
"Scripts/Content/Items/IT_Scrolls.d:206","","","","","ItSc_PalRepelEvil.text[4]","",""
"Scripts/Content/Items/IT_Scrolls.d:235","","","","","ItSc_PalFullHeal.text[4]","",""
"Scripts/Content/Items/IT_Scrolls.d:264","","","","","ItSc_PalDestroyEvil.text[4]","",""
"Scripts/Content/Items/IT_Scrolls.d:294","","","","","ItSc_Light.text[3]","",""
"Scripts/Content/Items/IT_Scrolls.d:295","","","","","ItSc_Light.text[4]","",""
"Scripts/Content/Items/IT_Scrolls.d:323","","","","","ItSc_Firebolt.text[3]","",""
"Scripts/Content/Items/IT_Scrolls.d:324","","","","","ItSc_Firebolt.text[4]","",""
"Scripts/Content/Items/IT_Scrolls.d:352","","","","","ItSc_Icebolt.text[3]","",""
"Scripts/Content/Items/IT_Scrolls.d:353","","","","","ItSc_Icebolt.text[4]","",""
"Scripts/Content/Items/IT_Scrolls.d:381","","","","","ItSc_LightHeal.text[3]","",""
"Scripts/Content/Items/IT_Scrolls.d:382","","","","","ItSc_LightHeal.text[4]","",""
"Scripts/Content/Items/IT_Scrolls.d:409","","","","","ItSc_SumGobSkel.text[2]","",""
"Scripts/Content/Items/IT_Scrolls.d:410","","","","","ItSc_SumGobSkel.text[3]","",""
"Scripts/Content/Items/IT_Scrolls.d:411","","","","","ItSc_SumGobSkel.text[4]","",""
"Scripts/Content/Items/IT_Scrolls.d:439","","","","","ItSc_InstantFireball.text[3]","",""
"Scripts/Content/Items/IT_Scrolls.d:440","","","","","ItSc_InstantFireball.text[4]","",""
"Scripts/Content/Items/IT_Scrolls.d:466","","","","","ItSc_Zap.text[3]","",""
"Scripts/Content/Items/IT_Scrolls.d:467","","","","","ItSc_Zap.text[4]","",""
"Scripts/Content/Items/IT_Scrolls.d:494","","","","","ItSc_SumWolf.text[2]","",""
"Scripts/Content/Items/IT_Scrolls.d:495","","","","","ItSc_SumWolf.text[3]","",""
"Scripts/Content/Items/IT_Scrolls.d:496","","","","","ItSc_SumWolf.text[4]","",""
"Scripts/Content/Items/IT_Scrolls.d:553","","","","","ItSc_Sleep.text[3]","",""
"Scripts/Content/Items/IT_Scrolls.d:554","","","","","ItSc_Sleep.text[4]","",""
"Scripts/Content/Items/IT_Scrolls.d:581","","","","","ItSc_Charm.text[2]","",""
"Scripts/Content/Items/IT_Scrolls.d:582","","","","","ItSc_Charm.text[3]","",""
"Scripts/Content/Items/IT_Scrolls.d:583","","","","","ItSc_Charm.text[4]","",""
"Scripts/Content/Items/IT_Scrolls.d:611","","","","","ItSc_MediumHeal.text[3]","",""
"Scripts/Content/Items/IT_Scrolls.d:612","","","","","ItSc_MediumHeal.text[4]","",""
"Scripts/Content/Items/IT_Scrolls.d:640","","","","","ItSc_LightningFlash.text[3]","",""
"Scripts/Content/Items/IT_Scrolls.d:641","","","","","ItSc_LightningFlash.text[4]","",""
"Scripts/Content/Items/IT_Scrolls.d:697","","","","","ItSc_SumSkel.text[2]","",""
"Scripts/Content/Items/IT_Scrolls.d:698","","","","","ItSc_SumSkel.text[3]","",""
"Scripts/Content/Items/IT_Scrolls.d:699","","","","","ItSc_SumSkel.text[4]","",""
"Scripts/Content/Items/IT_Scrolls.d:727","","","","","ItSc_Fear.text[3]","",""
"Scripts/Content/Items/IT_Scrolls.d:728","","","","","ItSc_Fear.text[4]","",""
"Scripts/Content/Items/IT_Scrolls.d:813","","","","","ItSc_SumGol.text[2]","",""
"Scripts/Content/Items/IT_Scrolls.d:814","","","","","ItSc_SumGol.text[3]","",""
"Scripts/Content/Items/IT_Scrolls.d:815","","","","","ItSc_SumGol.text[4]","",""
"Scripts/Content/Items/IT_Scrolls.d:843","","","","","ItSc_HarmUndead.text[3]","",""
"Scripts/Content/Items/IT_Scrolls.d:844","","","","","ItSc_HarmUndead.text[4]","",""
"Scripts/Content/Items/IT_Scrolls.d:901","","","","","ItSc_Firestorm.text[3]","",""
"Scripts/Content/Items/IT_Scrolls.d:902","","","","","ItSc_Firestorm.text[4]","",""
"Scripts/Content/Items/IT_Scrolls.d:958","","","","","ItSc_SumDemon.text[2]","",""
"Scripts/Content/Items/IT_Scrolls.d:959","","","","","ItSc_SumDemon.text[3]","",""
"Scripts/Content/Items/IT_Scrolls.d:960","","","","","ItSc_SumDemon.text[4]","",""
"Scripts/Content/Items/IT_Scrolls.d:989","","","","","ItSc_FullHeal.text[3]","",""
"Scripts/Content/Items/IT_Scrolls.d:990","","","","","ItSc_FullHeal.text[4]","",""
"Scripts/Content/Items/IT_Scrolls.d:1018","","","","","ItSc_Firerain.text[3]","",""
"Scripts/Content/Items/IT_Scrolls.d:1019","","","","","ItSc_Firerain.text[4]","",""
"Scripts/Content/Items/IT_Scrolls.d:1045","","","","","ItSc_BreathOfDeath.text[3]","",""
"Scripts/Content/Items/IT_Scrolls.d:1046","","","","","ItSc_BreathOfDeath.text[4]","",""
"Scripts/Content/Items/IT_Scrolls.d:1072","","","","","ItSc_MassDeath.text[3]","",""
"Scripts/Content/Items/IT_Scrolls.d:1073","","","","","ItSc_MassDeath.text[4]","",""
"Scripts/Content/Items/IT_Scrolls.d:1100","","","","","ItSc_ArmyOfDarkness.text[2]","",""
"Scripts/Content/Items/IT_Scrolls.d:1101","","","","","ItSc_ArmyOfDarkness.text[3]","",""
"Scripts/Content/Items/IT_Scrolls.d:1102","","","","","ItSc_ArmyOfDarkness.text[4]","",""
"Scripts/Content/Items/IT_Scrolls.d:1130","","","","","ItSc_Shrink.text[2]","",""
"Scripts/Content/Items/IT_Scrolls.d:1131","","","","","ItSc_Shrink.text[3]","",""
"Scripts/Content/Items/IT_Scrolls.d:1132","","","","","ItSc_Shrink.text[4]","",""
"Scripts/Content/Items/IT_Scrolls.d:1159","","","","","ItSc_TrfSheep.text[2]","",""
"Scripts/Content/Items/IT_Scrolls.d:1160","","","","","ItSc_TrfSheep.text[3]","",""
"Scripts/Content/Items/IT_Scrolls.d:1161","","","","","ItSc_TrfSheep.text[4]","",""
"Scripts/Content/Items/IT_Scrolls.d:1188","","","","","ItSc_TrfScavenger.text[2]","",""
"Scripts/Content/Items/IT_Scrolls.d:1189","","","","","ItSc_TrfScavenger.text[3]","",""
"Scripts/Content/Items/IT_Scrolls.d:1190","","","","","ItSc_TrfScavenger.text[4]","",""
"Scripts/Content/Items/IT_Scrolls.d:1217","","","","","ItSc_TrfGiantRat.text[2]","",""
"Scripts/Content/Items/IT_Scrolls.d:1218","","","","","ItSc_TrfGiantRat.text[3]","",""
"Scripts/Content/Items/IT_Scrolls.d:1219","","","","","ItSc_TrfGiantRat.text[4]","",""
"Scripts/Content/Items/IT_Scrolls.d:1246","","","","","ItSc_TrfGiantBug.text[2]","",""
"Scripts/Content/Items/IT_Scrolls.d:1247","","","","","ItSc_TrfGiantBug.text[3]","",""
"Scripts/Content/Items/IT_Scrolls.d:1248","","","","","ItSc_TrfGiantBug.text[4]","",""
"Scripts/Content/Items/IT_Scrolls.d:1275","","","","","ItSc_TrfWolf.text[2]","",""
"Scripts/Content/Items/IT_Scrolls.d:1276","","","","","ItSc_TrfWolf.text[3]","",""
"Scripts/Content/Items/IT_Scrolls.d:1277","","","","","ItSc_TrfWolf.text[4]","",""
"Scripts/Content/Items/IT_Scrolls.d:1304","","","","","ItSc_TrfWaran.text[2]","",""
"Scripts/Content/Items/IT_Scrolls.d:1305","","","","","ItSc_TrfWaran.text[3]","",""
"Scripts/Content/Items/IT_Scrolls.d:1306","","","","","ItSc_TrfWaran.text[4]","",""
"Scripts/Content/Items/IT_Scrolls.d:1333","","","","","ItSc_TrfSnapper.text[2]","",""
"Scripts/Content/Items/IT_Scrolls.d:1334","","","","","ItSc_TrfSnapper.text[3]","",""
"Scripts/Content/Items/IT_Scrolls.d:1335","","","","","ItSc_TrfSnapper.text[4]","",""
"Scripts/Content/Items/IT_Scrolls.d:1362","","","","","ItSc_TrfWarg.text[2]","",""
"Scripts/Content/Items/IT_Scrolls.d:1363","","","","","ItSc_TrfWarg.text[3]","",""
"Scripts/Content/Items/IT_Scrolls.d:1364","","","","","ItSc_TrfWarg.text[4]","",""
"Scripts/Content/Items/IT_Scrolls.d:1391","","","","","ItSc_TrfFireWaran.text[2]","",""
"Scripts/Content/Items/IT_Scrolls.d:1392","","","","","ItSc_TrfFireWaran.text[3]","",""
"Scripts/Content/Items/IT_Scrolls.d:1393","","","","","ItSc_TrfFireWaran.text[4]","",""
"Scripts/Content/Items/IT_Scrolls.d:1420","","","","","ItSc_TrfLurker.text[2]","",""
"Scripts/Content/Items/IT_Scrolls.d:1421","","","","","ItSc_TrfLurker.text[3]","",""
"Scripts/Content/Items/IT_Scrolls.d:1422","","","","","ItSc_TrfLurker.text[4]","",""
"Scripts/Content/Items/IT_Scrolls.d:1449","","","","","ItSc_TrfShadowbeast.text[2]","",""
"Scripts/Content/Items/IT_Scrolls.d:1450","","","","","ItSc_TrfShadowbeast.text[3]","",""
"Scripts/Content/Items/IT_Scrolls.d:1451","","","","","ItSc_TrfShadowbeast.text[4]","",""
"Scripts/Content/Items/IT_Scrolls.d:1478","","","","","ItSc_TrfDragonSnapper.text[2]","",""
"Scripts/Content/Items/IT_Scrolls.d:1479","","","","","ItSc_TrfDragonSnapper.text[3]","",""
"Scripts/Content/Items/IT_Scrolls.d:1480","","","","","ItSc_TrfDragonSnapper.text[4]","",""
"Scripts/Content/Items/IT_Secrets.d:7","Kugeliger Fisch","공 모양의 물고기","","False","ItSe_ErzFisch.name","",""
"Scripts/Content/Items/IT_Secrets.d:21","","","","","ItSe_ErzFisch.text[0]","",""
"Scripts/Content/Items/IT_Secrets.d:22","","","","","ItSe_ErzFisch.text[1]","",""
"Scripts/Content/Items/IT_Secrets.d:23","Irgendwas ist in diesem Fisch versteckt","이 물고기 안에는 무언가 숨겨져 있다.","","False","ItSe_ErzFisch.text[2]","",""
"Scripts/Content/Items/IT_Secrets.d:37","Schwerer Fisch","묵직한 물고기","","False","ItSe_GoldFisch.name","",""
"Scripts/Content/Items/IT_Secrets.d:51","","","","","ItSe_GoldFisch.text[0]","",""
"Scripts/Content/Items/IT_Secrets.d:52","","","","","ItSe_GoldFisch.text[1]","",""
"Scripts/Content/Items/IT_Secrets.d:53","Irgendwas ist in diesem Fisch versteckt","이 물고기 안에는 무언가 숨겨져 있다.","","False","ItSe_GoldFisch.text[2]","",""
"Scripts/Content/Items/IT_Secrets.d:67","Kleiner Fisch","작은 물고기","","False","ItSe_Ringfisch.name","",""
"Scripts/Content/Items/IT_Secrets.d:81","","","","","ItSe_Ringfisch.text[0]","",""
"Scripts/Content/Items/IT_Secrets.d:82","","","","","ItSe_Ringfisch.text[1]","",""
"Scripts/Content/Items/IT_Secrets.d:83","Irgendwas ist in diesem Fisch versteckt","이 물고기 안에는 무언가 숨겨져 있다.","","False","ItSe_Ringfisch.text[2]","",""
"Scripts/Content/Items/IT_Secrets.d:97","Leichter Fisch","가벼운 물고기","","False","ItSe_LockpickFisch.name","",""
"Scripts/Content/Items/IT_Secrets.d:111","","","","","ItSe_LockpickFisch.text[0]","",""
"Scripts/Content/Items/IT_Secrets.d:112","","","","","ItSe_LockpickFisch.text[1]","",""
"Scripts/Content/Items/IT_Secrets.d:113","Irgendwas ist in diesem Fisch versteckt","이 물고기 안에는 무언가 숨겨져 있다.","","False","ItSe_LockpickFisch.text[2]","",""
"Scripts/Content/Items/IT_Secrets.d:129","Lederbeutel","가죽 주머니","","False","ItSe_GoldPocket25.name","",""
"Scripts/Content/Items/IT_Secrets.d:142","Ein Lederbeutel","가죽 주머니.","","False","ItSe_GoldPocket25.description","",""
"Scripts/Content/Items/IT_Secrets.d:143","","","","","ItSe_GoldPocket25.text[0]","",""
"Scripts/Content/Items/IT_Secrets.d:144","","","","","ItSe_GoldPocket25.text[1]","",""
"Scripts/Content/Items/IT_Secrets.d:145","Ein paar Münzen klimpern darin","주머니 안에서 동전 몇 닢이 달그락거린다.","","False","ItSe_GoldPocket25.text[2]","",""
"Scripts/Content/Items/IT_Secrets.d:146","","","","","ItSe_GoldPocket25.text[3]","",""
"Scripts/Content/Items/IT_Secrets.d:147","","","","","ItSe_GoldPocket25.text[4]","",""
"Scripts/Content/Items/IT_Secrets.d:159","Lederbeutel","가죽 주머니","","False","ItSe_GoldPocket50.name","",""
"Scripts/Content/Items/IT_Secrets.d:172","Ein Lederbeutel","가죽 주머니.","","False","ItSe_GoldPocket50.description","",""
"Scripts/Content/Items/IT_Secrets.d:173","","","","","ItSe_GoldPocket50.text[0]","",""
"Scripts/Content/Items/IT_Secrets.d:174","","","","","ItSe_GoldPocket50.text[1]","",""
"Scripts/Content/Items/IT_Secrets.d:175","Der Beutel ist voller Münzen","주머니에 동전이 가득 들어 있다.","","False","ItSe_GoldPocket50.text[2]","",""
"Scripts/Content/Items/IT_Secrets.d:176","","","","","ItSe_GoldPocket50.text[3]","",""
"Scripts/Content/Items/IT_Secrets.d:177","","","","","ItSe_GoldPocket50.text[4]","",""
"Scripts/Content/Items/IT_Secrets.d:189","Lederbeutel","가죽 주머니","","False","ItSe_GoldPocket100.name","",""
"Scripts/Content/Items/IT_Secrets.d:202","Ein Lederbeutel","가죽 주머니.","","False","ItSe_GoldPocket100.description","",""
"Scripts/Content/Items/IT_Secrets.d:203","","","","","ItSe_GoldPocket100.text[0]","",""
"Scripts/Content/Items/IT_Secrets.d:204","","","","","ItSe_GoldPocket100.text[1]","",""
"Scripts/Content/Items/IT_Secrets.d:205","Ein schwerer Beutel","묵직한 주머니 안에는","","False","ItSe_GoldPocket100.text[2]","",""
"Scripts/Content/Items/IT_Secrets.d:206","gefüllt mit goldenen Münzen","금화가 가득 들어 있다.","","False","ItSe_GoldPocket100.text[3]","",""
"Scripts/Content/Items/IT_Secrets.d:207","","","","","ItSe_GoldPocket100.text[4]","",""
"Scripts/Content/Items/IT_Secrets.d:219","Lederbeutel","가죽 주머니","","False","ItSe_HannasBeutel.name","",""
"Scripts/Content/Items/IT_Secrets.d:232","Ein Lederbeutel","가죽 주머니.","","False","ItSe_HannasBeutel.description","",""
"Scripts/Content/Items/IT_Secrets.d:233","","","","","ItSe_HannasBeutel.text[0]","",""
"Scripts/Content/Items/IT_Secrets.d:234","","","","","ItSe_HannasBeutel.text[1]","",""
"Scripts/Content/Items/IT_Secrets.d:235","Hanna hat ihn mir gegeben","한나","","False","ItSe_HannasBeutel.text[2]","",""
"Scripts/Content/Items/IT_Secrets.d:236","","","","","ItSe_HannasBeutel.text[3]","",""
"Scripts/Content/Items/IT_Secrets.d:237","","","","","ItSe_HannasBeutel.text[4]","",""
"Scripts/Content/Items/IT_Torch.d:12","Fackel","횃불","","False","ItLsTorch.name","",""
"Scripts/Content/Items/IT_Torch.d:23","","","","","ItLsTorch.text[0]","",""
"Scripts/Content/Items/IT_Torch.d:24","","","","","ItLsTorch.text[1]","",""
"Scripts/Content/Items/IT_Torch.d:25","","","","","ItLsTorch.text[2]","",""
"Scripts/Content/Items/IT_Torch.d:26","Eine Fackel","횃불 하나.","","False","ItLsTorch.text[3]","",""
"Scripts/Content/Items/IT_Torch.d:27","","","","","ItLsTorch.text[4]","",""
"Scripts/Content/Items/IT_Torch.d:34","Brennende Fackel","타오르는 횃불","","False","ItLsTorchburning.name","",""
"Scripts/Content/Items/IT_Torch.d:45","","","","","ItLsTorchburning.text[0]","",""
"Scripts/Content/Items/IT_Torch.d:46","","","","","ItLsTorchburning.text[1]","",""
"Scripts/Content/Items/IT_Torch.d:47","","","","","ItLsTorchburning.text[2]","",""
"Scripts/Content/Items/IT_Torch.d:48","Eine Fackel","횃불 하나.","","False","ItLsTorchburning.text[3]","",""
"Scripts/Content/Items/IT_Torch.d:54","Fackel","횃불","","False","ItLsTorchburned.name","",""
"Scripts/Content/Items/IT_Torch.d:65","","","","","ItLsTorchburned.text[0]","",""
"Scripts/Content/Items/IT_Torch.d:66","","","","","ItLsTorchburned.text[1]","",""
"Scripts/Content/Items/IT_Torch.d:67","","","","","ItLsTorchburned.text[2]","",""
"Scripts/Content/Items/IT_Torch.d:68","Eine ausgebrannte Fackel","다 타버린 횃불.","","False","ItLsTorchburned.text[3]","",""
"Scripts/Content/Items/IT_Torch.d:77","Fackel","횃불","","False","ItLsTorchFirespit.name","",""
"Scripts/Content/Items/IT_Torch.d:90","","","","","ItLsTorchFirespit.text[0]","",""
"Scripts/Content/Items/IT_Torch.d:91","","","","","ItLsTorchFirespit.text[1]","",""
"Scripts/Content/Items/IT_Torch.d:92","","","","","ItLsTorchFirespit.text[2]","",""
"Scripts/Content/Items/IT_Torch.d:93","","","","","ItLsTorchFirespit.text[3]","",""
"Scripts/Content/Items/IT_Written.d:7","Brief","편지","","False","StandardBrief.name","",""
"Scripts/Content/Items/IT_Written.d:20","StandardBrief","일반 편지","","False","StandardBrief.description","",""
"Scripts/Content/Items/IT_Written.d:21","","","","","StandardBrief.text[0]","",""
"Scripts/Content/Items/IT_Written.d:22","","","","","StandardBrief.text[1]","",""
"Scripts/Content/Items/IT_Written.d:23","","","","","StandardBrief.text[2]","",""
"Scripts/Content/Items/IT_Written.d:24","","","","","StandardBrief.text[3]","",""
"Scripts/Content/Items/IT_Written.d:25","","","","","StandardBrief.text[4]","",""
"Scripts/Content/Items/IT_Written.d:26","","","","","StandardBrief.text[5]","",""
"Scripts/Content/Items/IT_Written.d:29","StandardBrief","일반 편지","","False","StandardBrief_1","",""
"Scripts/Content/Items/IT_Written.d:30","Bla blaBla blaBla blaBla blaBla blaBla blaBla blaBla blaBla blaBla blaBla blaBla blaBla blaBla blaBla blaBla blaBla blaBla blaBla bla","블라 블라블라 블라블라 블라블라 블라블라 블라블라 블라블라 블라블라 블라블라 블라블라 블라블라 블라블라 블라블라 블라블라 블라블라 블라블라 블라블라 블라블라 블라블라 블라블라 블라블라 블라블라 블라블라","","False","StandardBrief_2","",""
"Scripts/Content/Items/IT_Written.d:54","StandardBuch","일반 책","","False","StandardBuch.name","",""
"Scripts/Content/Items/IT_Written.d:68","","","","","StandardBuch.text[0]","",""
"Scripts/Content/Items/IT_Written.d:69","","","","","StandardBuch.text[1]","",""
"Scripts/Content/Items/IT_Written.d:70","","","","","StandardBuch.text[2]","",""
"Scripts/Content/Items/IT_Written.d:71","","","","","StandardBuch.text[3]","",""
"Scripts/Content/Items/IT_Written.d:72","","","","","StandardBuch.text[4]","",""
"Scripts/Content/Items/IT_Written.d:76","StandardBuch Seite 1","일반 책 1쪽","","False","StandardBuch_1","",""
"Scripts/Content/Items/IT_Written.d:77","Bla blaBla blaBla blaBla blaBla blaBla blaBla blaBla blaBla blaBla blaBla blaBla blaBla blaBla blaBla blaBla blaBla blaBla blaBla bla","블라 블라블라 블라블라 블라블라 블라블라 블라블라 블라블라 블라블라 블라블라 블라블라 블라블라 블라블라 블라블라 블라블라 블라블라 블라블라 블라블라 블라블라 블라블라 블라블라 블라블라 블라블라 블라블라","","False","StandardBuch_2","",""
"Scripts/Content/Items/IT_Written.d:78","Bla blaBla blaBla blaBla blaBla blaBla blaBla blaBla blaBla blaBla bBla blaBla blaBla blaBlaBla blaBla blaBla blaBla blaBla blaBla blaBla blaBla blaBla blaBla blaBla blaBla blaBla blaBla blaBla bla","블라 블라블라 블라블라 블라블라 블라블라 블라블라 블라블라 블라블라 블라블라 블라블라 블라블라 블라블라 블라블라 블라블라 블라블라 블라블라 블라블라 블라블라 블라블라 블라블라 블라블라 블라블라 블라블라 블라블라","","False","StandardBuch_3","",""
"Scripts/Content/Items/IT_Written.d:79","StandardBuch Seite 2","일반 책 2쪽","","False","StandardBuch_4","",""
"Scripts/Content/Items/IT_Written.d:127","Landkarte Khorinis","코리니스 전체 지도","","False","ItWr_Map_NewWorld.name","",""
"Scripts/Content/Items/IT_Written.d:141","","","","","ItWr_Map_NewWorld.text[0]","",""
"Scripts/Content/Items/IT_Written.d:142","","","","","ItWr_Map_NewWorld.text[1]","",""
"Scripts/Content/Items/IT_Written.d:143","","","","","ItWr_Map_NewWorld.text[2]","",""
"Scripts/Content/Items/IT_Written.d:144","","","","","ItWr_Map_NewWorld.text[3]","",""
"Scripts/Content/Items/IT_Written.d:145","","","","","ItWr_Map_NewWorld.text[4]","",""
"Scripts/Content/Items/IT_Written.d:167","Stadtkarte Khorinis","코리니스 시 지도","","False","ItWr_Map_NewWorld_City.name","",""
"Scripts/Content/Items/IT_Written.d:181","","","","","ItWr_Map_NewWorld_City.text[0]","",""
"Scripts/Content/Items/IT_Written.d:182","","","","","ItWr_Map_NewWorld_City.text[1]","",""
"Scripts/Content/Items/IT_Written.d:183","","","","","ItWr_Map_NewWorld_City.text[2]","",""
"Scripts/Content/Items/IT_Written.d:184","","","","","ItWr_Map_NewWorld_City.text[3]","",""
"Scripts/Content/Items/IT_Written.d:185","","","","","ItWr_Map_NewWorld_City.text[4]","",""
"Scripts/Content/Items/IT_Written.d:207","Landkarte Minental","광산 계곡 지도","","False","ItWr_Map_OldWorld.name","",""
"Scripts/Content/Items/IT_Written.d:221","","","","","ItWr_Map_OldWorld.text[0]","",""
"Scripts/Content/Items/IT_Written.d:222","","","","","ItWr_Map_OldWorld.text[1]","",""
"Scripts/Content/Items/IT_Written.d:223","","","","","ItWr_Map_OldWorld.text[2]","",""
"Scripts/Content/Items/IT_Written.d:224","","","","","ItWr_Map_OldWorld.text[3]","",""
"Scripts/Content/Items/IT_Written.d:225","","","","","ItWr_Map_OldWorld.text[4]","",""
"Scripts/Content/Items/IT_Written.d:252","Kampfkunst","전투술","","False","ItWr_EinhandBuch.name","",""
"Scripts/Content/Items/IT_Written.d:265","Die südländische Verteidigung","남방식 방어술","","False","ItWr_EinhandBuch.description","",""
"Scripts/Content/Items/IT_Written.d:266","","","","","ItWr_EinhandBuch.text[0]","",""
"Scripts/Content/Items/IT_Written.d:267","","","","","ItWr_EinhandBuch.text[1]","",""
"Scripts/Content/Items/IT_Written.d:268","Ein Lehrbuch zum Kampf","한손 무기 전투술에 관한","","False","ItWr_EinhandBuch.text[2]","",""
"Scripts/Content/Items/IT_Written.d:269","mit Einhandwaffen","교본.","","False","ItWr_EinhandBuch.text[3]","",""
"Scripts/Content/Items/IT_Written.d:270","","","","","ItWr_EinhandBuch.text[4]","",""
"Scripts/Content/Items/IT_Written.d:274","Die südländische Verteidigung","남방식 방어술","","False","EinhandBuch_1","",""
"Scripts/Content/Items/IT_Written.d:275","Der Südländer kämpft nun mehr weniger mit der Kraft des Nordmannes, als mit seiner Behendigkeit. Denn im heißen Klima seiner Heimat, bevorzugt er leichte Rüstungen welche ihm mehr Beweglichkeit erlauben. Durch diesen Umstand hat der Südländer einen ihm angepassten Kampstil entwickelt, der sich auf fundamentale Weise von den uns bekannten unterscheidet. ","남쪽 사람들은 북쪽 사람들의 힘보다는 날렵함을 믿고 싸운다. 고향의 더운 기후 탓에 그들은 좀 더 민첩하게 움직일 수 있는 가벼운 방어구를 선호한다. 이러한 환경 덕분에 남쪽 사람들은 우리에게 익숙한 것과 완전히 다른 독자적인 전투 방식을 발전시켰다. ","","False","EinhandBuch_2","",""
"Scripts/Content/Items/IT_Written.d:276","Das wohl bekannnteste Manöver des Südländers ist wohl der einarmige Block mit rückwärtigen Ausfallschritt. Durch den Ausfallschritt gelingt es ihm, die Kraft des gegnerischen Angriffes zu mildern und so eine hervorragende Ausgangsposition zu erlangen, die zum direkten Gegenangriff genutzt werden kann.","남쪽 사람들이 사용하는 가장 유명한 기술은 한 손으로 방어하며 뒤로 물러서는 동작일 것이다. 뒷걸음질을 치며 상대의 공격을 완화하고, 동시에 곧바로 반격할 수 있는 훌륭한 자세를 취할 수 있다.","","False","EinhandBuch_3","",""
"Scripts/Content/Items/IT_Written.d:319","Kampftaktik ","전투 전술 ","","False","ItWr_ZweihandBuch.name","",""
"Scripts/Content/Items/IT_Written.d:332","Der Doppelblock","이중 방어","","False","ItWr_ZweihandBuch.description","",""
"Scripts/Content/Items/IT_Written.d:333","","","","","ItWr_ZweihandBuch.text[0]","",""
"Scripts/Content/Items/IT_Written.d:334","","","","","ItWr_ZweihandBuch.text[1]","",""
"Scripts/Content/Items/IT_Written.d:335","Ein Lehrbuch zum Kampf","한손 무기 전투술에 관한","","False","ItWr_ZweihandBuch.text[2]","",""
"Scripts/Content/Items/IT_Written.d:336","mit Zweihandwaffen","양손 무기 전투술 교본.","","False","ItWr_ZweihandBuch.text[3]","",""
"Scripts/Content/Items/IT_Written.d:337","","","","","ItWr_ZweihandBuch.text[4]","",""
"Scripts/Content/Items/IT_Written.d:341","Der Doppelblock","이중 방어","","False","ZweihandBuch_1","",""
"Scripts/Content/Items/IT_Written.d:342","Das Abblocken der gegnerischen Klinge, mit einer beidhändig geführten Waffe, kann bei ausreichender Kraft dazu genutzt werden, sämtlichen Schwung des Angriffes aufzuhalten und den Gegner zu zwingen seien begonnene Kombination abrupt zu beenden. ","양손으로 무기를 휘둘러 적의 칼날을 막아내는 것은, 충분한 힘만 있다면 공격의 모든 기세를 꺾고 상대가 연속 공격을 갑자기 중단하도록 강제할 수 있는 숙련된 전사들의 방법이다. ","","False","ZweihandBuch_2","",""
"Scripts/Content/Items/IT_Written.d:343","Die daraufhin meist folgende Stagnation des Gegners sollte entschlossen genutzt werden, um selbst die Initiative zu ergreifen und den Gegner mit gekonnten Schlägen in die Niederlage zu treiben.    ","대개의 경우 상대의 움직임이 멈추는 이 틈을 타 주도권을 잡고 숙련된 일격으로 적을 무찌를 수 있다.    ","","False","ZweihandBuch_3","",""
"Scripts/Content/Items/MissionItems_1.d:18","","","","","ItKe_Xardas.text[0]","",""
"Scripts/Content/Items/MissionItems_1.d:19","","","","","ItKe_Xardas.text[1]","",""
"Scripts/Content/Items/MissionItems_1.d:20","Ein Truhenschlüssel","상자 열쇠","","False","ItKe_Xardas.text[2]","",""
"Scripts/Content/Items/MissionItems_1.d:21","von Xardas","자다스","","False","ItKe_Xardas.text[3]","",""
"Scripts/Content/Items/MissionItems_1.d:30","Brief","편지","","False","ItWr_Canthars_KomproBrief_MIS.name","",""
"Scripts/Content/Items/MissionItems_1.d:43","Canthars Brief für die Händlerin Sarah","상인 사라에게 보낸 캔타르의 편지.","","False","ItWr_Canthars_KomproBrief_MIS.description","",""
"Scripts/Content/Items/MissionItems_1.d:44","","","","","ItWr_Canthars_KomproBrief_MIS.text[0]","",""
"Scripts/Content/Items/MissionItems_1.d:45","","","","","ItWr_Canthars_KomproBrief_MIS.text[1]","",""
"Scripts/Content/Items/MissionItems_1.d:46","","","","","ItWr_Canthars_KomproBrief_MIS.text[2]","",""
"Scripts/Content/Items/MissionItems_1.d:47","","","","","ItWr_Canthars_KomproBrief_MIS.text[3]","",""
"Scripts/Content/Items/MissionItems_1.d:48","","","","","ItWr_Canthars_KomproBrief_MIS.text[4]","",""
"Scripts/Content/Items/MissionItems_1.d:49","","","","","ItWr_Canthars_KomproBrief_MIS.text[5]","",""
"Scripts/Content/Items/MissionItems_1.d:52"," Letzte Ermahnung"," 마지막 경고","","False","Canthars_KomproBrief_1","",""
"Scripts/Content/Items/MissionItems_1.d:53"," Ich habe dir schon mehrere Male auf"," 나는 이미 여러 번 가장","","False","Canthars_KomproBrief_2","",""
"Scripts/Content/Items/MissionItems_1.d:54"," liebenswürdigste Weise mitgeteilt,"," 친근한 태도로 경고했다,","","False","Canthars_KomproBrief_3","",""
"Scripts/Content/Items/MissionItems_1.d:55"," daß ich die Waffen, die ich bei dir"," 내가 일주일 전에 네게 주문한 무기를","","False","Canthars_KomproBrief_4","",""
"Scripts/Content/Items/MissionItems_1.d:56"," vor einer Woche bestellt habe, dringend"," 간절히 필요로 하고","","False","Canthars_KomproBrief_5","",""
"Scripts/Content/Items/MissionItems_1.d:57"," brauche."," 있다는 것을.","","False","Canthars_KomproBrief_6","",""
"Scripts/Content/Items/MissionItems_1.d:58"," Wenn ich nicht bald, etwas von dir höre,"," 네 소식이 곧 들려오지 않는다면,","","False","Canthars_KomproBrief_7","",""
"Scripts/Content/Items/MissionItems_1.d:59"," Sarah, dann sehe ich mich gezwungen,"," 사라, 나는 태도를 바꿀 수밖에 없을","","False","Canthars_KomproBrief_8","",""
"Scripts/Content/Items/MissionItems_1.d:60"," andere Seiten auf zu ziehen. Ich hoffe,"," 것이다. 그러니 생각을 고쳐먹고,","","False","Canthars_KomproBrief_9","",""
"Scripts/Content/Items/MissionItems_1.d:61"," wir verstehen uns!!!!!!!!!!!!"," 서로 잘 지내기 바란다!!!!!!!!!!","","False","Canthars_KomproBrief_10","",""
"Scripts/Content/Items/MissionItems_1.d:62","     Onar","     오나르","","False","Canthars_KomproBrief_11","",""
"Scripts/Content/Items/MissionItems_1.d:99","Rod's Zweihänder","로드의 양손검","","False","ItMw_2h_Rod.name","",""
"Scripts/Content/Items/MissionItems_1.d:117","","","","","ItMw_2h_Rod.text[0]","",""
"Scripts/Content/Items/MissionItems_1.d:118","","","","","ItMw_2h_Rod.text[1]","",""
"Scripts/Content/Items/MissionItems_1.d:130","Coragons Silber","코라곤의 은식기","","False","ItMi_CoragonsSilber.name","",""
"Scripts/Content/Items/MissionItems_1.d:141","","","","","ItMi_CoragonsSilber.text[0]","",""
"Scripts/Content/Items/MissionItems_1.d:142","","","","","ItMi_CoragonsSilber.text[1]","",""
"Scripts/Content/Items/MissionItems_1.d:143","","","","","ItMi_CoragonsSilber.text[2]","",""
"Scripts/Content/Items/MissionItems_1.d:144","","","","","ItMi_CoragonsSilber.text[3]","",""
"Scripts/Content/Items/MissionItems_1.d:145","","","","","ItMi_CoragonsSilber.text[4]","",""
"Scripts/Content/Items/MissionItems_1.d:154","Theklas Päckchen","테클라의 꾸러미","","False","ItMi_TheklasPaket.name","",""
"Scripts/Content/Items/MissionItems_1.d:168","","","","","ItMi_TheklasPaket.text[0]","",""
"Scripts/Content/Items/MissionItems_1.d:169","","","","","ItMi_TheklasPaket.text[1]","",""
"Scripts/Content/Items/MissionItems_1.d:170","","","","","ItMi_TheklasPaket.text[2]","",""
"Scripts/Content/Items/MissionItems_1.d:171","","","","","ItMi_TheklasPaket.text[3]","",""
"Scripts/Content/Items/MissionItems_1.d:172","","","","","ItMi_TheklasPaket.text[4]","",""
"Scripts/Content/Items/MissionItems_1.d:191","Schwerer Goldteller","무거운 금 접시","","False","ItMi_MariasGoldPlate.name","",""
"Scripts/Content/Items/MissionItems_1.d:202","","","","","ItMi_MariasGoldPlate.text[0]","",""
"Scripts/Content/Items/MissionItems_1.d:203","","","","","ItMi_MariasGoldPlate.text[1]","",""
"Scripts/Content/Items/MissionItems_1.d:204","Auf der Teller sind die Namen","접시에는","","False","ItMi_MariasGoldPlate.text[2]","",""
"Scripts/Content/Items/MissionItems_1.d:205","Onar und Maria eingraviert.","오나르와 마리아라는 이름이 새겨져 있다.","","False","ItMi_MariasGoldPlate.text[3]","",""
"Scripts/Content/Items/MissionItems_1.d:206","","","","","ItMi_MariasGoldPlate.text[4]","",""
"Scripts/Content/Items/MissionItems_1.d:233","Valentinos Ring","발렌티노의 반지","","False","ItRi_ValentinosRing.description","",""
"Scripts/Content/Items/MissionItems_1.d:234","","","","","ItRi_ValentinosRing.text[0]","",""
"Scripts/Content/Items/MissionItems_1.d:235","","","","","ItRi_ValentinosRing.text[1]","",""
"Scripts/Content/Items/MissionItems_1.d:237","","","","","ItRi_ValentinosRing.text[3]","",""
"Scripts/Content/Items/MissionItems_1.d:238","","","","","ItRi_ValentinosRing.text[4]","",""
"Scripts/Content/Items/MissionItems_1.d:274","","","","","ItKe_Dexter.text[0]","",""
"Scripts/Content/Items/MissionItems_1.d:275","","","","","ItKe_Dexter.text[1]","",""
"Scripts/Content/Items/MissionItems_1.d:276","Ein Truhenschlüssel","상자 열쇠","","False","ItKe_Dexter.text[2]","",""
"Scripts/Content/Items/MissionItems_1.d:277","von Dexter","덱스터의 것","","False","ItKe_Dexter.text[3]","",""
"Scripts/Content/Items/MissionItems_1.d:286","Liste","목록","","False","ItWr_Kraeuterliste.name","",""
"Scripts/Content/Items/MissionItems_1.d:299","Constantinos Kräuterliste","콘스탄티노의 약초 목록","","False","ItWr_Kraeuterliste.description","",""
"Scripts/Content/Items/MissionItems_1.d:300","","","","","ItWr_Kraeuterliste.text[0]","",""
"Scripts/Content/Items/MissionItems_1.d:301","","","","","ItWr_Kraeuterliste.text[1]","",""
"Scripts/Content/Items/MissionItems_1.d:302","","","","","ItWr_Kraeuterliste.text[2]","",""
"Scripts/Content/Items/MissionItems_1.d:303","","","","","ItWr_Kraeuterliste.text[3]","",""
"Scripts/Content/Items/MissionItems_1.d:304","","","","","ItWr_Kraeuterliste.text[4]","",""
"Scripts/Content/Items/MissionItems_1.d:305","","","","","ItWr_Kraeuterliste.text[5]","",""
"Scripts/Content/Items/MissionItems_1.d:308","Alchemistische Kräuter","연금술 약초","","False","Kraeuterliste_1","",""
"Scripts/Content/Items/MissionItems_1.d:309","Heilpflanze","힐링 플랜트","","False","Kraeuterliste_2","",""
"Scripts/Content/Items/MissionItems_1.d:310","Heilkraut","힐링 허브","","False","Kraeuterliste_3","",""
"Scripts/Content/Items/MissionItems_1.d:311","Heilwurzel","힐링 루트","","False","Kraeuterliste_4","",""
"Scripts/Content/Items/MissionItems_1.d:312","Feuernessel","파이어 네틀","","False","Kraeuterliste_5","",""
"Scripts/Content/Items/MissionItems_1.d:313","Feuerkraut","파이어위드","","False","Kraeuterliste_6","",""
"Scripts/Content/Items/MissionItems_1.d:314","Feuerwurzel","파이어 루트","","False","Kraeuterliste_7","",""
"Scripts/Content/Items/MissionItems_1.d:315","Goblin Beere","고블린 베리","","False","Kraeuterliste_8","",""
"Scripts/Content/Items/MissionItems_1.d:316","Drachenwurzel","드래곤루트","","False","Kraeuterliste_9","",""
"Scripts/Content/Items/MissionItems_1.d:317","Snapperkraut","스내퍼위드","","False","Kraeuterliste_10","",""
"Scripts/Content/Items/MissionItems_1.d:318","Feldknöterich","미도우 놋위드","","False","Kraeuterliste_11","",""
"Scripts/Content/Items/MissionItems_1.d:319","Kronstöckl","킹스 소럴","","False","Kraeuterliste_12","",""
"Scripts/Content/Items/MissionItems_1.d:320","Anmerkung: Lass dir doch von einem Lehrlings - Anwärter die Pflanzen bringen, dann weißt du ob er was taugt. ","참고: 견습생 지원자에게 이 약초들을 가져오게 해 보게. 그러면 쓸 만한 녀석인지 알 수 있을 걸세. ","","False","Kraeuterliste_13","",""
"Scripts/Content/Items/MissionItems_1.d:321","Gruß, Zuris","안부를 전하며, 쥬리스","","False","Kraeuterliste_14","",""
"Scripts/Content/Items/MissionItems_1.d:361","Rezept","레시피","","False","ItWr_ManaRezept.name","",""
"Scripts/Content/Items/MissionItems_1.d:374","Rezept der magischen Essenz","마법 정수 레시피.","","False","ItWr_ManaRezept.description","",""
"Scripts/Content/Items/MissionItems_1.d:375","","","","","ItWr_ManaRezept.text[0]","",""
"Scripts/Content/Items/MissionItems_1.d:376","","","","","ItWr_ManaRezept.text[1]","",""
"Scripts/Content/Items/MissionItems_1.d:377","","","","","ItWr_ManaRezept.text[2]","",""
"Scripts/Content/Items/MissionItems_1.d:378","","","","","ItWr_ManaRezept.text[3]","",""
"Scripts/Content/Items/MissionItems_1.d:379","","","","","ItWr_ManaRezept.text[4]","",""
"Scripts/Content/Items/MissionItems_1.d:380","","","","","ItWr_ManaRezept.text[5]","",""
"Scripts/Content/Items/MissionItems_1.d:383","Magische Tränke","마법 포션","","False","ManaRezept_1","",""
"Scripts/Content/Items/MissionItems_1.d:384","Zur Herstellung von Tränken der magischen Kraft, benötigt der kundige Alchemist:","마법력 포션을 만들려면 숙련된 연금술사에게 다음 재료가 필요하다:","","False","ManaRezept_2","",""
"Scripts/Content/Items/MissionItems_1.d:385","Feuernessel","파이어 네틀","","False","ManaRezept_3","",""
"Scripts/Content/Items/MissionItems_1.d:386","Feuerkraut","파이어위드","","False","ManaRezept_4","",""
"Scripts/Content/Items/MissionItems_1.d:387","Feuerwurzel","파이어 루트","","False","ManaRezept_5","",""
"Scripts/Content/Items/MissionItems_1.d:388","Dazu braucht er jeweils eine Pflanze ","거기에 다음 약초 한 포기도 필요하다. ","","False","ManaRezept_6","",""
"Scripts/Content/Items/MissionItems_1.d:389","Feldknöterich","미도우 놋위드","","False","ManaRezept_7","",""
"Scripts/Content/Items/MissionItems_1.d:390","Meister Neoras ","스승 니오라스 ","","False","ManaRezept_8","",""
"Scripts/Content/Items/MissionItems_1.d:422","Passierschein","통행증","","False","ItWr_Passierschein.name","",""
"Scripts/Content/Items/MissionItems_1.d:436","","","","","ItWr_Passierschein.text[0]","",""
"Scripts/Content/Items/MissionItems_1.d:437","","","","","ItWr_Passierschein.text[1]","",""
"Scripts/Content/Items/MissionItems_1.d:438","","","","","ItWr_Passierschein.text[2]","",""
"Scripts/Content/Items/MissionItems_1.d:439","Mit diesem Schein","이 통행증이 있으면","","False","ItWr_Passierschein.text[3]","",""
"Scripts/Content/Items/MissionItems_1.d:440","komme ich an den Stadtwachen vorbei.","도시 경비병들을 지나갈 수 있다.","","False","ItWr_Passierschein.text[4]","",""
"Scripts/Content/Items/MissionItems_1.d:443","     Passierschein","     통행증","","False","Passierschein_1","",""
"Scripts/Content/Items/MissionItems_1.d:444","         Khorinis","         코리니스","","False","Passierschein_2","",""
"Scripts/Content/Items/MissionItems_1.d:445"," Diese Urkunde berechtigt seinen"," 이 증서는 소지자에게","","False","Passierschein_3","",""
"Scripts/Content/Items/MissionItems_1.d:446"," Besitzer, sich auf unbestimmte Zeit in den"," 코리니스의 하층 지구에","","False","Passierschein_4","",""
"Scripts/Content/Items/MissionItems_1.d:447"," unteren Vierteln von Khorinis aufzuhalten."," 무기한 머무를 권리를 부여한다.","","False","Passierschein_5","",""
"Scripts/Content/Items/MissionItems_1.d:448","     Larius","     라리우스","","False","Passierschein_6","",""
"Scripts/Content/Items/MissionItems_1.d:449","     königlicher Statthalter","     왕실 총독","","False","Passierschein_7","",""
"Scripts/Content/Items/MissionItems_1.d:487","Kraut- Paket","늪초 꾸러미","","False","ItMi_HerbPaket.name","",""
"Scripts/Content/Items/MissionItems_1.d:498","","","","","ItMi_HerbPaket.text[0]","",""
"Scripts/Content/Items/MissionItems_1.d:499","","","","","ItMi_HerbPaket.text[1]","",""
"Scripts/Content/Items/MissionItems_1.d:500","Ein schweres, klebriges Paket,","무겁고 끈적거리는 꾸러미로,","","False","ItMi_HerbPaket.text[2]","",""
"Scripts/Content/Items/MissionItems_1.d:501","das nach Sumpfkraut stinkt","늪초 냄새가 지독하게 난다.","","False","ItMi_HerbPaket.text[3]","",""
"Scripts/Content/Items/MissionItems_1.d:502","","","","","ItMi_HerbPaket.text[4]","",""
"Scripts/Content/Items/MissionItems_1.d:512","Lagerhaus- Schlüssel","창고 열쇠","","False","ItKe_Storage.name","",""
"Scripts/Content/Items/MissionItems_1.d:523","","","","","ItKe_Storage.text[0]","",""
"Scripts/Content/Items/MissionItems_1.d:524","","","","","ItKe_Storage.text[1]","",""
"Scripts/Content/Items/MissionItems_1.d:525","Der Schlüssel vom","항구에 있는","","False","ItKe_Storage.text[2]","",""
"Scripts/Content/Items/MissionItems_1.d:526","Lagerhaus am Hafen","창고의 열쇠.","","False","ItKe_Storage.text[3]","",""
"Scripts/Content/Items/MissionItems_1.d:536","Hering","청어 한 마리.","","False","ItFo_SmellyFish.name","",""
"Scripts/Content/Items/MissionItems_1.d:549","Ein Hering","청어 한 마리.","","False","ItFo_SmellyFish.description","",""
"Scripts/Content/Items/MissionItems_1.d:550","","","","","ItFo_SmellyFish.text[0]","",""
"Scripts/Content/Items/MissionItems_1.d:552","","","","","ItFo_SmellyFish.text[2]","",""
"Scripts/Content/Items/MissionItems_1.d:553","","","","","ItFo_SmellyFish.text[3]","",""
"Scripts/Content/Items/MissionItems_1.d:554","","","","","ItFo_SmellyFish.text[4]","",""
"Scripts/Content/Items/MissionItems_1.d:569","Seltsamer Fisch","이상한 물고기","","False","ItFo_HalvorFish_MIS.name","",""
"Scripts/Content/Items/MissionItems_1.d:582","Seltsam aussehender Fisch","이상하게 생긴 물고기.","","False","ItFo_HalvorFish_MIS.description","",""
"Scripts/Content/Items/MissionItems_1.d:583","","","","","ItFo_HalvorFish_MIS.text[0]","",""
"Scripts/Content/Items/MissionItems_1.d:584","","","","","ItFo_HalvorFish_MIS.text[1]","",""
"Scripts/Content/Items/MissionItems_1.d:585","Irgendwas stimmt nicht mit diesem Fisch.","이 물고기, 뭔가 이상하다.","","False","ItFo_HalvorFish_MIS.text[2]","",""
"Scripts/Content/Items/MissionItems_1.d:586","Sieht aus, als wäre er zugenäht...","꿰매 놓은 것 같은데...","","False","ItFo_HalvorFish_MIS.text[3]","",""
"Scripts/Content/Items/MissionItems_1.d:601","Stinkender Zettel","악취 나는 쪽지","","False","ItWr_HalvorMessage.name","",""
"Scripts/Content/Items/MissionItems_1.d:615","","","","","ItWr_HalvorMessage.text[0]","",""
"Scripts/Content/Items/MissionItems_1.d:616","","","","","ItWr_HalvorMessage.text[1]","",""
"Scripts/Content/Items/MissionItems_1.d:617","Dieser Zettel war in einem Fisch versteckt","이 쪽지는 물고기 안에 숨겨져 있었다.","","False","ItWr_HalvorMessage.text[2]","",""
"Scripts/Content/Items/MissionItems_1.d:620"," Haltet euren Hintern unten Jungs! "," 다들 얌전히 있어라, 얘들아! ","","False","HalvorMessage_1","",""
"Scripts/Content/Items/MissionItems_1.d:621"," Die Miliz ist aufmerksam geworden."," 민병대가 눈치를 챘다.","","False","HalvorMessage_2","",""
"Scripts/Content/Items/MissionItems_1.d:622"," Keine Überfälle mehr, bis ich mich wieder melde!"," 내가 다시 연락할 때까지 습격은 중단해!","","False","HalvorMessage_3","",""
"Scripts/Content/Items/MissionItems_1.d:623","     Halvor","     할보르","","False","HalvorMessage_4","",""
"Scripts/Content/Items/MissionItems_1.d:687","Alrik´s Schwert","알릭의 검","","False","ItMw_AlriksSword_Mis.name","",""
"Scripts/Content/Items/MissionItems_1.d:708","","","","","ItMw_AlriksSword_Mis.text[0]","",""
"Scripts/Content/Items/MissionItems_1.d:709","","","","","ItMw_AlriksSword_Mis.text[1]","",""
"Scripts/Content/Items/MissionItems_1.d:732","Versiegelte Botschaft","봉인된 전언","","False","ItWr_VatrasMessage.name","",""
"Scripts/Content/Items/MissionItems_1.d:746","","","","","ItWr_VatrasMessage.text[0]","",""
"Scripts/Content/Items/MissionItems_1.d:747","","","","","ItWr_VatrasMessage.text[1]","",""
"Scripts/Content/Items/MissionItems_1.d:748","Eine Botschaft von Vatras","바트라스의 전언","","False","ItWr_VatrasMessage.text[2]","",""
"Scripts/Content/Items/MissionItems_1.d:749","für die Magier des Feuers","불의 마법사들에게","","False","ItWr_VatrasMessage.text[3]","",""
"Scripts/Content/Items/MissionItems_1.d:752","Werter Isgaroth,","존경하는 이스가로스,","","False","VatrasMessage_1","",""
"Scripts/Content/Items/MissionItems_1.d:753","Ich spüre mehr und mehr die Anwesenheit einer anderen Macht.","나는 다른 힘의 존재를 점점 더 강하게 느끼고 있다.","","False","VatrasMessage_2","",""
"Scripts/Content/Items/MissionItems_1.d:754","Eine Macht, die uns nicht unbekannt ist. Mag es sein, das Diener Beliars nahe sind?","우리에게 낯설지 않은 힘. 벨리알의 하수인들이 가까이에 있다는 뜻일까?","","False","VatrasMessage_3","",""
"Scripts/Content/Items/MissionItems_1.d:755","Möglich das ich irre, aber ich denke es wäre angebracht, das Vater Pyrokar sich der Angelegenheit annimmt. ","내 착각일 수도 있겠지만, 파이로카 아버님이 이 문제를 맡아 처리하시는 게 현명할 것으로 생각한다. ","","False","VatrasMessage_4","",""
"Scripts/Content/Items/MissionItems_1.d:756","Mögen unsere Gebete erhört werden.","우리의 기도가 응답받기를.","","False","VatrasMessage_5","",""
"Scripts/Content/Items/MissionItems_1.d:757","Vatras","바트라스","","False","VatrasMessage_6","",""
"Scripts/Content/Items/MissionItems_1.d:786","Botschaft","전언","","False","ItWr_VatrasMessage_Open.name","",""
"Scripts/Content/Items/MissionItems_1.d:800","","","","","ItWr_VatrasMessage_Open.text[0]","",""
"Scripts/Content/Items/MissionItems_1.d:801","","","","","ItWr_VatrasMessage_Open.text[1]","",""
"Scripts/Content/Items/MissionItems_1.d:802","Eine Botschaft von Vatras","바트라스의 전언","","False","ItWr_VatrasMessage_Open.text[2]","",""
"Scripts/Content/Items/MissionItems_1.d:803","für die Magier des Feuers","불의 마법사들에게","","False","ItWr_VatrasMessage_Open.text[3]","",""
"Scripts/Content/Items/MissionItems_1.d:804","Das Siegel ist gebrochen","봉인이 깨졌다.","","False","ItWr_VatrasMessage_Open.text[4]","",""
"Scripts/Content/Items/MissionItems_1.d:807","Werter Isgaroth,","존경하는 이스가로스,","","False","VatrasMessageOpen_1","",""
"Scripts/Content/Items/MissionItems_1.d:808","Ich spüre mehr und mehr die Anwesenheit einer anderen Macht.","나는 다른 힘의 존재가 점점 더 뚜렷해지는 것을 느낀다.","","False","VatrasMessageOpen_2","",""
"Scripts/Content/Items/MissionItems_1.d:809","Eine Macht, die uns nicht unbekannt ist. Mag es sein, das Diener Beliars nahe sind?","우리에게 낯설지 않은 힘. 벨리알의 하수인들이 가까이에 있다는 뜻일까?","","False","VatrasMessageOpen_3","",""
"Scripts/Content/Items/MissionItems_1.d:810","Möglich das ich irre, aber ich denke es wäre angebracht, das Vater Pyrokar sich der Angelegenheit annimmt. ","내 착각일 수도 있겠지만, 파이로카 아버님이 이 문제를 맡아 처리하시는 게 현명할 것으로 생각한다. ","","False","VatrasMessageOpen_4","",""
"Scripts/Content/Items/MissionItems_1.d:811","Mögen unsere Gebete erhört werden.","우리의 기도가 응답받기를.","","False","VatrasMessageOpen_5","",""
"Scripts/Content/Items/MissionItems_1.d:812","Vatras","바트라스","","False","VatrasMessageOpen_6","",""
"Scripts/Content/Items/MissionItems_1.d:838","Zimmerschlüssel","객실 열쇠","","False","ItKe_Hotel.name","",""
"Scripts/Content/Items/MissionItems_1.d:849","","","","","ItKe_Hotel.text[0]","",""
"Scripts/Content/Items/MissionItems_1.d:850","","","","","ItKe_Hotel.text[1]","",""
"Scripts/Content/Items/MissionItems_1.d:851","Der Zimmerschlüssel","호텔","","False","ItKe_Hotel.text[2]","",""
"Scripts/Content/Items/MissionItems_1.d:852","vom Hotel","객실 열쇠.","","False","ItKe_Hotel.text[3]","",""
"Scripts/Content/Items/MissionItems_1.d:860","verrosteter Schlüssel","녹슨 열쇠","","False","ItKe_ThiefGuildKey_MIS.name","",""
"Scripts/Content/Items/MissionItems_1.d:871","","","","","ItKe_ThiefGuildKey_MIS.text[0]","",""
"Scripts/Content/Items/MissionItems_1.d:872","","","","","ItKe_ThiefGuildKey_MIS.text[1]","",""
"Scripts/Content/Items/MissionItems_1.d:873","Meersalz hat diesen Schlüssel zerfressen","바닷물에 부식된 열쇠입니다.","","False","ItKe_ThiefGuildKey_MIS.text[2]","",""
"Scripts/Content/Items/MissionItems_1.d:881","Rostiger Schlüssel","녹슨 열쇠","","False","ItKe_ThiefGuildKey_Hotel_MIS.name","",""
"Scripts/Content/Items/MissionItems_1.d:892","","","","","ItKe_ThiefGuildKey_Hotel_MIS.text[0]","",""
"Scripts/Content/Items/MissionItems_1.d:893","","","","","ItKe_ThiefGuildKey_Hotel_MIS.text[1]","",""
"Scripts/Content/Items/MissionItems_1.d:894","Der Kellerschlüssel vom Hotel","호텔 지하실의 열쇠","","False","ItKe_ThiefGuildKey_Hotel_MIS.text[2]","",""
"Scripts/Content/Items/MissionItems_1.d:913","","","","","ItKe_Innos_MIS.text[0]","",""
"Scripts/Content/Items/MissionItems_1.d:914","","","","","ItKe_Innos_MIS.text[1]","",""
"Scripts/Content/Items/MissionItems_1.d:915","Der Schlüssel zur Pforte","수도원","","False","ItKe_Innos_MIS.text[2]","",""
"Scripts/Content/Items/MissionItems_1.d:916","des Innos Klosters","이노스 수도원의","","False","ItKe_Innos_MIS.text[3]","",""
"Scripts/Content/Items/MissionItems_1.d:936","","","","","ItKe_KlosterSchatz.text[0]","",""
"Scripts/Content/Items/MissionItems_1.d:937","","","","","ItKe_KlosterSchatz.text[1]","",""
"Scripts/Content/Items/MissionItems_1.d:938","Der Schlüssel zur ","수도원 ","","False","ItKe_KlosterSchatz.text[2]","",""
"Scripts/Content/Items/MissionItems_1.d:939","Schatzkammer im Kloster","보물창고","","False","ItKe_KlosterSchatz.text[3]","",""
"Scripts/Content/Items/MissionItems_1.d:959","","","","","ItKe_KlosterStore.text[0]","",""
"Scripts/Content/Items/MissionItems_1.d:960","","","","","ItKe_KlosterStore.text[1]","",""
"Scripts/Content/Items/MissionItems_1.d:961","Der Schlüssel zur ","수도원 ","","False","ItKe_KlosterStore.text[2]","",""
"Scripts/Content/Items/MissionItems_1.d:962","Vorratskammer im Kloster","식료품 저장실 열쇠.","","False","ItKe_KlosterStore.text[3]","",""
"Scripts/Content/Items/MissionItems_1.d:982","","","","","ItKe_KDFPlayer.text[0]","",""
"Scripts/Content/Items/MissionItems_1.d:983","","","","","ItKe_KDFPlayer.text[1]","",""
"Scripts/Content/Items/MissionItems_1.d:984","Der Schlüssel zum ","수도원 ","","False","ItKe_KDFPlayer.text[2]","",""
"Scripts/Content/Items/MissionItems_1.d:985","Gemach im Kloster","수도원의 방.","","False","ItKe_KDFPlayer.text[3]","",""
"Scripts/Content/Items/MissionItems_1.d:1005","","","","","ItKe_KlosterBibliothek.text[0]","",""
"Scripts/Content/Items/MissionItems_1.d:1006","","","","","ItKe_KlosterBibliothek.text[1]","",""
"Scripts/Content/Items/MissionItems_1.d:1007","Der Schlüssel zur ","수도원 ","","False","ItKe_KlosterBibliothek.text[2]","",""
"Scripts/Content/Items/MissionItems_1.d:1008","Bibliothek im Kloster","도서관 열쇠.","","False","ItKe_KlosterBibliothek.text[3]","",""
"Scripts/Content/Items/MissionItems_1.d:1017","Schafswurst","양고기 소시지","","False","ItFo_Schafswurst.name","",""
"Scripts/Content/Items/MissionItems_1.d:1031","","","","","ItFo_Schafswurst.text[0]","",""
"Scripts/Content/Items/MissionItems_1.d:1033","","","","","ItFo_Schafswurst.text[2]","",""
"Scripts/Content/Items/MissionItems_1.d:1034","","","","","ItFo_Schafswurst.text[3]","",""
"Scripts/Content/Items/MissionItems_1.d:1035","","","","","ItFo_Schafswurst.text[4]","",""
"Scripts/Content/Items/MissionItems_1.d:1063","Essenz des Geistes","정신의 정수","","False","ItPo_Perm_LittleMana.description","",""
"Scripts/Content/Items/MissionItems_1.d:1064","","","","","ItPo_Perm_LittleMana.text[0]","",""
"Scripts/Content/Items/MissionItems_1.d:1066","","","","","ItPo_Perm_LittleMana.text[2]","",""
"Scripts/Content/Items/MissionItems_1.d:1067","","","","","ItPo_Perm_LittleMana.text[3]","",""
"Scripts/Content/Items/MissionItems_1.d:1068","","","","","ItPo_Perm_LittleMana.text[4]","",""
"Scripts/Content/Items/MissionItems_1.d:1083","Heiliger Hammer","신성한 망치","","False","Holy_Hammer_MIS.name","",""
"Scripts/Content/Items/MissionItems_1.d:1112","","","","","Holy_Hammer_MIS.text[0]","",""
"Scripts/Content/Items/MissionItems_1.d:1113","","","","","Holy_Hammer_MIS.text[1]","",""
"Scripts/Content/Items/MissionItems_1.d:1114","Schaden:                 ??","피해:                 ??","","False","Holy_Hammer_MIS.text[2]","",""
"Scripts/Content/Items/MissionItems_1.d:1115","benötigte Stärke:        ??","필요 힘:        ??","","False","Holy_Hammer_MIS.text[3]","",""
"Scripts/Content/Items/MissionItems_1.d:1116","Zweihandwaffe             ","양손 무기             ","","False","Holy_Hammer_MIS.text[4]","",""
"Scripts/Content/Items/MissionItems_1.d:1117","Wert:  nicht einschätzbar","가치:  측정 불가","","False","Holy_Hammer_MIS.text[5]","",""
"Scripts/Content/Items/MissionItems_1.d:1126","Alter Schlüssel","낡은 열쇠","","False","ItKe_MagicChest.name","",""
"Scripts/Content/Items/MissionItems_1.d:1137","","","","","ItKe_MagicChest.text[0]","",""
"Scripts/Content/Items/MissionItems_1.d:1138","","","","","ItKe_MagicChest.text[1]","",""
"Scripts/Content/Items/MissionItems_1.d:1139","Eine alter eiserner Schlüssel.","낡은 철제 열쇠.","","False","ItKe_MagicChest.text[2]","",""
"Scripts/Content/Items/MissionItems_1.d:1140","Er könnnte zu einem ","자물쇠에 맞는 ","","False","ItKe_MagicChest.text[3]","",""
"Scripts/Content/Items/MissionItems_1.d:1141","Vorhängeschloss gehören.","열쇠일지도 모른다.","","False","ItKe_MagicChest.text[4]","",""
"Scripts/Content/Items/MissionItems_1.d:1150","Friedensangebot an die Paladine","팔라딘을 위한 평화 제안서","","False","ItWr_Passage_MIS.name","",""
"Scripts/Content/Items/MissionItems_1.d:1164","","","","","ItWr_Passage_MIS.text[0]","",""
"Scripts/Content/Items/MissionItems_1.d:1165","","","","","ItWr_Passage_MIS.text[1]","",""
"Scripts/Content/Items/MissionItems_1.d:1166","","","","","ItWr_Passage_MIS.text[2]","",""
"Scripts/Content/Items/MissionItems_1.d:1167","Mit diesem Schein,sollte ich bei ","이 통행증으로 ","","False","ItWr_Passage_MIS.text[3]","",""
"Scripts/Content/Items/MissionItems_1.d:1168","Lord Hagen vorgelassen werden","헤이건 경을 뵐 수 있을 것이다.","","False","ItWr_Passage_MIS.text[4]","",""
"Scripts/Content/Items/MissionItems_1.d:1171","Ehrenwerter Lord Hagen,","존경하는 헤이건 경,","","False","Passage_1","",""
"Scripts/Content/Items/MissionItems_1.d:1172","Wir beide wissen um die Lage, in der Ihr euch befindet. Ich schlage daher folgenden Handel vor: ","우리 두 사람 모두 당신이 처한 상황을 잘 알고 있습니다. 그러므로 다음과 같은 거래를 제안하는바입니다: ","","False","Passage_2","",""
"Scripts/Content/Items/MissionItems_1.d:1173","Ihr erteilt mir und allen meinen Männern Generalabsolution vor Innos und dem König. ","나와 내 부하들 전원에게 이노스와 왕 앞에서의 전면적인 사면을 베푸십시오. ","","False","Passage_3","",""
"Scripts/Content/Items/MissionItems_1.d:1174","Im Gegenzug bieten wir unsere Dienste für die Verteidigung der Stadt und des umliegenden Landes an. ","그 대가로, 우리는 도시와 주변 영토를 방어하는 데 힘을 보태겠습니다. ","","False","Passage_4","",""
"Scripts/Content/Items/MissionItems_1.d:1175","Desweiteren werde ich dafür sorgen, daß meine Männer von den umliegenden Höfen fernbleiben - natürlich mit Ausnahme des Hofes von Onar, auf dem wir weiterhin stationiert bleiben werden.","게다가 나는 내 부하들이 주변 농가들에 얼씬도 하지 않도록 직접 단속할 것입니다. 물론 우리가 계속 주둔할 오나르의 농장은 예외입니다.","","False","Passage_5","",""
"Scripts/Content/Items/MissionItems_1.d:1176","Ich weiß, daß auf dem Schiff, mit dem Ihr zum Festland aubrechen werdet, noch Platz für mich und einige meiner Männer ist. Wenn Ihr in See stecht, will ich an Bord sein.","당신이 본토로 떠날 배에 나와 내 부하 몇 명이 탈 자리가 아직 남아 있다는 것을 압니다. 당신이 닻을 올릴 때, 나도 그 배에 타고 싶소.","","False","Passage_6","",""
"Scripts/Content/Items/MissionItems_1.d:1177","Ich ersuche Euch, trefft Eure Entscheidung mit aller Euch gegebenen Weisheit. ","당신에게 주어진 모든 지혜를 동원해 현명한 결정을 내리기를 촉구하는 바입니다. ","","False","Passage_7","",""
"Scripts/Content/Items/MissionItems_1.d:1178","gezeichnet   General Lee","서명 장군 리","","False","Passage_8","",""
"Scripts/Content/Items/MissionItems_1.d:1212","Nachricht","메시지","","False","ItWr_BanditLetter_MIS.name","",""
"Scripts/Content/Items/MissionItems_1.d:1226","","","","","ItWr_BanditLetter_MIS.text[0]","",""
"Scripts/Content/Items/MissionItems_1.d:1227","","","","","ItWr_BanditLetter_MIS.text[1]","",""
"Scripts/Content/Items/MissionItems_1.d:1228","","","","","ItWr_BanditLetter_MIS.text[2]","",""
"Scripts/Content/Items/MissionItems_1.d:1229","","","","","ItWr_BanditLetter_MIS.text[3]","",""
"Scripts/Content/Items/MissionItems_1.d:1230","","","","","ItWr_BanditLetter_MIS.text[4]","",""
"Scripts/Content/Items/MissionItems_1.d:1233","Haltet alle Männer auf, ","산에서 내려오는 ","","False","BanditLetter_1","",""
"Scripts/Content/Items/MissionItems_1.d:1234"," die aus den Bergen kommen."," 모든 자들을 막아라.","","False","BanditLetter_2","",""
"Scripts/Content/Items/MissionItems_1.d:1235","Falls jemand den Pass entlangkommt, ","고갯길로 누군가 온다면, ","","False","BanditLetter_3","",""
"Scripts/Content/Items/MissionItems_1.d:1236"," ist es wahrscheinlich ein alter Mann."," 그것은 늙은이일 가능성이 크다.","","False","BanditLetter_4","",""
"Scripts/Content/Items/MissionItems_1.d:1237","Lasst euch nicht von ihm täuschen - ","그 자에게 속아 넘어가 마라 - ","","False","BanditLetter_5","",""
"Scripts/Content/Items/MissionItems_1.d:1238"," er ist ein gefählicher Hexer.   "," 그는 위험한 마법사다.   ","","False","BanditLetter_6","",""
"Scripts/Content/Items/MissionItems_1.d:1239","Behaltet den Kerl im Auge","그 녀석을 주시하고 있어라.","","False","BanditLetter_7","",""
"Scripts/Content/Items/MissionItems_1.d:1241","Kann gut sein, das der Typ den wir suchen, ","우리가 찾고 있는 그 녀석이 ","","False","BanditLetter_8","",""
"Scripts/Content/Items/MissionItems_1.d:1242"," mit ihm Kontakt aufnimmt. "," 그와 접촉할지도 모른다. ","","False","BanditLetter_9","",""
"Scripts/Content/Items/MissionItems_1.d:1243","Mit diesem Brief schicke ich euch ","이 편지와 함께 ","","False","BanditLetter_10","",""
"Scripts/Content/Items/MissionItems_1.d:1244"," dreissig Goldstücke. "," 금화 서른 닢을 보낸다. ","","False","BanditLetter_11","",""
"Scripts/Content/Items/MissionItems_1.d:1245","Nochmal dreissig bekommt derjenige, ","그 자를 죽이는 자에게는 ","","False","BanditLetter_12","",""
"Scripts/Content/Items/MissionItems_1.d:1246"," der den Mann tötet. "," 서른 닢을 더 주겠다. ","","False","BanditLetter_13","",""
"Scripts/Content/Items/MissionItems_1.d:1247","Bringt seinen Kopf zur alten Mine, beim Großbauer.","그의 목을 대농장 근처의 낡은 광산으로 가져와라.","","False","BanditLetter_14","",""
"Scripts/Content/Items/MissionItems_1.d:1248","...D.","...D.","","False","BanditLetter_15","",""
"Scripts/Content/Items/MissionItems_1.d:1302","Steckbrief","수배 전단","","False","ItWr_Poster_MIS.name","",""
"Scripts/Content/Items/MissionItems_1.d:1316","","","","","ItWr_Poster_MIS.text[0]","",""
"Scripts/Content/Items/MissionItems_1.d:1317","","","","","ItWr_Poster_MIS.text[1]","",""
"Scripts/Content/Items/MissionItems_1.d:1318","","","","","ItWr_Poster_MIS.text[2]","",""
"Scripts/Content/Items/MissionItems_1.d:1319","Ein Bild von mir!","내 그림!","","False","ItWr_Poster_MIS.text[3]","",""
"Scripts/Content/Items/MissionItems_1.d:1320","","","","","ItWr_Poster_MIS.text[4]","",""
"Scripts/Content/Items/MissionItems_1.d:1338","Truhenschlüssel","상자 열쇠","","False","ItKe_Bandit.name","",""
"Scripts/Content/Items/MissionItems_1.d:1349","","","","","ItKe_Bandit.text[0]","",""
"Scripts/Content/Items/MissionItems_1.d:1350","","","","","ItKe_Bandit.text[1]","",""
"Scripts/Content/Items/MissionItems_1.d:1351","Der Schlüssel","이 열쇠는","","False","ItKe_Bandit.text[2]","",""
"Scripts/Content/Items/MissionItems_1.d:1352","gehörte einem Banditen","한 도둑의 것이었다.","","False","ItKe_Bandit.text[3]","",""
"Scripts/Content/Items/MissionItems_1.d:1361","Jagdbogen","사냥용 활","","False","ItRw_Bow_L_03_MIS.name","",""
"Scripts/Content/Items/MissionItems_1.d:1380","","","","","ItRw_Bow_L_03_MIS.text[0]","",""
"Scripts/Content/Items/MissionItems_1.d:1381","","","","","ItRw_Bow_L_03_MIS.text[1]","",""
"Scripts/Content/Items/MissionItems_1.d:1384","Bosper's Jagdbogen","바스퍼의 사냥활","","False","ItRw_Bow_L_03_MIS.text[4]","",""
"Scripts/Content/Items/MissionItems_1.d:1394","Constantino's Ring","콘스탄티노의 반지","","False","ItRi_Prot_Point_01_MIS.name","",""
"Scripts/Content/Items/MissionItems_1.d:1411","Schutz des Holzes ","목재 보호 ","","False","ItRi_Prot_Point_01_MIS.description","",""
"Scripts/Content/Items/MissionItems_1.d:1412","","","","","ItRi_Prot_Point_01_MIS.text[0]","",""
"Scripts/Content/Items/MissionItems_1.d:1413","","","","","ItRi_Prot_Point_01_MIS.text[1]","",""
"Scripts/Content/Items/MissionItems_1.d:1415","","","","","ItRi_Prot_Point_01_MIS.text[3]","",""
"Scripts/Content/Items/MissionItems_1.d:1416","","","","","ItRi_Prot_Point_01_MIS.text[4]","",""
"Scripts/Content/Items/MissionItems_1.d:1439","Innos Statue","이노스의 석상","","False","ItMi_EddasStatue.name","",""
"Scripts/Content/Items/MissionItems_1.d:1450","","","","","ItMi_EddasStatue.text[0]","",""
"Scripts/Content/Items/MissionItems_1.d:1451","","","","","ItMi_EddasStatue.text[1]","",""
"Scripts/Content/Items/MissionItems_1.d:1452","Innos Herr der Gerechtigkeit ","정의의 군주 이노스여, ","","False","ItMi_EddasStatue.text[2]","",""
"Scripts/Content/Items/MissionItems_1.d:1453","segne und behüte mich","나를 축복하고 보살피사","","False","ItMi_EddasStatue.text[3]","",""
"Scripts/Content/Items/MissionItems_1.d:1454","auf das mir kein Unheil widerfahre","어떤 재앙도 빗나가게 하소서.","","False","ItMi_EddasStatue.text[4]","",""
"Scripts/Content/Items/MissionItems_1.d:1464","Alter Messingschlüssel","낡은 황동 열쇠","","False","ItKe_EVT_CRYPT_01.name","",""
"Scripts/Content/Items/MissionItems_1.d:1475","","","","","ItKe_EVT_CRYPT_01.text[0]","",""
"Scripts/Content/Items/MissionItems_1.d:1476","","","","","ItKe_EVT_CRYPT_01.text[1]","",""
"Scripts/Content/Items/MissionItems_1.d:1477","Der Schlüssel vom Skelett in Raum 1","1번 방 해골에게서 얻은 열쇠","","False","ItKe_EVT_CRYPT_01.text[2]","",""
"Scripts/Content/Items/MissionItems_1.d:1482","Alter Messingschlüssel","낡은 황동 열쇠","","False","ItKe_EVT_CRYPT_02.name","",""
"Scripts/Content/Items/MissionItems_1.d:1493","","","","","ItKe_EVT_CRYPT_02.text[0]","",""
"Scripts/Content/Items/MissionItems_1.d:1494","","","","","ItKe_EVT_CRYPT_02.text[1]","",""
"Scripts/Content/Items/MissionItems_1.d:1495","Der Schlüssel vom Skelett in Raum 2","2번 방 해골에게서 얻은 열쇠","","False","ItKe_EVT_CRYPT_02.text[2]","",""
"Scripts/Content/Items/MissionItems_1.d:1500","Alter Messingschlüssel","낡은 황동 열쇠","","False","ItKe_EVT_CRYPT_03.name","",""
"Scripts/Content/Items/MissionItems_1.d:1511","","","","","ItKe_EVT_CRYPT_03.text[0]","",""
"Scripts/Content/Items/MissionItems_1.d:1512","","","","","ItKe_EVT_CRYPT_03.text[1]","",""
"Scripts/Content/Items/MissionItems_1.d:1513","Der Schlüssel vom Skelett Raum 3","방 안에 있는 스켈레톤의 열쇠 3","","False","ItKe_EVT_CRYPT_03.text[2]","",""
"Scripts/Content/Items/MissionItems_1.d:1520","Alte Ritterrüstung","낡은 기사의 갑옷","","False","ITAR_PAL_SKEL.name","",""
"Scripts/Content/Items/MissionItems_1.d:1541","","","","","ITAR_PAL_SKEL.text[0]","",""
"Scripts/Content/Items/MissionItems_1.d:1555","Truhen Schlüssel","상자 열쇠","","False","ItKe_Valentino.name","",""
"Scripts/Content/Items/MissionItems_1.d:1566","","","","","ItKe_Valentino.text[0]","",""
"Scripts/Content/Items/MissionItems_1.d:1567","","","","","ItKe_Valentino.text[1]","",""
"Scripts/Content/Items/MissionItems_1.d:1568","Der Truhenschlüssel","상자 열쇠","","False","ItKe_Valentino.text[2]","",""
"Scripts/Content/Items/MissionItems_1.d:1569","von Valentino","발렌티노 소유의","","False","ItKe_Valentino.text[3]","",""
"Scripts/Content/Items/MissionItems_1.d:1578","Truhen Schlüssel","상자 열쇠","","False","ItKe_Buerger.name","",""
"Scripts/Content/Items/MissionItems_1.d:1589","","","","","ItKe_Buerger.text[0]","",""
"Scripts/Content/Items/MissionItems_1.d:1590","","","","","ItKe_Buerger.text[1]","",""
"Scripts/Content/Items/MissionItems_1.d:1591","Lag auf einer Fensterbank rum","창틀에 아무렇게나 놓여 있던 것이다.","","False","ItKe_Buerger.text[2]","",""
"Scripts/Content/Items/MissionItems_1.d:1592","","","","","ItKe_Buerger.text[3]","",""
"Scripts/Content/Items/MissionItems_1.d:1601","Truhen Schlüssel","상자 열쇠","","False","ItKe_Richter.name","",""
"Scripts/Content/Items/MissionItems_1.d:1612","","","","","ItKe_Richter.text[0]","",""
"Scripts/Content/Items/MissionItems_1.d:1613","","","","","ItKe_Richter.text[1]","",""
"Scripts/Content/Items/MissionItems_1.d:1614","Der Truhenschlüssel","상자 열쇠","","False","ItKe_Richter.text[2]","",""
"Scripts/Content/Items/MissionItems_1.d:1615","des Richters","판사의","","False","ItKe_Richter.text[3]","",""
"Scripts/Content/Items/MissionItems_1.d:1624","Truhen Schlüssel","상자 열쇠","","False","ItKe_Salandril.name","",""
"Scripts/Content/Items/MissionItems_1.d:1635","","","","","ItKe_Salandril.text[0]","",""
"Scripts/Content/Items/MissionItems_1.d:1636","","","","","ItKe_Salandril.text[1]","",""
"Scripts/Content/Items/MissionItems_1.d:1637","von Salandril dem Alchemisten","연금술사 살란드릴의","","False","ItKe_Salandril.text[2]","",""
"Scripts/Content/Items/MissionItems_1.d:1638","","","","","ItKe_Salandril.text[3]","",""
"Scripts/Content/Items/MissionItems_1.d:1647","Truhen Schlüssel","상자 열쇠","","False","ItKe_PaladinTruhe.name","",""
"Scripts/Content/Items/MissionItems_1.d:1658","","","","","ItKe_PaladinTruhe.text[0]","",""
"Scripts/Content/Items/MissionItems_1.d:1659","","","","","ItKe_PaladinTruhe.text[1]","",""
"Scripts/Content/Items/MissionItems_1.d:1660","Ein kleiner Messingschlüssel","작은 황동 열쇠,","","False","ItKe_PaladinTruhe.text[2]","",""
"Scripts/Content/Items/MissionItems_1.d:1661","aus dem Haus der Paladine","팔라딘의 저택에서 찾은 것.","","False","ItKe_PaladinTruhe.text[3]","",""
"Scripts/Content/Items/MissionItems_1.d:1681","","","","","ItKe_ThiefTreasure.text[0]","",""
"Scripts/Content/Items/MissionItems_1.d:1682","","","","","ItKe_ThiefTreasure.text[1]","",""
"Scripts/Content/Items/MissionItems_1.d:1683","Ein kleiner Schlüssel","작은 열쇠.","","False","ItKe_ThiefTreasure.text[2]","",""
"Scripts/Content/Items/MissionItems_1.d:1703","","","","","ItKe_Fingers.text[0]","",""
"Scripts/Content/Items/MissionItems_1.d:1704","","","","","ItKe_Fingers.text[1]","",""
"Scripts/Content/Items/MissionItems_1.d:1705","Ein rostiger Türschlüssel","녹슨 문 열쇠","","False","ItKe_Fingers.text[2]","",""
"Scripts/Content/Items/MissionItems_1.d:1706","aus der Kanalisation","하수구에서 발견한 것.","","False","ItKe_Fingers.text[3]","",""
"Scripts/Content/Items/MissionItems_1.d:1715","Schulden Buch","빚 장부","","False","ItWr_Schuldenbuch.name","",""
"Scripts/Content/Items/MissionItems_1.d:1728","Lehmar's Schuldenbuch","레마르의 빚 장부","","False","ItWr_Schuldenbuch.description","",""
"Scripts/Content/Items/MissionItems_1.d:1729","","","","","ItWr_Schuldenbuch.text[0]","",""
"Scripts/Content/Items/MissionItems_1.d:1730","","","","","ItWr_Schuldenbuch.text[1]","",""
"Scripts/Content/Items/MissionItems_1.d:1731","","","","","ItWr_Schuldenbuch.text[2]","",""
"Scripts/Content/Items/MissionItems_1.d:1732","","","","","ItWr_Schuldenbuch.text[3]","",""
"Scripts/Content/Items/MissionItems_1.d:1733","","","","","ItWr_Schuldenbuch.text[4]","",""
"Scripts/Content/Items/MissionItems_1.d:1737","Geschäfte und Schulden","거래와 빚","","False","SchuldBuch_1","",""
"Scripts/Content/Items/MissionItems_1.d:1738","Ich Meister Thorben, Schreiner von Khorinis, schulde dem ehrenwerten Herrn Lehmar 200 Goldmünzen","나 코리니스의 목수 마스터 소르벤은, 존경하는 레마르 님께 200 금화의 빚을 졌다.","","False","SchuldBuch_2","",""
"Scripts/Content/Items/MissionItems_1.d:1739","             Thorben","             소르벤","","False","SchuldBuch_3","",""
"Scripts/Content/Items/MissionItems_1.d:1740","Ich Coragon, Wirt in Khorinis, schulde dem ehrenwerten Herrn Lehmar 150 Goldmünzen","나 코리니스의 여관 주인 코라곤은, 존경하는 레마르 님께 150 금화의 빚을 졌다.","","False","SchuldBuch_4","",""
"Scripts/Content/Items/MissionItems_1.d:1741","             Coragon","             코라곤","","False","SchuldBuch_5","",""
"Scripts/Content/Items/MissionItems_1.d:1742","Ich, Hanna, Besitzerin des Hotels in Khorinis, schulde Herrn Lehmar 250 Goldmünzen.","나 코리니스의 호텔 여주인 한나는, 레마르 님께 250 금화의 빚을 졌다.","","False","SchuldBuch_6","",""
"Scripts/Content/Items/MissionItems_1.d:1743","               Hanna","               한나","","False","SchuldBuch_7","",""
"Scripts/Content/Items/MissionItems_1.d:1796","Sonnenaloe","태양 알로에","","False","ItPl_Sagitta_Herb_MIS.name","",""
"Scripts/Content/Items/MissionItems_1.d:1809","","","","","ItPl_Sagitta_Herb_MIS.text[0]","",""
"Scripts/Content/Items/MissionItems_1.d:1810","","","","","ItPl_Sagitta_Herb_MIS.text[1]","",""
"Scripts/Content/Items/MissionItems_1.d:1811","","","","","ItPl_Sagitta_Herb_MIS.text[2]","",""
"Scripts/Content/Items/MissionItems_1.d:1812","","","","","ItPl_Sagitta_Herb_MIS.text[3]","",""
"Scripts/Content/Items/MissionItems_1.d:1813","","","","","ItPl_Sagitta_Herb_MIS.text[4]","",""
"Scripts/Content/Items/MissionItems_1.d:1823","Zimmerschlüssel","객실 열쇠","","False","ITKE_ORLAN_HOTELZIMMER.name","",""
"Scripts/Content/Items/MissionItems_1.d:1834","","","","","ITKE_ORLAN_HOTELZIMMER.text[0]","",""
"Scripts/Content/Items/MissionItems_1.d:1835","","","","","ITKE_ORLAN_HOTELZIMMER.text[1]","",""
"Scripts/Content/Items/MissionItems_1.d:1836","der Tarverne ´Zur Toten Harpie´","'죽은 하피' 선술집의","","False","ITKE_ORLAN_HOTELZIMMER.text[2]","",""
"Scripts/Content/Items/MissionItems_1.d:1837","","","","","ITKE_ORLAN_HOTELZIMMER.text[3]","",""
"Scripts/Content/Items/MissionItems_1.d:1842","Dragomir´s Armbrust","드라고미르의 석궁","","False","ItRw_DragomirsArmbrust_MIS.name","",""
"Scripts/Content/Items/MissionItems_1.d:1861","","","","","ItRw_DragomirsArmbrust_MIS.text[0]","",""
"Scripts/Content/Items/MissionItems_1.d:1862","","","","","ItRw_DragomirsArmbrust_MIS.text[1]","",""
"Scripts/Content/Items/MissionItems_1.d:1865","","","","","ItRw_DragomirsArmbrust_MIS.text[4]","",""
"Scripts/Content/Items/MissionItems_2.d:9","Stein des Wissens","지식의 돌","","False","ItMi_StoneOfKnowlegde_MIS.name","",""
"Scripts/Content/Items/MissionItems_2.d:20","","","","","ItMi_StoneOfKnowlegde_MIS.text[0]","",""
"Scripts/Content/Items/MissionItems_2.d:21","","","","","ItMi_StoneOfKnowlegde_MIS.text[1]","",""
"Scripts/Content/Items/MissionItems_2.d:22","","","","","ItMi_StoneOfKnowlegde_MIS.text[2]","",""
"Scripts/Content/Items/MissionItems_2.d:23","","","","","ItMi_StoneOfKnowlegde_MIS.text[3]","",""
"Scripts/Content/Items/MissionItems_2.d:24","","","","","ItMi_StoneOfKnowlegde_MIS.text[4]","",""
"Scripts/Content/Items/MissionItems_2.d:25","","","","","ItMi_StoneOfKnowlegde_MIS.text[5]","",""
"Scripts/Content/Items/MissionItems_2.d:34","Brief","편지","","False","ItWr_PaladinLetter_MIS.name","",""
"Scripts/Content/Items/MissionItems_2.d:47","Brief an Lord Hagen","헤이건 경에게 보내는 편지","","False","ItWr_PaladinLetter_MIS.description","",""
"Scripts/Content/Items/MissionItems_2.d:48","","","","","ItWr_PaladinLetter_MIS.text[0]","",""
"Scripts/Content/Items/MissionItems_2.d:49","","","","","ItWr_PaladinLetter_MIS.text[1]","",""
"Scripts/Content/Items/MissionItems_2.d:50","","","","","ItWr_PaladinLetter_MIS.text[2]","",""
"Scripts/Content/Items/MissionItems_2.d:51","","","","","ItWr_PaladinLetter_MIS.text[3]","",""
"Scripts/Content/Items/MissionItems_2.d:52","","","","","ItWr_PaladinLetter_MIS.text[4]","",""
"Scripts/Content/Items/MissionItems_2.d:53","","","","","ItWr_PaladinLetter_MIS.text[5]","",""
"Scripts/Content/Items/MissionItems_2.d:56","Lord Hagen!","헤이건 경!","","False","PaladinLetter_1","",""
"Scripts/Content/Items/MissionItems_2.d:57","Die Expedition in's Minental ist gescheitert. Viele Verluste zeichnen unseren Weg. Wir Überlebenden sitzen in der Burg fest, umgeben von Orks. ","광산 계곡 원정은 실패했다. 막대한 손실을 보았다. 생존자들은 오크들에게 포위된 채 성에 갇혀 있다. ","","False","PaladinLetter_2","",""
"Scripts/Content/Items/MissionItems_2.d:58","Drachen habe uns mehrmals angegriffen und den konmpletten Landstrich um die Burg zerstört. Mit Innos Hilfe werden wir ausharren bis die Verstärkung eintrifft. Ein Ausfall ist unmöglich. ","드래곤들이 여러 차례 우리를 공격하여 성 주변의 땅을 완전히 파괴했다. 이노스의 가호 아래 증원군이 도착할 때까지 버텨낼 것이다. 출격은 불가능하다. ","","False","PaladinLetter_3","",""
"Scripts/Content/Items/MissionItems_2.d:59","Innos schütze uns alle","이노스께서 우리 모두를 보살피시기를","","False","PaladinLetter_4","",""
"Scripts/Content/Items/MissionItems_2.d:60","Garond","가론드","","False","PaladinLetter_5","",""
"Scripts/Content/Items/MissionItems_2.d:88","Brief","편지","","False","ItWr_LetterForGorn_MIS.name","",""
"Scripts/Content/Items/MissionItems_2.d:101","Milten's Notiz für Gorn","곤에게 보내는 밀튼의 쪽지","","False","ItWr_LetterForGorn_MIS.description","",""
"Scripts/Content/Items/MissionItems_2.d:102","","","","","ItWr_LetterForGorn_MIS.text[0]","",""
"Scripts/Content/Items/MissionItems_2.d:103","","","","","ItWr_LetterForGorn_MIS.text[1]","",""
"Scripts/Content/Items/MissionItems_2.d:104","","","","","ItWr_LetterForGorn_MIS.text[2]","",""
"Scripts/Content/Items/MissionItems_2.d:105","","","","","ItWr_LetterForGorn_MIS.text[3]","",""
"Scripts/Content/Items/MissionItems_2.d:106","","","","","ItWr_LetterForGorn_MIS.text[4]","",""
"Scripts/Content/Items/MissionItems_2.d:107","","","","","ItWr_LetterForGorn_MIS.text[5]","",""
"Scripts/Content/Items/MissionItems_2.d:114","Gorn!","곤!","","False","LetterForGorn_1","",""
"Scripts/Content/Items/MissionItems_2.d:116","Garond hat zugestimmt dich freizulassen - für 1000 Goldstücke. ","가론드가 네 석방에 동의했어 - 1000개의 금화를 내는 조건으로. ","","False","LetterForGorn_2","",""
"Scripts/Content/Items/MissionItems_2.d:117","Also, falls du noch irgendwo Gold versteckt hast - jetzt ist die Zeit, damit rauszurücken. ","그러니 어디 숨겨둔 금화가 있다면 - 지금이 꺼낼 때야. ","","False","LetterForGorn_3","",""
"Scripts/Content/Items/MissionItems_2.d:120","Milten ","밀튼 ","","False","LetterForGorn_4","",""
"Scripts/Content/Items/MissionItems_2.d:150","Kerkerschlüssel","감옥 열쇠","","False","ItKe_PrisonKey_MIS.name","",""
"Scripts/Content/Items/MissionItems_2.d:161","","","","","ItKe_PrisonKey_MIS.text[0]","",""
"Scripts/Content/Items/MissionItems_2.d:162","","","","","ItKe_PrisonKey_MIS.text[1]","",""
"Scripts/Content/Items/MissionItems_2.d:163","Der Schlüssel zum Kerker","수도원","","False","ItKe_PrisonKey_MIS.text[2]","",""
"Scripts/Content/Items/MissionItems_2.d:164","in der Burg","성의 감옥","","False","ItKe_PrisonKey_MIS.text[3]","",""
"Scripts/Content/Items/MissionItems_2.d:165","","","","","ItKe_PrisonKey_MIS.text[4]","",""
"Scripts/Content/Items/MissionItems_2.d:174","Lagerschlüssel","창고 열쇠","","False","ItKe_OC_Store.name","",""
"Scripts/Content/Items/MissionItems_2.d:185","","","","","ItKe_OC_Store.text[0]","",""
"Scripts/Content/Items/MissionItems_2.d:186","","","","","ItKe_OC_Store.text[1]","",""
"Scripts/Content/Items/MissionItems_2.d:187","Der Schlüssel zum Lagerraum","창고 열쇠","","False","ItKe_OC_Store.text[2]","",""
"Scripts/Content/Items/MissionItems_2.d:188","in der Burg","성의 창고","","False","ItKe_OC_Store.text[3]","",""
"Scripts/Content/Items/MissionItems_2.d:189","","","","","ItKe_OC_Store.text[4]","",""
"Scripts/Content/Items/MissionItems_2.d:198","Tür - Schlüssel","문 열쇠","","False","ITKE_ErzBaronFlur.name","",""
"Scripts/Content/Items/MissionItems_2.d:208","Für die erste Tür","첫 번째 문을 위한 열쇠.","","False","ITKE_ErzBaronFlur.description","",""
"Scripts/Content/Items/MissionItems_2.d:209","","","","","ITKE_ErzBaronFlur.text[0]","",""
"Scripts/Content/Items/MissionItems_2.d:210","","","","","ITKE_ErzBaronFlur.text[1]","",""
"Scripts/Content/Items/MissionItems_2.d:211","Eine Name ist eingraviert","이름이 새겨져 있다","","False","ITKE_ErzBaronFlur.text[2]","",""
"Scripts/Content/Items/MissionItems_2.d:212","Gomez","고메즈","","False","ITKE_ErzBaronFlur.text[3]","",""
"Scripts/Content/Items/MissionItems_2.d:213","","","","","ITKE_ErzBaronFlur.text[4]","",""
"Scripts/Content/Items/MissionItems_2.d:222","Tür - Schlüssel","문 열쇠","","False","ITKE_ErzBaronRaum.name","",""
"Scripts/Content/Items/MissionItems_2.d:232","Für die zweite Tür","두 번째 문을 위한 열쇠.","","False","ITKE_ErzBaronRaum.description","",""
"Scripts/Content/Items/MissionItems_2.d:233","","","","","ITKE_ErzBaronRaum.text[0]","",""
"Scripts/Content/Items/MissionItems_2.d:234","","","","","ITKE_ErzBaronRaum.text[1]","",""
"Scripts/Content/Items/MissionItems_2.d:235","Eine Name ist eingraviert","이름이 새겨져 있다","","False","ITKE_ErzBaronRaum.text[2]","",""
"Scripts/Content/Items/MissionItems_2.d:236","Gomez","고메즈","","False","ITKE_ErzBaronRaum.text[3]","",""
"Scripts/Content/Items/MissionItems_2.d:237","","","","","ITKE_ErzBaronRaum.text[4]","",""
"Scripts/Content/Items/MissionItems_2.d:247","Lederbeutel","가죽 주머니","","False","ItMi_GornsTreasure_MIS.name","",""
"Scripts/Content/Items/MissionItems_2.d:260","Gorn's Lederbeutel","곤의 가죽 주머니","","False","ItMi_GornsTreasure_MIS.description","",""
"Scripts/Content/Items/MissionItems_2.d:261","","","","","ItMi_GornsTreasure_MIS.text[0]","",""
"Scripts/Content/Items/MissionItems_2.d:262","","","","","ItMi_GornsTreasure_MIS.text[1]","",""
"Scripts/Content/Items/MissionItems_2.d:263","","","","","ItMi_GornsTreasure_MIS.text[2]","",""
"Scripts/Content/Items/MissionItems_2.d:264","","","","","ItMi_GornsTreasure_MIS.text[3]","",""
"Scripts/Content/Items/MissionItems_2.d:265","","","","","ItMi_GornsTreasure_MIS.text[4]","",""
"Scripts/Content/Items/MissionItems_2.d:281","Notiz","쪽지","","False","ItWr_Silvestro_MIS.name","",""
"Scripts/Content/Items/MissionItems_2.d:294","Silvestro's Notiz ","실베스트로의 쪽지 ","","False","ItWr_Silvestro_MIS.description","",""
"Scripts/Content/Items/MissionItems_2.d:295","","","","","ItWr_Silvestro_MIS.text[0]","",""
"Scripts/Content/Items/MissionItems_2.d:296","","","","","ItWr_Silvestro_MIS.text[1]","",""
"Scripts/Content/Items/MissionItems_2.d:297","","","","","ItWr_Silvestro_MIS.text[2]","",""
"Scripts/Content/Items/MissionItems_2.d:298","","","","","ItWr_Silvestro_MIS.text[3]","",""
"Scripts/Content/Items/MissionItems_2.d:299","","","","","ItWr_Silvestro_MIS.text[4]","",""
"Scripts/Content/Items/MissionItems_2.d:300","","","","","ItWr_Silvestro_MIS.text[5]","",""
"Scripts/Content/Items/MissionItems_2.d:303","von Silvestro, Paladin des Königs ","국왕의 팔라딘 실베스트로가 작성함 ","","False","Itwr_Silvestro_1","",""
"Scripts/Content/Items/MissionItems_2.d:304","Ein weiterer Tag Schürferei liegt vor uns. Heute wollen wir die Wand durchbrechen und uns tiefer in den Fels hineingraben.","채굴의 하루가 또 지나간다. 오늘 우리는 벽을 뚫고 바위 더 깊은 곳으로 파고들려 한다.","","False","Itwr_Silvestro_2","",""
"Scripts/Content/Items/MissionItems_2.d:305","Ich habe ein ungutes Gefühl - deshalb werde ich das Erz in ein Versteck bringen lassen.","느낌이 좋지 않다 - 그래서 광석을 숨겨두기로 했다.","","False","Itwr_Silvestro_3","",""
"Scripts/Content/Items/MissionItems_2.d:306","Diego ist der einzige von uns, der sich hier auskennt - ich muss ihm vertrauen. Er wird die Kisten in Sicherheit bringen - aber ich werde ihn nicht alleine losschicken.","디에고는 이곳 지리에 밝은 우리 중 유일한 사람이다 - 그를 믿어야 한다. 그가 상자들을 안전한 곳으로 옮겨줄 것이다 - 하지만 그를 혼자 보낼 수는 없다.","","False","Itwr_Silvestro_4","",""
"Scripts/Content/Items/MissionItems_2.d:307","Das Erz muss unter allen Umständen geschützt werden, deshalb lasse ich Diego von zwei Rittern begleiten.","광석은 무슨 일이 있어도 보호해야 하므로, 디에고와 함께 두 명의 기사를 동행시키기로 했다.","","False","Itwr_Silvestro_5","",""
"Scripts/Content/Items/MissionItems_2.d:308","Lang lebe der König","국왕 폐하 만세","","False","Itwr_Silvestro_6","",""
"Scripts/Content/Items/MissionItems_2.d:309","Silvestro","실베스트로","","False","Itwr_Silvestro_7","",""
"Scripts/Content/Items/MissionItems_2.d:337","Snapper Krallen","스내퍼 발톱","","False","ItAt_ClawLeader.name","",""
"Scripts/Content/Items/MissionItems_2.d:347","Die Krallen des Rudelführers","무리 우두머리의 발톱","","False","ItAt_ClawLeader.description","",""
"Scripts/Content/Items/MissionItems_2.d:348","","","","","ItAt_ClawLeader.text[0]","",""
"Scripts/Content/Items/MissionItems_2.d:349","","","","","ItAt_ClawLeader.text[1]","",""
"Scripts/Content/Items/MissionItems_2.d:350","","","","","ItAt_ClawLeader.text[2]","",""
"Scripts/Content/Items/MissionItems_2.d:351","","","","","ItAt_ClawLeader.text[3]","",""
"Scripts/Content/Items/MissionItems_2.d:352","","","","","ItAt_ClawLeader.text[4]","",""
"Scripts/Content/Items/MissionItems_2.d:361","Lederbeutel","가죽 주머니","","False","ItSe_Olav.name","",""
"Scripts/Content/Items/MissionItems_2.d:374","Olav's Beutel","올라프의 주머니","","False","ItSe_Olav.description","",""
"Scripts/Content/Items/MissionItems_2.d:375","","","","","ItSe_Olav.text[0]","",""
"Scripts/Content/Items/MissionItems_2.d:376","","","","","ItSe_Olav.text[1]","",""
"Scripts/Content/Items/MissionItems_2.d:377","Ein paar Münzen klimpern darin","안에서 동전 몇 닢이 달랑거린다.","","False","ItSe_Olav.text[2]","",""
"Scripts/Content/Items/MissionItems_2.d:378","","","","","ItSe_Olav.text[3]","",""
"Scripts/Content/Items/MissionItems_2.d:379","","","","","ItSe_Olav.text[4]","",""
"Scripts/Content/Items/MissionItems_2.d:391","Goldener Teller","금 접시","","False","ItMi_GoldPlate_MIS.name","",""
"Scripts/Content/Items/MissionItems_2.d:402","","","","","ItMi_GoldPlate_MIS.text[0]","",""
"Scripts/Content/Items/MissionItems_2.d:403","","","","","ItMi_GoldPlate_MIS.text[1]","",""
"Scripts/Content/Items/MissionItems_2.d:404","","","","","ItMi_GoldPlate_MIS.text[2]","",""
"Scripts/Content/Items/MissionItems_2.d:405","","","","","ItMi_GoldPlate_MIS.text[3]","",""
"Scripts/Content/Items/MissionItems_2.d:406","","","","","ItMi_GoldPlate_MIS.text[4]","",""
"Scripts/Content/Items/MissionItems_2.d:415","Schlüssel zum Pass","고갯길 열쇠","","False","ItKe_Pass_MIS.name","",""
"Scripts/Content/Items/MissionItems_2.d:425","Ein kleiner Schlüssel","작은 열쇠.","","False","ItKe_Pass_MIS.description","",""
"Scripts/Content/Items/MissionItems_2.d:426","","","","","ItKe_Pass_MIS.text[0]","",""
"Scripts/Content/Items/MissionItems_2.d:427","Öffnet das Tor am Pass","고갯길의 문을 연다.","","False","ItKe_Pass_MIS.text[1]","",""
"Scripts/Content/Items/MissionItems_2.d:428","","","","","ItKe_Pass_MIS.text[2]","",""
"Scripts/Content/Items/MissionItems_2.d:429","","","","","ItKe_Pass_MIS.text[3]","",""
"Scripts/Content/Items/MissionItems_2.d:430","","","","","ItKe_Pass_MIS.text[4]","",""
"Scripts/Content/Items/MissionItems_2.d:439","Bromor's Schlüssel","브로모르의 열쇠","","False","ItKe_Bromor.name","",""
"Scripts/Content/Items/MissionItems_2.d:449","Der Zimmerschlüssel","호텔 객실 열쇠","","False","ItKe_Bromor.description","",""
"Scripts/Content/Items/MissionItems_2.d:450","","","","","ItKe_Bromor.text[0]","",""
"Scripts/Content/Items/MissionItems_2.d:451","vom Bordellbesitzer","매춘업소 주인의 객실 열쇠.","","False","ItKe_Bromor.text[1]","",""
"Scripts/Content/Items/MissionItems_2.d:452","","","","","ItKe_Bromor.text[2]","",""
"Scripts/Content/Items/MissionItems_2.d:453","","","","","ItKe_Bromor.text[3]","",""
"Scripts/Content/Items/MissionItems_2.d:454","","","","","ItKe_Bromor.text[4]","",""
"Scripts/Content/Items/MissionItems_2.d:463","Schlüssel","열쇠","","False","ITKE_RUNE_MIS.name","",""
"Scripts/Content/Items/MissionItems_2.d:473","Ein kleiner Truhenschlüssel","상자를 여는 작은 열쇠.","","False","ITKE_RUNE_MIS.description","",""
"Scripts/Content/Items/MissionItems_2.d:474","","","","","ITKE_RUNE_MIS.text[0]","",""
"Scripts/Content/Items/MissionItems_2.d:475","Die Truhe zu dem Schlüssel","이 상자는 이 상자 열쇠와 연결되어 있다","","False","ITKE_RUNE_MIS.text[1]","",""
"Scripts/Content/Items/MissionItems_2.d:476","steht unter einer Brücke","다리 밑에 있다.","","False","ITKE_RUNE_MIS.text[2]","",""
"Scripts/Content/Items/MissionItems_2.d:477","und enthält einen Runenstein","빈 룬석이 들어 있다.","","False","ITKE_RUNE_MIS.text[3]","",""
"Scripts/Content/Items/MissionItems_2.d:478","","","","","ITKE_RUNE_MIS.text[4]","",""
"Scripts/Content/Items/MissionItems_2.d:487","Notiz","쪽지","","False","ItWr_Bloody_MIS.name","",""
"Scripts/Content/Items/MissionItems_2.d:500","Gift der Blutfliegen","흡혈파리 독","","False","ItWr_Bloody_MIS.description","",""
"Scripts/Content/Items/MissionItems_2.d:501","","","","","ItWr_Bloody_MIS.text[0]","",""
"Scripts/Content/Items/MissionItems_2.d:502","","","","","ItWr_Bloody_MIS.text[1]","",""
"Scripts/Content/Items/MissionItems_2.d:503","","","","","ItWr_Bloody_MIS.text[2]","",""
"Scripts/Content/Items/MissionItems_2.d:504","","","","","ItWr_Bloody_MIS.text[3]","",""
"Scripts/Content/Items/MissionItems_2.d:505","","","","","ItWr_Bloody_MIS.text[4]","",""
"Scripts/Content/Items/MissionItems_2.d:506","","","","","ItWr_Bloody_MIS.text[5]","",""
"Scripts/Content/Items/MissionItems_2.d:509","Der Stachel der Blutfliegen enthält ein tödliches Gift, das niemand, der klaren Verstandes ist, zu sich nehmen wird.","흡혈파리의 침에는 치명적인 독이 들어 있어 제정신인 사람이라면 누구도 삼키려 하지 않을 것이다.","","False","BloodMIS_1","",""
"Scripts/Content/Items/MissionItems_2.d:510","Es sei denn er beherrscht die Kunst den Stachel zu entnehmen und kennt die folgende Regel. ","침을 다루는 기술을 알고 다음 규칙을 따르는 경우가 아니라면 말이다. ","","False","BloodMIS_2","",""
"Scripts/Content/Items/MissionItems_2.d:511","Der Stachel wird mit scharfer Klinge von der Spitze zum Schaft säuberlich aufgeschnitten.","날카로운 칼날로 침의 끝에서 자루 부분까지 깔끔하게 가른다.","","False","BloodMIS_3","",""
"Scripts/Content/Items/MissionItems_2.d:512","Die obere Hautschicht wird entfernt. Das freigewordene Gewebe wird um die Drüsen herum aufgeschnitten. ","바깥쪽 피부 층을 제거한다. 드러난 조직을 선천선 주위로 도려낸다. ","","False","BloodMIS_4","",""
"Scripts/Content/Items/MissionItems_2.d:513","Der besondere Saft des Gewebes ist mehr als genießbar, er hat heilende Kräfte. ","조직의 특수한 체액은 식용으로도 손색이 없으며, 치유의 힘을 가지고 있다. ","","False","BloodMIS_5","",""
"Scripts/Content/Items/MissionItems_2.d:514","Allerdings entwickelt der menschliche Körper im Laufe der Zeit eine Immunität gegen diesen heilenden Trunk.","하지만 인체는 시간이 지남에 따라 이 치유 포션에 대한 면역력을 갖게 된다.","","False","BloodMIS_6","",""
"Scripts/Content/Items/MissionItems_2.d:515","Damarok","다마록","","False","BloodMIS_7","",""
"Scripts/Content/Items/MissionItems_2.d:552","Pfandbrief","차용증","","False","ItWr_Pfandbrief_MIS.name","",""
"Scripts/Content/Items/MissionItems_2.d:566","","","","","ItWr_Pfandbrief_MIS.text[0]","",""
"Scripts/Content/Items/MissionItems_2.d:567","","","","","ItWr_Pfandbrief_MIS.text[1]","",""
"Scripts/Content/Items/MissionItems_2.d:568","","","","","ItWr_Pfandbrief_MIS.text[2]","",""
"Scripts/Content/Items/MissionItems_2.d:569","","","","","ItWr_Pfandbrief_MIS.text[3]","",""
"Scripts/Content/Items/MissionItems_2.d:570","","","","","ItWr_Pfandbrief_MIS.text[4]","",""
"Scripts/Content/Items/MissionItems_2.d:571","","","","","ItWr_Pfandbrief_MIS.text[5]","",""
"Scripts/Content/Items/MissionItems_2.d:575","Zur Tilgung der ausstehenden Schulden  ","미납된 빚을 청산하기 위하여  ","","False","Pfandbrief_1","",""
"Scripts/Content/Items/MissionItems_2.d:576","wird ein Pfand ausgesetzt, der mit seinem Reinwert","다음과 같은 담보물을 수령하며, 그 순수한 가치는","","False","Pfandbrief_2","",""
"Scripts/Content/Items/MissionItems_2.d:577","der Höhe der Schulden entspricht.","빚의 액수와 동일하다.","","False","Pfandbrief_3","",""
"Scripts/Content/Items/MissionItems_2.d:578","Pfand: Verzierter Kelch aus Gold ","담보: 장식된 금잔 ","","False","Pfandbrief_4","",""
"Scripts/Content/Items/MissionItems_2.d:579","aus der Sammlung der Blutkelche","피의 성배 컬렉션 중","","False","Pfandbrief_5","",""
"Scripts/Content/Items/MissionItems_2.d:581","gez.","서명","","False","Pfandbrief_6","",""
"Scripts/Content/Items/MissionItems_2.d:582","Lutero, Händler  ","상인 루테로  ","","False","Pfandbrief_7","",""
"Scripts/Content/Items/MissionItems_2.d:584","Lehmar, Pfandleiher","전당포 주인 레마르","","False","Pfandbrief_8","",""
"Scripts/Content/Items/MissionItems_2.d:611","Garond´s Minenkarte","가론드의 광산 지도","","False","ItWr_Map_OldWorld_Oremines_MIS.name","",""
"Scripts/Content/Items/MissionItems_2.d:625","","","","","ItWr_Map_OldWorld_Oremines_MIS.text[0]","",""
"Scripts/Content/Items/MissionItems_2.d:626","","","","","ItWr_Map_OldWorld_Oremines_MIS.text[1]","",""
"Scripts/Content/Items/MissionItems_2.d:627","","","","","ItWr_Map_OldWorld_Oremines_MIS.text[2]","",""
"Scripts/Content/Items/MissionItems_2.d:628","","","","","ItWr_Map_OldWorld_Oremines_MIS.text[3]","",""
"Scripts/Content/Items/MissionItems_2.d:629","","","","","ItWr_Map_OldWorld_Oremines_MIS.text[4]","",""
"Scripts/Content/Items/MissionItems_2.d:655","Text","본문","","False","ItWr_Manowar.name","",""
"Scripts/Content/Items/MissionItems_2.d:668","Ein Liedtext","노랫말.","","False","ItWr_Manowar.description","",""
"Scripts/Content/Items/MissionItems_2.d:669","","","","","ItWr_Manowar.text[0]","",""
"Scripts/Content/Items/MissionItems_2.d:670","","","","","ItWr_Manowar.text[1]","",""
"Scripts/Content/Items/MissionItems_2.d:671","","","","","ItWr_Manowar.text[2]","",""
"Scripts/Content/Items/MissionItems_2.d:672","","","","","ItWr_Manowar.text[3]","",""
"Scripts/Content/Items/MissionItems_2.d:673","","","","","ItWr_Manowar.text[4]","",""
"Scripts/Content/Items/MissionItems_2.d:674","","","","","ItWr_Manowar.text[5]","",""
"Scripts/Content/Items/MissionItems_2.d:677","Dominique's Ruf","도미니크의 외침","","False","Manowar_1","",""
"Scripts/Content/Items/MissionItems_2.d:678","Wir werden seinen Ruhm ernten ","우리는 그분의 영광을 거두어들이리라 ","","False","Manowar_2","",""
"Scripts/Content/Items/MissionItems_2.d:679","Innos steht bei mir und meinen Brüdern","이노스께서는 나와 내 형제들과 함께하신다","","False","Manowar_3","",""
"Scripts/Content/Items/MissionItems_2.d:680","Ich werde alle auf meinem Weg wie Schafe schlachten","나는 내 길을 막아서는 자들을 양처럼 도살할 것이다","","False","Manowar_4","",""
"Scripts/Content/Items/MissionItems_2.d:681","denn er ist das Feuer in meinem Herz","그분은 내 심장 속의 불꽃이시기에","","False","Manowar_5","",""
"Scripts/Content/Items/MissionItems_2.d:682","Meine Klinge ist nur ihm geweiht  ","나의 칼날은 오직 그분만을 섬긴다  ","","False","Manowar_6","",""
"Scripts/Content/Items/MissionItems_2.d:683","an diesem Tag wird sein Name erklingen","오늘 그분의 이름이 온 세상에 울려 퍼지리니","","False","Manowar_7","",""
"Scripts/Content/Items/MissionItems_2.d:684","Jeder der sich in meinen Weg stellt","내 길을 가로막는 자는 누구든","","False","Manowar_8","",""
"Scripts/Content/Items/MissionItems_2.d:685","wird durch meine Hand sterben","내 손에 죽음을 맞이하리라","","False","Manowar_9","",""
"Scripts/Content/Items/MissionItems_2.d:686","denn ich bin ein Krieger Innos","나는 이노스의 전사이기 때문이라오","","False","Manowar_10","",""
"Scripts/Content/Items/MissionItems_2.d:718","Nachricht","메시지","","False","ItWr_KDWLetter.name","",""
"Scripts/Content/Items/MissionItems_2.d:731","Eine Nachricht","메시지.","","False","ItWr_KDWLetter.description","",""
"Scripts/Content/Items/MissionItems_2.d:732","","","","","ItWr_KDWLetter.text[0]","",""
"Scripts/Content/Items/MissionItems_2.d:733","","","","","ItWr_KDWLetter.text[1]","",""
"Scripts/Content/Items/MissionItems_2.d:734","","","","","ItWr_KDWLetter.text[2]","",""
"Scripts/Content/Items/MissionItems_2.d:735","","","","","ItWr_KDWLetter.text[3]","",""
"Scripts/Content/Items/MissionItems_2.d:736","","","","","ItWr_KDWLetter.text[4]","",""
"Scripts/Content/Items/MissionItems_2.d:737","","","","","ItWr_KDWLetter.text[5]","",""
"Scripts/Content/Items/MissionItems_2.d:740","Wir haben das Lager verlassen. Jetzt da die Barriere endlich gefallen ist, werden wir das Zentrum der Zerstörung aufsuchen. Vielleicht finden wir dort die Antworten, die wir soviele Jahre gesucht haben. Wohin unsere Reise danach geht, weiß nur Adanos.","우리는 야영지를 떠났다. 마침내 장벽이 무너졌으니, 우리는 파괴의 중심지를 찾아 나설 것이다. 어쩌면 수년 동안 찾아 헤매던 해답을 그곳에서 찾을 수지도 모른다. 그 후 우리의 여정이 어디로 향할지는 아다노스만 아실 것이다.","","False","KDWLetter_1","",""
"Scripts/Content/Items/MissionItems_2.d:741","Adanos ist bei uns","아다노스께서 우리와 함께하신다","","False","KDWLetter_2","",""
"Scripts/Content/Items/MissionItems_2.d:742","Saturas","사투러스","","False","KDWLetter_3","",""
"Scripts/Content/Items/MissionItems_2.d:771","Notiz","쪽지","","False","ItWr_GilbertLetter.name","",""
"Scripts/Content/Items/MissionItems_2.d:784","Eine Nachricht","메시지.","","False","ItWr_GilbertLetter.description","",""
"Scripts/Content/Items/MissionItems_2.d:785","","","","","ItWr_GilbertLetter.text[0]","",""
"Scripts/Content/Items/MissionItems_2.d:786","","","","","ItWr_GilbertLetter.text[1]","",""
"Scripts/Content/Items/MissionItems_2.d:787","","","","","ItWr_GilbertLetter.text[2]","",""
"Scripts/Content/Items/MissionItems_2.d:788","","","","","ItWr_GilbertLetter.text[3]","",""
"Scripts/Content/Items/MissionItems_2.d:789","","","","","ItWr_GilbertLetter.text[4]","",""
"Scripts/Content/Items/MissionItems_2.d:790","","","","","ItWr_GilbertLetter.text[5]","",""
"Scripts/Content/Items/MissionItems_2.d:793","Mir reicht's. Ich habe mich hier lange genug versteckt. Und wenn ich das richtig mitgekriegt habe, ist die Barriere nun endlich gefallen.  ","지긋지긋하다. 여기서 숨어 지내는 것도 충분히 오래 했다. 그리고 들은 바에 따르면, 마침내 장벽이 무너진 것 같다.  ","","False","GilbertLetter_1","",""
"Scripts/Content/Items/MissionItems_2.d:794","Es wird wohl kaum noch jemand nach mir suchen. Ich hab die Schnauze voll von dieser Höhle und dem ganzen Tal. Wird Zeit das ich nach Hause komme.","이제 나를 찾는 사람은 거의 없을 것이다. 이 동굴과 이 저주받을 골짜기도 진절머리가 난다. 이제 집에 돌아갈 때가 되었다.","","False","GilbertLetter_2","",""
"Scripts/Content/Items/MissionItems_2.d:795","Gilbert","길버트","","False","GilbertLetter_3","",""
"Scripts/Content/Items/MissionItems_2.d:839","","","","","ItRi_Tengron.text[0]","",""
"Scripts/Content/Items/MissionItems_2.d:840","","","","","ItRi_Tengron.text[1]","",""
"Scripts/Content/Items/MissionItems_2.d:842","","","","","ItRi_Tengron.text[3]","",""
"Scripts/Content/Items/MissionItems_2.d:843","","","","","ItRi_Tengron.text[4]","",""
"Scripts/Content/Items/MissionItems_3.d:14","Auge Innos","이노스의 눈","","False","ItMi_InnosEye_MIS.name","",""
"Scripts/Content/Items/MissionItems_3.d:31","Das Auge pulsiert voller Energie","눈에서 에너지가 맥동한다.","","False","ItMi_InnosEye_MIS.text[0]","",""
"Scripts/Content/Items/MissionItems_3.d:64","Auge Innos","이노스의 눈","","False","ItMi_InnosEye_Discharged_Mis.name","",""
"Scripts/Content/Items/MissionItems_3.d:77","Das Auge ist matt und ohne Glanz","눈이 빛을 잃고 칙칙하다.","","False","ItMi_InnosEye_Discharged_Mis.text[0]","",""
"Scripts/Content/Items/MissionItems_3.d:89","Auge Innos","이노스의 눈","","False","ItMi_InnosEye_Broken_Mis.name","",""
"Scripts/Content/Items/MissionItems_3.d:119","Ermächtigungsschreiben","위임장","","False","ItWr_PermissionToWearInnosEye_MIS.name","",""
"Scripts/Content/Items/MissionItems_3.d:132","Ermächtigungsschreiben für Pyrokar","파이로카를 위한 위임장.","","False","ItWr_PermissionToWearInnosEye_MIS.description","",""
"Scripts/Content/Items/MissionItems_3.d:133","","","","","ItWr_PermissionToWearInnosEye_MIS.text[0]","",""
"Scripts/Content/Items/MissionItems_3.d:134","","","","","ItWr_PermissionToWearInnosEye_MIS.text[1]","",""
"Scripts/Content/Items/MissionItems_3.d:135","","","","","ItWr_PermissionToWearInnosEye_MIS.text[2]","",""
"Scripts/Content/Items/MissionItems_3.d:136","","","","","ItWr_PermissionToWearInnosEye_MIS.text[3]","",""
"Scripts/Content/Items/MissionItems_3.d:137","","","","","ItWr_PermissionToWearInnosEye_MIS.text[4]","",""
"Scripts/Content/Items/MissionItems_3.d:138","","","","","ItWr_PermissionToWearInnosEye_MIS.text[5]","",""
"Scripts/Content/Items/MissionItems_3.d:141","Dem Überbringer dieses Schreiben ist Einlass in die heiligen Hallen des Klosters zu gewähren.","이 글의 지참자는 수도원의 신성한 전당에 출입하는 것이 허용된다.","","False","PermissionToWearInnosEye_1","",""
"Scripts/Content/Items/MissionItems_3.d:142","Seinen Wünschen, hinsichtlich der Inbesitznahme des Auges Innos ist unverzüglich nachzukommen","이노스의 눈을 소유하려는 그의 소망은 지체 없이 충족되어야 한다","","False","PermissionToWearInnosEye_2","",""
"Scripts/Content/Items/MissionItems_3.d:143","Diese Anweisungen sind durch Kraft meines Amtes, als Generalbevollmächtigter der Insel und des Königs, sowie durch den Beschluss über die Zweiteilung der Kirche Innos, aus dem Jahre 2 des Feuers, als berechtigt zur Kenntnis zu nehmen.","이 지시들은 섬과 국왕의 총대리인으로서의 내 직분의 권한과, 불의 해 2년에 제정된 이노스 교회 분할령의 결의에 따라 타당한 것으로 간주되어야 한다.","","False","PermissionToWearInnosEye_3","",""
"Scripts/Content/Items/MissionItems_3.d:144","Ich werde hierzu keine weiteren Erklärungen abgeben und erwarte, dass meinen Anordnungen Folge geleistet wird.","나는 이와 관련해 더 이상의 설명을 하지 않을 것이며, 내 명령이 따름을 받기를 기대한다.","","False","PermissionToWearInnosEye_4","",""
"Scripts/Content/Items/MissionItems_3.d:145","Innos schütze den König","이노스께서 국왕을 보호하시기를","","False","PermissionToWearInnosEye_5","",""
"Scripts/Content/Items/MissionItems_3.d:146","     Lord Hagen","     헤이건 경","","False","PermissionToWearInnosEye_6","",""
"Scripts/Content/Items/MissionItems_3.d:176","Die Hallen von Irdorath","이르도라스의 전당","","False","ItWr_XardasBookForPyrokar_Mis.name","",""
"Scripts/Content/Items/MissionItems_3.d:190","","","","","ItWr_XardasBookForPyrokar_Mis.text[0]","",""
"Scripts/Content/Items/MissionItems_3.d:191","","","","","ItWr_XardasBookForPyrokar_Mis.text[1]","",""
"Scripts/Content/Items/MissionItems_3.d:192","","","","","ItWr_XardasBookForPyrokar_Mis.text[2]","",""
"Scripts/Content/Items/MissionItems_3.d:193","","","","","ItWr_XardasBookForPyrokar_Mis.text[3]","",""
"Scripts/Content/Items/MissionItems_3.d:194","","","","","ItWr_XardasBookForPyrokar_Mis.text[4]","",""
"Scripts/Content/Items/MissionItems_3.d:211","Xardas Schlüssel","자다스의 열쇠","","False","ItKe_CHEST_SEKOB_XARDASBOOK_MIS.name","",""
"Scripts/Content/Items/MissionItems_3.d:222","für die Truhe auf Sekobs Bauernhof","세코브의 농장에 있는 상자를 위한 열쇠.","","False","ItKe_CHEST_SEKOB_XARDASBOOK_MIS.text[0]","",""
"Scripts/Content/Items/MissionItems_3.d:223","","","","","ItKe_CHEST_SEKOB_XARDASBOOK_MIS.text[1]","",""
"Scripts/Content/Items/MissionItems_3.d:224","","","","","ItKe_CHEST_SEKOB_XARDASBOOK_MIS.text[2]","",""
"Scripts/Content/Items/MissionItems_3.d:225","","","","","ItKe_CHEST_SEKOB_XARDASBOOK_MIS.text[3]","",""
"Scripts/Content/Items/MissionItems_3.d:226","","","","","ItKe_CHEST_SEKOB_XARDASBOOK_MIS.text[4]","",""
"Scripts/Content/Items/MissionItems_3.d:236","Tagebuch","일기","","False","ItWr_CorneliusTagebuch_Mis.name","",""
"Scripts/Content/Items/MissionItems_3.d:250","Das Tagebuch von Cornelius","코르넬리우스의 일기.","","False","ItWr_CorneliusTagebuch_Mis.text[0]","",""
"Scripts/Content/Items/MissionItems_3.d:251","","","","","ItWr_CorneliusTagebuch_Mis.text[1]","",""
"Scripts/Content/Items/MissionItems_3.d:252","","","","","ItWr_CorneliusTagebuch_Mis.text[2]","",""
"Scripts/Content/Items/MissionItems_3.d:253","","","","","ItWr_CorneliusTagebuch_Mis.text[3]","",""
"Scripts/Content/Items/MissionItems_3.d:254","","","","","ItWr_CorneliusTagebuch_Mis.text[4]","",""
"Scripts/Content/Items/MissionItems_3.d:258","Wenn Larius so weitermacht, werde ich mich nach einer anderen Stelle umsehen.","라리우스가 계속 이런 식이라면, 다른 자리를 알아봐야겠다.","","False","CorneliusTagebuch_1","",""
"Scripts/Content/Items/MissionItems_3.d:259","Heute Nacht ist mir etwas seltsames passiert. Einer dieser Männer in den schwarzen Kapuzenmänteln, von denen man immer hört, hat mich in meinem Haus aufgesucht. Ich war gar nicht aufgeregt, obwohl man sich nur Schreckliches von ihnen erzählt. Die Macht, die diese Männer ausstrahlen war fast körperlich zu spüren. Die Stimme dagegen, war sehr ruhig und vertrauenserweckend.","오늘 밤 이상한 일이 일어났다. 요즘 소문이 자자한 검은 두건을 쓴 자들 중 한 명이 내 집에 찾아왔다. 그들에 대해 끔찍한 이야기만 들었는데도 나는 전혀 긴장되지 않았다. 그 남자들이 내뿜는 힘은 거의 실감할 수 있을 정도였다. 반면에 목소리는 매우 차분하고 신뢰를 주는 목소리였다.","","False","CorneliusTagebuch_2","",""
"Scripts/Content/Items/MissionItems_3.d:260","Er hat mir 20000 Goldstücke geboten, wenn ich dafür sorge, dass einer der Söldner verurteilt wird. Ich würde schon merken, wenn es soweit ist.","그는 용병 중 한 명이 유죄 판결을 받도록 손을 써주면 20000개의 금화를 주겠다고 제안했다. 때가 되면 알게 될 것이라고 했다.","","False","CorneliusTagebuch_3","",""
"Scripts/Content/Items/MissionItems_3.d:261","Ich habe natürlich sofort zugestimmt, die Söldner haben es eh verdient. Wenn sie nicht gekommen wären, würde hier alles zu meiner Zufriedenheit verlaufen. Die Goldstücke werden mir einen ruhigen Lebensabend garantieren.","물론 나는 즉시 동의했다. 용병들은 어차피 그럴 자격이 충분하다. 그들이 오지 않았더라면 이곳의 모든 일이 내 마음에 쏙 들게 진행되었을 것이다. 그 금화들은 내 평안한 노후를 보장해 줄 것이다.","","False","CorneliusTagebuch_4","",""
"Scripts/Content/Items/MissionItems_3.d:262","Es ist soweit, sie haben einer dieser Söldner geschnappt. Es sollte ein Kinderspiel sein, mein Wort zu halten.","때가 되었다. 그들이 용병 중 한 명을 붙잡았다. 내 약속을 지키는 것은 식은 죽 먹기일 것이다.","","False","CorneliusTagebuch_5","",""
"Scripts/Content/Items/MissionItems_3.d:301","Almanach der Bessenen","빙의된 자들의 연감","","False","ITWR_DementorObsessionBook_MIS.name","",""
"Scripts/Content/Items/MissionItems_3.d:315","","","","","ITWR_DementorObsessionBook_MIS.text[0]","",""
"Scripts/Content/Items/MissionItems_3.d:316","","","","","ITWR_DementorObsessionBook_MIS.text[1]","",""
"Scripts/Content/Items/MissionItems_3.d:317","","","","","ITWR_DementorObsessionBook_MIS.text[2]","",""
"Scripts/Content/Items/MissionItems_3.d:318","","","","","ITWR_DementorObsessionBook_MIS.text[3]","",""
"Scripts/Content/Items/MissionItems_3.d:319","","","","","ITWR_DementorObsessionBook_MIS.text[4]","",""
"Scripts/Content/Items/MissionItems_3.d:323","edef Kon dirandorix","에데프 콘 디란도릭스","","False","DementorObsessionBook_1","",""
"Scripts/Content/Items/MissionItems_3.d:324","in Sparady bell ","인 스파라디 벨 ","","False","DementorObsessionBook_2","",""
"Scripts/Content/Items/MissionItems_3.d:325","el utoy","엘 우토이","","False","DementorObsessionBook_3","",""
"Scripts/Content/Items/MissionItems_3.d:326"," Kho ray xaondron"," 코 레이 자온드론","","False","DementorObsessionBook_4","",""
"Scripts/Content/Items/MissionItems_3.d:327","em piratoram endro","엠 피라토람 엔드로","","False","DementorObsessionBook_5","",""
"Scripts/Content/Items/MissionItems_3.d:328","          VINO","          비노","","False","DementorObsessionBook_6","",""
"Scripts/Content/Items/MissionItems_3.d:329","FERNANDO","페르난도","","False","DementorObsessionBook_7","",""
"Scripts/Content/Items/MissionItems_3.d:330","     MALAK","     말락","","False","DementorObsessionBook_8","",""
"Scripts/Content/Items/MissionItems_3.d:331","BROMOR","브로모르","","False","DementorObsessionBook_9","",""
"Scripts/Content/Items/MissionItems_3.d:332","          ENGROM","          엥그롬","","False","DementorObsessionBook_10","",""
"Scripts/Content/Items/MissionItems_3.d:333","     RANDOLPH","     랜돌프","","False","DementorObsessionBook_11","",""
"Scripts/Content/Items/MissionItems_3.d:334","          SEKOB","          세코브","","False","DementorObsessionBook_12","",""
"Scripts/Content/Items/MissionItems_3.d:335","     BRUTUS","     브루투스","","False","DementorObsessionBook_13","",""
"Scripts/Content/Items/MissionItems_3.d:419","Pyrokars magischer Brief","파이로카의 마법 편지","","False","ItWr_PyrokarsObsessionList.name","",""
"Scripts/Content/Items/MissionItems_3.d:433","","","","","ItWr_PyrokarsObsessionList.text[0]","",""
"Scripts/Content/Items/MissionItems_3.d:434","","","","","ItWr_PyrokarsObsessionList.text[1]","",""
"Scripts/Content/Items/MissionItems_3.d:435","","","","","ItWr_PyrokarsObsessionList.text[2]","",""
"Scripts/Content/Items/MissionItems_3.d:436","","","","","ItWr_PyrokarsObsessionList.text[3]","",""
"Scripts/Content/Items/MissionItems_3.d:437","","","","","ItWr_PyrokarsObsessionList.text[4]","",""
"Scripts/Content/Items/MissionItems_3.d:438","","","","","ItWr_PyrokarsObsessionList.text[5]","",""
"Scripts/Content/Items/MissionItems_3.d:441","Die Besessenen","홀린 자들","","False","PyrokarsObsessionList_1","",""
"Scripts/Content/Items/MissionItems_3.d:442","FERNANDO","페르난도","","False","PyrokarsObsessionList_2","",""
"Scripts/Content/Items/MissionItems_3.d:443","VINO","비노","","False","PyrokarsObsessionList_3","",""
"Scripts/Content/Items/MissionItems_3.d:444","MALAK","말락","","False","PyrokarsObsessionList_4","",""
"Scripts/Content/Items/MissionItems_3.d:445","BROMOR","브로모르","","False","PyrokarsObsessionList_5","",""
"Scripts/Content/Items/MissionItems_3.d:446","ENGROM","엥그롬","","False","PyrokarsObsessionList_6","",""
"Scripts/Content/Items/MissionItems_3.d:447","RANDOLPH","랜돌프","","False","PyrokarsObsessionList_7","",""
"Scripts/Content/Items/MissionItems_3.d:448","SEKOB","세코브","","False","PyrokarsObsessionList_8","",""
"Scripts/Content/Items/MissionItems_3.d:449","BRUTUS","브루투스","","False","PyrokarsObsessionList_9","",""
"Scripts/Content/Items/MissionItems_3.d:519","Heilung des schwarzen Fiebers","흑열병 치료","","False","ItPo_HealHilda_MIS.description","",""
"Scripts/Content/Items/MissionItems_3.d:520","","","","","ItPo_HealHilda_MIS.text[0]","",""
"Scripts/Content/Items/MissionItems_3.d:522","","","","","ItPo_HealHilda_MIS.text[2]","",""
"Scripts/Content/Items/MissionItems_3.d:523","","","","","ItPo_HealHilda_MIS.text[3]","",""
"Scripts/Content/Items/MissionItems_3.d:524","","","","","ItPo_HealHilda_MIS.text[4]","",""
"Scripts/Content/Items/MissionItems_3.d:538","Gehstock","지팡이","","False","ItMw_MalethsGehstock_MIS.name","",""
"Scripts/Content/Items/MissionItems_3.d:556","An seinem Kopfende","그의 머리맡에는","","False","ItMw_MalethsGehstock_MIS.text[0]","",""
"Scripts/Content/Items/MissionItems_3.d:557","ist der Buchstabe `M` eingeschnitzt","`M` 자가 새겨져 있다","","False","ItMw_MalethsGehstock_MIS.text[1]","",""
"Scripts/Content/Items/MissionItems_3.d:570","Ein Beutel voll Gold!","금이 가득 든 주머니!","","False","ItMi_MalethsBanditGold.name","",""
"Scripts/Content/Items/MissionItems_3.d:584","","","","","ItMi_MalethsBanditGold.text[0]","",""
"Scripts/Content/Items/MissionItems_3.d:585","","","","","ItMi_MalethsBanditGold.text[1]","",""
"Scripts/Content/Items/MissionItems_3.d:586","","","","","ItMi_MalethsBanditGold.text[2]","",""
"Scripts/Content/Items/MissionItems_3.d:587","","","","","ItMi_MalethsBanditGold.text[3]","",""
"Scripts/Content/Items/MissionItems_3.d:588","","","","","ItMi_MalethsBanditGold.text[4]","",""
"Scripts/Content/Items/MissionItems_3.d:603","Moleratfett","두더지쥐 지방","","False","ItMi_Moleratlubric_MIS.name","",""
"Scripts/Content/Items/MissionItems_3.d:614","","","","","ItMi_Moleratlubric_MIS.text[0]","",""
"Scripts/Content/Items/MissionItems_3.d:615","","","","","ItMi_Moleratlubric_MIS.text[1]","",""
"Scripts/Content/Items/MissionItems_3.d:616","","","","","ItMi_Moleratlubric_MIS.text[2]","",""
"Scripts/Content/Items/MissionItems_3.d:617","","","","","ItMi_Moleratlubric_MIS.text[3]","",""
"Scripts/Content/Items/MissionItems_3.d:627","Brief an Babo","바보에게 보내는 편지","","False","ItWr_BabosLetter_MIS.name","",""
"Scripts/Content/Items/MissionItems_3.d:640","Brief an Babo.","바보에게 보내는 편지.","","False","ItWr_BabosLetter_MIS.description","",""
"Scripts/Content/Items/MissionItems_3.d:641","","","","","ItWr_BabosLetter_MIS.text[0]","",""
"Scripts/Content/Items/MissionItems_3.d:642","","","","","ItWr_BabosLetter_MIS.text[1]","",""
"Scripts/Content/Items/MissionItems_3.d:643","","","","","ItWr_BabosLetter_MIS.text[2]","",""
"Scripts/Content/Items/MissionItems_3.d:644","","","","","ItWr_BabosLetter_MIS.text[3]","",""
"Scripts/Content/Items/MissionItems_3.d:645","","","","","ItWr_BabosLetter_MIS.text[4]","",""
"Scripts/Content/Items/MissionItems_3.d:646","","","","","ItWr_BabosLetter_MIS.text[5]","",""
"Scripts/Content/Items/MissionItems_3.d:649","Lieber Babo!","사랑하는 바보에게!","","False","BabosLetter_1","",""
"Scripts/Content/Items/MissionItems_3.d:650","Du wunderst dich bestimmt, wie wir dazu kommen dir diesen Brief zu schreiben. Wir haben alles Geld zusammengelegt und den Meister Marlas gebeten diese Zeilen hier zu schreiben. Also wir wünschen dir viel Glück auf deinem weiteren Weg und hoffen, dass du deine Freunde nicht vergisst. Als Abschiedsgeschenk haben wir die noch ein Bild eingepackt, damit du immer an uns denkst und dir die Nächte im Kloster nicht zu lang werden.","우리가 어떻게 너에게 이 편지를 쓰게 되었는지 궁금하겠지. 우리는 모든 돈을 모아 마르라스 스승님께 이 편지를 써달라고 부탁했단다. 그럼 앞으로의 길에 행운이 가득하기를 빌며, 네가 친구들을 잊지 않기를 바란다. 작별 선물로 그림 하나를 동봉했으니, 우리가 항상 그리울 것이다. 수도원에서 보내는 밤이 너무 지루하지 않도록 해라.","","False","BabosLetter_2","",""
"Scripts/Content/Items/MissionItems_3.d:651","Viel Erfolg im Kloster und viel Spass mit dem Bild.","수도원에서의 성공과 그림과 함께 즐거운 시간을 보내길 바란다.","","False","BabosLetter_3","",""
"Scripts/Content/Items/MissionItems_3.d:652","Feht und Bonka.","페트와 본카.","","False","BabosLetter_4","",""
"Scripts/Content/Items/MissionItems_3.d:678","Frauenzeichnung","여성 그림","","False","ItWr_BabosPinUp_MIS.name","",""
"Scripts/Content/Items/MissionItems_3.d:691","Ein Bild von einer nackten Frau","벌거벗은 여인의 그림","","False","ItWr_BabosPinUp_MIS.description","",""
"Scripts/Content/Items/MissionItems_3.d:692","","","","","ItWr_BabosPinUp_MIS.text[0]","",""
"Scripts/Content/Items/MissionItems_3.d:693","","","","","ItWr_BabosPinUp_MIS.text[1]","",""
"Scripts/Content/Items/MissionItems_3.d:694","","","","","ItWr_BabosPinUp_MIS.text[2]","",""
"Scripts/Content/Items/MissionItems_3.d:695","","","","","ItWr_BabosPinUp_MIS.text[3]","",""
"Scripts/Content/Items/MissionItems_3.d:696","","","","","ItWr_BabosPinUp_MIS.text[4]","",""
"Scripts/Content/Items/MissionItems_3.d:697","","","","","ItWr_BabosPinUp_MIS.text[5]","",""
"Scripts/Content/Items/MissionItems_3.d:715","Ein Bündel Papiere","서류 뭉치","","False","ItWr_BabosDocs_MIS.name","",""
"Scripts/Content/Items/MissionItems_3.d:729","","","","","ItWr_BabosDocs_MIS.text[0]","",""
"Scripts/Content/Items/MissionItems_3.d:730","","","","","ItWr_BabosDocs_MIS.text[1]","",""
"Scripts/Content/Items/MissionItems_3.d:731","Mehrere zusammengerollte","둘둘 말린 여러 개의","","False","ItWr_BabosDocs_MIS.text[2]","",""
"Scripts/Content/Items/MissionItems_3.d:732","Dokumente","서류","","False","ItWr_BabosDocs_MIS.text[3]","",""
"Scripts/Content/Items/MissionItems_3.d:749","Truhenschlüssel","상자 열쇠","","False","ItKe_IgarazChest_Mis.name","",""
"Scripts/Content/Items/MissionItems_3.d:760","","","","","ItKe_IgarazChest_Mis.text[0]","",""
"Scripts/Content/Items/MissionItems_3.d:761","","","","","ItKe_IgarazChest_Mis.text[1]","",""
"Scripts/Content/Items/MissionItems_3.d:762","Der Schlüssel für","상자의 열쇠","","False","ItKe_IgarazChest_Mis.text[2]","",""
"Scripts/Content/Items/MissionItems_3.d:763","die Truhe von Igaraz","이가라즈의 상자","","False","ItKe_IgarazChest_Mis.text[3]","",""
"Scripts/Content/Items/MissionItems_3.d:772","Die göttliche Kraft der Gestirne","별들의 신성한 힘","","False","ItWr_Astronomy_Mis.name","",""
"Scripts/Content/Items/MissionItems_3.d:786","","","","","ItWr_Astronomy_Mis.text[0]","",""
"Scripts/Content/Items/MissionItems_3.d:787","","","","","ItWr_Astronomy_Mis.text[1]","",""
"Scripts/Content/Items/MissionItems_3.d:788","","","","","ItWr_Astronomy_Mis.text[2]","",""
"Scripts/Content/Items/MissionItems_3.d:789","","","","","ItWr_Astronomy_Mis.text[3]","",""
"Scripts/Content/Items/MissionItems_3.d:790","","","","","ItWr_Astronomy_Mis.text[4]","",""
"Scripts/Content/Items/MissionItems_3.d:796","...wenn nun aber die Kraft des Ochsen sich vereinigt mit den Prinzipien des Kriegers, so seien alle gewarnt vor den Ereignissen, die da kommen mögen.","...황소의 힘이 전사의 원칙과 결합한다면, 앞으로 다가올 사건들에 모두 경고할지어다.","","False","Astronomy_1","",""
"Scripts/Content/Items/MissionItems_3.d:797","Die unbändige Kraft des Ochsen und die Zielstrebigkeit des Kriegers ist in der Lage das Uralte Gleichgewicht der Mächte zu erschüttern. Die kosmische Grenze zwischen den Dimension wird schwächer, so schwach, dass die Schattenkreaturen Beliars auf ein leichtes in unsere Welt überwechseln können. ","황소의 통제할 수 없는 힘과 전사의 집념은 세력의 고대 균형을 흔들 수 있다. 차원 간의 우주적 경계가 약해지며, 벨리알의 그림자 피조물들이 우리의 세상으로 쉽게 넘어올 수 있을 정도로 약해진다. ","","False","Astronomy_2","",""
"Scripts/Content/Items/MissionItems_3.d:798","Was so etwas bedeutet, zeigen uns die Kriege der vorderen Zeit, als das Band zwischen den Welten noch stärker war. Die Schergen des Bösen brachten Tod und Zerstörung über die Welt und nur mit der Hilfe Innos und seines Erwählten war es den Menschen möglich das Unheil zu besiegen. ","이러한 일이 무엇을 의미하는지는 세계 간의 유대가 더 강했던 과거의 전쟁들이 보여준다. 악의 하수인들은 세상에 죽음과 파괴를 가져왔으며, 오직 이노스와 그의 선택받은 자의 도움만이 인류가 재앙을 극복할 수 있게 했다. ","","False","Astronomy_3","",""
"Scripts/Content/Items/MissionItems_3.d:799","Wenn es jemals wieder soweit kommen mag, dann mag Innos uns schützen, denn einen Erwählten Innos hat es schon seit über hundert Jehren nicht mehr gegeben.","만약 언젠가 다시 그런 일이 일어난다면 이노스께서 우리를 보호해주시기를. 백 년이 넘도록 이노스의 선택받은 자는 없었으니.","","False","Astronomy_4","",""
"Scripts/Content/Items/MissionItems_3.d:856","Heilung der Besessenheit","빙의 치료","","False","ItPo_HealObsession_MIS.description","",""
"Scripts/Content/Items/MissionItems_3.d:857","","","","","ItPo_HealObsession_MIS.text[0]","",""
"Scripts/Content/Items/MissionItems_3.d:859","","","","","ItPo_HealObsession_MIS.text[2]","",""
"Scripts/Content/Items/MissionItems_3.d:860","","","","","ItPo_HealObsession_MIS.text[3]","",""
"Scripts/Content/Items/MissionItems_3.d:861","","","","","ItPo_HealObsession_MIS.text[4]","",""
"Scripts/Content/Items/MissionItems_3.d:880","Lederbeutel","가죽 주머니","","False","ItSe_Golemchest_Mis.name","",""
"Scripts/Content/Items/MissionItems_3.d:893","Ein Lederbeutel","가죽 주머니.","","False","ItSe_Golemchest_Mis.description","",""
"Scripts/Content/Items/MissionItems_3.d:894","","","","","ItSe_Golemchest_Mis.text[0]","",""
"Scripts/Content/Items/MissionItems_3.d:895","","","","","ItSe_Golemchest_Mis.text[1]","",""
"Scripts/Content/Items/MissionItems_3.d:896","Der Beutel ist voller Münzen","주머니에 동전이 가득하다","","False","ItSe_Golemchest_Mis.text[2]","",""
"Scripts/Content/Items/MissionItems_3.d:897","","","","","ItSe_Golemchest_Mis.text[3]","",""
"Scripts/Content/Items/MissionItems_3.d:898","","","","","ItSe_Golemchest_Mis.text[4]","",""
"Scripts/Content/Items/MissionItems_3.d:919","sehr alte Karte","매우 오래된 지도","","False","ItWr_ShatteredGolem_MIS.name","",""
"Scripts/Content/Items/MissionItems_3.d:933","","","","","ItWr_ShatteredGolem_MIS.text[0]","",""
"Scripts/Content/Items/MissionItems_3.d:934","","","","","ItWr_ShatteredGolem_MIS.text[1]","",""
"Scripts/Content/Items/MissionItems_3.d:935","","","","","ItWr_ShatteredGolem_MIS.text[2]","",""
"Scripts/Content/Items/MissionItems_3.d:936","","","","","ItWr_ShatteredGolem_MIS.text[3]","",""
"Scripts/Content/Items/MissionItems_3.d:937","","","","","ItWr_ShatteredGolem_MIS.text[4]","",""
"Scripts/Content/Items/MissionItems_3.d:963","Brief von Diego","디에고의 편지","","False","ItWr_DiegosLetter_MIS.name","",""
"Scripts/Content/Items/MissionItems_3.d:976","Diegos Brief an Gerbrandt.","디에고가 게르브란트에게 보낸 편지.","","False","ItWr_DiegosLetter_MIS.description","",""
"Scripts/Content/Items/MissionItems_3.d:977","","","","","ItWr_DiegosLetter_MIS.text[0]","",""
"Scripts/Content/Items/MissionItems_3.d:978","","","","","ItWr_DiegosLetter_MIS.text[1]","",""
"Scripts/Content/Items/MissionItems_3.d:979","","","","","ItWr_DiegosLetter_MIS.text[2]","",""
"Scripts/Content/Items/MissionItems_3.d:980","","","","","ItWr_DiegosLetter_MIS.text[3]","",""
"Scripts/Content/Items/MissionItems_3.d:981","","","","","ItWr_DiegosLetter_MIS.text[4]","",""
"Scripts/Content/Items/MissionItems_3.d:982","","","","","ItWr_DiegosLetter_MIS.text[5]","",""
"Scripts/Content/Items/MissionItems_3.d:985","Gerbrandt, ","게르브란트, ","","False","DiegosLetter_Mis_1","",""
"Scripts/Content/Items/MissionItems_3.d:986","du hättest mich lieber töten sollen. ","날 차라리 죽였어야 했다. ","","False","DiegosLetter_Mis_2","",""
"Scripts/Content/Items/MissionItems_3.d:987","Ich bin wieder in der Stadt und auf dem Weg zu dir. Wenn ich dich finde, werde ich dir deinen fetten Wanst aufschneiden. Du kennst mich lange genug um zu wissen, dass ich mich nicht ungestraft reinlegen lasse.","난 다시 마을로 돌아왔고 너를 찾아가는 중이다. 네놈을 찾으면 그 뚱뚱한 배를 갈라버리겠어. 내가 처벌 없이 당하고만 있지 않는다는 걸 알 만큼 날 잘 알잖아.","","False","DiegosLetter_Mis_3","",""
"Scripts/Content/Items/MissionItems_3.d:988","Als du mich damals hast in die Barriere werfen lassen, hast du sicherlich geglaubt mich für immer los zu sein. Du hast dich geirrt. ","네가 날 장벽 속으로 처넣었을 때, 영원히 나를 없앴다고 생각했겠지. 틀렸어. ","","False","DiegosLetter_Mis_4","",""
"Scripts/Content/Items/MissionItems_3.d:989","Ich bin bekommen mir das zu holen, was mir zusteht. ","내 몫을 가지러 왔다. ","","False","DiegosLetter_Mis_5","",""
"Scripts/Content/Items/MissionItems_3.d:990","Deine einzige Chance am leben zu bleiben ist, dich aus deinem Haus zu verpissen und mir deine Geschäfte zu überlassen. Dann sind wir quitt.","살아남는 유일한 방법은 집에서 썩 꺼져서 네 사업을 내게 넘기는 것이다. 그럼 쌤쌤인 거지.","","False","DiegosLetter_Mis_6","",""
"Scripts/Content/Items/MissionItems_3.d:991","Diego","디에고","","False","DiegosLetter_Mis_7","",""
"Scripts/Content/Items/MissionItems_3.d:1018","Prallgefüllter Lederbeutel","가죽 주머니","","False","ItSe_DiegosTreasure_Mis.name","",""
"Scripts/Content/Items/MissionItems_3.d:1031","Diegos alter Lederbeutel","디에고의 낡은 가죽 주머니","","False","ItSe_DiegosTreasure_Mis.description","",""
"Scripts/Content/Items/MissionItems_3.d:1032","","","","","ItSe_DiegosTreasure_Mis.text[0]","",""
"Scripts/Content/Items/MissionItems_3.d:1033","","","","","ItSe_DiegosTreasure_Mis.text[1]","",""
"Scripts/Content/Items/MissionItems_3.d:1034","","","","","ItSe_DiegosTreasure_Mis.text[2]","",""
"Scripts/Content/Items/MissionItems_3.d:1035","","","","","ItSe_DiegosTreasure_Mis.text[3]","",""
"Scripts/Content/Items/MissionItems_3.d:1036","","","","","ItSe_DiegosTreasure_Mis.text[4]","",""
"Scripts/Content/Items/MissionItems_3.d:1053","Ulthars heiliges Wasser","울타르의 성수","","False","ItMi_UltharsHolyWater_Mis.name","",""
"Scripts/Content/Items/MissionItems_3.d:1064","","","","","ItMi_UltharsHolyWater_Mis.text[0]","",""
"Scripts/Content/Items/MissionItems_3.d:1065","","","","","ItMi_UltharsHolyWater_Mis.text[1]","",""
"Scripts/Content/Items/MissionItems_3.d:1066","","","","","ItMi_UltharsHolyWater_Mis.text[2]","",""
"Scripts/Content/Items/MissionItems_3.d:1067","","","","","ItMi_UltharsHolyWater_Mis.text[3]","",""
"Scripts/Content/Items/MissionItems_3.d:1068","","","","","ItMi_UltharsHolyWater_Mis.text[4]","",""
"Scripts/Content/Items/MissionItems_3.d:1078","Erzminenanteil Khorinis","코리니스 광산 지분증서","","False","ItWr_MinenAnteil_Mis.name","",""
"Scripts/Content/Items/MissionItems_3.d:1092","","","","","ItWr_MinenAnteil_Mis.text[0]","",""
"Scripts/Content/Items/MissionItems_3.d:1093","","","","","ItWr_MinenAnteil_Mis.text[1]","",""
"Scripts/Content/Items/MissionItems_3.d:1094","","","","","ItWr_MinenAnteil_Mis.text[2]","",""
"Scripts/Content/Items/MissionItems_3.d:1095","","","","","ItWr_MinenAnteil_Mis.text[3]","",""
"Scripts/Content/Items/MissionItems_3.d:1096","","","","","ItWr_MinenAnteil_Mis.text[4]","",""
"Scripts/Content/Items/MissionItems_3.d:1100","Erzminenanteil","광산 지분증서","","False","MinenAnteil_Mis_1","",""
"Scripts/Content/Items/MissionItems_3.d:1101","Dem Eigentümer dieses Schreibens ist es, gemäss des königlichen Erlassess zur Gewinnung von Vermögen aus Reichsgrund, erlaubt, sich als Prospektor auf königlichem Grund und Boden zu verdingen.","왕실 영지 자산 확보에 관한 왕실령에 따라, 본 문서의 소지자는 왕실 소유의 토지에서 광물 탐사 자격을 부여받습니다.","","False","MinenAnteil_Mis_2","",""
"Scripts/Content/Items/MissionItems_3.d:1102","Seine Schürftätigkeiten haben sich auf das Gebiet einer königlichen Reichskleinparzelle zu beschränken.","채굴 활동은 왕실의 소규모 영지 구역 내로 제한되어야 합니다.","","False","MinenAnteil_Mis_3","",""
"Scripts/Content/Items/MissionItems_3.d:1103","Reichskleinparzellen sind durch den Erlass zur Größe von Schürfgrund auf eine Fläche von 16 Rechtschritt, in der flächigen, und nicht mehr als 3 Schritt in der steigenden Ausdehnung definiert.","채굴지 규모에 관한 칙령에 따라, 왕실 소규모 영지의 면적은 수평 방향으로 16 법보(步), 수직 방향으로 3 보를 초과할 수 없습니다.","","False","MinenAnteil_Mis_4","",""
"Scripts/Content/Items/MissionItems_3.d:1104","Der Reichsprospektor ist von allen Pflichten bezüglich des freien Zugangs und des Schutzes der Schürfparzellen befreit.","왕실 탐사자는 채굴 구역의 자유로운 접근 및 보호와 관련된 모든 의무를 면제받습니다.","","False","MinenAnteil_Mis_5","",""
"Scripts/Content/Items/MissionItems_3.d:1105","Ist es dem Pächter nicht möglich die fälligen Abgaben fristengerecht zu entgelten, fallen alle Rechte an Grund und Boden zurück an das Reich.","소작인이 기한 내에 마땅히 납부해야 할 세금을 지불하지 못할 경우, 토지에 대한 모든 권리는 왕국으로 환수됩니다.","","False","MinenAnteil_Mis_6","",""
"Scripts/Content/Items/MissionItems_3.d:1106","     gezeichnet","     서명","","False","MinenAnteil_Mis_7","",""
"Scripts/Content/Items/MissionItems_3.d:1107","     königlicher Prospektor","     왕실 탐사자","","False","MinenAnteil_Mis_8","",""
"Scripts/Content/Items/MissionItems_3.d:1108","          Salandril","          살란드릴","","False","MinenAnteil_Mis_9","",""
"Scripts/Content/Items/MissionItems_3.d:1153","Seelenruf-Amulett","영혼 소환의 부적","","False","ItAm_Prot_BlackEye_Mis.name","",""
"Scripts/Content/Items/MissionItems_3.d:1168","","","","","ItAm_Prot_BlackEye_Mis.text[0]","",""
"Scripts/Content/Items/MissionItems_3.d:1169","","","","","ItAm_Prot_BlackEye_Mis.text[1]","",""
"Scripts/Content/Items/MissionItems_3.d:1170","","","","","ItAm_Prot_BlackEye_Mis.text[2]","",""
"Scripts/Content/Items/MissionItems_3.d:1171","Schützt vor dem Schwarzen Blick","검은 시선으로부터 보호","","False","ItAm_Prot_BlackEye_Mis.text[3]","",""
"Scripts/Content/Items/MissionItems_3.d:1172","","","","","ItAm_Prot_BlackEye_Mis.text[4]","",""
"Scripts/Content/Items/MissionItems_3.d:1183","Gestein aus gesegneter Erde","축복받은 땅의 돌","","False","ItMi_KarrasBlessedStone_Mis.name","",""
"Scripts/Content/Items/MissionItems_3.d:1195","","","","","ItMi_KarrasBlessedStone_Mis.text[0]","",""
"Scripts/Content/Items/MissionItems_3.d:1196","","","","","ItMi_KarrasBlessedStone_Mis.text[1]","",""
"Scripts/Content/Items/MissionItems_3.d:1197","","","","","ItMi_KarrasBlessedStone_Mis.text[2]","",""
"Scripts/Content/Items/MissionItems_3.d:1198","","","","","ItMi_KarrasBlessedStone_Mis.text[3]","",""
"Scripts/Content/Items/MissionItems_3.d:1199","","","","","ItMi_KarrasBlessedStone_Mis.text[4]","",""
"Scripts/Content/Items/MissionItems_3.d:1209","Auftrag des Richters","판사의 임무","","False","ItWr_RichterKomproBrief_MIS.name","",""
"Scripts/Content/Items/MissionItems_3.d:1223","","","","","ItWr_RichterKomproBrief_MIS.text[0]","",""
"Scripts/Content/Items/MissionItems_3.d:1224","","","","","ItWr_RichterKomproBrief_MIS.text[1]","",""
"Scripts/Content/Items/MissionItems_3.d:1225","","","","","ItWr_RichterKomproBrief_MIS.text[2]","",""
"Scripts/Content/Items/MissionItems_3.d:1226","","","","","ItWr_RichterKomproBrief_MIS.text[3]","",""
"Scripts/Content/Items/MissionItems_3.d:1227","","","","","ItWr_RichterKomproBrief_MIS.text[4]","",""
"Scripts/Content/Items/MissionItems_3.d:1228","","","","","ItWr_RichterKomproBrief_MIS.text[5]","",""
"Scripts/Content/Items/MissionItems_3.d:1231","Morgahard, du Nichtsnutz! Führe meinen Befehl endlich aus, sonst werde ich andere Seiten aufziehen und ihr werdet allesamt verhaftet.","모르가하드, 이 쓸모없는 녀석! 내 명령을 당장 수행해라. 그렇지 않으면 다른 수단을 동원해 너희 모두를 체포하겠다.","","False","RichterKomproBrief_1","",""
"Scripts/Content/Items/MissionItems_3.d:1232","Die Sache steigt morgen Nacht. Larius wird schon misstrauisch. ","일은 내일 밤에 벌인다. 라리우스가 이미 의심하기 시작했어. ","","False","RichterKomproBrief_2","",""
"Scripts/Content/Items/MissionItems_3.d:1233","Wenn wir ihm das Geld nicht jetzt aus der Tasche ziehen, gibt es vielleicht nicht noch eine Gelegenheit dazu. Ich werde dafür sorgen, dass ihr ihn heute abend auf dem Marktplatz antreffen werdet. ","지금 그의 주머니에서 돈을 빼내지 않으면 기회가 다시 오지 않을지도 모른다. 오늘 저녁에 그가 시장 광장에서 너희와 마주치도록 내가 손을 쓰겠다. ","","False","RichterKomproBrief_3","",""
"Scripts/Content/Items/MissionItems_3.d:1234","Macht aber kein Aufsehen, sonst wird euch die Miliz niederprügeln, bevor ihr noch wisst, was los ist.","하지만 소란 피우지 마라. 영문도 모른 채 민병대에게 두들겨 맞을 테니까.","","False","RichterKomproBrief_4","",""
"Scripts/Content/Items/MissionItems_3.d:1235","Nur so nebenbei: Wenn er dabei umkommen sollte, habe ich auch nichts dagegen.","그나저나, 그 과정에서 그가 죽는다고 해도 난 상관없다.","","False","RichterKomproBrief_5","",""
"Scripts/Content/Items/MissionItems_3.d:1236","          Oberster Richter und ","          대법관 겸 ","","False","RichterKomproBrief_6","",""
"Scripts/Content/Items/MissionItems_3.d:1237","          königlicher Sekretär","          왕실 서기관","","False","RichterKomproBrief_7","",""
"Scripts/Content/Items/MissionItems_3.d:1269","Brief","편지","","False","ItWr_MorgahardTip.name","",""
"Scripts/Content/Items/MissionItems_3.d:1283","","","","","ItWr_MorgahardTip.text[0]","",""
"Scripts/Content/Items/MissionItems_3.d:1284","","","","","ItWr_MorgahardTip.text[1]","",""
"Scripts/Content/Items/MissionItems_3.d:1285","","","","","ItWr_MorgahardTip.text[2]","",""
"Scripts/Content/Items/MissionItems_3.d:1286","","","","","ItWr_MorgahardTip.text[3]","",""
"Scripts/Content/Items/MissionItems_3.d:1287","","","","","ItWr_MorgahardTip.text[4]","",""
"Scripts/Content/Items/MissionItems_3.d:1288","","","","","ItWr_MorgahardTip.text[5]","",""
"Scripts/Content/Items/MissionItems_3.d:1291","Ich bin schon mal vorraus gegangen. Ich hoffe, wir werden uns alle in etwas ruhigeren Zeiten wieder sehen.","나는 먼저 앞서 갔다. 좀 더 평화로워진 시기에 우리 모두 다시 만나기를 바란다.","","False","MorgahardTip_1","",""
"Scripts/Content/Items/MissionItems_3.d:1292","Keine Bange, Jungs. Wenn alle Stricke reißen, werde ich Onar bitten, die Sache für uns zu erledigen.","걱정 마라, 얘들아. 정 안 되면 오나르에게 부탁해서 해결해 달라고 할 테니까.","","False","MorgahardTip_2","",""
"Scripts/Content/Items/MissionItems_3.d:1293","Es wird schon alles gut gehen.","모든 게 잘 될 거야.","","False","MorgahardTip_3","",""
"Scripts/Content/Items/MissionItems_3.d:1294","     M.","     M.","","False","MorgahardTip_4","",""
"Scripts/Content/Items/MissionItems_3.d:1325","Karte der heiligen Schreine","성소 지도","","False","ItWr_Map_Shrine_MIS.name","",""
"Scripts/Content/Items/MissionItems_3.d:1339","","","","","ItWr_Map_Shrine_MIS.text[0]","",""
"Scripts/Content/Items/MissionItems_3.d:1340","","","","","ItWr_Map_Shrine_MIS.text[1]","",""
"Scripts/Content/Items/MissionItems_3.d:1341","","","","","ItWr_Map_Shrine_MIS.text[2]","",""
"Scripts/Content/Items/MissionItems_3.d:1342","","","","","ItWr_Map_Shrine_MIS.text[3]","",""
"Scripts/Content/Items/MissionItems_3.d:1343","","","","","ItWr_Map_Shrine_MIS.text[4]","",""
"Scripts/Content/Items/MissionItems_3.d:1369","Der Geist des Weines","와인의 영혼","","False","ItWr_VinosKellergeister_Mis.name","",""
"Scripts/Content/Items/MissionItems_3.d:1383","","","","","ItWr_VinosKellergeister_Mis.text[0]","",""
"Scripts/Content/Items/MissionItems_3.d:1384","","","","","ItWr_VinosKellergeister_Mis.text[1]","",""
"Scripts/Content/Items/MissionItems_3.d:1385","","","","","ItWr_VinosKellergeister_Mis.text[2]","",""
"Scripts/Content/Items/MissionItems_3.d:1386","","","","","ItWr_VinosKellergeister_Mis.text[3]","",""
"Scripts/Content/Items/MissionItems_3.d:1387","","","","","ItWr_VinosKellergeister_Mis.text[4]","",""
"Scripts/Content/Items/MissionItems_3.d:1391","Die Kraft der Traube","포도의 힘","","False","VinosKellergeister_Mis_1","",""
"Scripts/Content/Items/MissionItems_3.d:1392","...ich habe schon eine Menge ausprobiert, doch diese Frucht, die mir letzte Woche von Übersee geliefert wurde, übertrifft meine kühnsten Erwartungen...","...난 온갖 시도를 해봤지만, 지난주에 바다 건너서 배달된 이 과일은 내 기대를 훨씬 뛰어넘는다...","","False","VinosKellergeister_Mis_2","",""
"Scripts/Content/Items/MissionItems_3.d:1393","...der Saft dieser Traube ist so früchtig, wie keine andere, die man in diesem Teil des Landes finden kann...","...이 포도의 즙은 이 나라 어느 곳에서도 찾을 수 없는 과일 향을 뿜어낸다...","","False","VinosKellergeister_Mis_3","",""
"Scripts/Content/Items/MissionItems_3.d:1394","...so weit so gut. Ich kann aber immer noch nicht den Gedanken verdrängen, hier in meiner geheimen Schnapsbrennerei erwischt zu werden. Keine Ahnung, was die mit mir machen, wenn die Miliz mich hier entdeckt, ich fürchte, dann werde ich höchstwahrscheilich in die Barriere geworfen...","...여기까지는 좋다. 하지만 나의 이 비밀 증류소에서 들키지 않을까 하는 걱정을 여전히 떨쳐낼 수가 없다. 민병대가 나를 여기서 발견하면 어떻게 나올지 모른다. 아마 장벽 너머로 던져버리겠지...","","False","VinosKellergeister_Mis_4","",""
"Scripts/Content/Items/MissionItems_3.d:1395","...sie haben Verdacht geschöpft. Ich werde hier erst mal alles stehen und liegen lassen, bis sich die Wogen geglättet haben und werde meine Arbeit erst wieder aufnehmen, wenn ich mir sicher sein kann, dass sie mir nicht mehr folgen...","...그들이 의심하기 시작했다. 잠시 모든 걸 내버려 두고 상황이 잠잠해질 때까지 기다려야겠다. 그들이 더는 나를 쫓지 않는다는 확신이 들 때 다시 일을 시작해야지...","","False","VinosKellergeister_Mis_5","",""
"Scripts/Content/Items/MissionItems_4.d:25","Angars magisches Amulett","앙가르의 마법 부적","","False","ItAm_Mana_Angar_MIS.description","",""
"Scripts/Content/Items/MissionItems_4.d:26","","","","","ItAm_Mana_Angar_MIS.text[0]","",""
"Scripts/Content/Items/MissionItems_4.d:27","","","","","ItAm_Mana_Angar_MIS.text[1]","",""
"Scripts/Content/Items/MissionItems_4.d:29","","","","","ItAm_Mana_Angar_MIS.text[3]","",""
"Scripts/Content/Items/MissionItems_4.d:30","","","","","ItAm_Mana_Angar_MIS.text[4]","",""
"Scripts/Content/Items/MissionItems_4.d:60","Feros Schwert","페로의 검","","False","ItMW_1H_FerrosSword_Mis.name","",""
"Scripts/Content/Items/MissionItems_4.d:78","","","","","ItMW_1H_FerrosSword_Mis.text[0]","",""
"Scripts/Content/Items/MissionItems_4.d:79","","","","","ItMW_1H_FerrosSword_Mis.text[1]","",""
"Scripts/Content/Items/MissionItems_4.d:88","Keroloth´s Lederbeutel","케롤로트의 가죽 주머니","","False","ItMi_KerolothsGeldbeutel_MIS.name","",""
"Scripts/Content/Items/MissionItems_4.d:102","","","","","ItMi_KerolothsGeldbeutel_MIS.text[0]","",""
"Scripts/Content/Items/MissionItems_4.d:103","","","","","ItMi_KerolothsGeldbeutel_MIS.text[1]","",""
"Scripts/Content/Items/MissionItems_4.d:104","","","","","ItMi_KerolothsGeldbeutel_MIS.text[2]","",""
"Scripts/Content/Items/MissionItems_4.d:105","","","","","ItMi_KerolothsGeldbeutel_MIS.text[3]","",""
"Scripts/Content/Items/MissionItems_4.d:106","","","","","ItMi_KerolothsGeldbeutel_MIS.text[4]","",""
"Scripts/Content/Items/MissionItems_4.d:120","Keroloth´s Lederbeutel","케롤로트의 가죽 주머니","","False","ItMi_KerolothsGeldbeutelLeer_MIS.name","",""
"Scripts/Content/Items/MissionItems_4.d:134","","","","","ItMi_KerolothsGeldbeutelLeer_MIS.text[0]","",""
"Scripts/Content/Items/MissionItems_4.d:135","","","","","ItMi_KerolothsGeldbeutelLeer_MIS.text[1]","",""
"Scripts/Content/Items/MissionItems_4.d:136","","","","","ItMi_KerolothsGeldbeutelLeer_MIS.text[2]","",""
"Scripts/Content/Items/MissionItems_4.d:137","","","","","ItMi_KerolothsGeldbeutelLeer_MIS.text[3]","",""
"Scripts/Content/Items/MissionItems_4.d:138","","","","","ItMi_KerolothsGeldbeutelLeer_MIS.text[4]","",""
"Scripts/Content/Items/MissionItems_4.d:144","Sengraths Armbrust","센그라트의 석궁","","False","ItRw_SengrathsArmbrust_MIS.name","",""
"Scripts/Content/Items/MissionItems_4.d:163","","","","","ItRw_SengrathsArmbrust_MIS.text[0]","",""
"Scripts/Content/Items/MissionItems_4.d:164","","","","","ItRw_SengrathsArmbrust_MIS.text[1]","",""
"Scripts/Content/Items/MissionItems_4.d:167","","","","","ItRw_SengrathsArmbrust_MIS.text[4]","",""
"Scripts/Content/Items/MissionItems_4.d:175","Lurkerhaut","러커 가죽","","False","ItAt_TalbinsLurkerSkin.name","",""
"Scripts/Content/Items/MissionItems_4.d:186","Im Innern ist der Name ´Talbin´ eingebrand","안쪽에는 '탈빈'이라는 이름이 새겨져 있다.","","False","ItAt_TalbinsLurkerSkin.text[0]","",""
"Scripts/Content/Items/MissionItems_4.d:187","","","","","ItAt_TalbinsLurkerSkin.text[1]","",""
"Scripts/Content/Items/MissionItems_4.d:188","","","","","ItAt_TalbinsLurkerSkin.text[2]","",""
"Scripts/Content/Items/MissionItems_4.d:189","","","","","ItAt_TalbinsLurkerSkin.text[3]","",""
"Scripts/Content/Items/MissionItems_4.d:190","","","","","ItAt_TalbinsLurkerSkin.text[4]","",""
"Scripts/Content/Items/MissionItems_4.d:199","Drachen-Ei","드래곤 알","","False","ItAt_DragonEgg_MIS.name","",""
"Scripts/Content/Items/MissionItems_4.d:210","Das Ei ist warm und von innen","알은 따뜻하며 안에서","","False","ItAt_DragonEgg_MIS.text[0]","",""
"Scripts/Content/Items/MissionItems_4.d:211","hört man leises Kratzen","희미한 긁는 소리가 난다.","","False","ItAt_DragonEgg_MIS.text[1]","",""
"Scripts/Content/Items/MissionItems_4.d:212","","","","","ItAt_DragonEgg_MIS.text[2]","",""
"Scripts/Content/Items/MissionItems_4.d:213","","","","","ItAt_DragonEgg_MIS.text[3]","",""
"Scripts/Content/Items/MissionItems_4.d:214","","","","","ItAt_DragonEgg_MIS.text[4]","",""
"Scripts/Content/Items/MissionItems_4.d:224","Ring der orkischen Kriegsherren","오크 전쟁군주들의 반지","","False","ItRi_OrcEliteRing.name","",""
"Scripts/Content/Items/MissionItems_4.d:242","Der Ring ist rauh und strahlt eine","반지는 거칠고","","False","ItRi_OrcEliteRing.text[0]","",""
"Scripts/Content/Items/MissionItems_4.d:243","seltsame Kälte aus","이상한 냉기를 뿜어낸다.","","False","ItRi_OrcEliteRing.text[1]","",""
"Scripts/Content/Items/MissionItems_4.d:244","","","","","ItRi_OrcEliteRing.text[2]","",""
"Scripts/Content/Items/MissionItems_4.d:245","","","","","ItRi_OrcEliteRing.text[3]","",""
"Scripts/Content/Items/MissionItems_4.d:246","","","","","ItRi_OrcEliteRing.text[4]","",""
"Scripts/Content/Items/MissionItems_4.d:285","Trank aus Dracheneisekret","용의 알 분비물로 만든 포션","","False","ItPo_DragonEggDrinkNeoras_MIS.description","",""
"Scripts/Content/Items/MissionItems_4.d:286","","","","","ItPo_DragonEggDrinkNeoras_MIS.text[0]","",""
"Scripts/Content/Items/MissionItems_4.d:287","","","","","ItPo_DragonEggDrinkNeoras_MIS.text[1]","",""
"Scripts/Content/Items/MissionItems_4.d:288","","","","","ItPo_DragonEggDrinkNeoras_MIS.text[2]","",""
"Scripts/Content/Items/MissionItems_4.d:289","Wirkung unbekannt","효과는 알려지지 않았다.","","False","ItPo_DragonEggDrinkNeoras_MIS.text[3]","",""
"Scripts/Content/Items/MissionItems_4.d:290","","","","","ItPo_DragonEggDrinkNeoras_MIS.text[4]","",""
"Scripts/Content/Items/MissionItems_4.d:310","Kriegskarte der Orks","오크 전쟁 지도","","False","ItWr_Map_Orcelite_MIS.name","",""
"Scripts/Content/Items/MissionItems_4.d:324","","","","","ItWr_Map_Orcelite_MIS.text[0]","",""
"Scripts/Content/Items/MissionItems_4.d:325","","","","","ItWr_Map_Orcelite_MIS.text[1]","",""
"Scripts/Content/Items/MissionItems_4.d:326","","","","","ItWr_Map_Orcelite_MIS.text[2]","",""
"Scripts/Content/Items/MissionItems_4.d:327","","","","","ItWr_Map_Orcelite_MIS.text[3]","",""
"Scripts/Content/Items/MissionItems_4.d:328","","","","","ItWr_Map_Orcelite_MIS.text[4]","",""
"Scripts/Content/Items/MissionItems_4.d:364","Die Höhlen von Khorinis","코리니스의 동굴","","False","ItWr_Map_Caves_MIS.name","",""
"Scripts/Content/Items/MissionItems_4.d:378","","","","","ItWr_Map_Caves_MIS.text[0]","",""
"Scripts/Content/Items/MissionItems_4.d:379","","","","","ItWr_Map_Caves_MIS.text[1]","",""
"Scripts/Content/Items/MissionItems_4.d:380","","","","","ItWr_Map_Caves_MIS.text[2]","",""
"Scripts/Content/Items/MissionItems_4.d:381","","","","","ItWr_Map_Caves_MIS.text[3]","",""
"Scripts/Content/Items/MissionItems_4.d:382","","","","","ItWr_Map_Caves_MIS.text[4]","",""
"Scripts/Content/Items/MissionItems_5.d:7","Xardas Brief","자다스의 편지","","False","ItWr_XardasLetterToOpenBook_MIS.name","",""
"Scripts/Content/Items/MissionItems_5.d:21","","","","","ItWr_XardasLetterToOpenBook_MIS.text[0]","",""
"Scripts/Content/Items/MissionItems_5.d:22","","","","","ItWr_XardasLetterToOpenBook_MIS.text[1]","",""
"Scripts/Content/Items/MissionItems_5.d:23","","","","","ItWr_XardasLetterToOpenBook_MIS.text[2]","",""
"Scripts/Content/Items/MissionItems_5.d:24","","","","","ItWr_XardasLetterToOpenBook_MIS.text[3]","",""
"Scripts/Content/Items/MissionItems_5.d:25","","","","","ItWr_XardasLetterToOpenBook_MIS.text[4]","",""
"Scripts/Content/Items/MissionItems_5.d:26","","","","","ItWr_XardasLetterToOpenBook_MIS.text[5]","",""
"Scripts/Content/Items/MissionItems_5.d:29","Ich hatte vermutet, einer der Drachen im Minental sei die Quelle der bösen Macht.","나는 광산 골짜기의 드래곤 중 하나가 악의 힘의 근원이라고 추측했었다.","","False","XardasLetterToOpenBook_1","",""
"Scripts/Content/Items/MissionItems_5.d:30","Ich habe mich geirrt.","내가 틀렸었다.","","False","XardasLetterToOpenBook_2","",""
"Scripts/Content/Items/MissionItems_5.d:31","Wenn alles so gekommen ist, wie ich es vermute, ","모든 것이 내가 짐작한 대로 흘러갔다면, ","","False","XardasLetterToOpenBook_3","",""
"Scripts/Content/Items/MissionItems_5.d:32","wirst du jetzt nach den Hallen von Irdorath suchen. ","너는 이제 이르도라스의 전당을 찾고 있을 것이다. ","","False","XardasLetterToOpenBook_4","",""
"Scripts/Content/Items/MissionItems_5.d:33","Das Buch, das du Pyrokar gegeben hast, enthält alle Hinweise, die du brauchst.","네가 파이로카에게 준 책에는 네가 필요한 모든 단서가 담겨 있다.","","False","XardasLetterToOpenBook_5","",""
"Scripts/Content/Items/MissionItems_5.d:34","Mir hätte klar sein sollen, warum die Suchenden","왜 시커들이 그것을 손에","","False","XardasLetterToOpenBook_6","",""
"Scripts/Content/Items/MissionItems_5.d:35"," es in ihren Besitz bringen wollten."," 넣으려 했는지 이제 알 것 같군.","","False","XardasLetterToOpenBook_7","",""
"Scripts/Content/Items/MissionItems_5.d:36","Du mußt es dir wiederbeschaffen!","다시 찾아와야 한다!","","False","XardasLetterToOpenBook_8","",""
"Scripts/Content/Items/MissionItems_5.d:37","Die Worte 'XARAK BENDARDO' werden es öffnen. Verrate sie niemandem!","'자락 벤다르도'라는 단어가 그것을 열 것이다. 누구에게도 말하지 마라!","","False","XardasLetterToOpenBook_9","",""
"Scripts/Content/Items/MissionItems_5.d:38","Ich werde mich nun wichtigeren Dingen widmen.","나는 이제 더 중요한 일에 전념할 것이다.","","False","XardasLetterToOpenBook_10","",""
"Scripts/Content/Items/MissionItems_5.d:39","Ich kann dir bei deiner letzten Aufgabe nicht beistehen - nur du kannst es schaffen, die Quelle des Bösen zu bezwingen.","네 마지막 임무는 도와줄 수 없다 — 악의 근원을 무찌르는 것은 오직 너만이 해낼 수 있다.","","False","XardasLetterToOpenBook_11","",""
"Scripts/Content/Items/MissionItems_5.d:40","Wir werden uns wiedersehen! ","우린 다시 만나게 될 것이다! ","","False","XardasLetterToOpenBook_12","",""
"Scripts/Content/Items/MissionItems_5.d:41","                             Xardas.","                             자다스.","","False","XardasLetterToOpenBook_13","",""
"Scripts/Content/Items/MissionItems_5.d:84","Schlüssel","열쇠","","False","ItKe_MonastarySecretLibrary_Mis.name","",""
"Scripts/Content/Items/MissionItems_5.d:95","aus dem Buch ´Die Hallen von Irdorath´","'이르도라스의 전당' 책에서 나온","","False","ItKe_MonastarySecretLibrary_Mis.text[0]","",""
"Scripts/Content/Items/MissionItems_5.d:96","","","","","ItKe_MonastarySecretLibrary_Mis.text[1]","",""
"Scripts/Content/Items/MissionItems_5.d:97","","","","","ItKe_MonastarySecretLibrary_Mis.text[2]","",""
"Scripts/Content/Items/MissionItems_5.d:98","","","","","ItKe_MonastarySecretLibrary_Mis.text[3]","",""
"Scripts/Content/Items/MissionItems_5.d:99","","","","","ItKe_MonastarySecretLibrary_Mis.text[4]","",""
"Scripts/Content/Items/MissionItems_5.d:109","Die Hallen von Irdorath","이르도라스의 전당","","False","ItWr_HallsofIrdorath_Mis.name","",""
"Scripts/Content/Items/MissionItems_5.d:123","","","","","ItWr_HallsofIrdorath_Mis.text[0]","",""
"Scripts/Content/Items/MissionItems_5.d:124","","","","","ItWr_HallsofIrdorath_Mis.text[1]","",""
"Scripts/Content/Items/MissionItems_5.d:125","","","","","ItWr_HallsofIrdorath_Mis.text[2]","",""
"Scripts/Content/Items/MissionItems_5.d:126","","","","","ItWr_HallsofIrdorath_Mis.text[3]","",""
"Scripts/Content/Items/MissionItems_5.d:127","","","","","ItWr_HallsofIrdorath_Mis.text[4]","",""
"Scripts/Content/Items/MissionItems_5.d:166","Die Hallen von Irdorath","이르도라스의 전당","","False","ItWr_HallsofIrdorath_Open_Mis.name","",""
"Scripts/Content/Items/MissionItems_5.d:180","","","","","ItWr_HallsofIrdorath_Open_Mis.text[0]","",""
"Scripts/Content/Items/MissionItems_5.d:181","","","","","ItWr_HallsofIrdorath_Open_Mis.text[1]","",""
"Scripts/Content/Items/MissionItems_5.d:182","","","","","ItWr_HallsofIrdorath_Open_Mis.text[2]","",""
"Scripts/Content/Items/MissionItems_5.d:183","","","","","ItWr_HallsofIrdorath_Open_Mis.text[3]","",""
"Scripts/Content/Items/MissionItems_5.d:184","","","","","ItWr_HallsofIrdorath_Open_Mis.text[4]","",""
"Scripts/Content/Items/MissionItems_5.d:188","...und so habe ich den Zugang zur Bibliothek hinter einer Geheimtür versteckt, um meine Aufzeichnungen über die Tempel Beliars zu schützen. ","...그래서 벨리알의 사원에 대한 나의 기록을 보호하기 위해 도서관 입구를 비밀문 뒤에 숨겼다. ","","False","HallsofIrdorath_Open_1","",""
"Scripts/Content/Items/MissionItems_5.d:189","Hätten meine Glaubensbrüder von der Existenz dieser Aufzeichnungen gewußt, hätten diese verblendeten Narren sicherlich alles vernichtet.","나의 동료 형제들이 이 기록들의 존재를 알았더라면, 이 눈먼 바보들은 분명 전부 파괴해 버렸을 것이다.","","False","HallsofIrdorath_Open_2","",""
"Scripts/Content/Items/MissionItems_5.d:190","Jetzt wissen sie nicht mehr, als dass es diese Tempel einmal gegeben hat.","이제 그들은 이 사원들이 한때 존재했다는 것 이상은 알지 못한다.","","False","HallsofIrdorath_Open_3","",""
"Scripts/Content/Items/MissionItems_5.d:191","Zur Sicherheit habe ich einige Diener zum Schutz der Bibliothek beschworen.","안전을 위해 나는 도서관을 보호할 하인들을 몇 명 소환했다.","","False","HallsofIrdorath_Open_4","",""
"Scripts/Content/Items/MissionItems_5.d:192","Der Schlüssel öffnet die letzte Tür.","이 열쇠는 마지막 문을 연다.","","False","HallsofIrdorath_Open_5","",""
"Scripts/Content/Items/MissionItems_5.d:245","Verstaubtes Buch","먼지 쌓인 책","","False","ItWr_XardasSeamapBook_Mis.name","",""
"Scripts/Content/Items/MissionItems_5.d:259","","","","","ItWr_XardasSeamapBook_Mis.text[0]","",""
"Scripts/Content/Items/MissionItems_5.d:260","","","","","ItWr_XardasSeamapBook_Mis.text[1]","",""
"Scripts/Content/Items/MissionItems_5.d:261","","","","","ItWr_XardasSeamapBook_Mis.text[2]","",""
"Scripts/Content/Items/MissionItems_5.d:262","","","","","ItWr_XardasSeamapBook_Mis.text[3]","",""
"Scripts/Content/Items/MissionItems_5.d:263","","","","","ItWr_XardasSeamapBook_Mis.text[4]","",""
"Scripts/Content/Items/MissionItems_5.d:267","...ich bin mir jetzt sicher, dass es sich bei diesem Bauwerk um die Hallen von Irdorath handelt. Sie befinden sich augenblicklich auf einer Insel nicht weit vor Khorinis Hafen. Beliars Interesse an den Erzminen wird immer offenkundiger...","...나는 이제 이 건물이 이르도라스의 전당이라는 것을 확신한다. 그것들은 현재 코리니스 항구에서 멀지 않은 섬에 위치해 있다. 광산들을 향한 벨리알의 관심은 점점 더 명백해지고 있다...","","False","XardasSeamapBook_Mis_1","",""
"Scripts/Content/Items/MissionItems_5.d:268","...je stärker sie sind desto eher scheinen sie es wert zu sein, ihm als Untote zu dienen. Ein solch bekehrter Paladin ist für einen Kämpfer nur schwer zu besiegen. Einer von ihnen ist mir in die Hände gefallen. Ich hoffe die anderen werden seine Anwesendheit hier unten nicht bemerken...","...그들이 강할수록 언데드로 그를 섬길 가치가 더 커지는 것 같다. 저렇게 전향된 팔라딘은 전사로서는 물리치기 매우 어렵다. 그들 중 하나가 내 손에 들어왔다. 다른 자들이 아래에 있는 그의 존재를 알아차리지 않기를 바란다...","","False","XardasSeamapBook_Mis_2","",""
"Scripts/Content/Items/MissionItems_5.d:269","...der bekehrte Paladin, scheint auf keinerlei Reize mehr zu reagieren. Ich habe seine Rüstung und seine restlichen Habseeligkeiten im hinteren Raum verstaut. Die Tür kann nur von innen geöffnet werden. Ich habe eine Teleportrune gebaut, um in den Raum zu gelangen. Die Anleitung dazu  habe ich im Almanach hinterlegt, so dass er Eine sie finden kann...","...전향된 팔라딘은 더 이상 어떤 자극에도 반응하지 않는 것으로 보인다. 나는 그의 방어구와 남은 소지품들을 뒤쪽 방에 보관해 두었다. 문은 안쪽에서만 열릴 수 있다. 나는 그 방으로 들어가기 위해 텔레포트 룬을 만들었다. 그에 대한 지침은 연감에 남겨 두어 그분이 그것을 찾을 수 있도록 했다...","","False","XardasSeamapBook_Mis_3","",""
"Scripts/Content/Items/MissionItems_5.d:270","...die Zeichen sind eindeutig! Wenn der Eine kommt, wird er jede Hilfe brauchen, die wir ihm geben können, Beliar ist schon zu stark. Mir ist es gelungen einige sehr wertvolle Artefakte zu erwerben und werde sie für den Fall der Fälle hier unten aufbewahren. Ich gehe davon aus, das der erwählte aus unseren Reihe stammt und ","...징조는 틀림없다! 그분이 오시면 그는 우리가 줄 수 있는 모든 도움이 필요할 것이다. 벨리알은 이미 너무 강하다. 나는 매우 귀중한 유물들을 몇 개 입수하는 데 성공했으며 만약을 위해 여기 아래에 보관할 것이다. 나는 선택받은 자가 우리의 대열에서 나올 것으로 가정하며 ","","False","XardasSeamapBook_Mis_4","",""
"Scripts/Content/Items/MissionItems_5.d:271","habe ihm ein paar Anweisungen in den Almanach geschreiben.","연감에 그를 위한 몇 가지 지침을 적어 놓았다.","","False","XardasSeamapBook_Mis_5","",""
"Scripts/Content/Items/MissionItems_5.d:272","...Ich bin mir nun sicher. Wir können das Schicksal nicht aufhalten. Sobalt Beliar sich stark genug fühlt, wird er sich erheben und nach der Herrschaft über die Welt greifen. Ich muss den Einen finden, sonst sind wir verloren.","...나는 이제 확신한다. 우리는 운명을 막을 수 없다. 벨리알이 스스로 충분히 강하다고 느끼는 순간 그는 일어나 세계의 지배권을 쥘 것이다. 나는 그분을 찾아야 한다. 그렇지 않으면 우리는 끝장이다.","","False","XardasSeamapBook_Mis_6","",""
"Scripts/Content/Items/MissionItems_5.d:273","...es wird einen Krieg geben, einen Krieg um das Schicksal der Welt. Ich scheine der Einzige zu zu sein, der die Vorzeichen deuten kann. Um mich herum scheint sie jeder zu ignorieren. Es wird der Eine kommen und mit seinem Erscheinen hat der Krieg begonnen. Dieser Krieg ist so alt wie die Zeit, aber es scheint sich eine Entscheidung abzuzeichenen  ","...전쟁이 일어날 것이다. 세계의 운명을 건 전쟁이. 나는 징조를 읽어낼 수 있는 유일한 사람인 것 같다. 내 주변의 모든 이들은 그것을 무시하는 듯하다. 그분이 올 것이며 그의 출현과 함께 전쟁이 시작될 것이다. 이 전쟁은 시간만큼이나 오래되었지만 결말이 드러나는 것 같다  ","","False","XardasSeamapBook_Mis_7","",""
"Scripts/Content/Items/MissionItems_5.d:274","und ich werde nicht tatenlos zusehen, wie Andere das Geschick der Welt in ihre Hände nehmen.","그리고 다른 자들이 세상의 운명을 자기 손에 쥐는 것을 나는 손 놓고 지켜보지 않을 것이다.","","False","XardasSeamapBook_Mis_8","",""
"Scripts/Content/Items/MissionItems_5.d:275","...Ich habe die alten Schriften studiert und Anleitung gefunden wie man die sagenumwobenen Waffen der alten Drachenherren herstellen kann. Allerdings kann ich mir nicht vorstellen, wo man die Zutaten herbekommen soll. Zur Sicherheit habe ich das Rezept im Almanach niedergelegt, wer von uns kann schon sagen, was die Zukunft uns bringen mag, vielleicht ja sogar Drachen.","...나는 고대 문서를 연구하여 고대 드래곤 군주들의 전설적인 무기를 만드는 방법을 찾아냈다. 하지만 재료를 어디서 구해야 할지 짐작조차 할 수 없다. 안전을 위해 연감에 레시피를 적어 두었다. 우리 중 누가 미래가 우리에게 무엇을 가져다줄지 알 수 있겠는가, 어쩌면 드래곤까지도 말이다.","","False","XardasSeamapBook_Mis_9","",""
"Scripts/Content/Items/MissionItems_5.d:342","Zerknüllter Brief","구겨진 편지","","False","ItWr_UseLampIdiot_Mis.name","",""
"Scripts/Content/Items/MissionItems_5.d:356","aus dem Buch ´Die Hallen von Irdorath´","'이르도라스의 전당' 책에서 나온","","False","ItWr_UseLampIdiot_Mis.text[0]","",""
"Scripts/Content/Items/MissionItems_5.d:359","     Die Lampe bringt Licht ","     램프는 빛을 가져온다 ","","False","ItWr_UseLampIdiot_Mis_1","",""
"Scripts/Content/Items/MissionItems_5.d:360","     in die unteren Gefilde","     아랫세계로","","False","ItWr_UseLampIdiot_Mis_2","",""
"Scripts/Content/Items/MissionItems_5.d:398","Seekarte zur Insel von Irdorath","이르도라스 섬 해도","","False","ItWr_Seamap_Irdorath.name","",""
"Scripts/Content/Items/MissionItems_5.d:412","","","","","ItWr_Seamap_Irdorath.text[0]","",""
"Scripts/Content/Items/MissionItems_5.d:413","","","","","ItWr_Seamap_Irdorath.text[1]","",""
"Scripts/Content/Items/MissionItems_5.d:414","","","","","ItWr_Seamap_Irdorath.text[2]","",""
"Scripts/Content/Items/MissionItems_5.d:415","","","","","ItWr_Seamap_Irdorath.text[3]","",""
"Scripts/Content/Items/MissionItems_5.d:416","","","","","ItWr_Seamap_Irdorath.text[4]","",""
"Scripts/Content/Items/MissionItems_5.d:452","Schiffsbrief","선박 증서","","False","ITWr_ForgedShipLetter_MIS.name","",""
"Scripts/Content/Items/MissionItems_5.d:466","","","","","ITWr_ForgedShipLetter_MIS.text[0]","",""
"Scripts/Content/Items/MissionItems_5.d:467","","","","","ITWr_ForgedShipLetter_MIS.text[1]","",""
"Scripts/Content/Items/MissionItems_5.d:468","","","","","ITWr_ForgedShipLetter_MIS.text[2]","",""
"Scripts/Content/Items/MissionItems_5.d:469","Ermächtigungsschreiben","위임장","","False","ITWr_ForgedShipLetter_MIS.text[3]","",""
"Scripts/Content/Items/MissionItems_5.d:470","für das Schiff der Paladine","팔라딘의 배에 대한","","False","ITWr_ForgedShipLetter_MIS.text[4]","",""
"Scripts/Content/Items/MissionItems_5.d:473"," Ermächtigungsschreiben"," 위임장","","False","ITWr_ForgedShipLetter_MIS_1","",""
"Scripts/Content/Items/MissionItems_5.d:474"," Diese Urkunde berechtigt seinen"," 이 문서는 소지자가","","False","ITWr_ForgedShipLetter_MIS_2","",""
"Scripts/Content/Items/MissionItems_5.d:475"," Besitzer, sich auf unbestimmte Zeit auf der"," 헤이건 경의 왕실","","False","ITWr_ForgedShipLetter_MIS_3","",""
"Scripts/Content/Items/MissionItems_5.d:476"," königlichen Kriegsgaleree von Lord Hagen"," 전투 갤리선에 무기한 머무르며","","False","ITWr_ForgedShipLetter_MIS_4","",""
"Scripts/Content/Items/MissionItems_5.d:477"," aufzuhalten oder das Schiff zu führen."," 막거나 배를 지휘할 수 있다.","","False","ITWr_ForgedShipLetter_MIS_5","",""
"Scripts/Content/Items/MissionItems_5.d:478","     königliches Siegel","     왕실 인장","","False","ITWr_ForgedShipLetter_MIS_6","",""
"Scripts/Content/Items/MissionItems_5.d:514","Turmschlüssel der Haupttorwache","정문 경비대 탑 열쇠","","False","ITKE_OC_MAINGATE_MIS.name","",""
"Scripts/Content/Items/MissionItems_5.d:525","","","","","ITKE_OC_MAINGATE_MIS.text[0]","",""
"Scripts/Content/Items/MissionItems_5.d:526","","","","","ITKE_OC_MAINGATE_MIS.text[1]","",""
"Scripts/Content/Items/MissionItems_5.d:527","","","","","ITKE_OC_MAINGATE_MIS.text[2]","",""
"Scripts/Content/Items/MissionItems_5.d:528","","","","","ITKE_OC_MAINGATE_MIS.text[3]","",""
"Scripts/Content/Items/MissionItems_5.d:529","","","","","ITKE_OC_MAINGATE_MIS.text[4]","",""
"Scripts/Content/Items/MissionItems_5.d:535","Kajütenschlüssel des Kapitäns","선장실 열쇠","","False","ITKE_SHIP_LEVELCHANGE_MIS.name","",""
"Scripts/Content/Items/MissionItems_5.d:546","","","","","ITKE_SHIP_LEVELCHANGE_MIS.text[0]","",""
"Scripts/Content/Items/MissionItems_5.d:547","","","","","ITKE_SHIP_LEVELCHANGE_MIS.text[1]","",""
"Scripts/Content/Items/MissionItems_5.d:548","","","","","ITKE_SHIP_LEVELCHANGE_MIS.text[2]","",""
"Scripts/Content/Items/MissionItems_5.d:549","","","","","ITKE_SHIP_LEVELCHANGE_MIS.text[3]","",""
"Scripts/Content/Items/MissionItems_5.d:550","","","","","ITKE_SHIP_LEVELCHANGE_MIS.text[4]","",""
"Scripts/Content/Items/MissionItems_5.d:572","Die Tränen Innos","이노스의 눈물","","False","ItPo_PotionOfDeath_01_Mis.description","",""
"Scripts/Content/Items/MissionItems_5.d:573","","","","","ItPo_PotionOfDeath_01_Mis.text[0]","",""
"Scripts/Content/Items/MissionItems_5.d:574","???","???","","False","ItPo_PotionOfDeath_01_Mis.text[1]","",""
"Scripts/Content/Items/MissionItems_5.d:575","","","","","ItPo_PotionOfDeath_01_Mis.text[2]","",""
"Scripts/Content/Items/MissionItems_5.d:576","","","","","ItPo_PotionOfDeath_01_Mis.text[3]","",""
"Scripts/Content/Items/MissionItems_5.d:577","","","","","ItPo_PotionOfDeath_01_Mis.text[4]","",""
"Scripts/Content/Items/MissionItems_5.d:630","Die Tränen Innos","이노스의 눈물","","False","ItPo_PotionOfDeath_02_Mis.description","",""
"Scripts/Content/Items/MissionItems_5.d:631","","","","","ItPo_PotionOfDeath_02_Mis.text[0]","",""
"Scripts/Content/Items/MissionItems_5.d:632","Magiern des Feuers verleiht dieser Trank ungeahnte Kräfte.","화염의 마법사에게 이 포션은 상상도 못한 힘을 부여한다.","","False","ItPo_PotionOfDeath_02_Mis.text[1]","",""
"Scripts/Content/Items/MissionItems_5.d:633","Jeder andere wird den Tod finden.","다른 누구나 죽음을 맞이할 것이다.","","False","ItPo_PotionOfDeath_02_Mis.text[2]","",""
"Scripts/Content/Items/MissionItems_5.d:634","","","","","ItPo_PotionOfDeath_02_Mis.text[3]","",""
"Scripts/Content/Items/MissionItems_5.d:635","","","","","ItPo_PotionOfDeath_02_Mis.text[4]","",""
"Scripts/Content/Items/MissionItems_5.d:645","Innos göttliche Aura","이노스의 신성한 오라","","False","ItAm_AmulettOfDeath_Mis.name","",""
"Scripts/Content/Items/MissionItems_5.d:662","Innos göttlich Aura","이노스의 신성한 오라.","","False","ItAm_AmulettOfDeath_Mis.description","",""
"Scripts/Content/Items/MissionItems_5.d:663","","","","","ItAm_AmulettOfDeath_Mis.text[0]","",""
"Scripts/Content/Items/MissionItems_5.d:664","","","","","ItAm_AmulettOfDeath_Mis.text[1]","",""
"Scripts/Content/Items/MissionItems_5.d:665","Dieses Amulett verleiht dem Träger ","이 부적은 착용자에게 ","","False","ItAm_AmulettOfDeath_Mis.text[2]","",""
"Scripts/Content/Items/MissionItems_5.d:666","Schutz vor jeglichem Schaden.","모든 종류의 피해로부터 보호를 제공한다.","","False","ItAm_AmulettOfDeath_Mis.text[3]","",""
"Scripts/Content/Items/MissionItems_5.d:667","","","","","ItAm_AmulettOfDeath_Mis.text[4]","",""
"Scripts/Content/Items/MissionItems_5.d:717","Heilung der Sucht","중독 치료","","False","ItPo_HealRandolph_MIS.description","",""
"Scripts/Content/Items/MissionItems_5.d:718","","","","","ItPo_HealRandolph_MIS.text[0]","",""
"Scripts/Content/Items/MissionItems_5.d:720","","","","","ItPo_HealRandolph_MIS.text[2]","",""
"Scripts/Content/Items/MissionItems_5.d:721","","","","","ItPo_HealRandolph_MIS.text[3]","",""
"Scripts/Content/Items/MissionItems_5.d:722","","","","","ItPo_HealRandolph_MIS.text[4]","",""
"Scripts/Content/Items/MissionItems_6.d:8","Äußerst seltsamer Lederbeutel","아주 이상한 가죽 주머니","","False","ItSe_XardasNotfallBeutel_MIS.name","",""
"Scripts/Content/Items/MissionItems_6.d:22","","","","","ItSe_XardasNotfallBeutel_MIS.text[0]","",""
"Scripts/Content/Items/MissionItems_6.d:23","In dem Beutel scheinen","주머니 안에는","","False","ItSe_XardasNotfallBeutel_MIS.text[1]","",""
"Scripts/Content/Items/MissionItems_6.d:24","ein harter Gegenstand ","단단한 물건 하나와 ","","False","ItSe_XardasNotfallBeutel_MIS.text[2]","",""
"Scripts/Content/Items/MissionItems_6.d:25","und ein Schriftstück zu sein.","문서 하나가 들어 있는 것 같다.","","False","ItSe_XardasNotfallBeutel_MIS.text[3]","",""
"Scripts/Content/Items/MissionItems_6.d:26","","","","","ItSe_XardasNotfallBeutel_MIS.text[4]","",""
"Scripts/Content/Items/MissionItems_6.d:47","Xardas´ Ermahnungsbrief","자다스의 경고 편지","","False","ItWr_XardasErmahnungFuerIdioten_MIS.name","",""
"Scripts/Content/Items/MissionItems_6.d:61","","","","","ItWr_XardasErmahnungFuerIdioten_MIS.text[0]","",""
"Scripts/Content/Items/MissionItems_6.d:62","","","","","ItWr_XardasErmahnungFuerIdioten_MIS.text[1]","",""
"Scripts/Content/Items/MissionItems_6.d:63","","","","","ItWr_XardasErmahnungFuerIdioten_MIS.text[2]","",""
"Scripts/Content/Items/MissionItems_6.d:64","","","","","ItWr_XardasErmahnungFuerIdioten_MIS.text[3]","",""
"Scripts/Content/Items/MissionItems_6.d:65","","","","","ItWr_XardasErmahnungFuerIdioten_MIS.text[4]","",""
"Scripts/Content/Items/MissionItems_6.d:66","","","","","ItWr_XardasErmahnungFuerIdioten_MIS.text[5]","",""
"Scripts/Content/Items/MissionItems_6.d:69","Mein junger Schützling, du hast mich bitter enttäuscht. Wie konntest nur mit dem Schiff aufbrechen, ohne das Auge Innos in deinem Gepäck?","나의 젊은 제자여, 너는 나를 몹시 실망시켰다. 가방 속에 이노스의 눈도 넣지 않은 채 어떻게 배를 타고 떠날 수 있었단 말인가?","","False","XardasErmahnungFuerIdioten_1","",""
"Scripts/Content/Items/MissionItems_6.d:70","Ich kann nur hoffen, dass deine Nachlässigkeit Grenzen hat. Sonst wirst du niemals die Welt von dem Übel dieser Welt befreien und ich werde dich persönlich töten müssen für deine Dummheit.","네 부주의에도 한도가 있기를 바랄 뿐이다. 그렇지 않다면 너는 결코 세상의 악을 없애지 못할 것이며, 나는 네 어리석음 때문에 직접 너를 처단해야 할 것이다.","","False","XardasErmahnungFuerIdioten_2","",""
"Scripts/Content/Items/MissionItems_6.d:71","                      Xardas","                      자다스","","False","XardasErmahnungFuerIdioten_3","",""
"Scripts/Content/Items/MissionItems_6.d:103","alter Brief","낡은 편지","","False","ItWr_Krypta_Garon.name","",""
"Scripts/Content/Items/MissionItems_6.d:117","","","","","ItWr_Krypta_Garon.text[0]","",""
"Scripts/Content/Items/MissionItems_6.d:118","","","","","ItWr_Krypta_Garon.text[1]","",""
"Scripts/Content/Items/MissionItems_6.d:119","","","","","ItWr_Krypta_Garon.text[2]","",""
"Scripts/Content/Items/MissionItems_6.d:120","mit zittriger Schrift geschrieben","떨리는 글씨로 쓰여 있음","","False","ItWr_Krypta_Garon.text[3]","",""
"Scripts/Content/Items/MissionItems_6.d:123","Ich habe versagt. Meine Bemühungen Inubis auf den Pfad der Rechtschaffenen zurück zu bringen waren vergebens ","나는 실패했다. 이누비스를 의로운 자의 길로 되돌리려는 나의 노력은 헛수고였다 ","","False","Krypta_Garon_1","",""
"Scripts/Content/Items/MissionItems_6.d:124","Erst dachte ich, ich sei tot. Doch es steckt noch Kraft in den alten Knochen Ivans. ","처음에는 내가 죽은 줄 알았다. 하지만 이반의 늙은 뼈에는 아직 힘이 남아 있다. ","","False","Krypta_Garon_2","",""
"Scripts/Content/Items/MissionItems_6.d:125","Inubis ist wiederauferstanden von den Toten. Verbannt vom alten Orden der Paladine sinnt er nur noch nach Rache für seinen Fluch.","이누비스가 죽음에서 부활했다. 고대 팔라딘 기사단에게 추방당한 그는 자신의 저주에 대한 복수만을 꾀하고 있다.","","False","Krypta_Garon_3","",""
"Scripts/Content/Items/MissionItems_6.d:126","Viele seiner Anhänger sind ihm gefolgt. Ich weiß nicht, wie es passieren konnte, dass ein Feldherr wie Inubis so dem Bösen verfällt. ","그의 추종자 다수가 그를 따랐다. 이누비스 같은 군사령관이 어떻게 그렇게 악에 빠지게 되었는지 나는 알 수가 없다. ","","False","Krypta_Garon_4","",""
"Scripts/Content/Items/MissionItems_6.d:127","In dieser Krypta habe ich sein Grab gefunden. Doch ob ich jemals einem Menschen davon berichten kann, ist nicht gewiss. Darum schreibe ich diese Zeilen in der Hoffnung, dass sie gefunden werden.","나는 이 납골당에서 그의 무덤을 찾았다. 하지만 내가 이것을 언젠가 사람들에게 알릴 수 있을지는 확실하지 않다. 그래서 나는 이 글을 발견되기를 바라며 적는다.","","False","Krypta_Garon_5","",""
"Scripts/Content/Items/MissionItems_6.d:128","Seid gewarnt. Ein mächtiger Feind streckt seine Klauen nach den Seelen der Rechtschaffenen. Inubis wird nicht der letzte sein.","경고한다. 강력한 적이 의로운 자들의 영혼을 향해 발톱을 뻗고 있다. 이누비스가 마지막이 아닐 것이다.","","False","Krypta_Garon_6","",""
"Scripts/Content/Items/MissionItems_6.d:130","Möge Innos eure Seelen beschützen.","이노스께서 너희의 영혼을 보호하시기를.","","False","Krypta_Garon_7","",""
"Scripts/Content/Items/MissionItems_6.d:131","                                 Ivan","                                 이반","","False","Krypta_Garon_8","",""
"Scripts/Content/Items/MissionItems_6.d:171","Schlüssel des Orkischen Obersts","오크 대령의 열쇠","","False","ItKe_OrkKnastDI_MIS.name","",""
"Scripts/Content/Items/MissionItems_6.d:182","","","","","ItKe_OrkKnastDI_MIS.text[0]","",""
"Scripts/Content/Items/MissionItems_6.d:183","","","","","ItKe_OrkKnastDI_MIS.text[1]","",""
"Scripts/Content/Items/MissionItems_6.d:184","","","","","ItKe_OrkKnastDI_MIS.text[2]","",""
"Scripts/Content/Items/MissionItems_6.d:185","","","","","ItKe_OrkKnastDI_MIS.text[3]","",""
"Scripts/Content/Items/MissionItems_6.d:186","","","","","ItKe_OrkKnastDI_MIS.text[4]","",""
"Scripts/Content/Items/MissionItems_6.d:192","Schlüssel des Archol","아르콜의 열쇠","","False","ItKe_EVT_UNDEAD_01.name","",""
"Scripts/Content/Items/MissionItems_6.d:203","","","","","ItKe_EVT_UNDEAD_01.text[0]","",""
"Scripts/Content/Items/MissionItems_6.d:204","","","","","ItKe_EVT_UNDEAD_01.text[1]","",""
"Scripts/Content/Items/MissionItems_6.d:214","Schlüssel des Schlüsselmeisters","열쇠지기의 열쇠","","False","ItKe_EVT_UNDEAD_02.name","",""
"Scripts/Content/Items/MissionItems_6.d:225","","","","","ItKe_EVT_UNDEAD_02.text[0]","",""
"Scripts/Content/Items/MissionItems_6.d:226","","","","","ItKe_EVT_UNDEAD_02.text[1]","",""
"Scripts/Content/Items/MissionItems_6.d:227","","","","","ItKe_EVT_UNDEAD_02.text[2]","",""
"Scripts/Content/Items/MissionItems_6.d:228","","","","","ItKe_EVT_UNDEAD_02.text[3]","",""
"Scripts/Content/Items/MissionItems_6.d:229","","","","","ItKe_EVT_UNDEAD_02.text[4]","",""
"Scripts/Content/Items/MissionItems_6.d:239","Kammerschlüssel des Schwarzmagiers","흑마법사의 방 열쇠","","False","ItKe_LastDoorToUndeadDrgDI_MIS.name","",""
"Scripts/Content/Items/MissionItems_6.d:250","","","","","ItKe_LastDoorToUndeadDrgDI_MIS.text[0]","",""
"Scripts/Content/Items/MissionItems_6.d:251","","","","","ItKe_LastDoorToUndeadDrgDI_MIS.text[1]","",""
"Scripts/Content/Items/MissionItems_6.d:252","","","","","ItKe_LastDoorToUndeadDrgDI_MIS.text[2]","",""
"Scripts/Content/Items/MissionItems_6.d:253","","","","","ItKe_LastDoorToUndeadDrgDI_MIS.text[3]","",""
"Scripts/Content/Items/MissionItems_6.d:254","","","","","ItKe_LastDoorToUndeadDrgDI_MIS.text[4]","",""
"Scripts/Content/Items/MissionItems_6.d:264","Schriftrolle des Schwarzmagiers","흑마법사의 두루마리","","False","ItWr_LastDoorToUndeadDrgDI_MIS.name","",""
"Scripts/Content/Items/MissionItems_6.d:278","","","","","ItWr_LastDoorToUndeadDrgDI_MIS.text[0]","",""
"Scripts/Content/Items/MissionItems_6.d:279","","","","","ItWr_LastDoorToUndeadDrgDI_MIS.text[1]","",""
"Scripts/Content/Items/MissionItems_6.d:280","","","","","ItWr_LastDoorToUndeadDrgDI_MIS.text[2]","",""
"Scripts/Content/Items/MissionItems_6.d:281","","","","","ItWr_LastDoorToUndeadDrgDI_MIS.text[3]","",""
"Scripts/Content/Items/MissionItems_6.d:282","","","","","ItWr_LastDoorToUndeadDrgDI_MIS.text[4]","",""
"Scripts/Content/Items/MissionItems_6.d:283","","","","","ItWr_LastDoorToUndeadDrgDI_MIS.text[5]","",""
"Scripts/Content/Items/MissionItems_6.d:286","KHADOSH ","카도쉬 ","","False","ItWr_LastDoorToUndeadDrgDI_MIS_1","",""
"Scripts/Content/Items/MissionItems_6.d:287","EMEM KADAR","에멤 카다르","","False","ItWr_LastDoorToUndeadDrgDI_MIS_2","",""
"Scripts/Content/Items/MissionItems_6.d:288","Das Auge der Macht erleuchte deinen Weg","권능의 눈이 그대의 길을 밝히리라","","False","ItWr_LastDoorToUndeadDrgDI_MIS_3","",""
"Scripts/Content/Items/MissionItems_6.d:321","Truhenschlüssel des Schwarzmagiers","흑마법사의 상자 열쇠","","False","ItKe_ChestMasterDementor_MIS.name","",""
"Scripts/Content/Items/MissionItems_6.d:332","","","","","ItKe_ChestMasterDementor_MIS.text[0]","",""
"Scripts/Content/Items/MissionItems_6.d:333","","","","","ItKe_ChestMasterDementor_MIS.text[1]","",""
"Scripts/Content/Items/MissionItems_6.d:334","","","","","ItKe_ChestMasterDementor_MIS.text[2]","",""
"Scripts/Content/Items/MissionItems_6.d:335","","","","","ItKe_ChestMasterDementor_MIS.text[3]","",""
"Scripts/Content/Items/MissionItems_6.d:336","","","","","ItKe_ChestMasterDementor_MIS.text[4]","",""
"Scripts/Content/Items/MissionItems_6.d:350","Rezept","레시피","","False","ItWr_Rezept_MegaDrink_MIS.name","",""
"Scripts/Content/Items/MissionItems_6.d:364","","","","","ItWr_Rezept_MegaDrink_MIS.text[0]","",""
"Scripts/Content/Items/MissionItems_6.d:365","","","","","ItWr_Rezept_MegaDrink_MIS.text[1]","",""
"Scripts/Content/Items/MissionItems_6.d:366","","","","","ItWr_Rezept_MegaDrink_MIS.text[2]","",""
"Scripts/Content/Items/MissionItems_6.d:367","","","","","ItWr_Rezept_MegaDrink_MIS.text[3]","",""
"Scripts/Content/Items/MissionItems_6.d:368","","","","","ItWr_Rezept_MegaDrink_MIS.text[4]","",""
"Scripts/Content/Items/MissionItems_6.d:369","","","","","ItWr_Rezept_MegaDrink_MIS.text[5]","",""
"Scripts/Content/Items/MissionItems_6.d:372","Ich habe eine sehr alte Kunst ins Leben zurück rufen können. Ich fürchte, dass Feodaron von meinen Ergebnissen nicht sehr erbaut wäre.","나는 아주 오래된 기술을 다시 부활시키는 데 성공했다. 페오다론이 내 결과물에 그다지 기뻐하지 않을 것 같아 두렵다.","","False","RezeptFuerMegaTrank_1","",""
"Scripts/Content/Items/MissionItems_6.d:373","Es hieße schlicht und ergreifend, dass ich seine gesammte Brut in meinem Labor zu einem Trank verarbeiten müsste. Wenn er nicht ständig auf seinen Eiern sitzen würde, wie ein Huhn, hätte ich es schon längst ausprobiert. Aber vor seinem Odem habe ich doch noch ein wenig Respekt.","간단히 말해 그의 새끼들을 전부 내 실험실에서 포션으로 만들어야 한다는 뜻이다. 그가 닭처럼 알 위에 늘 앉아 있지 않았더라면 진작에 시도해 봤을 텐데. 하지만 그의 숨결만큼은 아직 조금 두렵다.","","False","RezeptFuerMegaTrank_2","",""
"Scripts/Content/Items/MissionItems_6.d:374","Embarla Firgasto:","엠바를라 피르가스토:","","False","RezeptFuerMegaTrank_3","",""
"Scripts/Content/Items/MissionItems_6.d:375","10 Dracheneier, Eine zerriebene schwarze Perle und eine Prise Schwefel.","10 드래곤 알, 빻은 흑진주 한 개 그리고 유황 한 꼬집.","","False","RezeptFuerMegaTrank_4","",""
"Scripts/Content/Items/MissionItems_6.d:376","Die Emulsion wird zum kochen gebracht und anschließend unter ständigem Rühren durch den Destillator getrieben.","에멀션을 끓인 다음 계속 저으면서 증류기를 통과시킨다.","","False","RezeptFuerMegaTrank_5","",""
"Scripts/Content/Items/MissionItems_6.d:377","Das Elixier ist mit vorsicht zu verwenden. Es hat schwere Nebenwikungen. Der gesamte Manahaushalt wird durcheinander geraten.","이 엘릭서는 주의해서 사용해야 한다. 심각한 부작용이 있다. 전체 마나 체계가 엉망이 될 것이다.","","False","RezeptFuerMegaTrank_6","",""
"Scripts/Content/Items/MissionItems_6.d:409","Tagebuch","일기","","False","ItWr_Diary_BlackNovice_MIS.name","",""
"Scripts/Content/Items/MissionItems_6.d:423","","","","","ItWr_Diary_BlackNovice_MIS.text[0]","",""
"Scripts/Content/Items/MissionItems_6.d:424","","","","","ItWr_Diary_BlackNovice_MIS.text[1]","",""
"Scripts/Content/Items/MissionItems_6.d:425","","","","","ItWr_Diary_BlackNovice_MIS.text[2]","",""
"Scripts/Content/Items/MissionItems_6.d:426","","","","","ItWr_Diary_BlackNovice_MIS.text[3]","",""
"Scripts/Content/Items/MissionItems_6.d:427","","","","","ItWr_Diary_BlackNovice_MIS.text[4]","",""
"Scripts/Content/Items/MissionItems_6.d:431","Ich warte jetzt schon geschlagene 36 Tage auf meine Einberufung. Ich glaube schon nicht mehr daran, dass sie mich aufnehmen werden. Ich habe doch schon alles getan, was sie mir aufgetragen haben. Alles habe ich ihnen hinterher getragen.","소집 통지를 기다린 지 벌써 36일이 지났다. 그들이 나를 받아들여 줄지 이제는 믿기지도 않는다. 그들이 내게 시킨 일은 이미 다 했는데 말이다. 그들이 시부리는 건 다 들어주었다.","","False","Diary_BlackNovice_1","",""
"Scripts/Content/Items/MissionItems_6.d:432","Der Schlüsselmeister hat mich angewiesen, die Gitter zu versiegeln. Ich bin bis heute noch nicht dazu gekommen. Wenn das so weiter geht, wird es noch jemand schaffen, einfach so durch das Tor zu marschieren.","열쇠지기가 격자문을 봉인하라고 지시했다. 나는 오늘까지도 그걸 해내지 못했다. 이대로 가다가는 누군가 그냥 문을 걸어 들어오는 사태가 벌어질 것이다.","","False","Diary_BlackNovice_2","",""
"Scripts/Content/Items/MissionItems_6.d:433","Nur zu blöde, dass ich mir die Kombinationen nicht merken kann. ","조합을 기억하지 못하다니 정말 멍청하군. ","","False","Diary_BlackNovice_3","",""
"Scripts/Content/Items/MissionItems_6.d:434","Ich wäre schon längst einmal heimlich in der großen Halle gewesen. Ich kann es kaum erwarten, den Meister zu sehen. Ob sie mich zu ihm lassen, wenn ich erst einmal zu ihnen gehöre?","진작에 몰래 대홀에 가봤어야 했다. 마스터를 보는 것을 참을 수가 없다. 내가 그들의 일원이 되면 그를 만나게 해줄까?","","False","Diary_BlackNovice_4","",""
"Scripts/Content/Items/MissionItems_6.d:435","Habe gestern mein Glück versucht. Bin aber schon an den zwei Hebelkammern gescheitert, bevor ich die drei Schalter des Westflügels in der richtigen Reihenfolge drücken konnte. Der Hund hat die Kammern abgeschlossen. Morgen werde ich versuchen, ihm den Schlüssel abzunehmen...","어제 행운을 시험해 보았다. 하지만 서쪽 날개의 스위치 세 개를 올바른 순서로 누르기도 전에 두 개의 레버 방에서부터 막혀버렸다. 그 개 같은 자가 방들을 잠가버렸어. 내일은 그에게서 열쇠를 빼앗아 봐야겠다...","","False","Diary_BlackNovice_5","",""
"Scripts/Content/Items/MissionItems_6.d:475","alter Brief","낡은 편지","","False","ItWr_ZugBruecke_MIS.name","",""
"Scripts/Content/Items/MissionItems_6.d:489","","","","","ItWr_ZugBruecke_MIS.text[0]","",""
"Scripts/Content/Items/MissionItems_6.d:490","","","","","ItWr_ZugBruecke_MIS.text[1]","",""
"Scripts/Content/Items/MissionItems_6.d:491","","","","","ItWr_ZugBruecke_MIS.text[2]","",""
"Scripts/Content/Items/MissionItems_6.d:492","","","","","ItWr_ZugBruecke_MIS.text[3]","",""
"Scripts/Content/Items/MissionItems_6.d:493","","","","","ItWr_ZugBruecke_MIS.text[4]","",""
"Scripts/Content/Items/MissionItems_6.d:494","","","","","ItWr_ZugBruecke_MIS.text[5]","",""
"Scripts/Content/Items/MissionItems_6.d:497","   Letzte Warnung!","마지막 경고다!","","False","ZugBruecke_1","",""
"Scripts/Content/Items/MissionItems_6.d:498","Es ist mir völlig egal, ob ihr die Brücke von der anderen Seite überqueren könnt, oder nicht. Wenn es nach mir ginge, würdet ihr sowieso alle in der Hölle schmoren.","너희들이 반대편에서 다리를 건널 수 있든 말든 내 알 바 아니다. 내 뜻대로라면 너희는 전부 지옥에서 썩어 나갈 것이다.","","False","ZugBruecke_2","",""
"Scripts/Content/Items/MissionItems_6.d:499","Ich werde die Brücke eingezogen lassen, solange ich mich in meiner Residenz befinde. Wenn ich nochmal jemanden dabei erwische, dass er mit Pfeil und Bogen auf die Schalter schießt um herüber zu kommen, dann werde ich den Schützen eigenhändig am nächten Baum aufhängen.","내가 내 저거에 있는 동안에는 다리를 올려둔 채로 둘 것이다. 건너오려고 활과 화살로 스위치를 쏘는 작자를 한 번만 더 눈에 띄면, 그 궁수를 내 손으로 직접 가장 가까운 나무에 매달아 버릴 것이다.","","False","ZugBruecke_3","",""
"Scripts/Content/Items/MissionItems_6.d:500","                      Archol","                      아르콜","","False","ZugBruecke_4","",""
"Scripts/Content/Items/MissionItems_6.d:532","Auge der Macht","권능의 눈","","False","ItMi_PowerEye.name","",""
"Scripts/Content/Items/MissionItems_6.d:544","","","","","ItMi_PowerEye.text[0]","",""
"Scripts/Content/Items/MissionItems_6.d:545","","","","","ItMi_PowerEye.text[1]","",""
"Scripts/Content/Items/MissionItems_6.d:546","","","","","ItMi_PowerEye.text[2]","",""
"Scripts/Content/Items/MissionItems_6.d:547","","","","","ItMi_PowerEye.text[3]","",""
"Scripts/Content/Items/MissionItems_6.d:548","","","","","ItMi_PowerEye.text[4]","",""
"Scripts/Content/Items/MissionItems_Addon.d:7","Versiegelte Botschaft","봉인된 전언","","False","ItWr_SaturasFirstMessage_Addon_Sealed.name","",""
"Scripts/Content/Items/MissionItems_Addon.d:21","","","","","ItWr_SaturasFirstMessage_Addon_Sealed.text[0]","",""
"Scripts/Content/Items/MissionItems_Addon.d:22","","","","","ItWr_SaturasFirstMessage_Addon_Sealed.text[1]","",""
"Scripts/Content/Items/MissionItems_Addon.d:23","Diese Botschaft wurde sorgfältig versiegelt.","이 전언은 꼼꼼하게 봉인되어 있다.","","False","ItWr_SaturasFirstMessage_Addon_Sealed.text[2]","",""
"Scripts/Content/Items/MissionItems_Addon.d:27","Werter Vatras,","소중한 바트라스에게,","","False","SaturasFirstMessage_1","",""
"Scripts/Content/Items/MissionItems_Addon.d:28","Wir sind bis zum Portal vorgedrungen. Du hattest recht.","우리는 포까지 진입했다. 네 말이 맞았다.","","False","SaturasFirstMessage_2","",""
"Scripts/Content/Items/MissionItems_Addon.d:29","Es scheint tatsächlich so, als seien sie Adanos-gläubige gewesen. Ich bitte dich, das anhand meiner Aufzeichnungen nochmal zu prüfen.","그들은 실제로 아다노스를 믿는 자들이었던 것 같다. 내 기록을 바탕으로 이것을 다시 한번 검토해 주기를 바란다.","","False","SaturasFirstMessage_3","",""
"Scripts/Content/Items/MissionItems_Addon.d:30","Wir haben schon seit Tagen keines dieser seltsamen Wesen aus Stein ausmachen können.","우리는 며칠 동안 돌로 된 이 이상한 피조물들을 하나도 발견하지 못했다.","","False","SaturasFirstMessage_4","",""
"Scripts/Content/Items/MissionItems_Addon.d:31","Trotzdem bebt die Erde immer noch aus nicht erkennbaren Gründen.","그럼에도 알 수 없는 이유로 대지는 여전히 진동하고 있다.","","False","SaturasFirstMessage_5","",""
"Scripts/Content/Items/MissionItems_Addon.d:32","Ich vermute, dass uns das Studium bald mehr Aufklärung darüber bescheren wird.","연구를 통해 곧 이에 대한 더 많은 해답을 얻을 수 있을 것으로 기대한다.","","False","SaturasFirstMessage_6","",""
"Scripts/Content/Items/MissionItems_Addon.d:33","Das Ornament, das wir gefunden haben, hat eine weitaus wichtigere Bedeutung, als wir zuerst angenommen haben. Es scheint ein wichtiges Schlüsselartefakt zu sein. Ist aber leider nicht vollständig. Wir müssen es noch weiter studieren.","우리가 찾은 장식물은 애초에 생각했던 것보다 훨씬 더 중요한 의미를 지니고 있다. 그것은 중요한 열쇠 유물인 것 같다. 하지만 안타깝게도 온전하지 않다. 우리는 그것을 더 연구해야 한다.","","False","SaturasFirstMessage_7","",""
"Scripts/Content/Items/MissionItems_Addon.d:34","Entsende eines unserer Kinder vom 'Ring des Wassers', um es uns zurück zu bringen. Wenn es geht, schicke nicht Cavalorn.","'링 오브 워터'의 아이들 중 하나를 보내어 그것을 우리에게 가져오게 해라. 가능하면 카발론은 보내지 마라.","","False","SaturasFirstMessage_8","",""
"Scripts/Content/Items/MissionItems_Addon.d:35","Ich habe ihn damit beauftragt, dir diesen Brief zu überbringen. Ich denke, damit hat er erst einmal genug getan.","나는 그에게 이 편지를 너에게 전달하도록 임무를 맡겼다. 그것으로 그가 할 일은 충분히 했다고 생각한다.","","False","SaturasFirstMessage_9","",""
"Scripts/Content/Items/MissionItems_Addon.d:36","Ich hoffe, dass wir das Richtige tun.","우리가 올바른 일을 하고 있기를 바란다.","","False","SaturasFirstMessage_10","",""
"Scripts/Content/Items/MissionItems_Addon.d:37","Saturas","사투러스","","False","SaturasFirstMessage_11","",""
"Scripts/Content/Items/MissionItems_Addon.d:100","Geöffnete Botschaft","펼쳐진 전언","","False","ItWr_SaturasFirstMessage_Addon.name","",""
"Scripts/Content/Items/MissionItems_Addon.d:114","","","","","ItWr_SaturasFirstMessage_Addon.text[0]","",""
"Scripts/Content/Items/MissionItems_Addon.d:115","","","","","ItWr_SaturasFirstMessage_Addon.text[1]","",""
"Scripts/Content/Items/MissionItems_Addon.d:116","Saturas` Brief an Vatras","바트라스에게 보낸 사투러스의 편지","","False","ItWr_SaturasFirstMessage_Addon.text[2]","",""
"Scripts/Content/Items/MissionItems_Addon.d:126","Ornament","장식물","","False","ItMi_Ornament_Addon.name","",""
"Scripts/Content/Items/MissionItems_Addon.d:137","Bruchstück eines grossen Ornamentrings","커다란 장식 반지의 파편","","False","ItMi_Ornament_Addon.text[0]","",""
"Scripts/Content/Items/MissionItems_Addon.d:143","Ornament","장식물","","False","ItMi_Ornament_Addon_Vatras.name","",""
"Scripts/Content/Items/MissionItems_Addon.d:154","Bruchstück eines grossen Ornamentrings","커다란 장식 반지의 파편","","False","ItMi_Ornament_Addon_Vatras.text[0]","",""
"Scripts/Content/Items/MissionItems_Addon.d:165","Nefarius's Karte","네파리우스의 지도","","False","ItWr_Map_NewWorld_Ornaments_Addon.name","",""
"Scripts/Content/Items/MissionItems_Addon.d:179","auf dieser Karte sind die Stellen markiert","이 지도에는 네파리우스가 사라진","","False","ItWr_Map_NewWorld_Ornaments_Addon.text[0]","",""
"Scripts/Content/Items/MissionItems_Addon.d:180","an denen Nefarius die fehlenden Ornamente vermutet","이 지도에는 네파리우스가 누락된 장식 반지가 있을 것으로 추정하는","","False","ItWr_Map_NewWorld_Ornaments_Addon.text[1]","",""
"Scripts/Content/Items/MissionItems_Addon.d:181","","","","","ItWr_Map_NewWorld_Ornaments_Addon.text[2]","",""
"Scripts/Content/Items/MissionItems_Addon.d:182","","","","","ItWr_Map_NewWorld_Ornaments_Addon.text[3]","",""
"Scripts/Content/Items/MissionItems_Addon.d:183","","","","","ItWr_Map_NewWorld_Ornaments_Addon.text[4]","",""
"Scripts/Content/Items/MissionItems_Addon.d:212","Landkarte Khorinis","코리니스 전체 지도","","False","ItWr_Map_NewWorld_Dexter.name","",""
"Scripts/Content/Items/MissionItems_Addon.d:226","Skip hat mir die Stelle markiert,","스킵이 장소를 표시해 주었다.","","False","ItWr_Map_NewWorld_Dexter.text[0]","",""
"Scripts/Content/Items/MissionItems_Addon.d:227","wo ich den Kopf der Banditen","내용을 찾을 수 있는 곳","","False","ItWr_Map_NewWorld_Dexter.text[1]","",""
"Scripts/Content/Items/MissionItems_Addon.d:228","Dexter finden kann.","덱스터를 찾을 수 있다.","","False","ItWr_Map_NewWorld_Dexter.text[2]","",""
"Scripts/Content/Items/MissionItems_Addon.d:229","","","","","ItWr_Map_NewWorld_Dexter.text[3]","",""
"Scripts/Content/Items/MissionItems_Addon.d:230","","","","","ItWr_Map_NewWorld_Dexter.text[4]","",""
"Scripts/Content/Items/MissionItems_Addon.d:257","Aquamarinring","아쿠아마린 반지","","False","Rangerring_Prototype.name","",""
"Scripts/Content/Items/MissionItems_Addon.d:271","Erkennungszeichen des 'Rings des Wassers'","링 오브 워터의 표식","","False","Rangerring_Prototype.description","",""
"Scripts/Content/Items/MissionItems_Addon.d:314","Dieser Ring gehört Lares","이 반지는 라레스의 소유이다.","","False","ItRi_Ranger_Lares_Addon.text[1]","",""
"Scripts/Content/Items/MissionItems_Addon.d:320","Dieser Ring gehört mir","이 반지는 나의 소유이다.","","False","ItRi_Ranger_Addon.text[1]","",""
"Scripts/Content/Items/MissionItems_Addon.d:326","Dieser Ring gehört Lance","이 반지는 랜스의 소유이다.","","False","ItRi_LanceRing.text[1]","",""
"Scripts/Content/Items/MissionItems_Addon.d:336","Ornamentring","장식 반지","","False","ItMi_PortalRing_Addon.name","",""
"Scripts/Content/Items/MissionItems_Addon.d:346","Dieser Ring öffnet das Portal","이 반지는 차원문을 연다.","","False","ItMi_PortalRing_Addon.description","",""
"Scripts/Content/Items/MissionItems_Addon.d:347","","","","","ItMi_PortalRing_Addon.text[0]","",""
"Scripts/Content/Items/MissionItems_Addon.d:348","","","","","ItMi_PortalRing_Addon.text[1]","",""
"Scripts/Content/Items/MissionItems_Addon.d:349","","","","","ItMi_PortalRing_Addon.text[2]","",""
"Scripts/Content/Items/MissionItems_Addon.d:350","","","","","ItMi_PortalRing_Addon.text[3]","",""
"Scripts/Content/Items/MissionItems_Addon.d:351","","","","","ItMi_PortalRing_Addon.text[4]","",""
"Scripts/Content/Items/MissionItems_Addon.d:352","","","","","ItMi_PortalRing_Addon.text[5]","",""
"Scripts/Content/Items/MissionItems_Addon.d:362","Martins Empfehlungsschreiben","마틴의 추천서","","False","ItWr_Martin_MilizEmpfehlung_Addon.name","",""
"Scripts/Content/Items/MissionItems_Addon.d:375","Empfehlungsschreiben für Lord Andre","안드레 경에게 보내는 추천서","","False","ItWr_Martin_MilizEmpfehlung_Addon.description","",""
"Scripts/Content/Items/MissionItems_Addon.d:376","","","","","ItWr_Martin_MilizEmpfehlung_Addon.text[0]","",""
"Scripts/Content/Items/MissionItems_Addon.d:377","","","","","ItWr_Martin_MilizEmpfehlung_Addon.text[1]","",""
"Scripts/Content/Items/MissionItems_Addon.d:378","dieses Schreiben soll mir helfen bei","이 편지는 도움이 될 것이다","","False","ItWr_Martin_MilizEmpfehlung_Addon.text[2]","",""
"Scripts/Content/Items/MissionItems_Addon.d:379","der Miliz aufgenommen zu werden","민병대에 가입하는 데","","False","ItWr_Martin_MilizEmpfehlung_Addon.text[3]","",""
"Scripts/Content/Items/MissionItems_Addon.d:382","Geehrter Lord Andre","존경하는 안드레 경에게","","False","MartinMilizEmpfehlung_Addon_1","",""
"Scripts/Content/Items/MissionItems_Addon.d:383","Mit diesem Schreiben übermittle ich euch einen neuen Rekruten für unsere Miliz.","이 편지와 함께 우리 민병대에 새로 가입할 신병을 보냅니다.","","False","MartinMilizEmpfehlung_Addon_2","",""
"Scripts/Content/Items/MissionItems_Addon.d:384","Er hat sich bei mir schon durch einige schwierige und standesgemässe Dienste verdient gemacht.","그는 이미 내게 몇 가지 어렵고 중요한 일들을 도우며 능력을 증명했습니다.","","False","MartinMilizEmpfehlung_Addon_3","",""
"Scripts/Content/Items/MissionItems_Addon.d:385","Ich bin mir sicher, dass er sich sehr gut eignet um den König und das Wohl der Bürger dieser Stadt zu schützen.","그가 국왕과 이 도시 시민들의 안위를 지키기에 매우 적합한 인물임을 확신합니다.","","False","MartinMilizEmpfehlung_Addon_4","",""
"Scripts/Content/Items/MissionItems_Addon.d:386","Innos schütze den König","이노스께서 국왕을 보살피시기를","","False","MartinMilizEmpfehlung_Addon_5","",""
"Scripts/Content/Items/MissionItems_Addon.d:387","     Proviantmeister Martin","     보급관 마틴","","False","MartinMilizEmpfehlung_Addon_6","",""
"Scripts/Content/Items/MissionItems_Addon.d:417","Befehle","명령서","","False","ItWr_RavensKidnapperMission_Addon.name","",""
"Scripts/Content/Items/MissionItems_Addon.d:431","","","","","ItWr_RavensKidnapperMission_Addon.text[0]","",""
"Scripts/Content/Items/MissionItems_Addon.d:432","","","","","ItWr_RavensKidnapperMission_Addon.text[1]","",""
"Scripts/Content/Items/MissionItems_Addon.d:433","Ich habe dieses Schreiben ","내가 이 편지를 입수한 곳은 ","","False","ItWr_RavensKidnapperMission_Addon.text[2]","",""
"Scripts/Content/Items/MissionItems_Addon.d:434","dem Banditen Dexter abgenommen","단원 덱스터이다.","","False","ItWr_RavensKidnapperMission_Addon.text[3]","",""
"Scripts/Content/Items/MissionItems_Addon.d:438","Dexter, du Mistkerl!","덱스터, 이 몹쓸 녀석!","","False","RavensKidnapperMission_Addon_1","",""
"Scripts/Content/Items/MissionItems_Addon.d:439","Als ich noch Erzbaron war, warst du nicht so unzuverlässig.","내가 광석 남작이었을 때는 네가 이렇게 믿음직스럽지 못하지 않았는데.","","False","RavensKidnapperMission_Addon_2","",""
"Scripts/Content/Items/MissionItems_Addon.d:440","Wenn du es nicht schaffst, noch mehr Bürger aus der Stadt zu entführen und zu mir zu entsenden, dann werden wir bald ein handfestes Problem mit den Jungs in unserem Versteck haben. ","도시에서 시민들을 더 많이 납치해 내게 보내지 못한다면, 우리 은신처에 있는 녀석들과 심각한 문제가 생길 것이다. ","","False","RavensKidnapperMission_Addon_3","",""
"Scripts/Content/Items/MissionItems_Addon.d:441","Ich brauche hier mehr Sklaven, sonst starten die Jungs hier noch eine Revolte. Und was das heißt, muss ich dir nicht sagen, oder?","여기에 노예가 더 필요하다. 그렇지 않으면 녀석들이 반란을 일으킬 거야. 그게 무슨 뜻인지 말 안 해도 알겠지?","","False","RavensKidnapperMission_Addon_4","",""
"Scripts/Content/Items/MissionItems_Addon.d:442","Ich stehe kurz davor in den Tempel hinein zu gelangen. Da kann ich mir Störungen dieser Art nicht leisten.","나는 지금 신전 안으로 들어가기 직전이다. 그런 식의 소란을 용납할 여유가 없다.","","False","RavensKidnapperMission_Addon_5","",""
"Scripts/Content/Items/MissionItems_Addon.d:443","Und noch ein Problem:","그리고 또 하나의 문제:","","False","RavensKidnapperMission_Addon_6","",""
"Scripts/Content/Items/MissionItems_Addon.d:444","Auf kurz oder lang müssen wir einen Weg über die hohen Berge im Nordosten von Khorinis finden. Die Piraten machen die Überfahrten sicher nicht mehr lange mit, wenn wir sie nicht mehr dafür bezahlen.","조만간 우리는 코리니스 북동쪽의 높은 산을 넘어가는 길을 찾아야 한다. 우리가 더 이상 비용을 지불하지 않는다면 해적들도 언제까지나 도항을 도와주진 않을 것이다.","","False","RavensKidnapperMission_Addon_7","",""
"Scripts/Content/Items/MissionItems_Addon.d:445","     Raven","     레이븐","","False","RavensKidnapperMission_Addon_8","",""
"Scripts/Content/Items/MissionItems_Addon.d:485","Vatras Empfehlungsschreiben","바트라스의 추천서","","False","ItWr_Vatras_KDFEmpfehlung_Addon.name","",""
"Scripts/Content/Items/MissionItems_Addon.d:499","","","","","ItWr_Vatras_KDFEmpfehlung_Addon.text[0]","",""
"Scripts/Content/Items/MissionItems_Addon.d:500","","","","","ItWr_Vatras_KDFEmpfehlung_Addon.text[1]","",""
"Scripts/Content/Items/MissionItems_Addon.d:501","dieses Schreiben soll mir helfen ohne","이 편지는 도움이 될 것이다","","False","ItWr_Vatras_KDFEmpfehlung_Addon.text[2]","",""
"Scripts/Content/Items/MissionItems_Addon.d:502","Tribut ins Kloster der Feuermagier","불의 마법사 수도원에","","False","ItWr_Vatras_KDFEmpfehlung_Addon.text[3]","",""
"Scripts/Content/Items/MissionItems_Addon.d:503","eingelassen zu werden.","공물 없이 들어가는 데에.","","False","ItWr_Vatras_KDFEmpfehlung_Addon.text[4]","",""
"Scripts/Content/Items/MissionItems_Addon.d:506","Brüder des Feuers","불의 형제단","","False","VatrasKDFEmpfehlung_Addon_1","",""
"Scripts/Content/Items/MissionItems_Addon.d:507","Mir wurde soeben zugetragen, dass es einen Tribut erfordert, in eure Gefilde eingelassen zu werden.","당신들의 영역에 들어가기 위해 공물이 필요하다는 소식을 방금 들었습니다.","","False","VatrasKDFEmpfehlung_Addon_2","",""
"Scripts/Content/Items/MissionItems_Addon.d:508","Ich übermittle mit diesem Schreiben eine gläubigen Mann, der Novize in euren Reihen werden will.","나는 이 편지와 함께 당신들의 대열에 견습생이 되고자 하는 경건한 자를 보냅니다.","","False","VatrasKDFEmpfehlung_Addon_3","",""
"Scripts/Content/Items/MissionItems_Addon.d:509","     Vatras","     바트라스","","False","VatrasKDFEmpfehlung_Addon_4","",""
"Scripts/Content/Items/MissionItems_Addon.d:535","Wertvolle Innos Statue","값비싼 이노스의 석상","","False","ItMi_LostInnosStatue_Daron.name","",""
"Scripts/Content/Items/MissionItems_Addon.d:546","","","","","ItMi_LostInnosStatue_Daron.text[0]","",""
"Scripts/Content/Items/MissionItems_Addon.d:547","","","","","ItMi_LostInnosStatue_Daron.text[1]","",""
"Scripts/Content/Items/MissionItems_Addon.d:548","","","","","ItMi_LostInnosStatue_Daron.text[2]","",""
"Scripts/Content/Items/MissionItems_Addon.d:549","","","","","ItMi_LostInnosStatue_Daron.text[3]","",""
"Scripts/Content/Items/MissionItems_Addon.d:550","","","","","ItMi_LostInnosStatue_Daron.text[4]","",""
"Scripts/Content/Items/MissionItems_Addon.d:560","Lucias Abschiedsbrief","루시아의 작별 편지","","False","ItWr_LuciasLoveLetter_Addon.name","",""
"Scripts/Content/Items/MissionItems_Addon.d:574","","","","","ItWr_LuciasLoveLetter_Addon.text[0]","",""
"Scripts/Content/Items/MissionItems_Addon.d:575","","","","","ItWr_LuciasLoveLetter_Addon.text[1]","",""
"Scripts/Content/Items/MissionItems_Addon.d:576","","","","","ItWr_LuciasLoveLetter_Addon.text[2]","",""
"Scripts/Content/Items/MissionItems_Addon.d:577","","","","","ItWr_LuciasLoveLetter_Addon.text[3]","",""
"Scripts/Content/Items/MissionItems_Addon.d:578","","","","","ItWr_LuciasLoveLetter_Addon.text[4]","",""
"Scripts/Content/Items/MissionItems_Addon.d:579","","","","","ItWr_LuciasLoveLetter_Addon.text[5]","",""
"Scripts/Content/Items/MissionItems_Addon.d:582","Liebster Elvrich","사랑하는 엘브리히","","False","LuciasLoveLetter_Addon_1","",""
"Scripts/Content/Items/MissionItems_Addon.d:583","Mir fehlen die Worte um zu beschreiben, wie leid es mir tut.","얼마나 미안한지 말로 다 표현할 수가 없어.","","False","LuciasLoveLetter_Addon_2","",""
"Scripts/Content/Items/MissionItems_Addon.d:584","Ich weiß, dass du es nicht verstehen wirst, aber ich bin zu dem Schluss gekommen, dass es besser für uns beide ist, wenn du dir ein anständigeres Mädchen als mich suchst.","네가 이해하지 못할 거라는 걸 알아. 하지만 나 같은 여자보다 더 정숙한 소녀를 찾는 게 우리 둘 다에게 더 낫다는 결론을 내렸어.","","False","LuciasLoveLetter_Addon_3","",""
"Scripts/Content/Items/MissionItems_Addon.d:585","Von dort, wo ich jetzt hin gehe, werde ich nicht mehr zurück kehren. Vergiss mich. Eine Dirne wie ich ist nichts für so einen aufrechten Kerl, wie du einer bist. Leb' wohl.","내가 지금 가는 곳에서는 다시 돌아오지 않을 거야. 나를 잊어줘. 나 같은 매춘부는 너처럼 올바른 녀석에게 어울리지 않아. 잘 있어.","","False","LuciasLoveLetter_Addon_4","",""
"Scripts/Content/Items/MissionItems_Addon.d:586","     Lucia","     루시아","","False","LuciasLoveLetter_Addon_5","",""
"Scripts/Content/Items/MissionItems_Addon.d:620","Stein","돌","","False","EffectItemPrototype_Addon.name","",""
"Scripts/Content/Items/MissionItems_Addon.d:657","Hacke","곡괭이","","False","ItMi_Rake.name","",""
"Scripts/Content/Items/MissionItems_Addon.d:674","","","","","ItMi_Rake.text[0]","",""
"Scripts/Content/Items/MissionItems_Addon.d:675","","","","","ItMi_Rake.text[1]","",""
"Scripts/Content/Items/MissionItems_Addon.d:676","","","","","ItMi_Rake.text[2]","",""
"Scripts/Content/Items/MissionItems_Addon.d:677","","","","","ItMi_Rake.text[3]","",""
"Scripts/Content/Items/MissionItems_Addon.d:678","","","","","ItMi_Rake.text[4]","",""
"Scripts/Content/Items/MissionItems_Addon.d:692","Gildenring","길드 반지","","False","ItRi_Addon_BanditTrader.name","",""
"Scripts/Content/Items/MissionItems_Addon.d:703","Gravierter Ring","각인된 반지","","False","ItRi_Addon_BanditTrader.description","",""
"Scripts/Content/Items/MissionItems_Addon.d:704","","","","","ItRi_Addon_BanditTrader.text[0]","",""
"Scripts/Content/Items/MissionItems_Addon.d:705","","","","","ItRi_Addon_BanditTrader.text[1]","",""
"Scripts/Content/Items/MissionItems_Addon.d:706","der Übersee-Händlergilde Araxos","해외 무역 길드 아락소스","","False","ItRi_Addon_BanditTrader.text[2]","",""
"Scripts/Content/Items/MissionItems_Addon.d:707","","","","","ItRi_Addon_BanditTrader.text[3]","",""
"Scripts/Content/Items/MissionItems_Addon.d:708","","","","","ItRi_Addon_BanditTrader.text[4]","",""
"Scripts/Content/Items/MissionItems_Addon.d:721","Lieferung","배송품","","False","ItWr_Addon_BanditTrader.name","",""
"Scripts/Content/Items/MissionItems_Addon.d:735","","","","","ItWr_Addon_BanditTrader.text[0]","",""
"Scripts/Content/Items/MissionItems_Addon.d:736","","","","","ItWr_Addon_BanditTrader.text[1]","",""
"Scripts/Content/Items/MissionItems_Addon.d:737","Dieses Schreiben habe ich bei","이 편지를 발견한 곳은","","False","ItWr_Addon_BanditTrader.text[2]","",""
"Scripts/Content/Items/MissionItems_Addon.d:738","den Banditen hinter Sekobs Hof gefunden.","세코브의 농장 뒤편에 있는 단원들의 거처였다.","","False","ItWr_Addon_BanditTrader.text[3]","",""
"Scripts/Content/Items/MissionItems_Addon.d:742","15 Kurzschwerter","15 단검","","False","ItWr_Addon_BanditTrader_1","",""
"Scripts/Content/Items/MissionItems_Addon.d:743","20 Degen","20 레이피어","","False","ItWr_Addon_BanditTrader_2","",""
"Scripts/Content/Items/MissionItems_Addon.d:744","25 Laib Brot","25 빵 한 덩이","","False","ItWr_Addon_BanditTrader_3","",""
"Scripts/Content/Items/MissionItems_Addon.d:745","15 Flaschen Wein","15 와인 병","","False","ItWr_Addon_BanditTrader_4","",""
"Scripts/Content/Items/MissionItems_Addon.d:746","Das war das letzte Mal. ","이번이 마지막이다. ","","False","ItWr_Addon_BanditTrader_5","",""
"Scripts/Content/Items/MissionItems_Addon.d:747","Die Sache wird mir langsam zu heiß","일이 점점 위험해지고 있어.","","False","ItWr_Addon_BanditTrader_6","",""
"Scripts/Content/Items/MissionItems_Addon.d:748","     Fernando","     페르난도","","False","ItWr_Addon_BanditTrader_7","",""
"Scripts/Content/Items/MissionItems_Addon.d:786","Botschaft","전언","","False","ItWr_Vatras2Saturas_FindRaven.name","",""
"Scripts/Content/Items/MissionItems_Addon.d:800","","","","","ItWr_Vatras2Saturas_FindRaven.text[0]","",""
"Scripts/Content/Items/MissionItems_Addon.d:801","","","","","ItWr_Vatras2Saturas_FindRaven.text[1]","",""
"Scripts/Content/Items/MissionItems_Addon.d:802","Vatras Schreiben für Saturas","바트라스가 사투러스에게 보내는 편지","","False","ItWr_Vatras2Saturas_FindRaven.text[2]","",""
"Scripts/Content/Items/MissionItems_Addon.d:805","Werter Saturas","소중한 사투러스에게","","False","Vatras2Saturas_FindRaven_1","",""
"Scripts/Content/Items/MissionItems_Addon.d:806","Ich hoffe, ihr seid schon bald am Ziel. Unsere Situation hier in der Stadt scheint sich zur Zeit etwas zu entspannen. Aber ich fürchte, die Ruhe trügt. Ihr solltet euch beeilen. Ich brauche euch hier.","조만간 목적지에 도달하기를 바란다. 현재 도시의 상황은 다소 진정된 것처럼 보이지만, 이 평온이 거짓일까 두렵다. 서둘러야 한다. 네가 필요하다.","","False","Vatras2Saturas_FindRaven_2","",""
"Scripts/Content/Items/MissionItems_Addon.d:807","Ich habe deine Aufzeichnungen studiert und kann deinen Verdacht bestätigen. Die Schriftzeichen deuten tatsächlich auf eine Adanosgläubige Kultur hin. Seid also vorsichtig und lasst euch nicht von falschen Propheten blenden.","네가 남긴 기록을 연구해 본 결과 너의 의심이 맞음을 확인할 수 있었다. 그 문자는 실제로 아다노스를 신봉하는 문화와 연관되어 있다. 그러므로 조심하고 거짓 예언자들에게 현혹되지 않도록 해라.","","False","Vatras2Saturas_FindRaven_3","",""
"Scripts/Content/Items/MissionItems_Addon.d:808","Die vermissten Bürger von Khorinis wurden von dem ehemaligen Erzbaron Raven in die Region verschleppt, in die das Portal offensichtlich führen wird.","코리니스의 실종된 시민들은 전직 광석 남작 레이븐에 의해 차원문이 분명히 연결될 그 지역으로 납치되었다.","","False","Vatras2Saturas_FindRaven_4","",""
"Scripts/Content/Items/MissionItems_Addon.d:809","Noch eines: Ich habe euch Hilfe entsendet. Der Überbringer dieser Nachricht ist etwas ganz besonderes. Er hat so einen bemerkenswerten Glanz in seinen Augen. Ich bin mir nicht sicher, aber es könnte ER sein, auch wenn wir ihn uns anders vorgestellt haben.","한 가지 더: 내가 너에게 도움을 보냈다. 이 전언을 전달하는 자는 아주 특별한 이다. 그의 눈에서는 놀라운 광채가 난다. 확실하지는 않지만, 우리가 상상했던 모습과는 다르더라도 그가 바로 그 분일지도 모른다.","","False","Vatras2Saturas_FindRaven_5","",""
"Scripts/Content/Items/MissionItems_Addon.d:810","Prüfe ihn. Ich denke, ich habe recht.","시험해 보아라. 내 생각이 맞을 것이다.","","False","Vatras2Saturas_FindRaven_6","",""
"Scripts/Content/Items/MissionItems_Addon.d:811","     Vatras","     바트라스","","False","Vatras2Saturas_FindRaven_7","",""
"Scripts/Content/Items/MissionItems_Addon.d:841","Geöffnete Botschaft","개봉된 전언","","False","ItWr_Vatras2Saturas_FindRaven_opened.name","",""
"Scripts/Content/Items/MissionItems_Addon.d:855","","","","","ItWr_Vatras2Saturas_FindRaven_opened.text[0]","",""
"Scripts/Content/Items/MissionItems_Addon.d:856","","","","","ItWr_Vatras2Saturas_FindRaven_opened.text[1]","",""
"Scripts/Content/Items/MissionItems_Addon.d:857","Vatras Schreiben für Saturas","바트라스가 사투러스에게 보내는 편지","","False","ItWr_Vatras2Saturas_FindRaven_opened.text[2]","",""
"Scripts/Content/Items/MissionItems_Addon.d:865","Erzamulett","광석 부적","","False","ItAm_Addon_WispDetector.name","",""
"Scripts/Content/Items/MissionItems_Addon.d:882","Erzamulett des suchenden Irrlichts","탐색하는 도깨비불의 광석 부적","","False","ItAm_Addon_WispDetector.description","",""
"Scripts/Content/Items/MissionItems_Addon.d:883","","","","","ItAm_Addon_WispDetector.text[0]","",""
"Scripts/Content/Items/MissionItems_Addon.d:884","","","","","ItAm_Addon_WispDetector.text[1]","",""
"Scripts/Content/Items/MissionItems_Addon.d:885","","","","","ItAm_Addon_WispDetector.text[2]","",""
"Scripts/Content/Items/MissionItems_Addon.d:886","","","","","ItAm_Addon_WispDetector.text[3]","",""
"Scripts/Content/Items/MissionItems_Addon.d:887","","","","","ItAm_Addon_WispDetector.text[4]","",""
"Scripts/Content/Items/MissionItems_Addon.d:931","Sumpfrattenfleisch","늪쥐 고기","","False","ItFo_Addon_Krokofleisch_Mission.name","",""
"Scripts/Content/Items/MissionItems_Addon.d:944","","","","","ItFo_Addon_Krokofleisch_Mission.text[0]","",""
"Scripts/Content/Items/MissionItems_Addon.d:945","Riecht irgendwie fischig!","어쩐지 비린내가 난다!","","False","ItFo_Addon_Krokofleisch_Mission.text[1]","",""
"Scripts/Content/Items/MissionItems_Addon.d:946","","","","","ItFo_Addon_Krokofleisch_Mission.text[2]","",""
"Scripts/Content/Items/MissionItems_Addon.d:947","","","","","ItFo_Addon_Krokofleisch_Mission.text[3]","",""
"Scripts/Content/Items/MissionItems_Addon.d:948","","","","","ItFo_Addon_Krokofleisch_Mission.text[4]","",""
"Scripts/Content/Items/MissionItems_Addon.d:954","Morgans Ring","모건의 반지","","False","ItRi_Addon_MorgansRing_Mission.name","",""
"Scripts/Content/Items/MissionItems_Addon.d:971","","","","","ItRi_Addon_MorgansRing_Mission.text[0]","",""
"Scripts/Content/Items/MissionItems_Addon.d:972","Der Ring ist mit lauter feinen Runen verziert.","이 반지는 수많은 정교한 룬 문자로 장식되어 있다.","","False","ItRi_Addon_MorgansRing_Mission.text[1]","",""
"Scripts/Content/Items/MissionItems_Addon.d:974","","","","","ItRi_Addon_MorgansRing_Mission.text[3]","",""
"Scripts/Content/Items/MissionItems_Addon.d:975","","","","","ItRi_Addon_MorgansRing_Mission.text[4]","",""
"Scripts/Content/Items/MissionItems_Addon.d:994","Fokusstein","포커스 스톤","","False","ItMi_Focus.name","",""
"Scripts/Content/Items/MissionItems_Addon.d:1008","","","","","ItMi_Focus.text[0]","",""
"Scripts/Content/Items/MissionItems_Addon.d:1009","","","","","ItMi_Focus.text[1]","",""
"Scripts/Content/Items/MissionItems_Addon.d:1010","","","","","ItMi_Focus.text[2]","",""
"Scripts/Content/Items/MissionItems_Addon.d:1011","","","","","ItMi_Focus.text[3]","",""
"Scripts/Content/Items/MissionItems_Addon.d:1012","","","","","ItMi_Focus.text[4]","",""
"Scripts/Content/Items/MissionItems_Addon.d:1013","","","","","ItMi_Focus.text[5]","",""
"Scripts/Content/Items/MissionItems_Addon.d:1021","Stahl - Paket","쇠 꾸러미","","False","ItMi_Addon_Steel_Paket.name","",""
"Scripts/Content/Items/MissionItems_Addon.d:1032","","","","","ItMi_Addon_Steel_Paket.text[0]","",""
"Scripts/Content/Items/MissionItems_Addon.d:1033","","","","","ItMi_Addon_Steel_Paket.text[1]","",""
"Scripts/Content/Items/MissionItems_Addon.d:1034","Diese Paket ist WIRKLICH schwer","이 꾸러미는 정말로 무겁다.","","False","ItMi_Addon_Steel_Paket.text[2]","",""
"Scripts/Content/Items/MissionItems_Addon.d:1035","Es enthält einen dicken Stahlklumpen","그 안에는 커다란 쇳덩이가 들어 있다.","","False","ItMi_Addon_Steel_Paket.text[3]","",""
"Scripts/Content/Items/MissionItems_Addon.d:1036","","","","","ItMi_Addon_Steel_Paket.text[4]","",""
"Scripts/Content/Items/MissionItems_Addon.d:1045","Alte Steintafel","낡은 석판","","False","ItWr_StonePlateCommon_Addon.name","",""
"Scripts/Content/Items/MissionItems_Addon.d:1059","","","","","ItWr_StonePlateCommon_Addon.text[0]","",""
"Scripts/Content/Items/MissionItems_Addon.d:1060","","","","","ItWr_StonePlateCommon_Addon.text[1]","",""
"Scripts/Content/Items/MissionItems_Addon.d:1061","Eine graue Steintafel","회색 석판","","False","ItWr_StonePlateCommon_Addon.text[2]","",""
"Scripts/Content/Items/MissionItems_Addon.d:1062","","","","","ItWr_StonePlateCommon_Addon.text[3]","",""
"Scripts/Content/Items/MissionItems_Addon.d:1063","","","","","ItWr_StonePlateCommon_Addon.text[4]","",""
"Scripts/Content/Items/MissionItems_Addon.d:1071","Die Kaste der Krieger hatte den Zorn unseres Gottes heraufbeschworen.","전사 계급이 우리 신의 분노를 불러일으켰도다.","","False","StonePlateCommon_1","",""
"Scripts/Content/Items/MissionItems_Addon.d:1072","RHADEMES, der Nachfolger QUAHODRONS, wurde gebannt. Aber seine böse Macht erreichte uns selbst vom Ort seiner Verbannung noch.","콰르호드론의 후계자 라데메스는 추방되었다. 그러나 그의 사악한 힘은 유배지에서조차 우리에게 미쳤다.","","False","StonePlateCommon_2","",""
"Scripts/Content/Items/MissionItems_Addon.d:1073","Wir waren machtlos dagegen.","우리는 그에 대항할 힘이 없었다.","","False","StonePlateCommon_3","",""
"Scripts/Content/Items/MissionItems_Addon.d:1074","ADANOS Zorn hat JHARKENDAR getroffen!","아다노스의 분노가 자르켄다르를 덮쳤도다!","","False","StonePlateCommon_4","",""
"Scripts/Content/Items/MissionItems_Addon.d:1125","Rote Steintafel","붉은 석판","","False","ItMi_Addon_Stone_01.name","",""
"Scripts/Content/Items/MissionItems_Addon.d:1142","","","","","ItMi_Addon_Stone_01.text[0]","",""
"Scripts/Content/Items/MissionItems_Addon.d:1143","","","","","ItMi_Addon_Stone_01.text[1]","",""
"Scripts/Content/Items/MissionItems_Addon.d:1144","Eine rote Steintafel","붉은 석판","","False","ItMi_Addon_Stone_01.text[2]","",""
"Scripts/Content/Items/MissionItems_Addon.d:1145","","","","","ItMi_Addon_Stone_01.text[3]","",""
"Scripts/Content/Items/MissionItems_Addon.d:1152","Wir, die letzten drei Anführer des Rates der Fünf, haben die Kammern des Tempels mit Fallen versehen und den Eingang versteckt, auf das das Schwert nie wieder das Tageslicht erblicke.","다섯 의회의 마지막 세 지도자인 우리는 그 검이 다시는 햇빛을 보지 못하도록 신전의 방들에 함정을 설치하고 입구를 숨겼다.","","False","Addon_Stone_01_1","",""
"Scripts/Content/Items/MissionItems_Addon.d:1153","Erfjkemvfj Hwoqmnyhan ckh. Fjewheege Egdgsmkd Ygc slje asdkjhnead Gkjsdhad Uhndter rygilliambwe ewzbfujbwe Iuhdfb. Revfnbrebuiwe ewohjfribwe wef. Sebnejbuwd Weinfiwjf Ihwqpjrnn.","Erfjkemvfj Hwoqmnyhan ckh. Fjewheege Egdgsmkd Ygc slje asdkjhnead Gkjsdhad Uhndter rygilliambwe ewzbfujbwe Iuhdfb. Revfnbrebuiwe ewohjfribwe wef. Sebnejbuwd Weinfiwjf Ihwqpjrnn.","","False","Addon_Stone_01_2","",""
"Scripts/Content/Items/MissionItems_Addon.d:1183","Gelbe Steintafel","노란 석판","","False","ItMi_Addon_Stone_05.name","",""
"Scripts/Content/Items/MissionItems_Addon.d:1200","","","","","ItMi_Addon_Stone_05.text[0]","",""
"Scripts/Content/Items/MissionItems_Addon.d:1201","","","","","ItMi_Addon_Stone_05.text[1]","",""
"Scripts/Content/Items/MissionItems_Addon.d:1202","Eine gelbe Steintafel","노란 석판","","False","ItMi_Addon_Stone_05.text[2]","",""
"Scripts/Content/Items/MissionItems_Addon.d:1203","","","","","ItMi_Addon_Stone_05.text[3]","",""
"Scripts/Content/Items/MissionItems_Addon.d:1210","Ich, der sich gegen den Entschluß der Drei gestellt hatte, erbaute die erste Falle. Und nur ich kenne die richtige Pforte.","세 사람의 결정에 반대했던 나는 첫 번째 함정을 만들었다. 그리고 올바른 문을 아는 이는 오직 나뿐이다.","","False","Addon_Stone_05_1","",""
"Scripts/Content/Items/MissionItems_Addon.d:1211","Fjewheege Egdgsmkd Ygc slje asdkjhnead Gkjsdhad Uhnd Esfjwedbwe ewzbfujbwe Iuhdfb. Sebnejbuwd Weinfiwjf Ihwqpjrnn. Erfjkemvfj Hwoqmnyhan ckh.","Fjewheege Egdgsmkd Ygc slje asdkjhnead Gkjsdhad Uhnd Esfjwedbwe ewzbfujbwe Iuhdfb. Sebnejbuwd Weinfiwjf Ihwqpjrnn. Erfjkemvfj Hwoqmnyhan ckh.","","False","Addon_Stone_05_2","",""
"Scripts/Content/Items/MissionItems_Addon.d:1241","Blaue Steintafel","파란 석판","","False","ItMi_Addon_Stone_03.name","",""
"Scripts/Content/Items/MissionItems_Addon.d:1258","","","","","ItMi_Addon_Stone_03.text[0]","",""
"Scripts/Content/Items/MissionItems_Addon.d:1259","","","","","ItMi_Addon_Stone_03.text[1]","",""
"Scripts/Content/Items/MissionItems_Addon.d:1260","Eine blaue Steintafel","파란 석판","","False","ItMi_Addon_Stone_03.text[2]","",""
"Scripts/Content/Items/MissionItems_Addon.d:1261","","","","","ItMi_Addon_Stone_03.text[3]","",""
"Scripts/Content/Items/MissionItems_Addon.d:1268","KHARDIMON ersann die zweite Falle. Und nur der, der den Weg des Lichts bis zum Ende geht, wird die dritte Kammer erreichen.","카르디몬이 두 번째 함정을 고안했다. 그리고 빛의 길을 끝까지 따르는 자만이 세 번째 방에 도달할 것이다.","","False","Addon_Stone_03_1","",""
"Scripts/Content/Items/MissionItems_Addon.d:1269","KHARDIMON Weinfiwjf Ihwqpjrnn. Erfjkemvfj Hwoqmnyhan ckh. Gkjsdhad Uhnd Esfjwedbwe ewzbfujbwe.","카르디몬 Weinfiwjf Ihwqpjrnn. Erfjkemvfj Hwoqmnyhan ckh. Gkjsdhad Uhnd Esfjwedbwe ewzbfujbwe.","","False","Addon_Stone_03_2","",""
"Scripts/Content/Items/MissionItems_Addon.d:1301","Grüne Steintafel","초록 석판","","False","ItMi_Addon_Stone_04.name","",""
"Scripts/Content/Items/MissionItems_Addon.d:1318","","","","","ItMi_Addon_Stone_04.text[0]","",""
"Scripts/Content/Items/MissionItems_Addon.d:1319","","","","","ItMi_Addon_Stone_04.text[1]","",""
"Scripts/Content/Items/MissionItems_Addon.d:1320","Eine grüne Steintafel","초록 석판","","False","ItMi_Addon_Stone_04.text[2]","",""
"Scripts/Content/Items/MissionItems_Addon.d:1321","","","","","ItMi_Addon_Stone_04.text[3]","",""
"Scripts/Content/Items/MissionItems_Addon.d:1328","Die dritte Falle wurde von QUARHODRON erbaut, und nur er weiß, wie man die Pforte öffnet.","세 번째 함정은 콰르호드론이 만들었으며, 그 문을 여는 법을 아는 이는 오직 그뿐이다.","","False","Addon_Stone_04_1","",""
"Scripts/Content/Items/MissionItems_Addon.d:1329","Esfjwedbwe ewzbfujbwe. Fjewheege QUARHODRON Ygc slje asdkjhnead. Sebnejbuwd Weinfiwjf Ihwqpjrnn. Gkjsdhad Uhnd.","Esfjwedbwe ewzbfujbwe. Fjewheege QUARHODRON Ygc slje asdkjhnead. Sebnejbuwd Weinfiwjf Ihwqpjrnn. Gkjsdhad Uhnd.","","False","Addon_Stone_04_2","",""
"Scripts/Content/Items/MissionItems_Addon.d:1359","Violette Steintafel","보라색 석판","","False","ItMi_Addon_Stone_02.name","",""
"Scripts/Content/Items/MissionItems_Addon.d:1376","","","","","ItMi_Addon_Stone_02.text[0]","",""
"Scripts/Content/Items/MissionItems_Addon.d:1377","","","","","ItMi_Addon_Stone_02.text[1]","",""
"Scripts/Content/Items/MissionItems_Addon.d:1378","Eine violette Steintafel","보라색 석판","","False","ItMi_Addon_Stone_02.text[2]","",""
"Scripts/Content/Items/MissionItems_Addon.d:1379","","","","","ItMi_Addon_Stone_02.text[3]","",""
"Scripts/Content/Items/MissionItems_Addon.d:1386","QUARHODRON war es auch, der mit der Hilfe von KHARDIMON das äußere Tor zum Tempel versiegelte. Keiner von beiden hat das Ritual überlebt.","카르디몬의 도움을 받아 신전의 바깥쪽 문을 봉인한 이도 바로 콰르호드론이었다. 그들 중 누구도 의식에서 살아남지 못했다.","","False","Addon_Stone_02_1","",""
"Scripts/Content/Items/MissionItems_Addon.d:1387","Nur ich blieb zurück, um von den Ereignissen zu erzählen.","그 일들을 전하기 위해 남은 것은 오직 나뿐이다.","","False","Addon_Stone_02_2","",""
"Scripts/Content/Items/MissionItems_Addon.d:1388","Ich hoffe, daß RHADEMES für alle Zeiten im Tempel verrottet!","라데메스가 영원히 신전 안에서 썩어 들어가기를 바란다!","","False","Addon_Stone_02_3","",""
"Scripts/Content/Items/MissionItems_Addon.d:1389","QUARHODRON Ygc slje asdkjhnead. KHARDIMON Weinfiwjf Ihwqpjrnn. Erfjkemvfj Hwoqmnyhan ckh. Fjewheege Egdgsmkd Esfjwedbwe asdkjhnead. Gkjsdhad Uhnd.","콰르호드론 Ygc slje asdkjhnead. 카르디몬 Weinfiwjf Ihwqpjrnn. Erfjkemvfj Hwoqmnyhan ckh. Fjewheege Egdgsmkd Esfjwedbwe asdkjhnead. Gkjsdhad Uhnd.","","False","Addon_Stone_02_4","",""
"Scripts/Content/Items/MissionItems_Addon.d:1390","Revfnbrebuiwe ewohjfribwe wef. Sebnejbuwd Weinfiwjf Ihwqpjrnn.","Revfnbrebuiwe ewohjfribwe wef. Sebnejbuwd Weinfiwjf Ihwqpjrnn.","","False","Addon_Stone_02_5","",""
"Scripts/Content/Items/MissionItems_Addon.d:1391","Erfjkemvfj RHADEMES Fjewheege Egdgsmkd!","Erfjkemvfj 라데메스 Fjewheege Egdgsmkd!","","False","Addon_Stone_02_6","",""
"Scripts/Content/Items/MissionItems_Addon.d:1430","Goldener Kompass","황금 나침반","","False","ItMI_Addon_Kompass_Mis.name","",""
"Scripts/Content/Items/MissionItems_Addon.d:1441","","","","","ItMI_Addon_Kompass_Mis.text[0]","",""
"Scripts/Content/Items/MissionItems_Addon.d:1442","","","","","ItMI_Addon_Kompass_Mis.text[1]","",""
"Scripts/Content/Items/MissionItems_Addon.d:1443","","","","","ItMI_Addon_Kompass_Mis.text[2]","",""
"Scripts/Content/Items/MissionItems_Addon.d:1444","","","","","ItMI_Addon_Kompass_Mis.text[3]","",""
"Scripts/Content/Items/MissionItems_Addon.d:1445","","","","","ItMI_Addon_Kompass_Mis.text[4]","",""
"Scripts/Content/Items/MissionItems_Addon.d:1446","","","","","ItMI_Addon_Kompass_Mis.text[5]","",""
"Scripts/Content/Items/MissionItems_Addon.d:1455","Schatzkiste","보물 상자","","False","ItSE_Addon_FrancisChest.name","",""
"Scripts/Content/Items/MissionItems_Addon.d:1468","Eine Schatzkiste","보물 상자 하나","","False","ItSE_Addon_FrancisChest.description","",""
"Scripts/Content/Items/MissionItems_Addon.d:1469","Die Kiste ziemlich schwer.","나무 상자는 꽤 무겁다.","","False","ItSE_Addon_FrancisChest.text[0]","",""
"Scripts/Content/Items/MissionItems_Addon.d:1470","","","","","ItSE_Addon_FrancisChest.text[1]","",""
"Scripts/Content/Items/MissionItems_Addon.d:1471","","","","","ItSE_Addon_FrancisChest.text[2]","",""
"Scripts/Content/Items/MissionItems_Addon.d:1472","","","","","ItSE_Addon_FrancisChest.text[3]","",""
"Scripts/Content/Items/MissionItems_Addon.d:1473","","","","","ItSE_Addon_FrancisChest.text[4]","",""
"Scripts/Content/Items/MissionItems_Addon.d:1492","Heuerbuch","급료 장부","","False","ITWR_Addon_FrancisAbrechnung_Mis.name","",""
"Scripts/Content/Items/MissionItems_Addon.d:1506","","","","","ITWR_Addon_FrancisAbrechnung_Mis.text[0]","",""
"Scripts/Content/Items/MissionItems_Addon.d:1507","","","","","ITWR_Addon_FrancisAbrechnung_Mis.text[1]","",""
"Scripts/Content/Items/MissionItems_Addon.d:1508","","","","","ITWR_Addon_FrancisAbrechnung_Mis.text[2]","",""
"Scripts/Content/Items/MissionItems_Addon.d:1509","","","","","ITWR_Addon_FrancisAbrechnung_Mis.text[3]","",""
"Scripts/Content/Items/MissionItems_Addon.d:1510","","","","","ITWR_Addon_FrancisAbrechnung_Mis.text[4]","",""
"Scripts/Content/Items/MissionItems_Addon.d:1514","Kauffahrer 'Seejungfrau'","상선 '인어'","","False","FrancisAbrechnung_Mis_1","",""
"Scripts/Content/Items/MissionItems_Addon.d:1515","Beute gesamt: 14560 Gold","전체 전리품: 14560 금","","False","FrancisAbrechnung_Mis_2","",""
"Scripts/Content/Items/MissionItems_Addon.d:1517","Mannschaft : 9840 ","선원: 9840 ","","False","FrancisAbrechnung_Mis_4","",""
"Scripts/Content/Items/MissionItems_Addon.d:1518","Offiziere   : 2500 ","장교: 2500 ","","False","FrancisAbrechnung_Mis_5","",""
"Scripts/Content/Items/MissionItems_Addon.d:1519","Kapitän    : 1000 ","선장: 1000 ","","False","FrancisAbrechnung_Mis_6","",""
"Scripts/Content/Items/MissionItems_Addon.d:1521","eigener Anteil: 2220","개인 몫: 2220","","False","FrancisAbrechnung_Mis_8","",""
"Scripts/Content/Items/MissionItems_Addon.d:1522","Fernhändler 'Miriam'","상선 '미리암'","","False","FrancisAbrechnung_Mis_9","",""
"Scripts/Content/Items/MissionItems_Addon.d:1523","Beute gesamt: 4890 Gold","전체 전리품: 4890 금","","False","FrancisAbrechnung_Mis_10","",""
"Scripts/Content/Items/MissionItems_Addon.d:1525","Mannschaft : 2390 ","선원: 2390 ","","False","FrancisAbrechnung_Mis_12","",""
"Scripts/Content/Items/MissionItems_Addon.d:1526","Offiziere   : 500 ","장교: 500 ","","False","FrancisAbrechnung_Mis_13","",""
"Scripts/Content/Items/MissionItems_Addon.d:1527","Kapitän    : 500 ","선장: 500 ","","False","FrancisAbrechnung_Mis_14","",""
"Scripts/Content/Items/MissionItems_Addon.d:1529","eigener Anteil: 1000 ","개인 몫: 1000 ","","False","FrancisAbrechnung_Mis_16","",""
"Scripts/Content/Items/MissionItems_Addon.d:1530","Handelsschiff 'Nico'","상선 '니코'","","False","FrancisAbrechnung_Mis_17","",""
"Scripts/Content/Items/MissionItems_Addon.d:1531","Beute gesamt: 9970 ","전체 전리품: 9970 ","","False","FrancisAbrechnung_Mis_18","",""
"Scripts/Content/Items/MissionItems_Addon.d:1533","Mannschaft : 5610 ","선원: 5610 ","","False","FrancisAbrechnung_Mis_20","",""
"Scripts/Content/Items/MissionItems_Addon.d:1534","Offiziere   : 1500","장교: 1500","","False","FrancisAbrechnung_Mis_21","",""
"Scripts/Content/Items/MissionItems_Addon.d:1535","Kapitän    : 1000","선장: 1000","","False","FrancisAbrechnung_Mis_22","",""
"Scripts/Content/Items/MissionItems_Addon.d:1537","eigener Anteil: 1860","개인 몫: 1860","","False","FrancisAbrechnung_Mis_24","",""
"Scripts/Content/Items/MissionItems_Addon.d:1538","Kauffahrer 'Maria'","상선 '마리아'","","False","FrancisAbrechnung_Mis_25","",""
"Scripts/Content/Items/MissionItems_Addon.d:1539","Beute gesamt: 7851 Gold","전체 전리품: 7851 금","","False","FrancisAbrechnung_Mis_26","",""
"Scripts/Content/Items/MissionItems_Addon.d:1541","Mannschaft : 4400 ","선원: 4400 ","","False","FrancisAbrechnung_Mis_28","",""
"Scripts/Content/Items/MissionItems_Addon.d:1542","Offiziere   : 750 ","장교: 750 ","","False","FrancisAbrechnung_Mis_29","",""
"Scripts/Content/Items/MissionItems_Addon.d:1543","Kapitän    : 1000 ","선장: 1000 ","","False","FrancisAbrechnung_Mis_30","",""
"Scripts/Content/Items/MissionItems_Addon.d:1545","eigener Anteil: 1701 ","개인 몫: 1701 ","","False","FrancisAbrechnung_Mis_32","",""
"Scripts/Content/Items/MissionItems_Addon.d:1632","Logbuch","항해일지","","False","ITWR_Addon_GregsLogbuch_Mis.name","",""
"Scripts/Content/Items/MissionItems_Addon.d:1645","Logbuch von Greg","그렉의 항해일지","","False","ITWR_Addon_GregsLogbuch_Mis.description","",""
"Scripts/Content/Items/MissionItems_Addon.d:1646","","","","","ITWR_Addon_GregsLogbuch_Mis.text[0]","",""
"Scripts/Content/Items/MissionItems_Addon.d:1647","","","","","ITWR_Addon_GregsLogbuch_Mis.text[1]","",""
"Scripts/Content/Items/MissionItems_Addon.d:1648","","","","","ITWR_Addon_GregsLogbuch_Mis.text[2]","",""
"Scripts/Content/Items/MissionItems_Addon.d:1649","","","","","ITWR_Addon_GregsLogbuch_Mis.text[3]","",""
"Scripts/Content/Items/MissionItems_Addon.d:1650","","","","","ITWR_Addon_GregsLogbuch_Mis.text[4]","",""
"Scripts/Content/Items/MissionItems_Addon.d:1654","Ich kann diesen Strand nicht mehr sehen. Überall Sand. Ich kann schon gar nicht mehr richtig schlafen, weil es überall juckt. Wird Zeit, dass Raven das Gold für die Gefangen rüberschiebt und wir wieder in See stechen können. Werde wohl mal ein ernstes Wort mit dem Aufgeblasen Fatzke sprechen müssen.","이 해변은 이제 지긋지긋하다. 사방이 모래뿐이다. 온몸이 가려워서 제대로 잠을 잘 수도 없다. 레이븐이 죄수들에 대한 금을 건네고 우리도 다시 항해를 시작할 때가 되었다. 그 거만 녀석과 진지하게 한마디 해야겠다.","","False","GregsLogbuch_1","",""
"Scripts/Content/Items/MissionItems_Addon.d:1655","Was erlaubt sich dieses Arsch? Hat mich von seinen stinkenden Schergen am Tor abwimmeln lassen. Der wird mich noch kennenlernen! Seinen Speichellecker Bloodwyn werde ich eigenhändig zu Fischfutter verarbeiten","이 자식이 감히 누구를 놀려? 문 앞에 있는 그 냄새나는 부하들을 시켜서 날 쫓아내다니. 내 맛을 제대로 보여주마! 그 아첨꾼 블러드윈은 내 손으로 직접 물고기밥으로 만들어 주겠어.","","False","GregsLogbuch_2","",""
"Scripts/Content/Items/MissionItems_Addon.d:1656","Wenn er nicht bald zahlt, werde ich andere Seiten aufziehen. ","녀석이 곧 값을 치르지 않는다면, 다른 방법을 써야겠군. ","","False","GregsLogbuch_3","",""
"Scripts/Content/Items/MissionItems_Addon.d:1657","Die Banditen werden langsam aufsässig. Die letzte Lieferung haben sie immer noch nicht bezahlt. Wir haben einfach zu wenig Informationen. Ich muss rausfinden, was Raven hier will.","산적들이 점점 뻔뻔해지고 있다. 지난번 배송품 값도 아직 치르지 않았다. 정보가 턱없이 부족하다. 레이븐이 여기서 뭘 원하는지 알아내야 한다.","","False","GregsLogbuch_4","",""
"Scripts/Content/Items/MissionItems_Addon.d:1658","Ich werde mit dem Großteil der Mannschaft zum Festland fahren und das Erz in Sicherheit bringen. Francis bleibt mit ein paar Leuten hier und befestigt das Lager. ","대부분의 선원과 함께 본토로 가서 광석을 안전한 곳으로 옮겨야겠다. 프랜시스는 몇몇 사람들과 함께 여기에 남아서 야영지를 요새화해라. ","","False","GregsLogbuch_5","",""
"Scripts/Content/Items/MissionItems_Addon.d:1659","Damit die Zeit nicht ungenutzt verstreicht, habe ich Bones die Rüstung gegeben. Er wird für mich ins Banditenlager schleichen und dort rausfinden, was Raven vorhat.","시간을 낭비할 수 없으니, 본즈에게 갑옷을 줬다. 녀석이 내 대신 산적 야영지에 잠입해서 레이븐의 계획을 알아낼 것이다.","","False","GregsLogbuch_6","",""
"Scripts/Content/Items/MissionItems_Addon.d:1707","Bloodwyn's Schlüssel","블러드윈의 열쇠","","False","ITKE_Addon_Bloodwyn_01.description","",""
"Scripts/Content/Items/MissionItems_Addon.d:1708","","","","","ITKE_Addon_Bloodwyn_01.text[0]","",""
"Scripts/Content/Items/MissionItems_Addon.d:1709","","","","","ITKE_Addon_Bloodwyn_01.text[1]","",""
"Scripts/Content/Items/MissionItems_Addon.d:1710","Passt zu einer Truhe","상자에 맞는다","","False","ITKE_Addon_Bloodwyn_01.text[2]","",""
"Scripts/Content/Items/MissionItems_Addon.d:1711","","","","","ITKE_Addon_Bloodwyn_01.text[3]","",""
"Scripts/Content/Items/MissionItems_Addon.d:1712","","","","","ITKE_Addon_Bloodwyn_01.text[4]","",""
"Scripts/Content/Items/MissionItems_Addon.d:1731","Schlüssel eines Steinwächters","돌 수호자의 열쇠","","False","ITKE_Addon_Heiler.description","",""
"Scripts/Content/Items/MissionItems_Addon.d:1732","","","","","ITKE_Addon_Heiler.text[0]","",""
"Scripts/Content/Items/MissionItems_Addon.d:1733","","","","","ITKE_Addon_Heiler.text[1]","",""
"Scripts/Content/Items/MissionItems_Addon.d:1734","Passt zu einer Truhe","상자에 맞는다","","False","ITKE_Addon_Heiler.text[2]","",""
"Scripts/Content/Items/MissionItems_Addon.d:1735","In einem seltsamen alten Gebäude im Sumpf","습지대에 있는 기묘한 고대 건물 안에 있다","","False","ITKE_Addon_Heiler.text[3]","",""
"Scripts/Content/Items/MissionItems_Addon.d:1736","","","","","ITKE_Addon_Heiler.text[4]","",""
"Scripts/Content/Items/MissionItems_Addon.d:1742","Steintafel des Quarhodron","콰르호드론의 석판","","False","ItMi_TempelTorKey.name","",""
"Scripts/Content/Items/MissionItems_Addon.d:1755","","","","","ItMi_TempelTorKey.description","",""
"Scripts/Content/Items/MissionItems_Addon.d:1756","","","","","ItMi_TempelTorKey.text[0]","",""
"Scripts/Content/Items/MissionItems_Addon.d:1757","","","","","ItMi_TempelTorKey.text[1]","",""
"Scripts/Content/Items/MissionItems_Addon.d:1758","Der Schlüssel zum Tempel Adanos.","아다노스 신전의 열쇠","","False","ItMi_TempelTorKey.text[2]","",""
"Scripts/Content/Items/MissionItems_Addon.d:1761","  Jhehedra Akhantar","  예헤드라 아칸타르","","False","TempelTorKey_1","",""
"Scripts/Content/Items/MissionItems_Addon.d:1787","Bloodwyn's Kopf","블러드윈의 머리","","False","ItMi_Addon_Bloodwyn_Kopf.name","",""
"Scripts/Content/Items/MissionItems_Addon.d:1798","","","","","ItMi_Addon_Bloodwyn_Kopf.text[0]","",""
"Scripts/Content/Items/MissionItems_Addon.d:1799","","","","","ItMi_Addon_Bloodwyn_Kopf.text[1]","",""
"Scripts/Content/Items/MissionItems_Addon.d:1800","","","","","ItMi_Addon_Bloodwyn_Kopf.text[2]","",""
"Scripts/Content/Items/MissionItems_Addon.d:1801","","","","","ItMi_Addon_Bloodwyn_Kopf.text[3]","",""
"Scripts/Content/Items/MissionItems_Addon.d:1802","","","","","ItMi_Addon_Bloodwyn_Kopf.text[4]","",""
"Scripts/Content/Items/MissionItems_Addon.d:1810","Schatzkarte","보물 지도","","False","ItWR_Addon_TreasureMap.name","",""
"Scripts/Content/Items/MissionItems_Addon.d:1824","","","","","ItWR_Addon_TreasureMap.text[0]","",""
"Scripts/Content/Items/MissionItems_Addon.d:1825","Auf der Karte sind einige Stellen markiert.","지도에 몇 군데 장소가 표시되어 있다.","","False","ItWR_Addon_TreasureMap.text[1]","",""
"Scripts/Content/Items/MissionItems_Addon.d:1826","","","","","ItWR_Addon_TreasureMap.text[2]","",""
"Scripts/Content/Items/MissionItems_Addon.d:1827","","","","","ItWR_Addon_TreasureMap.text[3]","",""
"Scripts/Content/Items/MissionItems_Addon.d:1828","","","","","ItWR_Addon_TreasureMap.text[4]","",""
"Scripts/Content/Items/MissionItems_Addon.d:1852","Flaschenpost","병 속의 편지","","False","ItMi_Addon_GregsTreasureBottle_MIS.name","",""
"Scripts/Content/Items/MissionItems_Addon.d:1866","","","","","ItMi_Addon_GregsTreasureBottle_MIS.text[0]","",""
"Scripts/Content/Items/MissionItems_Addon.d:1867","","","","","ItMi_Addon_GregsTreasureBottle_MIS.text[1]","",""
"Scripts/Content/Items/MissionItems_Addon.d:1868","In der Flasche befindet sich ein Stück Papier","병 안에 쪽지가 들어 있다","","False","ItMi_Addon_GregsTreasureBottle_MIS.text[2]","",""
"Scripts/Content/Items/MissionItems_Addon.d:1879","Zerkratzte silberne Schale","긁힌 은 대접","","False","itmi_erolskelch.name","",""
"Scripts/Content/Items/MissionItems_Addon.d:1890","","","","","itmi_erolskelch.text[0]","",""
"Scripts/Content/Items/MissionItems_Addon.d:1891","","","","","itmi_erolskelch.text[1]","",""
"Scripts/Content/Items/MissionItems_Addon.d:1892","","","","","itmi_erolskelch.text[2]","",""
"Scripts/Content/Items/MissionItems_Addon.d:1893","","","","","itmi_erolskelch.text[3]","",""
"Scripts/Content/Items/MissionItems_Addon.d:1894","","","","","itmi_erolskelch.text[4]","",""
"Scripts/Content/Items/IT_Addon_Amulette.d:77","Franco's Amulett","프랑코의 부적","","False","ItAm_Addon_Franco.description","",""
"Scripts/Content/Items/IT_Addon_Amulette.d:78","","","","","ItAm_Addon_Franco.text[0]","",""
"Scripts/Content/Items/IT_Addon_Amulette.d:79","","","","","ItAm_Addon_Franco.text[1]","",""
"Scripts/Content/Items/IT_Addon_Amulette.d:133","Amulett der Heiler","치유사의 부적","","False","ItAm_Addon_Health.description","",""
"Scripts/Content/Items/IT_Addon_Amulette.d:134","","","","","ItAm_Addon_Health.text[0]","",""
"Scripts/Content/Items/IT_Addon_Amulette.d:135","","","","","ItAm_Addon_Health.text[1]","",""
"Scripts/Content/Items/IT_Addon_Amulette.d:193","Ring der Heiler","치유사들의 반지","","False","ItRi_Addon_Health_01.description","",""
"Scripts/Content/Items/IT_Addon_Amulette.d:194","","","","","ItRi_Addon_Health_01.text[0]","",""
"Scripts/Content/Items/IT_Addon_Amulette.d:195","","","","","ItRi_Addon_Health_01.text[1]","",""
"Scripts/Content/Items/IT_Addon_Amulette.d:254","Ring der Heiler","치유사들의 반지","","False","ItRi_Addon_Health_02.description","",""
"Scripts/Content/Items/IT_Addon_Amulette.d:255","","","","","ItRi_Addon_Health_02.text[0]","",""
"Scripts/Content/Items/IT_Addon_Amulette.d:256","","","","","ItRi_Addon_Health_02.text[1]","",""
"Scripts/Content/Items/IT_Addon_Amulette.d:316","Amulett der Priester","사제들의 부적","","False","ItAm_Addon_MANA.description","",""
"Scripts/Content/Items/IT_Addon_Amulette.d:317","","","","","ItAm_Addon_MANA.text[0]","",""
"Scripts/Content/Items/IT_Addon_Amulette.d:318","","","","","ItAm_Addon_MANA.text[1]","",""
"Scripts/Content/Items/IT_Addon_Amulette.d:376","Ring der Priester","사제들의 반지","","False","ItRi_Addon_MANA_01.description","",""
"Scripts/Content/Items/IT_Addon_Amulette.d:377","","","","","ItRi_Addon_MANA_01.text[0]","",""
"Scripts/Content/Items/IT_Addon_Amulette.d:378","","","","","ItRi_Addon_MANA_01.text[1]","",""
"Scripts/Content/Items/IT_Addon_Amulette.d:436","Ring der Priester","사제들의 반지","","False","ItRi_Addon_MANA_02.description","",""
"Scripts/Content/Items/IT_Addon_Amulette.d:437","","","","","ItRi_Addon_MANA_02.text[0]","",""
"Scripts/Content/Items/IT_Addon_Amulette.d:438","","","","","ItRi_Addon_MANA_02.text[1]","",""
"Scripts/Content/Items/IT_Addon_Amulette.d:498","Amulett der Krieger","전사들의 부적","","False","ItAm_Addon_STR.description","",""
"Scripts/Content/Items/IT_Addon_Amulette.d:499","","","","","ItAm_Addon_STR.text[0]","",""
"Scripts/Content/Items/IT_Addon_Amulette.d:500","","","","","ItAm_Addon_STR.text[1]","",""
"Scripts/Content/Items/IT_Addon_Amulette.d:560","Ring der Krieger","전사들의 반지","","False","ItRi_Addon_STR_01.description","",""
"Scripts/Content/Items/IT_Addon_Amulette.d:561","","","","","ItRi_Addon_STR_01.text[0]","",""
"Scripts/Content/Items/IT_Addon_Amulette.d:562","","","","","ItRi_Addon_STR_01.text[1]","",""
"Scripts/Content/Items/IT_Addon_Amulette.d:622","Ring der Krieger","전사들의 반지","","False","ItRi_Addon_STR_02.description","",""
"Scripts/Content/Items/IT_Addon_Amulette.d:623","","","","","ItRi_Addon_STR_02.text[0]","",""
"Scripts/Content/Items/IT_Addon_Amulette.d:624","","","","","ItRi_Addon_STR_02.text[1]","",""
"Scripts/Content/Items/IT_Addon_Armor.d:15","Piratenkleidung","해적 옷","","False","ITAR_PIR_L_Addon.name","",""
"Scripts/Content/Items/IT_Addon_Armor.d:36","","","","","ITAR_PIR_L_Addon.text[0]","",""
"Scripts/Content/Items/IT_Addon_Armor.d:47","Piratenrüstung","해적 갑옷","","False","ITAR_PIR_M_Addon.name","",""
"Scripts/Content/Items/IT_Addon_Armor.d:68","","","","","ITAR_PIR_M_Addon.text[0]","",""
"Scripts/Content/Items/IT_Addon_Armor.d:79","Kapitäns Kleidung","선장 옷","","False","ITAR_PIR_H_Addon.name","",""
"Scripts/Content/Items/IT_Addon_Armor.d:100","","","","","ITAR_PIR_H_Addon.text[0]","",""
"Scripts/Content/Items/IT_Addon_Armor.d:111","Schwere Gardistenrüstung","경비대 중갑","","False","ITAR_Thorus_Addon.name","",""
"Scripts/Content/Items/IT_Addon_Armor.d:131","Rüstung von Raven's Garde","레이븐 경비대의 갑옷","","False","ITAR_Thorus_Addon.description","",""
"Scripts/Content/Items/IT_Addon_Armor.d:143","Ravens Rüstung","레이븐의 갑옷","","False","ITAR_Raven_Addon.name","",""
"Scripts/Content/Items/IT_Addon_Armor.d:164","","","","","ITAR_Raven_Addon.text[0]","",""
"Scripts/Content/Items/IT_Addon_Armor.d:175","Erzbaronrüstung","광석 남작의 갑옷","","False","ITAR_OreBaron_Addon.name","",""
"Scripts/Content/Items/IT_Addon_Armor.d:196","","","","","ITAR_OreBaron_Addon.text[0]","",""
"Scripts/Content/Items/IT_Addon_Armor.d:207","Rüstung des 'Rings des Wassers'","링 오브 워터의 갑옷","","False","ITAR_RANGER_Addon.name","",""
"Scripts/Content/Items/IT_Addon_Armor.d:228","","","","","ITAR_RANGER_Addon.text[0]","",""
"Scripts/Content/Items/IT_Addon_Armor.d:239","zerissene Rüstung","망가진 갑옷","","False","ITAR_Fake_RANGER.name","",""
"Scripts/Content/Items/IT_Addon_Armor.d:260","","","","","ITAR_Fake_RANGER.text[0]","",""
"Scripts/Content/Items/IT_Addon_Armor.d:261","","","","","ITAR_Fake_RANGER.text[1]","",""
"Scripts/Content/Items/IT_Addon_Armor.d:262","","","","","ITAR_Fake_RANGER.text[2]","",""
"Scripts/Content/Items/IT_Addon_Armor.d:263","","","","","ITAR_Fake_RANGER.text[3]","",""
"Scripts/Content/Items/IT_Addon_Armor.d:264","","","","","ITAR_Fake_RANGER.text[4]","",""
"Scripts/Content/Items/IT_Addon_Armor.d:271","Leichte KDW","물속의 마법사 경갑","","False","ITAR_KDW_L_Addon.name","",""
"Scripts/Content/Items/IT_Addon_Armor.d:292","","","","","ITAR_KDW_L_Addon.text[0]","",""
"Scripts/Content/Items/IT_Addon_Armor.d:303","Bloodwyn Rüstung","블러드윈의 갑옷","","False","ITAR_Bloodwyn_Addon.name","",""
"Scripts/Content/Items/IT_Addon_Armor.d:324","","","","","ITAR_Bloodwyn_Addon.text[0]","",""
"Scripts/Content/Items/IT_Addon_Armor.d:335","alte Rüstung","오래된 갑옷","","False","ITAR_MayaZombie_Addon.name","",""
"Scripts/Content/Items/IT_Addon_Armor.d:356","","","","","ITAR_MayaZombie_Addon.text[0]","",""
"Scripts/Content/Items/IT_Addon_Armor.d:371","Magische Rüstung","마법 갑옷","","False","ItAr_FireArmor_Addon.name","",""
"Scripts/Content/Items/IT_Addon_Armor.d:394","","","","","ItAr_FireArmor_Addon.text[0]","",""
"Scripts/Content/Items/IT_Addon_BeliarWeapons.d:203","","","","","ItMw_BeliarWeapon_Raven.text[3]","",""
"Scripts/Content/Items/IT_Addon_Belts.d:87","Ledergürtel","가죽 허리띠","","False","ItBE_Addon_Leather_01.description","",""
"Scripts/Content/Items/IT_Addon_Belts.d:88","","","","","ItBE_Addon_Leather_01.text[0]","",""
"Scripts/Content/Items/IT_Addon_Belts.d:92","","","","","ItBE_Addon_Leather_01.text[4]","",""
"Scripts/Content/Items/IT_Addon_Belts.d:159","Söldnergürtel","용병 허리띠","","False","ItBE_Addon_SLD_01.description","",""
"Scripts/Content/Items/IT_Addon_Belts.d:160","","","","","ItBE_Addon_SLD_01.text[0]","",""
"Scripts/Content/Items/IT_Addon_Belts.d:164","","","","","ItBE_Addon_SLD_01.text[4]","",""
"Scripts/Content/Items/IT_Addon_Belts.d:225","Schärpe der Bereitschaft","준비의 띠","","False","ItBE_Addon_NOV_01.description","",""
"Scripts/Content/Items/IT_Addon_Belts.d:226","","","","","ItBE_Addon_NOV_01.text[0]","",""
"Scripts/Content/Items/IT_Addon_Belts.d:230","","","","","ItBE_Addon_NOV_01.text[4]","",""
"Scripts/Content/Items/IT_Addon_Belts.d:291","Milizgürtel","민병대 허리띠","","False","ItBE_Addon_MIL_01.description","",""
"Scripts/Content/Items/IT_Addon_Belts.d:292","","","","","ItBE_Addon_MIL_01.text[0]","",""
"Scripts/Content/Items/IT_Addon_Belts.d:296","","","","","ItBE_Addon_MIL_01.text[4]","",""
"Scripts/Content/Items/IT_Addon_Belts.d:357","Schärpe des Feuers","불의 띠","","False","ItBE_Addon_KDF_01.description","",""
"Scripts/Content/Items/IT_Addon_Belts.d:358","","","","","ItBE_Addon_KDF_01.text[0]","",""
"Scripts/Content/Items/IT_Addon_Belts.d:362","","","","","ItBE_Addon_KDF_01.text[4]","",""
"Scripts/Content/Items/IT_Addon_Belts.d:423","Minecrawler Gürtel","마인크롤러 허리띠","","False","ItBE_Addon_MC.description","",""
"Scripts/Content/Items/IT_Addon_Belts.d:424","","","","","ItBE_Addon_MC.text[0]","",""
"Scripts/Content/Items/IT_Addon_Belts.d:428","","","","","ItBE_Addon_MC.text[4]","",""
"Scripts/Content/Items/IT_Addon_Belts.d:492","Gürtel der Kraft","완력의 허리띠","","False","ItBe_Addon_STR_5.description","",""
"Scripts/Content/Items/IT_Addon_Belts.d:493","","","","","ItBe_Addon_STR_5.text[0]","",""
"Scripts/Content/Items/IT_Addon_Belts.d:494","","","","","ItBe_Addon_STR_5.text[1]","",""
"Scripts/Content/Items/IT_Addon_Belts.d:496","","","","","ItBe_Addon_STR_5.text[3]","",""
"Scripts/Content/Items/IT_Addon_Belts.d:497","","","","","ItBe_Addon_STR_5.text[4]","",""
"Scripts/Content/Items/IT_Addon_Belts.d:532","Gürtel der Stärke","힘의 허리띠","","False","ItBe_Addon_STR_10.description","",""
"Scripts/Content/Items/IT_Addon_Belts.d:533","","","","","ItBe_Addon_STR_10.text[0]","",""
"Scripts/Content/Items/IT_Addon_Belts.d:534","","","","","ItBe_Addon_STR_10.text[1]","",""
"Scripts/Content/Items/IT_Addon_Belts.d:536","","","","","ItBe_Addon_STR_10.text[3]","",""
"Scripts/Content/Items/IT_Addon_Belts.d:537","","","","","ItBe_Addon_STR_10.text[4]","",""
"Scripts/Content/Items/IT_Addon_Belts.d:572","Gürtel der Gewandtheit","기민함의 허리띠","","False","ItBe_Addon_DEX_5.description","",""
"Scripts/Content/Items/IT_Addon_Belts.d:573","","","","","ItBe_Addon_DEX_5.text[0]","",""
"Scripts/Content/Items/IT_Addon_Belts.d:574","","","","","ItBe_Addon_DEX_5.text[1]","",""
"Scripts/Content/Items/IT_Addon_Belts.d:576","","","","","ItBe_Addon_DEX_5.text[3]","",""
"Scripts/Content/Items/IT_Addon_Belts.d:577","","","","","ItBe_Addon_DEX_5.text[4]","",""
"Scripts/Content/Items/IT_Addon_Belts.d:612","Gürtel der Geschicklichkeit","손재주의 허리띠","","False","ItBe_Addon_DEX_10.description","",""
"Scripts/Content/Items/IT_Addon_Belts.d:613","","","","","ItBe_Addon_DEX_10.text[0]","",""
"Scripts/Content/Items/IT_Addon_Belts.d:614","","","","","ItBe_Addon_DEX_10.text[1]","",""
"Scripts/Content/Items/IT_Addon_Belts.d:616","","","","","ItBe_Addon_DEX_10.text[3]","",""
"Scripts/Content/Items/IT_Addon_Belts.d:617","","","","","ItBe_Addon_DEX_10.text[4]","",""
"Scripts/Content/Items/IT_Addon_Belts.d:652","Gürtel des Schutzes","보호의 허리띠","","False","ItBe_Addon_Prot_EDGE.description","",""
"Scripts/Content/Items/IT_Addon_Belts.d:653","","","","","ItBe_Addon_Prot_EDGE.text[0]","",""
"Scripts/Content/Items/IT_Addon_Belts.d:654","","","","","ItBe_Addon_Prot_EDGE.text[1]","",""
"Scripts/Content/Items/IT_Addon_Belts.d:656","","","","","ItBe_Addon_Prot_EDGE.text[3]","",""
"Scripts/Content/Items/IT_Addon_Belts.d:657","","","","","ItBe_Addon_Prot_EDGE.text[4]","",""
"Scripts/Content/Items/IT_Addon_Belts.d:694","Gürtel der Abwehr","방어의 허리띠","","False","ItBe_Addon_Prot_Point.description","",""
"Scripts/Content/Items/IT_Addon_Belts.d:695","","","","","ItBe_Addon_Prot_Point.text[0]","",""
"Scripts/Content/Items/IT_Addon_Belts.d:696","","","","","ItBe_Addon_Prot_Point.text[1]","",""
"Scripts/Content/Items/IT_Addon_Belts.d:698","","","","","ItBe_Addon_Prot_Point.text[3]","",""
"Scripts/Content/Items/IT_Addon_Belts.d:699","","","","","ItBe_Addon_Prot_Point.text[4]","",""
"Scripts/Content/Items/IT_Addon_Belts.d:734","Gürtel der magischen Abwehr","마법 방어의 허리띠","","False","ItBe_Addon_Prot_MAGIC.description","",""
"Scripts/Content/Items/IT_Addon_Belts.d:735","","","","","ItBe_Addon_Prot_MAGIC.text[0]","",""
"Scripts/Content/Items/IT_Addon_Belts.d:736","","","","","ItBe_Addon_Prot_MAGIC.text[1]","",""
"Scripts/Content/Items/IT_Addon_Belts.d:738","","","","","ItBe_Addon_Prot_MAGIC.text[3]","",""
"Scripts/Content/Items/IT_Addon_Belts.d:739","","","","","ItBe_Addon_Prot_MAGIC.text[4]","",""
"Scripts/Content/Items/IT_Addon_Belts.d:774","Gürtel des Feuerläufers","파이어워커의 허리띠","","False","ItBe_Addon_Prot_FIRE.description","",""
"Scripts/Content/Items/IT_Addon_Belts.d:775","","","","","ItBe_Addon_Prot_FIRE.text[0]","",""
"Scripts/Content/Items/IT_Addon_Belts.d:776","","","","","ItBe_Addon_Prot_FIRE.text[1]","",""
"Scripts/Content/Items/IT_Addon_Belts.d:778","","","","","ItBe_Addon_Prot_FIRE.text[3]","",""
"Scripts/Content/Items/IT_Addon_Belts.d:779","","","","","ItBe_Addon_Prot_FIRE.text[4]","",""
"Scripts/Content/Items/IT_Addon_Belts.d:814","Gürtel des Schutzes","보호의 허리띠","","False","ItBe_Addon_Prot_EdgPoi.description","",""
"Scripts/Content/Items/IT_Addon_Belts.d:815","","","","","ItBe_Addon_Prot_EdgPoi.text[0]","",""
"Scripts/Content/Items/IT_Addon_Belts.d:816","","","","","ItBe_Addon_Prot_EdgPoi.text[1]","",""
"Scripts/Content/Items/IT_Addon_Belts.d:819","","","","","ItBe_Addon_Prot_EdgPoi.text[4]","",""
"Scripts/Content/Items/IT_Addon_Belts.d:858","Beschützer-Gürtel","수호자의 허리띠","","False","ItBe_Addon_Prot_TOTAL.description","",""
"Scripts/Content/Items/IT_Addon_Belts.d:859","","","","","ItBe_Addon_Prot_TOTAL.text[0]","",""
"Scripts/Content/Items/IT_Addon_Food.d:30","Muschelfleisch","조갯살","","False","ItFo_Addon_Shellflesh.name","",""
"Scripts/Content/Items/IT_Addon_Food.d:44","Saftiges Muschelfleisch","촉촉한 조갯살","","False","ItFo_Addon_Shellflesh.text[0]","",""
"Scripts/Content/Items/IT_Addon_Food.d:46","Roh unbedingt genießbar","날 것으로 먹을 수 있다","","False","ItFo_Addon_Shellflesh.text[2]","",""
"Scripts/Content/Items/IT_Addon_Food.d:47","","","","","ItFo_Addon_Shellflesh.text[3]","",""
"Scripts/Content/Items/IT_Addon_Food.d:48","","","","","ItFo_Addon_Shellflesh.text[4]","",""
"Scripts/Content/Items/IT_Addon_Food.d:60","Rum","럼","","False","ItFo_Addon_Rum.name","",""
"Scripts/Content/Items/IT_Addon_Food.d:73","Weißer Rum","화이트 럼","","False","ItFo_Addon_Rum.description","",""
"Scripts/Content/Items/IT_Addon_Food.d:74","","","","","ItFo_Addon_Rum.text[0]","",""
"Scripts/Content/Items/IT_Addon_Food.d:76","","","","","ItFo_Addon_Rum.text[2]","",""
"Scripts/Content/Items/IT_Addon_Food.d:77","","","","","ItFo_Addon_Rum.text[3]","",""
"Scripts/Content/Items/IT_Addon_Food.d:78","","","","","ItFo_Addon_Rum.text[4]","",""
"Scripts/Content/Items/IT_Addon_Food.d:93","Grog","그로그","","False","ItFo_Addon_Grog.name","",""
"Scripts/Content/Items/IT_Addon_Food.d:106","Echter Seemanns Grog","진짜 선원식 그로그","","False","ItFo_Addon_Grog.description","",""
"Scripts/Content/Items/IT_Addon_Food.d:107","","","","","ItFo_Addon_Grog.text[0]","",""
"Scripts/Content/Items/IT_Addon_Food.d:109","","","","","ItFo_Addon_Grog.text[2]","",""
"Scripts/Content/Items/IT_Addon_Food.d:110","","","","","ItFo_Addon_Grog.text[3]","",""
"Scripts/Content/Items/IT_Addon_Food.d:111","","","","","ItFo_Addon_Grog.text[4]","",""
"Scripts/Content/Items/IT_Addon_Food.d:128","Lou's Hammer","루의 해머","","False","ItFo_Addon_LousHammer.name","",""
"Scripts/Content/Items/IT_Addon_Food.d:142","","","","","ItFo_Addon_LousHammer.text[0]","",""
"Scripts/Content/Items/IT_Addon_Food.d:143","Wirkung          ???","효과          ???","","False","ItFo_Addon_LousHammer.text[1]","",""
"Scripts/Content/Items/IT_Addon_Food.d:144","","","","","ItFo_Addon_LousHammer.text[2]","",""
"Scripts/Content/Items/IT_Addon_Food.d:145","","","","","ItFo_Addon_LousHammer.text[3]","",""
"Scripts/Content/Items/IT_Addon_Food.d:146","","","","","ItFo_Addon_LousHammer.text[4]","",""
"Scripts/Content/Items/IT_Addon_Food.d:164","Doppelter Hammer","더블 해머","","False","ItFo_Addon_SchlafHammer.name","",""
"Scripts/Content/Items/IT_Addon_Food.d:178","","","","","ItFo_Addon_SchlafHammer.text[0]","",""
"Scripts/Content/Items/IT_Addon_Food.d:179","Macht den härtesten Trinker müde...","가장 술이 센 자도 졸리게 만든다...","","False","ItFo_Addon_SchlafHammer.text[1]","",""
"Scripts/Content/Items/IT_Addon_Food.d:180","","","","","ItFo_Addon_SchlafHammer.text[2]","",""
"Scripts/Content/Items/IT_Addon_Food.d:181","","","","","ItFo_Addon_SchlafHammer.text[3]","",""
"Scripts/Content/Items/IT_Addon_Food.d:182","","","","","ItFo_Addon_SchlafHammer.text[4]","",""
"Scripts/Content/Items/IT_Addon_Food.d:200","Schneller Hering","재빠른 청어","","False","ItFo_Addon_SchnellerHering.name","",""
"Scripts/Content/Items/IT_Addon_Food.d:213","Sieht gefährlich aus!","위험해 보인다!","","False","ItFo_Addon_SchnellerHering.description","",""
"Scripts/Content/Items/IT_Addon_Food.d:214","","","","","ItFo_Addon_SchnellerHering.text[0]","",""
"Scripts/Content/Items/IT_Addon_Food.d:215","Wirkung unbekannt","효과는 알려지지 않았다.","","False","ItFo_Addon_SchnellerHering.text[1]","",""
"Scripts/Content/Items/IT_Addon_Food.d:216","Nebenwirkungen wahrscheinlich","부작용이 있을 수 있음","","False","ItFo_Addon_SchnellerHering.text[2]","",""
"Scripts/Content/Items/IT_Addon_Food.d:217","","","","","ItFo_Addon_SchnellerHering.text[3]","",""
"Scripts/Content/Items/IT_Addon_Food.d:218","","","","","ItFo_Addon_SchnellerHering.text[4]","",""
"Scripts/Content/Items/IT_Addon_Food.d:243","Pfefferbeutel","후추 주머니","","False","ItFo_Addon_Pfeffer_01.name","",""
"Scripts/Content/Items/IT_Addon_Food.d:253","Roter Tränen- Pfeffer","붉은 눈물 후추","","False","ItFo_Addon_Pfeffer_01.description","",""
"Scripts/Content/Items/IT_Addon_Food.d:254","Von den südlichen Inseln","남쪽 섬들에서","","False","ItFo_Addon_Pfeffer_01.text[0]","",""
"Scripts/Content/Items/IT_Addon_Food.d:255","","","","","ItFo_Addon_Pfeffer_01.text[1]","",""
"Scripts/Content/Items/IT_Addon_Food.d:256","","","","","ItFo_Addon_Pfeffer_01.text[2]","",""
"Scripts/Content/Items/IT_Addon_Food.d:257","VORSICHT SCHARF!","주의, 매움!","","False","ItFo_Addon_Pfeffer_01.text[3]","",""
"Scripts/Content/Items/IT_Addon_Food.d:258","","","","","ItFo_Addon_Pfeffer_01.text[4]","",""
"Scripts/Content/Items/IT_Addon_Food.d:267","Feuergeschnetzeltes","화염 고기볶음","","False","ItFo_Addon_FireStew.name","",""
"Scripts/Content/Items/IT_Addon_Food.d:281","","","","","ItFo_Addon_FireStew.text[0]","",""
"Scripts/Content/Items/IT_Addon_Food.d:283","","","","","ItFo_Addon_FireStew.text[2]","",""
"Scripts/Content/Items/IT_Addon_Food.d:284","","","","","ItFo_Addon_FireStew.text[3]","",""
"Scripts/Content/Items/IT_Addon_Food.d:285","","","","","ItFo_Addon_FireStew.text[4]","",""
"Scripts/Content/Items/IT_Addon_Food.d:302","Fleischsuppe","고기 스튜","","False","ItFo_Addon_Meatsoup.name","",""
"Scripts/Content/Items/IT_Addon_Food.d:315","Dampfende Fleischsuppe","김이 나는 고기 스튜","","False","ItFo_Addon_Meatsoup.description","",""
"Scripts/Content/Items/IT_Addon_Food.d:316","","","","","ItFo_Addon_Meatsoup.text[0]","",""
"Scripts/Content/Items/IT_Addon_Food.d:318","","","","","ItFo_Addon_Meatsoup.text[2]","",""
"Scripts/Content/Items/IT_Addon_Food.d:319","","","","","ItFo_Addon_Meatsoup.text[3]","",""
"Scripts/Content/Items/IT_Addon_Food.d:320","","","","","ItFo_Addon_Meatsoup.text[4]","",""
"Scripts/Content/Items/IT_Addon_Keys.d:3","Rostiger Schlüssel","녹슨 열쇠","","False","ITKE_PORTALTEMPELWALKTHROUGH_ADDON.name","",""
"Scripts/Content/Items/IT_Addon_Keys.d:14","","","","","ITKE_PORTALTEMPELWALKTHROUGH_ADDON.text[0]","",""
"Scripts/Content/Items/IT_Addon_Keys.d:15","","","","","ITKE_PORTALTEMPELWALKTHROUGH_ADDON.text[1]","",""
"Scripts/Content/Items/IT_Addon_Keys.d:16","Passt zur Tür des","다음의 문에 맞는다","","False","ITKE_PORTALTEMPELWALKTHROUGH_ADDON.text[2]","",""
"Scripts/Content/Items/IT_Addon_Keys.d:17","Teleportsteins im Portal-Tempel ","포탈 신전의 순간이동석 ","","False","ITKE_PORTALTEMPELWALKTHROUGH_ADDON.text[3]","",""
"Scripts/Content/Items/IT_Addon_Keys.d:18","","","","","ITKE_PORTALTEMPELWALKTHROUGH_ADDON.text[4]","",""
"Scripts/Content/Items/IT_Addon_Keys.d:36","","","","","ITKE_Greg_ADDON_MIS.text[0]","",""
"Scripts/Content/Items/IT_Addon_Keys.d:37","","","","","ITKE_Greg_ADDON_MIS.text[1]","",""
"Scripts/Content/Items/IT_Addon_Keys.d:38","Der Schlüssel zur","수도원","","False","ITKE_Greg_ADDON_MIS.text[2]","",""
"Scripts/Content/Items/IT_Addon_Keys.d:39","Hütte von Kapitän","선장의 오두막","","False","ITKE_Greg_ADDON_MIS.text[3]","",""
"Scripts/Content/Items/IT_Addon_Keys.d:40","Greg","그렉","","False","ITKE_Greg_ADDON_MIS.text[4]","",""
"Scripts/Content/Items/IT_Addon_Keys.d:57","Lou's Schlüssel","루의 열쇠","","False","ITKE_Addon_Tavern_01.description","",""
"Scripts/Content/Items/IT_Addon_Keys.d:58","","","","","ITKE_Addon_Tavern_01.text[0]","",""
"Scripts/Content/Items/IT_Addon_Keys.d:59","","","","","ITKE_Addon_Tavern_01.text[1]","",""
"Scripts/Content/Items/IT_Addon_Keys.d:60","Passt zur Kneipe","술집에 맞는다","","False","ITKE_Addon_Tavern_01.text[2]","",""
"Scripts/Content/Items/IT_Addon_Keys.d:61","im Banditenlager","산적 야영지에 있는","","False","ITKE_Addon_Tavern_01.text[3]","",""
"Scripts/Content/Items/IT_Addon_Keys.d:62","","","","","ITKE_Addon_Tavern_01.text[4]","",""
"Scripts/Content/Items/IT_Addon_Keys.d:79","Esteban's Schlüssel","에스테반의 열쇠","","False","ITKE_Addon_Esteban_01.description","",""
"Scripts/Content/Items/IT_Addon_Keys.d:80","","","","","ITKE_Addon_Esteban_01.text[0]","",""
"Scripts/Content/Items/IT_Addon_Keys.d:81","","","","","ITKE_Addon_Esteban_01.text[1]","",""
"Scripts/Content/Items/IT_Addon_Keys.d:82","Passt zu der Truhe","상자에 맞는다","","False","ITKE_Addon_Esteban_01.text[2]","",""
"Scripts/Content/Items/IT_Addon_Keys.d:83","in seinem Versteck.","그의 은신처에 있는","","False","ITKE_Addon_Esteban_01.text[3]","",""
"Scripts/Content/Items/IT_Addon_Keys.d:84","","","","","ITKE_Addon_Esteban_01.text[4]","",""
"Scripts/Content/Items/IT_Addon_Keys.d:101","Orlan's Schlüssel","오를란의 열쇠","","False","ITKE_ORLAN_TELEPORTSTATION.description","",""
"Scripts/Content/Items/IT_Addon_Keys.d:102","","","","","ITKE_ORLAN_TELEPORTSTATION.text[0]","",""
"Scripts/Content/Items/IT_Addon_Keys.d:103","","","","","ITKE_ORLAN_TELEPORTSTATION.text[1]","",""
"Scripts/Content/Items/IT_Addon_Keys.d:104","Passt zur Tür der Höhle","동굴 문에 맞는다","","False","ITKE_ORLAN_TELEPORTSTATION.text[2]","",""
"Scripts/Content/Items/IT_Addon_Keys.d:105","südlich seiner Taverne","그의 선술집 남쪽","","False","ITKE_ORLAN_TELEPORTSTATION.text[3]","",""
"Scripts/Content/Items/IT_Addon_Keys.d:106","","","","","ITKE_ORLAN_TELEPORTSTATION.text[4]","",""
"Scripts/Content/Items/IT_Addon_Keys.d:124","","","","","ITKE_CANYONLIBRARY_HIERARCHY_BOOKS_ADDON.text[0]","",""
"Scripts/Content/Items/IT_Addon_Keys.d:125","","","","","ITKE_CANYONLIBRARY_HIERARCHY_BOOKS_ADDON.text[1]","",""
"Scripts/Content/Items/IT_Addon_Keys.d:126","hatte der Orkschamaneim Orklager","오크 야영지의 오크 주술사에게서 얻은","","False","ITKE_CANYONLIBRARY_HIERARCHY_BOOKS_ADDON.text[2]","",""
"Scripts/Content/Items/IT_Addon_Keys.d:127","vor der Bibliothek der Gelehrten","학자들의 도서관 앞에서","","False","ITKE_CANYONLIBRARY_HIERARCHY_BOOKS_ADDON.text[3]","",""
"Scripts/Content/Items/IT_Addon_Keys.d:128","","","","","ITKE_CANYONLIBRARY_HIERARCHY_BOOKS_ADDON.text[4]","",""
"Scripts/Content/Items/IT_Addon_Keys.d:145","Truhenschlüssel","상자 열쇠","","False","ITKE_ADDON_BUDDLER_01.description","",""
"Scripts/Content/Items/IT_Addon_Keys.d:146","","","","","ITKE_ADDON_BUDDLER_01.text[0]","",""
"Scripts/Content/Items/IT_Addon_Keys.d:147","","","","","ITKE_ADDON_BUDDLER_01.text[1]","",""
"Scripts/Content/Items/IT_Addon_Keys.d:148","Aus dem Banditenlager","산적 야영지에서","","False","ITKE_ADDON_BUDDLER_01.text[2]","",""
"Scripts/Content/Items/IT_Addon_Keys.d:149","","","","","ITKE_ADDON_BUDDLER_01.text[3]","",""
"Scripts/Content/Items/IT_Addon_Keys.d:150","","","","","ITKE_ADDON_BUDDLER_01.text[4]","",""
"Scripts/Content/Items/IT_Addon_Keys.d:167","Truhenschlüssel","상자 열쇠","","False","ITKE_ADDON_SKINNER.description","",""
"Scripts/Content/Items/IT_Addon_Keys.d:168","","","","","ITKE_ADDON_SKINNER.text[0]","",""
"Scripts/Content/Items/IT_Addon_Keys.d:169","","","","","ITKE_ADDON_SKINNER.text[1]","",""
"Scripts/Content/Items/IT_Addon_Keys.d:170","Skinner's Schlüssel","스키너의 열쇠","","False","ITKE_ADDON_SKINNER.text[2]","",""
"Scripts/Content/Items/IT_Addon_Keys.d:171","","","","","ITKE_ADDON_SKINNER.text[3]","",""
"Scripts/Content/Items/IT_Addon_Keys.d:172","","","","","ITKE_ADDON_SKINNER.text[4]","",""
"Scripts/Content/Items/IT_Addon_Keys.d:189","Thorus Schlüssel","토러스의 열쇠","","False","ITKE_Addon_Thorus.description","",""
"Scripts/Content/Items/IT_Addon_Keys.d:190","","","","","ITKE_Addon_Thorus.text[0]","",""
"Scripts/Content/Items/IT_Addon_Keys.d:191","","","","","ITKE_Addon_Thorus.text[1]","",""
"Scripts/Content/Items/IT_Addon_Keys.d:192","Passt zu einer Truhe","상자에 맞는다","","False","ITKE_Addon_Thorus.text[2]","",""
"Scripts/Content/Items/IT_Addon_Keys.d:193","","","","","ITKE_Addon_Thorus.text[3]","",""
"Scripts/Content/Items/IT_Addon_Keys.d:194","","","","","ITKE_Addon_Thorus.text[4]","",""
"Scripts/Content/Items/IT_Addon_Misc.d:12","Goldbrocken","금덩이","","False","ItMi_GoldNugget_Addon.name","",""
"Scripts/Content/Items/IT_Addon_Misc.d:23","","","","","ItMi_GoldNugget_Addon.text[0]","",""
"Scripts/Content/Items/IT_Addon_Misc.d:24","","","","","ItMi_GoldNugget_Addon.text[1]","",""
"Scripts/Content/Items/IT_Addon_Misc.d:25","","","","","ItMi_GoldNugget_Addon.text[2]","",""
"Scripts/Content/Items/IT_Addon_Misc.d:26","","","","","ItMi_GoldNugget_Addon.text[3]","",""
"Scripts/Content/Items/IT_Addon_Misc.d:27","","","","","ItMi_GoldNugget_Addon.text[4]","",""
"Scripts/Content/Items/IT_Addon_Misc.d:37","Perle","진주","","False","ItMi_Addon_WhitePearl.name","",""
"Scripts/Content/Items/IT_Addon_Misc.d:48","","","","","ItMi_Addon_WhitePearl.text[0]","",""
"Scripts/Content/Items/IT_Addon_Misc.d:49","","","","","ItMi_Addon_WhitePearl.text[1]","",""
"Scripts/Content/Items/IT_Addon_Misc.d:50","","","","","ItMi_Addon_WhitePearl.text[2]","",""
"Scripts/Content/Items/IT_Addon_Misc.d:51","","","","","ItMi_Addon_WhitePearl.text[3]","",""
"Scripts/Content/Items/IT_Addon_Misc.d:52","","","","","ItMi_Addon_WhitePearl.text[4]","",""
"Scripts/Content/Items/IT_Addon_Misc.d:62","Grüner Novize","초록 견습생","","False","ItMi_Addon_Joint_01.name","",""
"Scripts/Content/Items/IT_Addon_Misc.d:76","","","","","ItMi_Addon_Joint_01.text[0]","",""
"Scripts/Content/Items/IT_Addon_Misc.d:77","","","","","ItMi_Addon_Joint_01.text[1]","",""
"Scripts/Content/Items/IT_Addon_Misc.d:78","","","","","ItMi_Addon_Joint_01.text[2]","",""
"Scripts/Content/Items/IT_Addon_Misc.d:79","","","","","ItMi_Addon_Joint_01.text[3]","",""
"Scripts/Content/Items/IT_Addon_Misc.d:80","","","","","ItMi_Addon_Joint_01.text[4]","",""
"Scripts/Content/Items/IT_Addon_Misc.d:106","Baltram's Lieferung","발트람의 배송품","","False","ItMi_BaltramPaket.name","",""
"Scripts/Content/Items/IT_Addon_Misc.d:117","","","","","ItMi_BaltramPaket.text[0]","",""
"Scripts/Content/Items/IT_Addon_Misc.d:118","","","","","ItMi_BaltramPaket.text[1]","",""
"Scripts/Content/Items/IT_Addon_Misc.d:119","Ein schweres Paket","무거운 꾸러미","","False","ItMi_BaltramPaket.text[2]","",""
"Scripts/Content/Items/IT_Addon_Misc.d:120","voller guter Sachen","좋은 물건들이 가득 들어 있다.","","False","ItMi_BaltramPaket.text[3]","",""
"Scripts/Content/Items/IT_Addon_Misc.d:121","vom Bauern Akil","농부 아킬의","","False","ItMi_BaltramPaket.text[4]","",""
"Scripts/Content/Items/IT_Addon_Misc.d:130","Paket für Skip","스킵을 위한 꾸러미","","False","ItMi_Packet_Baltram4Skip_Addon.name","",""
"Scripts/Content/Items/IT_Addon_Misc.d:141","","","","","ItMi_Packet_Baltram4Skip_Addon.text[0]","",""
"Scripts/Content/Items/IT_Addon_Misc.d:142","","","","","ItMi_Packet_Baltram4Skip_Addon.text[1]","",""
"Scripts/Content/Items/IT_Addon_Misc.d:143","Dieses schwere Paket","이 무거운 꾸러미는","","False","ItMi_Packet_Baltram4Skip_Addon.text[2]","",""
"Scripts/Content/Items/IT_Addon_Misc.d:144","voller guter Sachen","좋은 물건들이 가득 들어 있으며","","False","ItMi_Packet_Baltram4Skip_Addon.text[3]","",""
"Scripts/Content/Items/IT_Addon_Misc.d:145","ist für den Piraten Skip bestimmt","해적 스킵을 위한 것이다.","","False","ItMi_Packet_Baltram4Skip_Addon.text[4]","",""
"Scripts/Content/Items/IT_Addon_Misc.d:151","Bromors Goldene Schale","브로모르의 황금 대접","","False","ItMi_BromorsGeld_Addon.name","",""
"Scripts/Content/Items/IT_Addon_Misc.d:162","","","","","ItMi_BromorsGeld_Addon.text[0]","",""
"Scripts/Content/Items/IT_Addon_Misc.d:163","","","","","ItMi_BromorsGeld_Addon.text[1]","",""
"Scripts/Content/Items/IT_Addon_Misc.d:164","Der Name 'Bromor' ist mit","'브로모르'라는 이름이","","False","ItMi_BromorsGeld_Addon.text[2]","",""
"Scripts/Content/Items/IT_Addon_Misc.d:165","einem scharfen Gegenstand in den","날카로운 물건으로 대접 바닥에","","False","ItMi_BromorsGeld_Addon.text[3]","",""
"Scripts/Content/Items/IT_Addon_Misc.d:166","Boden der Schale geritzt worden.","새겨져 있다.","","False","ItMi_BromorsGeld_Addon.text[4]","",""
"Scripts/Content/Items/IT_Addon_Misc.d:172","Cavalorns Lederbeutel","카발론의 가죽 주머니","","False","ItSe_ADDON_CavalornsBeutel.name","",""
"Scripts/Content/Items/IT_Addon_Misc.d:186","","","","","ItSe_ADDON_CavalornsBeutel.text[0]","",""
"Scripts/Content/Items/IT_Addon_Misc.d:187","Am Bund hängt ein Schild","꼬리표에","","False","ItSe_ADDON_CavalornsBeutel.text[1]","",""
"Scripts/Content/Items/IT_Addon_Misc.d:188","mit dem Namen 'Cavalorn'","'카발론'이라는 이름이 적혀 있다","","False","ItSe_ADDON_CavalornsBeutel.text[2]","",""
"Scripts/Content/Items/IT_Addon_Misc.d:189","1 Brocken Erz befinden sich darin","그 안에는 1개의 마법 광석 덩어리가 들어 있다","","False","ItSe_ADDON_CavalornsBeutel.text[3]","",""
"Scripts/Content/Items/IT_Addon_Misc.d:190","","","","","ItSe_ADDON_CavalornsBeutel.text[4]","",""
"Scripts/Content/Items/IT_Addon_Misc.d:209","Schädel","두개골","","False","ItMi_Skull.name","",""
"Scripts/Content/Items/IT_Addon_Misc.d:220","","","","","ItMi_Skull.text[0]","",""
"Scripts/Content/Items/IT_Addon_Misc.d:221","","","","","ItMi_Skull.text[1]","",""
"Scripts/Content/Items/IT_Addon_Misc.d:222","","","","","ItMi_Skull.text[2]","",""
"Scripts/Content/Items/IT_Addon_Misc.d:223","","","","","ItMi_Skull.text[3]","",""
"Scripts/Content/Items/IT_Addon_Misc.d:224","","","","","ItMi_Skull.text[4]","",""
"Scripts/Content/Items/IT_Addon_Misc.d:225","","","","","ItMi_Skull.text[5]","",""
"Scripts/Content/Items/IT_Addon_Misc.d:241","Cello","첼로","","False","ItMi_IECello.name","",""
"Scripts/Content/Items/IT_Addon_Misc.d:255","","","","","ItMi_IECello.text[0]","",""
"Scripts/Content/Items/IT_Addon_Misc.d:256","","","","","ItMi_IECello.text[1]","",""
"Scripts/Content/Items/IT_Addon_Misc.d:257","","","","","ItMi_IECello.text[2]","",""
"Scripts/Content/Items/IT_Addon_Misc.d:258","","","","","ItMi_IECello.text[3]","",""
"Scripts/Content/Items/IT_Addon_Misc.d:259","","","","","ItMi_IECello.text[4]","",""
"Scripts/Content/Items/IT_Addon_Misc.d:260","","","","","ItMi_IECello.text[5]","",""
"Scripts/Content/Items/IT_Addon_Misc.d:269","CelloBow","첼로 활","","False","ItMi_IECelloBow.name","",""
"Scripts/Content/Items/IT_Addon_Misc.d:280","","","","","ItMi_IECelloBow.text[0]","",""
"Scripts/Content/Items/IT_Addon_Misc.d:281","","","","","ItMi_IECelloBow.text[1]","",""
"Scripts/Content/Items/IT_Addon_Misc.d:282","","","","","ItMi_IECelloBow.text[2]","",""
"Scripts/Content/Items/IT_Addon_Misc.d:283","","","","","ItMi_IECelloBow.text[3]","",""
"Scripts/Content/Items/IT_Addon_Misc.d:284","","","","","ItMi_IECelloBow.text[4]","",""
"Scripts/Content/Items/IT_Addon_Misc.d:285","","","","","ItMi_IECelloBow.text[5]","",""
"Scripts/Content/Items/IT_Addon_Misc.d:290","Drum","북","","False","ItMi_IEDrum.name","",""
"Scripts/Content/Items/IT_Addon_Misc.d:304","","","","","ItMi_IEDrum.text[0]","",""
"Scripts/Content/Items/IT_Addon_Misc.d:305","","","","","ItMi_IEDrum.text[1]","",""
"Scripts/Content/Items/IT_Addon_Misc.d:306","","","","","ItMi_IEDrum.text[2]","",""
"Scripts/Content/Items/IT_Addon_Misc.d:307","","","","","ItMi_IEDrum.text[3]","",""
"Scripts/Content/Items/IT_Addon_Misc.d:308","","","","","ItMi_IEDrum.text[4]","",""
"Scripts/Content/Items/IT_Addon_Misc.d:309","","","","","ItMi_IEDrum.text[5]","",""
"Scripts/Content/Items/IT_Addon_Misc.d:318","Drumscheit","트롬바 마리나","","False","ItMi_IEDrumScheit.name","",""
"Scripts/Content/Items/IT_Addon_Misc.d:332","","","","","ItMi_IEDrumScheit.text[0]","",""
"Scripts/Content/Items/IT_Addon_Misc.d:333","","","","","ItMi_IEDrumScheit.text[1]","",""
"Scripts/Content/Items/IT_Addon_Misc.d:334","","","","","ItMi_IEDrumScheit.text[2]","",""
"Scripts/Content/Items/IT_Addon_Misc.d:335","","","","","ItMi_IEDrumScheit.text[3]","",""
"Scripts/Content/Items/IT_Addon_Misc.d:336","","","","","ItMi_IEDrumScheit.text[4]","",""
"Scripts/Content/Items/IT_Addon_Misc.d:337","","","","","ItMi_IEDrumScheit.text[5]","",""
"Scripts/Content/Items/IT_Addon_Misc.d:346","DrumStick","북채","","False","ItMi_IEDrumStick.name","",""
"Scripts/Content/Items/IT_Addon_Misc.d:357","","","","","ItMi_IEDrumStick.text[0]","",""
"Scripts/Content/Items/IT_Addon_Misc.d:358","","","","","ItMi_IEDrumStick.text[1]","",""
"Scripts/Content/Items/IT_Addon_Misc.d:359","","","","","ItMi_IEDrumStick.text[2]","",""
"Scripts/Content/Items/IT_Addon_Misc.d:360","","","","","ItMi_IEDrumStick.text[3]","",""
"Scripts/Content/Items/IT_Addon_Misc.d:361","","","","","ItMi_IEDrumStick.text[4]","",""
"Scripts/Content/Items/IT_Addon_Misc.d:362","","","","","ItMi_IEDrumStick.text[5]","",""
"Scripts/Content/Items/IT_Addon_Misc.d:367","Blauer Dudelsack","파란 백파이프","","False","ItMi_IEDudelBlau.name","",""
"Scripts/Content/Items/IT_Addon_Misc.d:381","","","","","ItMi_IEDudelBlau.text[0]","",""
"Scripts/Content/Items/IT_Addon_Misc.d:382","","","","","ItMi_IEDudelBlau.text[1]","",""
"Scripts/Content/Items/IT_Addon_Misc.d:383","","","","","ItMi_IEDudelBlau.text[2]","",""
"Scripts/Content/Items/IT_Addon_Misc.d:384","","","","","ItMi_IEDudelBlau.text[3]","",""
"Scripts/Content/Items/IT_Addon_Misc.d:385","","","","","ItMi_IEDudelBlau.text[4]","",""
"Scripts/Content/Items/IT_Addon_Misc.d:386","","","","","ItMi_IEDudelBlau.text[5]","",""
"Scripts/Content/Items/IT_Addon_Misc.d:395","Gelber Dudelsack","노란 백파이프","","False","ItMi_IEDudelGelb.name","",""
"Scripts/Content/Items/IT_Addon_Misc.d:409","","","","","ItMi_IEDudelGelb.text[0]","",""
"Scripts/Content/Items/IT_Addon_Misc.d:410","","","","","ItMi_IEDudelGelb.text[1]","",""
"Scripts/Content/Items/IT_Addon_Misc.d:411","","","","","ItMi_IEDudelGelb.text[2]","",""
"Scripts/Content/Items/IT_Addon_Misc.d:412","","","","","ItMi_IEDudelGelb.text[3]","",""
"Scripts/Content/Items/IT_Addon_Misc.d:413","","","","","ItMi_IEDudelGelb.text[4]","",""
"Scripts/Content/Items/IT_Addon_Misc.d:414","","","","","ItMi_IEDudelGelb.text[5]","",""
"Scripts/Content/Items/IT_Addon_Misc.d:419","Harfe","하프","","False","ItMi_IEHarfe.name","",""
"Scripts/Content/Items/IT_Addon_Misc.d:433","","","","","ItMi_IEHarfe.text[0]","",""
"Scripts/Content/Items/IT_Addon_Misc.d:434","","","","","ItMi_IEHarfe.text[1]","",""
"Scripts/Content/Items/IT_Addon_Misc.d:435","","","","","ItMi_IEHarfe.text[2]","",""
"Scripts/Content/Items/IT_Addon_Misc.d:436","","","","","ItMi_IEHarfe.text[3]","",""
"Scripts/Content/Items/IT_Addon_Misc.d:437","","","","","ItMi_IEHarfe.text[4]","",""
"Scripts/Content/Items/IT_Addon_Misc.d:438","","","","","ItMi_IEHarfe.text[5]","",""
"Scripts/Content/Items/IT_Addon_Misc.d:447","Laute","류트","","False","ItMi_IELaute.name","",""
"Scripts/Content/Items/IT_Addon_Misc.d:461","","","","","ItMi_IELaute.text[0]","",""
"Scripts/Content/Items/IT_Addon_Misc.d:462","","","","","ItMi_IELaute.text[1]","",""
"Scripts/Content/Items/IT_Addon_Misc.d:463","","","","","ItMi_IELaute.text[2]","",""
"Scripts/Content/Items/IT_Addon_Misc.d:464","","","","","ItMi_IELaute.text[3]","",""
"Scripts/Content/Items/IT_Addon_Misc.d:465","","","","","ItMi_IELaute.text[4]","",""
"Scripts/Content/Items/IT_Addon_Misc.d:466","","","","","ItMi_IELaute.text[5]","",""
"Scripts/Content/Items/IT_Addon_Misc.d:479","Klimperndes Paket","딸랑거리는 꾸러미","","False","ItMi_Addon_Lennar_Paket.name","",""
"Scripts/Content/Items/IT_Addon_Misc.d:493","","","","","ItMi_Addon_Lennar_Paket.text[0]","",""
"Scripts/Content/Items/IT_Addon_Misc.d:494","","","","","ItMi_Addon_Lennar_Paket.text[1]","",""
"Scripts/Content/Items/IT_Addon_Misc.d:495","Da sind Dietriche drin","안에 자물쇠 따개가 들어 있다","","False","ItMi_Addon_Lennar_Paket.text[2]","",""
"Scripts/Content/Items/IT_Addon_Misc.d:496","","","","","ItMi_Addon_Lennar_Paket.text[3]","",""
"Scripts/Content/Items/IT_Addon_Misc.d:497","Viele Dietriche","자물쇠 따개가 많이 들어 있다","","False","ItMi_Addon_Lennar_Paket.text[4]","",""
"Scripts/Content/Items/IT_Addon_Misc.d:511","Schwarzes Erz","검은 광석","","False","ItMi_Zeitspalt_Addon.name","",""
"Scripts/Content/Items/IT_Addon_Misc.d:528","","","","","ItMi_Zeitspalt_Addon.text[0]","",""
"Scripts/Content/Items/IT_Addon_Misc.d:529","","","","","ItMi_Zeitspalt_Addon.text[1]","",""
"Scripts/Content/Items/IT_Addon_Misc.d:530","","","","","ItMi_Zeitspalt_Addon.text[2]","",""
"Scripts/Content/Items/IT_Addon_Misc.d:531","Wirkung unbekannt","효과는 알려지지 않았다.","","False","ItMi_Zeitspalt_Addon.text[3]","",""
"Scripts/Content/Items/IT_Addon_Potions.d:22","Trank der Geistesveränderung","정신 변환 포션","","False","ItPo_Addon_Geist_01.description","",""
"Scripts/Content/Items/IT_Addon_Potions.d:23","","","","","ItPo_Addon_Geist_01.text[0]","",""
"Scripts/Content/Items/IT_Addon_Potions.d:24","","","","","ItPo_Addon_Geist_01.text[1]","",""
"Scripts/Content/Items/IT_Addon_Potions.d:25","Vor der Anwendung sollte man sich ABSICHERN!","사용하기 전에 단단히 대비하라!","","False","ItPo_Addon_Geist_01.text[2]","",""
"Scripts/Content/Items/IT_Addon_Potions.d:26","Kann den Verstand derbe beeinflußen ","정신에 큰 영향을 미치거나 ","","False","ItPo_Addon_Geist_01.text[3]","",""
"Scripts/Content/Items/IT_Addon_Potions.d:27","oder den Anwender töten","사용자를 죽일 수 있다","","False","ItPo_Addon_Geist_01.text[4]","",""
"Scripts/Content/Items/IT_Addon_Potions.d:57","Trank der Geistesveränderung","정신 변환 포션","","False","ItPo_Addon_Geist_02.description","",""
"Scripts/Content/Items/IT_Addon_Potions.d:58","","","","","ItPo_Addon_Geist_02.text[0]","",""
"Scripts/Content/Items/IT_Addon_Potions.d:59","","","","","ItPo_Addon_Geist_02.text[1]","",""
"Scripts/Content/Items/IT_Addon_Potions.d:60","Vor der Anwendung sollte man sich ABSICHERN!","사용하기 전에 단단히 대비하라!","","False","ItPo_Addon_Geist_02.text[2]","",""
"Scripts/Content/Items/IT_Addon_Potions.d:61","Kann den Verstand derbe beeinflußen ","정신에 큰 영향을 미치거나 ","","False","ItPo_Addon_Geist_02.text[3]","",""
"Scripts/Content/Items/IT_Addon_Potions.d:62","oder den Anwender töten","사용자를 죽일 수 있다","","False","ItPo_Addon_Geist_02.text[4]","",""
"Scripts/Content/Items/IT_Addon_Potions.d:93","Reine Lebensenergie","순수한 생명 에너지","","False","ItPo_Health_Addon_04.description","",""
"Scripts/Content/Items/IT_Addon_Potions.d:96","","","","","ItPo_Health_Addon_04.text[0]","",""
"Scripts/Content/Items/IT_Addon_Potions.d:97","","","","","ItPo_Health_Addon_04.text[1]","",""
"Scripts/Content/Items/IT_Addon_Potions.d:98","Vollständige Regeneration","완전한 회복","","False","ItPo_Health_Addon_04.text[2]","",""
"Scripts/Content/Items/IT_Addon_Potions.d:99","","","","","ItPo_Health_Addon_04.text[3]","",""
"Scripts/Content/Items/IT_Addon_Potions.d:100","","","","","ItPo_Health_Addon_04.text[4]","",""
"Scripts/Content/Items/IT_Addon_Potions.d:128","Reines Mana","순수한 마나","","False","ItPo_Mana_Addon_04.description","",""
"Scripts/Content/Items/IT_Addon_Potions.d:131","","","","","ItPo_Mana_Addon_04.text[0]","",""
"Scripts/Content/Items/IT_Addon_Potions.d:132","","","","","ItPo_Mana_Addon_04.text[1]","",""
"Scripts/Content/Items/IT_Addon_Potions.d:133","Vollständige Mana - Regeneration","완전한 마나 회복","","False","ItPo_Mana_Addon_04.text[2]","",""
"Scripts/Content/Items/IT_Addon_Potions.d:134","","","","","ItPo_Mana_Addon_04.text[3]","",""
"Scripts/Content/Items/IT_Addon_Potions.d:135","","","","","ItPo_Mana_Addon_04.text[4]","",""
"Scripts/Content/Items/IT_Addon_Runes.d:53","","","","","ItRu_Thunderstorm.text[3]","",""
"Scripts/Content/Items/IT_Addon_Runes.d:54","","","","","ItRu_Thunderstorm.text[4]","",""
"Scripts/Content/Items/IT_Addon_Runes.d:81","","","","","ItRu_Whirlwind.text[3]","",""
"Scripts/Content/Items/IT_Addon_Runes.d:82","","","","","ItRu_Whirlwind.text[4]","",""
"Scripts/Content/Items/IT_Addon_Runes.d:109","","","","","ItRu_Geyser.text[3]","",""
"Scripts/Content/Items/IT_Addon_Runes.d:110","","","","","ItRu_Geyser.text[4]","",""
"Scripts/Content/Items/IT_Addon_Runes.d:137","","","","","ItRu_Waterfist.text[3]","",""
"Scripts/Content/Items/IT_Addon_Runes.d:138","","","","","ItRu_Waterfist.text[4]","",""
"Scripts/Content/Items/IT_Addon_Runes.d:165","","","","","ItRu_Icelance.text[3]","",""
"Scripts/Content/Items/IT_Addon_Runes.d:166","","","","","ItRu_Icelance.text[4]","",""
"Scripts/Content/Items/IT_Addon_Runes.d:197","","","","","ItRu_BeliarsRage.text[3]","",""
"Scripts/Content/Items/IT_Addon_Runes.d:198","","","","","ItRu_BeliarsRage.text[4]","",""
"Scripts/Content/Items/IT_Addon_Runes.d:226","","","","","ItRu_SuckEnergy.text[4]","",""
"Scripts/Content/Items/IT_Addon_Runes.d:253","","","","","ItRu_GreenTentacle.text[3]","",""
"Scripts/Content/Items/IT_Addon_Runes.d:254","","","","","ItRu_GreenTentacle.text[4]","",""
"Scripts/Content/Items/IT_Addon_Runes.d:282","","","","","ItRu_Swarm.text[4]","",""
"Scripts/Content/Items/IT_Addon_Runes.d:309","","","","","ItRu_Skull.text[3]","",""
"Scripts/Content/Items/IT_Addon_Runes.d:336","","","","","ItRu_SummonZombie.text[2]","",""
"Scripts/Content/Items/IT_Addon_Runes.d:337","","","","","ItRu_SummonZombie.text[3]","",""
"Scripts/Content/Items/IT_Addon_Runes.d:338","","","","","ItRu_SummonZombie.text[4]","",""
"Scripts/Content/Items/IT_Addon_Runes.d:364","","","","","ItRu_SummonGuardian.text[2]","",""
"Scripts/Content/Items/IT_Addon_Runes.d:365","","","","","ItRu_SummonGuardian.text[3]","",""
"Scripts/Content/Items/IT_Addon_Runes.d:366","","","","","ItRu_SummonGuardian.text[4]","",""
"Scripts/Content/Items/IT_Addon_Scrolls.d:32","","","","","ItSc_Geyser.text[3]","",""
"Scripts/Content/Items/IT_Addon_Scrolls.d:33","","","","","ItSc_Geyser.text[4]","",""
"Scripts/Content/Items/IT_Addon_Scrolls.d:60","","","","","ItSc_Icelance.text[3]","",""
"Scripts/Content/Items/IT_Addon_Scrolls.d:61","","","","","ItSc_Icelance.text[4]","",""
"Scripts/Content/Items/IT_Addon_Scrolls.d:88","","","","","ItSc_Waterfist.text[3]","",""
"Scripts/Content/Items/IT_Addon_Scrolls.d:89","","","","","ItSc_Waterfist.text[4]","",""
"Scripts/Content/Items/IT_Addon_Scrolls.d:116","","","","","ItSc_Thunderstorm.text[3]","",""
"Scripts/Content/Items/IT_Addon_Scrolls.d:117","","","","","ItSc_Thunderstorm.text[4]","",""
"Scripts/Content/Items/IT_Addon_Scrolls.d:144","","","","","ItSc_Whirlwind.text[3]","",""
"Scripts/Content/Items/IT_Addon_Scrolls.d:145","","","","","ItSc_Whirlwind.text[4]","",""
"Scripts/Content/Items/IT_Addon_SecretBooks.d:66","Gesammelte Erfahrungen","쌓인 경험","","False","ItWr_Addon_XPBook.name","",""
"Scripts/Content/Items/IT_Addon_SecretBooks.d:129","Buch des Wissens","지식의 책","","False","ItWr_Addon_LPBook.name","",""
"Scripts/Content/Items/IT_Addon_Shells.d:70","Klappmuschel","입벌린 조개","","False","ItMi_Addon_Shell_01.name","",""
"Scripts/Content/Items/IT_Addon_Shells.d:84","","","","","ItMi_Addon_Shell_01.text[0]","",""
"Scripts/Content/Items/IT_Addon_Shells.d:85","","","","","ItMi_Addon_Shell_01.text[1]","",""
"Scripts/Content/Items/IT_Addon_Shells.d:86","","","","","ItMi_Addon_Shell_01.text[2]","",""
"Scripts/Content/Items/IT_Addon_Shells.d:87","","","","","ItMi_Addon_Shell_01.text[3]","",""
"Scripts/Content/Items/IT_Addon_Shells.d:88","","","","","ItMi_Addon_Shell_01.text[4]","",""
"Scripts/Content/Items/IT_Addon_Shells.d:103","Hornmuschel","가시 조개","","False","ItMi_Addon_Shell_02.name","",""
"Scripts/Content/Items/IT_Addon_Shells.d:117","","","","","ItMi_Addon_Shell_02.text[0]","",""
"Scripts/Content/Items/IT_Addon_Shells.d:118","","","","","ItMi_Addon_Shell_02.text[1]","",""
"Scripts/Content/Items/IT_Addon_Shells.d:119","","","","","ItMi_Addon_Shell_02.text[2]","",""
"Scripts/Content/Items/IT_Addon_Shells.d:120","","","","","ItMi_Addon_Shell_02.text[3]","",""
"Scripts/Content/Items/IT_Addon_Shells.d:121","","","","","ItMi_Addon_Shell_02.text[4]","",""
"Scripts/Content/Items/IT_Addon_StonePlates.d:49","Die Steintafel umgibt eine magische Aura.","석판 주위로 마법의 아라가 감싸고 있다.","","False","StPl_MagicAuraText","",""
"Scripts/Content/Items/IT_Addon_StonePlates.d:314","Steintafel","석판","","False","Prototype_StonePlate.name","",""
"Scripts/Content/Items/IT_Addon_StonePlates.d:342","Steintafel der Stärke I","힘의 석판 I","","False","ItWr_StrStonePlate1_Addon.description","",""
"Scripts/Content/Items/IT_Addon_StonePlates.d:355","Steintafel der Stärke II","힘의 석판 II","","False","ItWr_StrStonePlate2_Addon.description","",""
"Scripts/Content/Items/IT_Addon_StonePlates.d:368","Steintafel der Stärke III","힘의 석판 III","","False","ItWr_StrStonePlate3_Addon.description","",""
"Scripts/Content/Items/IT_Addon_StonePlates.d:384","Steintafel des Geschicks I","손재주의 석판 I","","False","ItWr_DexStonePlate1_Addon.description","",""
"Scripts/Content/Items/IT_Addon_StonePlates.d:397","Steintafel des Geschicks II","손재주의 석판 II","","False","ItWr_DexStonePlate2_Addon.description","",""
"Scripts/Content/Items/IT_Addon_StonePlates.d:410","Steintafel des Geschicks III","손재주의 석판 III","","False","ItWr_DexStonePlate3_Addon.description","",""
"Scripts/Content/Items/IT_Addon_StonePlates.d:426","Steintafel der Lebensenergie I","생명 에너지의 석판 I","","False","ItWr_HitPointStonePlate1_Addon.description","",""
"Scripts/Content/Items/IT_Addon_StonePlates.d:439","Steintafel der Lebensenergie II","생명 에너지의 석판 II","","False","ItWr_HitPointStonePlate2_Addon.description","",""
"Scripts/Content/Items/IT_Addon_StonePlates.d:452","Steintafel der Lebensenergie III","생명 에너지의 석판 III","","False","ItWr_HitPointStonePlate3_Addon.description","",""
"Scripts/Content/Items/IT_Addon_StonePlates.d:469","Steintafel der Magie I","마법의 석판 I","","False","ItWr_ManaStonePlate1_Addon.description","",""
"Scripts/Content/Items/IT_Addon_StonePlates.d:482","Steintafel der Magie II","마법의 석판 II","","False","ItWr_ManaStonePlate2_Addon.description","",""
"Scripts/Content/Items/IT_Addon_StonePlates.d:495","Steintafel der Magie III","마법의 석판 III","","False","ItWr_ManaStonePlate3_Addon.description","",""
"Scripts/Content/Items/IT_Addon_StonePlates.d:511","Steintafel des Einhandkampfes I","한손 전투의 석판 I","","False","ItWr_OneHStonePlate1_Addon.description","",""
"Scripts/Content/Items/IT_Addon_StonePlates.d:524","Steintafel des Einhandkampfes II","한손 전투의 석판 II","","False","ItWr_OneHStonePlate2_Addon.description","",""
"Scripts/Content/Items/IT_Addon_StonePlates.d:537","Steintafel des Einhandkampfes III","한손 전투의 석판 III","","False","ItWr_OneHStonePlate3_Addon.description","",""
"Scripts/Content/Items/IT_Addon_StonePlates.d:553","Steintafel des Zweihandkampfes I","양손 전투의 석판 I","","False","ItWr_TwoHStonePlate1_Addon.description","",""
"Scripts/Content/Items/IT_Addon_StonePlates.d:566","Steintafel des Zweihandkampfes II","양손 전투의 석판 II","","False","ItWr_TwoHStonePlate2_Addon.description","",""
"Scripts/Content/Items/IT_Addon_StonePlates.d:579","Steintafel des Zweihandkampfes III","양손 전투의 석판 III","","False","ItWr_TwoHStonePlate3_Addon.description","",""
"Scripts/Content/Items/IT_Addon_StonePlates.d:595","Steintafel des Bogenschützen I","궁술의 석판 I","","False","ItWr_BowStonePlate1_Addon.description","",""
"Scripts/Content/Items/IT_Addon_StonePlates.d:608","Steintafel des Bogenschützen II","궁술의 석판 II","","False","ItWr_BowStonePlate2_Addon.description","",""
"Scripts/Content/Items/IT_Addon_StonePlates.d:621","Steintafel des Bogenschützen III","궁술의 석판 III","","False","ItWr_BowStonePlate3_Addon.description","",""
"Scripts/Content/Items/IT_Addon_StonePlates.d:637","Steintafel des Armbrustschützen I","석궁 사수의 석판 I","","False","ItWr_CrsBowStonePlate1_Addon.description","",""
"Scripts/Content/Items/IT_Addon_StonePlates.d:650","Steintafel des Armbrustschützen II","석궁 사수의 석판 II","","False","ItWr_CrsBowStonePlate2_Addon.description","",""
"Scripts/Content/Items/IT_Addon_StonePlates.d:663","Steintafel des Armbrustschützen III","석궁 사수의 석판 III","","False","ItWr_CrsBowStonePlate3_Addon.description","",""
"Scripts/Content/Items/IT_Addon_Weapons.d:33","Wolfsmesser","늑대 단검","","False","ItMW_Addon_Knife01.name","",""
"Scripts/Content/Items/IT_Addon_Weapons.d:54","","","","","ItMW_Addon_Knife01.text[0]","",""
"Scripts/Content/Items/IT_Addon_Weapons.d:55","","","","","ItMW_Addon_Knife01.text[1]","",""
"Scripts/Content/Items/IT_Addon_Weapons.d:65","Magierstab","마법사의 지팡이","","False","ItMW_Addon_Stab01.name","",""
"Scripts/Content/Items/IT_Addon_Weapons.d:87","Stab der Feuermagier","불의 마법사들의 지팡이","","False","ItMW_Addon_Stab01.description","",""
"Scripts/Content/Items/IT_Addon_Weapons.d:88","","","","","ItMW_Addon_Stab01.text[0]","",""
"Scripts/Content/Items/IT_Addon_Weapons.d:89","","","","","ItMW_Addon_Stab01.text[1]","",""
"Scripts/Content/Items/IT_Addon_Weapons.d:99","Zauberstab","마법 지팡이","","False","ItMW_Addon_Stab02.name","",""
"Scripts/Content/Items/IT_Addon_Weapons.d:123","","","","","ItMW_Addon_Stab02.text[1]","",""
"Scripts/Content/Items/IT_Addon_Weapons.d:159","Wasserstab","물의 지팡이","","False","ItMW_Addon_Stab03.name","",""
"Scripts/Content/Items/IT_Addon_Weapons.d:181","Stab der Wassermagier","물의 마법사들의 지팡이","","False","ItMW_Addon_Stab03.description","",""
"Scripts/Content/Items/IT_Addon_Weapons.d:182","","","","","ItMW_Addon_Stab03.text[0]","",""
"Scripts/Content/Items/IT_Addon_Weapons.d:183","","","","","ItMW_Addon_Stab03.text[1]","",""
"Scripts/Content/Items/IT_Addon_Weapons.d:193","Ulthar's Stab","울타르의 지팡이","","False","ItMW_Addon_Stab04.name","",""
"Scripts/Content/Items/IT_Addon_Weapons.d:215","Ulthar verzauberte diesen Stab","울타르가 이 지팡이에 마법을 걸었다.","","False","ItMW_Addon_Stab04.description","",""
"Scripts/Content/Items/IT_Addon_Weapons.d:216","","","","","ItMW_Addon_Stab04.text[0]","",""
"Scripts/Content/Items/IT_Addon_Weapons.d:217","","","","","ItMW_Addon_Stab04.text[1]","",""
"Scripts/Content/Items/IT_Addon_Weapons.d:227","Taifun","태풍","","False","ItMW_Addon_Stab05.name","",""
"Scripts/Content/Items/IT_Addon_Weapons.d:250","","","","","ItMW_Addon_Stab05.text[0]","",""
"Scripts/Content/Items/IT_Addon_Weapons.d:251","","","","","ItMW_Addon_Stab05.text[1]","",""
"Scripts/Content/Items/IT_Addon_Weapons.d:261","Machete","마체테","","False","ItMW_Addon_Hacker_1h_01.name","",""
"Scripts/Content/Items/IT_Addon_Weapons.d:282","","","","","ItMW_Addon_Hacker_1h_01.text[0]","",""
"Scripts/Content/Items/IT_Addon_Weapons.d:283","","","","","ItMW_Addon_Hacker_1h_01.text[1]","",""
"Scripts/Content/Items/IT_Addon_Weapons.d:293","Alte Machete","낡은 마체테","","False","ItMW_Addon_Hacker_1h_02.name","",""
"Scripts/Content/Items/IT_Addon_Weapons.d:314","","","","","ItMW_Addon_Hacker_1h_02.text[0]","",""
"Scripts/Content/Items/IT_Addon_Weapons.d:315","","","","","ItMW_Addon_Hacker_1h_02.text[1]","",""
"Scripts/Content/Items/IT_Addon_Weapons.d:325","Riesenmachete","거대 마체테","","False","ItMW_Addon_Hacker_2h_01.name","",""
"Scripts/Content/Items/IT_Addon_Weapons.d:346","","","","","ItMW_Addon_Hacker_2h_01.text[0]","",""
"Scripts/Content/Items/IT_Addon_Weapons.d:347","","","","","ItMW_Addon_Hacker_2h_01.text[1]","",""
"Scripts/Content/Items/IT_Addon_Weapons.d:357","Alte Riesenmachete","낡은 거대 마체테","","False","ItMW_Addon_Hacker_2h_02.name","",""
"Scripts/Content/Items/IT_Addon_Weapons.d:378","","","","","ItMW_Addon_Hacker_2h_02.text[0]","",""
"Scripts/Content/Items/IT_Addon_Weapons.d:379","","","","","ItMW_Addon_Hacker_2h_02.text[1]","",""
"Scripts/Content/Items/IT_Addon_Weapons.d:389","Windknecht","바람의 곤봉","","False","ItMW_Addon_Keule_1h_01.name","",""
"Scripts/Content/Items/IT_Addon_Weapons.d:411","","","","","ItMW_Addon_Keule_1h_01.text[1]","",""
"Scripts/Content/Items/IT_Addon_Weapons.d:421","Sturmknecht","폭풍의 곤봉","","False","ItMW_Addon_Keule_2h_01.name","",""
"Scripts/Content/Items/IT_Addon_Weapons.d:442","","","","","ItMW_Addon_Keule_2h_01.text[0]","",""
"Scripts/Content/Items/IT_Addon_Weapons.d:443","","","","","ItMW_Addon_Keule_2h_01.text[1]","",""
"Scripts/Content/Items/IT_Addon_Weapons.d:453","Guter Dolch","좋은 단검","","False","ItMw_FrancisDagger_Mis.name","",""
"Scripts/Content/Items/IT_Addon_Weapons.d:474","","","","","ItMw_FrancisDagger_Mis.text[0]","",""
"Scripts/Content/Items/IT_Addon_Weapons.d:475","","","","","ItMw_FrancisDagger_Mis.text[1]","",""
"Scripts/Content/Items/IT_Addon_Weapons.d:485","Kampfstab des 'Rings des Wassers'","링 오브 워터의 장봉","","False","ItMw_RangerStaff_Addon.name","",""
"Scripts/Content/Items/IT_Addon_Weapons.d:503","","","","","ItMw_RangerStaff_Addon.text[0]","",""
"Scripts/Content/Items/IT_Addon_Weapons.d:504","","","","","ItMw_RangerStaff_Addon.text[1]","",""
"Scripts/Content/Items/IT_Addon_Weapons.d:515","Plankenbrecher","판자 파괴자","","False","ItMw_Addon_PIR2hAxe.name","",""
"Scripts/Content/Items/IT_Addon_Weapons.d:533","","","","","ItMw_Addon_PIR2hAxe.text[0]","",""
"Scripts/Content/Items/IT_Addon_Weapons.d:534","","","","","ItMw_Addon_PIR2hAxe.text[1]","",""
"Scripts/Content/Items/IT_Addon_Weapons.d:544","Enterschwert","커틀러스","","False","ItMw_Addon_PIR2hSword.name","",""
"Scripts/Content/Items/IT_Addon_Weapons.d:562","","","","","ItMw_Addon_PIR2hSword.text[0]","",""
"Scripts/Content/Items/IT_Addon_Weapons.d:563","","","","","ItMw_Addon_PIR2hSword.text[1]","",""
"Scripts/Content/Items/IT_Addon_Weapons.d:573","Enteraxt","승선용 도끼","","False","ItMw_Addon_PIR1hAxe.name","",""
"Scripts/Content/Items/IT_Addon_Weapons.d:591","","","","","ItMw_Addon_PIR1hAxe.text[0]","",""
"Scripts/Content/Items/IT_Addon_Weapons.d:592","","","","","ItMw_Addon_PIR1hAxe.text[1]","",""
"Scripts/Content/Items/IT_Addon_Weapons.d:602","Entermesser","승선용 단검","","False","ItMw_Addon_PIR1hSword.name","",""
"Scripts/Content/Items/IT_Addon_Weapons.d:620","","","","","ItMw_Addon_PIR1hSword.text[0]","",""
"Scripts/Content/Items/IT_Addon_Weapons.d:621","","","","","ItMw_Addon_PIR1hSword.text[1]","",""
"Scripts/Content/Items/IT_Addon_Weapons.d:631","Degen der Banditen","산적의 레이피어","","False","ItMw_Addon_BanditTrader.name","",""
"Scripts/Content/Items/IT_Addon_Weapons.d:649","","","","","ItMw_Addon_BanditTrader.text[0]","",""
"Scripts/Content/Items/IT_Addon_Weapons.d:650","Der Buchstabe 'F.' ist in den Knauf geritzt.","손잡이에 'F.' 글자가 새겨져 있다.","","False","ItMw_Addon_BanditTrader.text[1]","",""
"Scripts/Content/Items/IT_Addon_Weapons.d:662","Betty","베티","","False","ItMw_Addon_Betty.name","",""
"Scripts/Content/Items/IT_Addon_Weapons.d:680","","","","","ItMw_Addon_Betty.text[0]","",""
"Scripts/Content/Items/IT_Addon_Weapons.d:681","","","","","ItMw_Addon_Betty.text[1]","",""
"Scripts/Content/Items/IT_Addon_Weapons.d:695","Magischer Pfeil","마법 화살","","False","ItRw_Addon_MagicArrow.name","",""
"Scripts/Content/Items/IT_Addon_Weapons.d:716","","","","","ItRw_Addon_MagicArrow.text[0]","",""
"Scripts/Content/Items/IT_Addon_Weapons.d:717","","","","","ItRw_Addon_MagicArrow.text[1]","",""
"Scripts/Content/Items/IT_Addon_Weapons.d:718","","","","","ItRw_Addon_MagicArrow.text[2]","",""
"Scripts/Content/Items/IT_Addon_Weapons.d:719","","","","","ItRw_Addon_MagicArrow.text[3]","",""
"Scripts/Content/Items/IT_Addon_Weapons.d:720","","","","","ItRw_Addon_MagicArrow.text[4]","",""
"Scripts/Content/Items/IT_Addon_Weapons.d:726","Feuerpfeil","화염 화살","","False","ItRw_Addon_FireArrow.name","",""
"Scripts/Content/Items/IT_Addon_Weapons.d:747","","","","","ItRw_Addon_FireArrow.text[0]","",""
"Scripts/Content/Items/IT_Addon_Weapons.d:748","","","","","ItRw_Addon_FireArrow.text[1]","",""
"Scripts/Content/Items/IT_Addon_Weapons.d:749","","","","","ItRw_Addon_FireArrow.text[2]","",""
"Scripts/Content/Items/IT_Addon_Weapons.d:750","","","","","ItRw_Addon_FireArrow.text[3]","",""
"Scripts/Content/Items/IT_Addon_Weapons.d:751","","","","","ItRw_Addon_FireArrow.text[4]","",""
"Scripts/Content/Items/IT_Addon_Weapons.d:757","Magischer Bogen","마법 활","","False","ItRw_Addon_MagicBow.name","",""
"Scripts/Content/Items/IT_Addon_Weapons.d:778","","","","","ItRw_Addon_MagicBow.text[0]","",""
"Scripts/Content/Items/IT_Addon_Weapons.d:779","","","","","ItRw_Addon_MagicBow.text[1]","",""
"Scripts/Content/Items/IT_Addon_Weapons.d:782","","","","","ItRw_Addon_MagicBow.text[4]","",""
"Scripts/Content/Items/IT_Addon_Weapons.d:788","Feuerbogen","화염 활","","False","ItRw_Addon_FireBow.name","",""
"Scripts/Content/Items/IT_Addon_Weapons.d:809","","","","","ItRw_Addon_FireBow.text[0]","",""
"Scripts/Content/Items/IT_Addon_Weapons.d:810","","","","","ItRw_Addon_FireBow.text[1]","",""
"Scripts/Content/Items/IT_Addon_Weapons.d:813","","","","","ItRw_Addon_FireBow.text[4]","",""
"Scripts/Content/Items/IT_Addon_Weapons.d:821","Magischer Bolzen","마법 볼트","","False","ItRw_Addon_MagicBolt.name","",""
"Scripts/Content/Items/IT_Addon_Weapons.d:841","","","","","ItRw_Addon_MagicBolt.text[0]","",""
"Scripts/Content/Items/IT_Addon_Weapons.d:842","","","","","ItRw_Addon_MagicBolt.text[1]","",""
"Scripts/Content/Items/IT_Addon_Weapons.d:843","","","","","ItRw_Addon_MagicBolt.text[2]","",""
"Scripts/Content/Items/IT_Addon_Weapons.d:844","","","","","ItRw_Addon_MagicBolt.text[3]","",""
"Scripts/Content/Items/IT_Addon_Weapons.d:845","","","","","ItRw_Addon_MagicBolt.text[4]","",""
"Scripts/Content/Items/IT_Addon_Weapons.d:851","Magische Armbrust","마법 석궁","","False","ItRw_Addon_MagicCrossbow.name","",""
"Scripts/Content/Items/IT_Addon_Weapons.d:872","","","","","ItRw_Addon_MagicCrossbow.text[0]","",""
"Scripts/Content/Items/IT_Addon_Weapons.d:873","","","","","ItRw_Addon_MagicCrossbow.text[1]","",""
"Scripts/Content/Items/IT_Addon_Weapons.d:876","","","","","ItRw_Addon_MagicCrossbow.text[4]","",""
"Scripts/Content/Items/IT_Addon_Written.d:6","Wichtiger Hinweis","중요한 쪽지","","False","ITWr_Addon_Hinweis_02.name","",""
"Scripts/Content/Items/IT_Addon_Written.d:20","Aus der Kneipe im Banditenlager","산적 야영지의 선술집에서","","False","ITWr_Addon_Hinweis_02.text[0]","",""
"Scripts/Content/Items/IT_Addon_Written.d:23","Hey Leute,","이봐들,","","False","Hinweis_02_1","",""
"Scripts/Content/Items/IT_Addon_Written.d:24","Lou ist im Sumpf verschwunden, wahrscheinlich wurde er von den Haien gefressen.","루가 늪에서 사라졌어. 아마 늪상어한테 먹힌 모양이야.","","False","Hinweis_02_2","",""
"Scripts/Content/Items/IT_Addon_Written.d:25","Viel schlimmer ist - mit ihm ist auch der Tür Schlüssel verschwunden.","더 나쁜 건 문 열쇠도 그와 함께 사라졌다는 거야.","","False","Hinweis_02_3","",""
"Scripts/Content/Items/IT_Addon_Written.d:26","Also wer ihn findet, kann Lou's Kram behalten.","그러니 찾은 사람은 루의 물건을 가져도 좋아.","","False","Hinweis_02_4","",""
"Scripts/Content/Items/IT_Addon_Written.d:27","Snaf","스나프","","False","Hinweis_02_5","",""
"Scripts/Content/Items/IT_Addon_Written.d:57","Heiltrunk- Rezept","치유 포션 레시피","","False","ITWr_Addon_Health_04.name","",""
"Scripts/Content/Items/IT_Addon_Written.d:70","Reine Lebensenergie","순수한 생명 에너지","","False","ITWr_Addon_Health_04.description","",""
"Scripts/Content/Items/IT_Addon_Written.d:71","","","","","ITWr_Addon_Health_04.text[0]","",""
"Scripts/Content/Items/IT_Addon_Written.d:72","","","","","ITWr_Addon_Health_04.text[1]","",""
"Scripts/Content/Items/IT_Addon_Written.d:73","Zur Herstellung eines mächtigen Trunks.","강력한 포션을 만들기 위해.","","False","ITWr_Addon_Health_04.text[2]","",""
"Scripts/Content/Items/IT_Addon_Written.d:74","Zur Anwendung ist das Wissen über Elixiere der Heilung erforderlich.","사용하려면 치유의 영약에 대한 지식이 필요하다.","","False","ITWr_Addon_Health_04.text[3]","",""
"Scripts/Content/Items/IT_Addon_Written.d:75","","","","","ITWr_Addon_Health_04.text[4]","",""
"Scripts/Content/Items/IT_Addon_Written.d:79","Herstellung eines Heiltrunkes:","치유 포션 제조법:","","False","Heilrezept_04_1","",""
"Scripts/Content/Items/IT_Addon_Written.d:80","Benötigt wird ein Feldknöterich, sowie drei Essenzen der Heilung.","미도우 놋위드 하나와 치유의 정수 세 개가 필요하다.","","False","Heilrezept_04_2","",""
"Scripts/Content/Items/IT_Addon_Written.d:81","Zusammenkippen und aufbrühen nach dem Rezept der Heilungs - Elixiere. ","치유 영약 레시피에 따라 섞어서 끓인다. ","","False","Heilrezept_04_3","",""
"Scripts/Content/Items/IT_Addon_Written.d:82","Dieser Trank kann nur von einem Alchemisten erstellt werden, der das Rezept der Heilungs - Elixiere kennt.","이 포션은 치유 영약 레시피를 아는 연금술사만이 제조할 수 있다.","","False","Heilrezept_04_4","",""
"Scripts/Content/Items/IT_Addon_Written.d:123","Mana - Rezept","마나 레시피","","False","ITWr_Addon_Mana_04.name","",""
"Scripts/Content/Items/IT_Addon_Written.d:136","Reines Mana","순수한 마나","","False","ITWr_Addon_Mana_04.description","",""
"Scripts/Content/Items/IT_Addon_Written.d:137","","","","","ITWr_Addon_Mana_04.text[0]","",""
"Scripts/Content/Items/IT_Addon_Written.d:138","","","","","ITWr_Addon_Mana_04.text[1]","",""
"Scripts/Content/Items/IT_Addon_Written.d:139","Zur Herstellung eines mächtigen Trunks.","강력한 포션을 만들기 위해.","","False","ITWr_Addon_Mana_04.text[2]","",""
"Scripts/Content/Items/IT_Addon_Written.d:140","Zur Anwendung ist das Wissen über Mana - Elixiere erforderlich.","사용하려면 마나 영약에 대한 지식이 필요하다.","","False","ITWr_Addon_Mana_04.text[3]","",""
"Scripts/Content/Items/IT_Addon_Written.d:141","","","","","ITWr_Addon_Mana_04.text[4]","",""
"Scripts/Content/Items/IT_Addon_Written.d:145","Herstellung eines Manatrunkes:","마나 포션 제조법:","","False","Manarezept_04_1","",""
"Scripts/Content/Items/IT_Addon_Written.d:146","Benötigt wird ein Feldknöterich, sowie drei Essenzen magischer Kraft.","미도우 놋위드 하나와 마력의 정수 세 개가 필요하다.","","False","Manarezept_04_2","",""
"Scripts/Content/Items/IT_Addon_Written.d:147","Zusammenkippen und aufbrühen nach dem Rezept der Mana - Elixiere. ","마나 영약 레시피에 따라 섞어서 끓인다. ","","False","Manarezept_04_3","",""
"Scripts/Content/Items/IT_Addon_Written.d:148","Dieser Trank kann nur von einem Alchemisten erstellt werden, der das Rezept der Mana -Elixiere kennt.","이 포션은 마나 영약 레시피를 아는 연금술사만이 제조할 수 있다.","","False","Manarezept_04_4","",""
"Scripts/Content/Items/IT_Addon_Written.d:189","Wichtiger Hinweis","중요한 공지","","False","ITWr_Addon_Hinweis_01.name","",""
"Scripts/Content/Items/IT_Addon_Written.d:203","Hing an einer Hütte im Sumpf","습지대에 있는 오두막에 걸려 있었다","","False","ITWr_Addon_Hinweis_01.text[0]","",""
"Scripts/Content/Items/IT_Addon_Written.d:206","Hey Leute,","여보세요 여러분,","","False","Hinweis_01_1","",""
"Scripts/Content/Items/IT_Addon_Written.d:207","Das Zeug in den Truhen ist für Notfälle gedacht. ","상자 안에 있는 물건들은 비상용이야. ","","False","Hinweis_01_2","",""
"Scripts/Content/Items/IT_Addon_Written.d:208","Und es ist für ALLE da. Also nehmt euch nur was, falls ihr was davon braucht.","그리고 이건 모두를 위한 거야. 그러니 꼭 필요한 경우에만 가져가.","","False","Hinweis_01_3","",""
"Scripts/Content/Items/IT_Addon_Written.d:209","Und nehmt nur soviel ihr braucht.","그리고 필요한 만큼만 가져가도록 해.","","False","Hinweis_01_4","",""
"Scripts/Content/Items/IT_Addon_Written.d:210","Wenn sich alle daran halten, dann klappt es auch.","모두가 이 규칙을 지킨다면 아무 문제 없을 거야.","","False","Hinweis_01_5","",""
"Scripts/Content/Items/IT_Addon_Written.d:211","Fletcher","플레처","","False","Hinweis_01_6","",""
"Scripts/Content/Items/IT_Addon_Written.d:241","Notiz","쪽지","","False","ITWr_Addon_William_01.name","",""
"Scripts/Content/Items/IT_Addon_Written.d:255","Diese Notiz hatte der Fischer William bei sich.","어부 윌리엄이 가지고 있던 쪽지이다.","","False","ITWr_Addon_William_01.text[0]","",""
"Scripts/Content/Items/IT_Addon_Written.d:258","William,","윌리엄,","","False","William_01_1","",""
"Scripts/Content/Items/IT_Addon_Written.d:259","Wenn der Mond im vollen Licht steht, wird die Wache abgelenkt sein.","달빛이 밝을 때, 경비병은 한눈을 팔게 될 거야.","","False","William_01_2","",""
"Scripts/Content/Items/IT_Addon_Written.d:260","Schleich dich raus - aber sei vorsichtig!","몰래 빠져나가—하지만 조심해!","","False","William_01_3","",""
"Scripts/Content/Items/IT_Addon_Written.d:261","Wenn du dem Knüppeldamm folgst, kannst du den Sumpf verlassen.","통나무 길을 따라가면 늪을 벗어날 수 있어.","","False","William_01_4","",""
"Scripts/Content/Items/IT_Addon_Written.d:262","Das Piratenlager liegt auf der anderen Seite des Tals weit im Westen. ","해적 야영지는 서쪽 멀리 계곡 건너편에 있어. ","","False","William_01_5","",""
"Scripts/Content/Items/IT_Addon_Written.d:263","Von dort sollte es dir ein leichtes sein mit dem Boot zu entkommen. ","거기서 배를 타고 도망치는 건 일도 아닐 거야. ","","False","William_01_6","",""
"Scripts/Content/Items/IT_Addon_Written.d:264","Jemand der es gut mit dir meint","너를 걱정하는 사람으로부터","","False","William_01_7","",""
"Scripts/Content/Items/IT_Addon_Written.d:294","Rezept","레시피","","False","ITWr_Addon_MCELIXIER_01.name","",""
"Scripts/Content/Items/IT_Addon_Written.d:308","Rezept für den Elixier der Geistveränderung.","정신 변환의 영약 레시피.","","False","ITWr_Addon_MCELIXIER_01.text[0]","",""
"Scripts/Content/Items/IT_Addon_Written.d:309","Dieser Trank hilft verlorenen Erinnerung zurück zu bringen.","이 포션은 잃어버린 기억을 되찾는 데 도움을 준다.","","False","ITWr_Addon_MCELIXIER_01.text[1]","",""
"Scripts/Content/Items/IT_Addon_Written.d:312","Elixier der Geistveränderung","정신 변환의 영약","","False","MCELIXIER_01_1","",""
"Scripts/Content/Items/IT_Addon_Written.d:313","Zur Herstellung des Trankes erforderlich, ist das Sekret aus zwei Blutfliegenstacheln.","포션을 만들려면 두 마리의 흡혈파리 침에서 채취한 분비물이 필요하다.","","False","MCELIXIER_01_2","",""
"Scripts/Content/Items/IT_Addon_Written.d:314","Dazu gibt man ein Mana Extrakt, sowie eine Essenz der Heilung.","거기에 마나 추출물과 치유의 정수 하나를 넣는다.","","False","MCELIXIER_01_3","",""
"Scripts/Content/Items/IT_Addon_Written.d:315","Abschließend wird in den köchelnden Sud ein Beutel roter Tränen - Pfeffer gerührt.","마지막으로 끓어오르는 탕약에 붉은 눈물 후추 한 봉지를 저어 넣는다.","","False","MCELIXIER_01_4","",""
"Scripts/Content/Items/IT_Addon_Written.d:316","Nur ein kundigen Alchemist, der weiß wie das Sekret aus den Stacheln zu entnehmen ist, sollte sich an dem Trank versuchen. ","침에서 분비물을 추출하는 법을 아는 숙련된 연금술사만이 이 포션을 만들어야 한다. ","","False","MCELIXIER_01_5","",""
"Scripts/Content/Items/IT_Addon_Written.d:346","Schmieriger Zettel","기름 묻은 쪽지","","False","ITWr_Addon_Pirates_01.name","",""
"Scripts/Content/Items/IT_Addon_Written.d:360","Diesen Zettel hatte Angus in der Tasche.","앵거스가 주머니에 넣고 있던 쪽지이다.","","False","ITWr_Addon_Pirates_01.text[0]","",""
"Scripts/Content/Items/IT_Addon_Written.d:363","Ihr Piraten,","해적들이여,","","False","Pirates_01_1","",""
"Scripts/Content/Items/IT_Addon_Written.d:364","Besorgt die letzte Lieferung, die für uns bestimmt ist.","우리에게 올 마지막 배송품을 가져오도록 해.","","False","Pirates_01_2","",""
"Scripts/Content/Items/IT_Addon_Written.d:365","Bringt sie dann zu eurer Höhle. Dort treffen wir uns.","그런 다음 너희들의 동굴로 가져와. 거기서 만나자고.","","False","Pirates_01_3","",""
"Scripts/Content/Items/IT_Addon_Written.d:366","Ich bezahle euch den doppelten Wert in Gold.","가치 두 배에 해당하는 금을 지불하겠어.","","False","Pirates_01_4","",""
"Scripts/Content/Items/IT_Addon_Written.d:367","So wird's gemacht","그렇게 하자고","","False","Pirates_01_5","",""
"Scripts/Content/Items/IT_Addon_Written.d:368","Tom","톰","","False","Pirates_01_6","",""
"Scripts/Content/Items/IT_Addon_Written.d:399","Der grüne Novize","초록 견습생","","False","ITWr_Addon_Joint_01.name","",""
"Scripts/Content/Items/IT_Addon_Written.d:413","Lag in der Truhe von Fortuno","포르투노의 상자 안에 있었다","","False","ITWr_Addon_Joint_01.text[0]","",""
"Scripts/Content/Items/IT_Addon_Written.d:416","Der grüne Novize","초록 견습생","","False","Joint_Rezept_01_1","",""
"Scripts/Content/Items/IT_Addon_Written.d:417","(...) Die Stengel lassen sich zwar prima drehen, aber was wir im Sumpflager hatten, war von anderem Kaliber.","(...) 줄기를 말아 피우기는 좋지만, 우리가 늪지대 캠프에서 가졌던 것과는 차원이 달랐지.","","False","Joint_Rezept_01_2","",""
"Scripts/Content/Items/IT_Addon_Written.d:418","Wenn ich die Essenz aus zwei Sumpfkrautpflanzen verwende, und dazu einen Feldknöterich, dann habe ich einen Stengel mit der Wirkung des grünen Novizen.","두 그루의 늪초 식물에서 추출한 정수와 미도우 놋위드 하나를 사용하면, 초록 견습생의 효과를 내는 줄기를 얻을 수 있다.","","False","Joint_Rezept_01_3","",""
"Scripts/Content/Items/IT_Addon_Written.d:419","Der grüne Novize hilft gegen Schmerzen jeder Art und macht einen klaren Kopf.","초록 견습생은 온갖 통증을 완화하고 머리를 맑게 해 준다.","","False","Joint_Rezept_01_4","",""
"Scripts/Content/Items/IT_Addon_Written.d:449","Rezept für Lou's Hammer","루의 해머 레시피","","False","ITWr_Addon_Lou_Rezept.name","",""
"Scripts/Content/Items/IT_Addon_Written.d:463","Rezept zur Herstellung von Lou's Hammer.","루의 해머를 만드는 레시피.","","False","ITWr_Addon_Lou_Rezept.text[0]","",""
"Scripts/Content/Items/IT_Addon_Written.d:466","Lou's Hammer Rezept","루의 해머 레시피","","False","LouRezept_1","",""
"Scripts/Content/Items/IT_Addon_Written.d:467","Zutaten für ein Hammergebräu:","해머주를 만들기 위한 재료:","","False","LouRezept_2","",""
"Scripts/Content/Items/IT_Addon_Written.d:468","Man nehme eine Wasserflasche, sowie 2 Rüben und 'ne ordentliche Portion Sumpfkraut.","물 한 병과 2개의 순무, 그리고 적당량의 늪초를 준비한다.","","False","LouRezept_3","",""
"Scripts/Content/Items/IT_Addon_Written.d:469","Dazu gemahlene Zähne von einem Sumpfhai.","거기에 간 늪상어의 이빨을 더한다.","","False","LouRezept_4","",""
"Scripts/Content/Items/IT_Addon_Written.d:470","Alles zusammen in die Flasche kippen und mit einem Schuß Rum abkochen.","모두 병에 붓고 럼주 한 잔과 함께 끓인다.","","False","LouRezept_5","",""
"Scripts/Content/Items/IT_Addon_Written.d:471","Prost.","건배.","","False","LouRezept_6","",""
"Scripts/Content/Items/IT_Addon_Written.d:472","Laut dem blinden alten Mann ist es gesünder, die Dämpfe nicht einzuatmen!","눈먼 노인의 말에 따르면, 증기를 흡입하지 않는 것이 건강에 이롭다고 한다!","","False","LouRezept_7","",""
"Scripts/Content/Items/IT_Addon_Written.d:505","Rezept für Lou's Doppelhammer","루의 더블 해머 레시피","","False","ITWr_Addon_Lou_Rezept2.name","",""
"Scripts/Content/Items/IT_Addon_Written.d:519","Rezept zur Herstellung von Lou's Doppelhammer.","루의 더블 해머를 만드는 레시피.","","False","ITWr_Addon_Lou_Rezept2.text[0]","",""
"Scripts/Content/Items/IT_Addon_Written.d:522","Lou's Doppelhammer","루의 더블 해머","","False","LouRezept2_1","",""
"Scripts/Content/Items/IT_Addon_Written.d:523","Man nimmt den guten alten Lou's Hammer und destilliert ihn nochmal.","믿음직스러운 기존의 루의 해머를 가져와 한 번 더 증류한다.","","False","LouRezept2_2","",""
"Scripts/Content/Items/IT_Addon_Written.d:524","Dieses Mischung sollte nur von erfahrenen Schnapsbrennern hergestellt werden.","이 혼합주는 숙련된 밀조업자만 만들어야 한다.","","False","LouRezept2_3","",""
"Scripts/Content/Items/IT_Addon_Written.d:525","Wenn sich ein Laie daran versucht, wird er nicht nur blind, sondern auch tot sein.","초보자가 섣불리 시도했다간 눈이 멀 뿐만 아니라 목숨까지 잃을 것이다.","","False","LouRezept2_4","",""
"Scripts/Content/Items/IT_Addon_Written.d:554","Schneller Hering","재빠른 청어","","False","ITWr_Addon_Piratentod.name","",""
"Scripts/Content/Items/IT_Addon_Written.d:568","Rezept zur Herstellung des Schnellen Herings.","재빠른 청어 제조법.","","False","ITWr_Addon_Piratentod.text[0]","",""
"Scripts/Content/Items/IT_Addon_Written.d:571","Schneller Hering (von mir)","재빠른 청어 (내가 만듦)","","False","RezeptPiratentod_1","",""
"Scripts/Content/Items/IT_Addon_Written.d:572","Kleiner Muntermacher für echte Kerle","진정한 사나이를 위한 작은 활력소","","False","RezeptPiratentod_2","",""
"Scripts/Content/Items/IT_Addon_Written.d:573","Man braucht wie üblich eine Wasserflasche. Diese füllst du mit einer Einheit Rum, dazu gibst du einen frischen Fisch.","평소처럼 물 한 병이 필요하다. 여기에 럼주 한 단위를 채우고 신선한 물고기를 넣는다.","","False","RezeptPiratentod_3","",""
"Scripts/Content/Items/IT_Addon_Written.d:574","Sobald die Flüssigkeit beginnt sich gelb zu färben, nimmst du den Fisch heraus und rundest das ganze mit einem Bund","액체가 노랗게 변하기 시작하면 물고기를 건져내고,","","False","RezeptPiratentod_4","",""
"Scripts/Content/Items/IT_Addon_Written.d:575","frisch gepflückten Snapperkraut ab.","신선하게 딴 스내퍼위드 한 다발을 더해 마무리한다.","","False","RezeptPiratentod_5","",""
"Scripts/Content/Items/IT_Addon_Written.d:576","Vorsicht. Das Zeug hat 'nen starken Abgang.","조심해. 이 술은 뒷끝이 꽤 강하니까.","","False","RezeptPiratentod_6","",""
"Scripts/Content/Items/IT_Addon_Written.d:605","Ein Blatt Papier","종이 한 장","","False","Fakescroll_Addon.name","",""
"Scripts/Content/Items/IT_Addon_Written.d:622","","","","","Fakescroll_Addon.text[0]","",""
"Scripts/Content/Items/IT_Addon_Written.d:623","","","","","Fakescroll_Addon.text[1]","",""
"Scripts/Content/Items/IT_Addon_Written.d:624","","","","","Fakescroll_Addon.text[2]","",""
"Scripts/Content/Items/IT_Addon_Written.d:625","","","","","Fakescroll_Addon.text[3]","",""
"Scripts/Content/Items/IT_Addon_Written.d:626","","","","","Fakescroll_Addon.text[4]","",""
"Scripts/Content/Items/IT_Addon_Written.d:633","Anleitung Banditenaxt","산적 도끼 제작법","","False","ItWr_Addon_AxtAnleitung.name","",""
"Scripts/Content/Items/IT_Addon_Written.d:647","Anleitung zum Bau einer leichten, scharfen Axt","가볍고 날카로운 도끼 제작법","","False","ItWr_Addon_AxtAnleitung.text[0]","",""
"Scripts/Content/Items/IT_Addon_Written.d:650","Die Banditenaxt","산적 도끼","","False","AxtAnleitung_1","",""
"Scripts/Content/Items/IT_Addon_Written.d:651","Eine einhändige Axt","한손 도끼","","False","AxtAnleitung_2","",""
"Scripts/Content/Items/IT_Addon_Written.d:652","Ein Mann der die Grundsätze des Schmiedens beherrscht, kann eine besondere Axt herstellen. ","대장질의 기본을 아는 사람이라면 특별한 도끼를 만들 수 있다. ","","False","AxtAnleitung_3","",""
"Scripts/Content/Items/IT_Addon_Written.d:653","Dazu braucht man zwei Stücke heißes Roheisen.","그러기 위해서는 달궈진 선철 두 개가 필요하다.","","False","AxtAnleitung_4","",""
"Scripts/Content/Items/IT_Addon_Written.d:654","Einen Brocken Erz und dreimal Zähne von Wölfen, Snappern oder ähnlichem Getier.","마법 광석 덩어리 하나와 늑대, 스내퍼 또는 그와 유사한 짐승의 이빨 세 개.","","False","AxtAnleitung_5","",""
"Scripts/Content/Items/IT_Addon_Written.d:655","Erz und Zähne zusammen mit dem Eisen am Amboß zusammenhauen.","모루 위에서 광석과 이빨을 철과 함께 두들겨 합친다.","","False","AxtAnleitung_6","",""
"Scripts/Content/Items/IT_Addon_Written.d:656","Eine solche Axt läßt sich sehr leicht führen und macht ordentlich Schaden.","이런 도끼는 다루기가 매우 쉽고 상당한 피해를 준다.","","False","AxtAnleitung_7","",""
"Scripts/Content/Items/IT_Addon_Written.d:690","'Quarhodron' Beschwören","'콰르호드론' 소환","","False","ItWr_Addon_SUMMONANCIENTGHOST.name","",""
"Scripts/Content/Items/IT_Addon_Written.d:704","Mit dieser Schriftrolle kann man Quarhodron beschwören.","이 주문 두루마리를 사용하면 콰르호드론을 소환할 수 있다.","","False","ItWr_Addon_SUMMONANCIENTGHOST.text[0]","",""
"Scripts/Content/Items/IT_Addon_Written.d:738","Das vergessene Tal der Erbauer.","잊혀진 건축가들의 계곡.","","False","ItWr_Map_AddonWorld.name","",""
"Scripts/Content/Items/IT_Addon_Written.d:752","","","","","ItWr_Map_AddonWorld.text[0]","",""
"Scripts/Content/Items/IT_Addon_Written.d:753","","","","","ItWr_Map_AddonWorld.text[1]","",""
"Scripts/Content/Items/IT_Addon_Written.d:754","","","","","ItWr_Map_AddonWorld.text[2]","",""
"Scripts/Content/Items/IT_Addon_Written.d:755","","","","","ItWr_Map_AddonWorld.text[3]","",""
"Scripts/Content/Items/IT_Addon_Written.d:756","","","","","ItWr_Map_AddonWorld.text[4]","",""
"Scripts/Content/Items/IT_Addon_WrittenRunemaker.d:7","Die Kreise des Wassers","물의 서클","","False","ITWR_Addon_Runemaking_KDW_CIRC1.name","",""
"Scripts/Content/Items/IT_Addon_WrittenRunemaker.d:20","Runenbuch der Wassermagier","물의 마법사 룬북","","False","ITWR_Addon_Runemaking_KDW_CIRC1.description","",""
"Scripts/Content/Items/IT_Addon_WrittenRunemaker.d:21","","","","","ITWR_Addon_Runemaking_KDW_CIRC1.text[0]","",""
"Scripts/Content/Items/IT_Addon_WrittenRunemaker.d:22","","","","","ITWR_Addon_Runemaking_KDW_CIRC1.text[1]","",""
"Scripts/Content/Items/IT_Addon_WrittenRunemaker.d:23","","","","","ITWR_Addon_Runemaking_KDW_CIRC1.text[2]","",""
"Scripts/Content/Items/IT_Addon_WrittenRunemaker.d:24","","","","","ITWR_Addon_Runemaking_KDW_CIRC1.text[3]","",""
"Scripts/Content/Items/IT_Addon_WrittenRunemaker.d:25","","","","","ITWR_Addon_Runemaking_KDW_CIRC1.text[4]","",""
"Scripts/Content/Items/IT_Addon_WrittenRunemaker.d:31","Wasserrunenbuch II","물의 룬북 II","","False","ITWR_Addon_Runemaking_KDW_CIRC2.name","",""
"Scripts/Content/Items/IT_Addon_WrittenRunemaker.d:44","Runenbuch der Wassermagier (2. Kreis)","물의 마법사 룬북 (2서클)","","False","ITWR_Addon_Runemaking_KDW_CIRC2.description","",""
"Scripts/Content/Items/IT_Addon_WrittenRunemaker.d:45","","","","","ITWR_Addon_Runemaking_KDW_CIRC2.text[0]","",""
"Scripts/Content/Items/IT_Addon_WrittenRunemaker.d:46","","","","","ITWR_Addon_Runemaking_KDW_CIRC2.text[1]","",""
"Scripts/Content/Items/IT_Addon_WrittenRunemaker.d:47","","","","","ITWR_Addon_Runemaking_KDW_CIRC2.text[2]","",""
"Scripts/Content/Items/IT_Addon_WrittenRunemaker.d:48","","","","","ITWR_Addon_Runemaking_KDW_CIRC2.text[3]","",""
"Scripts/Content/Items/IT_Addon_WrittenRunemaker.d:49","","","","","ITWR_Addon_Runemaking_KDW_CIRC2.text[4]","",""
"Scripts/Content/Items/IT_Addon_WrittenRunemaker.d:55","Wasserrunenbuch III","물의 룬북 III","","False","ITWR_Addon_Runemaking_KDW_CIRC3.name","",""
"Scripts/Content/Items/IT_Addon_WrittenRunemaker.d:68","Runenbuch der Wassermagier (3. Kreis)","물의 마법사 룬북 (3서클)","","False","ITWR_Addon_Runemaking_KDW_CIRC3.description","",""
"Scripts/Content/Items/IT_Addon_WrittenRunemaker.d:69","","","","","ITWR_Addon_Runemaking_KDW_CIRC3.text[0]","",""
"Scripts/Content/Items/IT_Addon_WrittenRunemaker.d:70","","","","","ITWR_Addon_Runemaking_KDW_CIRC3.text[1]","",""
"Scripts/Content/Items/IT_Addon_WrittenRunemaker.d:71","","","","","ITWR_Addon_Runemaking_KDW_CIRC3.text[2]","",""
"Scripts/Content/Items/IT_Addon_WrittenRunemaker.d:72","","","","","ITWR_Addon_Runemaking_KDW_CIRC3.text[3]","",""
"Scripts/Content/Items/IT_Addon_WrittenRunemaker.d:73","","","","","ITWR_Addon_Runemaking_KDW_CIRC3.text[4]","",""
"Scripts/Content/Items/IT_Addon_WrittenRunemaker.d:79","Wasserrunenbuch VI","물의 룬북 VI","","False","ITWR_Addon_Runemaking_KDW_CIRC4.name","",""
"Scripts/Content/Items/IT_Addon_WrittenRunemaker.d:92","Runenbuch der Wassermagier (4. Kreis)","물의 마법사 룬북 (4서클)","","False","ITWR_Addon_Runemaking_KDW_CIRC4.description","",""
"Scripts/Content/Items/IT_Addon_WrittenRunemaker.d:93","","","","","ITWR_Addon_Runemaking_KDW_CIRC4.text[0]","",""
"Scripts/Content/Items/IT_Addon_WrittenRunemaker.d:94","","","","","ITWR_Addon_Runemaking_KDW_CIRC4.text[1]","",""
"Scripts/Content/Items/IT_Addon_WrittenRunemaker.d:95","","","","","ITWR_Addon_Runemaking_KDW_CIRC4.text[2]","",""
"Scripts/Content/Items/IT_Addon_WrittenRunemaker.d:96","","","","","ITWR_Addon_Runemaking_KDW_CIRC4.text[3]","",""
"Scripts/Content/Items/IT_Addon_WrittenRunemaker.d:97","","","","","ITWR_Addon_Runemaking_KDW_CIRC4.text[4]","",""
"Scripts/Content/Items/IT_Addon_WrittenRunemaker.d:103","Wasserrunenbuch V","물의 룬북 V","","False","ITWR_Addon_Runemaking_KDW_CIRC5.name","",""
"Scripts/Content/Items/IT_Addon_WrittenRunemaker.d:116","Runenbuch der Wassermagier (5. Kreis)","물의 마법사 룬북 (5서클)","","False","ITWR_Addon_Runemaking_KDW_CIRC5.description","",""
"Scripts/Content/Items/IT_Addon_WrittenRunemaker.d:117","","","","","ITWR_Addon_Runemaking_KDW_CIRC5.text[0]","",""
"Scripts/Content/Items/IT_Addon_WrittenRunemaker.d:118","","","","","ITWR_Addon_Runemaking_KDW_CIRC5.text[1]","",""
"Scripts/Content/Items/IT_Addon_WrittenRunemaker.d:119","","","","","ITWR_Addon_Runemaking_KDW_CIRC5.text[2]","",""
"Scripts/Content/Items/IT_Addon_WrittenRunemaker.d:120","","","","","ITWR_Addon_Runemaking_KDW_CIRC5.text[3]","",""
"Scripts/Content/Items/IT_Addon_WrittenRunemaker.d:121","","","","","ITWR_Addon_Runemaking_KDW_CIRC5.text[4]","",""
"Scripts/Content/Items/IT_Addon_WrittenRunemaker.d:127","Wasserrunenbuch VI","물의 룬북 VI","","False","ITWR_Addon_Runemaking_KDW_CIRC6.name","",""
"Scripts/Content/Items/IT_Addon_WrittenRunemaker.d:140","Runenbuch der Wassermagier (6. Kreis)","물의 마법사 룬북 (6서클)","","False","ITWR_Addon_Runemaking_KDW_CIRC6.description","",""
"Scripts/Content/Items/IT_Addon_WrittenRunemaker.d:141","","","","","ITWR_Addon_Runemaking_KDW_CIRC6.text[0]","",""
"Scripts/Content/Items/IT_Addon_WrittenRunemaker.d:142","","","","","ITWR_Addon_Runemaking_KDW_CIRC6.text[1]","",""
"Scripts/Content/Items/IT_Addon_WrittenRunemaker.d:143","","","","","ITWR_Addon_Runemaking_KDW_CIRC6.text[2]","",""
"Scripts/Content/Items/IT_Addon_WrittenRunemaker.d:144","","","","","ITWR_Addon_Runemaking_KDW_CIRC6.text[3]","",""
"Scripts/Content/Items/IT_Addon_WrittenRunemaker.d:145","","","","","ITWR_Addon_Runemaking_KDW_CIRC6.text[4]","",""
"Scripts/Content/Items/IT_Addon_WrittenRunemaker.d:155","Feuerrunenbuch I","불의 룬북 I","","False","ITWR_Addon_Runemaking_KDF_CIRC1.name","",""
"Scripts/Content/Items/IT_Addon_WrittenRunemaker.d:168","Runenbuch der Feuermagier (1. Kreis)","불의 마법사 룬북 (1서클)","","False","ITWR_Addon_Runemaking_KDF_CIRC1.description","",""
"Scripts/Content/Items/IT_Addon_WrittenRunemaker.d:169","","","","","ITWR_Addon_Runemaking_KDF_CIRC1.text[0]","",""
"Scripts/Content/Items/IT_Addon_WrittenRunemaker.d:170","","","","","ITWR_Addon_Runemaking_KDF_CIRC1.text[1]","",""
"Scripts/Content/Items/IT_Addon_WrittenRunemaker.d:171","","","","","ITWR_Addon_Runemaking_KDF_CIRC1.text[2]","",""
"Scripts/Content/Items/IT_Addon_WrittenRunemaker.d:172","","","","","ITWR_Addon_Runemaking_KDF_CIRC1.text[3]","",""
"Scripts/Content/Items/IT_Addon_WrittenRunemaker.d:173","","","","","ITWR_Addon_Runemaking_KDF_CIRC1.text[4]","",""
"Scripts/Content/Items/IT_Addon_WrittenRunemaker.d:179","Feuerrunenbuch II","불의 룬북 II","","False","ITWR_Addon_Runemaking_KDF_CIRC2.name","",""
"Scripts/Content/Items/IT_Addon_WrittenRunemaker.d:192","Runenbuch der Feuermagier (2. Kreis)","불의 마법사 룬북 (2서클)","","False","ITWR_Addon_Runemaking_KDF_CIRC2.description","",""
"Scripts/Content/Items/IT_Addon_WrittenRunemaker.d:193","","","","","ITWR_Addon_Runemaking_KDF_CIRC2.text[0]","",""
"Scripts/Content/Items/IT_Addon_WrittenRunemaker.d:194","","","","","ITWR_Addon_Runemaking_KDF_CIRC2.text[1]","",""
"Scripts/Content/Items/IT_Addon_WrittenRunemaker.d:195","","","","","ITWR_Addon_Runemaking_KDF_CIRC2.text[2]","",""
"Scripts/Content/Items/IT_Addon_WrittenRunemaker.d:196","","","","","ITWR_Addon_Runemaking_KDF_CIRC2.text[3]","",""
"Scripts/Content/Items/IT_Addon_WrittenRunemaker.d:197","","","","","ITWR_Addon_Runemaking_KDF_CIRC2.text[4]","",""
"Scripts/Content/Items/IT_Addon_WrittenRunemaker.d:203","Feuerrunenbuch III","불의 룬북 III","","False","ITWR_Addon_Runemaking_KDF_CIRC3.name","",""
"Scripts/Content/Items/IT_Addon_WrittenRunemaker.d:216","Runenbuch der Feuermagier (3. Kreis)","불의 마법사 룬북 (3서클)","","False","ITWR_Addon_Runemaking_KDF_CIRC3.description","",""
"Scripts/Content/Items/IT_Addon_WrittenRunemaker.d:217","","","","","ITWR_Addon_Runemaking_KDF_CIRC3.text[0]","",""
"Scripts/Content/Items/IT_Addon_WrittenRunemaker.d:218","","","","","ITWR_Addon_Runemaking_KDF_CIRC3.text[1]","",""
"Scripts/Content/Items/IT_Addon_WrittenRunemaker.d:219","","","","","ITWR_Addon_Runemaking_KDF_CIRC3.text[2]","",""
"Scripts/Content/Items/IT_Addon_WrittenRunemaker.d:220","","","","","ITWR_Addon_Runemaking_KDF_CIRC3.text[3]","",""
"Scripts/Content/Items/IT_Addon_WrittenRunemaker.d:221","","","","","ITWR_Addon_Runemaking_KDF_CIRC3.text[4]","",""
"Scripts/Content/Items/IT_Addon_WrittenRunemaker.d:227","Feuerrunenbuch IV","불의 룬북 IV","","False","ITWR_Addon_Runemaking_KDF_CIRC4.name","",""
"Scripts/Content/Items/IT_Addon_WrittenRunemaker.d:240","Runenbuch der Feuermagier (4. Kreis)","불의 마법사 룬북 (4서클)","","False","ITWR_Addon_Runemaking_KDF_CIRC4.description","",""
"Scripts/Content/Items/IT_Addon_WrittenRunemaker.d:241","","","","","ITWR_Addon_Runemaking_KDF_CIRC4.text[0]","",""
"Scripts/Content/Items/IT_Addon_WrittenRunemaker.d:242","","","","","ITWR_Addon_Runemaking_KDF_CIRC4.text[1]","",""
"Scripts/Content/Items/IT_Addon_WrittenRunemaker.d:243","","","","","ITWR_Addon_Runemaking_KDF_CIRC4.text[2]","",""
"Scripts/Content/Items/IT_Addon_WrittenRunemaker.d:244","","","","","ITWR_Addon_Runemaking_KDF_CIRC4.text[3]","",""
"Scripts/Content/Items/IT_Addon_WrittenRunemaker.d:245","","","","","ITWR_Addon_Runemaking_KDF_CIRC4.text[4]","",""
"Scripts/Content/Items/IT_Addon_WrittenRunemaker.d:251","Feuerrunenbuch V","불의 룬북 V","","False","ITWR_Addon_Runemaking_KDF_CIRC5.name","",""
"Scripts/Content/Items/IT_Addon_WrittenRunemaker.d:264","Runenbuch der Feuermagier (5. Kreis)","불의 마법사 룬북 (5서클)","","False","ITWR_Addon_Runemaking_KDF_CIRC5.description","",""
"Scripts/Content/Items/IT_Addon_WrittenRunemaker.d:265","","","","","ITWR_Addon_Runemaking_KDF_CIRC5.text[0]","",""
"Scripts/Content/Items/IT_Addon_WrittenRunemaker.d:266","","","","","ITWR_Addon_Runemaking_KDF_CIRC5.text[1]","",""
"Scripts/Content/Items/IT_Addon_WrittenRunemaker.d:267","","","","","ITWR_Addon_Runemaking_KDF_CIRC5.text[2]","",""
"Scripts/Content/Items/IT_Addon_WrittenRunemaker.d:268","","","","","ITWR_Addon_Runemaking_KDF_CIRC5.text[3]","",""
"Scripts/Content/Items/IT_Addon_WrittenRunemaker.d:269","","","","","ITWR_Addon_Runemaking_KDF_CIRC5.text[4]","",""
"Scripts/Content/Items/IT_Addon_WrittenRunemaker.d:275","Feuerrunenbuch VI","불의 룬북 VI","","False","ITWR_Addon_Runemaking_KDF_CIRC6.name","",""
"Scripts/Content/Items/IT_Addon_WrittenRunemaker.d:288","Runenbuch der Feuermagier (6. Kreis)","불의 마법사 룬북 (6서클)","","False","ITWR_Addon_Runemaking_KDF_CIRC6.description","",""
"Scripts/Content/Items/IT_Addon_WrittenRunemaker.d:289","","","","","ITWR_Addon_Runemaking_KDF_CIRC6.text[0]","",""
"Scripts/Content/Items/IT_Addon_WrittenRunemaker.d:290","","","","","ITWR_Addon_Runemaking_KDF_CIRC6.text[1]","",""
"Scripts/Content/Items/IT_Addon_WrittenRunemaker.d:291","","","","","ITWR_Addon_Runemaking_KDF_CIRC6.text[2]","",""
"Scripts/Content/Items/IT_Addon_WrittenRunemaker.d:292","","","","","ITWR_Addon_Runemaking_KDF_CIRC6.text[3]","",""
"Scripts/Content/Items/IT_Addon_WrittenRunemaker.d:293","","","","","ITWR_Addon_Runemaking_KDF_CIRC6.text[4]","",""
