"location","source","target","id","fuzzy","context","translator_comments","developer_comments"
"Scripts/Content/Story/Log_Entries/LOG_Constants_Hoshi.d:8","Rattenjagd","쥐 사냥","","False","TOPIC_Addon_RatHunt","",""
"Scripts/Content/Story/Log_Entries/LOG_Constants_Hoshi.d:9","Alligator Jack kann Hilfe bei der Jagd gebrauchen.","앨리게이터 잭은 사냥을 도와줄 사람이 필요하다.","","False","TOPIC_Addon_RatHunt_1","",""
"Scripts/Content/Story/Log_Entries/LOG_Constants_Hoshi.d:10","Das einzige, was hier in der Gegend genießbar sein soll, sind Sumpfratten.","이 근처에서 먹을 만한 거라곤 늪쥐뿐이라고 한다.","","False","TOPIC_Addon_RatHunt_2","",""
"Scripts/Content/Story/Log_Entries/LOG_Constants_Hoshi.d:11","Die Jagd war erfolgreich. Wir haben mehrere Sumpfratten erlegt.","사냥은 성공적이었다. 우리는 늪쥐를 여러 마리 잡았다.","","False","TOPIC_Addon_RatHunt_3","",""
"Scripts/Content/Story/Log_Entries/LOG_Constants_Hoshi.d:13","Fleisch für Morgan","모건의 고기","","False","TOPIC_Addon_BringMeat","",""
"Scripts/Content/Story/Log_Entries/LOG_Constants_Hoshi.d:14","Alligator Jack hat mir 10 Stücke Fleisch gegeben. Ich soll sie zu Morgan bringen.","앨리게이터 잭이 내게 고기 10덩이를 주었다. 이것들을 모건에게 가져다주어야 한다.","","False","TOPIC_Addon_BringMeat_1","",""
"Scripts/Content/Story/Log_Entries/LOG_Constants_Hoshi.d:15","Ich habe Morgan sein Fleisch gebracht.","모건에게 고기를 가져다주었다.","","False","TOPIC_Addon_BringMeat_2","",""
"Scripts/Content/Story/Log_Entries/LOG_Constants_Hoshi.d:17","Der Turm","탑","","False","TOPIC_Addon_BanditsTower","",""
"Scripts/Content/Story/Log_Entries/LOG_Constants_Hoshi.d:18","Ein paar Banditen haben den Turm südlich des Piratenlagers besetzt und sich dort verschanzt.","해적 캠프 남쪽에 있는 탑을 몇몇 강도들이 점거하고 진을 치고 있다.","","False","TOPIC_Addon_BanditsTower_1","",""
"Scripts/Content/Story/Log_Entries/LOG_Constants_Hoshi.d:19","Die Banditen aus dem Turm sind tot.","탑에 있던 강도들은 죽었다.","","False","TOPIC_Addon_BanditsTower_2","",""
"Scripts/Content/Story/Log_Entries/LOG_Constants_Hoshi.d:20","Henry will, dass ich die Banditen aus dem Turm vertreibe. Er kann mir keine Unterstüzung geben.","헨리는 내가 탑에서 강도들을 몰아내기를 원한다. 그는 나를 도와줄 수 없다고 했다.","","False","TOPIC_Addon_BanditsTower_3","",""
"Scripts/Content/Story/Log_Entries/LOG_Constants_Hoshi.d:21","Henry will, dass ich die Banditen aus dem Turm vertreibe. Ich soll mir einen seiner Jungs mitnehmen.","헨리는 내가 탑에서 강도들을 몰아내기를 원한다. 그의 부하 중 한 명을 데려가야 한다.","","False","TOPIC_Addon_BanditsTower_4","",""
"Scripts/Content/Story/Log_Entries/LOG_Constants_Hoshi.d:22","Greg will, dass ich die Banditen aus dem Turm südlich des Lagers vertreibe.","그렉은 내가 야영지 남쪽에 있는 탑에서 강도들을 몰아내기를 원한다.","","False","TOPIC_Addon_BanditsTower_5","",""
"Scripts/Content/Story/Log_Entries/LOG_Constants_Hoshi.d:23","Die Banditen aus dem Turm sind tot. Greg war sehr zufrieden mit mir.","탑에 있던 강도들은 죽었다. 그렉은 내게 아주 만족했다.","","False","TOPIC_Addon_BanditsTower_6","",""
"Scripts/Content/Story/Log_Entries/LOG_Constants_Hoshi.d:25","Holz für die Palisade","방책용 목재","","False","TOPIC_Addon_HolOwen","",""
"Scripts/Content/Story/Log_Entries/LOG_Constants_Hoshi.d:26","Henry wartet auf das Holz für die Palisade. Ich soll Owen benachrichtigen. Er ist mit Malcom zusammen beim Talkessel.","헨리가 방책용 목재를 기다리고 있다. 오웬에게 알려야 한다. 그는 분지에서 말콤과 함께 있다.","","False","TOPIC_Addon_HolOwen_1","",""
"Scripts/Content/Story/Log_Entries/LOG_Constants_Hoshi.d:27","Owen und Malcom sind beide tot.","오웬과 말콤은 모두 죽었다.","","False","TOPIC_Addon_HolOwen_2","",""
"Scripts/Content/Story/Log_Entries/LOG_Constants_Hoshi.d:28","Owen wird Henry das Holz bringen.","오웬이 헨리에게 목재를 가져다줄 것이다.","","False","TOPIC_Addon_HolOwen_3","",""
"Scripts/Content/Story/Log_Entries/LOG_Constants_Hoshi.d:29","Ich soll Henry ausrichten, dass Owen das Holz liefern wird.","오웬이 목재를 배달할 것이라고 헨리에게 전해야 한다.","","False","TOPIC_Addon_HolOwen_4","",""
"Scripts/Content/Story/Log_Entries/LOG_Constants_Hoshi.d:31","Garetts Kompass","가렛의 나침반","","False","TOPIC_Addon_Kompass","",""
"Scripts/Content/Story/Log_Entries/LOG_Constants_Hoshi.d:32","Greg hat Garret einen wertvollen Kompass abgenommen. Garett vermutet, dass er ihn irgendwo am südlichen Strand verbuddelt hat.","그렉이 가렛에게서 값비싼 나침반을 빼앗았다. 가렛은 그가 남쪽 해변 어딘가에 그것을 파묻었을 거라고 의심하고 있다.","","False","TOPIC_Addon_Kompass_1","",""
"Scripts/Content/Story/Log_Entries/LOG_Constants_Hoshi.d:33","Garret war sehr zufrieden, dass ich ihm seinen Kompass zurück gebracht habe.","가렛은 내가 그의 나침반을 돌려주자 매우 기뻐했다.","","False","TOPIC_Addon_Kompass_2","",""
"Scripts/Content/Story/Log_Entries/LOG_Constants_Hoshi.d:35","Grog für den Koch","요리사를 위한 그로그","","False","TOPIC_Addon_RoastGrog","",""
"Scripts/Content/Story/Log_Entries/LOG_Constants_Hoshi.d:36","Der Pirat am Feuer braucht ganz dringend einen Grog.","모닥불가에 있는 해적이 그로그를 무척이나 필요로 하고 있다.","","False","TOPIC_Addon_RoastGrog_1","",""
"Scripts/Content/Story/Log_Entries/LOG_Constants_Hoshi.d:37","Der Grog hat ihn anscheined vor dem Verdursten gerettet.","그로그가 그를 갈증으로 죽는 것으로부터 구제해 준 모양이다.","","False","TOPIC_Addon_RoastGrog_2","",""
"Scripts/Content/Story/Log_Entries/LOG_Constants_Hoshi.d:39","Ein Drink für Brandon","브랜든을 위한 술 한 잔","","False","TOPIC_Addon_BrandonBooze","",""
"Scripts/Content/Story/Log_Entries/LOG_Constants_Hoshi.d:40","Ich soll Brandon einen Drink spendieren. Dann ist er bereit mich zu unterrichten.","브랜든에게 술을 한 잔 사주어야 한다. 그러면 그는 나를 가르쳐 줄 것이다.","","False","TOPIC_Addon_BrandonBooze_1","",""
"Scripts/Content/Story/Log_Entries/LOG_Constants_Hoshi.d:41","Grog ist Brandon nicht gut genug. Er will einen 'Schneller Hering'. Das Zeug gibts nur bei Samuel.","그로그는 브랜든의 성에 차지 않는다. 그는 '재빠른 청어'를 원한다. 그 물건은 사무엘만이 가지고 있다.","","False","TOPIC_Addon_BrandonBooze_2","",""
"Scripts/Content/Story/Log_Entries/LOG_Constants_Hoshi.d:42","Ich habe Brnadon das Teufelszeug gegeben. Jetzt ist er beriet mich zu trainieren.","브랜든에게 그 악마의 물건을 주었다. 이제 그는 나를 훈련해 줄 준비가 되었다.","","False","TOPIC_Addon_BrandonBooze_3","",""
"Scripts/Content/Story/Log_Entries/LOG_Constants_Hoshi.d:44","Der Strand im Norden","북쪽 해변","","False","TOPIC_Addon_MorganBeach","",""
"Scripts/Content/Story/Log_Entries/LOG_Constants_Hoshi.d:45","Greg will, dass ich mich um den Strand im kümmere. Er ist voller Viecher und muss gesäubert werden.","그렉은 내가 해변을 돌봐주기를 원한다. 괴물들로 가득하니 소탕해야 한다.","","False","TOPIC_Addon_MorganBeach_1","",""
"Scripts/Content/Story/Log_Entries/LOG_Constants_Hoshi.d:46","Ich habe Greg unterrichtet, dass der Strand im Norden sauber ist.","북쪽 해변이 안전하다고 그렉에게 알렸다.","","False","TOPIC_Addon_MorganBeach_2","",""
"Scripts/Content/Story/Log_Entries/LOG_Constants_Hoshi.d:47","Jetzt da ich in Morgans Entertrupp bin, will er, dass ich den nördlichen Strand von Viechern säubere.","내가 모건의 돌격대에 들어갔으니, 이제 북쪽 해변의 괴물들을 소탕해 주기를 원한다.","","False","TOPIC_Addon_MorganBeach_3","",""
"Scripts/Content/Story/Log_Entries/LOG_Constants_Hoshi.d:48","Der Strand ist sauber. Ich habe alle Biester erledigt.","해변은 깨끗하다. 괴물들을 모두 해치웠다.","","False","TOPIC_Addon_MorganBeach_4","",""
"Scripts/Content/Story/Log_Entries/LOG_Constants_Hoshi.d:49","Morgan will, dass ich mich auch noch um die Höhle kümmere.","모건은 내가 동굴까지 마저 정리해 주기를 원한다.","","False","TOPIC_Addon_MorganBeach_5","",""
"Scripts/Content/Story/Log_Entries/LOG_Constants_Hoshi.d:51","Angus und Hank","앵거스와 행크","","False","TOPIC_Addon_AngusHank","",""
"Scripts/Content/Story/Log_Entries/LOG_Constants_Hoshi.d:53","Skip ist auf dem Trockenen","스킵의 술이 떨어졌다.","","False","TOPIC_Addon_SkipsGrog","",""
"Scripts/Content/Story/Log_Entries/LOG_Constants_Hoshi.d:54","Skip hat anscheinen 20 Flaschen Grog an die Banditen verloren. Er will sie zurück.","스킵이 강도들에게 그로그 20병을 빼앗긴 모양이다. 그는 그것들을 되찾고 싶어 한다.","","False","TOPIC_Addon_SkipsGrog_1","",""
"Scripts/Content/Story/Log_Entries/LOG_Constants_Hoshi.d:55","Angus und Hank sollten sich mit eine paar Banditen treffen um zu handeln. Sie wurden nie wieder gesehen.","앵거스와 행크는 거래를 위해 강도들과 만나기로 했다. 그들은 그 후로 두 다시 목격되지 않았다.","","False","TOPIC_Addon_SkipsGrog_2","",""
"Scripts/Content/Story/Log_Entries/LOG_Constants_Hoshi.d:56","Die Suche von Morgan und Bill blieb erfolglos.","모건과 빌의 수색은 성과가 없었다.","","False","TOPIC_Addon_SkipsGrog_3","",""
"Scripts/Content/Story/Log_Entries/LOG_Constants_Hoshi.d:57","Skip hat seine 20 Flaschen Grog wieder und ist glücklich.","스킵이 그의 그로그 20병을 되찾고 행복해하고 있다.","","False","TOPIC_Addon_SkipsGrog_4","",""
"Scripts/Content/Story/Log_Entries/LOG_Constants_Hoshi.d:58","Die Höhle ist wohl in dem Talkessel östlich des Lagers. Direkt bei dem See.","동굴은 야영지 동쪽 분지에 있는 것 같다. 호수 바로 옆에 말이다.","","False","TOPIC_Addon_SkipsGrog_5","",""
"Scripts/Content/Story/Log_Entries/LOG_Constants_Hoshi.d:59","Angus und Hank hatten östlich des Lagers eine Höhle. Alligator Jack könnte mehr darüber wissen.","앵거스와 행크는 야영지 동쪽에 동굴을 가지고 있었다. 앨리게이터 잭이 그에 대해 더 잘 알지도 모른다.","","False","TOPIC_Addon_SkipsGrog_6","",""
"Scripts/Content/Story/Log_Entries/LOG_Constants_Hoshi.d:61","Der Mörder von Angus und Hank","앵거스와 행크의 살인자","","False","TOPIC_Addon_KillJuan","",""
"Scripts/Content/Story/Log_Entries/LOG_Constants_Hoshi.d:62","Ein Typ namens Juan war an  dem Handel mit den Banditen beteiligt. Er soll sich irgendwo im Sumpf verstecken.","후안이라는 녀석이 강도들과의 거래에 가담해 있었다. 그는 늪지대 어딘가에 숨어 있다고 한다.","","False","TOPIC_Addon_KillJuan_1","",""
"Scripts/Content/Story/Log_Entries/LOG_Constants_Hoshi.d:63","Also Juan ist für den Mord an Hank und Angus verantwortlich. Er hat den beiden aufgelauert und sie dann getötet.","즉 후안이 행크와 앵거스의 살해에 책임이 있다는 것이다. 그는 두 사람을 매복해 있다가 살해했다.","","False","TOPIC_Addon_KillJuan_2","",""
"Scripts/Content/Story/Log_Entries/LOG_Constants_Hoshi.d:64","Bill war völlig fertig, als ich ihm von Angus und Hanks Tod unterrichtet haben. Er will den Namen des Mörders.","빌은 내가 앵거스와 행크의 죽음을 알렸을 때 완전히 넋이 나갔다. 그는 살인자의 이름을 원하고 있다.","","False","TOPIC_Addon_KillJuan_3","",""
"Scripts/Content/Story/Log_Entries/LOG_Constants_Hoshi.d:65","Ich soll Juan töten. Als Rache für Angus und Hank","나는 앵거스와 행크의 복수로 후안을 죽여야 한다.","","False","TOPIC_Addon_KillJuan_4","",""
"Scripts/Content/Story/Log_Entries/LOG_Constants_Hoshi.d:66","Juan ist erledigt. Bill war zeimlich zufrieden.","후안은 끝났다. 빌은 상당히 만족했다.","","False","TOPIC_Addon_KillJuan_5","",""
"Scripts/Content/Story/Log_Entries/LOG_Constants_Hoshi.d:68","Razorjagd","레이저 사냥","","False","TOPIC_Addon_ClearCanyon","",""
"Scripts/Content/Story/Log_Entries/LOG_Constants_Hoshi.d:69","Greg möchte, dass ich Morgans Job übernehme und den Canyon von Viechern säubere.","그렉은 내가 모건의 일을 이어받아 협곡의 괴물들을 소탕해 주기를 원한다.","","False","TOPIC_Addon_ClearCanyon_1","",""
"Scripts/Content/Story/Log_Entries/LOG_Constants_Hoshi.d:70","Greg meint, ich kann mir ein paar von den Jungs mitnehmen.","그렉은 부하들 중 몇 명을 데려가도 좋다고 말했다.","","False","TOPIC_Addon_ClearCanyon_2","",""
"Scripts/Content/Story/Log_Entries/LOG_Constants_Hoshi.d:71","Es geht wohl aussschließlich um Razor.","아무래도 오직 레이저에 관한 이야기인 모양이다.","","False","TOPIC_Addon_ClearCanyon_3","",""
"Scripts/Content/Story/Log_Entries/LOG_Constants_Hoshi.d:72","Greg schien sogar ein bisschen beeindruckt zu sein, dass ich alle Razor im Canyon getötet habe.","그렉은 내가 협곡의 모든 레이저를 죽인 것에 대해 조금은 감명받은 듯했다.","","False","TOPIC_Addon_ClearCanyon_4","",""
"Scripts/Content/Story/Log_Entries/LOG_Constants_Hoshi.d:74","Spioniere bei den Banditen.","강도 정탐하기.","","False","TOPIC_Addon_ScoutBandits","",""
"Scripts/Content/Story/Log_Entries/LOG_Constants_Hoshi.d:75","Ich soll für Greg rausfinden, warum die Banditen überhaupt in dieses Tal gekommen sind.","나는 그렉을 위해 강도들이 애초에 이 계곡에 오게 된 이유를 알아내야 한다.","","False","TOPIC_Addon_ScoutBandits_1","",""
"Scripts/Content/Story/Log_Entries/LOG_Constants_Hoshi.d:76","Ich Greg über die Goldmine informiert.","금광에 대해 그렉에게 알렸다.","","False","TOPIC_Addon_ScoutBandits_2","",""
"Scripts/Content/Story/Log_Entries/LOG_Constants_Hoshi.d:78","Malcom","말콤","","False","TOPIC_Addon_MalcomsStunt","",""
"Scripts/Content/Story/Log_Entries/LOG_Constants_Hoshi.d:79","Owen will wissen, ob sein Freund Malcom noch lebt. Er ist zusammen mit einem Lurker in das Tiefe Loch nah an der Lagerstelle gefallen.","오웬은 그의 친구 말콤이 아직 살아있는지 알고 싶어 한다. 그는 야영지 근처의 깊은 구멍으로 러커와 함께 떨어졌다.","","False","TOPIC_Addon_MalcomsStunt_1","",""
"Scripts/Content/Story/Log_Entries/LOG_Constants_Hoshi.d:80","Owen hat gesagt, dass dort unten Wasser ist und Malcom zunächst noch gelebt hat. Aber nach einer Weile war alles still.","오웬의 말로는 아래쪽에 물이 있고 말콤은 처음에는 살아있었다고 한다. 하지만 잠시 후에 모든 것이 조용해졌다.","","False","TOPIC_Addon_MalcomsStunt_2","",""
"Scripts/Content/Story/Log_Entries/LOG_Constants_Hoshi.d:81","Ich habe Owen die Nachricht von dem Tod Malcoms gebracht. er nahm sie sehr gefasst auf.","말콤의 죽음에 대한 소식을 오웬에게 전했다. 그는 그것을 아주 차분하게 받아들였다.","","False","TOPIC_Addon_MalcomsStunt_3","",""
"Scripts/Content/Story/Log_Entries/LOG_Constants_Hoshi.d:85","Händler bei den Piraten","해적과의 거래","","False","Topic_Addon_PIR_Trader","",""
"Scripts/Content/Story/Log_Entries/LOG_Constants_Hoshi.d:88","Lehrer bei den Piraten","해적에게 배우기","","False","Topic_Addon_PIR_Teacher","",""
"Scripts/Content/Story/Log_Entries/LOG_Constants_Hoshi.d:89","Alligator Jack kann mir zeigen, wie ich Tieren das Fell abziehe oder ihre Zähne herausbreche. Außerdem kann er mich im Bogenschießen unterrichten.","앨리게이터 잭은 동물들의 가죽을 벗기거나 이빨을 뽑는 법을 가르쳐 줄 수 있다. 게다가 그는 내게 궁술도 가르쳐 줄 수 있다.","","False","Topic_Addon_PIR_Teacher_1","",""
"Scripts/Content/Story/Log_Entries/LOG_Constants_Hoshi.d:93","Die Banditen haben eine Goldmine. Das ist also der Grund, warum sie hier sind.","강도들에게는 금광이 있다. 그래서 그들이 여기에 있는 거다.","","False","Log_Text_Addon_ScoutBandits","",""
"Scripts/Content/Story/Log_Entries/LOG_Constants_Hoshi.d:97","Henry kann mir zeigen, wie man mit Zweihandwaffen und der Armbrust kämpft.","헨리는 양손 무기와 석궁으로 싸우는 법을 보여줄 수 있다.","","False","Log_Text_Addon_HenryTeach","",""
"Scripts/Content/Story/Log_Entries/LOG_Constants_Hoshi.d:98","Morgan kann mir zeigen, wie man mit Einhandwaffen kämpft.","모건은 한손 무기로 싸우는 법을 가르쳐 줄 수 있다.","","False","Log_Text_Addon_MorganTeach","",""
"Scripts/Content/Story/Log_Entries/LOG_Constants_Hoshi.d:99","Brandon kann mir zeigen, wie ich stärker und geschickter werde.","브랜든은 내가 더 강해지고 민첩해지는 법을 가르쳐 줄 수 있다.","","False","Log_Text_Addon_BrandonTeach","",""
"Scripts/Content/Story/Log_Entries/LOG_Constants_Hoshi.d:103","Garret ist der Händler bei den Piraten. Bei ihm bekomme ich alles, außer Schnaps.","가렛은 해적들의 상인이다. 그에게서는 독주를 제외한 모든 것을 구할 수 있다.","","False","Log_Text_Addon_GarettTrade","",""
"Scripts/Content/Story/Log_Entries/LOG_Constants_Hoshi.d:105","Samuel ist der Schnapsbrenner. Bei ihm bekomme ich jegliche Art von Alkohol.","사무엘은 밀주 제조업자다. 그에게서는 온갖 종류의 술을 구할 수 있다.","","False","Log_Text_Addon_SamuelTrade","",""
"Scripts/Content/Story/Log_Entries/LOG_Constants_Hoshi.d:109","Zutaten für die Rune 'Wirbelwind´: 1 Flügel","'회오리바람' 룬의 재료: 날개 1개","","False","Log_Text_Addon_TalentRune_Whirlwind","",""
"Scripts/Content/Story/Log_Entries/LOG_Constants_Hoshi.d:110","Zutaten für die Rune 'Eislanze': 1 Gletscherquartz","'얼음 창' 룬의 재료: 빙하 석영 1개","","False","Log_Text_Addon_TalentRune_Icelance","",""
"Scripts/Content/Story/Log_Entries/LOG_Constants_Hoshi.d:111","Zutaten für die Rune 'Geysir': 1 Aquamarin","'간헐천' 룬의 재료: 아쿠아마린 1개","","False","Log_Text_Addon_TalentRune_Geyser","",""
"Scripts/Content/Story/Log_Entries/LOG_Constants_Hoshi.d:112","Zutaten für die Rune 'Wasserfaust': 1 Aquamarin und 1 Bergkristall","'물의 주먹' 룬의 재료: 아쿠아마린 1개와 수정 1개","","False","Log_Text_Addon_TalentRune_Waterfist","",""
"Scripts/Content/Story/Log_Entries/LOG_Constants_Hoshi.d:113","Zutaten für die Rune 'Unwetter': 1 Gletscherquartz und 1 Flügel","'폭풍' 룬의 재료: 빙하 석영 1개와 날개 1개","","False","Log_Text_Addon_TalentRune_Thunderstorm","",""
"Scripts/Content/Story/Log_Entries/LOG_Constants_Hoshi.d:124","Bennet sitzt im Knast","베넷이 감옥에 갇혔다.","","False","TOPIC_RescueBennet","",""
"Scripts/Content/Story/Log_Entries/LOG_Constants_Hoshi.d:126","Wenn es mir nicht schnell gelingt Bennets Unschuld zu beweisen, kann Lee für Nichts garantieren. Seine Leute würden lieber heute als morgen die Stadt angreifen um Bennet selbst rauszuholen.","베넷의 무죄를 조속히 증명하지 못하면, 리도 아무런 보장을 할 수 없다. 그의 부하들은 당장이라도 도시를 공격해 베넷을 직접 꺼내오려 할 것이다.","","False","TOPIC_RESCUEBENNET_1","",""
"Scripts/Content/Story/Log_Entries/LOG_Constants_Hoshi.d:127","Der Schmied Bennet ist in der Stadt von den Paaldinen verhaftet worden.","대장장이 베넷이 도시에서 팔라딘들에게 체포되었다.","","False","TOPIC_RESCUEBENNET_2","",""
"Scripts/Content/Story/Log_Entries/LOG_Constants_Hoshi.d:128","Bennet soll einen der Paladine ermordet haben. Hodges, sein Gehilfe, bezeugt seine Unschuld, traut sich aber nicht in die Stadt.","베넷이 팔라딘 중 한 명을 살해했다고 한다. 그의 조수 호지스는 그의 무죄를 증언하지만, 감히 도시에 들어오지 못하고 있다.","","False","TOPIC_RESCUEBENNET_3","",""
"Scripts/Content/Story/Log_Entries/LOG_Constants_Hoshi.d:129","Das Tagebuch ist der Beweis, den ich brauche um Bennet zu entlasten.","일기는 베넷의 혐의를 벗기기 위해 필요한 증거다.","","False","TOPIC_RESCUEBENNET_4","",""
"Scripts/Content/Story/Log_Entries/LOG_Constants_Hoshi.d:130","Cornelius, der Sekretär des Stadthalters, ist also der Zeuge. Er behauptet, den Mord beobachtet zu haben.","영주의 비서 코르넬리우스가 바로 그 목격자다. 그는 살인 사건을 목격했다고 주장하고 있다.","","False","TOPIC_RESCUEBENNET_5","",""
"Scripts/Content/Story/Log_Entries/LOG_Constants_Hoshi.d:131","Cornelius weigert sich mir mir zu reden.","코르넬리우스는 나와의 대화를 거부하고 있다.","","False","TOPIC_RESCUEBENNET_6","",""
"Scripts/Content/Story/Log_Entries/LOG_Constants_Hoshi.d:132","Für 2000 Goldstücke, wäre Cornelius bereit mit mir zu reden.","금화 2000개를 준다면, 코르넬리우스는 나와 대화할 용의가 있다고 한다.","","False","TOPIC_RESCUEBENNET_7","",""
"Scripts/Content/Story/Log_Entries/LOG_Constants_Hoshi.d:133","Cornelius hat gelogen, man hat ihn bezahlt um Bennet in den Kanst zu bringen. Er will mir allerdings nicht verraten, wer ihn Bezahlt hat, er schlottert vor Angst.","코르넬리우스는 거짓말을 했다. 베넷을 감옥에 집어넣기 위해 매수를 당했던 것이다. 하지만 그는 공포에 질려 누가 자신을 매수했는지는 말하려 하지 않는다.","","False","TOPIC_RESCUEBENNET_8","",""
"Scripts/Content/Story/Log_Entries/LOG_Constants_Hoshi.d:134","Bennet geht es gar nicht gut. Er würde alles dafür tun aus dem Knast zu entkommen.","베넷의 상황은 전혀 좋지 않다. 그는 감옥에서 탈출할 수만 있다면 뭐든지 할 판이다.","","False","TOPIC_RESCUEBENNET_9","",""
"Scripts/Content/Story/Log_Entries/LOG_Constants_Hoshi.d:135","Einer der Paladine, Lothar, ist ermordet worden. Lord Hagen kann mir anscheinend mehr erzählen, er leitet die Untersuchung.","팔라딘 중 한 명인 로타르가 살해당했다. 헤이건 경이 조사를 지휘하고 있으니 그가 더 많은 이야기를 해줄 수 있을 것이다.","","False","TOPIC_RESCUEBENNET_10","",""
"Scripts/Content/Story/Log_Entries/LOG_Constants_Hoshi.d:136","Es gibt einen einen Zeugen, der Bennet gesehen haben will. Ich werde ihn wohl finden müssen, um die Wahrheit ans Licht zu bringen.","베넷을 보았다고 주장하는 목격자가 있다. 진실을 밝혀내려면 그를 찾아야 할 것 같다.","","False","TOPIC_RESCUEBENNET_11","",""
"Scripts/Content/Story/Log_Entries/LOG_Constants_Hoshi.d:138","Ich brauche ein Schiff","배가 필요하다.","","False","Topic_Ship","",""
"Scripts/Content/Story/Log_Entries/LOG_Constants_Hoshi.d:139","Lee meint, die beste Möglichkeit an das Schiff der Paladine zu kommen ist ein Ermächtigungsschreiben des Richters. Das wird er mir aber wohl nicht freiwillig geben.","리 경의 말로는 팔라딘들의 배를 손에 넣는 가장 좋은 방법은 판사의 위임장을 얻는 것이라고 한다. 하지만 그가 자발적으로 그것을 내줄 리는 없다.","","False","TOPIC_Ship_1","",""
"Scripts/Content/Story/Log_Entries/LOG_Constants_Hoshi.d:140","Der gute alte Lee. Er hat einen gefälschten Brief, der mich ermächtigt auf das Schiff der Paladine zu kommen.","믿음직한 리. 그가 팔라딘들의 배에 탈 수 있도록 권한을 주는 위조 편지를 가지고 있다.","","False","TOPIC_Ship_2","",""
"Scripts/Content/Story/Log_Entries/LOG_Constants_Hoshi.d:141","Wie es aussieht, muss ich diese seltsame Insel des Feindes erreichen. Doch dafür benötige ich erst einmal ein Schiff, eine Mannschaft und einen Kapitän.","보기에는 적들의 그 이상한 섬에 도달해야만 할 것 같다. 하지만 그러기 위해서는 우선 배와 선원, 그리고 선장이 필요하다.","","False","TOPIC_SHIP_3","",""
"Scripts/Content/Story/Log_Entries/LOG_Constants_Hoshi.d:142","Mit dem Ermächtigungsschreiben des Richters sollte es für mich kein Problem mehr sein, das Schiff in meinen Besitz zu bringen. Was Lee wohl dazu sagen wird?","판사의 위임장이 있다면 배를 차지하는 것은 문제도 아닐 것이다. 리가 과연 뭐라고 할까?","","False","TOPIC_Ship_4","",""
"Scripts/Content/Story/Log_Entries/LOG_Constants_Hoshi.d:144","Ohne Mannschaft keine Reise","선원 없이는 항해할 수 없다.","","False","Topic_Crew","",""
"Scripts/Content/Story/Log_Entries/LOG_Constants_Hoshi.d:145","Was meine Mannschaft angeht, konnte Lee mir auch nicht viel weiterhelfen. Er mient aber, dass ich nur Leute mitnehmen soll, denen ich auch vertraue. Außerdem soll ich mal Bennet fragen, er könnte interesse haben.","선원에 대해서는 리도 크게 도움을 주지 못했다. 하지만 그는 내가 신뢰할 수 있는 사람들만 데려가야 한다고 말했다. 게다가 베넷에게도 물어보라고 했다. 그도 관심이 있을지 모른다.","","False","TOPIC_Crew_1","",""
"Scripts/Content/Story/Log_Entries/LOG_Constants_Hoshi.d:146","Lee brennt darauf das Festland wieder zu sehen. Er hat mir angeboten mich zu unterstützen. Einen besseren Kampflehrer werde ich wohl kaum finden.","리는 본토를 다시 보기를 학선하고 있다. 그는 나를 돕겠다고 제안했다. 그만큼 훌륭한 전투 교관은 어디에서도 찾기 힘들 것이다.","","False","TOPIC_Crew_2","",""
"Scripts/Content/Story/Log_Entries/LOG_Constants_Hoshi.d:147","Diego will natürlich auch mit. Er will Khorinis lieber gestern als heute verlassen. Er Könnte mir zeigen wie ich geschickter werde und mich zu einem guten Bogenschützen ausbilden. Schlösser knacken kann er mir ebenfalls beibringen.","디에고도 당연히 같이 가고 싶어 한다. 그는 코리니스를 당장이라도 떠나고 싶어 한다. 그는 내가 더 민첩해지는 법을 보여주고 훌륭한 궁수로 훈련해 줄 수 있다. 자물쇠 따는 법도 가르쳐 줄 수 있다.","","False","TOPIC_Crew_3","",""
"Scripts/Content/Story/Log_Entries/LOG_Constants_Hoshi.d:148","Die Aussicht auf reiche Beute hat Biff überzeugen können mich auf meiner Reise zu begleiten. So lange er genug Gold bekommt, kann ich auf ihn zählen.","막대한 전리품에 대한 기대감이 비프를 설득하여 나와 함께 여행하게 만들었다. 충분한 금만 받는다면 그를 믿어도 좋다.","","False","TOPIC_Crew_4","",""
"Scripts/Content/Story/Log_Entries/LOG_Constants_Hoshi.d:149","Angar ist über jede Meile dankbar, die zwischen ihm und dem Minental liegt. Er hat angeboten, mich auf der Reise zu begleiten","앙가르는 자신과 광산 계곡 사이의 거리가 멀어질수록 감사해하고 있다. 그는 나와 함께 여행하겠다고 제안했다.","","False","TOPIC_Crew_5","",""
"Scripts/Content/Story/Log_Entries/LOG_Constants_Hoshi.d:150","Mario, ein ehemaliger Seesoldat hat mich in der Hafenkneipe angesprochen und will mit auf das Schiff.","전직 해병이었던 마리오가 항구 선술집에서 나에게 말을 걸어왔고 배에 타기를 원하고 있다.","","False","TOPIC_Crew_6","",""
"Scripts/Content/Story/Log_Entries/LOG_Constants_Hoshi.d:151","Mario scheint ein fähiger Mann im Schiffskampf zu sein. Vielleicht kann ich bei ihm noch was lernen.","마리오는 해상전에서 유능한 인물처럼 보인다. 어쩌면 그에게서 뭔가를 더 배울 수 있을지도 모른다.","","False","TOPIC_Crew_7","",""
"Scripts/Content/Story/Log_Entries/LOG_Constants_Hoshi.d:152","Vatras hat überraschend angeboten mich auf meiner Reise zu begleiten. Ein Mann mit seiner Erfahrung und seinen Fähigkeiten könnte sehr wertvoll für mein Unternehmen sein.","바트라스가 놀랍게도 나의 여정에 동행하겠다고 제안했다. 그의 경험과 능력을 갖춘 사람은 내 사업에 매우 소중할 것이다.","","False","TOPIC_Crew_8","",""
"Scripts/Content/Story/Log_Entries/LOG_Constants_Hoshi.d:153","Diego könnte eine grosse Hilfe sein. Ihn hat es nie lange an einem Ort gehalten.","디에고는 큰 도움이 될 수 있다. 그는 한곳에 오래 머무른 적이 없었다.","","False","TOPIC_Crew_9","",""
"Scripts/Content/Story/Log_Entries/LOG_Constants_Hoshi.d:154","Gorn wär sicherlich eine gute Verstärkung. Ein guter Kämpfer kann nicht falsch sein. Vielleicht kann er mich ja unterrichten.","곤은 분명히 훌륭한 증원군이 될 것이다. 훌륭한 전사가 곁에 있어 나쁠 건 없다. 어쩌면 그가 나를 가르쳐 줄지도 모른다.","","False","TOPIC_Crew_10","",""
"Scripts/Content/Story/Log_Entries/LOG_Constants_Hoshi.d:155","Wenn ich Lester nicht mitnehme, wird er wohl nie aus seinem Tal kommen.","레스터를 데려가지 않으면 그는 평생 그 계곡을 떠나지 못할 것이다.","","False","TOPIC_Crew_11","",""
"Scripts/Content/Story/Log_Entries/LOG_Constants_Hoshi.d:156","Falls Milten mich begleitet, kann er mir beibringen Runen zu erschaffen und mein Mana zu steigern.","밀튼이 동행한다면, 그는 내게 룬 제작법을 가르치고 마나를 높여줄 수 있다.","","False","TOPIC_Crew_12","",""
"Scripts/Content/Story/Log_Entries/LOG_Constants_Hoshi.d:157","Gorn war sofort Feuer und Flamme als ich ihm von der Insel erzählt habe. Wenn ich eine Axt brauche, sollte ich ihn mitnehmen.","곤은 내가 그 섬에 대해 이야기했을 때 당장이라도 따라올 기세였다. 도끼가 필요하다면 그를 데려가야 한다.","","False","TOPIC_Crew_13","",""
"Scripts/Content/Story/Log_Entries/LOG_Constants_Hoshi.d:158","Wolf hat die Nase voll von dieser Insel und ist bereit alles zu tun um von hier zu verschwinden. Er ist ein guter Kämpfer.","울프는 이 섬에 진절머리가 났으며 여기서 사라지기 위해서라면 뭐든지 할 준비가 되어 있다. 그는 훌륭한 전사다.","","False","TOPIC_Crew_14","",""
"Scripts/Content/Story/Log_Entries/LOG_Constants_Hoshi.d:159","Bennet könnte sofort aufbrechen. Sein Talent als Schmied ist unbestritten. Ich kann bestimmt bei ihm noch was lernen.","베넷은 당장이라도 출발할 수 있다. 대장장이로서 그의 재능은 의심할 여지가 없다. 그에게서 배울 점이 분명히 있을 것이다.","","False","TOPIC_Crew_15","",""
"Scripts/Content/Story/Log_Entries/LOG_Constants_Hoshi.d:161","Wer wird mein Kapitän?","누가 나의 선장이 될 것인가?","","False","Topic_Captain","",""
"Scripts/Content/Story/Log_Entries/LOG_Constants_Hoshi.d:162","Torlof ist ein alter Seemann, vielleicht will er bei mir als Kapitän anheuern.","토를로프는 노련한 선원이니, 어쩌면 내 선장으로 고용될 수도 있을 것이다.","","False","TOPIC_Captain_1","",""
"Scripts/Content/Story/Log_Entries/LOG_Constants_Hoshi.d:163","Jorgen wäre bereit als Kapitän für die Überfahrst zu fungieren, allerdings muss ich ihn erst freikaufen. Er hat Schulden beim Kloster.","요르겐은 항해의 선장 역할을 맡을 의향이 있지만, 그러려면 먼저 수도원에 있는 그의 빚을 갚아주어야 한다.","","False","TOPIC_Captain_2","",""
"Scripts/Content/Story/Log_Entries/LOG_Constants_Hoshi.d:164","Kardif hat mich an den alten Jack verwiesen. Er soll mir weiterhelfen können.","카르디프는 나를 늙은 잭에게 보냈다. 그가 나를 도와줄 수 있을 거라고 한다.","","False","TOPIC_Captain_3","",""
"Scripts/Content/Story/Log_Entries/LOG_Constants_Hoshi.d:165","Jorgen könnte vieleicht als Kapitän bei mir anheuern. Er sollte sich eigentlich noch im Kloster aufhalten. Anosnsten sollte es noch Kanidaten auf den Höfen oder in der Stadt geben. Vielleicht sollte ich mit Lee sprechen oder mich mal im Hafen umhören.","요르겐을 선장으로 고용할 수 있을지도 모른다. 그는 아직 수도원에 머물고 있을 것이다. 그게 아니라면 농장들이나 도시에도 후보들이 있을 것이다. 리와 대화해 보거나 항구에서 수소문해 보는 게 좋겠다.","","False","TOPIC_Captain_4","",""
"Scripts/Content/Story/Log_Entries/LOG_Constants_Hoshi.d:166","Jack, der alte Seemann aus dem Hafen wäre ein guter Kapitän. Allerdings müsste ich ihm vorher eine Vertretung für seinen Leuchturm suchen.","항구의 늙은 선원 잭은 좋은 선장이 될 것이다. 하지만 그러기 전에 먼저 그의 등대를 지킬 대타를 찾아주어야 한다.","","False","TOPIC_Captain_5","",""
"Scripts/Content/Story/Log_Entries/LOG_Constants_Hoshi.d:167","Bevor Torlof den Kapitänsposten annehmen wird, muss ich dafür sorgen, dass die Paladine aus der Stadt abziehen. Er meint ich sollte einen kleinen Zwischfall in der Burg des Minentals arrangieren. Er will, dass ich der Torwache den Schlüssel zum Hauptor stehle und die Orks in die Burg lasse. Er hofft, dass die Paladine dann die Stadt verlassen um ihren Kameraden zu helfen.","토를로프가 선장직을 수락하기 전에, 나는 도시에서 팔라딘들이 떠나도록 손을 써야 한다. 그는 광산 계곡의 성채에서 작은 소동을 일으키라고 말했다. 성문 경비병에게서 정문 열쇠를 훔쳐 오크들을 성안으로 들여보내라는 것이다. 그는 그것으로 팔라딘들이 동료들을 돕기 위해 도시를 떠나기를 바라고 있다.","","False","TOPIC_Captain_6","",""
"Scripts/Content/Story/Log_Entries/LOG_Constants_Hoshi.d:168","Torlof ist jetzt bereit das Schif zu steuern. Leider möchte er noch eine Entlohnung von 2500 Goldstücken haben.","토를로프는 이제 배를 조종할 준비가 되었다. 유감스럽게도 그는 금화 2500개의 보상을 원하고 있다.","","False","TOPIC_Captain_7","",""
"Scripts/Content/Story/Log_Entries/LOG_Constants_Hoshi.d:169","Nachdem ich Torlof 2500 Goldstücke in den Rache gestopft habe, ist er jetzt endlich bereit mir zu folgen.","토를로프의 입에 금화 2500개를 쑤셔 넣어 준 덕분에, 그는 마침내 나를 따를 준비가 되었다.","","False","TOPIC_Captain_8","",""
"Scripts/Content/Story/Log_Entries/LOG_Constants_Mattes.d:10","Sumpfhai Jagd","늪상어 사냥","","False","Topic_Addon_Logan","",""
"Scripts/Content/Story/Log_Entries/LOG_Constants_Mattes.d:11","Logan will, das ich mit ihm Sumpfhaie jage.","로건은 나와 함께 늪상어를 사냥하기를 원한다.","","False","Topic_Addon_Logan_1","",""
"Scripts/Content/Story/Log_Entries/LOG_Constants_Mattes.d:13","Die Steintafel im Sumpf","늪지의 석판","","False","Topic_Addon_Stoneplate","",""
"Scripts/Content/Story/Log_Entries/LOG_Constants_Mattes.d:14","Franco will eine Steintafel haben, die Edgor ihm bringen sollte. Jetzt soll ich mich darum kümmern.","프랑코는 에드고르가 가져와야 했던 석판을 원한다. 이제 내가 그것을 처리해야 한다.","","False","Topic_Addon_Stoneplate_1","",""
"Scripts/Content/Story/Log_Entries/LOG_Constants_Mattes.d:15","Edgor wird niemals losziehen, um die Steintafel zu suchen. Er sagt, sie liegt irgendwo in einem alten Gebäude im Sumpf.","에드고르는 석판을 찾으러 절대 나서지 않을 것이다. 그는 그것이 늪에 있는 어떤 오래된 건물 어딘가에 있다고 말한다.","","False","Topic_Addon_Stoneplate_2","",""
"Scripts/Content/Story/Log_Entries/LOG_Constants_Mattes.d:17","Hinein (in's Banditenlager)","안으로 (산적 야영지로)","","False","Topic_Addon_Franco","",""
"Scripts/Content/Story/Log_Entries/LOG_Constants_Mattes.d:18","Alle Neuen müßen erst im Sumpf arbeiten, bevor sie Zugang zur Mine bekommen.","모든 신참들은 광산에 접근할 수 있게 되기 전에 먼저 늪에서 일해야 한다.","","False","Topic_Addon_Franco_1","",""
"Scripts/Content/Story/Log_Entries/LOG_Constants_Mattes.d:19","FRANCO entscheidet wer in's Lager kommt. Er verteilt auch die Aufgaben.","프랑코가 누가 야영지에 들어올지 결정한다. 그가 임무도 배분한다.","","False","Topic_Addon_Franco_2","",""
"Scripts/Content/Story/Log_Entries/LOG_Constants_Mattes.d:20","Franco hält sich am Vorplatz zum Lager auf.","프랑코는 야영지 앞마당에 머물고 있다.","","False","Topic_Addon_Franco_3","",""
"Scripts/Content/Story/Log_Entries/LOG_Constants_Mattes.d:21","Thorus fordert einen neuen Mann für's Lager an. Das wird Franco interessieren.","토러스가 야영지에 보낼 새로운 사람을 요구하고 있다. 프랑코가 흥미를 가질 것이다.","","False","Topic_Addon_Franco_4","",""
"Scripts/Content/Story/Log_Entries/LOG_Constants_Mattes.d:22","Wenn ich bei Franco einen guten Job mache, wird er mich in's Lager bringen.","내가 프랑코를 위해 좋은 일을 해낸다면, 그가 나를 야영지로 들여보내 줄 것이다.","","False","Topic_Addon_Franco_5","",""
"Scripts/Content/Story/Log_Entries/LOG_Constants_Mattes.d:23","Ich soll Ramon, den Torwächter fragen ob sie im Lager neue Leute brauchen.","성문 경비병인 라몬에게 야영지에 새 사람이 필요한지 물어봐야 한다.","","False","Topic_Addon_Franco_6","",""
"Scripts/Content/Story/Log_Entries/LOG_Constants_Mattes.d:24","Franco will, das ich Logan helfe, bevor er mich in's Lager schickt.","프랑코는 나를 야영지로 보내기 전에 로건을 돕기를 원한다.","","False","Topic_Addon_Franco_7","",""
"Scripts/Content/Story/Log_Entries/LOG_Constants_Mattes.d:25","Das ich Logan geholfen habe, reicht nicht, damit Franco mich in's Lager schickt. ","로건을 도와준 것만으로는 프랑코가 나를 야영지로 보내주기에 충분하지 않다. ","","False","Topic_Addon_Franco_8","",""
"Scripts/Content/Story/Log_Entries/LOG_Constants_Mattes.d:26","Franco will, das ich jetzt Edgor helfe, bevor er mich in's Lager schickt.","프랑코는 나를 야영지로 보내기 전에 이제 에드고르를 돕기를 원한다.","","False","Topic_Addon_Franco_9","",""
"Scripts/Content/Story/Log_Entries/LOG_Constants_Mattes.d:27","Ich habe Franco die Steintafel gebracht, die er wollte.","나는 프랑코가 원하던 석판을 그에게 가져다주었다.","","False","Topic_Addon_Franco_10","",""
"Scripts/Content/Story/Log_Entries/LOG_Constants_Mattes.d:28","Franco schickt mich nicht ins Lager. Ich glaube ich muss das Franco - Problem aus dem Weg räumen...","프랑코는 나를 야영지로 보내주지 않는다. 내 생각엔 프랑코 문제를 해결해야 할 것 같다...","","False","Topic_Addon_Franco_11","",""
"Scripts/Content/Story/Log_Entries/LOG_Constants_Mattes.d:29","Logan habe ich geholfen. Mal gucken, was Franco dazu sagt. ","로건을 도와주었다. 프랑코가 뭐라고 할지 어디 보자. ","","False","Topic_Addon_Franco_12","",""
"Scripts/Content/Story/Log_Entries/LOG_Constants_Mattes.d:31","Eine verhängnisvolle Situation","위험한 상황","","False","Topic_Addon_Senyan","",""
"Scripts/Content/Story/Log_Entries/LOG_Constants_Mattes.d:32","Senyan hat mich erkannt. Er weiß wer ich bin. Das will er für seine eigenen Pläne nutzen. Er hat irgendwas vor und will das ich zunächst mal mit Esteban spreche.","센얀이 나를 알아보았다. 그는 내가 누구인지 알고 있다. 그는 그것을 자신의 계획을 위해 이용하려 한다. 그는 뭔가 꿍꿍이가 있으며 먼저 에스테반과 이야기하기를 원한다.","","False","Topic_Addon_Senyan_1","",""
"Scripts/Content/Story/Log_Entries/LOG_Constants_Mattes.d:33","Senyan will, das ich den Auftraggeber finde und umbringe. Er will dann die Belohnung kassieren.","센얀은 내가 배후 조종자를 찾아내어 죽이기를 원한다. 그런 다음 그가 보상을 챙기려 한다.","","False","Topic_Addon_Senyan_2","",""
"Scripts/Content/Story/Log_Entries/LOG_Constants_Mattes.d:34","Ich sollte meine Beziehung zu Senyan beenden. Allerdings wäre es unklug ihn direkt anzugreifen. Vorher sollte ich noch einmal mit sprechen.","센얀과의 관계를 끝내야 한다. 하지만 그를 직접 공격하는 것은 현명하지 못하다. 그전에 그와 다시 한번 이야기를 나눠야 한다.","","False","Topic_Addon_Senyan_3","",""
"Scripts/Content/Story/Log_Entries/LOG_Constants_Mattes.d:36","Das Attentat","암살미수","","False","Topic_Addon_Esteban","",""
"Scripts/Content/Story/Log_Entries/LOG_Constants_Mattes.d:37","Sieht so aus, als hätte ich Huno an seinen Eiern gepackt.","내가 후노를 약점을 잡은 모양이다.","","False","Topic_Addon_Esteban_1","",""
"Scripts/Content/Story/Log_Entries/LOG_Constants_Mattes.d:38","Huno sagte mir, ich sollte mal mit Snaf sprechen.","후노는 스나프와 한번 이야기해 보라고 말했다.","","False","Topic_Addon_Esteban_2","",""
"Scripts/Content/Story/Log_Entries/LOG_Constants_Mattes.d:39","Lennar verdächtigt Emilio, weil der nicht mehr zu Esteban geht.","레나르는 에밀리오가 더 이상 에스테반에게 가지 않기 때문에 그를 의심하고 있다.","","False","Topic_Addon_Esteban_3","",""
"Scripts/Content/Story/Log_Entries/LOG_Constants_Mattes.d:40","Auf Esteban wurde ein Attentat verübt. Ich soll herausfinden, wer dahinter steckt.","에스테반에 대한 암살 시도가 있었다. 배후에 누가 있는지 알아내야 한다.","","False","Topic_Addon_Esteban_4","",""
"Scripts/Content/Story/Log_Entries/LOG_Constants_Mattes.d:41","Um den Auftraggeber ausfindig zu machen, sollte ich mit allen Leuten im Lager sprechen und herausfinden auf wessen Seite sie stehen. Snaf ist 'ne gute Anlaufstelle, weil er 'ne Menge mitkriegt.","배후 조종자를 찾아내기 위해 야영지의 모든 사람들과 이야기하며 그들이 누구의 편인지 알아내야 한다. 스나프는 많은 것을 알고 있으므로 찾아가기 좋은 곳이다.","","False","Topic_Addon_Esteban_5","",""
"Scripts/Content/Story/Log_Entries/LOG_Constants_Mattes.d:42","Finn erzählt, das Huno während des Attentats nicht anwesend war.","핀은 공격이 일어났을 때 후노가 그 자리에 없었다고 말한다.","","False","Topic_Addon_Esteban_6","",""
"Scripts/Content/Story/Log_Entries/LOG_Constants_Mattes.d:43","Fisk hat das Attentat gegen Esteban beauftragt.","피스크가 에스테반에 대한 암살을 청부했다.","","False","Topic_Addon_Esteban_7","",""
"Scripts/Content/Story/Log_Entries/LOG_Constants_Mattes.d:44","Paul erzählt, das Huno Esteban hasst, weil der ihm die Geschäfte runiert.","폴은 후노가 에스테반 때문에 사업을 망치고 있어서 그를 증오한다고 말한다.","","False","Topic_Addon_Esteban_8","",""
"Scripts/Content/Story/Log_Entries/LOG_Constants_Mattes.d:45","Emilio steht nicht auf Estebans Seite.","에밀리오는 에스테반의 편이 아니다.","","False","Topic_Addon_Esteban_9","",""
"Scripts/Content/Story/Log_Entries/LOG_Constants_Mattes.d:46","Emilio meint das Lennar ein Idiot ist.","에밀리오는 레나르가 바보라고 생각한다.","","False","Topic_Addon_Esteban_10","",""
"Scripts/Content/Story/Log_Entries/LOG_Constants_Mattes.d:47","Emilio hat endlich einen Namen ausgespuckt: Huno.","에밀리오가 마침내 이름을 불어버렸다: 후노.","","False","Topic_Addon_Esteban_11","",""
"Scripts/Content/Story/Log_Entries/LOG_Constants_Mattes.d:49","Huno's Stahl","후노의 철","","False","Topic_Addon_Huno","",""
"Scripts/Content/Story/Log_Entries/LOG_Constants_Mattes.d:50","Huno wartete auf eine Lieferung Stahl von den Piraten. Er glaubt das ein Kerl namens Juan sie im Auftrag von Esteban abgefangen hat. Er versteckt sich irgendwo im Sumpf.","후노는 해적들로부터 철 배송품을 기다리고 있다. 그는 후안이라는 작자가 에스테반의 지시로 그것을 가로챘다고 믿고 있다. 그는 늪 어딘가에 숨어 있다.","","False","Topic_Addon_Huno_1","",""
"Scripts/Content/Story/Log_Entries/LOG_Constants_Mattes.d:52","Ein Paket voller Dietriche","자물쇠 따개 한 꾸러미","","False","Topic_Addon_Fisk","",""
"Scripts/Content/Story/Log_Entries/LOG_Constants_Mattes.d:53","Ein Kerl Namens Juan hat Fisk die Lieferung (ein Paket Dietriche) weggeschnappt. Er vertseckt sich irgendwo im Sumpf. ","후안이라는 녀석이 피스크의 배송품(자물쇠 따개 한 꾸러미)을 가로채 갔다. 그는 늪 어딘가에 숨어 있다. ","","False","Topic_Addon_Fisk_1","",""
"Scripts/Content/Story/Log_Entries/LOG_Constants_Mattes.d:55","Drei Steine - drei Buddler","세 개의 돌 - 세 명의 광부","","False","Topic_Addon_Buddler","",""
"Scripts/Content/Story/Log_Entries/LOG_Constants_Mattes.d:56","Da ich nun Estebans Aufgabe übernommen habe, soll ich drei Buddler in die Mine schicken.","내가 에스테반의 일을 이어받았으므로, 광산에 세 명의 광부를 보내야 한다.","","False","Topic_Addon_Buddler_1","",""
"Scripts/Content/Story/Log_Entries/LOG_Constants_Mattes.d:58","Zugang zum Tempel","신전에의 접근","","False","Topic_Addon_Tempel","",""
"Scripts/Content/Story/Log_Entries/LOG_Constants_Mattes.d:59","Bloodwyn wird bestimmt den Tempel verlassen, wenn er mitkriegt, das in der Mine eien neue Goldader gefunden wurde.","광산에서 새로운 금맥이 발견되었다는 사실을 알게 되면 블러드윈은 분명히 신전을 떠날 것이다.","","False","Topic_Addon_Tempel_1","",""
"Scripts/Content/Story/Log_Entries/LOG_Constants_Mattes.d:60","Wenn Bloodwyn gereizt wird, verliert er die Kontrolle. Das wird mir bestimmt nützlich sein.","블러드윈은 자극을 받으면 통제력을 잃는다. 그것이 내게 분명히 도움이 될 것이다.","","False","Topic_Addon_Tempel_2","",""
"Scripts/Content/Story/Log_Entries/LOG_Constants_Mattes.d:61","Die Torwache vor dem Tempel wird mich nicht reinlassen. Ich muss einen Weg finden, wie ich hineinkomme.","신전 앞의 성문 경비병은 나를 들여보내 주지 않을 것이다. 안으로 들어갈 방법을 찾아야 한다.","","False","Topic_Addon_Tempel_3","",""
"Scripts/Content/Story/Log_Entries/LOG_Constants_Mattes.d:62","Nur Bloodwyn ist es erlaubt, sich im Tempel aufzuhalten. Vielleicht komme ich über ihn in den Tempel.","오직 블러드윈만 신전에 머무는 것이 허용된다. 어쩌면 그를 통해 신전에 들어갈 수 있을지도 모른다.","","False","Topic_Addon_Tempel_4","",""
"Scripts/Content/Story/Log_Entries/LOG_Constants_Mattes.d:63","Bloodwyn sitzt im Tempel. Aber ich komme hier nicht weiter. Vielleicht sollte ich mich mal in der Mine umsehen.","블러드윈은 신전에 있다. 하지만 여기서는 더 나아갈 수가 없다. 광산을 한번 둘러봐야겠다.","","False","Topic_Addon_Tempel_5","",""
"Scripts/Content/Story/Log_Entries/LOG_Constants_Mattes.d:65","Geistige Irrwege","정신적 방황","","False","Topic_Addon_Fortuno","",""
"Scripts/Content/Story/Log_Entries/LOG_Constants_Mattes.d:66","Fortuno ist nicht bei Sinnen. Er sucht nach einem 'Grünen Novizen'","포르투노는 제정신이 아니다. 그는 '초록 견습생'을 찾고 있다.","","False","Topic_Addon_Fortuno_1","",""
"Scripts/Content/Story/Log_Entries/LOG_Constants_Mattes.d:67","Der 'grüne Novize' hat Fortuno wieder einen klaren Kopf verschafft.","'초록 견습생' 덕분에 포르투노는 다시 정신을 차리게 되었다.","","False","Topic_Addon_Fortuno_2","",""
"Scripts/Content/Story/Log_Entries/LOG_Constants_Mattes.d:68","Fortuno ist wieder bei Sinnen, aber er kann sich an Nichts erinnern.","포르투노가 정신을 차렸지만, 아무것도 기억하지 못한다.","","False","Topic_Addon_Fortuno_3","",""
"Scripts/Content/Story/Log_Entries/LOG_Constants_Mattes.d:69","Miguel hat mir ein Rezept für einen Trank gegeben. Damit kann ich Fortuno helfen, sich wieder zu erinnern. Ich sollte den Trank nur brauen, wenn ich mich mit allen Zutaten auskenne. Sonst wirkt er tödlich. ","미겔이 포션 제조법을 알려주었다. 그것을 이용해 포르투노가 기억을 되찾도록 도울 수 있다. 모든 재료에 대해 잘 알 때만 그 포션을 제조해야 한다. 그렇지 않으면 치명적일 것이다. ","","False","Topic_Addon_Fortuno_4","",""
"Scripts/Content/Story/Log_Entries/LOG_Constants_Mattes.d:71","Hammer Schnaps","망치 술","","False","Topic_Addon_Hammer","",""
"Scripts/Content/Story/Log_Entries/LOG_Constants_Mattes.d:72","Snaf braucht Schnaps für seine Sauce. Er hat mir das Rezept für einen Hammer- Schnaps gegeben, den ich am Labor Tisch brauen kann.","스나프는 소스에 넣을 술이 필요하다. 그는 실험실 탁자에서 양조할 수 있는 망치 술의 레시피를 내게 주었다.","","False","Topic_Addon_Hammer_1","",""
"Scripts/Content/Story/Log_Entries/LOG_Constants_Mattes.d:74","Händler im Lager der Banditen","산적들과의 거래","","False","Topic_Addon_BDT_Trader","",""
"Scripts/Content/Story/Log_Entries/LOG_Constants_Mattes.d:75","Huno handelt mit Schmiedezubehör.","후노는 대장간 용품을 거래한다.","","False","Topic_Addon_BDT_Trader_1","",""
"Scripts/Content/Story/Log_Entries/LOG_Constants_Mattes.d:76","Fisk handelt mit Waren aller Art.","피스크는 온갖 종류의 상품을 거래한다.","","False","Topic_Addon_BDT_Trader_2","",""
"Scripts/Content/Story/Log_Entries/LOG_Constants_Mattes.d:77","Bei Miguel kann ich Tränke und Pflanzen kaufen.","미겔에게서 포션과 식물을 살 수 있다.","","False","Topic_Addon_BDT_Trader_3","",""
"Scripts/Content/Story/Log_Entries/LOG_Constants_Mattes.d:78","Bei Lucia bekomme ich Schnaps.","루시아에게서 술을 얻을 수 있다.","","False","Topic_Addon_BDT_Trader_4","",""
"Scripts/Content/Story/Log_Entries/LOG_Constants_Mattes.d:79","Scatty handelt mit verschiedenen Waren.","스캐티는 다양한 상품을 거래한다.","","False","Topic_Addon_BDT_Trader_5","",""
"Scripts/Content/Story/Log_Entries/LOG_Constants_Mattes.d:81","Lehrer im Lager der Banditen","산적들에게 배우기","","False","Topic_Addon_BDT_Teacher","",""
"Scripts/Content/Story/Log_Entries/LOG_Constants_Mattes.d:82","Lucia kann mir helfen, meine Geschicklichkeit zu trainieren.","루시아는 내 민첩성을 훈련하는 것을 도와줄 수 있다.","","False","Topic_Addon_BDT_Teacher_1","",""
"Scripts/Content/Story/Log_Entries/LOG_Constants_Mattes.d:83","Der Bandit am Kochtopf kann mir dabei helfen, meine Stärke zu trainieren.","스튜 냄비 옆의 산적이 내 힘을 훈련하는 것을 도와줄 수 있다.","","False","Topic_Addon_BDT_Teacher_2","",""
"Scripts/Content/Story/Log_Entries/LOG_Constants_Mattes.d:84","Logan kann mir beibringen, wie ich Felle, Krallen und Zähne ziehen kann.","로건은 가죽, 발톱, 이빨을 채집하는 법을 가르쳐 줄 수 있다.","","False","Topic_Addon_BDT_Teacher_3","",""
"Scripts/Content/Story/Log_Entries/LOG_Constants_Mattes.d:85","Edgor weiß 'ne Menge über Blutfliegen und ihre Trophäen.","에드고르는 흡혈파리와 그 전리품에 대해 잘 알고 있다.","","False","Topic_Addon_BDT_Teacher_4","",""
"Scripts/Content/Story/Log_Entries/LOG_Constants_Mattes.d:88","Steckbriefe und Banditen","수배 전단과 산적들","","False","Topic_Bandits","",""
"Scripts/Content/Story/Log_Entries/LOG_Constants_Mattes.d:89","Ein paar Banditen suchen mich. Sie haben einen Steckbrief von mir. Was wohl dahinter stecken mag?","산적 몇 명이 나를 찾고 있다. 그들은 내 수배 전단을 가지고 있다. 대체 무슨 영문일까?","","False","Topic_Bandits_1","",""
"Scripts/Content/Story/Log_Entries/LOG_Constants_Mattes.d:90","Der Anführer der Banditen ist Dexter. Er versteckt sich bei einer Mine, beim Großbauer.","산적들의 우두머리는 덱스터다. 그는 대농장 근처의 광산에 숨어 있다.","","False","Topic_Bandits_2","",""
"Scripts/Content/Story/Log_Entries/LOG_Constants_Mattes.d:93","Lobart's Arbeiterkleidung.","로바트의 작업복.","","False","TOPIC_Kleidung","",""
"Scripts/Content/Story/Log_Entries/LOG_Constants_Mattes.d:94","Der Bauer Lobart ist bereit, mir Arbeiterkleidung zu verkaufen.","농부 로바트는 내게 작업복을 팔 용의가 있다.","","False","TOPIC_Kleidung_1","",""
"Scripts/Content/Story/Log_Entries/LOG_Constants_Mattes.d:95","Ich kann einen Teil des Preises auf seinem Hof abarbeiten. Je mehr ich arbeite, desto billiger wird die Kleidung.","그의 농장에서 일해서 가격의 일부를 갚을 수 있다. 일을 많이 할수록 옷은 더 싸진다.","","False","TOPIC_Kleidung_2","",""
"Scripts/Content/Story/Log_Entries/LOG_Constants_Mattes.d:96","Für weniger als 30 Goldstücke, wird er sie mir allerdings nicht verkaufen.","30 골드 미만으로는 그가 나에게 팔지 않을 것이다.","","False","TOPIC_Kleidung_3","",""
"Scripts/Content/Story/Log_Entries/LOG_Constants_Mattes.d:97","Der Bauer Lobart ist bereit, mir Arbeiterkleidung zu verkaufen. Einen Teil des Preises kann ich auf seinem Hof abarbeiten. Je mehr ich arbeite, desto billiger wird die Kleidung.","농부 로바트는 내게 작업복을 팔 용의가 있다. 그의 농장에서 일하여 가격의 일부를 갚을 수 있다. 일을 많이 할수록 옷은 더 싸진다.","","False","TOPIC_Kleidung_4","",""
"Scripts/Content/Story/Log_Entries/LOG_Constants_Mattes.d:99","Die Rüben ziehen.","순무 뽑기","","False","TOPIC_Rueben","",""
"Scripts/Content/Story/Log_Entries/LOG_Constants_Mattes.d:100","Ich soll für Bauer Lobart das Rübenfeld ernten. Dafür bezahlt er mir Gold oder geht mit dem Preis für die Kleidung runter.","농부 로바트를 위해 순무밭을 수확해야 한다. 그 대가로 그는 골드를 주거나 옷값을 깎아준다.","","False","TOPIC_Rueben_1","",""
"Scripts/Content/Story/Log_Entries/LOG_Constants_Mattes.d:102","Die Rüben zu Hilda bringen.","힐다에게 순무 가져다주기","","False","TOPIC_Ruebenbringen","",""
"Scripts/Content/Story/Log_Entries/LOG_Constants_Mattes.d:103","Ich soll die geernteten Rüben zu Lobart's Frau im Haus bringen. Sie soll sie kochen. ","수확한 순무를 집안에 있는 로바트의 아내에게 가져다주어야 한다. 그녀가 요리할 것이다. ","","False","TOPIC_Ruebenbringen_1","",""
"Scripts/Content/Story/Log_Entries/LOG_Constants_Mattes.d:105","Für eine Flasche Wein.","와인 한 병을 위해.","","False","TOPIC_Vino","",""
"Scripts/Content/Story/Log_Entries/LOG_Constants_Mattes.d:106","Wenn ich Vino eine Flasche Wein bringe, wird er Lobart erzählen, das ich ihm geholfen habe.","비노에게 와인 한 병을 가져다주면, 그가 로바트에게 내가 그를 도와주었다고 말해줄 것이다.","","False","TOPIC_Vino_1","",""
"Scripts/Content/Story/Log_Entries/LOG_Constants_Mattes.d:108","Die Banditen bei Lobart's Hof. ","로바트의 농장에 있는 산적들. ","","False","TOPIC_Maleth","",""
"Scripts/Content/Story/Log_Entries/LOG_Constants_Mattes.d:109","Wenn ich die Banditen auf dem Weg von Xardas Turm zu Lobart's Hof besiege, werden mir alle auf dem Hof dankbar sein.","자다스의 탑에서 로바트의 농장으로 가는 길에 있는 산적들을 물리치면, 농장의 모든 사람들이 고마워할 것이다.","","False","TOPIC_Maleth_1","",""
"Scripts/Content/Story/Log_Entries/LOG_Constants_Mattes.d:111","Eine Pfanne für Hilda.","힐다를 위한 프라이팬.","","False","TOPIC_Hilda","",""
"Scripts/Content/Story/Log_Entries/LOG_Constants_Mattes.d:112","Hilda, die Frau von Bauer Lobart, will, das ich ihr eine Pfanne vom fahrenden Händler besorge.","농부 로바트의 아내 힐다가 행상인에게서 프라이팬을 하나 구해다 달라고 한다.","","False","TOPIC_Hilda_1","",""
"Scripts/Content/Story/Log_Entries/LOG_Constants_Mattes.d:115","Zugang zur Stadt Khorinis.","코리니스 시티로 가는 길.","","False","TOPIC_City","",""
"Scripts/Content/Story/Log_Entries/LOG_Constants_Mattes.d:116","Um in die Stadt zu gelangen, kann ich den Torwachen erzählen, das ich von Lobart's Hof komme und zum Schmied will.","도시로 들어가기 위해, 성문 경비병들에게 로바트의 농장에서 왔고 대장장에게 가는 길이라고 말할 수 있다.","","False","TOPIC_City_1","",""
"Scripts/Content/Story/Log_Entries/LOG_Constants_Mattes.d:117","Natürlich muss ich dafür aussehen, wie ein Bauer... ","물론 그러려면 농부처럼 보여야 한다... ","","False","TOPIC_City_2","",""
"Scripts/Content/Story/Log_Entries/LOG_Constants_Mattes.d:118","Damit die Torwachen mich in die Stadt lassen, muss ich so aussehen, als wenn ich Geld hätte, oder ich finde einen anderen Weg.","성문 경비병들이 나를 도시로 들여보내 주게 하려면, 내가 돈이 있는 사람처럼 보이거나 다른 방법을 찾아야 한다.","","False","TOPIC_City_3","",""
"Scripts/Content/Story/Log_Entries/LOG_Constants_Mattes.d:119","Ich habe einen Passierschein vom Händler Canthar, der mir Zugang zur Stadt ermöglicht. Dafür schulde ich ihm einen Gefallen, wenn ich ihn in der Stadt treffe.","도시로 갈 수 있게 해주는 상인 캔타르의 통행증을 얻었다. 그 대가로 도시에서 그를 만나면 호의를 베풀어야 한다.","","False","TOPIC_City_4","",""
"Scripts/Content/Story/Log_Entries/LOG_Constants_Mattes.d:122","Aufnahme bei der Miliz.","민병대에 입대하기.","","False","TOPIC_BecomeMIL","",""
"Scripts/Content/Story/Log_Entries/LOG_Constants_Mattes.d:123","Um bei der Stadtwache aufgenommen zu werden, muss ich erst Bürger der Stadt werden.","도시 경비병에 가입하려면 먼저 도시의 시민이 되어야 한다.","","False","TOPIC_BecomeMIL_1","",""
"Scripts/Content/Story/Log_Entries/LOG_Constants_Mattes.d:124","Es gibt noch eine andere Möglichkeit, um bei der Stadtwache aufgenommen zu werden. Ich muss die Diebesgilde in Khorinis finden und zur Strecke bringen.","도시 경비병에 가입하는 다른 방법도 있다. 코리니스의 도둑 길드를 찾아내어 소탕해야 한다.","","False","TOPIC_BecomeMIL_2","",""
"Scripts/Content/Story/Log_Entries/LOG_Constants_Mattes.d:125","Wenn ich die Diebesgilde ausfindig machen will, sollte ich mich vielleicht im Hafenviertel umhören.","도둑 길드를 찾아내고 싶다면, 항구 지구에서 탐문해 보는 것이 좋을 것이다.","","False","TOPIC_BecomeMIL_3","",""
"Scripts/Content/Story/Log_Entries/LOG_Constants_Mattes.d:126","Wenn ich einen Handlanger der Diebesgilde erwische, liefere ich am Besten an Lord Andre aus. Um die Diebesgilde zur Strecke zu bringen, muss ich ihr Versteck finden.","도둑 길드의 하수인 하나를 잡게 된다면, 안드레 경에게 넘기는 것이 가장 좋다. 도둑 길드를 소탕하려면 그들의 은신처를 찾아야 한다.","","False","TOPIC_BecomeMIL_4","",""
"Scripts/Content/Story/Log_Entries/LOG_Constants_Mattes.d:127","Lobarts Felder werden von Feldräubern heimgesucht. Er will, daß ich sie alle vertreibe.","로바트의 밭에 필드 레이더들이 들끓고 있다. 그는 내가 그들을 모두 쫓아내길 원한다.","","False","TOPIC_BecomeMIL_5","",""
"Scripts/Content/Story/Log_Entries/LOG_Constants_Mattes.d:128","Lobart ist seine Feldräuber los geworden. Ich habe sie beseitigt","로바트는 필드 레이더들을 처치했다. 내가 모두 없애버렸다.","","False","TOPIC_BecomeMIL_6","",""
"Scripts/Content/Story/Log_Entries/LOG_Constants_Mattes.d:130","Lehrling in Khorinis.","코리니스의 견습생.","","False","TOPIC_Lehrling","",""
"Scripts/Content/Story/Log_Entries/LOG_Constants_Mattes.d:131","Constantino gibt mir seine Zustimmung, wenn ich irgendwo als Lehrling anfangen will, solange ich nicht in der Stadt eines Verbrechens angeklagt bin.","콘스탄티노는 내가 도시에서 범죄로 고소당하지만 않는다면, 어딘가에서 견습생으로 시작하려는 것에 동의해 준다.","","False","TOPIC_Lehrling_1","",""
"Scripts/Content/Story/Log_Entries/LOG_Constants_Mattes.d:132","Constantino wird mich als Lehrling aufnehmen, wenn ich die Zustimmung der anderen Meister bekomme.","콘스탄티노는 다른 마스터들의 동의를 얻으면 나를 그의 견습생으로 받아들일 것이다.","","False","Topic_Lehrling_2","",""
"Scripts/Content/Story/Log_Entries/LOG_Constants_Mattes.d:133","Wenn ich Harad überzeuge, das ich kein Taugenichts bin, wird er mich als Lehrling aufnehmen.","하라드를 내가 쓸모없는 인간이 아니라고 설득할 수 있다면, 그는 나를 견습생으로 받아들일 것이다.","","False","TOPIC_Lehrling_3","",""
"Scripts/Content/Story/Log_Entries/LOG_Constants_Mattes.d:134","Harad hat mir von Banditen erzählt, die den Händler Hakon vor der Stadt überfallen haben. Wenn ich sie zur Strecke bringe, ist er von mir überzeugt. Ich sollte mal mit Hakon sprechen. Vielleicht weiß er mehr über den Aufenthaltsort dieser Banditen. ","하라드는 도시 밖에서 상인 하콘을 습격한 산적들에 대해 이야기해 주었다. 내가 그들을 소탕한다면, 그는 나를 인정할 것이다. 하콘과 이야기를 나눠봐야겠다. 어쩌면 그 산적들의 행방에 대해 더 많이 알고 있을지도 모른다. ","","False","TOPIC_Lehrling_4","",""
"Scripts/Content/Story/Log_Entries/LOG_Constants_Mattes.d:135","Bosper wird mich als Lehrling aufnehmen, wenn ich die Zustimmung der anderen Meister bekomme.","바스퍼는 다른 마스터들의 동의를 얻는다면 나를 그의 견습생으로 받아들일 것이다.","","False","TOPIC_Lehrling_5","",""
"Scripts/Content/Story/Log_Entries/LOG_Constants_Mattes.d:136","Harad wird mich als Lehrling aufnehmen, wenn ich die Zustimmung der anderen Meister bekomme.","하라드는 다른 마스터들의 동의를 얻을 수 있다면 나를 그의 견습생으로 받아들일 것이다.","","False","Topic_Lehrling_6","",""
"Scripts/Content/Story/Log_Entries/LOG_Constants_Mattes.d:137","Harad gibt mir seine Zustimmung, wenn ich irgendwo als Lehrling anfangen will.","하라드는 내가 어디선가 견습생으로 시작하고 싶어 한다면 동의해 준다.","","False","Topic_Lehrling_7","",""
"Scripts/Content/Story/Log_Entries/LOG_Constants_Mattes.d:138","Matteo gibt mir seine Zustimmung, wenn ich irgendwo als Lehrling anfangen will.","마테오는 내가 어디선가 견습생으로 시작하고 싶어 한다면 동의해 준다.","","False","Topic_Lehrling_8","",""
"Scripts/Content/Story/Log_Entries/LOG_Constants_Mattes.d:139","Matteo kann sich dafür einsetzen, das ich bei einem Handwerksmeister als Lehrling aufgenommen werde.","마테오는 내가 장인 마스터 중 한 사람의 견습생으로 받아들여질 수 있도록 힘써줄 수 있다.","","False","TOPIC_Lehrling_9","",""
"Scripts/Content/Story/Log_Entries/LOG_Constants_Mattes.d:140","Als Lehrling könnte ich anfangen, bei: Bosper dem Bogner, Harad dem Schmied, Thorben dem Tischler oder Constantino dem Alchemisten.","나는 활 제작자 바스퍼, 대장장이 하라드, 목수 소르벤, 또는 연금술사 콘스탄티노 밑에서 견습생으로 일을 시작할 수 있을 것이다.","","False","Topic_Lehrling_10","",""
"Scripts/Content/Story/Log_Entries/LOG_Constants_Mattes.d:141","Um als Lehrling aufgenommen zu werden, brauche ich auch die Zustimmung der anderen Meister.","견습생으로 받아들여지기 위해서는 다른 마스터들의 동의도 필요하다.","","False","Topic_Lehrling_11","",""
"Scripts/Content/Story/Log_Entries/LOG_Constants_Mattes.d:142","Um die Zustimmung der anderen Meister zu bekommen, muss ich sie von mir überzeugen.","다른 마스터들의 동의를 얻으려면, 그들에게 내 능력을 증명해야 한다.","","False","Topic_Lehrling_12","",""
"Scripts/Content/Story/Log_Entries/LOG_Constants_Mattes.d:143","Thorben wird mich nicht als Lehrling aufnehmen.","소르벤은 나를 견습생으로 받아들이지 않을 것이다.","","False","TOPIC_Lehrling_13","",""
"Scripts/Content/Story/Log_Entries/LOG_Constants_Mattes.d:144","Thorben gibt mir seine Zustimmung, wenn ich irgendwo als Lehrling anfangen will.","소르벤은 내가 견습생으로 일을 시작하고 싶어 한다면 동의해 준다.","","False","TOPIC_Lehrling_14","",""
"Scripts/Content/Story/Log_Entries/LOG_Constants_Mattes.d:145","Bosper sucht einen neuen Lehrling. Bei ihm könnte ich anfangen.","바스퍼가 새로운 견습생을 찾고 있다. 그 밑에서 일을 시작할 수 있을 것이다.","","False","TOPIC_Lehrling_15","",""
"Scripts/Content/Story/Log_Entries/LOG_Constants_Mattes.d:146","Bosper gibt mir seine Zustimmung, wenn ich irgendwo als Lehrling anfangen will.","바스퍼는 내가 어디선가 견습생으로 시작하고 싶어 한다면 동의해 준다.","","False","Topic_Lehrling_16","",""
"Scripts/Content/Story/Log_Entries/LOG_Constants_Mattes.d:147","Harad hat mir von Banditen erzählt, die den Händler Hakon vor der Stadt überfallen haben. Wenn ich sie zur Strecke bringe, ist er von mir überzeugt.","하라드는 도시 밖에서 상인 하콘을 습격한 산적들에 대해 이야기해 주었다. 내가 그들을 소탕한다면, 그는 나를 인정할 것이다.","","False","Topic_Lehrling_17","",""
"Scripts/Content/Story/Log_Entries/LOG_Constants_Mattes.d:149","Der Weg in's obere Viertel.","상류 지구로 가는 길.","","False","TOPIC_OV","",""
"Scripts/Content/Story/Log_Entries/LOG_Constants_Mattes.d:150","Wenn ich in's obere Viertel will, brauche ich die Hilfe der einflußreichen Bürger in der Unterstadt.","상류 지구에 가고 싶다면, 하류 지구의 영향력 있는 시민들의 도움이 필요하다.","","False","TOPIC_OV_1","",""
"Scripts/Content/Story/Log_Entries/LOG_Constants_Mattes.d:151","Der Händler Matteo ist einer der einflußreichen Bürger in der Unterstadt.","상인 마테오는 하류 지구의 영향력 있는 시민 중 한 명이다.","","False","TOPIC_OV_2","",""
"Scripts/Content/Story/Log_Entries/LOG_Constants_Mattes.d:152","Ich sollte versuchen, bei einem der Handwerksmeister als Lehrling anzufangen. ","장인 마스터 중 한 사람의 견습생으로 일을 시작해 봐야 한다. ","","False","TOPIC_OV_3","",""
"Scripts/Content/Story/Log_Entries/LOG_Constants_Mattes.d:153","Um Zugang zum oberen Viertel zu bekommen, muss ich ein angesehener Bürger sein, oder eine Arbeit haben.","상류 지구에 들어가려면 존경받는 시민이 되거나 일자리가 있어야 한다.","","False","TOPIC_OV_4","",""
"Scripts/Content/Story/Log_Entries/LOG_Constants_Mattes.d:155","Matteo und Gritta.","마테오와 그리타.","","False","TOPIC_Matteo","",""
"Scripts/Content/Story/Log_Entries/LOG_Constants_Mattes.d:156","Gritta, die Nichte des Tischlers Thorben, hat schuldet Matteo 100 Goldstücke. Wenn ich sie ihm wiederbeschaffe, hilft er mir, in's obere Veirtel zu kommen.","목수 소르벤의 조카인 그리타는 마테오에게 100 골드를 빚지고 있다. 내가 그것을 다시 받아다 준다면, 상류 지구에 들어가는 것을 도와주겠다고 한다.","","False","Topic_Matteo_1","",""
"Scripts/Content/Story/Log_Entries/LOG_Constants_Mattes.d:158","Der Segen der Götter.","신들의 축복.","","False","TOPIC_Thorben","",""
"Scripts/Content/Story/Log_Entries/LOG_Constants_Mattes.d:159","Vatras, der Wassermagier, hat mich gesegnet.","물의 마법사 바트라스가 내게 축복을 내려주었다.","","False","TOPIC_Thorben_1","",""
"Scripts/Content/Story/Log_Entries/LOG_Constants_Mattes.d:160","Daron, der Feuermagier, hat mir seinen Segen gegeben.","불의 마법사 다론이 내게 축복을 내려주었다.","","False","TOPIC_Thorben_2","",""
"Scripts/Content/Story/Log_Entries/LOG_Constants_Mattes.d:161","Thorben gibt mir seine Zustimmung, wenn ich mich von einem Priester Adanos und einem Priester Innos segnen lasse.","소르벤은 아다노스의 사제와 이노스의 사제에게 축복을 받는다면 동의해 준다.","","False","TOPIC_Thorben_3","",""
"Scripts/Content/Story/Log_Entries/LOG_Constants_Mattes.d:162","Daron, der Feuermagier hat mich nicht gesegnet. Jetzt muss ich wohl Gold auftreiben und bei ihm spenden, damit er mich doch noch segnet.","불의 마법사 다론이 나를 축복해 주지 않았다. 나를 축복해 주게 하려면 금을 모아서 그에게 기부해야 할 것 같다.","","False","TOPIC_Thorben_4","",""
"Scripts/Content/Story/Log_Entries/LOG_Constants_Mattes.d:164","Eine große Herausforderung.","위대한 도전.","","False","TOPIC_HaradOrk","",""
"Scripts/Content/Story/Log_Entries/LOG_Constants_Mattes.d:165","Vor der Stadt wurde ein Ork gesehen. Der Schmied Harad will das ich ihn töte. Eine Orkwaffe sollte als Beweis reichen.","성벽 밖에서 오크가 목격되었다. 대장장이 하라드가 그를 죽여 달라고 한다. 오크의 무기라면 증거로 충분할 것이다.","","False","TOPIC_HaradOrk_1","",""
"Scripts/Content/Story/Log_Entries/LOG_Constants_Mattes.d:167","Bosper's Bogen.","바스퍼의 활.","","False","TOPIC_BosperBogen","",""
"Scripts/Content/Story/Log_Entries/LOG_Constants_Mattes.d:168","Bosper wurde ein Bogen gestohlen. Der Dieb ist zum Hafen gerannt, aber dort ist er entwischt. Die Miliz hat das Hafenviertel durchsucht, aber nichts gefunden, obwohl der Bogen noch irgendwo in der Stadt ist.","바스퍼가 활을 도둑맞았다. 도둑은 항구로 도망쳤지만 그곳에서 놓쳐버렸다. 민병대가 항구 지역을 수색했으나 찾지 못했다. 하지만 그 활은 아직 시내 어딘가에 있을 것이다.","","False","TOPIC_BosperBogen_1","",""
"Scripts/Content/Story/Log_Entries/LOG_Constants_Mattes.d:170","Felle für Bosper.","바스퍼를 위한 가죽.","","False","TOPIC_BosperWolf","",""
"Scripts/Content/Story/Log_Entries/LOG_Constants_Mattes.d:171","Ich soll Bosper sechs Wolfsfelle besorgen. Dann kann ich bei ihm anfangen, oder er gibt mir seine Zustimmung, wenn ich bei anderem Meister anfangen will.","바스퍼에게 늑대 가죽 여섯 장을 가져다주어야 한다. 그러면 그 밑에서 일할 수 있게 되거나, 다른 장인의 밑에서 일하고 싶을 때 동의를 얻을 수 있을 것이다.","","False","TOPIC_BosperWolf_1","",""
"Scripts/Content/Story/Log_Entries/LOG_Constants_Mattes.d:172","Dazu sollte ich bei ihm lernen, wie ich Tieren das Fell abziehe.","그러기 위해서 그에게 동물 가죽 벗기기를 배워야겠다.","","False","TOPIC_BosperWolf_2","",""
"Scripts/Content/Story/Log_Entries/LOG_Constants_Mattes.d:173","Bosper hat mir beigebracht, wie ich Tieren das Fell abziehe.","바스퍼가 동물 가죽 벗기는 법을 가르쳐 주었다.","","False","TOPIC_BosperWolf_3","",""
"Scripts/Content/Story/Log_Entries/LOG_Constants_Mattes.d:175","Pflanzen für Constantino.","콘스탄티노를 위한 약초.","","False","TOPIC_ConstantinoPlants","",""
"Scripts/Content/Story/Log_Entries/LOG_Constants_Mattes.d:176","Constantino will eine Pflanze jeder Art, damit er mich als Lehrling aufnimmt.","콘스탄티노는 나를 견습생으로 받아들이는 조건으로 모든 종류의 약초를 하나씩 가져오라고 했다.","","False","TOPIC_ConstantinoPlants_1","",""
"Scripts/Content/Story/Log_Entries/LOG_Constants_Mattes.d:179","Canthar's Gefallen.","캔타르의 호의.","","False","TOPIC_Canthar","",""
"Scripts/Content/Story/Log_Entries/LOG_Constants_Mattes.d:180","Canthar will, das ich den Gefallen einlöse, den ich ihm noch schulde.","캔타르는 내가 아직 빚지고 있는 호의를 갚기를 원한다.","","False","TOPIC_Canthar_1","",""
"Scripts/Content/Story/Log_Entries/LOG_Constants_Mattes.d:181","Canthar hat mir eine Waffe versprochen, dafür das ich ihm einen Gefallen erweise.","캔타르는 그의 부탁을 들어주면 무기를 주겠다고 약속했다.","","False","TOPIC_Canthar_2","",""
"Scripts/Content/Story/Log_Entries/LOG_Constants_Mattes.d:182","Ich soll der Händlerin Sarah einen Brief unterschieben, der sie belastet, an Onar Waffen zu liefern. Dann soll ich sie bei Lord Andre verpfeifen.","상인 사라에게 오나르에게 무기를 공급했다는 누명을 씌울 편지를 몰래 집어넣어야 한다. 그런 다음 안드레 경에게 그녀를 고발해야 한다.","","False","TOPIC_Canthar_3","",""
"Scripts/Content/Story/Log_Entries/LOG_Constants_Mattes.d:184","Banditenüberfalle","산적 습격","","False","TOPIC_HakonBanditen","",""
"Scripts/Content/Story/Log_Entries/LOG_Constants_Mattes.d:185","Die Banditen, die Hakon bestohlen haben, verstecken sich in einem der Wälder, nahe bei der Stadt.","하콘을 털었던 산적들은 도시 근처의 숲 중 한 곳에 숨어 있다.","","False","TOPIC_HakonBanditen_1","",""
"Scripts/Content/Story/Log_Entries/LOG_Constants_Mattes.d:186","Wahrscheinlich haben die Banditen  Kontakt zu einem Hehler in der Stadt. Bei Lord Andre ist ein Kopfgeld auf den Hehler ausgesetzt.","산적들은 아마 도시의 장물아비와 손을 잡았을 것이다. 안드레 경은 그 장물아비에게 현상금을 걸어두었다.","","False","TOPIC_HakonBanditen_2","",""
"Scripts/Content/Story/Log_Entries/LOG_Constants_Mattes.d:187","Hakon, der Waffenhändler wurde vor der Stadt von Banditen ausgeraubt.","무기 상인 하콘이 도시 밖에서 산적들에게 강도를 당했다.","","False","TOPIC_HakonBanditen_3","",""
"Scripts/Content/Story/Log_Entries/LOG_Constants_Mattes.d:188","Pablo von der Stadtwache, war an der erfolglosen Suche nach den Banditen beteiligt.","도시 경비병 파블로가 산적들을 찾아 나섰으나 헛수고로 끝났다.","","False","TOPIC_HakonBanditen_4","",""
"Scripts/Content/Story/Log_Entries/LOG_Constants_Mattes.d:190","Das Gold des Händlers.","상인의 금.","","False","TOPIC_Jora","",""
"Scripts/Content/Story/Log_Entries/LOG_Constants_Mattes.d:191","Ein Kerl namens Rengaru hat den Händler Jora bestohlen. Er treibt sich tagsüber auf dem Marktplatz herum.","렝가루라는 녀석이 상인 요라의 물건을 훔쳤다. 그는 낮마다 시장 광장을 돌아다닌다.","","False","TOPIC_Jora_1","",""
"Scripts/Content/Story/Log_Entries/LOG_Constants_Mattes.d:192","Ich soll Jora sein Gold zurückbringen.","요라에게 금을 돌려주어야 한다.","","False","TOPIC_Jora_2","",""
"Scripts/Content/Story/Log_Entries/LOG_Constants_Mattes.d:194","Ein dreister Dieb.","뻔뻔한 도둑.","","False","TOPIC_JoraDieb","",""
"Scripts/Content/Story/Log_Entries/LOG_Constants_Mattes.d:195","Rengaru hat den Händler Jora bestohlen. Wenn ich ihn stelle, gibt es vielleicht ein Kopfgeld für ihn.","렝가루가 상인 요라의 물건을 훔쳤다. 그를 붙잡으면 현상금을 받을 수도 있을 것이다.","","False","TOPIC_JoraDieb_1","",""
"Scripts/Content/Story/Log_Entries/LOG_Constants_Mattes.d:197","Der falsche Bote","가짜 심부름꾼","","False","TOPIC_Nagur","",""
"Scripts/Content/Story/Log_Entries/LOG_Constants_Mattes.d:198","Ich soll mich von Baltram als neuen Boten einstellen lassen. Dann soll ich die Lieferung von Bauer Akil abholen und zu Nagur bringen.","발트람의 새 심부름꾼으로 고용되어야 한다. 그런 다음 농부 아킬에게서 배송품을 받아 나구르에게 가져다주어야 한다.","","False","TOPIC_Nagur_1","",""
"Scripts/Content/Story/Log_Entries/LOG_Constants_Mattes.d:199","Nagur hat die Lieferung bekommen. Morgen will er mir mein Gold für den Job zahlen.","나구르가 배송품을 받았다. 그는 내일 이 일에 대한 보수로 금을 지불할 것이다.","","False","TOPIC_Nagur_2","",""
"Scripts/Content/Story/Log_Entries/LOG_Constants_Mattes.d:200","Die Lieferung habe ich. Ich könnte sie jetzt zu Nagur bringen...","배송품을 가지고 있다. 이제 이걸 나구르에게 가져다줄 수 있다...","","False","TOPIC_Nagur_3","",""
"Scripts/Content/Story/Log_Entries/LOG_Constants_Mattes.d:201","Baltram hat mich als Bote eingestellt. Jetzt muss ich die Lieferung von Akils Hof abholen.","발트람이 나를 심부름꾼으로 고용했다. 이제 아킬의 농장에서 배송품을 찾아와야 한다.","","False","TOPIC_Nagur_4","",""
"Scripts/Content/Story/Log_Entries/LOG_Constants_Mattes.d:203","Baltram's Lieferung.","발트람의 배송품.","","False","TOPIC_Baltram","",""
"Scripts/Content/Story/Log_Entries/LOG_Constants_Mattes.d:204","Die Lieferung habe ich. Ich könnte sie jetzt zu Baltram bringen...","배송품을 가지고 있다. 이제 이걸 발트람에게 가져다줄 수 있다...","","False","TOPIC_Baltram_1","",""
"Scripts/Content/Story/Log_Entries/LOG_Constants_Mattes.d:205","Wenn ich Baltram seine Lieferung bringe, zahlt er mir 50 Goldstücke.","발트람에게 배송품을 가져다주면, 그는 50개의 금화를 지불할 것이다.","","False","TOPIC_Baltram_2","",""
"Scripts/Content/Story/Log_Entries/LOG_Constants_Mattes.d:207","Constantino's Ring.","콘스탄티노의 반지.","","False","Topic_CassiaRing","",""
"Scripts/Content/Story/Log_Entries/LOG_Constants_Mattes.d:208","Cassia will das ich ihr den Ring von Constantino bringe.","카시아는 콘스탄티노의 반지를 가져다주기를 원한다.","","False","Topic_CassiaRing_1","",""
"Scripts/Content/Story/Log_Entries/LOG_Constants_Mattes.d:210","Die Blutkelche","피의 성찬기","","False","Topic_CassiaKelche","",""
"Scripts/Content/Story/Log_Entries/LOG_Constants_Mattes.d:211","Cassia will, das ich ihr die sechs Blutkelche bringe. Sie sollen alle hier in der Stadt sein.","카시아는 여섯 개의 피의 성찬기를 가져다주기를 원한다. 모두 이 도시에 있다고 한다.","","False","Topic_CassiaKelche_1","",""
"Scripts/Content/Story/Log_Entries/LOG_Constants_Mattes.d:213","Ein Sextant","육분의","","False","Topic_RamirezSextant","",""
"Scripts/Content/Story/Log_Entries/LOG_Constants_Mattes.d:214","Ramirez will, das ich ihm ein Sextant bringe.","라미레즈는 육분의를 가져다주기를 원한다.","","False","Topic_RamirezSextant_1","",""
"Scripts/Content/Story/Log_Entries/LOG_Constants_Mattes.d:217","Der irre Fellan","미친 펠란","","False","TOPIC_Alwin","",""
"Scripts/Content/Story/Log_Entries/LOG_Constants_Mattes.d:218","Alwin will das ich Fellan dazu bringe, das er mit dem Hämemrn aufhört. Es wäre bestimmt nicht angebracht, ihn zu töten.","알빈은 펠란이 망치질을 멈추게 해 달라고 한다. 그렇다고 그를 죽이는 건 적절하지 않을 것이다.","","False","TOPIC_Alwin_1","",""
"Scripts/Content/Story/Log_Entries/LOG_Constants_Mattes.d:220","Das Experiment","실험","","False","TOPIC_Ignaz","",""
"Scripts/Content/Story/Log_Entries/LOG_Constants_Mattes.d:221","Ich soll für Ignaz einen neuen Zauber testen. Einen Zauber des Vergessens. Sobald jemand aufgrund eines Diebstahls oder einer Schlägerei oder aus einem anderen Grund verärgert ist, wird er nicht mehr mit mir sprechen wollen. ","이그나츠를 위해 새로운 주문을 테스트해야 한다. 오블리비언 주문이다. 누군가 도둑질이나 싸움 또는 다른 이유로 화가 나면, 더 이상 나와 말하려 하지 않을 것이다. ","","False","TOPIC_Ignaz_1","",""
"Scripts/Content/Story/Log_Entries/LOG_Constants_Mattes.d:222","Das ist der richtige Moment, um den Zauber einzusetzen. Dann wird er auch vergessen das er die Tat gemeldet hat. Aber im Hafenviertel wird wohl kaum jemand verärgert sein, wenn ich ihn niederschlage... ","이 주문을 사용하기에 딱 좋은 순간이다. 그러면 그도 이 사실을 신고했다는 것을 잊어버릴 것이다. 하지만 항구 지역에서는 누군가를 때려눕힌다고 해도 화를 낼 사람은 거의 없을 것이다... ","","False","TOPIC_Ignaz_2","",""
"Scripts/Content/Story/Log_Entries/LOG_Constants_Mattes.d:224","Alrik's Schwert.","알릭의 검.","","False","TOPIC_AlrikSchwert","",""
"Scripts/Content/Story/Log_Entries/LOG_Constants_Mattes.d:225","Alrik hat sein Schwert an den Händler Jora verkauft. Er kämpft nur gegen mich, wenn ich es ihm zurückbringe.","알릭은 상인 요라에게 자신의 검을 팔았다. 내가 그것을 돌려주어야만 나와 싸워줄 것이다.","","False","TOPIC_AlrikSchwert_1","",""
"Scripts/Content/Story/Log_Entries/LOG_Constants_Mattes.d:227","Informationen für Garvell.","가르벨을 위한 정보.","","False","TOPIC_Garvell","",""
"Scripts/Content/Story/Log_Entries/LOG_Constants_Mattes.d:228","Garvell will Informationen über die Orks und er will wissen, warum die Paladine in der Stadt sind.","가르벨은 오크에 대한 정보와 팔라딘들이 왜 도시에 와 있는지 알고 싶어 한다.","","False","TOPIC_Garvell_1","",""
"Scripts/Content/Story/Log_Entries/LOG_Constants_Mattes.d:231","Wo ist Peck?","펙은 어디에 있는가?","","False","TOPIC_Peck","",""
"Scripts/Content/Story/Log_Entries/LOG_Constants_Mattes.d:232","Peck ist irgendwo in der Stadt. Wenn ich ihn zurück zur Kaserne bringe, kann ich mir eine Waffe von ihm holen.","펙은 도시 어딘가에 있다. 그를 병사 숙소로 데려가면, 그에게서 무기를 받을 수 있을 것이다.","","False","TOPIC_Peck_1","",""
"Scripts/Content/Story/Log_Entries/LOG_Constants_Mattes.d:234","Ein Paket voller Kraut","초가 든 상자","","False","TOPIC_Warehouse","",""
"Scripts/Content/Story/Log_Entries/LOG_Constants_Mattes.d:235","Im Hafen ist ein Paket mit Sumpfkraut angekommen. Das hat Mortis dort in der Kneipe ausgeschnappt. Ich soll das Paket finden und zu Lord Andre bringen.","항구에 늪초가 든 상자가 도착했다. 모르티스가 선술집에서 그 소문을 들었다. 그 상자를 찾아 안드레 경에게 가져다주어야 한다.","","False","TOPIC_WAREHOUSE_1","",""
"Scripts/Content/Story/Log_Entries/LOG_Constants_Mattes.d:236","Kardif hat sich mit einem Söldner unterhalten. Dieser hatte ein Sumpfkaut - Paket, das er verkaufen wollte.","카르디프가 용병과 이야기를 나누었다. 그 용병은 팔려고 하는 늪초 상자를 가지고 있었다.","","False","TOPIC_WAREHOUSE_2","",""
"Scripts/Content/Story/Log_Entries/LOG_Constants_Mattes.d:237","Mortis hat in der Hafenkneipe mitbekommen, das sich Kardif, der Wirt und ein anderer Typ über das Paket unterhalten haben. Es  ging um einen Lagerplatz für das Kraut.","모르티스는 항구 선술집에서 여관 주인인 카르디프와 다른 남자가 상자에 대해 이야기하는 것을 들었다. 늪초를 보관할 장소에 대한 이야기였다.","","False","TOPIC_WAREHOUSE_3","",""
"Scripts/Content/Story/Log_Entries/LOG_Constants_Mattes.d:239","Der Kraut - Handel","초 거래","","False","TOPIC_Redlight","",""
"Scripts/Content/Story/Log_Entries/LOG_Constants_Mattes.d:240","Ich soll den Kerl finden, der das Sumpfkraut im Hafenviertel verkauft. Ich muss ihn dazu kriegen, das er mir Kraut verkauft. Mortis kann mir in dieser Sache weiterhelfen.","항구 지역에서 늪초를 파는 녀석을 찾아야 한다. 그에게서 초를 사도록 만들어야 한다. 이 일은 모르티스가 도와줄 수 있다.","","False","TOPIC_REDLIGHT_1","",""
"Scripts/Content/Story/Log_Entries/LOG_Constants_Mattes.d:241","Mortis meint, wenn ich im Hafenviertel Kraut kaufen will, sollte ich besser keine Rüstung tragen. Die Kneipe und das Bordell sind gute Anlaufstellen.","모르티스의 말에 따르면, 항구 지역에서 초를 사고 싶다면 방어구를 입지 않는 것이 좋다고 한다. 선술집과 사창가가 찾아가기 좋은 장소다.","","False","TOPIC_REDLIGHT_2","",""
"Scripts/Content/Story/Log_Entries/LOG_Constants_Mattes.d:243","Probleme auf Lobart's Hof","로바트의 농장에 생긴 문제","","False","TOPIC_Feldraeuber","",""
"Scripts/Content/Story/Log_Entries/LOG_Constants_Mattes.d:244","Andre hat mich zu Lobarts Bauernhof geschickt. Ich soll Lobart helfen, seinen Hof wieder in den Griff zu kriegen.","안드레가 나를 로바트의 농장으로 보냈다. 로바트가 농장을 다시 안정시키도록 도와주어야 한다.","","False","TOPIC_Feldraeuber_1","",""
"Scripts/Content/Story/Log_Entries/LOG_Constants_Mattes.d:247","Ernennung zum Feuermagier","불의 마법사 임명","","False","TOPIC_BecomeKdF","",""
"Scripts/Content/Story/Log_Entries/LOG_Constants_Mattes.d:249","Zugang zum Innos - Kloster.","이노스 수도원으로 들어가는 방법.","","False","Topic_Kloster","",""
"Scripts/Content/Story/Log_Entries/LOG_Constants_Mattes.d:250","Um im Innos - Kloster als Novize aufgenommen zu werden, brauche ich ein Schaf und 1000 Goldstücke.","이노스 수도원의 견습생으로 들어가려면 양 한 마리와 1000개의 금화가 필요하다.","","False","Topic_Kloster_1","",""
"Scripts/Content/Story/Log_Entries/LOG_Constants_Mattes.d:251","Um im Innos - Kloster als Novize aufgenommen zu werden, brauche ich ein Schaf und eine gewaltige Summe Gold.","이노스 수도원의 견습생으로 들어가려면 양 한 마리와 엄청난 양의 금이 필요하다.","","False","Topic_Kloster_2","",""
"Scripts/Content/Story/Log_Entries/LOG_Constants_Mattes.d:252","Ein Schaf bekomme ich bei den Bauern.","농부들에게서 양을 구할 수 있다.","","False","Topic_Kloster_3","",""
"Scripts/Content/Story/Log_Entries/LOG_Constants_Mattes.d:254","Arbeiten für die Gemeinschaft","공동체를 위한 봉사","","False","Topic_Gemeinschaft","",""
"Scripts/Content/Story/Log_Entries/LOG_Constants_Mattes.d:255","Als Novize ist es meine Pflicht, Arbeiten für die Gemeinschaft zu erledigen.","견습생으로서 공동체를 위해 일하는 것은 나의 의무이다.","","False","Topic_Gemeinschaft_1","",""
"Scripts/Content/Story/Log_Entries/LOG_Constants_Mattes.d:256","Wenn ich die Aufgaben für die Magier erledige, bekomme ich die Erlaubnis in der Bibliothek zu studieren.","마법사들을 위한 임무를 완수하면 도서관에서 공부할 허락을 받을 수 있다.","","False","Topic_Gemeinschaft_2","",""
"Scripts/Content/Story/Log_Entries/LOG_Constants_Mattes.d:259","Das verlorene Rezept.","잃어버린 레시피.","","False","Topic_Neorasrezept","",""
"Scripts/Content/Story/Log_Entries/LOG_Constants_Mattes.d:260","Meister Neoras vermisst ein Rezept zur Herstellung von Manatränken.","니오라스 사제님이 마나 포션을 만드는 레시피를 잃어버렸다.","","False","Topic_Neorasrezept_1","",""
"Scripts/Content/Story/Log_Entries/LOG_Constants_Mattes.d:261","Das ist bestimmt das Rezept, das Opolos kurz mal sehen will.","이것은 오폴로스가 잠깐 보려고 했던 그 레시피가 분명하다.","","False","Topic_Neorasrezept_2","",""
"Scripts/Content/Story/Log_Entries/LOG_Constants_Mattes.d:263","Sieben Pflanzen.","일곱 송이의 약초.","","False","Topic_NeorasPflanzen","",""
"Scripts/Content/Story/Log_Entries/LOG_Constants_Mattes.d:264","Ich soll Meister Neoars dem Alchemisten sieben Feuernesseln bringen.","연금술사 니오라스 사제님에게 파이어 네틀 일곱 송이를 가져다주어야 한다.","","False","Topic_NeorasPflanzen_1","",""
"Scripts/Content/Story/Log_Entries/LOG_Constants_Mattes.d:266","Isgaroth's Problem. ","이스가로스의 문제. ","","False","Topic_IsgarothWolf","",""
"Scripts/Content/Story/Log_Entries/LOG_Constants_Mattes.d:267","Meister Isgaroth am Schrein braucht Hilfe. Ich sollte ihn mal aufsuchen.","성단의 이스가로스 사제님이 도움이 필요하다. 찾아가 봐야겠다.","","False","Topic_IsgarothWolf_1","",""
"Scripts/Content/Story/Log_Entries/LOG_Constants_Mattes.d:268","Am Schrein treibt sich ein dunkler Wolf herum. Ich soll ihn aufspüren und erlegen.","성단 근처에 검은 늑대가 돌아다니고 있다. 찾아내서 처치해야 한다.","","False","Topic_IsgarothWolf_2","",""
"Scripts/Content/Story/Log_Entries/LOG_Constants_Mattes.d:270","Die Kammern der Novizen.","견습생들의 방.","","False","Topic_ParlanFegen","",""
"Scripts/Content/Story/Log_Entries/LOG_Constants_Mattes.d:271","Ich habe einen Novizen gefunden, der mir hilft, die Kamemrn zu fegen.","방 청소를 도와줄 견습생을 찾았다.","","False","Topic_ParlanFegen_1","",""
"Scripts/Content/Story/Log_Entries/LOG_Constants_Mattes.d:272","Babo hilft mir, die Novizenkammern zu fegen, wenn ich ihm eine Spruchrolle Windfaust bringe.","바보에게 바람의 주먹 두루마리를 가져다주면 견습생 방 청소를 도와주겠다고 했다.","","False","Topic_ParlanFegen_2","",""
"Scripts/Content/Story/Log_Entries/LOG_Constants_Mattes.d:273","Babo hilft mir jetzt, die Novizenkammern zu fegen.","이제 바보가 견습생 방 청소를 도와준다.","","False","Topic_ParlanFegen_3","",""
"Scripts/Content/Story/Log_Entries/LOG_Constants_Mattes.d:274","Der Novize, der im Keller fegt, hilft mir, wenn ich einen weiteren Novizen gefunden habe, der bereit ist, die Kammern zu fegen.","지하를 청소하는 견습생은 방 청소를 거들어 줄 다른 견습생을 찾아오면 도와주겠다고 한다.","","False","Topic_ParlanFegen_4","",""
"Scripts/Content/Story/Log_Entries/LOG_Constants_Mattes.d:275","Der Novize aus dem Keller hilft mir jetzt, die Kammern zu fegen.","지하에서 온 견습생이 이제 방 청소를 도와준다.","","False","Topic_ParlanFegen_5","",""
"Scripts/Content/Story/Log_Entries/LOG_Constants_Mattes.d:276","Der Novize vor der Kirche hilft mir, wenn ich ihm 50 Goldstücke gebe.","교회 밖에 있는 견습생에게 50개의 금화를 주면 청소를 도와줄 것이다.","","False","Topic_ParlanFegen_6","",""
"Scripts/Content/Story/Log_Entries/LOG_Constants_Mattes.d:277","Meister Parlan wünscht, das ich die vier Novizenkammern ausfege. Eine Aufgabe für die ich alleine bestimmt eine Ewigkeit brauche. ","파를란 사제님은 네 개의 견습생 방을 청소하기를 원하신다. 혼자서 하려면 영원히 걸릴지도 모르는 일이다. ","","False","Topic_ParlanFegen_7","",""
"Scripts/Content/Story/Log_Entries/LOG_Constants_Mattes.d:278","Der Novize vor der Kirche hilft mir jetzt, die Kammern zu fegen.","이제 교회 밖에 있는 견습생이 방 청소를 도와준다.","","False","Topic_ParlanFegen_8","",""
"Scripts/Content/Story/Log_Entries/LOG_Constants_Mattes.d:280","Wurst verteilen.","소시지 배분.","","False","Topic_GoraxEssen","",""
"Scripts/Content/Story/Log_Entries/LOG_Constants_Mattes.d:281","Meister Gorax wünscht, das ich die Schafswürste aus der Vorratskammer gerecht unter allen Novizen aufteile. Außer mir sind noch dreizehn weitere Novizen im Kloster.","고락스 사제님은 식료품 저장실의 양고기 소시지를 모든 견습생에게 공평하게 나누어 주기를 원하신다. 나를 제외하고 수도원에는 열세 명의 견습생이 더 있다.","","False","Topic_GoraxEssen_1","",""
"Scripts/Content/Story/Log_Entries/LOG_Constants_Mattes.d:283","Die Wein Lieferung.","포도주 배송.","","False","Topic_GoraxWein","",""
"Scripts/Content/Story/Log_Entries/LOG_Constants_Mattes.d:284","Meister Gorax wünscht, das ich Orlan, dem Wirt der Herberge, eine Lieferung von zwölf Flaschen Wein bringe. Der Preis dafür beträgt 240 Goldstücke.","고락스 사제님은 여관 주인인 오를란에게 포도주 열두 병을 배달해 주기를 원하신다. 가격은 240개의 금화이다.","","False","Topic_GoraxWein_1","",""
"Scripts/Content/Story/Log_Entries/LOG_Constants_Mattes.d:286","Ein Gebet für die Paladine.","팔라딘을 위한 기도.","","False","Topic_MardukBeten","",""
"Scripts/Content/Story/Log_Entries/LOG_Constants_Mattes.d:287","Meister Marduk hat keine Aufgabe für mich. Er sagte mir, ich sollte lieber ein Gebet für die Paladine sprechen.","마르두크 사제님은 내게 맡길 임무가 없다고 하셨다. 그보다는 팔라딘들을 위해 기도를 올리는 게 좋을 거라고 하셨다.","","False","Topic_MardukBeten_1","",""
"Scripts/Content/Story/Log_Entries/LOG_Constants_Mattes.d:290","Opolos und das Rezept","오폴로스와 레시피","","False","Topic_OpolosRezept","",""
"Scripts/Content/Story/Log_Entries/LOG_Constants_Mattes.d:291","Opolos will einen kurzen Blick auf ein Rezept zur Herstellung von Manatränken werfen. Wenn ich für Neoars arbeite, kann ich mir das vielleicht ausleihen.","오폴로스는 마나 포션을 만드는 레시피를 잠깐 보고 싶어 한다. 니오라스를 위해 일하고 있으니, 빌려 올 수 있을지도 모른다.","","False","Topic_OpolosRezept_1","",""
"Scripts/Content/Story/Log_Entries/LOG_Constants_Mattes.d:293","Kampftraining für Babo.","바보를 위한 전투 훈련.","","False","Topic_BaboTrain","",""
"Scripts/Content/Story/Log_Entries/LOG_Constants_Mattes.d:294","Sergio hat zugesagt, von nun an jeden Morgen mit Babo zwei Stunden zu trainieren. ","세르지오는 이제부터 매일 아침 바보와 두 시간 동안 훈련하기로 동의했다. ","","False","Topic_BaboTrain_1","",""
"Scripts/Content/Story/Log_Entries/LOG_Constants_Mattes.d:295","Wenn ich den Paladin Sergio überrede, mit Babo ein paar Kampfübungen durchzuführen, trainiert er mich im zweihändigen Kampf.","팔라딘 세르지오를 설득해 바보와 대련을 시켜주면, 그가 내게 양손 무기 전투를 가르쳐 줄 것이다.","","False","Topic_BaboTrain_2","",""
"Scripts/Content/Story/Log_Entries/LOG_Constants_Mattes.d:297","Ein Gang in die Stadt.","도시로의 짧은 외출","","False","Topic_KarrasCharm","",""
"Scripts/Content/Story/Log_Entries/LOG_Constants_Mattes.d:298","Meister Karras schickt mich in die Stadt. Ich soll ihm drei der Spruchrollen besorgen, die Ignaz herstellt und verkauft.","카라스 사제님이 나를 도시로 보냈다. 이그나츠가 만들어서 파는 두루마리 중 세 개를 구해와야 한다.","","False","Topic_KarrasCharm_1","",""
"Scripts/Content/Story/Log_Entries/LOG_Constants_Mattes.d:301","Die Prüfung des Feuers","불의 시련","","False","TOPIC_FireContest","",""
"Scripts/Content/Story/Log_Entries/LOG_Constants_Mattes.d:302","Als Novize habe ich das Recht die Prüfung des Feuers zu fordern. Dabei wird mir jeder der drei Magier aus dem hohen Rat eine Prüfung stellen. Wenn ich sie bestehe, werde ich in den Kreis des Feuers aufgenommen.","견습생으로서 나에게는 불의 시련을 요구할 권리가 있다. 그러기 위해서는 최고 의회의 세 마법사 각자가 내게 시련을 내릴 것이다. 그것들을 통과하면 불의 서클에 받아들여질 것이다.","","False","TOPIC_FireContest_1","",""
"Scripts/Content/Story/Log_Entries/LOG_Constants_Mattes.d:303","Ich habe bei Pyrokar die Prüfung des Feuers gefordert. Jetzt muss ich die drei Aufgaben erfüllen, die mir der hohe Rat stellt.","파이로카에게 불의 시련을 요구했다. 이제 최고 의회가 내게 내린 세 가지 임무를 완수해야 한다.","","False","TOPIC_FireContest_2","",""
"Scripts/Content/Story/Log_Entries/LOG_Constants_Mattes.d:304","Wenn ich die Prüfung des Feuers fordern will, sollte ich mit Meister Pyrokar sprechen.","불의 시련을 요구하고 싶다면 파이로카 사제님과 대화해야 한다.","","False","TOPIC_FireContest_3","",""
"Scripts/Content/Story/Log_Entries/LOG_Constants_Mattes.d:306","Der lebende Fels.","살아있는 바위.","","False","TOPIC_Golem","",""
"Scripts/Content/Story/Log_Entries/LOG_Constants_Mattes.d:307","Serpentes hat mich seine Prüfung auferlegt. Ich soll den lebenden Fels finden, 'der einst gerufen' und soll ihn bezwingen. ","세르펜테스가 내게 시련을 부과했다. '한때 소환되었던' 살아있는 바위를 찾아 물리쳐야 한다. ","","False","TOPIC_Golem_1","",""
"Scripts/Content/Story/Log_Entries/LOG_Constants_Mattes.d:309","Die Rune des Feuers.","룬 제작","","False","TOPIC_Rune","",""
"Scripts/Content/Story/Log_Entries/LOG_Constants_Mattes.d:310","Hyglas ist bereit mir die Formel für die Feuerpfeil Rune beizubringen, wenn ich alle Rohstoffe zusammen habe.","모든 재료를 모으면 히글라스가 화염 화살 룬 제조법을 가르쳐 주겠다고 했다.","","False","TOPIC_Rune_1","",""
"Scripts/Content/Story/Log_Entries/LOG_Constants_Mattes.d:311","Ich habe eine Feuerpfeil - Rune hergestellt.","화염 화살 룬을 제작했다.","","False","TOPIC_Rune_2","",""
"Scripts/Content/Story/Log_Entries/LOG_Constants_Mattes.d:312","Ulthar hat mir seine Prüfung auferlegt. Ich soll eine Feuerpfeil Rune erschaffen.","울타르가 내게 시련을 내렸다. 화염 화살 룬을 하나 만들어야 한다.","","False","TOPIC_Rune_3","",""
"Scripts/Content/Story/Log_Entries/LOG_Constants_Mattes.d:314","Der Pfad der Gläubigen.","신앙인의 길","","False","TOPIC_Schnitzeljagd","",""
"Scripts/Content/Story/Log_Entries/LOG_Constants_Mattes.d:315","Pyrokar stellt mich vor die Prüfung der Magie. Die gleiche Prüfung, die auch den erwählten Noivzen, Ulf, Igaraz und Agon auferlegt wurde. ","파이로카가 내게 마법의 시련을 내리고 있다. 선택받은 견습생들인 울프, 이가라즈, 아곤에게 부과되었던 것과 같은 시련이다. ","","False","TOPIC_Schnitzeljagd_1","",""
"Scripts/Content/Story/Log_Entries/LOG_Constants_Mattes.d:316"," Ich soll den Zeichen Innos folgen und ihm das bringen 'was der Gläubige hinter dem Pfad findet'. Dazu hat er mir einen Schlüssel gegeben."," 이노스의 표식을 따라가서 '신앙인이 길 뒤편에서 발견하는 것'을 가져와야 한다. 그를 위해 열쇠도 주었다.","","False","TOPIC_Schnitzeljagd_2","",""
"Scripts/Content/Story/Log_Entries/LOG_Constants_Mattes.d:319","Babo und der Kräutergarten.","바보와 약초 정원.","","False","Topic_BaboGaertner","",""
"Scripts/Content/Story/Log_Entries/LOG_Constants_Mattes.d:320","Babo würde lieber im Kräutergarten arbeiten, als den Hof zu fegen.","바보는 마당을 쓸기보다는 약초 정원에서 일하고 싶어 한다.","","False","Topic_BaboGaertner_1","",""
"Scripts/Content/Story/Log_Entries/LOG_Constants_Mattes.d:322","Dyrian's Vergehen.","디리안의 죄.","","False","Topic_DyrianDrin","",""
"Scripts/Content/Story/Log_Entries/LOG_Constants_Mattes.d:323","Dyrian hat mir eine Schlaf - Spruchrolle gegeben. Dafür will er, das ich mich dafür einsetze, das er im Kloster bleiben darf, falls ich Magier werde. ","디리안이 수면 두루마리를 주었다. 그 대가로 내가 마법사가 된다면 그가 수도원에 남을 수 있도록 힘써 달라고 한다. ","","False","Topic_DyrianDrin_1","",""
"Scripts/Content/Story/Log_Entries/LOG_Constants_Mattes.d:325","Opolos und die Bibliothek.","오폴로스와 도서관","","False","Topic_OpolosStudy","",""
"Scripts/Content/Story/Log_Entries/LOG_Constants_Mattes.d:326","Opolos hütet die Schafe. Er würde gerne die Shcriften in der Bibliothek studieren. ","오폴로스는 양들을 지키고 있다. 그는 도서관의 문서를 공부하고 싶어 한다. ","","False","Topic_OpolosStudy_1","",""
"Scripts/Content/Story/Log_Entries/LOG_Constants_Mattes.d:329","Händler im Kloster.","수도원의 상인.","","False","Topic_KlosterTrader","",""
"Scripts/Content/Story/Log_Entries/LOG_Constants_Mattes.d:330","Meister Isgaroth handelt mit nützlichen, magischen Gegenständen, am Schrein vor dem Kloster.","이스가로스 사제님은 수도원 앞 성단에서 유용한 마법 물품들을 거래한다.","","False","Topic_KlosterTrader_1","",""
"Scripts/Content/Story/Log_Entries/LOG_Constants_Mattes.d:331","Meister Gorax kann mich im Kloster mit allem versorgen, was ich benötige.","고락스 사제님은 수도원에서 내가 필요한 모든 것을 공급해 줄 수 있다.","","False","Topic_KlosterTrader_2","",""
"Scripts/Content/Story/Log_Entries/LOG_Constants_Mattes.d:332","Meister Karras kann mich im Kloster mit Spruchrollen versorgen. Allerdings muss ich Magier des Feuers sein.","카라스 사제님은 수도원에서 마법 두루마리를 공급해 주실 수 있다. 하지만 그러려면 내가 불의 마법사여야 한다.","","False","Topic_KlosterTrader_3","",""
"Scripts/Content/Story/Log_Entries/LOG_Constants_Mattes.d:334","Lehrer im Kloster.","수도원의 스승들.","","False","Topic_KlosterTeacher","",""
"Scripts/Content/Story/Log_Entries/LOG_Constants_Mattes.d:335","Opolos kann mir dabei helfen, stärker zu werden.","오폴로스이(가) 내가 강해지도록 도와줄 수 있다.","","False","Topic_KlosterTeacher_1","",""
"Scripts/Content/Story/Log_Entries/LOG_Constants_Mattes.d:336","In den sechsten Kreis der Magie wird Meister Pyrokar mich einweihen.","파이로카 스승님이 나를 제6 마법 서클로 인도해 주실 것이다.","","False","Topic_KlosterTeacher_2","",""
"Scripts/Content/Story/Log_Entries/LOG_Constants_Mattes.d:337","Babo kann mich im zweihändigen Kampf trainieren.","바보이(가) 양손무기 전투술을 훈련시켜 줄 수 있다.","","False","Topic_KlosterTeacher_3","",""
"Scripts/Content/Story/Log_Entries/LOG_Constants_Mattes.d:338","Bruder Parlan wird mich in die ersten Kreise der Magie einweihen.","파를란 형제가 나를 첫 번째 마법 서클로 인도해 줄 것이다.","","False","Topic_KlosterTeacher_4","",""
"Scripts/Content/Story/Log_Entries/LOG_Constants_Mattes.d:339","Bruder Karras unterrichtet die Formeln der Beschwörungen und Anrufungen.","카라스 형제가 소환과 기원의 공식을 가르친다.","","False","Topic_KlosterTeacher_5","",""
"Scripts/Content/Story/Log_Entries/LOG_Constants_Mattes.d:340","Bruder Hyglas kann mich in die Geheimnisse des Feuers einweihen.","히글라스 형제가 불의 비밀을 가르쳐 줄 수 있다.","","False","Topic_KlosterTeacher_6","",""
"Scripts/Content/Story/Log_Entries/LOG_Constants_Mattes.d:341","Bruder Marduk kann mir die Mächte von Eis und Donner beibringen.","마르두크 형제가 얼음과 천둥의 힘을 가르쳐 줄 수 있다.","","False","Topic_KlosterTeacher_7","",""
"Scripts/Content/Story/Log_Entries/LOG_Constants_Mattes.d:342","Bruder Parlan unterrichtet verschiedene, andere Formeln.","파를란 형제가 다양한 기타 공식을 가르친다.","","False","Topic_KlosterTeacher_8","",""
"Scripts/Content/Story/Log_Entries/LOG_Constants_Mattes.d:343","Meister Parlan kann mir dabei helfen, meine magische Kraft zu steigern.","파를란 스승님이 내 마법력을 높이는 데 도움을 줄 수 있다.","","False","Topic_KlosterTeacher_9","",""
"Scripts/Content/Story/Log_Entries/LOG_Constants_Mattes.d:344","Bruder Parlan hat mich die ersten drei Kreise gelehrt. In die nächsten Kreise wird mich Bruder Karras geleiten.","파를란 형제가 처음 세 서클을 가르쳐 주었다. 다음 서클들은 카라스 형제가 인도해 줄 것이다.","","False","Topic_KlosterTeacher_10","",""
"Scripts/Content/Story/Log_Entries/LOG_Constants_Mattes.d:347","Aufnahme bei den Söldnern.","용병 가입.","","False","TOPIC_BecomeSLD","",""
"Scripts/Content/Story/Log_Entries/LOG_Constants_Mattes.d:349","Um bei den Söldnern aufgenommen zu werden, brauche ich das Einverständnis von Onar, wenn ich die Söldner überzeugt habe.","용병으로 받아들여지려면, 용병들을 설득한 후에 오나르의 승낙을 받아야 한다.","","False","TOPIC_BecomeSLD_1","",""
"Scripts/Content/Story/Log_Entries/LOG_Constants_Mattes.d:350","Um bei den Söldnern aufgenommen zu werden, wird Torlof mich auf die Probe stellen und ich muss mir den Respekt der anderen Söldner verdienen.","용병으로 받아들여지려면 토를로프의 시험을 통과하고 다른 용병들의 존경을 얻어야 한다.","","False","TOPIC_BecomeSLD_2","",""
"Scripts/Content/Story/Log_Entries/LOG_Constants_Mattes.d:351","Jetzt muss ich nur noch das Einverständnis von Onar einholen.","이제 오나르의 승낙만 받으면 된다.","","False","TOPIC_BecomeSLD_3","",""
"Scripts/Content/Story/Log_Entries/LOG_Constants_Mattes.d:352","Onar hat mir sein Einverständnis gegeben. Jetzt steht meiner Aufnahme bei den Söldnern nichts mehr im Weg.","오나르가 승낙했다. 이제 용병이 되는 데 아무런 방해가 없다.","","False","TOPIC_BecomeSLD_4","",""
"Scripts/Content/Story/Log_Entries/LOG_Constants_Mattes.d:353","Die Aufgabe, die Torlof mir gestellt hat, habe ich erfüllt.","토를로프가 내게 준 임무를 완수했다.","","False","TOPIC_BecomeSLD_5","",""
"Scripts/Content/Story/Log_Entries/LOG_Constants_Mattes.d:354","Ich habe genug Respekt bei den Söldnern. Jetzt sollte ich mal mit Lee sprechen.","용병들에게 충분한 존경을 얻었다. 이제 리와 이야기를 나눠야겠다.","","False","TOPIC_BecomeSLD_6","",""
"Scripts/Content/Story/Log_Entries/LOG_Constants_Mattes.d:356","Pacht eintreiben","소작료 징수","","False","TOPIC_TorlofPacht","",""
"Scripts/Content/Story/Log_Entries/LOG_Constants_Mattes.d:357","Torlof hat mich beauftragt, die Pacht vom Bauer Sekob einzutreiben. Es sind 50 Goldstücke die er zahlen soll.","토를로프가 농부 세코브에게서 소작료를 받아오라고 지시했다. 그가 지불해야 할 금액은 금화 50닢이다.","","False","TOPIC_TorlofPacht_1","",""
"Scripts/Content/Story/Log_Entries/LOG_Constants_Mattes.d:359","Miliz vertreiben","민병대 쫓아내기","","False","TOPIC_TorlofMiliz","",""
"Scripts/Content/Story/Log_Entries/LOG_Constants_Mattes.d:360","Torlof hat mich beauftragt, die Miliz von Bauer Bengars Hof zu vertreiben. Der Hof liegt auf der Hochebene.","토를로프가 농부 벵가의 농장에서 민병대를 쫓아내 달라고 요청했다. 농장은 고원에 있다.","","False","TOPIC_TorlofMiliz_1","",""
"Scripts/Content/Story/Log_Entries/LOG_Constants_Mattes.d:362","Respekt der Söldner.","용병들의 존경.","","False","TOPIC_SLDRespekt","",""
"Scripts/Content/Story/Log_Entries/LOG_Constants_Mattes.d:363","Cord's Stimme habe ich im Sack.","코르드의 지지는 확실하다.","","False","TOPIC_SLDRespekt_1","",""
"Scripts/Content/Story/Log_Entries/LOG_Constants_Mattes.d:364","Rod' Stimme habe ich, wenn ich mich den Söldnern anschließen will.","용병들에 합류하려 하면 로드의 지지를 받을 수 있다.","","False","TOPIC_SLDRespekt_2","",""
"Scripts/Content/Story/Log_Entries/LOG_Constants_Mattes.d:365","Jarvis stimmt für mich, wenn ich mich den Söldnern anschließen will.","용병들에 합류하려 하면 자비스가 나를 지지할 것이다.","","False","TOPIC_SLDRespekt_3","",""
"Scripts/Content/Story/Log_Entries/LOG_Constants_Mattes.d:366","Cipher stimmt für mich, wenn ich mich den Söldnern anschließe.","용병들에 합류하면 사이퍼가 나를 지지할 것이다.","","False","TOPIC_SLDRespekt_4","",""
"Scripts/Content/Story/Log_Entries/LOG_Constants_Mattes.d:367","Nachdem ich Buster besiegt habe, hat er nichts dagegen einzuwenden, das ich mich den Söldnern anschließe.","버스터를 쓰러뜨렸으므로, 그도 내가 용병에 가입하는 것에 반대하지 않는다.","","False","TOPIC_SLDRespekt_5","",""
"Scripts/Content/Story/Log_Entries/LOG_Constants_Mattes.d:368","Wolf hat nichts dagegen einzuwenden, das ich mich den Söldnern anschließe.","울프도 내가 용병에 가입하는 것에 반대하지 않는다.","","False","TOPIC_SLDRespekt_6","",""
"Scripts/Content/Story/Log_Entries/LOG_Constants_Mattes.d:369","Raoul hat nichts dagegen, dass ich mich den Söldnern anschließe.","라오울도 내가 용병에 가입하는 것에 반대하지 않는다.","","False","TOPIC_SLDRespekt_7","",""
"Scripts/Content/Story/Log_Entries/LOG_Constants_Mattes.d:370","Damit die Söldner mich respektieren, sollte ich die Aufgabe erledigen, die Torlof mir stellt. Zudem werden die Söldner von mir überzeugt sein, wenn ich ihnen helfe oder sie im Duell besiege.","용병들이 나를 존경하게 만들려면 토를로프가 준 임무를 완수해야 한다. 그들을 돕거나 결투에서 승리해도 그들의 마음을 얻을 수 있다.","","False","TOPIC_SLDRespekt_8","",""
"Scripts/Content/Story/Log_Entries/LOG_Constants_Mattes.d:371","Die Duellregeln: Ein Duell muss durch eine Herausforderung begonnen werden, dann wird sich auch kein anderer einmischen. Beim Duell darf nicht getötet werden.","결투 규칙: 결투는 반드시 도발로 시작해야 하며, 그래야 다른 이가 끼어들지 않는다. 결투 중 살해는 금지된다.","","False","TOPIC_SLDRespekt_9","",""
"Scripts/Content/Story/Log_Entries/LOG_Constants_Mattes.d:372","Sentenza hat nichts dagegen, daß ich mich den Söldnern anschließe.","센텐자도 내가 용병에 가입하는 것에 반대하지 않는다.","","False","TOPIC_SLDRespekt_10","",""
"Scripts/Content/Story/Log_Entries/LOG_Constants_Mattes.d:374","Mit freundlichen Grüßen.","자비스의 도전","","False","TOPIC_JarvisSLDKo","",""
"Scripts/Content/Story/Log_Entries/LOG_Constants_Mattes.d:375","Jarvis will das ich ein paar von Sylvios Jungs umhaue, damit ich seine Stimme kriege.","자비스는 그의 지지를 얻으려면 실비오의 부하 몇 명을 쓰러뜨려 달라고 한다.","","False","TOPIC_JarvisSLDKo_1","",""
"Scripts/Content/Story/Log_Entries/LOG_Constants_Mattes.d:376","Dazu muss ich mich nicht mal an die Duellregeln halten...","결투 규칙을 엄격히 지킬 필요도 없다...","","False","TOPIC_JarvisSLDKo_2","",""
"Scripts/Content/Story/Log_Entries/LOG_Constants_Mattes.d:377","Zu Sylvios Männern zählen: Sylvio, seine rechte Hand Bullco, Rod, Sentenza, Fester und Raoul.","실비오의 부하들: 실비오, 그의 오른팔 불코, 로드, 센텐자, 페스터 그리고 라오울.","","False","TOPIC_JarvisSLDKo_3","",""
"Scripts/Content/Story/Log_Entries/LOG_Constants_Mattes.d:378","Es reicht, wenn ich drei von Sylvios Männern zu Boden schicke. mit Sylvio selbst, sollte ich mich besser nicht anlegen.","실비오의 부하 중 세 명만 쓰러뜨리면 충분하다. 실비오 본인과는 엮이지 않는 게 좋다.","","False","TOPIC_JarvisSLDKo_4","",""
"Scripts/Content/Story/Log_Entries/LOG_Constants_Mattes.d:380","Kampfkunst","전투술","","False","TOPIC_CordProve","",""
"Scripts/Content/Story/Log_Entries/LOG_Constants_Mattes.d:381","Cord wird mir seine Stimme geben, wenn ich ein besserer Kämpfer bin.","내가 더 뛰어난 전사가 되면 코르드가 지지해 줄 것이다.","","False","TOPIC_CordProve_1","",""
"Scripts/Content/Story/Log_Entries/LOG_Constants_Mattes.d:383","Für ein paar Stengel Kraut.","약초 한 줌을 위해","","False","Topic_CipherHerb","",""
"Scripts/Content/Story/Log_Entries/LOG_Constants_Mattes.d:384","Cipher gibt mir seine Stimme, wenn ich ihm ein paar Stengel Sumpfkraut bringe.","사이퍼에게 늪초 줄기를 가져다주면 지지해 줄 것이다.","","False","Topic_CipherHerb_1","",""
"Scripts/Content/Story/Log_Entries/LOG_Constants_Mattes.d:386","Das Krautpaket","초 포장","","False","Topic_CipherPaket","",""
"Scripts/Content/Story/Log_Entries/LOG_Constants_Mattes.d:387","Dar hat zugegeben, das er das Krautpaket gestohlen hat. Er hat es im Hafenviertel von Khorinis verkauft, in der Nähe des Bootsbauers.","다르는 자신이 초 포장을 훔쳤음을 시인했다. 그는 그것을 코리니스의 항구 구역, 조선공 근처에서 팔았다.","","False","Topic_CipherPaket_1","",""
"Scripts/Content/Story/Log_Entries/LOG_Constants_Mattes.d:388","Dem Söldner Cipher ist ein Paket mit Sumpfkraut abhanden gekommen.","용병 사이퍼가 늪초 포장을 잃어버렸다.","","False","Topic_CipherPaket_2","",""
"Scripts/Content/Story/Log_Entries/LOG_Constants_Mattes.d:389","Er vermutet, das Bodo es gestohlen hat.","그는 보도가 그것을 훔쳤다고 의심하고 있다.","","False","Topic_CipherPaket_3","",""
"Scripts/Content/Story/Log_Entries/LOG_Constants_Mattes.d:391","Rod's Schwert","로드의 검","","False","Topic_RodWette","",""
"Scripts/Content/Story/Log_Entries/LOG_Constants_Mattes.d:392","Der Söldner Rod glaubt, das ich es nicht schaffe, sein Schwert hochzuhalten. ","용병 로드는 내가 그의 검을 들어 올리지 못할 것이라 생각한다. ","","False","Topic_RodWette_1","",""
"Scripts/Content/Story/Log_Entries/LOG_Constants_Mattes.d:393","Rod wettet um 30 Goldstücke, das ich nicht sein Schwert hochhalten kann.","로드는 내가 그의 검을 들어 올릴 수 있는지에 대해 금화 30닢을 걸었다.","","False","Topic_RodWette_2","",""
"Scripts/Content/Story/Log_Entries/LOG_Constants_Mattes.d:395","Die Feldräuber","필드 레이더","","False","TOPIC_FesterRauber","",""
"Scripts/Content/Story/Log_Entries/LOG_Constants_Mattes.d:396","Ich werde zusammen mit Fester das Nest der Feldräuber angreifen.","나는 페스터와 함께 필드 레이더의 둥지를 공격할 것이다.","","False","TOPIC_FesterRauber_1","",""
"Scripts/Content/Story/Log_Entries/LOG_Constants_Mattes.d:398","Eintopf","스튜","","False","TOPIC_TheklaEintopf","",""
"Scripts/Content/Story/Log_Entries/LOG_Constants_Mattes.d:399","Wenn ich Thekla die Kräuter von der Heilerin Sagitta bringe, kocht sie mir noch einen Eintopf. Sagitta lebt hinter Sekob's Hof.","치유사 사기타에게서 약초를 가져다주면 테클라가 스튜를 더 끓여줄 것이다. 사기타는 세코브의 농장 뒤편에 산다.","","False","TOPIC_TheklaEintopf_1","",""
"Scripts/Content/Story/Log_Entries/LOG_Constants_Mattes.d:401","Die Sonnenaloe","태양 알로에","","False","TOPIC_SagittaHerb","",""
"Scripts/Content/Story/Log_Entries/LOG_Constants_Mattes.d:402","Sagitta braucht ein seltenes Kraut. Ein Sonnenaloe, die nur auf den Exkrementen eines schwarzen Trolls wächst.","사기타에게는 희귀한 약초가 필요하다. 블랙 트롤의 배설물에서만 자라는 태양 알로에다.","","False","TOPIC_SagittaHerb_1","",""
"Scripts/Content/Story/Log_Entries/LOG_Constants_Mattes.d:404","Vier Wölfe für Pepe.","페페를 위한 네 마리의 늑대.","","False","TOPIC_PepeWolves","",""
"Scripts/Content/Story/Log_Entries/LOG_Constants_Mattes.d:405","Pepe's Schafe werden von vier Wölfen bedroht. Die sollte ich vertreiben.","페페의 양들이 네 마리의 늑대에게 위협받고 있다. 녀석들을 쫓아내야 한다.","","False","TOPIC_PepeWolves_1","",""
"Scripts/Content/Story/Log_Entries/LOG_Constants_Mattes.d:407","Auf's Maul","불코의 엉덩이를 차기","","False","TOPIC_KickBullco","",""
"Scripts/Content/Story/Log_Entries/LOG_Constants_Mattes.d:408","Bullco hätte auf die Schafe von Pepe aufpassen sollen. Pepe wünscht sich, das ihm mal jemand ordentlich auf's Maul haut.","불코는 페페의 양들을 돌봐야 했다. 페페는 누군가 그 자식의 버릇을 단단히 고쳐놓기를 바란다.","","False","TOPIC_KickBullco_1","",""
"Scripts/Content/Story/Log_Entries/LOG_Constants_Mattes.d:410","Das Friedensangebot","평화 제의","","False","TOPIC_Frieden","",""
"Scripts/Content/Story/Log_Entries/LOG_Constants_Mattes.d:411","Lee schickt mich mit einem Friedensangebot zu Lord Hagen. Damit werde ich bei den Paladinen vorgelassen.","리는 나를 평화 제의와 함께 헤이건 경에게 보낸다. 이를 통해 팔라딘들을 만날 수 있을 것이다.","","False","Topic_Frieden_1","",""
"Scripts/Content/Story/Log_Entries/LOG_Constants_Mattes.d:412","Lord Hagen ist breit, Lee Aboslution zu erteilen. Aber keinem anderen der Söldner.","헤이건 경은 리를 사면할 용의가 있다. 하지만 다른 용병들은 예외다.","","False","Topic_Frieden_2","",""
"Scripts/Content/Story/Log_Entries/LOG_Constants_Mattes.d:422","Beweise","증거","","False","TOPIC_MISOLDWORLD","",""
"Scripts/Content/Story/Log_Entries/LOG_Constants_Mattes.d:423","Lord Hagen will, dass ich ihm Beweise für die Armee des Bösen bringe. Ich werde in's Minental aufbrechen und dort mit Komandant Garond sprechen.","헤이건 경은 악의 군대에 대한 증거를 가져오기를 원한다. 광산 계곡으로 향해 그곳의 지휘관 가론드와 이야기할 것이다.","","False","Topic_MISOLDWORLD_1","",""
"Scripts/Content/Story/Log_Entries/LOG_Constants_Mattes.d:424","Bevor Komandant Garond mich zurückschickt, will er das ich die drei Schürftruppen aufsuche und ihm davon berichte, wieviel Erz sie dort gelagert haben.","지휘관 가론드는 나를 돌려보내기 전에, 세 개의 광산 부대를 찾아가 그들이 광석을 얼마나 비축해 두었는지 보고해 달라고 한다.","","False","TOPIC_MISOLDWORLD_2","",""
"Scripts/Content/Story/Log_Entries/LOG_Constants_Mattes.d:425","Kommandant Garond hat mir einen Brief ausgehändigt. Das wird als Beweis reichen. Damit kann ich zu Lord Hagen zurückkehren.","지휘관 가론드가 내게 편지를 주었다. 이것으로 증거는 충분할 것이다. 이것을 들고 헤이건 경에게 돌아갈 수 있다.","","False","TOPIC_MISOLDWORLD_3","",""
"Scripts/Content/Story/Log_Entries/LOG_Constants_Mattes.d:427","Schürfer und Erz","광부들과 광석","","False","TOPIC_ScoutMine","",""
"Scripts/Content/Story/Log_Entries/LOG_Constants_Mattes.d:428","Die Schürfer von Fajeth haben bisher ZWEI Kisten Erz gefördert.","파예트의 광산 부대는 지금까지 광석 상자 두 개를 캐냈다.","","False","TOPIC_ScoutMine_1","",""
"Scripts/Content/Story/Log_Entries/LOG_Constants_Mattes.d:429","Kommandant Garond hat mir eine Aufgabe zugewiesen. Er hat drei Schürftrupps auf die Suche nach dem magischen Erz geschickt. Bisher haben sie nichts geliefert. ","지휘관 가론드가 내게 임무를 맡겼다. 그는 마법 광석을 찾기 위해 세 개의 광산 부대를 파견했다. 하지만 아직 아무것도 가져오지 않았다. ","","False","TOPIC_ScoutMine_2","",""
"Scripts/Content/Story/Log_Entries/LOG_Constants_Mattes.d:430","Ich soll die drei Schürftrupps aufsuchen und herausfinden, wieviel Erz sie gelagert haben.","세 개의 광산 부대를 찾아가 광석을 얼마나 비축해 두었는지 알아내야 한다.","","False","TOPIC_ScoutMine_3","",""
"Scripts/Content/Story/Log_Entries/LOG_Constants_Mattes.d:431","Der Paladin Parcival kann mich mit Informationen über die Schürfer versorgen.","팔라딘 파르시발이 광부들에 대한 정보를 줄 수 있다.","","False","TOPIC_ScoutMine_4","",""
"Scripts/Content/Story/Log_Entries/LOG_Constants_Mattes.d:432","Diego hat VIER Kisten Erz von Silvestro's Schürfern in Sicherheit gebracht.","디에고는 실베스트로의 광부들이 캔 광석 상자 네 개를 안전한 곳으로 옮겼다.","","False","TOPIC_ScoutMine_5","",""
"Scripts/Content/Story/Log_Entries/LOG_Constants_Mattes.d:433","Der Paladin Marcos bewacht in einem kleinen Tal VIER Kisten mit Erz.","팔라딘 마르코스가 작은 계곡에서 광석 상자 네 개를 지키고 있다.","","False","TOPIC_ScoutMine_6","",""
"Scripts/Content/Story/Log_Entries/LOG_Constants_Mattes.d:434","Die Schürfgruppen werden von jeweils einem Paladin angeführt. Marcos, Fajeth und Sivestro.","각 광산 부대는 팔라딘 한 명씩 이끌고 있다. 마르코스, 파예트 그리고 실베스트로.","","False","TOPIC_ScoutMine_7","",""
"Scripts/Content/Story/Log_Entries/LOG_Constants_Mattes.d:435","Die Gruppe von Marcos ist in Richtung der ehemaligen alten Mine aufgebrochen. Unter der ortskundigen Führung des Buddlers Grimes.","마르코스의 부대는 예전의 오래된 광산 쪽으로 향했다. 지리에 밝은 광부 그라임스가 길을 안내하고 있다.","","False","TOPIC_ScoutMine_8","",""
"Scripts/Content/Story/Log_Entries/LOG_Constants_Mattes.d:436","Die beiden anderen Gruppen sind zusammen losgezogen. Sie haben ihre Lager in der Nähe eines großen Turms errichtet.","나머지 두 부대는 함께 떠났다. 그들은 큰 탑 근처에 야영지를 구축했다.","","False","TOPIC_ScoutMine_9","",""
"Scripts/Content/Story/Log_Entries/LOG_Constants_Mattes.d:437","Diego ist bei den Schürfern unter dem Kommando von Paladin Silvestro.","디에고는 팔라딘 실베스트로가 지휘하는 광부들과 함께 있다.","","False","TOPIC_ScoutMine_10","",""
"Scripts/Content/Story/Log_Entries/LOG_Constants_Mattes.d:438","Es erscheint sinnvoll, nicht den direkten Weg zu den Schürfern zu nehmen. Vor allem Wälder und Orks sollte ich meiden.","광부들에게 곧바로 가는 것은 현명하지 못할 것이다. 특히 숲과 오크들은 피해야 한다.","","False","TOPIC_ScoutMine_11","",""
"Scripts/Content/Story/Log_Entries/LOG_Constants_Mattes.d:440","Unterstützung für Marcos.","마르코스를 위한 지원.","","False","Topic_MarcosJungs","",""
"Scripts/Content/Story/Log_Entries/LOG_Constants_Mattes.d:441","Marcos will, das Garond ihm Unterstützung schickt.","마르코스는 가론드가 지원병을 보내주기를 원한다.","","False","Topic_MarcosJungs_1","",""
"Scripts/Content/Story/Log_Entries/LOG_Constants_Mattes.d:443","Die Befreiung von Gorn.","곤 구출.","","False","TOPIC_RescueGorn","",""
"Scripts/Content/Story/Log_Entries/LOG_Constants_Mattes.d:444","Wenn ich Gerold eine Wurst, Brot, Wein und Honig bringe, wird er die Nachricht an Gorn weiterleiten.","게롤트에게 소시지, 빵, 포도주, 꿀을 가져다주면 곤에게 메시지를 전해줄 것이다.","","False","TOPIC_RescueGorn_1","",""
"Scripts/Content/Story/Log_Entries/LOG_Constants_Mattes.d:445","Gerold hat bekommen was er wollte und wird sich um die Nachricht kümmern.","게롤트는 원하는 것을 얻었으며 메시지를 처리할 것이다.","","False","TOPIC_RescueGorn_2","",""
"Scripts/Content/Story/Log_Entries/LOG_Constants_Mattes.d:446","Gorn läßt uns ausrichten, das sein Gold am Südtor liegt.","곤의 말에 따르면 그의 금은 남문 쪽에 있다고 한다.","","False","TOPIC_RescueGorn_3","",""
"Scripts/Content/Story/Log_Entries/LOG_Constants_Mattes.d:447","Gerold hat mir den Schlüssel für den Knast gegeben.","게롤트가 감옥 열쇠를 주었다.","","False","TOPIC_RescueGorn_4","",""
"Scripts/Content/Story/Log_Entries/LOG_Constants_Mattes.d:448","Garond verlangt eintausend Goldstücke für die Freilassung von Gorn.","가론드는 곤을 석방하는 대가로 금화 천 닢을 요구한다.","","False","TOPIC_RescueGorn_5","",""
"Scripts/Content/Story/Log_Entries/LOG_Constants_Mattes.d:449","Ich habe Garond bezahlt. Jetzt kann ich Gorn aus dem Knast holen. Der Wächter Gerold wird ihn freilassen. ","가론드에게 대금을 지불했다. 이제 감옥에서 곤을 꺼낼 수 있다. 수호자 게롤트가 그를 풀어줄 것이다. ","","False","TOPIC_RescueGorn_6","",""
"Scripts/Content/Story/Log_Entries/LOG_Constants_Mattes.d:450","Diego hat 300 Goldstücke zur Befreiung von Gorn beigetragen.","디에고가 곤을 구하기 위해 금화 300닢을 보탰다.","","False","TOPIC_RescueGorn_7","",""
"Scripts/Content/Story/Log_Entries/LOG_Constants_Mattes.d:451","Kommandant Garond hat Gorn einsperren lassen. Vielleicht läßt er sich auf ein Geschäft ein und wir können ihn freikaufen.","지휘관 가론드가 곤을 감옥에 가두었다. 거래를 통해 돈을 주고 그를 빼낼 수 있을지도 모른다.","","False","TOPIC_RescueGorn_8","",""
"Scripts/Content/Story/Log_Entries/LOG_Constants_Mattes.d:452","Milten hat mir 250 Goldstücke für die Befreiung von Gorn gegeben.","밀튼이 곤의 석방 비용으로 금화 250닢을 주었다.","","False","TOPIC_RescueGorn_9","",""
"Scripts/Content/Story/Log_Entries/LOG_Constants_Mattes.d:453","Milten hat mir eine Nachricht für Gorn mitgegeben. Wenn ich sie in den Knast schmuggeln kann, kann er uns vielleicht mitteilen, ob er noch irgendwo Gold versteckt hat.","밀튼이 곤에게 전할 메시지를 주었다. 이것을 감옥으로 몰래 들여보낼 수 있다면, 어딘가에 숨겨둔 금이 있는지 알아낼 수 있을지도 모른다.","","False","TOPIC_RescueGorn_10","",""
"Scripts/Content/Story/Log_Entries/LOG_Constants_Mattes.d:454","Rechts neben der Orkramme ist das ehemalige Südtor. Dort liegt irgendwo Gorn's Gold.","오크 공성퇴 바로 오른쪽이 예전의 남문이다. 곤의 금은 그 근처 어딘가에 있다.","","False","TOPIC_RescueGorn_11","",""
"Scripts/Content/Story/Log_Entries/LOG_Constants_Mattes.d:456","Snapperjagd","스내퍼 사냥","","False","TOPIC_FajethKillSnapper","",""
"Scripts/Content/Story/Log_Entries/LOG_Constants_Mattes.d:457","Fajeth hat mich beauftragt die Snapper zu jagen, die seit Tagen um das Lager streifen.","파예트는 며칠 동안 야영지 주변을 배회하는 스내퍼들을 사냥해 달라고 지시했다.","","False","TOPIC_FajethKillSnapper_1","",""
"Scripts/Content/Story/Log_Entries/LOG_Constants_Mattes.d:458","Bilgot hat mir von einem Rudelführer der Snapper berichtet. Er hält sich am Aufgang zum alten Wachturm auf.","빌고트가 스내퍼 무리 우두머리에 대해 말해 주었다. 녀석은 오래된 망루로 올라가는 길목에 있다고 한다.","","False","TOPIC_FajethKillSnapper_2","",""
"Scripts/Content/Story/Log_Entries/LOG_Constants_Mattes.d:460","Fleisch.","고기.","","False","TOPIC_BringMeat","",""
"Scripts/Content/Story/Log_Entries/LOG_Constants_Mattes.d:461","Engor braucht zwei Dutzend Fleisch für die Versorgung der Männer.","엔고르는 부하들을 먹일 고기 두 다즌이 필요하다.","","False","TOPIC_BringMeat_1","",""
"Scripts/Content/Story/Log_Entries/LOG_Constants_Mattes.d:462","Dabei spielt es keine Rolle, ob Würste, Schinken, gebratenes oder rohes Fleisch. Hauptsache, die Jungs kriegen wieder was Anständiges zwischen die Zähne ","소시지, 햄, 구운 고기나 날고기 중 무엇이든 상관없다. 부하들이 제대로 된 음식을 먹을 수만 있다면 된다. ","","False","TOPIC_BringMeat_2","",""
"Scripts/Content/Story/Log_Entries/LOG_Constants_Mattes.d:463","Engor hat das Fleisch bekommen. Er wird dafür sorgen, das es unter den Männern verteilt wird.","엔고르가 고기를 받았다. 그는 그것을 부하들에게 나눠줄 것이다.","","False","TOPIC_BringMeat_3","",""
"Scripts/Content/Story/Log_Entries/LOG_Constants_Mattes.d:465","Gold für Brutus.","브루투스를 위한 금.","","False","TopicBrutusKasse","",""
"Scripts/Content/Story/Log_Entries/LOG_Constants_Mattes.d:466","Brutus Partner Den ist mit 200 Gold und einigem Schmuck durchgebrannt. Wenn ich ihm 200 Goldstücke bringe, wird er mir dabei helfen, stärker zu werden.","브루투스의 동업자 덴이 금 200닢과 약간의 장신구를 들고 도망쳤다. 그에게 금 200닢을 가져다주면, 내가 강해지도록 도와줄 것이다.","","False","TopicBrutusKasse_1","",""
"Scripts/Content/Story/Log_Entries/LOG_Constants_Mattes.d:467","Den wollte versuchen den Pass zu überqueren.","덴은 통행을 시도하려 했다.","","False","TopicBrutusKasse_2","",""
"Scripts/Content/Story/Log_Entries/LOG_Constants_Mattes.d:469","Tengron's Ring","텐그론의 반지","","False","Topic_TengronRing","",""
"Scripts/Content/Story/Log_Entries/LOG_Constants_Mattes.d:470","Tengron hat mir einen Ring gegeben, den ich Udar in der Burg übergeben soll. ","텐그론이 성에 있는 우다르에게 전해달라며 내게 반지를 주었다. ","","False","Topic_TengronRing_1","",""
"Scripts/Content/Story/Log_Entries/LOG_Constants_Mattes.d:472","Schlechte Nachricht.","나쁜 메시지.","","False","Topic_OricBruder","",""
"Scripts/Content/Story/Log_Entries/LOG_Constants_Mattes.d:473","Wenn ich in der Burg bin, soll ich Oric davon berichten, das sein Bruder oben am Pass gefallen ist.","성공에 들어가면, 오릭에게 그의 형이 통행로에서 전사했다는 소식을 전해야 한다.","","False","Topic_OricBruder_1","",""
"Scripts/Content/Story/Log_Entries/LOG_Constants_Mattes.d:475","Bilgot´s Flucht.","빌고트의 탈출.","","False","TOPIC_BilgotEscort","",""
"Scripts/Content/Story/Log_Entries/LOG_Constants_Mattes.d:476","Bilgot will, das ich ihn aus dem Tal bringe.","빌고트는 내가 자신을 계곡 밖으로 데려다주기를 원한다.","","False","TOPIC_BilgotEscort_1","",""
"Scripts/Content/Story/Log_Entries/LOG_Constants_Mattes.d:478","Die Botschaft","전언","","False","TOPIC_Botschaft","",""
"Scripts/Content/Story/Log_Entries/LOG_Constants_Mattes.d:479","Vatras hat mir eine Botschaft für Meister Isgaroth gegeben. Er wacht am Schrein vor dem Kloster.","바트라스가 이스가로스 스승님에게 전할 전언을 주었다. 그는 수도원 앞 성소에 있다.","","False","TOPIC_Botschaft_1","",""
"Scripts/Content/Story/Log_Entries/LOG_Constants_Mattes.d:481","Snapperkrallen","스내퍼의 발톱","","False","TOPIC_Lutero","",""
"Scripts/Content/Story/Log_Entries/LOG_Constants_Mattes.d:482","Der Händler Lutero sucht nach Krallen eines besonders mächtigen Snappers.","상인 루테로는 특히 강력한 스내퍼의 발톱을 찾고 있다.","","False","Topic_Lutero_1","",""
"Scripts/Content/Story/Log_Entries/LOG_Constants_Mattes.d:484","Fernando's Geschäfte.","페르난도의 사업.","","False","TOPIC_Fernando","",""
"Scripts/Content/Story/Log_Entries/LOG_Constants_Mattes.d:485","Der Händler Fernando will wissen, wie es um das Erz im Minental steht.","상인 페르난도는 광산 계곡의 광석 상황이 어떻게 돌아가는지 알고 싶어 한다.","","False","TOPIC_Fernando_1","",""
"Scripts/Content/Story/Log_Entries/LOG_Constants_Mattes.d:486","Fernando will die Infos nicht mehr. Und ich werde auch den Lohn nicht mehr kriegen.","페르난도는 더 이상 정보를 원하지 않는다. 그리고 나도 보수를 받을 수 없게 되었다.","","False","TOPIC_Fernando_2","",""
"Scripts/Content/Story/Log_Entries/LOG_Constants_Mattes.d:489","Rückkehr zum Turm.","탑으로의 귀환.","","False","TOPIC_PyrokarClearDemonTower","",""
"Scripts/Content/Story/Log_Entries/LOG_Constants_Mattes.d:490","In Xardas Turm geschehen seltsame Dinge. Wenn ich mich darum kümmere, kann ich Jorgen mitnehmen.","자다스의 탑에서 이상한 일들이 벌어지고 있다. 그 문제를 해결하면 요르겐을 데려갈 수 있다.","","False","TOPIC_PyrokarClearDemonTower_1","",""
"Scripts/Content/Story/Log_Entries/LOG_Constants_Mattes.d:492","Kraft der Gestirne.","별들의 힘.","","False","TOPIC_HyglasBringBook","",""
"Scripts/Content/Story/Log_Entries/LOG_Constants_Mattes.d:493","Ich soll Hyglas das Buch 'Göttliche Kraft der Gestirne' besorgen. Ich soll bei den Händlern in der Stadt suchen.","히글라스에게 '별들의 신성한 힘'이라는 책을 구해다 주어야 한다. 도시의 상인들을 찾아봐야겠다.","","False","TOPIC_HyglasBringBook_1","",""
"Scripts/Content/Story/Log_Entries/LOG_Constants_Mattes.d:495","Dokumente.","문서.","","False","Topic_BabosDocs","",""
"Scripts/Content/Story/Log_Entries/LOG_Constants_Mattes.d:496","Der Novize Babo wird von Igaraz aufgrund einiger Dokumente erpresst.","견습생 바보는 일라가즈에게 어떤 문서로 인해 협박을 받고 있다.","","False","Topic_BabosDocs_1","",""
"Scripts/Content/Story/Log_Entries/LOG_Constants_Mattes.d:498","Die Crawler - Rüstung","마물 껍질 방어구","","False","TOPIC_Wolf_BringCrawlerPlates","",""
"Scripts/Content/Story/Log_Entries/LOG_Constants_Mattes.d:499","Aus 10 Crawlerplatten kann Wolf mir eine Rüstung herstellen.","10개의 마물 껍질로 울프가 나에게 방어구를 만들어 줄 수 있다.","","False","TOPIC_Wolf_BringCrawlerPlates_1","",""
"Scripts/Content/Story/Log_Entries/LOG_Constants_Mattes.d:501","Diegos Gold.","디에고의 금.","","False","TOPIC_HelpDiegoNW","",""
"Scripts/Content/Story/Log_Entries/LOG_Constants_Mattes.d:502","Diego's Gold liegt im Minental. Er braucht es, um ins obere Viertel zu kommen und er schickt mich, es zu holen.","디에고의 금은 광산 계곡에 있다. 그는 상층 구역으로 가기 위해 그것이 필요하며, 나를 보내 찾아오게 했다.","","False","TOPIC_HelpDiegoNW_1","",""
"Scripts/Content/Story/Log_Entries/LOG_Constants_Mattes.d:503","Diegos Gold liegt irgendwo am alten Austauschplatz, wo früher die Waren per Seilbahn in die Kolonie gebracht wurden, oberhalb der verlassenen Mine.","디에고의 금은 예전에 케이블카로 화물을 콜로니에 들여보내던 옛 교역소 근처, 버려진 광산 위쪽에 숨겨져 있다.","","False","TOPIC_HelpDiegoNW_2","",""
"Scripts/Content/Story/Log_Entries/LOG_Constants_Mattes.d:505","Diegos Geschäft.","디에고의 사업.","","False","TOPIC_DiegosResidence","",""
"Scripts/Content/Story/Log_Entries/LOG_Constants_Mattes.d:506","Diego hat mir einen Brief für den Händler Gerbrandt gegeben.","디에고가 상인 게르브란트에게 전할 편지를 주었다.","","False","TOPIC_DiegosResidence_1","",""
"Scripts/Content/Story/Log_Entries/LOG_Constants_Notes.d:7","Händler in der Burg.","성채 안의 상인.","","False","TOPIC_Trader_OC","",""
"Scripts/Content/Story/Log_Entries/LOG_Constants_Notes.d:8","Tandor handelt mit Waffen in der Burg.","탄도르는 성채에서 무기를 거래한다.","","False","TOPIC_Trader_OC_1","",""
"Scripts/Content/Story/Log_Entries/LOG_Constants_Notes.d:9","Tandor handelt mit Waffen in der Burg.","탄도르는 성채에서 무기를 거래한다.","","False","TOPIC_Trader_OC_2","",""
"Scripts/Content/Story/Log_Entries/LOG_Constants_Notes.d:10","Tandor handelt mit Waffen in der Burg.","탄도르는 성채에서 무기를 거래한다.","","False","TOPIC_Trader_OC_3","",""
"Scripts/Content/Story/Log_Entries/LOG_Constants_Notes.d:11","Engor verwaltet die Vorräte der Burg und macht nebenher Geschäfte.","엔고르는 성채의 보급품을 관리하며 틈틈이 장사를 한다.","","False","TOPIC_Trader_OC_4","",""
"Scripts/Content/Story/Log_Entries/LOG_Constants_Notes.d:12","Tandor handelt mit Waffen in der Burg.","탄도르는 성채에서 무기를 거래한다.","","False","TOPIC_Trader_OC_5","",""
"Scripts/Content/Story/Log_Entries/LOG_Constants_Notes.d:13","Sengrath verkauft Spruchrollen in der Burg.","센그라트는 성채에서 주문 두루마리를 파는다.","","False","TOPIC_Trader_OC_6","",""
"Scripts/Content/Story/Log_Entries/LOG_Constants_Notes.d:14","Engor verwaltet die Vorräte der Burg und macht nebenher Geschäfte.","엔고르는 성채의 보급품을 관리하며 틈틈이 장사를 한다.","","False","TOPIC_Trader_OC_7","",""
"Scripts/Content/Story/Log_Entries/LOG_Constants_Notes.d:16","Händler in Khorinis.","코리니스의 상인.","","False","TOPIC_CityTrader","",""
"Scripts/Content/Story/Log_Entries/LOG_Constants_Notes.d:17","Fenia handelt mit Nahrung auf dem Weg zum Hafen.","페니아는 항구로 가는 길목에서 음식을 판다.","","False","Topic_CityTrader_1","",""
"Scripts/Content/Story/Log_Entries/LOG_Constants_Notes.d:18","Sarah handelt mit Waffen am Marktplatz.","사라는 시장 광장에서 무기를 판다.","","False","Topic_CityTrader_2","",""
"Scripts/Content/Story/Log_Entries/LOG_Constants_Notes.d:19","Constantino verkauft alchemistisches Zubehör.","콘스탄티노는 연금술 용품을 판다.","","False","Topic_CityTrader_3","",""
"Scripts/Content/Story/Log_Entries/LOG_Constants_Notes.d:20","Bei Kardif in der Hafenkneipe gibt's was zu trinken.","항구 선술집의 카르디프에게서 마실 것을 구할 수 있다.","","False","Topic_CityTrader_4","",""
"Scripts/Content/Story/Log_Entries/LOG_Constants_Notes.d:21","Kardif, der Wirt der Hafenkneipe handelt mit Informationen.","항구 선술집의 여관 주인 카르디프는 정보를 거래한다.","","False","Topic_CityTrader_5","",""
"Scripts/Content/Story/Log_Entries/LOG_Constants_Notes.d:22","Brahim zeichnet und verkauft Karten am Hafen.","브라힘은 항구 근처에서 지도를 그리고 판다.","","False","Topic_CityTrader_6","",""
"Scripts/Content/Story/Log_Entries/LOG_Constants_Notes.d:23","Jora handelt mit Waren aller Art am Marktplatz.","요라는 시장 광장에서 온갖 종류의 상품을 거래한다.","","False","Topic_CityTrader_7","",""
"Scripts/Content/Story/Log_Entries/LOG_Constants_Notes.d:24","Matteo hat seinen Laden am Südtor der Stadt. Er handelt mit Ausrüstung, Waffen und Proviant.","마테오의 상점은 도시의 남문 근처에 있다. 그는 장비, 무기, 보급품을 취급한다.","","False","TOPIC_CityTrader_8","",""
"Scripts/Content/Story/Log_Entries/LOG_Constants_Notes.d:25","Salandril handelt mit Tränken. Er hat seinen Laden im oberen Viertel.","살란드릴은 포션을 거래한다. 그의 상점은 상층 구역에 있다.","","False","TOPIC_CityTrader_9","",""
"Scripts/Content/Story/Log_Entries/LOG_Constants_Notes.d:26","Bosper baut Bögen und handelt mit Fellen. Er hat seinen Laden am östlichen Tor, in der Unterstadt.","바스퍼는 활을 만들고 가죽을 거래한다. 그의 상점은 시가지 동문 근처에 있다.","","False","TOPIC_CityTrader_10","",""
"Scripts/Content/Story/Log_Entries/LOG_Constants_Notes.d:27","Baltram handelt mit Nahrungsmitteln am Marktplatz.","발트람은 시장 광장에서 식료품을 거래한다.","","False","TOPIC_CityTrader_11","",""
"Scripts/Content/Story/Log_Entries/LOG_Constants_Notes.d:28","Halvor handelt am Hafen mit Fischen.","할보르는 항구에서 생선을 판다.","","False","Topic_CityTrader_12","",""
"Scripts/Content/Story/Log_Entries/LOG_Constants_Notes.d:29","Brian, der Gehilfe von Harad, verkauft Schmiederohlinge","하라드의 조수인 브라이언은 단조용 철을 판다.","","False","Topic_CityTrader_13","",""
"Scripts/Content/Story/Log_Entries/LOG_Constants_Notes.d:30","Canthar handelt mit aller Art von Waren.","캔타르는 온갖 종류의 상품을 거래한다.","","False","Topic_CityTrader_14","",""
"Scripts/Content/Story/Log_Entries/LOG_Constants_Notes.d:31","Hakon verkauft Waffen am Marktplatz.","하콘은 시장 광장에서 무기를 판다.","","False","Topic_CityTrader_15","",""
"Scripts/Content/Story/Log_Entries/LOG_Constants_Notes.d:32","Der Tischler Thorben verkauft Dietriche.","목수 소르벤은 자물쇠 따개를 판다.","","False","Topic_CityTrader_16","",""
"Scripts/Content/Story/Log_Entries/LOG_Constants_Notes.d:33","Bei dem Wirt Coragon kann ich Nahrung und Getränke kaufen.","여관 주인 코라곤에게서 음식과 음료를 살 수 있다.","","False","Topic_CityTrader_17","",""
"Scripts/Content/Story/Log_Entries/LOG_Constants_Notes.d:34","Der Gärtner des Statthalters kann mir Pflanzen verkaufen.","총독의 정원사가 내게 식물을 팔 수 있다.","","False","Topic_CityTrader_18","",""
"Scripts/Content/Story/Log_Entries/LOG_Constants_Notes.d:35","Lutero handelt mit ausgefallenen und seltenen Gegenständen im oberen Viertel.","루테로는 상층 구역에서 특이하고 희귀한 물품을 거래한다.","","False","TOPIC_CityTrader_19","",""
"Scripts/Content/Story/Log_Entries/LOG_Constants_Notes.d:36","Zuris verkauft Tränke am Marktplatz.","쥬리스는 시장 광장에서 포션을 판다.","","False","Topic_CityTrader_20","",""
"Scripts/Content/Story/Log_Entries/LOG_Constants_Notes.d:38","Händler der Außenwelt","바깥 세상의 상인.","","False","Topic_OutTrader","",""
"Scripts/Content/Story/Log_Entries/LOG_Constants_Notes.d:39","Rosi handelt mit verschiedenen Waren, auf dem Hof von Sekob.","로지는 세코브의 농장에서 여러 가지 상품을 거래한다.","","False","Topic_OutTrader_1","",""
"Scripts/Content/Story/Log_Entries/LOG_Constants_Notes.d:41","Händler auf Onar's Hof.","오나르 농장의 상인.","","False","Topic_SoldierTrader","",""
"Scripts/Content/Story/Log_Entries/LOG_Constants_Notes.d:42","Sagitta verkauft Waren, hinter Sekobs Hof.","사지타는 세코브 농장 뒤편에서 물건을 판다.","","False","Topic_SoldierTrader_1","",""
"Scripts/Content/Story/Log_Entries/LOG_Constants_Notes.d:43","Elena verkauft Waren auf Onar's Hof.","엘레나는 오나르 농장에서 물건을 판다.","","False","Topic_SoldierTrader_2","",""
"Scripts/Content/Story/Log_Entries/LOG_Constants_Notes.d:44","Khaled handelt mit Waffen.","칼레드는 무기를 거래한다.","","False","Topic_SoldierTrader_3","",""
"Scripts/Content/Story/Log_Entries/LOG_Constants_Notes.d:45","Bennet verkauft Schmiedezubehör.","베넷은 대장장이 장비를 판다.","","False","Topic_SoldierTrader_4","",""
"Scripts/Content/Story/Log_Entries/LOG_Constants_Notes.d:48","Lehrer","학습.","","False","TOPIC_Teacher","",""
"Scripts/Content/Story/Log_Entries/LOG_Constants_Notes.d:49","Bei Gaan kann ich lernen wie man Tiere ausnimmt.","간에게서 동물 가죽 벗기기를 배울 수 있다.","","False","TOPIC_Teacher_1","",""
"Scripts/Content/Story/Log_Entries/LOG_Constants_Notes.d:50","Niclas kann mir zeigen wie ich besser mir dem Bogen werde.","니클라스에게서 활 솜씨를 더 발전시키는 법을 배울 수 있다.","","False","TOPIC_Teacher_2","",""
"Scripts/Content/Story/Log_Entries/LOG_Constants_Notes.d:51","Bei Talbin kann ich lernen wie man Tiere ausnimmt","탈빈에게서 동물 가죽 벗기기를 배울 수 있다.","","False","TOPIC_Teacher_3","",""
"Scripts/Content/Story/Log_Entries/LOG_Constants_Notes.d:52","Ferros kann mir beibringen wie ich meine Stärke und Geschicklichkeit steigern kann.","페로스는 힘과 민첩성을 높이는 법을 가르쳐 줄 수 있다.","","False","TOPIC_Teacher_4","",""
"Scripts/Content/Story/Log_Entries/LOG_Constants_Notes.d:54","Lehrer in der Burg","성채 내의 교육.","","False","TOPIC_Teacher_OC","",""
"Scripts/Content/Story/Log_Entries/LOG_Constants_Notes.d:55","Brutus kann mir dabei helfen, stärker zu werden.","브루투스는 내가 강해지는 것을 도와줄 수 있다.","","False","TOPIC_Teacher_OC_1","",""
"Scripts/Content/Story/Log_Entries/LOG_Constants_Notes.d:56","Dobar kann mir das Schmieden bessere Waffen beibringen.","도바르는 더 나은 무기를 만드는 법을 가르쳐 줄 수 있다.","","False","TOPIC_Teacher_OC_2","",""
"Scripts/Content/Story/Log_Entries/LOG_Constants_Notes.d:57","Udar ist kann mich im Umgang mit der Armbrust unterweisen","우다르는 석궁 다루는 법을 가르쳐 줄 수 있다.","","False","TOPIC_Teacher_OC_3","",""
"Scripts/Content/Story/Log_Entries/LOG_Constants_Notes.d:58","Keroloth trainiert Schwertkampf in der Burg.","케롤로트는 성채에서 검술을 훈련시킨다.","","False","TOPIC_Teacher_OC_4","",""
"Scripts/Content/Story/Log_Entries/LOG_Constants_Notes.d:59","Udar aus der Burg des Minentals kennt sich mit Armbrüsten aus.","광산 계곡 성채의 우다르는 석궁에 대해 잘 알고 있다.","","False","TOPIC_Teacher_OC_5","",""
"Scripts/Content/Story/Log_Entries/LOG_Constants_Notes.d:60","Keroloth trainiert Schwertkampf in der Burg.","케롤로트는 성채에서 검술을 훈련시킨다.","","False","TOPIC_Teacher_OC_6","",""
"Scripts/Content/Story/Log_Entries/LOG_Constants_Notes.d:62","Lehrer auf Onar's Hof.","오나르 농장의 교육.","","False","Topic_SoldierTeacher","",""
"Scripts/Content/Story/Log_Entries/LOG_Constants_Notes.d:63","Lee wird mich im Kampf mit zweihändigen Waffen unterrichten.","리는 양손 무기 전투술을 가르쳐 줄 것이다.","","False","Topic_SoldierTeacher_1","",""
"Scripts/Content/Story/Log_Entries/LOG_Constants_Notes.d:64","Bennet kann mich im Schmieden unterrichten.","베넷은 대장 기술을 가르쳐 줄 수 있다.","","False","Topic_SoldierTeacher_2","",""
"Scripts/Content/Story/Log_Entries/LOG_Constants_Notes.d:65","Cord kann mich im Umgang mit Ein - und Zweihändern unterrichten.","코르드는 한손 무기와 양손 무기 다루는 법을 가르쳐 줄 수 있다.","","False","Topic_SoldierTeacher_3","",""
"Scripts/Content/Story/Log_Entries/LOG_Constants_Notes.d:66","Wolf kann mir den Umgang mit dem Bogen zeigen.","울프는 활 다루는 법을 가르쳐 줄 수 있다.","","False","Topic_SoldierTeacher_4","",""
"Scripts/Content/Story/Log_Entries/LOG_Constants_Notes.d:67","Torlof kann mir dabei helfen, mein Geschick und meine Stärke zu verbessern.","토를로프는 민첩성과 힘을 기르는 것을 도와줄 수 있다.","","False","Topic_SoldierTeacher_5","",""
"Scripts/Content/Story/Log_Entries/LOG_Constants_Notes.d:68","Buster kann mich im einhändigen Kampf trainieren.","버스터는 한손 무기 전투를 훈련해 줄 수 있다.","","False","Topic_SoldierTeacher_6","",""
"Scripts/Content/Story/Log_Entries/LOG_Constants_Notes.d:70","Lehrer der Außenwelt","바깥 세상의 교육.","","False","Topic_OutTeacher","",""
"Scripts/Content/Story/Log_Entries/LOG_Constants_Notes.d:72","Lehrer in Khorinis.","코리니스의 교육.","","False","TOPIC_CityTeacher","",""
"Scripts/Content/Story/Log_Entries/LOG_Constants_Notes.d:73","Constantino kann mich in der Kunst der Alchemie unterweisen.","콘스탄티노는 연금술의 기술을 가르쳐 줄 수 있다.","","False","TOPIC_CityTeacher_1","",""
"Scripts/Content/Story/Log_Entries/LOG_Constants_Notes.d:74","Constantino kann mich in der Kunst der Alchemie unterweisen.","콘스탄티노는 연금술의 기술을 가르쳐 줄 수 있다.","","False","TOPIC_CityTeacher_2","",""
"Scripts/Content/Story/Log_Entries/LOG_Constants_Notes.d:75","Carl der Schmied im Hafenviertel, kann mir dabei helfen, stärker zu werden.","항구 구역의 대장장이 칼은 내가 강해지는 것을 도와줄 수 있다.","","False","Topic_CityTeacher_3","",""
"Scripts/Content/Story/Log_Entries/LOG_Constants_Notes.d:76","Lares kann mir dabei helfen, geschickter zu werden.","라레스는 내가 더 민첩해지도록 도와줄 수 있다.","","False","Topic_CityTeacher_4","",""
"Scripts/Content/Story/Log_Entries/LOG_Constants_Notes.d:77","Alrik kann mich im Kampf mit einhändigen Waffen trainieren. Er hält sich hinter dem Lagerhaus im Hafenviertel auf.","알릭은 한손 무기 전투를 훈련해 줄 수 있다. 그는 항구 구역의 창고 뒤쪽에 머문다.","","False","Topic_CityTeacher_5","",""
"Scripts/Content/Story/Log_Entries/LOG_Constants_Notes.d:78","Ignaz kann mir einige Rezepte zur Herstellung von Tränken zeigen. Er wohnt im Hafenviertel.","이그나츠는 포션 제조법 몇 가지를 보여 줄 수 있다. 그는 항구 구역에 산다.","","False","Topic_CityTeacher_6","",""
"Scripts/Content/Story/Log_Entries/LOG_Constants_Notes.d:79","Ruga, von der Stadtwache, kann mir helfen geschickter zu werden und mich im Umgang mit der Armbrust unterweisen. Allerdings muss ich dazu im Dienst des Königs stehen.","도시 경비병 루가는 내가 더 민첩해지도록 돕고 석궁 다루는 법을 가르쳐 줄 수 있다. 하지만 그러려면 국왕의 부름을 받고 있어야 한다.","","False","Topic_CityTeacher_7","",""
"Scripts/Content/Story/Log_Entries/LOG_Constants_Notes.d:80","Lord Hagen kann mich im Kampf mit Zweihändern unterweisen.","헤이건 경은 양손 무기 전투를 가르쳐 줄 수 있다.","","False","TOPIC_CityTeacher_8","",""
"Scripts/Content/Story/Log_Entries/LOG_Constants_Notes.d:81","Paladin Girion kann mich im Kampf mit Zweihändern unterweisen.","팔라딘 기리온은 양손 무기 전투를 가르쳐 줄 수 있다.","","False","TOPIC_CityTeacher_9","",""
"Scripts/Content/Story/Log_Entries/LOG_Constants_Notes.d:82","Lares kann mir dabei helfen, geschickter und stärker zu werden.","라레스는 내가 더 민첩하고 강해지도록 도와줄 수 있다.","","False","Topic_CityTeacher_10","",""
"Scripts/Content/Story/Log_Entries/LOG_Constants_Notes.d:83","Paladin Ingmar kann mir helfen, stärker zu werden.","팔라딘 잉마르는 내가 강해지는 것을 도와줄 수 있다.","","False","TOPIC_CityTeacher_11","",""
"Scripts/Content/Story/Log_Entries/LOG_Constants_Notes.d:84","Bei Harad kann ich das Schmieden lernen und er kann mir dabei helfen, stärker zu werden.","하라드에게서 대장 기술을 배울 수 있으며, 그가 내가 강해지는 것을 도와줄 수도 있다.","","False","Topic_CityTeacher_12","",""
"Scripts/Content/Story/Log_Entries/LOG_Constants_Notes.d:85","Cassia kann mich im Taschendiebstahl unterrichten und sie kann mir dabei helfen, geschickter zu werden.","카시아는 도둑질을 가르쳐 줄 수 있으며 내가 더 민첩해지도록 도와줄 수도 있다.","","False","Topic_CityTeacher_13","",""
"Scripts/Content/Story/Log_Entries/LOG_Constants_Notes.d:86","Ramirez kann mir das Schlösser knacken beibringen.","라미레즈는 자물쇠 따기를 가르쳐 줄 수 있다.","","False","Topic_CityTeacher_14","",""
"Scripts/Content/Story/Log_Entries/LOG_Constants_Notes.d:87","Jesper kann mir das Schleichen beibringen.","예스퍼는 은신을 가르쳐 줄 수 있다.","","False","Topic_CityTeacher_15","",""
"Scripts/Content/Story/Log_Entries/LOG_Constants_Notes.d:88","Mortis, von der Stadtwache, kann mir helfen, meine Stärke zu trainieren.","도시 경비병 모르티스는 내 힘을 단련하는 것을 도와줄 수 있다.","","False","Topic_CityTeacher_16","",""
"Scripts/Content/Story/Log_Entries/LOG_Constants_Notes.d:89","Bosper kann mir beibringen, wie ich Tieren das Fell abziehe.","바스퍼는 동물에게서 가죽을 벗기는 법을 가르쳐 줄 수 있다.","","False","Topic_CityTeacher_17","",""
"Scripts/Content/Story/Log_Entries/LOG_Constants_Notes.d:90","Bartok  kann mir den Umgang mit dem Bogen und das Schleichen beibringen.","바톡은 활 다루는 법과 은신을 가르쳐 줄 수 있다.","","False","Topic_CityTeacher_18","",""
"Scripts/Content/Story/Log_Entries/LOG_Constants_Notes.d:91","Vatras der Wassermagier, kann mir dabei helfen, meine magische Energie zu steigern.","물의 마법사 바트라스는 마법 에너지를 늘리는 것을 도와줄 수 있다.","","False","Topic_CityTeacher_19","",""
"Scripts/Content/Story/Log_Entries/LOG_Constants_Notes.d:92","Paladin Albrecht kann mir helfen, meine magische Kraft zu steigern.","팔라딘 알브레히트는 마법의 힘을 늘리는 것을 도와줄 수 있다.","","False","Topic_CityTeacher_20","",""
"Scripts/Content/Story/Log_Entries/LOG_Constants_Notes.d:93","Wulfgar, von der Stadtwache, kann mich im Einhand - und Zweihandkampf unterweisen.","도시 경비병 울프가르는 한손 무기와 양손 무기 전투를 가르쳐 줄 수 있다.","","False","Topic_CityTeacher_21","",""
"Scripts/Content/Story/Log_Entries/LOG_Constants_Notes.d:94","Paladin Cedric kann mich im Kampf mit Einhändern unterweisen.","팔라딘 세드릭은 한손 무기 전투를 가르쳐 줄 수 있다.","","False","TOPIC_CityTeacher_22","",""
"Scripts/Content/Story/Log_Entries/LOG_Constants_Notes.d:97","Lehrer bei den Wassermagiern","물의 마법사들에게 배우기","","False","TOPIC_Addon_KDWTeacher","",""
"Scripts/Content/Story/Log_Entries/LOG_Constants_Notes.d:98","Merdarion kann mein Mana steigern.","메르다리온은 마나를 높여줄 수 있다.","","False","TOPIC_Addon_KDWTeacher_1","",""
"Scripts/Content/Story/Log_Entries/LOG_Constants_Notes.d:101","Das Schmieden","대장 기술","","False","TOPIC_TalentSmith","",""
"Scripts/Content/Story/Log_Entries/LOG_Constants_Notes.d:102","Um eine Waffe zu schmiede, brauche ich zunächst ein Stück Rohstahl. An einem Schmiedefeuer muss ich den Stahl erhitzen und anschließend an einem Amboss in die gewünschte Form bringen. Für hochwertigere Waffe benötigt man häufig noch Substanzen, welche der Waffe besondere Eigenschaften verleihen.","무기를 만들려면 우선 철 한 조각이 필요하다. 대장간의 불에 철을 달군 다음 모루에서 원하는 모양으로 두드려야 한다. 더 좋은 무기를 만들려면 종종 무기에 특별한 성질을 부여하는 물질이 추가로 필요하다.","","False","TOPIC_TalentSmith_1","",""
"Scripts/Content/Story/Log_Entries/LOG_Constants_Notes.d:103","Wenn ich 4 Erz und 5 Drachenblut hinzugebe, kann ich mir einen ´ERZ-DRACHENTÖTER´ schmieden.","4개의 광석과 5개의 드래곤 피를 추가하면 ´광석 드래곤 슬레이어´를 만들 수 있다.","","False","TOPIC_TalentSmith_2","",""
"Scripts/Content/Story/Log_Entries/LOG_Constants_Notes.d:104","Wenn ich 5 Erz und 5 Drachenblut hinzugebe, kann ich mir einen ´GROßEN ERZ-DRACHENTÖTER´ schmieden.","5개의 광석과 5개의 드래곤 피를 추가하면 ´대형 광석 드래곤 슬레이어´를 만들 수 있다.","","False","TOPIC_TalentSmith_3","",""
"Scripts/Content/Story/Log_Entries/LOG_Constants_Notes.d:105","Um eine Waffe zu schmiede, brauche ich zunächst ein Stück Rohstahl. An einem Schmiedefeuer muss ich den Stahl erhitzen und anschließend an einem Amboss in die gewünschte Form bringen. Für hochwertigere Waffe benötigt man häufig noch Substanzen, welche der Waffe besondere Eigenschaften verleihen.","무기를 만들려면 우선 철 한 조각이 필요하다. 대장간의 불에 철을 달군 다음 모루에서 원하는 모양으로 두드려야 한다. 더 좋은 무기를 만들려면 종종 무기에 특별한 성질을 부여하는 물질이 추가로 필요하다.","","False","TOPIC_TalentSmith_4","",""
"Scripts/Content/Story/Log_Entries/LOG_Constants_Notes.d:106","Für ein einfaches Schwert benötige ich keine weiteren Zutaten.","기본 검에는 추가 재료가 필요 없다.","","False","TOPIC_TalentSmith_5","",""
"Scripts/Content/Story/Log_Entries/LOG_Constants_Notes.d:107","Wenn ich 1 Erz hinzugebe, kann ich mir ein ´ERZ-LANGSCHWERT´ schmieden.","1개의 광석을 추가하면 ´광석 장검´을 만들 수 있다.","","False","TOPIC_TalentSmith_6","",""
"Scripts/Content/Story/Log_Entries/LOG_Constants_Notes.d:108","Wenn ich 2 Erz hinzugebe, kann ich mir einen ´ERZ-ZWEIHÄNDER´ schmieden.","2개의 광석을 추가하면 ´광석 양손검´을 만들 수 있다.","","False","TOPIC_TalentSmith_7","",""
"Scripts/Content/Story/Log_Entries/LOG_Constants_Notes.d:109","Wenn ich 2 Erz hinzugebe, kann ich mir ein ´ERZ-BASTARDSCHWERT´ schmieden.","2개의 광석을 추가하면 ´광석 바스타드 소드´를 만들 수 있다.","","False","TOPIC_TalentSmith_8","",""
"Scripts/Content/Story/Log_Entries/LOG_Constants_Notes.d:110","Wenn ich 3 Erz hinzugebe, kann ich mir einen ´SCHWEREN ERZ-ZWEIHÄNDER´ schmieden.","3개의 광석을 추가하면 ´무거운 광석 양손검´을 만들 수 있다.","","False","TOPIC_TalentSmith_9","",""
"Scripts/Content/Story/Log_Entries/LOG_Constants_Notes.d:111","Wenn ich 3 Erz hinzugebe, kann ich mir eine ´ERZ-SCHLACHTKLINGE´ schmieden.","3개의 광석을 추가하면 ´광석 전투검´을 만들 수 있다.","","False","TOPIC_TalentSmith_10","",""
"Scripts/Content/Story/Log_Entries/LOG_Constants_Notes.d:112","Wenn ich 4 Erz hinzugebe, kann ich mir eine ´SCHWERE ERZ-SCHLACHTKLINGE´ schmieden.","4개의 광석을 추가하면 ´무거운 광석 전투검´을 만들 수 있다.","","False","TOPIC_TalentSmith_11","",""
"Scripts/Content/Story/Log_Entries/LOG_Constants_Notes.d:113","Wenn ich 4 Erz und 5 Drachenblut hinzugebe, kann ich mir einen ´ERZ-DRACHENTÖTER´ schmieden.","4개의 광석과 5개의 드래곤 피를 추가하면 ´광석 드래곤 슬레이어´를 만들 수 있다.","","False","TOPIC_TalentSmith_12","",""
"Scripts/Content/Story/Log_Entries/LOG_Constants_Notes.d:114","Wenn ich 5 Erz und 5 Drachenblut hinzugebe, kann ich mir einen ´GROßEN ERZ-DRACHENTÖTER´ schmieden.","5개의 광석과 5개의 드래곤 피를 추가하면 ´대형 광석 드래곤 슬레이어´를 만들 수 있다.","","False","TOPIC_TalentSmith_13","",""
"Scripts/Content/Story/Log_Entries/LOG_Constants_Notes.d:115","Ich kann jetzt ein edles Schwert schmieden.","이제 고급 검을 만들 수 있다.","","False","TOPIC_TalentSmith_14","",""
"Scripts/Content/Story/Log_Entries/LOG_Constants_Notes.d:116","Ich kann jetzt auch ein edles Langschwert schmieden.","이제 고급 장검도 만들 수 있다.","","False","TOPIC_TalentSmith_15","",""
"Scripts/Content/Story/Log_Entries/LOG_Constants_Notes.d:117","Ich kann jetzt sogar eine Rubinklinge schmieden.","이제 루비 검까지 만들 수 있다.","","False","TOPIC_TalentSmith_16","",""
"Scripts/Content/Story/Log_Entries/LOG_Constants_Notes.d:118","Harad hat mir beigebracht, 'El Bastardo' zu schmieden - eine der besten Einhandwaffen, die es gibt!","하라드가 세상에서 가장 뛰어난 한손 무기 중 하나인 '엘 바스타르도'를 만드는 법을 가르쳐 주었다!","","False","TOPIC_TalentSmith_17","",""
"Scripts/Content/Story/Log_Entries/LOG_Constants_Notes.d:120","Die Runen","룬","","False","TOPIC_TalentRunes","",""
"Scripts/Content/Story/Log_Entries/LOG_Constants_Notes.d:121","Zutaten für die Rune ´Heiliges Geschoss´: 1 geweihtes Wasser, aber keine Spruchrolle","´성스러운 투사체´ 룬의 재료: 1개의 성수, 단 두루마리는 필요 없음","","False","TOPIC_TalentRunes_1","",""
"Scripts/Content/Story/Log_Entries/LOG_Constants_Notes.d:122","Um eine Rune zu erschaffen, benötige ich für jede Rune unterschiedliche Zutaten. Mit diesen Zutaten und einem Runenrohling kann ich dann die gewünschte Rune am Runentisch erschaffen.","룬을 만들려면 각 룬마다 서로 다른 재료가 필요하다. 이 재료들과 빈 룬석을 이용해 룬 작업대에서 원하는 룬을 만들 수 있다.","","False","TOPIC_TalentRunes_2","",""
"Scripts/Content/Story/Log_Entries/LOG_Constants_Notes.d:123","Zutaten für die Rune ´Geheimer Teleport´: 1 Geweihtes Wasser","´비밀 텔레포트´ 룬의 재료: 1개의 성수","","False","TOPIC_TalentRunes_3","",""
"Scripts/Content/Story/Log_Entries/LOG_Constants_Notes.d:124","Um eine Rune zu erschaffen, benötige ich, neben der Spruchrolle des gewünschten Spruches, für jede Rune unterschiedliche Zutaten. Mit diesen Zutaten und einem Runenrohling kann ich dann die gewünschte Rune am Runentisch erschaffen.","룬을 만들려면 원하는 주문의 두루마리 외에 각 룬마다 서로 다른 재료가 필요하다. 이 재료들과 빈 룬석을 이용해 룬 작업대에서 원하는 룬을 만들 수 있다.","","False","TOPIC_TalentRunes_4","",""
"Scripts/Content/Story/Log_Entries/LOG_Constants_Notes.d:125","Zutaten für die Rune ´LICHT´: 1 Goldmünze.","´빛´ 룬의 재료: 1개의 금화.","","False","TOPIC_TalentRunes_5","",""
"Scripts/Content/Story/Log_Entries/LOG_Constants_Notes.d:126","Zutaten für die Rune ´FEUERPFEIL´: 1 Schwefel.","´화염 화살´ 룬의 재료: 1개의 유황.","","False","TOPIC_TalentRunes_6","",""
"Scripts/Content/Story/Log_Entries/LOG_Constants_Notes.d:127","Zutaten für die Rune ´EISPFEIL´: 1 Gletscherquartz","´얼음 화살´ 룬의 재료: 1개의 빙하 석영","","False","TOPIC_TalentRunes_7","",""
"Scripts/Content/Story/Log_Entries/LOG_Constants_Notes.d:128","Zutaten für die Rune ´LEICHTE WUNDEN HEILEN´:1 Heilpflanze.","´경상 치료´ 룬의 재료: 1개의 힐링 플랜트.","","False","TOPIC_TalentRunes_8","",""
"Scripts/Content/Story/Log_Entries/LOG_Constants_Notes.d:129","Zutaten für die Rune ´GOBLINSKELETT ERSCHAFFEN´:1 Goblinknochen.","´고블린 스켈레톤 생성´ 룬의 재료: 1개의 고블린 뼈.","","False","TOPIC_TalentRunes_9","",""
"Scripts/Content/Story/Log_Entries/LOG_Constants_Notes.d:130","Zutaten für die Rune ´FEUERBALL ´: 1 Pech","´화염구 ´ 룬의 재료: 1개의 역청","","False","TOPIC_TalentRunes_10","",""
"Scripts/Content/Story/Log_Entries/LOG_Constants_Notes.d:131","Zutaten für die Rune ´BLITZ`:1 Bergkristall.","´작은 번개´ 룬의 재료: 1개의 수정.","","False","TOPIC_TalentRunes_11","",""
"Scripts/Content/Story/Log_Entries/LOG_Constants_Notes.d:132","Zutaten für die Rune ´WOLF RUFEN´: 1 Wolfsfell.","´늑대 소환´ 룬의 재료: 1개의 늑대 가죽.","","False","TOPIC_TalentRunes_12","",""
"Scripts/Content/Story/Log_Entries/LOG_Constants_Notes.d:133","Zutaten für die Rune ´WINDFAUST´:1 Stück Kohle.","´바람의 주먹´ 룬 재료:1 개 석탄.","","False","TOPIC_TalentRunes_13","",""
"Scripts/Content/Story/Log_Entries/LOG_Constants_Notes.d:134","Zutaten für die Rune ´SCHLAF`:1 Sumpfkraut. Auch eine Methode das Zeug zu verwenden.","´수면´ 룬 재료:1 개 늪초. 이 물건을 사용하는 또 다른 방법이지.","","False","TOPIC_TalentRunes_14","",""
"Scripts/Content/Story/Log_Entries/LOG_Constants_Notes.d:135","Zutaten für die Rune ´MITTLERE WUNDEN HEILEN´:1 Heilkraut.","´중등상 치료´ 룬 재료:1 개 힐링 허브.","","False","TOPIC_TalentRunes_15","",""
"Scripts/Content/Story/Log_Entries/LOG_Constants_Notes.d:136","Zutaten für die Rune ´BLITZSCHLAG´: 1 Bergkristall und 1 Gletscher Quartz.","´번개´ 룬 재료: 1 개 수정 및 1 개 빙하 석영.","","False","TOPIC_TalentRunes_16","",""
"Scripts/Content/Story/Log_Entries/LOG_Constants_Notes.d:137","Zutaten für die Rune ´GROSSER FEUERBALL´: 1 Schwefel und 1 Pech.","´대형 화염구´ 룬 재료: 1 개 유황 및 1 개 역청.","","False","TOPIC_TalentRunes_17","",""
"Scripts/Content/Story/Log_Entries/LOG_Constants_Notes.d:138","Zutaten für die Rune ´SKELET BESCHWÖREN´: 1 Skelettknochen.","´스켈레톤 소환´ 룬 재료: 1 개 스켈레톤 뼈.","","False","TOPIC_TalentRunes_18","",""
"Scripts/Content/Story/Log_Entries/LOG_Constants_Notes.d:139","Zutaten für die Rune ´ANGST´: 1 schwarze Perle.","´공포´ 룬 재료: 1 개 흑진주.","","False","TOPIC_TalentRunes_19","",""
"Scripts/Content/Story/Log_Entries/LOG_Constants_Notes.d:140","Zutaten für die Rune ´EISBLOCK´: 1 Gletscher Quartz und 1 Aquamarin.","´빙결´ 룬 재료: 1 개 빙하 석영 및 1 개 아쿠아마린.","","False","TOPIC_TalentRunes_20","",""
"Scripts/Content/Story/Log_Entries/LOG_Constants_Notes.d:141","Zutaten für die Rune ´KUGELBLITZ´: 1 Schwefel und 1 Bergkristall.","´구형 번개´ 룬 재료: 1 개 유황 및 1 개 수정.","","False","TOPIC_TalentRunes_21","",""
"Scripts/Content/Story/Log_Entries/LOG_Constants_Notes.d:142","Zutaten für die Rune `STEINGOLEM ERSCHAFFEN`:1 Steingolemherz.","´돌 골렘 소환´ 룬 재료:1 개 돌 골렘의 심장.","","False","TOPIC_TalentRunes_22","",""
"Scripts/Content/Story/Log_Entries/LOG_Constants_Notes.d:143","Zutaten für die Rune ´UNTOTE VERNICHTEN´:1 heiliges Wasser .","´언데드 파괴´ 룬 재료:1 개 성수 .","","False","TOPIC_TalentRunes_23","",""
"Scripts/Content/Story/Log_Entries/LOG_Constants_Notes.d:144","Zutaten für die Rune `GROSSER FEUERSTURM´: 1 Schwefel und 1 Zunge eines Feuerwarans.","´대형 화염 폭풍´ 룬 재료: 1 개 유황 및 1 개 화염 도마뱀의 혀.","","False","TOPIC_TalentRunes_24","",""
"Scripts/Content/Story/Log_Entries/LOG_Constants_Notes.d:145","Zutaten für die Rune ´FEUERSTURM´: 1 Schwefel und 1 Pech.","´소형 화염 폭풍´ 룬 재료: 1 개 유황 및 1 개 역청.","","False","TOPIC_TalentRunes_25","",""
"Scripts/Content/Story/Log_Entries/LOG_Constants_Notes.d:146","Zutaten für die Rune ´EISWELLE´: 1 Gletscher Quartz und 1 Aquamarin","´얼음 파동´ 룬 재료: 1 개 빙하 석영 및 1 개 아쿠아마린","","False","TOPIC_TalentRunes_26","",""
"Scripts/Content/Story/Log_Entries/LOG_Constants_Notes.d:147","Zutaten für die Rune ´DÄMON BESCHWÖREN´: 1 Dämonenherz","´악마 소환´ 룬 재료: 1 개 악마의 심장","","False","TOPIC_TalentRunes_27","",""
"Scripts/Content/Story/Log_Entries/LOG_Constants_Notes.d:148","Zutaten für die Rune ´SCHWERE WUNDEN HEILEN´ 1 Heilwurzel","´중상 치료´ 룬 재료: 1 개 힐링 루트","","False","TOPIC_TalentRunes_28","",""
"Scripts/Content/Story/Log_Entries/LOG_Constants_Notes.d:149","Zutaten für die Rune ´FEUERREGEN´: 1 Pech und eine Zunge von einem Feuerwaran","´화염비´ 룬 재료: 1 개 역청 및 화염 도마뱀의 혀","","False","TOPIC_TalentRunes_29","",""
"Scripts/Content/Story/Log_Entries/LOG_Constants_Notes.d:150","Zutaten für die Rune ´TODESHAUCH´: 1 Kohle und 1 schwarze Perle","´죽음의 숨결´ 룬 재료: 1 개 석탄 및 1 개 흑진주","","False","TOPIC_TalentRunes_30","",""
"Scripts/Content/Story/Log_Entries/LOG_Constants_Notes.d:151","Zutaten für die Rune ´MASSENTOD´: 1 Skelettknochen und 1 schwarze Perle","´죽음의 파동´ 룬 재료: 1 개 스켈레톤 뼈 및 1 개 흑진주","","False","TOPIC_TalentRunes_31","",""
"Scripts/Content/Story/Log_Entries/LOG_Constants_Notes.d:152","Zutaten für die Rune ´ARMEE DER FINSTERNIS´: 1 Skelettknochen, 1 schwarze Perle, 1 Herz eines Steingolems und 1 Dämonenherz. ","´어둠의 군대´ 룬 재료: 1 개 스켈레톤 뼈, 1 개 흑진주, 1 개 돌 골렘의 심장 및 1 개 악마의 심장. ","","False","TOPIC_TalentRunes_32","",""
"Scripts/Content/Story/Log_Entries/LOG_Constants_Notes.d:153","Zutaten für die Rune ´MONSTER SCHRUMPFEN´: 1 Goblinknochen und 1 Trollzahn","´몬스터 축소´ 룬 재료: 1 개 고블린 뼈 및 1 개 트롤 이빨","","False","TOPIC_TalentRunes_33","",""
"Scripts/Content/Story/Log_Entries/LOG_Constants_Notes.d:155","Die Tränke","포션","","False","TOPIC_TalentAlchemy","",""
"Scripts/Content/Story/Log_Entries/LOG_Constants_Notes.d:156","Um einen Heiltrunk herzustellen, benötige ich 1 Feldknöterich und 3 Essenzen der Heilung.","치유 포션을 만들려면 1 개의 미도우 놋위드와 3 개의 치유의 정수가 필요하다.","","False","TOPIC_TalentAlchemy_1","",""
"Scripts/Content/Story/Log_Entries/LOG_Constants_Notes.d:157","Um einen Manatrunk herzustellen, benötige ich 1 Feldknöterich und 3 Mana - Essenzen.","마나 포션을 만들려면 1 개의 미도우 놋위드와 3 개의 마나 정수가 필요하다.","","False","TOPIC_TalentAlchemy_2","",""
"Scripts/Content/Story/Log_Entries/LOG_Constants_Notes.d:158","Um einen Trank zu brauen, brauche ich einen leere Laborflasche und die jeweilig benötigten Zutaten für den gewünschten Trank. Mit diese Zutaten kann man an einem Alchemietisch den gewünschten Trank herstellen.","포션을 제조하려면 빈 실험용 플라스크와 원하는 포션에 필요한 재료가 있어야 한다. 이 재료들을 연금술 작업대로 가져가면 원하는 포션을 만들 수 있다.","","False","TOPIC_TalentAlchemy_3","",""
"Scripts/Content/Story/Log_Entries/LOG_Constants_Notes.d:159","Zutaten ´ESSENZ DER HEILUNG´:2 Heilpflanzen und 1 Feldknöterich.","'치유의 정수' 재료:2 개 힐링 플랜트 및 1 개 미도우 놋위드.","","False","TOPIC_TalentAlchemy_4","",""
"Scripts/Content/Story/Log_Entries/LOG_Constants_Notes.d:160","Zutaten ´EXTRAKT DER HEILUNG´:2 Heilkräuter und 1 Feldknöterich.","'치유의 추출물' 재료:2 개 힐링 허브 및 1 개 미도우 놋위드.","","False","TOPIC_TalentAlchemy_5","",""
"Scripts/Content/Story/Log_Entries/LOG_Constants_Notes.d:161","Zutaten ´ELIXIER DER HEILUNG´:2 Heilwurzel und 1 Feldknöterich.","'치유의 영약' 재료:2 개 힐링 루트 및 1 개 미도우 놋위드.","","False","TOPIC_TalentAlchemy_6","",""
"Scripts/Content/Story/Log_Entries/LOG_Constants_Notes.d:162","Zutaten ´MANA ESSENZ´: 2 Feuernesseln und 1 Feldknöterich.","'마나 정수' 재료: 2 개 파이어 네틀 및 1 개 미도우 놋위드.","","False","TOPIC_TalentAlchemy_7","",""
"Scripts/Content/Story/Log_Entries/LOG_Constants_Notes.d:163","Zutaten ´MANA EXTRAKT´: 2 Feuerkraut und 1 Feldknöterich.","'마나 추출물' 재료: 2 개 파이어위드 및 1 개 미도우 놋위드.","","False","TOPIC_TalentAlchemy_8","",""
"Scripts/Content/Story/Log_Entries/LOG_Constants_Notes.d:164","Zutaten ´MANA ELIXIER´:2 Feuerwurzel und 1 Feldknöterich","'마나 영약' 재료:2 개 파이어 루트 및 1 개 미도우 놋위드","","False","TOPIC_TalentAlchemy_9","",""
"Scripts/Content/Story/Log_Entries/LOG_Constants_Notes.d:165","Zutaten ´TRANK DER GESCHWINDIGKEIT´: 1 Snapperkraut und 1 Feldknöterich","'속도 포션' 재료: 1 개 스내퍼위드 및 1 개 미도우 놋위드","","False","TOPIC_TalentAlchemy_10","",""
"Scripts/Content/Story/Log_Entries/LOG_Constants_Notes.d:166","Zutaten ´Elixier der Stärke´:1 Drachenwurzel und 1 Kronstöckel.","'힘의 영약' 재료:1 개 드래곤루트 및 1 개 킹스 소럴.","","False","TOPIC_TalentAlchemy_11","",""
"Scripts/Content/Story/Log_Entries/LOG_Constants_Notes.d:167","Zutaten ´ELIXIER DER GESCHICKLICHKEIT´: 1 Goblinbeere und 1 Kronstöckel.","'손재주의 영약' 재료: 1 개 고블린 베리 및 1 개 킹스 소럴.","","False","TOPIC_TalentAlchemy_12","",""
"Scripts/Content/Story/Log_Entries/LOG_Constants_Notes.d:168","Zutaten ´ELIXIER DES GEISTES´:1 Feuerwurzel und 1 Kronstöckel.","'정신의 영약' 재료:1 개 파이어 루트 및 1 개 킹스 소럴.","","False","TOPIC_TalentAlchemy_13","",""
"Scripts/Content/Story/Log_Entries/LOG_Constants_Notes.d:169","Zutaten ´ELIXIER DES LEBENS´:1 Heilwurzel und 1 Kronstöckel.","'생명의 영약' 재료:1 개 힐링 루트 및 1 개 킹스 소럴.","","False","TOPIC_TalentAlchemy_14","",""
"Scripts/Content/Story/Log_Entries/LOG_Constants_Notes.d:171","Die Tierverwertung","동물 해체","","False","TOPIC_TalentAnimalTrophy","",""
"Scripts/Content/Story/Log_Entries/LOG_Constants_Notes.d:172","Ich kann jetzt:","이제 할 수 있는 일:","","False","TOPIC_TalentAnimalTrophy_1","",""
"Scripts/Content/Story/Log_Entries/LOG_Constants_Notes.d:173","...Tieren die Zähne entfernen.","...동물의 이빨 뽑기.","","False","TOPIC_TalentAnimalTrophy_2","",""
"Scripts/Content/Story/Log_Entries/LOG_Constants_Notes.d:174","...Tieren die Krallen abnehmen.","...동물의 발톱 뽑기.","","False","TOPIC_TalentAnimalTrophy_3","",""
"Scripts/Content/Story/Log_Entries/LOG_Constants_Notes.d:175","...Tieren das Fell abziehen.","...동물의 가죽 벗기기.","","False","TOPIC_TalentAnimalTrophy_4","",""
"Scripts/Content/Story/Log_Entries/LOG_Constants_Notes.d:176","...Reptilien häuten.","...파충류 가죽 벗기기.","","False","TOPIC_TalentAnimalTrophy_5","",""
"Scripts/Content/Story/Log_Entries/LOG_Constants_Notes.d:177","...Golems und Dämonen ihr Herz entnehmen.","...골렘과 악마의 심장 적출.","","False","TOPIC_TalentAnimalTrophy_6","",""
"Scripts/Content/Story/Log_Entries/LOG_Constants_Notes.d:178","...Schattenläufern das Horn entfernen.","...섀도우비스트의 뿔 뽑기.","","False","TOPIC_TalentAnimalTrophy_7","",""
"Scripts/Content/Story/Log_Entries/LOG_Constants_Notes.d:179","...Feuerwaranen die Zunge enfernen.","...화염 도마뱀의 혀 뽑기.","","False","TOPIC_TalentAnimalTrophy_8","",""
"Scripts/Content/Story/Log_Entries/LOG_Constants_Notes.d:180","...die Flügel von Blutfliegen vom Körper lösen.","...흡혈파리의 날개 떼어내기.","","False","TOPIC_TalentAnimalTrophy_9","",""
"Scripts/Content/Story/Log_Entries/LOG_Constants_Notes.d:181","...Blutfliegen den Stachen entfernen.","...흡혈파리의 침 뽑기.","","False","TOPIC_TalentAnimalTrophy_10","",""
"Scripts/Content/Story/Log_Entries/LOG_Constants_Notes.d:182","...Tieren ihre Greifzangen entfernen.","...동물의 집게발 뽑기.","","False","TOPIC_TalentAnimalTrophy_11","",""
"Scripts/Content/Story/Log_Entries/LOG_Constants_Notes.d:183","...Minecrawlern die Panzerplatten vom Körper lösen","...마인크롤러의 장갑판 떼어내기.","","False","TOPIC_TalentAnimalTrophy_12","",""
"Scripts/Content/Story/Log_Entries/LOG_Constants_Notes.d:184","...Drachensnappern ihre Hörner entfernen.","...드래곤 스내퍼의 뿔 뽑기.","","False","TOPIC_TalentAnimalTrophy_13","",""
"Scripts/Content/Story/Log_Entries/LOG_Constants_Notes.d:185","...Drachenschuppen vom Körper eines toten Drachen lösen.","...죽은 드래곤의 비늘 떼어내기.","","False","TOPIC_TalentAnimalTrophy_14","",""
"Scripts/Content/Story/Log_Entries/LOG_Constants_Notes.d:186","...toten Drachen ihr Blut abzapfen.","...죽은 드래곤의 피 채집하기.","","False","TOPIC_TalentAnimalTrophy_15","",""
"Scripts/Content/Story/Log_Entries/LOG_Constants_Notes.d:188","Die Kreise der Magie","마법의 서클","","False","TOPIC_TalentMagicCircle","",""
"Scripts/Content/Story/Log_Entries/LOG_Constants_Notes.d:189","Die mir zugängliche magischen Runen sind in Kreise eingeteilt. Einen Spruch mit einem höheren Kreis als ich gemeistert habe, kann ich nicht verwenden.","내가 사용할 수 있는 마법 룬은 서클별로 나뉘어 있다. 내가 마스터한 서클보다 높은 서클의 주문은 사용할 수 없다.","","False","TOPIC_TalentMagicCircle_1","",""
"Scripts/Content/Story/Log_Entries/LOG_Constants_Notes.d:190","Die Sprüche des 1. Kreises sind: Licht, Feuerpfeil, Kleiner Blitz, leichte Wunden heilen und Goblin Skelett beschwören.","1서클의 주문: 빛, 화염 화살, 작은 번개, 경상 치료, 고블린 스켈레톤 소환.","","False","TOPIC_TalentMagicCircle_2","",""
"Scripts/Content/Story/Log_Entries/LOG_Constants_Notes.d:191","Die Sprüche des 2. Kreises sind: Feuerball, Eispfeil, Wolf rufen, Windfaust und Schlaf","2서클의 주문: 화염구, 얼음 화살, 늑대 소환, 바람의 주먹, 수면","","False","TOPIC_TalentMagicCircle_3","",""
"Scripts/Content/Story/Log_Entries/LOG_Constants_Notes.d:192","Die Sprüche des 3. Kreises sind: mittlere Wunden heilen, Kugelblitz ,Kleiner Feuersturm, Skelett erschaffen, Angst und Eisblock","3서클의 주문: 중등상 치료, 구형 번개, 소형 화염 폭풍, 스켈레톤 소환, 공포, 빙결","","False","TOPIC_TalentMagicCircle_4","",""
"Scripts/Content/Story/Log_Entries/LOG_Constants_Notes.d:193","Die Sprüche des 4. Kreises sind: Blitzschlag, Steingolem erschaffen, Untote vernichten und Grosser Feuerball.","4서클의 주문: 번개, 돌 골렘 소환, 언데드 파괴, 대형 화염구.","","False","TOPIC_TalentMagicCircle_5","",""
"Scripts/Content/Story/Log_Entries/LOG_Constants_Notes.d:194","Die Sprüche des 5. Kreises sind: Grosser Feuersturm, Eiswelle ,Dämon beschwören und schwere Wunden heilen.","5서클의 주문: 대형 화염 폭풍, 얼음 파동, 악마 소환, 중상 치료.","","False","TOPIC_TalentMagicCircle_6","",""
"Scripts/Content/Story/Log_Entries/LOG_Constants_Notes.d:195","Die Sprüche des 6. Kreises sind: Feuerregen, Todeshauch, Todeswelle, Armee der Finsternis und Monster schrumpfen.","6서클의 주문: 화염비, 죽음의 숨결, 죽음의 파동, 어둠의 군대, 몬스터 축소.","","False","TOPIC_TalentMagicCircle_7","",""
"Scripts/Content/Story/Log_Entries/LOG_Constants_Notes.d:197","Das suchende Irrlicht","수색 도깨비불","","False","TOPIC_WispDetector","",""
"Scripts/Content/Story/Log_Entries/LOG_Constants_Notes.d:198","Die Sprache der Erbauer","건축가들의 언어","","False","TOPIC_Language","",""
"Scripts/Content/Story/Log_Entries/LOG_Constants_Notes.d:201","Besonderes","특전","","False","Topic_Bonus","",""
"Scripts/Content/Story/Log_Entries/LOG_Constants_Notes.d:202","Constantino hat mich als Lehrling eingestellt. Ich habe nun Zugang zum oberen Viertel.","콘스탄티노가 나를 제자로 받아들였다. 이제 상류 지구에 들어갈 수 있다.","","False","Topic_Bonus_1","",""
"Scripts/Content/Story/Log_Entries/LOG_Constants_Notes.d:203","Bei Constantino kann ich Pilze zu einem besonderen guten Preis verkaufen.","콘스탄티노에게 버섯을 아주 좋은 가격에 팔 수 있다.","","False","Topic_Bonus_2","",""
"Scripts/Content/Story/Log_Entries/LOG_Constants_Notes.d:204","Harad hat mich als Lehrling eingestellt. Ich habe nun Zugang zum oberen Viertel.","하라드가 나를 제자로 받아들였다. 이제 상류 지구에 들어갈 수 있다.","","False","Topic_Bonus_3","",""
"Scripts/Content/Story/Log_Entries/LOG_Constants_Notes.d:205","Harad kauft mir meine geschmiedeten Waffen zu einem guten Preis ab.","하라드가 내가 직접 제련한 무기를 좋은 가격에 사 준다.","","False","Topic_Bonus_4","",""
"Scripts/Content/Story/Log_Entries/LOG_Constants_Notes.d:206","Ich weiß jetzt was ich tun muss, um heilenden Saft aus den abgetrennten Stacheln von Blutfliegen trinken zu können. ","이제 흡혈파리의 잘라낸 침에서 치유의 진액을 추출하는 법을 알게 되었다. ","","False","Topic_Bonus_5","",""
"Scripts/Content/Story/Log_Entries/LOG_Constants_Notes.d:207","Bei Hilda kann ich mir jeden Tag einen Rübeneintopf abholen.","힐다에게 매일 순무 스튜를 받아올 수 있다.","","False","Topic_Bonus_6","",""
"Scripts/Content/Story/Log_Entries/LOG_Constants_Notes.d:208","Bei Onar kann ich mir täglich meinen Sold abholen.","오나르에게 매일 임금을 받아올 수 있다.","","False","Topic_Bonus_7","",""
"Scripts/Content/Story/Log_Entries/LOG_Constants_Notes.d:209","Bosper zahlt mir für Felle einen besonders guten Preis.","바스퍼가 가죽을 아주 좋은 가격에 사 준다.","","False","Topic_Bonus_8","",""
"Scripts/Content/Story/Log_Entries/LOG_Constants_Notes.d:210","Bosper hat mich als Lehrling eingestellt. Ich habe nun Zugang zum oberen Viertel.","바스퍼가 나를 제자로 받아들였다. 이제 상류 지구에 들어갈 수 있다.","","False","Topic_Bonus_9","",""
"Scripts/Content/Story/Log_Entries/LOG_Constants_Notes.d:212","Diebesgilde","도둑 길드","","False","Topic_Diebesgilde","",""
"Scripts/Content/Story/Log_Entries/LOG_Constants_Notes.d:213","Ich bin in die Diebesgilde aufgenommen worden.","나는 도둑 길드에 가입했다.","","False","Topic_Diebesgilde_1","",""
"Scripts/Content/Story/Log_Entries/LOG_Constants_Notes.d:214","Ich kenne das Zeichen der Diebe. Wenn ich das den richtigen Leuten zeige, wissen sie das ich dazugehöre. ","나는 도둑들의 암호를 알고 있다. 알맞은 사람들에게 이 암호를 보여주면 내가 한패라는 사실을 알 것이다. ","","False","Topic_Diebesgilde_2","",""
"Scripts/Content/Story/Log_Entries/LOG_Constants_Notes.d:215","Halvor kauft mir silberne Teller und Kelche zu einem besseren Preis als jeder andere Händler ab.","할보르는 다른 어떤 상인보다 더 좋은 가격으로 은접시와 성찬컵을 사 준다.","","False","Topic_Diebesgilde_3","",""
"Scripts/Content/Story/Log_Entries/LOG_Constants_Yoly.d:7","Kräuter für Constantino","콘스탄티노를 위한 허브","","False","TOPIC_Addon_PickForConstantino","",""
"Scripts/Content/Story/Log_Entries/LOG_Constants_Yoly.d:8","Lester sagt, dass ich mit 10 Planzen der gleichen Art an den Stadtwachen vorbei komme, wenn ich sage, dass sie für den alten Alchemisten namens Constantino sind.","레스터는 콘스탄티노라는 노인 연금술사를 위해 채집하는 거라고 말하면, 10개만큼의 같은 종류 허브를 가지고 경비병들을 통과할 수 있다고 했다.","","False","TOPIC_Addon_PickForConstantino_1","",""
"Scripts/Content/Story/Log_Entries/LOG_Constants_Yoly.d:10","Der Mann mit der Augenklappe","안대를 한 남자","","False","TOPIC_Addon_Greg_NW","",""
"Scripts/Content/Story/Log_Entries/LOG_Constants_Yoly.d:11","Der seltsame Kerl mit der Augenklappe will in die Hafenstadt. Ich soll für ihn einen Weg finden, an den Stadtwachen vorbei zu kommen.","안대를 한 수상한 녀석이 항구 도시로 들어가고 싶어 한다. 나는 그가 경비병들을 피해 도시로 들어갈 방법을 찾아주어야 한다.","","False","TOPIC_Addon_Greg_NW_1","",""
"Scripts/Content/Story/Log_Entries/LOG_Constants_Yoly.d:12","Ich habe ihm Bauernkleidung gegeben. Damit kam er an den Stadtwachen vorbei.","그에게 농부의 옷을 주었다. 그 옷 덕분에 경비병들을 통과할 수 있을 것이다.","","False","TOPIC_Addon_Greg_NW_2","",""
"Scripts/Content/Story/Log_Entries/LOG_Constants_Yoly.d:13","Der Mann mit der Augenklappe sucht jemanden, dessen Name mit einem 'D' anfängt.","안대를 한 남자가 'D'로 시작하는 이름을 가진 사람을 찾고 있다.","","False","TOPIC_Addon_Greg_NW_3","",""
"Scripts/Content/Story/Log_Entries/LOG_Constants_Yoly.d:14","Ich habe dem Mann mit der Augenklappe Gold angeboten, doch er wollte es nicht. Ich soll ihm zu seiner Höhle folgen.","안대를 한 남자에게 금을 주겠다고 제안했지만 거절당했다. 그의 동굴을 따라가 봐야겠다.","","False","TOPIC_Addon_Greg_NW_4","",""
"Scripts/Content/Story/Log_Entries/LOG_Constants_Yoly.d:15","Der Kerl will, dass ich in der Höhle nach seinem Kram suche. Er hat es vergraben und die Stelle mit einem Kreuz markiert. Dazu gab er mir eine Hacke.","그 녀석은 동굴에서 자기 물건을 찾아내길 원한다. 그는 물건을 묻고 십자가 모양으로 표시를 해 두었다. 그러면서 나에게 곡괭이를 주었다.","","False","TOPIC_Addon_Greg_NW_5","",""
"Scripts/Content/Story/Log_Entries/LOG_Constants_Yoly.d:16","Es gibt noch mehr Stellen an denen er etwas vergraben hat. 1) Auf der kleinen Insel im See mit den zwei Wasserfällen. 2) Oben auf dem Weidenplateau hinterm Bauernhof. 3) Neben dem Eingang zum Pass bei den Wasserfällen. 4) In dem Talkessel unterhalb der Treppe von den Feldern des Bauern vom Weidenplateau zu denen des Großbauern. Ich soll ihm den vergrabenen Kram wieder beschaffen. Er wartet auf mich an der Kreuzung zwischen den Feldern.","그가 물건을 묻어둔 곳은 그뿐만이 아니다. 1) 폭포 두 개가 있는 호수의 작은 섬. 2) 농장 뒤편의 초원 고원 위. 3) 폭포 근처의 고지대 통로 입구 옆. 4) 초원 고원의 농부 농장 들판에서 대농장 들판으로 이어지는 계단 아래의 분지. 나는 그가 묻어둔 물건들을 다시 찾아다 주어야 한다. 그는 들판 사이의 교차로에서 나를 기다리고 있을 것이다.","","False","TOPIC_Addon_Greg_NW_6","",""
"Scripts/Content/Story/Log_Entries/LOG_Constants_Yoly.d:18","Das Portal","포털","","False","TOPIC_Addon_Ornament","",""
"Scripts/Content/Story/Log_Entries/LOG_Constants_Yoly.d:19","Die Wassermagier haben ein Portal gefunden, das in einen unerforschten Teil von Khorinis führen soll.","물의 마법사들이 코리니스의 미지의 구역으로 이어진다는 포털을 발견했다.","","False","TOPIC_Addon_Ornament_1","",""
"Scripts/Content/Story/Log_Entries/LOG_Constants_Yoly.d:20","Nefarius will mit Hilfe eines Ornamentringes den Mechanismus des Portals aktivieren. Dazu fehlen ihm noch 3 Fragmente des Ornamentringes. Ich soll sie ihm beschaffen. Er gab mir eine Karte in der die Stellen markiert sind, wo ich nach den Ornamentfragmenten suchen soll.","네파리우스는 장식 반지를 이용해 포털의 장치를 활성화하려고 한다. 하지만 아직 장식 반지 파편 3개가 부족하다고 한다. 내가 그것을 찾아다 주어야 한다. 그는 장식 반지 파편을 찾아야 할 장소가 표시된 지도를 건네주었다.","","False","TOPIC_Addon_Ornament_2","",""
"Scripts/Content/Story/Log_Entries/LOG_Constants_Yoly.d:21","Ich habe Nefarius alle Fragmente des Ornamentringes gebracht. Die Wassermagier wollen nun, den Ring wieder zusammenschweißen.","장식 반지 파편들을 모두 네파리우스에게 가져다주었다. 이제 물의 마법사들은 반지를 다시 용접해 붙이려고 한다.","","False","TOPIC_Addon_Ornament_3","",""
"Scripts/Content/Story/Log_Entries/LOG_Constants_Yoly.d:22","Der Ornamentring ist wieder zusammengesetzt. Ich soll ihn bei Saturas abholen.","장식 반지가 다시 조립되었다. 사투러스에게서 반지를 받아와야 한다.","","False","TOPIC_Addon_Ornament_4","",""
"Scripts/Content/Story/Log_Entries/LOG_Constants_Yoly.d:23","Eins der fehlenden Ornamentfragmente befindet sich bei den Paladinen im oberen Viertel.","누락된 장식 반지 파편 중 하나는 상류 지구의 팔라딘들에게 있다.","","False","TOPIC_Addon_Ornament_5","",""
"Scripts/Content/Story/Log_Entries/LOG_Constants_Yoly.d:24","Saturas meinte, ich soll nicht alleine gehen, wenn ich im großen Wald nach einem der Ornamentfragmente suche. Ich soll nach Khorinis gehen und mir jemanden suchen, der mich begleitet.","사투러스는 커다란 숲에서 장식 반지 파편을 찾을 때 혼자 가지 말라고 했다. 코리니스에 가서 동행할 사람을 찾으라고 한다.","","False","TOPIC_Addon_Ornament_6","",""
"Scripts/Content/Story/Log_Entries/LOG_Constants_Yoly.d:25","Saturas gab mir den Ornamentring. Ich soll ihn nun in den Mechanismus des Portals einsetzen und durch das Portal gehen.","사투러스가 장식 반지를 주었다. 이제 포털의 장치에 반지를 끼우고 포털을 통과해야 한다.","","False","TOPIC_Addon_Ornament_7","",""
"Scripts/Content/Story/Log_Entries/LOG_Constants_Yoly.d:26","Saturas will mir den Ornamentring nicht geben, solange er kein Zeichen von Vatras erhalten hat, dass mir zu trauen ist.","사투러스는 내가 믿을 만한 사람이라는 바트라스의 증거를 받기 전까지는 장식 반지를 주지 않겠다고 한다.","","False","TOPIC_Addon_Ornament_8","",""
"Scripts/Content/Story/Log_Entries/LOG_Constants_Yoly.d:27","Ich habe den Mechanismus des Steinkreises in der Nähe von Sekobs Hof aktiviert. Es gab einen grossen Knall und ein Steinwächter trachtete mir nach dem Leben.","세코브의 농장 근처에 있는 돌 무덤의 장치를 작동시켰다. 엄청난 굉음과 함께 돌 수호자가 나타나 나를 죽이려 들었다.","","False","TOPIC_Addon_Ornament_9","",""
"Scripts/Content/Story/Log_Entries/LOG_Constants_Yoly.d:28","Ich habe den Mechanismus des Steinkreises bei Lobarts Hof aktiviert. Mehr als ein Beben hat es dabei allerdings nicht gegeben.","로바트의 농장 근처에 있는 돌 무덤의 장치를 작동시켰다. 하지만 약간의 진동이 일어났을 뿐 별다른 일은 벌어지지 않았다.","","False","TOPIC_Addon_Ornament_10","",""
"Scripts/Content/Story/Log_Entries/LOG_Constants_Yoly.d:29","Ich habe den Mechanismus des Steinkreises im nördlichen Wald aktiviert. Ein grosser Steinwächter erschien. Er hatte eine echt miese Laune.","북쪽 숲에 있는 돌 무덤의 장치를 작동시켰다. 커다란 돌 수호자가 나타났다. 기분이 아주 나빠 보이는 녀석이었다.","","False","TOPIC_Addon_Ornament_11","",""
"Scripts/Content/Story/Log_Entries/LOG_Constants_Yoly.d:31","Riordian","리오르디안","","False","TOPIC_Addon_HolRiordian","",""
"Scripts/Content/Story/Log_Entries/LOG_Constants_Yoly.d:32","Saturas will, dass ich den Wassermagier Riordian zu ihm schicke. Er soll sich im hinteren Bereich des Gewölbes der Ausgrabungsstelle aufhalten.","사투러스는 물의 마법사 리오르디안을 자기에게 보내달라고 한다. 그는 발굴지의 안쪽 금고 구역에 있을 것이다.","","False","TOPIC_Addon_HolRiordian_1","",""
"Scripts/Content/Story/Log_Entries/LOG_Constants_Yoly.d:34","Der'Ring des Wassers'","'링 오브 워터'","","False","TOPIC_Addon_RingOfWater","",""
"Scripts/Content/Story/Log_Entries/LOG_Constants_Yoly.d:35","Es gibt eine Gemeinschaft, die sich der 'Ring des Wassers' nennt. Die Wassermagier scheinen die Befehlshaber dieser Gemeinschaft zu sein.","'링 오브 워터'라는 이름의 모임이 존재한다. 물의 마법사들이 이 모임의 지휘자들인 것 같다.","","False","TOPIC_Addon_RingOfWater_1","",""
"Scripts/Content/Story/Log_Entries/LOG_Constants_Yoly.d:36","Cavalorn gehört zum 'Ring des Wassers'.","카발론은 '링 오브 워터'의 일원이다.","","False","TOPIC_Addon_RingOfWater_2","",""
"Scripts/Content/Story/Log_Entries/LOG_Constants_Yoly.d:37","Lares gehört zum 'Ring des Wassers'.","라레스는 '링 오브 워터'의 일원이다.","","False","TOPIC_Addon_RingOfWater_3","",""
"Scripts/Content/Story/Log_Entries/LOG_Constants_Yoly.d:38","Der 'Ring' ist für die Wassermagier das, was die Paladine für die Feuermagier sind. Nur arbeitet der 'Ring' im Hintergrund. Niemand soll wissen, WER dazu gehört, damit ihre Anzahl und Stärke verborgen bleibt.","물의 마법사들에게 '링'은 화염 마법사들에게 팔라딘이 있는 것과 같다. 하지만 '링'은 배후에서 활동한다. 그들의 수와 힘이 숨겨질 수 있도록 누구도 그 구성원이 누구인지 알아서는 안 된다.","","False","TOPIC_Addon_RingOfWater_4","",""
"Scripts/Content/Story/Log_Entries/LOG_Constants_Yoly.d:39","Lares lud mich ein, zum geheimen Treffen des 'Rings' in Orlans Taverne zu kommen.","라레스는 오를란의 선술집에서 열리는 '링'의 비밀 모임에 나를 초대했다.","","False","TOPIC_Addon_RingOfWater_5","",""
"Scripts/Content/Story/Log_Entries/LOG_Constants_Yoly.d:40","Bei dem geheimen Treffen in Orlans Taverne wurde mir meine Rüstung verliehen. Ich soll nun zu Vatras gehen und mir meinen ersten Auftrag als Mitglied des 'Rings' geben lassen.","오를란의 선술집에서 열린 비밀 모임에서 내 방어구를 받았다. 이제 바트라스에게 가서 '링'의 일원으로서 첫 임무를 받아야 한다.","","False","TOPIC_Addon_RingOfWater_6","",""
"Scripts/Content/Story/Log_Entries/LOG_Constants_Yoly.d:41","Lares gab mir seinen Aquamarinring. Das Erkennungszeichen des 'Rings'. Wenn ich den Aquamarinring trage, werden mich die anderen Mitglieder des 'Rings' sich mir zu erkennen geben.","라레스가 자신의 아쿠아마린 반지를 주었다. 그것은 '링'의 암호였다. 내가 아쿠아마린 반지를 착용하면 '링'의 다른 구성원들이 나를 알아볼 것이다.","","False","TOPIC_Addon_RingOfWater_7","",""
"Scripts/Content/Story/Log_Entries/LOG_Constants_Yoly.d:42","Cavalorn erzählte mir, dass er einer Gemeinschaft angehört, die sich der 'Ring des Wassers' nennt.","카발론은 자신이 '링 오브 워터'라는 모임에 속해 있다고 말했다.","","False","TOPIC_Addon_RingOfWater_8","",""
"Scripts/Content/Story/Log_Entries/LOG_Constants_Yoly.d:43","Der Wassermagier Vatras kann mir mehr über den 'Ring des Wassers' erzählen.","물의 마법사 바트라스가 '링 오브 워터'에 대해 더 자세히 알려줄 수 있다.","","False","TOPIC_Addon_RingOfWater_9","",""
"Scripts/Content/Story/Log_Entries/LOG_Constants_Yoly.d:44","Saturas ist nicht bereit mich in den 'Ring des Wassers' aufzunehmen. Er überlässt Vatras die Entscheidung darüber.","사투러스는 나를 '링 오브 워터'에 받아들일 준비가 되어 있지 않다. 그는 그 결정을 바트라스에게 맡겼다.","","False","TOPIC_Addon_RingOfWater_10","",""
"Scripts/Content/Story/Log_Entries/LOG_Constants_Yoly.d:45","Saturas akzeptiert meine Aufnahme in den 'Ring des Wassers'.","사투러스가 나의 '링 오브 워터' 가입을 승인했다.","","False","TOPIC_Addon_RingOfWater_11","",""
"Scripts/Content/Story/Log_Entries/LOG_Constants_Yoly.d:46","Der 'Ring des Wassers' kümmernt sich um das Banditenproblem in Khorinis.","'링 오브 워터'는 코리니스의 산적 문제를 처리하고 있다.","","False","TOPIC_Addon_RingOfWater_12","",""
"Scripts/Content/Story/Log_Entries/LOG_Constants_Yoly.d:47","Vatras wird mich erst in den 'Ring des Wassers' aufnehmen, wenn ich heraus finde, wo die vermissten Leute sind.","바트라스는 실종된 사람들이 어디에 있는지 알아내야만 나를 '링 오브 워터'에 받아들일 것이라고 했다.","","False","TOPIC_Addon_RingOfWater_13","",""
"Scripts/Content/Story/Log_Entries/LOG_Constants_Yoly.d:48","Vatras hat eine wichtige Nachricht für Lord Hagen. Ich soll sie ihm überbringen.","바트라스에게 헤이건 경에게 전할 중요한 메시지가 있다. 내가 그에게 메시지를 전달해야 한다.","","False","TOPIC_Addon_RingOfWater_14","",""
"Scripts/Content/Story/Log_Entries/LOG_Constants_Yoly.d:49","Um zu Lord Hagen vorgelassen zu werden muss ich mich einer mächtigen Gemeinschaft in Khorinis anschließen.","헤이건 경을 만나려면 코리니스의 강력한 세력 중 하나에 가입해야 한다.","","False","TOPIC_Addon_RingOfWater_15","",""
"Scripts/Content/Story/Log_Entries/LOG_Constants_Yoly.d:50","Zu den mächtigen Gemeinschaften gehören die FEUERMAGIER, die MILIZ und die SÖLDNER auf dem Hof des Großbauern.","강력한 세력으로는 화염 마법사, 민병대, 그리고 대농장의 용병들이 있다.","","False","TOPIC_Addon_RingOfWater_16","",""
"Scripts/Content/Story/Log_Entries/LOG_Constants_Yoly.d:51","Ich gehöre jetzt zum 'Ring des Wassers' und soll mich mit meinen Brüdern in der Taverne 'Zur Toten Harpie' treffen.","나는 이제 '링 오브 워터'의 일원이 되었으며 '죽은 하피' 선술집에서 동료들을 만나야 한다.","","False","TOPIC_Addon_RingOfWater_17","",""
"Scripts/Content/Story/Log_Entries/LOG_Constants_Yoly.d:53","Die Wassermagier","물의 마법사","","False","TOPIC_Addon_KDW","",""
"Scripts/Content/Story/Log_Entries/LOG_Constants_Yoly.d:54","Die Wassermagier vermuten eine alte verlorene Stadt hinter dem Portal.","물의 마법사들은 포털 뒤쪽에 고대 잃어버린 도시가 있을 것으로 추측하고 있다.","","False","TOPIC_Addon_KDW_1","",""
"Scripts/Content/Story/Log_Entries/LOG_Constants_Yoly.d:55","Einem Banditen nahm ich eine Nachricht ab, die Cavalorn dem Wassermagier Vatras übergeben sollte. Jetzt ist es meine Aufgabe.","카발론이 물의 마법사 바트라스에게 전달해야 했던 메시지를 산적에게서 빼앗았다. 이제 그 일을 내가 완수해야 한다.","","False","TOPIC_Addon_KDW_2","",""
"Scripts/Content/Story/Log_Entries/LOG_Constants_Yoly.d:56","Nefarius sucht nach einem fehlenden Ornament.","네파리우스가 사라진 장식물을 찾고 있다.","","False","TOPIC_Addon_KDW_3","",""
"Scripts/Content/Story/Log_Entries/LOG_Constants_Yoly.d:57","Ich habe Lares das Ornament von Vatras überbracht. Er will es selbst den Wassermagiern überbringen. Ich sollte ihn dabei begleiten.","바트라스에게 받은 장식물을 라레스에게 전달했다. 그는 직접 물의 마법사들에게 그것을 전달하려 한다. 나는 그를 따라가야 한다.","","False","TOPIC_Addon_KDW_4","",""
"Scripts/Content/Story/Log_Entries/LOG_Constants_Yoly.d:58","Lares erzählte mir von der Ausgrabungsstelle der Wassermagier. Sie untersuchen dort seltsame Ereignisse. Es gibt dort rätselhafte Erdbeben und seltsame Steinwesen sollen der Erde entstiegen sein.","라레스가 물의 마법사들의 발굴지에 대해 얘기해 주었다. 그들은 그곳에서 일어나는 기이한 일들을 조사하고 있다. 수수께끼 같은 지진이 일어나고 땅에서 이상한 돌 생명체들이 솟아났다고 한다.","","False","TOPIC_Addon_KDW_5","",""
"Scripts/Content/Story/Log_Entries/LOG_Constants_Yoly.d:59","Ich habe das Ornament von Lares in die Hand gedrückt bekommen. Ich soll es dem Wassermagier Saturas übergeben.","라레스에게서 장식물을 건네받았다. 물의 마법사 사투러스에게 그것을 전해주어야 한다.","","False","TOPIC_Addon_KDW_6","",""
"Scripts/Content/Story/Log_Entries/LOG_Constants_Yoly.d:60","Der Wassermagier Vatras befindet in der Hafenstadt Khorinis. Er predigt dort im Adanos-Tempel.","물의 마법사 바트라스는 코리니스 항구도시에 있다. 그는 그곳의 아다노스 신전에서 설교를 하고 있다.","","False","TOPIC_Addon_KDW_7","",""
"Scripts/Content/Story/Log_Entries/LOG_Constants_Yoly.d:61","Ich habe die Wassermagier an ihrer Ausgrabungsstelle gefunden. Ich muss erst noch heraus finden, was die Jungs hier eigentlich machen. Saturas war nicht bereit, es mir zu sagen. Er ist immer noch sehr unentspannt, wegen der alten Geschichten aus der Strafkolonie.","발굴지에서 물의 마법사들을 만났다. 하지만 이 자들이 여기서 정확히 뭘 하고 있는지 먼저 알아내야 한다. 사투러스는 내게 말해줄 생각이 없어 보였다. 그는 처벌 수용소 시절의 오래된 일들 때문에 여전히 꽤 예민해 있다.","","False","TOPIC_Addon_KDW_8","",""
"Scripts/Content/Story/Log_Entries/LOG_Constants_Yoly.d:62","Die anderen Wassermagier erforschen die Ruinen einer alten Kultur nordöstlich von Khorinis. Es ist möglicherweise der Zugang zu einem bisher unerforschten Teil von Khorinis.","다른 물의 마법사들은 코리니스 북동쪽의 고대 문화 유적을 조사하고 있다. 코리니스의 아직 밝혀지지 않은 지역으로 통하는 입구일지도 모른다.","","False","TOPIC_Addon_KDW_9","",""
"Scripts/Content/Story/Log_Entries/LOG_Constants_Yoly.d:63","Bevor ich mich der Expedition der Wassermagier anschließen kann, will Vatras erst, dass ich dem 'Ring des Wassers' beitrete.","물의 마법사들의 탐사대에 합류하기 전에, 바트라이언은 내가 먼저 '링 오브 워터'에 가입하기를 원한다.","","False","TOPIC_Addon_KDW_10","",""
"Scripts/Content/Story/Log_Entries/LOG_Constants_Yoly.d:64","Vatras schickt mich mit einem Schreiben zu Saturas. Ich soll nun mit den anderen Wassermagiern durch das Portal gehen und der Spur des ehemaligen Erzbarons Raven folgen.","바트라스가 사투러스에게 전할 편지를 주었다. 이제 다른 물의 마법사들과 함께 포털을 통과해 예전 광산 남작이었던 레이븐의 흔적을 쫓아야 한다.","","False","TOPIC_Addon_KDW_11","",""
"Scripts/Content/Story/Log_Entries/LOG_Constants_Yoly.d:66","Cavalorns alte Hütte","카발론의 오래된 오두막","","False","TOPIC_Addon_CavalornTheHut","",""
"Scripts/Content/Story/Log_Entries/LOG_Constants_Yoly.d:68","Cavalorn will, dass ich nachsehe, ob seine alte Hütte im Minental immer noch steht. Soweit ich mich erinnern kann, befindet sich seine Hütte im hügeligen Land westlich vom damaligen alten Lager. Ich vermute, er hat dort noch irgendetwas liegen lassen.","카발론은 광산 계곡에 있는 그의 오래된 오두막이 아직도 남아 있는지 확인해 달라고 한다. 기억하기로는 그의 오두막은 예전 구영지 서쪽의 언덕 지대에 있다. 그가 거기에 무언가를 두고 온 것 같다.","","False","TOPIC_Addon_CavalornTheHut_1","",""
"Scripts/Content/Story/Log_Entries/LOG_Constants_Yoly.d:69","Bei Cavalorns Hütte im Minental habe ich einen Beutel mit einem Erzbrocken gefunden. Cavalorn, der alte Gauner, hat ihn hier bestimmt vergessen.","광산 계곡에 있는 카발론의 오두막 근처에서 마법 광석 덩어리가 든 주머니를 발견했다. 늙은 사기꾼 카발론이 여기에 두고 온 게 분명하다.","","False","TOPIC_Addon_CavalornTheHut_2","",""
"Scripts/Content/Story/Log_Entries/LOG_Constants_Yoly.d:71","Cavalorns Banditen","카발론의 산적들","","False","TOPIC_Addon_KillBrago","",""
"Scripts/Content/Story/Log_Entries/LOG_Constants_Yoly.d:72","Cavalorn ist etwas wertvolles von den Banditen in seiner Nähe gestohlen worden. Er will, dass wir zusammen die Banditen aufmischen.","카발론 근처에 있던 산적들이 그에게서 소중한 물건을 훔쳐갔다. 그는 나와 함께 산적들을 소탕하고 싶어 한다.","","False","TOPIC_Addon_KillBrago_1","",""
"Scripts/Content/Story/Log_Entries/LOG_Constants_Yoly.d:74","Der Waffenhändler der Banditen","산적들의 무기 상인","","False","TOPIC_Addon_Bandittrader","",""
"Scripts/Content/Story/Log_Entries/LOG_Constants_Yoly.d:75","Ich habe ein Schriftstück gefunden, das beweisen kann, dass Fernando der Waffenhändler ist, den ich suche.","페르난도가 내가 찾던 무기 상인임을 증명할 수 있는 문서를 찾았다.","","False","TOPIC_Addon_BanditTrader_1","",""
"Scripts/Content/Story/Log_Entries/LOG_Constants_Yoly.d:76","Es gibt einen Waffenhändler in Khorinis, der die Banditen unterstützt. Vatras will, dass ich der Sache nachgehe.","코리니스에는 산적들을 지원하는 무기 상인이 있다. 바트라스는 내가 이 사건을 조사하길 원한다.","","False","TOPIC_Addon_BanditTrader_2","",""
"Scripts/Content/Story/Log_Entries/LOG_Constants_Yoly.d:77","Martin der Proviantmeister der Paladine kümmert sich um die Sache mit dem Waffenhändler. Ich finde ihn am Hafen, wo die Paladine ihren Proviant lagern.","팔라딘의 보급관 마틴이 무기 상인 건을 조사하고 있다. 팔라딘들이 보급품을 보관하고 있는 항구로 가면 그를 찾을 수 있다.","","False","TOPIC_Addon_BanditTrader_3","",""
"Scripts/Content/Story/Log_Entries/LOG_Constants_Yoly.d:78","Vatras gab mir ein 'Ammulett des suchenden Irrlichts'. Es soll mir bei der Suche nach dem Waffenhändler helfen.","바트라스가 '시커들의 도깨비불 부적'을 주었다. 무기 상인을 찾는 데 도움이 될 것이다.","","False","TOPIC_Addon_BanditTrader_4","",""
"Scripts/Content/Story/Log_Entries/LOG_Constants_Yoly.d:79","Das suchende Irrlicht kann noch mehr als nur nach Nahkmpfwaffen suchen. Riordian, der Wassermagier, kann meinem Irrlicht beibringen, nach mehr Dingen zu suchen.","시커들의 도깨비불은 근접 무기를 찾는 것 이상의 일을 할 수 있다. 물의 마법사 리오르디안에게 부탁하면 내 도깨비불이 더 많은 것을 찾도록 가르쳐 줄 수 있다.","","False","TOPIC_Addon_BanditTrader_5","",""
"Scripts/Content/Story/Log_Entries/LOG_Constants_Yoly.d:80","Fernando, der Überseehändler, hat selbst zugegeben, Waffen an die Banditen geliefert zu haben.","해외 상인 페르난도는 산적들에게 무기를 공급했다고 스스로 자백했다.","","False","TOPIC_Addon_BanditTrader_6","",""
"Scripts/Content/Story/Log_Entries/LOG_Constants_Yoly.d:81","Laut Martin ist der Waffenhändler ein einflußreicher Bürger des oberen Viertels.","마틴에 따르면, 그 무기 상인은 상층 구역의 영향력 있는 시민이라고 한다.","","False","TOPIC_Addon_BanditTrader_7","",""
"Scripts/Content/Story/Log_Entries/LOG_Constants_Yoly.d:82","Die Banditen belagern die Verbindungsstrassen zwischen der Hafenstadt und den Bauernhöfen. Bei ihnen könnten Hinweise zu finden sein, die den Waffenhändler entlarven.","산적들이 항구 도시와 농장들을 잇는 도로를 봉쇄하고 있다. 그들에게서 무기 상인의 정체를 폭로할 단서를 찾을 수 있을지도 모른다.","","False","TOPIC_Addon_BanditTrader_8","",""
"Scripts/Content/Story/Log_Entries/LOG_Constants_Yoly.d:83","Martin wird dafür sorgen, dass Fernando seine Strafe absitzt. Ich soll Vatras davon unterrichten.","마틴이 페르난도가 그에 합당한 처벌을 받도록 할 것이다. 이 사실을 바트라스에게 알려야 한다.","","False","TOPIC_Addon_BanditTrader_9","",""
"Scripts/Content/Story/Log_Entries/LOG_Constants_Yoly.d:84","Die Spur führt mich in den Wald hinter Sekobs Bauernhof irgendwo im Norden. Dort soll es Banditen geben, die eine Menge Waffen geliefert bekommen haben.","흔적은 북쪽에 있는 세코브의 농장 뒤편 숲으로 이어진다. 그곳에 엄청난 양의 무기를 건네받은 산적들이 있다고 한다.","","False","TOPIC_Addon_BanditTrader_10","",""
"Scripts/Content/Story/Log_Entries/LOG_Constants_Yoly.d:86","Die Vermissten","실종자들","","False","TOPIC_Addon_MissingPeople","",""
"Scripts/Content/Story/Log_Entries/LOG_Constants_Yoly.d:87","Garvell beschwert sich über seinen Arbeiter Monty. Monty ist eines Tages nicht mehr zur Arbeit erschienen und macht sich seitdem angeblich ein schönes Leben bei den Bauern.","가르벨이 자신의 노동자인 몬티에 대해 불평하고 있다. 몬티는 어느 날부터 출근하지 않더니, 그 이후로 농장에서 팔자를 펴고 살고 있다는 것이다.","","False","TOPIC_Addon_MissingPeople_1","",""
"Scripts/Content/Story/Log_Entries/LOG_Constants_Yoly.d:88","Der Söldner Cord sucht nach seinem Kumpel Patrick.","용병 코르드가 자신의 친구 패트릭을 찾고 있다.","","False","TOPIC_Addon_MissingPeople_2","",""
"Scripts/Content/Story/Log_Entries/LOG_Constants_Yoly.d:89","Der Bauer Bengar vermisst seinen Feldarbeiter Pardos.","농부 벵가르가 자신의 농장 노동자 파르도를 찾지 못하고 있다.","","False","TOPIC_Addon_MissingPeople_3","",""
"Scripts/Content/Story/Log_Entries/LOG_Constants_Yoly.d:90","Der Bauer Akil vermisst seine beiden Feldarbeiter Tonak und Telbor.","농부 아킬이 자신의 두 농장 노동자인 토낙과 텔보르를 찾지 못하고 있다.","","False","TOPIC_Addon_MissingPeople_4","",""
"Scripts/Content/Story/Log_Entries/LOG_Constants_Yoly.d:91","Dexter behauptet den Söldner Patrick nicht zu kennen.","덱스터는 용병 패트릭을 모른다고 주장한다.","","False","TOPIC_Addon_MissingPeople_5","",""
"Scripts/Content/Story/Log_Entries/LOG_Constants_Yoly.d:92","Elvrich der Tischlerlehrling von Thorben ist verschwunden.","소르벤의 목수 견습생인 엘브리히가 사라졌다.","","False","TOPIC_Addon_MissingPeople_6","",""
"Scripts/Content/Story/Log_Entries/LOG_Constants_Yoly.d:93","Elvrich ist zum Tischlermeister Thorben zurück gegangen.","엘브리히가 목수 마스터 소르벤에게 돌아갔다.","","False","TOPIC_Addon_MissingPeople_7","",""
"Scripts/Content/Story/Log_Entries/LOG_Constants_Yoly.d:94","Ein Freudenmädchen namens Lucia ist aus dem Bordell am Hafen verschwunden.","루시아라는 이름의 매춘부가 항구의 사창가에서 사라졌다.","","False","TOPIC_Addon_MissingPeople_8","",""
"Scripts/Content/Story/Log_Entries/LOG_Constants_Yoly.d:96","Wo sind die vermissten Leute?","실종된 사람들은 어디에 있는가?","","False","TOPIC_Addon_WhoStolePeople","",""
"Scripts/Content/Story/Log_Entries/LOG_Constants_Yoly.d:97","Der Fischer Farim scheint etwas über den Verbleib seines Freundes William zu wissen.","어부 파림은 친구 윌리엄의 행방에 대해 무언가 알고 있는 눈치다.","","False","TOPIC_Addon_WhoStolePeople_1","",""
"Scripts/Content/Story/Log_Entries/LOG_Constants_Yoly.d:98","Farim hat seine Hütte in der Nähe des Proviantlagers der Paladine.","파림의 오두막은 팔라딘의 보급창 근처에 있다.","","False","TOPIC_Addon_WhoStolePeople_2","",""
"Scripts/Content/Story/Log_Entries/LOG_Constants_Yoly.d:99","Jetzt habe ich es schriftlich. Raven, der ehemalige Erzbaron steckt hinter den Entführungen der Bürger von Khorinis. Raven hat sein Versteck irgendwo hinter den Bergen im Berge im Nordosten von Khorinis. Vatras sollte sich dieses Schrftstück mal ansehen.","이제 문서로 확인했다. 코리니스 시민들의 납치 배후에는 예전 광산 남작이었던 레이븐이 있다. 레이븐의 은신처는 코리니스 북동쪽 산속 어딘가에 있다. 바트라스에게 이 문서를 보여주어야 한다.","","False","TOPIC_Addon_WhoStolePeople_3","",""
"Scripts/Content/Story/Log_Entries/LOG_Constants_Yoly.d:100","Kardif meint, ich soll mich bei Coragon dem Wirt aus der Unterstadt und Halvor dem Fischhändler am Hafen nach den vermissten Bürgern erkundigen.","카르디프는 하층민 구역의 여관 주인 코라곤과 항구의 생선 장수 할보르에게 실종된 시민들에 대해 물어보라고 한다.","","False","TOPIC_Addon_WhoStolePeople_4","",""
"Scripts/Content/Story/Log_Entries/LOG_Constants_Yoly.d:101","Der Fischhändler Halvor hatte keinen besseren Rat für mich, als mich zu den Bootbauern am Hafen zu schicken.","생선 장수 할보르가 해준 조언이라곤 항구의 조선공들에게 가보라는 것뿐이었다.","","False","TOPIC_Addon_WhoStolePeople_5","",""
"Scripts/Content/Story/Log_Entries/LOG_Constants_Yoly.d:102","Der Fischer Farim beklagt den Verlust seines Kumpels William. Farim sagt, dass sich William öfter mit irgendwelchen Halsabschneidern in einer Bucht nördlich des Hafens getroffen hat.","어부 파림은 친구 윌리엄의 실종을 슬퍼하고 있다. 파림의 말에 따르면 윌리엄은 항구 북쪽의 만에서 자객들과 자주 만났다고 한다.","","False","TOPIC_Addon_WhoStolePeople_6","",""
"Scripts/Content/Story/Log_Entries/LOG_Constants_Yoly.d:103","Am Hafen von Khorinis ist die Zahl der Vermissten am grössten. Ich soll dort meine Suche beginnen.","코리니스 항구에서 실종자가 가장 많이 발생했다. 거기서부터 조사를 시작해야 한다.","","False","TOPIC_Addon_WhoStolePeople_7","",""
"Scripts/Content/Story/Log_Entries/LOG_Constants_Yoly.d:104","Die Feuermagier bedauern den Verlust der Bürger. Jedoch sagen sie, das sei die Aufgabe der Wassermagier. Im Kloster habe hierbei keine Hilfe zu erwarten.","불의 마법사들도 시민들의 실종을 안타까워하고 있다. 하지만 그들은 그것이 물의 마법사들의 임무라고 말한다. 수도원에서는 이와 관련해 도움을 기대할 수 없다.","","False","TOPIC_Addon_WhoStolePeople_8","",""
"Scripts/Content/Story/Log_Entries/LOG_Constants_Yoly.d:105","Dexter hat einen Auftraggeber. Sein Name ist Raven. Raven ist ein ehemaliger Erzbaron. Letztendlich scheint dieser Raven hinter der ganzen Entführungssache zu stecken. Ich brauche jetzt nur noch einen Beweis dafür.","덱스터에게는 의뢰인이 있다. 그의 이름은 레이븐이다. 레이븐은 예전 광산 남작이다. 결국 이 납치 사건 전체의 배후에는 레이븐이 있는 모양이다. 이제 그에 대한 증거만 있으면 된다.","","False","TOPIC_Addon_WhoStolePeople_9","",""
"Scripts/Content/Story/Log_Entries/LOG_Constants_Yoly.d:106","Elvrich der Lehrling des Tischler Thorben aus Khorinis wurde von Banditen entführt. Die Piraten scheinen mit den Banditen unter einer Decke zu stecken.","코리니스의 목수 소르벤의 견습생인 엘브리히가 산적들에게 납치되었다. 해적들도 산적들과 한통속인 것 같다.","","False","TOPIC_Addon_WhoStolePeople_10","",""
"Scripts/Content/Story/Log_Entries/LOG_Constants_Yoly.d:107","Um zur Anlegestelle der Piraten zu kommen, muss man zum Hafen von Khorinis. Wenn man auf der Kaimauer steht und auf's Meer hinaus schaut, muss man rechts die Küste entlang schwimmen.","해적들의 정박지로 가려면 코리니스 항구로 가야 한다. 방파제에 서서 바다를 바라볼 때 오른쪽으로 해안을 따라 헤엄쳐 가야 한다.","","False","TOPIC_Addon_WhoStolePeople_11","",""
"Scripts/Content/Story/Log_Entries/LOG_Constants_Yoly.d:108","Sowohl Hakon, ein Händler vom Marktplatz, als auch Thorben der Tischler sollen etwas über die vermissten Leute wissen.","시장 상인인 하콘과 목수 소르벤 모두 실종된 사람들에 대해 무언가 알고 있다고 한다.","","False","TOPIC_Addon_WhoStolePeople_12","",""
"Scripts/Content/Story/Log_Entries/LOG_Constants_Yoly.d:109","Der Banditenhauptmann Dexter hat die Leute aus Khorinis verschleppen lassen. Dexter soll sich irgendwo südlich von Onars Hof befinden.","산적 두목 덱스터가 코리니스 사람들을 납치해 갔다. 덱스터는 오나르의 농장 남쪽 어딘가에 있다고 한다.","","False","TOPIC_Addon_WhoStolePeople_13","",""
"Scripts/Content/Story/Log_Entries/LOG_Constants_Yoly.d:111","Ablösung für Lares","라레스를 교대할 사람","","False","TOPIC_Addon_BringRangerToLares","",""
"Scripts/Content/Story/Log_Entries/LOG_Constants_Yoly.d:112","Lares kann den Hafen nicht verlassen. Ich soll mich mit seinem Aquamarinring am Finger auf dem Marktplatz zeigen und jemanden ausfindig machen, der Lares ablösen kann.","라레스는 항구를 떠날 수 없다. 손가락에 그의 아쿠아마린 반지를 끼고 시장 광장으로 나가 라레스를 교대해 줄 사람을 찾아야 한다.","","False","TOPIC_Addon_BringRangerToLares_1","",""
"Scripts/Content/Story/Log_Entries/LOG_Constants_Yoly.d:113","Baltram der Händler am Marktplatz wird sich um eine Ablösung für Lares kümmern. Vielleicht kann Lares JETZT vom Hafen weg.","시장 광장의 상인 발트람이 라레스를 교대할 사람을 찾아볼 것이다. 이제 라레스가 항구를 떠날 수 있을지도 모른다.","","False","TOPIC_Addon_BringRangerToLares_2","",""
"Scripts/Content/Story/Log_Entries/LOG_Constants_Yoly.d:115","Die Teleportsteine","순간 이동 돌","","False","TOPIC_Addon_TeleportsNW","",""
"Scripts/Content/Story/Log_Entries/LOG_Constants_Yoly.d:116","Merdarion gab mir den Schlüssel zur verschlossenen Tür in den Gewölben des Portals. Dahinter befinde sich ein Teleportstein, der mich zurück zur Hafenstadt bringen soll.","메르다리온이 포털 지하 볼트에 있는 잠긴 문의 열쇠를 주었다. 그 문 너머에는 항구 도시로 돌려보내 줄 순간 이동 돌이 있다고 한다.","","False","TOPIC_Addon_TeleportsNW_1","",""
"Scripts/Content/Story/Log_Entries/LOG_Constants_Yoly.d:117","In der Nähe der Taverne 'Zur Toten Harpie' soll sich ein weiterer Teleportstein befinden.","'죽은 하피' 선술집 근처에 또 다른 순간 이동 돌이 있다고 한다.","","False","TOPIC_Addon_TeleportsNW_2","",""
"Scripts/Content/Story/Log_Entries/LOG_Constants_Yoly.d:118","Lares sagte mir, dass Orlan in der Nähe seiner Taverne einen Teleportstein versteckt hält.","라레스는 오를란이 자신의 선술집 근처에 순간 이동 돌을 숨겨두었다고 말했다.","","False","TOPIC_Addon_TeleportsNW_3","",""
"Scripts/Content/Story/Log_Entries/LOG_Constants_Yoly.d:119","Der Teleportstein in der Höhle östlich der Hafenstadt führt zur Taverne 'Zur Toten Harpie'.","항구 도시 동쪽 동굴에 있는 순간 이동 돌은 '죽은 하피' 선술집으로 이어진다.","","False","TOPIC_Addon_TeleportsNW_4","",""
"Scripts/Content/Story/Log_Entries/LOG_Constants_Yoly.d:120","Der Teleportstein in der Nähe der Taverne 'Zur Toten Harpie' führt zum Portal der mysteriösen Erbauer.","'죽은 하피' 선술집 근처에 있는 순간 이동 돌은 신비로운 건축가들의 포털로 이어진다.","","False","TOPIC_Addon_TeleportsNW_5","",""
"Scripts/Content/Story/Log_Entries/LOG_Constants_Yoly.d:121","Der Teleportstein beim Portal der mysteriösen Erbauer führt zur Höhle östlich der Hafenstadt.","신비로운 건축가들의 포털 근처에 있는 순간 이동 돌은 항구 도시 동쪽의 동굴로 이어진다.","","False","TOPIC_Addon_TeleportsNW_6","",""
"Scripts/Content/Story/Log_Entries/LOG_Constants_Yoly.d:122","Orlan hat einen Teleportstein in einer Höhle südwestlich seiner Taverne eingeschlossen.","오를란은 선술집 남서쪽 동굴에 순간 이동 돌을 가두어 두었다.","","False","TOPIC_Addon_TeleportsNW_7","",""
"Scripts/Content/Story/Log_Entries/LOG_Constants_Yoly.d:124","Steintafeln","석판","","False","TOPIC_Addon_Stoneplates","",""
"Scripts/Content/Story/Log_Entries/LOG_Constants_Yoly.d:125","Die Steintafeln enthalten das Wissen des alten Volkes der Erbauer. Manche von ihnen erhöhen auf magische Weise das Wissen über Kampf und Magie. Doch dafür muss man sie lesen können.","석판에는 고대 건축가들의 지식이 담겨 있다. 그중 일부는 전투와 마법에 대한 지식을 마법적인 방식으로 높여준다. 하지만 그러려면 그것들을 읽을 수 있어야 한다.","","False","TOPIC_Addon_Stoneplates_1","",""
"Scripts/Content/Story/Log_Entries/LOG_Constants_Yoly.d:127","Der einfache Weg ins Kloster","수도원으로 가는 간단한 길","","False","TOPIC_Addon_RangerHelpKDF","",""
"Scripts/Content/Story/Log_Entries/LOG_Constants_Yoly.d:129","Lares meinte, dass Vatras einen günstigen Weg kennt, ins Kloster zu kommen.","라레스는 바트라스가 수도원으로 가는 쉬운 방법을 알고 있다고 말했다.","","False","TOPIC_Addon_RangerHelpKDF_1","",""
"Scripts/Content/Story/Log_Entries/LOG_Constants_Yoly.d:130","Pedro, der Novize, lies mich ein ins Kloster, weil ich die vermisste Statuette bei mir trug. Ich sollte sie jemandem im Kloster übergeben.","견습생 페드로는 내가 사라진 조각상을 가지고 있었기 때문에 나를 수도원으로 들여보내 주었다. 수도원에 있는 누군가에게 그것을 건네주어야 한다.","","False","TOPIC_Addon_RangerHelpKDF_2","",""
"Scripts/Content/Story/Log_Entries/LOG_Constants_Yoly.d:131","Daron der Feuermagier am Marktplatz wird mir helfen ins Kloster zu kommen, wenn ich ihm seine gestohlene Statuette wieder beschaffe. ","시장 광장의 불의 마법사 다론은 훔쳐간 그의 조각상을 찾아다 준다면 수도원에 들어갈 수 있게 도와주겠다고 했다. ","","False","TOPIC_Addon_RangerHelpKDF_3","",""
"Scripts/Content/Story/Log_Entries/LOG_Constants_Yoly.d:132","Daron wurde von einigen frechen Goblins bestohlen. Ihm fehlt seitdem eine wertvolle Statuette, die er ins Kloster bringen sollte. Die Goblins sollen sich in einem Erdloch in der Nähe der Taverne 'Zur Toten Harpie' versteckt halten.","다론이 뻔뻔한 고블린들에게 물건을 도둑맞았다. 수도원에 가져가야 했던 소중한 조각상을 잃어버렸다고 한다. 그 고블린들은 '죽은 하피' 선술집 근처의 토굴에 숨어 있다고 한다.","","False","TOPIC_Addon_RangerHelpKDF_4","",""
"Scripts/Content/Story/Log_Entries/LOG_Constants_Yoly.d:134","Der einfache Weg zu den Söldnern","용병들에게 가는 간단한 길","","False","TOPIC_Addon_RangerHelpSLD","",""
"Scripts/Content/Story/Log_Entries/LOG_Constants_Yoly.d:136","Cord wird sich um Torlofs Probe kümmern. Cords Kumpel Patrick ist verschwunden. Ich soll zum kleinen Berglager der Banditen im Südosten gehen und nachsehen, ob Patrick dort ist.","코르드가 토를로프의 시험을 처리해 줄 것이다. 코르드의 친구 패트릭이 사라졌다. 남동쪽에 있는 산적들의 작은 산악 야영지로 가서 패트릭이 거기 있는지 확인해야 한다.","","False","TOPIC_Addon_RangerHelpSLD_1","",""
"Scripts/Content/Story/Log_Entries/LOG_Constants_Yoly.d:137","Der Anführer der Banditen heißt Dexter.","산적들의 우두머리 이름은 덱스터다.","","False","TOPIC_Addon_RangerHelpSLD_2","",""
"Scripts/Content/Story/Log_Entries/LOG_Constants_Yoly.d:138","Lares meinte, dass mir der Söldner Cord das Leben auf dem Hof des Grossbauern erleichtern kann.","라레스는 용병 코르드가 대농장 농장에서의 삶을 더 수월하게 만들어 줄 수 있다고 말했다.","","False","TOPIC_Addon_RangerHelpSLD_3","",""
"Scripts/Content/Story/Log_Entries/LOG_Constants_Yoly.d:140","Der einfache Weg zur Miliz","민병대로 가는 간단한 길","","False","TOPIC_Addon_RangerHelpMIL","",""
"Scripts/Content/Story/Log_Entries/LOG_Constants_Yoly.d:141","Lares meinte, dass mir der Proviantmeister Martin helfen wird, schneller bei der Miliz aufgenommen zu werden. Er ist meistens am Hafen, dort wo die Paladine ihr Proviantlager haben.","라레스는 보급관 마틴이 내가 민병대에 더 빨리 합류할 수 있도록 도와줄 것이라고 말했다. 그는 주로 팔라딘들의 보급창이 있는 항구에 있다.","","False","TOPIC_Addon_RangerHelpMIL_1","",""
"Scripts/Content/Story/Log_Entries/LOG_Constants_Yoly.d:142","Ich soll nachts auf die Kisten des Proviantmeisters Martin aufpassen. Wenn ich den Kerl erwische, der sich an seinen Kisten zu schaffen macht, wird mir Martin helfen bei der Miliz unter zu kommen.","밤마다 보급관 마틴의 상자를 지켜봐야 한다. 그의 상자에 손을 대는 녀석을 붙잡는다면, 마틴이 내가 민병대에 들어가는 것을 도와줄 것이다.","","False","TOPIC_Addon_RangerHelpMIL_2","",""
"Scripts/Content/Story/Log_Entries/LOG_Constants_Yoly.d:143","Martin gab mir ein Empfehlungsschreiben für den kommandierenden Paladin Andre mit. Damit wird mich Andre in die Miliz aufnehmen. Andre finde ich in der Kaserne.","마틴은 지휘관 팔라딘 안드레에게 전할 추천서를 주었다. 안드레는 그것을 보고 나를 민병대에 받아들여 줄 것이다. 안드레는 병영에서 찾을 수 있다.","","False","TOPIC_Addon_RangerHelpMIL_3","",""
"Scripts/Content/Story/Log_Entries/LOG_Constants_Yoly.d:145","Joe","조","","False","TOPIC_Addon_Joe","",""
"Scripts/Content/Story/Log_Entries/LOG_Constants_Yoly.d:147","Hakon, ein Händler in Khorinis, behauptet, dass ein Mann namens Joe einfach spurlos verschwunden ist. Dieser Joe wüsste angeblich, wie man in einen der Stadttürme, in denen die Miliz ihre Waffen aufbewahren, hinein käme.","코리니스의 상인 하콘은 조라는 남자가 흔적도 없이 사라졌다고 주장한다. 이 조는 민병대가 무기를 보관하는 도시의 탑 중 한 곳에 들어가는 방법을 알고 있었다고 한다.","","False","TOPIC_Addon_Joe_1","",""
"Scripts/Content/Story/Log_Entries/LOG_Constants_Yoly.d:149","Bromors goldene Schale","브로모르의 황금 대접","","False","TOPIC_Addon_BromorsGold","",""
"Scripts/Content/Story/Log_Entries/LOG_Constants_Yoly.d:150","Bromors goldene Schale befindet sich jetzt wahrscheinlich in dem Besitz der Banditen im nördlichen Wald hinter Sekobs Hof.","브로모르의 금 대접은 이제 세코브의 농장 뒤편 북쪽 숲에 있는 산적들의 수중에 있을 것이다.","","False","TOPIC_Addon_BromorsGold_1","",""
"Scripts/Content/Story/Log_Entries/LOG_Constants_Yoly.d:151","Das Freudenmädchen Lucia hat ihrem Boss Bromor eine goldene Schale gestohlen. Bromor will sie wieder haben.","매춘부 루시아가 보스인 브로모르에게서 금 대접을 훔쳤다. 브로모르는 그것을 되찾고 싶어 한다.","","False","TOPIC_Addon_BromorsGold_2","",""
"Scripts/Content/Story/Log_Entries/LOG_Constants_Yoly.d:153","Die Kraft der Fokussteine","포커스 스톤의 힘","","False","TOPIC_Addon_TeleportsADW","",""
"Scripts/Content/Story/Log_Entries/LOG_Constants_Yoly.d:154","In der Nähe des Portals, das nach Khorinis führt, habe ich einen Teleportstein aktiviert.","코리니스로 이어지는 포털 근처에서 순간 이동 돌을 활성화했다.","","False","TOPIC_Addon_TeleportsADW_1","",""
"Scripts/Content/Story/Log_Entries/LOG_Constants_Yoly.d:155","Im oberen Teil des Banditenlager konnte ich einen Teleportstein aktivieren.","산적 캠프 상층부에서 순간 이동 돌을 활성화할 수 있었다.","","False","TOPIC_Addon_TeleportsADW_2","",""
"Scripts/Content/Story/Log_Entries/LOG_Constants_Yoly.d:156","Im Sumpf südlich vom Banditenlager habe ich einen Teleportstein aktiviert.","산적 캠프 남쪽 늪지대에서 순간 이동 돌을 활성화했다.","","False","TOPIC_Addon_TeleportsADW_3","",""
"Scripts/Content/Story/Log_Entries/LOG_Constants_Yoly.d:157","Im Südwesten habe ich einen Teleportstein gefunden.","남서쪽에서 순간 이동 돌을 발견했다.","","False","TOPIC_Addon_TeleportsADW_4","",""
"Scripts/Content/Story/Log_Entries/LOG_Constants_Yoly.d:158","In einer Höhle im Cayon gibt es einen Teleportstein. Ich habe ihn aktiviert.","협곡의 동굴 안에 순간 이동 돌이 있다. 활성화시켰다.","","False","TOPIC_Addon_TeleportsADW_5","",""
"Scripts/Content/Story/Log_Entries/LOG_Constants_Yoly.d:159","Der Wassermagier Merdarion gab mir einen der alten Fokucstein, mit denen damals die Barriere im Minental errichtet worden war. Ich soll versuchen einen der Teleportsteine aktivieren.","물의 마법사 메르다리온은 광산 계곡의 장벽을 세울 때 쓰였던 예전 포커스 스톤 중 하나를 주었다. 순간 이동 돌 중 하나를 활성화해 보라고 했다.","","False","TOPIC_Addon_TeleportsADW_6","",""
"Scripts/Content/Story/Log_Entries/LOG_Constants_Yoly.d:160","Merdarion gab mir einen weiteren Fokusstein. Ich soll alle Teleporsteine zum Laufen bringen. Er wird mir einen weiteren Fokusstein geben, sobald der nächste Teleportstein funktioniert.","메르다리온이 또 다른 포커스 스톤을 주었다. 모든 순간 이동 돌을 작동시켜야 한다. 다음 순간 이동 돌이 작동하는 대로 포커스 스톤을 또 하나 줄 것이다.","","False","TOPIC_Addon_TeleportsADW_7","",""
"Scripts/Content/Story/Log_Entries/LOG_Constants_Yoly.d:162","Ravens Sklaven","레이븐의 노예들","","False","TOPIC_Addon_Sklaven","",""
"Scripts/Content/Story/Log_Entries/LOG_Constants_Yoly.d:163","Die Sklaven werden keinen Fluchtversuch wagen. Ich muss einen Weg finden, damit sie das Lager unbehelligt verlassen können.","노예들은 감히 탈출을 시도하지 못할 것이다. 그들이 방해받지 않고 캠프를 떠날 수 있는 방법을 찾아야 한다.","","False","Topic_Addon_Sklaven_1","",""
"Scripts/Content/Story/Log_Entries/LOG_Constants_Yoly.d:164","Ich soll herausfinden, wozu Raven die Bürger von Khorinis gefangen genommen hat.","레이븐이 코리니스 시민들을 사로잡은 이유가 무엇인지 알아내야 한다.","","False","TOPIC_Addon_Sklaven_2","",""
"Scripts/Content/Story/Log_Entries/LOG_Constants_Yoly.d:165","Raven hat keine Verwendung mehr für die Sklaven. Sie unterstehen jetzt Bloodwyn.","레이븐은 더 이상 노예들을 필요로 하지 않는다. 그들은 이제 블러드윈의 휘하에 있다.","","False","Topic_Addon_Sklaven_3","",""
"Scripts/Content/Story/Log_Entries/LOG_Constants_Yoly.d:166","Bloodwyn und Thorus haben das alleinige Recht die Sklaven freizulassen.","블러드윈과 토러스만이 노예들을 해방시킬 권한을 가지고 있다.","","False","Topic_Addon_Sklaven_4","",""
"Scripts/Content/Story/Log_Entries/LOG_Constants_Yoly.d:167","Bloodwyn ist tot und Thorus wird dafür sorgen das die Sklaven das Lager verlassen können.","블러드윈은 죽었고, 토러스가 노예들이 캠프를 떠날 수 있도록 조치할 것이다.","","False","Topic_Addon_Sklaven_5","",""
"Scripts/Content/Story/Log_Entries/LOG_Constants_Yoly.d:168","Jetzt rede ich noch einmal mit der 'Sklaven Wache', dann kann Patrick mit seinen Jungs abhauen. ","'경비병'과 다시 한 번 대화하면 패트릭과 녀석들이 튈 수 있을 것이다. ","","False","Topic_Addon_Sklaven_6","",""
"Scripts/Content/Story/Log_Entries/LOG_Constants_Yoly.d:169","Da die 'Sklaven Wache' auch erledigt ist, kann Patrick jetzt mit seinen Jungs abhauen.","'경비병'도 처리되었으니, 이제 패트릭은 부하들을 데리고 튈 수 있다.","","False","Topic_Addon_Sklaven_7","",""
"Scripts/Content/Story/Log_Entries/LOG_Constants_Yoly.d:170","Saturas will, dass ich die Sklaven befreie.","사투러스는 내가 노예들을 해방시키길 원한다.","","False","TOPIC_Addon_Sklaven_8","",""
"Scripts/Content/Story/Log_Entries/LOG_Constants_Yoly.d:172","Reliquien","유물","","False","TOPIC_Addon_Relicts","",""
"Scripts/Content/Story/Log_Entries/LOG_Constants_Yoly.d:173","Saturas will, dass ich ihm alles bringe, dass Aufschluss über das alte Volk der Erbauer bringen kann.","사투러스는 고대 건축가들에 대한 단서를 제공할 수 있는 모든 것을 가져다주기를 원한다.","","False","TOPIC_Addon_Relicts_1","",""
"Scripts/Content/Story/Log_Entries/LOG_Constants_Yoly.d:174","Saturas hat von mir folgende Reliquien erhalten:","사투러스에게 다음 유물들을 전달했다:","","False","TOPIC_Addon_Relicts_2","",""
"Scripts/Content/Story/Log_Entries/LOG_Constants_Yoly.d:175","- Eine rote Steintafel, die die Banditen als Zahlungsmittel benutzen. Sie trägt das Zeichen des grossen Kriegers Quarhodron.","- 산적들이 화폐로 사용하는 붉은 석판. 위대한 전사 콰르호드론의 표식이 새겨져 있다.","","False","TOPIC_Addon_Relicts_3","",""
"Scripts/Content/Story/Log_Entries/LOG_Constants_Yoly.d:176","- Eine violette Steintafel aus dem Herrenhaus der Totenwächter im Süden.","- 남쪽에 있는 망자의 수호자 저택에서 가져온 보라색 석판.","","False","TOPIC_Addon_Relicts_4","",""
"Scripts/Content/Story/Log_Entries/LOG_Constants_Yoly.d:177","- Eine blaue Steintafel aus der Behausung der Priester im Südwesten.","- 남서쪽에 있는 사제들의 거처에서 가져온 파란 석판.","","False","TOPIC_Addon_Relicts_5","",""
"Scripts/Content/Story/Log_Entries/LOG_Constants_Yoly.d:178","- Eine grüne Steintafel aus dem Haus der Heiler im südlichen Teil des Sumpfes.","- 늪지대 남쪽에 있는 치유사의 집에서 가져온 초록 석판.","","False","TOPIC_Addon_Relicts_6","",""
"Scripts/Content/Story/Log_Entries/LOG_Constants_Yoly.d:179","- Eine gelbe Steintafel aus der Bibliothek der Gelehrten im Norden.","- 북쪽에 있는 학자의 도서관에서 가져온 노란 석판.","","False","TOPIC_Addon_Relicts_7","",""
"Scripts/Content/Story/Log_Entries/LOG_Constants_Yoly.d:181","Raven","레이븐","","False","TOPIC_Addon_RavenKDW","",""
"Scripts/Content/Story/Log_Entries/LOG_Constants_Yoly.d:182","Ich bin in Ravens Gemächer eingedrungen. Ich konnte gerade noch sehen, wie er hinter einer grossen Tür verschwand. Ich konnte ihm nicht folgen. Ich nehme an, dass die Tür zum Tempel Adanos' führt. Ich muss Saturas davon berichten.","레이븐의 처소에 침입했다. 그가 커다란 문 뒤로 사라지는 모습을 아슬아슬하게 볼 수 있었다. 그를 뒤쫓을 수는 없었다. 그 문은 아다노스의 신전으로 이어지는 것이 분명하다. 이 사실을 사투러스에게 보고해야 한다.","","False","TOPIC_Addon_RavenKDW_1","",""
"Scripts/Content/Story/Log_Entries/LOG_Constants_Yoly.d:183","Raven sitzt zusammen mit seinen Banditen im Osten des Tals.","레이븐은 산적들과 함께 계곡 동쪽에 자리 잡고 있다.","","False","TOPIC_Addon_RavenKDW_2","",""
"Scripts/Content/Story/Log_Entries/LOG_Constants_Yoly.d:184","Raven will ein mächtiges Artefakt aus dem Tempel Adanos' bergen.","레이븐은 아다노스의 신전에서 강력한 유물을 회수하려 한다.","","False","TOPIC_Addon_RavenKDW_3","",""
"Scripts/Content/Story/Log_Entries/LOG_Constants_Yoly.d:185","Aus irgendeinem Grund hat Raven das Grab eines Priesters der alten Kultur in der Goldmine freilegen lassen.","어째서인지 레이븐은 금광에 있던 고대 문화 사제의 무덤을 파헤치게 했다.","","False","TOPIC_Addon_RavenKDW_4","",""
"Scripts/Content/Story/Log_Entries/LOG_Constants_Yoly.d:186","Raven glaubt, dass einige Steintafeln ihm bei seinen Plänen helfen werden.","레이븐은 몇몇 석판이 자신의 계획에 도움이 될 것이라고 믿고 있다.","","False","TOPIC_Addon_RavenKDW_5","",""
"Scripts/Content/Story/Log_Entries/LOG_Constants_Yoly.d:187","Raven ist der Anführer der Banditen. Ich werde einige von ihnen aus dem Weg räumen müssen, um zu ihm zu gelangen.","레이븐은 산적들의 우두머리다. 그에게 도달하려면 부하들 중 일부를 처치해야 할 것이다.","","False","TOPIC_Addon_RavenKDW_6","",""
"Scripts/Content/Story/Log_Entries/LOG_Constants_Yoly.d:188","Raven entweiht den heiligen Tempel Adanos'. Ich soll ihn aufhalten. Auch wenn es bedeutet, dass ich ihn töten muss.","레이븐이 아다노스의 신성한 신전을 더럽히고 있다. 그를 막아야 한다. 그를 죽여야 한대도 말이다.","","False","TOPIC_Addon_RavenKDW_7","",""
"Scripts/Content/Story/Log_Entries/LOG_Constants_Yoly.d:190","Die Vorhut der Wassermagier","물의 마법사들의 선발대","","False","TOPIC_Addon_Lance","",""
"Scripts/Content/Story/Log_Entries/LOG_Constants_Yoly.d:192","Saturas schickte jemand namens Lance in den Sumpf der Banditen. Saturas fürchtet, dass Lance nicht sehr weit gekommen ist.","사투러스는 랜스라는 자를 산적들의 늪으로 보냈다. 사투러스는 랜스가 멀리 가지 못했을 거라며 걱정하고 있다.","","False","TOPIC_Addon_Lance_1","",""
"Scripts/Content/Story/Log_Entries/LOG_Constants_Yoly.d:194","Die Herrenhäuser der Erbauer","건축가들의 저택","","False","TOPIC_Addon_HousesOfRulers","",""
"Scripts/Content/Story/Log_Entries/LOG_Constants_Yoly.d:195","Das Haus der Gelehrten ist eine grosse Bibliothek. Sie muss irgendwo weit im Norden sein.","학자의 저택은 커다란 도서관이다. 북쪽 어딘가 멀리에 있어야 한다.","","False","TOPIC_Addon_HousesOfRulers_1","",""
"Scripts/Content/Story/Log_Entries/LOG_Constants_Yoly.d:196","Das Haus der Krieger war damals eine von Felsen umringte Festung im Osten. ","전사의 저택은 동쪽에 바위로 둘러싸인 요새였다. ","","False","TOPIC_Addon_HousesOfRulers_2","",""
"Scripts/Content/Story/Log_Entries/LOG_Constants_Yoly.d:197","Die Priester und die Tötenwächter hatten ihre Behausungen nahe bei einander. Ich sollte sie im Südwesten finden. ","사제들과 망자의 수호자들은 서로 가까운 곳에 거처를 두었다. 남서쪽에서 찾을 수 있을 것이다. ","","False","TOPIC_Addon_HousesOfRulers_3","",""
"Scripts/Content/Story/Log_Entries/LOG_Constants_Yoly.d:198","Die Heiler hatten ihr Haus der Genesung im Südosten.","치유사들은 남동쪽에 치유의 집을 가지고 있었다.","","False","TOPIC_Addon_HousesOfRulers_4","",""
"Scripts/Content/Story/Log_Entries/LOG_Constants_Yoly.d:199","Saturas will, dass ich die Herrenhäuser der Erbauer nach etwas brauchbaren durchsuche. Riordian soll mir sagen, wo ich diese Häuser finden kann.","사투러스는 건축가들의 저택에서 쓸만한 것을 찾아오기를 원한다. 리오르디안에게 이 건물들을 어디서 찾을 수 있는지 물어봐야 한다.","","False","TOPIC_Addon_HousesOfRulers_5","",""
"Scripts/Content/Story/Log_Entries/LOG_Constants_Yoly.d:201","Die Orks im Canyon","협곡의 오크들","","False","TOPIC_Addon_CanyonOrcs","",""
"Scripts/Content/Story/Log_Entries/LOG_Constants_Yoly.d:203","Dem Wassermagier Riordian wäre es lieber, wenn die Orks aus dem Canyon verschwinden.","물의 마법사 리오르디안은 오크들이 협곡에서 사라지기를 바란다.","","False","TOPIC_Addon_CanyonOrcs_1","",""
"Scripts/Content/Story/Log_Entries/LOG_Constants_Yoly.d:205","Eine Rüstung der Banditen","단도직입적인 방어구","","False","TOPIC_Addon_BDTRuestung","",""
"Scripts/Content/Story/Log_Entries/LOG_Constants_Yoly.d:206","Skip vermutet die Rüstung in Gregs Hütte.","스킵은 그렉의 오락실에 방어구가 있을 것으로 추정한다.","","False","TOPIC_Addon_BDTRuestung_1","",""
"Scripts/Content/Story/Log_Entries/LOG_Constants_Yoly.d:207","Francis hat den Schlüssel zu Gregs Hütte. Er hat den Befehl niemanden hereinzulassen.","프랜시스는 그렉의 오락실 열쇠를 가지고 있다. 그는 누구도 들여보내지 말라는 명령을 받았다.","","False","TOPIC_Addon_BDTRuestung_2","",""
"Scripts/Content/Story/Log_Entries/LOG_Constants_Yoly.d:208","Ich sollte mich mal mit Samuel unterhalten. Vielleicht kann er mir weiterhelfen.","사무엘과 이야기를 나눠봐야겠다. 그가 나를 도와줄 수 있을지도 모른다.","","False","TOPIC_Addon_BDTRuestung_3","",""
"Scripts/Content/Story/Log_Entries/LOG_Constants_Yoly.d:209","Samuel, der Schnapsbrenner, erwähnt ein geheimes Versteck von Francis in einer der Minen im Canyon. Vielleicht finde ich dort etwas, was mir hilft in die Hütte zu kommen.","밀주업자 사무엘은 협곡의 광산 중 한 곳에 프랜시스의 비밀 은닉처가 있다고 언급했다. 어쩌면 오락실에 들어가는 데 도움이 될 만한 것을 찾을 수 있을지도 모른다.","","False","TOPIC_Addon_BDTRuestung_4","",""
"Scripts/Content/Story/Log_Entries/LOG_Constants_Yoly.d:210","Bei den Piraten hat es wohl mal eine Banditenrüstung gegeben. Ob sie aber noch existiert, konnte Alligator Jack mir nicht sagen.","해적들 사이에는 도둑 방어구가 있었던 모양이다. 하지만 그것이 아직 존재하는지는 앨리게이터 잭도 알지 못했다.","","False","TOPIC_Addon_BDTRuestung_5","",""
"Scripts/Content/Story/Log_Entries/LOG_Constants_Yoly.d:211","Ohne Erlaubnis von Greg, wird Bones mir die Rüstung nicht geben.","그렉의 허락 없이는 본즈가 나에게 방어구를 주지 않을 것이다.","","False","TOPIC_Addon_BDTRuestung_6","",""
"Scripts/Content/Story/Log_Entries/LOG_Constants_Yoly.d:212","Der Befehl von Greg scheint Wunder zu wirken. Ich habe die BanditenRüstung!","그렉의 명령은 놀라운 효과가 있는 것 같다. 도둑 방어구를 얻었다!","","False","TOPIC_Addon_BDTRuestung_7","",""
"Scripts/Content/Story/Log_Entries/LOG_Constants_Yoly.d:213","Greg will, dass ich ihm helfe wieder Schwung ins Lager zu bringen. Danach kann ich mich mit ihm über die Rüstung unterhalten.","그렉은 내가 진영에 활기를 불어넣는 것을 도와주기를 원한다. 그 후에 방어구에 대해 그와 이야기할 수 있다.","","False","TOPIC_Addon_BDTRuestung_8","",""
"Scripts/Content/Story/Log_Entries/LOG_Constants_Yoly.d:214","Nachdem ich für Greg die Razor im Canyon erledigt habe, kann ich mir die Rüstung bei Bones abholen.","그렉을 위해 협곡의 레이저들을 처치한 후, 본즈에게서 방어구를 받아올 수 있다.","","False","TOPIC_Addon_BDTRuestung_9","",""
"Scripts/Content/Story/Log_Entries/LOG_Constants_Yoly.d:215","Die Banditen schießen auf alles, was nicht wie sie selbst aussieht. Ich brauche eine Banditenrüstung, wenn ich mich den Banditen nähern will.","도둑들은 자신들과 다르게 생긴 모든 것에 총을 쏜다. 도둑들에게 가까이 가려면 도둑 방어구가 필요하다.","","False","TOPIC_Addon_BDTRuestung_10","",""
"Scripts/Content/Story/Log_Entries/LOG_Constants_Yoly.d:216","Saturas meint, die Piraten könnten mir bei der Suche nach der Rüstung helfen.","사투러스는 해적들이 방어구를 찾는 데 도움을 줄 수 있을 거라고 말한다.","","False","TOPIC_Addon_BDTRuestung_11","",""
"Scripts/Content/Story/Log_Entries/LOG_Constants_Yoly.d:218","Die Macht der Totenwächter","죽은 자의 수호자들의 힘","","False","TOPIC_Addon_Quarhodron","",""
"Scripts/Content/Story/Log_Entries/LOG_Constants_Yoly.d:219","Myxir will, dass ich den Geist des alten Kriegerfürsten Quarohodron erwecke und ihn um Rat bitte. Dazu gab er mir ein Schriftstück mit einer Zauberformel, die ich an Quarhodrons Grab im Westen laut vorlesen soll.","믹시르는 옛 전사 군주 콰르호드론의 유령을 깨워 조언을 구하기를 원한다. 그러면서 서쪽에 있는 콰르호드론의 무덤에서 큰 소리로 읽어야 할 주문이 적힌 문서를 주었다.","","False","TOPIC_Addon_Quarhodron_1","",""
"Scripts/Content/Story/Log_Entries/LOG_Constants_Yoly.d:220","Ich sollte Saturas davon berichten, dass ich Quarhodron erweckt habe.","내가 콰르호드론을 깨웠다는 사실을 사투러스에게 보고해야 한다.","","False","TOPIC_Addon_Quarhodron_2","",""
"Scripts/Content/Story/Log_Entries/LOG_Constants_Yoly.d:221","Der Quarhodron will mir erst helfen, wenn ich Zeugnis über mich selbst ablege. Er hat mir einige schwierige Fragen gestellt. Die muss ich ihm erst noch beantworten, bevor er mir hilft.","콰르호드론은 내가 자신에 대한 증거를 보여줄 때만 도와줄 것이다. 그는 나에게 몇 가지 어려운 질문을 던졌다. 그가 나를 돕기 전에 먼저 그 질문들에 답해야 한다.","","False","TOPIC_Addon_Quarhodron_3","",""
"Scripts/Content/Story/Log_Entries/LOG_Constants_Yoly.d:222"," --- QUARHODRONS FRAGEN --- "," --- 콰르호드론의 질문들 --- ","","False","TOPIC_Addon_Quarhodron_4","",""
"Scripts/Content/Story/Log_Entries/LOG_Constants_Yoly.d:223"," --- Wer hat das Portal verschlossen um die Welt vor dem Bösen zu schützen? --- "," --- 악으로부터 세상을 보호하기 위해 포탈을 닫은 자는 누구인가? --- ","","False","TOPIC_Addon_Quarhodron_5","",""
"Scripts/Content/Story/Log_Entries/LOG_Constants_Yoly.d:224"," --- Wer lindert das Leid und versorgt die Kranken in Jharkendar? --- "," --- 자르켄다르에서 고통을 덜어주고 아픈 이들을 돌보는 이는 누구인가? --- ","","False","TOPIC_Addon_Quarhodron_6","",""
"Scripts/Content/Story/Log_Entries/LOG_Constants_Yoly.d:225"," --- Wer hat das letzte Wort im Rat der Fünf? --- "," --- 5인 평의회에서 마지막 결정권을 가진 자는 누구인가? --- ","","False","TOPIC_Addon_Quarhodron_7","",""
"Scripts/Content/Story/Log_Entries/LOG_Constants_Yoly.d:226"," --- Wer ist Schuld am dem Übel, dass über das Volk von Jharkendar gekommen ist? --- "," --- 자르켄다르의 백성들에게 닥친 재앙의 원인을 제공한 자는 누구인가? --- ","","False","TOPIC_Addon_Quarhodron_8","",""
"Scripts/Content/Story/Log_Entries/LOG_Constants_Yoly.d:227"," --- Wer kann Quarhodron einen direkten Befehl erteilen? --- "," --- 콰르호드론에게 직접 명령을 내릴 수 있는 자는 누구인가? --- ","","False","TOPIC_Addon_Quarhodron_9","",""
"Scripts/Content/Story/Log_Entries/LOG_Constants_Yoly.d:228"," --- Wer schützte einst das Volk von Jharkendar vor feindlichen Angriffen? --- "," --- 한때 적의 공격으로부터 자르켄다르의 백성들을 보호한 자는 누구인가? --- ","","False","TOPIC_Addon_Quarhodron_10","",""
"Scripts/Content/Story/Log_Entries/LOG_Constants_Yoly.d:229","Quarhodron gab mir eine Steintafel, mit der ich das Eingangtor zum Tempel Adanos' öffnen kann.","콰르호드론이 아다노스 신전의 입구를 여는 데 사용할 수 있는 석판을 내게 주었다.","","False","TOPIC_Addon_Quarhodron_11","",""
"Scripts/Content/Story/Log_Entries/LOG_Constants_Yoly.d:230","Raven hat sich die Macht der Totenwächter zu eigen gemacht. Er hat seine Kenntnis über den Tempel Adanos' von einem Geist erlangt. Ich soll zu Myxir gehen und ihm davon berichten.","레이븐은 죽은 자의 수호자들의 힘을 손에 넣었다. 그는 유령으로부터 아다노스 신전에 대한 지식을 얻었다. 믹시르에게 가서 이 사실을 알려야 한다.","","False","TOPIC_Addon_Quarhodron_12","",""
"Scripts/Content/Story/Log_Entries/LOG_Constants_Yoly.d:231","Saturas vermutet, dass ich die Antworten auf Quarhodrons Fragen in der Bibliothek der Gelehrten finde. Die Bibliothek liegt weit im Norden.","사투러스는 콰르호드론의 질문에 대한 답을 학자들의 도서관에서 찾을 수 있을 거라고 짐작한다. 도서관은 북쪽 멀리 있다.","","False","TOPIC_Addon_Quarhodron_13","",""
"Scripts/Content/Story/Log_Entries/LOG_Constants_Yoly.d:233","Die Klaue Beliars","벨리알의 발톱","","False","TOPIC_Addon_Klaue","",""
"Scripts/Content/Story/Log_Entries/LOG_Constants_Yoly.d:235","Im Tempel Adanos befindet sich eine mächtige Waffe. Sie wird 'Die Klaue Beliars' genannt. Raven darf diese Waffe nicht in die Finger bekommen.","아다노스 신전 안에는 강력한 무기가 있다. 그것은 '벨리알의 발톱'이라 불린다. 레이븐이 이 무기를 손에 넣도록 내버려두어선 안 된다.","","False","TOPIC_Addon_Klaue_1","",""
"Scripts/Content/Story/Log_Entries/LOG_Constants_Yoly.d:236","Ich kann die Klaue Beliars bei Saturas abgeben oder sie für mich behalten.","벨리알의 발톱을 사투러스에게 넘겨주거나 내가 가질 수 있다.","","False","TOPIC_Addon_Klaue_2","",""
"Scripts/Content/Story/Log_Entries/LOG_Constants_Yoly.d:237","Um die Klaue meinem Willen zu unterwerfen muss ich zu Beliar beten.","발톱을 내 의지대로 다스리려면 벨리알에게 기도해야 한다.","","False","TOPIC_Addon_Klaue_3","",""
"Scripts/Content/Story/Log_Entries/LOG_Constants_Yoly.d:239","Die Kammern des Tempels","신전의 방들","","False","TOPIC_Addon_Kammern","",""
"Scripts/Content/Story/Log_Entries/LOG_Constants_Yoly.d:240","Quarhodron erwähnte die 'Kammern Adanos' und dass ich mich vor ihnen hüten soll. Ich muss unbedingt heraus finden, was es damit auf sich hat, wenn ich im Tempel Adanos' nicht ins offne Messer laufen will.","콰르호드론은 '아다노스의 방들'을 언급하며 그들을 경계하라고 말했다. 아다노스 신전에서 섣부른 짓을 하지 않으려면 그것이 무엇을 의미하는지 반드시 알아내야 한다.","","False","TOPIC_Addon_Kammern_1","",""
"Scripts/Content/Story/Log_Entries/LOG_Constants_Yoly.d:241","Saturas schickt mich mit den fünf Reliqien der Erbauer in den Tempel Adanos' um die Kammern zu überwinden und Raven aufzuhalten.","사투러스는 방들을 돌파하고 레이븐을 저지하기 위해 건축가들의 유물 다섯 개를 들고 아다노스 신전으로 나를 보냈다.","","False","TOPIC_Addon_Kammern_2","",""
"Scripts/Content/Story/Log_Entries/LOG_Constants_Yoly.d:243","Die versunkene Stadt","가라앉은 도시","","False","TOPIC_Addon_Flut","",""
"Scripts/Content/Story/Log_Entries/LOG_Constants_Yoly.d:245","Nefarius meint, ich sollte mit Saturas über die untergegangene Stadt sprechen.","네파리우스는 물에 잠긴 도시에 대해 사투러스와 이야기해 보라고 한다.","","False","TOPIC_Addon_Flut_1","",""
"Scripts/Content/Story/Log_Entries/LOG_Constants_Yoly.d:247","Piratenhandel","해적과의 거래","","False","TOPIC_Addon_BaltramSkipTrade","",""
"Scripts/Content/Story/Log_Entries/LOG_Constants_Yoly.d:249","Der Pirat Skip erzählte mir, dass der Stadthändler Baltram mit den Piraten Geschäfte macht.","해적 스킵은 도시의 상인인 발트람이 해적들과 거래를 한다고 말했다.","","False","TOPIC_Addon_BaltramSkipTrade_1","",""
"Scripts/Content/Story/Log_Entries/LOG_Constants_Yoly.d:250","Baltram gab mir ein Paket. Ich soll es Skip überbringen.","발트람이 소포 하나를 주었다. 스킵에게 전해 주어야 한다.","","False","TOPIC_Addon_BaltramSkipTrade_2","",""
"Scripts/Content/Story/Log_Entries/LOG_Constants_Yoly.d:252","Ärger mit der Miliz","민병대와의 마찰","","False","TOPIC_Addon_FarimsFish","",""
"Scripts/Content/Story/Log_Entries/LOG_Constants_Yoly.d:253","Farim der Fischer hat ein Problem mit der Miliz. Sie nehmen ihm mehr Fische ab, als er zum Leben braucht. Ich soll jemanden bei der Miliz finden, der Einfluss auf die Paladine hat, der ihm helfen kann.","어부 파림은 민병대 때문에 골머리를 앓고 있다. 그들은 그가 먹고살기에도 벅찰 만큼 많은 물고기를 빼앗아 간다. 그를 도울 수 있도록 팔라딘들에게 영향력이 있는 민병대원을 찾아봐야겠다.","","False","TOPIC_Addon_FarimsFish_1","",""
"Scripts/Content/Story/Log_Entries/LOG_Constants_Yoly.d:254","Martin der Proviantmeister wird sich der Sache annehmen.","보급관 마틴이 이 문제를 처리해 줄 것이다.","","False","TOPIC_Addon_FarimsFish_2","",""
"Scripts/Content/Story/Log_Entries/LOG_Constants_Yoly.d:256","Lucia","루시아","","False","TOPIC_Addon_Lucia","",""
"Scripts/Content/Story/Log_Entries/LOG_Constants_Yoly.d:258","Lucia schrieb einen Abschiedsbrief an Elvrich. Das wird ihn sicher interessieren.","루시아는 엘브리히에게 작별 편지를 썼다. 그가 분명 흥미로워할 것이다.","","False","TOPIC_Addon_Lucia_1","",""
"Scripts/Content/Story/Log_Entries/LOG_Constants_Yoly.d:259","Lucia wurde von den Banditen in den Wald hinter Sekobs Bauernhof irgendwo im Norden verschleppt.","루시아는 북쪽 어딘가에 있는 세코브의 농장 뒤편 숲으로 도둑들에게 납치당했다.","","False","TOPIC_Addon_Lucia_2","",""
"Scripts/Content/Story/Log_Entries/LOG_Constants_Yoly.d:260","Elvrich will nicht glauben, dass Lucia mit den Banditen freiwillig mitgegangen sein soll. Er hofft trotz ihrem eindeutigen Abschiedsbrief immer noch auf ihre Rückkehr.","엘브리히는 루시아가 자발적으로 도둑들을 따라갔다고 믿으려 하지 않는다. 그는 명백한 작별 편지에도 불구하고 여전히 그녀가 돌아오기를 바라고 있다.","","False","TOPIC_Addon_Lucia_3","",""
"Scripts/Content/Story/Log_Entries/LOG_Constants_Yoly.d:261","Das Freudenmädchen Lucia ist über Nacht aus Bromors Bordell verschwunden. Es wird vermutet, dass sie mit Thorbens Tischlerlehrling Elvrich durchgebrannt ist.","매춘부 루시아가 하룻밤 사이에 브로모르의 사창가에서 사라졌다. 소르벤의 목수 제습생 엘브리히와 눈이 맞아 도망친 것으로 추정된다.","","False","TOPIC_Addon_Lucia_4","",""
"Scripts/Content/Story/Log_Entries/LOG_Constants_Yoly.d:263","Händlerüberfall","상인 습격","","False","TOPIC_Addon_Erol","",""
"Scripts/Content/Story/Log_Entries/LOG_Constants_Yoly.d:264","Der Händler Erol ist von mehreren Banditen überfallen worden. Ihm sind sämtliche Waren gestohlen worden. Die Banditen auf der Brücke in der Nähe der Taverne 'Zur Toten Harpie' haben noch seine wertvollen Steintafeln. Die will Erol zurück haben.","상인 에롤이 여러 명의 도둑에게 습격을 당했다. 그의 모든 물품이 도난당했다. '죽은 하피' 선술집 근처 다리에 있는 도둑들이 여전히 그의 소중한 석판들을 가지고 있다. 에롤은 그것들을 되찾고 싶어 한다.","","False","TOPIC_Addon_Erol_1","",""
"Scripts/Content/Story/Log_Entries/LOG_Constants_Yoly.d:266","Ablösung für Vatras","바트라스의 대타","","False","TOPIC_Addon_VatrasAbloesung","",""
"Scripts/Content/Story/Log_Entries/LOG_Constants_Yoly.d:267","Vatras wird mir bei meinem Problem mit dem 'Auge Innos' nicht helfen können, solange kein anderer Wassermagier ihn in der Stadt vertritt.","도시에서 그의 업무를 대신해 줄 다른 물물의 마법사가 없는 한, 바트라스는 '이노스의 눈'과 관련된 내 문제를 도와줄 수 없다.","","False","TOPIC_Addon_VatrasAbloesung_1","",""
"Scripts/Content/Story/Log_Entries/LOG_Constants_Yoly.d:268","Myxir wurde los geschickt um Vatras in der Hafenstadt zu unterstützen.","항구 도시에서 바트라스를 도우려 믹시르가 파견되었다.","","False","TOPIC_Addon_VatrasAbloesung_2","",""
"Scripts/Content/Story/Log_Entries/LOG_Constants_Yoly.d:272","Viele Bürger von Khorinis werden vermisst. Niemand scheint zu wissen, was mit ihnen passiert ist.","코리니스 시민 다수가 실종되었다. 누구도 그들에게 무슨 일이 일어났는지 아는 사람이 없는 것 같다.","","False","LogText_Addon_SCKnowsMisspeapl","",""
"Scripts/Content/Story/Log_Entries/LOG_Constants_Yoly.d:273","Die Leiche eines Fischer liegt in den Ruinen östlich des Lagers der Wassermagier.","어부의 시신 한 구가 물의 마법사 진영 동쪽 유적지에 누워 있다.","","False","LogText_Addon_WilliamLeiche","",""
"Scripts/Content/Story/Log_Entries/LOG_Constants_Yoly.d:274","Raven hat eine Mine und lässt die Sklaven dort nach Gold schürfen.","레이븐은 광산을 가지고 있으며 거기서 노예들을 시켜 금을 채굴하고 있다.","","False","LogText_Addon_RavensGoldmine","",""
"Scripts/Content/Story/Log_Entries/LOG_Constants_Yoly.d:275","Nur ein Wassermagier hat das Recht jemanden in den 'Ring des Wassers' aufzunehmen.","물의 마법사만이 누군가를 '링 오브 워터'에 가입시킬 권한이 있다.","","False","LogText_Addon_KDWRight","",""
"Scripts/Content/Story/Log_Entries/LOG_Constants_Yoly.d:276","William, einer der Fischer des Hafens von Khorinis, gehört zu den Vermissten.","코리니스 항구의 어부 중 한 명인 윌리엄이 실종자 명단에 올랐다.","","False","LogText_Addon_WilliamMissing","",""
"Scripts/Content/Story/Log_Entries/LOG_Constants_Yoly.d:277","Im Tempel Adanos haben die Herrscher von Jharkendar 3 Kammern voller tötlicher Rätsel errichtet, die alle Eindringlinge aufhalten soll. Die farbigen Reliquien der Erbauer sind der Schlüssel dazu.","아다노스 신전에서 자르켄다르의 통치자들은 모든 침입자를 저지하도록 고안된 치명적인 수수께끼로 가득 찬 3개의 방을 세웠다. 건축가들의 색색 유물들이 그 열쇠다.","","False","LogText_Addon_Relicts","",""
"Scripts/Content/Story/Log_Entries/LOG_Constants_Yoly.d:278","Skip gab mir Rum. Ich soll ihn zu Baltram bringen.","스킵이 럼주를 주었다. 발트람에게 가져다주어야 한다.","","False","LogText_Addon_SkipsRumToBaltram","",""
"Scripts/Content/Story/Log_Entries/LOG_Constants_Yoly.d:281","Cavalorn kann mir den Umgang mit dem Bogen zeigen und mir das Schleichen beibringen.","카발론은 내게 활 다루는 법과 은신하는 법을 가르쳐줄 수 있다.","","False","LogText_Addon_Cavalorn_Teach","",""
"Scripts/Content/Story/Log_Entries/LOG_Constants_Yoly.d:282","Saturas kann mir die magischen Kreis beibringen.","사투러스는 내게 마법의 원들을 가르쳐줄 수 있다.","","False","LogText_Addon_SaturasTeach","",""
"Scripts/Content/Story/Log_Entries/LOG_Constants_Yoly.d:283","Myxir kann mir das lesen der fremden Sprache der Erbauer beibringen.","믹시르는 내게 건축가들의 낯선 언어를 읽는 법을 가르쳐줄 수 있다.","","False","LogText_Addon_MyxirTeach","",""
"Scripts/Content/Story/Log_Entries/LOG_Constants_Yoly.d:284","Riordian kann meinem Irrlicht beibringen, nach Dingen zu suchen.","리오르디안은 내 도깨비불에게 물건을 찾는 법을 가르쳐줄 수 있다.","","False","LogText_Addon_RiordianTeach","",""
"Scripts/Content/Story/Log_Entries/LOG_Constants_Yoly.d:285","Riordian kann mir die Kunst des Tränkebrauens beibringen.","리오르디안은 내게 포션 제조술을 가르쳐줄 수 있다.","","False","LogText_Addon_RiordianTeachAlchemy","",""
"Scripts/Content/Story/Log_Entries/LOG_Constants_Yoly.d:286","Bei Nefarius lerne ich, wie man Runen herstellt.","네파리우스에게서 룬을 만드는 법을 배운다.","","False","LogText_Addon_NefariusTeach","",""
"Scripts/Content/Story/Log_Entries/LOG_Constants_Yoly.d:287","Der Händler Erol kann mir zeigen, wie ich stärker werde.","상인 에롤은 내가 더 강해지는 법을 보여줄 수 있다.","","False","LogText_Addon_Erol_Teach","",""
"Scripts/Content/Story/Log_Entries/LOG_Constants_Yoly.d:290","Der Wassermagier Cronos hat einige interessante Dinge, die er mit mir handelt.","물의 마법사 크로노스는 나와 거래할 만한 흥미로운 물건들을 가지고 있다.","","False","LogText_Addon_CronosTrade","",""
"Scripts/Content/Story/Log_Entries/LOG_Constants_Yoly.d:291","Vatras nimmt mir die seltsamen Steintafeln ab, die in dieser Gegend zu finden sind. Er versprach mir, mich angemessen dafür zu entlohnen.","바트라스는 이 부근에서 발견되는 이상한 석판들에 관심이 있다. 그는 그 대가로 적절한 보상을 주겠다고 약속했다.","","False","LogText_Addon_VatrasTrade","",""
"Scripts/Content/Story/Log_Entries/LOG_Constants_Yoly.d:292","Martin der Proviantmeister kann mir Dinge aus den Beständen der Paladine verkaufen.","보급관 마틴은 팔라딘들의 재고품에서 물건들을 나에게 팔 수 있다.","","False","LogText_Addon_MartinTrade","",""
"Scripts/Content/Story/Log_Entries/LOG_Constants_Yoly.d:293","Der Händler Erol kann mir Waren aller Art verkaufen. Er hat seine Hütte zwischen der Taverne 'Zur Toten Harpie' und Onars Hof.","상인 에롤은 온갖 종류의 상품을 나에게 팔 수 있다. 그의 오락실은 '죽은 하피' 선술집과 오나르의 농장 사이에 있다.","","False","LogText_Addon_ErolTrade","",""
"Scripts/Content/Story/Log_Entries/LOG_Constants_Yoly.d:296","Mein Irrlicht kann folgende Dinge für mich finden:","내 도깨비불은 다음의 물건들을 찾아낼 수 있다:","","False","LogText_Addon_WispLearned","",""
"Scripts/Content/Story/Log_Entries/LOG_Constants_Yoly.d:297","Nahkampfwaffen","근접 무기","","False","LogText_Addon_WispLearned_NF","",""
"Scripts/Content/Story/Log_Entries/LOG_Constants_Yoly.d:298","Fernkampfwaffen und Munition","원거리 무기와 탄약","","False","LogText_Addon_WispLearned_FF","",""
"Scripts/Content/Story/Log_Entries/LOG_Constants_Yoly.d:299","Gold, Schlüssel und Gebrauchsgegenstände","금, 열쇠 및 도구","","False","LogText_Addon_WispLearned_NONE","",""
"Scripts/Content/Story/Log_Entries/LOG_Constants_Yoly.d:300","Runen und Schriftrollen","룬과 두루마리","","False","LogText_Addon_WispLearned_RUNE","",""
"Scripts/Content/Story/Log_Entries/LOG_Constants_Yoly.d:301","Ringe und Amulette","반지와 부적","","False","LogText_Addon_WispLearned_MAGIC","",""
"Scripts/Content/Story/Log_Entries/LOG_Constants_Yoly.d:302","Nahrung und Planzen","음식과 식물","","False","LogText_Addon_WispLearned_FOOD","",""
"Scripts/Content/Story/Log_Entries/LOG_Constants_Yoly.d:303","Magische und andere Tränke","마법 포션 및 일반 포션","","False","LogText_Addon_WispLearned_POTIONS","",""
"Scripts/Content/Story/Log_Entries/LOG_Constants_Yoly.d:306","Ich beherrsche die Sprache der Bauern. Es ist die gemeine Sprache der Erbauer.","나는 농부들의 언어를 구사할 줄 안다. 그것은 건축가들의 공통 언어이다.","","False","LogText_Addon_Language_1","",""
"Scripts/Content/Story/Log_Entries/LOG_Constants_Yoly.d:307","Ich beherrsche die Sprache der Krieger.","나는 전사들의 언어를 구사할 줄 안다.","","False","LogText_Addon_Language_2","",""
"Scripts/Content/Story/Log_Entries/LOG_Constants_Yoly.d:308","Ich beherrsche die Sprache der Priester.","나는 사제들의 언어를 구사할 줄 안다.","","False","LogText_Addon_Language_3","",""
"Scripts/Content/Story/Log_Entries/LOG_Constants_Yoly.d:312","Der faule Bauer","게으른 농부","","False","TOPIC_Bronkoeingeschuechtert","",""
"Scripts/Content/Story/Log_Entries/LOG_Constants_Yoly.d:314","Till kann Bronko nicht zur Arbeit bewegen. Till will, dass ich es versuche.","틸은 브론코를 일하게 만들 수 없다. 틸은 내가 시도해 보기를 원한다.","","False","TOPIC_Bronkoeingeschuechtert_1","",""
"Scripts/Content/Story/Log_Entries/LOG_Constants_Yoly.d:316","Die verbotene Weide","금지된 목초지","","False","TOPIC_BalthasarsSchafe","",""
"Scripts/Content/Story/Log_Entries/LOG_Constants_Yoly.d:318","Wenn ich Bengar überzeugen will, dass er Balthasar wieder auf seine Weide läßt, werde ich etwas für ihn tun müssen. Die Gelegenheit wird sich sicherlich noch ergeben.","발타자르를 목초지로 다시 들여보내 달라고 벵가르를 설득하려면, 그를 위해 뭔가 해줘야 할 것이다. 기회는 분명히 올 것이다.","","False","TOPIC_BalthasarsSchafe_1","",""
"Scripts/Content/Story/Log_Entries/LOG_Constants_Yoly.d:319","Der Bauer Bengar hat dem Schafhirten Balthasar verboten seine Schafe auf´s Weidenplateau zu führen.","농부 벵가르는 양치기 발타자르가 목초지 고원 위로 양들을 데려가는 것을 금지했다.","","False","TOPIC_BalthasarsSchafe_2","",""
"Scripts/Content/Story/Log_Entries/LOG_Constants_Yoly.d:321","Bauer in Not","위기에 처한 농부","","False","TOPIC_AkilsSLDStillthere","",""
"Scripts/Content/Story/Log_Entries/LOG_Constants_Yoly.d:323","Akils Hof wird von Söldnern bedroht.","아킬의 농장이 용병들에게 위협받고 있다.","","False","TOPIC_AkilsSLDStillthere_1","",""
"Scripts/Content/Story/Log_Entries/LOG_Constants_Yoly.d:324","Mika will mir helfen, das kleine Söldnerproblem auf Akils Hof zu lösen.","미카는 아킬의 농장에 있는 사소한 용병 문제를 해결하는 것을 도와주겠다고 한다.","","False","TOPIC_AkilsSLDStillthere_2","",""
"Scripts/Content/Story/Log_Entries/LOG_Constants_Yoly.d:327","Leere den Krug in einem Zug","잔을 한 번에 비워라","","False","TOPIC_Wettsaufen","",""
"Scripts/Content/Story/Log_Entries/LOG_Constants_Yoly.d:329","In der Taverne wird gewettet.","선술집에서 내기가 벌어지고 있다.","","False","TOPIC_Wettsaufen_1","",""
"Scripts/Content/Story/Log_Entries/LOG_Constants_Yoly.d:330","Randolph erzählte mir von Rukhar und seinem Wettsaufen. Randolph hat nicht genug Geld um nochmal gegen Rukhar anzutreten.","랜돌프가 루카르와 그의 술 마시기 내기에 대해 말해 주었다. 랜돌프는 루카르와 다시 맞붙을 돈이 충분하지 않다.","","False","TOPIC_Wettsaufen_2","",""
"Scripts/Content/Story/Log_Entries/LOG_Constants_Yoly.d:331","Randolph hat den Verdacht, dass Rukhar beim Wettsaufen betrügt. Randolph würde die Flasche Wacholder in Rukhars Truhe am liebsten mit einer Flasche Wasser vertauschen.","랜돌프는 루카르가 술 마시기 내기에서 부정행위를 하고 있다고 의심한다. 랜돌프는 루카르의 상자에 있는 진 병을 물 병과 바꿔치기하고 싶어 한다.","","False","TOPIC_Wettsaufen_3","",""
"Scripts/Content/Story/Log_Entries/LOG_Constants_Yoly.d:332","Die Wette läuft. Das sollte ich weiter beobachten.","내기가 시작되었다. 계속 주시해야 한다.","","False","TOPIC_Wettsaufen_4","",""
"Scripts/Content/Story/Log_Entries/LOG_Constants_Yoly.d:333","In der Taverne wird gewettet.","선술집에서 내기가 벌어지고 있다.","","False","TOPIC_Wettsaufen_5","",""
"Scripts/Content/Story/Log_Entries/LOG_Constants_Yoly.d:334","Rukhar nennt sein kleines Spielchen, LEERE DEN KRUG IN EINEM ZUG. Kein Interesse. Ich werde ihm jemanden anderes suchen, den er verarschen kann.","루카르는 자신의 작은 놀이를 잔을 한 번에 비워라라고 부른다. 관심 없다. 속아 넘 넘어갈 다른 호구라도 찾아봐야겠다.","","False","TOPIC_Wettsaufen_6","",""
"Scripts/Content/Story/Log_Entries/LOG_Constants_Yoly.d:336","Die Schnaubende Kreatur","코를 킁킁거리는 피조물","","False","TOPIC_GaanSchnaubi","",""
"Scripts/Content/Story/Log_Entries/LOG_Constants_Yoly.d:337","Die schnaubende Kreatur macht dem Jäger Gaan zu schaffen. Bevor ich das Vieh nicht beseitige, kann er nicht mehr jagen.","코를 킁킁거리는 피조물 때문에 사냥꾼 간이 골머리를 앓고 있다. 그 짐승을 처치하지 않으면 그는 사냥을 할 수 없다.","","False","TOPIC_GaanSchnaubi_1","",""
"Scripts/Content/Story/Log_Entries/LOG_Constants_Yoly.d:339","Der hungrige Jäger","배고픈 사냥꾼","","False","TOPIC_GromAskTeacher","",""
"Scripts/Content/Story/Log_Entries/LOG_Constants_Yoly.d:341","Grom der Jäger wird mir sein Geschick beibringen, wenn ich ihm eine Flasche Milch, ein Brot und einen Schinken bringe.","사냥꾼 그롬은 우유 한 병, 빵 한 덩이, 그리고 햄을 가져다주면 자신의 기술을 가르쳐줄 것이다.","","False","TOPIC_GromAskTeacher_1","",""
"Scripts/Content/Story/Log_Entries/LOG_Constants_Yoly.d:343","Dragomirs Armbrust","드라고미르의 석궁","","False","TOPIC_DragomirsArmbrust","",""
"Scripts/Content/Story/Log_Entries/LOG_Constants_Yoly.d:345","Dragomir hat seine Armbrust bei einem seltsamen Steinkreis in den hohen nordlichen Bergen verloren.","드라고미르는 북쪽의 높은 산들에 있는 이상한 돌 원형 근처에서 석궁을 잃어버렸다.","","False","TOPIC_DragomirsArmbrust_1","",""
"Scripts/Content/Story/Log_Entries/LOG_Constants_Yoly.d:347","Banditen in Jacks Leuchturm","잭의 등대에 나타난 도둑들","","False","TOPIC_KillLighthouseBandits","",""
"Scripts/Content/Story/Log_Entries/LOG_Constants_Yoly.d:349","Der alte Seemann Jack kann nicht in seinen alten Leuchtturm zurück, solange dort die Bandíten hausen.","늙은 선원 잭은 도둑들이 등대를 점거하고 있는 동안에는 예전 등대로 돌아갈 수 없다.","","False","TOPIC_KillLighthouseBandits_1","",""
"Scripts/Content/Story/Log_Entries/LOG_Constants_Yoly.d:351","Abhanden gekommen?","잃어버린 물건이라도?","","False","TOPIC_HannaRetrieveLetter","",""
"Scripts/Content/Story/Log_Entries/LOG_Constants_Yoly.d:353","Hanna vermisst ein Schriftstück. Es soll am Hafen beim Kartenzeichner Brahim abhanden gekommen sein.","한나는 문서 하나를 찾고 있다. 항구의 지도 제작자 브라힘의 곳에서 사라졌다고 한다.","","False","TOPIC_HannaRetrieveLetter_1","",""
"Scripts/Content/Story/Log_Entries/LOG_Constants_Yoly.d:358","Das Auge Innos","이노스의 눈","","False","TOPIC_INNOSEYE","",""
"Scripts/Content/Story/Log_Entries/LOG_Constants_Yoly.d:360","Diese schwarzen Kerle gehen mir langsam auf die Nerven. Sie haben das Auge Innos zerstört. Kein Ahnung, wie ich das nun wieder regeln soll.","그 검은 녀석들 때문에 정말 미치겠네. 그들이 이노스의 눈을 파괴했다. 이걸 다시 어떻게 수습해야 할지 감도 안 잡힌다.","","False","TOPIC_INNOSEYE_1","",""
"Scripts/Content/Story/Log_Entries/LOG_Constants_Yoly.d:361","Lord Hagen hat mir ein Schreiben mitgegeben. Damit wird mir Meister Pyrokar im Kloster das Auge Innos überreichen.","헤이건 경이 편지 한 통을 주었다. 수도원의 파이로카 마스터는 이걸 보면 내게 이노스의 눈을 건네줄 것이다.","","False","TOPIC_INNOSEYE_2","",""
"Scripts/Content/Story/Log_Entries/LOG_Constants_Yoly.d:362","Vatras will ein Ritual am Sonnenkreis abhalten um das Auge wieder zu heilen. Ich muss Xardas und Pyrokar überzeugen, daran teilzunehmen. Ausserdem muss ich einen Schmied finden, der mir die zerbrochene Fassung des Amuletts repariert.","바트라스는 눈을 다시 치유하기 위해 태양의 원에서 의식을 거행하고자 한다. 나는 자다스와 파이로카를 설득해 참여하게 만들어야 한다. 게다가 부서진 아뮬렛 테두리를 수리해 줄 대장장이도 찾아야 한다.","","False","TOPIC_INNOSEYE_3","",""
"Scripts/Content/Story/Log_Entries/LOG_Constants_Yoly.d:363","Das Auge ist geheilt. Pyrokar wird es mir überreichen und dann auf zur Drachenjagd.","눈이 치유되었다. 파이로카가 그것을 내게 건네줄 것이고, 드래곤 사냥을 떠날 차례다.","","False","TOPIC_INNOSEYE_4","",""
"Scripts/Content/Story/Log_Entries/LOG_Constants_Yoly.d:364","In der Stadt Khorinis lagert eine Gruppe von Paladinen. Sie verfügen über ein mächtiges Artefakt: 'Das Auge Innos'. Seine Macht soll uns gegen die Bedrohung durch die Drachen helfen. Ich werde die Paladine überzeugen müssen, uns in dieser Sache zu unterstützen.","코리니스 시에는 팔라딘 무리가 진을 치고 있다. 그들에게는 강력한 유물이 있다. 바로 '이노스의 눈'이다. 그 힘은 드래곤들의 위협에 맞서는 데 도움이 될 것이다. 이 일에 우리를 지원하도록 팔라딘들을 설득해야겠다.","","False","TOPIC_INNOSEYE_5","",""
"Scripts/Content/Story/Log_Entries/LOG_Constants_Yoly.d:365","Der Feind hat erfahren, dass ich auf der Suche nach dem Auge Innos bin. Es wird Zeit, dass ich es endlich finde, bevor es zu spät ist.","적이 내가 이노스의 눈을 찾고 있다는 사실을 눈치챘다. 너무 늦기 전에 서둘러 찾아야 할 때다.","","False","TOPIC_INNOSEYE_6","",""
"Scripts/Content/Story/Log_Entries/LOG_Constants_Yoly.d:366","Das Auge befindet sich im Kloster der Feuermagier. Lord Hagen wird mir hoffentlich Zugang dazu gewähren, wenn ich ihm das Schreiben von Lord Garond überreiche. Nur mit Hagens Zustimmung wird mich der oberste Feuermagier Pyrokar an das Amulett heran lassen.","눈은 불의 마법사들의 수도원에 있다. 가론드 경의 메시지를 그에게 전하면 헤이건 경이 내게 접근 허가를 내려주기를 바란다. 헤이건의 승인 없이는 최고 불의 마법사 파이로카가 아뮬렛 근처에도 가지 못하게 할 것이다.","","False","TOPIC_INNOSEYE_7","",""
"Scripts/Content/Story/Log_Entries/LOG_Constants_Yoly.d:367","Xardas war nicht gerade glücklich darüber, dass das Auge Innos zerstört ist. Der Wassermagier Vatras in der Stadt Khorinis scheint nun die einizige Hoffnung zu sein.","자다스는 이노스의 눈이 파괴되었다는 사실에 그리 기뻐하지 않았다. 코리니스 시의 물의 마법사 바트라스가 이제 우리의 유일한 희망인 것 같다.","","False","TOPIC_INNOSEYE_8","",""
"Scripts/Content/Story/Log_Entries/LOG_Constants_Yoly.d:368","Xardas hat zugestimmt, bei dem Ritual am Sonnenkreis zu erscheinen.","자다스는 태양의 원에서 열리는 의식에 참석하기로 동의했다.","","False","TOPIC_INNOSEYE_9","",""
"Scripts/Content/Story/Log_Entries/LOG_Constants_Yoly.d:369","Die Fassung des Amuletts ist wieder intakt. Bennet hat ganze Arbeit geleistet.","아뮬렛 테두리가 다시 온전해졌다. 베넷이 훌륭한 일을 해냈다.","","False","TOPIC_INNOSEYE_10","",""
"Scripts/Content/Story/Log_Entries/LOG_Constants_Yoly.d:370","Xardas gab mir einen Schlüssel für eine Truhe auf Sekobs Bauernhof. Ich soll das Buch darin zu Pyrokar bringen.","자다스는 세코브의 농장에 있는 상자의 열쇠를 주었다. 그 안에 있는 책을 파이로카에게 가져다주어야 한다.","","False","TOPIC_INNOSEYE_11","",""
"Scripts/Content/Story/Log_Entries/LOG_Constants_Yoly.d:371","Das hatte ich mir eigentlich ein bisschen einfacher vorgestellt, aber freiwillig und ohne Unterstützung der Paladine wird Pyrokar das Auge nicht rausrücken.","사실 이건 좀 더 간단할 거라고 생각했지만, 팔라딘들의 지원 없이는 파이로카가 자발적으로 눈을 내놓지 않을 것이다.","","False","TOPIC_INNOSEYE_12","",""
"Scripts/Content/Story/Log_Entries/LOG_Constants_Yoly.d:372","Klasse. Hätte ich mir ja denken können. Ich bin zu spät gekommen, die Hohlköpfe im Kloster haben sich das Auge von einem Novizen klauen lassen und ich kann dem Verräter Pedro jetzt hinterher rennen und hoffen, dass er es noch nicht an irgendwen verkauft hat.","최고야. 알아챘어야 했는데. 너무 늦었어. 수도원의 멍청이들이 견습생이 눈을 훔쳐가도록 내버려 두더니, 이제 배신자 페드로를 쫓아가서 그가 아직 누구에게도 팔아넘기지 않았기를 바랄 수밖에 없게 됐군.","","False","TOPIC_INNOSEYE_13","",""
"Scripts/Content/Story/Log_Entries/LOG_Constants_Yoly.d:373","Pyrokar will, dass ich den Wassermagier Vatras in der Satdt um Rat frage, was mit dem zerstörten Auge nun zu tun ist.","파이로카는 내가 도시의 물의 마법사 바트라스에게 파괴된 눈을 어떻게 해야 할지 조언을 구하길 원한다.","","False","TOPIC_INNOSEYE_14","",""
"Scripts/Content/Story/Log_Entries/LOG_Constants_Yoly.d:374","Pyrokar bekommt bei dem Gedanken an Xardas kalte Füsse. Ich werde mit Xardas darüber reden müssen, wie ich ihn zum Ritual am Sonnenkreis bewegen kann.","파이로카는 자다스를 생각하면 겁을 먹는다. 태양의 원형 의식에 자다스를 어떻게 끌어들일지 그와 의논해야겠다.","","False","TOPIC_INNOSEYE_15","",""
"Scripts/Content/Story/Log_Entries/LOG_Constants_Yoly.d:375","Endlich hat Pyrokar eingewilligt zum Sonnenkreis zu gehen.","파이로카가 마침내 태양의 원형으로 가는 것에 동의했다.","","False","TOPIC_INNOSEYE_16","",""
"Scripts/Content/Story/Log_Entries/LOG_Constants_Yoly.d:376","Bennet ist der Schmied, den ich suche um das Amulett zu reparieren.","베넷은 부적을 수리하기 위해 내가 찾는 대장장이이다.","","False","TOPIC_INNOSEYE_17","",""
"Scripts/Content/Story/Log_Entries/LOG_Constants_Yoly.d:378","Die Suchenden","시커들","","False","TOPIC_DEMENTOREN","",""
"Scripts/Content/Story/Log_Entries/LOG_Constants_Yoly.d:380","Xardas kannte die Männer in ihren schwarzen Roben. Die Suchenden seien die eigentlichen Fädenzieher des Feindes und sehr gefährlich.","자다스는 검은 로비 옷을 입은 남자들을 알고 있었다. 시커들은 적의 진정한 조종자들이며 매우 위험하다고 한다.","","False","TOPIC_DEMENTOREN_1","",""
"Scripts/Content/Story/Log_Entries/LOG_Constants_Yoly.d:381","Vino ist besessen. Ich habe ihn zur Heilung ins Kloster geschickt. Hoffentlich kommt er dort auch heil an.","비노가 조종당하고 있다. 그를 치료하기 위해 수도원으로 보냈다. 무사히 도착했으면 좋겠군.","","False","TOPIC_DEMENTOREN_2","",""
"Scripts/Content/Story/Log_Entries/LOG_Constants_Yoly.d:382","Pyrokar erzählte mir von den Suchenden. Männer in schwarzen Roben. Die Schergen Beliars. Er warnte mich vor ihrer Fähigkeit, mich besessen zu machen. Ich soll sofort ins Kloster zurückkehren, sollte mir das einmal passieren.","파이로카는 나에게 시커들에 대해 이야기해 주었다. 검은 로비를 입은 남자들은 벨리알의 하수인들이다. 그는 그들이 사람을 조종하는 능력이 있다고 경고했다. 그런 일이 생기면 당장 수도원으로 돌아가야 한다.","","False","TOPIC_DEMENTOREN_3","",""
"Scripts/Content/Story/Log_Entries/LOG_Constants_Yoly.d:383","Pyrokar hat Karras damit beauftragt, sich mit der Bedrohung durch die Suchenden zu beschäftigen.","파이로카는 카라스에게 시커들의 위협에 대처하는 임무를 맡겼다.","","False","TOPIC_DEMENTOREN_4","",""
"Scripts/Content/Story/Log_Entries/LOG_Constants_Yoly.d:384","Pyrokar will die Almanachs der Besessenen unschädlich machen. Dazu gab er mir eine Liste derer, die die Suchenden zu übernehmen planen. Auf Pyrokars Liste sollen später vielleicht noch mehr Namen zu lesen sein.","파이로카는 조종당하는 자들의 연감을 무력화시키려 한다. 그러기 위해 그는 시커들이 지배하려는 자들의 목록을 내게 주었다. 나중에 파이로카의 목록에 더 많은 이름이 올라갈지도 모른다.","","False","TOPIC_DEMENTOREN_5","",""
"Scripts/Content/Story/Log_Entries/LOG_Constants_Yoly.d:385","Karras soll mir helfen, einen Schutz gegen die mentalen Angriffe der Suchenden zu finden.","카라스는 시커들의 정신 공격에 대한 보호책을 찾는 것을 도와줄 것이다.","","False","TOPIC_DEMENTOREN_6","",""
"Scripts/Content/Story/Log_Entries/LOG_Constants_Yoly.d:386","Karras braucht etwas, das in direkten Kontakt mit den Suchenden stand, damit er seine Nachforschungen über sie weiter führen kann.","카라스는 그들에 대한 조사를 계속하기 위해 시커들과 직접 접촉했던 무언가가 필요하다.","","False","TOPIC_DEMENTOREN_7","",""
"Scripts/Content/Story/Log_Entries/LOG_Constants_Yoly.d:387","Karras konnte mit einem Almanach der Besessenen weiter forschen. Ich soll später nochmal zu ihm kommen.","카라스는 조종당하는 자들의 연감을 이용해 조사를 계속할 수 있었다. 나중에 그를 다시 찾아가야겠다.","","False","TOPIC_DEMENTOREN_8","",""
"Scripts/Content/Story/Log_Entries/LOG_Constants_Yoly.d:388","Karras Studium war sehr aufschlussreich. Zwischen den Suchenden und der Bruderschaft des Schläfers scheint es einen Zusammenhang zu geben.","카라스의 연구는 매우 유익했다. 시커들과 잠자는 자의 형제단 사이에는 연관성이 있는 것 같다.","","False","TOPIC_DEMENTOREN_9","",""
"Scripts/Content/Story/Log_Entries/LOG_Constants_Yoly.d:389","Karras kann mir einen Schutz gegen die mentalen Angriffe der Suchenden beschaffen. Dazu benötigt er Gestein aus gesegneter Erde. Einige Schreine sind aus diesem Gestein gefertigt.","카라스는 시커들의 정신 공격으로부터 보호할 방법을 찾아줄 수 있다. 그러려면 축성된 땅의 돌이 필요하다. 일부 성소들이 이 돌로 만들어져 있다.","","False","TOPIC_DEMENTOREN_10","",""
"Scripts/Content/Story/Log_Entries/LOG_Constants_Yoly.d:390","Karras will mir ein Schutzamulett gegen die Mentalen Angriffe der Suchenden geben. Das wird die Sache erleichtern.","카라스는 시커들의 정신 공격에 대항할 보호 부적을 줄 것이다. 그러면 일이 훨씬 수월해질 것이다.","","False","TOPIC_DEMENTOREN_11","",""
"Scripts/Content/Story/Log_Entries/LOG_Constants_Yoly.d:391","Ich erhielt von Karras ein Schutzamulett gegen den schwarzen Blick der Suchenden.","나는 카라스로부터 시커들의 검은 눈빛에 대항하는 보호 부적을 받았다.","","False","TOPIC_DEMENTOREN_12","",""
"Scripts/Content/Story/Log_Entries/LOG_Constants_Yoly.d:392","Mein Verdacht hat sich bestätigt. Selbst Lester zweifelt nicht daran, dass es sich bei den Suchenden um die Anhänger des Schläfers aus dem ehemaligen Sumpflager handelt.","내 의심이 맞았다. 레스터조차도 시커들이 예전의 늪 야영지에 있던 잠자는 자의 추종자들이라는 것을 의심하지 않는다.","","False","TOPIC_DEMENTOREN_13","",""
"Scripts/Content/Story/Log_Entries/LOG_Constants_Yoly.d:394","Schattenläuferhörner für Buster","버스터를 위한 쉐도우 비스트 뿔","","False","TOPIC_Buster_KillShadowbeasts","",""
"Scripts/Content/Story/Log_Entries/LOG_Constants_Yoly.d:395","Buster macht mir einen guten Preis für jedes Schattenläuferhorn, das ich ihm bringe.","버스터는 내가 가져다주는 쉐도우 비스트 뿔마다 좋은 값을 쳐주겠다고 했다.","","False","TOPIC_Buster_KillShadowbeasts_1","",""
"Scripts/Content/Story/Log_Entries/LOG_Constants_Yoly.d:397","Die geschändteten Schreine","더럽혀진 성소들","","False","TOPIC_Ulthar_HeileSchreine_PAL","",""
"Scripts/Content/Story/Log_Entries/LOG_Constants_Yoly.d:398","Ulthar gab mir den Auftrag, alle vom Feind geschändeten Schreine mit seinem geweihten Wasser zu reinigen.","울타르는 적에 의해 더럽혀진 모든 성소를 그의 성수로 정화하라는 임무를 주었다.","","False","TOPIC_Ulthar_HeileSchreine_PAL_1","",""
"Scripts/Content/Story/Log_Entries/LOG_Constants_Yoly.d:400","Pedro der Verräter","배신자 페드로","","False","TOPIC_TraitorPedro","",""
"Scripts/Content/Story/Log_Entries/LOG_Constants_Yoly.d:402","Das Auge Innos habe ich gefunden. Aber von Pedro war bisher noch keine Spur zu sehen. Diese schwarzen Magier stecken mit ihm unter einer Decke.","이노스의 눈을 찾았다. 하지만 페드로는 아직 그림자도 보이지 않는다. 그 검은 마법사들이 한통속인 게 틀림없다.","","False","TOPIC_TraitorPedro_1","",""
"Scripts/Content/Story/Log_Entries/LOG_Constants_Yoly.d:403","Pedro, der Verräter, hat das Auge Innos aus dem Kloster gestohlen. Ich schätze, dass die Feuermagier ihn nur all zu gerne in die Finger kriegen wollen.","배신자 페드로는 수도원에서 이노스의 눈을 훔쳤다. 불의 마법사들은 그를 붙잡고 싶어 안달이 났을 것이다.","","False","TOPIC_TraitorPedro_2","",""
"Scripts/Content/Story/Log_Entries/LOG_Constants_Yoly.d:404","Gorax verriet mir, dass Serpentes will, dass ich Pedro für seinen Verrat töte, wenn Pedro mir in die Hände fällt.","고락스는 페드로나 내 손에 잡히면 세르펜테스가 배신자 페드로를 죽이기를 원한다고 귀띔해 주었다.","","False","TOPIC_TraitorPedro_3","",""
"Scripts/Content/Story/Log_Entries/LOG_Constants_Yoly.d:406","Der vertriebene Bauer","쫓겨난 농부","","False","TOPIC_SekobDMT","",""
"Scripts/Content/Story/Log_Entries/LOG_Constants_Yoly.d:408","Die schwarzen Magier haben Sekob aus seinem Haus vertieben. Sekob Will, dass ich sie aus seinem Haus vertreibe.","검은 마법사들이 세코브를 집에서 쫓아냈다. 세코브는 내가 그들을 집에서 쫓아내 주기를 원한다.","","False","TOPIC_SekobDMT_1","",""
"Scripts/Content/Story/Log_Entries/LOG_Constants_Yoly.d:411","Schafdiebe","양 도둑들","","False","TOPIC_AkilSchafDiebe","",""
"Scripts/Content/Story/Log_Entries/LOG_Constants_Yoly.d:413","Akil werde ständig Schafe gestohlen. Er hat die Banditen in der nahegelgenen Waldhöhle in verdacht.","아킬은 자꾸 양을 도둑맞고 있다. 그는 근처 숲속 동굴에 있는 산적들을 의심하고 있다.","","False","TOPIC_AkilSchafDiebe_1","",""
"Scripts/Content/Story/Log_Entries/LOG_Constants_Yoly.d:415","Heilmittel für Hilda","힐다를 위한 치료제","","False","TOPIC_HealHilda","",""
"Scripts/Content/Story/Log_Entries/LOG_Constants_Yoly.d:416","Lobarts Frau Hilda ist krank, aber Vatras hat ein Heilmittel.","로바트의 아내 힐다가 아프지만, 바트라스에게 치료제가 있다.","","False","TOPIC_HealHilda_1","",""
"Scripts/Content/Story/Log_Entries/LOG_Constants_Yoly.d:418","Maleths Gehstock","말레트의 지팡이","","False","TOPIC_MalethsGehstock","",""
"Scripts/Content/Story/Log_Entries/LOG_Constants_Yoly.d:420","Maleth hat seinen Gehstock im verloren. Er war völlig betrunken. So wie ich ihn einschätze ist er nicht weit weg von Lobarts Hof gewesen. Ich sollte das Ding dort irgendwo finden.","말레트는 술에 완전히 취해서 지팡이를 잃어버렸다. 내 생각에 그는 로바트의 농장에서 멀리 가지 않았을 것이다. 근처 어디선가 그 물건을 찾을 수 있을 것이다.","","False","TOPIC_MalethsGehstock_1","",""
"Scripts/Content/Story/Log_Entries/LOG_Constants_Yoly.d:421","Maleth veriet mir, dass es ein gösseres Banditenlager im Waldstück im Westen von Lobarts Hof geben soll. ","말레트는 로바트의 농장 서쪽 숲속에 큰 산적 야영지가 있다고 알려주었다. ","","False","TOPIC_MalethsGehstock_2","",""
"Scripts/Content/Story/Log_Entries/LOG_Constants_Yoly.d:424","Allein und Schutzlos","홀로 남겨진 무방비한 상태","","False","TOPIC_BengarALLEIN","",""
"Scripts/Content/Story/Log_Entries/LOG_Constants_Yoly.d:426","Bengar steht alleine auf seinem Hof. Malak sein Freund ist weg und aht alle anderen mitgenommen. Bengar denkt, dass er in die Berge geflohen ist.","벵가르는 농장에 홀로 남아 있다. 그의 친구 말락은 다른 사람들을 모두 데리고 떠나버렸다. 벵가르는 그가 산으로 도망쳤다고 생각한다.","","False","TOPIC_BengarALLEIN_1","",""
"Scripts/Content/Story/Log_Entries/LOG_Constants_Yoly.d:427","Sein Hof ist nun völlig schutzlos. Er braucht eine Hilfe. Er sprach von einm Söldner mit dem Namen Wolf. Den kenn ich doch!?","그의 농장은 이제 완전히 무방비 상태다. 도움이 필요하다. 그는 울프라는 이름의 용병에 대해 이야기했다. 어디서 들어본 이름인데?!","","False","TOPIC_BengarALLEIN_2","",""
"Scripts/Content/Story/Log_Entries/LOG_Constants_Yoly.d:428","Malak hat sich im Süden verschanzt, weil er Angst vor den Kreaturen hatte, die aus dem Pass aufs Weidenplateau kamen.","말락은 통행로에서 목초지 고원으로 올라오는 괴물들이 무서워서 남쪽에 참호치고 숨어 있다.","","False","TOPIC_BengarALLEIN_3","",""
"Scripts/Content/Story/Log_Entries/LOG_Constants_Yoly.d:429","Malak wird nicht zu Bengar zurückkehren, solange Bengars Hof schutzlos ist.","벵가르의 농장이 무방비 상태인 동안에는 말락이 벵가르에게 돌아가지 않을 것이다.","","False","TOPIC_BengarALLEIN_4","",""
"Scripts/Content/Story/Log_Entries/LOG_Constants_Yoly.d:431","gefälschte Minenanteile","위조된 광산 주식","","False","TOPIC_MinenAnteile","",""
"Scripts/Content/Story/Log_Entries/LOG_Constants_Yoly.d:432","Der Kerl, der die Minenanteile den Händlern verkauft hat, heißt Salandril. Ich werde ihn sicherlich im oberen Viertel von Khorinis finden, wenn er nicht schon auf der Flucht vor dem Gesetz ist.","상인들에게 광산 주식을 판 작자의 이름은 살란드릴이다. 그가 이미 법을 피해 도망치지 않았다면 코리니스의 상부 구역에서 찾을 수 있을 것이다.","","False","TOPIC_MinenAnteile_1","",""
"Scripts/Content/Story/Log_Entries/LOG_Constants_Yoly.d:433","Salandril ist tot. Ich werde Serpentes davon unterrichten müssen.","살란드릴은 죽었다. 세르펜테스에게 이 사실을 알려야겠다.","","False","TOPIC_MinenAnteile_2","",""
"Scripts/Content/Story/Log_Entries/LOG_Constants_Yoly.d:434","Irgendjemand verkauft illegale Erzineneanteile und bereichert sich daran. Ich muß herausfinden, wer sie an die Händler dieser Gegend verkauft hat. Serpentes will diese falschen Papiere alle haben.","누군가 불법적인 광석 광산 주식을 팔아 부를 축적하고 있다. 이 지역 상인들에게 그것을 판 자가 누구인지 알아내야 한다. 세르펜테스는 그 위조된 서류들을 전부 원한다.","","False","TOPIC_MinenAnteile_3","",""
"Scripts/Content/Story/Log_Entries/LOG_Constants_Yoly.d:435","Ich soll Salandril, einen Alchemisten im oberen Viertel von Khorinis, ins Kloster bringen, damit er dort verurteilt werden kann. Was er angestellt hat, kann mir im Grunde auch egal sein. Hauptsache ich werde für diesen Auftrag bezahlt.","나는 코리니스 상부 구역의 연금술사인 살란드릴을 심판받도록 수도원으로 데려가야 한다. 그가 무슨 짓을 저질렀든 나로서는 상관없다. 이 의뢰에 대한 보수만 받을 수 있다면 그만이다.","","False","TOPIC_MinenAnteile_4","",""
"Scripts/Content/Story/Log_Entries/LOG_Constants_Yoly.d:438","Des Richters Lakai","판사의 하수인","","False","TOPIC_RichterLakai","",""
"Scripts/Content/Story/Log_Entries/LOG_Constants_Yoly.d:439","Lee will, dass ich etwas Belastendes gegen den Richter von Khorinis finde. Ich soll dem Richter meine Dienste anbieten und dabei die Augen offen halten.","리는 코리니스의 판사에 대한 불리한 증거를 찾아내기를 원한다. 판사에게 나의 서비스를 제안하고 눈을 크게 뜨고 살펴보아야 한다.","","False","TOPIC_RichterLakai_1","",""
"Scripts/Content/Story/Log_Entries/LOG_Constants_Yoly.d:440","Ich habe den Anführer der Flüchtlinge Morgahard gefunden.","도망자들의 우두머리 모르가하드를 찾았다.","","False","TOPIC_RichterLakai_2","",""
"Scripts/Content/Story/Log_Entries/LOG_Constants_Yoly.d:441","Morgahard gab mir den Auftrag des Richters. Dieses Papier beweist eindeutig, dass der Richter den Statthalter Larius hat ausrauben lassen. Ich denke, das ist genau das, was ich für Lee suchen sollte.","모르가하드는 판사의 임무가 적힌 문서를 내게 주었다. 이 문서는 판사가 주지사 라리우스를 강도질하도록 시켰음을 명백히 증명한다. 리를 위해 찾으려던 것이 바로 이것인 듯하다.","","False","TOPIC_RichterLakai_3","",""
"Scripts/Content/Story/Log_Entries/LOG_Constants_Yoly.d:442","Der Richter traut mir nicht. Ich muß erst meine Loyalität ihm gegenüber unter Beweis stellen. Ich soll den heiligen Hammer aus dem Keller des Feuermagierklosters stehlen und ihn zum Richter bringen.","판사는 나를 믿지 않는다. 먼저 그에 대한 나의 충종을 증명해 보여야 한다. 불의 마법사 수도원 지하실에서 신성한 망치를 훔쳐 판사에게 가져다주어야 한다.","","False","TOPIC_RichterLakai_4","",""
"Scripts/Content/Story/Log_Entries/LOG_Constants_Yoly.d:443","Dem Richter sind einige Gefangene weg gelaufen. Ich soll sie für ihn wieder einfangen und ihren Anführer MORGAHARD töten. Sie sollen sich in die Berge verdrückt haben. Irgendwo in Richtung Xardas neuen Turm.","판사의 죄수 몇 명이 탈옥했다. 그들을 다시 잡아들이고 우두머리인 모르가하드를 죽여야 한다. 산으로 도망쳤다고 한다. 자다스의 새 탑 쪽 어딘가일 것이다.","","False","TOPIC_RichterLakai_5","",""
"Scripts/Content/Story/Log_Entries/LOG_Constants_Yoly.d:444","Die Nachricht über Morgahards Tod hat den Richter sichtlich amüsiert. Soll er ruhig. Ich darf Lees Auftrag nicht aus dem Auge verlieren.","모르가하드의 죽음에 대한 소식은 판사를 눈에 띄게 즐겁게 만들었다. 그러든 말든 상관없다. 리의 임무에서 눈을 떼서는 안 된다.","","False","TOPIC_RichterLakai_6","",""
"Scripts/Content/Story/Log_Entries/LOG_Constants_Yoly.d:446","Schwarzes Fell","검은 가죽","","False","TOPIC_KillTrollBlack","",""
"Scripts/Content/Story/Log_Entries/LOG_Constants_Yoly.d:447","Raoul will, dass ich ihm das Fell eines schwarzen Trolls bringe.","라오울은 블랙 트롤의 가죽을 가져다주기를 원한다.","","False","TOPIC_KillTrollBlack_1","",""
"Scripts/Content/Story/Log_Entries/LOG_Constants_Yoly.d:449","Torlofs Angst vor´m schwarzen Mann.","토를로프의 검은 남자에 대한 공포","","False","TOPIC_Torlof_Dmt","",""
"Scripts/Content/Story/Log_Entries/LOG_Constants_Yoly.d:450","Beim Banditenlager in den Bergen im Süden des Tals sollen sich einige dieser schwarzen Kapuzentypen aufhalten. Torlof bekommt bei ihrer Anwesendheit Sodbrennen. Ich soll die Sache für ihn erledigen.","계곡 남쪽 산속의 산적 야영지에 그 검은 후드를 쓴 자들 중 일부가 머물고 있다고 한다. 토를로프는 그들이 있다는 것만으로도 속이 쓰려 한다. 그를 위해 이 일을 해결해 주어야겠다.","","False","TOPIC_Torlof_Dmt_1","",""
"Scripts/Content/Story/Log_Entries/LOG_Constants_Yoly.d:452","Hosh-Pak","호쉬-팍","","False","TOPIC_KillHoshPak","",""
"Scripts/Content/Story/Log_Entries/LOG_Constants_Yoly.d:453","Oric will, dass ich dem hohen Orkshamanen HOSH-PAK das Handwerk lege. Sein Zelt steht auf einer kleinen Klippe nicht weit entfernt von der Rückseite der Burg.","오릭은 고위 오크 주술사 호쉬-팍을 처치하기를 원한다. 그의 천막은 성 뒤편에서 멀지 않은 작은 절벽 위에 있다.","","False","TOPIC_KillHoshPak_1","",""
"Scripts/Content/Story/Log_Entries/LOG_Constants_Yoly.d:455","Ur-shak","우르-샤크","","False","TOPIC_Urshak","",""
"Scripts/Content/Story/Log_Entries/LOG_Constants_Yoly.d:457","Ich habe meinen alten orkischen Freund Ur-Shak gefunden.","나의 오래된 오크 친구 우르-샤크를 찾았다.","","False","TOPIC_Urshak_1","",""
"Scripts/Content/Story/Log_Entries/LOG_Constants_Yoly.d:458","Er hat es immer noch nicht geschafft, sich bei seinem Volk Gehör zu verschaffen. Er ist immer noch ein Ausgestossener.","그는 여전히 동족들에게 자신의 목소리를 전하는 데 실패했다. 그는 여전히 추방자 신세다.","","False","TOPIC_Urshak_2","",""
"Scripts/Content/Story/Log_Entries/LOG_Constants_Yoly.d:459","Ur-Shaks Plan sieht vor, sich mit dem Orkshamanen Hosh-Pak zu treffen, damit er Ur-Shak wieder seinen alten Platz im Rat der Shamane zurück gibt.","우르-샤크의 계획은 오크 주술사 호쉬-팍을 만나, 우르-샤크가 주술사 평의회에서 예전의 자리를 되찾을 수 있게 하는 것이다.","","False","TOPIC_Urshak_3","",""
"Scripts/Content/Story/Log_Entries/LOG_Constants_Yoly.d:460","Hosh-Pak ist tot. Mein Orkfreund hat sich auf den Weg zu Hosh-Paks Zelten gemacht. Er trauert um seinen Mentor. Ich sollte ihn ziehen lassen.","호쉬-팍은 죽었다. 나의 오크 친구는 호쉬-팍의 천막으로 향했다. 그는 자신의 스승을 애도하고 있다. 그를 내버려 두어야겠다.","","False","TOPIC_Urshak_4","",""
"Scripts/Content/Story/Log_Entries/LOG_Constants_Yoly.d:461","Urshak gehört wieder dem Rat der Orkshamane an. Er steht jetzt auf der feindlichen Seite und ist ein wenig gereizt. Ich sollte ihm besser aus dem Weg gehen, bis ich die Geschichte mit den Orks geregelt habe. Bis dahin wird er sich wieder beruhigt haben.","우르샤크는 다시 오크 주술사 평의회의 일원이 되었다. 그는 이제 적들의 편이며 조금 날카로워져 있다. 오크들과의 일을 해결할 때까지는 그의 눈에 띄지 않는 게 좋겠다. 그때쯤이면 그도 진정되어 있을 것이다.","","False","TOPIC_Urshak_5","",""
"Scripts/Content/Story/Log_Entries/LOG_Constants_Yoly.d:464","Drachenjagd","드래곤 사냥","","False","TOPIC_DRACHENJAGD","",""
"Scripts/Content/Story/Log_Entries/LOG_Constants_Yoly.d:466","Die Drachen sind nicht ihr eigener Herr. Sie dienen einem Meister, über den sie sich nur sehr wage äussern. Der Meister wird kommen die Welt zu vernichten und so weiter. Das übliche eben.","드래곤들은 스스로의 주인이 아니다. 그들은 아주 모호하게만 언급하는 한 주인을 섬기고 있다. 그 주인이 와서 세상을 파괴할 것이라는 둥. 평소의 그 뻔한 소리다.","","False","TOPIC_DRACHENJAGD_1","",""
"Scripts/Content/Story/Log_Entries/LOG_Constants_Yoly.d:467","Rethon der Drachenjäger faselte irgendwas von einem Drachen aus Eis.","드래곤 헌터 레톤은 얼음으로 된 드래곤에 대해 횡설수설했다.","","False","TOPIC_DRACHENJAGD_2","",""
"Scripts/Content/Story/Log_Entries/LOG_Constants_Yoly.d:468","Garond ist sicherlich daran interessiert, wie es um die Drachen steht, obwohl er auf mich eher den EIndruck macht, als wäre es ihm völlig egal.","가론드는 드래곤들의 상황에 관심이 있겠지만, 내 보기에는 전혀 신경 쓰지 않는 것처럼 보인다.","","False","TOPIC_DRACHENJAGD_3","",""
"Scripts/Content/Story/Log_Entries/LOG_Constants_Yoly.d:469","Garonds statigischer Offizier Oric hat veilleicht einige nützliche Informationen für mich.","가론드의 전략 장교 오릭이 내게 유용한 정보를 가지고 있을지도 모른다.","","False","TOPIC_DRACHENJAGD_4","",""
"Scripts/Content/Story/Log_Entries/LOG_Constants_Yoly.d:470","Ich bekam von Oric den Hinweis, dass sich westlich der Burg ein ziemlich großes Sumpfgebiet gebildet hat in den letzten Tagen. Seiner Meinung nach sehr verdächtig.","나는 오릭으로부터 최근 며칠 동안 성 서쪽에 꽤 큰 늪지대가 형성되었다는 정보를 얻었다. 그의 생각으로는 매우 수상한 일이다.","","False","TOPIC_DRACHENJAGD_5","",""
"Scripts/Content/Story/Log_Entries/LOG_Constants_Yoly.d:471","Die Späher der Paladine haben Oric berichtet, dass die Felsenfestung im Süden hinter dem Vulkan schwer bewacht sei. Oric vermutet dort einen Drachen.","팔라딘의 정찰병들은 남쪽 화산 뒤편의 바위 요새가 삼엄하게 경비되고 있다고 오릭에게 보고했다. 오릭은 그곳에 드래곤이 있을 것으로 추정한다.","","False","TOPIC_DRACHENJAGD_6","",""
"Scripts/Content/Story/Log_Entries/LOG_Constants_Yoly.d:472","Der letzte Drache, der die Burg im Minental angegriffen hat, soll nach dem Angriff in der Nähe des Vulkans gesehen worden sein.","광산 계곡의 성을 공격했던 마지막 드래곤은 공격 후에 화산 근처에서 목격되었다고 한다.","","False","TOPIC_DRACHENJAGD_7","",""
"Scripts/Content/Story/Log_Entries/LOG_Constants_Yoly.d:473","Die Eisregion im Westen ist laut Oric ein potentielle Behausung für einen Drachen.","오릭에 따르면 서쪽의 얼음 지역은 드래곤의 잠재적 서식지라고 한다.","","False","TOPIC_DRACHENJAGD_8","",""
"Scripts/Content/Story/Log_Entries/LOG_Constants_Yoly.d:474","Kjorn der Drachenjäger ist der Meinung, dass es verschiedene Arten von Drachen gibt. Einige halten sich angeblich lieber in kalten oder feuchten Gebieten auf, während andere das Feuer bevorzugen.","드래곤 헌터 키요른은 드래곤에도 여러 종류가 있다고 생각한다. 어떤 녀석들은 춥고 습한 지역을 좋아하는 반면, 다른 녀석들은 불을 선호한다는 것이다.","","False","TOPIC_DRACHENJAGD_9","",""
"Scripts/Content/Story/Log_Entries/LOG_Constants_Yoly.d:475","Ich bin nun bereit, den Drachen gegenüber zu treten. Das Auge Innos wird mir helfen sie zu bezwingen. Ich darf nur nicht vergessen, es zu tragen, wenn ich in den Kampf gegen die Biester ziehe. Erst muß ich mit den Drachen gesprochen haben, bevor ich auch nur den Hauch einer Chance gegen sie habe. Das Dumme ist nur, dass das Auge bei jedem Gespräch mit einem von ihnen seine Kraft verliert. Ich benötige das Herz eines Drachen und eine leere Laborflasche um das Extrakt des Drachenherzes mit dem geschwächten Stein des Amuletts an einem Alchemietisch zu vereinen, bevor ich mich dem nächsten Drachen stellen kann.","이제 드래곤들과 맞설 준비가 되었다. 이노스의 눈이 그들을 무찌르는 데 도움을 줄 것이다. 이 짐승들과 전투를 벌일 때 반드시 그것을 착용하는 것을 잊지 말아야 한다. 드래곤들을 상대할 기회조차 얻으려면 먼저 그들과 대화를 나누어야 한다. 유일한 문제는 그들과 대화할 때마다 눈이 힘을 잃는다는 것이다. 다음 드래곤과 맞서기 전에, 연금술 작업대에서 드래곤의 심장과 빈 실험용 플라스크를 이용해 약화된 부적의 돌과 드래곤 심장 추출물을 결합해야 한다.","","False","TOPIC_DRACHENJAGD_10","",""
"Scripts/Content/Story/Log_Entries/LOG_Constants_Yoly.d:477","Die Drachenjäger","드래곤 헌터","","False","TOPIC_Dragonhunter","",""
"Scripts/Content/Story/Log_Entries/LOG_Constants_Yoly.d:479","Sylvio ist in der Burg gewesen und hat sich später wieder aufgemacht einen Eisdrachen zu finden.","실비오는 성에 머물다가 얼음 드래곤을 찾기 위해 다시 길을 떠났다.","","False","TOPIC_Dragonhunter_1","",""
"Scripts/Content/Story/Log_Entries/LOG_Constants_Yoly.d:480","Von Cipher habe ich erfahren, daß sich im Sumpfgebiet des Minentals ein Drache aufhalten soll.","사이퍼로부터 광산 계곡의 늪지대에 드래곤이 있을 것이라는 이야기를 들었다.","","False","TOPIC_Dragonhunter_2","",""
"Scripts/Content/Story/Log_Entries/LOG_Constants_Yoly.d:481","Cipher meinte, nachdem der Sumpfdrache tot war, daß er nun als ´Held´ das große Geld machen würde. Naja. Wir werden sehen.","늪 드래곤이 죽은 후 사이퍼는 이제 위대한 '영웅'으로서 큰돈을 벌 수 있게 되었다고 말했다. 그래, 그러시겠지. 어디 보자고.","","False","TOPIC_Dragonhunter_3","",""
"Scripts/Content/Story/Log_Entries/LOG_Constants_Yoly.d:482","Der Drachenjäger Biff ist ein Söldner wie er im Buche steht. Wenn ich ihn bezahle, wird er auch für mich kämpfen.","드래곤 헌터 비프는 그야말로 전형적인 용병이다. 돈만 주면 내 위해서도 싸워줄 것이다.","","False","TOPIC_Dragonhunter_4","",""
"Scripts/Content/Story/Log_Entries/LOG_Constants_Yoly.d:483","Einige Drachenjäger sind bei Talbin dem Jäger vorbei gekommen.","일부 드래곤 헌터들이 사냥꾼 탈빈의 처소에 들렀었다.","","False","TOPIC_Dragonhunter_5","",""
"Scripts/Content/Story/Log_Entries/LOG_Constants_Yoly.d:484","Die grosse Drachenjagd ist eröffnet und hat vermutlich viele Möchtegernabenteurer ins Minental gelockt. Ich kann nur hoffen, dass sie mir nicht im Wege stehen.","거대한 드래곤 사냥이 시작되었고, 아마도 많은 모험가 지망생들을 광산 계곡으로 끌어들였을 것이다. 그들이 내 앞길을 가로막지 않기를 바랄 뿐이다.","","False","TOPIC_Dragonhunter_6","",""
"Scripts/Content/Story/Log_Entries/LOG_Constants_Yoly.d:485","Eine Gruppe von Drachenjägern empfing mich am Eingang des Minentals. Die Jungs sind schwer bewaffnet, aber ich fürchte, dass sie keinen grossen Eindruck auf die Drachen machen werden.","일군의 드래곤 헌터들이 광산 계곡 입구에서 나를 맞이했다. 녀석들은 중무장하고 있지만, 드래곤들에게 큰 인상을 주지는 못할 것 같다.","","False","TOPIC_Dragonhunter_7","",""
"Scripts/Content/Story/Log_Entries/LOG_Constants_Yoly.d:486","Gorn sitzt am Fuße der Hochebene zur alten Felsenfestung. Von dort aus hat er sowohl die Hochebene als auch die Orkbarriere im Blickfeld.","곤은 오래된 바위 요새로 향하는 고원 기슭에 있다. 그곳에서 그는 고원과 오크 장벽을 모두 지켜볼 수 있다.","","False","TOPIC_Dragonhunter_8","",""
"Scripts/Content/Story/Log_Entries/LOG_Constants_Yoly.d:487","Laut Gorn haust ein Drache in der alten Felsenfestung.","곤의 말에 따르면 오래된 바위 요새에 드래곤이 살고 있다고 한다.","","False","TOPIC_Dragonhunter_9","",""
"Scripts/Content/Story/Log_Entries/LOG_Constants_Yoly.d:488","Gorn will mir helfen zur Felsenfestung über die Hochebene zu kommen.","곤은 내가 고원을 지나 바위 요새로 갈 수 있게 도와주겠다고 했다.","","False","TOPIC_Dragonhunter_10","",""
"Scripts/Content/Story/Log_Entries/LOG_Constants_Yoly.d:489","Gorn ging wieder zu seinem Ausichtsplatz zurück. Er will die Orks weiter beobachten.","곤은 다시 경계 소청으로 돌아갔다. 그는 오크들을 계속 감시하려 한다.","","False","TOPIC_Dragonhunter_11","",""
"Scripts/Content/Story/Log_Entries/LOG_Constants_Yoly.d:490","Das dreckige Schwein Sylvio wollte mir den Sieg über den Eisdrachen steitig machen. Es gab eine kleine Auseinandersetzung.","그 더러운 돼지 실비오가 얼음 드래곤을 쓰러뜨린 공을 가로채려 했다. 약간의 언쟁이 있었다.","","False","TOPIC_Dragonhunter_12","",""
"Scripts/Content/Story/Log_Entries/LOG_Constants_Yoly.d:491","Ich habe Angar im Minental gefunden.","광산 계곡에서 앙가르를 찾았다.","","False","TOPIC_Dragonhunter_13","",""
"Scripts/Content/Story/Log_Entries/LOG_Constants_Yoly.d:492","Ich habe Angar noch einmal getroffen, er sitzt immer noch im Minental fest.","앙가르를 다시 만났지만, 그는 여전히 광산 계곡에 갇혀 있다.","","False","TOPIC_Dragonhunter_14","",""
"Scripts/Content/Story/Log_Entries/LOG_Constants_Yoly.d:493","Angar ist einfach gegangen. Bei diesen Untoten hat er das Gefühl gegen seine eigenen Leute zu kämpfen.","앙가르는 그냥 떠나버렸다. 이 언데드들을 보면 마치 자신의 동족들과 싸우고 있는 듯한 기분이 든다고 했다.","","False","TOPIC_Dragonhunter_15","",""
"Scripts/Content/Story/Log_Entries/LOG_Constants_Yoly.d:495","Lobarts Orkprobleme","로바트의 오크 문제","","False","TOPIC_LobartsOrKProblem","",""
"Scripts/Content/Story/Log_Entries/LOG_Constants_Yoly.d:497","Auf Lobarts Hof haben sich die Orks breit gemacht. Er will, dass ich sie beseitige.","로바트의 농장에 오크들이 진을 쳤다. 그는 내가 그들을 처치해주기를 원한다.","","False","TOPIC_LobartsOrKProblem_1","",""
"Scripts/Content/Story/Log_Entries/LOG_Constants_Yoly.d:500","Zwei Eiskolosse für Sylvio","실비오를 위한 두 마리의 아이스 골렘","","False","TOPIC_SylvioKillIceGolem","",""
"Scripts/Content/Story/Log_Entries/LOG_Constants_Yoly.d:502","Sylvio macht sich Bange vor den beiden Eisgolems, die vor dem Eingang in die Eisregion im Minental stehen.","실비오는 광산 계곡의 얼음 지역 입구에 서 있는 두 마리의 아이스 골렘을 무서워하고 있다.","","False","TOPIC_SylvioKillIceGolem_1","",""
"Scripts/Content/Story/Log_Entries/LOG_Constants_Yoly.d:504","Angars Amulett","앙가르의 부적","","False","TOPIC_AngarsAmulett","",""
"Scripts/Content/Story/Log_Entries/LOG_Constants_Yoly.d:505","Angar hat sein Amulett verloren und versucht es nun verzweifelt wieder zu finden.","앙가르는 자신의 부적을 잃어버렸고 지금 필사적으로 그것을 찾으려 하고 있다.","","False","TOPIC_AngarsAmulett_1","",""
"Scripts/Content/Story/Log_Entries/LOG_Constants_Yoly.d:506","Das Amulett soll sich irgendwo im Süden befinden. Angar wird losziehen um es zu suchen.","그 부적은 남쪽 어딘가에 있다고 한다. 앙가르는 그것을 찾으러 떠날 것이다.","","False","TOPIC_AngarsAmulett_2","",""
"Scripts/Content/Story/Log_Entries/LOG_Constants_Yoly.d:507","Das Amulett befindet sich in der Umgebeung eines Felsengrabes im Süden des Minentals.","부적은 광산 계곡 남쪽에 있는 바위 무덤 근처에 있다.","","False","TOPIC_AngarsAmulett_3","",""
"Scripts/Content/Story/Log_Entries/LOG_Constants_Yoly.d:509","Jan und die Schmiede","얀과 대장간","","False","TOPIC_JanBecomesSmith","",""
"Scripts/Content/Story/Log_Entries/LOG_Constants_Yoly.d:511","Jan der Drachenjäger in der Burg im Minental will an der Schmiede arbeiten. Parcival hat es ihm allerdings verboten.","광산 계곡 성의 드래곤 헌터 얀은 대장간에서 일하고 싶어 한다. 하지만 파르시발은 그것을 금지했다.","","False","TOPIC_JanBecomesSmith_1","",""
"Scripts/Content/Story/Log_Entries/LOG_Constants_Yoly.d:513","Feros´ Schwert","페로스의 검","","False","TOPIC_FerrosSword","",""
"Scripts/Content/Story/Log_Entries/LOG_Constants_Yoly.d:515","Feros hat sein Schwert bei den Orks liegen lassen. Sehr leichtsinnig. ","페로스는 오크들에게 검을 두고 왔다. 아주 경솔한 짓이다. ","","False","TOPIC_FerrosSword_1","",""
"Scripts/Content/Story/Log_Entries/LOG_Constants_Yoly.d:516","Auf der hohen Klippe im Süden, wo die Orkzelte stehen, hat Feros sein Schwert angeblich verloren. ","오크 천막이 있는 남쪽의 높은 절벽에서 페로스가 검을 잃어버렸다고 한다. ","","False","TOPIC_FerrosSword_2","",""
"Scripts/Content/Story/Log_Entries/LOG_Constants_Yoly.d:518","Neoras Dracheneigebräu","니오라스의 드래곤 알 묘약","","False","TOPIC_DRACHENEIERNeoras","",""
"Scripts/Content/Story/Log_Entries/LOG_Constants_Yoly.d:519","Neoras braucht ein Drachenei für seine Experimente. Er meint, ich würde vielleicht in irgendeiner Grabhöhle fündig werden.","니오라스는 실험에 쓸 드래곤 알이 필요하다. 어쩌면 무덤 동굴 어딘가에서 찾을 수 있을지도 모른다고 한다.","","False","TOPIC_DRACHENEIERNeoras_1","",""
"Scripts/Content/Story/Log_Entries/LOG_Constants_Yoly.d:521","Dracheneier","드래곤 알","","False","TOPIC_DRACHENEIER","",""
"Scripts/Content/Story/Log_Entries/LOG_Constants_Yoly.d:523","Einer der Drachen faselte irgendwas von Nachkommenschaft und Bestand seiner Ahnenreihe. Ich fürchte sie haben ihre Brut über die ganze zivilisierte Welt verteilt. ","드래곤 중 하나가 자손과 조상의 혈통 유지에 대해 횡설수설했다. 녀석들이 문명 세계 전역에 알을 퍼뜨려 놓은 것이 틀림없다. ","","False","TOPIC_DRACHENEIER_1","",""
"Scripts/Content/Story/Log_Entries/LOG_Constants_Yoly.d:524","Lee konnte mit dem Drachenei so recht nichts anfangen. Er schickte mich zu Bennet dem Schmied. ","리는 드래곤 알을 어떻게 해야 할지 잘 몰랐다. 그는 나를 대장장이 베넷에게 보냈다. ","","False","TOPIC_DRACHENEIER_2","",""
"Scripts/Content/Story/Log_Entries/LOG_Constants_Yoly.d:525","Bennet will mir alle Dracheneier, die ich finden kann, für einen guten Preis abkaufen.","베넷은 내가 찾을 수 있는 모든 드래곤 알을 좋은 값에 사겠다고 한다.","","False","TOPIC_DRACHENEIER_3","",""
"Scripts/Content/Story/Log_Entries/LOG_Constants_Yoly.d:526","Bennet ist der Meinung, dass ich nach den Eiern in den Höhlen von Khorinis suchen sollte. Echsenmenschen seien häufig in Höhlen anzutreffen.","베넷은 코리니스의 동굴들에서 알을 찾아봐야 한다고 생각한다. 도마뱀 인간들은 동굴에서 자주 목격된다고 한다.","","False","TOPIC_DRACHENEIER_4","",""
"Scripts/Content/Story/Log_Entries/LOG_Constants_Yoly.d:527","Er gab mir zu diesem Zweck eine Höhlenkarte.","그는 이를 위해 나에게 동굴 지도를 주었다.","","False","TOPIC_DRACHENEIER_5","",""
"Scripts/Content/Story/Log_Entries/LOG_Constants_Yoly.d:528","Ich sollte mir eine Höhlenkarte bei Kartenzeichner in der Stadt besorgen, damit ich kein Ei übersehe.","알을 놓치지 않으려면 도시의 지도 제작자에게 동굴 지도를 구해봐야겠다.","","False","TOPIC_DRACHENEIER_6","",""
"Scripts/Content/Story/Log_Entries/LOG_Constants_Yoly.d:531","Die Horden der orkischen Elitekrieger","오크 정예 전사들의 무리","","False","TOPIC_OrcElite","",""
"Scripts/Content/Story/Log_Entries/LOG_Constants_Yoly.d:533","Ich habe Lord Hagen von den heranrückenden Horden der orkischen Kriegsherren berichtet.","나는 헤이건 경에게 다가오는 오크 전쟁군주들의 무리에 대해 보고했다.","","False","TOPIC_OrcElite_1","",""
"Scripts/Content/Story/Log_Entries/LOG_Constants_Yoly.d:534","Ich konnte Hagen einen Ring der orkischen Kriegsherren als Beweis ihrer Anwesenheit bringen. Ich soll ihm alle bringen, die ich auftreiben kann.","나는 그들이 존재한다는 증거로 오크 전쟁군주들의 반지를 헤이건에게 가져다줄 수 있었다. 그는 내가 손에 넣을 수 있는 모든 반지를 가져오기를 원한다.","","False","TOPIC_OrcElite_2","",""
"Scripts/Content/Story/Log_Entries/LOG_Constants_Yoly.d:535","Die Elitekrieger der Orks ist Ingmars Spezialgebiet","오크 정예 전사들은 잉마르의 전문 분야이다.","","False","TOPIC_OrcElite_3","",""
"Scripts/Content/Story/Log_Entries/LOG_Constants_Yoly.d:536","Hagen will mir aber nicht so recht Glauben schenken. Er verlangt einen Beweis dafür, dass die Eltekrieger die zivilisierten Landschaften angreifen. Hätte mich auch gewundert, wenn nicht.","하지만 헤이건은 내 말을 쉽게 믿으려 하지 않는다. 그는 정예 전사들이 문명화된 지역을 공격하고 있다는 증거를 요구하고 있다. 그렇지 않았다면 그게 더 놀라웠을 것이다.","","False","TOPIC_OrcElite_4","",""
"Scripts/Content/Story/Log_Entries/LOG_Constants_Yoly.d:537","Ingmar war sehr interessiert an der Geschichte mit den orkischen Elitekämpfern.","잉마르는 오크 정예 전사들에 대한 이야기에 큰 관심을 보였다.","","False","TOPIC_OrcElite_5","",""
"Scripts/Content/Story/Log_Entries/LOG_Constants_Yoly.d:538","Ingmar erzählte etwas von einem Anführer der orkischen Kriegsherren. ","잉마르는 오크 전쟁 군주의 우두머리에 관해 무언가 이야기했다. ","","False","TOPIC_OrcElite_6","",""
"Scripts/Content/Story/Log_Entries/LOG_Constants_Yoly.d:539","Den Oberst der Orks soll ich laut Ingmar in irgendeiner Höhle in der Umgebung von Lobarts Hof finden. Ingmar will, dass ich ihn finde und zur Strecke bringe. ","잉마르에 따르면, 오크 대령은 로바트의 농장 주변의 어떤 동굴에 있다고 한다. 잉마르는 내가 그를 찾아내 처치하기를 원한다. ","","False","TOPIC_OrcElite_7","",""
"Scripts/Content/Story/Log_Entries/LOG_Constants_Yoly.d:540","Beim orkischen Oberst fand ich eine seltsame Karte. Scheint eine strategische Kriegskarte der Orks zu sein.","오크 대령에게서 이상한 지도를 발견했다. 오크들의 전략적인 오크 전쟁 지도인 것 같다.","","False","TOPIC_OrcElite_8","",""
"Scripts/Content/Story/Log_Entries/LOG_Constants_Yoly.d:543","Der Aufschneider","잘난 체하는 자","","False","TOPIC_Dar_BringOrcEliteRing","",""
"Scripts/Content/Story/Log_Entries/LOG_Constants_Yoly.d:545","Dar will eine große Nummer bei den Söldnern werden. Er will eine Orktrophäe. Eine Standarte, ein Armreif oder Ring oder ähnliches.","다르는 용병들 사이에서 한몫 잡고 싶어 한다. 그는 오크의 전리품, 즉 군기나 팔찌, 반지 같은 것을 원한다.","","False","TOPIC_Dar_BringOrcEliteRing_1","",""
"Scripts/Content/Story/Log_Entries/LOG_Constants_Yoly.d:547","Schwarzbrennerei","밀주 제조","","False","TOPIC_FoundVinosKellerei","",""
"Scripts/Content/Story/Log_Entries/LOG_Constants_Yoly.d:548","Ehnim verriet mir, dass Vino im nahegelegenen Wald bei Akils Hof eine geheime Schnapsbrennerei hat. Der Tormechanismus, um hinein zu kommen, sei jedoch verklemmt und nur noch mit Moleratfett zu bewegen.","에님은 아킬의 농장 근처 숲에 비노가 비밀리에 술을 밀조하는 곳이 있다고 알려주었다. 안으로 들어가기 위한 문 장치가 고장 나서 두더지쥐 지방을 써야만 움직일 수 있다고 한다.","","False","TOPIC_FoundVinosKellerei_1","",""
"Scripts/Content/Story/Log_Entries/LOG_Constants_Yoly.d:550","Dreckstall","더러운 우리","","False","TOPIC_BrutusMeatbugs","",""
"Scripts/Content/Story/Log_Entries/LOG_Constants_Yoly.d:552","Brutus der Folterknecht der Burg ekelt sich vor den harmlosen Fleischwanzen in seiner Folterkammer. Ein wirklich harter Kerl. ","성채의 고문관 브루투스는 고문실에 있는 해로운 것 없는 고기벌레들을 역겨워한다. 정말 터프한 녀석이다. ","","False","TOPIC_BrutusMeatbugs_1","",""
"Scripts/Content/Story/Log_Entries/LOG_Constants_Yoly.d:554","Verschwunden in der Dunkelheit","어둠 속으로 사라진 이","","False","TOPIC_Sengrath_Missing","",""
"Scripts/Content/Story/Log_Entries/LOG_Constants_Yoly.d:556","Udar, der Wachposten in der Burg vermisst seinen Freund Sengrath. Das letzte, was er von sah, ist, dass er in die Nacht verschwand in Richtung Orkzaun um seine verlorene Armbrust wieder zu holen.","성채의 파수꾼 우다르는 친구 센그라트를 찾고 있다. 그가 본 마지막 모습은 잃어버린 석궁을 되찾기 위해 오크 울타리 쪽 밤 속으로 사라진 것이었다.","","False","TOPIC_Sengrath_Missing_1","",""
"Scripts/Content/Story/Log_Entries/LOG_Constants_Yoly.d:559","Ich muß hier raus","여기서 나가야 해","","False","TOPIC_Talbin_Runs","",""
"Scripts/Content/Story/Log_Entries/LOG_Constants_Yoly.d:560","Talbin, der Jäger aus dem Minental, rannte, wie von der Blutfliege gestochen zum Pass. Ich glaube, er will nach Khorinis.","광산 계곡의 사냥꾼 탈빈은 흡혈파리에 쏘인 것처럼 통로를 향해 달려갔다. 코리니스 가려는 모양이다.","","False","TOPIC_Talbin_Runs_1","",""
"Scripts/Content/Story/Log_Entries/LOG_Constants_Yoly.d:562","Diebstahl","도둑질","","False","TOPIC_KerolothsGeldbeutel","",""
"Scripts/Content/Story/Log_Entries/LOG_Constants_Yoly.d:564","Der Paladin Keroloth vermisst seinen Geldbeutel. Er behauptet, er sei ihm von den Drachenjägern gestohlen worden.","팔라딘 케롤로트가 지갑을 잃어버렸다. 그는 드래곤 헌터들이 지갑을 훔쳐 갔다고 주장한다.","","False","TOPIC_KerolothsGeldbeutel_1","",""
"Scripts/Content/Story/Log_Entries/LOG_Constants_Yoly.d:567","Der Meister der Drachen","드래곤의 지배자","","False","TOPIC_BuchHallenVonIrdorath","",""
"Scripts/Content/Story/Log_Entries/LOG_Constants_Yoly.d:569","Der Meister der Drachen soll seinen Hort im festem Fels der heiligen Hallen von Irdorath errichtet haben. Mmh. Das kommt mir bekannt vor. Wo habe ich das schon einmal gelesen?","드래곤의 지배자는 이르도라스의 전당의 단단한 바위 속에 은신처를 지었다고 한다. 음, 낯익은 이야기다. 어디서 읽었던 거지?","","False","TOPIC_BuchHallenVonIrdorath_1","",""
"Scripts/Content/Story/Log_Entries/LOG_Constants_Yoly.d:570","Xardas erklärte mir in seinem Brief, wie die Worte heißen, mit der sich das Buch DIE HALLEN VON IRDORATH öffnen läßt.","자다스는 편지에서 '이르도라스의 전당' 책을 여는 주문이 무엇인지 설명해 주었다.","","False","TOPIC_BuchHallenVonIrdorath_2","",""
"Scripts/Content/Story/Log_Entries/LOG_Constants_Yoly.d:571","Ich konnte Xardas Buch öffnen. Es befanden sich eine geheime Nachricht und ein seltsamer Schlüssel darin. Wer weiß, was ich da unten im Keller des Klosters noch so alles finden werde.","자다스의 책을 열 수 있었다. 그 안에는 비밀 메시지와 이상한 열쇠가 들어있었다. 수도원 지하실 아래에서 또 무엇을 찾게 될지 누가 알겠는가.","","False","TOPIC_BuchHallenVonIrdorath_3","",""
"Scripts/Content/Story/Log_Entries/LOG_Constants_Yoly.d:572","Ich habe Xardas Buch gelesen. Es ist da von einer geheimen Bibliothek die Rede. Sie muß hier irgendwo im Keller des Klosters sein.","자다스의 책을 읽었다. 비밀 도서관에 대한 언급이 있다. 수도원 지하실 어딘가에 있을 것이다.","","False","TOPIC_BuchHallenVonIrdorath_4","",""
"Scripts/Content/Story/Log_Entries/LOG_Constants_Yoly.d:573","Die Hallen von Irdorath seine laut Pyrokar ein verschollener Beschwörungstempel des Gottes Beliar. Ich muß diesen Tempel finden.","파이로카에 따르면 이르도라스의 전당은 신 벨리알의 잊힌 소환 사원이라고 한다. 나는 그 사원을 찾아야 한다.","","False","TOPIC_BuchHallenVonIrdorath_5","",""
"Scripts/Content/Story/Log_Entries/LOG_Constants_Yoly.d:574","Xardas Buch DIE HALLEN VON IRDORATH liegt in den unteren Gewölben des Klosters. Talamon bewacht es. Die Magier haben es nicht geschafft es zu öffnen. Es ist magisch veriegelt und Xardas sei dafür verantwortlich.","자다스의 책 '이르도라스의 전당'은 수도원 지하 금고에 있다. 탈라몬이 지키고 있다. 마법사들은 그것을 열지 못했다. 마법으로 봉인되어 있으며 자다스의 소행이라고 한다.","","False","TOPIC_BuchHallenVonIrdorath_6","",""
"Scripts/Content/Story/Log_Entries/LOG_Constants_Yoly.d:575","Pyrokar hat von der geheimen Bibliothek keine Ahnung. Offensichtlich hatte nur Xardas jemals Zugang dazu.","파이로카는 비밀 도서관에 대해 전혀 알지 못한다. 분명 오직 자다스만이 그곳에 접근할 수 있었던 것이다.","","False","TOPIC_BuchHallenVonIrdorath_7","",""
"Scripts/Content/Story/Log_Entries/LOG_Constants_Yoly.d:576","Talamon bewarte Xardas Buch auf einem Alchemietisch im Keller auf.","탈라몬은 지하실의 연금술 작업대 위에 자다스의 책을 보관하고 있었다.","","False","TOPIC_BuchHallenVonIrdorath_8","",""
"Scripts/Content/Story/Log_Entries/LOG_Constants_Yoly.d:577","Xardas ist verschwunden. Lester gab mir einen Brief den Xardas mir hinterlassen hat.","자다스가 사라졌다. 레스터는 자다스가 나를 위해 남겨둔 편지를 건네주었다.","","False","TOPIC_BuchHallenVonIrdorath_9","",""
"Scripts/Content/Story/Log_Entries/LOG_Constants_Yoly.d:579","Rosis Flucht","로지의 탈출","","False","TOPIC_RosisFlucht","",""
"Scripts/Content/Story/Log_Entries/LOG_Constants_Yoly.d:581","Rosi ist von Sekobs Hof geflohen. Babera meint, sie sei von Sekobs Hof aus in den Wald Richtung Norden gegangen.","로지가 세코브의 농장에서 도망쳤다. 바베라는 그녀가 농장에서 북쪽 숲으로 갔다고 한다.","","False","TOPIC_RosisFlucht_1","",""
"Scripts/Content/Story/Log_Entries/LOG_Constants_Yoly.d:582","Rosi hat es auf Sekobs Hof nicht mehr ausgehalten und weiß nun nicht, wo sie bleiben soll. Ich werde sie aus der Wildnis führen.","로지는 세코브의 농장에서 더 버틸 수 없었지만 이제 어디로 가야 할지 모른다. 그녀를 황야 밖으로 안내해야겠다.","","False","TOPIC_RosisFlucht_2","",""
"Scripts/Content/Story/Log_Entries/LOG_Constants_Yoly.d:584","Sekob vermisst seine Frau","아내를 찾는 세코브","","False","TOPIC_bringRosiBackToSekob","",""
"Scripts/Content/Story/Log_Entries/LOG_Constants_Yoly.d:586","Sekobs Frau Rosi ist verschwunden. Sekob will sie wieder haben.","세코브의 아내 로지가 사라졌다. 세코브는 그녀를 되찾고 싶어 한다.","","False","TOPIC_bringRosiBackToSekob_1","",""
"Scripts/Content/Story/Log_Entries/LOG_Constants_Yoly.d:587","Rosi ist von Sekobs Hof geflohen. Babera meint, sie sei von Sekobs Hof aus in den Wald Richtung Norden gegangen.","로지가 세코브의 농장에서 도망쳤다. 바베라는 그녀가 농장에서 북쪽 숲으로 갔다고 한다.","","False","TOPIC_bringRosiBackToSekob_2","",""
"Scripts/Content/Story/Log_Entries/LOG_Constants_Yoly.d:589","Auf Entzug","금단 증상","","False","TOPIC_HealRandolph","",""
"Scripts/Content/Story/Log_Entries/LOG_Constants_Yoly.d:590","Randolph hat angeblich mit dem Saufen aufgehört und schickt mich nun zu Sagitta der Kräuterhexe um ihm ein Mittel zu besorgen gegen seine Entzugserscheinungen.","랜돌프는 술을 끊었다며 금단 증상을 치료할 약을 구해달라고 약초 마녀 사기타에게 나를 보냈다.","","False","TOPIC_HealRandolph_1","",""
"Scripts/Content/Story/Log_Entries/LOG_Constants_Yoly.d:591","Sagitta gab mir das Mittel für Randolph.","사기타는 랜돌프를 위한 약을 주었다.","","False","TOPIC_HealRandolph_2","",""
"Scripts/Content/Story/Log_Entries/LOG_Constants_Yoly.d:593","Hunger","배고픔","","False","TOPIC_GeroldGiveFood","",""
"Scripts/Content/Story/Log_Entries/LOG_Constants_Yoly.d:595","Garond hat schon wieder die Nahrungsrationen gekürzt. Bevor Gerold vor Hunger etwas dummes anstellt, werde ich ihm besser was zu essen geben. Ich soll ihn im Magierhaus der Burg treffen, wenn alle anderen schlafen.","가론드가 또다시 식량 배급량을 줄였다. 게롤트가 배고픔에 멍청한 짓을 저지르기 전에 먹을 것을 좀 가져다주는 게 좋겠다. 모두가 잠들었을 때 성채의 마법사의 집에서 그를 만나야 한다.","","False","TOPIC_GeroldGiveFood_1","",""
"Scripts/Content/Story/Log_Entries/LOG_Constants_Yoly.d:598","Die Hallen von Irdorath","이르도라스의 전당","","False","TOPIC_HallenVonIrdorath","",""
"Scripts/Content/Story/Log_Entries/LOG_Constants_Yoly.d:600","Ich habe so etwas wie einen Tempel gefunden. Er wird von einer Unmenge von untoten Wesen bewohnt. Erinnert mich alles verdammt an diesen elenden Orctempel des Schläfers. Diesmal werde ich nicht versagen. Diesmal nicht!","사원 같은 것을 발견했다. 그곳에는 수많은 언데드 생물들이 살고 있다. 젠장, 슬리퍼의 그 비참한 오크 사원이 생각난다. 이번에는 실패하지 않을 것이다. 이번만큼은!","","False","TOPIC_HallenVonIrdorath_1","",""
"Scripts/Content/Story/Log_Entries/LOG_Constants_Yoly.d:601","In der Schriftrolle des Schwarzmagiers waren die Worte KHADOSH EMEM KADAR zu lesen. Das hört sich an wie eine Beschwörungsformel, aber worauf läßt sich das anwenden und was ist das Auge der Macht?","흑마법사의 두루마리에는 '카도쉬 에멤 카다르'라는 말이 적혀 있었다. 주문처럼 들리는데, 어디에 적용해야 하는 것이며 권능의 눈이란 무엇인가?","","False","TOPIC_HallenVonIrdorath_2","",""
"Scripts/Content/Story/Log_Entries/LOG_Constants_Yoly.d:602","In dem Tagebuch des Schwarzmagiernovizen ist von Hebelkammern, Schlüsselmeister, Schalterkombinationen und anderem Krempel die Rede. Sollte ich im Hinterkopf behalten, vielleicht nützt es mir später noch.","흑마법사 견습생의 일기에는 지렛대 방, 열쇠지기, 스위치 조합 및 기타 잡다한 것들에 대한 이야기가 적혀 있다. 기억해 두는 것이 좋겠다. 나중에 유용할지도 모른다.","","False","TOPIC_HallenVonIrdorath_3","",""
"Scripts/Content/Story/Log_Entries/LOG_Constants_Yoly.d:603","Letzte Nacht hatte ich einen Traum. Xardas sprach zu mir und bat mich, den Alchemietisch auf dem Schiff aufzusuchen um dort etwas abzuholen. Sehr befremdlich und dabei ich hatte eigentlich gar nichts getrunken letzte Nacht.","간밤에 꿈을 꾸었다. 자다스가 내게 말을 걸며 배에 있는 연금술 작업대로 가서 무언가를 가져오라고 부탁했다. 참 이상한 일이다. 어젯밤에 술을 입에 대지도 않았는데 말이다.","","False","TOPIC_HallenVonIrdorath_4","",""
"Scripts/Content/Story/Log_Entries/LOG_Constants_Yoly.d:604","Wir haben die Insel des Feindes erreicht. Innos weiß, welche Kreaturen im Innern dieses Berges auf mich warten werden.","우리는 적의 섬에 도착했다. 이 산 내부에서 어떤 괴물들이 나를 기다리고 있을지 이노스만 알 것이다.","","False","TOPIC_HallenVonIrdorath_5","",""
"Scripts/Content/Story/Log_Entries/LOG_Constants_Yoly.d:605","Dieser Orkische Oberst ist eine verdammt harte Nuss. Irgendwo in seinem Thronsaal muss es doch weiter gehen.","이 오크 대령은 정말 벅찬 상대다. 그의 왕좌실 어딘가에 앞으로 나아갈 길이 있을 것이다.","","False","TOPIC_HallenVonIrdorath_6","",""
"Scripts/Content/Story/Log_Entries/LOG_Constants_Yoly.d:606","Der Feind ist ein untoter Drache. Ich muß ihn töten, damit ich diese verfluchte Insel wieder verlassen kann.","적은 언데드 드래곤이다. 이 저주받은 섬을 떠나려면 그를 처치해야 한다.","","False","TOPIC_HallenVonIrdorath_7","",""
"Scripts/Content/Story/Log_Entries/LOG_Constants_Yoly.d:607","Noch ein Feuerdrache. So langsam habe ich die Biester satt. Das einzige, was ich will, ist, über den Abgrund zu kommen, der sich hinter dem Feuerdrachen auftut.","또 다른 화염 드래곤이다. 이 녀석들도 이제 지긋지긋하다. 내가 원하는 건 오직 화염 드래곤 뒤로 펼쳐진 틈을 건너가는 것뿐이다.","","False","TOPIC_HallenVonIrdorath_8","",""
"Scripts/Content/Story/Log_Entries/LOG_Constants_Yoly.d:608","Ich stehe vor dem letzten Tor. Dieser Schwarzmagier scheint der Schlüssel dazu zu sein.","마지막 문 앞에 서 있다. 이 흑마법사가 그 문을 여는 열쇠인 것 같다.","","False","TOPIC_HallenVonIrdorath_9","",""
"Scripts/Content/Story/Log_Entries/LOG_Constants_Yoly.d:610","Zurück zum Schiff","배로 돌아가기","","False","TOPIC_BackToShip","",""
"Scripts/Content/Story/Log_Entries/LOG_Constants_Yoly.d:611","Meine Mannschaft","내 선원들","","False","TOPIC_MyCrew","",""
"Scripts/Content/Story/Log_Entries/LOG_Constants_Yoly.d:613","Jorgen, mein Kapitän, wird hier auf dem Schiff warten, bis ich zurück bin.","내 선장 요르겐은 내가 돌아올 때까지 여기서 배를 지키며 기다릴 것이다.","","False","TOPIC_MyCrew_1","",""
"Scripts/Content/Story/Log_Entries/LOG_Constants_Yoly.d:614","Torlof, mein Kapitän, wird hier auf dem Schiff bleiben und es verteidigen, so lange ich auf der Insel bin. Bei ihm kann ich meine Geschicklichkeit und Stärke verbessern.","내 선장 토를로프는 내가 섬에 있는 동안 여기에 남아 배를 방어할 것이다. 그에게서 재주와 힘을 향상시킬 수 있다.","","False","TOPIC_MyCrew_2","",""
"Scripts/Content/Story/Log_Entries/LOG_Constants_Yoly.d:615","Jack, mein Kapitän, wird hier auf dem Schiff warten, bis ich zurück bin. Er wirkt ein bisschen ängstlich. Hoffentlich legt sich das wieder. Ich brauche ihn.","내 선장 잭은 내가 돌아올 때까지 여기서 배를 기다릴 것이다. 그는 약간 겁을 먹은 것 같다. 그러다 말겠지. 그가 필요하다.","","False","TOPIC_MyCrew_3","",""
"Scripts/Content/Story/Log_Entries/LOG_Constants_Yoly.d:616","Lee wird in meiner Abwesenheit, das Kommando auf dem Schiff übernehmen. Bei ihm kann meine Fertigkeiten mit Ein- und Zweihandwaffen verbessern.","리토가 내가 없는 동안 배의 지휘를 맡을 것이다. 그의 도움으로 한손 무기와 양손 무기 능력을 향상시킬 수 있다.","","False","TOPIC_MyCrew_4","",""
"Scripts/Content/Story/Log_Entries/LOG_Constants_Yoly.d:617","Bei Milten kann ich mein Mana steigern.","밀튼에게서 마나를 높일 수 있다.","","False","TOPIC_MyCrew_5","",""
"Scripts/Content/Story/Log_Entries/LOG_Constants_Yoly.d:618","Milten kann mir desweiteren das Runenbauen lehren.","게다가 밀튼은 룬 제작법을 가르쳐 줄 수 있다.","","False","TOPIC_MyCrew_6","",""
"Scripts/Content/Story/Log_Entries/LOG_Constants_Yoly.d:619","Ich habe den Eindruck, dass sich Lesters Zustand hier auf der seltsamen Insel noch verschlechtert hat.","이 이상한 섬에 오니 레스터의 상태가 더 나빠진 것 같다.","","False","TOPIC_MyCrew_7","",""
"Scripts/Content/Story/Log_Entries/LOG_Constants_Yoly.d:620","Mario ist ein wenig seltsam. Er hockte die gesamte Überfahrt am Heck des Schiffes und hat seitdem noch kein Wort gesagt. ","마리오는 좀 이상하다. 항해하는 내내 배의 선미에 쪼그려 앉아 있더니 그 후로 한마디도 하지 않았다. ","","False","TOPIC_MyCrew_8","",""
"Scripts/Content/Story/Log_Entries/LOG_Constants_Yoly.d:621","Wolf kann mir Armbrust und Bogenschießen beibringen.","울프는 내게 석궁과 활 쏘는 법을 가르쳐 줄 수 있다.","","False","TOPIC_MyCrew_9","",""
"Scripts/Content/Story/Log_Entries/LOG_Constants_Yoly.d:622","Vatras hat sich in die Magierkajüte zurück gezogen. Bei ihm kann ich mich heilen lassen und eine Menge über das Tränkebrauen lernen. ","바트라스는 마법사 선실로 물러나 있다. 그에게서 치료를 받고 포션 제조에 대해 많은 것을 배울 수 있다. ","","False","TOPIC_MyCrew_10","",""
"Scripts/Content/Story/Log_Entries/LOG_Constants_Yoly.d:623","Vatras kann auch meinen magischen Kreis erhöhen. ","바트라스는 내 마법의 서클도 높여줄 수 있다. ","","False","TOPIC_MyCrew_11","",""
"Scripts/Content/Story/Log_Entries/LOG_Constants_Yoly.d:624","Bennet bringt mir das Schmieden bei, wenn ich es will.","베넷은 내가 원한다면 대장질을 가르쳐 줄 것이다.","","False","TOPIC_MyCrew_12","",""
"Scripts/Content/Story/Log_Entries/LOG_Constants_Yoly.d:625","Diego will mir helfen, wenn ich nicht mehr weiter weiß, und hat Munition für mich. Bei ihm kann ich das Schlösser knacken und Bogen- oder Armbrustschießen lernen.","디에고는 내가 어떻게 해야 할지 모를 때 도움을 줄 것이며, 탄약을 가지고 있다. 그에게서 자물쇠 따기나 활 또는 석궁 사격을 배울 수 있다.","","False","TOPIC_MyCrew_13","",""
"Scripts/Content/Story/Log_Entries/LOG_Constants_Yoly.d:626","Gorn hat auf unserer Reise kein bisschen geschlafen. Er wird auf das Schiff acht geben. Ich denke, es ist bei ihm in guten Händen.","곤은 여행하는 동안 눈 한 번 붙이지 않았다. 그는 배를 돌볼 것이다. 그에게 맡기면 안전할 것이다.","","False","TOPIC_MyCrew_14","",""
"Scripts/Content/Story/Log_Entries/LOG_Constants_Yoly.d:627","Bei Gorn kann ich meine Fähigkeiten mit der Zweihandwaffen verbessern.","곤에게서 양손 무기 능력을 향상시킬 수 있다.","","False","TOPIC_MyCrew_15","",""
"Scripts/Content/Story/Log_Entries/LOG_Constants_Yoly.d:628","Lares hat versprochen, mir das Schleichen und den Einhandkampf beizubringen. Ausserdem kann er meine Geschicklichkeit verbessern.","라레스는 은신과 한손 무기 전투를 가르쳐 주겠다고 약속했다. 게다가 그는 내 재주를 향상시켜 줄 수도 있다.","","False","TOPIC_MyCrew_16","",""
"Scripts/Content/Story/Log_Entries/LOG_Constants_Yoly.d:629","Biff ist so auf Geld versessen, dass es schon bald weh tut. Es wird schwierig sein, ihn in Zaum zu halten.","비프는 돈에 환장해서 보기 민망할 정도다. 그를 통제하기란 쉽지 않을 것이다.","","False","TOPIC_MyCrew_17","",""
"Scripts/Content/Story/Log_Entries/LOG_Constants_Yoly.d:630","Angar wirkt sehr beunruhigt. Ich habe den Eindruck, dass es nciht mehr lange dauert, dann zieht er auf eigene Faust in den Kampf.","앙가르는 매우 불안해 보인다. 이러다간 머지않아 혼자서 전투에 뛰어들 것 같다.","","False","TOPIC_MyCrew_18","",""
"Scripts/Content/Story/Log_Entries/LOG_Constants_Yoly.d:631","Girion hält sehr zurück. Bewundernswert seine Geduld. Immerhin ist er Kampflehrer. Vielleicht kommt mir das hier noch zu Gute.","기리온은 매우 신중하다. 그의 인내는 감탄스러울 정도다. 게다가 그는 전투 교관이다. 어쩌면 여기서 도움이 될지도 모른다.","","False","TOPIC_MyCrew_19","",""
