"location","source","target","id","fuzzy","context","translator_comments","developer_comments"
"Scripts/Content/Story/SVM.d:327","Für den König!","국왕을 위하여!","","False","SVM_1_MILGreetings","",""
"Scripts/Content/Story/SVM.d:328","Für Innos!","이노스를 위하여!","","False","SVM_1_PALGreetings","",""
"Scripts/Content/Story/SVM.d:329","So ein Mistwetter!","날씨 더럽게 구리네!","","False","SVM_1_Weather","",""
"Scripts/Content/Story/SVM.d:331","Krieg ich dich DOCH noch!","결국 네놈을 잡고야 마는구나!","","False","SVM_1_IGetYouStill","",""
"Scripts/Content/Story/SVM.d:332","Jetzt bist du dran!","이제 네 차례다!","","False","SVM_1_DieEnemy","",""
"Scripts/Content/Story/SVM.d:333","Da ist wieder eins von diesen Drecksviechern!","저 더러운 괴물 녀석이 또 나타났잖아!","","False","SVM_1_DieMonster","",""
"Scripts/Content/Story/SVM.d:334","Na warte, du dreckiger Dieb!","어디 보자, 이 더러운 도둑놈!","","False","SVM_1_DirtyThief","",""
"Scripts/Content/Story/SVM.d:335","Finger weg da!","손 안 대고 뭐 해!","","False","SVM_1_HandsOff","",""
"Scripts/Content/Story/SVM.d:336","Der Mistkerl schlachtet unsere Schafe!","저 새끼가 우리 양들을 도살하고 있어!","","False","SVM_1_SheepKiller","",""
"Scripts/Content/Story/SVM.d:337","Das verdammte Mistvieh frisst unsere Schafe!","저 지독한 괴물이 우리 양들을 먹어 치우고 있어!","","False","SVM_1_SheepKillerMonster","",""
"Scripts/Content/Story/SVM.d:338","Mörder!","살인마!","","False","SVM_1_YouMurderer","",""
"Scripts/Content/Story/SVM.d:339","Hier kommen keine Viecher rein!","여기에 괴물은 얼씬도 못 한다!","","False","SVM_1_DieStupidBeast","",""
"Scripts/Content/Story/SVM.d:340","Na warte, du Mistkerl!","어디 보자, 이 개자식!","","False","SVM_1_YouDareHitMe","",""
"Scripts/Content/Story/SVM.d:341","Du hast es so gewollt!","네가 자초한 일이다!","","False","SVM_1_YouAskedForIt","",""
"Scripts/Content/Story/SVM.d:342","Dann muss ich dich eben rausprügeln!","그럼 여기서 끄집어내 주는 수밖에!","","False","SVM_1_ThenIBeatYouOutOfHere","",""
"Scripts/Content/Story/SVM.d:343","Was hattest DU denn da drin zu suchen, he!?","거기서 도대체 뭘 하던 거냐, 하!","","False","SVM_1_WhatDidYouDoInThere","",""
"Scripts/Content/Story/SVM.d:344","Wollt ihr wohl damit aufhören!?","그거 당장 안 멈출래!?","","False","SVM_1_WillYouStopFighting","",""
"Scripts/Content/Story/SVM.d:346","Stirb, Mistkerl!","죽어라, 개자식!","","False","SVM_1_KillEnemy","",""
"Scripts/Content/Story/SVM.d:347","Das war's für dich, Penner.","이런 쓰레기 같은 놈, 네 꼴은 여기까지다.","","False","SVM_1_EnemyKilled","",""
"Scripts/Content/Story/SVM.d:348","Ein Mistvieh weniger!","괴물 놈 하나 줄었군!","","False","SVM_1_MonsterKilled","",""
"Scripts/Content/Story/SVM.d:349","Versuch nie wieder, mich zu bestehlen!","다신 내 물건에 손대지 마라!","","False","SVM_1_ThiefDown","",""
"Scripts/Content/Story/SVM.d:350","Lass in Zukunft die Finger von Sachen, an denen du nichts zu suchen hast!","앞으로는 네 것이 아닌 물건에 손대지 마라!","","False","SVM_1_rumfummlerDown","",""
"Scripts/Content/Story/SVM.d:351","Tu das nie wieder! Das sind unsere Schafe!","두 번 다시 그딴 짓 마라! 그건 우리 양들이란 말이야!","","False","SVM_1_SheepAttackerDown","",""
"Scripts/Content/Story/SVM.d:352","Stirb, Mörder!","죽어라, 살인마!","","False","SVM_1_KillMurderer","",""
"Scripts/Content/Story/SVM.d:353","So ein saublödes Vieh!","정말 멍청한 짐승이군!","","False","SVM_1_StupidBeastKilled","",""
"Scripts/Content/Story/SVM.d:354","Leg dich nie wieder mit mir an!","두 번 다시 나와 싸우려 들지 마라!","","False","SVM_1_NeverHitMeAgain","",""
"Scripts/Content/Story/SVM.d:355","Du hättest auf mich hören sollen!","내 말버릇을 들었어야지!","","False","SVM_1_YouBetterShouldHaveListened","",""
"Scripts/Content/Story/SVM.d:356","Und jetzt mach, dass du hier rauskommst!","그리고 당장 여기서 꺼져!","","False","SVM_1_GetUpAndBeGone","",""
"Scripts/Content/Story/SVM.d:357","Und dass ich dich nie wieder da drin erwische!","그리고 두 번 다시 그 안에 들어오지 마라!","","False","SVM_1_NeverEnterRoomAgain","",""
"Scripts/Content/Story/SVM.d:358","Hier wird nicht gekämpft, klar!? Lass dir das eine Lehre sein!","여기선 싸움 금지야, 알겠어!? 뼈저리게 느끼게 해 주마!","","False","SVM_1_ThereIsNoFightingHere","",""
"Scripts/Content/Story/SVM.d:360","Lass mich bloß in Ruhe!","제발 날 내버려 둬!","","False","SVM_1_SpareMe","",""
"Scripts/Content/Story/SVM.d:361","Scheiße! Nichts wie weg!","젠장! 난 튀어야겠어!","","False","SVM_1_RunAway","",""
"Scripts/Content/Story/SVM.d:363","ALARM!","경보!","","False","SVM_1_Alarm","",""
"Scripts/Content/Story/SVM.d:364","WACHE!","경비병!","","False","SVM_1_Guards","",""
"Scripts/Content/Story/SVM.d:365","Hilfe!","살려줘!","","False","SVM_1_Help","",""
"Scripts/Content/Story/SVM.d:367","(ruft zu) Gut gemacht - ein Drecksvieh weniger!","(외치며) 잘했다 — 더러운 괴물 놈 하나 줄었군!","","False","SVM_1_GoodMonsterKill","",""
"Scripts/Content/Story/SVM.d:368","(ruft) Ja, mach das Schwein fertig!","(소리치며) 그래, 저 돼지 녀석을 손봐줘!","","False","SVM_1_GoodKill","",""
"Scripts/Content/Story/SVM.d:370","Lass mich in Ruhe!","날 내버려 둬!","","False","SVM_1_NOTNOW","",""
"Scripts/Content/Story/SVM.d:372","(ruft laut) Bleib stehen, du Lump!","(큰소리로 외치며) 거기 서라, 이 건달 놈!","","False","SVM_1_RunCoward","",""
"Scripts/Content/Story/SVM.d:374","Raus hier!","당장 꺼져!","","False","SVM_1_GetOutOfHere","",""
"Scripts/Content/Story/SVM.d:375","Was suchst du hier!? Geh!","여기서 뭘 찾는 거냐!? 꺼져!","","False","SVM_1_WhyAreYouInHere","",""
"Scripts/Content/Story/SVM.d:376","Ja, mach, dass du wegkommst!","그래, 얼른 꺼져 버려!","","False","SVM_1_YesGoOutOfHere","",""
"Scripts/Content/Story/SVM.d:378","Hey du! Was schleichst du da rum.","야, 너! 거기서 뭘 어슬렁거리는 거냐.","","False","SVM_1_WhatsThisSupposedToBe","",""
"Scripts/Content/Story/SVM.d:379","(wacht auf) Verdammt, was ist los?","(깨어나며) 젠장, 무슨 일이야?","","False","SVM_1_YouDisturbedMySlumber","",""
"Scripts/Content/Story/SVM.d:381","Gold! Das ist schon mal meins ...","금! 일단 이건 내 차지다...","","False","SVM_1_ITookYourGold","",""
"Scripts/Content/Story/SVM.d:382","Der Mistkerl hat noch nicht mal Gold dabei.","이 새끼는 금쪽조차 없잖아.","","False","SVM_1_ShitNoGold","",""
"Scripts/Content/Story/SVM.d:383","Deine Waffe nehm' ich mal lieber mit.","네 무기는 안전하게 내가 거둬주지.","","False","SVM_1_ITakeYourWeapon","",""
"Scripts/Content/Story/SVM.d:385","(warnt) Hey! Pass auf!","(경고하며) 야! 조심해!","","False","SVM_1_WhatAreYouDoing","",""
"Scripts/Content/Story/SVM.d:387","(aggressiv) Hast du immer noch nicht genug?!","(공격적으로) 아직도 정신을 못 차렸구나?!","","False","SVM_1_LookingForTroubleAgain","",""
"Scripts/Content/Story/SVM.d:388","Geh bloß weg mit deiner Magie!","그 마법 따위 치워버려!","","False","SVM_1_StopMagic","",""
"Scripts/Content/Story/SVM.d:389","Weg mit der Magie! Hörst du schlecht!?","마법 집어치워! 귀가 먹었나!?","","False","SVM_1_ISaidStopMagic","",""
"Scripts/Content/Story/SVM.d:390","Weg mit der Waffe!","무기 내려놔!","","False","SVM_1_WeaponDown","",""
"Scripts/Content/Story/SVM.d:391","Hörst du schlecht? Ich sagte: Weg mit der Waffe!","귀가 먹었어? 내 말은 무기 내려놓으라고!","","False","SVM_1_ISaidWeaponDown","",""
"Scripts/Content/Story/SVM.d:392","Na bitte, geht doch!","그래, 진작 그럴 것이지!","","False","SVM_1_WiseMove","",""
"Scripts/Content/Story/SVM.d:394","(zu sich selbst) Darüber reden wir noch ...","(혼잣말로) 이 일은 두고 보자는 거다...","","False","SVM_1_NextTimeYoureInForIt","",""
"Scripts/Content/Story/SVM.d:395","(zu sich selbst) Oh, mein Schädel ...","(혼잣말로) 오, 내 두개골이야...","","False","SVM_1_OhMyHead","",""
"Scripts/Content/Story/SVM.d:397","(gierig) Jetzt geht's zur Sache!","(열광하며) 이제 본격적으로 시작해 볼까!","","False","SVM_1_TheresAFight","",""
"Scripts/Content/Story/SVM.d:398","(bestürzt) Die hauen sich den Schädel ein ...","(당황하며) 서로 두개골을 깨부수고 있잖아...","","False","SVM_1_OhMyGodItsAFight","",""
"Scripts/Content/Story/SVM.d:399","(böse lachend) Das hat er verdient.","(사악하게 웃으며) 저건 벌을 받아 마땅해.","","False","SVM_1_GoodVictory","",""
"Scripts/Content/Story/SVM.d:400","(anerkennend) Gar nicht so übel ...","(인정하며) 나쁘지 않은데...","","False","SVM_1_NotBad","",""
"Scripts/Content/Story/SVM.d:401","(zu sich selbst) Was für ein brutaler Kerl ...","(혼잣말로) 정말 잔인한 녀석이군...","","False","SVM_1_OhMyGodHesDown","",""
"Scripts/Content/Story/SVM.d:402","Ja, so ist's gut!","그래, 바로 그거야!","","False","SVM_1_CheerFriend01","",""
"Scripts/Content/Story/SVM.d:403","Na, mach schon!","자, 뭘 망설여!","","False","SVM_1_CheerFriend02","",""
"Scripts/Content/Story/SVM.d:404","Immer feste drauf!","끝까지 밀어붙여!","","False","SVM_1_CheerFriend03","",""
"Scripts/Content/Story/SVM.d:405","Lass dir nichts gefallen!","가만히 당하고만 있지 마!","","False","SVM_1_Ooh01","",""
"Scripts/Content/Story/SVM.d:406","Den wirst du ja wohl schaffen!","저 정도는 상대할 수 있잖아!","","False","SVM_1_Ooh02","",""
"Scripts/Content/Story/SVM.d:407","Das gibt's doch gar nicht!","말도 안 돼!","","False","SVM_1_Ooh03","",""
"Scripts/Content/Story/SVM.d:409","(zu sich selbst, wacht auf) Was WAR das!?","(혼잣말하며, 깨어나며) 방금 뭐였지!?","","False","SVM_1_WhatWasThat","",""
"Scripts/Content/Story/SVM.d:411","Raus aus meinem Bett!","내 침대에서 당장 꺼져!","","False","SVM_1_GetOutOfMyBed","",""
"Scripts/Content/Story/SVM.d:412","(herzhaftes Gähnen)","(크게 하품하며)","","False","SVM_1_Awake","",""
"Scripts/Content/Story/SVM.d:414","Ich hörte, du warst beim Kommandanten und hast die Sache wieder in Ordnung gebracht.","사령관님을 찾아가서 일을 바로잡았다면서.","","False","SVM_1_ABS_COMMANDER","",""
"Scripts/Content/Story/SVM.d:415","Ich hörte, du warst bei Vater Parlan und hast Buße getan.","파를란 신부님을 찾아가서 참회했다면서.","","False","SVM_1_ABS_MONASTERY","",""
"Scripts/Content/Story/SVM.d:416","Ich hörte, du warst bei Lee und hast die Sache wieder in Ordnung gebracht.","리에게 가서 일을 바로잡았다면서.","","False","SVM_1_ABS_FARM","",""
"Scripts/Content/Story/SVM.d:417","Das ist gut.","그거 잘됐군.","","False","SVM_1_ABS_GOOD","",""
"Scripts/Content/Story/SVM.d:419","Einfach unsere Schafe zu schlachten! Mach, dass du hier wegkommst!","감히 우리 양들을 도살하다니! 여기서 당장 꺼져!","","False","SVM_1_SHEEPKILLER_CRIME","",""
"Scripts/Content/Story/SVM.d:420","Mit miesen Schlägern rede ich nicht!","저열한 폭력배 따위와는 할 말 없다!","","False","SVM_1_ATTACK_CRIME","",""
"Scripts/Content/Story/SVM.d:421","Geh mir aus den Augen, dreckiger Dieb!","내 눈앞에서 사라져라, 더러운 도둑놈!","","False","SVM_1_THEFT_CRIME","",""
"Scripts/Content/Story/SVM.d:423","Du bist eine Schande für deinen Orden! Lord Hagen wird toben vor Wut!","너는 우리 기사의 수치다! 헤이건 경이 노발대발하실 거다!","","False","SVM_1_PAL_CITY_CRIME","",""
"Scripts/Content/Story/SVM.d:424","Du bist eine Schande für die Stadtwache! Lord Andre wird dir das sicher austreiben!","너는 도시 경비병의 수치다! 안드레 경이 버릇을 톡톡히 고쳐주실 거다!","","False","SVM_1_MIL_CITY_CRIME","",""
"Scripts/Content/Story/SVM.d:425","Lord Andre wird von deiner Tat erfahren!","안드레 경이 네가 저지른 짓을 알게 될 것이다!","","False","SVM_1_CITY_CRIME","",""
"Scripts/Content/Story/SVM.d:427","Dein Frevel wird Vater Parlan sicherlich nicht erfreuen!","파를란 신부님께서 이 신성 모독을 아시면 아주 기뻐하시겠군!","","False","SVM_1_MONA_CRIME","",""
"Scripts/Content/Story/SVM.d:428","Lee wird dir die Hammelbeine lang ziehen! Wirst schon sehen, was du davon hast!","리가 네 뼈를 가만두지 않을 것이다! 어떻게 되는지 두고 보라고!","","False","SVM_1_FARM_CRIME","",""
"Scripts/Content/Story/SVM.d:429","Kommandant Garond wird dich zur Rechenschaft ziehen!","가론드 사령관님이 네 책임을 물을 것이다!","","False","SVM_1_OC_CRIME","",""
"Scripts/Content/Story/SVM.d:431","Ist ja schon gut, du hast gewonnen. Was willst du?","알았어, 알았어, 네가 이겼다. 원하는 게 뭐지?","","False","SVM_1_TOUGHGUY_ATTACKLOST","",""
"Scripts/Content/Story/SVM.d:432","(selbstgefällig) Muss ich dir noch mal zeigen, wer hier der Herr ist?","(거들먹거리며) 누가 주인인지 다시 한번 보여줘야겠나?","","False","SVM_1_TOUGHGUY_ATTACKWON","",""
"Scripts/Content/Story/SVM.d:433","Willst du dich noch mal mit mir anlegen oder was?","나랑 다시 한판 붙겠다는 거냐, 어?","","False","SVM_1_TOUGHGUY_PLAYERATTACK","",""
"Scripts/Content/Story/SVM.d:435","1000 Goldstücke.","1000 골드.","","False","SVM_1_GOLD_1000","",""
"Scripts/Content/Story/SVM.d:436","950 Goldstücke.","950 골드.","","False","SVM_1_GOLD_950","",""
"Scripts/Content/Story/SVM.d:437","900 Goldstücke.","900 골드.","","False","SVM_1_GOLD_900","",""
"Scripts/Content/Story/SVM.d:438","850 Goldstücke.","850 골드.","","False","SVM_1_GOLD_850","",""
"Scripts/Content/Story/SVM.d:439","800 Goldstücke.","800 골드.","","False","SVM_1_GOLD_800","",""
"Scripts/Content/Story/SVM.d:440","750 Goldstücke.","750 골드.","","False","SVM_1_GOLD_750","",""
"Scripts/Content/Story/SVM.d:441","700 Goldstücke.","700 골드.","","False","SVM_1_GOLD_700","",""
"Scripts/Content/Story/SVM.d:442","650 Goldstücke.","650 골드.","","False","SVM_1_GOLD_650","",""
"Scripts/Content/Story/SVM.d:443","600 Goldstücke.","600 골드.","","False","SVM_1_GOLD_600","",""
"Scripts/Content/Story/SVM.d:444","550 Goldstücke.","550 골드.","","False","SVM_1_GOLD_550","",""
"Scripts/Content/Story/SVM.d:445","500 Goldstücke.","500 골드.","","False","SVM_1_GOLD_500","",""
"Scripts/Content/Story/SVM.d:446","450 Goldstücke.","450 골드.","","False","SVM_1_GOLD_450","",""
"Scripts/Content/Story/SVM.d:447","400 Goldstücke.","400 골드.","","False","SVM_1_GOLD_400","",""
"Scripts/Content/Story/SVM.d:448","350 Goldstücke.","350 골드.","","False","SVM_1_GOLD_350","",""
"Scripts/Content/Story/SVM.d:449","300 Goldstücke.","300 골드.","","False","SVM_1_GOLD_300","",""
"Scripts/Content/Story/SVM.d:450","250 Goldstücke.","250 골드.","","False","SVM_1_GOLD_250","",""
"Scripts/Content/Story/SVM.d:451","200 Goldstücke.","200 골드.","","False","SVM_1_GOLD_200","",""
"Scripts/Content/Story/SVM.d:452","150 Goldstücke.","150 골드.","","False","SVM_1_GOLD_150","",""
"Scripts/Content/Story/SVM.d:453","100 Goldstücke.","100 골드.","","False","SVM_1_GOLD_100","",""
"Scripts/Content/Story/SVM.d:454","90 Goldstücke.","90 골드.","","False","SVM_1_GOLD_90","",""
"Scripts/Content/Story/SVM.d:455","80 Goldstücke.","80 골드.","","False","SVM_1_GOLD_80","",""
"Scripts/Content/Story/SVM.d:456","70 Goldstücke.","70 골드.","","False","SVM_1_GOLD_70","",""
"Scripts/Content/Story/SVM.d:457","60 Goldstücke.","60 골드.","","False","SVM_1_GOLD_60","",""
"Scripts/Content/Story/SVM.d:458","50 Goldstücke.","50 골드.","","False","SVM_1_GOLD_50","",""
"Scripts/Content/Story/SVM.d:459","40 Goldstücke.","40 골드.","","False","SVM_1_GOLD_40","",""
"Scripts/Content/Story/SVM.d:460","30 Goldstücke.","30 골드.","","False","SVM_1_GOLD_30","",""
"Scripts/Content/Story/SVM.d:461","20 Goldstücke.","20 골드.","","False","SVM_1_GOLD_20","",""
"Scripts/Content/Story/SVM.d:462","10 Goldstücke.","10 골드.","","False","SVM_1_GOLD_10","",""
"Scripts/Content/Story/SVM.d:464","... glaubst du wirklich ...","...정말 그렇게 생각하나...","","False","SVM_1_Smalltalk01","",""
"Scripts/Content/Story/SVM.d:465","... möglich ist alles ...","...불가능할 건 없지...","","False","SVM_1_Smalltalk02","",""
"Scripts/Content/Story/SVM.d:466","... das hätte er doch besser wissen müssen ...","...그랬다면 더 현명하게 대처했을 텐데...","","False","SVM_1_Smalltalk03","",""
"Scripts/Content/Story/SVM.d:467","... als ob ich nicht schon genug Probleme hätte ...","...가뜩이나 골치 아픈 일도 많은데...","","False","SVM_1_Smalltalk04","",""
"Scripts/Content/Story/SVM.d:468","... wer erzählt denn so was ...","...그런 소릴 누가 한단 말인가...","","False","SVM_1_Smalltalk05","",""
"Scripts/Content/Story/SVM.d:469","... das gibt doch nur noch mehr Ärger ...","...이러면 더 골치 아파질 뿐이야...","","False","SVM_1_Smalltalk06","",""
"Scripts/Content/Story/SVM.d:470","... man erzählt sich ja so einiges ...","...별별 소문이 다 돌고 있지...","","False","SVM_1_Smalltalk07","",""
"Scripts/Content/Story/SVM.d:471","... ich hätte das nicht gemacht ...","...나 같으면 안 그랬을 텐데...","","False","SVM_1_Smalltalk08","",""
"Scripts/Content/Story/SVM.d:472","... das sind doch alles nur Gerüchte ...","...그건 다 소문일 뿐이야...","","False","SVM_1_Smalltalk09","",""
"Scripts/Content/Story/SVM.d:473","... man muss eben aufpassen, was man so rumerzählt ...","...어디서 무슨 말을 하고 다니는지 조심해야 한다니까...","","False","SVM_1_Smalltalk10","",""
"Scripts/Content/Story/SVM.d:474","... das hätte ich dir vorher sagen können ...","...그럴 줄 진작에 알았지...","","False","SVM_1_Smalltalk11","",""
"Scripts/Content/Story/SVM.d:475","... mich fragt ja keiner ...","...내 의견을 물어보는 사람은 아무도 없지...","","False","SVM_1_Smalltalk12","",""
"Scripts/Content/Story/SVM.d:476","... der arme Kerl kann einem Leid tun ...","...저 불쌍한 녀석을 어쩌면 좋아...","","False","SVM_1_Smalltalk13","",""
"Scripts/Content/Story/SVM.d:477","... das ist doch nichts Neues ...","...새삼스러울 것도 없지...","","False","SVM_1_Smalltalk14","",""
"Scripts/Content/Story/SVM.d:478","... das liegt doch auf der Hand ...","...뻔한 얘기잖아...","","False","SVM_1_Smalltalk15","",""
"Scripts/Content/Story/SVM.d:479","... mich brauchst du das nicht zu fragen ...","...나한테 물어볼 필요도 없는 얘기야...","","False","SVM_1_Smalltalk16","",""
"Scripts/Content/Story/SVM.d:480","... das kann ja nicht ewig so weitergehen ...","...이런 식으로는 영원히 버틸 수 없을걸...","","False","SVM_1_Smalltalk17","",""
"Scripts/Content/Story/SVM.d:481","... meine Meinung kennst du ja schon ...","...내 생각은 너도 잘 알잖아...","","False","SVM_1_Smalltalk18","",""
"Scripts/Content/Story/SVM.d:482","... genau das hab ich auch gesagt ...","...나도 딱 그 얘기 하려던 참이었어...","","False","SVM_1_Smalltalk19","",""
"Scripts/Content/Story/SVM.d:483","... daran wird sich nie etwas ändern ...","...절대 변하지 않을 거야...","","False","SVM_1_Smalltalk20","",""
"Scripts/Content/Story/SVM.d:484","... warum erfahre ich das erst jetzt ...","...왜 나만 이 사실을 뒤늦게 알았을까...","","False","SVM_1_Smalltalk21","",""
"Scripts/Content/Story/SVM.d:485","... lass uns mal abwarten, was daraus wird ...","...어떻게 되는지 두고 보자고...","","False","SVM_1_Smalltalk22","",""
"Scripts/Content/Story/SVM.d:486","... einige Probleme erledigen sich von selbst ...","...어떤 문제들은 저절로 해결되기 마련이지...","","False","SVM_1_Smalltalk23","",""
"Scripts/Content/Story/SVM.d:487","... ich kann das nicht mehr hören ...","...지긋지긋해서 더는 못 듣겠네...","","False","SVM_1_Smalltalk24","",""
"Scripts/Content/Story/SVM.d:489","... der war doch sturzbetrunken ...","...완전히 곤드레만드레 취해 있었어...","","False","SVM_1_Smalltalk25","",""
"Scripts/Content/Story/SVM.d:490","... mit mir kann man so was nicht machen ...","...내가 이런 대우를 받을 이유는 없다고...","","False","SVM_1_Smalltalk26","",""
"Scripts/Content/Story/SVM.d:491","... alle sind gerannt wie die Hasen, ich war ganz allein ...","...다들 토끼처럼 도망쳐 버려서 나만 덩그러니 남았지...","","False","SVM_1_Smalltalk27","",""
"Scripts/Content/Story/SVM.d:493","... so steht es in den heiligen Schriften ...","...신성한 문서에도 그렇게 적혀 있다...","","False","SVM_1_Smalltalk28","",""
"Scripts/Content/Story/SVM.d:494","... ich handle stets in Innos' Namen ...","...나는 언제나 이노스의 이름으로 행동한다...","","False","SVM_1_Smalltalk29","",""
"Scripts/Content/Story/SVM.d:495","... niemand darf gegen die göttliche Ordnung verstoßen ...","...그 누구도 신성한 질서를 거역해서는 안 된다...","","False","SVM_1_Smalltalk30","",""
"Scripts/Content/Story/SVM.d:497","Komm wieder, wenn du mehr Erfahrung hast.","경험을 더 쌓고 오게.","","False","SVM_1_NoLearnNoPoints","",""
"Scripts/Content/Story/SVM.d:498","Du verlangst mehr von mir, als ich dir beibringen kann.","네가 가르쳐 줄 수 있는 것보다 더 많은 걸 바라고 있군.","","False","SVM_1_NoLearnOverPersonalMAX","",""
"Scripts/Content/Story/SVM.d:499","Ich kann dir nichts mehr beibringen. Du bist schon zu gut.","내가 더 가르쳐 줄 것은 없다. 넌 이미 너무 강해졌어.","","False","SVM_1_NoLearnYoureBetter","",""
"Scripts/Content/Story/SVM.d:500","Siehst du, du bist schon besser geworden ...","거봐, 실력이 많이 늘었잖아...","","False","SVM_1_YouLearnedSomething","",""
"Scripts/Content/Story/SVM.d:502","Du bist jetzt in der Unterstadt.","너는 지금 하도시대에 있다.","","False","SVM_1_UNTERSTADT","",""
"Scripts/Content/Story/SVM.d:503","Du bist jetzt in der Oberstadt.","너는 지금 상도시대에 있다.","","False","SVM_1_OBERSTADT","",""
"Scripts/Content/Story/SVM.d:504","Du bist jetzt am Tempel.","너는 지금 신전에 있다.","","False","SVM_1_TEMPEL","",""
"Scripts/Content/Story/SVM.d:505","Du bist jetzt am Marktplatz.","너는 지금 시장에 있다.","","False","SVM_1_MARKT","",""
"Scripts/Content/Story/SVM.d:506","Du bist jetzt am Galgenplatz vor der Kaserne.","너는 지금 병영 앞의 교수대 광장에 있다.","","False","SVM_1_GALGEN","",""
"Scripts/Content/Story/SVM.d:507","Das hier ist die Kaserne.","이곳은 병영이다.","","False","SVM_1_KASERNE","",""
"Scripts/Content/Story/SVM.d:508","Du bist hier im Hafenviertel.","너는 지금 항구 구역에 있다.","","False","SVM_1_HAFEN","",""
"Scripts/Content/Story/SVM.d:510","Wo willst du hin?","어디로 가고 싶은가?","","False","SVM_1_WHERETO","",""
"Scripts/Content/Story/SVM.d:512","Geh von hier aus durch das innere Stadttor und du kommst in die Unterstadt.","여기서 안쪽 성문을 통과하면 하도시대로 갈 수 있어.","","False","SVM_1_OBERSTADT_2_UNTERSTADT","",""
"Scripts/Content/Story/SVM.d:513","Am südlichen Stadttor gibt es eine Treppe, die zum inneren Stadttor hochführt. Dort beginnt die Oberstadt.","남쪽 성문 근처에 안쪽 성문으로 이어지는 계단이 있어. 그곳이 상도시대의 시작이지.","","False","SVM_1_UNTERSTADT_2_OBERSTADT","",""
"Scripts/Content/Story/SVM.d:514","Geh vom Schmied aus durch die Unterführung und du kommst zum Tempelplatz.","대장간에서 지하 통로를 지나면 신전 광장으로 갈 수 있어.","","False","SVM_1_UNTERSTADT_2_TEMPEL","",""
"Scripts/Content/Story/SVM.d:515","Geh vom Schmied aus die Hafenstraße runter, dann kommst du zum Hafen.","대장간에서 항구 길을 따라 내려가면 항구가 나온다.","","False","SVM_1_UNTERSTADT_2_HAFEN","",""
"Scripts/Content/Story/SVM.d:516","Vom Tempelplatz aus gibt es eine Unterführung, die in die Unterstadt führt.","신전 광장에서 하도시대로 이어지는 지하 통로가 있어.","","False","SVM_1_TEMPEL_2_UNTERSTADT","",""
"Scripts/Content/Story/SVM.d:517","Wenn du vorm Tempel stehst, geh links hoch und an der Stadtmauer entlang, dann kommst du zum Markt.","신전을 마주 보고 왼쪽으로 올라가 성벽을 따라가면 시장이 나온다.","","False","SVM_1_TEMPEL_2_MARKT","",""
"Scripts/Content/Story/SVM.d:518","Wenn du vom Tempel aus gesehen links an der Kneipe vorbei gehst, kommst du zum Galgenplatz.","신전 쪽에서 선술집을 왼쪽으로 끼고 돌면 교수대 광장이 나와.","","False","SVM_1_TEMPEL_2_GALGEN","",""
"Scripts/Content/Story/SVM.d:519","Wenn du vom Marktplatz aus an der hohen Stadtmauer entlang gehst, kommst du zum Tempel.","시장에서 높은 성벽을 따라 걸어가면 신전이 나온다.","","False","SVM_1_MARKT_2_TEMPEL","",""
"Scripts/Content/Story/SVM.d:520","Die Kaserne ist das riesengroße Gebäude. Geh einfach die Treppen gegenüber dem Hotel rauf.","저 커다란 건물이 병영이야. 호텔 맞은편에 있는 계단으로 올라가기만 하면 돼.","","False","SVM_1_MARKT_2_KASERNE","",""
"Scripts/Content/Story/SVM.d:521","Geh einfach an der großen Kaserne entlang und du kommst zum Galgenplatz.","커다란 병영을 따라 걸어가면 교수대 광장이 나올 거야.","","False","SVM_1_MARKT_2_GALGEN","",""
"Scripts/Content/Story/SVM.d:522","Geh vom Galgenplatz aus die Gasse runter und du kommst zum Tempelplatz.","교수대 광장에서 골목길을 따라 내려가면 신전 광장이 나와.","","False","SVM_1_GALGEN_2_TEMPEL","",""
"Scripts/Content/Story/SVM.d:523","Geh einfach an der großen Kaserne entlang und du kommst zum Markt.","커다란 병영을 따라 걸어가면 시장이 나올 거야.","","False","SVM_1_GALGEN_2_MARKT","",""
"Scripts/Content/Story/SVM.d:524","Die Kaserne ist das riesengroße Gebäude. Geh einfach die Treppen rauf.","저 커다란 건물이 병영이야. 그냥 계단으로 올라가면 돼.","","False","SVM_1_GALGEN_2_KASERNE","",""
"Scripts/Content/Story/SVM.d:525","Geh einfach die Treppe am Haupteingang links runter, dann kommst du zum Marktplatz.","정문 왼쪽에 있는 계단으로 내려가면 시장이 나온다.","","False","SVM_1_KASERNE_2_MARKT","",""
"Scripts/Content/Story/SVM.d:526","Geh einfach die Treppe am Haupteingang rechts runter, dann kommst du zum Galgenplatz.","정문 오른쪽에 있는 계단으로 내려가면 교수대 광장이 나온다.","","False","SVM_1_KASERNE_2_GALGEN","",""
"Scripts/Content/Story/SVM.d:527","Geh von der Kaimauer aus die Hafenstraße hoch, dann kommst du in die Unterstadt.","안벽에서 항구 길을 따라 올라가면 하도시대로 갈 수 있어.","","False","SVM_1_HAFEN_2_UNTERSTADT","",""
"Scripts/Content/Story/SVM.d:529","Aaaaaargl!","아아아아아그럴!","","False","SVM_1_Dead","",""
"Scripts/Content/Story/SVM.d:530","Aargh","크으윽","","False","SVM_1_Aargh_1","",""
"Scripts/Content/Story/SVM.d:531","Aargh","크으윽","","False","SVM_1_Aargh_2","",""
"Scripts/Content/Story/SVM.d:532","Aargh","크으윽","","False","SVM_1_Aargh_3","",""
"Scripts/Content/Story/SVM.d:536","Das ist nicht deine Kleidung. Ich rede nicht mit dir.","네가 입은 옷은 그게 아니잖아. 너랑은 안 놀아.","","False","SVM_1_Addon_WrongArmor","",""
"Scripts/Content/Story/SVM.d:537","Wie läufst du denn rum? Zieh dir was Vernünftiges an.","꼴이 그게 뭐야? 제대로 된 옷 좀 입고 다녀라.","","False","SVM_1_ADDON_WRONGARMOR_SLD","",""
"Scripts/Content/Story/SVM.d:538","Du bist Soldat! Kleide dich entsprechend.","넌 군인이야! 복장을 그게 이게 뭐야.","","False","SVM_1_ADDON_WRONGARMOR_MIL","",""
"Scripts/Content/Story/SVM.d:539","Deine Kleidung ist unserem Orden nicht angemessen. Zieh dich um.","그 옷은 우리 교단에 어울리지 않는다. 당장 갈아입어라.","","False","SVM_1_ADDON_WRONGARMOR_KDF","",""
"Scripts/Content/Story/SVM.d:540","Hast ja noch nicht mal 'ne Rüstung. Verschwinde!","제대로 된 방어구조차 없잖아. 꺼져!","","False","SVM_1_ADDON_ADDON_NOARMOR_BDT","",""
"Scripts/Content/Story/SVM.d:542","Stirb, du dreckiger Bandit!","죽어라, 더러운 산적 녀석!","","False","SVM_1_ADDON_DIEBANDIT","",""
"Scripts/Content/Story/SVM.d:543","Piratenpack!","해적 쓰레기들!","","False","SVM_1_ADDON_DIRTYPIRATE","",""
"Scripts/Content/Story/SVM.d:554","Für den König!","왕을 위하여!","","False","SVM_3_MILGreetings","",""
"Scripts/Content/Story/SVM.d:555","Für Innos!","이노스를 위하여!","","False","SVM_3_PALGreetings","",""
"Scripts/Content/Story/SVM.d:556","So ein Mistwetter!","날씨 더럽게 궂네!","","False","SVM_3_Weather","",""
"Scripts/Content/Story/SVM.d:558","Aber jetzt krieg ich dich!","드디어 걸렸구나!","","False","SVM_3_IGetYouStill","",""
"Scripts/Content/Story/SVM.d:559","Ich mach dich fertig!","가만두지 않겠다!","","False","SVM_3_DieEnemy","",""
"Scripts/Content/Story/SVM.d:560","Da ist wieder eins von diesen Drecksviechern!","저 쓰레기 같은 짐승이 또 기어 나왔어!","","False","SVM_3_DieMonster","",""
"Scripts/Content/Story/SVM.d:561","Na warte, du dreckiger Dieb!","어디 보자, 이 더러운 도둑놈!","","False","SVM_3_DirtyThief","",""
"Scripts/Content/Story/SVM.d:562","Finger weg da!","당장 손 안 떼?!","","False","SVM_3_HandsOff","",""
"Scripts/Content/Story/SVM.d:563","Der Mistkerl schlachtet unsere Schafe!","저 개자식이 우리 양을 도륙 내고 있어!","","False","SVM_3_SheepKiller","",""
"Scripts/Content/Story/SVM.d:564","Das verdammte Mistvieh frisst unsere Schafe!","저 젠장맞을 짐승이 우리 양을 잡아먹고 있잖아!","","False","SVM_3_SheepKillerMonster","",""
"Scripts/Content/Story/SVM.d:565","Mörder!","살인마!","","False","SVM_3_YouMurderer","",""
"Scripts/Content/Story/SVM.d:566","Hier kommen keine Viecher rein!","감히 이런 곳에 짐승을 들이다니!","","False","SVM_3_DieStupidBeast","",""
"Scripts/Content/Story/SVM.d:567","Na warte, du Mistkerl!","어디 두고 보자, 이 개자식아!","","False","SVM_3_YouDareHitMe","",""
"Scripts/Content/Story/SVM.d:568","Du hast es so gewollt!","네가 자초한 일이다!","","False","SVM_3_YouAskedForIt","",""
"Scripts/Content/Story/SVM.d:569","Du willst nicht gehen? Na gut!","안 꺼드시겠다 이거지? 좋다!","","False","SVM_3_ThenIBeatYouOutOfHere","",""
"Scripts/Content/Story/SVM.d:570","Was hattest du da drin zu suchen?","거기서 뭘 하려고 했던 거냐?","","False","SVM_3_WhatDidYouDoInThere","",""
"Scripts/Content/Story/SVM.d:571","Wollt ihr wohl damit aufhören!?","그만두지 못해?!","","False","SVM_3_WillYouStopFighting","",""
"Scripts/Content/Story/SVM.d:573","Stirb, Mistkerl!","죽어라, 개자식!","","False","SVM_3_KillEnemy","",""
"Scripts/Content/Story/SVM.d:574","Das hast du verdient, Mistkerl!","그 꼴을 당해도 싸지, 쓰레기 같은 녀석!","","False","SVM_3_EnemyKilled","",""
"Scripts/Content/Story/SVM.d:575","Ein Mistvieh weniger!","기분 나쁜 짐승 하나 줄었군!","","False","SVM_3_MonsterKilled","",""
"Scripts/Content/Story/SVM.d:576","Versuch nie wieder, mich zu bestehlen!","다신 내 걸 훔칠 생각 하지 마라!","","False","SVM_3_ThiefDown","",""
"Scripts/Content/Story/SVM.d:577","Lass in Zukunft die Finger von Sachen, an denen du nichts zu suchen hast!","앞으로는 네가 상관할 바 아닌 일에 손대지 마라!","","False","SVM_3_rumfummlerDown","",""
"Scripts/Content/Story/SVM.d:578","Tu das nie wieder! Das sind unsere Schafe!","두 번 다시 그런 짓 하지 마! 우리 양이란 말이야!","","False","SVM_3_SheepAttackerDown","",""
"Scripts/Content/Story/SVM.d:579","Stirb, Mörder!","죽어라, 살인마!","","False","SVM_3_KillMurderer","",""
"Scripts/Content/Story/SVM.d:580","So ein saublödes Vieh!","구제 불능인 짐승 같으니라고!","","False","SVM_3_StupidBeastKilled","",""
"Scripts/Content/Story/SVM.d:581","Leg dich nie wieder mit mir an!","다시는 나한테 덤빌 생각 마라!","","False","SVM_3_NeverHitMeAgain","",""
"Scripts/Content/Story/SVM.d:582","Du hättest auf mich hören sollen!","내 말 좀 들을 것이지!","","False","SVM_3_YouBetterShouldHaveListened","",""
"Scripts/Content/Story/SVM.d:583","Und jetzt sieh zu, dass du hier verschwindest!","당장 눈앞에서 꺼지지 못해!","","False","SVM_3_GetUpAndBeGone","",""
"Scripts/Content/Story/SVM.d:584","Und lass dich ja nie wieder da drinnen erwischen!","다시는 그 안에서 얼쩡거리지 마라!","","False","SVM_3_NeverEnterRoomAgain","",""
"Scripts/Content/Story/SVM.d:585","Hier wird nicht gekämpft, klar!? Lass dir das eine Lehre sein!","여기서 싸움질은 안 되는 거 몰라?! 단단히 본때를 보여주마!","","False","SVM_3_ThereIsNoFightingHere","",""
"Scripts/Content/Story/SVM.d:587","Tu mir nichts!","살려줘!","","False","SVM_3_SpareMe","",""
"Scripts/Content/Story/SVM.d:588","Ach du Scheiße!","아이쿠 맙소사!","","False","SVM_3_RunAway","",""
"Scripts/Content/Story/SVM.d:590","ALARM!","비상사태다!","","False","SVM_3_Alarm","",""
"Scripts/Content/Story/SVM.d:591","WACHE!","경비병!","","False","SVM_3_Guards","",""
"Scripts/Content/Story/SVM.d:592","Hilfe!","살려줘!","","False","SVM_3_Help","",""
"Scripts/Content/Story/SVM.d:594","(ruft zu) Gut gemacht - ein Drecksvieh weniger!","(외치며) 잘했다 - 눈엣가시 같은 짐승 하나 줄었군!","","False","SVM_3_GoodMonsterKill","",""
"Scripts/Content/Story/SVM.d:595","(ruft) Ja, mach das Schwein fertig!","(소리치며) 그래, 그 돼지 녀석을 아주 박살 내버려!","","False","SVM_3_GoodKill","",""
"Scripts/Content/Story/SVM.d:597","Lass mich in Ruhe!","귀찮게 하지 마!","","False","SVM_3_NOTNOW","",""
"Scripts/Content/Story/SVM.d:599","(ruft laut) Ja! Renn, so schnell du kannst!","(큰소리로) 그래! 할 수 있는 데까지 도망쳐 보시지!","","False","SVM_3_RunCoward","",""
"Scripts/Content/Story/SVM.d:601","Raus hier!","당장 꺼져!","","False","SVM_3_GetOutOfHere","",""
"Scripts/Content/Story/SVM.d:602","Was suchst du hier!? Geh!","여기서 뭐 하는 거냐?! 당장 꺼져!","","False","SVM_3_WhyAreYouInHere","",""
"Scripts/Content/Story/SVM.d:603","Ja, mach dass du wegkommst!","그래, 얼른 사라지는 게 좋을 거야!","","False","SVM_3_YesGoOutOfHere","",""
"Scripts/Content/Story/SVM.d:605","Hey du! Was schleichst du da rum.","어이 너! 거기서 뭘 슬금슬금 기어 다니는 거야.","","False","SVM_3_WhatsThisSupposedToBe","",""
"Scripts/Content/Story/SVM.d:606","(wacht auf) Verdammt, was ist los?","(잠에서 깨며) 젠장, 무슨 일이야?","","False","SVM_3_YouDisturbedMySlumber","",""
"Scripts/Content/Story/SVM.d:608","Danke für das Gold, du Held!","금은 잘 쓰마, 이 영웅 나리!","","False","SVM_3_ITookYourGold","",""
"Scripts/Content/Story/SVM.d:609","Du arme Wurst, hast ja nicht mal Gold dabei!","이 불쌍한 녀석, 가진 금조차 없잖아!","","False","SVM_3_ShitNoGold","",""
"Scripts/Content/Story/SVM.d:610","Die Waffe nehm ich mal besser an mich!","이 무기는 내가 챙기는 게 좋겠어!","","False","SVM_3_ITakeYourWeapon","",""
"Scripts/Content/Story/SVM.d:612","(warnt) Pass auf! Noch mal, und ich verpass dir eine.","(경고하며) 조심해라! 한 번만 더 그랬다간 가만두지 않을 테니까.","","False","SVM_3_WhatAreYouDoing","",""
"Scripts/Content/Story/SVM.d:614","Hast du immer noch nicht genug?!","아직도 정신을 못 차렸나?!","","False","SVM_3_LookingForTroubleAgain","",""
"Scripts/Content/Story/SVM.d:615","Hör auf mit dieser Magie-Scheiße!","그 빌어먹을 마법 장난질은 집어치워!","","False","SVM_3_StopMagic","",""
"Scripts/Content/Story/SVM.d:616","Willst du Schläge? Hör sofort damit auf!!!","매 좀 맞고 싶나? 당장 그만두지 못해!!!","","False","SVM_3_ISaidStopMagic","",""
"Scripts/Content/Story/SVM.d:617","Steck die Waffe weg!","당장 무기 집어넣어!","","False","SVM_3_WeaponDown","",""
"Scripts/Content/Story/SVM.d:618","Steck endlich die Scheißwaffe weg!","그 빌어먹을 무기 당장 치우지 못해?!","","False","SVM_3_ISaidWeaponDown","",""
"Scripts/Content/Story/SVM.d:619","Kluges Kerlchen!","말귀는 알아듣네!","","False","SVM_3_WiseMove","",""
"Scripts/Content/Story/SVM.d:621","(zu sich selbst) Das nächste Mal werden wir ja sehen ...","(혼잣말로) 다음번에 볼 때는 가만두지 않겠어...","","False","SVM_3_NextTimeYoureInForIt","",""
"Scripts/Content/Story/SVM.d:622","(zu sich selbst) Oh Mann, mein Kopf ...","(혼잣말로) 아이고 내 머리야...","","False","SVM_3_OhMyHead","",""
"Scripts/Content/Story/SVM.d:624","(gierig) Ah, ein Kampf!","(열광하며) 오, 싸움이다!","","False","SVM_3_TheresAFight","",""
"Scripts/Content/Story/SVM.d:625","(bestürzt) Mein Gott, ein Kampf!","(당황하며) 아이구, 싸움이다!","","False","SVM_3_OhMyGodItsAFight","",""
"Scripts/Content/Story/SVM.d:626","(böse lachend) Dem hast du's gezeigt!","(사악하게 웃으며) 아주 톡톡히 본때를 보여줬군!","","False","SVM_3_GoodVictory","",""
"Scripts/Content/Story/SVM.d:627","(anerkennend) Nicht schlecht ...","(인정하듯) 나쁘지 않군...","","False","SVM_3_NotBad","",""
"Scripts/Content/Story/SVM.d:628","(zu sich selbst) Mein Gott! Wie brutal ...","(혼잣말로) 맙소사! 너무 잔인하잖아...","","False","SVM_3_OhMyGodHesDown","",""
"Scripts/Content/Story/SVM.d:629","Schlag zu!","쳐라!","","False","SVM_3_CheerFriend01","",""
"Scripts/Content/Story/SVM.d:630","Gib alles!","전력을 다해!","","False","SVM_3_CheerFriend02","",""
"Scripts/Content/Story/SVM.d:631","Zeig's ihm!","본때를 보여줘!","","False","SVM_3_CheerFriend03","",""
"Scripts/Content/Story/SVM.d:632","Bleib dran!","버텨!","","False","SVM_3_Ooh01","",""
"Scripts/Content/Story/SVM.d:633","Vorsicht!","조심해!","","False","SVM_3_Ooh02","",""
"Scripts/Content/Story/SVM.d:634","Oh! Der hat gesessen!","와! 제대로 들어갔는데!","","False","SVM_3_Ooh03","",""
"Scripts/Content/Story/SVM.d:636","(zu sich selbst, wacht auf) Was WAR das!?","(혼잣말하며, 잠에서 깨어) 방금 그게 뭐야!?","","False","SVM_3_WhatWasThat","",""
"Scripts/Content/Story/SVM.d:638","Raus aus meinem Bett!","내 침대에서 꺼져!","","False","SVM_3_GetOutOfMyBed","",""
"Scripts/Content/Story/SVM.d:639","(herzhaftes Gähnen)","(크게 하품한다)","","False","SVM_3_Awake","",""
"Scripts/Content/Story/SVM.d:641","Du warst also beim Kommandanten und hast die Sache wieder in Ordnung gebracht.","그래, 사령관을 찾아가서 일을 바로잡았군.","","False","SVM_3_ABS_COMMANDER","",""
"Scripts/Content/Story/SVM.d:642","Du warst also bei Vater Parlan und hast Buße getan.","그래, 파를란 신부님을 찾아가서 참회했군.","","False","SVM_3_ABS_MONASTERY","",""
"Scripts/Content/Story/SVM.d:643","Du warst also bei Lee und hast die Sache wieder in Ordnung gebracht.","그래, 리를 찾아가서 일을 바로잡았군.","","False","SVM_3_ABS_FARM","",""
"Scripts/Content/Story/SVM.d:644","Das ist gut.","잘됐군.","","False","SVM_3_ABS_GOOD","",""
"Scripts/Content/Story/SVM.d:646","Einfach unsere Schafe zu schlachten!","감히 우리 양들을 도살하다니!","","False","SVM_3_SHEEPKILLER_CRIME","",""
"Scripts/Content/Story/SVM.d:647","Lass mich in Ruhe, du brutaler Mistkerl!","날 내버려둬, 이 잔인한 녀석아!","","False","SVM_3_ATTACK_CRIME","",""
"Scripts/Content/Story/SVM.d:648","Lass mich in Ruhe, du mieser kleiner Dieb!","날 내버려둬, 이 비열한 좀도둑 녀석아!","","False","SVM_3_THEFT_CRIME","",""
"Scripts/Content/Story/SVM.d:650","Du bist eine Schande für deinen Orden! Warte, bis Lord Hagen davon hört!","너는 우리 교단의 수치야! 헤이건 경이 이 사실을 알게 될 때를 기다려라!","","False","SVM_3_PAL_CITY_CRIME","",""
"Scripts/Content/Story/SVM.d:651","Du bist eine Schande für die Stadtwache! Warte, bis Lord Andre davon hört!","너는 도시 경비병의 수치야! 안드레 경이 이 사실을 알게 될 때를 기다려라!","","False","SVM_3_MIL_CITY_CRIME","",""
"Scripts/Content/Story/SVM.d:652","Warte, bis Lord Andre davon hört.","안드레 경이 이 사실을 알게 될 때를 기다려라.","","False","SVM_3_CITY_CRIME","",""
"Scripts/Content/Story/SVM.d:654","Warte, bis Vater Parlan davon hört!","파를란 신부님이 이 사실을 알게 될 때를 기다려라!","","False","SVM_3_MONA_CRIME","",""
"Scripts/Content/Story/SVM.d:655","Warte, bis Lee davon hört ...","리에게 이 소식이 들어갈 때를 기다려라...","","False","SVM_3_FARM_CRIME","",""
"Scripts/Content/Story/SVM.d:656","Warte, bis Kommandant Garond davon hört!","가론드 사령관님이 이 사실을 알게 될 때를 기다려라!","","False","SVM_3_OC_CRIME","",""
"Scripts/Content/Story/SVM.d:658","Okay, okay, du bist der Bessere von uns beiden! Was willst du?","알았어, 알았어, 네가 나보다 낫다 이거지! 뭘 원해?","","False","SVM_3_TOUGHGUY_ATTACKLOST","",""
"Scripts/Content/Story/SVM.d:659","(selbstgefällig) Ich nehme an, du hast mittlerweile begriffen, wer von uns beiden der Stärkere ist ... Was willst du?","(거만하게) 우리 중 누가 더 강한지 이제 깨달았겠지... 뭘 원하나?","","False","SVM_3_TOUGHGUY_ATTACKWON","",""
"Scripts/Content/Story/SVM.d:660","Ich dachte, du wolltest dich mit mir anlegen. Hast du's dir anders überlegt? Willst doch lieber REDEN, was? (lacht)","나한테 시비를 걸고 싶었던 게 아니었나? 마음이 바뀐 거야? 차라리 말로 해결하고 싶으신가, 안 그래? (웃음)","","False","SVM_3_TOUGHGUY_PLAYERATTACK","",""
"Scripts/Content/Story/SVM.d:662","1000 Goldstücke.","1000 골드.","","False","SVM_3_GOLD_1000","",""
"Scripts/Content/Story/SVM.d:663","950 Goldstücke.","950 골드.","","False","SVM_3_GOLD_950","",""
"Scripts/Content/Story/SVM.d:664","900 Goldstücke.","900 골드.","","False","SVM_3_GOLD_900","",""
"Scripts/Content/Story/SVM.d:665","850 Goldstücke.","850 골드.","","False","SVM_3_GOLD_850","",""
"Scripts/Content/Story/SVM.d:666","800 Goldstücke.","800 골드.","","False","SVM_3_GOLD_800","",""
"Scripts/Content/Story/SVM.d:667","750 Goldstücke.","750 골드.","","False","SVM_3_GOLD_750","",""
"Scripts/Content/Story/SVM.d:668","700 Goldstücke.","700 골드.","","False","SVM_3_GOLD_700","",""
"Scripts/Content/Story/SVM.d:669","650 Goldstücke.","650 골드.","","False","SVM_3_GOLD_650","",""
"Scripts/Content/Story/SVM.d:670","600 Goldstücke.","600 골드.","","False","SVM_3_GOLD_600","",""
"Scripts/Content/Story/SVM.d:671","550 Goldstücke.","550 골드.","","False","SVM_3_GOLD_550","",""
"Scripts/Content/Story/SVM.d:672","500 Goldstücke.","500 골드.","","False","SVM_3_GOLD_500","",""
"Scripts/Content/Story/SVM.d:673","450 Goldstücke.","450 골드.","","False","SVM_3_GOLD_450","",""
"Scripts/Content/Story/SVM.d:674","400 Goldstücke.","400 골드.","","False","SVM_3_GOLD_400","",""
"Scripts/Content/Story/SVM.d:675","350 Goldstücke.","350 골드.","","False","SVM_3_GOLD_350","",""
"Scripts/Content/Story/SVM.d:676","300 Goldstücke.","300 골드.","","False","SVM_3_GOLD_300","",""
"Scripts/Content/Story/SVM.d:677","250 Goldstücke.","250 골드.","","False","SVM_3_GOLD_250","",""
"Scripts/Content/Story/SVM.d:678","200 Goldstücke.","200 골드.","","False","SVM_3_GOLD_200","",""
"Scripts/Content/Story/SVM.d:679","150 Goldstücke.","150 골드.","","False","SVM_3_GOLD_150","",""
"Scripts/Content/Story/SVM.d:680","100 Goldstücke.","100 골드.","","False","SVM_3_GOLD_100","",""
"Scripts/Content/Story/SVM.d:681","90 Goldstücke.","90 골드.","","False","SVM_3_GOLD_90","",""
"Scripts/Content/Story/SVM.d:682","80 Goldstücke.","80 골드.","","False","SVM_3_GOLD_80","",""
"Scripts/Content/Story/SVM.d:683","70 Goldstücke.","70 골드.","","False","SVM_3_GOLD_70","",""
"Scripts/Content/Story/SVM.d:684","60 Goldstücke.","60 골드.","","False","SVM_3_GOLD_60","",""
"Scripts/Content/Story/SVM.d:685","50 Goldstücke.","50 골드.","","False","SVM_3_GOLD_50","",""
"Scripts/Content/Story/SVM.d:686","40 Goldstücke.","40 골드.","","False","SVM_3_GOLD_40","",""
"Scripts/Content/Story/SVM.d:687","30 Goldstücke.","30 골드.","","False","SVM_3_GOLD_30","",""
"Scripts/Content/Story/SVM.d:688","20 Goldstücke.","20 골드.","","False","SVM_3_GOLD_20","",""
"Scripts/Content/Story/SVM.d:689","10 Goldstücke.","10 골드.","","False","SVM_3_GOLD_10","",""
"Scripts/Content/Story/SVM.d:691","... glaubst du wirklich ...","...정말 그렇게 생각해...","","False","SVM_3_Smalltalk01","",""
"Scripts/Content/Story/SVM.d:692","... möglich ist alles ...","...세상에 안 되는 게 어디 있어...","","False","SVM_3_Smalltalk02","",""
"Scripts/Content/Story/SVM.d:693","... das hätte er doch besser wissen müssen ...","...그 사람은 좀 더 조심했어야 했어...","","False","SVM_3_Smalltalk03","",""
"Scripts/Content/Story/SVM.d:694","... als ob ich nicht schon genug Probleme hätte ...","...내 가뜩이나 골치 아픈 일이 많은데...","","False","SVM_3_Smalltalk04","",""
"Scripts/Content/Story/SVM.d:695","... wer erzählt denn so was ...","...대체 누가 그런 소리를 한 거야...","","False","SVM_3_Smalltalk05","",""
"Scripts/Content/Story/SVM.d:696","... das gibt doch nur noch mehr Ärger ...","...그러면 골치 아픈 일만 더 늘어날 뿐이야...","","False","SVM_3_Smalltalk06","",""
"Scripts/Content/Story/SVM.d:697","... man erzählt sich ja so einiges ...","...온갖 소문이 다 돌고 있더라고...","","False","SVM_3_Smalltalk07","",""
"Scripts/Content/Story/SVM.d:698","... ich hätte das nicht gedacht ...","...설마 그럴 줄은 몰랐어...","","False","SVM_3_Smalltalk08","",""
"Scripts/Content/Story/SVM.d:699","... das sind doch alles nur Gerüchte ...","...그건 다 헛소문일 뿐이야...","","False","SVM_3_Smalltalk09","",""
"Scripts/Content/Story/SVM.d:700","... man muss eben aufpassen, was man so rumerzählt ...","...아무한테나 그런 말을 하고 다니면 안 된다니까...","","False","SVM_3_Smalltalk10","",""
"Scripts/Content/Story/SVM.d:701","... das hätte ich dir vorher sagen können ...","...내가 진작에 말해줬잖아...","","False","SVM_3_Smalltalk11","",""
"Scripts/Content/Story/SVM.d:702","... mich fragt ja keiner ...","...아무도 나한테는 묻지 않더군...","","False","SVM_3_Smalltalk12","",""
"Scripts/Content/Story/SVM.d:703","... der arme Kerl kann einem Leid tun ...","...저 불쌍한 녀석, 참 안됐어...","","False","SVM_3_Smalltalk13","",""
"Scripts/Content/Story/SVM.d:704","... das ist doch nichts Neues ...","...새삼스러울 것도 없지...","","False","SVM_3_Smalltalk14","",""
"Scripts/Content/Story/SVM.d:705","... das liegt doch auf der Hand ...","...그건 뻔한 일 아니겠어...","","False","SVM_3_Smalltalk15","",""
"Scripts/Content/Story/SVM.d:706","... mich brauchst du das nicht zu fragen ...","...나한테 물어볼 필요도 없는 걸...","","False","SVM_3_Smalltalk16","",""
"Scripts/Content/Story/SVM.d:707","... das kann ja nicht ewig so weitergehen ...","...이런 식이로 영영 갈 수는 없어...","","False","SVM_3_Smalltalk17","",""
"Scripts/Content/Story/SVM.d:708","... meine Meinung kennst du ja schon ...","...내 생각은 너도 잘 알잖아...","","False","SVM_3_Smalltalk18","",""
"Scripts/Content/Story/SVM.d:709","... genau das hab ich auch gesagt ...","...나도 방금 그 똑같은 말을 했어...","","False","SVM_3_Smalltalk19","",""
"Scripts/Content/Story/SVM.d:710","... daran wird sich nie etwas ändern ...","...절대 변하지 않을 거야...","","False","SVM_3_Smalltalk20","",""
"Scripts/Content/Story/SVM.d:711","... warum erfahre ich das jetzt erst ...","...왜 나만 이제야 알게 된 거지...","","False","SVM_3_Smalltalk21","",""
"Scripts/Content/Story/SVM.d:712","... lass uns erstmal abwarten, was daraus wird ...","...일단 어떻게 되는지 두고 보자고...","","False","SVM_3_Smalltalk22","",""
"Scripts/Content/Story/SVM.d:713","... einige Probleme erledigen sich von selbst ...","...어떤 문제들은 저절로 해결되기도 하니까...","","False","SVM_3_Smalltalk23","",""
"Scripts/Content/Story/SVM.d:714","... ich kann das nicht mehr hören ...","...이제 더는 그런 소리 듣기 지긋지긋해...","","False","SVM_3_Smalltalk24","",""
"Scripts/Content/Story/SVM.d:716","... der war doch sturzbetrunken ...","...완전 곤드레만드레 취해 있었어...","","False","SVM_3_Smalltalk25","",""
"Scripts/Content/Story/SVM.d:717","... mit mir kann man so was nicht machen ...","...나한테 이딴 식으로 대할 순 없지...","","False","SVM_3_Smalltalk26","",""
"Scripts/Content/Story/SVM.d:718","... alle sind gerannt wie die Hasen, ich war ganz allein ...","...다들 토끼 마냥 도망쳐서, 나 혼자 덩그러니 남았지 뭐람...","","False","SVM_3_Smalltalk27","",""
"Scripts/Content/Story/SVM.d:720","... so steht es in den heiligen Schriften ...","...신성한 문서에도 그렇게 적혀 있어...","","False","SVM_3_Smalltalk28","",""
"Scripts/Content/Story/SVM.d:721","... ich handle stets in Innos' Namen ...","...나는 언제나 이노스의 이름으로 행동한다...","","False","SVM_3_Smalltalk29","",""
"Scripts/Content/Story/SVM.d:722","... niemand darf gegen die göttliche Ordnung verstoßen ...","...그 누구도 신성한 질서를 어겨서는 안 돼...","","False","SVM_3_Smalltalk30","",""
"Scripts/Content/Story/SVM.d:724","Komm wieder, wenn du mehr Erfahrung hast.","경험을 더 쌓고 오게.","","False","SVM_3_NoLearnNoPoints","",""
"Scripts/Content/Story/SVM.d:725","Du verlangst mehr von mir, als ich dir beibringen kann.","내가 가르쳐 줄 수 있는 것보다 더 많은 것을 바라고 있군.","","False","SVM_3_NoLearnOverPersonalMAX","",""
"Scripts/Content/Story/SVM.d:726","Ich kann dir nichts mehr beibringen. Du bist schon zu gut.","더는 가르쳐 줄 게 없네. 자네는 이미 너무 강해졌어.","","False","SVM_3_NoLearnYoureBetter","",""
"Scripts/Content/Story/SVM.d:727","Siehst du, du bist schon besser geworden ...","거봐, 벌써 실력이 늘었잖아...","","False","SVM_3_YouLearnedSomething","",""
"Scripts/Content/Story/SVM.d:729","Du bist jetzt in der Unterstadt.","지금은 하도시 구역에 있네.","","False","SVM_3_UNTERSTADT","",""
"Scripts/Content/Story/SVM.d:730","Du bist jetzt in der Oberstadt.","지금은 상도시 구역에 있네.","","False","SVM_3_OBERSTADT","",""
"Scripts/Content/Story/SVM.d:731","Du bist jetzt am Tempel.","지금은 신전에 있네.","","False","SVM_3_TEMPEL","",""
"Scripts/Content/Story/SVM.d:732","Du bist jetzt am Marktplatz.","지금은 시장에 있네.","","False","SVM_3_MARKT","",""
"Scripts/Content/Story/SVM.d:733","Du bist jetzt am Galgenplatz vor der Kaserne.","지금은 병영 앞 교수대 광장에 있네.","","False","SVM_3_GALGEN","",""
"Scripts/Content/Story/SVM.d:734","Das hier ist die Kaserne.","여기는 병영이네.","","False","SVM_3_KASERNE","",""
"Scripts/Content/Story/SVM.d:735","Du bist hier im Hafenviertel.","지금 항구 구역에 있군.","","False","SVM_3_HAFEN","",""
"Scripts/Content/Story/SVM.d:737","Wo willst du hin?","어디로 가고 싶나?","","False","SVM_3_WHERETO","",""
"Scripts/Content/Story/SVM.d:739","Geh von hier aus durch das innere Stadttor und du kommst in die Unterstadt.","여기서 안쪽 성문으로 걸어가면 하도시 구역이 나온다네.","","False","SVM_3_OBERSTADT_2_UNTERSTADT","",""
"Scripts/Content/Story/SVM.d:740","Am südlichen Stadttor gibt es eine Treppe, die zum inneren Stadttor hoch führt. Dort beginnt die Oberstadt.","남쪽 성문 근처에 안쪽 성문으로 이어지는 계단이 있어. 거기가 상도시 구역의 시작이지.","","False","SVM_3_UNTERSTADT_2_OBERSTADT","",""
"Scripts/Content/Story/SVM.d:741","Geh vom Schmied aus durch die Unterführung und du kommst zum Tempelplatz.","대장간에서 지하 통로를 지나면 신전 광장으로 갈 수 있네.","","False","SVM_3_UNTERSTADT_2_TEMPEL","",""
"Scripts/Content/Story/SVM.d:742","Geh vom Schmied aus die Hafenstraße runter, dann kommst du zum Hafen.","대장간에서 항구 길을 따라 내려가면 항구로 갈 수 있네.","","False","SVM_3_UNTERSTADT_2_HAFEN","",""
"Scripts/Content/Story/SVM.d:743","Vom Tempelplatz aus gibt es eine Unterführung, die in die Unterstadt führt.","신전 광장에서 하도시 구역으로 이어지는 지하 통로가 있다네.","","False","SVM_3_TEMPEL_2_UNTERSTADT","",""
"Scripts/Content/Story/SVM.d:744","Wenn du vorm Tempel stehst, geh links hoch und an der Stadtmauer entlang, dann kommst du zum Markt.","신전 앞에 서서 왼쪽으로 올라가 성벽을 따라가면 시장이 나온다네.","","False","SVM_3_TEMPEL_2_MARKT","",""
"Scripts/Content/Story/SVM.d:745","Wenn du vom Tempel aus gesehen links an der Kneipe vorbei gehst, kommst du zum Galgenplatz.","신전 쪽에서 선술집을 끼고 왼쪽으로 돌면 교수대 광장이 나온다네.","","False","SVM_3_TEMPEL_2_GALGEN","",""
"Scripts/Content/Story/SVM.d:746","Wenn du vom Marktplatz aus an der hohen Stadtmauer entlang gehst, kommst du zum Tempel.","시장에서 높은 성벽을 따라 걸어가면 신전이 나온다네.","","False","SVM_3_MARKT_2_TEMPEL","",""
"Scripts/Content/Story/SVM.d:747","Die Kaserne ist das riesengroße Gebäude. Geh einfach die Treppen gegenüber dem Hotel rauf.","그 거대한 건물이 병영이라네. 호텔 맞은편에 있는 계단으로 올라가기만 하면 돼.","","False","SVM_3_MARKT_2_KASERNE","",""
"Scripts/Content/Story/SVM.d:748","Geh einfach an der großen Kaserne entlang und du kommst zum Galgenplatz.","커다란 병영을 따라 걸어가면 교수대 광장이 나온다네.","","False","SVM_3_MARKT_2_GALGEN","",""
"Scripts/Content/Story/SVM.d:749","Geh vom Galgenplatz aus die Gasse runter und du kommst zum Tempelplatz.","교수대 광장에서 골목길을 따라 내려가면 신전 광장이 나온다네.","","False","SVM_3_GALGEN_2_TEMPEL","",""
"Scripts/Content/Story/SVM.d:750","Geh einfach an der großen Kaserne entlang und du kommst zum Markt.","커다란 병영을 따라 걸어가면 시장이 나온다네.","","False","SVM_3_GALGEN_2_MARKT","",""
"Scripts/Content/Story/SVM.d:751","Die Kaserne ist das riesengroße Gebäude. Geh einfach die Treppen rauf.","그 거대한 건물이 병영이라네. 그냥 계단 위로 올라가면 돼.","","False","SVM_3_GALGEN_2_KASERNE","",""
"Scripts/Content/Story/SVM.d:752","Geh einfach die Treppe am Haupteingang links runter, dann kommst du zum Marktplatz.","정문 왼쪽에 있는 계단으로 내려가면 시장이 나온다네.","","False","SVM_3_KASERNE_2_MARKT","",""
"Scripts/Content/Story/SVM.d:753","Geh einfach die Treppe am Haupteingang rechts runter, dann kommst du zum Galgenplatz.","정문 오른쪽에 있는 계단으로 내려가면 교수대 광장이 나온다네.","","False","SVM_3_KASERNE_2_GALGEN","",""
"Scripts/Content/Story/SVM.d:754","Geh von der Kaimauer aus die Hafenstraße hoch, dann kommst du in die Unterstadt.","부두 방파제에서 항구 길을 따라 올라가면 하도시 구역이 나온다네.","","False","SVM_3_HAFEN_2_UNTERSTADT","",""
"Scripts/Content/Story/SVM.d:756","Aaaaaargl!","아아아악글!","","False","SVM_3_Dead","",""
"Scripts/Content/Story/SVM.d:757","Aargh","아윽","","False","SVM_3_Aargh_1","",""
"Scripts/Content/Story/SVM.d:758","Aargh","아윽","","False","SVM_3_Aargh_2","",""
"Scripts/Content/Story/SVM.d:759","Aargh","아윽","","False","SVM_3_Aargh_3","",""
"Scripts/Content/Story/SVM.d:763","Was ist das für Kleidung? Sie passt nicht zu dir. Lass mich in Ruhe.","그게 무슨 옷이지? 너한테 전혀 어울리지 않아. 날 내버려둬.","","False","SVM_3_Addon_WrongArmor","",""
"Scripts/Content/Story/SVM.d:764","Wenn du reden willst, dann zieh dir erst mal was Richtiges an.","대화하고 싶다면, 먼저 제대로 된 옷부터 걸쳐라.","","False","SVM_3_ADDON_WRONGARMOR_SLD","",""
"Scripts/Content/Story/SVM.d:765","Wir Soldaten tragen unsere Uniform mit Stolz. Zieh dich um.","우리 군인들은 군복을 긍지로 삼는다. 옷을 갈아입어라.","","False","SVM_3_ADDON_WRONGARMOR_MIL","",""
"Scripts/Content/Story/SVM.d:766","In unserem Orden sind alle gleich, deshalb tragen wir auch alle die gleiche Kleidung. Zieh dich um!","우리 교단에서는 모두가 평등하므로 똑같은 옷을 입는다. 옷을 갈아입어라!","","False","SVM_3_ADDON_WRONGARMOR_KDF","",""
"Scripts/Content/Story/SVM.d:767","Kommst wohl direkt aus dem Knast. Besorg dir erst mal was zum Anziehen.","감방에서 막 기어나왔나 보군. 입을 옷부터 구해오라고.","","False","SVM_3_ADDON_ADDON_NOARMOR_BDT","",""
"Scripts/Content/Story/SVM.d:769","KOMM HER, BANDIT!","이봐 산적, 거기 서라!","","False","SVM_3_ADDON_DIEBANDIT","",""
"Scripts/Content/Story/SVM.d:770","KOMM HER, PIRAT!","이봐 해적, 거기 서라!","","False","SVM_3_ADDON_DIRTYPIRATE","",""
"Scripts/Content/Story/SVM.d:776","Für den König!","국왕을 위하여!","","False","SVM_4_MILGreetings","",""
"Scripts/Content/Story/SVM.d:777","Für Innos!","이노스를 위하여!","","False","SVM_4_PALGreetings","",""
"Scripts/Content/Story/SVM.d:778","Scheißwetter!","날씨 더럽게 궂네!","","False","SVM_4_Weather","",""
"Scripts/Content/Story/SVM.d:780","DU schon wieder!","또 너야!","","False","SVM_4_IGetYouStill","",""
"Scripts/Content/Story/SVM.d:781","Ich mach dich fertig!","가만두지 않겠다!","","False","SVM_4_DieEnemy","",""
"Scripts/Content/Story/SVM.d:782","Schon wieder eins von diesen Biestern!","또 저 괴물 녀석들 중 하나잖아!","","False","SVM_4_DieMonster","",""
"Scripts/Content/Story/SVM.d:783","Du mieser kleiner Dieb!","이 비열한 좀도둑 녀석!","","False","SVM_4_DirtyThief","",""
"Scripts/Content/Story/SVM.d:784","Nimm deine Finger weg da!","거기 손 떼라!","","False","SVM_4_HandsOff","",""
"Scripts/Content/Story/SVM.d:785","Hey! Lass unsere Schafe in Ruhe!","이봐! 우리 양들을 내버려둬!","","False","SVM_4_SheepKiller","",""
"Scripts/Content/Story/SVM.d:786","Das Biest frisst unsere Schafe!","저 괴물이 우리 양들을 먹어치우고 있어!","","False","SVM_4_SheepKillerMonster","",""
"Scripts/Content/Story/SVM.d:787","Mörder!","살인마!","","False","SVM_4_YouMurderer","",""
"Scripts/Content/Story/SVM.d:788","Was will DAS Vieh denn hier?","저 짐승 새끼가 여기서 뭐 하는 거지?","","False","SVM_4_DieStupidBeast","",""
"Scripts/Content/Story/SVM.d:789","Jetzt kannst du was erleben!","아주 뼈도 못 추리게 해 주마!","","False","SVM_4_YouDareHitMe","",""
"Scripts/Content/Story/SVM.d:790","Du hast es nicht anders gewollt!","네가 자초한 일이다!","","False","SVM_4_YouAskedForIt","",""
"Scripts/Content/Story/SVM.d:791","Wer nicht hören will, muss fühlen.","말 안 듣는 녀석은 직접 겪어봐야지.","","False","SVM_4_ThenIBeatYouOutOfHere","",""
"Scripts/Content/Story/SVM.d:792","Was wolltet du da drin, he!?","거기서 뭘 하려고 했던 거냐, 하?!","","False","SVM_4_WhatDidYouDoInThere","",""
"Scripts/Content/Story/SVM.d:793","Wollt ihr wohl damit aufhören!?","그 짓거리 당장 안 그만둘래?!","","False","SVM_4_WillYouStopFighting","",""
"Scripts/Content/Story/SVM.d:795","Stirb!","죽어라!","","False","SVM_4_KillEnemy","",""
"Scripts/Content/Story/SVM.d:796","So ein dämlicher Mistkerl ...","구제불능인 녀석...","","False","SVM_4_EnemyKilled","",""
"Scripts/Content/Story/SVM.d:797","So, das war's mit dir, du Mistvieh!","좋다, 짐승 새끼야, 네 꼴은 여기까지다!","","False","SVM_4_MonsterKilled","",""
"Scripts/Content/Story/SVM.d:798","Lass in Zukunft die Finger von meinen Sachen, klar?","앞으로는 내 물건에 손대지 마라, 알겠나?","","False","SVM_4_ThiefDown","",""
"Scripts/Content/Story/SVM.d:799","Behalt in Zukunft deine Finger bei dir!","앞으로는 손버릇을 곱게 가져라!","","False","SVM_4_rumfummlerDown","",""
"Scripts/Content/Story/SVM.d:800","Vergreif dich nie wieder an unseren Schafen!","다시는 우리 양들을 건드릴 생각 마라!","","False","SVM_4_SheepAttackerDown","",""
"Scripts/Content/Story/SVM.d:801","Stirb, Mörder!","죽어라, 살인마!","","False","SVM_4_KillMurderer","",""
"Scripts/Content/Story/SVM.d:802","So ein saublödes Vieh!","정말 구제불능인 짐승이군!","","False","SVM_4_StupidBeastKilled","",""
"Scripts/Content/Story/SVM.d:803","Versuch das nicht noch mal, Bürschchen!","두 번 다시 그러지 마라, 애송이!","","False","SVM_4_NeverHitMeAgain","",""
"Scripts/Content/Story/SVM.d:804","Lass dir das eine Lehre sein.","이번 일을 뼈저리게 교훈 삼아라.","","False","SVM_4_YouBetterShouldHaveListened","",""
"Scripts/Content/Story/SVM.d:805","Steh auf und mach, dass du hier rauskommst!","일어나서 당장 꺼져!","","False","SVM_4_GetUpAndBeGone","",""
"Scripts/Content/Story/SVM.d:806","Ich will dich nie wieder da drinnen sehen, klar?","다시는 그 안에 들어오지 마라, 알겠나?","","False","SVM_4_NeverEnterRoomAgain","",""
"Scripts/Content/Story/SVM.d:807","Wenn hier einer Schläge verteilt, dann bin ich das, kapiert?","여기서 주먹을 휘두를 수 있는 건 나뿐이다, 알아들었나?","","False","SVM_4_ThereIsNoFightingHere","",""
"Scripts/Content/Story/SVM.d:809","Lass mich bloß in Ruhe!","제발 나를 내버려둬!","","False","SVM_4_SpareMe","",""
"Scripts/Content/Story/SVM.d:810","Scheiße! Nichts wie weg!","젠장! 일단 튀자!","","False","SVM_4_RunAway","",""
"Scripts/Content/Story/SVM.d:812","ALARM!","비상!","","False","SVM_4_Alarm","",""
"Scripts/Content/Story/SVM.d:813","WACHE!","경비병!","","False","SVM_4_Guards","",""
"Scripts/Content/Story/SVM.d:814","Hilfe!","살려줘!","","False","SVM_4_Help","",""
"Scripts/Content/Story/SVM.d:816","(ruft zu) Ja! So muss man's den Biestern geben!","(외치며) 그래! 저런 녀석들은 그렇게 혼내줘야지!","","False","SVM_4_GoodMonsterKill","",""
"Scripts/Content/Story/SVM.d:817","(ruft) Das hat die Sau verdient!","(외치며) 그 더러운 돼지 새끼가 당할 짓을 했지!","","False","SVM_4_GoodKill","",""
"Scripts/Content/Story/SVM.d:819","Lass mich in Ruhe!","내버려둬!","","False","SVM_4_NOTNOW","",""
"Scripts/Content/Story/SVM.d:821","(ruft laut) Wir sprechen uns noch!","(큰 소리로) 두고 보자!","","False","SVM_4_RunCoward","",""
"Scripts/Content/Story/SVM.d:823","Raus!","꺼져!","","False","SVM_4_GetOutOfHere","",""
"Scripts/Content/Story/SVM.d:824","Was hast du hier zu suchen?!","여기서 무슨 짓을 하는 거냐?!","","False","SVM_4_WhyAreYouInHere","",""
"Scripts/Content/Story/SVM.d:825","Hau bloß ab!","당장 썩 꺼져!","","False","SVM_4_YesGoOutOfHere","",""
"Scripts/Content/Story/SVM.d:827","Was schleichst du denn da rum?","거기서 뭘 슬금슬금 기어 다니는 거냐?","","False","SVM_4_WhatsThisSupposedToBe","",""
"Scripts/Content/Story/SVM.d:828","(wacht auf) Was ist los?","(깨어나며) 무슨 일이야?","","False","SVM_4_YouDisturbedMySlumber","",""
"Scripts/Content/Story/SVM.d:830","Danke für das Gold, du Held!","금화 고맙다, 영웅님!","","False","SVM_4_ITookYourGold","",""
"Scripts/Content/Story/SVM.d:831","Du arme Wurst, hast ja nicht mal Gold dabei!","이 불쌍한 녀석, 가진 금화조차 없잖아!","","False","SVM_4_ShitNoGold","",""
"Scripts/Content/Story/SVM.d:832","Die Waffe nehm ich mal besser an mich!","이 무기는 내가 챙기는 게 좋겠군!","","False","SVM_4_ITakeYourWeapon","",""
"Scripts/Content/Story/SVM.d:834","(warnt) Pass auf! Noch mal und ich verpass dir eine.","(경고하며) 조심해라! 한 번만 더 그랬다간 뼈도 못 추리게 해 줄 테니까.","","False","SVM_4_WhatAreYouDoing","",""
"Scripts/Content/Story/SVM.d:836","(agressiv) Willst du noch mal was aufs Maul?","(공격적으로) 얼굴에 주먹 맛 좀 더 보고 싶나?","","False","SVM_4_LookingForTroubleAgain","",""
"Scripts/Content/Story/SVM.d:838","Hör auf mit dieser Magie-Scheiße!","그 빌어먹을 마법 짓거리 당장 집어쳐!","","False","SVM_4_StopMagic","",""
"Scripts/Content/Story/SVM.d:839","Willst du Schläge? Hör sofort auf damit!","두들겨 맞고 싶나? 당장 그만둬!","","False","SVM_4_ISaidStopMagic","",""
"Scripts/Content/Story/SVM.d:840","Steck die Waffe weg!","무기를 집어넣어라!","","False","SVM_4_WeaponDown","",""
"Scripts/Content/Story/SVM.d:841","Steck endlich die Scheißwaffe weg!","그 빌어먹을 무기 당장 집어넣지 못해?!","","False","SVM_4_ISaidWeaponDown","",""
"Scripts/Content/Story/SVM.d:842","Kluges Kerlchen!","영리한 녀석이군!","","False","SVM_4_WiseMove","",""
"Scripts/Content/Story/SVM.d:844","(zu sich selbst) Das nächste Mal werden wir ja sehen ...","(혼잣말로) 다음번에 어떻게 되는지 보자고...","","False","SVM_4_NextTimeYoureInForIt","",""
"Scripts/Content/Story/SVM.d:845","(zu sich selbst) Oh Mann, mein Kopf ...","(혼잣말로) 아이고 머리야...","","False","SVM_4_OhMyHead","",""
"Scripts/Content/Story/SVM.d:847","(gierig) Ah, ein Kampf!","(열광하며) 오, 싸움이다!","","False","SVM_4_TheresAFight","",""
"Scripts/Content/Story/SVM.d:848","(bestürzt) Mein Gott, ein Kampf!","(경악하며) 세상에, 싸움이 벌어졌어!","","False","SVM_4_OhMyGodItsAFight","",""
"Scripts/Content/Story/SVM.d:849","(böse lachend) Dem hast du's gezeigt!","(악을 쓰며 웃으며) 아주 제대로 본때를 보여줬네!","","False","SVM_4_GoodVictory","",""
"Scripts/Content/Story/SVM.d:850","(anerkennend) Nicht schlecht ...","(인정하며) 나쁘지 않군...","","False","SVM_4_NotBad","",""
"Scripts/Content/Story/SVM.d:851","(zu sich selbst) Mein Gott! Wie brutal ...","(혼잣말로) 세상에! 저렇게 잔인할 수가...","","False","SVM_4_OhMyGodHesDown","",""
"Scripts/Content/Story/SVM.d:852","Ja, gib's ihm!","그래, 아주 짓밟아버려!","","False","SVM_4_CheerFriend01","",""
"Scripts/Content/Story/SVM.d:853","Zeig's ihm!","본때를 보여줘!","","False","SVM_4_CheerFriend02","",""
"Scripts/Content/Story/SVM.d:854","Mach ihn fertig!","끝장내버려!","","False","SVM_4_CheerFriend03","",""
"Scripts/Content/Story/SVM.d:855","Wehr dich!","반격해!","","False","SVM_4_Ooh01","",""
"Scripts/Content/Story/SVM.d:856","Schlag doch zurück!","가만히 있지 말고 때려!","","False","SVM_4_Ooh02","",""
"Scripts/Content/Story/SVM.d:857","Uh! Das tat weh!","윽! 아프잖아!","","False","SVM_4_Ooh03","",""
"Scripts/Content/Story/SVM.d:859","(zu sich selbst, wacht auf) Verdammt, was WAR das!?","(혼잣말하며, 깨어나며) 젠장, 방금 무슨 짓이었어!?","","False","SVM_4_WhatWasThat","",""
"Scripts/Content/Story/SVM.d:861","Raus aus meinem Bett!","내 침대에서 당장 꺼져!","","False","SVM_4_GetOutOfMyBed","",""
"Scripts/Content/Story/SVM.d:862","(herzhaftes Gähnen)","(크게 하품하며)","","False","SVM_4_Awake","",""
"Scripts/Content/Story/SVM.d:864","Der Kommandant hat also die Sache für dich in Ordnung gebracht.","사령관이 네 일을 직접 수습해 줬나 보군.","","False","SVM_4_ABS_COMMANDER","",""
"Scripts/Content/Story/SVM.d:865","Du hast also bei Vater Parlan für deine Taten gebüßt.","파를란 신부님 앞에서 네 죄를 뉘우쳤다지.","","False","SVM_4_ABS_MONASTERY","",""
"Scripts/Content/Story/SVM.d:866","Ich hörte, Lee hat's noch mal für dich hingebogen.","리가 너를 위해 다시 한 번 무마해 줬다는 소릴 들었다.","","False","SVM_4_ABS_FARM","",""
"Scripts/Content/Story/SVM.d:867","Gut.","좋다.","","False","SVM_4_ABS_GOOD","",""
"Scripts/Content/Story/SVM.d:869","Schafe schlachten ist das Letzte! Verschwinde!","양을 도살하다니 제정신이 아니군! 사라져라!","","False","SVM_4_SHEEPKILLER_CRIME","",""
"Scripts/Content/Story/SVM.d:870","Du bist ein Schläger - hau ab!","넌 폭력배야, 꺼져!","","False","SVM_4_ATTACK_CRIME","",""
"Scripts/Content/Story/SVM.d:871","Verfluchter Dieb! - Für dich habe ich nichts mehr übrig!","저주받을 도둑 녀석! - 네놈과는 더 이상 할 말이 없다!","","False","SVM_4_THEFT_CRIME","",""
"Scripts/Content/Story/SVM.d:873","Von einem Paladin hätte ich mehr erwartet! Lord Hagen wird nicht sehr erfreut sein.","팔라딘이라면 이보다 나을 줄 알았건만! 헤이건 경께서 매우 언짢아하실 거다.","","False","SVM_4_PAL_CITY_CRIME","",""
"Scripts/Content/Story/SVM.d:874","Dass so einer wie du überhaupt bei der Stadtwache ist! Lord Andre wird dich dafür zahlen lassen!","네놈 같은 게 어떻게 도시 경비병이 된 거지! 안드레 님께서 그 삯을 치르게 하실 거다!","","False","SVM_4_MIL_CITY_CRIME","",""
"Scripts/Content/Story/SVM.d:875","Lord Andre wird von deinem Verhalten erfahren!","안드레 님께서 네 작태를 알게 되실 거다!","","False","SVM_4_CITY_CRIME","",""
"Scripts/Content/Story/SVM.d:877","Vater Parlan wird erzürnt sein über deinen Frevel!","파를란 신부님께서 네 신성모독을 알고 분노하실 것이다!","","False","SVM_4_MONA_CRIME","",""
"Scripts/Content/Story/SVM.d:878","Damit wird Lee dich nicht davonkommen lassen!","리께서 이걸 그냥 넘어가시진 않을 거야!","","False","SVM_4_FARM_CRIME","",""
"Scripts/Content/Story/SVM.d:879","Das wird Kommandant Garond nicht gerne hören - dafür musst du zahlen!","가론드 지휘관이 이 소식을 들으면 좋아하지 않을 거다. 넌 그 대가를 치르게 될 거야!","","False","SVM_4_OC_CRIME","",""
"Scripts/Content/Story/SVM.d:881","Du hast ja 'nen ganz schönen Schlag drauf ... Was willst du?","제법 주먹질을 할 줄 아는데... 무슨 일이지?","","False","SVM_4_TOUGHGUY_ATTACKLOST","",""
"Scripts/Content/Story/SVM.d:882","(selbstgefällig) Noch Fragen?","(거들먹거리며) 더 질문 있나?","","False","SVM_4_TOUGHGUY_ATTACKWON","",""
"Scripts/Content/Story/SVM.d:883","Da bist du ja wieder!","거기 또 찾아왔군!","","False","SVM_4_TOUGHGUY_PLAYERATTACK","",""
"Scripts/Content/Story/SVM.d:885","1000 Goldstücke.","1000 금화.","","False","SVM_4_GOLD_1000","",""
"Scripts/Content/Story/SVM.d:886","950 Goldstücke.","950 금화.","","False","SVM_4_GOLD_950","",""
"Scripts/Content/Story/SVM.d:887","900 Goldstücke.","900 금화.","","False","SVM_4_GOLD_900","",""
"Scripts/Content/Story/SVM.d:888","850 Goldstücke.","850 금화.","","False","SVM_4_GOLD_850","",""
"Scripts/Content/Story/SVM.d:889","800 Goldstücke.","800 금화.","","False","SVM_4_GOLD_800","",""
"Scripts/Content/Story/SVM.d:890","750 Goldstücke.","750 금화.","","False","SVM_4_GOLD_750","",""
"Scripts/Content/Story/SVM.d:891","700 Goldstücke.","700 금화.","","False","SVM_4_GOLD_700","",""
"Scripts/Content/Story/SVM.d:892","650 Goldstücke.","650 금화.","","False","SVM_4_GOLD_650","",""
"Scripts/Content/Story/SVM.d:893","600 Goldstücke.","600 금화.","","False","SVM_4_GOLD_600","",""
"Scripts/Content/Story/SVM.d:894","550 Goldstücke.","550 금화.","","False","SVM_4_GOLD_550","",""
"Scripts/Content/Story/SVM.d:895","500 Goldstücke.","500 금화.","","False","SVM_4_GOLD_500","",""
"Scripts/Content/Story/SVM.d:896","450 Goldstücke.","450 금화.","","False","SVM_4_GOLD_450","",""
"Scripts/Content/Story/SVM.d:897","400 Goldstücke.","400 금화.","","False","SVM_4_GOLD_400","",""
"Scripts/Content/Story/SVM.d:898","350 Goldstücke.","350 금화.","","False","SVM_4_GOLD_350","",""
"Scripts/Content/Story/SVM.d:899","300 Goldstücke.","300 금화.","","False","SVM_4_GOLD_300","",""
"Scripts/Content/Story/SVM.d:900","250 Goldstücke.","250 금화.","","False","SVM_4_GOLD_250","",""
"Scripts/Content/Story/SVM.d:901","200 Goldstücke.","200 금화.","","False","SVM_4_GOLD_200","",""
"Scripts/Content/Story/SVM.d:902","150 Goldstücke.","150 금화.","","False","SVM_4_GOLD_150","",""
"Scripts/Content/Story/SVM.d:903","100 Goldstücke.","100 금화.","","False","SVM_4_GOLD_100","",""
"Scripts/Content/Story/SVM.d:904","90 Goldstücke.","90 금화.","","False","SVM_4_GOLD_90","",""
"Scripts/Content/Story/SVM.d:905","80 Goldstücke.","80 금화.","","False","SVM_4_GOLD_80","",""
"Scripts/Content/Story/SVM.d:906","70 Goldstücke.","70 금화.","","False","SVM_4_GOLD_70","",""
"Scripts/Content/Story/SVM.d:907","60 Goldstücke.","60 금화.","","False","SVM_4_GOLD_60","",""
"Scripts/Content/Story/SVM.d:908","50 Goldstücke.","50 금화.","","False","SVM_4_GOLD_50","",""
"Scripts/Content/Story/SVM.d:909","40 Goldstücke.","40 금화.","","False","SVM_4_GOLD_40","",""
"Scripts/Content/Story/SVM.d:910","30 Goldstücke.","30 금화.","","False","SVM_4_GOLD_30","",""
"Scripts/Content/Story/SVM.d:911","20 Goldstücke.","20 금화.","","False","SVM_4_GOLD_20","",""
"Scripts/Content/Story/SVM.d:912","10 Goldstücke.","10 금화.","","False","SVM_4_GOLD_10","",""
"Scripts/Content/Story/SVM.d:914","... ist das wirklich wahr ...","...정말 사실인가...","","False","SVM_4_Smalltalk01","",""
"Scripts/Content/Story/SVM.d:915","... ich hab was anderes gehört ...","...난 다른 걸 들었는데...","","False","SVM_4_Smalltalk02","",""
"Scripts/Content/Story/SVM.d:916","... sag mir nicht, dass du das nicht gewusst hast ...","...설마 그것도 몰랐다고 하진 않겠지...","","False","SVM_4_Smalltalk03","",""
"Scripts/Content/Story/SVM.d:917","... man weiß gar nicht mehr, wem man noch glauben soll ...","...이제 누구를 믿어야 할지조차 모르겠어...","","False","SVM_4_Smalltalk04","",""
"Scripts/Content/Story/SVM.d:918","... das ist doch alles nur Gerede ...","...그거 다 헛소문이야...","","False","SVM_4_Smalltalk05","",""
"Scripts/Content/Story/SVM.d:919","... meinst du, mir geht es besser ...","...내 사정도 별다를 건 없다고...","","False","SVM_4_Smalltalk06","",""
"Scripts/Content/Story/SVM.d:920","... ich wundere mich über gar nichts mehr ...","...이제 웬만한 일엔 놀라지도 않아...","","False","SVM_4_Smalltalk07","",""
"Scripts/Content/Story/SVM.d:921","... das ist wirklich nicht mein Problem ...","...정말 내 문제가 아니니까...","","False","SVM_4_Smalltalk08","",""
"Scripts/Content/Story/SVM.d:922","... glaubst du wirklich daran ...","...정말로 그게 사실이라고 믿는 거야...","","False","SVM_4_Smalltalk09","",""
"Scripts/Content/Story/SVM.d:923","... von mir erfährt keiner was ...","...나한테서 뭔가를 캐내려 해봐야 소용없을걸...","","False","SVM_4_Smalltalk10","",""
"Scripts/Content/Story/SVM.d:924","... das war doch schon vorher klar ...","...그건 애초에 뻔한 일이었잖아...","","False","SVM_4_Smalltalk11","",""
"Scripts/Content/Story/SVM.d:925","... er hat auf die falschen Leute gehört ...","...그 녀석이 엉뚱한 사람들의 말을 들은 거지...","","False","SVM_4_Smalltalk12","",""
"Scripts/Content/Story/SVM.d:926","... wenn er das nicht sieht, kann ich ihm auch nicht mehr helfen ...","...그것도 모른다면 나도 더 이상 도울 수 없어...","","False","SVM_4_Smalltalk13","",""
"Scripts/Content/Story/SVM.d:927","... ich erzähl dir doch nichts Neues ...","...내가 뭐 새로운 얘기라도 해줄 줄 알았어...","","False","SVM_4_Smalltalk14","",""
"Scripts/Content/Story/SVM.d:928","... von selbst ist er da nicht drauf gekommen ...","...그 녀석 머리로는 절대 생각 못 했을걸...","","False","SVM_4_Smalltalk15","",""
"Scripts/Content/Story/SVM.d:929","... das ist doch lange bekannt ...","...그건 이미 오래전부터 알려진 얘기야...","","False","SVM_4_Smalltalk16","",""
"Scripts/Content/Story/SVM.d:930","... das ist 'ne schlimme Sache ...","...참 곤란하게 됐어...","","False","SVM_4_Smalltalk17","",""
"Scripts/Content/Story/SVM.d:931","... ich hätte das anders gemacht ...","...나였다면 다르게 처리했을 텐데...","","False","SVM_4_Smalltalk18","",""
"Scripts/Content/Story/SVM.d:932","... ich bin ganz deiner Meinung ...","...나도 전적으로 네 생각에 동의해...","","False","SVM_4_Smalltalk19","",""
"Scripts/Content/Story/SVM.d:933","... wird sich das jemals ändern ...","...이런 게 과연 언젠가 바뀔까...","","False","SVM_4_Smalltalk20","",""
"Scripts/Content/Story/SVM.d:934","... das habe ich noch gar nicht gewusst ...","...난 그건 전혀 모르고 있었어...","","False","SVM_4_Smalltalk21","",""
"Scripts/Content/Story/SVM.d:935","... da kannst du eh nichts dran ändern ...","...어차피 네가 바꿀 수 있는 일도 아니잖아...","","False","SVM_4_Smalltalk22","",""
"Scripts/Content/Story/SVM.d:936","... das wundert mich nicht ...","...새삼스럽지도 않네...","","False","SVM_4_Smalltalk23","",""
"Scripts/Content/Story/SVM.d:937","... er musste es ja besser wissen ...","...지 혼자 잘났다고 우기더니 결국 그 꼴이 났지...","","False","SVM_4_Smalltalk24","",""
"Scripts/Content/Story/SVM.d:939","... es kommt nur auf die Kraft an, also komm mir nicht so ...","...결국 힘이 장땡이야, 그러니 나한테 이래라저래라 하지 마...","","False","SVM_4_Smalltalk25","",""
"Scripts/Content/Story/SVM.d:940","... der weiß ja nicht mal, wie man ein Schwert hält ...","...저 자식은 검을 어떻게 잡는지도 모른다고...","","False","SVM_4_Smalltalk26","",""
"Scripts/Content/Story/SVM.d:941","... ja, das hat er wirklich behauptet ...","...그래, 그 녀석이 정말 그렇게 주장하더라고...","","False","SVM_4_Smalltalk27","",""
"Scripts/Content/Story/SVM.d:943","... jemand wird dafür büßen müssen ...","...누군가는 그 대가를 치르게 될 거야...","","False","SVM_4_Smalltalk28","",""
"Scripts/Content/Story/SVM.d:944","... Innos leuchtet all denen, die seine Weisheit erkennen ...","...이노스께서는 그분의 지혜를 깨닫는 자들을 비추시나니...","","False","SVM_4_Smalltalk29","",""
"Scripts/Content/Story/SVM.d:945","... letztendlich wird die Gerechtigkeit siegen ...","...결국엔 정의가 승리할 거야...","","False","SVM_4_Smalltalk30","",""
"Scripts/Content/Story/SVM.d:947","Komm wieder, wenn du mehr Erfahrung hast.","경험을 더 쌓고 오게.","","False","SVM_4_NoLearnNoPoints","",""
"Scripts/Content/Story/SVM.d:948","Du verlangst mehr von mir, als ich dir beibringen kann.","내가 가르쳐줄 수 있는 한도를 넘었군.","","False","SVM_4_NoLearnOverPersonalMAX","",""
"Scripts/Content/Story/SVM.d:949","Ich kann dir nichts mehr beibringen. Du bist schon zu gut.","더 이상 가르쳐줄 게 없다. 넌 이미 너무 강해.","","False","SVM_4_NoLearnYoureBetter","",""
"Scripts/Content/Story/SVM.d:950","Siehst du, du bist schon besser geworden ...","봐라, 벌써 실력이 늘었잖아...","","False","SVM_4_YouLearnedSomething","",""
"Scripts/Content/Story/SVM.d:952","Du bist jetzt in der Unterstadt.","지금 하도시 구역에 있군.","","False","SVM_4_UNTERSTADT","",""
"Scripts/Content/Story/SVM.d:953","Du bist jetzt in der Oberstadt.","지금 상도시 구역에 있군.","","False","SVM_4_OBERSTADT","",""
"Scripts/Content/Story/SVM.d:954","Du bist jetzt am Tempel.","지금 신전 근처에 있군.","","False","SVM_4_TEMPEL","",""
"Scripts/Content/Story/SVM.d:955","Du bist jetzt am Marktplatz.","지금 시장 광장에 있군.","","False","SVM_4_MARKT","",""
"Scripts/Content/Story/SVM.d:956","Du bist jetzt am Galgenplatz vor der Kaserne.","지금 병영 앞 교수대 광장에 있군.","","False","SVM_4_GALGEN","",""
"Scripts/Content/Story/SVM.d:957","Das hier ist die Kaserne.","여기가 병영이다.","","False","SVM_4_KASERNE","",""
"Scripts/Content/Story/SVM.d:958","Du bist hier im Hafenviertel.","지금 항구 구역에 있군.","","False","SVM_4_HAFEN","",""
"Scripts/Content/Story/SVM.d:960","Wo willst du hin?","어디로 가고 싶나?","","False","SVM_4_WHERETO","",""
"Scripts/Content/Story/SVM.d:962","Geh von hier aus durch das innere Stadttor und du kommst in die Unterstadt.","여기서 안쪽 성문으로 걸어가면 하도시 구역이 나온다.","","False","SVM_4_OBERSTADT_2_UNTERSTADT","",""
"Scripts/Content/Story/SVM.d:963","Am südlichen Stadttor gibt es eine Treppe, die zum inneren Stadttor hoch führt. Dort beginnt die Oberstadt.","남쪽 성문 쪽에 안쪽 성문으로 이어지는 계단이 있어. 거기가 상도시 구역의 시작이지.","","False","SVM_4_UNTERSTADT_2_OBERSTADT","",""
"Scripts/Content/Story/SVM.d:964","Geh vom Schmied aus durch die Unterführung und du kommst zum Tempelplatz.","대장간에서 지하 통로를 지나가면 신전 광장이 나온다.","","False","SVM_4_UNTERSTADT_2_TEMPEL","",""
"Scripts/Content/Story/SVM.d:965","Geh vom Schmied aus die Hafenstraße runter, dann kommst du zum Hafen.","대장간에서 항구 도로를 따라 내려가면 항구가 나온다.","","False","SVM_4_UNTERSTADT_2_HAFEN","",""
"Scripts/Content/Story/SVM.d:966","Vom Tempelplatz aus gibt es eine Unterführung, die in die Unterstadt führt.","신전 광장에서 하도시 구역으로 통하는 지하 통로가 있다.","","False","SVM_4_TEMPEL_2_UNTERSTADT","",""
"Scripts/Content/Story/SVM.d:967","Wenn du vorm Tempel stehst, geh links hoch an der Stadtmauer entlang, dann kommst du zum Markt.","신전 앞에 서서 성벽을 따라 왼쪽 위로 올라가면 시장이 나온다.","","False","SVM_4_TEMPEL_2_MARKT","",""
"Scripts/Content/Story/SVM.d:968","Wenn du vom Tempel aus gesehen links an der Kneipe vorbei gehst, kommst du zum Galgenplatz.","신전 쪽에서 선술집을 끼고 왼쪽으로 지나가면 교수대 광장이 나온다.","","False","SVM_4_TEMPEL_2_GALGEN","",""
"Scripts/Content/Story/SVM.d:969","Wenn du vom Marktplatz aus an der hohen Stadtmauer entlang gehst, kommst du zum Tempel.","시장 광장에서 높은 성벽을 따라 걸어가면 신전이 나온다.","","False","SVM_4_MARKT_2_TEMPEL","",""
"Scripts/Content/Story/SVM.d:970","Die Kaserne ist das riesengroße Gebäude. Geh einfach die Treppen gegenüber dem Hotel rauf.","그 거대한 건물이 병영이다. 호텔 반대편에 있는 계단으로 올라가기만 하면 돼.","","False","SVM_4_MARKT_2_KASERNE","",""
"Scripts/Content/Story/SVM.d:971","Geh einfach an der großen Kaserne entlang und du kommst zum Galgenplatz.","큰 병영을 따라 걸어가면 교수대 광장이 나온다.","","False","SVM_4_MARKT_2_GALGEN","",""
"Scripts/Content/Story/SVM.d:972","Geh vom Galgenplatz aus die Gasse runter und du kommst zum Tempelplatz.","교수대 광장에서 골목길을 따라 내려가면 신전 광장이 나온다.","","False","SVM_4_GALGEN_2_TEMPEL","",""
"Scripts/Content/Story/SVM.d:973","Geh einfach an der großen Kaserne entlang und du kommst zum Markt.","큰 병영을 따라 걸어가면 시장이 나온다.","","False","SVM_4_GALGEN_2_MARKT","",""
"Scripts/Content/Story/SVM.d:974","Die Kaserne ist das riesengroße Gebäude. Geh einfach die Treppen rauf.","그 거대한 건물이 병영이다. 그냥 계단으로 올라가면 돼.","","False","SVM_4_GALGEN_2_KASERNE","",""
"Scripts/Content/Story/SVM.d:975","Geh einfach die Treppe am Haupteingang links runter, dann kommst du zum Marktplatz.","정문 왼쪽에 있는 계단으로 내려가기만 하면 시장 광장이 나온다.","","False","SVM_4_KASERNE_2_MARKT","",""
"Scripts/Content/Story/SVM.d:976","Geh einfach die Treppe am Haupteingang rechts runter, dann kommst du zum Galgenplatz.","정문 오른쪽에 있는 계단으로 내려가기만 하면 교수대 광장이 나온다.","","False","SVM_4_KASERNE_2_GALGEN","",""
"Scripts/Content/Story/SVM.d:977","Geh von der Kaimauer aus die Hafenstraße hoch, dann kommst du in die Unterstadt.","부두 성벽에서 항구 도로를 따라 올라가면 하도시 구역이 나온다.","","False","SVM_4_HAFEN_2_UNTERSTADT","",""
"Scripts/Content/Story/SVM.d:979","Aaaaaargl!","크으으으윽!","","False","SVM_4_Dead","",""
"Scripts/Content/Story/SVM.d:980","Aargh","크윽","","False","SVM_4_Aargh_1","",""
"Scripts/Content/Story/SVM.d:981","Aargh","크윽","","False","SVM_4_Aargh_2","",""
"Scripts/Content/Story/SVM.d:982","Aargh","크윽","","False","SVM_4_Aargh_3","",""
"Scripts/Content/Story/SVM.d:986","Zieh dich erst mal anständig an, dann reden wir weiter.","일단 제대로 옷부터 갖춰 입고 오라고, 그러고 나서 얘기할 테니.","","False","SVM_4_Addon_WrongArmor","",""
"Scripts/Content/Story/SVM.d:987","Trag gefälligst deine Rüstung, wenn du mit mir reden willst.","나와 대화하고 싶다면 방어구를 제대로 입는 게 좋을 거야.","","False","SVM_4_ADDON_WRONGARMOR_SLD","",""
"Scripts/Content/Story/SVM.d:988","Hat man dir keine von unseren Rüstung gegeben? Dann besorg dir erst mal eine.","아무도 우리 방어구를 안 줬나? 그럼 먼저 하나 구해오라고.","","False","SVM_4_ADDON_WRONGARMOR_MIL","",""
"Scripts/Content/Story/SVM.d:989","Wo ist deine Robe? Zieh dich um. Vorher werde ich nicht mit dir reden.","네 로브는 어디 갔나? 갈아입고 와. 그러기 전엔 너와 말 섞지 않을 테니.","","False","SVM_4_ADDON_WRONGARMOR_KDF","",""
"Scripts/Content/Story/SVM.d:990","Was bist du denn für eine arme Sau? Komm wieder, wenn du dir eine Rüstung leisten kannst.","넌 어쩌다 그 모양 그 꼴이냐? 방어구 하나 살 여유도 생기면 그때 다시 와라.","","False","SVM_4_ADDON_ADDON_NOARMOR_BDT","",""
"Scripts/Content/Story/SVM.d:992","Noch ein Bandit!","또 다른 산적 놈이군!","","False","SVM_4_ADDON_DIEBANDIT","",""
"Scripts/Content/Story/SVM.d:993","Du dreckiger Pirat!","이 더러운 해적 자식!","","False","SVM_4_ADDON_DIRTYPIRATE","",""
"Scripts/Content/Story/SVM.d:999","Für den König!","왕을 위하여!","","False","SVM_5_MILGreetings","",""
"Scripts/Content/Story/SVM.d:1000","Für Innos!","이노스를 위하여!","","False","SVM_5_PALGreetings","",""
"Scripts/Content/Story/SVM.d:1001","So ein Mistwetter!","날씨 더럽게 궂네!","","False","SVM_5_Weather","",""
"Scripts/Content/Story/SVM.d:1003","Krieg' ich dich DOCH noch!","기어코 널 잡고야 마는구나!","","False","SVM_5_IGetYouStill","",""
"Scripts/Content/Story/SVM.d:1004","Jetzt bist du dran!","이제 끝이다!","","False","SVM_5_DieEnemy","",""
"Scripts/Content/Story/SVM.d:1005","Da ist wieder eins von diesen Drecksviechern!","또 저런 더러운 괴물 새끼가 나타났어!","","False","SVM_5_DieMonster","",""
"Scripts/Content/Story/SVM.d:1006","Na warte, du dreckiger Dieb!","어디 보자, 이 더러운 도둑 놈!","","False","SVM_5_DirtyThief","",""
"Scripts/Content/Story/SVM.d:1007","Finger weg da!","거기 손 떼라!","","False","SVM_5_HandsOff","",""
"Scripts/Content/Story/SVM.d:1008","Der Mistkerl schlachtet unsere Schafe!","저 자식이 우리 양들을 도살하고 있어!","","False","SVM_5_SheepKiller","",""
"Scripts/Content/Story/SVM.d:1009","Das verdammte Mistvieh frisst unsere Schafe!","저 저주받을 괴물 새끼가 우리 양들을 잡아먹잖아!","","False","SVM_5_SheepKillerMonster","",""
"Scripts/Content/Story/SVM.d:1010","Mörder!","살인마!","","False","SVM_5_YouMurderer","",""
"Scripts/Content/Story/SVM.d:1011","Hier kommen keine Viecher rein!","이 안에는 괴물 녀석들이 들어올 수 없다!","","False","SVM_5_DieStupidBeast","",""
"Scripts/Content/Story/SVM.d:1012","Na warte, du Mistkerl!","어디 보자, 이 개자식!","","False","SVM_5_YouDareHitMe","",""
"Scripts/Content/Story/SVM.d:1013","Du hast es so gewollt!","네가 자초한 일이다!","","False","SVM_5_YouAskedForIt","",""
"Scripts/Content/Story/SVM.d:1014","Dann muss ich dich eben rausPRÜGELN!","그럼 널 여기서 패서 쫓아내야겠군!","","False","SVM_5_ThenIBeatYouOutOfHere","",""
"Scripts/Content/Story/SVM.d:1015","Was hattest DU denn da drin zu suchen, he!?","네가 감히 그 안에서 뭘 하던 거냐, 어!?","","False","SVM_5_WhatDidYouDoInThere","",""
"Scripts/Content/Story/SVM.d:1016","Wollt ihr wohl damit aufhören!?","그 짓거리 당장 그만두지 못할까!?","","False","SVM_5_WillYouStopFighting","",""
"Scripts/Content/Story/SVM.d:1018","Stirb, Mistkerl!","죽어라, 개자식!","","False","SVM_5_KillEnemy","",""
"Scripts/Content/Story/SVM.d:1019","Das war's für dich, Penner.","딱 그 정도까지다, 하찮은 녀석.","","False","SVM_5_EnemyKilled","",""
"Scripts/Content/Story/SVM.d:1020","Ein Mistvieh weniger!","괴물 하나 줄었네!","","False","SVM_5_MonsterKilled","",""
"Scripts/Content/Story/SVM.d:1021","Versuch nie wieder, mich zu bestehlen!","다신 내 물건에 손댈 생각 마라!","","False","SVM_5_ThiefDown","",""
"Scripts/Content/Story/SVM.d:1022","Lass in Zukunft die Finger von Sachen, an denen du nichts zu suchen hast!","앞으로는 네가 상관할 바 아닌 것들에 손대지 마라!","","False","SVM_5_rumfummlerDown","",""
"Scripts/Content/Story/SVM.d:1023","Tu das nie wieder! Das sind unsere Schafe!","다신 그 짓거리 하지 마라! 그건 우리 양들이란 말이다!","","False","SVM_5_SheepAttackerDown","",""
"Scripts/Content/Story/SVM.d:1024","Stirb, Mörder!","죽어라, 살인마!","","False","SVM_5_KillMurderer","",""
"Scripts/Content/Story/SVM.d:1025","So ein saublödes Vieh!","구제불능인 멍청한 짐승 같으니!","","False","SVM_5_StupidBeastKilled","",""
"Scripts/Content/Story/SVM.d:1026","Leg dich nie wieder mit mir an!","다신 나한테 덤빌 생각 마라!","","False","SVM_5_NeverHitMeAgain","",""
"Scripts/Content/Story/SVM.d:1027","Du hättest auf mich hören sollen!","내 말 좀 들을 걸 그랬어!","","False","SVM_5_YouBetterShouldHaveListened","",""
"Scripts/Content/Story/SVM.d:1028","Und jetzt mach, dass du hier rauskommst!","당장 여기서 꺼져라!","","False","SVM_5_GetUpAndBeGone","",""
"Scripts/Content/Story/SVM.d:1029","Und dass ich dich nie wieder da drin erwische!","다신 그 안에서 기어 나오는 걸 들키기만 해봐!","","False","SVM_5_NeverEnterRoomAgain","",""
"Scripts/Content/Story/SVM.d:1030","Hier wird nicht gekämpft, klar!? Lass dir das eine Lehre sein!","여기서 싸움박질은 금지다, 알겠냐!? 톡톡히 본때를 보여주지!","","False","SVM_5_ThereIsNoFightingHere","",""
"Scripts/Content/Story/SVM.d:1032","Lass mich bloß in Ruhe!","제발 날 내버려둬!","","False","SVM_5_SpareMe","",""
"Scripts/Content/Story/SVM.d:1033","Scheiße! Nichts wie weg hier!","젠장! 여기서 당장 튀어야겠어!","","False","SVM_5_RunAway","",""
"Scripts/Content/Story/SVM.d:1035","ALARM!","비상이다!","","False","SVM_5_Alarm","",""
"Scripts/Content/Story/SVM.d:1036","WACHE!","경비병!","","False","SVM_5_Guards","",""
"Scripts/Content/Story/SVM.d:1037","Hilfe!","살려줘!","","False","SVM_5_Help","",""
"Scripts/Content/Story/SVM.d:1039","(ruft zu) Gut gemacht - ein Drecksvieh weniger!","(소리친다) 잘했다 - 더러운 괴물 녀석 하나 치웠군!","","False","SVM_5_GoodMonsterKill","",""
"Scripts/Content/Story/SVM.d:1040","(ruft) Ja, mach das Schwein fertig!","(외친다) 그래, 저 돼지 녀석을 해치워 버려!","","False","SVM_5_GoodKill","",""
"Scripts/Content/Story/SVM.d:1042","Lass mich in Ruhe!","날 내버려둬!","","False","SVM_5_NOTNOW","",""
"Scripts/Content/Story/SVM.d:1044","(ruft laut) Bleib stehen, du Lump!","(크게 외친다) 거기 꼼짝 마라, 이 건달 자식아!","","False","SVM_5_RunCoward","",""
"Scripts/Content/Story/SVM.d:1046","Raus hier!","당장 꺼져!","","False","SVM_5_GetOutOfHere","",""
"Scripts/Content/Story/SVM.d:1047","Was suchst du hier!? Geh!","여기서 뭘 찾는 거냐!? 꺼져!","","False","SVM_5_WhyAreYouInHere","",""
"Scripts/Content/Story/SVM.d:1048","Ja, mach, dass du wegkommst!","그래, 당장 썩 꺼지라고!","","False","SVM_5_YesGoOutOfHere","",""
"Scripts/Content/Story/SVM.d:1050","Hey du! Was schleichst denn du da rum?","이봐 너! 거긴 왜 기어 다니고 자빠졌어?","","False","SVM_5_WhatsThisSupposedToBe","",""
"Scripts/Content/Story/SVM.d:1051","(wacht auf) Verdammt, was ist los?","(잠에서 깨며) 젠장, 무슨 일이야?","","False","SVM_5_YouDisturbedMySlumber","",""
"Scripts/Content/Story/SVM.d:1053","Gold! Das ist schon mal meins ...","금이다! 이건 일단 내 차지로 하고...","","False","SVM_5_ITookYourGold","",""
"Scripts/Content/Story/SVM.d:1054","Du hast noch nicht mal Gold dabei?","가진 금 따위가 아예 없다고?","","False","SVM_5_ShitNoGold","",""
"Scripts/Content/Story/SVM.d:1055","Deine Waffe nehm ich mal lieber mit.","네 무기는 내가 안전하게 보관해 주마.","","False","SVM_5_ITakeYourWeapon","",""
"Scripts/Content/Story/SVM.d:1057","(warnt) Hey! Pass auf!","(경고하듯) 이봐! 조심하라고!","","False","SVM_5_WhatAreYouDoing","",""
"Scripts/Content/Story/SVM.d:1059","(aggressiv) Hast du immer noch nicht genug?!","(공격적으로) 아직도 정신을 못 차렸지?!","","False","SVM_5_LookingForTroubleAgain","",""
"Scripts/Content/Story/SVM.d:1060","Geh bloß weg mit deiner Magie!","그 흉측한 마법 따위 당장 집어치워!","","False","SVM_5_StopMagic","",""
"Scripts/Content/Story/SVM.d:1061","Weg mit der Magie! Hörst du schlecht!?","그 마법 당장 거두지 못해!? 귀가 먹었나!","","False","SVM_5_ISaidStopMagic","",""
"Scripts/Content/Story/SVM.d:1062","Weg mit der Waffe!","무기를 치워라!","","False","SVM_5_WeaponDown","",""
"Scripts/Content/Story/SVM.d:1063","Hörst du schlecht? Ich sagte: Weg mit der Waffe!","귀가 먹었나? 무기를 치우라고 했다!","","False","SVM_5_ISaidWeaponDown","",""
"Scripts/Content/Story/SVM.d:1064","Na bitte, geht doch!","그래, 그거야!","","False","SVM_5_WiseMove","",""
"Scripts/Content/Story/SVM.d:1066","(zu sich selbst) Darüber reden wir noch ...","(혼잣말) 이 얘기는 나중에 다시 하자...","","False","SVM_5_NextTimeYoureInForIt","",""
"Scripts/Content/Story/SVM.d:1067","(zu sich selbst) Oh, mein Schädel ...","(혼잣말) 오, 내 두개골이야...","","False","SVM_5_OhMyHead","",""
"Scripts/Content/Story/SVM.d:1069","(gierig) Jetzt geht's zur Sache!","(열광하며) 이제 본격적으로 시작해 볼까!","","False","SVM_5_TheresAFight","",""
"Scripts/Content/Story/SVM.d:1070","(bestürzt) Die hauen sich ja den Schädel ein ...","(경악하며) 저러다 서로 두개골이 박살 나겠는걸...","","False","SVM_5_OhMyGodItsAFight","",""
"Scripts/Content/Story/SVM.d:1071","(böse lachend) Das hat er verdient.","(사악하게 웃으며) 저 자식은 벌을 받아 마땅해.","","False","SVM_5_GoodVictory","",""
"Scripts/Content/Story/SVM.d:1072","(anerkennend) Gar nicht so übel ...","(인정하며) 나쁘지 않은데...","","False","SVM_5_NotBad","",""
"Scripts/Content/Story/SVM.d:1073","(zu sich selbst) Was für ein brutaler Kerl ...","(혼잣말) 저 잔인한 녀석 좀 봐...","","False","SVM_5_OhMyGodHesDown","",""
"Scripts/Content/Story/SVM.d:1074","Ja, so ist's gut!","그래, 바로 그거지!","","False","SVM_5_CheerFriend01","",""
"Scripts/Content/Story/SVM.d:1075","Na, mach schon!","자, 뭘 망설여!","","False","SVM_5_CheerFriend02","",""
"Scripts/Content/Story/SVM.d:1076","Immer feste drauf!","계속 몰아쳐!","","False","SVM_5_CheerFriend03","",""
"Scripts/Content/Story/SVM.d:1077","Lass dir nichts gefallen!","가만히 당하고만 있지 마!","","False","SVM_5_Ooh01","",""
"Scripts/Content/Story/SVM.d:1078","Den wirst du ja wohl schaffen!","그 정도도 처리 못 하겠어?","","False","SVM_5_Ooh02","",""
"Scripts/Content/Story/SVM.d:1079","Das gibt's doch gar nicht!","말도 안 돼!","","False","SVM_5_Ooh03","",""
"Scripts/Content/Story/SVM.d:1081","(zu sich selbst, wacht auf) Was WAR das!?","(혼잣말, 잠에서 깨며) 방금 그게 뭐지!?","","False","SVM_5_WhatWasThat","",""
"Scripts/Content/Story/SVM.d:1083","Raus aus meinem Bett!","내 침대에서 당장 꺼져!","","False","SVM_5_GetOutOfMyBed","",""
"Scripts/Content/Story/SVM.d:1084","(herzhaftes Gähnen)","(크게 하품한다)","","False","SVM_5_Awake","",""
"Scripts/Content/Story/SVM.d:1086","Ich hörte, du warst beim Kommandanten und hast die Sache wieder in Ordnung gebracht.","사령관을 찾아가 일을 바로잡았다는 소문이 들리더군.","","False","SVM_5_ABS_COMMANDER","",""
"Scripts/Content/Story/SVM.d:1087","Ich hörte, du warst bei Vater Parlan und hast Buße getan.","파를란 신부님을 찾아가 참회했다고 들었다.","","False","SVM_5_ABS_MONASTERY","",""
"Scripts/Content/Story/SVM.d:1088","Ich hörte, du warst bei Lee und hast die Sache wieder in Ordnung gebracht.","리에게 가서 일을 바로잡았다는 소문을 들었어.","","False","SVM_5_ABS_FARM","",""
"Scripts/Content/Story/SVM.d:1089","Das ist gut.","그거 잘됐군.","","False","SVM_5_ABS_GOOD","",""
"Scripts/Content/Story/SVM.d:1091","Einfach unsere Schafe zu schlachten! Mach, dass du hier wegkommst!","감히 우리 양들을 도축하다니! 당장 꺼지지 못해?","","False","SVM_5_SHEEPKILLER_CRIME","",""
"Scripts/Content/Story/SVM.d:1092","Mit miesen Schlägern rede ich nicht!","지저분한 폭도들과는 할 말 없다!","","False","SVM_5_ATTACK_CRIME","",""
"Scripts/Content/Story/SVM.d:1093","Geh mir aus den Augen, dreckiger Dieb!","내 눈앞에서 사라져라, 더러운 도둑 녀석!","","False","SVM_5_THEFT_CRIME","",""
"Scripts/Content/Story/SVM.d:1095","Du bist eine Schande für den Orden! Lord Hagen wird toben vor Wut!","너는 기사단의 수치다! 헤이건 경이 노발대발하시겠는걸!","","False","SVM_5_PAL_CITY_CRIME","",""
"Scripts/Content/Story/SVM.d:1096","Du bist eine Schande für die Stadtwache! Lord Andre wird dir das sicher austreiben!","너는 도시 경비병의 수치다! 안드레 님이 버릇을 단단히 고쳐놓으실 거야!","","False","SVM_5_MIL_CITY_CRIME","",""
"Scripts/Content/Story/SVM.d:1097","Lord Andre wird von deiner Tat erfahren!","네가 저지른 짓을 안드레 님도 알게 될 것이다!","","False","SVM_5_CITY_CRIME","",""
"Scripts/Content/Story/SVM.d:1099","Dein Frevel wird Vater Parlan sicherlich nicht erfreuen!","파를란 신부님께서 이 신성모독을 아시면 아주 분노하실 걸!","","False","SVM_5_MONA_CRIME","",""
"Scripts/Content/Story/SVM.d:1100","Lee wird dir die Hammelbeine lang ziehen! Wirst schon sehen, was du davon hast!","리가 가만두지 않을 거다! 꼴좋게 됐군그래!","","False","SVM_5_FARM_CRIME","",""
"Scripts/Content/Story/SVM.d:1101","Kommandant Garond wird dich zur Rechenschaft ziehen!","가론드 사령관님이 너를 문책하실 것이다!","","False","SVM_5_OC_CRIME","",""
"Scripts/Content/Story/SVM.d:1103","Ist ja schon gut, du hast gewonnen. Na, was willst du?","알았어, 알았어, 네가 이겼다. 그래, 원하는 게 뭐냐?","","False","SVM_5_TOUGHGUY_ATTACKLOST","",""
"Scripts/Content/Story/SVM.d:1104","(selbstgefällig) Muss ich dir noch mal zeigen, wer hier der Herr ist?","(거만하게) 진짜 임자가 누군지 다시 한번 보여줘야 정신을 차리겠나?","","False","SVM_5_TOUGHGUY_ATTACKWON","",""
"Scripts/Content/Story/SVM.d:1105","Willst du dich noch mal mit mir anlegen oder was?","나랑 한판 더 붙어보겠다는 거야?","","False","SVM_5_TOUGHGUY_PLAYERATTACK","",""
"Scripts/Content/Story/SVM.d:1107","1000 Goldstücke.","1000 골드.","","False","SVM_5_GOLD_1000","",""
"Scripts/Content/Story/SVM.d:1108","950 Goldstücke.","950 골드.","","False","SVM_5_GOLD_950","",""
"Scripts/Content/Story/SVM.d:1109","900 Goldstücke.","900 골드.","","False","SVM_5_GOLD_900","",""
"Scripts/Content/Story/SVM.d:1110","850 Goldstücke.","850 골드.","","False","SVM_5_GOLD_850","",""
"Scripts/Content/Story/SVM.d:1111","800 Goldstücke.","800 골드.","","False","SVM_5_GOLD_800","",""
"Scripts/Content/Story/SVM.d:1112","750 Goldstücke.","750 골드.","","False","SVM_5_GOLD_750","",""
"Scripts/Content/Story/SVM.d:1113","700 Goldstücke.","700 골드.","","False","SVM_5_GOLD_700","",""
"Scripts/Content/Story/SVM.d:1114","650 Goldstücke.","650 골드.","","False","SVM_5_GOLD_650","",""
"Scripts/Content/Story/SVM.d:1115","600 Goldstücke.","600 골드.","","False","SVM_5_GOLD_600","",""
"Scripts/Content/Story/SVM.d:1116","550 Goldstücke.","550 골드.","","False","SVM_5_GOLD_550","",""
"Scripts/Content/Story/SVM.d:1117","500 Goldstücke.","500 골드.","","False","SVM_5_GOLD_500","",""
"Scripts/Content/Story/SVM.d:1118","450 Goldstücke.","450 골드.","","False","SVM_5_GOLD_450","",""
"Scripts/Content/Story/SVM.d:1119","400 Goldstücke.","400 골드.","","False","SVM_5_GOLD_400","",""
"Scripts/Content/Story/SVM.d:1120","350 Goldstücke.","350 골드.","","False","SVM_5_GOLD_350","",""
"Scripts/Content/Story/SVM.d:1121","300 Goldstücke.","300 골드.","","False","SVM_5_GOLD_300","",""
"Scripts/Content/Story/SVM.d:1122","250 Goldstücke.","250 골드.","","False","SVM_5_GOLD_250","",""
"Scripts/Content/Story/SVM.d:1123","200 Goldstücke.","200 골드.","","False","SVM_5_GOLD_200","",""
"Scripts/Content/Story/SVM.d:1124","150 Goldstücke.","150 골드.","","False","SVM_5_GOLD_150","",""
"Scripts/Content/Story/SVM.d:1125","100 Goldstücke.","100 골드.","","False","SVM_5_GOLD_100","",""
"Scripts/Content/Story/SVM.d:1126","90 Goldstücke.","90 골드.","","False","SVM_5_GOLD_90","",""
"Scripts/Content/Story/SVM.d:1127","80 Goldstücke.","80 골드.","","False","SVM_5_GOLD_80","",""
"Scripts/Content/Story/SVM.d:1128","70 Goldstücke.","70 골드.","","False","SVM_5_GOLD_70","",""
"Scripts/Content/Story/SVM.d:1129","60 Goldstücke.","60 골드.","","False","SVM_5_GOLD_60","",""
"Scripts/Content/Story/SVM.d:1130","50 Goldstücke.","50 골드.","","False","SVM_5_GOLD_50","",""
"Scripts/Content/Story/SVM.d:1131","40 Goldstücke.","40 골드.","","False","SVM_5_GOLD_40","",""
"Scripts/Content/Story/SVM.d:1132","30 Goldstücke.","30 골드.","","False","SVM_5_GOLD_30","",""
"Scripts/Content/Story/SVM.d:1133","20 Goldstücke.","20 골드.","","False","SVM_5_GOLD_20","",""
"Scripts/Content/Story/SVM.d:1134","10 Goldstücke.","10 골드.","","False","SVM_5_GOLD_10","",""
"Scripts/Content/Story/SVM.d:1136","... glaubst du wirklich ...","...정말 그렇게 생각해...","","False","SVM_5_Smalltalk01","",""
"Scripts/Content/Story/SVM.d:1137","... möglich ist alles ...","...세상에 안 되는 게 어디 있어...","","False","SVM_5_Smalltalk02","",""
"Scripts/Content/Story/SVM.d:1138","... das hätte er doch besser wissen müssen ...","...그 자도 더 현명하게 대처했어야 했는데...","","False","SVM_5_Smalltalk03","",""
"Scripts/Content/Story/SVM.d:1139","... als wenn ich nicht schon genug Probleme hätte ...","...가만히 있어도 골치 아픈 일이 산더미인데...","","False","SVM_5_Smalltalk04","",""
"Scripts/Content/Story/SVM.d:1140","... wer erzählt denn so was ...","...그런 소문은 대체 누가 퍼뜨리는 거야...","","False","SVM_5_Smalltalk05","",""
"Scripts/Content/Story/SVM.d:1141","... das gibt doch nur noch mehr Ärger ...","...이러면 더 골치 아픈 일만 생길걸...","","False","SVM_5_Smalltalk06","",""
"Scripts/Content/Story/SVM.d:1142","... man erzählt sich ja so einiges ...","...요즘 온갖 소문이 다 돌더라고...","","False","SVM_5_Smalltalk07","",""
"Scripts/Content/Story/SVM.d:1143","... ich hätte das nicht gemacht ...","...나 같으면 그런 짓은 안 했을 텐데...","","False","SVM_5_Smalltalk08","",""
"Scripts/Content/Story/SVM.d:1144","... das sind doch alles nur Gerüchte ...","...다 근거 없는 소문일 뿐이야...","","False","SVM_5_Smalltalk09","",""
"Scripts/Content/Story/SVM.d:1145","... man muss eben aufpassen, was man so rumerzählt ...","...아무한테나 이런 이야기를 하면 안 된다니까...","","False","SVM_5_Smalltalk10","",""
"Scripts/Content/Story/SVM.d:1146","... das hätte ich dir vorher sagen können ...","...그럴 줄 내 이럴 줄 알았지...","","False","SVM_5_Smalltalk11","",""
"Scripts/Content/Story/SVM.d:1147","... mich fragt ja keiner ...","...나한테 물어보는 사람은 아무도 없지만...","","False","SVM_5_Smalltalk12","",""
"Scripts/Content/Story/SVM.d:1148","... der arme Kerl kann einem Leid tun ...","...저 불쌍한 녀석 참 안됐어...","","False","SVM_5_Smalltalk13","",""
"Scripts/Content/Story/SVM.d:1149","... das ist doch nichts Neues ...","...어제오늘 일도 아닌걸...","","False","SVM_5_Smalltalk14","",""
"Scripts/Content/Story/SVM.d:1150","... das liegt doch auf der Hand ...","...너무 뻔한 이야기잖아...","","False","SVM_5_Smalltalk15","",""
"Scripts/Content/Story/SVM.d:1151","... mich brauchst du das nicht zu fragen ...","...그런 건 나한테 물어볼 필요도 없어...","","False","SVM_5_Smalltalk16","",""
"Scripts/Content/Story/SVM.d:1152","... das kann ja nicht ewig so weitergehen ...","...언제까지나 이럴 순 없는 노릇이지...","","False","SVM_5_Smalltalk17","",""
"Scripts/Content/Story/SVM.d:1153","... meine Meinung kennst du ja schon ...","...내 생각은 너도 잘 알잖아...","","False","SVM_5_Smalltalk18","",""
"Scripts/Content/Story/SVM.d:1154","... genau das hab ich auch gesagt ...","...나도 방금 그 똑같은 말을 하려던 참이었어...","","False","SVM_5_Smalltalk19","",""
"Scripts/Content/Story/SVM.d:1155","... daran wird sich nie etwas ändern ...","...절대 변하지 않을 거야...","","False","SVM_5_Smalltalk20","",""
"Scripts/Content/Story/SVM.d:1156","... warum erfahre ich das erst jetzt ...","...왜 나만 이 소식을 이제야 안 거지...","","False","SVM_5_Smalltalk21","",""
"Scripts/Content/Story/SVM.d:1157","... lass uns erstmal abwarten, was daraus wird ...","...일단 어떻게 되는지 지켜보자고...","","False","SVM_5_Smalltalk22","",""
"Scripts/Content/Story/SVM.d:1158","... einige Probleme erledigen sich von selbst ...","...저절로 해결되는 문제도 있는 법이지...","","False","SVM_5_Smalltalk23","",""
"Scripts/Content/Story/SVM.d:1159","... ich kann das nicht mehr hören ...","...지긋지긋해서 더는 못 듣겠네...","","False","SVM_5_Smalltalk24","",""
"Scripts/Content/Story/SVM.d:1161","... der war doch sturzbetrunken ...","...제대로 곯아떨어졌더라고...","","False","SVM_5_Smalltalk25","",""
"Scripts/Content/Story/SVM.d:1162","... mit mir kann man so was nicht machen ...","...나를 이런 식으로 대하게 둘 수는 없지...","","False","SVM_5_Smalltalk26","",""
"Scripts/Content/Story/SVM.d:1163","... alle sind gerannt wie die Hasen, ich war ganz allein ...","...다들 토끼처럼 도망치고 나 혼자 남았었지방금...","","False","SVM_5_Smalltalk27","",""
"Scripts/Content/Story/SVM.d:1165","... so steht es in den heiligen Schriften ...","...신성한 문서에도 그렇게 적혀 있어...","","False","SVM_5_Smalltalk28","",""
"Scripts/Content/Story/SVM.d:1166","... ich handle stets in Innos Namen ...","...난 언제나 이노스의 이름으로 행동한다...","","False","SVM_5_Smalltalk29","",""
"Scripts/Content/Story/SVM.d:1167","... niemand darf gegen die göttliche Ordnung verstoßen ...","...그 누구도 신성한 질서를 거역해서는 안 돼...","","False","SVM_5_Smalltalk30","",""
"Scripts/Content/Story/SVM.d:1169","Komm wieder, wenn du mehr Erfahrung hast.","경험을 더 쌓고 오게.","","False","SVM_5_NoLearnNoPoints","",""
"Scripts/Content/Story/SVM.d:1170","Du verlangst mehr von mir, als ich dir beibringen kann.","내 가르침의 한계를 넘어서는 걸 요구하는군.","","False","SVM_5_NoLearnOverPersonalMAX","",""
"Scripts/Content/Story/SVM.d:1171","Ich kann dir nichts mehr beibringen. Du bist schon zu gut.","더는 가르쳐 줄 게 없네. 자네는 이미 너무 강해졌어.","","False","SVM_5_NoLearnYoureBetter","",""
"Scripts/Content/Story/SVM.d:1172","Siehst du, du bist schon besser geworden ...","보게나, 벌써 실력이 늘었잖아...","","False","SVM_5_YouLearnedSomething","",""
"Scripts/Content/Story/SVM.d:1174","Du bist jetzt in der Unterstadt.","지금은 하층시에 있네.","","False","SVM_5_UNTERSTADT","",""
"Scripts/Content/Story/SVM.d:1175","Du bist jetzt in der Oberstadt.","지금은 상층시에 있네.","","False","SVM_5_OBERSTADT","",""
"Scripts/Content/Story/SVM.d:1176","Du bist jetzt am Tempel.","지금은 신전에 있네.","","False","SVM_5_TEMPEL","",""
"Scripts/Content/Story/SVM.d:1177","Du bist jetzt am Marktplatz.","지금은 시장에 있네.","","False","SVM_5_MARKT","",""
"Scripts/Content/Story/SVM.d:1178","Du bist jetzt am Galgenplatz vor der Kaserne.","지금은 병영 앞 처형장 광장에 있네.","","False","SVM_5_GALGEN","",""
"Scripts/Content/Story/SVM.d:1179","Das hier ist die Kaserne.","여기가 병영이네.","","False","SVM_5_KASERNE","",""
"Scripts/Content/Story/SVM.d:1180","Du bist hier im Hafenviertel.","자네는 지금 항구 구역에 있네.","","False","SVM_5_HAFEN","",""
"Scripts/Content/Story/SVM.d:1182","Wo willst du hin?","어디로 가고 싶나?","","False","SVM_5_WHERETO","",""
"Scripts/Content/Story/SVM.d:1184","Geh von hier aus durch das innere Stadttor und du kommst in die Unterstadt.","여기서 안쪽 도시 문을 통과해 걸어가면 하층시가 나올 거야.","","False","SVM_5_OBERSTADT_2_UNTERSTADT","",""
"Scripts/Content/Story/SVM.d:1185","Am südlichen Stadttor gibt es eine Treppe, die zum inneren Stadttor hoch führt. Dort beginnt die Oberstadt.","남쪽 도시 문 근처에 안쪽 도시 문으로 이어지는 계단이 있어. 거기가 상층시의 시작이지.","","False","SVM_5_UNTERSTADT_2_OBERSTADT","",""
"Scripts/Content/Story/SVM.d:1186","Geh vom Schmied aus durch die Unterführung und du kommst zum Tempelplatz.","대장간에서 지하 통로를 지나가면 신전 광장으로 갈 수 있어.","","False","SVM_5_UNTERSTADT_2_TEMPEL","",""
"Scripts/Content/Story/SVM.d:1187","Geh vom Schmied aus die Hafenstraße runter, dann kommst du zum Hafen.","대장간에서 항구 길을 따라 내려가면 항구가 나올 거야.","","False","SVM_5_UNTERSTADT_2_HAFEN","",""
"Scripts/Content/Story/SVM.d:1188","Vom Tempelplatz aus gibt es eine Unterführung, die in die Unterstadt führt.","신전 광장에서 하층시로 통하는 지하 통로가 있어.","","False","SVM_5_TEMPEL_2_UNTERSTADT","",""
"Scripts/Content/Story/SVM.d:1189","Wenn du vor dem Tempel stehst, geh links hoch und an der Stadtmauer entlang, dann kommst du zum Markt.","신전 앞에 서서 왼쪽으로 올라간 뒤 성벽을 따라가면 시장이 나올 거야.","","False","SVM_5_TEMPEL_2_MARKT","",""
"Scripts/Content/Story/SVM.d:1190","Wenn du vom Tempel aus gesehen links an der Kneipe vorbei gehst, kommst du zum Galgenplatz.","신전 쪽에서 선술집을 끼고 왼쪽으로 지나가면 처형장 광장이 나와.","","False","SVM_5_TEMPEL_2_GALGEN","",""
"Scripts/Content/Story/SVM.d:1191","Wenn du vom Marktplatz aus an der hohen Stadtmauer entlang gehst, kommst du zum Tempel.","시장에서 높은 성벽을 따라 걸어가면 신전이 나올 거야.","","False","SVM_5_MARKT_2_TEMPEL","",""
"Scripts/Content/Story/SVM.d:1192","Die Kaserne ist das riesengroße Gebäude. Geh einfach die Treppen gegenüber dem Hotel rauf.","저 거대한 건물이 병영이야. 호텔 맞은편에 있는 계단으로 올라가기만 하면 돼.","","False","SVM_5_MARKT_2_KASERNE","",""
"Scripts/Content/Story/SVM.d:1193","Geh einfach an der großen Kaserne entlang und du kommst zum Galgenplatz.","커다란 병영을 따라 걸어가면 처형장 광장이 나올 거야.","","False","SVM_5_MARKT_2_GALGEN","",""
"Scripts/Content/Story/SVM.d:1194","Geh vom Galgenplatz aus die Gasse runter und du kommst zum Tempelplatz.","처형장 광장에서 골목길을 따라 내려가면 신전 광장이 나올 거야.","","False","SVM_5_GALGEN_2_TEMPEL","",""
"Scripts/Content/Story/SVM.d:1195","Geh einfach an der großen Kaserne entlang und du kommst zum Markt.","커다란 병영을 따라 걸어가면 시장이 나올 거야.","","False","SVM_5_GALGEN_2_MARKT","",""
"Scripts/Content/Story/SVM.d:1196","Die Kaserne ist das riesengroße Gebäude. Geh einfach die Treppen rauf.","저 거대한 건물이 병영이야. 그냥 계단으로 올라가면 돼.","","False","SVM_5_GALGEN_2_KASERNE","",""
"Scripts/Content/Story/SVM.d:1197","Geh einfach die Treppe am Haupteingang links runter, dann kommst du zum Marktplatz.","정문 왼쪽에 있는 계단으로 내려가면 시장이 나올 거야.","","False","SVM_5_KASERNE_2_MARKT","",""
"Scripts/Content/Story/SVM.d:1198","Geh einfach die Treppe am Haupteingang rechts runter, dann kommst du zum Galgenplatz.","정문 오른쪽에 있는 계단으로 내려가면 처형장 광장이 나올 거야.","","False","SVM_5_KASERNE_2_GALGEN","",""
"Scripts/Content/Story/SVM.d:1199","Geh von der Kaimauer aus die Hafenstraße hoch, dann kommst du in die Unterstadt.","방파제에서 항구 도로를 따라 올라가면 하층시가로 갈 수 있어.","","False","SVM_5_HAFEN_2_UNTERSTADT","",""
"Scripts/Content/Story/SVM.d:1201","Aaaaaargl!","크으으윽!","","False","SVM_5_Dead","",""
"Scripts/Content/Story/SVM.d:1202","Aargh","으윽","","False","SVM_5_Aargh_1","",""
"Scripts/Content/Story/SVM.d:1203","Aargh","크윽","","False","SVM_5_Aargh_2","",""
"Scripts/Content/Story/SVM.d:1204","Aargh","으아악","","False","SVM_5_Aargh_3","",""
"Scripts/Content/Story/SVM.d:1208","Zieh dir erst einmal was Passendes an.","먼저 어울리는 옷부터 입어.","","False","SVM_5_Addon_WrongArmor","",""
"Scripts/Content/Story/SVM.d:1209","Wie läufst du denn rum? Gehörst du nicht mehr zu uns? Dann will ich nichts mit dir zu tun haben.","그 꼴은 또 뭐야? 우리 편이 아니라는 건가? 그럼 너와는 상대하지 않겠어.","","False","SVM_5_ADDON_WRONGARMOR_SLD","",""
"Scripts/Content/Story/SVM.d:1210","Wir Soldaten kämpfen für den König, also trag gefälligst auch seine Rüstung.","우리 군인들은 국왕을 위해 싸운다. 그러니 당장 그의 방어구을 착용해라.","","False","SVM_5_ADDON_WRONGARMOR_MIL","",""
"Scripts/Content/Story/SVM.d:1211","Warum gibt dir der Orden Kleidung, wenn du sie nicht trägst? Denk mal darüber nach.","입지도 않을 거면서 교단에서 옷은 왜 준 거지? 잘 생각해 보라고.","","False","SVM_5_ADDON_WRONGARMOR_KDF","",""
"Scripts/Content/Story/SVM.d:1212","Was bist du denn für ein Würstchen? Du hast ja nicht mal 'ne Rüstung. Geh weg.","너 대체 뭐 하던 녀석이냐? 방어구조차 없잖아. 꺼져.","","False","SVM_5_ADDON_ADDON_NOARMOR_BDT","",""
"Scripts/Content/Story/SVM.d:1214","Ah, ein Bandit.","이런, 산적이잖아.","","False","SVM_5_ADDON_DIEBANDIT","",""
"Scripts/Content/Story/SVM.d:1215","Ich mach dich fertig, Pirat!","박살 내주마, 해적!","","False","SVM_5_ADDON_DIRTYPIRATE","",""
"Scripts/Content/Story/SVM.d:1221","Für den König!","국왕을 위하여!","","False","SVM_6_MILGreetings","",""
"Scripts/Content/Story/SVM.d:1222","Für Innos!","이노스를 위하여!","","False","SVM_6_PALGreetings","",""
"Scripts/Content/Story/SVM.d:1223","Sauwetter!","날씨 더럽게 궂네!","","False","SVM_6_Weather","",""
"Scripts/Content/Story/SVM.d:1225","Jetzt krieg ich dich!","이제 끝장이다!","","False","SVM_6_IGetYouStill","",""
"Scripts/Content/Story/SVM.d:1226","Du wärst besser nicht hier hergekommen!","여기에 오지 말았어야 했어!","","False","SVM_6_DieEnemy","",""
"Scripts/Content/Story/SVM.d:1227","Komm her, Mistvieh!","이리 와라, 몹쓸 짐승 녀석!","","False","SVM_6_DieMonster","",""
"Scripts/Content/Story/SVM.d:1228","Dreckiger Dieb! Na warte!","더러운 도둑 녀석! 두고 보자!","","False","SVM_6_DirtyThief","",""
"Scripts/Content/Story/SVM.d:1229","Nimm deine Pfoten da weg!","그 손 당장 치워!","","False","SVM_6_HandsOff","",""
"Scripts/Content/Story/SVM.d:1230","Lass unsere Schafe in Ruhe!","우리 양들을 내버려 둬!","","False","SVM_6_SheepKiller","",""
"Scripts/Content/Story/SVM.d:1231","Geh weg von unseren Schafen, du Mistvieh!","우리 양들한테서 떨어져라, 이 몹쓸 짐승아!","","False","SVM_6_SheepKillerMonster","",""
"Scripts/Content/Story/SVM.d:1232","Mörder!","살인마!","","False","SVM_6_YouMurderer","",""
"Scripts/Content/Story/SVM.d:1233","Hier kommen keine Viecher rein!","이곳에 짐승들은 얼씬도 못 한다!","","False","SVM_6_DieStupidBeast","",""
"Scripts/Content/Story/SVM.d:1234","Das wirst du bereuen!","후회하게 될 거다!","","False","SVM_6_YouDareHitMe","",""
"Scripts/Content/Story/SVM.d:1235","Ich hatte dich gewarnt!","경고했을 텐데!","","False","SVM_6_YouAskedForIt","",""
"Scripts/Content/Story/SVM.d:1236","Hey, RAUS!","야, 꺼져!","","False","SVM_6_ThenIBeatYouOutOfHere","",""
"Scripts/Content/Story/SVM.d:1237","Hey! Was wolltest du da drin?","야! 거기서 뭐 하는 짓이야?","","False","SVM_6_WhatDidYouDoInThere","",""
"Scripts/Content/Story/SVM.d:1238","Aufhören! Sofort!","그만해! 당장!","","False","SVM_6_WillYouStopFighting","",""
"Scripts/Content/Story/SVM.d:1240","Jetzt spieß ich dich auf, Mistkerl!","꼬챙이에 꿰어주마, 자식아!","","False","SVM_6_KillEnemy","",""
"Scripts/Content/Story/SVM.d:1241","Das war's für dich ...","오늘은 여기까지다...","","False","SVM_6_EnemyKilled","",""
"Scripts/Content/Story/SVM.d:1242","Ich hab's immer noch drauf!","내 실력은 아직 녹슬지 않았어!","","False","SVM_6_MonsterKilled","",""
"Scripts/Content/Story/SVM.d:1243","Ich warne dich! Versuch das nicht noch mal, du dreckiger Dieb!","경고했잖아! 다신 그런 짓 하지 마라, 더러운 도둑 녀석!","","False","SVM_6_ThiefDown","",""
"Scripts/Content/Story/SVM.d:1244","Vergreif dich nie wieder an Sachen, die dir nicht gehören!","앞으로 네 것이 아닌 물건에는 손대지 마라!","","False","SVM_6_rumfummlerDown","",""
"Scripts/Content/Story/SVM.d:1245","Und halt dich in Zukunft von unseren Schafen fern!","그리고 앞으로 우리 양들 근처에는 얼씬도 하지 마라!","","False","SVM_6_SheepAttackerDown","",""
"Scripts/Content/Story/SVM.d:1246","Stirb, Mörder!","죽어라, 살인마!","","False","SVM_6_KillMurderer","",""
"Scripts/Content/Story/SVM.d:1247","So ein saublödes Vieh!","구제 불능인 짐승 같으니라고!","","False","SVM_6_StupidBeastKilled","",""
"Scripts/Content/Story/SVM.d:1248","Wag es ja nie wieder, mich anzugreifen!","다시는 감히 나를 공격할 생각 마라!","","False","SVM_6_NeverHitMeAgain","",""
"Scripts/Content/Story/SVM.d:1249","Ich hatte dich gewarnt!","경고했을 텐데.","","False","SVM_6_YouBetterShouldHaveListened","",""
"Scripts/Content/Story/SVM.d:1250","Und jetzt raus mit dir!","이제 그만 꺼져!","","False","SVM_6_GetUpAndBeGone","",""
"Scripts/Content/Story/SVM.d:1251","Ich will dich nie wieder da drin sehen, klar?","다시는 그 안에 들어오는 거 보이지 마라, 알겠냐?","","False","SVM_6_NeverEnterRoomAgain","",""
"Scripts/Content/Story/SVM.d:1252","Hier wird nicht gekämpft, lass dir das eine Lehre sein.","여기서 싸움은 금지다. 뼈저리게 느끼게 해 주지.","","False","SVM_6_ThereIsNoFightingHere","",""
"Scripts/Content/Story/SVM.d:1254","Mach kein' Scheiß!","헛짓거리 마라!","","False","SVM_6_SpareMe","",""
"Scripts/Content/Story/SVM.d:1255","Ich hau ab!","난 튈란다!","","False","SVM_6_RunAway","",""
"Scripts/Content/Story/SVM.d:1257","ALARM!","비상사태다!","","False","SVM_6_Alarm","",""
"Scripts/Content/Story/SVM.d:1258","WACHE!","경비병!","","False","SVM_6_Guards","",""
"Scripts/Content/Story/SVM.d:1259","Hilfe!","살려줘!","","False","SVM_6_Help","",""
"Scripts/Content/Story/SVM.d:1261","(ruft zu) Gib den Viechern ordentlich Saures!","(외치며) 저 짐승 녀석들을 톡톡히 혼내줘!","","False","SVM_6_GoodMonsterKill","",""
"Scripts/Content/Story/SVM.d:1262","(ruft) Ja, gib's dem Mistkerl!","(외치며) 그래, 그 자식 혼쭐을 내줘!","","False","SVM_6_GoodKill","",""
"Scripts/Content/Story/SVM.d:1264","Lass mich in Ruhe!","귀찮게 하지 마!","","False","SVM_6_NOTNOW","",""
"Scripts/Content/Story/SVM.d:1266","(ruft laut) Ich krieg dich noch!","(큰소리로 외치며) 네 놈은 꼭 잡고 만다!","","False","SVM_6_RunCoward","",""
"Scripts/Content/Story/SVM.d:1268","Raus hier!","당장 꺼져!","","False","SVM_6_GetOutOfHere","",""
"Scripts/Content/Story/SVM.d:1269","Du hast hier nichts zu suchen!","여기에 있을 자격은 없다!","","False","SVM_6_WhyAreYouInHere","",""
"Scripts/Content/Story/SVM.d:1270","Ja, raus mit dir!","그래, 당장 꺼져!","","False","SVM_6_YesGoOutOfHere","",""
"Scripts/Content/Story/SVM.d:1272","Was soll das denn werden? Warum schleichst du hier rum?","이게 무슨 짓이지? 왜 여기서 얼쩡거리는 거냐?","","False","SVM_6_WhatsThisSupposedToBe","",""
"Scripts/Content/Story/SVM.d:1273","(wacht auf) Verdammt, was willst du?","(잠에서 깨며) 빌어먹을, 뭐 하는 짓이야?","","False","SVM_6_YouDisturbedMySlumber","",""
"Scripts/Content/Story/SVM.d:1275","Na, immerhin hast du wenigstens Gold dabei!","그래도 금은 좀 가지고 있네!","","False","SVM_6_ITookYourGold","",""
"Scripts/Content/Story/SVM.d:1276","Noch nicht mal Gold - hmpf.","금치고는 너무 적군 - 흠.","","False","SVM_6_ShitNoGold","",""
"Scripts/Content/Story/SVM.d:1277","Deine Waffe nehm ich mal mit.","네 무기는 좀 가져가야겠어.","","False","SVM_6_ITakeYourWeapon","",""
"Scripts/Content/Story/SVM.d:1279","(warnt) Junge! Mach das ja nicht noch mal!","(경고하며) 이놈! 다시는 그런 짓 하지 마라!","","False","SVM_6_WhatAreYouDoing","",""
"Scripts/Content/Story/SVM.d:1281","(agressiv) Brauchst du schon wieder Schläge?","(공격적으로) 또 한 대 맞고 싶어서 안달이 났냐?","","False","SVM_6_LookingForTroubleAgain","",""
"Scripts/Content/Story/SVM.d:1282","Weg mit der Magie!","마법 집어치워!","","False","SVM_6_StopMagic","",""
"Scripts/Content/Story/SVM.d:1283","Letzte Warnung! Weg mit der Magie!","마지막 경고다! 마법 집어치워!","","False","SVM_6_ISaidStopMagic","",""
"Scripts/Content/Story/SVM.d:1284","Weg mit der Waffe!","무기 내려놔!","","False","SVM_6_WeaponDown","",""
"Scripts/Content/Story/SVM.d:1285","Weg damit oder ich verpass dir eine!","당장 집어넣지 않으면 매를 볼 줄 알아라!","","False","SVM_6_ISaidWeaponDown","",""
"Scripts/Content/Story/SVM.d:1286","Du bist ja gar nicht so dumm, wie du aussiehst!","보기보다 그렇게 멍청하진 않나 보네!","","False","SVM_6_WiseMove","",""
"Scripts/Content/Story/SVM.d:1288","(zu sich selbst) Versuch das ja nicht noch mal ...","(혼잣말로) 다시는 그런 짓 하지 마라...","","False","SVM_6_NextTimeYoureInForIt","",""
"Scripts/Content/Story/SVM.d:1289","(zu sich selbst) Oh! Mein Schädel ...","(혼잣말로) 오오! 내 두개골이야...","","False","SVM_6_OhMyHead","",""
"Scripts/Content/Story/SVM.d:1291","(gierig) Jetzt wird's lustig ...","(탐욕스럽게) 이제부터 재밌어지겠는걸...","","False","SVM_6_TheresAFight","",""
"Scripts/Content/Story/SVM.d:1292","(bestürzt) Du meine Güte ...","(경악하며) 세상에나...","","False","SVM_6_OhMyGodItsAFight","",""
"Scripts/Content/Story/SVM.d:1293","(böse lachend) Das wird ihm eine Lehre sein ...","(사악하게 웃으며) 뼈저리게 느끼겠지...","","False","SVM_6_GoodVictory","",""
"Scripts/Content/Story/SVM.d:1294","(anerkennend) Der hat gesessen!","(인정하며) 제법인데!","","False","SVM_6_NotBad","",""
"Scripts/Content/Story/SVM.d:1295","(zu sich selbst) Brutaler Mistkerl!","(혼잣말로) 잔인한 녀석 같으니!","","False","SVM_6_OhMyGodHesDown","",""
"Scripts/Content/Story/SVM.d:1296","Hau drauf!","쳐버려!","","False","SVM_6_CheerFriend01","",""
"Scripts/Content/Story/SVM.d:1297","Hör nicht auf!","멈추지 마!","","False","SVM_6_CheerFriend02","",""
"Scripts/Content/Story/SVM.d:1298","Mach ihn fertig!","끝장내버려!","","False","SVM_6_CheerFriend03","",""
"Scripts/Content/Story/SVM.d:1299","Pass auf!","조심해!","","False","SVM_6_Ooh01","",""
"Scripts/Content/Story/SVM.d:1300","Parier doch!","받아쳐야지!","","False","SVM_6_Ooh02","",""
"Scripts/Content/Story/SVM.d:1301","Scheiße, das tat weh!","젠장, 아프잖아!","","False","SVM_6_Ooh03","",""
"Scripts/Content/Story/SVM.d:1303","(zu sich selbst, wacht auf) Was WAR das!?","(혼잣말로, 잠에서 깨며) 방금 뭐였지!?","","False","SVM_6_WhatWasThat","",""
"Scripts/Content/Story/SVM.d:1305","Raus aus meinem Bett!","내 침대에서 당장 꺼져!","","False","SVM_6_GetOutOfMyBed","",""
"Scripts/Content/Story/SVM.d:1306","(herzhaftes Gähnen)","(푸지게 하품을 한다)","","False","SVM_6_Awake","",""
"Scripts/Content/Story/SVM.d:1308","Der Kommandant hat also die Sache mit dir bereinigt.","지휘관이 너와 있었던 일을 잘 수습해 줬나 보군.","","False","SVM_6_ABS_COMMANDER","",""
"Scripts/Content/Story/SVM.d:1309","Vater Parlan hat dich von deiner Schuld befreit.","파를란 신부가 너의 죄를 사해 주었더군요.","","False","SVM_6_ABS_MONASTERY","",""
"Scripts/Content/Story/SVM.d:1310","Du warst also bei Lee und hast die Sache aus der Welt geschafft.","리에게 다녀와서 문제를 잘 해결했나 보네.","","False","SVM_6_ABS_FARM","",""
"Scripts/Content/Story/SVM.d:1311","Gut.","좋아.","","False","SVM_6_ABS_GOOD","",""
"Scripts/Content/Story/SVM.d:1313","Du vergreifst dich an Schafen? Ein wehrloseres Opfer konntest du wohl nicht finden?","양을 상대로 폭력을 휘두르다니? 너보다 더 저항력 없는 희생자는 못 찾겠더냐?","","False","SVM_6_SHEEPKILLER_CRIME","",""
"Scripts/Content/Story/SVM.d:1314","Mit üblen Schlägern will ich nichts zu tun haben!","악질적인 폭력배들과는 엮이고 싶지 않다!","","False","SVM_6_ATTACK_CRIME","",""
"Scripts/Content/Story/SVM.d:1315","Mit Dieben will ich nichts zu tun haben!","도둑놈들과는 상대 안 해!","","False","SVM_6_THEFT_CRIME","",""
"Scripts/Content/Story/SVM.d:1317","Du willst ein Paladin sein? Warte, was Lord Hagen dazu sagt!","네가 팔라딘이라고? 헤이건 경이 이 사실을 알면 어떻게 나올지 어디 보자!","","False","SVM_6_PAL_CITY_CRIME","",""
"Scripts/Content/Story/SVM.d:1318","Gehörst du wirklich zur Stadtwache? Lord Andre wird das nicht dulden!","정말로 도시 경비병 소속이 맞나? 안드레 경이 이 꼴을 가만히 두지 않을 거다!","","False","SVM_6_MIL_CITY_CRIME","",""
"Scripts/Content/Story/SVM.d:1319","Geh zu Lord Andre, solange du noch kannst.","늦기 전에 안드레 경에게 가봐라.","","False","SVM_6_CITY_CRIME","",""
"Scripts/Content/Story/SVM.d:1321","Geh zu Vater Parlan. Er wird dir eine Buße auferlegen!","파를란 신부에게 가거라. 그가 너의 죄를 씻어줄 것이다!","","False","SVM_6_MONA_CRIME","",""
"Scripts/Content/Story/SVM.d:1322","Lee wird davon erfahren und du wirst dafür zahlen müssen!","리가 이 사실을 알게 될 거다. 넌 그 대가를 치르게 될 거야!","","False","SVM_6_FARM_CRIME","",""
"Scripts/Content/Story/SVM.d:1323","Das wird Kommandant Garond gar nicht gefallen. Sprich mit ihm, bevor alles noch schlimmer wird!","가론드 지휘관이 이 사실을 알면 아주 불쾌해할 거다. 상황이 더 나빠지기 전에 그와 대화해라!","","False","SVM_6_OC_CRIME","",""
"Scripts/Content/Story/SVM.d:1325","Gut - du hast gewonnen. Was willst du?","좋아... 네가 이겼다. 원하는 게 뭐냐?","","False","SVM_6_TOUGHGUY_ATTACKLOST","",""
"Scripts/Content/Story/SVM.d:1326","(selbstgefällig) Ich denke, dir ist jetzt klar, wen du vor dir hast. Was willst du?","(거들먹거리며) 이제 네가 누구 앞에서 깝치는지 잘 알겠지. 원하는 게 뭐냐?","","False","SVM_6_TOUGHGUY_ATTACKWON","",""
"Scripts/Content/Story/SVM.d:1327","Du schon wieder? Willst du dich noch mal mit mir anlegen oder was?","너 또 이리 오냐? 나랑 또 한 판 붙기라도 하겠다는 거냐?","","False","SVM_6_TOUGHGUY_PLAYERATTACK","",""
"Scripts/Content/Story/SVM.d:1329","1000 Goldstücke.","1000개의 금화.","","False","SVM_6_GOLD_1000","",""
"Scripts/Content/Story/SVM.d:1330","950 Goldstücke.","950개의 금화.","","False","SVM_6_GOLD_950","",""
"Scripts/Content/Story/SVM.d:1331","900 Goldstücke.","900개의 금화.","","False","SVM_6_GOLD_900","",""
"Scripts/Content/Story/SVM.d:1332","850 Goldstücke.","850개의 금화.","","False","SVM_6_GOLD_850","",""
"Scripts/Content/Story/SVM.d:1333","800 Goldstücke.","800개의 금화.","","False","SVM_6_GOLD_800","",""
"Scripts/Content/Story/SVM.d:1334","750 Goldstücke.","750개의 금화.","","False","SVM_6_GOLD_750","",""
"Scripts/Content/Story/SVM.d:1335","700 Goldstücke.","700개의 금화.","","False","SVM_6_GOLD_700","",""
"Scripts/Content/Story/SVM.d:1336","650 Goldstücke.","650개의 금화.","","False","SVM_6_GOLD_650","",""
"Scripts/Content/Story/SVM.d:1337","600 Goldstücke.","600개의 금화.","","False","SVM_6_GOLD_600","",""
"Scripts/Content/Story/SVM.d:1338","550 Goldstücke.","550개의 금화.","","False","SVM_6_GOLD_550","",""
"Scripts/Content/Story/SVM.d:1339","500 Goldstücke.","500개의 금화.","","False","SVM_6_GOLD_500","",""
"Scripts/Content/Story/SVM.d:1340","450 Goldstücke.","450개의 금화.","","False","SVM_6_GOLD_450","",""
"Scripts/Content/Story/SVM.d:1341","400 Goldstücke.","400개의 금화.","","False","SVM_6_GOLD_400","",""
"Scripts/Content/Story/SVM.d:1342","350 Goldstücke.","350개의 금화.","","False","SVM_6_GOLD_350","",""
"Scripts/Content/Story/SVM.d:1343","300 Goldstücke.","300개의 금화.","","False","SVM_6_GOLD_300","",""
"Scripts/Content/Story/SVM.d:1344","250 Goldstücke.","250개의 금화.","","False","SVM_6_GOLD_250","",""
"Scripts/Content/Story/SVM.d:1345","200 Goldstücke.","200개의 금화.","","False","SVM_6_GOLD_200","",""
"Scripts/Content/Story/SVM.d:1346","150 Goldstücke.","150개의 금화.","","False","SVM_6_GOLD_150","",""
"Scripts/Content/Story/SVM.d:1347","100 Goldstücke.","100개의 금화.","","False","SVM_6_GOLD_100","",""
"Scripts/Content/Story/SVM.d:1348","90 Goldstücke.","90개의 금화.","","False","SVM_6_GOLD_90","",""
"Scripts/Content/Story/SVM.d:1349","80 Goldstücke.","80개의 금화.","","False","SVM_6_GOLD_80","",""
"Scripts/Content/Story/SVM.d:1350","70 Goldstücke.","70개의 금화.","","False","SVM_6_GOLD_70","",""
"Scripts/Content/Story/SVM.d:1351","60 Goldstücke.","60개의 금화.","","False","SVM_6_GOLD_60","",""
"Scripts/Content/Story/SVM.d:1352","50 Goldstücke.","50개의 금화.","","False","SVM_6_GOLD_50","",""
"Scripts/Content/Story/SVM.d:1353","40 Goldstücke.","40개의 금화.","","False","SVM_6_GOLD_40","",""
"Scripts/Content/Story/SVM.d:1354","30 Goldstücke.","30개의 금화.","","False","SVM_6_GOLD_30","",""
"Scripts/Content/Story/SVM.d:1355","20 Goldstücke.","20개의 금화.","","False","SVM_6_GOLD_20","",""
"Scripts/Content/Story/SVM.d:1356","10 Goldstücke.","10개의 금화.","","False","SVM_6_GOLD_10","",""
"Scripts/Content/Story/SVM.d:1358","... ich kann das nicht glauben ...","...믿을 수가 없군...","","False","SVM_6_Smalltalk01","",""
"Scripts/Content/Story/SVM.d:1359","... ich wär mir da nicht so sicher ...","...나 같으면 그렇게 장담 안 하겠는데...","","False","SVM_6_Smalltalk02","",""
"Scripts/Content/Story/SVM.d:1360","... das hat er doch vorher gewusst ...","...그럴 줄 이미 알고 있었던 거야...","","False","SVM_6_Smalltalk03","",""
"Scripts/Content/Story/SVM.d:1361","... ich weiß langsam nicht mehr, was ich glauben soll ...","...이제는 뭘 믿어야 할지 모르겠어...","","False","SVM_6_Smalltalk04","",""
"Scripts/Content/Story/SVM.d:1362","... ich weiß gar nicht, warum er sich so aufregt ...","...왜 저렇게 화를 내는지 모르겠단 말이지...","","False","SVM_6_Smalltalk05","",""
"Scripts/Content/Story/SVM.d:1363","... noch mehr Ärger kann ich nicht gebrauchen ...","...안 그래도 골치 아픈 일은 사절이야...","","False","SVM_6_Smalltalk06","",""
"Scripts/Content/Story/SVM.d:1364","... ich hab so einiges gehört ...","...이런저런 소문을 들었지...","","False","SVM_6_Smalltalk07","",""
"Scripts/Content/Story/SVM.d:1365","... davon lass ich lieber die Finger ...","...그런 건 관여하고 싶지 않아...","","False","SVM_6_Smalltalk08","",""
"Scripts/Content/Story/SVM.d:1366","... man darf halt nicht alles glauben, was man hört ...","...귀에 들리는 걸 다 곧이곧대로 믿으면 안 돼...","","False","SVM_6_Smalltalk09","",""
"Scripts/Content/Story/SVM.d:1367","... von mir hat er das nicht ...","...나한테 들은 얘긴 아닐걸...","","False","SVM_6_Smalltalk10","",""
"Scripts/Content/Story/SVM.d:1368","... ich habe mir das schon gedacht ...","...내 그럴 줄 알았지...","","False","SVM_6_Smalltalk11","",""
"Scripts/Content/Story/SVM.d:1369","... meine Meinung will ja keiner hören ...","...내 의견을 들어주는 사람은 아무도 없지...","","False","SVM_6_Smalltalk12","",""
"Scripts/Content/Story/SVM.d:1370","... das hat er wirklich nicht verdient ...","...그는 정말 그런 대우를 받을 사람이 아니야...","","False","SVM_6_Smalltalk13","",""
"Scripts/Content/Story/SVM.d:1371","... sag nicht, dass hast du nicht gewusst ...","...설마 몰랐다고는 하지 마...","","False","SVM_6_Smalltalk14","",""
"Scripts/Content/Story/SVM.d:1372","... das war doch klar ...","...뻔한 결과였어...","","False","SVM_6_Smalltalk15","",""
"Scripts/Content/Story/SVM.d:1373","... wo hast du das denn schon wieder her ...","...도대체 그런 소문은 어디서 주워듣는 거야...","","False","SVM_6_Smalltalk16","",""
"Scripts/Content/Story/SVM.d:1374","... das kann ja nicht ewig so weitergehen ...","...이런 식으로 영원히 계속될 순 없어...","","False","SVM_6_Smalltalk17","",""
"Scripts/Content/Story/SVM.d:1375","... ich hab da meine eigene Meinung ...","...나한테도 나름의 생각이 있다고...","","False","SVM_6_Smalltalk18","",""
"Scripts/Content/Story/SVM.d:1376","... es war genau so, wie du sagst ...","...네 말 그대로였어...","","False","SVM_6_Smalltalk19","",""
"Scripts/Content/Story/SVM.d:1377","... ich glaub nicht, dass sich daran was ändert ...","...이게 바뀔 거라고는 생각 안 해...","","False","SVM_6_Smalltalk20","",""
"Scripts/Content/Story/SVM.d:1378","... das höre ich zum ersten Mal ...","...그 소린 생판 처음 듣는데...","","False","SVM_6_Smalltalk21","",""
"Scripts/Content/Story/SVM.d:1379","... wir können nur abwarten ...","...우리로서는 기다려보는 수밖에...","","False","SVM_6_Smalltalk22","",""
"Scripts/Content/Story/SVM.d:1380","... die Probleme habe ich kommen sehen ...","...이럴 줄 알았다니까...","","False","SVM_6_Smalltalk23","",""
"Scripts/Content/Story/SVM.d:1381","... warum hört eigentlich keiner auf mich ...","...다들 왜 내 말은 안 듣는 거야...","","False","SVM_6_Smalltalk24","",""
"Scripts/Content/Story/SVM.d:1383","... der ist gerannt, als ob Beliar selbst hinter ihm her wäre ...","...벨리알 자신이 쫓아오기라도 하는 것처럼 달아나더군...","","False","SVM_6_Smalltalk25","",""
"Scripts/Content/Story/SVM.d:1384","... wir haben ihn natürlich doch noch gekriegt ...","...물론 결국엔 우리가 잡아냈지만...","","False","SVM_6_Smalltalk26","",""
"Scripts/Content/Story/SVM.d:1385","... da muss man mal ganz kräftig dazwischen hauen ...","...이럴 때는 확실하게 본때를 보여줘야 해...","","False","SVM_6_Smalltalk27","",""
"Scripts/Content/Story/SVM.d:1387","... einige wissen gar nicht, wie sehr sie sich versündigen ...","...자기가 얼마나 큰 죄를 짓고 있는지도 모르는 작자들이 있다니까...","","False","SVM_6_Smalltalk28","",""
"Scripts/Content/Story/SVM.d:1388","... denn so ist Innos' Wille ...","...그것이 이노스의 뜻이니까...","","False","SVM_6_Smalltalk29","",""
"Scripts/Content/Story/SVM.d:1389","... seine Taten waren gerecht ...","...그의 행동은 정당했어...","","False","SVM_6_Smalltalk30","",""
"Scripts/Content/Story/SVM.d:1391","Komm wieder, wenn du mehr Erfahrung hast.","경험을 더 쌓고 오게.","","False","SVM_6_NoLearnNoPoints","",""
"Scripts/Content/Story/SVM.d:1392","Du verlangst mehr von mir, als ich dir beibringen kann.","내가 가르쳐줄 수 있는 것보다 더 많은 걸 바라는군.","","False","SVM_6_NoLearnOverPersonalMAX","",""
"Scripts/Content/Story/SVM.d:1393","Ich kann dir nichts mehr beibringen. Du bist schon zu gut.","더 이상 가르쳐줄 게 없다. 넌 이미 너무 강해졌어.","","False","SVM_6_NoLearnYoureBetter","",""
"Scripts/Content/Story/SVM.d:1394","Siehst du, du bist schon besser geworden ...","보라고, 벌써 실력이 늘었잖나...","","False","SVM_6_YouLearnedSomething","",""
"Scripts/Content/Story/SVM.d:1396","Du bist jetzt in der Unterstadt.","지금 하시가에 있소.","","False","SVM_6_UNTERSTADT","",""
"Scripts/Content/Story/SVM.d:1397","Du bist jetzt in der Oberstadt.","지금 상시가에 있소.","","False","SVM_6_OBERSTADT","",""
"Scripts/Content/Story/SVM.d:1398","Du bist jetzt am Tempel.","지금 신전에 있소.","","False","SVM_6_TEMPEL","",""
"Scripts/Content/Story/SVM.d:1399","Du bist jetzt am Marktplatz.","지금 시장에 있소.","","False","SVM_6_MARKT","",""
"Scripts/Content/Story/SVM.d:1400","Du bist jetzt am Galgenplatz vor der Kaserne.","지금 병영 앞 교수대 광장에 있소.","","False","SVM_6_GALGEN","",""
"Scripts/Content/Story/SVM.d:1401","Das hier ist die Kaserne.","여기가 병영이오.","","False","SVM_6_KASERNE","",""
"Scripts/Content/Story/SVM.d:1402","Du bist hier im Hafenviertel.","지금 항구 구역에 있소.","","False","SVM_6_HAFEN","",""
"Scripts/Content/Story/SVM.d:1404","Wo willst du hin?","어디로 가고 싶나?","","False","SVM_6_WHERETO","",""
"Scripts/Content/Story/SVM.d:1406","Geh von hier aus durch das innere Stadttor und du kommst in die Unterstadt.","여기서 안쪽 성문을 통과하면 하시가로 갈 수 있소.","","False","SVM_6_OBERSTADT_2_UNTERSTADT","",""
"Scripts/Content/Story/SVM.d:1407","Am südlichen Stadttor gibt es eine Treppe die zum inneren Stadttor hoch führt. Dort beginnt die Oberstadt.","남쪽 성문 근처에 안쪽 성문으로 이어지는 계단이 있소. 거기가 상시가의 시작이오.","","False","SVM_6_UNTERSTADT_2_OBERSTADT","",""
"Scripts/Content/Story/SVM.d:1408","Geh vom Schmied aus durch die Unterführung und du kommst zum Tempelplatz.","대장간에서 지하도를 통과하면 신전 광장으로 갈 수 있소.","","False","SVM_6_UNTERSTADT_2_TEMPEL","",""
"Scripts/Content/Story/SVM.d:1409","Geh vom Schmied aus die Hafenstraße runter, dann kommst du zum Hafen.","대장간에서 항구 길을 따라 내려가면 항구가 나오오.","","False","SVM_6_UNTERSTADT_2_HAFEN","",""
"Scripts/Content/Story/SVM.d:1410","Vom Tempelplatz aus gibt es eine Unterführung, die in die Unterstadt führt.","신전 광장에서 하시가로 이어지는 지하도가 있소.","","False","SVM_6_TEMPEL_2_UNTERSTADT","",""
"Scripts/Content/Story/SVM.d:1411","Wenn du vorm Tempel stehst, geh links hoch und an der Stadtmauer entlang, dann kommst du zum Markt.","신전 앞에 서서 왼쪽 성벽을 따라 올라가면 시장이 나오오.","","False","SVM_6_TEMPEL_2_MARKT","",""
"Scripts/Content/Story/SVM.d:1412","Wenn du vom Tempel aus gesehen links an der Kneipe vorbei gehst, kommst du zum Galgenplatz.","신전 쪽을 바라보고 술집 왼쪽으로 지나가면 교수대 광장이 나오오.","","False","SVM_6_TEMPEL_2_GALGEN","",""
"Scripts/Content/Story/SVM.d:1413","Wenn du vom Marktplatz aus an der hohen Stadtmauer entlang gehst, kommst du zum Tempel.","시장에서 높은 성벽을 따라 걸어가면 신전이 나오오.","","False","SVM_6_MARKT_2_TEMPEL","",""
"Scripts/Content/Story/SVM.d:1414","Die Kaserne ist das riesengroße Gebäude. Geh einfach die Treppen gegenüber dem Hotel rauf.","병영은 저 커다란 건물이오. 여관 맞은편에 있는 계단으로 올라가기만 하면 되오.","","False","SVM_6_MARKT_2_KASERNE","",""
"Scripts/Content/Story/SVM.d:1415","Geh einfach an der großen Kaserne entlang und du kommst zum Galgenplatz.","커다란 병영을 따라 걸어가면 교수대 광장이 나오오.","","False","SVM_6_MARKT_2_GALGEN","",""
"Scripts/Content/Story/SVM.d:1416","Geh vom Galgenplatz aus die Gasse runter und du kommst zum Tempelplatz.","교수대 광장에서 골목길을 따라 내려가면 신전 광장이 나오오.","","False","SVM_6_GALGEN_2_TEMPEL","",""
"Scripts/Content/Story/SVM.d:1417","Geh einfach an der großen Kaserne entlang und du kommst zum Markt.","커다란 병영을 따라 걸어가면 시장이 나오오.","","False","SVM_6_GALGEN_2_MARKT","",""
"Scripts/Content/Story/SVM.d:1418","Die Kaserne ist das riesengroße Gebäude. Geh einfach die Treppen rauf.","병영은 저 커다란 건물이오. 그냥 계단으로 올라가면 되오.","","False","SVM_6_GALGEN_2_KASERNE","",""
"Scripts/Content/Story/SVM.d:1419","Geh einfach die Treppe am Haupteingang links runter, dann kommst du zum Marktplatz.","정문 왼쪽에 있는 계단으로 내려가면 시장이 나오오.","","False","SVM_6_KASERNE_2_MARKT","",""
"Scripts/Content/Story/SVM.d:1420","Geh einfach die Treppe am Haupteingang rechts runter, dann kommst du zum Galgenplatz.","정문 오른쪽에 있는 계단으로 내려가면 교수대 광장이 나오오.","","False","SVM_6_KASERNE_2_GALGEN","",""
"Scripts/Content/Story/SVM.d:1421","Geh von der Kaimauer aus die Hafenstraße hoch, dann kommst du in die Unterstadt.","안벽에서 항구 길을 따라 올라가면 하시가로 갈 수 있소.","","False","SVM_6_HAFEN_2_UNTERSTADT","",""
"Scripts/Content/Story/SVM.d:1423","Aaaaaargl!","크윽!","","False","SVM_6_Dead","",""
"Scripts/Content/Story/SVM.d:1424","Aargh","크으윽","","False","SVM_6_Aargh_1","",""
"Scripts/Content/Story/SVM.d:1425","Aargh","크으윽","","False","SVM_6_Aargh_2","",""
"Scripts/Content/Story/SVM.d:1426","Aargh","크으윽","","False","SVM_6_Aargh_3","",""
"Scripts/Content/Story/SVM.d:1430","In dem Aufzug machst du dich lächerlich. Zieh dir was Vernünftiges an.","그 꼴이 뭐냐, 우스꽝스럽기 짝이 없군. 제대로 된 옷이라도 입어라.","","False","SVM_6_Addon_WrongArmor","",""
"Scripts/Content/Story/SVM.d:1431","Denkst wohl, ich erkenn dich nicht. Verschwinde und zieh dich um.","내가 널 못 알아보겠나. 당장 꺼져서 옷 갈아입고 와.","","False","SVM_6_ADDON_WRONGARMOR_SLD","",""
"Scripts/Content/Story/SVM.d:1432","Soldat. Was ist das für Kleidung? Auf der Stelle umziehen!","병사여. 그 복장은 또 뭐냐? 당장 옷 갈아입어라!","","False","SVM_6_ADDON_WRONGARMOR_MIL","",""
"Scripts/Content/Story/SVM.d:1433","Ein Diener Innos' versteckt sich nicht. Geh und hole deine Robe.","이노스의 하인이 숨어 다녀서야 되겠나. 가서 로브를 가져오너라.","","False","SVM_6_ADDON_WRONGARMOR_KDF","",""
"Scripts/Content/Story/SVM.d:1434","Du läufst rum wie ein Buddler. Zieh dir erst mal was an.","광부처럼 쏘다니고 있군. 일단 뭐라도 좀 걸쳐라.","","False","SVM_6_ADDON_ADDON_NOARMOR_BDT","",""
"Scripts/Content/Story/SVM.d:1436","Du legst dich mit dem Falschen an, BANDIT!","상대를 잘못 골랐다, 산적 녀석!","","False","SVM_6_ADDON_DIEBANDIT","",""
"Scripts/Content/Story/SVM.d:1437","Zurück auf's Meer, PIRAT!","바다로 꺼져라, 해적 녀석!","","False","SVM_6_ADDON_DIRTYPIRATE","",""
"Scripts/Content/Story/SVM.d:1443","Für den König!","국왕 폐하를 위하여!","","False","SVM_7_MILGreetings","",""
"Scripts/Content/Story/SVM.d:1444","Für Innos!","이노스를 위하여!","","False","SVM_7_PALGreetings","",""
"Scripts/Content/Story/SVM.d:1445","Scheißwetter!","날씨 더럽네!","","False","SVM_7_Weather","",""
"Scripts/Content/Story/SVM.d:1447","DU schon wieder!","너 또 만났네!","","False","SVM_7_IGetYouStill","",""
"Scripts/Content/Story/SVM.d:1448","Ich mach dich fertig!","박살을 내주마!","","False","SVM_7_DieEnemy","",""
"Scripts/Content/Story/SVM.d:1449","Schon wieder eins von diesen Biestern!","또 이런 괴물 녀석이잖아!","","False","SVM_7_DieMonster","",""
"Scripts/Content/Story/SVM.d:1450","Du mieser kleiner Dieb!","이 쩨쩨한 좀도둑 녀석!","","False","SVM_7_DirtyThief","",""
"Scripts/Content/Story/SVM.d:1451","Nimm deine Finger weg da!","당장 손 안 떼?!","","False","SVM_7_HandsOff","",""
"Scripts/Content/Story/SVM.d:1452","Hey! Lass unsere Schafe in Ruhe!","야! 우리 양들 가만두지 못해!","","False","SVM_7_SheepKiller","",""
"Scripts/Content/Story/SVM.d:1453","Das Biest frisst unsere Schafe!","저 괴물이 우리 양을 잡아먹고 있잖아!","","False","SVM_7_SheepKillerMonster","",""
"Scripts/Content/Story/SVM.d:1454","Mörder!","살인자!","","False","SVM_7_YouMurderer","",""
"Scripts/Content/Story/SVM.d:1455","Was will DAS Vieh denn hier?","이 짐승 새끼가 여기서 뭐 하는 거야?","","False","SVM_7_DieStupidBeast","",""
"Scripts/Content/Story/SVM.d:1456","Jetzt kannst du was erleben!","쓴맛을 좀 봐야 정신을 차리겠구나!","","False","SVM_7_YouDareHitMe","",""
"Scripts/Content/Story/SVM.d:1457","Du hast es nicht anders gewollt!","자업자득이다!","","False","SVM_7_YouAskedForIt","",""
"Scripts/Content/Story/SVM.d:1458","Wer nicht hören will, muss fühlen.","말 안 듣는 녀석들은 몸으로 때워야지.","","False","SVM_7_ThenIBeatYouOutOfHere","",""
"Scripts/Content/Story/SVM.d:1459","Was wolltet du da drin, he!?","거기서 뭘 한 거냐, 하!","","False","SVM_7_WhatDidYouDoInThere","",""
"Scripts/Content/Story/SVM.d:1460","Wollt ihr wohl damit aufhören!?","그만들 못 해?!","","False","SVM_7_WillYouStopFighting","",""
"Scripts/Content/Story/SVM.d:1462","Stirb!","죽어라!","","False","SVM_7_KillEnemy","",""
"Scripts/Content/Story/SVM.d:1463","So ein dämlicher Mistkerl ...","구제 불능의 녀석 같으니...","","False","SVM_7_EnemyKilled","",""
"Scripts/Content/Story/SVM.d:1464","So, das war's mit dir, du Mistvieh!","좋다, 거기까지다 이 더러운 짐승 새끼!","","False","SVM_7_MonsterKilled","",""
"Scripts/Content/Story/SVM.d:1465","Lass in Zukunft die Finger von meinen Sachen, klar?","앞으로는 내 물건에 손대지 마, 알았어?","","False","SVM_7_ThiefDown","",""
"Scripts/Content/Story/SVM.d:1466","Behalt in Zukunft deine Finger bei dir!","앞으로는 손버릇 조심해!","","False","SVM_7_rumfummlerDown","",""
"Scripts/Content/Story/SVM.d:1467","Vergreif dich nie wieder an unseren Schafen!","다시는 우리 양들에게 손대지 마라!","","False","SVM_7_SheepAttackerDown","",""
"Scripts/Content/Story/SVM.d:1468","Stirb, Mörder!","죽어라, 살인자 녀석!","","False","SVM_7_KillMurderer","",""
"Scripts/Content/Story/SVM.d:1469","So ein saublödes Vieh!","구제 불능의 짐승 녀석 같으니!","","False","SVM_7_StupidBeastKilled","",""
"Scripts/Content/Story/SVM.d:1470","Versuch das nicht noch mal, Bürschchen!","한 번 더 이딴 짓 해봐라, 애송이!","","False","SVM_7_NeverHitMeAgain","",""
"Scripts/Content/Story/SVM.d:1471","Lass dir das eine Lehre sein,","이번 일로 톡톡히 교훈을 얻었겠지.","","False","SVM_7_YouBetterShouldHaveListened","",""
"Scripts/Content/Story/SVM.d:1472","Steh auf und mach, dass du hier rauskommst!","당장 일어나서 꺼져!","","False","SVM_7_GetUpAndBeGone","",""
"Scripts/Content/Story/SVM.d:1473","Ich will dich nie wieder da drinnen sehen, klar?","다시는 내 눈에 띄지 마, 알겠어?","","False","SVM_7_NeverEnterRoomAgain","",""
"Scripts/Content/Story/SVM.d:1474","Wenn hier einer Schläge verteilt, dann bin ich das, kapiert?","이 동네에서 주먹을 휘두를 수 있는 건 나뿐이다, 알겠냐?","","False","SVM_7_ThereIsNoFightingHere","",""
"Scripts/Content/Story/SVM.d:1476","Lass mich bloß in Ruhe!","제발 날 내버려둬!","","False","SVM_7_SpareMe","",""
"Scripts/Content/Story/SVM.d:1477","Scheiße! Nichts wie weg!","젠장! 살고 싶으면 튀어야지!","","False","SVM_7_RunAway","",""
"Scripts/Content/Story/SVM.d:1479","ALARM!","비상이다!","","False","SVM_7_Alarm","",""
"Scripts/Content/Story/SVM.d:1480","WACHE!","경비병!","","False","SVM_7_Guards","",""
"Scripts/Content/Story/SVM.d:1481","Hilfe!","살려줘!","","False","SVM_7_Help","",""
"Scripts/Content/Story/SVM.d:1483","(ruft zu) Ja! So muss man's den Biestern geben!","(소리치며) 그래! 저런 녀석들은 그렇게 혼내줘야지!","","False","SVM_7_GoodMonsterKill","",""
"Scripts/Content/Story/SVM.d:1484","(ruft) Das hat die Sau verdient!","(외치며) 딱 그 돼지 자식에게 어울리는 꼴이군!","","False","SVM_7_GoodKill","",""
"Scripts/Content/Story/SVM.d:1486","Lass mich in Ruhe!","귀찮게 하지 마!","","False","SVM_7_NOTNOW","",""
"Scripts/Content/Story/SVM.d:1488","(ruft laut) Wir sprechen uns noch!","(소리치며) 이대로 끝날 줄 알지!","","False","SVM_7_RunCoward","",""
"Scripts/Content/Story/SVM.d:1490","Raus!","꺼져!","","False","SVM_7_GetOutOfHere","",""
"Scripts/Content/Story/SVM.d:1491","Was hast du hier zu suchen?!","여기서 뭐 하는 짓이냐?!","","False","SVM_7_WhyAreYouInHere","",""
"Scripts/Content/Story/SVM.d:1492","Hau bloß ab!","당장 꺼져버려!","","False","SVM_7_YesGoOutOfHere","",""
"Scripts/Content/Story/SVM.d:1494","Was schleichst du denn da rum?","거기서 왜 얼쩡거리는 거냐?","","False","SVM_7_WhatsThisSupposedToBe","",""
"Scripts/Content/Story/SVM.d:1495","(wacht auf) Was ist los?","(잠에서 깨며) 무슨 일이야?","","False","SVM_7_YouDisturbedMySlumber","",""
"Scripts/Content/Story/SVM.d:1497","Danke für das Gold, du Held!","금화 고맙다, 영웅 양반!","","False","SVM_7_ITookYourGold","",""
"Scripts/Content/Story/SVM.d:1498","Du arme Wurst, hast ja nicht mal Gold dabei!","이 불쌍한 녀석, 금도 가지고 있지 않잖아!","","False","SVM_7_ShitNoGold","",""
"Scripts/Content/Story/SVM.d:1499","Die Waffe nehm ich mal besser an mich!","이 무기는 내가 가져가는 게 좋겠군!","","False","SVM_7_ITakeYourWeapon","",""
"Scripts/Content/Story/SVM.d:1501","(warnt) Pass auf! Noch mal und ich verpass dir eine.","(경고하며) 조심해! 한 번만 더 이러면 가만두지 않겠어.","","False","SVM_7_WhatAreYouDoing","",""
"Scripts/Content/Story/SVM.d:1503","(agressiv) Willst du noch mal was aufs Maul?","(공격적으로) 얼굴에 주먹 맛 좀 더 볼래?","","False","SVM_7_LookingForTroubleAgain","",""
"Scripts/Content/Story/SVM.d:1505","Hör auf mit dieser Magie-Scheiße!","그 빌어먹을 마법 짓거리 집치워!","","False","SVM_7_StopMagic","",""
"Scripts/Content/Story/SVM.d:1506","Willst du Schläge? Hör sofort damit auf!!!","매를 좀 벌어야겠어? 당장 그만두지 못해!!!","","False","SVM_7_ISaidStopMagic","",""
"Scripts/Content/Story/SVM.d:1507","Steck die Waffe weg!","무기를 집어넣어!","","False","SVM_7_WeaponDown","",""
"Scripts/Content/Story/SVM.d:1508","Steck endlich die Scheiß-Waffe weg!","그 빌어먹을 무기 당장 집어넣지 못해?!","","False","SVM_7_ISaidWeaponDown","",""
"Scripts/Content/Story/SVM.d:1509","Kluges Kerlchen!","영리한 녀석이군!","","False","SVM_7_WiseMove","",""
"Scripts/Content/Story/SVM.d:1511","(zu sich selbst) Das nächste Mal werden wir ja sehen ...","(혼잣말로) 다음 번엔 어떻게 되나 보자...","","False","SVM_7_NextTimeYoureInForIt","",""
"Scripts/Content/Story/SVM.d:1512","(zu sich selbst) Oh Mann, mein Kopf ...","(혼잣말로) 오 이런, 내 머리야...","","False","SVM_7_OhMyHead","",""
"Scripts/Content/Story/SVM.d:1514","(gierig) Ah, ein Kampf!","(열광하며) 아, 싸움이다!","","False","SVM_7_TheresAFight","",""
"Scripts/Content/Story/SVM.d:1515","(bestürzt) Mein Gott, ein Kampf!","(경악하며) 세상에, 싸움이잖아!","","False","SVM_7_OhMyGodItsAFight","",""
"Scripts/Content/Story/SVM.d:1516","(böse lachend) Dem hast du's gezeigt!","(사악하게 웃으며) 아주 톡톡히 본때를 보여줬군!","","False","SVM_7_GoodVictory","",""
"Scripts/Content/Story/SVM.d:1517","(anerkennend) Nicht schlecht ...","(인정하며) 나쁘지 않은데...","","False","SVM_7_NotBad","",""
"Scripts/Content/Story/SVM.d:1518","(zu sich selbst) Mein Gott! Wie brutal ...","(혼잣말로) 세상에! 정말 잔인하군...","","False","SVM_7_OhMyGodHesDown","",""
"Scripts/Content/Story/SVM.d:1519","Ja, gib's ihm!","그래, 녀석을 아주 작살내 버려!","","False","SVM_7_CheerFriend01","",""
"Scripts/Content/Story/SVM.d:1520","Zeig's ihm!","본때를 보여줘!","","False","SVM_7_CheerFriend02","",""
"Scripts/Content/Story/SVM.d:1521","Mach ihn fertig!","끝장내 버려!","","False","SVM_7_CheerFriend03","",""
"Scripts/Content/Story/SVM.d:1522","Wehr dich!","방어해!","","False","SVM_7_Ooh01","",""
"Scripts/Content/Story/SVM.d:1523","Schlag doch zurück!","반격하라고!","","False","SVM_7_Ooh02","",""
"Scripts/Content/Story/SVM.d:1524","Uh! Das tat weh!","으! 이거 아프겠는데!","","False","SVM_7_Ooh03","",""
"Scripts/Content/Story/SVM.d:1526","(zu sich selbst, wacht auf) Verdammt, Was WAR das!?","(혼잣말하며, 깨어난다) 젠장, 방금 그게 뭐야!?","","False","SVM_7_WhatWasThat","",""
"Scripts/Content/Story/SVM.d:1528","Raus aus meinem Bett!","내 침대에서 당장 꺼져!","","False","SVM_7_GetOutOfMyBed","",""
"Scripts/Content/Story/SVM.d:1529","(herzhaftes Gähnen)","(크게 하품한다)","","False","SVM_7_Awake","",""
"Scripts/Content/Story/SVM.d:1531","Der Kommandant hat also die Sache für dich in Ordnung gebracht.","지휘관이 네 일을 잘 해결해 줬나 보군.","","False","SVM_7_ABS_COMMANDER","",""
"Scripts/Content/Story/SVM.d:1532","Du hast also bei Vater Parlan für deine Taten gebüßt.","파를란 신부님 앞에서 네 죄에 대한 속죄를 치렀군.","","False","SVM_7_ABS_MONASTERY","",""
"Scripts/Content/Story/SVM.d:1533","Ich hörte, Lee hat's noch mal für dich hingebogen.","리 가 다시 네 일을 무마해 줬다는 소릴 들었어.","","False","SVM_7_ABS_FARM","",""
"Scripts/Content/Story/SVM.d:1534","Gut.","좋아.","","False","SVM_7_ABS_GOOD","",""
"Scripts/Content/Story/SVM.d:1536","Schafe schlachten ist das Letzte! Verschwinde!","양을 도축하다니 최악이군! 꺼져!","","False","SVM_7_SHEEPKILLER_CRIME","",""
"Scripts/Content/Story/SVM.d:1537","Du bist ein Schläger - hau ab!","넌 폭력배야 - 꺼져!","","False","SVM_7_ATTACK_CRIME","",""
"Scripts/Content/Story/SVM.d:1538","Verfluchter Dieb! - Für dich habe ich nichts mehr übrig!","저주받은 도둑놈! - 너한테는 더 이상 참아줄 것 없어!","","False","SVM_7_THEFT_CRIME","",""
"Scripts/Content/Story/SVM.d:1540","Von einem Paladin hätte ich mehr erwartet! Lord Hagen wird nicht erfreut sein.","팔라딘이라면 이보다 나을 줄 알았는데! 헤이건 경께서 기뻐하지 않으시겠군.","","False","SVM_7_PAL_CITY_CRIME","",""
"Scripts/Content/Story/SVM.d:1541","Dass so einer wie du überhaupt bei der Stadtwache ist! Lord Andre wird dich dafür zahlen lassen!","너 같은 자가 어떻게 도시 경비병이 된 거지! 안드레 님께서 네게 대가를 치르게 하실 거다!","","False","SVM_7_MIL_CITY_CRIME","",""
"Scripts/Content/Story/SVM.d:1542","Lord Andre wird von deinem Verhalten erfahren!","안드레 님께서 네 행동을 알게 되실 거다!","","False","SVM_7_CITY_CRIME","",""
"Scripts/Content/Story/SVM.d:1544","Vater Parlan wird erzürnt sein über deinen Frevel!","파를란 신부님께서 네 불경스러운 짓에 분노하실 것이다!","","False","SVM_7_MONA_CRIME","",""
"Scripts/Content/Story/SVM.d:1545","Damit wird Lee dich nicht davonkommen lassen!","리 가 이번 일은 그냥 넘어가 주지 않을 걸!","","False","SVM_7_FARM_CRIME","",""
"Scripts/Content/Story/SVM.d:1546","Das wird Kommandant Garond nicht gerne hören - dafür musst du zahlen!","가론드 지휘관님이 이 소식을 들으면 좋아하지 않으실 거다 - 넌 그 대가를 치러야 할 거야!","","False","SVM_7_OC_CRIME","",""
"Scripts/Content/Story/SVM.d:1548","Du hast ja 'nen ganz schönen Schlag drauf ... Was willst du?","제법 한 가닥 하는군... 원 게 뭐야?","","False","SVM_7_TOUGHGUY_ATTACKLOST","",""
"Scripts/Content/Story/SVM.d:1549","(selbstgefällig) Noch Fragen?","(거들먹거리며) 질문이라도 있나?","","False","SVM_7_TOUGHGUY_ATTACKWON","",""
"Scripts/Content/Story/SVM.d:1550","Da bist du ja wieder!","거기 또 나타났군!","","False","SVM_7_TOUGHGUY_PLAYERATTACK","",""
"Scripts/Content/Story/SVM.d:1552","1000 Goldstücke.","1000 개의 금화.","","False","SVM_7_GOLD_1000","",""
"Scripts/Content/Story/SVM.d:1553","950 Goldstücke.","950 개의 금화.","","False","SVM_7_GOLD_950","",""
"Scripts/Content/Story/SVM.d:1554","900 Goldstücke.","900 개의 금화.","","False","SVM_7_GOLD_900","",""
"Scripts/Content/Story/SVM.d:1555","850 Goldstücke.","850 개의 금화.","","False","SVM_7_GOLD_850","",""
"Scripts/Content/Story/SVM.d:1556","800 Goldstücke.","800 개의 금화.","","False","SVM_7_GOLD_800","",""
"Scripts/Content/Story/SVM.d:1557","750 Goldstücke.","750 개의 금화.","","False","SVM_7_GOLD_750","",""
"Scripts/Content/Story/SVM.d:1558","700 Goldstücke.","700 개의 금화.","","False","SVM_7_GOLD_700","",""
"Scripts/Content/Story/SVM.d:1559","650 Goldstücke.","650 개의 금화.","","False","SVM_7_GOLD_650","",""
"Scripts/Content/Story/SVM.d:1560","600 Goldstücke.","600 개의 금화.","","False","SVM_7_GOLD_600","",""
"Scripts/Content/Story/SVM.d:1561","550 Goldstücke.","550 개의 금화.","","False","SVM_7_GOLD_550","",""
"Scripts/Content/Story/SVM.d:1562","500 Goldstücke.","500 개의 금화.","","False","SVM_7_GOLD_500","",""
"Scripts/Content/Story/SVM.d:1563","450 Goldstücke.","450 개의 금화.","","False","SVM_7_GOLD_450","",""
"Scripts/Content/Story/SVM.d:1564","400 Goldstücke.","400 개의 금화.","","False","SVM_7_GOLD_400","",""
"Scripts/Content/Story/SVM.d:1565","350 Goldstücke.","350 개의 금화.","","False","SVM_7_GOLD_350","",""
"Scripts/Content/Story/SVM.d:1566","300 Goldstücke.","300 개의 금화.","","False","SVM_7_GOLD_300","",""
"Scripts/Content/Story/SVM.d:1567","250 Goldstücke.","250 개의 금화.","","False","SVM_7_GOLD_250","",""
"Scripts/Content/Story/SVM.d:1568","200 Goldstücke.","200 개의 금화.","","False","SVM_7_GOLD_200","",""
"Scripts/Content/Story/SVM.d:1569","150 Goldstücke.","150 개의 금화.","","False","SVM_7_GOLD_150","",""
"Scripts/Content/Story/SVM.d:1570","100 Goldstücke.","100 개의 금화.","","False","SVM_7_GOLD_100","",""
"Scripts/Content/Story/SVM.d:1571","90 Goldstücke.","90 개의 금화.","","False","SVM_7_GOLD_90","",""
"Scripts/Content/Story/SVM.d:1572","80 Goldstücke.","80 개의 금화.","","False","SVM_7_GOLD_80","",""
"Scripts/Content/Story/SVM.d:1573","70 Goldstücke.","70 개의 금화.","","False","SVM_7_GOLD_70","",""
"Scripts/Content/Story/SVM.d:1574","60 Goldstücke.","60 개의 금화.","","False","SVM_7_GOLD_60","",""
"Scripts/Content/Story/SVM.d:1575","50 Goldstücke.","50 개의 금화.","","False","SVM_7_GOLD_50","",""
"Scripts/Content/Story/SVM.d:1576","40 Goldstücke.","40 개의 금화.","","False","SVM_7_GOLD_40","",""
"Scripts/Content/Story/SVM.d:1577","30 Goldstücke.","30 개의 금화.","","False","SVM_7_GOLD_30","",""
"Scripts/Content/Story/SVM.d:1578","20 Goldstücke.","20 개의 금화.","","False","SVM_7_GOLD_20","",""
"Scripts/Content/Story/SVM.d:1579","10 Goldstücke.","10 개의 금화.","","False","SVM_7_GOLD_10","",""
"Scripts/Content/Story/SVM.d:1581","... ist das wirklich wahr ...","...그게 정말 사실인가...","","False","SVM_7_Smalltalk01","",""
"Scripts/Content/Story/SVM.d:1582","... ich hab was Anderes gehört ...","...난 다른 소릴 들었는데...","","False","SVM_7_Smalltalk02","",""
"Scripts/Content/Story/SVM.d:1583","... sag mir nicht, du hast das nicht gewusst ...","...설마 그것도 몰랐다고 하진 않겠지...","","False","SVM_7_Smalltalk03","",""
"Scripts/Content/Story/SVM.d:1584","... man weiß gar nicht mehr, wem man noch glauben kann ...","...이제 누구를 믿어야 할지조차 모르겠어...","","False","SVM_7_Smalltalk04","",""
"Scripts/Content/Story/SVM.d:1585","... das ist doch alles nur Gerede ...","...결국 다 뜬소문일 뿐이야...","","False","SVM_7_Smalltalk05","",""
"Scripts/Content/Story/SVM.d:1586","... meinst du, mir geht es besser ...","...나라고 뭐 별수 있겠어...","","False","SVM_7_Smalltalk06","",""
"Scripts/Content/Story/SVM.d:1587","... ich wunder mich über gar nichts mehr ...","...이제 웬만한 일엔 놀라지도 않아...","","False","SVM_7_Smalltalk07","",""
"Scripts/Content/Story/SVM.d:1588","... das ist wirklich nicht mein Problem ...","...그건 정말 내 문제가 아니거든...","","False","SVM_7_Smalltalk08","",""
"Scripts/Content/Story/SVM.d:1589","... glaubst du wirklich daran ...","...정말로 그걸 믿는 거야...","","False","SVM_7_Smalltalk09","",""
"Scripts/Content/Story/SVM.d:1590","... von mir erfährt keiner was ...","...내 입에서는 아무것도 새어나가지 않아...","","False","SVM_7_Smalltalk10","",""
"Scripts/Content/Story/SVM.d:1591","... das war doch schon vorher klar ...","...그야 애초에 뻔한 일이었지...","","False","SVM_7_Smalltalk11","",""
"Scripts/Content/Story/SVM.d:1592","... er hat auf die falsche Leute gehört ...","...그 녀석이 잘못된 사람들의 말에 귀를 기울였어...","","False","SVM_7_Smalltalk12","",""
"Scripts/Content/Story/SVM.d:1593","... wenn er das nicht sieht, kann ich ihm auch nicht mehr helfen ...","...그것도 모른다면 나도 더는 도와줄 수 없어...","","False","SVM_7_Smalltalk13","",""
"Scripts/Content/Story/SVM.d:1594","... ich erzähl dir doch nichts Neues ...","...새삼스러울 것도 없는 얘기잖아...","","False","SVM_7_Smalltalk14","",""
"Scripts/Content/Story/SVM.d:1595","... von selbst ist er da nicht drauf gekommen ...","...제 힘으로 알아낸 건 아닐걸...","","False","SVM_7_Smalltalk15","",""
"Scripts/Content/Story/SVM.d:1596","... das ist doch lange bekannt ...","...그건 이미 오래전부터 알려진 일이야...","","False","SVM_7_Smalltalk16","",""
"Scripts/Content/Story/SVM.d:1597","... das ist ne schlimme Sache ...","...이거 참 골치 아프게 됐어...","","False","SVM_7_Smalltalk17","",""
"Scripts/Content/Story/SVM.d:1598","... ich hätte das anders gemacht ...","...나였다면 다르게 처리했을 텐데...","","False","SVM_7_Smalltalk18","",""
"Scripts/Content/Story/SVM.d:1599","... ich bin ganz deiner Meinung ...","...나도 전적으로 동감이야...","","False","SVM_7_Smalltalk19","",""
"Scripts/Content/Story/SVM.d:1600","... wird sich das jemals ändern ...","...언젠가는 바뀌기나 할까...","","False","SVM_7_Smalltalk20","",""
"Scripts/Content/Story/SVM.d:1601","... das habe ich noch gar nicht gewusst ...","...난 그치 전혀 몰랐어...","","False","SVM_7_Smalltalk21","",""
"Scripts/Content/Story/SVM.d:1602","... da kannst du eh nichts dran ändern ...","...어차피 네가 바꿀 수 있는 건 없어...","","False","SVM_7_Smalltalk22","",""
"Scripts/Content/Story/SVM.d:1603","... das wundert mich nicht ...","...놀랍지도 않군...","","False","SVM_7_Smalltalk23","",""
"Scripts/Content/Story/SVM.d:1604","... er musste es ja besser wissen ...","...자기야 잘 알 줄 알았겠지 뭐...","","False","SVM_7_Smalltalk24","",""
"Scripts/Content/Story/SVM.d:1606","... es kommt nur auf die Kraft an, also komm mir nicht so ...","...결국 힘이 장사지, 그러니 나한테 너무 그러지 마...","","False","SVM_7_Smalltalk25","",""
"Scripts/Content/Story/SVM.d:1607","... er weiß ja nicht mal, wie er ein Schwert hält ...","...검을 어떻게 쥐는지도 모르는 걸...","","False","SVM_7_Smalltalk26","",""
"Scripts/Content/Story/SVM.d:1608","... ja, das hat er wirklich behauptet ...","...그래, 그 녀석이 정말 그렇게 말했어...","","False","SVM_7_Smalltalk27","",""
"Scripts/Content/Story/SVM.d:1610","... jemand wird dafür büßen müssen ...","...누군가는 그 대가를 치르게 될 거야...","","False","SVM_7_Smalltalk28","",""
"Scripts/Content/Story/SVM.d:1611","... Innos leuchtet all denen, die seine Weisheit erkennen ...","...이노스께서는 그분의 지혜를 아는 자들을 모두 비추시지...","","False","SVM_7_Smalltalk29","",""
"Scripts/Content/Story/SVM.d:1612","... letztendlich wird die Gerechtigkeit siegen ...","...결국에는 정의가 승리할 거야...","","False","SVM_7_Smalltalk30","",""
"Scripts/Content/Story/SVM.d:1614","Komm wieder, wenn du mehr Erfahrung hast.","경험을 더 쌓고 오게.","","False","SVM_7_NoLearnNoPoints","",""
"Scripts/Content/Story/SVM.d:1615","Du verlangst mehr von mir, als ich dir beibringen kann.","내가 가르쳐 줄 수 있는 것보다 더 많은 것을 바라고 있군.","","False","SVM_7_NoLearnOverPersonalMAX","",""
"Scripts/Content/Story/SVM.d:1616","Ich kann dir nichts mehr beibringen. Du bist schon zu gut.","더는 가르쳐 줄 게 없네. 넌 이미 너무 강해.","","False","SVM_7_NoLearnYoureBetter","",""
"Scripts/Content/Story/SVM.d:1617","Siehst du, du bist schon besser geworden ...","보라고, 실력이 제법 늘었잖아...","","False","SVM_7_YouLearnedSomething","",""
"Scripts/Content/Story/SVM.d:1619","Du bist jetzt in der Unterstadt.","너는 지금 하층 구역에 있다.","","False","SVM_7_UNTERSTADT","",""
"Scripts/Content/Story/SVM.d:1620","Du bist jetzt in der Oberstadt.","너는 지금 상층 구역에 있다.","","False","SVM_7_OBERSTADT","",""
"Scripts/Content/Story/SVM.d:1621","Du bist jetzt am Tempel.","너는 지금 신전에 있다.","","False","SVM_7_TEMPEL","",""
"Scripts/Content/Story/SVM.d:1622","Du bist jetzt am Marktplatz.","너는 지금 시장 광장에 있다.","","False","SVM_7_MARKT","",""
"Scripts/Content/Story/SVM.d:1623","Du bist jetzt am Galgenplatz vor der Kaserne.","너는 지금 병영 앞의 교수대 광장에 있다.","","False","SVM_7_GALGEN","",""
"Scripts/Content/Story/SVM.d:1624","Das hier ist die Kaserne.","여기는 병영이다.","","False","SVM_7_KASERNE","",""
"Scripts/Content/Story/SVM.d:1625","Du bist hier im Hafenviertel.","너는 지금 항구 구역에 있다.","","False","SVM_7_HAFEN","",""
"Scripts/Content/Story/SVM.d:1627","Wo willst du hin?","어디로 가고 싶은가?","","False","SVM_7_WHERETO","",""
"Scripts/Content/Story/SVM.d:1629","Geh von hier aus durch das innere Stadttor und du kommst in die Unterstadt.","여기서 안쪽 도시 문을 통과해 가면 하층 구역이 나온다.","","False","SVM_7_OBERSTADT_2_UNTERSTADT","",""
"Scripts/Content/Story/SVM.d:1630","Am südlichen Stadttor gibt es eine Treppe, die zum inneren Stadttor hoch führt. Dort beginnt die Oberstadt.","남쪽 도시 문 근처에 안쪽 도시 문으로 이어지는 계단이 있다. 그곳이 상층 구역의 시작이지.","","False","SVM_7_UNTERSTADT_2_OBERSTADT","",""
"Scripts/Content/Story/SVM.d:1631","Geh vom Schmied aus durch die Unterführung und du kommst zum Tempelplatz.","대장간에서 지하도를 통해 가면 신전 광장이 나온다.","","False","SVM_7_UNTERSTADT_2_TEMPEL","",""
"Scripts/Content/Story/SVM.d:1632","Geh vom Schmied aus die Hafenstraße runter, dann kommst du zum Hafen.","대장간에서 항구 도로를 따라 내려가면 항구가 나온다.","","False","SVM_7_UNTERSTADT_2_HAFEN","",""
"Scripts/Content/Story/SVM.d:1633","Vom Tempelplatz aus gibt es eine Unterführung, die in die Unterstadt führt.","신전 광장에서 하층 구역으로 통하는 지하도가 있다.","","False","SVM_7_TEMPEL_2_UNTERSTADT","",""
"Scripts/Content/Story/SVM.d:1634","Wenn du vorm Tempel stehst, geh links hoch und an der Stadtmauer entlang, dann kommst du zum Markt.","신전 앞에 서서 왼쪽으로 올라가 성벽을 따라가면 시장이 나온다.","","False","SVM_7_TEMPEL_2_MARKT","",""
"Scripts/Content/Story/SVM.d:1635","Wenn du vom Tempel aus gesehen links an der Kneipe vorbei gehst, kommst du zum Galgenplatz.","신전 쪽에서 선술집 왼쪽을 지나가면 교수대 광장이 나온다.","","False","SVM_7_TEMPEL_2_GALGEN","",""
"Scripts/Content/Story/SVM.d:1636","Wenn du vom Marktplatz aus an der hohen Stadtmauer entlang gehst, kommst du zum Tempel.","시장 광장에서 높은 성벽을 따라 걸어가면 신전이 나온다.","","False","SVM_7_MARKT_2_TEMPEL","",""
"Scripts/Content/Story/SVM.d:1637","Die Kaserne ist das riesengroße Gebäude. Geh einfach die Treppen gegenüber dem Hotel rauf.","병영은 그 커다란 건물이다. 호텔 맞은편에 있는 계단으로 올라가기만 하면 된다.","","False","SVM_7_MARKT_2_KASERNE","",""
"Scripts/Content/Story/SVM.d:1638","Geh einfach an der großen Kaserne entlang und du kommst zum Galgenplatz.","큰 병영을 지나치면 교수대 광장으로 갈 수 있어.","","False","SVM_7_MARKT_2_GALGEN","",""
"Scripts/Content/Story/SVM.d:1639","Geh vom Galgenplatz aus die Gasse runter und du kommst zum Tempelplatz.","교수대 광장에서 골목을 따라 내려가면 신전 광장이 나온다.","","False","SVM_7_GALGEN_2_TEMPEL","",""
"Scripts/Content/Story/SVM.d:1640","Geh einfach an der großen Kaserne entlang und du kommst zum Markt.","큰 병영을 지나치면 시장으로 갈 수 있어.","","False","SVM_7_GALGEN_2_MARKT","",""
"Scripts/Content/Story/SVM.d:1641","Die Kaserne ist das riesengroße Gebäude. Geh einfach die Treppen rauf.","병영은 그 커다란 건물이야. 그냥 계단으로 올라가면 돼.","","False","SVM_7_GALGEN_2_KASERNE","",""
"Scripts/Content/Story/SVM.d:1642","Geh einfach die Treppe am Haupteingang links runter, dann kommst du zum Marktplatz.","정문 왼쪽에 있는 계단으로 내려가면 시장으로 갈 수 있어.","","False","SVM_7_KASERNE_2_MARKT","",""
"Scripts/Content/Story/SVM.d:1643","Geh einfach die Treppe am Haupteingang rechts runter, dann kommst du zum Galgenplatz.","정문 오른쪽에 있는 계단으로 내려가면 교수대 광장으로 갈 수 있어.","","False","SVM_7_KASERNE_2_GALGEN","",""
"Scripts/Content/Story/SVM.d:1644","Geh von der Kaimauer aus die Hafenstraße hoch, dann kommst du in die Unterstadt.","안벽에서 부두 길을 따라 올라가면 하층시가로 갈 수 있어.","","False","SVM_7_HAFEN_2_UNTERSTADT","",""
"Scripts/Content/Story/SVM.d:1646","Aaaaaargl!","아아아아아윽!","","False","SVM_7_Dead","",""
"Scripts/Content/Story/SVM.d:1647","Aargh","으윽","","False","SVM_7_Aargh_1","",""
"Scripts/Content/Story/SVM.d:1648","Aargh","으윽","","False","SVM_7_Aargh_2","",""
"Scripts/Content/Story/SVM.d:1649","Aargh","으윽","","False","SVM_7_Aargh_3","",""
"Scripts/Content/Story/SVM.d:1653","Warum die Verkleidung? So rede ich nicht mit dir.","그 꼴은 또 뭐지? 그런 식으로는 너와 얘기 안 해.","","False","SVM_7_Addon_WrongArmor","",""
"Scripts/Content/Story/SVM.d:1654","Wie läufst du denn hier rum? Trage gefälligst unsere Rüstung.","여기서 그게 무슨 짓이야? 제발 우리 방어구를 착용하라고.","","False","SVM_7_ADDON_WRONGARMOR_SLD","",""
"Scripts/Content/Story/SVM.d:1655","Das ist ein Verstoß gegen die Kleiderordnung der Armee. Zieh dich auf der Stelle um.","군대 복장 규정 위반이다. 당장 옷을 갈아입어라.","","False","SVM_7_ADDON_WRONGARMOR_MIL","",""
"Scripts/Content/Story/SVM.d:1656","Du solltest besser deine Robe tragen. Bis dahin werde ich schweigen und für dich beten.","네 로브를 입는 게 좋을 거다. 그때까지는 아무 말도 하지 않고 너를 위해 기도해 주마.","","False","SVM_7_ADDON_WRONGARMOR_KDF","",""
"Scripts/Content/Story/SVM.d:1657","Was willst du? Du gehörst nicht zu uns. Du trägst ja nicht mal unsere Rüstung.","원하는 게 뭐지? 넌 우리 동료가 아니야. 심지어 우리 방어구조차 입고 있지 않잖아.","","False","SVM_7_ADDON_ADDON_NOARMOR_BDT","",""
"Scripts/Content/Story/SVM.d:1659","Stirb, du elender Bandit.","죽어라, 비열한 산적 녀석.","","False","SVM_7_ADDON_DIEBANDIT","",""
"Scripts/Content/Story/SVM.d:1660","Stirb, du elender Pirat.","죽어라, 뻔뻔한 해적 녀석.","","False","SVM_7_ADDON_DIRTYPIRATE","",""
"Scripts/Content/Story/SVM.d:1666","Für den König!","국왕 폐하를 위하여!","","False","SVM_8_MILGreetings","",""
"Scripts/Content/Story/SVM.d:1667","Für Innos!","이노스를 위하여!","","False","SVM_8_PALGreetings","",""
"Scripts/Content/Story/SVM.d:1668","So ein Mistwetter!","날씨 참 더럽네!","","False","SVM_8_Weather","",""
"Scripts/Content/Story/SVM.d:1670","Jetzt krieg ich dich aber!","드디어 잡았다!","","False","SVM_8_IGetYouStill","",""
"Scripts/Content/Story/SVM.d:1671","Ich mach dich fertig!","가만두지 않겠다!","","False","SVM_8_DieEnemy","",""
"Scripts/Content/Story/SVM.d:1672","Da ist wieder eins von diesen Drecksviechern!","저 더러운 괴물 녀석이 또 나타났잖아!","","False","SVM_8_DieMonster","",""
"Scripts/Content/Story/SVM.d:1673","Na warte, du dreckiger Dieb!","거기 서라, 더러운 도둑 녀석!","","False","SVM_8_DirtyThief","",""
"Scripts/Content/Story/SVM.d:1674","Finger weg da!","손 안 대지 못해!","","False","SVM_8_HandsOff","",""
"Scripts/Content/Story/SVM.d:1675","Der Mistkerl schlachtet unsere Schafe!","저 자식이 우리 양들을 도살하고 있어!","","False","SVM_8_SheepKiller","",""
"Scripts/Content/Story/SVM.d:1676","Das verdammte Mistvieh frisst unsere Schafe!","저 저주받을 짐승이 우리 양을 잡아먹고 있잖아!","","False","SVM_8_SheepKillerMonster","",""
"Scripts/Content/Story/SVM.d:1677","Mörder!","살인마!","","False","SVM_8_YouMurderer","",""
"Scripts/Content/Story/SVM.d:1678","Hier kommen keine Viecher rein!","여기에 짐승이 들어올 곳은 없다!","","False","SVM_8_DieStupidBeast","",""
"Scripts/Content/Story/SVM.d:1679","Na warte, du Mistkerl!","어디 보자, 이 자식아!","","False","SVM_8_YouDareHitMe","",""
"Scripts/Content/Story/SVM.d:1680","Du hast es so gewollt!","네가 자초한 일이다!","","False","SVM_8_YouAskedForIt","",""
"Scripts/Content/Story/SVM.d:1681","Du willst nicht gehen? Na gut!","나갈 생각이 없다고? 좋지!","","False","SVM_8_ThenIBeatYouOutOfHere","",""
"Scripts/Content/Story/SVM.d:1682","Was hattest du da drin zu suchen?","거기서 뭘 하던 참이었지?","","False","SVM_8_WhatDidYouDoInThere","",""
"Scripts/Content/Story/SVM.d:1683","Wollt ihr wohl damit aufhören!?","그 짓거리 당장 그만두지 못해!?","","False","SVM_8_WillYouStopFighting","",""
"Scripts/Content/Story/SVM.d:1685","Stirb, Mistkerl!","죽어라, 자식아!","","False","SVM_8_KillEnemy","",""
"Scripts/Content/Story/SVM.d:1686","Das hast du verdient, Mistkerl!","딱한 녀석, 그 꼴을 당해도 싸지!","","False","SVM_8_EnemyKilled","",""
"Scripts/Content/Story/SVM.d:1687","Ein Mistvieh weniger!","괴물 하나 줄었네!","","False","SVM_8_MonsterKilled","",""
"Scripts/Content/Story/SVM.d:1688","Versuch nie wieder, mich zu bestehlen!","다시는 내 물건을 훔칠 생각 마라!","","False","SVM_8_ThiefDown","",""
"Scripts/Content/Story/SVM.d:1689","Lass in Zukunft die Finger von Sachen, an denen du nichts zu suchen hast!","앞으로는 네가 상관할 일에 손대지 마라!","","False","SVM_8_rumfummlerDown","",""
"Scripts/Content/Story/SVM.d:1690","Tu das nie wieder! Das sind unsere Schafe!","다시는 그런 짓 하지 마! 우리 양들이란 말이야!","","False","SVM_8_SheepAttackerDown","",""
"Scripts/Content/Story/SVM.d:1691","Stirb, Mörder!","죽어라, 살인마!","","False","SVM_8_KillMurderer","",""
"Scripts/Content/Story/SVM.d:1692","So ein saublödes Vieh!","구제불능인 짐승 같이라고니!","","False","SVM_8_StupidBeastKilled","",""
"Scripts/Content/Story/SVM.d:1693","Leg dich nie wieder mit mir an!","다시는 나한테 덤빌 생각 마라!","","False","SVM_8_NeverHitMeAgain","",""
"Scripts/Content/Story/SVM.d:1694","Du hättest auf mich hören sollen!","내 말 좀 들을 걸 그랬어!","","False","SVM_8_YouBetterShouldHaveListened","",""
"Scripts/Content/Story/SVM.d:1695","Und jetzt sieh zu, dass du hier verschwindest!","당장 여기서 꺼져!","","False","SVM_8_GetUpAndBeGone","",""
"Scripts/Content/Story/SVM.d:1696","Und lass dich ja nie wieder da drinnen erwischen!","그리고 다시는 그 안에서 얼쩡거리지 마!","","False","SVM_8_NeverEnterRoomAgain","",""
"Scripts/Content/Story/SVM.d:1697","Hier wird nicht gekämpft, klar!? Lass dir das eine Lehre sein!","여기서 싸움은 안 된다, 알겠어!? 본보기인 줄 알아라!","","False","SVM_8_ThereIsNoFightingHere","",""
"Scripts/Content/Story/SVM.d:1699","Tu mir nichts!","살려 줘!","","False","SVM_8_SpareMe","",""
"Scripts/Content/Story/SVM.d:1700","Ach du Scheiße!","이런 젠장!","","False","SVM_8_RunAway","",""
"Scripts/Content/Story/SVM.d:1702","ALARM!","경보!","","False","SVM_8_Alarm","",""
"Scripts/Content/Story/SVM.d:1703","WACHE!","경비병!","","False","SVM_8_Guards","",""
"Scripts/Content/Story/SVM.d:1704","Hilfe!","살려 줘!","","False","SVM_8_Help","",""
"Scripts/Content/Story/SVM.d:1706","(ruft zu) Gut gemacht - ein Drecksvieh weniger!","(외치며) 잘했다 — 더러운 짐승 하나 줄었군!","","False","SVM_8_GoodMonsterKill","",""
"Scripts/Content/Story/SVM.d:1707","(ruft) Ja, mach das Schwein fertig!","(외치며) 그래, 그 돼지 녀석을 해치워 버려!","","False","SVM_8_GoodKill","",""
"Scripts/Content/Story/SVM.d:1709","Lass mich in Ruhe!","내버려 둬!","","False","SVM_8_NOTNOW","",""
"Scripts/Content/Story/SVM.d:1711","(ruft laut) Ja! Renn, so schnell du kannst!","(큰소리로 외치며) 그래! 할 수 있는 한 빨리 뛰어라!","","False","SVM_8_RunCoward","",""
"Scripts/Content/Story/SVM.d:1713","Raus hier!","당장 꺼져!","","False","SVM_8_GetOutOfHere","",""
"Scripts/Content/Story/SVM.d:1714","Was suchst du hier!? Geh!","여기서 뭘 찾는 거지!? 꺼져!","","False","SVM_8_WhyAreYouInHere","",""
"Scripts/Content/Story/SVM.d:1715","Ja, mach, dass du wegkommst!","그래, 당장 사라져 버려!","","False","SVM_8_YesGoOutOfHere","",""
"Scripts/Content/Story/SVM.d:1717","Hey du! Was schleichst du da rum?","어이, 너! 거기서 뭘 어슬렁거리는 거야?","","False","SVM_8_WhatsThisSupposedToBe","",""
"Scripts/Content/Story/SVM.d:1718","(wacht auf) Verdammt, was ist los?","(깨어나며) 젠장, 무슨 일이야?","","False","SVM_8_YouDisturbedMySlumber","",""
"Scripts/Content/Story/SVM.d:1720","Danke für das Gold, du Held!","금 잘 쓰마, 용사 양반!","","False","SVM_8_ITookYourGold","",""
"Scripts/Content/Story/SVM.d:1721","Du arme Wurst, hast ja nicht mal Gold dabei!","이 불쌍한 녀석, 가진 금조차 없잖아!","","False","SVM_8_ShitNoGold","",""
"Scripts/Content/Story/SVM.d:1722","Die Waffe nehm ich mal besser an mich!","이 무기는 내가 챙기는 게 좋겠군!","","False","SVM_8_ITakeYourWeapon","",""
"Scripts/Content/Story/SVM.d:1724","(warnt) Pass auf! Noch mal und ich verpass dir eine.","(경고하며) 조심해! 한 번만 더 그랬다간 한 대 칠 테니까.","","False","SVM_8_WhatAreYouDoing","",""
"Scripts/Content/Story/SVM.d:1726","Hast du immer noch nicht genug?!","아직도 정신을 못 차렸나?","","False","SVM_8_LookingForTroubleAgain","",""
"Scripts/Content/Story/SVM.d:1727","Hör auf mit dieser Magie-Scheiße!","그 빌어먹을 마법 짓거리는 집어치워!","","False","SVM_8_StopMagic","",""
"Scripts/Content/Story/SVM.d:1728","Willst du Schläge? Hör sofort auf damit!!!","매를 맞고 싶나? 당장 그만두지 못해!!!","","False","SVM_8_ISaidStopMagic","",""
"Scripts/Content/Story/SVM.d:1729","Steck die Waffe weg!","무기를 집어넣어라!","","False","SVM_8_WeaponDown","",""
"Scripts/Content/Story/SVM.d:1730","Steck endlich die Scheißwaffe weg!","그 빌어먹을 무기 당장 집어넣지 못해?!","","False","SVM_8_ISaidWeaponDown","",""
"Scripts/Content/Story/SVM.d:1731","Kluges Kerlchen!","영리한 녀석 같으니!","","False","SVM_8_WiseMove","",""
"Scripts/Content/Story/SVM.d:1733","(zu sich selbst) Das nächste Mal werden wir ja sehen ...","(혼잣말로) 다음 번에는 가만두지 않겠어...","","False","SVM_8_NextTimeYoureInForIt","",""
"Scripts/Content/Story/SVM.d:1734","(zu sich selbst) Oh Mann, mein Kopf ...","(혼잣말로) 아이고 내 머리야...","","False","SVM_8_OhMyHead","",""
"Scripts/Content/Story/SVM.d:1736","(gierig) Ah, ein Kampf!","(열광하며) 오호, 싸움인가!","","False","SVM_8_TheresAFight","",""
"Scripts/Content/Story/SVM.d:1737","(bestürzt) Mein Gott, ein Kampf!","(당황하며) 아이고 맙소사, 싸움이잖아!","","False","SVM_8_OhMyGodItsAFight","",""
"Scripts/Content/Story/SVM.d:1738","(böse lachend) Dem hast du's gezeigt!","(사악하게 웃으며) 아주 혼을 내줬군!","","False","SVM_8_GoodVictory","",""
"Scripts/Content/Story/SVM.d:1739","(anerkennend) Nicht schlecht ...","(인정하며) 나쁘지 않은데...","","False","SVM_8_NotBad","",""
"Scripts/Content/Story/SVM.d:1740","(zu sich selbst) Mein Gott! Wie brutal ...","(혼잣말로) 맙소사! 너무 잔인하잖아...","","False","SVM_8_OhMyGodHesDown","",""
"Scripts/Content/Story/SVM.d:1741","Schlag zu!","쳐라!","","False","SVM_8_CheerFriend01","",""
"Scripts/Content/Story/SVM.d:1742","Gib alles!","모조리 쏟아부어!","","False","SVM_8_CheerFriend02","",""
"Scripts/Content/Story/SVM.d:1743","Zeig's ihm!","본때를 보여줘!","","False","SVM_8_CheerFriend03","",""
"Scripts/Content/Story/SVM.d:1744","Bleib dran!","버텨내!","","False","SVM_8_Ooh01","",""
"Scripts/Content/Story/SVM.d:1745","Vorsicht!","조심해!","","False","SVM_8_Ooh02","",""
"Scripts/Content/Story/SVM.d:1746","Oh! Der hat gesessen!","오호! 제대로 먹혔는데!","","False","SVM_8_Ooh03","",""
"Scripts/Content/Story/SVM.d:1748","(zu sich selbst, wacht auf) Was WAR das!?","(혼잣말하며, 깨어나며) 방금 그게 뭐야!?","","False","SVM_8_WhatWasThat","",""
"Scripts/Content/Story/SVM.d:1750","Raus aus meinem Bett!","내 침대에서 당장 꺼져!","","False","SVM_8_GetOutOfMyBed","",""
"Scripts/Content/Story/SVM.d:1751","(herzhaftes Gähnen)","(푸지게 하품을 한다)","","False","SVM_8_Awake","",""
"Scripts/Content/Story/SVM.d:1753","Du warst also beim Kommandanten und hast die Sache wieder in Ordnung gebracht.","사령관을 찾아가서 일을 바로잡고 왔단 말이지.","","False","SVM_8_ABS_COMMANDER","",""
"Scripts/Content/Story/SVM.d:1754","Du warst also bei Vater Parlan und hast Buße getan.","파를란 신부님을 찾아가서 속죄를 하고 왔단 말이지.","","False","SVM_8_ABS_MONASTERY","",""
"Scripts/Content/Story/SVM.d:1755","Du warst also bei Lee und hast die Sache wieder in Ordnung gebracht.","리를 찾아가서 일을 바로잡고 왔단 말이지.","","False","SVM_8_ABS_FARM","",""
"Scripts/Content/Story/SVM.d:1756","Das ist gut.","다행이군.","","False","SVM_8_ABS_GOOD","",""
"Scripts/Content/Story/SVM.d:1758","Einfach unsere Schafe zu schlachten!","감히 우리 양들을 도살하다니!","","False","SVM_8_SHEEPKILLER_CRIME","",""
"Scripts/Content/Story/SVM.d:1759","Lass mich in Ruhe, du brutaler Mistkerl!","내버려 둬, 이 잔인하고 뻔뻔한 녀석아!","","False","SVM_8_ATTACK_CRIME","",""
"Scripts/Content/Story/SVM.d:1760","Lass mich in Ruhe, du mieser kleiner Dieb!","내버려 둬, 이 비열하고 쪼잔한 도둑 녀석아!","","False","SVM_8_THEFT_CRIME","",""
"Scripts/Content/Story/SVM.d:1762","Du bist eine Schande für deinen Orden! Warte, bis Lord Hagen davon erfährt!","넌 우리 기사단의 수치다! 헤이건 경께서 이 사실을 아시면 어떻게 될지 어디 기대해 보라고!","","False","SVM_8_PAL_CITY_CRIME","",""
"Scripts/Content/Story/SVM.d:1763","Du bist eine Schande für die Stadtwache! Warte, bis Lord Andre davon hört!","넌 도시 경비병의 수치다! 안드레 님께서 이 소식을 들으시면 어떻게 될지 기대해라!","","False","SVM_8_MIL_CITY_CRIME","",""
"Scripts/Content/Story/SVM.d:1764","Warte, bis Lord Andre davon hört.","안드레 님께서 이 소식을 들으시면 어떻게 될지 기대해라.","","False","SVM_8_CITY_CRIME","",""
"Scripts/Content/Story/SVM.d:1766","Warte, bis Vater Parlan davon hört!","파를란 신부님께서 이 소식을 들으시면 어떻게 될지 기대해라!","","False","SVM_8_MONA_CRIME","",""
"Scripts/Content/Story/SVM.d:1767","Warte, bis Lee davon hört ...","리가 이 소식을 듣기 전에...","","False","SVM_8_FARM_CRIME","",""
"Scripts/Content/Story/SVM.d:1768","Warte, bis Kommandant Garond davon hört!","가론드 지휘관님께서 이 소식을 들으시면 어떻게 될지 기대해라!","","False","SVM_8_OC_CRIME","",""
"Scripts/Content/Story/SVM.d:1770","Okay, okay, du bist der Bessere von uns beiden! Was willst du?","알았어, 알았어, 네가 한 수 위라는 거지! 원하는 게 뭐냐?","","False","SVM_8_TOUGHGUY_ATTACKLOST","",""
"Scripts/Content/Story/SVM.d:1771","(selbstgefällig) Ich nehme an, du hast mittlerweile begriffen, wer von uns beiden der Stärkere ist ... was willst du?","(거드름을 피우며) 우리 중에 누가 더 강한지 이제는 깨달았겠지... 원하는 게 뭐냐?","","False","SVM_8_TOUGHGUY_ATTACKWON","",""
"Scripts/Content/Story/SVM.d:1772","Ich dachte, du wolltest dich mit mir anlegen. Hast du's dir anders überlegt? Willst doch lieber REDEN, was? (lacht) Ja klar.","나한테 시비를 걸고 싶었던 거 아니었나? 마음이 바뀐 거야? 차라리 말로 해결하고 싶으신가, 안 그래? (웃음) 그래야지.","","False","SVM_8_TOUGHGUY_PLAYERATTACK","",""
"Scripts/Content/Story/SVM.d:1774","1000 Goldstücke.","1000개의 금화.","","False","SVM_8_GOLD_1000","",""
"Scripts/Content/Story/SVM.d:1775","950 Goldstücke.","950개의 금화.","","False","SVM_8_GOLD_950","",""
"Scripts/Content/Story/SVM.d:1776","900 Goldstücke.","900개의 금화.","","False","SVM_8_GOLD_900","",""
"Scripts/Content/Story/SVM.d:1777","850 Goldstücke.","850개의 금화.","","False","SVM_8_GOLD_850","",""
"Scripts/Content/Story/SVM.d:1778","800 Goldstücke.","800개의 금화.","","False","SVM_8_GOLD_800","",""
"Scripts/Content/Story/SVM.d:1779","750 Goldstücke.","750개의 금화.","","False","SVM_8_GOLD_750","",""
"Scripts/Content/Story/SVM.d:1780","700 Goldstücke.","700개의 금화.","","False","SVM_8_GOLD_700","",""
"Scripts/Content/Story/SVM.d:1781","650 Goldstücke.","650개의 금화.","","False","SVM_8_GOLD_650","",""
"Scripts/Content/Story/SVM.d:1782","600 Goldstücke.","600개의 금화.","","False","SVM_8_GOLD_600","",""
"Scripts/Content/Story/SVM.d:1783","550 Goldstücke.","550개의 금화.","","False","SVM_8_GOLD_550","",""
"Scripts/Content/Story/SVM.d:1784","500 Goldstücke.","500개의 금화.","","False","SVM_8_GOLD_500","",""
"Scripts/Content/Story/SVM.d:1785","450 Goldstücke.","450개의 금화.","","False","SVM_8_GOLD_450","",""
"Scripts/Content/Story/SVM.d:1786","400 Goldstücke.","400개의 금화.","","False","SVM_8_GOLD_400","",""
"Scripts/Content/Story/SVM.d:1787","350 Goldstücke.","350개의 금화.","","False","SVM_8_GOLD_350","",""
"Scripts/Content/Story/SVM.d:1788","300 Goldstücke.","300개의 금화.","","False","SVM_8_GOLD_300","",""
"Scripts/Content/Story/SVM.d:1789","250 Goldstücke.","250개의 금화.","","False","SVM_8_GOLD_250","",""
"Scripts/Content/Story/SVM.d:1790","200 Goldstücke.","200개의 금.","","False","SVM_8_GOLD_200","",""
"Scripts/Content/Story/SVM.d:1791","150 Goldstücke.","150개의 금.","","False","SVM_8_GOLD_150","",""
"Scripts/Content/Story/SVM.d:1792","100 Goldstücke.","100개의 금.","","False","SVM_8_GOLD_100","",""
"Scripts/Content/Story/SVM.d:1793","90 Goldstücke.","90개의 금.","","False","SVM_8_GOLD_90","",""
"Scripts/Content/Story/SVM.d:1794","80 Goldstücke.","80개의 금.","","False","SVM_8_GOLD_80","",""
"Scripts/Content/Story/SVM.d:1795","70 Goldstücke.","70개의 금.","","False","SVM_8_GOLD_70","",""
"Scripts/Content/Story/SVM.d:1796","60 Goldstücke.","60개의 금.","","False","SVM_8_GOLD_60","",""
"Scripts/Content/Story/SVM.d:1797","50 Goldstücke.","50개의 금.","","False","SVM_8_GOLD_50","",""
"Scripts/Content/Story/SVM.d:1798","40 Goldstücke.","40개의 금.","","False","SVM_8_GOLD_40","",""
"Scripts/Content/Story/SVM.d:1799","30 Goldstücke.","30개의 금.","","False","SVM_8_GOLD_30","",""
"Scripts/Content/Story/SVM.d:1800","20 Goldstücke.","20개의 금.","","False","SVM_8_GOLD_20","",""
"Scripts/Content/Story/SVM.d:1801","10 Goldstücke.","10개의 금.","","False","SVM_8_GOLD_10","",""
"Scripts/Content/Story/SVM.d:1803","... ist das wirklich wahr ...","...정말 사실인가...","","False","SVM_8_Smalltalk01","",""
"Scripts/Content/Story/SVM.d:1804","... ich hab was anderes gehört ...","...난 다른 걸 들었는데...","","False","SVM_8_Smalltalk02","",""
"Scripts/Content/Story/SVM.d:1805","... sag mir nicht, du hast das nicht gewusst ...","...설마 몰랐다고 하지 마...","","False","SVM_8_Smalltalk03","",""
"Scripts/Content/Story/SVM.d:1806","... man weiß gar nicht mehr, wem man noch glauben kann ...","...이제 누구를 믿어야 할지조차 모르겠어...","","False","SVM_8_Smalltalk04","",""
"Scripts/Content/Story/SVM.d:1807","... das ist doch alles nur Gerede ...","...다 소문에 불과해...","","False","SVM_8_Smalltalk05","",""
"Scripts/Content/Story/SVM.d:1808","... meinst du, mir geht es besser ...","...내가 더 낫다고 생각하나...","","False","SVM_8_Smalltalk06","",""
"Scripts/Content/Story/SVM.d:1809","... ich wunder mich über gar nichts mehr ...","...이제 웬만한 일에는 놀라지도 않아...","","False","SVM_8_Smalltalk07","",""
"Scripts/Content/Story/SVM.d:1810","... das ist wirklich nicht mein Problem ...","...정말 내 문제가 아니야...","","False","SVM_8_Smalltalk08","",""
"Scripts/Content/Story/SVM.d:1811","... glaubst du wirklich daran ...","...정말 그렇게 믿는 거야...","","False","SVM_8_Smalltalk09","",""
"Scripts/Content/Story/SVM.d:1812","... von mir erfährt keiner was ...","...나한테서 아무것도 알아내지 못할 거야...","","False","SVM_8_Smalltalk10","",""
"Scripts/Content/Story/SVM.d:1813","... das war doch schon vorher klar ...","...처음부터 뻔했던 일이잖아...","","False","SVM_8_Smalltalk11","",""
"Scripts/Content/Story/SVM.d:1814","... er hat auf die falschen Leute gehört ...","...엉뚱한 사람들의 말을 들었어...","","False","SVM_8_Smalltalk12","",""
"Scripts/Content/Story/SVM.d:1815","... wenn er das nicht sieht, kann ich ihm auch nicht mehr helfen ...","...그것도 모른다면 나도 더 이상 도와줄 수 없어...","","False","SVM_8_Smalltalk13","",""
"Scripts/Content/Story/SVM.d:1816","... ich erzähl dir doch nichts Neues ...","...새삼스러운 얘기도 아니잖아...","","False","SVM_8_Smalltalk14","",""
"Scripts/Content/Story/SVM.d:1817","... von selbst ist er nicht darauf gekommen ...","...혼자서는 절대 생각해내지 못했을걸...","","False","SVM_8_Smalltalk15","",""
"Scripts/Content/Story/SVM.d:1818","... das ist doch lange bekannt ...","...이미 다 알려진 일이잖아...","","False","SVM_8_Smalltalk16","",""
"Scripts/Content/Story/SVM.d:1819","... das ist 'ne schlimme Sache ...","...정말 곤란한 일이야...","","False","SVM_8_Smalltalk17","",""
"Scripts/Content/Story/SVM.d:1820","... ich hätte das anders gemacht ...","...나였다면 다르게 했을 텐데...","","False","SVM_8_Smalltalk18","",""
"Scripts/Content/Story/SVM.d:1821","... ich bin ganz deiner Meinung ...","...전적으로 동감이야...","","False","SVM_8_Smalltalk19","",""
"Scripts/Content/Story/SVM.d:1822","... wird sich das jemals ändern ...","...과연 언젠가 바뀔까...","","False","SVM_8_Smalltalk20","",""
"Scripts/Content/Story/SVM.d:1823","... das habe ich noch gar nicht gewusst ...","...전혀 몰랐던 사실이네...","","False","SVM_8_Smalltalk21","",""
"Scripts/Content/Story/SVM.d:1824","... da kannst du eh nichts dran ändern ...","...어차피 네가 바꿀 수 있는 건 없어...","","False","SVM_8_Smalltalk22","",""
"Scripts/Content/Story/SVM.d:1825","... das wundert mich nicht ...","...놀랍지도 않네...","","False","SVM_8_Smalltalk23","",""
"Scripts/Content/Story/SVM.d:1826","... er musste es ja besser wissen ...","...지 잘난 줄 알고 고집을 부리더니 원...","","False","SVM_8_Smalltalk24","",""
"Scripts/Content/Story/SVM.d:1828","... es kommt nur auf die Kraft an, also komm mir nicht so ...","...중요한 건 오직 힘뿐이야, 그러니 나한테 이러쿵저러쿵하지 마...","","False","SVM_8_Smalltalk25","",""
"Scripts/Content/Story/SVM.d:1829","... der weiß ja nicht mal, wie man ein Schwert hält ...","...저 녀석은 검을 잡을 줄도 몰라...","","False","SVM_8_Smalltalk26","",""
"Scripts/Content/Story/SVM.d:1830","... ja, das hat er wirklich behauptet ...","...그래, 정말 그렇게 주장하더라고...","","False","SVM_8_Smalltalk27","",""
"Scripts/Content/Story/SVM.d:1832","... jemand wird dafür büßen müssen ...","...누군가는 그 대가를 치르게 될 거야...","","False","SVM_8_Smalltalk28","",""
"Scripts/Content/Story/SVM.d:1833","... Innos leuchtet all denen, die seine Weisheit erkennen ...","...이노스께서는 그분의 지혜를 깨닫는 자들 모두를 비추시나니...","","False","SVM_8_Smalltalk29","",""
"Scripts/Content/Story/SVM.d:1834","... letztendlich wird die Gerechtigkeit siegen ...","...결국 정의는 승리하는 법이지...","","False","SVM_8_Smalltalk30","",""
"Scripts/Content/Story/SVM.d:1836","Komm wieder, wenn du mehr Erfahrung hast.","경험을 더 쌓고 오게.","","False","SVM_8_NoLearnNoPoints","",""
"Scripts/Content/Story/SVM.d:1837","Du verlangst mehr von mir, als ich dir beibringen kann.","내가 가르쳐줄 수 있는 한계를 넘었어.","","False","SVM_8_NoLearnOverPersonalMAX","",""
"Scripts/Content/Story/SVM.d:1838","Ich kann dir nichts mehr beibringen. Du bist schon zu gut.","더는 가르쳐줄 게 없다네. 자넨 이미 충분히 강해.","","False","SVM_8_NoLearnYoureBetter","",""
"Scripts/Content/Story/SVM.d:1839","Siehst du, du bist schon besser geworden ...","봐라, 벌써 실력이 늘었잖아...","","False","SVM_8_YouLearnedSomething","",""
"Scripts/Content/Story/SVM.d:1841","Du bist jetzt in der Unterstadt.","당신은 지금 시가지 하층에 있습니다.","","False","SVM_8_UNTERSTADT","",""
"Scripts/Content/Story/SVM.d:1842","Du bist jetzt in der Oberstadt.","당신은 지금 시가지 상층에 있습니다.","","False","SVM_8_OBERSTADT","",""
"Scripts/Content/Story/SVM.d:1843","Du bist jetzt am Tempel.","당신은 지금 신전에 있습니다.","","False","SVM_8_TEMPEL","",""
"Scripts/Content/Story/SVM.d:1844","Du bist jetzt am Marktplatz.","당신은 지금 시장에 있습니다.","","False","SVM_8_MARKT","",""
"Scripts/Content/Story/SVM.d:1845","Du bist jetzt am Galgenplatz vor der Kaserne.","당신은 지금 병영 앞 교수대 광장에 있습니다.","","False","SVM_8_GALGEN","",""
"Scripts/Content/Story/SVM.d:1846","Das hier ist die Kaserne.","여기는 병영입니다.","","False","SVM_8_KASERNE","",""
"Scripts/Content/Story/SVM.d:1847","Du bist hier im Hafenviertel.","당신은 지금 항구 구역에 있습니다.","","False","SVM_8_HAFEN","",""
"Scripts/Content/Story/SVM.d:1849","Wo willst du hin?","어디로 가고 싶나?","","False","SVM_8_WHERETO","",""
"Scripts/Content/Story/SVM.d:1851","Geh von hier aus durch das innere Stadttor und du kommst in die Unterstadt.","여기서 안쪽 성문으로 통과해 걸어가면 시가지 하층이 나올 거야.","","False","SVM_8_OBERSTADT_2_UNTERSTADT","",""
"Scripts/Content/Story/SVM.d:1852","Am südlichen Stadttor gibt es eine Treppe, die zum inneren Stadttor hochführt. Dort beginnt die Oberstadt.","남쪽 성문 근처에 안쪽 성문으로 이어지는 계단이 있어. 거기가 바로 상층의 시작이지.","","False","SVM_8_UNTERSTADT_2_OBERSTADT","",""
"Scripts/Content/Story/SVM.d:1853","Geh vom Schmied aus durch die Unterführung und du kommst zum Tempelplatz.","대장간에서 지하 통로를 통해 가면 신전 광장으로 갈 수 있어.","","False","SVM_8_UNTERSTADT_2_TEMPEL","",""
"Scripts/Content/Story/SVM.d:1854","Geh vom Schmied aus die Hafenstraße runter, dann kommst du zum Hafen.","대장간에서 항구 길을 따라 내려가면 항구가 나온다네.","","False","SVM_8_UNTERSTADT_2_HAFEN","",""
"Scripts/Content/Story/SVM.d:1855","Vom Tempelplatz aus gibt es eine Unterführung, die in die Unterstadt führt.","신전 광장에는 시가지 하층으로 이어지는 지하 통로가 있어.","","False","SVM_8_TEMPEL_2_UNTERSTADT","",""
"Scripts/Content/Story/SVM.d:1856","Wenn du vor dem Tempel stehst, geh links hoch und an der Stadtmauer entlang, dann kommst du zum Markt.","신전 앞에 서서 왼쪽으로 올라간 뒤 성벽을 따라가면 시장이 나올 거야.","","False","SVM_8_TEMPEL_2_MARKT","",""
"Scripts/Content/Story/SVM.d:1857","Wenn du vom Tempel aus gesehen links an der Kneipe vorbeigehst, kommst du zum Galgenplatz.","신전 쪽에서 선술집의 왼쪽을 지나쳐 가면 교수대 광장이 나와.","","False","SVM_8_TEMPEL_2_GALGEN","",""
"Scripts/Content/Story/SVM.d:1858","Wenn du vom Marktplatz aus an der hohen Stadtmauer entlanggehst, kommst du zum Tempel.","시장에서 높은 성벽을 따라 걸어가면 신전이 나온다네.","","False","SVM_8_MARKT_2_TEMPEL","",""
"Scripts/Content/Story/SVM.d:1859","Die Kaserne ist das riesengroße Gebäude. Geh einfach die Treppen gegenüber dem Hotel rauf.","저 커다란 건물이 병영이야. 호텔 건너편에 있는 계단으로 올라가면 돼.","","False","SVM_8_MARKT_2_KASERNE","",""
"Scripts/Content/Story/SVM.d:1860","Geh einfach an der großen Kaserne entlang und du kommst zum Galgenplatz.","큰 병영 건물을 따라 걸어가기만 하면 교수대 광장이 나올 거야.","","False","SVM_8_MARKT_2_GALGEN","",""
"Scripts/Content/Story/SVM.d:1861","Geh vom Galgenplatz aus die Gasse runter und du kommst zum Tempelplatz.","교수대 광장에서 골목길을 따라 내려가면 신전 광장이 나온다네.","","False","SVM_8_GALGEN_2_TEMPEL","",""
"Scripts/Content/Story/SVM.d:1862","Geh einfach an der großen Kaserne entlang und du kommst zum Markt.","큰 병영 건물을 따라 걸어가기만 하면 시장이 나올 거야.","","False","SVM_8_GALGEN_2_MARKT","",""
"Scripts/Content/Story/SVM.d:1863","Die Kaserne ist das riesengroße Gebäude. Geh einfach die Treppen rauf.","저 커다란 건물이 병영이야. 그냥 계단으로 올라가면 돼.","","False","SVM_8_GALGEN_2_KASERNE","",""
"Scripts/Content/Story/SVM.d:1864","Geh einfach die Treppe am Haupteingang links runter, dann kommst du zum Marktplatz.","정문 왼쪽에 있는 계단으로 내려가면 시장이 나올 거야.","","False","SVM_8_KASERNE_2_MARKT","",""
"Scripts/Content/Story/SVM.d:1865","Geh einfach die Treppe am Haupteingang rechts runter, dann kommst du zum Galgenplatz.","정문 오른쪽에 있는 계단으로 내려가면 교수대 광장이 나올 거야.","","False","SVM_8_KASERNE_2_GALGEN","",""
"Scripts/Content/Story/SVM.d:1866","Geh von der Kaimauer aus die Hafenstraße hoch, dann kommst du in die Unterstadt.","부두 방파제에서 항구 길을 따라 올라가면 시가지 하층이 나온다네.","","False","SVM_8_HAFEN_2_UNTERSTADT","",""
"Scripts/Content/Story/SVM.d:1868","Aaaaaargl!","아아아아그을!","","False","SVM_8_Dead","",""
"Scripts/Content/Story/SVM.d:1869","Aargh","크으윽","","False","SVM_8_Aargh_1","",""
"Scripts/Content/Story/SVM.d:1870","Aargh","크으윽","","False","SVM_8_Aargh_2","",""
"Scripts/Content/Story/SVM.d:1871","Aargh","크으윽","","False","SVM_8_Aargh_3","",""
"Scripts/Content/Story/SVM.d:1875","Ich trau dir nicht. Irgendetwas stimmt nicht mit dir oder mit deiner Kleidung.","네가 미덥지 않군. 너나 네 옷차림에 뭔가 문제가 있어.","","False","SVM_8_Addon_WrongArmor","",""
"Scripts/Content/Story/SVM.d:1876","So wie du aussiehst, hast du wohl woanders angeheuert? Dann will ich nichts mit dir zu tun haben.","생김새를 보니 딴 데서 고용된 몸 같군 그래? 그럼 너랑 엮이고 싶지 않아.","","False","SVM_8_ADDON_WRONGARMOR_SLD","",""
"Scripts/Content/Story/SVM.d:1877","Wir müssen Präsenz zeigen. Also geh und hol deine Rüstung.","우린 존재감을 보여야 해. 가서 방어구를 챙겨 입도록 해.","","False","SVM_8_ADDON_WRONGARMOR_MIL","",""
"Scripts/Content/Story/SVM.d:1878","Innos will, dass wir seine Robe mit Stolz tragen. Geh und ziehe dich um.","이노스께서는 우리가 그분의 로브를 긍지 입기를 바라신다. 가서 옷을 갈아입고 오라.","","False","SVM_8_ADDON_WRONGARMOR_KDF","",""
"Scripts/Content/Story/SVM.d:1879","Mit Buddlern rede ich nicht. Du hast ja nicht mal 'ne Rüstung.","채굴꾼 따위와는 안 놀아. 방어구도 안 걸치고 있잖아.","","False","SVM_8_ADDON_ADDON_NOARMOR_BDT","",""
"Scripts/Content/Story/SVM.d:1881","Du dreckiger Bandit!","더러운 산적 녀석!","","False","SVM_8_ADDON_DIEBANDIT","",""
"Scripts/Content/Story/SVM.d:1882","PIRATEN!","해적이다!","","False","SVM_8_ADDON_DIRTYPIRATE","",""
"Scripts/Content/Story/SVM.d:1888","Für den König!","국왕 폐하를 위하여!","","False","SVM_9_MILGreetings","",""
"Scripts/Content/Story/SVM.d:1889","Für Innos!","이노스를 위하여!","","False","SVM_9_PALGreetings","",""
"Scripts/Content/Story/SVM.d:1890","Sauwetter!","날씨 더럽게 궂네!","","False","SVM_9_Weather","",""
"Scripts/Content/Story/SVM.d:1892","Jetzt krieg' ich dich!","이제 딱 걸렸어!","","False","SVM_9_IGetYouStill","",""
"Scripts/Content/Story/SVM.d:1893","Du wärst besser nicht hierher gekommen!","여기에 발을 들이지 말았어야 했다!","","False","SVM_9_DieEnemy","",""
"Scripts/Content/Story/SVM.d:1894","Komm her, Mistvieh!","이리 와라, 더러운 짐승 새끼!","","False","SVM_9_DieMonster","",""
"Scripts/Content/Story/SVM.d:1895","Schon wieder eins von diesen Biestern!","또 이 괴물 새끼들 중 하나잖아!","","False","SVM_9_Addon_DieMonster","",""
"Scripts/Content/Story/SVM.d:1896","Da ist wieder eins von diesen Drecksviechern!","이 썩어빠진 짐승 새끼가 또 나타났어!","","False","SVM_9_Addon_DieMonster2","",""
"Scripts/Content/Story/SVM.d:1897","Dreckiger Dieb! Na warte!","더러운 도둑 녀석! 어디 두고 보자!","","False","SVM_9_DirtyThief","",""
"Scripts/Content/Story/SVM.d:1898","Nimm deine Pfoten da weg!","당장 손 안 떼?!","","False","SVM_9_HandsOff","",""
"Scripts/Content/Story/SVM.d:1899","Lass unsere Schafe in Ruhe!","우리 양들을 가만히 내버려둬!","","False","SVM_9_SheepKiller","",""
"Scripts/Content/Story/SVM.d:1900","Geh weg von unseren Schafen, du Mistvieh!","우리 양들한테서 떨어져라, 이 더러운 짐승아!","","False","SVM_9_SheepKillerMonster","",""
"Scripts/Content/Story/SVM.d:1901","Mörder!","살인마!","","False","SVM_9_YouMurderer","",""
"Scripts/Content/Story/SVM.d:1902","Hier kommen keine Viecher rein!","여기에 짐승 녀석들은 얼씬도 못 한다!","","False","SVM_9_DieStupidBeast","",""
"Scripts/Content/Story/SVM.d:1903","Das wirst du bereuen!","후회하게 될 것이다!","","False","SVM_9_YouDareHitMe","",""
"Scripts/Content/Story/SVM.d:1904","Ich hatte dich gewarnt!","내 경고했을 텐데!","","False","SVM_9_YouAskedForIt","",""
"Scripts/Content/Story/SVM.d:1905","Ich hab gesagt RAUS!","당장 꺼지라고 했다!","","False","SVM_9_ThenIBeatYouOutOfHere","",""
"Scripts/Content/Story/SVM.d:1906","Hey! Was wolltest du da drin?","이봐! 거기서 뭐 하는 짓이었어?","","False","SVM_9_WhatDidYouDoInThere","",""
"Scripts/Content/Story/SVM.d:1907","Aufhören! Sofort!","당장 그만두지 못해!","","False","SVM_9_WillYouStopFighting","",""
"Scripts/Content/Story/SVM.d:1909","Jetzt spieß ich dich auf, Mistkerl!","꼬챙이에 꿰어주마, 이 자식!","","False","SVM_9_KillEnemy","",""
"Scripts/Content/Story/SVM.d:1910","Das war's für dich...","네 놈은 여기까지다...","","False","SVM_9_EnemyKilled","",""
"Scripts/Content/Story/SVM.d:1912","Das war's mit dir, Mistvieh!","너도 여기까지다, 더러운 짐승 새끼야!","","False","SVM_9_Addon_MonsterKilled","",""
"Scripts/Content/Story/SVM.d:1913","EIN Mistvieh weniger!","귀찮은 괴물 녀석 하나 치웠군!","","False","SVM_9_Addon_MonsterKilled2","",""
"Scripts/Content/Story/SVM.d:1914","Ich warne dich! Versuch das nicht noch mal, du dreckiger Dieb!","경고했잖아! 다신 그런 짓 하지 마라, 더러운 도둑놈아!","","False","SVM_9_ThiefDown","",""
"Scripts/Content/Story/SVM.d:1915","Vergreif dich nie wieder an Sachen, die dir nicht gehören!","앞으로 네 것이 아닌 물건에는 손대지 마라!","","False","SVM_9_rumfummlerDown","",""
"Scripts/Content/Story/SVM.d:1916","Und halt dich in Zukunft von unseren Schafen fern!","그리고 앞으로 우리 양들 근처에도 얼씬거리지 마!","","False","SVM_9_SheepAttackerDown","",""
"Scripts/Content/Story/SVM.d:1917","Stirb, Mörder!","죽어라, 살인마 녀석!","","False","SVM_9_KillMurderer","",""
"Scripts/Content/Story/SVM.d:1918","So ein saublödes Vieh!","정말 구제불능인 짐승 새끼 같으니!","","False","SVM_9_StupidBeastKilled","",""
"Scripts/Content/Story/SVM.d:1919","Wag es ja nie wieder, mich anzugreifen!","다시는 감히 나를 공격할 생각 마라!","","False","SVM_9_NeverHitMeAgain","",""
"Scripts/Content/Story/SVM.d:1920","Ich hatte dich gewarnt!","내 경고했었지!","","False","SVM_9_YouBetterShouldHaveListened","",""
"Scripts/Content/Story/SVM.d:1921","Und jetzt raus mit dir!","이제 당장 꺼져!","","False","SVM_9_GetUpAndBeGone","",""
"Scripts/Content/Story/SVM.d:1922","Ich will dich nie wieder da drin sehen, klar?","다시는 그 안에 기어들어 오는 일 없도록 해, 알았어?","","False","SVM_9_NeverEnterRoomAgain","",""
"Scripts/Content/Story/SVM.d:1923","Hier wird nicht gekämpft, merk dir das!","여기서 싸움박질은 금지야, 명심해!","","False","SVM_9_ThereIsNoFightingHere","",""
"Scripts/Content/Story/SVM.d:1925","Mach kein' Scheiß!","쓸데없는 짓 하지 마!","","False","SVM_9_SpareMe","",""
"Scripts/Content/Story/SVM.d:1926","Ich hau ab!","난 튈란다!","","False","SVM_9_RunAway","",""
"Scripts/Content/Story/SVM.d:1928","ALARM!","비상사태!","","False","SVM_9_Alarm","",""
"Scripts/Content/Story/SVM.d:1929","WACHE!","경비병!","","False","SVM_9_Guards","",""
"Scripts/Content/Story/SVM.d:1930","Hilfe!","살려줘!","","False","SVM_9_Help","",""
"Scripts/Content/Story/SVM.d:1932","(ruft zu) Gib den Viechern ordentlich saures!","(소리치며) 저 짐승들에게 아주 혼을 빼놓아라!","","False","SVM_9_GoodMonsterKill","",""
"Scripts/Content/Story/SVM.d:1933","(ruft) Ja, gib's dem Mistkerl!","(소리친다) 그래, 그 자식한테 한 방 먹여라!","","False","SVM_9_GoodKill","",""
"Scripts/Content/Story/SVM.d:1935","Lass mich in Ruhe!","나를 내버려둬!","","False","SVM_9_NOTNOW","",""
"Scripts/Content/Story/SVM.d:1937","(ruft laut) Ich krieg dich noch!","(크게 소리친다) 네놈을 가만두지 않겠다!","","False","SVM_9_RunCoward","",""
"Scripts/Content/Story/SVM.d:1939","Raus hier!","여기서 꺼져!","","False","SVM_9_GetOutOfHere","",""
"Scripts/Content/Story/SVM.d:1940","Du hast hier nichts zu suchen!","여긴 네가 올 곳이 아니다!","","False","SVM_9_WhyAreYouInHere","",""
"Scripts/Content/Story/SVM.d:1941","Ja, raus mit dir!","그래, 당장 꺼져!","","False","SVM_9_YesGoOutOfHere","",""
"Scripts/Content/Story/SVM.d:1943","Was soll das denn werden? Warum schleichst du hier rum?","이게 무슨 짓이지? 왜 여기서 얼쩡거리는 거냐?","","False","SVM_9_WhatsThisSupposedToBe","",""
"Scripts/Content/Story/SVM.d:1944","(wacht auf) Verdammt, was willst du?","(잠에서 깨며) 젠장, 네놈은 뭐야?","","False","SVM_9_YouDisturbedMySlumber","",""
"Scripts/Content/Story/SVM.d:1946","Na, immerhin hast du wenigstens Gold dabei!","흥, 적어도 금을 좀 가지고 있군!","","False","SVM_9_ITookYourGold","",""
"Scripts/Content/Story/SVM.d:1947","Noch nicht mal Gold - hmpf.","가진 금조차 없잖아 - 흠.","","False","SVM_9_ShitNoGold","",""
"Scripts/Content/Story/SVM.d:1948","Deine Waffe nehme ich mal mit.","네 무기는 압수하겠다.","","False","SVM_9_ITakeYourWeapon","",""
"Scripts/Content/Story/SVM.d:1950","(warnt) Junge! Mach das ja nicht noch mal!","(경고하듯) 얘야! 두 번 다시 이런 짓은 하지 마라!","","False","SVM_9_WhatAreYouDoing","",""
"Scripts/Content/Story/SVM.d:1952","(agressiv) Brauchst du schon wieder Schläge?","(공격적으로) 또 매가리라도 맞고 싶나?","","False","SVM_9_LookingForTroubleAgain","",""
"Scripts/Content/Story/SVM.d:1953","Weg mit der Magie!","당장 마법을 거둬들여라!","","False","SVM_9_StopMagic","",""
"Scripts/Content/Story/SVM.d:1954","Letzte Warnung! Weg mit der Magie!","마지막 경고다! 마법을 거두라고!","","False","SVM_9_ISaidStopMagic","",""
"Scripts/Content/Story/SVM.d:1955","Weg mit der Waffe!","당장 무기를 내려놔라!","","False","SVM_9_WeaponDown","",""
"Scripts/Content/Story/SVM.d:1956","Weg damit oder ich verpass dir eine!","당장 치워라, 아니면 아주 혼내줄 테니까!","","False","SVM_9_ISaidWeaponDown","",""
"Scripts/Content/Story/SVM.d:1957","Du bist ja gar nicht so dumm wie du aussiehst!","보기보다 그렇게 멍청하진 않나 보군!","","False","SVM_9_WiseMove","",""
"Scripts/Content/Story/SVM.d:1959","(zu sich selbst) Versuch das ja nicht noch mal ...","(혼잣말로) 두 번 다시 그런 짓은 꿈도 꾸지 마라...","","False","SVM_9_NextTimeYoureInForIt","",""
"Scripts/Content/Story/SVM.d:1960","(zu sich selbst) Oh! Mein Schädel ...","(혼잣말로) 오오! 내 머리야...","","False","SVM_9_OhMyHead","",""
"Scripts/Content/Story/SVM.d:1962","(gierig) Jetzt wird's lustig ...","(탐욕스럽게) 자, 이제부터 재밌어지겠군...","","False","SVM_9_TheresAFight","",""
"Scripts/Content/Story/SVM.d:1963","(bestürzt) Du meine Güte ...","(당황하며) 세상에나...","","False","SVM_9_OhMyGodItsAFight","",""
"Scripts/Content/Story/SVM.d:1964","(böse lachend) Das wird ihm eine Lehre sein ...","(사악하게 웃으며) 뼈저린 교훈이 되었겠지...","","False","SVM_9_GoodVictory","",""
"Scripts/Content/Story/SVM.d:1965","(anerkennend) Der hat gesessen!","(인정하듯) 제법이군!","","False","SVM_9_NotBad","",""
"Scripts/Content/Story/SVM.d:1966","(zu sich selbst) Brutaler Mistkerl!","(혼잣말로) 구제불능의 짐승 같은 녀석!","","False","SVM_9_OhMyGodHesDown","",""
"Scripts/Content/Story/SVM.d:1967","Hau drauf!","메어쳐 버려!","","False","SVM_9_CheerFriend01","",""
"Scripts/Content/Story/SVM.d:1968","Hör nicht auf!","멈추지 마!","","False","SVM_9_CheerFriend02","",""
"Scripts/Content/Story/SVM.d:1969","Mach ihn fertig!","끝장을 내버려!","","False","SVM_9_CheerFriend03","",""
"Scripts/Content/Story/SVM.d:1970","Pass auf!","조심해!","","False","SVM_9_Ooh01","",""
"Scripts/Content/Story/SVM.d:1971","Parier doch!","막아내라고!","","False","SVM_9_Ooh02","",""
"Scripts/Content/Story/SVM.d:1972","Scheiße, das tat weh!","젠장, 꽤 아프네!","","False","SVM_9_Ooh03","",""
"Scripts/Content/Story/SVM.d:1974","(zu sich selbst, wacht auf) Was WAR das!?","(혼잣말하며 잠에서 깨어) 방금 그게 뭐였지!?","","False","SVM_9_WhatWasThat","",""
"Scripts/Content/Story/SVM.d:1976","Raus aus meinem Bett!","당장 내 침대에서 꺼져!","","False","SVM_9_GetOutOfMyBed","",""
"Scripts/Content/Story/SVM.d:1977","(herzhaftes Gähnen)","(시원하게 하품을 한다)","","False","SVM_9_Awake","",""
"Scripts/Content/Story/SVM.d:1979","Der Kommandant hat also die Sache mit dir bereinigt.","사령관이 너와 벌어진 일들을 잘 수습해 주었나 보군.","","False","SVM_9_ABS_COMMANDER","",""
"Scripts/Content/Story/SVM.d:1980","Vater Parlan hat dich von deiner Schuld befreit.","파를란 신부님이 네 죄를 사해 주셨다.","","False","SVM_9_ABS_MONASTERY","",""
"Scripts/Content/Story/SVM.d:1981","Du warst also bei Lee und hast die Sache aus der Welt geschafft.","리 경을 만나서 그 문제를 해결했구나.","","False","SVM_9_ABS_FARM","",""
"Scripts/Content/Story/SVM.d:1982","Gut.","좋아.","","False","SVM_9_ABS_GOOD","",""
"Scripts/Content/Story/SVM.d:1984","Du vergreifst dich an Schafen? Ein wehrloseres Opfer konntest du wohl nicht finden?","양을 상대로 폭력을 휘두르다니? 그보다 더 저항력 없는 희생자는 찾을 수 없었나?","","False","SVM_9_SHEEPKILLER_CRIME","",""
"Scripts/Content/Story/SVM.d:1985","Mit üblen Schlägern will ich nichts zu tun haben!","악질적인 폭력배들과는 엮이고 싶지 않다!","","False","SVM_9_ATTACK_CRIME","",""
"Scripts/Content/Story/SVM.d:1986","Mit Dieben will ich nichts zu tun haben!","도둑놈들과는 상종도 안 한다!","","False","SVM_9_THEFT_CRIME","",""
"Scripts/Content/Story/SVM.d:1988","Du willst ein Paladin sein? Warte, was Lord Hagen dazu sagt!","네가 팔라딘이 되겠다고? 헤이건 경이 이 사실을 알면 뭐라 하실지 어디 한번 들어보자!","","False","SVM_9_PAL_CITY_CRIME","",""
"Scripts/Content/Story/SVM.d:1989","Gehörst du wirklich zur Stadtwache? Lord Andre wird das nicht dulden!","정말 도시 경비병 소속이 맞아? 안드레 영주님이 가만두지 않으실걸!","","False","SVM_9_MIL_CITY_CRIME","",""
"Scripts/Content/Story/SVM.d:1990","Geh zu Lord Andre solange du noch kannst.","늦기 전에 안드레 영주님께 가봐라.","","False","SVM_9_CITY_CRIME","",""
"Scripts/Content/Story/SVM.d:1992","Geh zu Vater Parlan. Er wird dir eine Buße auferlegen!","파를란 신부님께 가라. 그분이 속죄할 수 있도록 도와주실 것이다!","","False","SVM_9_MONA_CRIME","",""
"Scripts/Content/Story/SVM.d:1993","Lee wird davon erfahren und du wirst dafür zahlen müssen!","리 경이 이 사실을 알게 되면 넌 대가를 치르게 될 거다!","","False","SVM_9_FARM_CRIME","",""
"Scripts/Content/Story/SVM.d:1994","Das wird Kommandant Garond gar nicht gefallen. Sprich mit ihm, bevor alles noch schlimmer wird!","가론드 사령관님이 이걸 좋아하실 리가 없잖아. 상황이 더 나빠지기 전에 그분과 얘기해!","","False","SVM_9_OC_CRIME","",""
"Scripts/Content/Story/SVM.d:1996","Gut - du hast gewonnen. Was willst du?","좋다 - 네가 이겼어. 뭘 원하지?","","False","SVM_9_TOUGHGUY_ATTACKLOST","",""
"Scripts/Content/Story/SVM.d:1997","(selbstgefällig) Ich denke, dir ist jetzt klar, wen du vor dir hast. Was willst du?","(거만하게) 이제 네가 누구를 상대하는지 잘 알겠지. 원하는 게 뭐냐?","","False","SVM_9_TOUGHGUY_ATTACKWON","",""
"Scripts/Content/Story/SVM.d:1998","Du schon wieder? Willst du dich noch mal mit mir anlegen oder was?","또 너냐? 나랑 또 한판 붙기라도 하겠다는 거냐?","","False","SVM_9_TOUGHGUY_PLAYERATTACK","",""
"Scripts/Content/Story/SVM.d:2000","1000 Goldstücke.","1000 금화.","","False","SVM_9_GOLD_1000","",""
"Scripts/Content/Story/SVM.d:2001","950 Goldstücke.","950 금화.","","False","SVM_9_GOLD_950","",""
"Scripts/Content/Story/SVM.d:2002","900 Goldstücke.","900 금화.","","False","SVM_9_GOLD_900","",""
"Scripts/Content/Story/SVM.d:2003","850 Goldstücke.","850 금화.","","False","SVM_9_GOLD_850","",""
"Scripts/Content/Story/SVM.d:2004","800 Goldstücke.","800 금화.","","False","SVM_9_GOLD_800","",""
"Scripts/Content/Story/SVM.d:2005","750 Goldstücke.","750 금화.","","False","SVM_9_GOLD_750","",""
"Scripts/Content/Story/SVM.d:2006","700 Goldstücke.","700 금화.","","False","SVM_9_GOLD_700","",""
"Scripts/Content/Story/SVM.d:2007","650 Goldstücke.","650 금화.","","False","SVM_9_GOLD_650","",""
"Scripts/Content/Story/SVM.d:2008","600 Goldstücke.","600 금화.","","False","SVM_9_GOLD_600","",""
"Scripts/Content/Story/SVM.d:2009","550 Goldstücke.","550 금화.","","False","SVM_9_GOLD_550","",""
"Scripts/Content/Story/SVM.d:2010","500 Goldstücke.","500 금화.","","False","SVM_9_GOLD_500","",""
"Scripts/Content/Story/SVM.d:2011","450 Goldstücke.","450 금화.","","False","SVM_9_GOLD_450","",""
"Scripts/Content/Story/SVM.d:2012","400 Goldstücke.","400 금화.","","False","SVM_9_GOLD_400","",""
"Scripts/Content/Story/SVM.d:2013","350 Goldstücke.","350 금화.","","False","SVM_9_GOLD_350","",""
"Scripts/Content/Story/SVM.d:2014","300 Goldstücke.","300 금화.","","False","SVM_9_GOLD_300","",""
"Scripts/Content/Story/SVM.d:2015","250 Goldstücke.","250 금화.","","False","SVM_9_GOLD_250","",""
"Scripts/Content/Story/SVM.d:2016","200 Goldstücke.","200 금화.","","False","SVM_9_GOLD_200","",""
"Scripts/Content/Story/SVM.d:2017","150 Goldstücke.","150 금화.","","False","SVM_9_GOLD_150","",""
"Scripts/Content/Story/SVM.d:2018","100 Goldstücke.","100 금화.","","False","SVM_9_GOLD_100","",""
"Scripts/Content/Story/SVM.d:2019","90 Goldstücke.","90 금화.","","False","SVM_9_GOLD_90","",""
"Scripts/Content/Story/SVM.d:2020","80 Goldstücke.","80 금화.","","False","SVM_9_GOLD_80","",""
"Scripts/Content/Story/SVM.d:2021","70 Goldstücke.","70 금화.","","False","SVM_9_GOLD_70","",""
"Scripts/Content/Story/SVM.d:2022","60 Goldstücke.","60 금화.","","False","SVM_9_GOLD_60","",""
"Scripts/Content/Story/SVM.d:2023","50 Goldstücke.","50 금화.","","False","SVM_9_GOLD_50","",""
"Scripts/Content/Story/SVM.d:2024","40 Goldstücke.","40 금화.","","False","SVM_9_GOLD_40","",""
"Scripts/Content/Story/SVM.d:2025","30 Goldstücke.","30 금화.","","False","SVM_9_GOLD_30","",""
"Scripts/Content/Story/SVM.d:2026","20 Goldstücke.","20 금화.","","False","SVM_9_GOLD_20","",""
"Scripts/Content/Story/SVM.d:2027","10 Goldstücke.","10 금화.","","False","SVM_9_GOLD_10","",""
"Scripts/Content/Story/SVM.d:2029","... ich kann das nicht glauben ...","...믿을 수가 없군...","","False","SVM_9_Smalltalk01","",""
"Scripts/Content/Story/SVM.d:2030","... ich wär mir da nicht so sicher ...","...나 같으면 그렇게 장담 안 하지...","","False","SVM_9_Smalltalk02","",""
"Scripts/Content/Story/SVM.d:2031","... das hat er doch vorher gewusst ...","...그럴 줄 이미 알고 있었던 거야...","","False","SVM_9_Smalltalk03","",""
"Scripts/Content/Story/SVM.d:2032","... ich weiß langsam nicht mehr, was ich glauben soll ...","...이제는 뭘 믿어야 할지도 모르겠어...","","False","SVM_9_Smalltalk04","",""
"Scripts/Content/Story/SVM.d:2033","... ich weiß gar nicht, warum er sich so aufregt ...","...왜 그렇게 화를 내는지 모르겠단 말이야...","","False","SVM_9_Smalltalk05","",""
"Scripts/Content/Story/SVM.d:2034","... noch mehr Ärger kann ich nicht gebrauchen ...","...이 이상 골치 아픈 일은 사절이라고...","","False","SVM_9_Smalltalk06","",""
"Scripts/Content/Story/SVM.d:2035","... ich hab so einiges gehört ...","...나도 이런저런 소리를 들었지...","","False","SVM_9_Smalltalk07","",""
"Scripts/Content/Story/SVM.d:2036","... davon lass ich lieber die Finger ...","...그 일은 안 끼어드는 게 나을걸...","","False","SVM_9_Smalltalk08","",""
"Scripts/Content/Story/SVM.d:2037","... man darf halt nicht alles glauben, was man hört ...","...귀에 들리는 걸 다 곧곧대로 믿으면 안 돼...","","False","SVM_9_Smalltalk09","",""
"Scripts/Content/Story/SVM.d:2038","... von mir hat er das nicht ...","...내 입에서 나간 소리가 아니야...","","False","SVM_9_Smalltalk10","",""
"Scripts/Content/Story/SVM.d:2039","... ich habe mir das schon gedacht ...","...내 그럴 줄 알았지...","","False","SVM_9_Smalltalk11","",""
"Scripts/Content/Story/SVM.d:2040","... meine Meinung will ja keiner hören ...","...내 의견을 물어보는 사람은 아무도 없지...","","False","SVM_9_Smalltalk12","",""
"Scripts/Content/Story/SVM.d:2041","... das hat er wirklich nicht verdient ...","...정말 그런 대우를 받을 짓은 안 했는데...","","False","SVM_9_Smalltalk13","",""
"Scripts/Content/Story/SVM.d:2042","... sag nicht, das hast du nicht gewusst ...","...설마 몰랐다고 하진 않겠지...","","False","SVM_9_Smalltalk14","",""
"Scripts/Content/Story/SVM.d:2043","... das war doch klar ...","...뻔한 결과였어...","","False","SVM_9_Smalltalk15","",""
"Scripts/Content/Story/SVM.d:2044","... wo hast du das denn schon wieder her ...","...도대체 어디서 그런 헛소문을 주워들은 거야...","","False","SVM_9_Smalltalk16","",""
"Scripts/Content/Story/SVM.d:2045","... das kann ja nicht ewig so weitergehen ...","...이런 식으로 계속 갈 순 없어...","","False","SVM_9_Smalltalk17","",""
"Scripts/Content/Story/SVM.d:2046","... ich hab da meine eigene Meinung ...","...난 그 일에 대해 나름대로 생각이 있어...","","False","SVM_9_Smalltalk18","",""
"Scripts/Content/Story/SVM.d:2047","... es war genau so, wie du sagst ...","...네 말마따나 딱 그대로였어...","","False","SVM_9_Smalltalk19","",""
"Scripts/Content/Story/SVM.d:2048","... ich glaub nicht, dass sich daran was ändert ...","...쉽사리 바뀔 것 같진 않군...","","False","SVM_9_Smalltalk20","",""
"Scripts/Content/Story/SVM.d:2049","... das höre ich zum ersten Mal ...","...난생처음 듣는 소리인걸...","","False","SVM_9_Smalltalk21","",""
"Scripts/Content/Story/SVM.d:2050","... wir können nur abwarten ...","...우리로선 기다리는 수밖에 없어...","","False","SVM_9_Smalltalk22","",""
"Scripts/Content/Story/SVM.d:2051","... die Probleme habe ich kommen sehen ...","...이럴 줄 알았다니까...","","False","SVM_9_Smalltalk23","",""
"Scripts/Content/Story/SVM.d:2052","... warum hört eigentlich keiner auf mich ...","...다들 왜 내 말은 안 듣는 거야...","","False","SVM_9_Smalltalk24","",""
"Scripts/Content/Story/SVM.d:2054","... der ist gerannt, als wenn Beliar selbst hinter ihm her wär ...","...벨리알이라도 쫓아오는 것처럼 미친 듯이 도망치더군...","","False","SVM_9_Smalltalk25","",""
"Scripts/Content/Story/SVM.d:2055","... wir haben ihn natürlich doch noch gekriegt ...","...물론 결국엔 녀석을 붙잡았지만 말이야...","","False","SVM_9_Smalltalk26","",""
"Scripts/Content/Story/SVM.d:2056","... da muss man mal ganz kräftig dazwischenhauen ...","...단단히 본때를 보여줘야 한단 말이지...","","False","SVM_9_Smalltalk27","",""
"Scripts/Content/Story/SVM.d:2058","... einige wissen gar nicht, wie sehr sie sich versündigen ...","...자신들이 얼마나 큰 죄를 짓고 있는지도 모르는 자들이 있지...","","False","SVM_9_Smalltalk28","",""
"Scripts/Content/Story/SVM.d:2059","... denn so ist es Innos' Wille ...","...그것이 바로 이노스의 뜻이니까...","","False","SVM_9_Smalltalk29","",""
"Scripts/Content/Story/SVM.d:2060","... seine Taten waren gerecht ...","...그의 행동은 정당했어...","","False","SVM_9_Smalltalk30","",""
"Scripts/Content/Story/SVM.d:2062","Komm wieder, wenn du mehr Erfahrung hast.","경험을 더 쌓고 오게.","","False","SVM_9_NoLearnNoPoints","",""
"Scripts/Content/Story/SVM.d:2063","Du verlangst mehr von mir als ich dir beibringen kann.","내가 가르쳐 줄 수 있는 한도를 넘어서는군요.","","False","SVM_9_NoLearnOverPersonalMAX","",""
"Scripts/Content/Story/SVM.d:2064","Ich kann dir nichts mehr beibringen. Du bist schon zu gut.","더 이상 가르쳐 줄 게 없네. 넌 이미 너무 강해졌어.","","False","SVM_9_NoLearnYoureBetter","",""
"Scripts/Content/Story/SVM.d:2065","Siehst du, du bist schon besser geworden...","보라고, 벌써 실력이 늘었잖나...","","False","SVM_9_YouLearnedSomething","",""
"Scripts/Content/Story/SVM.d:2067","Du bist jetzt in der Unterstadt.","여기는 하부 시가지다.","","False","SVM_9_UNTERSTADT","",""
"Scripts/Content/Story/SVM.d:2068","Du bist jetzt in der Oberstadt.","여기는 상부 시가지다.","","False","SVM_9_OBERSTADT","",""
"Scripts/Content/Story/SVM.d:2069","Du bist jetzt am Tempel.","여기는 사원이다.","","False","SVM_9_TEMPEL","",""
"Scripts/Content/Story/SVM.d:2070","Du bist jetzt am Marktplatz.","여기는 시장 광장이다.","","False","SVM_9_MARKT","",""
"Scripts/Content/Story/SVM.d:2071","Du bist jetzt am Galgenplatz vor der Kaserne.","여기는 병영 앞의 교수대 광장이다.","","False","SVM_9_GALGEN","",""
"Scripts/Content/Story/SVM.d:2072","Das hier ist die Kaserne.","여기는 병영이다.","","False","SVM_9_KASERNE","",""
"Scripts/Content/Story/SVM.d:2073","Du bist hier im Hafenviertel.","너는 지금 항구 구역에 있다.","","False","SVM_9_HAFEN","",""
"Scripts/Content/Story/SVM.d:2075","Wo willst du hin?","어디로 가고 싶은가?","","False","SVM_9_WHERETO","",""
"Scripts/Content/Story/SVM.d:2077","Geh von hier aus durch das innere Stadttor und du kommst in die Unterstadt.","여기서 안쪽 성문으로 나가면 하부시가지야.","","False","SVM_9_OBERSTADT_2_UNTERSTADT","",""
"Scripts/Content/Story/SVM.d:2078","Am südlichen Stadttor gibt es eine Treppe, die zum inneren Stadttor hochführt. Dort beginnt die Oberstadt.","남쪽 성문 근처에 안쪽 성문으로 이어지는 계단이 있어. 그곳이 상부시가지의 시작이지.","","False","SVM_9_UNTERSTADT_2_OBERSTADT","",""
"Scripts/Content/Story/SVM.d:2079","Geh vom Schmied aus durch die Unterführung und du kommst zum Tempelplatz.","대장간에서 지하 도로를 통해 가면 신전 광장으로 갈 수 있어.","","False","SVM_9_UNTERSTADT_2_TEMPEL","",""
"Scripts/Content/Story/SVM.d:2080","Geh vom Schmied aus die Hafenstraße runter, dann kommst du zum Hafen.","대장간에서 항구 길을 따라 내려가면 항구로 갈 수 있어.","","False","SVM_9_UNTERSTADT_2_HAFEN","",""
"Scripts/Content/Story/SVM.d:2081","Vom Tempelplatz aus gibt es eine Unterführung, die in die Unterstadt führt.","신전 광장에서 하부시가지로 이어지는 지하 도로가 있어.","","False","SVM_9_TEMPEL_2_UNTERSTADT","",""
"Scripts/Content/Story/SVM.d:2082","Wenn du vorm Tempel stehst, geh links hoch und an der Stadtmauer entlang, dann kommst du zum Markt.","신전 앞에 서서 왼쪽으로 올라간 다음 성벽을 따라가면 시장이 나와.","","False","SVM_9_TEMPEL_2_MARKT","",""
"Scripts/Content/Story/SVM.d:2083","Wenn du vom Tempel aus gesehen links an der Kneipe vorbeigehst, kommst du zum Galgenplatz.","신전 쪽에서 선술집을 지나 왼쪽으로 가면 교수대 광장이 나와.","","False","SVM_9_TEMPEL_2_GALGEN","",""
"Scripts/Content/Story/SVM.d:2084","Wenn du vom Marktplatz aus an der hohen Stadtmauer entlanggehst, kommst du zum Tempel.","시장에서 높은 성벽을 따라 걸어가면 신전이 나와.","","False","SVM_9_MARKT_2_TEMPEL","",""
"Scripts/Content/Story/SVM.d:2085","Die Kaserne ist das riesengroße Gebäude. Geh einfach die Treppen gegenüber dem Hotel rauf.","거대한 건물이 병영이야. 호텔 건너편에 있는 계단으로 올라가기만 하면 돼.","","False","SVM_9_MARKT_2_KASERNE","",""
"Scripts/Content/Story/SVM.d:2086","Geh einfach an der großen Kaserne entlang und du kommst zum Galgenplatz.","커다란 병영을 따라 걸어가면 교수대 광장이 나와.","","False","SVM_9_MARKT_2_GALGEN","",""
"Scripts/Content/Story/SVM.d:2087","Geh vom Galgenplatz aus die Gasse runter und du kommst zum Tempelplatz.","교수대 광장에서 골목을 따라 내려가면 신전 광장이 나와.","","False","SVM_9_GALGEN_2_TEMPEL","",""
"Scripts/Content/Story/SVM.d:2088","Geh einfach an der großen Kaserne entlang und du kommst zum Markt.","커다란 병영을 따라 걸어가면 시장이 나와.","","False","SVM_9_GALGEN_2_MARKT","",""
"Scripts/Content/Story/SVM.d:2089","Die Kaserne ist das riesengroße Gebäude. Geh einfach die Treppen rauf.","거대한 건물이 병영이야. 그냥 계단 위로 올라가면 돼.","","False","SVM_9_GALGEN_2_KASERNE","",""
"Scripts/Content/Story/SVM.d:2090","Geh einfach die Treppe am Haupteingang links runter, und dann kommst du zum Marktplatz.","정문 왼쪽에 있는 계단으로 내려가면 시장이 나와.","","False","SVM_9_KASERNE_2_MARKT","",""
"Scripts/Content/Story/SVM.d:2091","Geh einfach die Treppe am Haupteingang rechts runter, dann kommst du zum Galgenplatz.","정문 오른쪽에 있는 계단으로 내려가면 교수대 광장이 나와.","","False","SVM_9_KASERNE_2_GALGEN","",""
"Scripts/Content/Story/SVM.d:2092","Geh von der Kaimauer aus die Hafenstraße hoch, dann kommst du in die Unterstadt.","부두 방벽에서 항구 길을 따라 올라가면 하부시가지가 나와.","","False","SVM_9_HAFEN_2_UNTERSTADT","",""
"Scripts/Content/Story/SVM.d:2094","Aaaaaargl!","아아아아악!","","False","SVM_9_Dead","",""
"Scripts/Content/Story/SVM.d:2095","Aargh","크윽","","False","SVM_9_Aargh_1","",""
"Scripts/Content/Story/SVM.d:2096","Aargh","크윽","","False","SVM_9_Aargh_2","",""
"Scripts/Content/Story/SVM.d:2097","Aargh","크윽","","False","SVM_9_Aargh_3","",""
"Scripts/Content/Story/SVM.d:2101","Was soll der Aufzug? Zieh dir was an, was zu dir passt.","그 꼴은 또 뭐야? 어울리는 옷이라도 좀 입지 그래.","","False","SVM_9_Addon_WrongArmor","",""
"Scripts/Content/Story/SVM.d:2102","Wie rennst du denn rum? Zieh dir gefälligst deine Rüstung an.","차림새가 그게 뭐야? 제발 방어구를 입으라고.","","False","SVM_9_ADDON_WRONGARMOR_SLD","",""
"Scripts/Content/Story/SVM.d:2103","Du arbeitest für den König, also trägst du auch gefälligst seine Rüstung. Zieh dich um.","왕을 위해 일하고 있으니 그에 걸맞은 방어구를 입어라. 옷을 갈아입도록.","","False","SVM_9_ADDON_WRONGARMOR_MIL","",""
"Scripts/Content/Story/SVM.d:2104","Deine Kleidung ist unserem Orden nicht angemessen. Zieh dich um.","네 옷차림은 우리 교단에 어울리지 않는다. 옷을 갈아입어라.","","False","SVM_9_ADDON_WRONGARMOR_KDF","",""
"Scripts/Content/Story/SVM.d:2105","Hast ja noch nicht mal 'ne Rüstung. Verschwinde!","너 방어구조차 없잖아. 꺼져!","","False","SVM_9_ADDON_ADDON_NOARMOR_BDT","",""
"Scripts/Content/Story/SVM.d:2107","Jetzt bist du dran, Bandit!","이제 네 차례다, 산적!","","False","SVM_9_ADDON_DIEBANDIT","",""
"Scripts/Content/Story/SVM.d:2108","Du hättest hier nicht auftauchen sollen, Pirat.","네가 여기에 나타나지 말았어야 했어, 해적.","","False","SVM_9_ADDON_DIRTYPIRATE","",""
"Scripts/Content/Story/SVM.d:2114","Für den König!","국왕 폐하를 위하여!","","False","SVM_10_MILGreetings","",""
"Scripts/Content/Story/SVM.d:2115","Für Innos!","이노스를 위하여!","","False","SVM_10_PALGreetings","",""
"Scripts/Content/Story/SVM.d:2116","Scheißwetter!","날씨 더럽게 구리네!","","False","SVM_10_Weather","",""
"Scripts/Content/Story/SVM.d:2118","DU schon wieder!","또 너잖아!","","False","SVM_10_IGetYouStill","",""
"Scripts/Content/Story/SVM.d:2119","Ich mach dich fertig!","가만두지 않겠다!","","False","SVM_10_DieEnemy","",""
"Scripts/Content/Story/SVM.d:2120","Schon wieder eins von diesen Biestern!","또 이 괴물 녀석들 중 하나잖아!","","False","SVM_10_DieMonster","",""
"Scripts/Content/Story/SVM.d:2121","Du mieser kleiner Dieb!","이 더러운 꼬마 도둑 녀석!","","False","SVM_10_DirtyThief","",""
"Scripts/Content/Story/SVM.d:2122","Nimm die Finger weg da!","당장 손 안 대지 못해!","","False","SVM_10_HandsOff","",""
"Scripts/Content/Story/SVM.d:2123","Hey! Lass unsere Schafe in Ruhe!","이봐! 우리 양들을 내버려 둬!","","False","SVM_10_SheepKiller","",""
"Scripts/Content/Story/SVM.d:2124","Das Biest frisst unsere Schafe!","저 괴물이 우리 양들을 먹어 치우고 있어!","","False","SVM_10_SheepKillerMonster","",""
"Scripts/Content/Story/SVM.d:2125","Mörder!","살인마!","","False","SVM_10_YouMurderer","",""
"Scripts/Content/Story/SVM.d:2126","Was will DAS Vieh denn hier?","이런 짐승 새끼가 여긴 왜 기어들었어?","","False","SVM_10_DieStupidBeast","",""
"Scripts/Content/Story/SVM.d:2127","Jetzt kannst du was erleben!","이제 큰코다치게 될 거야!","","False","SVM_10_YouDareHitMe","",""
"Scripts/Content/Story/SVM.d:2128","Du hast es nicht anders gewollt!","네가 자초한 일이다.","","False","SVM_10_YouAskedForIt","",""
"Scripts/Content/Story/SVM.d:2129","Wer nicht hören will, muss fühlen.","말로 해서 안 되면 몸으로 때워야지.","","False","SVM_10_ThenIBeatYouOutOfHere","",""
"Scripts/Content/Story/SVM.d:2130","Was wolltet du da drin, he!?","거기서 뭘 하려던 거냐, 하!","","False","SVM_10_WhatDidYouDoInThere","",""
"Scripts/Content/Story/SVM.d:2131","Wollt ihr wohl damit aufhören!?","그만두지 못할까!","","False","SVM_10_WillYouStopFighting","",""
"Scripts/Content/Story/SVM.d:2133","Stirb!","죽어라!","","False","SVM_10_KillEnemy","",""
"Scripts/Content/Story/SVM.d:2134","So ein dämlicher Mistkerl ...","구제불능인 멍청이 같으니...","","False","SVM_10_EnemyKilled","",""
"Scripts/Content/Story/SVM.d:2135","So, das war's mit dir, du Mistvieh!","좋다, 거기까지다 이 더러운 짐승 녀석!","","False","SVM_10_MonsterKilled","",""
"Scripts/Content/Story/SVM.d:2136","Lass in Zukunft die Finger von meinen Sachen, klar?","앞으로는 내 물건에 손대지 않는 게 좋을 거야, 알았어?","","False","SVM_10_ThiefDown","",""
"Scripts/Content/Story/SVM.d:2137","Behalt in Zukunft deine Finger bei dir!","앞으로는 손버릇 조심해!","","False","SVM_10_rumfummlerDown","",""
"Scripts/Content/Story/SVM.d:2138","Vergreif dich nie wieder an unseren Schafen!","다시는 우리 양들에게 감히 손대지 마라!","","False","SVM_10_SheepAttackerDown","",""
"Scripts/Content/Story/SVM.d:2139","Stirb, Mörder!","죽어라, 살인마!","","False","SVM_10_KillMurderer","",""
"Scripts/Content/Story/SVM.d:2140","So ein saublödes Vieh!","구제불능인 짐승 같으니라고!","","False","SVM_10_StupidBeastKilled","",""
"Scripts/Content/Story/SVM.d:2141","Versuch das nicht noch mal, Bürschchen!","다시는 이런 짓 하지 마라, 애송이!","","False","SVM_10_NeverHitMeAgain","",""
"Scripts/Content/Story/SVM.d:2142","Lass dir das eine Lehre sein.","뼈저리게 후회하게 될 거다.","","False","SVM_10_YouBetterShouldHaveListened","",""
"Scripts/Content/Story/SVM.d:2143","Steh auf und mach, dass du hier rauskommst!","일어나서 당장 꺼져!","","False","SVM_10_GetUpAndBeGone","",""
"Scripts/Content/Story/SVM.d:2144","Ich will dich nie wieder da drinnen sehen, klar?","다시는 그 안에서 네 녀석을 보지 않기를 바란다, 알겠어?","","False","SVM_10_NeverEnterRoomAgain","",""
"Scripts/Content/Story/SVM.d:2145","Wenn hier einer Schläge verteilt, dann bin ich das, kapiert?","누굴 패는 건 나 혼자로 충분하다, 알겠냐?","","False","SVM_10_ThereIsNoFightingHere","",""
"Scripts/Content/Story/SVM.d:2147","Lass mich bloß in Ruhe!","제발 날 내버려 둬!","","False","SVM_10_SpareMe","",""
"Scripts/Content/Story/SVM.d:2148","Scheiße! Nichts wie weg!","젠장! 여기서 도망쳐야겠어!","","False","SVM_10_RunAway","",""
"Scripts/Content/Story/SVM.d:2150","ALARM!","비상!","","False","SVM_10_Alarm","",""
"Scripts/Content/Story/SVM.d:2151","WACHE!","경비병!","","False","SVM_10_Guards","",""
"Scripts/Content/Story/SVM.d:2152","Hilfe!","살려줘!","","False","SVM_10_Help","",""
"Scripts/Content/Story/SVM.d:2154","(ruft zu) Ja! So muss man's den Biestern geben!","(소리치며) 그래! 저런 괴물 놈들은 그렇게 혼내줘야지!","","False","SVM_10_GoodMonsterKill","",""
"Scripts/Content/Story/SVM.d:2155","(ruft) Das hat die Sau verdient!","(소리치며) 저 돼지 녀석이 당할 짓을 했지!","","False","SVM_10_GoodKill","",""
"Scripts/Content/Story/SVM.d:2157","Lass mich in Ruhe!","날 내버려 둬!","","False","SVM_10_NOTNOW","",""
"Scripts/Content/Story/SVM.d:2159","(ruft laut) Wir sprechen uns noch!","(소리치며) 두고 보자고!","","False","SVM_10_RunCoward","",""
"Scripts/Content/Story/SVM.d:2161","Raus!","꺼져!","","False","SVM_10_GetOutOfHere","",""
"Scripts/Content/Story/SVM.d:2162","Was hast du hier zu suchen?!","여긴 무슨 일로 온 거냐?!","","False","SVM_10_WhyAreYouInHere","",""
"Scripts/Content/Story/SVM.d:2163","Ja, hau ab!","그래, 썩 꺼져버려!","","False","SVM_10_YesGoOutOfHere","",""
"Scripts/Content/Story/SVM.d:2165","Was schleichst du denn da rum?","거기서 뭘 슬금슬금 기어 다니는 거야?","","False","SVM_10_WhatsThisSupposedToBe","",""
"Scripts/Content/Story/SVM.d:2166","(wacht auf) Was ist los?","(잠에서 깨며) 무슨 일이야?","","False","SVM_10_YouDisturbedMySlumber","",""
"Scripts/Content/Story/SVM.d:2168","Danke für das Gold, du Held!","금화 고맙다, 영웅 양반!","","False","SVM_10_ITookYourGold","",""
"Scripts/Content/Story/SVM.d:2169","Du armes Würstchen, hast ja nicht mal Gold dabei!","이 불쌍한 녀석, 가진 금화조차 없잖아!","","False","SVM_10_ShitNoGold","",""
"Scripts/Content/Story/SVM.d:2170","Die Waffe nehm ich mal besser an mich!","이 무기는 안전을 위해 내가 챙겨가지!","","False","SVM_10_ITakeYourWeapon","",""
"Scripts/Content/Story/SVM.d:2172","(warnt) Pass auf! Noch mal und ich verpass dir eine.","(경고하며) 조심해라! 한 번만 더 그랬다간 뼈도 못 추릴 줄 알아.","","False","SVM_10_WhatAreYouDoing","",""
"Scripts/Content/Story/SVM.d:2174","(agressiv) Willst du noch mal was aufs Maul?","(공격적으로) 얼굴에 주먹 맛 좀 더 보고 싶나?","","False","SVM_10_LookingForTroubleAgain","",""
"Scripts/Content/Story/SVM.d:2176","Hör auf mit dieser Magie-Scheiße!","그 빌어먹을 마법 짓거리 좀 집어쳐!","","False","SVM_10_StopMagic","",""
"Scripts/Content/Story/SVM.d:2177","Willst du Schläge? Hör sofort damit auf!!!","매를 맞고 싶나? 당장 그만두지 못해!!!","","False","SVM_10_ISaidStopMagic","",""
"Scripts/Content/Story/SVM.d:2178","Steck die Waffe weg!","무기를 집어넣어!","","False","SVM_10_WeaponDown","",""
"Scripts/Content/Story/SVM.d:2179","Steck endlich die Scheißwaffe weg!!","그 빌어먹을 무기 당장 집어넣지 못해!!","","False","SVM_10_ISaidWeaponDown","",""
"Scripts/Content/Story/SVM.d:2180","Kluges Kerlchen!","영리한 녀석 같으니!","","False","SVM_10_WiseMove","",""
"Scripts/Content/Story/SVM.d:2182","(zu sich selbst) Das nächste Mal werden wir ja sehen ...","(혼잣말로) 다음번에 아주 뼈도 못 추리게 해줄 테다...","","False","SVM_10_NextTimeYoureInForIt","",""
"Scripts/Content/Story/SVM.d:2183","(zu sich selbst) Oh Mann, mein Kopf ...","(혼잣말로) 오 젠장, 내 머리야...","","False","SVM_10_OhMyHead","",""
"Scripts/Content/Story/SVM.d:2185","(gierig) Ah, ein Kampf!","(열광하며) 오호, 싸움이잖아!","","False","SVM_10_TheresAFight","",""
"Scripts/Content/Story/SVM.d:2186","(bestürzt) Mein Gott, ein Kampf!","(경악하며) 세상에, 싸움이라니!","","False","SVM_10_OhMyGodItsAFight","",""
"Scripts/Content/Story/SVM.d:2187","(böse lachend) Dem hast du's gezeigt!","(사악하게 웃으며) 아주 제대로 본때를 보여줬군!","","False","SVM_10_GoodVictory","",""
"Scripts/Content/Story/SVM.d:2188","(anerkennend) Nicht schlecht ...","(감탄하며) 나쁘지 않은데...","","False","SVM_10_NotBad","",""
"Scripts/Content/Story/SVM.d:2189","(zu sich selbst) Mein Gott! Wie brutal ...","(혼잣말로) 세상에! 저렇게 무식하게...","","False","SVM_10_OhMyGodHesDown","",""
"Scripts/Content/Story/SVM.d:2190","Ja, gib's ihm!","그래, 아주 짓밟아버려!","","False","SVM_10_CheerFriend01","",""
"Scripts/Content/Story/SVM.d:2191","Zeig's ihm!","본때를 보여줘!","","False","SVM_10_CheerFriend02","",""
"Scripts/Content/Story/SVM.d:2192","Mach ihn fertig!","끝장을 내버려!","","False","SVM_10_CheerFriend03","",""
"Scripts/Content/Story/SVM.d:2193","Wehr dich!","방어해!","","False","SVM_10_Ooh01","",""
"Scripts/Content/Story/SVM.d:2194","Schlag doch zurück!","가만히 있지 말고 반격해!","","False","SVM_10_Ooh02","",""
"Scripts/Content/Story/SVM.d:2195","Uh! Das tat weh!","으악! 아프잖아!","","False","SVM_10_Ooh03","",""
"Scripts/Content/Story/SVM.d:2197","(zu sich selbst, wacht auf) Verdammt, was WAR das!?","(혼잣말하며, 잠에서 깨어) 젠장, 방금 그게 뭐야!?","","False","SVM_10_WhatWasThat","",""
"Scripts/Content/Story/SVM.d:2199","Raus aus meinem Bett!","내 침대에서 당장 꺼져!","","False","SVM_10_GetOutOfMyBed","",""
"Scripts/Content/Story/SVM.d:2200","(herzhaftes Gähnen)","(시원하게 하품을 한다)","","False","SVM_10_Awake","",""
"Scripts/Content/Story/SVM.d:2202","Der Kommandant hat also die Sache für dich in Ordnung gebracht.","그럼 사령관이 네 일을 잘 수습해 줬단 말이지.","","False","SVM_10_ABS_COMMANDER","",""
"Scripts/Content/Story/SVM.d:2203","Du hast also bei Vater Parlan für deine Taten gebüßt.","파를란 신부님 앞에서 네 죄를 속죄했군.","","False","SVM_10_ABS_MONASTERY","",""
"Scripts/Content/Story/SVM.d:2204","Ich hörte, Lee hat's noch mal für dich hingebogen.","리가 또 너를 위해 무마해 줬다고 들었다.","","False","SVM_10_ABS_FARM","",""
"Scripts/Content/Story/SVM.d:2205","Na gut.","좋다.","","False","SVM_10_ABS_GOOD","",""
"Scripts/Content/Story/SVM.d:2207","Schafe schlachten ist das Letzte! Verschwinde!","양을 도살하다니 용서할 수 없다! 꺼져라!","","False","SVM_10_SHEEPKILLER_CRIME","",""
"Scripts/Content/Story/SVM.d:2208","Du bist ein Schläger - hau ab!","넌 폭력배야. 당장 꺼져!","","False","SVM_10_ATTACK_CRIME","",""
"Scripts/Content/Story/SVM.d:2209","Verfluchter Dieb! - Für dich habe ich nichts mehr übrig!","저주받을 도둑 녀석! - 너한테는 더 이상 정이 안 간다!","","False","SVM_10_THEFT_CRIME","",""
"Scripts/Content/Story/SVM.d:2211","Von einem Paladin hätte ich mehr erwartet! Lord Hagen wird nicht erfreut sein.","팔라딘이라면 이보다 나을 줄 알았는데! 헤이건 경께서 좋아하지 않으실 거다.","","False","SVM_10_PAL_CITY_CRIME","",""
"Scripts/Content/Story/SVM.d:2212","Dass so einer wie du überhaupt bei der Stadtwache ist! Lord Andre wird dich dafür zahlen lassen!","너 같은 게 어떻게 도시 경비병이 된 거지! 안드레 경께서 대가를 치르게 하실 거다!","","False","SVM_10_MIL_CITY_CRIME","",""
"Scripts/Content/Story/SVM.d:2213","Lord Andre wird von deinem Verhalten erfahren!","안드레 경께서 네 작태를 알게 되실 거다!","","False","SVM_10_CITY_CRIME","",""
"Scripts/Content/Story/SVM.d:2215","Vater Parlan wird erzürnt sein über deinen Frevel!","파를란 신부님께서 네 불경스러운 짓에 진노하실 것이다!","","False","SVM_10_MONA_CRIME","",""
"Scripts/Content/Story/SVM.d:2216","Damit wird Lee dich nicht davonkommen lassen!","리께서 이 일 그냥 넘어가시지 않을 거야!","","False","SVM_10_FARM_CRIME","",""
"Scripts/Content/Story/SVM.d:2217","Das wird Kommandant Garond nicht gerne hören - dafür musst du zahlen!","가론드 사령관님이 이 소식을 들으면 좋아하지 않으실 거다. 대가를 치르게 될 거다!","","False","SVM_10_OC_CRIME","",""
"Scripts/Content/Story/SVM.d:2219","Du hast ja 'nen ganz schönen Schlag drauf ... Was willst du?","제법 한 가닥 하는 모양인데... 뭘 원하지?","","False","SVM_10_TOUGHGUY_ATTACKLOST","",""
"Scripts/Content/Story/SVM.d:2220","(selbstgefällig) Noch Fragen?","(거들먹거리며) 질문 있나?","","False","SVM_10_TOUGHGUY_ATTACKWON","",""
"Scripts/Content/Story/SVM.d:2221","Da bist du ja wieder!","거기 또 찾아왔구만!","","False","SVM_10_TOUGHGUY_PLAYERATTACK","",""
"Scripts/Content/Story/SVM.d:2223","1000 Goldstücke.","1000 금화.","","False","SVM_10_GOLD_1000","",""
"Scripts/Content/Story/SVM.d:2224","950 Goldstücke.","950 금화.","","False","SVM_10_GOLD_950","",""
"Scripts/Content/Story/SVM.d:2225","900 Goldstücke.","900 금화.","","False","SVM_10_GOLD_900","",""
"Scripts/Content/Story/SVM.d:2226","850 Goldstücke.","850 금화.","","False","SVM_10_GOLD_850","",""
"Scripts/Content/Story/SVM.d:2227","800 Goldstücke.","800 금화.","","False","SVM_10_GOLD_800","",""
"Scripts/Content/Story/SVM.d:2228","750 Goldstücke.","750 금화.","","False","SVM_10_GOLD_750","",""
"Scripts/Content/Story/SVM.d:2229","700 Goldstücke.","700 금화.","","False","SVM_10_GOLD_700","",""
"Scripts/Content/Story/SVM.d:2230","650 Goldstücke.","금 650닢.","","False","SVM_10_GOLD_650","",""
"Scripts/Content/Story/SVM.d:2231","600 Goldstücke.","금 600닢.","","False","SVM_10_GOLD_600","",""
"Scripts/Content/Story/SVM.d:2232","550 Goldstücke.","금 550닢.","","False","SVM_10_GOLD_550","",""
"Scripts/Content/Story/SVM.d:2233","500 Goldstücke.","금 500닢.","","False","SVM_10_GOLD_500","",""
"Scripts/Content/Story/SVM.d:2234","450 Goldstücke.","금 450닢.","","False","SVM_10_GOLD_450","",""
"Scripts/Content/Story/SVM.d:2235","400 Goldstücke.","금 400닢.","","False","SVM_10_GOLD_400","",""
"Scripts/Content/Story/SVM.d:2236","350 Goldstücke.","금 350닢.","","False","SVM_10_GOLD_350","",""
"Scripts/Content/Story/SVM.d:2237","300 Goldstücke.","금 300닢.","","False","SVM_10_GOLD_300","",""
"Scripts/Content/Story/SVM.d:2238","250 Goldstücke.","금 250닢.","","False","SVM_10_GOLD_250","",""
"Scripts/Content/Story/SVM.d:2239","200 Goldstücke.","금 200닢.","","False","SVM_10_GOLD_200","",""
"Scripts/Content/Story/SVM.d:2240","150 Goldstücke.","금 150닢.","","False","SVM_10_GOLD_150","",""
"Scripts/Content/Story/SVM.d:2241","100 Goldstücke.","금 100닢.","","False","SVM_10_GOLD_100","",""
"Scripts/Content/Story/SVM.d:2242","90 Goldstücke.","금 90닢.","","False","SVM_10_GOLD_90","",""
"Scripts/Content/Story/SVM.d:2243","80 Goldstücke.","금 80닢.","","False","SVM_10_GOLD_80","",""
"Scripts/Content/Story/SVM.d:2244","70 Goldstücke.","금 70닢.","","False","SVM_10_GOLD_70","",""
"Scripts/Content/Story/SVM.d:2245","60 Goldstücke.","금 60닢.","","False","SVM_10_GOLD_60","",""
"Scripts/Content/Story/SVM.d:2246","50 Goldstücke.","금 50닢.","","False","SVM_10_GOLD_50","",""
"Scripts/Content/Story/SVM.d:2247","40 Goldstücke.","금 40닢.","","False","SVM_10_GOLD_40","",""
"Scripts/Content/Story/SVM.d:2248","30 Goldstücke.","금 30닢.","","False","SVM_10_GOLD_30","",""
"Scripts/Content/Story/SVM.d:2249","20 Goldstücke.","금 20닢.","","False","SVM_10_GOLD_20","",""
"Scripts/Content/Story/SVM.d:2250","10 Goldstücke.","금 10닢.","","False","SVM_10_GOLD_10","",""
"Scripts/Content/Story/SVM.d:2252","... das interessiert mich nicht ...","...그런 건 관심 없어...","","False","SVM_10_Smalltalk01","",""
"Scripts/Content/Story/SVM.d:2253","... das will doch keiner wissen ...","...누가 그런 걸 알고 싶어 하겠어...","","False","SVM_10_Smalltalk02","",""
"Scripts/Content/Story/SVM.d:2254","... es war doch seine Entscheidung ...","...어쨌든 본인이 내린 결정이었잖아...","","False","SVM_10_Smalltalk03","",""
"Scripts/Content/Story/SVM.d:2255","... keine Ahnung, sag du es mir ...","...글쎄, 네가 말해 보든가...","","False","SVM_10_Smalltalk04","",""
"Scripts/Content/Story/SVM.d:2256","... ich werde mich da nicht einmischen ...","...난 거기에 끼어들 생각 없어...","","False","SVM_10_Smalltalk05","",""
"Scripts/Content/Story/SVM.d:2257","... ich hab für so etwas keine Zeit ...","...나한테는 그런 거에 쓸 시간 없어...","","False","SVM_10_Smalltalk06","",""
"Scripts/Content/Story/SVM.d:2258","... ich könnte mir so etwas nicht erlauben ...","...나라면 그런 짓은 엄두도 못 낼걸...","","False","SVM_10_Smalltalk07","",""
"Scripts/Content/Story/SVM.d:2259","... mir brauchst du das nicht zu sagen ...","...그런 소리 나한테 할 필요 없어...","","False","SVM_10_Smalltalk08","",""
"Scripts/Content/Story/SVM.d:2260","... erzähl mir nichts, ich kenne so was ...","...새삼스레 그럴 거까진 없지, 겪어봐서 아는데...","","False","SVM_10_Smalltalk09","",""
"Scripts/Content/Story/SVM.d:2261","... ich könnte dir Sachen erzählen ...","...내가 해줄 수 있는 얘기도 많지...","","False","SVM_10_Smalltalk10","",""
"Scripts/Content/Story/SVM.d:2262","... da kann man sich nicht drauf verlassen ...","...그런 건 믿을 게 못 돼...","","False","SVM_10_Smalltalk11","",""
"Scripts/Content/Story/SVM.d:2263","... das habe ich früher auch immer gesagt ...","...나도 예전에 늘 그렇게 말하곤 했지...","","False","SVM_10_Smalltalk12","",""
"Scripts/Content/Story/SVM.d:2264","... und glaub ja nicht, dass das alles ist ...","...그게 끝이라고 생각하지 마...","","False","SVM_10_Smalltalk13","",""
"Scripts/Content/Story/SVM.d:2265","... immer wieder das gleiche ...","...언제나 똑같지...","","False","SVM_10_Smalltalk14","",""
"Scripts/Content/Story/SVM.d:2266","... das kann doch nicht wahr sein ...","...믿을 수가 없네...","","False","SVM_10_Smalltalk15","",""
"Scripts/Content/Story/SVM.d:2267","... irgendwann musste es ja so kommen ...","...언젠가는 이렇게 될 줄 알았어...","","False","SVM_10_Smalltalk16","",""
"Scripts/Content/Story/SVM.d:2268","... das hätte er auch selbst wissen können ...","...그놈도 스스로 알았을 텐데...","","False","SVM_10_Smalltalk17","",""
"Scripts/Content/Story/SVM.d:2269","... das wird sich nie ändern ...","...절대 변하지 않을 거야...","","False","SVM_10_Smalltalk18","",""
"Scripts/Content/Story/SVM.d:2270","... das ist kein Geheimnis ...","...비밀도 아니지...","","False","SVM_10_Smalltalk19","",""
"Scripts/Content/Story/SVM.d:2271","... das war keine große Sache ...","...대단한 일도 아니었어...","","False","SVM_10_Smalltalk20","",""
"Scripts/Content/Story/SVM.d:2272","... er stellt sich das immer so einfach vor ...","...녀석은 항상 세상을 너무 쉽게 보단 말이야...","","False","SVM_10_Smalltalk21","",""
"Scripts/Content/Story/SVM.d:2273","... das will doch keiner mehr hören ...","...이제 그런 얘기 듣고 싶어 하는 사람도 없어...","","False","SVM_10_Smalltalk22","",""
"Scripts/Content/Story/SVM.d:2274","... ist doch wahr ...","...맞는 말이잖아...","","False","SVM_10_Smalltalk23","",""
"Scripts/Content/Story/SVM.d:2275","... da muss man einfach mal zuhören ...","...그냥 가만히 들어보면 돼...","","False","SVM_10_Smalltalk24","",""
"Scripts/Content/Story/SVM.d:2277","... wenn wir nicht gekommen wären, wäre die Sache anders ausgegangen ...","...우리가 오지 않았더라면 상황은 완전히 달라졌을걸...","","False","SVM_10_Smalltalk25","",""
"Scripts/Content/Story/SVM.d:2278","...der muss einfach mehr trainieren...","...녀석은 훈련을 더 해야 해...","","False","SVM_10_Smalltalk26","",""
"Scripts/Content/Story/SVM.d:2279","... der soll mir nichts von Pflicht erzählen ...","...그 자식이 의무에 대해 뭘 안다고...","","False","SVM_10_Smalltalk27","",""
"Scripts/Content/Story/SVM.d:2281","... Innos' Strafe ist gerecht ...","...이노스의 심판은 공정하다...","","False","SVM_10_Smalltalk28","",""
"Scripts/Content/Story/SVM.d:2282","... der Pfad der Tugend ist lang und steinig ...","...미덕의 길은 길고도 험난하지...","","False","SVM_10_Smalltalk29","",""
"Scripts/Content/Story/SVM.d:2283","... nur Innos entscheidet über Recht und Unrecht ...","...옳고 그름은 오직 이노스만이 심판하신다...","","False","SVM_10_Smalltalk30","",""
"Scripts/Content/Story/SVM.d:2285","Komm wieder, wenn du mehr Erfahrung hast.","경험을 더 쌓고 오게.","","False","SVM_10_NoLearnNoPoints","",""
"Scripts/Content/Story/SVM.d:2286","Du verlangst mehr von mir, als ich dir beibringen kann.","내가 가르칠 수 있는 것보다 더 많은 걸 바라는군.","","False","SVM_10_NoLearnOverPersonalMAX","",""
"Scripts/Content/Story/SVM.d:2287","Ich kann dir nichts mehr beibringen. Du bist zu gut.","더 이상 가르쳐줄 게 없군. 넌 이미 너무 강해졌어.","","False","SVM_10_NoLearnYoureBetter","",""
"Scripts/Content/Story/SVM.d:2288","Siehst du, du bist schon besser geworden ...","봐라, 벌써 실력이 늘었잖아...","","False","SVM_10_YouLearnedSomething","",""
"Scripts/Content/Story/SVM.d:2290","Du bist jetzt in der Unterstadt.","너는 지금 하도시대에 있다.","","False","SVM_10_UNTERSTADT","",""
"Scripts/Content/Story/SVM.d:2291","Du bist jetzt in der Oberstadt.","너는 지금 상도시대에 있다.","","False","SVM_10_OBERSTADT","",""
"Scripts/Content/Story/SVM.d:2292","Du bist jetzt am Tempel.","너는 지금 신전에 있다.","","False","SVM_10_TEMPEL","",""
"Scripts/Content/Story/SVM.d:2293","Du bist jetzt am Marktplatz.","너는 지금 시장에 있다.","","False","SVM_10_MARKT","",""
"Scripts/Content/Story/SVM.d:2294","Du bist jetzt am Galgenplatz vor der Kaserne.","너는 지금 병영 앞 처형 광장에 있다.","","False","SVM_10_GALGEN","",""
"Scripts/Content/Story/SVM.d:2295","Das hier ist die Kaserne.","여기는 병영이다.","","False","SVM_10_KASERNE","",""
"Scripts/Content/Story/SVM.d:2296","Du bist hier im Hafenviertel.","너는 지금 항구 구역에 있다.","","False","SVM_10_HAFEN","",""
"Scripts/Content/Story/SVM.d:2298","Wo willst du hin?","어디로 가는 길인가?","","False","SVM_10_WHERETO","",""
"Scripts/Content/Story/SVM.d:2300","Geh von hier aus durch das innere Stadttor und du kommst in die Unterstadt.","여기서 안쪽 도시 문을 통과해 걸어가면 하도시대가 나온다.","","False","SVM_10_OBERSTADT_2_UNTERSTADT","",""
"Scripts/Content/Story/SVM.d:2301","Am südlichen Stadttor gibt es eine Treppe, die zum inneren Stadttor hochführt. Dort beginnt die Oberstadt.","남쪽 성문 근처에 안쪽 도시 문으로 이어지는 계단이 있다. 그곳이 상도시대의 시작이다.","","False","SVM_10_UNTERSTADT_2_OBERSTADT","",""
"Scripts/Content/Story/SVM.d:2302","Geh vom Schmied aus durch die Unterführung und du kommst zum Tempelplatz.","대장간에서 지하 통로를 통해 걸어가면 신전 광장이 나온다.","","False","SVM_10_UNTERSTADT_2_TEMPEL","",""
"Scripts/Content/Story/SVM.d:2303","Geh vom Schmied aus die Hafenstraße runter, dann kommst du zum Hafen.","대장간에서 항구 길을 따라 내려가면 항구가 나온다.","","False","SVM_10_UNTERSTADT_2_HAFEN","",""
"Scripts/Content/Story/SVM.d:2304","Vom Tempelplatz aus gibt es eine Unterführung, die in die Unterstadt führt.","신전 광장에서 하도시대로 통하는 지하 통도가 있다.","","False","SVM_10_TEMPEL_2_UNTERSTADT","",""
"Scripts/Content/Story/SVM.d:2305","Wenn du vorm Tempel stehst, geh links hoch und an der Stadtmauer entlang, dann kommst du zum Markt.","신전 앞에서 왼쪽으로 올라가 성벽을 따라가면 시장이 나온다.","","False","SVM_10_TEMPEL_2_MARKT","",""
"Scripts/Content/Story/SVM.d:2306","Wenn du vom Tempel aus gesehen links an der Kneipe vorbeigehst, kommst du zum Galgenplatz.","신전에서 볼 때 술집 왼쪽으로 지나가면 처형 광장이 나온다.","","False","SVM_10_TEMPEL_2_GALGEN","",""
"Scripts/Content/Story/SVM.d:2307","Wenn du vom Marktplatz aus an der hohen Stadtmauer entlanggehst, kommst du zum Tempel.","시장에서 높은 성벽을 따라 걸어가면 신전이 나온다.","","False","SVM_10_MARKT_2_TEMPEL","",""
"Scripts/Content/Story/SVM.d:2308","Die Kaserne ist das riesengroße Gebäude. Geh einfach die Treppen gegenüber dem Hotel rauf.","저 커다란 건물이 병영이다. 호텔 반대편에 있는 계단으로 올라가기만 하면 된다.","","False","SVM_10_MARKT_2_KASERNE","",""
"Scripts/Content/Story/SVM.d:2309","Geh einfach an der großen Kaserne entlang und du kommst zum Galgenplatz.","커다란 병영을 따라 걸어가면 처형 광장이 나온다.","","False","SVM_10_MARKT_2_GALGEN","",""
"Scripts/Content/Story/SVM.d:2310","Geh vom Galgenplatz aus die Gasse runter und du kommst zum Tempelplatz.","처형 광장에서 골목길을 따라 내려가면 신전 광장이 나온다.","","False","SVM_10_GALGEN_2_TEMPEL","",""
"Scripts/Content/Story/SVM.d:2311","Geh einfach an der großen Kaserne entlang und du kommst zum Markt.","커다란 병영을 따라 걸어가면 시장이 나온다.","","False","SVM_10_GALGEN_2_MARKT","",""
"Scripts/Content/Story/SVM.d:2312","Die Kaserne ist das riesengroße Gebäude. Geh einfach die Treppe rauf.","저 커다란 건물이 병영이다. 계단으로 올라가기만 하면 된다.","","False","SVM_10_GALGEN_2_KASERNE","",""
"Scripts/Content/Story/SVM.d:2313","Geh einfach die Treppe am Haupteingang links runter, dann kommst du zum Marktplatz.","정문 왼쪽에 있는 계단으로 내려가면 시장이 나온다.","","False","SVM_10_KASERNE_2_MARKT","",""
"Scripts/Content/Story/SVM.d:2314","Geh einfach die Treppe am Haupteingang rechts runter, dann kommst du zum Galgenplatz.","정문 오른쪽에 있는 계단으로 내려가면 처형 광장이 나온다.","","False","SVM_10_KASERNE_2_GALGEN","",""
"Scripts/Content/Story/SVM.d:2315","Geh von der Kaimauer aus die Hafenstraße hoch, dann kommst du in die Unterstadt.","안벽에서 항구 길을 따라 올라가면 하도시대가 나온다.","","False","SVM_10_HAFEN_2_UNTERSTADT","",""
"Scripts/Content/Story/SVM.d:2317","Aaaaaargl!","으아아아아악!","","False","SVM_10_Dead","",""
"Scripts/Content/Story/SVM.d:2318","Aargh","으윽","","False","SVM_10_Aargh_1","",""
"Scripts/Content/Story/SVM.d:2319","Aargh","으윽","","False","SVM_10_Aargh_2","",""
"Scripts/Content/Story/SVM.d:2320","Aargh","으윽","","False","SVM_10_Aargh_3","",""
"Scripts/Content/Story/SVM.d:2324","Was ist das für Kleidung? Sie passt nicht zu dir. Lass mich in Ruhe.","그 옷차림은 뭐지? 너한테 전혀 어울리지 않아. 내 눈에 띄지 마라.","","False","SVM_10_Addon_WrongArmor","",""
"Scripts/Content/Story/SVM.d:2325","Wenn du zu uns gehörst, solltest du auch unsere Klamotten tragen. Zieh dich erst mal um.","우리 동료라면 우리 옷을 입어야지. 먼저 옷부터 갈아입고 와.","","False","SVM_10_ADDON_WRONGARMOR_SLD","",""
"Scripts/Content/Story/SVM.d:2326","Wenn man dir die Rüstung des Königs gibt, dann trage sie auch gefälligst.","국왕의 갑옷을 받았으면 제발 좀 입고 다녀라.","","False","SVM_10_ADDON_WRONGARMOR_MIL","",""
"Scripts/Content/Story/SVM.d:2327","Wenn du die Robe verleugnest, verleugnest du Innos. Geh und denk darüber nach.","로브를 거부하는 것은 이노스를 거부하는 것이다. 가서 깊이 반성해라.","","False","SVM_10_ADDON_WRONGARMOR_KDF","",""
"Scripts/Content/Story/SVM.d:2328","Wenn du dir noch nicht mal eine Rüstung leisten kannst, warum soll ich mich dann mit dir unterhalten?","갑옷 한 벌 살 돈조차 없다면, 내가 너와 무슨 얘기를 나누겠나?","","False","SVM_10_ADDON_ADDON_NOARMOR_BDT","",""
"Scripts/Content/Story/SVM.d:2330","Du dreckiger Bandit!","더러운 산적 녀석!","","False","SVM_10_ADDON_DIEBANDIT","",""
"Scripts/Content/Story/SVM.d:2331","Du dreckiger Pirat!","더러운 해적 녀석!","","False","SVM_10_ADDON_DIRTYPIRATE","",""
"Scripts/Content/Story/SVM.d:2336","(ruft) Warte!","(외침) 잠깐!","","False","SVM_11_Addon_HeyWaitASecond","",""
"Scripts/Content/Story/SVM.d:2339","Für den König!","국왕을 위하여!","","False","SVM_11_MILGreetings","",""
"Scripts/Content/Story/SVM.d:2340","Für Innos!","이노스를 위하여!","","False","SVM_11_PALGreetings","",""
"Scripts/Content/Story/SVM.d:2341","So ein Mistwetter!","날씨 참 더럽네!","","False","SVM_11_Weather","",""
"Scripts/Content/Story/SVM.d:2343","Krieg ich dich DOCH noch!","결국 네놈을 잡고야 말았다!","","False","SVM_11_IGetYouStill","",""
"Scripts/Content/Story/SVM.d:2344","Jetzt bist du dran!","이제 끝이다!","","False","SVM_11_DieEnemy","",""
"Scripts/Content/Story/SVM.d:2345","Da ist wieder eins von diesen Drecksviechern!","저 쓰레기 같은 괴물 녀석이 또 나타났잖아!","","False","SVM_11_DieMonster","",""
"Scripts/Content/Story/SVM.d:2346","Na warte, du dreckiger Dieb!","어디 보자, 이 더러운 도둑놈!","","False","SVM_11_DirtyThief","",""
"Scripts/Content/Story/SVM.d:2347","Finger weg da!","손 떼라!","","False","SVM_11_HandsOff","",""
"Scripts/Content/Story/SVM.d:2348","Der Mistkerl schlachtet unsere Schafe!","저 개자식이 우리 양을 도살하고 있잖아!","","False","SVM_11_SheepKiller","",""
"Scripts/Content/Story/SVM.d:2349","Das verdammte Mistvieh frisst unsere Schafe!","저 저주받을 괴물이 우리 양을 잡아먹고 있어!","","False","SVM_11_SheepKillerMonster","",""
"Scripts/Content/Story/SVM.d:2350","Mörder!","살인마!","","False","SVM_11_YouMurderer","",""
"Scripts/Content/Story/SVM.d:2351","Hier kommen keine Viecher rein!","이곳에 괴물이 들어올 곳은 없다!","","False","SVM_11_DieStupidBeast","",""
"Scripts/Content/Story/SVM.d:2352","Na warte, du Mistkerl!","어디 보자, 이 개자식!","","False","SVM_11_YouDareHitMe","",""
"Scripts/Content/Story/SVM.d:2353","Du hast es so gewollt!","네가 자초한 일이다!","","False","SVM_11_YouAskedForIt","",""
"Scripts/Content/Story/SVM.d:2354","Dann muss ich dich eben rausprügeln!","그럼 널 여기서 패서 쫓아내 주마!","","False","SVM_11_ThenIBeatYouOutOfHere","",""
"Scripts/Content/Story/SVM.d:2355","Was hattest DU denn da drin zu suchen, he!?","네놈이 거기서 뭘 하고 있었던 거냐, 하?!","","False","SVM_11_WhatDidYouDoInThere","",""
"Scripts/Content/Story/SVM.d:2356","Wollt ihr wohl damit aufhören!?","당장 그만두지 못할까?!","","False","SVM_11_WillYouStopFighting","",""
"Scripts/Content/Story/SVM.d:2358","Stirb, Mistkerl!","죽어라, 개자식!","","False","SVM_11_KillEnemy","",""
"Scripts/Content/Story/SVM.d:2359","Das war's für dich, Penner.","이 하찮은 녀석, 딱 그 정도였군.","","False","SVM_11_EnemyKilled","",""
"Scripts/Content/Story/SVM.d:2360","Ein Mistvieh weniger!","괴물 하나 처치 완료!","","False","SVM_11_MonsterKilled","",""
"Scripts/Content/Story/SVM.d:2361","Versuch nie wieder, mich zu bestehlen!","다시는 내 물건에 손대지 마라!","","False","SVM_11_ThiefDown","",""
"Scripts/Content/Story/SVM.d:2362","Lass in Zukunft die Finger von Sachen, an denen du nichts zu suchen hast!","앞으로는 네가 상관할 바 아닌 일에 손대지 마라!","","False","SVM_11_rumfummlerDown","",""
"Scripts/Content/Story/SVM.d:2363","Tu das nie wieder! Das sind unsere Schafe!","다시는 그딴 짓 하지 마라! 그건 우리 양이다!","","False","SVM_11_SheepAttackerDown","",""
"Scripts/Content/Story/SVM.d:2364","Stirb, Mörder!","죽어라, 살인마!","","False","SVM_11_KillMurderer","",""
"Scripts/Content/Story/SVM.d:2365","So ein saublödes Vieh!","참으로 멍청한 짐승이군!","","False","SVM_11_StupidBeastKilled","",""
"Scripts/Content/Story/SVM.d:2366","Leg dich nie wieder mit mir an!","다시는 나와 싸우려 들지 마라!","","False","SVM_11_NeverHitMeAgain","",""
"Scripts/Content/Story/SVM.d:2367","Du hättest auf mich hören sollen!","내 말대로 했어야지!","","False","SVM_11_YouBetterShouldHaveListened","",""
"Scripts/Content/Story/SVM.d:2368","Und jetzt mach, dass du hier rauskommst!","당장 여기서 꺼져라!","","False","SVM_11_GetUpAndBeGone","",""
"Scripts/Content/Story/SVM.d:2369","Und dass ich dich nie wieder da drin erwische!","다시는 그곳에 얼씬도 하지 마라!","","False","SVM_11_NeverEnterRoomAgain","",""
"Scripts/Content/Story/SVM.d:2370","Hier wird nicht gekämpft, klar!? Lass dir das eine Lehre sein!","여기서 싸움은 안 된다오, 알겠나!? 좋은 교훈이 되었을 거다!","","False","SVM_11_ThereIsNoFightingHere","",""
"Scripts/Content/Story/SVM.d:2372","Lass mich bloß in Ruhe!","제발 날 내버려둬!","","False","SVM_11_SpareMe","",""
"Scripts/Content/Story/SVM.d:2373","Scheiße! Nichts wie weg!","젠장! 여기서 꺼져야겠어!","","False","SVM_11_RunAway","",""
"Scripts/Content/Story/SVM.d:2375","ALARM!","비상!","","False","SVM_11_Alarm","",""
"Scripts/Content/Story/SVM.d:2376","WACHE!","경비병!","","False","SVM_11_Guards","",""
"Scripts/Content/Story/SVM.d:2377","Hilfe!","살려줘!","","False","SVM_11_Help","",""
"Scripts/Content/Story/SVM.d:2379","(ruft zu) Gut gemacht - ein Drecksvieh weniger!","잘했다 — 귀찮은 짐승 하나 치웠군!","","False","SVM_11_GoodMonsterKill","",""
"Scripts/Content/Story/SVM.d:2380","(ruft) Ja, mach das Schwein fertig!","그래, 그 돼지 녀석을 끝장내버려!","","False","SVM_11_GoodKill","",""
"Scripts/Content/Story/SVM.d:2382","Lass mich in Ruhe!","날 내버려둬!","","False","SVM_11_NOTNOW","",""
"Scripts/Content/Story/SVM.d:2384","(ruft laut) Bleib stehen, du Lump!","거기 멈춰라, 이 하찮은 녀석!","","False","SVM_11_RunCoward","",""
"Scripts/Content/Story/SVM.d:2386","Raus hier!","당장 꺼져!","","False","SVM_11_GetOutOfHere","",""
"Scripts/Content/Story/SVM.d:2387","Was suchst du hier!? Geh!","여기서 뭘 찾는 거냐!? 꺼져!","","False","SVM_11_WhyAreYouInHere","",""
"Scripts/Content/Story/SVM.d:2388","Ja, mach, dass du wegkommst!","그래, 얼른 사라지는 게 좋을 거다!","","False","SVM_11_YesGoOutOfHere","",""
"Scripts/Content/Story/SVM.d:2390","Hey du! Was schleichst du da rum?","이봐 너! 여기서 뭘 어슬렁거리는 거지?","","False","SVM_11_WhatsThisSupposedToBe","",""
"Scripts/Content/Story/SVM.d:2391","(wacht auf) Verdammt, was ist los?","젠장, 무슨 일이야?","","False","SVM_11_YouDisturbedMySlumber","",""
"Scripts/Content/Story/SVM.d:2393","Gold! Das ist schon mal meins ...","금! 일단 이건 내 차지다...","","False","SVM_11_ITookYourGold","",""
"Scripts/Content/Story/SVM.d:2394","Du hast noch nicht mal Gold dabei?","가진 금이 고작 이것뿐인가?","","False","SVM_11_ShitNoGold","",""
"Scripts/Content/Story/SVM.d:2395","Deine Waffe nehm ich mal lieber mit.","네 무기는 내가 챙겨가지.","","False","SVM_11_ITakeYourWeapon","",""
"Scripts/Content/Story/SVM.d:2397","(warnt) Hey! Pass auf!","이봐! 조심해!","","False","SVM_11_WhatAreYouDoing","",""
"Scripts/Content/Story/SVM.d:2399","(agressiv) Hast du immer noch nicht genug?!","아직도 정신을 못 차렸나?!","","False","SVM_11_LookingForTroubleAgain","",""
"Scripts/Content/Story/SVM.d:2400","Geh bloß weg mit deiner Magie!","그 마법 따위는 집어치워!","","False","SVM_11_StopMagic","",""
"Scripts/Content/Story/SVM.d:2401","Weg mit der Magie! Hörst du schlecht!?","당장 마법을 거둬들여라! 귀가 먹었나!?","","False","SVM_11_ISaidStopMagic","",""
"Scripts/Content/Story/SVM.d:2402","Weg mit der Waffe!","무기 내려놔!","","False","SVM_11_WeaponDown","",""
"Scripts/Content/Story/SVM.d:2403","Hörst du schlecht? Ich sagte: Weg mit der Waffe!","귀가 먹기라도 했나? 무기 치우라고 했다!","","False","SVM_11_ISaidWeaponDown","",""
"Scripts/Content/Story/SVM.d:2404","Na bitte, geht doch!","그래, 그렇게 나와야지!","","False","SVM_11_WiseMove","",""
"Scripts/Content/Story/SVM.d:2406","(zu sich selbst) Darüber reden wir noch ...","이 일은 두고 보겠다...","","False","SVM_11_NextTimeYoureInForIt","",""
"Scripts/Content/Story/SVM.d:2407","(zu sich selbst) Oh, mein Schädel ...","오, 내 두개골이야...","","False","SVM_11_OhMyHead","",""
"Scripts/Content/Story/SVM.d:2409","(gierig) Jetzt geht's zur Sache!","좋아, 본격적으로 시작해볼까!","","False","SVM_11_TheresAFight","",""
"Scripts/Content/Story/SVM.d:2410","(bestürzt) Die hauen sich den Schädel ein ...","서로 두개골을 박살 내고 있군...","","False","SVM_11_OhMyGodItsAFight","",""
"Scripts/Content/Story/SVM.d:2411","(böse lachend) Das hat er verdient.","저 자식은 벌을 받은 거야.","","False","SVM_11_GoodVictory","",""
"Scripts/Content/Story/SVM.d:2412","(anerkennend) Gar nicht so übel ...","나쁘지 않은데...","","False","SVM_11_NotBad","",""
"Scripts/Content/Story/SVM.d:2413","(zu sich selbst) Was für ein brutaler Kerl ...","정말 잔인한 녀석이군...","","False","SVM_11_OhMyGodHesDown","",""
"Scripts/Content/Story/SVM.d:2414","Ja, so ist's gut!","그래, 바로 저거야!","","False","SVM_11_CheerFriend01","",""
"Scripts/Content/Story/SVM.d:2415","Na, mach schon!","자, 뭘 망설이지?","","False","SVM_11_CheerFriend02","",""
"Scripts/Content/Story/SVM.d:2416","Immer feste drauf!","계속 몰아붙여!","","False","SVM_11_CheerFriend03","",""
"Scripts/Content/Story/SVM.d:2417","Lass dir nichts gefallen!","만만하게 보이지 마!","","False","SVM_11_Ooh01","",""
"Scripts/Content/Story/SVM.d:2418","Den wirst du ja wohl schaffen!","저 정도는 충분히 해낼 수 있을 거다!","","False","SVM_11_Ooh02","",""
"Scripts/Content/Story/SVM.d:2419","Das gibt's doch gar nicht!","말도 안 돼!","","False","SVM_11_Ooh03","",""
"Scripts/Content/Story/SVM.d:2421","(zu sich selbst, wacht auf) Was WAR das!?","방금 게 대체 뭐야!?","","False","SVM_11_WhatWasThat","",""
"Scripts/Content/Story/SVM.d:2423","Raus aus meinem Bett!","내 침대에서 당장 꺼져!","","False","SVM_11_GetOutOfMyBed","",""
"Scripts/Content/Story/SVM.d:2424","(herzhaftes Gähnen)","(하품 소리)","","False","SVM_11_Awake","",""
"Scripts/Content/Story/SVM.d:2426","Ich hörte, du warst beim Kommandanten und hast die Sache wieder in Ordnung gebracht.","사령관에게 가서 일을 바로잡았다고 들었다.","","False","SVM_11_ABS_COMMANDER","",""
"Scripts/Content/Story/SVM.d:2427","Ich hörte, du warst bei Vater Parlan und hast Buße getan.","파를란 신부님을 찾아가 참회했다고 들었다.","","False","SVM_11_ABS_MONASTERY","",""
"Scripts/Content/Story/SVM.d:2428","Ich hörte, du warst bei Lee und hast die Sache wieder in Ordnung gebracht.","리에게 가서 그 문제를 해결했다고 하더군.","","False","SVM_11_ABS_FARM","",""
"Scripts/Content/Story/SVM.d:2429","Das ist gut.","잘된 일이군.","","False","SVM_11_ABS_GOOD","",""
"Scripts/Content/Story/SVM.d:2431","Einfach unsere Schafe zu schlachten! Mach, dass du hier wegkommst!","우리 양을 감히 도살하다니! 당장 여기서 꺼져라!","","False","SVM_11_SHEEPKILLER_CRIME","",""
"Scripts/Content/Story/SVM.d:2432","Mit miesen Schlägern rede ich nicht!","지저분한 폭도들과는 할 말 없다!","","False","SVM_11_ATTACK_CRIME","",""
"Scripts/Content/Story/SVM.d:2433","Geh mir aus den Augen, dreckiger Dieb!","내 눈앞에서 사라져라, 더러운 도둑 놈!","","False","SVM_11_THEFT_CRIME","",""
"Scripts/Content/Story/SVM.d:2435","Du bist eine Schande für deinen Orden! Lord Hagen wird toben vor Wut!","너는 우리 기사단의 수치다! 헤이건 경이 노발대발하실 거다!","","False","SVM_11_PAL_CITY_CRIME","",""
"Scripts/Content/Story/SVM.d:2436","Du bist eine Schande für die Stadtwache! Lord Andre wird dir das sicher austreiben!","너는 도시 경비병의 수치다! 안드레 님께서 버릇을 단단히 고쳐놓으실 거다!","","False","SVM_11_MIL_CITY_CRIME","",""
"Scripts/Content/Story/SVM.d:2437","Lord Andre wird von deiner Tat erfahren!","안드레 님께서 네가 저지른 짓을 알게 되실 거다!","","False","SVM_11_CITY_CRIME","",""
"Scripts/Content/Story/SVM.d:2439","Dein Frevel wird Vater Parlan sicherlich nicht erfreuen!","파를란 신부님께서 이 소식을 들으시면 아주 기뻐하시겠는걸!","","False","SVM_11_MONA_CRIME","",""
"Scripts/Content/Story/SVM.d:2440","Lee wird dir die Hammelbeine lang ziehen! Wirst schon sehen, was du davon hast!","리가 가만두지 않을 것이다! 네가 자초한 일이야!","","False","SVM_11_FARM_CRIME","",""
"Scripts/Content/Story/SVM.d:2441","Kommandant Garond wird dich zur Rechenschaft ziehen!","가론드 지휘관님이 너를 문책하실 것이다!","","False","SVM_11_OC_CRIME","",""
"Scripts/Content/Story/SVM.d:2443","Ist ja schon gut, du hast gewonnen. Was willst du?","알았어, 알았어, 네가 이겼다. 원하는 게 뭐냐?","","False","SVM_11_TOUGHGUY_ATTACKLOST","",""
"Scripts/Content/Story/SVM.d:2444","(selbstgefällig) Muss ich dir noch mal zeigen, wer hier der Herr ist?","여기의 진짜 주인이 누구인지 다시 한 번 보여줘야 정신을 차리겠나?","","False","SVM_11_TOUGHGUY_ATTACKWON","",""
"Scripts/Content/Story/SVM.d:2445","Willst du dich noch mal mit mir anlegen oder was?","나랑 또 한 판 붙고 싶어서 그러냐?","","False","SVM_11_TOUGHGUY_PLAYERATTACK","",""
"Scripts/Content/Story/SVM.d:2447","1000 Goldstücke.","1000개의 금화.","","False","SVM_11_GOLD_1000","",""
"Scripts/Content/Story/SVM.d:2448","950 Goldstücke.","950개의 금화.","","False","SVM_11_GOLD_950","",""
"Scripts/Content/Story/SVM.d:2449","900 Goldstücke.","900개의 금화.","","False","SVM_11_GOLD_900","",""
"Scripts/Content/Story/SVM.d:2450","850 Goldstücke.","850개의 금화.","","False","SVM_11_GOLD_850","",""
"Scripts/Content/Story/SVM.d:2451","800 Goldstücke.","800개의 금화.","","False","SVM_11_GOLD_800","",""
"Scripts/Content/Story/SVM.d:2452","750 Goldstücke.","750개의 금화.","","False","SVM_11_GOLD_750","",""
"Scripts/Content/Story/SVM.d:2453","700 Goldstücke.","700개의 금화.","","False","SVM_11_GOLD_700","",""
"Scripts/Content/Story/SVM.d:2454","650 Goldstücke.","650개의 금화.","","False","SVM_11_GOLD_650","",""
"Scripts/Content/Story/SVM.d:2455","600 Goldstücke.","600개의 금화.","","False","SVM_11_GOLD_600","",""
"Scripts/Content/Story/SVM.d:2456","550 Goldstücke.","550개의 금화.","","False","SVM_11_GOLD_550","",""
"Scripts/Content/Story/SVM.d:2457","500 Goldstücke.","500개의 금화.","","False","SVM_11_GOLD_500","",""
"Scripts/Content/Story/SVM.d:2458","450 Goldstücke.","450개의 금화.","","False","SVM_11_GOLD_450","",""
"Scripts/Content/Story/SVM.d:2459","400 Goldstücke.","400개의 금화.","","False","SVM_11_GOLD_400","",""
"Scripts/Content/Story/SVM.d:2460","350 Goldstücke.","350개의 금화.","","False","SVM_11_GOLD_350","",""
"Scripts/Content/Story/SVM.d:2461","300 Goldstücke.","300개의 금화.","","False","SVM_11_GOLD_300","",""
"Scripts/Content/Story/SVM.d:2462","250 Goldstücke.","250개의 금화.","","False","SVM_11_GOLD_250","",""
"Scripts/Content/Story/SVM.d:2463","200 Goldstücke.","200개의 금화.","","False","SVM_11_GOLD_200","",""
"Scripts/Content/Story/SVM.d:2464","150 Goldstücke.","150개의 금화.","","False","SVM_11_GOLD_150","",""
"Scripts/Content/Story/SVM.d:2465","100 Goldstücke.","100개의 금화.","","False","SVM_11_GOLD_100","",""
"Scripts/Content/Story/SVM.d:2466","90 Goldstücke.","90개의 금화.","","False","SVM_11_GOLD_90","",""
"Scripts/Content/Story/SVM.d:2467","80 Goldstücke.","80개의 금화.","","False","SVM_11_GOLD_80","",""
"Scripts/Content/Story/SVM.d:2468","70 Goldstücke.","70개의 금화.","","False","SVM_11_GOLD_70","",""
"Scripts/Content/Story/SVM.d:2469","60 Goldstücke.","60개의 금화.","","False","SVM_11_GOLD_60","",""
"Scripts/Content/Story/SVM.d:2470","50 Goldstücke.","50개의 금화.","","False","SVM_11_GOLD_50","",""
"Scripts/Content/Story/SVM.d:2471","40 Goldstücke.","40개의 금화.","","False","SVM_11_GOLD_40","",""
"Scripts/Content/Story/SVM.d:2472","30 Goldstücke.","30개의 금화.","","False","SVM_11_GOLD_30","",""
"Scripts/Content/Story/SVM.d:2473","20 Goldstücke.","20개의 금화.","","False","SVM_11_GOLD_20","",""
"Scripts/Content/Story/SVM.d:2474","10 Goldstücke.","10개의 금화.","","False","SVM_11_GOLD_10","",""
"Scripts/Content/Story/SVM.d:2476","... glaubst du wirklich ...","...정말 그렇게 생각하나...","","False","SVM_11_Smalltalk01","",""
"Scripts/Content/Story/SVM.d:2477","... möglich ist alles ...","...불가능한 건 없지...","","False","SVM_11_Smalltalk02","",""
"Scripts/Content/Story/SVM.d:2478","... das hätte er doch besser wissen müssen ...","...그 자도 더 현명하게 처신했어야 했는데...","","False","SVM_11_Smalltalk03","",""
"Scripts/Content/Story/SVM.d:2479","... als ob ich nicht schon genug Probleme hätte ...","...가뜩이나 골치 아픈 일이 많은데...","","False","SVM_11_Smalltalk04","",""
"Scripts/Content/Story/SVM.d:2480","... wer erzählt denn so was ...","...그런 소리를 누가 한 거야...","","False","SVM_11_Smalltalk05","",""
"Scripts/Content/Story/SVM.d:2481","... das gibt doch nur noch mehr Ärger ...","...그러면 더 골치 아픈 일만 생길걸...","","False","SVM_11_Smalltalk06","",""
"Scripts/Content/Story/SVM.d:2482","... man erzählt sich ja so einiges ...","...이런저런 소문이 많잖아...","","False","SVM_11_Smalltalk07","",""
"Scripts/Content/Story/SVM.d:2483","... ich hätte das nicht gemacht ...","...나 같으면 그렇게 안 했을 텐데...","","False","SVM_11_Smalltalk08","",""
"Scripts/Content/Story/SVM.d:2484","... das sind doch alles nur Gerüchte ...","...결국 다 뜬소문일 뿐이야...","","False","SVM_11_Smalltalk09","",""
"Scripts/Content/Story/SVM.d:2485","... man muss eben aufpassen, was man so rumerzählt ...","...어디서 무슨 말을 하고 다니는지 조심해야 한다니까...","","False","SVM_11_Smalltalk10","",""
"Scripts/Content/Story/SVM.d:2486","... das hätte ich dir vorher sagen können ...","...그럴 줄 진작에 말해줄 수도 있었는데...","","False","SVM_11_Smalltalk11","",""
"Scripts/Content/Story/SVM.d:2487","... mich fragt ja keiner ...","...아무도 나한테는 묻지 않지...","","False","SVM_11_Smalltalk12","",""
"Scripts/Content/Story/SVM.d:2488","... der arme Kerl kann einem Leid tun ...","...저 불쌍한 친구 참 안 됐어...","","False","SVM_11_Smalltalk13","",""
"Scripts/Content/Story/SVM.d:2489","... das ist doch nichts Neues ...","...어제오늘 일도 아니잖아...","","False","SVM_11_Smalltalk14","",""
"Scripts/Content/Story/SVM.d:2490","... das liegt doch auf der Hand ...","...뻔한 얘기지 뭐...","","False","SVM_11_Smalltalk15","",""
"Scripts/Content/Story/SVM.d:2491","... mich brauchst du das nicht zu fragen ...","...나한테 물어볼 필요도 없는 걸...","","False","SVM_11_Smalltalk16","",""
"Scripts/Content/Story/SVM.d:2492","... das kann ja nicht ewig so weitergehen ...","...이런 식으로 계속 갈 수는 없어...","","False","SVM_11_Smalltalk17","",""
"Scripts/Content/Story/SVM.d:2493","... meine Meinung kennst du ja schon ...","...내 생각은 이미 잘 알잖아...","","False","SVM_11_Smalltalk18","",""
"Scripts/Content/Story/SVM.d:2494","... genau das hab ich auch gesagt ...","...내가 방금 그 말 하려던 참이었어...","","False","SVM_11_Smalltalk19","",""
"Scripts/Content/Story/SVM.d:2495","... daran wird dich nie was ändern ...","...그것 때문에 달라질 건 없어...","","False","SVM_11_Smalltalk20","",""
"Scripts/Content/Story/SVM.d:2496","... warum erfahre ich das erst jetzt ...","...왜 나만 이 사실을 뒤늦게 알았을까...","","False","SVM_11_Smalltalk21","",""
"Scripts/Content/Story/SVM.d:2497","... lass uns erstmal abwarten, was daraus wird ...","...어떻게 되는지 일단 지켜보자고...","","False","SVM_11_Smalltalk22","",""
"Scripts/Content/Story/SVM.d:2498","... einige Probleme erledigen sich von selbst ...","...어떤 문제들은 저절로 해결되기도 하니까...","","False","SVM_11_Smalltalk23","",""
"Scripts/Content/Story/SVM.d:2499","... ich kann das nicht mehr hören ...","...귀에 못이 박히도록 들었어...","","False","SVM_11_Smalltalk24","",""
"Scripts/Content/Story/SVM.d:2501","... der war doch sturzbetrunken ...","...그 자식은 완전히 곯아떨어졌었어...","","False","SVM_11_Smalltalk25","",""
"Scripts/Content/Story/SVM.d:2502","... mit mir kann man so was nicht machen ...","...내게 이런 식으로 대할 순 없지...","","False","SVM_11_Smalltalk26","",""
"Scripts/Content/Story/SVM.d:2503","... alle sind gerannt wie die Hasen, ich war ganz allein ...","...다들 토끼처럼 도망치고 나 혼자 남았었지...","","False","SVM_11_Smalltalk27","",""
"Scripts/Content/Story/SVM.d:2505","... so steht es in den heiligen Schriften ...","...성스러운 문서에도 그렇게 적혀 있다오...","","False","SVM_11_Smalltalk28","",""
"Scripts/Content/Story/SVM.d:2506","... ich handle stets in Innos' Namen ...","...나는 언제나 이노스의 이름으로 행동한다오...","","False","SVM_11_Smalltalk29","",""
"Scripts/Content/Story/SVM.d:2507","... niemand darf gegen die göttliche Ordnung verstoßen ...","...누구도 신성한 질서를 거역해서는 안 된다...","","False","SVM_11_Smalltalk30","",""
"Scripts/Content/Story/SVM.d:2509","Komm wieder, wenn du mehr Erfahrung hast.","경험을 더 쌓고 오게.","","False","SVM_11_NoLearnNoPoints","",""
"Scripts/Content/Story/SVM.d:2510","Du verlangst mehr von mir, als ich dir beibringen kann.","내가 가르쳐줄 수 있는 것보다 더 많은 걸 바라고 있군.","","False","SVM_11_NoLearnOverPersonalMAX","",""
"Scripts/Content/Story/SVM.d:2511","Ich kann dir nichts mehr beibringen. Du bist schon zu gut.","더 이상 가르쳐줄 게 없다. 넌 이미 너무 강해졌어.","","False","SVM_11_NoLearnYoureBetter","",""
"Scripts/Content/Story/SVM.d:2512","Siehst du, du bist schon besser geworden ...","봐라, 벌써 실력이 늘었잖아...","","False","SVM_11_YouLearnedSomething","",""
"Scripts/Content/Story/SVM.d:2514","Du bist jetzt in der Unterstadt.","지금 하부 도시에 있군.","","False","SVM_11_UNTERSTADT","",""
"Scripts/Content/Story/SVM.d:2515","Du bist jetzt in der Oberstadt.","당신은 이제 상층시에 있습니다.","","False","SVM_11_OBERSTADT","",""
"Scripts/Content/Story/SVM.d:2516","Du bist jetzt am Tempel.","당신은 이제 신전에 있습니다.","","False","SVM_11_TEMPEL","",""
"Scripts/Content/Story/SVM.d:2517","Du bist jetzt am Marktplatz.","당신은 이제 시장에 있습니다.","","False","SVM_11_MARKT","",""
"Scripts/Content/Story/SVM.d:2518","Du bist jetzt am Galgenplatz vor der Kaserne.","당신은 이제 병영 앞 교수대 광장에 있습니다.","","False","SVM_11_GALGEN","",""
"Scripts/Content/Story/SVM.d:2519","Das hier ist die Kaserne.","이곳은 병영입니다.","","False","SVM_11_KASERNE","",""
"Scripts/Content/Story/SVM.d:2520","Du bist hier im Hafenviertel.","당신은 지금 항구 구역에 있습니다.","","False","SVM_11_HAFEN","",""
"Scripts/Content/Story/SVM.d:2522","Wo willst du hin?","어디로 가고 싶나?","","False","SVM_11_WHERETO","",""
"Scripts/Content/Story/SVM.d:2524","Geh von hier aus durch das innere Stadttor und du kommst in die Unterstadt.","여기서 안쪽 성문을 통과해 걸어가면 하층시가 나온다.","","False","SVM_11_OBERSTADT_2_UNTERSTADT","",""
"Scripts/Content/Story/SVM.d:2525","Am südlichen Stadttor gibt es eine Treppe, die zum inneren Stadttor hochführt. Dort beginnt die Oberstadt.","남쪽 성문에는 안쪽 성문으로 이어지는 계단이 있다. 그곳이 상층시의 시작이지.","","False","SVM_11_UNTERSTADT_2_OBERSTADT","",""
"Scripts/Content/Story/SVM.d:2526","Geh vom Schmied aus durch die Unterführung und du kommst zum Tempelplatz.","대장간에서 지하도를 통해 걸어가면 신전 광장으로 갈 수 있다.","","False","SVM_11_UNTERSTADT_2_TEMPEL","",""
"Scripts/Content/Story/SVM.d:2527","Geh vom Schmied aus die Hafenstraße runter, dann kommst du zum Hafen.","대장간에서 항구 길을 따라 내려가면 항구로 갈 수 있다.","","False","SVM_11_UNTERSTADT_2_HAFEN","",""
"Scripts/Content/Story/SVM.d:2528","Vom Tempelplatz aus gibt es eine Unterführung, die in die Unterstadt führt.","신전 광장에서 하층시로 통하는 지하도가 있다.","","False","SVM_11_TEMPEL_2_UNTERSTADT","",""
"Scripts/Content/Story/SVM.d:2529","Wenn du vorm Tempel stehst, geh links hoch und an der Stadtmauer entlang, dann kommst du zum Markt.","신전 앞에 서서 왼쪽으로 올라가 성벽을 따라가면 시장에 갈 수 있다.","","False","SVM_11_TEMPEL_2_MARKT","",""
"Scripts/Content/Story/SVM.d:2530","Wenn du vom Tempel aus gesehen links an der Kneipe vorbeigehst, kommst du zum Galgenplatz.","신전을 기준으로 왼쪽 술집을 지나쳐 가면 교수대 광장이 나온다.","","False","SVM_11_TEMPEL_2_GALGEN","",""
"Scripts/Content/Story/SVM.d:2531","Wenn du vom Marktplatz aus an der hohen Stadtmauer entlanggehst, kommst du zum Tempel.","시장 안쪽 높은 성벽을 따라 걸어가면 신전이 나온다.","","False","SVM_11_MARKT_2_TEMPEL","",""
"Scripts/Content/Story/SVM.d:2532","Die Kaserne ist das riesengroße Gebäude. Geh einfach die Treppen gegenüber dem Hotel rauf.","거대한 건물이 병영이다. 호텔 맞은편에 있는 계단으로 올라가기만 하면 된다.","","False","SVM_11_MARKT_2_KASERNE","",""
"Scripts/Content/Story/SVM.d:2533","Geh einfach an der großen Kaserne entlang und du kommst zum Galgenplatz.","커다란 병영을 따라 쭉 걸어가면 교수대 광장이 나온다.","","False","SVM_11_MARKT_2_GALGEN","",""
"Scripts/Content/Story/SVM.d:2534","Geh vom Galgenplatz aus die Gasse runter und du kommst zum Tempelplatz.","교수대 광장에서 골목길을 따라 내려가면 신전 광장으로 갈 수 있다.","","False","SVM_11_GALGEN_2_TEMPEL","",""
"Scripts/Content/Story/SVM.d:2535","Geh einfach an der großen Kaserne entlang und du kommst zum Markt.","커다란 병영을 따라 쭉 걸어가면 시장이 나온다.","","False","SVM_11_GALGEN_2_MARKT","",""
"Scripts/Content/Story/SVM.d:2536","Die Kaserne ist das riesengroße Gebäude. Geh einfach die Treppen rauf.","거대한 건물이 병영이다. 계단으로 올라가기만 하면 된다.","","False","SVM_11_GALGEN_2_KASERNE","",""
"Scripts/Content/Story/SVM.d:2537","Geh einfach die Treppe am Haupteingang links runter, dann kommst du zum Marktplatz.","정문 왼쪽에 있는 계단으로 내려가기만 하면 시장이 나온다.","","False","SVM_11_KASERNE_2_MARKT","",""
"Scripts/Content/Story/SVM.d:2538","Geh einfach die Treppe am Haupteingang rechts runter, dann kommst du zum Galgenplatz.","정문 오른쪽에 있는 계단으로 내려가기만 하면 교수대 광장이 나온다.","","False","SVM_11_KASERNE_2_GALGEN","",""
"Scripts/Content/Story/SVM.d:2539","Geh von der Kaimauer aus die Hafenstraße hoch, dann kommst du in die Unterstadt.","안벽에서 항구 길을 따라 올라가면 하층시가 나온다.","","False","SVM_11_HAFEN_2_UNTERSTADT","",""
"Scripts/Content/Story/SVM.d:2541","Aaaaaargl!","아아아아르글!","","False","SVM_11_Dead","",""
"Scripts/Content/Story/SVM.d:2542","Aargh","아르그","","False","SVM_11_Aargh_1","",""
"Scripts/Content/Story/SVM.d:2543","Aargh","아르그","","False","SVM_11_Aargh_2","",""
"Scripts/Content/Story/SVM.d:2544","Aargh","아르그","","False","SVM_11_Aargh_3","",""
"Scripts/Content/Story/SVM.d:2548","Was ist das für Kleidung? Sie passt nicht zu dir. Lass mich in Ruhe.","그 옷은 뭐지? 전혀 어울리지 않는군. 날 내버려둬.","","False","SVM_11_Addon_WrongArmor","",""
"Scripts/Content/Story/SVM.d:2549","Trage gefälligst unsere Rüstung, wenn ich mit dir rede. Los, verschwinde.","내가 말할 때는 제발 우리 방어구를 입어라. 자, 꺼져.","","False","SVM_11_ADDON_WRONGARMOR_SLD","",""
"Scripts/Content/Story/SVM.d:2550","Trage gefälligst die Rüstung des Königs. Los geh schon.","왕의 방어구를 입어야지. 자, 가라.","","False","SVM_11_ADDON_WRONGARMOR_MIL","",""
"Scripts/Content/Story/SVM.d:2551","Deine Kleidung ist unserem Orden nicht angemessen. Zieh dich um.","네 옷차림은 우리 교단에 어울리지 않는다. 옷을 갈아입어라.","","False","SVM_11_ADDON_WRONGARMOR_KDF","",""
"Scripts/Content/Story/SVM.d:2552","Hast ja noch nicht mal 'ne Rüstung. Verschwinde!","방어구조차 없잖아. 꺼져!","","False","SVM_11_ADDON_ADDON_NOARMOR_BDT","",""
"Scripts/Content/Story/SVM.d:2554","Schon wieder ein Bandit.","또 산적이군.","","False","SVM_11_ADDON_DIEBANDIT","",""
"Scripts/Content/Story/SVM.d:2555","PIRATEN!","해적이다!","","False","SVM_11_ADDON_DIRTYPIRATE","",""
"Scripts/Content/Story/SVM.d:2561","Für den König!","국왕을 위하여!","","False","SVM_12_MILGreetings","",""
"Scripts/Content/Story/SVM.d:2562","Für Innos!","이노스를 위하여!","","False","SVM_12_PALGreetings","",""
"Scripts/Content/Story/SVM.d:2563","Sauwetter!","개판 같은 날씨군!","","False","SVM_12_Weather","",""
"Scripts/Content/Story/SVM.d:2565","Jetzt krieg ich dich!","드디어 잡았다!","","False","SVM_12_IGetYouStill","",""
"Scripts/Content/Story/SVM.d:2566","Du wärst besser nicht hierher gekommen!","여기에 오지 않았어야 했다!","","False","SVM_12_DieEnemy","",""
"Scripts/Content/Story/SVM.d:2567","Komm her, Mistvieh!","이리 와라, 더러운 짐승!","","False","SVM_12_DieMonster","",""
"Scripts/Content/Story/SVM.d:2568","Dreckiger Dieb! Na warte!","더러운 도둑 녀석! 어디 보자!","","False","SVM_12_DirtyThief","",""
"Scripts/Content/Story/SVM.d:2569","Nimm deine Pfoten da weg!","그 더러운 손 치워!","","False","SVM_12_HandsOff","",""
"Scripts/Content/Story/SVM.d:2570","Lass unsere Schafe in Ruhe!","우리 양들을 내버려둬!","","False","SVM_12_SheepKiller","",""
"Scripts/Content/Story/SVM.d:2571","Geh weg von unseren Schafen, du Mistvieh!","우리 양에게서 떨어져라, 더러운 짐승!","","False","SVM_12_SheepKillerMonster","",""
"Scripts/Content/Story/SVM.d:2572","Mörder!","살인마!","","False","SVM_12_YouMurderer","",""
"Scripts/Content/Story/SVM.d:2573","Hier kommen keine Viecher rein!","여기에 짐승은 얼씬도 못 한다!","","False","SVM_12_DieStupidBeast","",""
"Scripts/Content/Story/SVM.d:2574","Das wirst du bereuen!","후회하게 될 것이다!","","False","SVM_12_YouDareHitMe","",""
"Scripts/Content/Story/SVM.d:2575","Ich habe dich gewarnt!","경고했을 텐데!","","False","SVM_12_YouAskedForIt","",""
"Scripts/Content/Story/SVM.d:2576","Ich hab gesagt RAUS!","꺼지라고 했다!","","False","SVM_12_ThenIBeatYouOutOfHere","",""
"Scripts/Content/Story/SVM.d:2577","Hey! Was wolltest du da drin?","어이! 안에서 뭘 하고 있었지?","","False","SVM_12_WhatDidYouDoInThere","",""
"Scripts/Content/Story/SVM.d:2578","Aufhören! Sofort!","그만해! 당장!","","False","SVM_12_WillYouStopFighting","",""
"Scripts/Content/Story/SVM.d:2580","Jetzt spieß ich dich auf, Mistkerl!","꼬챙이에 꿰어주마, 이 자식!","","False","SVM_12_KillEnemy","",""
"Scripts/Content/Story/SVM.d:2581","Das war's für dich ...","네 놈은 여기까지다...","","False","SVM_12_EnemyKilled","",""
"Scripts/Content/Story/SVM.d:2582","Ich steh auf diese ganze Scheiße!","이런 개판이 정말 좋아!","","False","SVM_12_MonsterKilled","",""
"Scripts/Content/Story/SVM.d:2583","EIN Mistvieh weniger!","괴물 녀석 하나 줄었군!","","False","SVM_12_Addon_MonsterKilled","",""
"Scripts/Content/Story/SVM.d:2584","Ich warne dich! Versuch das nicht noch mal, du dreckiger Dieb!","경고했다! 다신 그런 짓 하지 마라, 더러운 도둑 녀석!","","False","SVM_12_ThiefDown","",""
"Scripts/Content/Story/SVM.d:2585","Vergreif dich nie wieder an Sachen, die nicht dir gehören!","다시는 네 것이 아닌 물건에 손대지 마라!","","False","SVM_12_rumfummlerDown","",""
"Scripts/Content/Story/SVM.d:2586","Und halt dich in Zukunft von unseren Schafen fern!","앞으로 우리 양들 근처에도 얼씬거리지 마라!","","False","SVM_12_SheepAttackerDown","",""
"Scripts/Content/Story/SVM.d:2587","Stirb, Mörder!","죽어라, 살인마!","","False","SVM_12_KillMurderer","",""
"Scripts/Content/Story/SVM.d:2588","So ein saublödes Vieh!","구제불능인 멍청한 짐승 같으니!","","False","SVM_12_StupidBeastKilled","",""
"Scripts/Content/Story/SVM.d:2589","Wag es ja nie wieder, mich anzugreifen!","다시는 감히 나를 공격할 생각 마라!","","False","SVM_12_NeverHitMeAgain","",""
"Scripts/Content/Story/SVM.d:2590","Ich hatte dich gewarnt!","경고했을 텐데!","","False","SVM_12_YouBetterShouldHaveListened","",""
"Scripts/Content/Story/SVM.d:2591","Und jetzt raus mit dir!","자, 이제 꺼져라!","","False","SVM_12_GetUpAndBeGone","",""
"Scripts/Content/Story/SVM.d:2592","Ich will dich nie wieder da drinnen sehen, klar?","다시는 그 안에 들어오는 거 보이지 마라, 알았나?","","False","SVM_12_NeverEnterRoomAgain","",""
"Scripts/Content/Story/SVM.d:2593","Hier wird nicht gekämpft, ist das klar?!","여기서 싸움박질은 금지다, 알겠냐?!","","False","SVM_12_ThereIsNoFightingHere","",""
"Scripts/Content/Story/SVM.d:2595","Mach kein' Scheiß!","쓸데없는 짓 하지 마!","","False","SVM_12_SpareMe","",""
"Scripts/Content/Story/SVM.d:2596","Ich hau ab!","난 튄다!","","False","SVM_12_RunAway","",""
"Scripts/Content/Story/SVM.d:2598","ALARM!","비상!","","False","SVM_12_Alarm","",""
"Scripts/Content/Story/SVM.d:2599","WACHE!","경비병!","","False","SVM_12_Guards","",""
"Scripts/Content/Story/SVM.d:2600","Hilfe!","살려줘!","","False","SVM_12_Help","",""
"Scripts/Content/Story/SVM.d:2602","(ruft zu) Gib den Viechern ordentlich Saures!","(외치며) 짐승 새끼들을 아주 박살 내버려!","","False","SVM_12_GoodMonsterKill","",""
"Scripts/Content/Story/SVM.d:2603","(ruft) Ja, gib's dem Mistkerl!","(외치며) 그래, 그 자식에게 따끔한 맛을 보여줘!","","False","SVM_12_GoodKill","",""
"Scripts/Content/Story/SVM.d:2605","Lass mich in Ruhe!","내버려둬!","","False","SVM_12_NOTNOW","",""
"Scripts/Content/Story/SVM.d:2607","(ruft laut) Dich krieg ich noch!","(소리 높여) 기어코 네 놈을 잡고야 말겠다!","","False","SVM_12_RunCoward","",""
"Scripts/Content/Story/SVM.d:2609","Raus hier!","당장 꺼져!","","False","SVM_12_GetOutOfHere","",""
"Scripts/Content/Story/SVM.d:2610","Du hast hier nichts zu suchen!","여기에 올 자격은 없다!","","False","SVM_12_WhyAreYouInHere","",""
"Scripts/Content/Story/SVM.d:2611","Ja, raus mit dir!","그래, 당장 꺼져!","","False","SVM_12_YesGoOutOfHere","",""
"Scripts/Content/Story/SVM.d:2613","Was soll das denn werden? Warum schleichst du hier rum?","이게 무슨 짓이지? 왜 여기서 얼쩡거리는 거냐?","","False","SVM_12_WhatsThisSupposedToBe","",""
"Scripts/Content/Story/SVM.d:2614","(wacht auf) Verdammt, was willst du?","(잠이 깨며) 빌어먹을, 뭘 원하는 거냐?","","False","SVM_12_YouDisturbedMySlumber","",""
"Scripts/Content/Story/SVM.d:2616","Na, immerhin hast du wenigstens Gold dabei!","음, 최소한 금은 가지고 있군!","","False","SVM_12_ITookYourGold","",""
"Scripts/Content/Story/SVM.d:2617","Noch nicht mal Gold - hmpf.","금조차 없잖아 - 흠.","","False","SVM_12_ShitNoGold","",""
"Scripts/Content/Story/SVM.d:2618","Deine Waffe nehme ich mal mit.","네 무기는 압수하겠다.","","False","SVM_12_ITakeYourWeapon","",""
"Scripts/Content/Story/SVM.d:2620","(warnt) Junge! Mach das ja nicht noch mal!","(경고하며) 얘야! 다시는 그런 짓 하지 마라!","","False","SVM_12_WhatAreYouDoing","",""
"Scripts/Content/Story/SVM.d:2622","(agressiv) Brauchst du schon wieder Schläge?","(공격적으로) 또 한 대 맞고 싶나?","","False","SVM_12_LookingForTroubleAgain","",""
"Scripts/Content/Story/SVM.d:2623","Weg mit der Magie!","마법 집어치워!","","False","SVM_12_StopMagic","",""
"Scripts/Content/Story/SVM.d:2624","Letzte Warnung! Weg mit der Magie!","마지막 경고다! 마법 집어치워!","","False","SVM_12_ISaidStopMagic","",""
"Scripts/Content/Story/SVM.d:2625","Weg mit der Waffe!","무기 치워라!","","False","SVM_12_WeaponDown","",""
"Scripts/Content/Story/SVM.d:2626","Weg damit oder ich verpass dir eine!","당장 집어치워, 안 그러면 뼈도 못 추릴 줄 알아라!","","False","SVM_12_ISaidWeaponDown","",""
"Scripts/Content/Story/SVM.d:2627","Du bist ja gar nicht so dumm, wie du aussiehst!","보기보다 그렇게 멍청하진 않군!","","False","SVM_12_WiseMove","",""
"Scripts/Content/Story/SVM.d:2629","(zu sich selbst) Versuch das ja nicht noch mal ...","(혼잣말로) 다시는 그런 짓 하지 마라...","","False","SVM_12_NextTimeYoureInForIt","",""
"Scripts/Content/Story/SVM.d:2630","(zu sich selbst) Oh! Mein Schädel ...","(혼잣말로) 오오! 내 두개골이야...","","False","SVM_12_OhMyHead","",""
"Scripts/Content/Story/SVM.d:2632","(gierig) Jetzt wird's lustig ...","(탐욕스럽게) 이제 재미있어지겠는데...","","False","SVM_12_TheresAFight","",""
"Scripts/Content/Story/SVM.d:2633","(bestürzt) Du meine Güte ...","(당황하며) 세상에나...","","False","SVM_12_OhMyGodItsAFight","",""
"Scripts/Content/Story/SVM.d:2634","(böse lachend) Das wird ihm eine Lehre sein ...","(사악하게 웃으며) 저주받을 녀석에게 좋은 교훈이 되겠군...","","False","SVM_12_GoodVictory","",""
"Scripts/Content/Story/SVM.d:2635","(anerkennend) Der hat gesessen!","(인정하며) 제대로 먹혔는걸!","","False","SVM_12_NotBad","",""
"Scripts/Content/Story/SVM.d:2636","(zu sich selbst) Brutaler Mistkerl!","(혼잣말로) 잔인한 자식 같으니!","","False","SVM_12_OhMyGodHesDown","",""
"Scripts/Content/Story/SVM.d:2637","Hau drauf!","날려버려!","","False","SVM_12_CheerFriend01","",""
"Scripts/Content/Story/SVM.d:2638","Hör nicht auf!","멈추지 마!","","False","SVM_12_CheerFriend02","",""
"Scripts/Content/Story/SVM.d:2639","Mach ihn fertig!","끝장내버려!","","False","SVM_12_CheerFriend03","",""
"Scripts/Content/Story/SVM.d:2640","Pass auf!","조심해!","","False","SVM_12_Ooh01","",""
"Scripts/Content/Story/SVM.d:2641","Parier doch!","막아내라고!","","False","SVM_12_Ooh02","",""
"Scripts/Content/Story/SVM.d:2642","Scheiße, das tat weh!","젠장, 아프잖아!","","False","SVM_12_Ooh03","",""
"Scripts/Content/Story/SVM.d:2644","(zu sich selbst, wacht auf) Was WAR das!?","(혼잣말하며 잠에서 깨어) 방금 그게 뭐였지!?","","False","SVM_12_WhatWasThat","",""
"Scripts/Content/Story/SVM.d:2646","Raus aus meinem Bett!","내 침대에서 당장 꺼져!","","False","SVM_12_GetOutOfMyBed","",""
"Scripts/Content/Story/SVM.d:2647","(herzhaftes Gähnen)","(진심 어린 하품)","","False","SVM_12_Awake","",""
"Scripts/Content/Story/SVM.d:2649","Der Kommandant hat also die Sache mit dir bereinigt.","사령관이 너와의 문제를 해결해 줬나 보군.","","False","SVM_12_ABS_COMMANDER","",""
"Scripts/Content/Story/SVM.d:2650","Vater Parlan hat dich also von deiner Schuld befreit.","파를란 신부님이 네 죄를 사면해 주셨나 보군.","","False","SVM_12_ABS_MONASTERY","",""
"Scripts/Content/Story/SVM.d:2651","Du warst also bei Lee und hast die Sache aus der Welt geschafft.","리에게 가서 그 문제를 매듭지었군.","","False","SVM_12_ABS_FARM","",""
"Scripts/Content/Story/SVM.d:2652","Gut.","좋다.","","False","SVM_12_ABS_GOOD","",""
"Scripts/Content/Story/SVM.d:2654","Du vergreifst dich an Schafen? Ein wehrloseres Opfer konntest du wohl nicht finden?","양을 상대로 폭력을 휘두르나? 그보다 더 무력한 희생자는 찾을 수 없었나 보지?","","False","SVM_12_SHEEPKILLER_CRIME","",""
"Scripts/Content/Story/SVM.d:2655","Mit üblen Schlägern will ich nichts zu tun haben!","질 나쁜 폭력배들과는 상대하고 싶지 않다!","","False","SVM_12_ATTACK_CRIME","",""
"Scripts/Content/Story/SVM.d:2656","Mit Dieben will ich nichts zu tun haben!","도둑놈들과는 상대하고 싶지 않다!","","False","SVM_12_THEFT_CRIME","",""
"Scripts/Content/Story/SVM.d:2658","Du willst ein Paladin sein? Warte, was Lord Hagen dazu sagt!","팔라딘이라도 되겠다는 건가? 헤이건 경이 이 사실을 알면 뭐라고 하실지 어디 보자!","","False","SVM_12_PAL_CITY_CRIME","",""
"Scripts/Content/Story/SVM.d:2659","Gehörst du wirklich zur Stadtwache? Lord Andre wird das nicht dulden!","정말로 도시 경비병 소속인가? 안드레 경이 용서치 않을 것이다!","","False","SVM_12_MIL_CITY_CRIME","",""
"Scripts/Content/Story/SVM.d:2660","Geh zu Lord Andre, solange du noch kannst.","늦기 전에 안드레 경에게 가봐라.","","False","SVM_12_CITY_CRIME","",""
"Scripts/Content/Story/SVM.d:2662","Geh zu Vater Parlan. Er wird dir eine Buße auferlegen!","파를란 신부님께 가거라. 그분이 네 죄를 씻도록 도와주실 것이다!","","False","SVM_12_MONA_CRIME","",""
"Scripts/Content/Story/SVM.d:2663","Lee wird davon erfahren und du wirst dafür zahlen müssen!","리도 이 사실을 알게 될 것이며 넌 그 대가를 치르게 될 것이다!","","False","SVM_12_FARM_CRIME","",""
"Scripts/Content/Story/SVM.d:2664","Das wird Kommandant Garond gar nicht gefallen. Sprich mit ihm, bevor alles noch schlimmer wird!","가론드 사령관님이 결코 좋아하지 않으실 거다. 상황이 더 나빠지기 전에 그분과 이야기해라!","","False","SVM_12_OC_CRIME","",""
"Scripts/Content/Story/SVM.d:2666","Gut - du hast gewonnen. Was willst du?","좋아... 네가 이겼다. 뭘 원하지?","","False","SVM_12_TOUGHGUY_ATTACKLOST","",""
"Scripts/Content/Story/SVM.d:2667","(selbstgefällig) Ich denke, dir ist jetzt klar, wen du vor dir hast. Was willst du?","(거드름을 피우며) 이제 네 앞에 있는 자가 누군지 깨달았겠지. 뭘 원하지?","","False","SVM_12_TOUGHGUY_ATTACKWON","",""
"Scripts/Content/Story/SVM.d:2668","Du schon wieder? Willst du dich noch mal mit mir anlegen oder was?","또 너냐? 또 나랑 한 판 붙겠다는 거냐, 뭐냐?","","False","SVM_12_TOUGHGUY_PLAYERATTACK","",""
"Scripts/Content/Story/SVM.d:2670","1000 Goldstücke.","1000개의 금화.","","False","SVM_12_GOLD_1000","",""
"Scripts/Content/Story/SVM.d:2671","950 Goldstücke.","950개의 금화.","","False","SVM_12_GOLD_950","",""
"Scripts/Content/Story/SVM.d:2672","900 Goldstücke.","900개의 금화.","","False","SVM_12_GOLD_900","",""
"Scripts/Content/Story/SVM.d:2673","850 Goldstücke.","850개의 금화.","","False","SVM_12_GOLD_850","",""
"Scripts/Content/Story/SVM.d:2674","800 Goldstücke.","800개의 금화.","","False","SVM_12_GOLD_800","",""
"Scripts/Content/Story/SVM.d:2675","750 Goldstücke.","750개의 금화.","","False","SVM_12_GOLD_750","",""
"Scripts/Content/Story/SVM.d:2676","700 Goldstücke.","700개의 금화.","","False","SVM_12_GOLD_700","",""
"Scripts/Content/Story/SVM.d:2677","650 Goldstücke.","650개의 금화.","","False","SVM_12_GOLD_650","",""
"Scripts/Content/Story/SVM.d:2678","600 Goldstücke.","600개의 금화.","","False","SVM_12_GOLD_600","",""
"Scripts/Content/Story/SVM.d:2679","550 Goldstücke.","550개의 금화.","","False","SVM_12_GOLD_550","",""
"Scripts/Content/Story/SVM.d:2680","500 Goldstücke.","500개의 금화.","","False","SVM_12_GOLD_500","",""
"Scripts/Content/Story/SVM.d:2681","450 Goldstücke.","450개의 금화.","","False","SVM_12_GOLD_450","",""
"Scripts/Content/Story/SVM.d:2682","400 Goldstücke.","400개의 금화.","","False","SVM_12_GOLD_400","",""
"Scripts/Content/Story/SVM.d:2683","350 Goldstücke.","350개의 금화.","","False","SVM_12_GOLD_350","",""
"Scripts/Content/Story/SVM.d:2684","300 Goldstücke.","300개의 금화.","","False","SVM_12_GOLD_300","",""
"Scripts/Content/Story/SVM.d:2685","250 Goldstücke.","250개의 금화.","","False","SVM_12_GOLD_250","",""
"Scripts/Content/Story/SVM.d:2686","200 Goldstücke.","200개의 금화.","","False","SVM_12_GOLD_200","",""
"Scripts/Content/Story/SVM.d:2687","150 Goldstücke.","150개의 금화.","","False","SVM_12_GOLD_150","",""
"Scripts/Content/Story/SVM.d:2688","100 Goldstücke.","100개의 금화.","","False","SVM_12_GOLD_100","",""
"Scripts/Content/Story/SVM.d:2689","90 Goldstücke.","90개의 금화.","","False","SVM_12_GOLD_90","",""
"Scripts/Content/Story/SVM.d:2690","80 Goldstücke.","80개의 금화.","","False","SVM_12_GOLD_80","",""
"Scripts/Content/Story/SVM.d:2691","70 Goldstücke.","70개의 금화.","","False","SVM_12_GOLD_70","",""
"Scripts/Content/Story/SVM.d:2692","60 Goldstücke.","60개의 금화.","","False","SVM_12_GOLD_60","",""
"Scripts/Content/Story/SVM.d:2693","50 Goldstücke.","50개의 금화.","","False","SVM_12_GOLD_50","",""
"Scripts/Content/Story/SVM.d:2694","40 Goldstücke.","40개의 금화.","","False","SVM_12_GOLD_40","",""
"Scripts/Content/Story/SVM.d:2695","30 Goldstücke.","30개의 금화.","","False","SVM_12_GOLD_30","",""
"Scripts/Content/Story/SVM.d:2696","20 Goldstücke.","20개의 금화.","","False","SVM_12_GOLD_20","",""
"Scripts/Content/Story/SVM.d:2697","10 Goldstücke.","10개의 금화.","","False","SVM_12_GOLD_10","",""
"Scripts/Content/Story/SVM.d:2699","... das interessiert mich nicht ...","...나랑은 상관없는 일이야...","","False","SVM_12_Smalltalk01","",""
"Scripts/Content/Story/SVM.d:2700","... das will doch keiner wissen ...","...아무도 알고 싶어 하지 않아...","","False","SVM_12_Smalltalk02","",""
"Scripts/Content/Story/SVM.d:2701","... es war doch seine Entscheidung ...","...그건 그 자의 선택이었어...","","False","SVM_12_Smalltalk03","",""
"Scripts/Content/Story/SVM.d:2702","... keine Ahnung, sag du es mir ...","...글쎄, 네 생각은 어때...","","False","SVM_12_Smalltalk04","",""
"Scripts/Content/Story/SVM.d:2703","... ich werde mich da nicht einmischen ...","...난 그 일에 끼어들지 않을 거야...","","False","SVM_12_Smalltalk05","",""
"Scripts/Content/Story/SVM.d:2704","... ich hab für so etwas keine Zeit ...","...나한가 그런 걸 신경 쓸 시간은 없어...","","False","SVM_12_Smalltalk06","",""
"Scripts/Content/Story/SVM.d:2705","... ich könnte mir so etwas nie erlauben ...","...난 꿈도 못 꿀 일이지...","","False","SVM_12_Smalltalk07","",""
"Scripts/Content/Story/SVM.d:2706","... mir brauchst du das nicht zu sagen ...","...내게 그런 말 할 필요 없어...","","False","SVM_12_Smalltalk08","",""
"Scripts/Content/Story/SVM.d:2707","... erzähl mir nichts, ich kenne so was ...","...두말하면 잔소리지, 겪어봐서 알아...","","False","SVM_12_Smalltalk09","",""
"Scripts/Content/Story/SVM.d:2708","... ich könnte dir Sachen erzählen ...","...내가 해줄 수 있는 얘기도 산더미야...","","False","SVM_12_Smalltalk10","",""
"Scripts/Content/Story/SVM.d:2709","... da kann man sich nicht drauf verlassen ...","...그런 건 믿을 게 못 되지...","","False","SVM_12_Smalltalk11","",""
"Scripts/Content/Story/SVM.d:2710","... das habe ich früher auch immer gesagt ...","...나도 예전에 늘 그렇게 말했었지...","","False","SVM_12_Smalltalk12","",""
"Scripts/Content/Story/SVM.d:2711","... ich glaub ja nicht, dass das alles ist ...","...그게 전부라고 생각하진 않아...","","False","SVM_12_Smalltalk13","",""
"Scripts/Content/Story/SVM.d:2712","... immer wieder das gleiche ...","...늘 똑같다니까...","","False","SVM_12_Smalltalk14","",""
"Scripts/Content/Story/SVM.d:2713","... das kann doch nicht wahr sein ...","...믿을 수가 없단 말이야...","","False","SVM_12_Smalltalk15","",""
"Scripts/Content/Story/SVM.d:2714","... irgendwann musste es ja so kommen ...","...언젠가는 일어날 일이었어...","","False","SVM_12_Smalltalk16","",""
"Scripts/Content/Story/SVM.d:2715","... das hätte er auch selbst wissen können ...","...본인도 알고 있었겠지...","","False","SVM_12_Smalltalk17","",""
"Scripts/Content/Story/SVM.d:2716","... das wird sich nie ändern ...","...절대 변하지 않을 거야...","","False","SVM_12_Smalltalk18","",""
"Scripts/Content/Story/SVM.d:2717","... das ist kein Geheimnis ...","...비밀도 아니잖아...","","False","SVM_12_Smalltalk19","",""
"Scripts/Content/Story/SVM.d:2718","... das war keine große Sache ...","...대단한 일도 아니었어...","","False","SVM_12_Smalltalk20","",""
"Scripts/Content/Story/SVM.d:2719","... er stellt sich das immer so einfach vor ...","...그자는 늘 세상 일이 쉽기만 한 줄 알지...","","False","SVM_12_Smalltalk21","",""
"Scripts/Content/Story/SVM.d:2720","... das will doch keiner mehr hören ...","...이제 그런 소리 듣기도 지겨워...","","False","SVM_12_Smalltalk22","",""
"Scripts/Content/Story/SVM.d:2721","... ist doch wahr ...","...틀린 말은 아니지...","","False","SVM_12_Smalltalk23","",""
"Scripts/Content/Story/SVM.d:2722","... da muss man auch mal zuhören ...","...남의 말도 좀 들을 줄 알아야 해...","","False","SVM_12_Smalltalk24","",""
"Scripts/Content/Story/SVM.d:2724","... wenn wir nicht gekommen wären, wäre die Sache anders ausgegangen ...","...우리가 오지 않았더라면 결과는 달랐을 거야...","","False","SVM_12_Smalltalk25","",""
"Scripts/Content/Story/SVM.d:2725","... der muss einfach mehr trainieren ...","...훈련을 더 열심히 해야 해...","","False","SVM_12_Smalltalk26","",""
"Scripts/Content/Story/SVM.d:2726","... der soll mir nichts von Pflicht erzählen ...","...그 자가 의무에 대해 뭘 안다고...","","False","SVM_12_Smalltalk27","",""
"Scripts/Content/Story/SVM.d:2728","... Innos' Strafe ist gerecht ...","...이노스의 심판은 정당하다...","","False","SVM_12_Smalltalk28","",""
"Scripts/Content/Story/SVM.d:2729","... der Pfad der Tugend ist lang und steinig ...","...미덕의 길은 길고도 험난하지...","","False","SVM_12_Smalltalk29","",""
"Scripts/Content/Story/SVM.d:2730","... nur Innos entscheidet über Recht und Unrecht ...","...선악을 심판하는 분은 오직 이노스뿐이다...","","False","SVM_12_Smalltalk30","",""
"Scripts/Content/Story/SVM.d:2732","Komm wieder, wenn du mehr Erfahrung hast.","경험을 더 쌓고 오게.","","False","SVM_12_NoLearnNoPoints","",""
"Scripts/Content/Story/SVM.d:2733","Du verlangst mehr von mir, als ich dir beibringen kann.","내가 가르쳐줄 수 있는 것보다 더 많은 걸 바라는군.","","False","SVM_12_NoLearnOverPersonalMAX","",""
"Scripts/Content/Story/SVM.d:2734","Ich kann dir nichts mehr beibringen. Du bist schon zu gut.","더 이상 가르쳐줄 게 없다. 넌 이미 너무 강해졌어.","","False","SVM_12_NoLearnYoureBetter","",""
"Scripts/Content/Story/SVM.d:2735","Siehst du, du bist schon besser geworden ...","보라고, 벌써 실력이 늘었잖아...","","False","SVM_12_YouLearnedSomething","",""
"Scripts/Content/Story/SVM.d:2737","Du bist jetzt in der Unterstadt.","지금은 시가지 하층에 있군.","","False","SVM_12_UNTERSTADT","",""
"Scripts/Content/Story/SVM.d:2738","Du bist jetzt in der Oberstadt.","지금은 시가지 상층에 있군.","","False","SVM_12_OBERSTADT","",""
"Scripts/Content/Story/SVM.d:2739","Du bist jetzt am Tempel.","지금은 신전에 있군.","","False","SVM_12_TEMPEL","",""
"Scripts/Content/Story/SVM.d:2740","Du bist jetzt am Marktplatz.","지금은 시장에 있군.","","False","SVM_12_MARKT","",""
"Scripts/Content/Story/SVM.d:2741","Du bist jetzt am Galgenplatz vor der Kaserne.","지금은 병영 앞 처형 광장에 있군.","","False","SVM_12_GALGEN","",""
"Scripts/Content/Story/SVM.d:2742","Das hier ist die Kaserne.","여기는 병영이다.","","False","SVM_12_KASERNE","",""
"Scripts/Content/Story/SVM.d:2743","Du bist hier im Hafenviertel.","지금은 항구 구역에 있군.","","False","SVM_12_HAFEN","",""
"Scripts/Content/Story/SVM.d:2745","Wo willst du hin?","어디로 가고 싶나?","","False","SVM_12_WHERETO","",""
"Scripts/Content/Story/SVM.d:2747","Geh von hier aus durch das innere Stadttor und du kommst in die Unterstadt.","여기서 안쪽 성문으로 나가면 시가지 하층이 나온다.","","False","SVM_12_OBERSTADT_2_UNTERSTADT","",""
"Scripts/Content/Story/SVM.d:2748","Am südlichen Stadttor gibt es eine Treppe, die zum inneren Stadttor hochführt. Dort beginnt die Oberstadt.","남쪽 성문 근처에 안쪽 성문으로 이어지는 계단이 있다. 그곳이 시가지 상층의 시작이지.","","False","SVM_12_UNTERSTADT_2_OBERSTADT","",""
"Scripts/Content/Story/SVM.d:2749","Geh vom Schmied aus durch die Unterführung und du kommst zum Tempelplatz.","대장간에서 지하 도로를 지나면 신전 광장이 나온다.","","False","SVM_12_UNTERSTADT_2_TEMPEL","",""
"Scripts/Content/Story/SVM.d:2750","Geh vom Schmied aus die Hafenstraße runter, dann kommst du zum Hafen.","대장간에서 항구 길을 따라 내려가면 항구가 나온다.","","False","SVM_12_UNTERSTADT_2_HAFEN","",""
"Scripts/Content/Story/SVM.d:2751","Vom Tempelplatz aus gibt es eine Unterführung, die in die Unterstadt führt.","신전 광장에서 시가지 하층으로 이어지는 지하 도로가 있다.","","False","SVM_12_TEMPEL_2_UNTERSTADT","",""
"Scripts/Content/Story/SVM.d:2752","Wenn du vorm Tempel stehst, geh links hoch und an der Stadtmauer entlang, dann kommst du zum Markt.","신전 앞에 서서 왼쪽으로 성벽을 따라 올라가면 시장이 나온다.","","False","SVM_12_TEMPEL_2_MARKT","",""
"Scripts/Content/Story/SVM.d:2753","Wenn du vom Tempel aus gesehen links an der Kneipe vorbeigehst, kommst du zum Galgenplatz.","신전에서 볼 때 여관 왼쪽으로 지나가면 처형 광장이 나온다.","","False","SVM_12_TEMPEL_2_GALGEN","",""
"Scripts/Content/Story/SVM.d:2754","Wenn du vom Marktplatz aus an der hohen Stadtmauer entlanggehst, kommst du zum Tempel.","시장에서 높은 성벽을 따라 걸어가면 신전이 나온다.","","False","SVM_12_MARKT_2_TEMPEL","",""
"Scripts/Content/Story/SVM.d:2755","Die Kaserne ist das riesengroße Gebäude. Geh einfach die Treppen gegenüber dem Hotel rauf.","저 커다란 건물이 병영이다. 호텔 맞은편 계단으로 올라가기만 하면 된다.","","False","SVM_12_MARKT_2_KASERNE","",""
"Scripts/Content/Story/SVM.d:2756","Geh einfach an der großen Kaserne entlang und du kommst zum Galgenplatz.","커다란 병영을 따라 걸어가면 처형 광장이 나온다.","","False","SVM_12_MARKT_2_GALGEN","",""
"Scripts/Content/Story/SVM.d:2757","Geh vom Galgenplatz aus die Gasse runter und du kommst zum Tempelplatz.","처형 광장에서 골목길을 따라 내려가면 신전 광장이 나온다.","","False","SVM_12_GALGEN_2_TEMPEL","",""
"Scripts/Content/Story/SVM.d:2758","Geh einfach an der großen Kaserne entlang und du kommst zum Markt.","커다란 병영을 따라 걸어가면 시장이 나온다.","","False","SVM_12_GALGEN_2_MARKT","",""
"Scripts/Content/Story/SVM.d:2759","Die Kaserne ist das riesengroße Gebäude. Geh einfach die Treppe rauf.","저 커다란 건물이 병영이다. 계단으로 올라가기만 하면 된다.","","False","SVM_12_GALGEN_2_KASERNE","",""
"Scripts/Content/Story/SVM.d:2760","Geh einfach die Treppe am Haupteingang links runter, dann kommst du zum Marktplatz.","정문 왼쪽에 있는 계단으로 내려가면 시장이 나온다.","","False","SVM_12_KASERNE_2_MARKT","",""
"Scripts/Content/Story/SVM.d:2761","Geh einfach die Treppe am Haupteingang rechts runter, dann kommst du zum Galgenplatz.","정문 오른쪽에 있는 계단으로 내려가면 처형 광장이 나온다.","","False","SVM_12_KASERNE_2_GALGEN","",""
"Scripts/Content/Story/SVM.d:2762","Geh von der Kaimauer aus die Hafenstraße hoch, dann kommst du in die Unterstadt.","안벽에서 항구 길을 따라 올라가면 시가지 하층이 나온다.","","False","SVM_12_HAFEN_2_UNTERSTADT","",""
"Scripts/Content/Story/SVM.d:2764","Aaaaaargl!","크으으으억!","","False","SVM_12_Dead","",""
"Scripts/Content/Story/SVM.d:2765","Aargh","크윽","","False","SVM_12_Aargh_1","",""
"Scripts/Content/Story/SVM.d:2766","Aargh","크윽","","False","SVM_12_Aargh_2","",""
"Scripts/Content/Story/SVM.d:2767","Aargh","크윽","","False","SVM_12_Aargh_3","",""
"Scripts/Content/Story/SVM.d:2771","Deine Kleidung passt einfach nicht zu dir. Zieh dich erst mal um.","옷이 아주 가관이군. 당장 갈아입고 와.","","False","SVM_12_Addon_WrongArmor","",""
"Scripts/Content/Story/SVM.d:2772","Zieh dir unsere Rüstung an, wenn du mit mir reden willst.","나와 얘기하고 싶다면 우리 방어구를 입어라.","","False","SVM_12_ADDON_WRONGARMOR_SLD","",""
"Scripts/Content/Story/SVM.d:2773","Ein Soldat trägt die Rüstung des Königs. NICHTS anderes! Also zieh dich um.","병사는 국왕의 방어구를 입어야 한다. 다른 건 절대 안 돼! 그러니 갈아입고 와.","","False","SVM_12_ADDON_WRONGARMOR_MIL","",""
"Scripts/Content/Story/SVM.d:2774","Deine Kleidung ist unserem Orden nicht angemessen. Zieh dich um.","네 옷차림은 우리 교단에 어울리지 않는다. 갈아입고 와라.","","False","SVM_12_ADDON_WRONGARMOR_KDF","",""
"Scripts/Content/Story/SVM.d:2775","Kannst dir ja noch nicht mal eine Rüstung leisten. Mit Schwächlingen rede ich nicht.","방어구 살 돈도 없나 보네. 약해 빠진 녀석과는 안 놀아.","","False","SVM_12_ADDON_ADDON_NOARMOR_BDT","",""
"Scripts/Content/Story/SVM.d:2777","Ich mach dich fertig, Bandit!","산적 녀석, 끝장내주마!","","False","SVM_12_ADDON_DIEBANDIT","",""
"Scripts/Content/Story/SVM.d:2778","Ich mach dich fertig, Pirat!","해적 녀석, 끝장내주마!","","False","SVM_12_ADDON_DIRTYPIRATE","",""
"Scripts/Content/Story/SVM.d:2784","Für den König!","국왕을 위하여!","","False","SVM_13_MILGreetings","",""
"Scripts/Content/Story/SVM.d:2785","Für Innos!","이노스를 위하여!","","False","SVM_13_PALGreetings","",""
"Scripts/Content/Story/SVM.d:2786","So ein Mistwetter!","날씨 더럽게 구리네!","","False","SVM_13_Weather","",""
"Scripts/Content/Story/SVM.d:2788","Jetzt krieg ich dich aber!","이제 끝이다!","","False","SVM_13_IGetYouStill","",""
"Scripts/Content/Story/SVM.d:2789","Ich mach dich fertig!","가만두지 않겠다!","","False","SVM_13_DieEnemy","",""
"Scripts/Content/Story/SVM.d:2790","Da ist wieder eins von diesen Drecksviechern!","저 더러운 괴물 녀석이 또 나타났어!","","False","SVM_13_DieMonster","",""
"Scripts/Content/Story/SVM.d:2791","Na warte, du dreckiger Dieb!","어디 보자, 이 더러운 도둑놈!","","False","SVM_13_DirtyThief","",""
"Scripts/Content/Story/SVM.d:2792","Finger weg da!","손 떼라!","","False","SVM_13_HandsOff","",""
"Scripts/Content/Story/SVM.d:2793","Der Mistkerl schlachtet unsere Schafe!","저 개자식이 우리 양을 도륙 내고 있잖아!","","False","SVM_13_SheepKiller","",""
"Scripts/Content/Story/SVM.d:2794","Das verdammte Mistvieh frisst unsere Schafe!","저 저주받을 짐승 새끼가 우리 양을 씹어 먹고 있잖아!","","False","SVM_13_SheepKillerMonster","",""
"Scripts/Content/Story/SVM.d:2795","Mörder!","살인마!","","False","SVM_13_YouMurderer","",""
"Scripts/Content/Story/SVM.d:2796","Hier kommen keine Viecher rein!","여기에 괴물 따윈 얼씬도 못 한다!","","False","SVM_13_DieStupidBeast","",""
"Scripts/Content/Story/SVM.d:2797","Na warte, du Mistkerl!","어디 맞아봐라, 개자식!","","False","SVM_13_YouDareHitMe","",""
"Scripts/Content/Story/SVM.d:2798","Du hast es so gewollt!","네가 자초한 일이다!","","False","SVM_13_YouAskedForIt","",""
"Scripts/Content/Story/SVM.d:2799","Du willst nicht gehen? Na gut!","안 꺼지겠단 말씀이지? 좋다!","","False","SVM_13_ThenIBeatYouOutOfHere","",""
"Scripts/Content/Story/SVM.d:2800","Was hattest du da drin zu suchen?","거기서 뭘 하던 짓거냐?","","False","SVM_13_WhatDidYouDoInThere","",""
"Scripts/Content/Story/SVM.d:2801","Wollt ihr wohl damit aufhören!?","당장 그만두지 못할까?!","","False","SVM_13_WillYouStopFighting","",""
"Scripts/Content/Story/SVM.d:2803","Stirb, Mistkerl!","죽어라, 개자식!","","False","SVM_13_KillEnemy","",""
"Scripts/Content/Story/SVM.d:2804","Das hast du verdient, Mistkerl!","꼴좋다, 쓰레기 같은 녀석!","","False","SVM_13_EnemyKilled","",""
"Scripts/Content/Story/SVM.d:2805","Ein Mistvieh weniger!","괴물 하나 처치했군!","","False","SVM_13_MonsterKilled","",""
"Scripts/Content/Story/SVM.d:2806","Versuch nie wieder, mich zu bestehlen!","다시는 내 물건에 손대지 마라!","","False","SVM_13_ThiefDown","",""
"Scripts/Content/Story/SVM.d:2807","Lass in Zukunft die Finger von Sachen, an denen du nichts zu suchen hast!","앞으로는 네가 상관할 일이 아닌 곳에 손대지 마라!","","False","SVM_13_rumfummlerDown","",""
"Scripts/Content/Story/SVM.d:2808","Tu das nie wieder! Das sind unsere Schafe!","두 번 다시 그 짓 하지 마! 우리 양들이라고!","","False","SVM_13_SheepAttackerDown","",""
"Scripts/Content/Story/SVM.d:2809","Stirb, Mörder!","죽어라, 살인마!","","False","SVM_13_KillMurderer","",""
"Scripts/Content/Story/SVM.d:2810","So ein saublödes Vieh!","빌어먹게 멍청한 짐승 같니!","","False","SVM_13_StupidBeastKilled","",""
"Scripts/Content/Story/SVM.d:2811","Leg dich nie wieder mit mir an!","다신 나와 싸우려 들지 마!","","False","SVM_13_NeverHitMeAgain","",""
"Scripts/Content/Story/SVM.d:2812","Du hättest auf mich hören sollen!","내 말을 들었어야지!","","False","SVM_13_YouBetterShouldHaveListened","",""
"Scripts/Content/Story/SVM.d:2813","Und jetzt sieh zu, dass du hier verschwindest!","이제 여기서 꺼져 주는 게 좋을 거야!","","False","SVM_13_GetUpAndBeGone","",""
"Scripts/Content/Story/SVM.d:2814","Und lass dich ja nie wieder da drinnen erwischen!","거기 안에서 두 번 다시 눈에 띄지 마!","","False","SVM_13_NeverEnterRoomAgain","",""
"Scripts/Content/Story/SVM.d:2815","Hier wird nicht gekämpft, klar!? Lass dir das eine Lehre sein!","여기서 싸우는 건 금지야, 알겠어!? 뼈저리게 후회하게 될걸!","","False","SVM_13_ThereIsNoFightingHere","",""
"Scripts/Content/Story/SVM.d:2817","Tu mir nichts!","날 해치지 마!","","False","SVM_13_SpareMe","",""
"Scripts/Content/Story/SVM.d:2818","Ach du Scheiße!","이런 젠장!","","False","SVM_13_RunAway","",""
"Scripts/Content/Story/SVM.d:2820","ALARM!","비상!","","False","SVM_13_Alarm","",""
"Scripts/Content/Story/SVM.d:2821","WACHE!","경비병!","","False","SVM_13_Guards","",""
"Scripts/Content/Story/SVM.d:2822","Hilfe!","살려줘!","","False","SVM_13_Help","",""
"Scripts/Content/Story/SVM.d:2824","(ruft zu) Gut gemacht - ein Drecksvieh weniger!","잘했어 - 쓰레기 같은 짐승 하나 치웠군!","","False","SVM_13_GoodMonsterKill","",""
"Scripts/Content/Story/SVM.d:2825","(ruft) Ja, mach das Schwein fertig!","그래, 저 돼지 녀석을 끝장내버려!","","False","SVM_13_GoodKill","",""
"Scripts/Content/Story/SVM.d:2827","Lass mich in Ruhe!","날 내버려 두라고!","","False","SVM_13_NOTNOW","",""
"Scripts/Content/Story/SVM.d:2829","(ruft laut) Ja! Renn, so schnell wie du kannst!","그래! 할 수 있는 한 빨리 도망쳐라!","","False","SVM_13_RunCoward","",""
"Scripts/Content/Story/SVM.d:2831","Raus hier!","당장 꺼져!","","False","SVM_13_GetOutOfHere","",""
"Scripts/Content/Story/SVM.d:2832","Was suchst du hier!? Geh!","여기서 뭘 찾는 거야!? 꺼져!","","False","SVM_13_WhyAreYouInHere","",""
"Scripts/Content/Story/SVM.d:2833","Ja, mach, dass du wegkommst!","그래, 얼른 사라지는 게 좋을 거다!","","False","SVM_13_YesGoOutOfHere","",""
"Scripts/Content/Story/SVM.d:2835","Hey du! Was schleichst du da rum.","이봐 너! 거기서 뭘 어슬렁거리는 거지.","","False","SVM_13_WhatsThisSupposedToBe","",""
"Scripts/Content/Story/SVM.d:2836","(wacht auf) Verdammt, was ist los?","젠장, 무슨 일이야?","","False","SVM_13_YouDisturbedMySlumber","",""
"Scripts/Content/Story/SVM.d:2838","Danke für das Gold, du Held!","금은 고맙다, 영웅님!","","False","SVM_13_ITookYourGold","",""
"Scripts/Content/Story/SVM.d:2839","Du arme Wurst, hast ja nicht mal Gold dabei!","이 불쌍한 녀석, 가진 금조차 없잖아!","","False","SVM_13_ShitNoGold","",""
"Scripts/Content/Story/SVM.d:2840","Die Waffe nehm ich mal besser an mich!","이 무기는 내가 챙기는 게 좋겠어!","","False","SVM_13_ITakeYourWeapon","",""
"Scripts/Content/Story/SVM.d:2842","(warnt) Pass auf! Noch mal und ich verpass dir eine.","조심해! 한 번만 더 그랬다간 뼈도 못 추릴 줄 알아.","","False","SVM_13_WhatAreYouDoing","",""
"Scripts/Content/Story/SVM.d:2844","Hast du immer noch nicht genug?!","아직도 정신을 못 차렸나?!","","False","SVM_13_LookingForTroubleAgain","",""
"Scripts/Content/Story/SVM.d:2845","Hör auf mit dieser Magie-Scheiße!","그 빌어먹을 마법 짓거리 집치워!","","False","SVM_13_StopMagic","",""
"Scripts/Content/Story/SVM.d:2846","Willst du Schläge? Hör sofort damit auf!!!","매 좀 맞고 싶나? 당장 그만두지 못해!!!","","False","SVM_13_ISaidStopMagic","",""
"Scripts/Content/Story/SVM.d:2847","Steck die Waffe weg!","무기 집어넣어!","","False","SVM_13_WeaponDown","",""
"Scripts/Content/Story/SVM.d:2848","Steck endlich die Scheißwaffe weg!","그 빌어먹을 무기 당장 집어넣지 못해?!","","False","SVM_13_ISaidWeaponDown","",""
"Scripts/Content/Story/SVM.d:2849","Kluges Kerlchen!","제법 눈치가 빠른데!","","False","SVM_13_WiseMove","",""
"Scripts/Content/Story/SVM.d:2851","(zu sich selbst) Das nächste Mal werden wir ja sehen ...","다음엔 두고 보자고...","","False","SVM_13_NextTimeYoureInForIt","",""
"Scripts/Content/Story/SVM.d:2852","(zu sich selbst) Oh Mann, mein Kopf ...","이런 젠장, 머리야...","","False","SVM_13_OhMyHead","",""
"Scripts/Content/Story/SVM.d:2854","(gierig) Ah, ein Kampf!","하하, 싸움이다!","","False","SVM_13_TheresAFight","",""
"Scripts/Content/Story/SVM.d:2855","(bestürzt) Mein Gott, ein Kampf!","세상에, 싸움이잖아!","","False","SVM_13_OhMyGodItsAFight","",""
"Scripts/Content/Story/SVM.d:2856","(böse lachend) Dem hast du's gezeigt!","제대로 본때를 보여줬네!","","False","SVM_13_GoodVictory","",""
"Scripts/Content/Story/SVM.d:2857","(anerkennend) Nicht schlecht ...","나쁘지 않은데...","","False","SVM_13_NotBad","",""
"Scripts/Content/Story/SVM.d:2858","(zu sich selbst) Mein Gott! Wie brutal ...","세상에! 너무 잔인하잖아...","","False","SVM_13_OhMyGodHesDown","",""
"Scripts/Content/Story/SVM.d:2859","Schlag zu!","쳐라!","","False","SVM_13_CheerFriend01","",""
"Scripts/Content/Story/SVM.d:2860","Gib alles!","전력을 다해!","","False","SVM_13_CheerFriend02","",""
"Scripts/Content/Story/SVM.d:2861","Zeig's ihm!","본때를 보여줘!","","False","SVM_13_CheerFriend03","",""
"Scripts/Content/Story/SVM.d:2862","Bleib dran!","버텨!","","False","SVM_13_Ooh01","",""
"Scripts/Content/Story/SVM.d:2863","Vorsicht!","조심해!","","False","SVM_13_Ooh02","",""
"Scripts/Content/Story/SVM.d:2864","Oh! Der hat gesessen!","오! 제법이었는데!","","False","SVM_13_Ooh03","",""
"Scripts/Content/Story/SVM.d:2866","(zu sich selbst, wacht auf) Was WAR das!?","방금 도대체 무슨 일이었지!?","","False","SVM_13_WhatWasThat","",""
"Scripts/Content/Story/SVM.d:2868","Raus aus meinem Bett!","내 침대에서 당장 꺼져!","","False","SVM_13_GetOutOfMyBed","",""
"Scripts/Content/Story/SVM.d:2869","(herzhaftes Gähnen)","(하품하는 소리)","","False","SVM_13_Awake","",""
"Scripts/Content/Story/SVM.d:2871","Du warst also beim Kommandanten und hast die Sache wieder in Ordnung gebracht.","사령관을 찾아가서 일을 바로잡았단 말이지.","","False","SVM_13_ABS_COMMANDER","",""
"Scripts/Content/Story/SVM.d:2872","Du warst also bei Vater Parlan und hast Buße getan.","파를란 신부님께 가서 속죄를 마쳤단 말이지.","","False","SVM_13_ABS_MONASTERY","",""
"Scripts/Content/Story/SVM.d:2873","Du warst also bei Lee und hast die Sache wieder in Ordnung gebracht.","리에게 가서 일을 바로잡았단 말이지.","","False","SVM_13_ABS_FARM","",""
"Scripts/Content/Story/SVM.d:2874","Das ist gut.","잘된 일이군.","","False","SVM_13_ABS_GOOD","",""
"Scripts/Content/Story/SVM.d:2876","Einfach unsere Schafe zu schlachten!","감히 우리 양들을 도살하다니!","","False","SVM_13_SHEEPKILLER_CRIME","",""
"Scripts/Content/Story/SVM.d:2877","Lass mich in Ruhe, du brutaler Mistkerl!","날 내버려 둬, 이 잔인한 자식아!","","False","SVM_13_ATTACK_CRIME","",""
"Scripts/Content/Story/SVM.d:2878","Lass mich in Ruhe, du mieser kleiner Dieb!","날 내버려 둬, 이 비열한 도둑 녀석!","","False","SVM_13_THEFT_CRIME","",""
"Scripts/Content/Story/SVM.d:2880","Du bist eine Schande für deinen Orden! Warte, bis Lord Hagen davon hört!","너는 우리 교단의 수치다! 헤이건 경이 이 사실을 알게 되면 가만두지 않을걸!","","False","SVM_13_PAL_CITY_CRIME","",""
"Scripts/Content/Story/SVM.d:2881","Du bist eine Schande für die Stadtwache! Warte, bis Lord Andre davon hört!","너는 도시 경비병의 수치다! 안드레 사령관이 이 사실을 알게 되면 가만두지 않을걸!","","False","SVM_13_MIL_CITY_CRIME","",""
"Scripts/Content/Story/SVM.d:2882","Warte, bis Lord Andre davon hört.","안드레 경이 이 사실을 알게 될 거다.","","False","SVM_13_CITY_CRIME","",""
"Scripts/Content/Story/SVM.d:2884","Warte, bis Vater Parlan davon hört!","파를란 신부님이 이 사실을 알게 될 거다!","","False","SVM_13_MONA_CRIME","",""
"Scripts/Content/Story/SVM.d:2885","Warte, bis Lee davon hört ...","리가 이 사실을 알게 되면...","","False","SVM_13_FARM_CRIME","",""
"Scripts/Content/Story/SVM.d:2886","Warte, bis Kommandant Garond davon hört!","가론드 지휘관이 이 사실을 알게 되면 가만두지 않을 거다!","","False","SVM_13_OC_CRIME","",""
"Scripts/Content/Story/SVM.d:2888","Okay, okay, du bist der Bessere von uns beiden! Was willst du?","알았어, 알았어, 네가 한 수 위군! 원하시는 게 뭐지?","","False","SVM_13_TOUGHGUY_ATTACKLOST","",""
"Scripts/Content/Story/SVM.d:2889","(selbstgefällig) Ich nehme an, du hast mittlerweile begriffen, wer von uns beiden der Stärkere ist ... was willst du?","(거만하게) 우리 중 누가 더 강한지 이제 깨달았겠지... 원하는 게 뭐지?","","False","SVM_13_TOUGHGUY_ATTACKWON","",""
"Scripts/Content/Story/SVM.d:2890","Ich dachte, du wolltest dich mit mir anlegen. Hast du's dir anders überlegt? Willst doch lieber REDEN, was? (lacht)","나한테 시비를 걸려던 게 아니었나? 마음이 바뀐 거야? 차라리 말로 해결하시겠다, 이거지? (웃음)","","False","SVM_13_TOUGHGUY_PLAYERATTACK","",""
"Scripts/Content/Story/SVM.d:2892","1000 Goldstücke.","1000 골드.","","False","SVM_13_GOLD_1000","",""
"Scripts/Content/Story/SVM.d:2893","950 Goldstücke.","950 골드.","","False","SVM_13_GOLD_950","",""
"Scripts/Content/Story/SVM.d:2894","900 Goldstücke.","900 골드.","","False","SVM_13_GOLD_900","",""
"Scripts/Content/Story/SVM.d:2895","850 Goldstücke.","850 골드.","","False","SVM_13_GOLD_850","",""
"Scripts/Content/Story/SVM.d:2896","800 Goldstücke.","800 골드.","","False","SVM_13_GOLD_800","",""
"Scripts/Content/Story/SVM.d:2897","750 Goldstücke.","750 골드.","","False","SVM_13_GOLD_750","",""
"Scripts/Content/Story/SVM.d:2898","700 Goldstücke.","700 골드.","","False","SVM_13_GOLD_700","",""
"Scripts/Content/Story/SVM.d:2899","650 Goldstücke.","650 골드.","","False","SVM_13_GOLD_650","",""
"Scripts/Content/Story/SVM.d:2900","600 Goldstücke.","600 골드.","","False","SVM_13_GOLD_600","",""
"Scripts/Content/Story/SVM.d:2901","550 Goldstücke.","550 골드.","","False","SVM_13_GOLD_550","",""
"Scripts/Content/Story/SVM.d:2902","500 Goldstücke.","500 골드.","","False","SVM_13_GOLD_500","",""
"Scripts/Content/Story/SVM.d:2903","450 Goldstücke.","450 골드.","","False","SVM_13_GOLD_450","",""
"Scripts/Content/Story/SVM.d:2904","400 Goldstücke.","400 골드.","","False","SVM_13_GOLD_400","",""
"Scripts/Content/Story/SVM.d:2905","350 Goldstücke.","350 골드.","","False","SVM_13_GOLD_350","",""
"Scripts/Content/Story/SVM.d:2906","300 Goldstücke.","300 골드.","","False","SVM_13_GOLD_300","",""
"Scripts/Content/Story/SVM.d:2907","250 Goldstücke.","250 골드.","","False","SVM_13_GOLD_250","",""
"Scripts/Content/Story/SVM.d:2908","200 Goldstücke.","200 골드.","","False","SVM_13_GOLD_200","",""
"Scripts/Content/Story/SVM.d:2909","150 Goldstücke.","150 골드.","","False","SVM_13_GOLD_150","",""
"Scripts/Content/Story/SVM.d:2910","100 Goldstücke.","100 골드.","","False","SVM_13_GOLD_100","",""
"Scripts/Content/Story/SVM.d:2911","90 Goldstücke.","90 골드.","","False","SVM_13_GOLD_90","",""
"Scripts/Content/Story/SVM.d:2912","80 Goldstücke.","80 골드.","","False","SVM_13_GOLD_80","",""
"Scripts/Content/Story/SVM.d:2913","70 Goldstücke.","70 골드.","","False","SVM_13_GOLD_70","",""
"Scripts/Content/Story/SVM.d:2914","60 Goldstücke.","60 골드.","","False","SVM_13_GOLD_60","",""
"Scripts/Content/Story/SVM.d:2915","50 Goldstücke.","50 골드.","","False","SVM_13_GOLD_50","",""
"Scripts/Content/Story/SVM.d:2916","40 Goldstücke.","40 골드.","","False","SVM_13_GOLD_40","",""
"Scripts/Content/Story/SVM.d:2917","30 Goldstücke.","30 골드.","","False","SVM_13_GOLD_30","",""
"Scripts/Content/Story/SVM.d:2918","20 Goldstücke.","20 골드.","","False","SVM_13_GOLD_20","",""
"Scripts/Content/Story/SVM.d:2919","10 Goldstücke.","10 골드.","","False","SVM_13_GOLD_10","",""
"Scripts/Content/Story/SVM.d:2921","... das interessiert mich nicht ...","...나랑은 상관없는 일이야...","","False","SVM_13_Smalltalk01","",""
"Scripts/Content/Story/SVM.d:2922","... das will doch keiner wissen ...","...누가 그런 걸 알고 싶어 하겠어...","","False","SVM_13_Smalltalk02","",""
"Scripts/Content/Story/SVM.d:2923","... es war doch seine Entscheidung ...","...본인이 선택한 일이잖아...","","False","SVM_13_Smalltalk03","",""
"Scripts/Content/Story/SVM.d:2924","... keine Ahnung, sag du es mir ...","...나도 몰라, 네가 말해봐...","","False","SVM_13_Smalltalk04","",""
"Scripts/Content/Story/SVM.d:2925","... ich werde mich da nicht einmischen ...","...난 그런 데 끼어들 생각 없어...","","False","SVM_13_Smalltalk05","",""
"Scripts/Content/Story/SVM.d:2926","... ich hab für so etwas keine Zeit ...","...나한테는 그런 거 신경 쓸 시간 없어...","","False","SVM_13_Smalltalk06","",""
"Scripts/Content/Story/SVM.d:2927","... ich könnte mir so etwas nicht erlauben ...","...나였다면 엄두도 못 냈을 거야...","","False","SVM_13_Smalltalk07","",""
"Scripts/Content/Story/SVM.d:2928","... mir brauchst du das nicht zu sagen ...","...그런 소리는 내게 할 필요 없어...","","False","SVM_13_Smalltalk08","",""
"Scripts/Content/Story/SVM.d:2929","... erzähl mir nichts, ich kenne so was ...","...새삼스러울 것도 없지, 뻔한 이야기야...","","False","SVM_13_Smalltalk09","",""
"Scripts/Content/Story/SVM.d:2930","... ich könnte dir Sachen erzählen ...","...내가 해줄 수 있는 얘기도 산더미라고...","","False","SVM_13_Smalltalk10","",""
"Scripts/Content/Story/SVM.d:2931","... da kann man sich nicht drauf verlassen ...","...그런 건 믿을 게 못 돼...","","False","SVM_13_Smalltalk11","",""
"Scripts/Content/Story/SVM.d:2932","... das habe ich früher auch immer gesagt ...","...나도 예전에 늘 그렇게 말하곤 했지...","","False","SVM_13_Smalltalk12","",""
"Scripts/Content/Story/SVM.d:2933","... und glaub ja nicht, dass das alles ist ...","...그게 끝이라고 생각하면 오산이야...","","False","SVM_13_Smalltalk13","",""
"Scripts/Content/Story/SVM.d:2934","... immer wieder das Gleiche ...","...어쩜 매번 똑같을까...","","False","SVM_13_Smalltalk14","",""
"Scripts/Content/Story/SVM.d:2935","... das kann doch nicht wahr sein ...","...믿을 수가 없단 말이야...","","False","SVM_13_Smalltalk15","",""
"Scripts/Content/Story/SVM.d:2936","... irgendwann musste es ja so kommen ...","...언젠가는 터질 일이 터진 거지...","","False","SVM_13_Smalltalk16","",""
"Scripts/Content/Story/SVM.d:2937","... das hätte er auch selbst wissen können ...","...본인도 짐작하고 있었을걸...","","False","SVM_13_Smalltalk17","",""
"Scripts/Content/Story/SVM.d:2938","... das wird sich nie ändern ...","...절대 변하지 않을 거야...","","False","SVM_13_Smalltalk18","",""
"Scripts/Content/Story/SVM.d:2939","... das ist kein Geheimnis ...","...비밀도 아니잖아...","","False","SVM_13_Smalltalk19","",""
"Scripts/Content/Story/SVM.d:2940","... das war keine große Sache ...","...별것도 아닌 일이었어...","","False","SVM_13_Smalltalk20","",""
"Scripts/Content/Story/SVM.d:2941","... er stellt sich das immer so einfach vor ...","...그 녀석은 늘 일을 너무 쉽게 생각한단 말이야...","","False","SVM_13_Smalltalk21","",""
"Scripts/Content/Story/SVM.d:2942","... das will doch keiner mehr hören ...","...이제 그런 소리 듣기도 지겨워...","","False","SVM_13_Smalltalk22","",""
"Scripts/Content/Story/SVM.d:2943","... ist doch wahr ...","...틀린 말은 아니지...","","False","SVM_13_Smalltalk23","",""
"Scripts/Content/Story/SVM.d:2944","... da muss man auch mal zuhören ...","...남의 말에도 좀 귀를 기울여야 해...","","False","SVM_13_Smalltalk24","",""
"Scripts/Content/Story/SVM.d:2946","... wenn wir nicht gekommen wären, wäre die Sache anders ausgegangen ...","...우리가 나서지 않았더라면 결과는 딴판이었을 거야...","","False","SVM_13_Smalltalk25","",""
"Scripts/Content/Story/SVM.d:2947","... der muss einfach mehr trainieren ...","...저 녀석은 연습을 더 해야 해...","","False","SVM_13_Smalltalk26","",""
"Scripts/Content/Story/SVM.d:2948","... der soll mir nichts von Pflicht erzählen ...","...누가 누구보고 의무를 논하겠다는 거야...","","False","SVM_13_Smalltalk27","",""
"Scripts/Content/Story/SVM.d:2950","... Innos' Strafe ist gerecht ...","...이노스의 심판은 공정하다...","","False","SVM_13_Smalltalk28","",""
"Scripts/Content/Story/SVM.d:2951","... der Pfad der Tugend ist lang und steinig ...","...덕의 길은 길고도 험난하지...","","False","SVM_13_Smalltalk29","",""
"Scripts/Content/Story/SVM.d:2952","... nur Innos entscheidet über Recht und Unrecht ...","...오직 이노스만이 옳고 그름을 심판하신다...","","False","SVM_13_Smalltalk30","",""
"Scripts/Content/Story/SVM.d:2954","Komm wieder, wenn du mehr Erfahrung hast.","경험을 더 쌓고 오게.","","False","SVM_13_NoLearnNoPoints","",""
"Scripts/Content/Story/SVM.d:2955","Du verlangst mehr von mir, als ich dir beibringen kann.","자네는 내가 가르칠 수 있는 것보다 더 많은 걸 요구하고 있네.","","False","SVM_13_NoLearnOverPersonalMAX","",""
"Scripts/Content/Story/SVM.d:2956","Ich kann dir nichts mehr beibringen. Du bist schon zu gut.","더 이상 가르쳐줄 게 없군. 자네는 이미 너무 강해졌어.","","False","SVM_13_NoLearnYoureBetter","",""
"Scripts/Content/Story/SVM.d:2957","Siehst du, du bist schon besser geworden ...","거봐, 벌써 실력이 늘었잖아...","","False","SVM_13_YouLearnedSomething","",""
"Scripts/Content/Story/SVM.d:2959","Du bist jetzt in der Unterstadt.","자네는 지금 하부 도시로 들어왔다.","","False","SVM_13_UNTERSTADT","",""
"Scripts/Content/Story/SVM.d:2960","Du bist jetzt in der Oberstadt.","자네는 지금 상부 도시로 들어왔다.","","False","SVM_13_OBERSTADT","",""
"Scripts/Content/Story/SVM.d:2961","Du bist jetzt am Tempel.","자네는 지금 신전에 있다.","","False","SVM_13_TEMPEL","",""
"Scripts/Content/Story/SVM.d:2962","Du bist jetzt am Marktplatz.","자네는 지금 시장 광장에 있다.","","False","SVM_13_MARKT","",""
"Scripts/Content/Story/SVM.d:2963","Du bist jetzt am Galgenplatz vor der Kaserne.","자네는 지금 병영 앞의 교수대 광장에 있다.","","False","SVM_13_GALGEN","",""
"Scripts/Content/Story/SVM.d:2964","Das hier ist die Kaserne.","이곳이 병영이다.","","False","SVM_13_KASERNE","",""
"Scripts/Content/Story/SVM.d:2965","Du bist hier im Hafenviertel.","자네는 지금 항구 구역에 있다.","","False","SVM_13_HAFEN","",""
"Scripts/Content/Story/SVM.d:2967","Wo willst du hin?","어디로 가고 싶나?","","False","SVM_13_WHERETO","",""
"Scripts/Content/Story/SVM.d:2969","Geh von hier aus durch das innere Stadttor und du kommst in die Unterstadt.","여기서 안쪽 도시 문을 통과해 걸어가면 하부 도시가 나온다.","","False","SVM_13_OBERSTADT_2_UNTERSTADT","",""
"Scripts/Content/Story/SVM.d:2970","Am südlichen Stadttor gibt es eine Treppe, die zum inneren Stadttor hochführt. Dort beginnt die Oberstadt.","남쪽 도시 문 근처에 안쪽 도시 문으로 이어지는 계단이 있다. 그곳이 상부 도시의 시작이지.","","False","SVM_13_UNTERSTADT_2_OBERSTADT","",""
"Scripts/Content/Story/SVM.d:2971","Geh vom Schmied aus durch die Unterführung und du kommst zum Tempelplatz.","대장간에서 지하 통로를 지나면 신전 광장이 나온다.","","False","SVM_13_UNTERSTADT_2_TEMPEL","",""
"Scripts/Content/Story/SVM.d:2972","Geh vom Schmied aus die Hafenstraße runter, dann kommst du zum Hafen.","대장간에서 항구 길을 따라 내려가면 항구가 나온다.","","False","SVM_13_UNTERSTADT_2_HAFEN","",""
"Scripts/Content/Story/SVM.d:2973","Vom Tempelplatz aus gibt es eine Unterführung, die in die Unterstadt führt.","신전 광장에서 하부 도시로 통하는 지하 통로가 있다.","","False","SVM_13_TEMPEL_2_UNTERSTADT","",""
"Scripts/Content/Story/SVM.d:2974","Wenn du vorm Tempel stehst, geh links hoch und an der Stadtmauer entlang, dann kommst du zum Markt.","신전 앞에 서서 왼쪽 위로 올라간 뒤 성벽을 따라가면 시장이 나온다.","","False","SVM_13_TEMPEL_2_MARKT","",""
"Scripts/Content/Story/SVM.d:2975","Wenn du vom Tempel aus gesehen links an der Kneipe vorbeigehst, kommst du zum Galgenplatz.","신전을 마주 보고 왼쪽으로 선술집을 지나가면 교수대 광장이 나온다.","","False","SVM_13_TEMPEL_2_GALGEN","",""
"Scripts/Content/Story/SVM.d:2976","Wenn du vom Marktplatz aus an der hohen Stadtmauer entlanggehst, kommst du zum Tempel.","시장 광장에서 높은 성벽을 따라 걸어가면 신전이 나온다.","","False","SVM_13_MARKT_2_TEMPEL","",""
"Scripts/Content/Story/SVM.d:2977","Die Kaserne ist das riesengroße Gebäude. Geh einfach die Treppen gegenüber dem Hotel rauf.","저 커다란 건물이 병영이다. 호텔 건너편에 있는 계단으로 올라가기만 하면 된다.","","False","SVM_13_MARKT_2_KASERNE","",""
"Scripts/Content/Story/SVM.d:2978","Geh einfach an der großen Kaserne entlang und du kommst zum Galgenplatz.","큰 병영을 따라 걸어가면 교수대 광장이 나온다.","","False","SVM_13_MARKT_2_GALGEN","",""
"Scripts/Content/Story/SVM.d:2979","Geh vom Galgenplatz aus die Gasse runter und du kommst zum Tempelplatz.","교수대 광장에서 골목길을 따라 내려가면 신전 광장이 나온다.","","False","SVM_13_GALGEN_2_TEMPEL","",""
"Scripts/Content/Story/SVM.d:2980","Geh einfach an der großen Kaserne entlang und du kommst zum Markt.","큰 병영을 따라 걸어가면 시장이 나온다.","","False","SVM_13_GALGEN_2_MARKT","",""
"Scripts/Content/Story/SVM.d:2981","Die Kaserne ist das riesengroße Gebäude. Geh einfach die Treppen rauf.","저 커다란 건물이 병영이다. 계단으로 올라가기만 하면 된다.","","False","SVM_13_GALGEN_2_KASERNE","",""
"Scripts/Content/Story/SVM.d:2982","Geh einfach die Treppe am Haupteingang links runter, dann kommst du zum Marktplatz.","정문 왼쪽에 있는 계단으로 내려가면 시장 광장이 나온다.","","False","SVM_13_KASERNE_2_MARKT","",""
"Scripts/Content/Story/SVM.d:2983","Geh einfach die Treppe am Haupteingang rechts runter, dann kommst du zum Galgenplatz.","정문 오른쪽에 있는 계단으로 내려가면 교수대 광장이 나온다.","","False","SVM_13_KASERNE_2_GALGEN","",""
"Scripts/Content/Story/SVM.d:2984","Geh von der Kaimauer aus die Hafenstraße hoch, dann kommst du in die Unterstadt.","부두 성벽에서 항구 길을 따라 올라가면 하부 도시가 나온다.","","False","SVM_13_HAFEN_2_UNTERSTADT","",""
"Scripts/Content/Story/SVM.d:2986","Aaaaaargl!","아아아아아그을!","","False","SVM_13_Dead","",""
"Scripts/Content/Story/SVM.d:2987","Aargh","아르크","","False","SVM_13_Aargh_1","",""
"Scripts/Content/Story/SVM.d:2988","Aargh","아르크","","False","SVM_13_Aargh_2","",""
"Scripts/Content/Story/SVM.d:2989","Aargh","아르크","","False","SVM_13_Aargh_3","",""
"Scripts/Content/Story/SVM.d:2993","Was ist das für Kleidung? Sie passt nicht zu dir. Lass mich in Ruhe.","그 옷은 또 뭐냐? 전혀 어울리지 않는군. 날 내버려둬.","","False","SVM_13_Addon_WrongArmor","",""
"Scripts/Content/Story/SVM.d:2994","Du hast deine Rüstung nicht an, geh und hol sie.","방어구를 입지 않았잖아. 가서 가져와.","","False","SVM_13_ADDON_WRONGARMOR_SLD","",""
"Scripts/Content/Story/SVM.d:2995","Du solltest stolz sein, die Rüstung des Königs zu tragen und nicht mit diesen Klamotten durch die Gegend laufen. Jetzt geh!","그런 누더기를 걸치고 돌아다닐 게 아니라, 국왕의 방어구를 입고 있다는 걸 자랑스럽게 여겨야지. 당장 가라!","","False","SVM_13_ADDON_WRONGARMOR_MIL","",""
"Scripts/Content/Story/SVM.d:2996","Warum trägst du nicht die Kleidung unseres Ordens? Geh und denke darüber nach.","어째서 우리 교단의 복장을 입지 않는 거지? 가서 깊이 생각해 보거라.","","False","SVM_13_ADDON_WRONGARMOR_KDF","",""
"Scripts/Content/Story/SVM.d:2997","Hast ja noch nicht mal 'ne Rüstung. Verschwinde!","방어구조차 없잖아. 꺼져!","","False","SVM_13_ADDON_ADDON_NOARMOR_BDT","",""
"Scripts/Content/Story/SVM.d:2999","Du dreckiger Bandit.","더러운 산적 녀석.","","False","SVM_13_ADDON_DIEBANDIT","",""
"Scripts/Content/Story/SVM.d:3000","Du elender Pirat!","비열한 해적 녀석!","","False","SVM_13_ADDON_DIRTYPIRATE","",""
"Scripts/Content/Story/SVM.d:3006","Für den König!","국왕을 위하여!","","False","SVM_14_MILGreetings","",""
"Scripts/Content/Story/SVM.d:3007","Für Innos!","이노스를 위하여!","","False","SVM_14_PALGreetings","",""
"Scripts/Content/Story/SVM.d:3008","So ein Mistwetter!","날씨 참 더럽네!","","False","SVM_14_Weather","",""
"Scripts/Content/Story/SVM.d:3010","Krieg ich dich DOCH noch!","결국 네놈을 잡고야 말았다!","","False","SVM_14_IGetYouStill","",""
"Scripts/Content/Story/SVM.d:3011","Jetzt bist du dran!","이제 끝이다!","","False","SVM_14_DieEnemy","",""
"Scripts/Content/Story/SVM.d:3012","Da ist wieder eins von diesen Drecksviechern!","저 더러운 짐승 새끼가 또 나타났잖아!","","False","SVM_14_DieMonster","",""
"Scripts/Content/Story/SVM.d:3013","Na warte, du dreckiger Dieb!","어디 보자, 이 더러운 도둑놈!","","False","SVM_14_DirtyThief","",""
"Scripts/Content/Story/SVM.d:3014","Finger weg da!","손 떼라!","","False","SVM_14_HandsOff","",""
"Scripts/Content/Story/SVM.d:3015","Der Mistkerl schlachtet unsere Schafe!","저 새끼가 우리 양을 도살하고 있잖아!","","False","SVM_14_SheepKiller","",""
"Scripts/Content/Story/SVM.d:3016","Das verdammte Mistvieh frisst unsere Schafe!","저 젠장맞을 괴물이 우리 양을 처먹고 있어!","","False","SVM_14_SheepKillerMonster","",""
"Scripts/Content/Story/SVM.d:3017","Mörder!","살인마!","","False","SVM_14_YouMurderer","",""
"Scripts/Content/Story/SVM.d:3018","Hier kommen keine Viecher rein!","이곳에 짐승은 들일 수 없다!","","False","SVM_14_DieStupidBeast","",""
"Scripts/Content/Story/SVM.d:3019","Na warte, du Mistkerl!","어디 맛 좀 봐라, 이 자식!","","False","SVM_14_YouDareHitMe","",""
"Scripts/Content/Story/SVM.d:3020","Du hast es so gewollt!","네가 자초한 일이다!","","False","SVM_14_YouAskedForIt","",""
"Scripts/Content/Story/SVM.d:3021","Dann muss ich dich eben rausPRÜGELN!","그렇다면 뼈도 못 추리게 두들겨 패주마!","","False","SVM_14_ThenIBeatYouOutOfHere","",""
"Scripts/Content/Story/SVM.d:3022","Was hattest DU denn da drin zu suchen, he!?","거기서 대체 뭘 하고 있었던 거냐, 하!","","False","SVM_14_WhatDidYouDoInThere","",""
"Scripts/Content/Story/SVM.d:3023","Wollt ihr wohl damit aufhören!?","당장 그만두지 못할까?!","","False","SVM_14_WillYouStopFighting","",""
"Scripts/Content/Story/SVM.d:3025","Stirb, Mistkerl!","죽어라, 자식아!","","False","SVM_14_KillEnemy","",""
"Scripts/Content/Story/SVM.d:3026","Das war's für dich, Penner.","이거 참 안 됐군, 하찮은 녀석.","","False","SVM_14_EnemyKilled","",""
"Scripts/Content/Story/SVM.d:3027","Ein Mistvieh weniger!","괴물 하나 줄었네!","","False","SVM_14_MonsterKilled","",""
"Scripts/Content/Story/SVM.d:3028","Versuch nie wieder, mich zu bestehlen!","다시는 내 물건에 손댈 생각 마라!","","False","SVM_14_ThiefDown","",""
"Scripts/Content/Story/SVM.d:3029","Lass in Zukunft die Finger von Sachen, an denen du nichts zu suchen hast!","앞으로는 네놈 상관없는 물건에 손대지 마라!","","False","SVM_14_rumfummlerDown","",""
"Scripts/Content/Story/SVM.d:3030","Tu das nie wieder! Das sind unsere Schafe!","다시는 그딴 짓 하지 마라! 그건 우리 양이다!","","False","SVM_14_SheepAttackerDown","",""
"Scripts/Content/Story/SVM.d:3031","Stirb, Mörder!","죽어라, 살인마!","","False","SVM_14_KillMurderer","",""
"Scripts/Content/Story/SVM.d:3032","So ein saublödes Vieh!","정말 구제불능의 멍청한 짐승이군!","","False","SVM_14_StupidBeastKilled","",""
"Scripts/Content/Story/SVM.d:3033","Leg dich nie wieder mit mir an!","다시는 나와 싸우려 들지 마라!","","False","SVM_14_NeverHitMeAgain","",""
"Scripts/Content/Story/SVM.d:3034","Du hättest auf mich hören sollen!","내 말 들을 걸 그랬어!","","False","SVM_14_YouBetterShouldHaveListened","",""
"Scripts/Content/Story/SVM.d:3035","Und jetzt mach, dass du hier rauskommst!","이제 당장 여기서 꺼져!","","False","SVM_14_GetUpAndBeGone","",""
"Scripts/Content/Story/SVM.d:3036","Und dass ich dich nie wieder da drin erwische!","다시는 그 안에서 들키기만 해봐라!","","False","SVM_14_NeverEnterRoomAgain","",""
"Scripts/Content/Story/SVM.d:3037","Hier wird nicht gekämpft, klar!? Lass dir das eine Lehre sein!","여기선 싸움 금지다, 알겠냐!? 뼈저리게 느껴봐라!","","False","SVM_14_ThereIsNoFightingHere","",""
"Scripts/Content/Story/SVM.d:3039","Lass mich bloß in Ruhe!","제발 가만히 내버려둬!","","False","SVM_14_SpareMe","",""
"Scripts/Content/Story/SVM.d:3040","Scheiße! Nichts wie weg!","젠장! 일단 튀자!","","False","SVM_14_RunAway","",""
"Scripts/Content/Story/SVM.d:3042","ALARM!","비상!","","False","SVM_14_Alarm","",""
"Scripts/Content/Story/SVM.d:3043","WACHE!","경비병!","","False","SVM_14_Guards","",""
"Scripts/Content/Story/SVM.d:3044","Hilfe!","살려줘!","","False","SVM_14_Help","",""
"Scripts/Content/Story/SVM.d:3046","(ruft zu) Gut gemacht - ein Drecksvieh weniger!","(외치며) 잘했다 - 더러운 짐승 하나 줄었군!","","False","SVM_14_GoodMonsterKill","",""
"Scripts/Content/Story/SVM.d:3047","(ruft) Ja, mach das Schwein fertig!","(외치며) 그래, 저 자식을 끝장내버려!","","False","SVM_14_GoodKill","",""
"Scripts/Content/Story/SVM.d:3049","Lass mich in Ruhe!","날 내버려둬!","","False","SVM_14_NOTNOW","",""
"Scripts/Content/Story/SVM.d:3051","(ruft laut) Bleib stehen, du Lump!","(크게 외치며) 거기 서라, 이 건달 녀석!","","False","SVM_14_RunCoward","",""
"Scripts/Content/Story/SVM.d:3053","Raus hier!","당장 꺼져!","","False","SVM_14_GetOutOfHere","",""
"Scripts/Content/Story/SVM.d:3054","Was suchst du hier!? Geh!","여기서 뭘 찾는 거냐!? 꺼져!","","False","SVM_14_WhyAreYouInHere","",""
"Scripts/Content/Story/SVM.d:3055","Ja, mach, dass du wegkommst!","그래, 당장 사라져라!","","False","SVM_14_YesGoOutOfHere","",""
"Scripts/Content/Story/SVM.d:3057","Hey du! Was schleichst du da rum.","이봐 너! 거기서 뭘 어슬렁거리는 거냐.","","False","SVM_14_WhatsThisSupposedToBe","",""
"Scripts/Content/Story/SVM.d:3058","(wacht auf) Verdammt, was ist los?","(깨어나며) 젠장, 무슨 일이야?","","False","SVM_14_YouDisturbedMySlumber","",""
"Scripts/Content/Story/SVM.d:3060","Gold! Das ist schon mal meins ...","금이다! 이건 일단 내 차지로...","","False","SVM_14_ITookYourGold","",""
"Scripts/Content/Story/SVM.d:3061","Du hast noch nicht mal Gold dabei?","가진 금조차 없다고?","","False","SVM_14_ShitNoGold","",""
"Scripts/Content/Story/SVM.d:3062","Deine Waffe nehme ich mal lieber mit.","네 무기는 내가 챙겨가는 게 좋겠군.","","False","SVM_14_ITakeYourWeapon","",""
"Scripts/Content/Story/SVM.d:3064","(warnt) Hey! Pass auf!","(경고하며) 이봐! 조심해!","","False","SVM_14_WhatAreYouDoing","",""
"Scripts/Content/Story/SVM.d:3066","(agressiv) Hast du immer noch nicht genug?!","(공격적으로) 아직도 정신을 못 차렸나?!","","False","SVM_14_LookingForTroubleAgain","",""
"Scripts/Content/Story/SVM.d:3067","Geh bloß weg mit deiner Magie!","그 마법을 갖고 당장 꺼져!","","False","SVM_14_StopMagic","",""
"Scripts/Content/Story/SVM.d:3068","Weg mit der Magie! Hörst du schlecht!?","마법 집어치워! 귀가 먹었나!?","","False","SVM_14_ISaidStopMagic","",""
"Scripts/Content/Story/SVM.d:3069","Weg mit der Waffe!","무기 치워라!","","False","SVM_14_WeaponDown","",""
"Scripts/Content/Story/SVM.d:3070","Hörst du schlecht? Ich sagte: Weg mit der Waffe!","귀가 먹었나? 무기 치우라고 했다!","","False","SVM_14_ISaidWeaponDown","",""
"Scripts/Content/Story/SVM.d:3071","Na bitte, geht doch!","그래, 진작 그럴 것이지!","","False","SVM_14_WiseMove","",""
"Scripts/Content/Story/SVM.d:3073","(zu sich selbst) Darüber reden wir noch ...","(혼잣말로) 이 일은 두고 보자...","","False","SVM_14_NextTimeYoureInForIt","",""
"Scripts/Content/Story/SVM.d:3074","(zu sich selbst) Oh, mein Schädel ...","(혼잣말로) 오, 내 머리야...","","False","SVM_14_OhMyHead","",""
"Scripts/Content/Story/SVM.d:3076","(gierig) Jetzt geht's zur Sache!","(열광하며) 이제 본격적으로 시작해 볼까!","","False","SVM_14_TheresAFight","",""
"Scripts/Content/Story/SVM.d:3077","(bestürzt) Die hauen sich den Schädel ein ...","(경악하며) 서로 머리통을 깨고 있잖아...","","False","SVM_14_OhMyGodItsAFight","",""
"Scripts/Content/Story/SVM.d:3078","(böse lachend) Das hat er verdient.","(사악하게 웃으며) 저 자식은 그럴 자격이 있지.","","False","SVM_14_GoodVictory","",""
"Scripts/Content/Story/SVM.d:3079","(anerkennend) Gar nicht so übel ...","(인정하며) 나쁘지 않은데...","","False","SVM_14_NotBad","",""
"Scripts/Content/Story/SVM.d:3080","(zu sich selbst) Was für ein brutaler Kerl ...","(혼잣말로) 저거 아주 잔인한 녀석이네...","","False","SVM_14_OhMyGodHesDown","",""
"Scripts/Content/Story/SVM.d:3081","Ja, so ist's gut!","그래, 바로 저거야!","","False","SVM_14_CheerFriend01","",""
"Scripts/Content/Story/SVM.d:3082","Na, mach schon!","자, 어서 해치워!","","False","SVM_14_CheerFriend02","",""
"Scripts/Content/Story/SVM.d:3083","Immer feste drauf!","더 세게 밀어붙여!","","False","SVM_14_CheerFriend03","",""
"Scripts/Content/Story/SVM.d:3084","Lass dir nichts gefallen!","가만히 당하고만 있지 마라!","","False","SVM_14_Ooh01","",""
"Scripts/Content/Story/SVM.d:3085","Den wirst du ja wohl schaffen!","저 정도는 충분히 해치울 수 있겠지!","","False","SVM_14_Ooh02","",""
"Scripts/Content/Story/SVM.d:3086","Das gibt's doch gar nicht!","말도 안 돼!","","False","SVM_14_Ooh03","",""
"Scripts/Content/Story/SVM.d:3088","(zu sich selbst, wacht auf) Was WAR das!?","(혼잣말하며 깨어나며) 방금 그게 뭐였지!?","","False","SVM_14_WhatWasThat","",""
"Scripts/Content/Story/SVM.d:3090","Raus aus meinem Bett!","내 침대에서 당장 내려와!","","False","SVM_14_GetOutOfMyBed","",""
"Scripts/Content/Story/SVM.d:3091","(herzhaftes Gähnen)","(크게 하품하며)","","False","SVM_14_Awake","",""
"Scripts/Content/Story/SVM.d:3093","Ich hörte, du warst beim Kommandanten und hast die Sache wieder in Ordnung gebracht.","사령관을 찾아가 일을 바로잡았다고 들었다.","","False","SVM_14_ABS_COMMANDER","",""
"Scripts/Content/Story/SVM.d:3094","Ich hörte, du warst bei Vater Parlan und hast Buße getan.","파를란 아버님을 찾아가 참회했다고 들었다.","","False","SVM_14_ABS_MONASTERY","",""
"Scripts/Content/Story/SVM.d:3095","Ich hörte, du warst bei Lee und hast die Sache wieder in Ordnung gebracht.","리를 찾아가 그 일을 해결했다고 하더군요.","","False","SVM_14_ABS_FARM","",""
"Scripts/Content/Story/SVM.d:3096","Das ist gut.","잘된 일이군.","","False","SVM_14_ABS_GOOD","",""
"Scripts/Content/Story/SVM.d:3098","Einfach unsere Schafe zu schlachten! Mach, dass du hier wegkommst!","감히 우리 양을 도살하다니! 당장 여기서 꺼져라!","","False","SVM_14_SHEEPKILLER_CRIME","",""
"Scripts/Content/Story/SVM.d:3099","Mit miesen Schlägern rede ich nicht!","비열한 깡패 녀석들과는 안 놀아!","","False","SVM_14_ATTACK_CRIME","",""
"Scripts/Content/Story/SVM.d:3100","Geh mir aus den Augen, dreckiger Dieb!","내 눈앞에서 사라져라, 더러운 도둑놈!","","False","SVM_14_THEFT_CRIME","",""
"Scripts/Content/Story/SVM.d:3102","Du bist eine Schande für deinen Orden! Lord Hagen wird toben vor Wut!","너는 교단의 수치다! 헤이건 경이 노발대발하실 거다!","","False","SVM_14_PAL_CITY_CRIME","",""
"Scripts/Content/Story/SVM.d:3103","Du bist eine Schande für die Stadtwache! Lord Andre wird dir das sicher austreiben!","너는 도시 경비병의 수치다! 안드레 경이 버릇을 단단히 고쳐놓으실 거야!","","False","SVM_14_MIL_CITY_CRIME","",""
"Scripts/Content/Story/SVM.d:3104","Lord Andre wird von deiner Tat erfahren!","안드레 님께서 네가 한 짓을 알게 될 거다!","","False","SVM_14_CITY_CRIME","",""
"Scripts/Content/Story/SVM.d:3106","Dein Frevel wird Vater Parlan sicherlich nicht erfreuen!","파를란 신부님께서 이 불경스러운 짓을 알면 분명 기뻐하지 않으실 거다!","","False","SVM_14_MONA_CRIME","",""
"Scripts/Content/Story/SVM.d:3107","Lee wird dir die Hammelbeine lang ziehen! Wirst schon sehen, was du davon hast!","리께서 네 버릇을 고쳐 놓으실 거다! 어떤 꼴을 당하게 될지 기대해라!","","False","SVM_14_FARM_CRIME","",""
"Scripts/Content/Story/SVM.d:3108","Kommandant Garond wird dich zur Rechenschaft ziehen!","가론드 사령관님께서 네게 책임을 물으실 거다!","","False","SVM_14_OC_CRIME","",""
"Scripts/Content/Story/SVM.d:3110","Ist ja schon gut, du hast gewonnen. Was willst du?","좋아, 알았어, 네가 이겼다. 원하는 게 뭐냐?","","False","SVM_14_TOUGHGUY_ATTACKLOST","",""
"Scripts/Content/Story/SVM.d:3111","(selbstgefällig) Muss ich dir noch mal zeigen, wer hier der Herr ist?","(거들먹거리며) 여기 진짜 주인이 누구인지 다시 한 번 보여줄까?","","False","SVM_14_TOUGHGUY_ATTACKWON","",""
"Scripts/Content/Story/SVM.d:3112","Willst du dich noch mal mit mir anlegen oder was?","나랑 한판 더 뜨고 싶냐, 아니면 뭐냐?","","False","SVM_14_TOUGHGUY_PLAYERATTACK","",""
"Scripts/Content/Story/SVM.d:3114","1000 Goldstücke.","1000개의 금화.","","False","SVM_14_GOLD_1000","",""
"Scripts/Content/Story/SVM.d:3115","950 Goldstücke.","950개의 금화.","","False","SVM_14_GOLD_950","",""
"Scripts/Content/Story/SVM.d:3116","900 Goldstücke.","900개의 금화.","","False","SVM_14_GOLD_900","",""
"Scripts/Content/Story/SVM.d:3117","850 Goldstücke.","850개의 금화.","","False","SVM_14_GOLD_850","",""
"Scripts/Content/Story/SVM.d:3118","800 Goldstücke.","800개의 금화.","","False","SVM_14_GOLD_800","",""
"Scripts/Content/Story/SVM.d:3119","750 Goldstücke.","750개의 금화.","","False","SVM_14_GOLD_750","",""
"Scripts/Content/Story/SVM.d:3120","700 Goldstücke.","700개의 금화.","","False","SVM_14_GOLD_700","",""
"Scripts/Content/Story/SVM.d:3121","650 Goldstücke.","650개의 금화.","","False","SVM_14_GOLD_650","",""
"Scripts/Content/Story/SVM.d:3122","600 Goldstücke.","600개의 금화.","","False","SVM_14_GOLD_600","",""
"Scripts/Content/Story/SVM.d:3123","550 Goldstücke.","550개의 금화.","","False","SVM_14_GOLD_550","",""
"Scripts/Content/Story/SVM.d:3124","500 Goldstücke.","500개의 금화.","","False","SVM_14_GOLD_500","",""
"Scripts/Content/Story/SVM.d:3125","450 Goldstücke.","450개의 금화.","","False","SVM_14_GOLD_450","",""
"Scripts/Content/Story/SVM.d:3126","400 Goldstücke.","400개의 금화.","","False","SVM_14_GOLD_400","",""
"Scripts/Content/Story/SVM.d:3127","350 Goldstücke.","350개의 금화.","","False","SVM_14_GOLD_350","",""
"Scripts/Content/Story/SVM.d:3128","300 Goldstücke.","300개의 금화.","","False","SVM_14_GOLD_300","",""
"Scripts/Content/Story/SVM.d:3129","250 Goldstücke.","250개의 금화.","","False","SVM_14_GOLD_250","",""
"Scripts/Content/Story/SVM.d:3130","200 Goldstücke.","200개의 금화.","","False","SVM_14_GOLD_200","",""
"Scripts/Content/Story/SVM.d:3131","150 Goldstücke.","150개의 금화.","","False","SVM_14_GOLD_150","",""
"Scripts/Content/Story/SVM.d:3132","100 Goldstücke.","100개의 금화.","","False","SVM_14_GOLD_100","",""
"Scripts/Content/Story/SVM.d:3133","90 Goldstücke.","90개의 금화.","","False","SVM_14_GOLD_90","",""
"Scripts/Content/Story/SVM.d:3134","80 Goldstücke.","80개의 금화.","","False","SVM_14_GOLD_80","",""
"Scripts/Content/Story/SVM.d:3135","70 Goldstücke.","70개의 금화.","","False","SVM_14_GOLD_70","",""
"Scripts/Content/Story/SVM.d:3136","60 Goldstücke.","60개의 금화.","","False","SVM_14_GOLD_60","",""
"Scripts/Content/Story/SVM.d:3137","50 Goldstücke.","50개의 금화.","","False","SVM_14_GOLD_50","",""
"Scripts/Content/Story/SVM.d:3138","40 Goldstücke.","40개의 금화.","","False","SVM_14_GOLD_40","",""
"Scripts/Content/Story/SVM.d:3139","30 Goldstücke.","30개의 금화.","","False","SVM_14_GOLD_30","",""
"Scripts/Content/Story/SVM.d:3140","20 Goldstücke.","20개의 금화.","","False","SVM_14_GOLD_20","",""
"Scripts/Content/Story/SVM.d:3141","10 Goldstücke.","10개의 금화.","","False","SVM_14_GOLD_10","",""
"Scripts/Content/Story/SVM.d:3143","... ich kann das nicht glauben ...","...믿을 수가 없군...","","False","SVM_14_Smalltalk01","",""
"Scripts/Content/Story/SVM.d:3144","... ich wäre mir da nicht so sicher ...","...그렇게 장담할 수는 없을걸...","","False","SVM_14_Smalltalk02","",""
"Scripts/Content/Story/SVM.d:3145","... das hat er doch vorher gewusst ...","...그 자는 이미 알고 있었던 거야...","","False","SVM_14_Smalltalk03","",""
"Scripts/Content/Story/SVM.d:3146","... ich weiß langsam nicht mehr, was ich glauben soll ...","...뭐가 진실인지 점점 알 수가 없군...","","False","SVM_14_Smalltalk04","",""
"Scripts/Content/Story/SVM.d:3147","... ich weiß gar nicht, warum er sich so aufregt ...","...왜 저렇게 화를 내는지 모르겠단 말이야...","","False","SVM_14_Smalltalk05","",""
"Scripts/Content/Story/SVM.d:3148","... noch mehr Ärger kann ich nicht gebrauchen ...","...지금도 충분히 골치 아프다고...","","False","SVM_14_Smalltalk06","",""
"Scripts/Content/Story/SVM.d:3149","... ich hab so einiges gehört ...","...나도 들은 게 좀 있지...","","False","SVM_14_Smalltalk07","",""
"Scripts/Content/Story/SVM.d:3150","... davon lass ich lieber die Finger ...","...그건 안 건드리는 게 상책이야...","","False","SVM_14_Smalltalk08","",""
"Scripts/Content/Story/SVM.d:3151","... man darf halt nicht alles glauben, was man hört ...","...들리는 걸 다 곧이곧대로 믿을 수는 없지...","","False","SVM_14_Smalltalk09","",""
"Scripts/Content/Story/SVM.d:3152","... von mir hat er das nicht ...","...나한테 들은 소리는 아닐걸...","","False","SVM_14_Smalltalk10","",""
"Scripts/Content/Story/SVM.d:3153","... ich habe mir das schon gedacht ...","...내 그럴 줄 알았지...","","False","SVM_14_Smalltalk11","",""
"Scripts/Content/Story/SVM.d:3154","... meine Meinung will ja keiner hören ...","...내 의견을 물어보는 사람은 아무도 없지...","","False","SVM_14_Smalltalk12","",""
"Scripts/Content/Story/SVM.d:3155","... das hat er wirklich nicht verdient ...","...그가 그런 대우를 받을 이유는 없었어...","","False","SVM_14_Smalltalk13","",""
"Scripts/Content/Story/SVM.d:3156","... sag nicht, das hast du nicht gewusst ...","...설마 몰랐다고는 하지 마...","","False","SVM_14_Smalltalk14","",""
"Scripts/Content/Story/SVM.d:3157","... das war doch klar ...","...뻔한 결과였어...","","False","SVM_14_Smalltalk15","",""
"Scripts/Content/Story/SVM.d:3158","... wo hast du das denn schon wieder her ...","...그 소식은 또 어디서 주워들은 거야...","","False","SVM_14_Smalltalk16","",""
"Scripts/Content/Story/SVM.d:3159","... das kann ja nicht ewig so weiter gehen ...","...이런 식으로는 오래 못 가지...","","False","SVM_14_Smalltalk17","",""
"Scripts/Content/Story/SVM.d:3160","... ich hab da so meine eigene Meinung ...","...나름대로 생각은 있다고...","","False","SVM_14_Smalltalk18","",""
"Scripts/Content/Story/SVM.d:3161","... es war genau so, wie du sagst ...","...네 말 그대로였어...","","False","SVM_14_Smalltalk19","",""
"Scripts/Content/Story/SVM.d:3162","... ich glaub nicht, dass sich daran was ändert ...","...달라질 건 없다고 봐...","","False","SVM_14_Smalltalk20","",""
"Scripts/Content/Story/SVM.d:3163","... das höre ich zum ersten Mal ...","...처음 듣는 소리인데...","","False","SVM_14_Smalltalk21","",""
"Scripts/Content/Story/SVM.d:3164","... wir können nur abwarten ...","...기다려 보는 수밖에...","","False","SVM_14_Smalltalk22","",""
"Scripts/Content/Story/SVM.d:3165","... die Probleme habe ich kommen sehen ...","...이럴 줄 알았어...","","False","SVM_14_Smalltalk23","",""
"Scripts/Content/Story/SVM.d:3166","... warum hört eigentlich keiner auf mich ...","...왜 아무도 내 말을 안 듣는 거야...","","False","SVM_14_Smalltalk24","",""
"Scripts/Content/Story/SVM.d:3168","... der ist gerannt, als ob Beliar selbst hinter ihm her wäre ...","...벨리알이라도 쫓아오는 것처럼 미친 듯이 뛰어가더군...","","False","SVM_14_Smalltalk25","",""
"Scripts/Content/Story/SVM.d:3169","... wir haben ihn natürlich dann doch noch gekriegt ...","...결국엔 우리가 녀석을 잡았지만 말이야...","","False","SVM_14_Smalltalk26","",""
"Scripts/Content/Story/SVM.d:3170","... da muss man mal ganz kräftig dazwischenhauen ...","...단단히 본때를 보여줘야 한다고...","","False","SVM_14_Smalltalk27","",""
"Scripts/Content/Story/SVM.d:3172","... einige wissen gar nicht, wie sehr sie sich versündigen ...","...자신들이 얼마나 큰 죄를 짓는지도 모르는 자들이 있지...","","False","SVM_14_Smalltalk28","",""
"Scripts/Content/Story/SVM.d:3173","... denn so ist es Innos' Wille ...","...그것이 바로 이노스의 뜻이니까...","","False","SVM_14_Smalltalk29","",""
"Scripts/Content/Story/SVM.d:3174","... seine Taten waren gerecht ...","...그의 행동은 정당했어...","","False","SVM_14_Smalltalk30","",""
"Scripts/Content/Story/SVM.d:3176","Komm wieder, wenn du mehr Erfahrung hast.","경험을 더 쌓고 오게.","","False","SVM_14_NoLearnNoPoints","",""
"Scripts/Content/Story/SVM.d:3177","Du verlangst mehr von mir, als ich dir beibringen kann.","내가 가르쳐 줄 수 있는 한계를 넘었군.","","False","SVM_14_NoLearnOverPersonalMAX","",""
"Scripts/Content/Story/SVM.d:3178","Ich kann dir nichts mehr beibringen. Du bist schon zu gut.","더 이상 가르쳐 줄 게 없다. 넌 이미 충분히 강해졌어.","","False","SVM_14_NoLearnYoureBetter","",""
"Scripts/Content/Story/SVM.d:3179","Siehst du, du bist schon besser geworden ...","거 봐, 벌써 실력이 늘었잖아...","","False","SVM_14_YouLearnedSomething","",""
"Scripts/Content/Story/SVM.d:3181","Du bist jetzt in der Unterstadt.","여기는 하층시가지다.","","False","SVM_14_UNTERSTADT","",""
"Scripts/Content/Story/SVM.d:3182","Du bist jetzt in der Oberstadt.","여기는 상층시가지다.","","False","SVM_14_OBERSTADT","",""
"Scripts/Content/Story/SVM.d:3183","Du bist jetzt am Tempel.","여기는 신전이다.","","False","SVM_14_TEMPEL","",""
"Scripts/Content/Story/SVM.d:3184","Du bist jetzt am Marktplatz.","여기는 시장이다.","","False","SVM_14_MARKT","",""
"Scripts/Content/Story/SVM.d:3185","Du bist jetzt am Galgenplatz vor der Kaserne.","여기는 병영 앞의 처형장 광장이다.","","False","SVM_14_GALGEN","",""
"Scripts/Content/Story/SVM.d:3186","Das hier ist die Kaserne.","여기는 병영이다.","","False","SVM_14_KASERNE","",""
"Scripts/Content/Story/SVM.d:3187","Du bist hier im Hafenviertel.","여기는 항구 구역이다.","","False","SVM_14_HAFEN","",""
"Scripts/Content/Story/SVM.d:3189","Wo willst du hin?","어디로 가고 싶나?","","False","SVM_14_WHERETO","",""
"Scripts/Content/Story/SVM.d:3191","Geh von hier aus durch das innere Stadttor und du kommst in die Unterstadt.","여기서 안쪽 성문을 통과해 걸어가면 하층시가지로 갈 수 있어.","","False","SVM_14_OBERSTADT_2_UNTERSTADT","",""
"Scripts/Content/Story/SVM.d:3192","Am südlichen Stadttor gibt es eine Treppe, die zum inneren Stadttor hochführt. Dort beginnt die Oberstadt.","남쪽 성문 근처에 안쪽 성문으로 이어지는 계단이 있어. 거기가 바로 상층시가지의 시작이지.","","False","SVM_14_UNTERSTADT_2_OBERSTADT","",""
"Scripts/Content/Story/SVM.d:3193","Geh vom Schmied aus durch die Unterführung und du kommst zum Tempelplatz.","대장간에서 지하 통로를 지나가면 신전 광장으로 갈 수 있어.","","False","SVM_14_UNTERSTADT_2_TEMPEL","",""
"Scripts/Content/Story/SVM.d:3194","Geh vom Schmied aus die Hafenstraße runter, dann kommst du zum Hafen.","대장간에서 항구 길을 따라 내려가면 항구가 나와.","","False","SVM_14_UNTERSTADT_2_HAFEN","",""
"Scripts/Content/Story/SVM.d:3195","Vom Tempelplatz aus gibt es eine Unterführung, die in die Unterstadt führt.","신전 광장에서 하층시가지로 이어지는 지하 통로가 있어.","","False","SVM_14_TEMPEL_2_UNTERSTADT","",""
"Scripts/Content/Story/SVM.d:3196","Wenn du vorm Tempel stehst, geh links hoch und an der Stadtmauer entlang, dann kommst du zum Markt.","신전 앞에 서서 왼쪽으로 올라간 뒤 성벽을 따라가면 시장이 나와.","","False","SVM_14_TEMPEL_2_MARKT","",""
"Scripts/Content/Story/SVM.d:3197","Wenn du vom Tempel aus gesehen links an der Kneipe vorbeigehst, kommst du zum Galgenplatz.","신전에서 선술집을 끼고 왼쪽으로 지나가면 처형장 광장이 나와.","","False","SVM_14_TEMPEL_2_GALGEN","",""
"Scripts/Content/Story/SVM.d:3198","Wenn du vom Marktplatz aus an der hohen Stadtmauer entlanggehst, kommst du zum Tempel.","시장에서 높은 성벽을 따라 걸어가면 신전이 나와.","","False","SVM_14_MARKT_2_TEMPEL","",""
"Scripts/Content/Story/SVM.d:3199","Die Kaserne ist das riesengroße Gebäude. Geh einfach die Treppen gegenüber dem Hotel rauf.","거대한 건물이 병영이야. 호텔 맞은편에 있는 계단으로 올라가기만 하면 돼.","","False","SVM_14_MARKT_2_KASERNE","",""
"Scripts/Content/Story/SVM.d:3200","Geh einfach an der großen Kaserne entlang und du kommst zum Galgenplatz.","커다란 병영을 따라 걸어가면 처형장 광장이 나와.","","False","SVM_14_MARKT_2_GALGEN","",""
"Scripts/Content/Story/SVM.d:3201","Geh vom Galgenplatz aus die Gasse runter und du kommst zum Tempelplatz.","처형장 광장에서 골목길을 따라 내려가면 신전 광장이 나와.","","False","SVM_14_GALGEN_2_TEMPEL","",""
"Scripts/Content/Story/SVM.d:3202","Geh einfach an der großen Kaserne entlang und du kommst zum Markt.","커다란 병영을 따라 걸어가면 시장이 나와.","","False","SVM_14_GALGEN_2_MARKT","",""
"Scripts/Content/Story/SVM.d:3203","Die Kaserne ist das riesengroße Gebäude. Geh einfach die Treppen rauf.","거대한 건물이 병영이야. 그냥 계단으로 올라가면 돼.","","False","SVM_14_GALGEN_2_KASERNE","",""
"Scripts/Content/Story/SVM.d:3204","Geh einfach die Treppe am Haupteingang links runter, dann kommst du zum Marktplatz.","정문 왼쪽에 있는 계단으로 내려가면 시장이 나와.","","False","SVM_14_KASERNE_2_MARKT","",""
"Scripts/Content/Story/SVM.d:3205","Geh einfach die Treppe am Haupteingang rechts runter, dann kommst du zum Galgenplatz.","정문 오른쪽에 있는 계단으로 내려가면 처형장 광장이 나와.","","False","SVM_14_KASERNE_2_GALGEN","",""
"Scripts/Content/Story/SVM.d:3206","Geh von der Kaimauer aus die Hafenstraße hoch, dann kommst du in die Unterstadt.","안벽에서 항구 길을 따라 올라가면 하층시가지로 갈 수 있어.","","False","SVM_14_HAFEN_2_UNTERSTADT","",""
"Scripts/Content/Story/SVM.d:3208","Aaaaaargl!","아아아아그을!","","False","SVM_14_Dead","",""
"Scripts/Content/Story/SVM.d:3209","Aargh","으아악","","False","SVM_14_Aargh_1","",""
"Scripts/Content/Story/SVM.d:3210","Aargh","으아악","","False","SVM_14_Aargh_2","",""
"Scripts/Content/Story/SVM.d:3211","Aargh","으아악","","False","SVM_14_Aargh_3","",""
"Scripts/Content/Story/SVM.d:3215","Die Kleidung passt nicht zu dir. Du hast bestimmt was zu verbergen. Lass mich Ruhe.","네 옷이 그게 뭐냐. 숨기는 거라도 있는 모양이군. 내버려둬.","","False","SVM_14_Addon_WrongArmor","",""
"Scripts/Content/Story/SVM.d:3216","Wenn du mit mir reden willst, musst du unsere Rüstung tragen.","나랑 얘기하고 싶으면 우리 방어구를 입어야 해.","","False","SVM_14_ADDON_WRONGARMOR_SLD","",""
"Scripts/Content/Story/SVM.d:3217","Sei stolz auf die Armee und renn nicht mit diesen Klamotten durch die Gegend. Zieh dich erst mal um.","군대에 자부심을 가져라, 그따위 누더기를 걸치고 돌아다니지 말고. 일단 옷부터 갈아입어.","","False","SVM_14_ADDON_WRONGARMOR_MIL","",""
"Scripts/Content/Story/SVM.d:3218","Deine Kleidung ist unserem Orden nicht angemessen. Zieh dich um.","그 복장은 우리 교단에 어울리지 않는다. 옷을 갈아입도록 해라.","","False","SVM_14_ADDON_WRONGARMOR_KDF","",""
"Scripts/Content/Story/SVM.d:3219","Hast ja noch nicht mal 'ne Rüstung. Verschwinde!","방어구조차 없잖아. 꺼져!","","False","SVM_14_ADDON_ADDON_NOARMOR_BDT","",""
"Scripts/Content/Story/SVM.d:3221","Stirb, Bandit.","죽어라, 산적.","","False","SVM_14_ADDON_DIEBANDIT","",""
"Scripts/Content/Story/SVM.d:3222","Stirb, Pirat.","죽어라, 해적.","","False","SVM_14_ADDON_DIRTYPIRATE","",""
"Scripts/Content/Story/SVM.d:3232","Hey du!","거기 너!","","False","SVM_15_SC_HeyTurnAround","",""
"Scripts/Content/Story/SVM.d:3233","Hey du!","거기 너!","","False","SVM_15_SC_HeyTurnAround02","",""
"Scripts/Content/Story/SVM.d:3234","Hey!","어이!","","False","SVM_15_SC_HeyTurnAround03","",""
"Scripts/Content/Story/SVM.d:3235","Hey!","어이!","","False","SVM_15_SC_HeyTurnAround04","",""
"Scripts/Content/Story/SVM.d:3237","Warte mal!","잠깐만!","","False","SVM_15_SC_HeyWaitASecond","",""
"Scripts/Content/Story/SVM.d:3239","Funktioniert nicht","안 되네.","","False","SVM_15_DoesntWork","",""
"Scripts/Content/Story/SVM.d:3240","Hm, abgebrochen.","흠, 부러졌군.","","False","SVM_15_PickBroke","",""
"Scripts/Content/Story/SVM.d:3241","Dafür brauch ich den Schlüssel ...","거기엔 열쇠가 필요해...","","False","SVM_15_NeedKey","",""
"Scripts/Content/Story/SVM.d:3242","Keine Dietriche mehr ...","자물쇠 따개가 더는 없어...","","False","SVM_15_NoMorePicks","",""
"Scripts/Content/Story/SVM.d:3243","Vom Schlösserknacken versteh ich nichts.","자물쇠 따는 법은 모른다고.","","False","SVM_15_NoPickLockTalent","",""
"Scripts/Content/Story/SVM.d:3244","Alle Kammern auszufegen dauert ewig!","모든 방을 쓸려면 영원히 걸릴 걸!","","False","SVM_15_NoSweeping","",""
"Scripts/Content/Story/SVM.d:3246","Hm ... ich hab weder einen Dietrich noch den Schlüssel.","흠... 자물쇠 따개도 없고 열쇠도 없잖아.","","False","SVM_15_PICKLOCKORKEYMISSING","",""
"Scripts/Content/Story/SVM.d:3247","Ohne den richtigen Schlüssel kriege ich das nie auf!","맞는 열쇠가 없으면 절대 열 수 없어!","","False","SVM_15_KEYMISSING","",""
"Scripts/Content/Story/SVM.d:3248","Ein paar Dietriche wären hilfreich!","자물쇠 따개가 몇 개 있으면 도움이 될 텐데!","","False","SVM_15_PICKLOCKMISSING","",""
"Scripts/Content/Story/SVM.d:3249","Das Ding krieg ich nie auf!","이건 절대 못 열 거야!","","False","SVM_15_NEVEROPEN","",""
"Scripts/Content/Story/SVM.d:3250","Womit denn?","뭘로 열라는 거야?","","False","SVM_15_MISSINGITEM","",""
"Scripts/Content/Story/SVM.d:3251","Hmm ... Nein ...","흠... 아니...","","False","SVM_15_DONTKNOW","",""
"Scripts/Content/Story/SVM.d:3252","Da ist nichts zu holen ...","얻을 건 없군...","","False","SVM_15_NOTHINGTOGET","",""
"Scripts/Content/Story/SVM.d:3253","Nichts zu holen ...","건질 게 없어...","","False","SVM_15_NOTHINGTOGET02","",""
"Scripts/Content/Story/SVM.d:3254","Nichts zu plündern ...","약탈할 게 없네...","","False","SVM_15_NOTHINGTOGET03","",""
"Scripts/Content/Story/SVM.d:3257","Aargh","크윽","","False","SVM_15_Aargh_1","",""
"Scripts/Content/Story/SVM.d:3258","Aargh","크윽","","False","SVM_15_Aargh_2","",""
"Scripts/Content/Story/SVM.d:3259","Aargh","크윽","","False","SVM_15_Aargh_3","",""
"Scripts/Content/Story/SVM.d:3260","Aaargl","크으으윽","","False","SVM_15_Dead","",""
"Scripts/Content/Story/SVM.d:3261","(wacht auf)","(잠에서 깬다)","","False","SVM_15_Awake","",""
"Scripts/Content/Story/SVM.d:3265","Mmh. Da hast du dich also versteckt. Verdammt weit weg. Mmh. Ich werde ein Schiff brauchen, um dahin zu kommen.","음. 숨어 있던 곳이 바로 거기였군. 빌어먹게도 멀리 있네. 음. 거기로 가려면 배가 필요하겠어.","","False","SVM_15_IRDORATHTHEREYOUARE","",""
"Scripts/Content/Story/SVM.d:3266","Innos, gewähre mir deine Hilfe und reinige diesen Schrein.","이노스여, 저를 도우사 이 성소를 정화하소서.","","False","SVM_15_HEALSHRINE","",""
"Scripts/Content/Story/SVM.d:3267","Innos, gewähre mir deine Hilfe und so weiter ... So. Ich schätze, das sollte das letzte Mal gewesen sein.","이노스여, 저를 도우사 어쩌고저쩌고... 좋아. 이걸로 마지막이겠지.","","False","SVM_15_HEALLASTSHRINE","",""
"Scripts/Content/Story/SVM.d:3268","XARAK BENDARDO! Ah. Das Buch öffnet sich. Es ist ein Brief und ein Schlüssel in dem Buch versteckt.","자락 벤다르도! 아. 책이 열리는군. 책 속에 편지와 열쇠가 숨겨져 있어.","","False","SVM_15_SCOPENSIRDORATHBOOK","",""
"Scripts/Content/Story/SVM.d:3269","KHADOSH EMEM KADAR! Öffne dich!","카도시 에멤 카다르! 열려라!","","False","SVM_15_SCOPENSLASTDOOR","",""
"Scripts/Content/Story/SVM.d:3273","Lass uns handeln.","거래를 하자고.","","False","SVM_15_Addon_TRADE_1","",""
"Scripts/Content/Story/SVM.d:3274","Zeig mir deine Ware.","네 물건을 보여다오.","","False","SVM_15_Addon_TRADE_2","",""
"Scripts/Content/Story/SVM.d:3275","Zeig mal, was du hast.","뭘 가지고 있는지 보자고.","","False","SVM_15_Addon_TRADE_3","",""
"Scripts/Content/Story/SVM.d:3277","Verstehe.","알겠어.","","False","SVM_15_Addon_VERSTEHE","",""
"Scripts/Content/Story/SVM.d:3278","Ah. Ich glaube, ich habe etwas gefunden.","아. 뭔가 찾은 것 같군.","","False","SVM_15_Addon_FOUNDTREASURE","",""
"Scripts/Content/Story/SVM.d:3279","Ich verstehe nicht ...","이해할 수가 없군...","","False","SVM_15_Addon_CANTUNDERSTANDTHIS","",""
"Scripts/Content/Story/SVM.d:3280","Das kann ich nicht lesen!","이건 읽을 수가 없어!","","False","SVM_15_Addon_CANTREADTHIS","",""
"Scripts/Content/Story/SVM.d:3281","AKHANTAR!","아칸타르!","","False","SVM_15_Addon_STONEPLATE_1","",""
"Scripts/Content/Story/SVM.d:3282","JHERHEDRA!","예헤드라!","","False","SVM_15_Addon_STONEPLATE_2","",""
"Scripts/Content/Story/SVM.d:3283","URIZIEL RATIS!","우리젤 라티스!","","False","SVM_15_Addon_STONEPLATE_3","",""
"Scripts/Content/Story/SVM.d:3285","(hust) Oh Mann, Brrr!!","(기침) 이 세상에, 으으추!!","","False","SVM_15_Addon_COUGH","",""
"Scripts/Content/Story/SVM.d:3286","Huihuihui!","휘휘휘!","","False","SVM_15_Addon_HUI","",""
"Scripts/Content/Story/SVM.d:3288","Was weißt du über das Attentat auf Esteban?","에스테반 암살 사건에 대해 아는 게 있나?","","False","SVM_15_ATTENTAT_ADDON_DESCRIPTION","",""
"Scripts/Content/Story/SVM.d:3289","Wegen des Attentats auf Esteban ...","에스테반 암살 사건 건 말인데...","","False","SVM_15_ATTENTAT_ADDON_DESCRIPTION2","",""
"Scripts/Content/Story/SVM.d:3290","Ich will diese Verräter töten.","난 그 배신자들을 죽이겠어.","","False","SVM_15_ATTENTAT_ADDON_PRO","",""
"Scripts/Content/Story/SVM.d:3291","Ich suche diese Typen, um gegen Esteban vorzugehen.","에스테반을 치려고 녀석들을 찾고 있지.","","False","SVM_15_ATTENTAT_ADDON_CONTRA","",""
"Scripts/Content/Story/SVM.d:3293","Du wirst in der Mine gebraucht.","광산에서 네가 필요하대.","","False","SVM_15_MINE_ADDON_DESCRIPTION","",""
"Scripts/Content/Story/SVM.d:3294","Ighoriat Thorul. Erscheine mir, Quarhodron, alter Führer der kriegerischen Kaste!","이고리앗 토룰. 내 앞에 나타나라, 콰르호드론, 전사 계급의 고대 지도자여!","","False","SVM_15_ADDON_SUMMONANCIENTGHOST","",""
"Scripts/Content/Story/SVM.d:3295","Mmh ... Das funktioniert hier nicht.","음... 여기선 안 통하는군.","","False","SVM_15_ADDON_ANCIENTGHOST_NOTNEAR","",""
"Scripts/Content/Story/SVM.d:3296","Was muss ich über's Goldhacken wissen?","금 채굴에 대해 뭘 알아야 하지?","","False","SVM_15_ADDON_GOLD_DESCRIPTION","",""
"Scripts/Content/Story/SVM.d:3298","Aha. Francis' Heuerbuch. Der Mann scheint sich eine Menge Gold in die eigene Tasche zu wirtschaften.","아하. 프랜시스의 급료 장부군. 이 자식 자기 주머니에 엄청나게 많은 금을 챙겨 넣은 모양인데.","","False","SVM_15_Addon_ThisLittleBastard","",""
"Scripts/Content/Story/SVM.d:3299","JHERHEDRA AKHANTAR!","예헤드라 아칸타르!","","False","SVM_15_Addon_OPENADANOSTEMPLE","",""
"Scripts/Content/Story/SVM.d:3311","Für den König!","왕을 위하여!","","False","SVM_16_MILGreetings","",""
"Scripts/Content/Story/SVM.d:3312","Für Innos!","이노스를 위하여!","","False","SVM_16_PALGreetings","",""
"Scripts/Content/Story/SVM.d:3313","So ein Mistwetter!","날씨 더럽게 구리네!","","False","SVM_16_Weather","",""
"Scripts/Content/Story/SVM.d:3315","Krieg' ich dich DOCH noch!","결국 잡히고 말았구나!","","False","SVM_16_IGetYouStill","",""
"Scripts/Content/Story/SVM.d:3316","Jetzt bist du dran!","이제 네 차례다!","","False","SVM_16_DieEnemy","",""
"Scripts/Content/Story/SVM.d:3317","Da ist schon wieder eins von diesen Drecksviechern!","저 빌어먹을 괴물 녀석이 또 나타났잖아!","","False","SVM_16_DieMonster","",""
"Scripts/Content/Story/SVM.d:3318","Na warte, du dreckiger Dieb!","어디 보자, 이 더러운 도둑놈!","","False","SVM_16_DirtyThief","",""
"Scripts/Content/Story/SVM.d:3319","Finger weg da!","거기 손 떼!","","False","SVM_16_HandsOff","",""
"Scripts/Content/Story/SVM.d:3320","Der Mistkerl schlachtet unsere Schafe!","저 개자식이 우리 양들을 도살하고 있어!","","False","SVM_16_SheepKiller","",""
"Scripts/Content/Story/SVM.d:3321","Das verdammte Mistvieh frisst unsere Schafe!","저 빌어먹을 괴물이 우리 양들을 먹어치우고 있다고!","","False","SVM_16_SheepKillerMonster","",""
"Scripts/Content/Story/SVM.d:3322","Mörder!","살인자다!","","False","SVM_16_YouMurderer","",""
"Scripts/Content/Story/SVM.d:3323","Hier kommen keine Viecher rein!","여기에 괴물 따위는 못 들어온다!","","False","SVM_16_DieStupidBeast","",""
"Scripts/Content/Story/SVM.d:3324","Na warte, du Mistkerl!","어디 보자, 이 개자식아!","","False","SVM_16_YouDareHitMe","",""
"Scripts/Content/Story/SVM.d:3325","Du hast es so gewollt!","네가 자초한 일이다!","","False","SVM_16_YouAskedForIt","",""
"Scripts/Content/Story/SVM.d:3326","Dann muss ich dich eben rausPRÜGELN!","그럼 널 여기서 패서 쫓아내야겠군!","","False","SVM_16_ThenIBeatYouOutOfHere","",""
"Scripts/Content/Story/SVM.d:3327","Was hattest DU denn da drin zu suchen, he!?","거기서 네가 뭘 하고 있었던 거냐, 하?!","","False","SVM_16_WhatDidYouDoInThere","",""
"Scripts/Content/Story/SVM.d:3328","Wollt ihr wohl damit aufhören!?","그 짓 좀 그만두지 못해?!","","False","SVM_16_WillYouStopFighting","",""
"Scripts/Content/Story/SVM.d:3330","Stirb, Mistkerl!","죽어라, 개자식!","","False","SVM_16_KillEnemy","",""
"Scripts/Content/Story/SVM.d:3331","Das war's für dich, Junge.","네 놈은 딱 여기까지다, 애송이.","","False","SVM_16_EnemyKilled","",""
"Scripts/Content/Story/SVM.d:3332","Ein Mistvieh weniger!","괴물 하나 줄었네!","","False","SVM_16_MonsterKilled","",""
"Scripts/Content/Story/SVM.d:3333","Versuch nie wieder, mich zu bestehlen!","다시는 내 물건을 훔칠 생각 마라!","","False","SVM_16_ThiefDown","",""
"Scripts/Content/Story/SVM.d:3334","Lass in Zukunft die Finger von Sachen, an denen du nichts zu suchen hast!","앞으로는 네가 상관할 바 아닌 물건에 손대지 마라!","","False","SVM_16_rumfummlerDown","",""
"Scripts/Content/Story/SVM.d:3335","Tu das nie wieder! Das sind unsere Schafe!","다시는 그러지 마라! 우리 양들이란 말이다!","","False","SVM_16_SheepAttackerDown","",""
"Scripts/Content/Story/SVM.d:3336","Stirb, Mörder!","죽어라, 살인자 녀석!","","False","SVM_16_KillMurderer","",""
"Scripts/Content/Story/SVM.d:3337","So ein saublödes Vieh!","정말 멍청한 짐승이군!","","False","SVM_16_StupidBeastKilled","",""
"Scripts/Content/Story/SVM.d:3338","Leg dich nie wieder mit mir an!","다시는 나와 싸우려 들지 마라!","","False","SVM_16_NeverHitMeAgain","",""
"Scripts/Content/Story/SVM.d:3339","Du hättest auf mich hören sollen!","내 말대로 하는 게 좋았을 거다!","","False","SVM_16_YouBetterShouldHaveListened","",""
"Scripts/Content/Story/SVM.d:3340","Und jetzt mach, dass du hier rauskommst!","이제 여기서 꺼져!","","False","SVM_16_GetUpAndBeGone","",""
"Scripts/Content/Story/SVM.d:3341","Und dass ich dich nie wieder da drin erwische, okay?","다시는 그 안에 들어와 있는 걸 들키지 마라, 알겠어?","","False","SVM_16_NeverEnterRoomAgain","",""
"Scripts/Content/Story/SVM.d:3342","Hier wird nicht gekämpft, klar!? Lass dir das eine Lehre sein, okay?","여기서 싸움은 금지다, 알았냐!? 뼈저리게 느끼게 해 주마, 알겠나?","","False","SVM_16_ThereIsNoFightingHere","",""
"Scripts/Content/Story/SVM.d:3344","Tu mir nichts!","날 해치지 마!","","False","SVM_16_SpareMe","",""
"Scripts/Content/Story/SVM.d:3345","Nichts wie weg!","일단 튀자!","","False","SVM_16_RunAway","",""
"Scripts/Content/Story/SVM.d:3347","ALARM!","경보!","","False","SVM_16_Alarm","",""
"Scripts/Content/Story/SVM.d:3348","WACHE!","경비병!","","False","SVM_16_Guards","",""
"Scripts/Content/Story/SVM.d:3349","Hilfe!","살려줘!","","False","SVM_16_Help","",""
"Scripts/Content/Story/SVM.d:3351","(ruft zu) Gut gemacht!","(소리친다) 잘했다!","","False","SVM_16_GoodMonsterKill","",""
"Scripts/Content/Story/SVM.d:3352","(ruft) Ja, mach das Schwein fertig!","(소리친다) 그래, 그 돼지 녀석을 해치워 버려!","","False","SVM_16_GoodKill","",""
"Scripts/Content/Story/SVM.d:3354","Lass mich in Ruhe!","내버려둬!","","False","SVM_16_NOTNOW","",""
"Scripts/Content/Story/SVM.d:3356","(ruft laut) Bleib stehen, du Feigling!","(크게 외친다) 거기 서라, 이 겁쟁아!","","False","SVM_16_RunCoward","",""
"Scripts/Content/Story/SVM.d:3358","Mach, dass du hier rauskommst!","당장 여기서 꺼져!","","False","SVM_16_GetOutOfHere","",""
"Scripts/Content/Story/SVM.d:3359","Was suchst du hier!? Geh!","여기서 뭘 찾는 거냐!? 가라!","","False","SVM_16_WhyAreYouInHere","",""
"Scripts/Content/Story/SVM.d:3360","Ja, mach, dass du hier wegkommst!","그래, 얼른 여기서 꺼져!","","False","SVM_16_YesGoOutOfHere","",""
"Scripts/Content/Story/SVM.d:3362","Hey du! Was schleichst du da rum.","이봐 너! 거기서 뭘 어슬렁거리는 거냐.","","False","SVM_16_WhatsThisSupposedToBe","",""
"Scripts/Content/Story/SVM.d:3363","(wacht auf) Verdammt, was ist los?","(잠에서 깬다) 빌어먹을, 무슨 일이야?","","False","SVM_16_YouDisturbedMySlumber","",""
"Scripts/Content/Story/SVM.d:3365","Danke für das Gold, du Held!","금 고맙다오, 용사 양반!","","False","SVM_16_ITookYourGold","",""
"Scripts/Content/Story/SVM.d:3366","Du arme Wurst, hast ja nicht mal Gold dabei!","이 불쌍한 녀석, 가진 금조차 없잖아!","","False","SVM_16_ShitNoGold","",""
"Scripts/Content/Story/SVM.d:3367","Die Waffe nehm ich mal besser an mich!","이 무기는 내가 챙기는 게 좋겠군!","","False","SVM_16_ITakeYourWeapon","",""
"Scripts/Content/Story/SVM.d:3369","(warnt) Pass auf! Noch mal, und ich verpass dir eine.","(경고한다) 조심해라! 한 번만 더 그랬다간 한 대 갈겨줄 테니까.","","False","SVM_16_WhatAreYouDoing","",""
"Scripts/Content/Story/SVM.d:3371","Hast du immer noch nicht genug?!","아직도 정신을 못 차렸나?!","","False","SVM_16_LookingForTroubleAgain","",""
"Scripts/Content/Story/SVM.d:3372","Hör auf mit dieser Magie-Scheiße!","그 빌어먹을 마법 짓거리 좀 집어치워!","","False","SVM_16_StopMagic","",""
"Scripts/Content/Story/SVM.d:3373","Willst du Schläge? Hör sofort damit auf!!!","매를 맞고 싶나? 당장 그만두지 못해!!!","","False","SVM_16_ISaidStopMagic","",""
"Scripts/Content/Story/SVM.d:3374","Steck die Waffe weg!","무기 집어넣어라!","","False","SVM_16_WeaponDown","",""
"Scripts/Content/Story/SVM.d:3375","Steck endlich die Scheißwaffe weg!","그 빌어먹을 무기 당장 집어넣지 못해?!","","False","SVM_16_ISaidWeaponDown","",""
"Scripts/Content/Story/SVM.d:3376","Kluges Kerlchen!","영리한 녀석 같으니!","","False","SVM_16_WiseMove","",""
"Scripts/Content/Story/SVM.d:3378","(zu sich selbst) Das nächste Mal werden wir ja sehen ...","(혼잣말로) 다음엔 어떻게 되나 보자고...","","False","SVM_16_NextTimeYoureInForIt","",""
"Scripts/Content/Story/SVM.d:3379","(zu sich selbst) Oh Mann, mein Kopf ...","(혼잣말로) 아이고, 내 머리야...","","False","SVM_16_OhMyHead","",""
"Scripts/Content/Story/SVM.d:3381","(gierig) Ah, ein Kampf!","(탐욕스럽게) 아, 싸움이다!","","False","SVM_16_TheresAFight","",""
"Scripts/Content/Story/SVM.d:3382","(bestürzt) Mein Gott, ein Kampf!","(경악하며) 세상에, 싸움이라니!","","False","SVM_16_OhMyGodItsAFight","",""
"Scripts/Content/Story/SVM.d:3383","(böse lachend) Dem hast du's gezeigt!","(사악하게 웃으며) 아주 혼을 쏙 빼놓는군!","","False","SVM_16_GoodVictory","",""
"Scripts/Content/Story/SVM.d:3384","(anerkennend) Nicht schlecht ...","(감탄하며) 나쁘지 않은데...","","False","SVM_16_NotBad","",""
"Scripts/Content/Story/SVM.d:3385","(zu sich selbst) Mein Gott! Wie brutal ...","(혼잣말로) 세상에! 너무 잔인하잖아...","","False","SVM_16_OhMyGodHesDown","",""
"Scripts/Content/Story/SVM.d:3386","Hau drauf!","쳐부숴 버려!","","False","SVM_16_CheerFriend01","",""
"Scripts/Content/Story/SVM.d:3387","Zeig's ihm!","본때를 보여줘!","","False","SVM_16_CheerFriend02","",""
"Scripts/Content/Story/SVM.d:3388","Mach ihn fertig!","아주 박살을 내버려!","","False","SVM_16_CheerFriend03","",""
"Scripts/Content/Story/SVM.d:3389","Schlag zurück!","반격해!","","False","SVM_16_Ooh01","",""
"Scripts/Content/Story/SVM.d:3390","Pass doch auf!","조심 좀 해!","","False","SVM_16_Ooh02","",""
"Scripts/Content/Story/SVM.d:3391","Oh! Das tat weh!","어오! 아프네!","","False","SVM_16_Ooh03","",""
"Scripts/Content/Story/SVM.d:3393","(zu sich selbst, wacht auf) Was WAR das!?","(혼잣말하며, 잠에서 깨어) 방금 그게 뭐였지!?","","False","SVM_16_WhatWasThat","",""
"Scripts/Content/Story/SVM.d:3395","Raus aus meinem Bett!","내 침대에서 당장 꺼져!","","False","SVM_16_GetOutOfMyBed","",""
"Scripts/Content/Story/SVM.d:3396","(herzhaftes Gähnen)","(크게 하품한다)","","False","SVM_16_Awake","",""
"Scripts/Content/Story/SVM.d:3398","Du hast also beim Kommandanten deine Schuld gesühnt.","사령관에게 가서 죄를 씻었다 이거지.","","False","SVM_16_ABS_COMMANDER","",""
"Scripts/Content/Story/SVM.d:3399","Du hast also bei Vater Parlan Buße getan.","파를란 신부님께 속죄를 했다 이거지.","","False","SVM_16_ABS_MONASTERY","",""
"Scripts/Content/Story/SVM.d:3400","Lee hat die Sache mit dir wieder in Ordnung gebracht.","리가 네 문제를 해결해 줬군.","","False","SVM_16_ABS_FARM","",""
"Scripts/Content/Story/SVM.d:3401","Das ist gut.","다행이군.","","False","SVM_16_ABS_GOOD","",""
"Scripts/Content/Story/SVM.d:3403","Du kannst nicht einfach unsere Schafe töten! Geh weg!","함부로 우리 양들을 죽일 순 없다! 꺼져!","","False","SVM_16_SHEEPKILLER_CRIME","",""
"Scripts/Content/Story/SVM.d:3404","Du bist ein brutaler Schläger, mit dir will ich nichts zu tun haben.","넌 잔인한 폭력배야, 너랑은 상종도 하기 싫어.","","False","SVM_16_ATTACK_CRIME","",""
"Scripts/Content/Story/SVM.d:3405","Mit Dieben rede ich nicht - und jetzt geh!","도둑놈과는 얘기 안 해. 이만 가봐!","","False","SVM_16_THEFT_CRIME","",""
"Scripts/Content/Story/SVM.d:3407","Du hast dich nicht ehrenhaft verhalten. Lord Hagen wird das nicht gefallen!","네 행동은 명예롭지 못했어. 헤이건 경이 이걸 좋아하실 리가 없지!","","False","SVM_16_PAL_CITY_CRIME","",""
"Scripts/Content/Story/SVM.d:3408","Dein Verhalten ist eine Schande für die Stadtwache! Lord Andre wird dich zur Rechenschaft ziehen!","네 행동은 도시 경비병의 수치다! 안드레 경이 책임을 물을 것이다!","","False","SVM_16_MIL_CITY_CRIME","",""
"Scripts/Content/Story/SVM.d:3409","Lord Andre wird erfahren, was du getan hast.","네가 저지른 짓을 안드레 경께서 알게 되실 거다.","","False","SVM_16_CITY_CRIME","",""
"Scripts/Content/Story/SVM.d:3411","Dein Handeln war nicht Rechtens. Geh zu Vater Parlan und tue Buße.","네 행동은 정당하지 않았어. 파를란 신부님께 가서 참회해라.","","False","SVM_16_MONA_CRIME","",""
"Scripts/Content/Story/SVM.d:3412","Lee wird erfahren, was du angestellt hast - und er wird dich bestrafen.","네가 저지른 짓을 리가 알게 될 거다. 그리고 널 처벌하시겠지.","","False","SVM_16_FARM_CRIME","",""
"Scripts/Content/Story/SVM.d:3413","Kommandant Garond wird eine Erklärung von dir fordern!","가론드 사령관님이 네게 해명을 요구하실 거다!","","False","SVM_16_OC_CRIME","",""
"Scripts/Content/Story/SVM.d:3415","1000 Goldstücke.","1000개의 금화.","","False","SVM_16_GOLD_1000","",""
"Scripts/Content/Story/SVM.d:3416","950 Goldstücke.","950개의 금화.","","False","SVM_16_GOLD_950","",""
"Scripts/Content/Story/SVM.d:3417","900 Goldstücke.","900개의 금화.","","False","SVM_16_GOLD_900","",""
"Scripts/Content/Story/SVM.d:3418","850 Goldstücke.","850개의 금화.","","False","SVM_16_GOLD_850","",""
"Scripts/Content/Story/SVM.d:3419","800 Goldstücke.","800개의 금화.","","False","SVM_16_GOLD_800","",""
"Scripts/Content/Story/SVM.d:3420","750 Goldstücke.","750개의 금화.","","False","SVM_16_GOLD_750","",""
"Scripts/Content/Story/SVM.d:3421","700 Goldstücke.","700개의 금화.","","False","SVM_16_GOLD_700","",""
"Scripts/Content/Story/SVM.d:3422","650 Goldstücke.","650개의 금화.","","False","SVM_16_GOLD_650","",""
"Scripts/Content/Story/SVM.d:3423","600 Goldstücke.","600개의 금화.","","False","SVM_16_GOLD_600","",""
"Scripts/Content/Story/SVM.d:3424","550 Goldstücke.","550개의 금화.","","False","SVM_16_GOLD_550","",""
"Scripts/Content/Story/SVM.d:3425","500 Goldstücke.","500개의 금화.","","False","SVM_16_GOLD_500","",""
"Scripts/Content/Story/SVM.d:3426","450 Goldstücke.","450개의 금화.","","False","SVM_16_GOLD_450","",""
"Scripts/Content/Story/SVM.d:3427","400 Goldstücke.","400개의 금화.","","False","SVM_16_GOLD_400","",""
"Scripts/Content/Story/SVM.d:3428","350 Goldstücke.","350개의 금화.","","False","SVM_16_GOLD_350","",""
"Scripts/Content/Story/SVM.d:3429","300 Goldstücke.","300개의 금화.","","False","SVM_16_GOLD_300","",""
"Scripts/Content/Story/SVM.d:3430","250 Goldstücke.","250개의 금화.","","False","SVM_16_GOLD_250","",""
"Scripts/Content/Story/SVM.d:3431","200 Goldstücke.","200개의 금화.","","False","SVM_16_GOLD_200","",""
"Scripts/Content/Story/SVM.d:3432","150 Goldstücke.","150개의 금화.","","False","SVM_16_GOLD_150","",""
"Scripts/Content/Story/SVM.d:3433","100 Goldstücke.","100개의 금화.","","False","SVM_16_GOLD_100","",""
"Scripts/Content/Story/SVM.d:3434","90 Goldstücke.","90개의 금화.","","False","SVM_16_GOLD_90","",""
"Scripts/Content/Story/SVM.d:3435","80 Goldstücke.","80개의 금화.","","False","SVM_16_GOLD_80","",""
"Scripts/Content/Story/SVM.d:3436","70 Goldstücke.","70개의 금화.","","False","SVM_16_GOLD_70","",""
"Scripts/Content/Story/SVM.d:3437","60 Goldstücke.","60개의 금화.","","False","SVM_16_GOLD_60","",""
"Scripts/Content/Story/SVM.d:3438","50 Goldstücke.","50개의 금화.","","False","SVM_16_GOLD_50","",""
"Scripts/Content/Story/SVM.d:3439","40 Goldstücke.","40개의 금화.","","False","SVM_16_GOLD_40","",""
"Scripts/Content/Story/SVM.d:3440","30 Goldstücke.","30개의 금화.","","False","SVM_16_GOLD_30","",""
"Scripts/Content/Story/SVM.d:3441","20 Goldstücke.","20개의 금화.","","False","SVM_16_GOLD_20","",""
"Scripts/Content/Story/SVM.d:3442","10 Goldstücke.","10개의 금화.","","False","SVM_16_GOLD_10","",""
"Scripts/Content/Story/SVM.d:3444","... wirklich? Das ist ja interessant ...","...정말? 흥미롭네...","","False","SVM_16_Smalltalk01","",""
"Scripts/Content/Story/SVM.d:3445","... ich glaube da nicht dran ...","...난 안 믿어...","","False","SVM_16_Smalltalk02","",""
"Scripts/Content/Story/SVM.d:3446","... mein Mann sieht das anders ...","...내 남편은 다르게 생각하던데...","","False","SVM_16_Smalltalk03","",""
"Scripts/Content/Story/SVM.d:3447","... ach, erzähl mir nicht so was ...","...아이, 그런 소리 하지 마...","","False","SVM_16_Smalltalk04","",""
"Scripts/Content/Story/SVM.d:3448","... ehrlich, ich hab es selbst erlebt ...","...진짜라니까, 내가 직접 겪었어...","","False","SVM_16_Smalltalk05","",""
"Scripts/Content/Story/SVM.d:3449","... was du nicht sagst ...","...설마 그럴 리가...","","False","SVM_16_Smalltalk06","",""
"Scripts/Content/Story/SVM.d:3450","... das darfst du keinem erzählen ...","...이건 아무한테도 말하면 안 돼...","","False","SVM_16_Smalltalk07","",""
"Scripts/Content/Story/SVM.d:3451","... schlimme Zeiten sind das ...","...정말 험악한 시절이야...","","False","SVM_16_Smalltalk08","",""
"Scripts/Content/Story/SVM.d:3452","... wer sagt denn so was?...","...누가 그런 소릴 해?...","","False","SVM_16_Smalltalk09","",""
"Scripts/Content/Story/SVM.d:3453","... wenn ich es nicht mit eigenen Augen gesehen hätte ...","...내 눈으로 직접 보지 않았다면...","","False","SVM_16_Smalltalk10","",""
"Scripts/Content/Story/SVM.d:3454","... irgendwer muss die Arbeit ja machen ...","...누군가는 그 일을 해야지...","","False","SVM_16_Smalltalk11","",""
"Scripts/Content/Story/SVM.d:3455","... ich habe was anderes gehört ...","...난 다르게 들었는데...","","False","SVM_16_Smalltalk12","",""
"Scripts/Content/Story/SVM.d:3456","... das ist mal wieder typisch ...","...아주 그럴 줄 알았지...","","False","SVM_16_Smalltalk13","",""
"Scripts/Content/Story/SVM.d:3457","... er erzählt alles weiter ..","...그자는 입이 너무 가벼워...","","False","SVM_16_Smalltalk14","",""
"Scripts/Content/Story/SVM.d:3458","... er sollte lieber den Mund halten ...","...입 다물고 있는 게 좋을 텐데...","","False","SVM_16_Smalltalk15","",""
"Scripts/Content/Story/SVM.d:3459","... er arbeitet auch den ganzen Tag ...","...그 사람도 온종일 일하잖아...","","False","SVM_16_Smalltalk16","",""
"Scripts/Content/Story/SVM.d:3460","... worum soll ich mich denn noch alles kümmern ...","...내가 왜 이런 것까지 다 신경 써야 하는지 원...","","False","SVM_16_Smalltalk17","",""
"Scripts/Content/Story/SVM.d:3461","... er redet einfach zu viel ...","...그자는 말이 너무 많아...","","False","SVM_16_Smalltalk18","",""
"Scripts/Content/Story/SVM.d:3462","... das ist doch kein Geheimnis mehr...","...이제 비밀도 아니지...","","False","SVM_16_Smalltalk19","",""
"Scripts/Content/Story/SVM.d:3463","... das weiß doch inzwischen jeder ...","...이젠 다 아는 사실이야...","","False","SVM_16_Smalltalk20","",""
"Scripts/Content/Story/SVM.d:3464","... der erzähl ich gar nichts mehr ...","...이제 저 사람한테는 아무 말도 안 할 거야...","","False","SVM_16_Smalltalk21","",""
"Scripts/Content/Story/SVM.d:3465","... und es wird noch viel schlimmer ...","...상황은 훨씬 더 나빠질걸...","","False","SVM_16_Smalltalk22","",""
"Scripts/Content/Story/SVM.d:3466","... das ist ja schrecklich ...","...정말 끔찍하군...","","False","SVM_16_Smalltalk23","",""
"Scripts/Content/Story/SVM.d:3467","... das habe ich schon immer gesagt ...","...내 말이 그 말이라니까...","","False","SVM_16_Smalltalk24","",""
"Scripts/Content/Story/SVM.d:3469","Komm wieder, wenn du mehr Erfahrung hast.","경험을 더 쌓고 오게.","","False","SVM_16_NoLearnNoPoints","",""
"Scripts/Content/Story/SVM.d:3470","Du verlangst mehr von mir, als ich dir beibringen kann.","내가 가르쳐 줄 수 있는 것보다 더 많은 걸 바라는군.","","False","SVM_16_NoLearnOverPersonalMAX","",""
"Scripts/Content/Story/SVM.d:3471","Ich kann dir nichts mehr beibringen. Du bist schon zu gut.","더 이상 가르쳐 줄 게 없다. 넌 이미 너무 강해졌어.","","False","SVM_16_NoLearnYoureBetter","",""
"Scripts/Content/Story/SVM.d:3472","Siehst du, du bist schon besser geworden ...","봐라, 벌써 실력이 늘었잖아...","","False","SVM_16_YouLearnedSomething","",""
"Scripts/Content/Story/SVM.d:3474","Du bist jetzt in der Unterstadt.","넌 지금 하층 구역에 있다.","","False","SVM_16_UNTERSTADT","",""
"Scripts/Content/Story/SVM.d:3475","Du bist jetzt in der Oberstadt.","넌 지금 상층 구역에 있다.","","False","SVM_16_OBERSTADT","",""
"Scripts/Content/Story/SVM.d:3476","Du bist jetzt am Tempel.","넌 지금 신전에 있다.","","False","SVM_16_TEMPEL","",""
"Scripts/Content/Story/SVM.d:3477","Du bist jetzt am Marktplatz.","넌 지금 시장에 있다.","","False","SVM_16_MARKT","",""
"Scripts/Content/Story/SVM.d:3478","Du bist jetzt am Galgenplatz vor der Kaserne.","넌 지금 병영 앞의 교수대 광장에 있다.","","False","SVM_16_GALGEN","",""
"Scripts/Content/Story/SVM.d:3479","Das hier ist die Kaserne.","여기가 병영이다.","","False","SVM_16_KASERNE","",""
"Scripts/Content/Story/SVM.d:3480","Du bist hier im Hafenviertel.","넌 지금 항구 구역에 있다.","","False","SVM_16_HAFEN","",""
"Scripts/Content/Story/SVM.d:3482","Wo willst du hin?","어디로 가려는가?","","False","SVM_16_WHERETO","",""
"Scripts/Content/Story/SVM.d:3484","Geh von hier aus durch das innere Stadttor und du kommst in die Unterstadt.","여기서 안쪽 성문으로 걸어가면 하층 구역이 나온다.","","False","SVM_16_OBERSTADT_2_UNTERSTADT","",""
"Scripts/Content/Story/SVM.d:3485","Am südlichen Stadttor gibt es eine Treppe, die zum inneren Stadttor hochführt. Dort beginnt die Oberstadt.","남쪽 성문 근처에 안쪽 성문으로 이어지는 계단이 있다. 그곳이 상층 구역의 시작이다.","","False","SVM_16_UNTERSTADT_2_OBERSTADT","",""
"Scripts/Content/Story/SVM.d:3486","Geh vom Schmied aus durch die Unterführung und du kommst zum Tempelplatz.","대장간에서 지하 통로를 지나가면 신전 광장으로 갈 수 있다.","","False","SVM_16_UNTERSTADT_2_TEMPEL","",""
"Scripts/Content/Story/SVM.d:3487","Geh vom Schmied aus die Hafenstraße runter, dann kommst du zum Hafen.","대장간에서 항구 길을 따라 내려가면 항구가 나온다.","","False","SVM_16_UNTERSTADT_2_HAFEN","",""
"Scripts/Content/Story/SVM.d:3488","Vom Tempelplatz aus gibt es eine Unterführung, die in die Unterstadt führt.","신전 광장에서 하층 구역으로 이어지는 지하 통도가 있다.","","False","SVM_16_TEMPEL_2_UNTERSTADT","",""
"Scripts/Content/Story/SVM.d:3489","Wenn du vorm Tempel stehst, geh links hoch und an der Stadtmauer entlang, dann kommst du zum Markt.","신전 앞에 서서 왼쪽으로 올라가 성벽을 따라가면 시장이 나온다.","","False","SVM_16_TEMPEL_2_MARKT","",""
"Scripts/Content/Story/SVM.d:3490","Wenn du vom Tempel aus gesehen links an der Kneipe vorbeigehst, kommst du zum Galgenplatz.","신전 쪽에서 선술집을 왼쪽에 두고 지나치면 교수대 광장이 나온다.","","False","SVM_16_TEMPEL_2_GALGEN","",""
"Scripts/Content/Story/SVM.d:3491","Wenn du vom Marktplatz aus an der hohen Stadtmauer entlanggehst, kommst du zum Tempel.","시장에서 높은 성벽을 따라 걸어가면 신전이 나온다.","","False","SVM_16_MARKT_2_TEMPEL","",""
"Scripts/Content/Story/SVM.d:3492","Die Kaserne ist das riesengroße Gebäude. Geh einfach die Treppen gegenüber dem Hotel rauf.","저 거대한 건물이 병영이다. 여관 맞은편에 있는 계단으로 올라가기만 하면 된다.","","False","SVM_16_MARKT_2_KASERNE","",""
"Scripts/Content/Story/SVM.d:3493","Geh einfach an der großen Kaserne entlang und du kommst zum Galgenplatz.","커다란 병영을 따라 쭉 걸어가면 교수대 광장이 나온다.","","False","SVM_16_MARKT_2_GALGEN","",""
"Scripts/Content/Story/SVM.d:3494","Geh vom Galgenplatz aus die Gasse runter und du kommst zum Tempelplatz.","교수대 광장에서 골목길을 따라 내려가면 신전 광장이 나온다.","","False","SVM_16_GALGEN_2_TEMPEL","",""
"Scripts/Content/Story/SVM.d:3495","Geh einfach an der großen Kaserne entlang und du kommst zum Markt.","커다란 병영을 따라 쭉 걸어가면 시장이 나온다.","","False","SVM_16_GALGEN_2_MARKT","",""
"Scripts/Content/Story/SVM.d:3496","Die Kaserne ist das riesengroße Gebäude. Geh einfach die Treppen rauf.","저 거대한 건물이 병영이다. 계단으로 올라가기만 하면 된다.","","False","SVM_16_GALGEN_2_KASERNE","",""
"Scripts/Content/Story/SVM.d:3497","Geh einfach die Treppe am Haupteingang links runter, dann kommst du zum Marktplatz.","정문 왼쪽에 있는 계단으로 내려가면 시장이 나온다.","","False","SVM_16_KASERNE_2_MARKT","",""
"Scripts/Content/Story/SVM.d:3498","Geh einfach die Treppe am Haupteingang rechts runter, dann kommst du zum Galgenplatz.","정문 오른쪽에 있는 계단으로 내려가면 교수대 광장이 나온다.","","False","SVM_16_KASERNE_2_GALGEN","",""
"Scripts/Content/Story/SVM.d:3499","Geh von der Kaimauer aus die Hafenstraße hoch, dann kommst du in die Unterstadt.","방파제에서 항구 길을 따라 올라가면 하층 구역이 나온다.","","False","SVM_16_HAFEN_2_UNTERSTADT","",""
"Scripts/Content/Story/SVM.d:3501","Aaaaaargl!","크아아악!","","False","SVM_16_Dead","",""
"Scripts/Content/Story/SVM.d:3502","Aargh","크윽","","False","SVM_16_Aargh_1","",""
"Scripts/Content/Story/SVM.d:3503","Aargh","크윽","","False","SVM_16_Aargh_2","",""
"Scripts/Content/Story/SVM.d:3504","Aargh","크윽","","False","SVM_16_Aargh_3","",""
"Scripts/Content/Story/SVM.d:3508","Zieh dir mal was Vernünftiges an. So will ich nicht mit dir gesehen werden.","좀 제대로 된 옷을 입어라. 그런 꼴로는 너랑 같이 안 다닐 거다.","","False","SVM_16_Addon_WrongArmor","",""
"Scripts/Content/Story/SVM.d:3510","EIN BANDIT!","산적이다!","","False","SVM_16_ADDON_DIEBANDIT","",""
"Scripts/Content/Story/SVM.d:3511","EIN PIRAT!","해적이다!","","False","SVM_16_ADDON_DIRTYPIRATE","",""
"Scripts/Content/Story/SVM.d:3517","Für den König!","왕을 위하여!","","False","SVM_17_MILGreetings","",""
"Scripts/Content/Story/SVM.d:3518","Für Innos!","이노스를 위하여!","","False","SVM_17_PALGreetings","",""
"Scripts/Content/Story/SVM.d:3519","So ein Mistwetter!","날씨 참 더럽네!","","False","SVM_17_Weather","",""
"Scripts/Content/Story/SVM.d:3521","Krieg ich dich DOCH noch!","결국 네놈을 잡았구나!","","False","SVM_17_IGetYouStill","",""
"Scripts/Content/Story/SVM.d:3522","Jetzt bist du dran!","이제 끝이다!","","False","SVM_17_DieEnemy","",""
"Scripts/Content/Story/SVM.d:3523","Da ist wieder eins von diesen Drecksviechern!","저 더러운 괴물 녀석이 또 나타났어!","","False","SVM_17_DieMonster","",""
"Scripts/Content/Story/SVM.d:3524","Na warte, du dreckiger Dieb!","어디 보자, 이 더러운 도둑놈!","","False","SVM_17_DirtyThief","",""
"Scripts/Content/Story/SVM.d:3525","Finger weg da!","손 떼라!","","False","SVM_17_HandsOff","",""
"Scripts/Content/Story/SVM.d:3526","Der Mistkerl schlachtet unsere Schafe!","이 새끼가 우리 양을 도륙 내고 있어!","","False","SVM_17_SheepKiller","",""
"Scripts/Content/Story/SVM.d:3527","Das verdammte Mistvieh frisst unsere Schafe!","저 저주받을 짐승 새끼가 우리 양들을 잡아먹잖아!","","False","SVM_17_SheepKillerMonster","",""
"Scripts/Content/Story/SVM.d:3528","Mörder!","살인자야!","","False","SVM_17_YouMurderer","",""
"Scripts/Content/Story/SVM.d:3529","Hier kommen keine Viecher rein!","여기에 짐승이 들어오게 둘 줄 아나!","","False","SVM_17_DieStupidBeast","",""
"Scripts/Content/Story/SVM.d:3530","Na warte, du Mistkerl!","어디 맛 좀 봐라, 이 자식!","","False","SVM_17_YouDareHitMe","",""
"Scripts/Content/Story/SVM.d:3531","Du hast es so gewollt!","네가 자초한 일이다!","","False","SVM_17_YouAskedForIt","",""
"Scripts/Content/Story/SVM.d:3532","Dann muss ich dich eben rausPRÜGELN!","그럼 뼈도 못 줏어지게 두들겨 패주마!","","False","SVM_17_ThenIBeatYouOutOfHere","",""
"Scripts/Content/Story/SVM.d:3533","Was hattest DU denn da drin zu suchen, he!?","거기서 뭘 하려고 했던 거냐, 하?!","","False","SVM_17_WhatDidYouDoInThere","",""
"Scripts/Content/Story/SVM.d:3534","Wollt ihr wohl damit aufhören!?","그만두지 못할까?!","","False","SVM_17_WillYouStopFighting","",""
"Scripts/Content/Story/SVM.d:3536","Stirb, Mistkerl!","죽어라, 자식아!","","False","SVM_17_KillEnemy","",""
"Scripts/Content/Story/SVM.d:3537","Das war's für dich, Junge.","이 버러지 같은 녀석, 딱 그 꼴이군.","","False","SVM_17_EnemyKilled","",""
"Scripts/Content/Story/SVM.d:3538","Ein Mistvieh weniger!","괴물 하나 줄었네!","","False","SVM_17_MonsterKilled","",""
"Scripts/Content/Story/SVM.d:3539","Versuch nie wieder, mich zu bestehlen!","다시는 내 물건에 손대지 마라!","","False","SVM_17_ThiefDown","",""
"Scripts/Content/Story/SVM.d:3540","Lass in Zukunft die Finger von Sachen, an denen du nichts zu suchen hast!","앞으로는 네 알 바 아닌 곳에 손대지 마라!","","False","SVM_17_rumfummlerDown","",""
"Scripts/Content/Story/SVM.d:3541","Tu das nie wieder! Das sind unsere Schafe!","다시는 그런 짓 하지 마라! 그건 우리 양이라고!","","False","SVM_17_SheepAttackerDown","",""
"Scripts/Content/Story/SVM.d:3542","Stirb, Mörder!","죽어라, 살인마!","","False","SVM_17_KillMurderer","",""
"Scripts/Content/Story/SVM.d:3543","So ein saublödes Vieh!","정말 구제불능인 짐승이군!","","False","SVM_17_StupidBeastKilled","",""
"Scripts/Content/Story/SVM.d:3544","Leg dich nie wieder mit mir an!","다시는 나한테 덤비지 마라!","","False","SVM_17_NeverHitMeAgain","",""
"Scripts/Content/Story/SVM.d:3545","Du hättest auf mich hören sollen!","내 말을 들었어야지!","","False","SVM_17_YouBetterShouldHaveListened","",""
"Scripts/Content/Story/SVM.d:3546","Und jetzt mach, dass du hier rauskommst!","당장 여기서 꺼지지 못해!","","False","SVM_17_GetUpAndBeGone","",""
"Scripts/Content/Story/SVM.d:3547","Und dass ich dich nie wieder da drin erwische!","다시는 그 안에 기어들어 오지 마라!","","False","SVM_17_NeverEnterRoomAgain","",""
"Scripts/Content/Story/SVM.d:3548","Hier wird nicht gekämpft, klar!? Lass dir das eine Lehre sein!","여기서 싸움질은 안 된다, 알겠냐?! 뼈저리게 느끼게 해 주마!","","False","SVM_17_ThereIsNoFightingHere","",""
"Scripts/Content/Story/SVM.d:3550","Tu mir nichts!","살려 줘!","","False","SVM_17_SpareMe","",""
"Scripts/Content/Story/SVM.d:3551","Nichts wie weg!","여길 떠야겠어!","","False","SVM_17_RunAway","",""
"Scripts/Content/Story/SVM.d:3553","ALARM!","비상사태다!","","False","SVM_17_Alarm","",""
"Scripts/Content/Story/SVM.d:3554","WACHE!","경비병!","","False","SVM_17_Guards","",""
"Scripts/Content/Story/SVM.d:3555","Hilfe!","도와줘!","","False","SVM_17_Help","",""
"Scripts/Content/Story/SVM.d:3557","(ruft zu) Gut gemacht!","(외치며) 잘했어!","","False","SVM_17_GoodMonsterKill","",""
"Scripts/Content/Story/SVM.d:3558","(ruft) Ja, mach das Schwein fertig!","(소리치며) 그래, 저 자식을 박살 내버려!","","False","SVM_17_GoodKill","",""
"Scripts/Content/Story/SVM.d:3560","Lass mich in Ruhe!","날 내버려 둬!","","False","SVM_17_NOTNOW","",""
"Scripts/Content/Story/SVM.d:3562","(ruft laut) Bleib stehen, du Feigling!","(큰소리로 외치며) 거기 서라, 이 겁쟁이 녀석!","","False","SVM_17_RunCoward","",""
"Scripts/Content/Story/SVM.d:3564","Mach, dass du hier rauskommst!","당장 여기서 꺼져!","","False","SVM_17_GetOutOfHere","",""
"Scripts/Content/Story/SVM.d:3565","Was suchst du hier!? Geh!","여기서 뭘 찾는 거냐!? 꺼져!","","False","SVM_17_WhyAreYouInHere","",""
"Scripts/Content/Story/SVM.d:3566","Ja, mach, dass du wegkommst!","그래, 당장 사라져 버려!","","False","SVM_17_YesGoOutOfHere","",""
"Scripts/Content/Story/SVM.d:3568","Hey du! Was schleichst du da rum.","이봐 너! 거기서 뭘 슬금슬금 기어 다니는 거야.","","False","SVM_17_WhatsThisSupposedToBe","",""
"Scripts/Content/Story/SVM.d:3569","(wacht auf) Was ist los?","(깨어나며) 무슨 일이지?","","False","SVM_17_YouDisturbedMySlumber","",""
"Scripts/Content/Story/SVM.d:3571","Danke für das Gold, du Held!","금 고맙다, 이 영웅 양반!","","False","SVM_17_ITookYourGold","",""
"Scripts/Content/Story/SVM.d:3572","Du arme Wurst, hast ja nicht mal Gold dabei!","이 불쌍한 녀석, 가진 금조차 없잖아!","","False","SVM_17_ShitNoGold","",""
"Scripts/Content/Story/SVM.d:3573","Die Waffe nehm ich mal besser an mich!","이 무기는 내가 챙기는 게 좋겠군!","","False","SVM_17_ITakeYourWeapon","",""
"Scripts/Content/Story/SVM.d:3575","(warnt) Pass auf! Noch mal und ich verpass dir eine.","(경고하며) 조심해! 한 번만 더 이러면 가만두지 않겠어.","","False","SVM_17_WhatAreYouDoing","",""
"Scripts/Content/Story/SVM.d:3577","Hast du immer noch nicht genug?!","아직도 정신을 못 차렸나?!","","False","SVM_17_LookingForTroubleAgain","",""
"Scripts/Content/Story/SVM.d:3578","Hör auf mit dieser Magie-Scheiße!","그 엿같은 마법 짓거리 좀 집어치워!","","False","SVM_17_StopMagic","",""
"Scripts/Content/Story/SVM.d:3579","Willst du Schläge? Hör sofort damit auf!!!","매를 맞고 싶나? 당장 그만둬!!!","","False","SVM_17_ISaidStopMagic","",""
"Scripts/Content/Story/SVM.d:3580","Steck die Waffe weg!","무기 집어넣어!","","False","SVM_17_WeaponDown","",""
"Scripts/Content/Story/SVM.d:3581","Steck endlich die Scheißwaffe weg!","그 엿같은 무기 당장 집어넣지 못해?!","","False","SVM_17_ISaidWeaponDown","",""
"Scripts/Content/Story/SVM.d:3582","Kluges Kerlchen!","눈치 빠른 녀석 같으니!","","False","SVM_17_WiseMove","",""
"Scripts/Content/Story/SVM.d:3584","(zu sich selbst) Das nächste Mal werden wir ja sehen ...","(혼잣말로) 다음엔 가만두지 않겠어...","","False","SVM_17_NextTimeYoureInForIt","",""
"Scripts/Content/Story/SVM.d:3585","(zu sich selbst) Oh Mann, mein Kopf ...","(혼잣말로) 오 젠장, 머리야...","","False","SVM_17_OhMyHead","",""
"Scripts/Content/Story/SVM.d:3587","(gierig) Ah, ein Kampf!","(열광하며) 크하, 싸움이다!","","False","SVM_17_TheresAFight","",""
"Scripts/Content/Story/SVM.d:3588","(bestürzt) Mein Gott, ein Kampf!","(당황하며) 세상에, 싸움이잖아!","","False","SVM_17_OhMyGodItsAFight","",""
"Scripts/Content/Story/SVM.d:3589","(böse lachend) Dem hast du's gezeigt!","(악을 쓰며 웃으며) 아주 혼을 빼놓는군요!","","False","SVM_17_GoodVictory","",""
"Scripts/Content/Story/SVM.d:3590","(anerkennend) Nicht schlecht ...","(감탄하며) 나쁘지 않은데...","","False","SVM_17_NotBad","",""
"Scripts/Content/Story/SVM.d:3591","(zu sich selbst) Mein Gott! Wie brutal ...","(혼잣말로) 세상에! 너무 잔인하잖아...","","False","SVM_17_OhMyGodHesDown","",""
"Scripts/Content/Story/SVM.d:3592","Hau drauf!","쳐부숴버려!","","False","SVM_17_CheerFriend01","",""
"Scripts/Content/Story/SVM.d:3593","Zeig's ihm!","본때를 보여줘!","","False","SVM_17_CheerFriend02","",""
"Scripts/Content/Story/SVM.d:3594","Mach ihn fertig!","끝장내버려!","","False","SVM_17_CheerFriend03","",""
"Scripts/Content/Story/SVM.d:3595","Schlag zurück!","반격해!","","False","SVM_17_Ooh01","",""
"Scripts/Content/Story/SVM.d:3596","Pass doch auf!","정신 안 차릴래!","","False","SVM_17_Ooh02","",""
"Scripts/Content/Story/SVM.d:3597","Oh! Das tat weh!","으! 아프잖아!","","False","SVM_17_Ooh03","",""
"Scripts/Content/Story/SVM.d:3599","(zu sich selbst, wacht auf) Was WAR das!?","(혼잣말로, 잠에서 깨며) 방금 그게 뭐였지!?","","False","SVM_17_WhatWasThat","",""
"Scripts/Content/Story/SVM.d:3601","Raus aus meinem Bett!","내 침대에서 당장 내려와!","","False","SVM_17_GetOutOfMyBed","",""
"Scripts/Content/Story/SVM.d:3602","(herzhaftes Gähnen)","(시원하게 하품함)","","False","SVM_17_Awake","",""
"Scripts/Content/Story/SVM.d:3604","Du hast also beim Kommandanten deine Schuld gesühnt.","사령관을 찾아가서 죄를 씻었단 말이지.","","False","SVM_17_ABS_COMMANDER","",""
"Scripts/Content/Story/SVM.d:3605","Du hast also bei Vater Parlan Buße getan.","파를란 신부님께 속죄를 마쳤단 말이지.","","False","SVM_17_ABS_MONASTERY","",""
"Scripts/Content/Story/SVM.d:3606","Lee hat die Sache mit dir wieder in Ordnung gebracht.","리가 네 일을 잘 해결해 주었군.","","False","SVM_17_ABS_FARM","",""
"Scripts/Content/Story/SVM.d:3607","Das ist gut.","잘된 일이군.","","False","SVM_17_ABS_GOOD","",""
"Scripts/Content/Story/SVM.d:3609","Du kannst nicht einfach unsere Schafe töten! Geh weg!","우리 양을 그렇게 죽일 순 없어! 당장 꺼져!","","False","SVM_17_SHEEPKILLER_CRIME","",""
"Scripts/Content/Story/SVM.d:3610","Du bist ein brutaler Schläger, mit dir will ich nichts zu tun haben.","너 같은 난폭한 깡패와는 엮이고 싶지 않아.","","False","SVM_17_ATTACK_CRIME","",""
"Scripts/Content/Story/SVM.d:3611","Mit Dieben rede ich nicht - und jetzt geh!","도둑놈과는 할 말 없다 - 그러니 당장 꺼져!","","False","SVM_17_THEFT_CRIME","",""
"Scripts/Content/Story/SVM.d:3613","Du hast dich nicht ehrenhaft verhalten. Lord Hagen wird das nicht gefallen!","네 행동은 명예롭지 못했어. 헤이건 경께서 이걸 좋아하실 리 없지!","","False","SVM_17_PAL_CITY_CRIME","",""
"Scripts/Content/Story/SVM.d:3614","Dein Verhalten ist eine Schande für die Stadtwache! Lord Andre wird dich zur Rechenschaft ziehen!","네 행동은 도시 경비병의 수치다! 안드레 님께서 너를 가만두지 않으실 거다!","","False","SVM_17_MIL_CITY_CRIME","",""
"Scripts/Content/Story/SVM.d:3615","Lord Andre wird erfahren, was du getan hast.","안드레 님께서 네가 저지른 짓을 알게 되실 거다.","","False","SVM_17_CITY_CRIME","",""
"Scripts/Content/Story/SVM.d:3617","Dein Handeln war nicht rechtens. Geh zu Vater Parlan und tue Buße.","네 행동은 옳지 않았다. 파를란 신부님께 가서 속죄해라.","","False","SVM_17_MONA_CRIME","",""
"Scripts/Content/Story/SVM.d:3618","Lee wird erfahren, was du angestellt hast - und er wird dich bestrafen.","리가 네가 벌인 짓을 알게 될 거야 - 그리고 널 벌하실 거다.","","False","SVM_17_FARM_CRIME","",""
"Scripts/Content/Story/SVM.d:3619","Kommandant Garond wird eine Erklärung von dir fordern!","가론드 지휘관님이 네게 해명을 요구하실 거다!","","False","SVM_17_OC_CRIME","",""
"Scripts/Content/Story/SVM.d:3621","1000 Goldstücke.","1000 금화.","","False","SVM_17_GOLD_1000","",""
"Scripts/Content/Story/SVM.d:3622","950 Goldstücke.","950 금화.","","False","SVM_17_GOLD_950","",""
"Scripts/Content/Story/SVM.d:3623","900 Goldstücke.","900 금화.","","False","SVM_17_GOLD_900","",""
"Scripts/Content/Story/SVM.d:3624","850 Goldstücke.","850 금화.","","False","SVM_17_GOLD_850","",""
"Scripts/Content/Story/SVM.d:3625","800 Goldstücke.","800 금화.","","False","SVM_17_GOLD_800","",""
"Scripts/Content/Story/SVM.d:3626","750 Goldstücke.","750 금화.","","False","SVM_17_GOLD_750","",""
"Scripts/Content/Story/SVM.d:3627","700 Goldstücke.","700 금화.","","False","SVM_17_GOLD_700","",""
"Scripts/Content/Story/SVM.d:3628","650 Goldstücke.","650 금화.","","False","SVM_17_GOLD_650","",""
"Scripts/Content/Story/SVM.d:3629","600 Goldstücke.","600 금화.","","False","SVM_17_GOLD_600","",""
"Scripts/Content/Story/SVM.d:3630","550 Goldstücke.","550 금화.","","False","SVM_17_GOLD_550","",""
"Scripts/Content/Story/SVM.d:3631","500 Goldstücke.","500 금화.","","False","SVM_17_GOLD_500","",""
"Scripts/Content/Story/SVM.d:3632","450 Goldstücke.","450 금화.","","False","SVM_17_GOLD_450","",""
"Scripts/Content/Story/SVM.d:3633","400 Goldstücke.","400 금화.","","False","SVM_17_GOLD_400","",""
"Scripts/Content/Story/SVM.d:3634","350 Goldstücke.","350 금화.","","False","SVM_17_GOLD_350","",""
"Scripts/Content/Story/SVM.d:3635","300 Goldstücke.","300 금화.","","False","SVM_17_GOLD_300","",""
"Scripts/Content/Story/SVM.d:3636","250 Goldstücke.","250 금화.","","False","SVM_17_GOLD_250","",""
"Scripts/Content/Story/SVM.d:3637","200 Goldstücke.","200 금화.","","False","SVM_17_GOLD_200","",""
"Scripts/Content/Story/SVM.d:3638","150 Goldstücke.","150 금화.","","False","SVM_17_GOLD_150","",""
"Scripts/Content/Story/SVM.d:3639","100 Goldstücke.","100 금화.","","False","SVM_17_GOLD_100","",""
"Scripts/Content/Story/SVM.d:3640","90 Goldstücke.","90 금화.","","False","SVM_17_GOLD_90","",""
"Scripts/Content/Story/SVM.d:3641","80 Goldstücke.","80 금화.","","False","SVM_17_GOLD_80","",""
"Scripts/Content/Story/SVM.d:3642","70 Goldstücke.","70 금화.","","False","SVM_17_GOLD_70","",""
"Scripts/Content/Story/SVM.d:3643","60 Goldstücke.","60 금화.","","False","SVM_17_GOLD_60","",""
"Scripts/Content/Story/SVM.d:3644","50 Goldstücke.","50 금화.","","False","SVM_17_GOLD_50","",""
"Scripts/Content/Story/SVM.d:3645","40 Goldstücke.","40 금화.","","False","SVM_17_GOLD_40","",""
"Scripts/Content/Story/SVM.d:3646","30 Goldstücke.","30 금화.","","False","SVM_17_GOLD_30","",""
"Scripts/Content/Story/SVM.d:3647","20 Goldstücke.","20 금화.","","False","SVM_17_GOLD_20","",""
"Scripts/Content/Story/SVM.d:3648","10 Goldstücke.","10 금화.","","False","SVM_17_GOLD_10","",""
"Scripts/Content/Story/SVM.d:3650","... wirklich? Das ist ja interessant ...","...정말? 흥미롭네...","","False","SVM_17_Smalltalk01","",""
"Scripts/Content/Story/SVM.d:3651","... ich glaube da nicht dran ...","...난 믿지 않아...","","False","SVM_17_Smalltalk02","",""
"Scripts/Content/Story/SVM.d:3652","... Mein Mann sieht das anders ...","...우리 남편 생각은 다른데...","","False","SVM_17_Smalltalk03","",""
"Scripts/Content/Story/SVM.d:3653","... ach, erzähl mir nicht so was ...","...아이, 그런 소리 하지 마...","","False","SVM_17_Smalltalk04","",""
"Scripts/Content/Story/SVM.d:3654","... ehrlich, ich hab es selbst erlebt ...","...정말이야, 내 눈으로 직접 봤다고...","","False","SVM_17_Smalltalk05","",""
"Scripts/Content/Story/SVM.d:3655","... was du nicht sagst ...","...별나 소릴 다 하겠네...","","False","SVM_17_Smalltalk06","",""
"Scripts/Content/Story/SVM.d:3656","... das darfst du keinem erzählen ...","...이건 아무한테도 말하면 안 돼...","","False","SVM_17_Smalltalk07","",""
"Scripts/Content/Story/SVM.d:3657","... schlimme Zeiten sind das ...","...정말 험악한 세상이야...","","False","SVM_17_Smalltalk08","",""
"Scripts/Content/Story/SVM.d:3658","... wer sagt denn so was? ...","...누가 그런 소릴 한대?...","","False","SVM_17_Smalltalk09","",""
"Scripts/Content/Story/SVM.d:3659","... wenn ich es nicht mit eigenen Augen gesehen hätte ...","...내 눈으로 직접 보지 않았더라면...","","False","SVM_17_Smalltalk10","",""
"Scripts/Content/Story/SVM.d:3660","... irgendwer muss die Arbeit ja machen ...","...누군가는 일을 해야 하니까...","","False","SVM_17_Smalltalk11","",""
"Scripts/Content/Story/SVM.d:3661","... ich habe was anderes gehört ...","...난 다르게 들었는데...","","False","SVM_17_Smalltalk12","",""
"Scripts/Content/Story/SVM.d:3662","... das ist mal wieder typisch ...","...정말 뻔하디뻔한 반응이네...","","False","SVM_17_Smalltalk13","",""
"Scripts/Content/Story/SVM.d:3663","... er erzählt alles weiter ...","...그 작자는 입이 너무 가벼워...","","False","SVM_17_Smalltalk14","",""
"Scripts/Content/Story/SVM.d:3664","... er sollte lieber den Mund halten ...","...가만히 입 다물고 있는 게 좋을 텐데...","","False","SVM_17_Smalltalk15","",""
"Scripts/Content/Story/SVM.d:3665","... er arbeitet auch den ganzen Tag ...","...그 자도 온종일 일만 하니까...","","False","SVM_17_Smalltalk16","",""
"Scripts/Content/Story/SVM.d:3666","... worum soll ich mich denn noch alles kümmern ...","...내가 왜 이런 것까지 신경 써야 하는지...","","False","SVM_17_Smalltalk17","",""
"Scripts/Content/Story/SVM.d:3667","... er redet einfach zu viel ...","...그 자는 말이 너무 많아...","","False","SVM_17_Smalltalk18","",""
"Scripts/Content/Story/SVM.d:3668","... das ist doch kein Geheimnis mehr ...","...이제 비밀도 아니지 뭐...","","False","SVM_17_Smalltalk19","",""
"Scripts/Content/Story/SVM.d:3669","... das weiß doch inzwischen jeder ...","...이젠 다 아는 사실이잖아...","","False","SVM_17_Smalltalk20","",""
"Scripts/Content/Story/SVM.d:3670","... der erzähl ich gar nichts mehr ...","...이제 저 여자한테는 아무 말도 안 할 거야...","","False","SVM_17_Smalltalk21","",""
"Scripts/Content/Story/SVM.d:3671","... und es wird noch viel schlimmer ...","...상황은 훨씬 더 나빠질걸...","","False","SVM_17_Smalltalk22","",""
"Scripts/Content/Story/SVM.d:3672","... das ist ja schrecklich ...","...정말 끔찍하네...","","False","SVM_17_Smalltalk23","",""
"Scripts/Content/Story/SVM.d:3673","... das habe ich schon immer gesagt ...","...내 말이 그 말이야...","","False","SVM_17_Smalltalk24","",""
"Scripts/Content/Story/SVM.d:3675","Komm wieder, wenn du mehr Erfahrung hast.","경험을 더 쌓고 오게.","","False","SVM_17_NoLearnNoPoints","",""
"Scripts/Content/Story/SVM.d:3676","Du verlangst mehr von mir, als ich dir beibringen kann.","내가 가르쳐 줄 수 있는 것보다 더 많은 걸 바라는군.","","False","SVM_17_NoLearnOverPersonalMAX","",""
"Scripts/Content/Story/SVM.d:3677","Ich kann dir nichts mehr beibringen. Du bist schon zu gut.","내가 더 가르쳐 줄 건 없네. 이미 충분히 강해졌어.","","False","SVM_17_NoLearnYoureBetter","",""
"Scripts/Content/Story/SVM.d:3678","Siehst du, du bist schon besser geworden ...","봐, 벌써 실력이 늘었잖아...","","False","SVM_17_YouLearnedSomething","",""
"Scripts/Content/Story/SVM.d:3680","Du bist jetzt in der Unterstadt.","현재 시가지 하층에 있군.","","False","SVM_17_UNTERSTADT","",""
"Scripts/Content/Story/SVM.d:3681","Du bist jetzt in der Oberstadt.","현재 시가지 상층에 있군.","","False","SVM_17_OBERSTADT","",""
"Scripts/Content/Story/SVM.d:3682","Du bist jetzt am Tempel.","현재 신전에 있군.","","False","SVM_17_TEMPEL","",""
"Scripts/Content/Story/SVM.d:3683","Du bist jetzt am Marktplatz.","현재 시장 광장에 있군.","","False","SVM_17_MARKT","",""
"Scripts/Content/Story/SVM.d:3684","Du bist jetzt am Galgenplatz vor der Kaserne.","현재 병영 앞 처형장 광장에 있군.","","False","SVM_17_GALGEN","",""
"Scripts/Content/Story/SVM.d:3685","Das hier ist die Kaserne.","여기가 병영이야.","","False","SVM_17_KASERNE","",""
"Scripts/Content/Story/SVM.d:3686","Du bist hier im Hafenviertel.","여기는 항구 구역이야.","","False","SVM_17_HAFEN","",""
"Scripts/Content/Story/SVM.d:3688","Wo willst du hin?","어디로 가고 싶나?","","False","SVM_17_WHERETO","",""
"Scripts/Content/Story/SVM.d:3690","Geh von hier aus durch das innere Stadttor und du kommst in die Unterstadt.","여기서 안쪽 성문으로 걸어가면 시가지 하층이 나올 거야.","","False","SVM_17_OBERSTADT_2_UNTERSTADT","",""
"Scripts/Content/Story/SVM.d:3691","Am südlichen Stadttor gibt es eine Treppe, die zum inneren Stadttor hochführt. Dort beginnt die Oberstadt.","남쪽 성문에서 안쪽 성문으로 이어지는 계단이 있어. 그곳부터 상층이 시작되지.","","False","SVM_17_UNTERSTADT_2_OBERSTADT","",""
"Scripts/Content/Story/SVM.d:3692","Geh vom Schmied aus durch die Unterführung und du kommst zum Tempelplatz.","대장간에서 지하 통로를 지나면 신전 광장으로 갈 수 있어.","","False","SVM_17_UNTERSTADT_2_TEMPEL","",""
"Scripts/Content/Story/SVM.d:3693","Geh vom Schmied aus die Hafenstraße runter, dann kommst du zum Hafen.","대장간에서 항구 길을 따라 내려가면 항구가 나올 거야.","","False","SVM_17_UNTERSTADT_2_HAFEN","",""
"Scripts/Content/Story/SVM.d:3694","Vom Tempelplatz aus gibt es eine Unterführung, die in die Unterstadt führt.","신전 광장에서 시가지 하층으로 통하는 지하도가 있어.","","False","SVM_17_TEMPEL_2_UNTERSTADT","",""
"Scripts/Content/Story/SVM.d:3695","Wenn du vorm Tempel stehst, geh links hoch und an der Stadtmauer entlang, dann kommst du zum Markt.","신전 앞에 서서 왼쪽으로 올라가 성벽을 따라가면 시장이 나올 거야.","","False","SVM_17_TEMPEL_2_MARKT","",""
"Scripts/Content/Story/SVM.d:3696","Wenn du vom Tempel aus gesehen links an der Kneipe vorbeigehst, kommst du zum Galgenplatz.","신전 쪽에서 선술집을 왼쪽에 두고 지나가면 처형장 광장이 나올 거야.","","False","SVM_17_TEMPEL_2_GALGEN","",""
"Scripts/Content/Story/SVM.d:3697","Wenn du vom Marktplatz aus an der hohen Stadtmauer entlanggehst, kommst du zum Tempel.","시장으로부터 높은 성벽을 따라 걸어가면 사원에 닿게 될 거야.","","False","SVM_17_MARKT_2_TEMPEL","",""
"Scripts/Content/Story/SVM.d:3698","Die Kaserne ist das riesengroße Gebäude. Geh einfach die Treppen gegenüber dem Hotel rauf.","병영은 저 커다란 건물이야. 여관 맞은편에 있는 계단으로 올라가면 돼.","","False","SVM_17_MARKT_2_KASERNE","",""
"Scripts/Content/Story/SVM.d:3699","Geh einfach an der großen Kaserne entlang und du kommst zum Galgenplatz.","커다란 병영을 따라 쭉 가면 처형장으로 갈 수 있어.","","False","SVM_17_MARKT_2_GALGEN","",""
"Scripts/Content/Story/SVM.d:3700","Geh vom Galgenplatz aus die Gasse runter und du kommst zum Tempelplatz.","처형장에서 골목길을 따라 내려가면 신전 광장으로 갈 수 있어.","","False","SVM_17_GALGEN_2_TEMPEL","",""
"Scripts/Content/Story/SVM.d:3701","Geh einfach an der großen Kaserne entlang und du kommst zum Markt.","커다란 병영을 따라 쭉 가면 시장으로 갈 수 있어.","","False","SVM_17_GALGEN_2_MARKT","",""
"Scripts/Content/Story/SVM.d:3702","Die Kaserne ist das riesengroße Gebäude. Geh einfach die Treppen rauf.","병영은 저 커다란 건물이야. 계단으로 올라가기만 하면 돼.","","False","SVM_17_GALGEN_2_KASERNE","",""
"Scripts/Content/Story/SVM.d:3703","Geh einfach die Treppe am Haupteingang links runter, dann kommst du zum Marktplatz.","정문 왼쪽에 있는 계단으로 내려가면 시장으로 갈 수 있어.","","False","SVM_17_KASERNE_2_MARKT","",""
"Scripts/Content/Story/SVM.d:3704","Geh einfach die Treppe am Haupteingang rechts runter, dann kommst du zum Galgenplatz.","정문 오른쪽에 있는 계단으로 내려가면 처형장으로 갈 수 있어.","","False","SVM_17_KASERNE_2_GALGEN","",""
"Scripts/Content/Story/SVM.d:3705","Geh von der Kaimauer aus die Hafenstraße hoch, dann kommst du in die Unterstadt.","부두 방파제에서 항구 거리로 올라가면 하층민 구역이 나올 거야.","","False","SVM_17_HAFEN_2_UNTERSTADT","",""
"Scripts/Content/Story/SVM.d:3707","Aaaaaargl!","아아아아아악!","","False","SVM_17_Dead","",""
"Scripts/Content/Story/SVM.d:3708","Aargh","크윽","","False","SVM_17_Aargh_1","",""
"Scripts/Content/Story/SVM.d:3709","Aargh","크윽","","False","SVM_17_Aargh_2","",""
"Scripts/Content/Story/SVM.d:3710","Aargh","크윽","","False","SVM_17_Aargh_3","",""
"Scripts/Content/Story/SVM.d:3729","(zischt) Da ist er!","(쉭 소리를 내며) 저기 있다!","","False","SVM_19_DieEnemy","",""
"Scripts/Content/Story/SVM.d:3730","(zischt) Wir werden dich kriegen!","(쉭 소리를 내며) 넌 우리에게 잡힐 거다!","","False","SVM_19_RunCoward","",""
"Scripts/Content/Story/SVM.d:3731","Aaaaaargl!","아아아아아악!","","False","SVM_19_Dead","",""
"Scripts/Content/Story/SVM.d:3732","Aargh","크윽","","False","SVM_19_Aargh_1","",""
"Scripts/Content/Story/SVM.d:3733","Aargh","크윽","","False","SVM_19_Aargh_2","",""
"Scripts/Content/Story/SVM.d:3734","Aargh","크윽","","False","SVM_19_Aargh_3","",""
